Date;Time;UpMixCorr;DownMixCorr;UpO2Volt;DownO2Volt;UpO2Heat;DownO2Heat;CanisterValve;BrakePress;IntakeAirPressInstr;IntakeAirPress;ExternalTemp;Inj.1Time;Inj.2Time;Inj.3Time;Inj.4Time;Cyl.Adv;Cyl.1AdvCorr;Cyl.2AdvCorr;Cyl.3AdvCorr;Cyl.4AdvCorr;Battery;Coolant;FanSpeed;AirCPress;Speed;Gear;FuelLevel;AirManifold;AtmosphPress;Revs;AccelPedalPos;KnockSensor;AirFlowInstr;AirFlow;InCamDephaserInstr;InCamDephaser;InCamDephaserValve;Errors;BR;CL;
2026.08.27;18:55:45.9;0.04;0.04;654;444;96;8;0;343;462;441;27;5.08;5.08;5.08;5.08;-7;0;0;0;0;14.3;30;0;3.9;0;-;14;29;849;1089;0;2517.0;21.4;19.8;28;29;39;0;0;0;
2026.08.27;18:55:46.4;0.07;0.07;87;444;95;8;0;343;462;441;27;5.14;5.14;5.14;5.08;-6;0;0;0;0;14.3;30;0;3.9;0;-;14;29;849;1089;0;2517.0;21.7;20.4;28;29;38;0;0;0;
2026.08.27;18:55:46.8;0.07;0.07;87;444;95;8;0;343;441;441;27;5.14;5.14;5.14;5.14;-6;0;0;0;0;14.3;30;0;3.9;0;-;14;29;849;1116;0;1854.0;21.0;20.1;28;29;42;0;0;0;
2026.08.27;18:55:47.3;0.05;0.05;766;434;96;8;0;343;441;441;27;4.96;4.96;4.96;4.96;-6;0;0;0;0;14.3;30;0;3.9;0;-;14;29;849;1107;0;2109.0;21.0;20.1;28;29;42;0;0;0;
2026.08.27;18:55:47.7;0.05;0.05;766;434;96;8;0;343;462;441;27;4.96;4.96;4.96;4.96;-6;0;0;0;0;14.3;30;0;3.9;0;-;14;29;849;1107;0;2109.0;21.4;19.8;28;29;36;0;0;0;
2026.08.27;18:55:48.2;0.04;0.04;781;454;96;8;0;343;462;441;27;4.93;4.93;4.93;4.93;-7;0;0;0;0;14.3;30;0;3.9;0;-;14;29;849;1086;0;2097.0;21.4;19.8;28;29;36;0;0;0;
2026.08.27;18:55:48.6;0.06;0.06;92;449;95;8;0;343;462;441;27;5.07;5.07;5.07;5.07;-7;0;0;0;0;14.3;30;0;3.9;0;-;14;29;849;1086;0;2097.0;21.4;20.1;28;29;56;0;0;0;
2026.08.27;18:55:49.1;0.06;0.06;92;449;95;8;0;343;462;420;27;5.07;5.07;5.07;5.07;-7;0;0;0;0;14.3;30;0;3.9;0;-;14;29;849;1115;0;1986.0;21.6;20.1;28;29;39;0;0;0;
2026.08.27;18:55:49.5;0.04;0.04;781;449;95;8;0;343;462;420;27;4.87;4.87;4.87;4.87;-7;0;0;0;0;14.3;30;0;3.9;0;-;14;29;849;1113;0;2501.0;21.6;20.1;28;29;39;0;0;0;
2026.08.27;18:55:50.0;0.03;0.03;717;444;95;8;0;343;462;420;27;4.88;4.88;4.88;4.88;-7;0;0;0;0;14.3;30;0;3.9;0;-;14;29;849;1113;0;2501.0;21.6;19.7;28;29;39;0;0;0;
2026.08.27;18:55:50.4;0.03;0.03;717;444;95;8;0;343;462;441;27;4.88;4.88;4.88;4.88;-5;0;0;0;0;14.3;30;0;3.9;0;-;14;29;849;1093;0;2399.0;21.7;20.1;28;29;39;0;0;0;
2026.08.27;18:55:50.9;0.05;0.05;78;444;95;8;0;343;462;441;27;4.99;4.99;4.99;4.99;-6;0;0;0;0;14.3;30;0;3.9;0;-;14;29;849;1105;0;2101.0;21.7;20.1;28;29;39;0;0;0;
2026.08.27;18:55:51.3;0.05;0.05;78;444;95;8;0;343;441;441;27;4.99;4.99;4.99;4.99;-6;0;0;0;0;14.3;30;0;3.9;0;-;14;29;849;1105;0;2101.0;21.0;20.3;28;29;40;0;0;0;
2026.08.27;18:55:51.8;0.04;0.04;781;444;94;8;0;343;441;441;27;4.86;4.86;4.86;4.86;-7;0;0;0;0;14.2;30;0;3.9;0;-;14;29;849;1098;0;1922.0;21.0;20.3;28;29;40;0;0;0;
2026.08.27;18:55:52.2;0.03;0.03;756;444;94;8;0;343;441;441;27;4.77;4.77;4.77;4.77;-7;0;0;0;0;14.2;30;0;3.9;0;-;14;29;849;1098;0;1922.0;20.7;19.6;28;29;39;0;0;0;
2026.08.27;18:55:52.7;0.03;0.03;756;444;94;8;0;343;441;441;27;4.77;4.77;4.77;4.77;-7;0;0;0;0;14.2;30;0;3.9;0;-;14;29;849;1085;0;2222.0;20.8;20.0;28;29;40;0;0;0;
2026.08.27;18:55:53.1;0.04;0.04;97;449;94;8;0;343;441;441;27;4.85;4.85;4.85;4.85;-7;0;0;0;0;14.2;30;0;3.9;0;-;14;29;849;1102;0;1741.0;20.8;20.0;28;29;40;0;0;0;
2026.08.27;18:55:53.6;0.05;0.05;141;449;93;8;0;343;441;441;27;4.81;4.81;4.81;4.81;-7;0;0;0;0;14.2;30;0;3.9;0;-;14;29;849;1102;0;1741.0;21.0;20.3;28;28;43;0;0;0;
2026.08.27;18:55:54.0;0.05;0.05;141;449;93;8;0;343;441;420;27;4.81;4.81;4.81;4.81;-8;0;0;0;0;14.3;30;0;3.9;0;-;14;29;849;1105;0;2179.0;20.8;19.6;28;29;38;0;0;0;
2026.08.27;18:55:54.5;0.03;0.03;742;449;93;8;0;343;441;420;27;4.64;4.64;4.64;4.64;-8;0;0;0;0;14.3;30;0;3.9;0;-;14;29;849;1086;0;2252.0;20.8;19.6;28;29;38;0;0;0;
2026.08.27;18:55:54.9;0.03;0.03;297;434;94;8;0;343;462;420;27;4.82;4.82;4.82;4.82;-8;0;0;0;0;14.3;30;0;3.9;0;-;14;29;849;1086;0;2252.0;21.3;19.7;28;29;38;0;0;0;
2026.08.27;18:55:55.4;0.03;0.03;297;434;94;8;0;343;462;441;27;4.82;4.82;4.82;4.82;-7;0;0;0;0;14.3;30;0;3.9;0;-;14;29;849;1084;0;1930.0;21.0;19.8;28;29;38;0;0;0;
2026.08.27;18:55:55.8;0.04;0.04;107;449;93;8;0;343;462;441;27;4.83;4.83;4.83;4.83;-9;0;0;0;0;14.3;31;10;3.9;0;-;14;29;849;1100;0;1837.0;21.0;19.8;28;29;38;0;0;0;
2026.08.27;18:55:56.3;0.02;0.02;727;439;93;8;0;343;441;420;27;4.75;4.75;4.75;4.75;-9;0;0;0;0;14.3;31;10;3.9;0;-;14;29;849;1100;0;1837.0;20.7;19.7;28;29;43;0;0;0;
2026.08.27;18:55:56.7;0.02;0.02;727;439;93;8;0;343;483;441;27;4.75;4.75;4.75;4.75;-8;0;0;0;0;14.3;31;10;3.9;0;-;14;29;849;1083;0;1656.0;21.6;19.3;28;29;39;0;0;0;
2026.08.27;18:56:15.9;0.06;0.06;117;439;97;8;0;343;357;336;27;3.05;3.05;3.05;3.05;1;0;0;0;0;14.2;31;10;3.9;0;-;14;29;849;839;0;1354.0;10.9;10.2;0;0;0;0;0;0;
2026.08.27;18:56:16.3;0.07;0.07;468;444;96;8;0;285;357;336;27;3.06;3.06;3.06;3.06;1;0;0;0;0;14.2;35;11;3.9;0;-;14;29;849;838;0;1691.0;10.9;10.2;0;0;0;0;0;0;
2026.08.27;18:56:16.8;0.07;0.07;468;444;96;8;0;285;378;336;27;3.06;3.06;3.06;3.06;3;0;0;0;0;14.2;35;11;3.9;0;-;14;29;849;838;0;1691.0;11.4;9.9;0;0;0;0;0;0;
2026.08.27;18:56:17.2;0.04;0.04;537;458;97;8;0;285;378;336;27;3.02;3.02;3.02;3.02;4;0;0;0;0;14.2;35;11;3.9;0;-;14;29;849;833;0;1442.0;11.0;10.2;0;0;0;0;0;0;
2026.08.27;18:56:17.7;0.06;0.06;102;458;96;8;0;285;378;336;27;3.06;3.06;3.06;3.06;4;0;0;0;0;14.2;35;11;3.9;0;-;14;29;849;835;0;1335.0;11.0;10.2;0;0;0;0;0;0;
2026.08.27;18:56:18.1;0.06;0.06;102;458;96;8;0;285;378;336;27;3.06;3.06;3.06;3.06;2;0;0;0;0;14.2;35;11;3.9;0;-;14;29;849;835;0;1335.0;11.0;10.2;0;0;0;0;0;0;
2026.08.27;18:56:18.6;0.05;0.05;698;449;96;8;0;285;378;336;27;3.04;3.04;3.04;3.04;2;0;0;0;0;14.2;35;11;3.9;0;-;14;29;849;837;0;1091.0;11.0;10.2;0;0;0;0;0;0;
2026.08.27;18:56:19.0;0.05;0.05;698;449;96;8;0;285;378;336;27;3.04;3.04;3.04;3.04;5;0;0;0;0;14.2;35;11;3.9;0;-;14;29;849;837;0;1091.0;11.2;10.1;0;0;0;0;0;0;
2026.08.27;18:56:19.5;0.07;0.07;126;454;97;8;0;285;378;357;27;3.09;3.09;3.09;3.09;0;0;0;0;0;14.2;35;11;3.9;0;-;14;29;849;831;0;1150.0;11.0;10.2;0;0;0;0;0;0;
2026.08.27;18:56:19.9;0.07;0.07;122;458;96;8;0;285;378;357;27;3.09;3.09;3.09;3.09;0;0;0;0;0;14.2;36;11;3.9;0;-;14;29;849;836;0;1777.0;11.0;10.2;0;0;0;0;0;0;
2026.08.27;18:56:20.4;0.07;0.07;122;458;96;8;0;285;357;336;27;3.09;3.09;3.09;3.09;3;0;0;0;0;14.2;36;11;3.9;0;-;14;29;849;836;0;1777.0;10.8;10.1;0;0;0;0;0;0;
2026.08.27;18:56:20.8;0.06;0.06;649;444;97;8;0;285;357;336;27;3.05;3.05;3.05;3.05;1;0;0;0;0;14.2;36;11;3.9;0;-;14;29;849;824;0;1846.0;10.8;10.1;0;0;0;0;0;0;
2026.08.27;18:56:21.3;0.07;0.07;102;449;96;8;0;285;378;336;27;3.10;3.10;3.10;3.10;1;0;0;0;0;14.2;36;11;3.9;0;-;14;29;849;835;0;1644.0;11.0;10.1;0;0;0;0;0;0;
2026.08.27;18:56:21.7;0.07;0.07;102;449;96;8;0;285;378;336;27;3.10;3.10;3.10;3.10;2;0;0;0;0;14.2;36;11;3.9;0;-;13;29;849;835;0;1644.0;10.9;10.0;0;0;0;0;0;0;
2026.08.27;18:56:22.2;0.08;0.08;473;454;96;8;0;285;378;336;27;3.11;3.11;3.11;3.11;2;0;0;0;0;14.2;36;11;3.9;0;-;13;29;849;837;0;1180.0;10.9;10.1;0;0;0;0;0;0;
2026.08.27;18:56:22.6;0.05;0.05;576;458;96;8;0;285;378;336;27;3.04;3.04;3.04;3.04;2;0;0;0;0;14.2;36;11;3.9;0;-;13;29;849;832;0;1884.0;10.9;10.1;0;0;0;0;0;0;
2026.08.27;18:56:23.1;0.05;0.05;576;458;96;8;0;285;378;336;27;3.04;3.04;3.04;3.04;3;0;0;0;0;14.2;36;11;3.9;0;-;13;29;849;832;0;1884.0;11.0;10.1;0;0;0;0;0;0;
2026.08.27;18:56:23.5;0.06;0.06;673;454;97;8;0;285;378;336;27;3.03;3.03;3.03;3.03;2;0;0;0;0;14.2;36;11;3.9;0;-;13;29;849;832;0;1170.0;11.0;10.0;0;0;0;0;0;0;
2026.08.27;18:56:24.0;0.05;0.05;673;444;95;8;0;285;378;336;27;3.01;3.01;3.01;3.01;2;0;0;0;0;14.2;36;11;3.9;0;-;13;29;849;832;0;1260.0;11.0;10.0;0;0;0;0;0;0;
2026.08.27;18:56:24.4;0.05;0.05;673;444;95;8;0;285;378;336;27;3.01;3.01;3.01;3.01;4;0;0;0;0;14.2;36;11;3.9;0;-;13;29;849;832;0;1260.0;11.0;10.0;0;0;0;0;0;0;
2026.08.27;18:56:24.9;0.07;0.07;107;434;98;8;0;285;378;336;27;3.08;3.08;3.08;3.08;4;0;0;0;0;14.2;36;11;3.9;0;-;13;29;849;829;0;1368.0;11.0;10.0;0;0;0;0;0;0;
2026.08.27;18:56:25.3;0.08;0.08;292;444;99;8;0;285;378;357;27;3.14;3.14;3.14;3.14;4;0;0;0;0;14.2;36;11;3.9;0;-;13;29;849;832;0;1655.0;11.1;10.2;0;0;0;0;0;0;
2026.08.27;18:56:25.8;0.08;0.08;292;444;99;8;0;285;378;357;27;3.14;3.14;3.14;3.14;4;0;0;0;0;14.2;36;11;3.9;0;-;13;29;849;832;0;1655.0;11.1;10.2;0;0;0;0;0;0;
2026.08.27;18:56:26.2;0.07;0.07;224;458;96;8;0;285;357;336;27;3.12;3.12;3.12;3.12;1;0;0;0;0;14.2;36;11;3.9;0;-;13;29;849;834;0;1366.0;10.9;10.1;0;0;0;0;0;0;
2026.08.27;18:56:26.7;0.06;0.06;708;449;99;8;0;285;357;336;27;3.07;3.07;3.07;3.07;1;0;0;0;0;14.2;36;11;3.9;0;-;13;29;849;826;0;966.0;10.9;10.1;0;0;0;0;0;0;
2026.08.27;18:56:27.1;0.06;0.06;708;449;99;8;0;285;378;336;27;3.07;3.07;3.07;3.07;3;0;0;0;0;14.2;36;11;3.9;0;-;13;29;849;826;0;966.0;11.0;10.1;0;0;0;0;0;0;
2026.08.27;18:56:27.6;0.07;0.07;112;449;96;8;0;285;357;336;27;3.11;3.11;3.11;3.11;3;0;0;0;0;14.3;36;11;3.9;0;-;13;29;849;831;0;1649.0;10.8;10.1;0;0;0;0;0;0;
2026.08.27;18:56:28.1;0.06;0.06;693;454;96;8;0;285;357;336;27;3.07;3.07;3.07;3.07;3;0;0;0;0;14.3;36;11;3.9;0;-;13;29;849;830;0;1195.0;10.8;10.1;0;0;0;0;0;0;
2026.08.27;18:56:28.5;0.06;0.06;693;454;96;8;0;285;378;336;27;3.07;3.07;3.07;3.07;2;0;0;0;0;14.3;36;11;3.9;0;-;13;29;849;830;0;1195.0;11.0;10.1;0;0;0;0;0;0;
2026.08.27;18:56:29.0;0.07;0.07;112;449;97;8;0;285;357;357;27;3.12;3.12;3.12;3.12;3;0;0;0;0;14.3;36;11;3.9;0;-;13;29;849;834;0;1547.0;10.9;10.1;0;0;0;0;0;0;
2026.08.27;18:56:29.4;0.06;0.06;639;454;96;8;0;285;357;357;27;3.05;3.05;3.05;3.05;3;0;0;0;0;14.2;36;11;3.9;0;-;13;29;849;824;0;1325.0;10.9;10.1;0;0;0;0;0;0;
2026.08.27;18:56:29.9;0.06;0.06;639;454;96;8;0;285;378;357;27;3.05;3.05;3.05;3.05;3;0;0;0;0;14.2;36;11;3.9;0;-;13;29;849;824;0;1325.0;10.9;10.1;0;0;0;0;0;0;
2026.08.27;18:56:30.3;0.08;0.08;131;458;97;8;0;285;378;357;27;3.12;3.12;3.12;3.12;2;0;0;0;0;14.2;37;12;3.9;0;-;13;29;849;832;0;1276.0;10.9;10.1;0;0;0;0;0;0;
2026.08.27;18:56:30.8;0.08;0.08;112;454;97;8;0;285;378;336;27;3.12;3.12;3.12;3.12;2;0;0;0;0;14.2;37;12;3.9;0;-;13;29;849;832;0;1276.0;10.8;10.1;0;0;0;0;0;0;
2026.08.27;18:56:31.2;0.08;0.08;112;454;97;8;0;285;357;336;27;3.12;3.12;3.12;3.12;0;0;0;0;0;14.2;37;12;3.9;0;-;14;29;849;831;0;1491.0;10.8;10.2;0;0;0;0;0;0;
2026.08.27;18:56:31.7;0.08;0.08;268;454;96;8;0;285;357;336;27;3.13;3.13;3.13;3.13;2;0;0;0;0;14.2;37;12;3.9;0;-;14;29;849;834;0;1361.0;10.8;10.2;0;0;0;0;0;0;
2026.08.27;18:56:32.1;0.08;0.08;195;434;97;8;0;285;378;336;27;3.12;3.12;3.12;3.12;2;0;0;0;0;14.2;37;12;3.9;0;-;14;29;849;834;0;1361.0;10.8;10.1;0;0;0;0;0;0;
2026.08.27;18:56:32.6;0.08;0.08;195;434;97;8;0;285;357;336;27;3.12;3.12;3.12;3.12;2;0;0;0;0;14.2;37;12;3.9;0;-;14;29;849;823;0;1259.0;10.7;10.1;0;0;0;0;0;0;
2026.08.27;18:56:33.0;0.07;0.07;605;454;96;8;0;285;357;336;27;3.00;3.00;3.00;3.00;3;0;0;0;0;14.2;37;12;3.9;0;-;14;29;849;834;0;1634.0;10.7;10.1;0;0;0;0;0;0;
2026.08.27;18:56:33.5;0.07;0.07;605;454;96;8;0;285;357;336;27;3.00;3.00;3.00;3.00;3;0;0;0;0;14.2;37;12;3.9;0;-;14;29;849;834;0;1634.0;10.6;9.8;0;0;0;0;0;0;
2026.08.27;18:56:33.9;0.06;0.06;722;434;96;8;0;285;357;336;27;2.98;2.98;2.98;2.98;1;0;0;0;0;14.2;38;12;3.9;0;-;14;29;849;827;0;1259.0;10.6;9.8;0;0;0;0;0;0;
2026.08.27;18:56:34.4;0.07;0.07;175;454;96;8;0;285;357;336;27;3.03;3.03;3.03;3.03;1;0;0;0;0;14.2;38;12;3.9;0;-;14;29;849;823;0;1835.0;10.6;9.8;0;0;0;0;0;0;
2026.08.27;18:56:34.8;0.07;0.07;175;454;96;8;0;285;378;336;27;3.03;3.03;3.03;3.03;2;0;0;0;0;14.2;38;12;3.9;0;-;14;29;849;823;0;1835.0;11.3;9.8;0;0;0;0;0;0;
2026.08.27;18:56:35.3;0.08;0.08;117;454;96;8;0;285;378;336;27;3.17;3.17;3.17;3.17;2;0;0;0;0;14.2;38;12;3.9;0;-;14;29;849;834;0;1511.0;11.3;9.8;0;0;0;0;0;0;
2026.08.27;18:56:35.7;0.07;0.07;712;449;96;8;0;285;357;357;27;3.07;3.07;3.07;3.07;2;0;0;0;0;14.2;38;12;3.9;0;-;14;29;849;831;0;1528.0;10.8;10.1;0;0;0;0;0;0;
2026.08.27;18:56:36.2;0.07;0.07;712;449;96;8;0;285;378;336;27;3.07;3.07;3.07;3.07;2;0;0;0;0;14.2;38;12;3.9;0;-;14;29;849;831;0;1528.0;10.9;9.7;0;0;0;0;0;0;
2026.08.27;18:56:36.6;0.06;0.06;727;449;96;8;0;285;378;336;27;3.00;3.00;3.00;3.00;7;0;0;0;0;14.2;38;12;3.9;0;-;14;29;849;831;0;1320.0;10.9;9.7;0;0;0;0;0;0;
2026.08.27;18:56:37.1;0.07;0.07;205;458;97;8;0;285;378;336;27;3.13;3.13;3.13;3.13;7;0;0;0;0;14.2;38;12;3.9;0;-;14;29;849;821;0;1574.0;11.1;10.2;0;0;0;0;0;0;
2026.08.27;18:56:37.5;0.07;0.07;205;458;97;8;0;285;378;357;27;3.13;3.13;3.13;3.13;3;0;0;0;0;14.2;38;12;3.9;0;-;14;29;849;821;0;1574.0;10.8;10.0;0;0;0;0;0;0;
2026.08.27;18:56:38.0;0.08;0.08;117;454;96;8;0;285;378;357;27;3.08;3.08;3.08;3.08;3;0;0;0;0;14.3;38;12;3.9;0;-;14;29;849;828;0;1403.0;10.8;10.0;0;0;0;0;0;0;
2026.08.27;18:56:38.4;0.06;0.06;712;434;97;8;0;285;378;336;27;3.02;3.02;3.02;3.02;3;0;0;0;0;14.3;38;12;3.9;0;-;14;30;849;829;0;1237.0;10.8;9.9;0;0;0;0;0;0;
2026.08.27;18:56:38.9;0.06;0.06;712;434;97;8;0;285;378;336;27;3.02;3.02;3.02;3.02;0;0;0;0;0;14.3;38;12;3.9;0;-;14;30;849;829;0;1237.0;10.8;10.1;0;0;0;0;0;0;
2026.08.27;18:56:39.3;0.07;0.07;102;454;97;8;0;285;378;336;27;3.10;3.10;3.10;3.10;1;0;0;0;0;14.3;38;12;3.9;0;-;14;30;849;829;0;1672.0;10.8;10.1;0;0;0;0;0;0;
2026.08.27;18:56:39.8;0.08;0.08;219;458;96;8;0;285;357;336;27;3.07;3.07;3.07;3.07;1;0;0;0;0;14.3;38;12;3.9;0;-;14;30;849;829;0;1672.0;10.7;10.1;0;0;0;0;0;0;
2026.08.27;18:56:40.2;0.08;0.08;219;458;96;8;0;285;357;336;27;3.07;3.07;3.07;3.07;1;0;0;0;0;14.1;38;12;3.9;0;-;14;30;849;826;0;1725.0;10.6;9.8;0;0;0;0;0;0;
2026.08.27;18:56:40.7;0.06;0.06;664;449;97;8;0;285;357;336;27;2.98;2.98;2.98;2.98;4;0;0;0;0;14.1;39;12;3.9;0;-;14;30;849;816;0;1360.0;10.6;9.8;0;0;0;0;0;0;
2026.08.27;18:56:41.1;0.08;0.08;87;449;0;0;0;285;378;357;27;3.08;3.08;3.08;3.08;4;0;0;0;0;14.1;39;12;3.9;0;-;14;30;849;816;0;1360.0;10.9;10.1;0;0;0;0;0;0;
2026.08.27;18:56:41.6;0.08;0.08;87;449;0;0;0;285;378;336;27;3.08;3.08;3.08;3.08;1;0;0;0;0;14.1;39;12;3.9;0;-;14;30;849;823;0;1238.0;10.8;9.8;0;0;0;0;0;0;
2026.08.27;18:56:42.0;0.08;0.08;175;454;96;8;0;285;378;336;27;3.08;3.08;3.08;3.08;2;0;0;0;0;14.2;39;12;3.9;0;-;14;30;849;831;0;1450.0;10.8;9.8;0;0;0;0;0;0;
2026.08.27;18:56:42.5;0.07;0.07;659;449;96;8;0;285;357;336;27;3.02;3.02;3.02;3.02;2;0;0;0;0;14.2;39;12;3.9;0;-;14;29;849;831;0;1450.0;10.7;9.7;0;0;0;0;0;0;
2026.08.27;18:56:42.9;0.07;0.07;659;449;96;8;0;285;357;336;27;3.02;3.02;3.02;3.02;3;0;0;0;0;14.2;39;12;3.9;0;-;14;29;849;824;0;1936.0;10.7;9.7;0;0;0;0;0;0;
2026.08.27;18:56:43.4;0.09;0.09;112;458;97;8;0;285;357;336;27;3.04;3.04;3.04;3.04;3;0;0;0;0;14.2;39;12;3.9;0;-;14;29;849;824;0;1253.0;10.7;9.7;0;0;0;0;0;0;
2026.08.27;18:56:43.8;0.07;0.07;688;454;96;8;0;285;378;336;27;3.03;3.03;3.03;3.03;3;0;0;0;0;14.2;39;12;3.9;0;-;14;29;849;824;0;1253.0;10.7;9.7;0;0;0;0;0;0;
2026.08.27;18:56:44.3;0.07;0.07;688;454;96;8;0;285;378;336;27;3.03;3.03;3.03;3.03;2;0;0;0;0;14.1;40;12;3.9;0;-;14;29;849;831;0;1383.0;10.8;9.6;0;0;0;0;0;0;
2026.08.27;18:56:44.7;0.09;0.09;122;434;97;8;0;285;378;336;27;3.07;3.07;3.07;3.07;2;0;0;0;0;14.1;40;12;3.9;0;-;14;29;849;824;0;1615.0;10.8;9.6;0;0;0;0;0;0;
2026.08.27;18:56:45.2;0.09;0.09;122;434;97;8;0;285;378;336;27;3.07;3.07;3.07;3.07;1;0;0;0;0;14.1;40;12;3.9;0;-;14;30;849;824;0;1615.0;10.7;9.7;0;0;0;0;0;0;
2026.08.27;18:56:45.6;0.08;0.08;659;449;98;8;0;285;378;336;27;3.05;3.05;3.05;3.05;1;0;0;0;0;14.1;40;12;3.9;0;-;14;30;849;823;0;1690.0;10.9;9.6;0;0;0;0;0;0;
2026.08.27;18:56:46.1;0.09;0.09;131;454;96;8;0;285;378;336;27;3.09;3.09;3.09;3.09;1;0;0;0;0;14.1;40;12;3.9;0;-;13;30;849;823;0;1690.0;10.9;9.6;0;0;0;0;0;0;
2026.08.27;18:56:46.5;0.09;0.09;131;454;96;8;0;285;357;336;27;3.09;3.09;3.09;3.09;0;0;0;0;0;14.2;40;12;3.9;0;-;13;30;849;829;0;1548.0;10.6;9.7;0;0;0;0;0;0;
2026.08.27;18:56:47.0;0.08;0.08;708;449;97;8;0;285;357;336;27;3.02;3.02;3.02;3.02;6;0;0;0;0;14.2;40;12;3.9;0;-;13;30;849;829;0;1224.0;10.6;9.7;0;0;0;0;0;0;
2026.08.27;18:56:47.4;0.07;0.07;693;454;96;8;0;285;378;336;27;3.04;3.04;3.04;3.04;6;0;0;0;0;14.2;40;12;3.9;0;-;13;30;849;829;0;1224.0;10.8;9.7;0;0;0;0;0;0;
2026.08.27;18:56:47.9;0.07;0.07;693;454;96;8;0;285;378;336;27;3.04;3.04;3.04;3.04;3;0;0;0;0;14.2;40;13;3.9;0;-;13;30;849;828;0;1396.0;10.7;9.8;0;0;0;0;0;0;
2026.08.27;18:56:48.3;0.08;0.08;136;454;96;8;0;285;378;336;27;3.07;3.07;3.07;3.07;3;0;0;0;0;14.2;40;13;3.9;0;-;13;30;849;820;0;1841.0;10.7;9.8;0;0;0;0;0;0;
2026.08.27;18:56:48.8;0.07;0.07;678;454;98;8;0;285;378;336;27;2.99;2.99;2.99;2.99;2;0;0;0;0;14.2;40;13;3.9;0;-;13;30;849;820;0;1841.0;10.7;9.7;0;0;0;0;0;0;
2026.08.27;18:56:49.2;0.07;0.07;678;454;98;8;0;285;357;336;27;2.99;2.99;2.99;2.99;3;0;0;0;0;14.2;40;13;3.9;0;-;13;29;849;826;0;1317.0;10.5;9.6;0;0;0;0;0;0;
2026.08.27;18:56:49.7;0.06;0.06;678;434;96;8;0;285;357;336;27;2.98;2.98;2.98;2.98;3;0;0;0;0;14.2;40;13;3.9;0;-;13;29;849;824;0;1429.0;10.5;9.6;0;0;0;0;0;0;
2026.08.27;18:56:50.1;0.08;0.08;141;449;96;8;0;285;378;336;27;3.02;3.02;3.02;3.02;2;0;0;0;0;14.2;40;13;3.9;0;-;13;29;849;824;0;1429.0;10.7;9.7;0;0;0;0;0;0;
2026.08.27;18:56:50.6;0.08;0.08;141;449;96;8;0;285;378;336;27;3.02;3.02;3.02;3.02;2;0;0;0;0;14.2;40;13;3.9;0;-;13;29;849;823;0;1428.0;10.7;9.7;0;0;0;0;0;0;
2026.08.27;18:56:51.0;0.06;0.06;600;463;96;8;0;285;378;336;27;2.98;2.98;2.98;2.98;4;0;0;0;0;14.2;40;13;3.9;0;-;14;29;849;821;0;1339.0;10.7;9.7;0;0;0;0;0;0;
2026.08.27;18:56:51.5;0.08;0.08;102;444;96;8;0;285;378;336;27;3.08;3.08;3.08;3.08;4;0;0;0;0;14.2;40;13;3.9;0;-;14;29;849;821;0;1339.0;10.7;9.8;0;0;0;0;0;0;
2026.08.27;18:56:51.9;0.08;0.08;102;444;96;8;0;285;378;336;27;3.08;3.08;3.08;3.08;4;0;0;0;0;14.2;40;13;3.9;0;-;14;30;849;820;0;1677.0;10.9;9.8;0;0;0;0;0;0;
2026.08.27;18:56:52.4;0.09;0.09;117;454;96;8;0;285;378;336;27;3.10;3.10;3.10;3.10;0;0;0;0;0;14.1;40;13;3.9;0;-;14;30;849;824;0;1469.0;10.9;9.8;0;0;0;0;0;0;
2026.08.27;18:56:52.8;0.07;0.07;668;449;95;8;0;285;378;336;27;3.02;3.02;3.02;3.02;0;0;0;0;0;14.1;40;13;3.9;0;-;14;30;849;824;0;1469.0;10.7;9.7;0;0;0;0;0;0;
2026.08.27;18:56:53.3;0.07;0.07;668;449;95;8;0;285;378;336;27;3.02;3.02;3.02;3.02;2;0;0;0;0;14.1;40;13;3.9;0;-;14;30;849;814;0;1268.0;10.7;9.8;0;0;0;0;0;0;
2026.08.27;18:56:53.7;0.09;0.09;112;434;96;8;0;285;378;336;27;3.09;3.09;3.09;3.09;1;0;0;0;0;14.1;40;13;3.9;0;-;14;30;849;818;0;1509.0;10.7;9.8;0;0;0;0;0;0;
2026.08.27;18:56:54.2;0.07;0.07;659;444;96;8;0;285;378;336;27;3.03;3.03;3.03;3.03;1;0;0;0;0;14.1;40;13;3.9;0;-;14;30;849;818;0;1509.0;10.9;9.7;0;0;0;0;0;0;
2026.08.27;18:56:54.6;0.07;0.07;659;444;96;8;0;285;378;336;27;3.03;3.03;3.03;3.03;0;0;0;0;0;14.2;41;13;3.9;0;-;14;30;849;822;0;1453.0;10.9;9.7;0;0;0;0;0;0;
2026.08.27;18:56:55.1;0.09;0.09;102;449;96;8;0;285;378;336;27;3.09;3.09;3.09;3.09;0;0;0;0;0;14.2;41;13;3.9;0;-;14;30;849;821;0;1620.0;10.9;9.7;0;0;0;0;0;0;
2026.08.27;18:56:55.5;0.09;0.09;415;454;96;8;0;285;357;336;27;3.11;3.11;3.11;3.11;0;0;0;0;0;14.2;41;13;3.9;0;-;13;30;849;824;0;1478.0;10.6;9.7;0;0;0;0;0;0;
2026.08.27;18:56:56.0;0.09;0.09;415;454;96;8;0;285;378;336;27;3.11;3.11;3.11;3.11;2;0;0;0;0;14.2;41;13;3.9;0;-;13;30;849;824;0;1478.0;10.9;9.6;0;0;0;0;0;0;
2026.08.27;18:56:56.5;0.07;0.07;649;449;97;8;0;285;378;336;27;3.04;3.04;3.04;3.04;1;0;0;0;0;14.2;41;13;3.9;0;-;13;30;849;821;0;1796.0;10.9;9.6;0;0;0;0;0;0;
2026.08.27;18:56:56.9;0.09;0.09;87;454;96;8;0;285;378;336;27;3.11;3.11;3.11;3.11;1;0;0;0;0;14.2;41;13;3.9;0;-;13;30;849;829;0;1354.0;10.9;9.9;0;0;0;0;0;0;
2026.08.27;18:56:57.4;0.09;0.09;87;454;96;8;0;285;378;336;27;3.11;3.11;3.11;3.11;1;0;0;0;0;14.2;41;13;3.9;0;-;13;30;849;829;0;1354.0;10.6;9.7;0;0;0;0;0;0;
2026.08.27;18:56:57.8;0.10;0.10;146;449;96;8;0;285;378;336;27;3.10;3.10;3.10;3.10;3;0;0;0;0;14.2;41;13;3.9;0;-;13;30;849;819;0;1843.0;10.6;9.7;0;0;0;0;0;0;
2026.08.27;18:56:58.3;0.08;0.08;693;449;96;8;0;285;378;336;27;3.03;3.03;3.03;3.03;3;0;0;0;0;14.2;41;13;3.9;0;-;13;30;849;819;0;1843.0;10.6;9.7;0;0;0;0;0;0;
2026.08.27;18:56:58.7;0.08;0.08;693;449;96;8;0;285;378;336;27;3.03;3.03;3.03;3.03;4;0;0;0;0;14.2;41;13;3.9;0;-;13;30;849;814;0;1253.0;10.6;9.8;0;0;0;0;0;0;
2026.08.27;18:56:59.2;0.07;0.07;654;458;98;8;0;285;378;336;27;3.01;3.01;3.01;3.01;4;0;0;0;0;14.2;41;13;3.9;0;-;13;30;849;818;0;1254.0;10.6;9.8;0;0;0;0;0;0;
2026.08.27;18:56:59.6;0.07;0.07;654;458;98;8;0;285;357;336;27;3.01;3.01;3.01;3.01;3;0;0;0;0;14.2;41;13;3.9;0;-;13;30;849;818;0;1254.0;10.6;9.7;0;0;0;0;0;0;
2026.08.27;18:57:00.1;0.08;0.08;92;458;96;8;0;285;357;336;27;3.07;3.07;3.07;3.07;0;0;0;0;0;14.2;41;13;3.9;0;-;13;30;849;821;0;1776.0;10.6;9.7;0;0;0;0;0;0;
2026.08.27;18:57:00.5;0.07;0.07;639;454;97;8;0;285;357;336;27;3.02;3.02;3.02;3.02;0;0;0;0;0;14.2;41;13;3.9;0;-;13;30;849;817;0;1742.0;10.6;9.7;0;0;0;0;0;0;
2026.08.27;18:57:01.0;0.07;0.07;639;454;97;8;0;285;378;336;27;3.02;3.02;3.02;3.02;0;0;0;0;0;14.2;41;13;3.9;0;-;13;30;849;817;0;1742.0;10.6;9.7;0;0;0;0;0;0;
2026.08.27;18:57:01.4;0.09;0.09;97;449;95;8;0;285;378;336;27;3.04;3.04;3.04;3.04;3;0;0;0;0;14.2;42;13;3.9;0;-;13;30;849;813;0;1712.0;10.6;9.7;0;0;0;0;0;0;
2026.08.27;18:57:01.9;0.07;0.07;722;449;96;8;0;285;378;336;27;3.01;3.01;3.01;3.01;3;0;0;0;0;14.2;42;13;3.9;0;-;13;30;849;813;0;1712.0;10.6;9.6;0;0;0;0;0;0;
2026.08.27;18:57:02.3;0.07;0.07;722;449;96;8;0;285;357;336;27;3.01;3.01;3.01;3.01;1;0;0;0;0;14.2;42;13;3.9;0;-;13;30;849;823;0;1593.0;10.4;9.6;0;0;0;0;0;0;
2026.08.27;18:57:02.8;0.08;0.08;175;454;96;8;0;285;357;336;27;3.03;3.03;3.03;3.03;1;0;0;0;0;14.2;42;13;3.9;0;-;13;30;849;815;0;1293.0;10.4;9.6;0;0;0;0;0;0;
2026.08.27;18:57:03.2;0.08;0.08;175;454;96;8;0;285;378;336;27;3.03;3.03;3.03;3.03;2;0;0;0;0;14.2;42;13;3.9;0;-;13;30;849;815;0;1293.0;10.6;9.7;0;0;0;0;0;0;
2026.08.27;18:57:03.7;0.09;0.09;483;444;96;8;0;285;378;336;27;3.05;3.05;3.05;3.05;1;0;0;0;0;14.2;42;13;3.9;0;-;13;30;849;820;0;1506.0;10.6;9.7;0;0;0;0;0;0;
2026.08.27;18:57:04.1;0.07;0.07;693;449;96;8;0;285;378;336;27;2.99;2.99;2.99;2.99;1;0;0;0;0;14.2;42;13;3.9;0;-;13;30;849;818;0;1466.0;10.6;9.7;0;0;0;0;0;0;
2026.08.27;18:57:04.6;0.07;0.07;693;449;96;8;0;285;378;336;27;2.99;2.99;2.99;2.99;1;0;0;0;0;14.2;42;13;3.9;0;-;13;30;849;818;0;1466.0;10.6;9.6;0;0;0;0;0;0;
2026.08.27;18:57:05.0;0.08;0.08;327;449;96;8;0;285;357;336;27;3.01;3.01;3.01;3.01;2;0;0;0;0;14.2;42;13;3.9;0;-;13;30;849;813;0;1686.0;10.6;9.6;0;0;0;0;0;0;
2026.08.27;18:57:05.5;0.08;0.08;122;454;96;8;0;285;357;336;27;3.03;3.03;3.03;3.03;2;0;0;0;0;14.2;42;13;3.9;0;-;13;30;849;821;0;1368.0;10.6;9.6;0;0;0;0;0;0;
2026.08.27;18:57:05.9;0.08;0.08;122;454;96;8;0;285;357;336;27;3.03;3.03;3.03;3.03;1;0;0;0;0;14.2;42;13;3.9;0;-;13;30;849;821;0;1368.0;10.4;9.6;0;0;0;0;0;0;
2026.08.27;18:57:06.4;0.07;0.07;708;449;96;8;0;285;357;336;27;2.97;2.97;2.97;2.97;1;0;0;0;0;14.2;42;13;3.9;0;-;13;30;849;806;0;1232.0;10.4;9.6;0;0;0;0;0;0;
2026.08.27;18:57:06.8;0.08;0.08;92;449;96;8;0;285;378;336;27;3.08;3.08;3.08;3.08;1;0;0;0;0;14.2;42;13;3.9;0;-;13;30;849;806;0;1232.0;10.7;9.7;0;0;0;0;0;0;
2026.08.27;18:57:07.3;0.08;0.08;92;449;96;8;0;285;378;336;27;3.08;3.08;3.08;3.08;1;0;0;0;0;14.2;42;13;3.9;0;-;13;30;849;819;0;1470.0;10.5;9.7;0;0;0;0;0;0;
2026.08.27;18:57:07.7;0.09;0.09;161;449;96;8;0;285;378;336;27;3.07;3.07;3.07;3.07;1;0;0;0;0;14.2;42;13;3.9;0;-;13;30;849;826;0;1802.0;10.5;9.7;0;0;0;0;0;0;
2026.08.27;18:57:08.2;0.07;0.07;644;449;95;8;0;285;357;336;27;3.01;3.01;3.01;3.01;1;0;0;0;0;14.2;42;13;3.9;0;-;13;30;849;826;0;1802.0;10.4;9.6;0;0;0;0;0;0;
2026.08.27;18:57:08.6;0.07;0.07;644;449;95;8;0;285;357;336;27;3.01;3.01;3.01;3.01;1;0;0;0;0;14.2;43;13;3.9;0;-;13;30;849;813;0;1321.0;10.4;9.6;0;0;0;0;0;0;
2026.08.27;18:57:09.1;0.09;0.09;131;454;99;8;0;285;357;336;27;3.08;3.08;3.08;3.08;1;0;0;0;0;14.3;43;13;3.9;0;-;13;30;849;818;0;1422.0;10.4;9.6;0;0;0;0;0;0;
2026.08.27;18:57:09.5;0.09;0.09;131;454;99;8;0;285;357;336;27;3.08;3.08;3.08;3.08;0;0;0;0;0;14.3;43;13;3.9;0;-;13;30;849;818;0;1422.0;10.5;9.6;0;0;0;0;0;0;
2026.08.27;18:57:10.0;0.07;0.07;668;449;94;8;0;285;378;336;27;3.01;3.01;3.01;3.01;2;0;0;0;0;14.3;43;13;3.9;0;-;13;30;849;809;0;1519.0;10.7;9.7;0;0;0;0;0;0;
2026.08.27;18:57:10.4;0.09;0.09;112;449;95;8;0;285;378;336;27;3.08;3.08;3.08;3.08;2;0;0;0;0;14.3;43;13;3.9;0;-;13;30;849;821;0;1966.0;10.7;9.7;0;0;0;0;0;0;
2026.08.27;18:57:10.9;0.09;0.09;112;449;95;8;0;285;357;336;27;3.08;3.08;3.08;3.08;1;0;0;0;0;14.3;43;13;3.9;0;-;13;30;849;821;0;1966.0;10.4;9.7;0;0;0;0;0;0;
2026.08.27;18:57:11.3;0.07;0.07;688;454;96;8;0;285;357;336;27;3.04;3.04;3.04;3.04;1;0;0;0;0;14.3;43;13;3.9;0;-;13;30;849;817;0;2079.0;10.4;9.7;0;0;0;0;0;0;
2026.08.27;18:57:11.8;0.07;0.07;727;449;96;8;0;285;357;336;27;2.95;2.95;2.95;2.95;1;0;0;0;0;14.3;43;14;3.9;0;-;13;30;849;812;0;1743.0;10.3;9.6;0;0;0;0;0;0;
2026.08.27;18:57:12.2;0.07;0.07;727;449;96;8;0;285;378;336;27;2.95;2.95;2.95;2.95;2;0;0;0;0;14.3;43;14;3.9;0;-;13;30;849;812;0;1743.0;10.4;9.6;0;0;0;0;0;0;
2026.08.27;18:57:12.7;0.06;0.06;654;454;96;8;0;285;378;336;27;2.94;2.94;2.94;2.94;0;0;0;0;0;14.3;43;14;3.9;0;-;13;30;849;820;0;1398.0;10.4;9.6;0;0;0;0;0;0;
2026.08.27;18:57:13.1;0.08;0.08;122;454;96;8;0;285;378;336;27;3.06;3.06;3.06;3.06;0;0;0;0;0;14.2;43;14;3.9;0;-;13;30;849;817;0;2101.0;10.8;9.4;0;0;0;0;0;0;
2026.08.27;18:57:13.6;0.08;0.08;122;454;96;8;0;285;378;357;27;3.06;3.06;3.06;3.06;1;0;0;0;0;14.2;43;14;3.9;0;-;13;30;849;817;0;2101.0;10.5;9.7;0;0;0;0;0;0;
2026.08.27;18:57:14.0;0.09;0.09;146;444;94;8;0;285;378;357;27;3.04;3.04;3.04;3.04;1;0;0;0;0;14.2;43;14;3.9;0;-;13;30;849;821;0;1512.0;10.5;9.7;0;0;0;0;0;0;
2026.08.27;18:57:14.5;0.09;0.09;146;444;94;8;0;285;357;336;27;3.04;3.04;3.04;3.04;-1;0;0;0;0;14.2;43;14;3.9;0;-;13;30;849;821;0;1512.0;10.1;9.3;0;0;0;0;0;1;
2026.08.27;18:57:14.9;0.06;0.06;742;454;94;8;0;285;861;840;27;0.00;0.00;0.00;0.00;7;0;0;0;0;14.2;43;14;3.9;0;-;13;30;849;597;0;1216.0;9.6;9.2;0;0;0;0;0;1;
2026.08.27;18:57:15.4;0.00;0.00;29;454;0;0;0;285;861;840;27;0.00;0.00;0.00;0.00;7;0;0;0;0;13.5;44;0;3.9;0;-;14;30;849;0;0;1148.0;9.6;9.2;0;0;0;0;0;1;
2026.08.27;18:57:15.8;0.00;0.00;29;454;0;0;0;285;840;840;27;0.00;0.00;0.00;0.00;6;0;0;0;0;13.5;44;0;3.9;0;-;14;30;849;0;0;1148.0;0.0;0.0;0;0;0;0;0;1;
2026.08.27;18:57:16.3;0.00;0.00;29;449;0;0;0;285;840;840;27;0.00;0.00;0.00;0.00;6;0;0;0;0;13.5;44;0;3.9;0;-;14;30;849;0;0;1148.0;0.0;0.0;0;0;0;0;0;1;
2026.08.27;18:57:16.7;0.00;0.00;29;449;0;0;0;285;840;840;27;0.00;0.00;0.00;0.00;6;0;0;0;0;13.5;44;0;3.9;0;-;14;30;849;0;0;1148.0;0.0;0.0;0;0;0;0;0;1;
2026.08.27;18:57:17.2;0.00;0.00;29;449;0;0;0;285;840;840;27;0.00;0.00;0.00;0.00;6;0;0;0;0;13.5;44;0;3.9;0;-;14;30;849;0;0;1148.0;0.0;0.0;0;0;0;0;0;1;
2026.08.27;18:57:17.6;0.00;0.00;29;449;0;0;0;285;840;840;27;0.00;0.00;0.00;0.00;6;0;0;0;0;13.4;44;0;3.9;0;-;14;30;849;0;0;1148.0;0.0;0.0;0;0;0;0;0;1;
2026.08.27;19:01:58.5;0.00;0.00;29;449;0;0;0;285;840;840;27;0.00;0.00;0.00;0.00;6;0;0;0;0;13.4;44;0;3.9;0;-;14;30;849;0;0;1148.0;0.0;0.0;0;0;0;0;0;1;
2026.08.27;19:02:01.9;0.00;0.00;29;449;0;0;0;285;840;840;27;0.00;0.00;0.00;0.00;6;0;0;0;0;13.4;44;0;3.9;0;-;14;30;849;0;0;1148.0;0.0;0.0;0;0;0;0;0;1;
2026.08.27;19:02:11.1;0.00;0.00;29;449;0;0;0;285;840;840;27;0.00;0.00;0.00;0.00;6;0;0;0;0;13.4;44;0;3.9;0;-;14;30;849;0;0;1148.0;0.0;0.0;0;0;0;0;0;1;
2026.08.27;19:02:37.4;0.00;0.00;29;449;0;0;0;285;840;840;27;0.00;0.00;0.00;0.00;6;0;0;0;0;13.4;44;0;3.9;0;-;14;30;849;0;0;1148.0;0.0;0.0;0;0;0;0;0;1;
Date;Time;UpMixCorr;DownMixCorr;UpO2Volt;DownO2Volt;UpO2Heat;DownO2Heat;CanisterValve;BrakePress;IntakeAirPressInstr;IntakeAirPress;ExternalTemp;Inj.1Time;Inj.2Time;Inj.3Time;Inj.4Time;Cyl.Adv;Cyl.1AdvCorr;Cyl.2AdvCorr;Cyl.3AdvCorr;Cyl.4AdvCorr;Battery;Coolant;FanSpeed;AirCPress;Speed;Gear;FuelLevel;AirManifold;AtmosphPress;Revs;AccelPedalPos;KnockSensor;AirFlowInstr;AirFlow;InCamDephaserInstr;InCamDephaser;InCamDephaserValve;Errors;BR;CL;
2026.08.27;19:03:13.8;0.05;0.05;678;454;94;8;0;267;378;357;27;3.07;3.07;3.07;3.07;0;0;0;0;0;14.2;51;16;3.9;0;-;13;30;849;799;0;1905.0;10.4;9.8;0;0;0;0;0;0;
2026.08.27;19:03:14.3;0.05;0.05;678;454;94;8;0;267;378;336;27;3.07;3.07;3.07;3.07;3;0;0;0;0;14.2;51;16;3.9;0;-;13;30;849;799;0;1905.0;10.6;9.6;0;0;0;0;0;0;
2026.08.27;19:03:14.7;0.06;0.06;195;439;93;8;0;267;378;336;27;3.04;3.04;3.04;3.04;1;0;0;0;0;14.2;51;16;3.9;0;-;13;30;849;798;0;1482.0;10.4;9.6;0;0;0;0;0;0;
2026.08.27;19:03:15.2;0.05;0.05;693;449;95;8;0;267;378;336;27;3.00;3.00;3.00;3.00;1;0;0;0;0;14.2;51;16;3.9;0;-;13;30;849;791;0;1483.0;10.4;9.6;0;0;0;0;0;0;
2026.08.27;19:03:15.6;0.07;0.07;146;454;93;8;0;267;378;357;27;3.05;3.05;3.05;3.05;3;0;0;0;0;14.2;51;16;3.9;0;-;13;30;849;791;0;1483.0;10.5;9.5;0;0;0;0;0;0;
2026.08.27;19:03:16.1;0.07;0.07;146;454;93;8;0;267;378;336;27;3.05;3.05;3.05;3.05;0;0;0;0;0;14.2;51;16;3.9;0;-;13;30;849;791;0;1843.0;10.5;9.6;0;0;0;0;0;0;
2026.08.27;19:03:16.5;0.05;0.05;668;454;93;8;0;267;378;336;27;3.02;3.02;3.02;3.02;0;0;0;0;0;14.2;51;16;3.9;0;-;13;30;849;797;0;1289.0;10.5;9.6;0;0;0;0;0;0;
2026.08.27;19:03:17.0;0.05;0.05;668;454;93;8;0;267;378;357;27;3.02;3.02;3.02;3.02;2;0;0;0;0;14.2;51;16;3.9;0;-;13;30;849;797;0;1289.0;10.6;9.6;0;0;0;0;0;0;
2026.08.27;19:03:17.4;0.07;0.07;92;449;94;8;0;267;357;336;27;3.06;3.06;3.06;3.06;1;0;0;0;0;14.2;51;16;3.9;0;-;13;30;849;799;0;1831.0;10.3;9.6;0;0;0;0;0;0;
2026.08.27;19:03:17.9;0.06;0.06;712;458;93;8;0;267;357;336;27;2.99;2.99;2.99;2.99;1;0;0;0;0;14.2;51;16;3.9;0;-;13;30;849;798;0;1343.0;10.3;9.6;0;0;0;0;0;0;
2026.08.27;19:03:18.3;0.06;0.06;712;458;93;8;0;267;378;336;27;2.99;2.99;2.99;2.99;5;0;0;0;0;14.2;51;16;3.9;0;-;13;30;849;798;0;1343.0;10.4;9.4;0;0;0;0;0;0;
2026.08.27;19:03:18.8;0.05;0.05;771;454;94;8;0;267;378;336;27;3.00;3.00;3.00;3.00;1;0;0;0;0;14.2;51;16;3.9;0;-;13;30;849;791;0;1680.0;10.4;9.5;0;0;0;0;0;0;
2026.08.27;19:03:19.2;0.04;0.04;673;449;93;8;0;267;378;336;27;2.97;2.97;2.97;2.97;1;0;0;0;0;14.2;51;16;3.9;0;-;13;30;849;794;0;1118.0;10.4;9.5;0;0;0;0;0;0;
2026.08.27;19:03:19.7;0.04;0.04;673;449;93;8;0;267;378;336;27;2.97;2.97;2.97;2.97;3;0;0;0;0;14.2;51;16;3.9;0;-;13;30;849;794;0;1118.0;10.3;9.5;0;0;0;0;0;0;
2026.08.27;19:03:20.1;0.06;0.06;522;454;94;8;0;267;378;336;27;3.02;3.02;3.02;3.02;0;0;0;0;0;14.2;51;16;3.9;0;-;13;30;849;795;0;1753.0;10.2;9.4;0;0;0;0;0;0;
2026.08.27;19:03:20.6;0.04;0.04;654;458;94;8;0;267;378;336;27;2.94;2.94;2.94;2.94;0;0;0;0;0;14.2;51;16;3.9;0;-;13;30;849;784;0;1408.0;10.2;9.4;0;0;0;0;0;0;
2026.08.27;19:03:21.0;0.04;0.04;654;458;94;8;0;267;378;336;27;2.94;2.94;2.94;2.94;2;0;0;0;0;14.2;51;16;3.9;0;-;13;30;849;784;0;1408.0;10.4;9.5;0;0;0;0;0;0;
2026.08.27;19:03:21.5;0.04;0.04;659;439;95;8;0;267;378;336;27;3.00;3.00;3.00;3.00;2;0;0;0;0;14.2;51;16;3.9;0;-;13;30;849;790;0;1997.0;10.4;9.5;0;0;0;0;0;0;
2026.08.27;19:03:21.9;0.06;0.06;92;449;94;8;0;267;378;336;27;3.06;3.06;3.06;3.06;2;0;0;0;0;14.2;51;16;3.9;0;-;13;30;849;796;0;2047.0;10.5;9.6;0;0;0;0;0;0;
2026.08.27;19:03:22.4;0.06;0.06;92;449;94;8;0;267;378;357;27;3.06;3.06;3.06;3.06;2;0;0;0;0;14.2;51;16;3.9;0;-;13;30;849;796;0;2047.0;10.8;9.7;0;0;0;0;0;1;
2026.08.27;19:03:22.8;0.07;0.07;102;454;94;8;0;267;378;357;27;3.07;3.07;3.07;3.07;-2;0;0;0;0;14.2;51;16;3.9;0;-;13;30;849;801;0;1655.0;10.8;9.7;0;0;0;0;0;1;
2026.08.27;19:03:23.3;0.05;0.05;659;439;97;8;0;267;399;357;27;3.21;3.21;3.21;3.21;-2;0;0;0;0;14.2;51;16;3.9;0;-;13;30;849;801;3;1655.0;11.0;9.8;0;0;0;0;0;1;
2026.08.27;19:03:23.7;0.05;0.05;659;439;97;8;0;267;420;378;27;3.21;3.21;3.21;3.21;-3;0;0;0;0;14.1;52;16;3.9;0;-;13;30;849;788;3;1640.0;11.7;10.4;0;0;0;0;0;1;
2026.08.27;19:03:24.2;0.07;0.07;83;454;94;8;0;267;420;378;27;3.46;3.46;3.46;3.46;-3;0;0;0;0;14.1;52;16;3.9;0;-;13;30;849;787;0;1284.0;11.7;10.4;0;0;0;0;0;1;
2026.08.27;19:03:24.6;0.07;0.07;83;454;94;8;0;267;420;378;27;3.46;3.46;3.46;3.46;-2;0;0;0;0;14.1;52;16;3.9;0;-;13;30;849;787;0;1284.0;11.8;10.6;0;0;0;0;1;1;
2026.08.27;19:03:25.1;0.08;0.08;83;449;94;8;0;267;420;378;27;3.68;3.68;3.68;3.68;-5;0;0;0;0;14.1;52;16;3.9;0;-;13;30;849;791;0;1617.0;11.8;10.6;0;0;0;0;1;1;
2026.08.27;19:03:25.5;0.09;0.09;102;454;93;8;0;267;420;399;27;3.64;3.64;3.64;3.64;-5;0;0;0;0;14.1;52;16;3.9;0;-;13;30;849;791;0;1617.0;11.9;11.1;0;0;0;0;1;1;
2026.08.27;19:03:26.0;0.09;0.09;102;454;93;8;0;267;399;399;27;3.64;3.64;3.64;3.64;-5;0;0;0;0;14.2;52;16;3.9;0;-;13;30;849;809;0;1587.0;11.5;11.0;0;0;0;0;0;1;
2026.08.27;19:03:26.4;0.07;0.07;732;454;94;8;0;267;399;399;27;3.45;3.45;3.45;3.45;15;0;0;0;0;14.2;52;16;3.9;0;-;13;30;849;799;0;1221.0;11.5;11.0;0;0;0;0;0;1;
2026.08.27;19:03:26.9;0.05;0.05;830;454;93;8;0;267;735;546;27;4.46;4.46;4.46;4.46;15;0;0;0;0;14.2;52;16;3.9;0;-;13;30;849;799;6;1221.0;23.5;19.8;0;0;0;0;0;1;
2026.08.27;19:03:27.3;0.05;0.05;830;454;93;8;0;344;357;315;27;4.46;4.46;4.46;4.46;24;0;0;0;0;14.2;53;16;3.9;0;-;13;30;849;1845;6;4133.0;26.4;22.9;0;0;0;0;0;1;
2026.08.27;19:03:27.8;0.07;0.07;53;458;97;8;0;344;357;315;27;6.28;6.28;6.28;6.28;23;0;0;0;0;14.0;53;16;3.9;0;-;13;30;849;1866;22;3222.0;26.4;22.9;0;0;0;0;0;1;
2026.08.27;19:03:28.2;0.04;0.04;815;454;94;8;0;344;546;567;27;8.92;8.92;8.92;8.92;23;0;0;0;0;14.0;53;16;3.9;1;-;13;30;849;1866;29;3222.0;48.6;47.8;7;11;40;0;0;1;
2026.08.27;19:03:28.7;0.04;0.04;815;454;94;8;0;344;588;588;27;8.92;8.92;8.92;8.92;22;0;0;0;0;14.0;53;16;3.9;1;-;13;31;849;1949;29;3743.0;51.3;49.7;11;15;30;0;0;1;
2026.08.27;19:03:29.1;0.01;0.01;742;454;90;8;0;344;588;588;27;7.49;7.49;7.49;7.49;14;0;0;0;0;14.0;53;16;3.9;5;-;13;31;849;1911;28;4204.0;51.3;49.7;11;15;30;0;0;1;
2026.08.27;19:03:29.6;0.01;0.01;58;454;90;8;0;344;441;462;27;3.33;3.33;3.33;3.33;14;0;0;0;0;14.0;53;16;3.9;9;-;13;31;849;1911;13;4204.0;30.2;31.5;0;0;0;0;0;1;
2026.08.27;19:03:30.0;0.01;0.01;58;454;90;8;0;344;378;378;27;3.33;3.33;3.33;3.33;23;0;0;0;0;14.1;53;16;3.9;9;-;13;30;849;1331;13;2458.0;20.4;20.9;0;0;0;0;0;1;
2026.08.27;19:03:30.5;0.01;0.01;766;463;89;8;0;344;378;378;27;2.97;2.97;2.97;2.97;23;0;0;0;0;14.1;53;17;3.9;10;-;13;30;849;1500;10;4025.0;20.4;20.9;0;0;0;0;0;1;
2026.08.27;19:03:30.9;0.01;0.01;766;463;89;8;0;344;378;357;27;2.97;2.97;2.97;2.97;24;0;0;0;0;14.1;53;17;3.9;10;-;13;30;849;1500;10;4025.0;20.8;20.1;0;0;0;0;0;1;
2026.08.27;19:03:31.4;-0.03;-0.03;717;454;88;8;0;344;336;357;27;2.95;2.95;2.95;2.95;25;0;0;0;0;14.1;53;17;3.9;10;-;13;30;849;1468;10;2555.0;19.5;19.5;0;0;0;0;0;1;
2026.08.27;19:03:31.8;0.01;0.01;668;454;88;8;0;344;336;357;27;2.85;2.85;2.85;2.85;25;0;0;0;0;14.2;53;17;3.9;10;-;13;30;849;1466;8;2805.0;19.5;19.5;0;0;0;0;0;1;
2026.08.27;19:03:32.3;0.01;0.01;668;454;88;8;0;344;336;336;27;2.85;2.85;2.85;2.85;25;0;0;0;0;14.2;53;17;3.9;10;-;17;30;849;1466;8;2805.0;18.2;17.6;0;0;0;0;0;0;
2026.08.27;19:03:32.7;-0.02;-0.02;87;449;88;8;0;344;336;336;27;2.74;2.74;2.74;2.74;25;0;0;0;0;14.2;53;17;3.9;10;-;17;30;849;1423;8;3740.0;18.2;17.6;0;0;0;0;0;0;
2026.08.27;19:03:33.2;-0.00;-0.00;673;454;89;8;0;344;336;315;27;2.76;2.76;2.76;2.76;25;0;0;0;0;14.2;53;17;3.9;10;-;17;30;849;1423;8;3740.0;17.0;16.6;0;0;0;0;0;0;
2026.08.27;19:03:33.6;-0.00;-0.00;673;454;89;8;0;344;378;336;27;2.76;2.76;2.76;2.76;24;0;0;0;0;14.2;53;17;3.9;10;-;17;30;849;1380;8;2307.0;19.0;17.0;0;0;0;0;0;0;
2026.08.27;19:03:34.1;-0.00;-0.00;58;463;88;8;0;312;378;336;27;3.17;3.17;3.17;3.17;24;0;0;0;0;14.2;53;17;3.9;9;-;17;30;849;1336;10;3066.0;19.0;17.0;0;0;0;0;0;0;
2026.08.27;19:03:34.5;-0.00;-0.00;58;463;88;8;0;312;378;357;27;3.17;3.17;3.17;3.17;22;0;0;0;0;14.2;53;17;3.9;9;-;17;30;849;1336;11;3066.0;18.6;17.5;0;0;0;0;0;0;
2026.08.27;19:03:35.0;0.04;0.04;92;444;90;8;0;312;378;357;27;3.38;3.38;3.38;3.38;18;0;0;0;0;14.2;53;17;3.9;9;-;17;30;849;1313;11;3602.0;18.6;17.5;0;0;0;0;0;0;
2026.08.27;19:03:35.4;0.05;0.05;708;444;89;8;0;312;483;399;27;5.00;5.00;5.00;5.00;18;0;0;0;0;14.2;53;17;3.9;9;-;17;30;849;1253;15;2922.0;22.0;18.6;0;0;0;0;0;0;
2026.08.27;19:03:35.9;0.05;0.05;708;444;89;8;0;312;504;483;27;5.00;5.00;5.00;5.00;7;0;0;0;0;14.2;53;17;3.9;9;-;17;31;849;1253;15;2922.0;24.1;23.4;0;0;0;0;0;0;
2026.08.27;19:03:36.3;0.01;0.01;678;454;90;8;0;312;504;483;27;4.95;4.95;4.95;4.95;16;0;0;0;0;14.2;53;17;3.9;9;-;17;31;849;1296;15;2526.0;24.1;23.4;0;0;0;0;0;0;
2026.08.27;19:03:36.8;0.05;0.05;78;449;90;8;0;312;504;504;27;4.56;4.56;4.56;4.56;16;0;0;0;0;14.2;53;17;3.9;9;-;17;31;849;1296;13;2526.0;24.1;23.7;0;0;0;0;0;0;
2026.08.27;19:03:37.2;0.05;0.05;78;449;90;8;0;312;462;462;27;4.56;4.56;4.56;4.56;17;0;0;0;0;14.2;53;17;3.9;9;-;15;31;849;1296;13;2903.0;21.1;20.7;0;0;0;0;0;0;
2026.08.27;19:03:37.7;0.09;0.09;131;444;90;8;0;312;462;462;27;4.26;4.26;4.26;4.26;8;0;0;0;0;14.2;54;17;3.9;9;-;15;31;849;1221;13;2166.0;21.1;20.7;0;0;0;0;0;0;
2026.08.27;19:03:38.1;0.06;0.06;766;454;90;8;0;312;231;357;27;2.39;2.39;2.39;2.39;8;0;0;0;0;14.2;54;17;3.9;8;-;15;31;849;1221;0;2166.0;9.2;14.3;0;0;0;0;0;1;
2026.08.27;19:03:38.6;0.06;0.06;766;454;90;8;0;312;420;315;27;2.39;2.39;2.39;2.39;-3;0;0;0;0;14.1;54;17;3.9;8;-;15;30;849;949;0;1737.0;13.1;10.0;0;0;0;0;0;1;
2026.08.27;19:03:39.0;0.05;0.05;815;449;93;8;0;312;420;315;27;3.91;3.91;3.91;3.91;-3;0;0;0;0;14.1;54;17;3.9;6;-;15;30;849;970;10;2037.0;13.1;10.0;0;0;0;0;0;1;
2026.08.27;19:03:39.5;0.03;0.03;820;454;91;8;0;312;609;588;27;5.87;5.87;5.87;5.87;3;0;0;0;0;14.1;54;17;3.9;4;-;15;30;849;970;17;2037.0;28.2;27.1;0;0;0;0;0;1;
2026.08.27;19:03:39.9;0.03;0.03;820;454;91;8;0;312;357;420;27;5.87;5.87;5.87;5.87;27;0;0;0;0;14.1;54;17;3.9;4;-;15;31;849;1914;17;4072.0;32.0;37.2;0;0;0;0;0;1;
2026.08.27;19:03:40.4;0.03;0.03;48;449;90;8;0;312;357;420;27;2.38;2.38;2.38;2.38;27;0;0;0;0;14.1;54;17;3.9;2;-;15;31;849;1611;17;2431.0;32.0;37.2;0;0;0;0;0;1;
2026.08.27;19:03:40.8;0.03;0.03;48;449;90;8;0;312;336;441;27;2.38;2.38;2.38;2.38;24;0;0;0;0;14.1;54;17;3.9;2;-;15;31;849;1611;17;2431.0;14.6;19.1;0;0;0;0;0;1;
2026.08.27;19:03:41.3;0.04;0.04;800;434;92;8;0;307;336;441;27;3.82;3.82;3.82;3.82;24;0;0;0;0;14.1;55;17;3.9;4;-;15;31;849;989;0;1568.0;14.6;19.1;0;0;0;0;0;1;
2026.08.27;19:03:41.7;0.04;0.04;800;463;92;8;0;307;294;378;27;2.53;2.53;2.53;2.53;-9;0;0;0;0;14.1;55;17;3.9;4;-;15;31;849;989;0;1568.0;9.7;11.8;0;0;0;0;0;1;
2026.08.27;19:03:42.2;0.04;0.04;800;463;92;8;0;307;399;336;27;2.53;2.53;2.53;2.53;15;0;0;0;0;14.1;55;17;3.9;4;-;15;31;849;831;0;1955.0;11.9;10.1;0;0;0;0;0;1;
2026.08.27;19:03:42.6;0.03;0.03;830;454;89;8;0;307;399;336;27;3.07;3.07;3.07;3.07;-4;0;0;0;0;14.1;55;17;3.9;3;-;11;31;849;894;0;1529.0;11.9;10.1;0;0;0;0;0;1;
2026.08.27;19:03:43.1;0.03;0.03;820;439;91;8;0;307;336;336;27;2.89;2.89;2.89;2.89;-4;0;0;0;0;14.1;55;17;3.9;2;-;11;31;849;894;2;1529.0;10.5;10.3;0;0;0;0;0;1;
2026.08.27;19:03:43.5;0.03;0.03;820;439;91;8;0;307;504;714;27;2.89;2.89;2.89;2.89;11;0;0;0;0;14.1;55;17;3.9;2;-;11;31;849;847;2;1365.0;36.4;48.9;36;28;24;0;0;1;
2026.08.27;19:03:44.0;-0.00;-0.00;654;463;89;8;0;307;504;714;27;2.07;2.07;2.07;2.07;11;0;0;0;0;14.1;55;17;3.9;2;-;11;31;849;1746;7;4106.0;36.4;48.9;36;28;24;0;0;1;
2026.08.27;19:03:44.4;0.03;0.03;78;449;88;8;0;307;231;252;27;1.75;1.75;1.75;1.75;-21;0;0;0;0;14.1;55;17;3.9;3;-;11;31;849;1746;0;4106.0;9.9;11.6;0;0;0;0;1;1;
2026.08.27;19:03:44.9;0.03;0.03;78;449;88;8;0;307;315;273;27;1.75;1.75;1.75;1.75;7;0;0;0;0;14.2;55;17;3.9;3;-;11;31;849;993;0;2427.0;10.0;9.1;0;0;0;0;1;1;
2026.08.27;19:03:45.3;0.01;0.01;820;449;88;8;0;307;315;273;27;2.56;2.56;2.56;2.56;7;0;0;0;0;14.2;55;17;3.9;1;-;11;31;849;840;0;1799.0;10.0;9.1;0;0;0;0;1;1;
2026.08.27;19:03:45.8;0.01;0.01;839;458;91;8;0;307;357;315;27;2.83;2.83;2.83;2.83;2;0;0;0;0;14.2;55;17;3.9;0;-;11;31;849;840;0;1799.0;10.2;9.1;0;0;0;0;1;1;
2026.08.27;19:03:46.2;0.01;0.01;839;458;91;8;0;307;399;336;27;2.83;2.83;2.83;2.83;0;0;0;0;0;14.2;55;17;3.9;0;-;11;31;849;791;0;1743.0;11.0;9.6;0;0;0;0;1;1;
2026.08.27;19:03:46.7;0.01;0.01;825;454;90;8;0;307;399;336;27;3.25;3.25;3.25;3.25;0;0;0;0;0;14.1;55;17;3.9;0;-;11;31;849;776;0;1744.0;11.0;9.6;0;0;0;0;1;1;
2026.08.27;19:03:47.2;0.01;0.01;825;454;90;8;0;307;399;357;27;3.25;3.25;3.25;3.25;-2;0;0;0;0;14.1;55;17;3.9;0;-;13;31;849;776;0;1744.0;10.9;10.0;0;0;0;0;1;1;
2026.08.27;19:03:47.6;-0.00;-0.00;795;458;90;99;0;307;399;357;27;3.30;3.30;3.30;3.30;0;0;0;0;0;14.1;55;17;3.9;0;-;13;31;849;769;0;1294.0;10.9;10.0;0;0;0;0;1;1;
2026.08.27;19:03:48.1;-0.01;-0.01;766;458;89;97;0;307;420;378;27;3.46;3.46;3.46;3.46;0;0;0;0;0;14.1;55;17;3.9;0;-;13;31;849;769;0;1294.0;11.5;10.7;0;0;0;0;1;1;
2026.08.27;19:03:48.5;-0.01;-0.01;766;458;89;97;0;285;399;378;27;3.46;3.46;3.46;3.46;-3;0;0;0;0;14.1;56;17;3.9;0;-;13;31;849;779;0;1597.0;11.3;10.5;0;0;0;0;1;1;
2026.08.27;19:03:49.0;-0.02;-0.02;693;478;89;97;0;285;399;378;27;3.32;3.32;3.32;3.32;-5;0;0;0;0;14.2;56;17;3.9;0;-;13;31;849;778;0;1421.0;11.3;10.5;0;0;0;0;1;1;
2026.08.27;19:03:49.4;-0.00;-0.00;83;512;89;97;0;285;420;378;27;3.42;3.42;3.42;3.42;-5;0;0;0;0;14.2;56;17;3.9;0;-;13;31;849;778;0;1421.0;11.5;10.5;0;0;0;0;1;1;
2026.08.27;19:03:49.9;-0.00;-0.00;83;512;89;97;0;285;420;399;27;3.42;3.42;3.42;3.42;-5;0;0;0;0;14.2;56;17;3.9;0;-;13;31;849;774;0;1491.0;11.6;10.9;0;0;0;0;1;1;
2026.08.27;19:03:50.3;0.00;0.00;92;566;90;98;0;285;420;399;27;3.40;3.40;3.40;3.40;-6;0;0;0;0;14.2;56;17;3.9;0;-;13;31;849;787;0;1680.0;11.6;10.9;0;0;0;0;1;1;
2026.08.27;19:03:50.8;0.01;0.01;78;620;90;98;0;285;420;399;27;3.39;3.39;3.39;3.39;-6;0;0;0;0;14.2;56;17;3.9;0;-;13;31;849;787;0;1680.0;11.5;10.9;0;0;0;0;1;1;
2026.08.27;19:03:51.2;0.01;0.01;78;620;90;98;0;285;420;399;27;3.39;3.39;3.39;3.39;-4;0;0;0;0;14.1;56;17;3.9;0;-;13;31;849;776;0;1608.0;11.7;11.0;0;0;0;0;1;1;
2026.08.27;19:03:51.7;0.02;0.02;83;644;96;100;0;285;420;399;27;3.50;3.50;3.50;3.50;-4;0;0;0;0;14.1;56;18;3.9;0;-;13;31;849;779;0;1724.0;11.7;11.0;0;0;0;0;1;1;
2026.08.27;19:03:52.1;0.02;0.02;83;644;96;100;0;285;420;399;27;3.50;3.50;3.50;3.50;-3;0;0;0;0;14.1;56;18;3.9;0;-;15;31;849;779;0;1724.0;11.7;11.0;0;0;0;0;0;1;
2026.08.27;19:03:52.6;0.03;0.03;97;688;92;100;0;285;420;399;27;3.43;3.43;3.43;3.43;12;0;0;0;0;14.1;56;18;3.9;0;-;15;31;849;779;0;1512.0;11.7;11.0;0;0;0;0;0;1;
2026.08.27;19:03:53.0;0.01;0.01;825;800;89;97;0;285;861;777;27;4.26;4.26;4.26;4.26;12;0;0;0;0;14.2;56;18;3.9;0;-;15;31;849;1936;18;3245.0;41.9;38.1;31;5;94;0;0;1;
2026.08.27;19:03:53.5;0.01;0.01;825;800;89;97;0;285;567;462;27;4.26;4.26;4.26;4.26;23;0;0;0;0;14.2;56;18;3.9;4;-;15;31;849;1936;18;3245.0;33.6;28.2;0;0;0;0;0;1;
2026.08.27;19:03:53.9;0.04;0.04;58;502;88;97;0;285;567;462;27;8.87;8.87;8.87;8.87;-28;0;0;0;0;14.2;56;18;3.9;4;-;15;31;849;1554;18;3784.0;33.6;28.2;0;0;0;0;0;1;
2026.08.27;19:03:54.4;0.04;0.04;34;498;89;98;0;285;231;336;27;1.81;1.81;1.81;1.81;-28;0;0;0;0;14.2;56;18;3.9;6;-;15;31;849;1554;0;3784.0;11.9;16.8;0;0;0;0;1;1;
2026.08.27;19:03:54.8;0.04;0.04;34;498;89;98;0;285;420;336;27;1.81;1.81;1.81;1.81;8;0;0;0;0;14.2;56;18;3.9;4;-;15;31;849;966;0;2263.0;13.7;11.7;0;0;0;0;1;1;
2026.08.27;19:03:55.3;0.05;0.05;102;297;90;100;0;344;420;336;27;3.51;3.51;3.51;3.51;2;0;0;0;0;14.0;56;18;3.9;4;-;15;31;849;907;0;1741.0;13.7;11.7;0;0;0;0;1;1;
2026.08.27;19:03:55.7;0.03;0.03;791;781;92;100;0;344;420;399;27;3.76;3.76;3.76;3.76;2;0;0;0;0;14.0;56;18;3.9;1;-;15;31;849;907;0;1741.0;13.6;12.4;0;0;0;0;1;1;
2026.08.27;19:03:56.2;0.03;0.03;791;781;92;100;0;344;399;399;27;3.76;3.76;3.76;3.76;-7;0;0;0;0;14.0;56;18;3.9;1;-;15;31;849;834;0;1895.0;12.6;12.7;0;0;0;0;1;1;
2026.08.27;19:03:56.6;0.03;0.03;805;805;89;98;0;344;399;399;27;3.47;3.47;3.47;3.47;-7;0;0;0;0;14.0;56;18;3.9;1;-;15;31;849;845;0;1515.0;12.6;12.7;0;0;0;0;1;1;
2026.08.27;19:03:57.1;0.02;0.02;805;820;88;97;0;344;357;378;27;3.10;3.10;3.10;3.10;-7;0;0;0;0;14.1;56;18;3.9;1;-;13;31;849;799;0;1651.0;10.3;10.8;0;0;0;0;1;1;
2026.08.27;19:03:57.5;0.02;0.02;805;820;88;97;0;344;378;357;27;3.10;3.10;3.10;3.10;-1;0;0;0;0;14.1;56;18;3.9;1;-;13;31;849;799;0;1651.0;10.3;9.8;0;0;0;0;1;1;
2026.08.27;19:03:58.0;0.01;0.01;810;834;89;98;0;344;378;357;27;3.02;3.02;3.02;3.02;0;0;0;0;0;14.1;56;18;3.9;1;-;13;31;849;788;0;1292.0;10.3;9.8;0;0;0;0;1;1;
2026.08.27;19:03:58.4;0.00;0.00;800;839;89;98;0;344;357;357;27;2.98;2.98;2.98;2.98;0;0;0;0;0;14.1;57;18;3.9;0;-;13;31;849;788;0;1830.0;10.1;9.7;0;0;0;0;1;1;
2026.08.27;19:03:58.9;0.00;0.00;800;839;89;98;0;344;378;357;27;2.98;2.98;2.98;2.98;0;0;0;0;0;14.1;57;18;3.9;0;-;13;31;849;788;0;1830.0;10.1;9.6;0;0;0;0;1;1;
2026.08.27;19:03:59.3;-0.00;-0.00;776;830;90;98;0;344;378;357;27;2.95;2.95;2.95;2.95;1;0;0;0;0;14.1;57;18;3.9;0;-;13;31;849;777;0;1650.0;10.1;9.6;0;0;0;0;1;1;
2026.08.27;19:03:59.8;-0.01;-0.01;737;815;89;98;0;344;378;357;27;2.91;2.91;2.91;2.91;1;0;0;0;0;14.1;57;18;3.9;0;-;13;31;849;774;0;1769.0;10.3;9.6;0;0;0;0;1;1;
2026.08.27;19:04:00.2;-0.01;-0.01;737;815;89;98;0;344;399;378;27;2.91;2.91;2.91;2.91;0;0;0;0;0;14.1;57;18;3.9;0;-;13;31;849;774;0;1769.0;11.2;10.1;0;0;0;0;1;1;
2026.08.27;19:04:00.7;-0.02;-0.02;537;791;90;98;0;344;399;378;27;3.11;3.11;3.11;3.11;-3;0;0;0;0;14.1;57;18;3.9;0;-;13;31;849;762;0;1533.0;11.2;10.1;0;0;0;0;1;1;
2026.08.27;19:04:01.1;0.01;0.01;73;302;89;97;0;344;420;378;27;3.37;3.37;3.37;3.37;-3;0;0;0;0;14.1;57;18;3.9;0;-;13;31;849;762;0;1533.0;11.5;10.7;0;0;0;0;1;1;
2026.08.27;19:04:01.6;0.01;0.01;73;302;89;97;0;344;420;399;27;3.37;3.37;3.37;3.37;-5;0;0;0;0;14.2;57;18;3.9;0;-;14;31;849;780;0;1731.0;11.4;10.7;0;0;0;0;1;1;
2026.08.27;19:04:02.0;0.01;0.01;78;92;89;97;0;351;420;399;27;3.31;3.31;3.31;3.31;-3;0;0;0;0;14.2;57;18;3.9;0;-;14;31;849;781;0;1225.0;11.4;10.7;0;0;0;0;1;1;
2026.08.27;19:04:02.5;0.02;0.02;141;83;89;97;0;351;399;378;27;3.29;3.29;3.31;3.31;-3;0;0;0;0;14.2;57;18;3.9;0;-;14;31;849;781;0;1225.0;11.3;10.5;0;0;0;0;1;1;
2026.08.27;19:04:02.9;0.02;0.02;141;83;89;97;0;351;420;378;27;3.29;3.29;3.29;3.29;-4;0;0;0;0;14.2;57;18;3.9;0;-;14;31;849;770;0;1574.0;11.3;10.6;0;0;0;0;1;1;
2026.08.27;19:04:03.4;0.01;0.01;502;600;89;97;0;351;420;378;27;3.28;3.28;3.28;3.28;-4;0;0;0;0;14.2;57;18;3.9;0;-;14;31;849;784;0;1545.0;11.3;10.6;0;0;0;0;1;1;
2026.08.27;19:04:03.8;0.03;0.03;771;708;92;100;0;351;861;840;27;7.15;7.15;7.15;7.15;13;0;0;0;0;14.2;57;18;3.9;0;-;14;31;849;784;13;1545.0;24.9;24.4;0;0;0;0;0;1;
2026.08.27;19:04:04.3;0.03;0.03;771;708;92;100;0;351;378;315;27;7.15;7.15;7.15;7.15;28;0;0;0;0;14.2;57;18;3.9;0;-;14;31;849;2122;13;4488.0;30.8;25.9;0;0;0;0;0;1;
2026.08.27;19:04:04.7;0.05;0.05;43;73;89;98;0;351;378;315;27;9.94;9.94;9.94;9.94;28;0;0;0;0;14.2;57;18;3.9;1;-;14;31;849;2223;27;5000.0;30.8;25.9;0;0;0;0;0;1;
2026.08.27;19:04:05.2;0.05;0.05;43;73;89;98;0;351;567;525;27;9.94;9.94;9.94;9.94;24;0;0;0;0;14.2;57;18;3.9;5;-;14;31;849;2223;31;5000.0;51.0;47.6;0;0;0;0;0;1;
2026.08.27;19:04:05.6;0.04;0.04;78;390;88;98;0;351;567;525;27;8.01;8.01;8.01;8.01;21;0;0;0;0;14.2;58;18;3.9;5;-;14;31;849;2122;31;5000.0;51.0;47.6;0;0;0;0;0;1;
2026.08.27;19:04:06.1;-0.01;-0.01;595;698;85;97;0;351;609;609;27;8.16;8.16;8.16;8.16;21;0;0;0;0;14.2;58;18;3.9;10;-;14;31;849;2122;31;5000.0;58.6;58.5;19;20;25;0;0;1;
2026.08.27;19:04:06.5;-0.01;-0.01;595;698;85;97;0;351;273;441;27;8.16;8.16;8.16;8.16;20;0;0;0;0;14.2;58;18;3.9;14;-;9;31;849;2059;0;5000.0;20.3;31.8;0;0;0;0;0;1;
2026.08.27;19:04:07.0;0.02;0.02;53;112;83;98;0;351;273;441;27;1.37;1.37;1.37;1.37;-21;0;0;0;0;14.2;58;18;3.9;14;-;9;31;849;1751;0;4538.0;20.3;31.8;0;0;0;0;0;1;
2026.08.27;19:04:07.4;0.05;0.05;34;29;82;97;0;351;231;252;27;1.57;1.57;1.57;1.57;-21;0;0;0;0;14.2;58;18;3.9;15;-;9;31;849;1751;0;4538.0;11.6;13.4;0;0;0;0;1;1;
2026.08.27;19:04:07.9;0.05;0.05;34;29;82;97;0;351;357;294;27;1.57;1.57;1.57;1.57;24;0;0;0;0;14.1;58;18;3.9;11;-;9;31;849;1069;0;2135.0;13.2;11.1;0;0;0;0;1;0;
2026.08.27;19:04:08.3;0.03;0.03;859;756;83;99;0;351;357;294;27;3.07;3.07;3.07;3.07;0;0;0;0;0;14.1;58;18;3.9;11;-;9;31;849;1023;0;2261.0;13.2;11.1;0;0;0;0;1;0;
2026.08.27;19:04:08.8;0.03;0.03;859;756;83;99;0;351;336;336;27;3.07;3.07;3.07;3.07;0;0;0;0;0;14.1;58;18;3.9;8;-;9;31;849;1023;0;2261.0;11.9;12.0;0;0;0;0;1;1;
2026.08.27;19:04:09.2;0.03;0.03;854;849;84;99;0;320;336;315;27;2.84;2.84;2.84;2.84;3;0;0;0;0;14.1;58;18;3.9;8;-;9;31;855;918;0;2233.0;10.2;9.7;0;0;0;0;1;1;
2026.08.27;19:04:09.7;0.02;0.02;854;864;85;99;0;320;336;315;27;2.83;2.83;2.83;2.83;3;0;0;0;0;14.0;58;18;3.9;6;-;9;31;855;814;0;1562.0;10.2;9.7;0;0;0;0;1;1;
2026.08.27;19:04:10.1;0.02;0.02;854;864;85;99;0;320;378;357;27;2.83;2.83;2.83;2.83;2;0;0;0;0;14.0;58;18;3.9;5;-;9;31;855;814;0;1562.0;11.0;10.2;0;0;0;0;0;1;
2026.08.27;19:04:10.6;0.02;0.02;830;864;85;99;0;320;378;357;27;3.08;3.08;3.08;3.08;13;0;0;0;0;14.0;58;18;3.9;5;-;9;31;855;779;0;1378.0;11.0;10.2;0;0;0;0;0;1;
2026.08.27;19:04:11.0;-0.01;-0.01;742;830;85;98;0;320;609;462;27;6.04;6.04;6.04;6.04;13;0;0;0;0;14.0;58;18;3.9;5;-;9;31;855;897;14;1918.0;17.0;13.2;0;0;0;0;0;1;
2026.08.27;19:04:11.5;-0.01;-0.01;742;830;85;98;0;320;651;672;27;6.04;6.04;6.04;6.04;1;0;0;0;0;14.0;58;18;3.9;7;-;15;31;855;897;18;1918.0;28.3;29.7;19;13;63;0;0;1;
2026.08.27;19:04:11.9;-0.02;-0.02;649;673;84;97;0;320;651;672;27;6.64;6.64;6.64;6.64;17;0;0;0;0;14.2;58;18;3.9;7;-;15;31;855;1403;18;2850.0;28.3;29.7;19;13;63;0;0;1;
2026.08.27;19:04:12.4;0.04;0.04;78;58;84;96;0;320;630;588;27;6.96;6.96;6.96;6.96;17;0;0;0;0;14.2;58;18;3.9;10;-;15;31;855;1403;20;2850.0;31.4;30.0;0;0;0;0;0;1;
2026.08.27;19:04:12.8;0.04;0.04;78;58;84;96;0;320;651;609;27;6.96;6.96;6.96;6.96;6;0;0;0;0;14.2;59;19;3.9;10;-;15;31;855;1562;20;4246.0;51.2;49.4;19;19;64;0;0;1;
2026.08.27;19:04:13.3;0.04;0.04;664;615;83;97;0;320;651;609;27;8.79;8.79;8.79;8.79;6;0;0;0;0;14.2;59;19;3.9;13;-;15;31;855;2074;28;3639.0;51.2;49.4;19;19;64;0;0;0;
2026.08.27;19:04:13.7;0.04;0.04;664;615;83;97;0;320;630;651;27;8.79;8.79;8.79;8.79;15;0;0;0;0;14.2;59;19;3.9;17;-;15;31;855;2074;31;3639.0;68.3;69.7;29;31;37;0;0;0;
2026.08.27;19:04:14.2;0.03;0.03;136;390;81;97;0;320;630;651;27;7.16;7.16;7.16;7.16;24;0;0;0;0;14.2;59;19;3.9;17;-;15;31;855;2657;31;5000.0;68.3;69.7;29;31;37;0;0;0;
2026.08.27;19:04:14.6;0.07;0.07;78;78;79;97;0;320;567;567;27;6.61;6.61;6.61;6.61;24;0;0;0;0;14.2;59;19;3.9;20;-;15;31;855;2657;32;5000.0;75.2;76.9;19;22;29;0;0;0;
2026.08.27;19:04:15.1;0.07;0.07;78;78;79;97;0;320;441;462;27;6.61;6.61;6.61;6.61;11;0;0;0;0;14.2;59;19;3.9;23;-;15;31;855;3219;0;5000.0;60.6;62.6;0;3;0;0;0;1;
2026.08.27;19:04:15.6;0.00;0.00;14;73;73;97;0;320;441;462;27;0.00;0.00;0.00;0.00;-19;0;0;0;0;14.2;59;19;3.9;23;-;15;31;855;2639;0;5000.0;60.6;62.6;0;3;0;0;0;1;
2026.08.27;19:04:16.0;0.00;0.00;844;14;70;97;0;320;210;252;27;4.12;4.12;4.12;4.12;-19;0;0;0;0;14.2;59;19;3.9;23;-;15;31;855;2639;18;5000.0;17.2;19.2;0;0;0;0;0;1;
2026.08.27;19:04:16.5;0.00;0.00;844;14;70;97;0;281;588;525;27;4.12;4.12;4.12;4.12;19;0;0;0;0;14.2;60;19;3.9;23;-;15;31;855;2130;18;4921.0;50.3;45.8;0;0;0;0;0;1;
2026.08.27;19:04:16.9;-0.02;-0.02;820;810;70;96;5;281;588;525;27;7.75;7.75;7.75;7.75;10;0;0;0;0;14.2;60;19;3.9;24;-;12;31;855;1949;26;3892.0;50.3;45.8;0;0;0;0;0;1;
2026.08.27;19:04:17.4;-0.06;-0.06;112;610;70;95;9;281;588;588;27;6.24;6.24;6.24;6.24;10;0;0;0;0;14.2;60;19;3.9;26;-;12;31;855;1949;26;3892.0;49.9;50.1;10;12;32;0;0;0;
2026.08.27;19:04:17.8;-0.06;-0.06;112;610;70;95;9;281;567;567;27;6.24;6.24;6.24;6.24;21;0;0;0;0;14.2;60;19;3.9;26;-;12;31;855;2085;26;5000.0;49.8;49.6;3;5;30;0;0;0;
2026.08.27;19:04:18.3;0.04;0.04;312;156;70;96;12;281;567;567;27;6.09;6.09;6.09;6.09;21;0;0;0;0;14.2;60;19;3.9;27;-;12;31;855;2202;25;4492.0;49.8;49.6;3;5;30;0;0;0;
2026.08.27;19:04:18.7;0.04;0.04;312;156;70;96;12;281;525;546;27;6.09;6.09;6.09;6.09;23;0;0;0;0;14.2;60;19;3.9;29;-;12;31;855;2202;22;4492.0;47.7;48.1;0;0;0;0;0;0;
2026.08.27;19:04:19.2;0.06;0.06;97;73;70;95;11;281;210;252;27;3.79;3.79;3.79;3.79;20;0;0;0;0;14.2;60;19;3.9;29;-;12;31;855;2236;22;4255.0;17.9;20.4;0;0;0;0;0;0;
2026.08.27;19:04:19.6;0.13;0.13;29;29;69;95;0;281;210;252;27;1.40;1.40;1.40;1.40;20;0;0;0;0;14.2;60;19;3.9;29;-;12;31;855;2194;0;5000.0;17.9;20.4;0;0;0;0;0;0;
2026.08.27;19:04:20.1;0.13;0.13;29;29;69;95;0;281;210;210;27;1.40;1.40;1.40;1.40;7;0;0;0;0;14.2;60;19;3.9;28;-;12;31;855;2194;0;5000.0;17.4;17.7;0;0;0;0;1;0;
2026.08.27;19:04:20.5;0.19;0.19;439;58;68;95;9;281;210;231;27;1.87;1.87;1.87;1.87;-12;0;0;0;0;14.2;60;19;3.9;28;-;12;30;855;2115;0;5000.0;16.4;17.1;0;0;0;0;1;0;
2026.08.27;19:04:21.0;0.00;0.00;4;9;68;95;0;281;210;231;27;0.00;0.00;0.00;0.00;-12;0;0;0;0;14.2;60;19;3.9;26;-;12;30;855;1972;0;5000.0;16.4;17.1;0;0;0;0;1;0;
2026.08.27;19:04:21.4;0.00;0.00;4;9;68;95;0;281;210;231;27;0.00;0.00;0.00;0.00;4;0;0;0;0;14.2;60;19;3.9;24;-;15;30;855;1972;0;5000.0;14.7;15.4;0;0;0;0;1;0;
2026.08.27;19:04:21.9;0.00;0.00;0;0;70;94;0;281;210;231;27;0.00;0.00;0.00;0.00;4;0;0;0;0;14.2;60;19;3.9;24;-;15;31;855;1822;0;3556.0;13.6;14.6;0;0;0;0;1;0;
2026.08.27;19:04:22.3;0.00;0.00;0;0;73;95;0;281;210;231;27;0.00;0.00;0.00;0.00;4;0;0;0;0;14.2;60;19;3.9;23;-;15;31;855;1662;0;5000.0;13.6;14.6;0;0;0;0;1;0;
2026.08.27;19:04:22.8;0.00;0.00;0;0;73;95;0;281;210;231;27;0.00;0.00;0.00;0.00;6;0;0;0;0;14.2;60;19;3.9;21;-;15;31;855;1662;0;5000.0;12.7;13.4;0;0;0;0;1;0;
2026.08.27;19:04:23.2;0.00;0.00;0;0;75;94;0;218;210;231;27;0.00;0.00;0.00;0.00;6;0;0;0;0;14.2;61;19;3.9;21;-;15;31;855;1552;0;4292.0;12.7;13.4;0;0;0;0;1;0;
2026.08.27;19:04:23.7;0.00;0.00;0;0;77;94;0;218;210;210;27;0.00;0.00;0.00;0.00;6;0;0;0;0;14.2;61;19;3.9;19;-;15;31;855;1552;0;4292.0;11.4;11.4;0;0;0;0;0;0;
2026.08.27;19:04:24.1;0.00;0.00;0;0;77;94;0;218;210;210;27;0.00;0.00;0.00;0.00;4;0;0;0;0;14.2;61;19;3.9;19;-;15;31;855;1443;0;3317.0;10.3;10.3;0;0;0;0;0;0;
2026.08.27;19:04:24.6;0.00;0.00;9;0;80;97;0;218;210;210;27;2.35;2.35;2.35;2.35;4;0;0;0;0;14.2;61;19;3.9;18;-;15;31;855;1365;0;3306.0;10.3;10.3;0;0;0;0;0;0;
2026.08.27;19:04:25.0;0.00;0.00;9;0;80;97;0;218;210;210;27;2.35;2.35;2.35;2.35;6;0;0;0;0;14.2;61;19;3.9;17;-;15;31;855;1365;0;3306.0;9.6;9.2;0;0;0;0;0;0;
2026.08.27;19:04:25.5;-0.01;-0.01;883;830;81;96;0;218;210;210;27;1.56;1.56;1.56;1.56;8;0;0;0;0;14.2;61;19;3.9;17;-;15;31;855;1268;0;2327.0;9.6;9.2;0;0;0;0;0;0;
2026.08.27;19:04:25.9;0.00;0.00;43;605;81;95;3;218;210;210;27;2.80;2.80;2.80;2.80;8;0;0;0;0;14.2;61;19;3.9;15;-;15;31;855;1205;4;2628.0;8.8;8.4;0;0;0;0;0;0;
2026.08.27;19:04:26.4;0.00;0.00;43;605;81;95;3;218;357;294;27;2.80;2.80;2.80;2.80;21;0;0;0;0;14.2;61;19;3.9;15;-;9;31;855;1205;9;2628.0;15.5;12.8;0;0;0;0;0;0;
2026.08.27;19:04:26.8;-0.03;-0.03;805;761;0;0;5;218;441;399;27;3.20;3.20;3.20;3.20;16;0;0;0;0;14.1;62;20;3.9;15;-;9;31;855;1164;9;2980.0;19.1;16.9;0;0;0;0;0;0;
2026.08.27;19:04:27.3;-0.00;-0.00;58;53;82;95;8;218;441;399;27;5.17;5.17;5.17;5.17;16;0;0;0;0;14.1;62;20;3.9;15;-;9;31;855;1164;15;2980.0;19.1;16.9;0;0;0;0;0;0;
2026.08.27;19:04:27.7;-0.00;-0.00;58;53;82;95;8;218;588;567;27;5.17;5.17;5.17;5.17;7;0;0;0;0;14.1;62;20;3.9;16;-;9;31;855;1169;17;2537.0;27.1;26.1;0;0;0;0;0;0;
2026.08.27;19:04:28.2;-0.01;-0.01;63;53;83;95;10;218;588;567;27;5.92;5.92;5.92;5.92;15;0;0;0;0;14.1;62;20;3.9;16;-;9;31;855;1252;17;2698.0;27.1;26.1;0;0;0;0;0;0;
2026.08.27;19:04:28.6;0.03;0.03;175;87;83;95;11;218;567;567;27;5.67;5.67;5.67;5.67;15;0;0;0;0;14.1;62;20;3.9;16;-;9;31;855;1252;17;2698.0;27.2;27.4;0;0;0;0;0;0;
2026.08.27;19:04:29.1;0.03;0.03;175;87;83;95;11;218;546;546;27;5.67;5.67;5.67;5.67;19;0;0;0;0;14.2;62;20;3.9;16;-;9;31;855;1328;17;2714.0;28.0;28.1;0;0;0;0;0;0;
2026.08.27;19:04:29.5;0.02;0.02;532;253;83;94;10;218;546;546;27;3.98;3.98;3.98;3.98;7;0;0;0;0;14.2;62;20;3.9;18;-;9;31;855;1380;12;2328.0;28.0;28.1;0;0;0;0;0;0;
2026.08.27;19:04:30.0;-0.04;-0.04;761;747;84;94;8;218;210;315;27;1.49;1.49;1.49;1.49;7;0;0;0;0;14.2;62;20;3.9;18;-;9;31;855;1380;0;2328.0;10.7;15.8;0;0;0;0;0;0;
2026.08.27;19:04:30.4;-0.04;-0.04;761;747;84;94;8;216;210;210;27;1.49;1.49;1.49;1.49;20;0;0;0;0;14.2;63;20;3.9;18;-;9;31;855;1400;0;2504.0;10.1;10.1;0;0;0;0;0;0;
2026.08.27;19:04:30.9;-0.07;-0.07;810;815;84;95;9;216;210;210;27;1.41;1.41;1.41;1.41;20;0;0;0;0;14.2;63;20;3.9;18;-;9;31;855;1319;0;2961.0;10.1;10.1;0;0;0;0;1;0;
2026.08.27;19:04:31.3;-0.07;-0.07;810;815;84;95;9;216;210;210;27;1.41;1.41;1.41;1.41;-14;0;0;0;0;14.2;63;20;3.9;16;-;7;31;855;1319;0;2961.0;9.6;9.3;0;0;0;0;1;0;
2026.08.27;19:04:31.8;-0.06;-0.06;43;39;84;95;9;216;210;210;27;1.54;1.54;1.54;1.54;-8;0;0;0;0;14.2;63;20;3.9;16;-;7;30;855;1199;0;2277.0;9.6;9.3;0;0;0;0;1;0;
2026.08.27;19:04:32.2;-0.08;-0.08;839;786;84;94;9;216;210;210;27;1.41;1.41;1.41;1.41;-8;0;0;0;0;14.2;63;20;3.9;15;-;7;30;855;1116;0;3359.0;8.6;8.2;0;0;0;0;0;0;
2026.08.27;19:04:32.7;-0.08;-0.08;839;786;84;94;9;216;210;210;27;1.41;1.41;1.41;1.41;3;0;0;0;0;14.2;63;20;3.9;14;-;7;30;855;1116;0;3359.0;8.1;7.6;0;0;0;0;0;0;
2026.08.27;19:04:33.1;-0.09;-0.09;830;834;84;95;9;216;210;210;27;1.40;1.40;1.40;1.40;8;0;0;0;0;14.1;63;20;3.9;14;-;7;30;855;1061;0;2572.0;8.1;7.6;0;0;0;0;0;0;
2026.08.27;19:04:33.6;-0.13;-0.13;834;844;84;93;14;216;210;210;27;2.62;2.62;2.62;2.62;8;0;0;0;0;14.1;63;20;3.9;13;-;7;31;855;1061;5;2572.0;7.6;7.2;0;0;0;0;0;0;
2026.08.27;19:04:34.0;-0.13;-0.13;834;844;84;93;14;216;588;441;27;2.62;2.62;2.62;2.62;15;0;0;0;0;14.1;63;20;3.9;13;-;7;31;855;1030;5;1832.0;22.4;17.7;0;0;0;0;0;0;
2026.08.27;19:04:34.5;-0.14;-0.14;58;756;86;96;18;216;588;441;27;5.09;5.09;5.09;5.09;13;0;0;0;0;14.1;63;20;3.9;13;-;7;31;855;1058;15;2017.0;22.4;17.7;0;0;0;0;0;0;
2026.08.27;19:04:34.9;-0.10;-0.10;68;58;85;93;41;216;672;693;27;8.17;8.17;8.17;8.17;13;0;0;0;0;14.1;63;20;3.9;15;-;7;31;855;1058;23;2017.0;32.5;32.4;24;21;77;0;0;0;
2026.08.27;19:04:35.4;-0.10;-0.10;68;58;85;93;41;216;672;693;27;8.17;8.17;8.17;8.17;9;0;0;0;0;14.2;63;20;3.9;15;-;7;31;855;1218;23;3743.0;39.1;39.4;30;28;74;0;0;0;
2026.08.27;19:04:35.8;-0.04;-0.04;78;63;85;95;36;216;672;693;27;7.13;7.13;7.13;7.13;9;0;0;0;0;14.2;63;20;3.9;17;-;7;31;855;1432;23;3263.0;39.1;39.4;30;28;74;0;0;0;
2026.08.27;19:04:36.3;-0.04;-0.04;78;63;85;95;36;216;609;630;27;7.13;7.13;7.13;7.13;16;0;0;0;0;14.2;63;20;3.9;19;-;9;31;855;1432;23;3263.0;40.3;41.3;20;21;41;0;0;0;
2026.08.27;19:04:36.7;-0.04;-0.04;78;126;85;95;36;216;546;546;27;5.96;5.96;5.96;5.96;11;0;0;0;0;14.2;63;20;3.9;19;-;9;31;855;1572;23;4134.0;34.7;35.2;0;0;0;0;0;0;
2026.08.27;19:04:37.2;0.03;0.03;87;68;84;95;26;216;546;546;27;4.39;4.39;4.39;4.39;11;0;0;0;0;14.2;63;20;3.9;21;-;9;31;855;1572;19;4134.0;34.7;35.2;0;0;0;0;0;0;
2026.08.27;19:04:37.6;0.03;0.03;87;68;84;95;26;201;462;483;27;4.39;4.39;4.39;4.39;24;0;0;0;0;14.2;63;20;3.9;22;-;9;31;855;1693;17;2470.0;30.4;31.6;0;0;0;0;0;0;
2026.08.27;19:04:38.1;-0.00;-0.00;356;634;84;95;25;201;462;483;27;3.57;3.57;3.57;3.57;6;0;0;0;0;14.2;63;20;3.9;22;-;9;31;855;1733;17;5000.0;30.4;31.6;0;0;0;0;0;0;
2026.08.27;19:04:38.5;-0.02;-0.02;820;781;83;93;16;201;252;315;27;1.52;1.52;1.52;1.52;6;0;0;0;0;14.2;63;20;3.9;23;-;9;31;855;1733;7;5000.0;16.2;20.2;0;0;0;0;0;0;
2026.08.27;19:04:39.0;-0.02;-0.02;820;781;83;93;16;201;231;231;27;1.52;1.52;1.52;1.52;35;0;0;0;0;14.2;63;20;3.9;23;-;9;31;855;1741;7;4231.0;14.9;15.2;0;0;0;0;0;0;
2026.08.27;19:04:39.4;-0.06;-0.06;834;830;83;93;17;201;231;231;27;1.56;1.56;1.56;1.56;35;0;0;0;0;14.2;63;20;3.9;22;-;9;31;855;1720;6;2596.0;14.9;15.2;0;0;0;0;0;0;
2026.08.27;19:04:39.9;-0.11;-0.11;839;854;83;93;16;201;210;231;27;1.35;1.35;1.35;1.35;16;0;0;0;0;14.2;63;20;3.9;22;-;9;31;855;1720;0;2596.0;13.0;13.8;0;0;0;0;0;0;
2026.08.27;19:04:40.3;-0.11;-0.11;839;854;83;93;16;201;210;210;27;1.35;1.35;1.35;1.35;3;0;0;0;0;14.2;63;20;3.9;22;-;9;30;855;1669;0;3160.0;12.6;12.8;0;0;0;0;0;0;
2026.08.27;19:04:40.8;-0.15;-0.15;43;805;83;94;16;201;210;210;27;1.33;1.33;1.33;1.33;3;0;0;0;0;14.2;64;20;3.9;21;-;9;30;855;1556;0;2844.0;12.6;12.8;0;0;0;0;1;0;
2026.08.27;19:04:41.2;-0.15;-0.15;43;805;83;94;16;201;210;210;27;1.33;1.33;1.33;1.33;-12;0;0;0;0;14.2;64;20;3.9;19;-;13;30;855;1556;0;2844.0;11.0;10.9;0;0;0;0;1;0;
2026.08.27;19:04:41.7;-0.13;-0.13;781;126;83;95;15;201;210;210;27;1.33;1.33;1.33;1.33;6;0;0;0;0;14.2;64;20;3.9;19;-;13;30;855;1403;0;3827.0;11.0;10.9;0;0;0;0;1;0;
2026.08.27;19:04:42.1;-0.17;-0.17;776;781;82;94;13;201;210;210;27;1.18;1.18;1.18;1.18;6;0;0;0;0;14.2;64;20;3.9;17;-;13;30;855;1210;0;2980.0;9.8;9.6;0;0;0;0;1;0;
2026.08.27;19:04:42.6;-0.17;-0.17;776;781;82;94;13;201;210;210;27;1.18;1.18;1.18;1.18;8;0;0;0;0;14.2;64;20;3.9;14;-;13;30;855;1210;0;2980.0;8.2;7.9;0;0;0;0;1;0;
2026.08.27;19:04:43.0;-0.18;-0.18;742;771;82;93;12;201;210;210;27;1.17;1.17;1.17;1.17;8;0;0;0;0;14.2;64;20;3.9;14;-;13;30;855;1089;0;2880.0;8.2;7.9;0;0;0;0;1;0;
2026.08.27;19:04:43.5;-0.17;-0.17;87;708;85;96;11;201;210;210;27;1.19;1.19;1.19;1.19;8;0;0;0;0;14.2;64;20;3.9;14;-;13;31;855;1089;2;2880.0;7.5;7.5;0;0;0;0;0;0;
2026.08.27;19:04:43.9;-0.17;-0.17;87;708;85;96;11;201;378;252;27;1.19;1.19;1.19;1.19;10;0;0;0;0;14.2;64;20;3.9;13;-;13;31;855;1046;9;2388.0;14.4;10.1;0;0;0;0;0;0;
2026.08.27;19:04:44.4;-0.19;-0.19;800;107;83;93;14;203;378;252;27;2.40;2.40;2.40;2.40;3;0;0;0;0;14.2;65;20;3.9;13;-;13;31;855;1005;9;1865.0;14.4;10.1;0;0;0;0;0;0;
2026.08.27;19:04:44.9;-0.17;-0.17;34;34;84;94;22;203;672;483;27;5.99;5.99;5.99;5.99;3;0;0;0;0;14.2;65;20;3.9;13;-;13;31;855;1051;19;2306.0;25.1;18.9;0;0;0;0;0;0;
2026.08.27;19:04:45.3;-0.17;-0.17;34;34;84;94;22;203;651;630;27;5.99;5.99;5.99;5.99;13;0;0;0;0;14.2;65;20;3.9;14;-;13;31;855;1051;19;2306.0;29.4;28.8;13;14;51;0;0;0;
2026.08.27;19:04:45.8;-0.13;-0.13;39;34;85;94;19;203;651;630;27;5.92;5.92;5.92;5.92;14;0;0;0;0;14.2;65;20;3.9;14;-;13;31;855;1198;19;2689.0;29.4;28.8;13;14;51;0;0;0;
2026.08.27;19:04:46.2;-0.08;-0.08;39;34;85;94;27;203;630;609;27;7.01;7.01;7.01;7.01;14;0;0;0;0;14.2;65;20;3.9;16;-;15;31;855;1198;23;2689.0;33.0;32.2;14;13;81;0;0;0;
2026.08.27;19:04:46.7;-0.08;-0.08;39;34;85;94;27;203;630;651;27;7.01;7.01;7.01;7.01;15;0;0;0;0;14.2;65;20;3.9;16;-;15;31;855;1348;23;3782.0;39.6;40.4;22;24;29;0;0;0;
2026.08.27;19:04:47.1;-0.02;-0.02;53;43;85;94;28;203;630;651;27;6.56;6.56;6.56;6.56;19;0;0;0;0;14.2;65;20;3.9;18;-;15;31;855;1525;23;3980.0;39.6;40.4;22;24;29;0;0;0;
2026.08.27;19:04:47.6;0.04;0.04;63;53;84;93;28;203;588;588;27;5.70;5.70;5.70;5.70;19;0;0;0;0;14.2;65;20;3.9;20;-;15;31;855;1525;22;3980.0;39.8;39.4;10;13;41;0;0;0;
2026.08.27;19:04:48.0;0.04;0.04;63;53;84;93;28;203;567;567;27;5.70;5.70;5.70;5.70;21;0;0;0;0;14.2;65;20;3.9;20;-;15;31;855;1664;22;4213.0;38.8;38.2;0;0;0;0;0;0;
2026.08.27;19:04:48.5;0.08;0.08;732;468;83;93;30;203;567;567;27;5.33;5.33;5.33;5.33;21;0;0;0;0;14.2;65;20;3.9;22;-;15;31;855;1791;22;4371.0;38.8;38.2;0;0;0;0;0;0;
2026.08.27;19:04:48.9;0.08;0.08;732;468;83;93;30;203;546;546;27;5.33;5.33;5.33;5.33;16;0;0;0;0;14.2;65;20;3.9;24;-;15;31;855;1791;22;4371.0;38.8;39.1;0;0;0;0;0;0;
2026.08.27;19:04:49.4;0.03;0.03;756;717;82;93;31;203;588;567;27;4.78;4.78;4.78;4.78;1;0;0;0;0;14.2;65;20;3.9;24;-;15;31;855;1887;22;3928.0;47.0;45.0;4;6;36;0;0;0;
2026.08.27;19:04:49.8;0.06;0.06;87;126;81;94;41;203;588;567;27;5.30;5.30;5.30;5.30;1;0;0;0;0;14.1;65;20;4.2;25;-;15;31;855;1986;21;4817.0;47.0;45.0;4;6;36;0;0;0;
2026.08.27;19:04:50.3;0.06;0.06;87;126;81;94;41;203;546;567;27;5.30;5.30;5.30;5.30;14;0;0;0;0;14.1;65;20;4.2;27;-;15;31;855;1986;20;4817.0;43.2;44.6;0;0;0;0;0;0;
2026.08.27;19:04:50.7;0.01;0.01;581;654;79;95;41;203;546;567;27;4.69;4.69;4.69;4.69;23;0;0;0;0;14.1;65;20;4.2;27;-;15;31;855;2142;20;3162.0;43.2;44.6;0;0;0;0;0;0;
2026.08.27;19:04:51.2;0.04;0.04;78;87;77;94;32;203;441;441;27;3.45;3.45;3.45;3.45;23;0;0;0;0;14.1;65;20;4.2;28;-;13;31;855;2142;15;3162.0;37.5;38.2;0;0;0;0;0;0;
2026.08.27;19:04:51.6;0.04;0.04;78;87;77;94;32;204;378;378;27;3.45;3.45;3.45;3.45;29;0;0;0;0;14.1;65;24;4.2;28;-;13;31;855;2227;15;4711.0;33.6;33.7;0;0;0;0;0;0;
2026.08.27;19:04:52.1;0.05;0.05;346;205;76;94;30;204;378;378;27;3.00;3.00;3.00;3.00;31;0;0;0;0;13.6;65;24;4.3;29;-;13;31;855;2315;14;2741.0;33.6;33.7;0;0;0;0;0;0;
2026.08.27;19:04:52.5;-0.04;-0.04;483;683;76;93;32;204;357;336;27;2.71;2.71;2.71;2.71;31;0;0;0;0;13.6;65;24;4.3;30;-;13;31;855;2315;13;2741.0;31.9;31.6;0;0;0;0;0;0;
2026.08.27;19:04:53.0;-0.04;-0.04;483;683;76;93;32;204;336;336;27;2.71;2.71;2.71;2.71;32;0;0;0;0;13.6;65;24;4.3;30;-;13;30;855;2367;13;3128.0;30.5;30.2;0;0;0;0;0;0;
2026.08.27;19:04:53.4;-0.02;-0.02;83;92;76;94;32;204;336;336;27;2.58;2.58;2.58;2.58;32;0;0;0;0;13.6;65;24;4.3;31;-;13;30;855;2441;12;3657.0;30.5;30.2;0;0;0;0;0;0;
2026.08.27;19:04:53.9;-0.01;-0.01;83;73;76;94;32;204;315;315;27;2.44;2.44;2.44;2.44;33;0;0;0;0;13.6;65;24;4.3;31;-;13;30;855;2441;11;3657.0;30.0;30.1;0;0;0;0;0;0;
2026.08.27;19:04:54.3;-0.01;-0.01;83;73;76;94;32;204;273;294;27;2.44;2.44;2.44;2.44;34;0;0;0;0;14.2;65;24;4.4;31;-;13;30;855;2488;11;5000.0;24.9;28.0;0;0;0;0;0;0;
2026.08.27;19:04:54.8;-0.03;-0.03;766;615;74;93;26;204;273;294;27;1.84;1.84;1.84;1.84;34;0;0;0;0;14.2;66;30;4.4;32;-;13;30;855;2482;9;5000.0;24.9;28.0;0;0;0;0;0;0;
2026.08.27;19:04:55.2;-0.03;-0.03;766;615;74;93;26;204;210;210;27;1.84;1.84;1.84;1.84;27;0;0;0;0;14.2;66;30;4.4;33;-;13;30;855;2482;0;5000.0;19.7;19.2;0;0;0;0;0;0;
2026.08.27;19:04:55.7;0.01;0.01;73;78;73;93;24;204;210;210;27;1.59;1.59;1.59;1.59;-14;0;0;0;0;14.2;66;30;4.4;33;-;13;30;855;2553;0;3751.0;19.7;19.2;0;0;0;0;0;0;
2026.08.27;19:04:56.1;0.00;0.00;4;4;72;93;0;204;210;210;27;0.00;0.00;0.00;0.00;-14;0;0;0;0;14.1;66;30;4.6;33;-;14;30;855;2498;0;5000.0;19.6;19.9;0;0;0;0;0;0;
2026.08.27;19:04:56.6;0.00;0.00;4;4;72;93;0;204;210;210;27;0.00;0.00;0.00;0.00;7;0;0;0;0;14.1;66;30;4.6;32;-;14;30;855;2498;0;5000.0;19.5;19.5;0;0;0;0;0;0;
2026.08.27;19:04:57.0;0.00;0.00;0;0;74;93;0;204;210;210;27;0.00;0.00;0.00;0.00;6;0;0;0;0;14.1;66;30;4.6;32;-;14;30;855;2461;0;5000.0;19.5;19.5;0;0;0;0;0;0;
2026.08.27;19:04:57.5;0.00;0.00;0;0;78;93;0;204;210;210;27;0.00;0.00;0.00;0.00;6;0;0;0;0;14.1;66;30;4.6;31;-;14;31;855;2461;0;5000.0;19.3;19.3;0;0;0;0;0;0;
2026.08.27;19:04:57.9;0.00;0.00;0;0;78;93;0;204;210;210;27;0.00;0.00;0.00;0.00;4;0;0;0;0;14.1;66;30;4.6;31;-;14;31;855;2411;0;5000.0;19.0;19.3;0;0;0;0;0;0;
2026.08.27;19:04:58.4;0.00;0.00;0;0;80;93;0;201;210;210;27;0.00;0.00;0.00;0.00;4;0;0;0;0;14.2;67;38;4.8;31;-;14;31;855;2377;0;5000.0;19.0;19.3;0;0;0;0;0;0;
2026.08.27;19:04:58.8;0.00;0.00;0;0;83;93;0;201;210;210;27;0.00;0.00;0.00;0.00;4;0;0;0;0;14.2;67;38;4.8;30;-;14;31;855;2377;0;5000.0;18.7;19.0;0;0;0;0;1;0;
2026.08.27;19:04:59.3;0.00;0.00;0;0;83;93;0;201;210;210;27;0.00;0.00;0.00;0.00;4;0;0;0;0;14.2;67;38;4.8;30;-;14;31;855;2297;0;5000.0;17.7;18.4;0;0;0;0;1;0;
2026.08.27;19:04:59.7;0.00;0.00;0;0;86;93;0;201;210;210;27;0.00;0.00;0.00;0.00;4;0;0;0;0;14.2;67;38;4.8;29;-;14;31;855;2150;0;5000.0;17.7;18.4;0;0;0;0;1;0;
2026.08.27;19:05:00.2;0.00;0.00;0;0;87;94;0;201;210;210;27;0.00;0.00;0.00;0.00;4;0;0;0;0;14.2;67;38;4.8;26;-;14;31;855;2150;0;5000.0;15.5;16.0;0;0;0;0;1;0;
2026.08.27;19:05:00.6;0.00;0.00;0;0;87;94;0;201;210;210;27;0.00;0.00;0.00;0.00;5;0;0;0;0;14.2;67;38;5.1;26;-;14;31;855;1863;0;4095.0;13.2;13.8;0;0;0;0;1;0;
2026.08.27;19:05:01.1;0.00;0.00;0;0;88;92;0;201;210;210;27;4.55;4.55;4.55;4.55;5;0;0;0;0;14.2;67;38;5.1;22;-;11;31;855;1304;0;2568.0;13.2;13.8;0;0;0;0;1;1;
2026.08.27;19:05:01.5;0.00;0.00;0;0;88;92;0;201;420;336;27;4.55;4.55;4.55;4.55;10;0;0;0;0;14.2;67;38;5.1;16;-;11;31;855;1304;0;2568.0;16.3;13.7;0;0;0;0;1;1;
2026.08.27;19:05:02.0;0.00;0.00;908;849;90;94;0;201;420;336;27;4.67;4.67;4.67;4.67;2;0;0;0;0;14.2;68;46;5.1;16;-;11;31;855;955;0;1771.0;16.3;13.7;0;0;0;0;1;1;
2026.08.27;19:05:02.4;-0.00;-0.00;810;864;89;93;4;201;462;420;27;4.02;4.02;4.02;4.02;2;0;0;0;0;14.1;68;46;5.2;9;-;11;31;855;837;0;1471.0;15.1;13.7;0;0;0;0;1;1;
2026.08.27;19:05:02.9;-0.00;-0.00;810;864;89;93;4;201;546;525;27;4.02;4.02;4.02;4.02;-1;0;0;0;0;14.1;68;46;5.2;6;-;11;31;855;837;0;1471.0;16.3;15.6;0;0;0;0;0;1;
2026.08.27;19:05:03.3;0.02;0.02;48;39;91;95;6;201;546;525;27;4.84;4.84;4.84;4.84;-5;0;0;0;0;14.1;68;46;5.2;6;-;11;31;855;808;0;1425.0;16.3;15.6;0;0;0;0;0;1;
2026.08.27;19:05:03.8;0.03;0.03;58;53;91;95;9;201;525;504;27;5.29;5.29;5.29;5.29;-5;0;0;0;0;14.1;68;46;5.2;6;-;11;31;855;808;4;1425.0;14.8;14.6;0;0;0;0;0;1;
2026.08.27;19:05:04.2;0.03;0.03;58;53;91;95;9;201;588;567;27;5.29;5.29;5.29;5.29;0;0;0;0;0;14.1;68;46;5.2;6;-;11;31;855;1036;4;1897.0;26.4;25.4;0;0;0;0;0;1;
2026.08.27;19:05:04.7;0.04;0.04;53;48;90;94;11;201;588;567;27;5.20;5.20;5.20;5.20;1;0;0;0;0;14.1;68;46;5.6;6;-;11;31;855;1500;11;3270.0;26.4;25.4;0;0;0;0;0;1;
2026.08.27;19:05:05.1;0.04;0.04;53;48;90;94;11;201;525;546;27;5.20;5.20;5.20;5.20;1;0;0;0;0;14.1;68;46;5.6;7;-;11;31;855;1500;17;3270.0;35.0;36.4;0;0;0;0;0;1;
2026.08.27;19:05:05.6;0.06;0.06;68;58;89;94;16;315;525;546;27;5.17;5.17;5.17;5.17;19;0;0;0;0;14.1;68;56;5.6;7;-;11;31;855;1688;17;2587.0;35.0;36.4;0;0;0;0;0;1;
2026.08.27;19:05:06.0;0.08;0.08;815;742;88;95;30;315;777;651;27;9.20;9.20;9.20;9.20;19;0;0;0;0;14.1;68;56;5.6;10;-;11;31;855;1645;24;3647.0;39.8;36.7;10;2;94;0;0;1;
2026.08.27;19:05:06.5;0.08;0.08;815;742;88;95;30;315;672;672;27;9.20;9.20;9.20;9.20;3;0;0;0;0;14.1;68;56;5.6;13;-;11;31;855;1645;27;3647.0;54.5;54.9;30;33;35;0;0;0;
2026.08.27;19:05:06.9;0.09;0.09;78;83;85;95;37;315;672;672;27;10.10;10.10;10.10;10.10;12;0;0;0;0;14.1;68;56;6.4;13;-;11;31;855;2100;27;3648.0;54.5;54.9;30;33;35;0;0;0;
2026.08.27;19:05:07.4;0.06;0.06;761;717;82;95;44;315;651;672;27;7.50;7.50;7.50;7.50;12;0;0;0;0;14.1;68;56;6.4;17;-;11;31;855;2663;30;5000.0;72.0;74.2;37;38;43;0;0;0;
2026.08.27;19:05:07.8;0.06;0.06;761;717;82;95;44;315;588;609;27;7.50;7.50;7.50;7.50;24;0;0;0;0;14.1;68;56;6.4;20;-;11;31;855;2663;32;5000.0;79.7;82.0;25;26;41;0;0;0;
2026.08.27;19:05:08.3;0.04;0.04;566;595;79;94;49;315;588;609;27;6.46;6.46;6.46;6.46;26;0;0;0;0;14.1;68;56;6.4;20;-;11;31;855;3125;32;5000.0;79.7;82.0;25;26;41;0;0;0;
2026.08.27;19:05:08.7;0.00;0.00;776;820;71;94;0;315;378;462;27;0.00;0.00;0.00;0.00;26;0;0;0;0;14.2;68;70;7.1;23;-;11;31;855;2509;5;4246.0;52.5;62.3;0;11;0;0;0;1;
2026.08.27;19:05:09.2;0.00;0.00;776;820;71;94;0;315;210;252;27;0.00;0.00;0.00;0.00;-20;0;0;0;0;14.2;68;70;7.1;23;-;11;31;855;2509;15;4246.0;13.8;15.8;0;0;0;0;0;1;
2026.08.27;19:05:09.6;0.00;0.00;830;19;68;93;0;315;210;252;27;6.35;6.35;6.35;6.35;21;0;0;0;0;14.2;68;70;7.1;23;-;11;31;855;1933;15;4035.0;13.8;15.8;0;0;0;0;0;1;
2026.08.27;19:05:10.1;0.02;0.02;107;219;69;94;6;315;609;567;27;7.77;7.77;7.77;7.77;21;0;0;0;0;14.2;68;70;7.1;23;-;11;31;855;1933;23;4035.0;48.9;45.8;0;0;0;0;0;1;
2026.08.27;19:05:10.5;0.02;0.02;107;219;69;94;6;315;630;651;27;7.77;7.77;7.77;7.77;8;0;0;0;0;14.2;68;70;7.1;23;-;11;31;855;1887;23;4793.0;56.6;57.5;27;27;35;0;0;1;
2026.08.27;19:05:11.0;0.05;0.05;751;664;69;94;11;315;630;651;27;8.23;8.23;8.23;8.23;20;0;0;0;0;14.2;68;70;6.8;25;-;16;31;855;2023;25;3386.0;56.6;57.5;27;27;35;0;0;0;
2026.08.27;19:05:11.4;0.07;0.07;737;664;69;94;11;315;672;672;27;8.23;8.23;8.23;8.23;20;0;0;0;0;14.2;68;70;6.8;27;-;16;31;855;2023;27;3386.0;63.5;64.3;31;32;40;0;0;0;
2026.08.27;19:05:11.9;0.07;0.07;737;678;68;93;16;315;420;504;27;8.01;8.01;8.01;8.01;12;0;0;0;0;14.2;68;70;6.8;27;-;16;31;855;2174;27;3090.0;37.6;42.6;0;0;0;0;0;0;
2026.08.27;19:05:12.4;-0.01;-0.01;834;815;66;93;12;279;420;504;27;3.55;3.55;3.55;3.55;12;0;0;0;0;14.2;69;82;6.8;29;-;16;31;855;2206;13;4330.0;37.6;42.6;0;0;0;0;0;0;
2026.08.27;19:05:12.8;-0.08;-0.08;869;849;67;94;10;279;273;336;27;1.95;1.95;1.95;1.95;20;0;0;0;0;14.2;69;82;6.8;29;-;16;31;855;2206;5;4330.0;22.5;27.6;0;0;0;0;0;0;
2026.08.27;19:05:13.3;-0.08;-0.08;869;849;67;94;10;279;210;231;27;1.95;1.95;1.95;1.95;37;0;0;0;0;14.1;69;82;6.6;29;-;16;31;855;2190;5;3852.0;16.9;17.9;0;0;0;0;0;0;
2026.08.27;19:05:13.7;-0.14;-0.14;864;864;67;93;10;279;210;231;27;1.58;1.58;1.58;1.58;28;0;0;0;0;14.1;69;82;6.6;28;-;16;31;855;2126;5;3316.0;16.9;17.9;0;0;0;0;0;0;
2026.08.27;19:05:14.2;-0.16;-0.16;43;122;68;93;12;279;357;294;27;2.83;2.83;2.83;2.83;28;0;0;0;0;14.1;69;82;6.6;27;-;16;30;855;2126;11;3316.0;28.6;24.4;0;0;0;0;0;0;
2026.08.27;19:05:14.6;-0.16;-0.16;43;122;68;93;12;279;420;399;27;2.83;2.83;2.83;2.83;27;0;0;0;0;14.1;69;82;6.6;27;-;16;30;855;2092;11;5000.0;35.3;32.4;0;0;0;0;0;0;
2026.08.27;19:05:15.1;-0.09;-0.09;43;43;69;93;15;279;420;399;27;4.09;4.09;4.09;4.09;27;0;0;0;0;14.1;69;82;7.0;27;-;16;30;855;2063;16;4278.0;35.3;32.4;0;0;0;0;0;0;
2026.08.27;19:05:15.5;-0.02;-0.02;53;53;70;93;18;279;525;504;27;4.84;4.84;4.84;4.84;25;0;0;0;0;14.1;69;82;7.0;27;-;15;31;855;2063;18;4278.0;42.1;40.5;0;0;0;0;0;0;
2026.08.27;19:05:16.0;-0.02;-0.02;53;53;70;93;18;279;504;504;27;4.84;4.84;4.84;4.84;25;0;0;0;0;14.1;70;82;7.0;27;-;15;31;855;2103;18;4038.0;42.9;42.9;0;0;0;0;0;0;
2026.08.27;19:05:16.4;0.01;0.01;751;644;71;92;20;279;504;504;27;4.83;4.83;4.83;4.83;25;0;0;0;0;14.1;70;82;7.0;27;-;15;31;855;2158;18;3274.0;42.9;42.9;0;0;0;0;0;0;
2026.08.27;19:05:16.9;0.01;0.01;751;644;71;92;20;279;504;504;27;4.83;4.83;4.83;4.83;26;0;0;0;0;14.1;70;82;7.0;28;-;15;31;855;2158;20;3274.0;43.8;43.1;0;0;0;0;0;0;
2026.08.27;19:05:17.3;0.04;0.04;732;605;70;92;25;279;504;504;27;5.35;5.35;5.35;5.35;25;0;0;0;0;14.1;70;82;7.0;28;-;15;31;855;2215;20;3719.0;43.8;43.1;0;0;0;0;0;0;
2026.08.27;19:05:17.8;0.08;0.08;161;122;71;92;36;279;609;546;27;6.91;6.91;6.91;6.91;25;0;0;0;0;14.1;70;82;7.0;29;-;15;31;855;2249;24;5000.0;53.2;49.2;0;0;0;0;0;0;
2026.08.27;19:05:18.2;0.08;0.08;161;122;71;92;36;279;567;588;27;6.91;6.91;6.91;6.91;17;0;0;0;0;14.1;70;82;7.0;29;-;15;31;855;2249;24;5000.0;58.7;58.3;13;14;49;0;0;0;
2026.08.27;19:05:18.7;0.04;0.04;73;83;70;91;40;279;567;567;27;6.29;6.29;6.29;6.29;24;0;0;0;0;14.1;70;82;7.0;29;-;15;31;855;2325;24;4009.0;58.2;57.7;8;11;30;0;0;0;
2026.08.27;19:05:19.1;0.07;0.07;83;83;69;92;42;241;567;567;27;6.05;6.05;6.05;6.05;24;0;0;0;0;14.1;70;84;7.1;30;-;15;31;855;2381;24;4927.0;58.2;57.7;8;11;30;0;0;0;
2026.08.27;19:05:19.6;0.07;0.07;83;83;69;92;42;241;546;567;27;6.05;6.05;6.05;6.05;25;0;0;0;0;14.1;70;84;7.1;31;-;15;31;855;2381;24;4927.0;58.5;59.8;10;10;44;0;0;0;
2026.08.27;19:05:20.0;0.09;0.09;292;131;67;91;45;241;672;651;27;5.88;5.88;5.88;5.88;26;0;0;0;0;14.1;70;84;7.1;31;-;15;31;855;2461;24;5000.0;79.5;77.7;30;23;52;0;0;0;
2026.08.27;19:05:20.5;0.10;0.10;92;141;66;91;99;241;672;651;27;10.90;10.90;10.90;10.90;26;0;0;0;0;14.1;70;84;7.1;33;-;13;31;855;2615;34;5000.0;79.5;77.7;30;23;52;0;0;0;
2026.08.27;19:05:20.9;0.10;0.10;92;141;66;91;99;241;840;819;27;10.90;10.90;10.90;10.90;21;0;0;0;0;14.1;70;84;7.1;35;-;13;31;855;2615;45;5000.0;110.7;105.7;39;39;44;0;0;0;
2026.08.27;19:05:21.4;0.04;0.04;566;668;64;90;99;241;840;819;27;10.74;10.74;10.74;10.74;22;0;0;0;0;14.1;70;84;7.0;35;-;13;31;855;2851;45;4746.0;110.7;105.7;39;39;44;0;0;0;
2026.08.27;19:05:21.8;0.02;0.02;244;483;63;90;99;241;840;819;27;11.21;11.21;11.21;11.21;22;0;0;0;0;14.1;70;84;7.0;38;-;13;31;855;3059;46;5000.0;124.8;122.2;37;38;42;0;0;0;
2026.08.27;19:05:22.3;0.02;0.02;244;483;63;90;99;241;840;840;27;11.21;11.21;11.21;11.21;19;0;0;0;0;14.1;70;84;7.0;41;-;13;31;855;3059;46;5000.0;139.6;137.3;36;37;39;0;0;0;
2026.08.27;19:05:22.7;-0.00;-0.00;737;639;59;90;99;241;840;840;27;11.14;11.14;11.14;11.14;24;0;0;0;0;14.1;71;84;7.0;41;-;13;31;855;3329;46;4678.0;139.6;137.3;36;37;39;0;0;0;
2026.08.27;19:05:23.2;0.01;0.01;87;87;56;89;99;241;840;840;27;11.60;11.60;11.60;11.60;24;0;0;0;0;14.1;71;84;7.0;44;-;13;31;855;3329;46;4678.0;151.7;150.2;36;36;41;0;0;0;
2026.08.27;19:05:23.6;0.01;0.01;87;87;56;89;99;241;840;840;27;11.60;11.60;11.60;11.60;24;0;0;0;0;14.1;71;84;6.9;47;-;13;31;855;3551;45;5000.0;164.7;165.2;34;35;43;0;0;0;
2026.08.27;19:05:24.1;-0.03;-0.03;761;659;52;88;99;241;840;840;27;11.36;11.36;11.36;11.36;19;0;0;0;0;14.1;71;84;6.9;47;-;13;31;855;3792;45;5000.0;164.7;165.2;34;35;43;0;0;0;
2026.08.27;19:05:24.5;0.00;0.00;830;756;48;87;0;241;798;840;27;13.26;13.26;13.26;13.26;19;0;0;0;0;14.1;71;84;6.9;51;-;13;31;855;3792;45;5000.0;173.0;181.7;32;33;42;0;0;0;
2026.08.27;19:05:25.0;0.00;0.00;830;756;48;87;0;241;231;273;27;13.26;13.26;13.26;13.26;9;0;0;0;0;14.1;71;84;6.9;51;-;13;31;855;4027;45;5000.0;36.8;44.6;0;0;0;0;0;0;
2026.08.27;19:05:25.4;0.00;0.00;9;58;20;85;0;241;231;273;27;0.00;0.00;0.00;0.00;9;0;0;0;0;14.2;71;84;7.0;52;-;13;31;855;2598;0;5000.0;36.8;44.6;0;0;0;0;0;1;
2026.08.27;19:05:25.9;0.00;0.00;9;58;20;85;0;241;441;336;27;0.00;0.00;0.00;0.00;40;0;0;0;0;14.2;71;84;7.0;50;-;13;31;855;2598;16;5000.0;42.2;32.8;0;0;0;0;0;1;
2026.08.27;19:05:26.3;0.00;0.00;908;815;10;84;0;233;441;336;27;5.23;5.23;5.23;5.23;22;0;0;0;0;14.2;73;84;7.0;50;-;13;31;855;2712;16;2351.0;42.2;32.8;0;0;0;0;0;1;
2026.08.27;19:05:26.8;-0.04;-0.04;771;771;16;83;8;233;546;546;27;5.70;5.70;5.70;5.70;22;0;0;0;0;14.2;73;84;7.0;50;-;13;31;855;2669;19;4285.0;60.3;60.4;0;0;0;0;0;1;
2026.08.27;19:05:27.2;-0.04;-0.04;771;771;16;83;8;233;420;420;27;5.70;5.70;5.70;5.70;12;0;0;0;0;14.2;73;84;7.0;50;-;13;31;855;2669;10;4285.0;44.4;45.0;0;0;0;0;0;0;
2026.08.27;19:05:27.7;-0.01;-0.01;68;58;21;82;9;233;420;420;27;3.18;3.18;3.18;3.18;25;0;0;0;0;14.1;73;84;6.9;50;-;13;31;855;2627;10;3199.0;44.4;45.0;0;0;0;0;0;0;
2026.08.27;19:05:28.1;-0.03;-0.03;708;708;25;81;10;233;294;294;27;2.62;2.62;2.62;2.62;25;0;0;0;0;14.1;73;84;6.9;49;-;13;30;855;2627;9;3199.0;30.2;30.9;0;0;0;0;0;0;
2026.08.27;19:05:28.6;-0.03;-0.03;708;708;25;81;10;233;315;315;27;2.62;2.62;2.62;2.62;29;0;0;0;0;14.1;73;84;6.9;47;-;13;30;855;2558;9;4046.0;31.1;30.8;0;0;0;0;0;0;
2026.08.27;19:05:29.0;-0.02;-0.02;78;268;30;81;12;233;315;315;27;2.83;2.83;2.83;2.83;29;0;0;0;0;14.1;73;84;6.9;47;-;13;30;855;2504;9;5000.0;31.1;30.8;0;0;0;0;0;0;
2026.08.27;19:05:29.5;-0.02;-0.02;727;678;34;79;13;233;315;315;27;2.91;2.91;2.91;2.91;29;0;0;0;0;14.1;73;84;6.9;46;-;13;30;855;2504;9;5000.0;31.6;31.5;0;0;0;0;0;0;
2026.08.27;19:05:29.9;-0.02;-0.02;727;678;34;79;13;233;210;231;27;2.91;2.91;2.91;2.91;30;0;0;0;0;14.2;73;84;6.8;45;-;12;30;855;2421;1;4076.0;19.7;21.5;0;0;0;0;0;0;
2026.08.27;19:05:30.4;-0.07;-0.07;688;742;37;80;11;233;210;231;27;1.77;1.77;1.77;1.77;9;0;0;0;0;14.2;73;84;6.8;45;-;12;30;855;2401;1;5000.0;19.7;21.5;0;0;0;0;0;0;
2026.08.27;19:05:30.8;0.00;0.00;29;73;39;80;0;233;210;210;27;0.00;0.00;0.00;0.00;9;0;0;0;0;14.2;73;84;6.8;44;-;12;30;855;2275;0;4882.0;19.0;19.6;0;0;0;0;0;0;
2026.08.27;19:05:31.3;0.00;0.00;29;73;39;80;0;233;210;231;27;0.00;0.00;0.00;0.00;0;0;0;0;0;14.2;73;84;6.8;41;-;12;30;855;2275;0;4882.0;17.6;19.5;0;0;0;0;1;0;
2026.08.27;19:05:31.7;0.00;0.00;0;0;42;78;0;233;210;231;27;0.00;0.00;0.00;0.00;1;0;0;0;0;14.1;73;84;6.7;41;-;12;30;855;2146;0;3934.0;17.6;19.5;0;0;0;0;1;0;
2026.08.27;19:05:32.2;0.00;0.00;0;0;48;77;0;233;210;231;27;0.00;0.00;0.00;0.00;1;0;0;0;0;14.1;73;84;6.7;38;-;12;30;855;1924;0;3845.0;15.9;17.2;0;0;0;0;1;0;
2026.08.27;19:05:32.6;0.00;0.00;0;0;48;77;0;233;210;231;27;0.00;0.00;0.00;0.00;3;0;0;0;0;14.1;73;84;6.7;38;-;12;30;855;1924;0;3845.0;13.8;15.1;0;0;0;0;1;0;
2026.08.27;19:05:33.1;0.00;0.00;0;0;55;76;0;239;210;231;27;0.00;0.00;0.00;0.00;3;0;0;0;0;14.1;75;84;6.7;33;-;12;30;855;1723;0;3456.0;13.8;15.1;0;0;0;0;1;0;
2026.08.27;19:05:33.5;0.00;0.00;0;0;60;75;0;239;210;231;27;0.00;0.00;0.00;0.00;3;0;0;0;0;14.1;75;84;6.7;31;-;12;31;855;1723;0;3456.0;12.7;14.1;0;0;0;0;0;0;
2026.08.27;19:05:34.0;0.00;0.00;0;0;60;75;0;239;210;210;27;0.00;0.00;0.00;0.00;4;0;0;0;0;14.1;75;84;6.6;31;-;12;31;855;1598;0;4307.0;11.7;12.2;0;0;0;0;0;0;
2026.08.27;19:05:34.4;0.00;0.00;0;0;65;74;0;239;210;210;27;0.00;0.00;0.00;0.00;4;0;0;0;0;14.1;75;84;6.6;29;-;12;31;855;1527;3;2189.0;11.7;12.2;0;0;0;0;0;0;
2026.08.27;19:05:34.9;0.00;0.00;0;0;65;74;0;239;504;357;27;0.00;0.00;0.00;0.00;25;0;0;0;0;14.1;75;84;6.6;28;-;7;31;855;1527;11;2189.0;28.6;21.0;0;0;0;0;0;0;
2026.08.27;19:05:35.3;0.00;0.00;922;825;68;74;0;239;546;504;27;6.44;6.44;6.44;6.44;18;0;0;0;0;14.1;75;84;6.6;28;-;7;31;855;1498;11;4308.0;30.9;28.9;0;0;0;0;0;0;
2026.08.27;19:05:35.8;0.02;0.02;48;68;69;74;4;239;546;504;27;5.28;5.28;5.28;5.28;18;0;0;0;0;14.1;75;84;6.1;28;-;7;31;855;1512;15;2933.0;30.9;28.9;0;0;0;0;0;0;
2026.08.27;19:05:36.2;0.02;0.02;48;68;69;74;4;239;567;546;27;5.28;5.28;5.28;5.28;18;0;0;0;0;14.1;75;84;6.1;27;-;7;31;855;1512;16;2933.0;31.9;31.3;0;0;0;0;0;0;
2026.08.27;19:05:36.7;0.07;0.07;102;92;70;74;8;239;567;546;27;5.96;5.96;5.96;5.96;20;0;0;0;0;14.1;75;84;6.1;27;-;7;31;855;1492;16;2714.0;31.9;31.3;0;0;0;0;0;0;
2026.08.27;19:05:37.1;0.03;0.03;727;698;72;74;10;239;567;567;27;5.90;5.90;5.90;5.90;20;0;0;0;0;14.1;75;84;6.1;28;-;7;31;855;1492;16;2714.0;33.1;33.3;0;0;0;0;0;0;
2026.08.27;19:05:37.6;0.03;0.03;727;698;72;74;10;239;588;588;27;5.90;5.90;5.90;5.90;20;0;0;0;0;14.1;75;84;6.1;29;-;7;31;855;1506;17;3759.0;34.7;35.0;2;0;0;0;0;0;
2026.08.27;19:05:38.0;0.03;0.03;708;673;73;75;13;239;588;588;27;6.08;6.08;6.08;6.08;17;0;0;0;0;14.1;75;84;5.7;29;-;7;31;855;1537;17;2643.0;34.7;35.0;2;0;0;0;0;0;
2026.08.27;19:05:38.5;0.08;0.08;551;214;73;74;15;239;588;588;27;6.25;6.25;6.25;6.25;17;0;0;0;0;14.1;75;84;5.7;29;-;7;31;855;1539;18;3129.0;36.9;36.7;4;5;43;0;0;0;
2026.08.27;19:05:39.0;0.08;0.08;551;214;73;74;15;239;567;567;27;6.25;6.25;6.25;6.25;20;0;0;0;0;14.1;75;84;5.7;29;-;7;31;855;1539;17;3129.0;36.4;37.0;4;4;40;0;0;0;
2026.08.27;19:05:39.4;0.07;0.07;92;83;73;75;17;239;567;567;27;5.71;5.71;5.71;5.71;18;0;0;0;0;14.1;75;84;5.7;29;-;7;31;855;1564;17;3826.0;36.4;37.0;4;4;40;0;0;0;
2026.08.27;19:05:39.9;0.02;0.02;751;703;74;76;13;239;441;483;27;3.46;3.46;3.46;3.46;18;0;0;0;0;14.1;75;84;5.7;29;-;11;31;855;1564;10;3826.0;25.3;28.2;0;0;0;0;0;0;
2026.08.27;19:05:40.3;0.02;0.02;751;703;74;76;13;208;357;378;27;3.46;3.46;3.46;3.46;13;0;0;0;0;14.1;75;76;5.4;29;-;11;31;855;1504;10;2741.0;20.8;21.0;0;0;0;0;0;0;
2026.08.27;19:05:40.8;-0.03;-0.03;747;737;74;75;14;208;357;378;27;3.04;3.04;3.04;3.04;13;0;0;0;0;14.1;75;76;5.4;28;-;11;31;855;1481;10;3692.0;20.8;21.0;0;0;0;0;0;0;
2026.08.27;19:05:41.2;-0.03;-0.03;747;737;74;75;14;208;378;378;27;3.04;3.04;3.04;3.04;22;0;0;0;0;14.1;75;76;5.4;27;-;11;31;855;1481;10;3692.0;20.7;20.5;0;0;0;0;0;0;
2026.08.27;19:05:41.7;-0.07;-0.07;322;717;74;75;14;208;378;378;27;3.06;3.06;3.06;3.06;22;0;0;0;0;14.1;75;76;5.4;27;-;11;31;855;1437;10;2908.0;20.7;20.5;0;0;0;0;0;0;
2026.08.27;19:05:42.1;-0.02;-0.02;234;107;76;76;16;208;378;378;27;3.23;3.23;3.23;3.23;22;0;0;0;0;14.1;75;76;5.2;27;-;11;31;855;1408;10;3507.0;20.7;20.5;0;0;0;0;0;0;
2026.08.27;19:05:42.6;-0.02;-0.02;234;107;76;76;16;208;210;294;27;3.23;3.23;3.23;3.23;-19;0;0;0;0;14.1;75;76;5.2;25;-;11;31;855;1408;0;3507.0;8.4;11.7;0;0;0;0;1;1;
2026.08.27;19:05:43.0;-0.05;-0.05;825;756;80;80;10;208;336;273;27;1.69;1.69;1.69;1.69;24;0;0;0;0;14.1;75;76;5.2;25;-;11;31;855;950;0;1760.0;10.2;8.0;0;0;0;0;1;1;
2026.08.27;19:05:43.5;-0.06;-0.06;874;859;77;76;12;208;336;273;27;2.55;2.55;2.55;2.55;24;0;0;0;0;14.1;76;68;5.2;18;-;11;31;855;788;0;1414.0;10.2;8.0;0;0;0;0;1;1;
2026.08.27;19:05:43.9;-0.06;-0.06;844;864;77;75;12;208;378;357;27;2.84;2.84;2.84;2.84;-1;0;0;0;0;14.1;76;68;5.2;11;-;11;31;855;788;0;1414.0;10.4;9.8;0;0;0;0;1;1;
2026.08.27;19:05:44.4;-0.06;-0.06;844;864;77;75;12;208;357;357;27;2.84;2.84;2.84;2.84;-5;0;0;0;0;14.1;76;68;5.1;11;-;11;31;855;776;0;1349.0;9.7;9.6;0;0;0;0;1;1;
2026.08.27;19:05:44.8;-0.07;-0.07;820;844;77;75;12;208;357;357;27;2.65;2.65;2.65;2.65;-5;0;0;0;0;14.1;76;68;5.1;6;-;2;31;855;761;0;1600.0;9.7;9.6;0;0;0;0;0;1;
2026.08.27;19:05:45.3;-0.09;-0.09;224;708;80;77;44;208;693;462;27;8.31;8.31;8.31;8.31;-3;0;0;0;0;14.1;76;68;5.1;5;-;2;31;855;761;19;1600.0;22.6;17.0;0;0;0;0;0;1;
2026.08.27;19:05:45.7;-0.09;-0.09;224;708;80;77;44;208;609;630;27;8.31;8.31;8.31;8.31;5;0;0;0;0;14.1;76;68;5.1;5;-;2;31;855;1579;19;3870.0;58.0;58.9;22;21;42;0;0;1;
2026.08.27;19:05:46.2;0.00;0.00;122;112;76;76;65;208;609;630;27;5.72;5.72;5.72;5.72;5;0;0;0;0;14.1;76;68;5.1;6;-;2;31;855;2547;28;4919.0;58.0;58.9;22;21;42;0;0;1;
2026.08.27;19:05:46.6;0.00;0.00;122;112;76;76;65;208;567;567;27;5.72;5.72;5.72;5.72;26;0;0;0;0;14.1;76;68;5.1;10;-;2;31;855;2547;29;4919.0;61.1;61.4;11;12;35;0;0;1;
2026.08.27;19:05:47.1;0.03;0.03;673;659;74;79;68;331;567;567;27;6.30;6.30;6.30;6.30;22;0;0;0;0;14.1;76;66;5.1;10;-;2;31;855;2130;29;5000.0;61.1;61.4;11;12;35;0;0;1;
2026.08.27;19:05:47.5;0.06;0.06;219;258;70;79;66;331;630;651;27;6.49;6.49;6.49;6.49;22;0;0;0;0;14.1;76;66;5.1;14;-;2;31;855;2279;27;5000.0;56.8;58.7;25;24;40;0;0;1;
2026.08.27;19:05:48.0;0.06;0.06;219;258;70;79;66;331;483;504;27;6.49;6.49;6.49;6.49;20;0;0;0;0;14.1;76;66;5.1;17;-;2;31;855;2279;24;5000.0;47.6;48.7;0;0;0;0;0;0;
2026.08.27;19:05:48.4;0.10;0.10;97;107;65;79;54;331;483;504;27;4.32;4.32;4.32;4.32;28;0;0;0;0;14.2;76;66;5.0;17;-;2;31;855;2609;24;4478.0;47.6;48.7;0;0;0;0;0;0;
2026.08.27;19:05:48.9;0.00;0.00;14;63;61;78;0;331;315;420;27;0.00;0.00;0.00;0.00;28;0;0;0;0;14.2;76;66;5.0;19;-;2;31;855;2609;0;4478.0;31.5;42.9;0;0;0;0;0;1;
2026.08.27;19:05:49.3;0.00;0.00;14;63;61;78;0;331;210;231;27;0.00;0.00;0.00;0.00;-19;0;0;0;0;14.2;76;66;5.0;19;-;2;31;855;2100;0;4535.0;12.5;14.8;0;0;0;0;0;1;
2026.08.27;19:05:49.8;0.00;0.00;4;0;63;78;0;331;210;231;27;2.93;2.93;2.93;2.93;-19;0;0;0;0;14.2;76;66;5.0;20;-;5;31;855;989;0;1748.0;12.5;14.8;0;0;0;0;1;0;
2026.08.27;19:05:50.2;0.00;0.00;4;0;63;78;0;331;399;273;27;2.93;2.93;2.93;2.93;28;0;0;0;0;14.2;76;66;5.0;19;-;5;31;855;989;0;1748.0;12.1;8.6;0;0;0;0;1;0;
2026.08.27;19:05:50.7;0.00;0.00;898;810;71;84;0;331;399;273;27;4.33;4.33;4.33;4.33;-6;0;0;0;0;14.0;77;64;4.9;19;-;5;31;855;777;0;1591.0;12.1;8.6;0;0;0;0;1;0;
2026.08.27;19:05:51.1;-0.00;-0.00;859;864;68;78;3;331;441;441;27;3.83;3.83;3.83;3.83;-6;0;0;0;0;14.0;77;64;4.9;16;-;5;31;855;777;0;1591.0;12.6;12.4;0;0;0;0;1;0;
2026.08.27;19:05:51.6;-0.00;-0.00;859;864;68;78;3;331;399;399;27;3.83;3.83;3.83;3.83;-8;0;0;0;0;14.0;77;64;4.9;16;-;5;31;855;790;0;2047.0;10.7;11.0;0;0;0;0;1;0;
2026.08.27;19:05:52.0;-0.01;-0.01;795;825;69;78;4;331;399;399;27;3.28;3.28;3.28;3.28;-8;0;0;0;0;14.0;77;64;4.9;13;-;5;31;855;769;0;2016.0;10.7;11.0;0;0;0;0;1;0;
2026.08.27;19:05:52.5;-0.01;-0.01;795;825;69;78;4;331;357;378;27;3.28;3.28;3.28;3.28;-3;0;0;0;0;14.0;77;64;4.9;9;-;5;31;855;769;0;2016.0;9.8;9.9;0;0;0;0;1;0;
2026.08.27;19:05:52.9;-0.01;-0.01;795;815;69;77;6;331;357;378;27;3.05;3.05;3.05;3.05;-3;0;0;0;0;14.1;77;64;4.8;9;-;5;31;855;759;0;1697.0;9.8;9.9;0;0;0;0;1;0;
2026.08.27;19:05:53.4;-0.04;-0.04;810;830;71;79;7;331;357;357;27;2.89;2.89;2.89;2.89;-3;0;0;0;0;14.1;77;64;4.8;7;-;5;31;855;753;0;1853.0;9.7;9.7;0;0;0;0;1;0;
2026.08.27;19:05:53.8;-0.04;-0.04;810;830;71;79;7;331;378;378;27;2.89;2.89;2.89;2.89;-2;0;0;0;0;14.1;77;64;4.8;5;-;5;31;855;753;0;1853.0;10.2;9.9;0;0;0;0;1;0;
2026.08.27;19:05:54.3;-0.07;-0.07;771;815;71;78;8;317;378;378;27;2.86;2.86;2.86;2.86;-2;0;0;0;0;14.1;77;64;4.8;5;-;5;31;855;753;0;1290.0;10.2;9.9;0;0;0;0;1;0;
2026.08.27;19:05:54.7;-0.10;-0.10;668;761;72;78;8;317;378;357;27;2.69;2.69;2.69;2.69;-2;0;0;0;0;14.1;77;64;4.8;4;-;12;31;855;753;0;1290.0;9.8;9.6;0;0;0;0;1;0;
2026.08.27;19:05:55.2;-0.10;-0.10;668;761;72;78;8;317;378;357;27;2.69;2.69;2.69;2.69;0;0;0;0;0;14.0;77;64;4.8;4;-;12;31;855;744;0;1555.0;9.9;9.6;0;0;0;0;1;0;
2026.08.27;19:05:55.6;-0.06;-0.06;87;68;72;77;9;317;378;357;27;2.80;2.80;2.80;2.80;-2;0;0;0;0;14.0;77;64;4.8;2;-;12;31;855;759;0;1308.0;9.9;9.6;0;0;0;0;1;0;
2026.08.27;19:05:56.1;-0.07;-0.07;776;693;72;76;9;317;357;357;27;2.62;2.62;2.62;2.62;-2;0;0;0;0;14.0;77;64;4.8;1;-;12;31;855;759;0;1308.0;9.4;9.3;0;0;0;0;1;0;
2026.08.27;19:05:56.5;-0.07;-0.07;776;693;72;76;9;317;357;357;27;2.62;2.62;2.62;2.62;3;0;0;0;0;14.0;77;64;4.8;1;-;12;31;855;746;0;1716.0;9.4;9.1;0;0;0;0;1;0;
2026.08.27;19:05:57.0;-0.06;-0.06;234;625;72;76;10;317;357;357;27;2.61;2.61;2.61;2.61;3;0;0;0;0;14.2;77;64;4.8;0;-;12;31;855;748;0;1689.0;9.4;9.1;0;0;0;0;1;1;
2026.08.27;19:05:57.4;-0.06;-0.06;234;625;72;76;10;317;357;357;27;2.61;2.61;2.61;2.61;-3;0;0;0;0;14.2;77;64;4.8;0;-;12;31;855;748;0;1689.0;9.4;9.1;0;0;0;0;0;1;
2026.08.27;19:05:57.9;-0.06;-0.06;92;78;73;76;10;317;357;357;27;2.63;2.63;2.63;2.63;9;0;0;0;0;14.2;78;24;4.8;0;-;12;31;855;752;0;1711.0;9.4;9.1;0;0;0;0;0;1;
2026.08.27;19:05:58.3;-0.03;-0.03;97;117;73;76;16;317;714;735;27;3.02;3.02;3.02;3.02;9;0;0;0;0;14.2;78;24;4.8;0;-;12;31;855;2170;11;3630.0;29.7;34.8;22;5;95;0;0;1;
2026.08.27;19:05:58.8;-0.03;-0.03;97;117;73;76;16;317;210;252;27;3.02;3.02;3.02;3.02;11;0;0;0;0;14.2;78;24;4.8;1;-;12;31;855;2170;0;3630.0;14.3;17.4;0;0;0;0;0;1;
2026.08.27;19:05:59.2;-0.01;-0.01;43;24;73;77;13;317;210;252;27;1.70;1.70;1.70;1.70;0;0;0;0;0;14.2;78;24;4.8;1;-;12;31;855;1297;0;2426.0;14.3;17.4;0;0;0;0;0;1;
2026.08.27;19:05:59.7;-0.02;-0.02;761;63;77;81;20;317;210;231;27;3.99;3.99;3.99;3.99;0;0;0;0;0;14.2;78;24;4.8;1;-;12;31;855;1297;7;2426.0;7.1;8.4;0;0;0;0;0;1;
2026.08.27;19:06:00.1;-0.02;-0.02;761;63;77;81;20;317;273;336;27;3.99;3.99;3.99;3.99;-23;0;0;0;0;14.2;78;24;4.8;1;-;12;31;855;1096;7;2395.0;9.8;12.3;0;0;0;0;0;1;
2026.08.27;19:06:00.6;-0.03;-0.03;751;53;74;78;74;317;273;336;27;8.53;8.53;8.53;8.53;-23;0;0;0;0;14.2;78;24;4.8;1;-;12;31;855;1401;5;3006.0;9.8;12.3;0;0;0;0;0;1;
2026.08.27;19:06:01.0;-0.03;-0.03;751;53;74;78;74;317;840;819;27;8.53;8.53;8.53;8.53;13;0;0;0;0;14.2;78;24;4.8;3;-;12;31;855;1401;65;3006.0;86.4;83.2;37;35;40;0;0;1;
2026.08.27;19:06:01.5;0.01;0.01;795;732;74;79;99;285;840;819;27;11.92;11.92;11.92;11.92;25;0;0;0;0;14.1;78;25;4.7;3;-;12;31;855;3426;65;5000.0;86.4;83.2;37;35;40;0;0;1;
2026.08.27;19:06:01.9;-0.05;-0.05;751;820;61;80;33;285;252;315;27;2.22;2.22;2.22;2.22;25;0;0;0;0;14.1;78;25;4.7;9;-;12;31;855;3426;21;5000.0;26.0;33.2;0;0;0;0;0;1;
2026.08.27;19:06:02.4;-0.05;-0.05;751;820;61;80;33;285;210;378;27;2.22;2.22;2.22;2.22;-7;0;0;0;0;14.1;78;25;4.7;9;-;12;31;855;1627;21;2245.0;12.9;22.9;0;0;0;0;0;1;
2026.08.27;19:06:02.8;0.02;0.02;136;83;54;81;16;285;210;378;27;1.70;1.70;1.70;1.70;-7;0;0;0;0;14.1;78;25;4.7;11;-;12;31;855;1539;0;3990.0;12.9;22.9;0;0;0;0;1;1;
2026.08.27;19:06:03.3;0.02;0.02;136;83;54;81;16;285;210;231;27;1.70;1.70;1.70;1.70;10;0;0;0;0;14.1;78;25;4.7;11;-;12;31;855;1539;0;3990.0;10.1;11.5;0;0;0;0;0;1;
2026.08.27;19:06:03.7;-0.01;-0.01;800;771;52;79;13;285;210;231;27;1.48;1.48;1.48;1.48;17;0;0;0;0;14.2;78;25;4.7;11;-;12;31;855;1061;0;3358.0;10.1;11.5;0;0;0;0;0;1;
2026.08.27;19:06:04.2;-0.03;-0.03;795;810;53;77;22;285;378;315;27;3.09;3.09;3.09;3.09;17;0;0;0;0;14.2;78;25;4.7;10;-;12;31;855;1504;13;3262.0;15.6;13.4;0;0;0;0;0;1;
2026.08.27;19:06:04.6;-0.03;-0.03;795;810;53;77;22;285;420;441;27;3.09;3.09;3.09;3.09;20;0;0;0;0;14.2;78;25;4.7;9;-;17;31;855;1504;17;3262.0;27.6;27.7;0;0;0;0;0;1;
2026.08.27;19:06:05.1;0.02;0.02;73;63;55;78;34;285;420;441;27;4.12;4.12;4.12;4.12;18;0;0;0;0;14.2;78;25;4.7;9;-;17;31;855;1627;17;4077.0;27.6;27.7;0;0;0;0;0;1;
2026.08.27;19:06:05.6;0.04;0.04;791;727;58;79;83;285;693;588;27;7.32;7.32;7.32;7.32;18;0;0;0;0;14.2;78;25;4.7;11;-;17;31;855;1627;27;4077.0;44.0;39.0;2;0;0;0;0;1;
2026.08.27;19:06:06.0;0.04;0.04;791;727;58;79;83;285;651;651;27;7.32;7.32;7.32;7.32;8;0;0;0;0;14.0;78;25;4.7;11;-;17;31;855;1848;27;2933.0;60.9;61.4;25;24;36;0;0;1;
2026.08.27;19:06:06.5;0.11;0.11;268;332;56;78;99;285;651;651;27;7.43;7.43;7.43;7.43;23;0;0;0;0;14.0;78;25;4.7;15;-;17;31;855;2329;30;3981.0;60.9;61.4;25;24;36;0;0;0;
2026.08.27;19:06:06.9;0.14;0.14;78;92;54;79;99;285;651;630;27;9.20;9.20;9.20;9.20;23;0;0;0;0;14.0;78;25;4.7;18;-;17;31;855;2329;35;3981.0;77.0;75.5;28;28;38;0;0;0;
2026.08.27;19:06:07.4;0.14;0.14;78;92;54;79;99;285;735;735;27;9.20;9.20;9.20;9.20;23;0;0;0;0;14.0;78;25;4.7;18;-;17;31;855;2893;35;4876.0;110.7;111.7;36;36;39;0;0;0;
2026.08.27;19:06:07.8;0.09;0.09;791;756;52;79;99;285;735;735;27;9.54;9.54;9.54;9.54;23;0;0;0;0;14.2;78;25;4.6;22;-;17;31;855;3572;41;5000.0;110.7;111.7;36;36;39;0;0;0;
2026.08.27;19:06:08.3;0.08;0.08;541;600;50;79;99;285;651;672;27;8.29;8.29;8.29;8.29;23;0;0;0;0;14.2;78;25;4.6;27;-;17;31;855;3572;42;5000.0;128.2;132.3;36;36;39;0;0;0;
2026.08.27;19:06:08.7;0.08;0.08;541;600;50;79;99;266;567;588;27;8.29;8.29;8.29;8.29;26;0;0;0;0;14.2;79;25;4.6;27;-;17;31;855;4230;42;5000.0;136.9;141.6;29;30;40;0;0;0;
2026.08.27;19:06:09.2;0.05;0.05;458;625;47;79;99;266;567;588;27;7.18;7.18;7.18;7.18;26;0;0;0;0;14.2;79;25;4.6;31;-;17;31;855;4668;42;5000.0;136.9;141.6;29;30;40;0;0;0;
2026.08.27;19:06:09.6;0.05;0.05;458;625;47;79;99;266;231;252;27;7.18;7.18;7.18;7.18;12;0;0;0;0;14.2;79;25;4.6;33;-;14;31;855;4668;0;5000.0;48.2;50.5;0;0;0;0;0;1;
2026.08.27;19:06:10.1;0.00;0.00;4;19;17;78;0;266;231;252;27;0.00;0.00;0.00;0.00;48;0;0;0;0;14.2;79;25;4.6;33;-;14;31;855;3487;0;5000.0;48.2;50.5;0;0;0;0;0;1;
2026.08.27;19:06:10.5;0.02;0.02;48;78;6;77;10;266;504;315;27;10.43;10.43;10.43;10.43;48;0;0;0;0;14.2;79;25;4.6;32;-;14;31;855;3487;39;5000.0;59.0;40.3;0;0;0;0;0;1;
2026.08.27;19:06:11.0;0.02;0.02;48;78;6;77;10;266;840;819;27;10.43;10.43;10.43;10.43;11;0;0;0;0;14.2;79;25;4.6;34;-;14;31;855;2598;48;5000.0;109.1;104.6;39;40;37;0;0;0;
2026.08.27;19:06:11.4;0.10;0.10;781;693;6;74;33;266;840;819;27;11.27;11.27;11.27;11.27;21;0;0;0;0;14.2;79;25;4.6;34;-;14;31;855;2776;48;5000.0;109.1;104.6;39;40;37;0;0;0;
2026.08.27;19:06:11.9;0.06;0.06;419;649;6;72;84;266;840;819;27;11.25;11.25;11.25;11.25;21;0;0;0;0;14.2;79;25;4.6;37;-;14;31;855;2776;48;5000.0;121.5;119.3;37;38;40;0;0;0;
2026.08.27;19:06:12.3;0.06;0.06;419;649;6;72;84;266;840;840;27;11.25;11.25;11.25;11.25;22;0;0;0;0;14.1;80;25;4.6;37;-;14;31;855;2974;48;5000.0;134.2;132.7;36;36;43;0;0;0;
2026.08.27;19:06:12.8;-0.01;-0.01;698;654;5;68;99;266;840;840;27;10.93;10.93;10.93;10.93;22;0;0;0;0;14.1;80;25;4.6;40;-;14;31;855;3193;50;5000.0;134.2;132.7;36;36;43;0;0;0;
2026.08.27;19:06:13.2;-0.01;-0.01;698;654;5;68;99;266;714;840;27;10.93;10.93;10.93;10.93;18;0;0;0;0;14.1;80;25;4.6;42;-;14;31;855;3193;29;5000.0;118.5;139.0;36;36;39;0;0;0;
2026.08.27;19:06:13.7;-0.02;-0.02;893;805;3;65;20;266;714;840;27;3.86;3.86;3.86;3.86;18;0;0;0;0;14.1;80;25;4.6;42;-;14;31;855;3237;29;5000.0;118.5;139.0;36;36;39;0;0;0;
2026.08.27;19:06:14.1;-0.07;-0.07;908;878;0;64;14;266;210;231;27;1.70;1.70;1.70;1.70;18;0;0;0;0;14.2;80;25;4.6;41;-;14;31;855;3043;0;5000.0;24.7;27.4;0;0;0;0;0;0;
2026.08.27;19:06:14.6;-0.07;-0.07;908;878;0;64;14;266;210;231;27;1.70;1.70;1.70;1.70;12;0;0;0;0;14.2;80;25;4.6;38;-;14;31;855;3043;0;5000.0;23.0;24.6;0;0;0;0;1;0;
2026.08.27;19:06:15.0;-0.08;-0.08;68;605;0;63;14;266;210;231;27;1.71;1.71;1.71;1.71;-17;0;0;0;0;14.2;80;25;4.6;38;-;14;31;855;2609;0;4886.0;23.0;24.6;0;0;0;0;1;0;
2026.08.27;19:06:15.5;0.00;0.00;4;4;0;60;0;266;210;231;27;0.00;0.00;0.00;0.00;-17;0;0;0;0;14.2;80;25;4.6;30;-;14;31;855;2609;0;4886.0;19.0;20.8;0;0;0;0;0;0;
2026.08.27;19:06:15.9;0.00;0.00;4;4;0;60;0;283;399;294;27;0.00;0.00;0.00;0.00;18;0;0;0;0;14.2;81;26;4.6;30;-;14;31;855;2170;0;3664.0;34.3;26.3;0;0;0;0;0;0;
2026.08.27;19:06:16.4;0.00;0.00;625;698;1;60;0;283;399;294;27;8.77;8.77;8.77;8.77;18;0;0;0;0;14.2;81;26;4.5;27;-;14;31;855;2103;28;5000.0;34.3;26.3;0;0;0;0;0;0;
2026.08.27;19:06:16.8;0.07;0.00;625;698;1;60;0;283;840;798;27;8.77;8.77;8.77;8.77;7;0;0;0;0;14.2;81;26;4.5;28;-;14;31;855;2103;45;5000.0;85.8;81.2;37;37;41;0;0;0;
2026.08.27;19:06:17.3;0.07;0.07;68;63;5;58;17;283;840;819;27;10.82;10.82;10.82;10.82;21;0;0;0;0;14.2;81;26;4.5;28;-;14;31;855;2244;45;3349.0;94.4;91.3;37;37;50;0;0;0;
2026.08.27;19:06:17.7;0.09;0.09;249;498;7;57;44;283;840;819;27;11.13;11.13;11.13;11.13;21;0;0;0;0;14.2;81;26;4.5;30;-;14;31;855;2426;48;5000.0;94.4;91.3;37;37;50;0;0;0;
2026.08.27;19:06:18.2;0.09;0.09;151;190;9;56;97;283;840;819;27;11.16;11.16;11.16;11.16;21;0;0;0;0;14.2;81;26;4.5;32;-;14;31;855;2426;52;5000.0;103.0;101.0;38;38;41;0;0;0;
2026.08.27;19:06:18.6;0.09;0.09;151;190;9;56;97;283;840;840;27;11.16;11.16;11.16;11.16;15;0;0;0;0;14.2;81;26;4.5;32;-;14;31;855;2604;52;5000.0;112.2;110.8;39;38;59;0;0;0;
2026.08.27;19:06:19.1;0.04;0.04;869;766;10;53;24;283;840;840;27;6.61;6.61;6.61;6.61;15;0;0;0;0;14.2;82;26;4.5;35;-;14;31;855;2706;35;4210.0;112.2;110.8;39;38;59;0;0;0;
2026.08.27;19:06:19.5;0.04;0.04;869;766;10;53;24;283;294;336;27;6.61;6.61;6.61;6.61;11;0;0;0;0;14.2;82;26;4.5;35;-;11;31;855;2706;18;4210.0;29.6;34.3;0;0;0;0;0;0;
2026.08.27;19:06:20.0;-0.01;-0.01;913;869;9;52;14;283;294;336;27;2.36;2.36;2.36;2.36;30;0;0;0;0;14.2;82;26;4.5;35;-;11;31;855;2663;18;3145.0;29.6;34.3;0;0;0;0;0;0;
2026.08.27;19:06:20.4;-0.06;-0.06;849;834;13;52;16;283;294;294;27;2.36;2.36;2.36;2.36;30;0;0;0;0;14.2;82;26;4.5;34;-;11;31;855;2663;18;3145.0;28.8;28.6;0;0;0;0;0;0;
2026.08.27;19:06:20.9;-0.06;-0.06;849;834;13;52;16;283;294;294;27;2.36;2.36;2.36;2.36;30;0;0;0;0;14.1;82;26;4.5;34;-;11;31;855;2581;18;5000.0;29.1;29.0;0;0;0;0;0;0;
2026.08.27;19:06:21.3;-0.01;-0.01;68;68;17;50;18;283;294;294;27;2.56;2.56;2.56;2.56;30;0;0;0;0;14.1;82;26;4.5;33;-;11;31;855;2514;18;3077.0;29.1;29.0;0;0;0;0;0;0;
2026.08.27;19:06:21.8;-0.00;-0.00;63;166;21;50;19;283;294;294;27;2.64;2.64;2.64;2.64;29;0;0;0;0;14.1;82;26;4.5;32;-;11;31;855;2514;18;3077.0;29.1;29.0;0;0;0;0;0;0;
2026.08.27;19:06:22.2;-0.00;-0.00;63;166;21;50;19;283;315;315;27;2.64;2.64;2.64;2.64;29;0;0;0;0;14.1;82;26;4.5;32;-;11;31;855;2456;18;2453.0;30.7;30.4;0;0;0;0;0;0;
2026.08.27;19:06:22.7;0.01;0.01;712;629;24;48;22;273;315;315;27;2.98;2.98;2.98;2.98;29;0;0;0;0;14.2;83;26;4.4;31;-;11;31;855;2396;20;3304.0;30.7;30.4;0;0;0;0;0;0;
2026.08.27;19:06:23.1;0.10;0.10;205;102;29;48;34;273;462;441;27;4.73;4.73;4.73;4.73;28;0;0;0;0;14.2;83;26;4.4;31;-;11;31;855;2396;25;3304.0;45.0;42.1;0;0;0;0;0;0;
2026.08.27;19:06:23.6;0.10;0.10;205;102;29;48;34;273;462;462;27;4.73;4.73;4.73;4.73;27;0;0;0;0;14.2;83;26;4.4;31;-;11;31;855;2386;25;5000.0;44.4;44.1;0;0;0;0;0;0;
2026.08.27;19:06:24.0;0.06;0.06;78;170;33;48;36;273;462;462;27;4.38;4.38;4.38;4.38;27;0;0;0;0;14.2;83;26;4.4;31;-;11;31;855;2401;25;4899.0;44.4;44.1;0;0;0;0;0;0;
2026.08.27;19:06:24.5;0.08;0.08;97;97;36;48;40;273;462;462;27;4.48;4.48;4.48;4.48;27;0;0;0;0;14.2;83;26;4.4;31;-;16;31;855;2401;25;4899.0;45.3;44.9;0;0;0;0;0;0;
2026.08.27;19:06:24.9;0.08;0.08;97;97;36;48;40;273;462;462;27;4.48;4.48;4.48;4.48;27;0;0;0;0;14.2;83;26;4.4;31;-;16;31;855;2401;25;4988.0;44.8;44.9;0;0;0;0;0;0;
2026.08.27;19:06:25.4;0.09;0.09;112;102;40;48;42;273;462;462;27;4.41;4.41;4.41;4.41;27;0;0;0;0;14.2;83;26;4.4;31;-;16;31;855;2421;25;5000.0;44.8;44.9;0;0;0;0;0;0;
2026.08.27;19:06:25.8;0.09;0.09;810;703;40;48;43;273;567;609;27;4.48;4.48;4.48;4.48;25;0;0;0;0;14.2;83;26;4.4;31;-;16;31;855;2421;27;5000.0;61.3;65.5;20;16;33;0;0;0;
2026.08.27;19:06:26.3;0.09;0.09;810;703;40;48;43;273;336;378;27;4.48;4.48;4.48;4.48;25;0;0;0;0;14.2;84;26;4.4;31;-;16;31;855;2446;27;4113.0;32.3;35.4;0;0;0;0;0;0;
2026.08.27;19:06:26.7;0.04;0.04;791;756;41;48;33;273;336;378;27;2.85;2.85;2.85;2.85;25;0;0;0;0;14.2;84;26;4.4;31;-;16;31;855;2406;19;3083.0;32.3;35.4;0;0;0;0;0;0;
2026.08.27;19:06:27.2;-0.00;-0.00;639;708;42;48;31;273;315;315;27;2.54;2.54;2.54;2.54;30;0;0;0;0;14.2;84;26;4.4;31;-;16;31;855;2406;18;3083.0;28.5;29.3;0;0;0;0;0;0;
2026.08.27;19:06:27.6;-0.00;-0.00;639;708;42;48;31;273;315;315;27;2.54;2.54;2.54;2.54;30;0;0;0;0;14.2;84;26;4.4;31;-;16;31;855;2357;18;5000.0;27.8;28.5;0;0;0;0;0;0;
2026.08.27;19:06:28.1;0.01;0.01;87;537;44;48;33;273;315;315;27;2.58;2.58;2.58;2.58;30;0;0;0;0;14.2;84;26;4.4;30;-;16;31;855;2288;17;3408.0;27.8;28.5;0;0;0;0;0;0;
2026.08.27;19:06:28.5;0.01;0.01;87;537;44;48;33;273;315;315;27;2.58;2.58;2.58;2.58;30;0;0;0;0;14.2;84;26;4.4;29;-;16;31;855;2288;17;3408.0;27.9;28.6;0;0;0;0;0;0;
2026.08.27;19:06:29.0;0.05;0.05;73;107;45;47;35;273;315;315;27;2.76;2.76;2.76;2.76;29;0;0;0;0;14.2;84;26;4.4;29;-;16;31;855;2249;17;2381.0;27.9;28.6;0;0;0;0;0;0;
2026.08.27;19:06:29.4;0.07;0.07;78;107;48;47;39;273;336;336;27;3.14;3.14;3.14;3.14;29;0;0;0;0;14.2;84;26;4.4;29;-;14;31;855;2249;19;2381.0;27.9;28.2;0;0;0;0;0;0;
2026.08.27;19:06:29.9;0.07;0.07;78;107;48;47;39;273;525;441;27;3.14;3.14;3.14;3.14;23;0;0;0;0;14.2;85;27;4.4;29;-;14;31;855;2202;19;5000.0;45.9;39.4;0;0;0;0;0;0;
2026.08.27;19:06:30.4;0.13;0.13;87;92;49;48;76;273;525;441;27;6.56;6.56;6.56;6.56;23;0;0;0;0;14.2;85;27;4.4;28;-;14;31;855;2240;28;3882.0;45.9;39.4;0;0;0;0;0;0;
2026.08.27;19:06:30.8;0.13;0.13;87;92;49;48;76;273;609;630;27;6.56;6.56;6.56;6.56;16;0;0;0;0;14.2;85;27;4.4;29;-;14;31;855;2240;32;3882.0;65.9;67.6;27;25;66;0;0;0;
2026.08.27;19:06:31.3;0.08;0.08;73;175;50;50;88;273;609;630;27;7.23;7.23;7.23;7.23;21;0;0;0;0;14.2;85;27;4.4;29;-;14;31;855;2353;32;5000.0;65.9;67.6;27;25;66;0;0;0;
2026.08.27;19:06:31.7;0.08;0.08;791;688;48;50;67;273;609;630;27;5.87;5.87;5.87;5.87;21;0;0;0;0;14.2;85;27;4.4;31;-;14;31;855;2353;29;5000.0;68.3;70.9;26;27;41;0;0;0;
2026.08.27;19:06:32.2;0.08;0.08;791;688;48;50;67;273;525;525;27;5.87;5.87;5.87;5.87;22;0;0;0;0;14.2;85;27;4.4;32;-;14;31;855;2467;26;5000.0;51.2;52.7;0;0;0;0;0;0;
2026.08.27;19:06:32.6;0.04;0.04;693;654;45;51;50;273;525;525;27;4.65;4.65;4.65;4.65;27;0;0;0;0;14.2;85;27;4.4;32;-;14;31;855;2493;26;5000.0;51.2;52.7;0;0;0;0;0;0;
2026.08.27;19:06:33.1;0.02;0.02;322;527;45;51;43;273;483;483;27;4.23;4.23;4.23;4.23;27;0;0;0;0;14.2;85;27;4.4;32;-;14;31;855;2493;25;5000.0;47.3;47.7;0;0;0;0;0;0;
2026.08.27;19:06:33.5;0.02;0.02;322;527;45;51;43;273;462;462;27;4.23;4.23;4.23;4.23;27;0;0;0;0;14.2;86;27;4.4;32;-;14;31;855;2520;25;4357.0;47.4;47.5;0;0;0;0;0;0;
2026.08.27;19:06:34.0;0.04;0.04;507;541;45;51;37;273;462;462;27;4.07;4.07;4.07;4.07;27;0;0;0;0;14.2;86;27;4.4;33;-;14;31;855;2536;25;5000.0;47.4;47.5;0;0;0;0;0;0;
2026.08.27;19:06:34.4;-0.03;-0.03;683;722;45;51;22;273;315;357;27;2.50;2.50;2.50;2.50;21;0;0;0;0;14.2;86;27;4.4;33;-;10;31;855;2536;18;5000.0;30.8;33.7;0;0;0;0;0;0;
2026.08.27;19:06:34.9;-0.03;-0.03;683;722;45;51;22;273;294;294;27;2.50;2.50;2.50;2.50;31;0;0;0;0;14.2;86;27;4.4;33;-;10;31;855;2482;18;5000.0;26.7;27.5;0;0;0;0;0;0;
2026.08.27;19:06:35.3;-0.04;-0.04;97;644;46;51;19;273;294;294;27;2.43;2.43;2.43;2.43;31;0;0;0;0;14.2;86;27;4.3;32;-;10;31;855;2411;17;5000.0;26.7;27.5;0;0;0;0;0;0;
2026.08.27;19:06:35.8;-0.04;-0.04;97;644;46;51;19;273;294;294;27;2.43;2.43;2.43;2.43;31;0;0;0;0;14.2;86;27;4.3;31;-;10;31;855;2411;17;5000.0;27.3;27.8;0;0;0;0;0;0;
2026.08.27;19:06:36.2;-0.03;-0.03;747;703;47;51;19;273;294;294;27;2.60;2.60;2.60;2.60;30;0;0;0;0;14.2;86;27;4.3;31;-;10;31;855;2325;17;3189.0;27.3;27.8;0;0;0;0;0;0;
2026.08.27;19:06:36.7;-0.01;-0.01;78;224;49;51;17;273;315;315;27;2.79;2.79;2.79;2.79;30;0;0;0;0;14.2;86;27;4.3;30;-;10;31;855;2325;17;3189.0;27.8;27.6;0;0;0;0;0;0;
2026.08.27;19:06:37.1;-0.01;-0.01;78;224;49;51;17;273;294;315;27;2.79;2.79;2.79;2.79;30;0;0;0;0;14.2;86;27;4.3;30;-;10;31;855;2266;17;4298.0;25.5;26.4;0;0;0;0;0;0;
2026.08.27;19:06:37.6;-0.01;-0.01;795;727;50;51;14;273;294;315;27;2.64;2.64;2.64;2.64;30;0;0;0;0;14.2;86;27;4.3;29;-;10;31;855;2202;16;5000.0;25.5;26.4;0;0;0;0;0;0;
2026.08.27;19:06:38.0;-0.03;-0.03;781;478;51;51;12;273;273;273;27;2.29;2.29;2.29;2.29;30;0;0;0;0;14.2;86;27;4.3;28;-;10;31;855;2202;14;5000.0;21.6;22.6;0;0;0;0;0;0;
2026.08.27;19:06:38.5;-0.03;-0.03;781;478;51;51;12;273;210;231;27;2.29;2.29;2.29;2.29;20;0;0;0;0;14.2;86;27;4.3;28;-;10;31;855;2146;14;4799.0;15.8;18.1;0;0;0;0;0;0;
2026.08.27;19:06:38.9;-0.09;-0.09;224;703;52;51;9;273;210;231;27;1.69;1.69;1.69;1.69;20;0;0;0;0;14.2;86;27;4.3;27;-;10;31;855;2052;0;4361.0;15.8;18.1;0;0;0;0;0;0;
2026.08.27;19:06:39.4;-0.09;-0.09;224;703;52;51;9;273;210;231;27;1.69;1.69;1.69;1.69;19;0;0;0;0;14.2;86;27;4.3;25;-;14;31;855;2052;0;4361.0;14.7;15.9;0;0;0;0;1;1;
2026.08.27;19:06:39.8;0.00;0.00;34;654;52;51;0;273;210;231;27;0.00;0.00;0.00;0.00;0;0;0;0;0;14.2;86;27;4.3;25;-;14;31;855;1605;0;4166.0;9.7;10.6;0;0;0;0;1;1;
2026.08.27;19:06:40.3;0.00;0.00;185;14;54;50;0;273;210;231;27;1.98;1.98;1.98;1.98;0;0;0;0;0;14.2;87;28;4.3;21;-;14;31;855;1075;0;1917.0;9.7;10.6;0;0;0;0;1;1;
2026.08.27;19:06:40.7;0.00;0.00;185;14;54;50;0;273;273;231;27;1.98;1.98;1.98;1.98;9;0;0;0;0;14.2;87;28;4.3;17;-;14;31;855;1075;0;1917.0;8.5;7.0;0;0;0;0;1;1;
2026.08.27;19:06:41.2;-0.00;-0.00;883;839;57;52;0;273;273;231;27;2.75;2.75;2.75;2.75;0;0;0;0;0;14.2;87;28;4.3;17;-;14;31;855;864;0;1793.0;8.5;7.0;0;0;0;0;1;1;
2026.08.27;19:06:41.6;-0.01;-0.01;820;834;58;52;0;273;378;378;27;3.10;3.10;3.10;3.10;0;0;0;0;0;13.9;87;28;4.3;12;-;14;31;855;876;0;1676.0;12.2;12.3;0;0;0;0;1;0;
2026.08.27;19:06:42.1;-0.01;-0.01;820;834;58;52;0;273;315;336;27;3.10;3.10;3.10;3.10;-6;0;0;0;0;13.9;87;28;4.3;8;-;14;31;855;876;0;1676.0;9.1;9.5;0;0;0;0;1;0;
2026.08.27;19:06:42.5;-0.02;-0.02;825;825;59;50;0;273;315;336;27;2.62;2.62;2.62;2.62;0;0;0;0;0;13.9;87;28;4.3;8;-;14;31;855;799;0;1229.0;9.1;9.5;0;0;0;0;1;0;
2026.08.27;19:06:43.0;-0.04;-0.04;834;844;60;50;0;273;315;315;27;2.53;2.53;2.53;2.53;0;0;0;0;0;13.9;87;28;4.3;4;-;14;31;855;799;0;1229.0;8.8;8.6;0;0;0;0;1;0;
2026.08.27;19:06:43.4;-0.04;-0.04;834;844;60;50;0;273;336;315;27;2.53;2.53;2.53;2.53;0;0;0;0;0;13.9;87;28;4.3;2;-;14;31;855;767;0;1181.0;8.6;8.4;0;0;0;0;1;0;
2026.08.27;19:06:43.9;-0.07;-0.07;751;815;61;50;0;259;336;315;27;2.50;2.50;2.50;2.50;4;0;0;0;0;14.1;88;28;4.3;2;-;14;31;855;751;0;1159.0;8.6;8.4;0;0;0;0;1;0;
2026.08.27;19:06:44.3;-0.04;-0.04;63;112;63;50;0;259;357;336;27;2.78;2.78;2.78;2.78;4;0;0;0;0;14.1;88;28;4.3;0;-;13;31;855;751;0;1159.0;9.1;8.7;0;0;0;0;1;0;
2026.08.27;19:06:44.8;-0.04;-0.04;63;112;63;50;0;259;357;357;27;2.78;2.78;2.78;2.78;-1;0;0;0;0;14.1;88;28;4.3;0;-;13;31;855;744;0;1569.0;9.3;9.0;0;0;0;0;1;0;
2026.08.27;19:06:45.2;-0.03;-0.03;83;73;64;50;0;259;357;357;27;2.81;2.81;2.81;2.81;-1;0;0;0;0;14.1;88;28;4.3;0;-;13;31;855;749;0;1173.0;9.3;9.0;0;0;0;0;1;0;
2026.08.27;19:06:45.7;-0.03;-0.03;83;73;64;50;0;259;357;357;27;2.81;2.81;2.81;2.81;-3;0;0;0;0;14.1;88;28;4.3;0;-;13;31;855;749;0;1173.0;9.1;8.9;0;0;0;0;1;1;
2026.08.27;19:06:46.1;-0.02;-0.02;190;97;65;50;0;259;357;357;27;2.78;2.78;2.78;2.78;0;0;0;0;0;14.1;88;28;4.3;0;-;13;31;855;750;0;1643.0;9.1;8.9;0;0;0;0;1;1;
2026.08.27;19:06:46.6;-0.04;-0.04;786;751;0;0;0;259;357;336;27;2.76;2.76;2.76;2.76;0;0;0;0;0;14.1;88;28;4.3;0;-;13;31;855;745;0;1270.0;9.4;8.8;0;0;0;0;1;1;
2026.08.27;19:06:47.0;-0.04;-0.04;786;751;0;0;0;259;693;357;27;2.76;2.76;2.76;2.76;-4;0;0;0;0;14.1;88;28;4.3;0;-;13;31;855;745;13;1270.0;18.6;9.3;0;0;0;0;0;1;
2026.08.27;19:06:47.5;-0.05;-0.05;58;126;64;48;0;259;693;357;27;8.85;8.85;8.85;8.85;19;0;0;0;0;14.1;88;28;4.3;0;-;13;31;855;1502;13;2143.0;18.6;9.3;0;0;0;0;0;1;
2026.08.27;19:06:47.9;-0.02;-0.02;53;68;66;50;0;259;294;378;27;3.19;3.19;3.19;3.19;19;0;0;0;0;14.1;88;28;4.3;0;-;13;31;855;1502;20;2143.0;23.6;30.5;0;0;0;0;0;1;
2026.08.27;19:06:48.4;-0.02;-0.02;53;68;66;50;0;259;567;630;27;3.19;3.19;3.19;3.19;18;0;0;0;0;14.2;88;28;4.3;0;-;13;31;855;1671;20;3585.0;45.4;49.5;22;18;25;0;0;1;
2026.08.27;19:06:48.8;0.00;0.00;68;68;67;52;0;259;567;630;27;6.08;6.08;6.08;6.08;18;0;0;0;0;14.2;88;28;4.3;1;-;13;31;855;1662;27;3565.0;45.4;49.5;22;18;25;0;0;1;
2026.08.27;19:06:49.3;0.00;0.00;68;68;67;52;0;259;588;609;27;6.08;6.08;6.08;6.08;18;0;0;0;0;14.2;88;28;4.3;5;-;11;31;855;1662;22;3565.0;45.7;47.6;19;19;41;0;0;1;
2026.08.27;19:06:49.7;0.02;0.02;87;175;67;54;0;259;588;609;27;4.97;4.97;4.97;4.97;7;0;0;0;0;14.2;88;28;4.3;5;-;11;31;855;1413;22;2116.0;45.7;47.6;19;19;41;0;0;1;
2026.08.27;19:06:50.2;0.01;0.01;717;683;68;54;0;259;546;525;27;5.17;5.17;5.17;5.17;7;0;0;0;0;14.2;88;28;4.3;8;-;11;31;855;1413;10;2116.0;22.3;22.1;0;0;0;0;0;1;
2026.08.27;19:06:50.6;0.01;0.01;717;683;68;54;0;259;420;504;27;5.17;5.17;5.17;5.17;3;0;0;0;0;14.2;88;28;4.3;8;-;11;31;855;1176;10;2392.0;19.0;22.4;0;0;0;0;0;1;
2026.08.27;19:06:51.1;0.01;0.01;791;708;69;55;0;326;420;504;27;3.62;3.62;3.62;3.62;10;0;0;0;0;14.2;87;28;4.3;8;-;11;31;855;1241;10;2390.0;19.0;22.4;0;0;0;0;0;1;
2026.08.27;19:06:51.5;-0.03;-0.03;786;771;70;54;0;326;357;357;27;2.90;2.90;2.90;2.90;10;0;0;0;0;14.2;87;28;4.3;9;-;11;31;855;1241;10;2390.0;15.7;16.5;0;0;0;0;0;1;
2026.08.27;19:06:52.0;-0.03;-0.03;786;771;70;54;0;326;357;357;27;2.90;2.90;2.90;2.90;19;0;0;0;0;14.2;87;28;4.3;9;-;11;31;855;1215;10;1588.0;15.7;15.2;0;0;0;0;0;1;
2026.08.27;19:06:52.4;-0.07;-0.07;659;737;70;54;0;326;357;357;27;2.89;2.89;2.89;2.89;18;0;0;0;0;14.2;87;28;4.3;8;-;11;31;855;1161;10;1889.0;15.7;15.2;0;0;0;0;0;1;
2026.08.27;19:06:52.9;-0.03;-0.03;68;68;73;55;0;326;378;357;27;3.07;3.07;3.07;3.07;18;0;0;0;0;14.2;87;28;4.3;8;-;11;31;855;1161;10;1889.0;15.4;14.8;0;0;0;0;0;1;
2026.08.27;19:06:53.3;-0.03;-0.03;68;68;73;55;0;326;399;378;27;3.07;3.07;3.07;3.07;18;0;0;0;0;14.2;87;28;4.3;8;-;11;31;855;1107;10;1704.0;15.3;14.6;0;0;0;0;0;1;
2026.08.27;19:06:53.8;0.00;0.00;117;117;74;56;0;326;399;378;27;3.31;3.31;3.31;3.31;18;0;0;0;0;14.2;87;28;4.3;7;-;11;31;855;1067;10;2996.0;15.3;14.6;0;0;0;0;0;1;
2026.08.27;19:06:54.2;0.00;0.00;117;117;74;56;0;326;399;378;27;3.31;3.31;3.31;3.31;17;0;0;0;0;14.2;87;28;4.3;7;-;13;31;855;1067;10;2996.0;15.3;14.9;0;0;0;0;0;1;
2026.08.27;19:06:54.7;-0.04;-0.04;629;693;75;56;0;326;399;378;27;3.28;3.28;3.28;3.28;17;0;0;0;0;14.2;83;27;4.3;7;-;13;31;855;1045;10;1589.0;15.3;14.9;0;0;0;0;0;1;
2026.08.27;19:06:55.1;0.00;0.00;83;73;76;56;0;326;399;399;27;3.43;3.43;3.43;3.43;17;0;0;0;0;14.2;83;27;4.3;7;-;13;31;855;1045;10;1589.0;15.2;14.6;0;0;0;0;0;1;
2026.08.27;19:06:55.6;0.00;0.00;83;73;76;56;0;326;399;399;27;3.43;3.43;3.43;3.43;17;0;0;0;0;14.2;83;27;4.3;7;-;13;31;855;1031;10;1210.0;14.7;14.3;0;0;0;0;0;1;
2026.08.27;19:06:56.0;-0.01;-0.01;751;649;77;56;0;326;399;399;27;3.38;3.38;3.38;3.38;17;0;0;0;0;14.2;83;27;4.3;7;-;13;31;855;1021;10;1195.0;14.7;14.3;0;0;0;0;0;1;
2026.08.27;19:06:56.5;-0.03;-0.03;92;283;0;0;0;326;399;399;27;3.26;3.26;3.26;3.26;17;0;0;0;0;14.2;83;27;4.3;7;-;13;31;855;1021;10;1195.0;14.3;13.8;0;0;0;0;0;1;
2026.08.27;19:06:56.9;-0.03;-0.03;92;283;0;0;0;326;399;399;27;3.26;3.26;3.26;3.26;16;0;0;0;0;14.1;83;27;4.3;7;-;13;31;855;975;10;1938.0;14.4;13.9;0;0;0;0;0;1;
2026.08.27;19:06:57.4;0.01;0.01;97;73;79;58;0;326;399;399;27;3.48;3.48;3.48;3.48;16;0;0;0;0;14.1;83;27;4.3;7;-;13;31;855;972;9;1373.0;14.4;13.9;0;0;0;0;0;1;
2026.08.27;19:06:57.9;0.01;0.01;97;73;79;58;0;326;273;378;27;3.48;3.48;3.48;3.48;16;0;0;0;0;14.1;83;27;4.3;6;-;13;31;855;972;0;1373.0;9.2;12.3;0;0;0;0;0;1;
2026.08.27;19:06:58.3;-0.02;-0.02;795;732;80;58;0;302;273;378;27;1.94;1.94;1.94;1.94;17;0;0;0;0;14.1;81;26;4.3;6;-;13;31;855;821;0;1230.0;9.2;12.3;0;0;0;0;0;1;
2026.08.27;19:06:58.8;-0.03;-0.03;844;839;79;57;0;302;336;273;27;2.46;2.46;2.46;2.46;17;0;0;0;0;14.1;81;26;4.3;5;-;13;31;855;821;0;1230.0;8.8;7.6;0;0;0;0;0;1;
2026.08.27;19:06:59.2;-0.03;-0.03;844;839;79;57;0;302;315;315;27;2.46;2.46;2.46;2.46;2;0;0;0;0;14.1;81;26;4.3;4;-;14;31;855;792;0;942.0;8.5;8.2;0;0;0;0;0;1;
2026.08.27;19:06:59.7;-0.03;-0.03;825;854;80;58;3;302;315;315;27;2.41;2.41;2.41;2.41;4;0;0;0;0;14.1;81;26;4.3;4;-;14;31;855;769;0;1494.0;8.5;8.2;0;0;0;0;0;1;
2026.08.27;19:07:00.1;-0.05;-0.05;800;839;81;58;8;302;441;315;27;6.26;6.26;6.26;6.26;4;0;0;0;0;14.1;81;26;4.3;2;-;14;31;855;769;8;1494.0;11.9;8.6;0;0;0;0;0;1;
2026.08.27;19:07:00.6;-0.05;-0.05;800;839;81;58;8;302;315;567;27;6.26;6.26;6.26;6.26;13;0;0;0;0;14.1;81;26;4.3;2;-;14;31;855;869;8;1333.0;25.2;42.4;9;18;3;0;0;1;
2026.08.27;19:07:01.0;-0.03;-0.03;107;161;80;59;9;302;315;567;27;2.71;2.71;2.71;2.71;13;0;0;0;0;14.2;81;26;4.3;1;-;14;31;855;2100;19;3826.0;25.2;42.4;9;18;3;0;0;1;
2026.08.27;19:07:01.5;0.03;0.03;107;78;79;59;14;302;441;336;27;5.14;5.14;5.14;5.14;30;0;0;0;0;14.2;81;26;4.3;2;-;14;31;855;2100;22;3826.0;31.5;24.6;0;0;0;0;0;1;
2026.08.27;19:07:01.9;0.03;0.03;107;78;79;59;14;302;483;525;27;5.14;5.14;5.14;5.14;22;0;0;0;0;14.2;80;25;4.3;2;-;14;31;855;1632;22;2404.0;32.0;35.9;0;0;0;0;0;1;
2026.08.27;19:07:02.4;0.00;0.00;756;742;78;61;13;302;483;525;27;4.06;4.06;4.06;4.06;22;0;0;0;0;14.2;80;25;4.3;3;-;14;31;855;1618;20;3465.0;32.0;35.9;0;0;0;0;0;1;
2026.08.27;19:07:02.8;0.00;0.00;756;742;78;61;13;302;546;441;27;4.06;4.06;4.06;4.06;23;0;0;0;0;14.2;80;25;4.3;5;-;14;31;855;1618;14;3465.0;28.1;23.8;0;0;0;0;0;1;
2026.08.27;19:07:03.3;0.04;0.04;131;97;77;62;16;302;546;441;27;5.11;5.11;5.11;5.11;12;0;0;0;0;14.2;80;25;4.3;5;-;14;31;855;1422;14;3048.0;28.1;23.8;0;0;0;0;0;1;
2026.08.27;19:07:03.7;-0.02;-0.02;737;708;78;63;11;302;273;336;27;2.30;2.30;2.30;2.30;12;0;0;0;0;14.2;80;25;4.3;5;-;14;31;855;1422;8;3048.0;15.1;18.7;0;0;0;0;0;1;
2026.08.27;19:07:04.2;-0.02;-0.02;737;708;78;63;11;302;525;357;27;2.30;2.30;2.30;2.30;15;0;0;0;0;14.2;80;25;4.3;5;-;14;31;855;1225;8;2764.0;18.8;13.1;0;0;0;0;0;1;
2026.08.27;19:07:04.6;-0.04;-0.04;766;805;79;63;17;302;525;357;27;4.67;4.67;4.67;4.67;-8;0;0;0;0;14.2;80;25;4.3;5;-;13;31;855;987;6;1190.0;18.8;13.1;0;0;0;0;0;1;
2026.08.27;19:07:05.1;-0.02;-0.02;87;73;80;64;14;302;504;567;27;3.80;3.80;3.80;3.80;-8;0;0;0;0;14.2;80;25;4.3;5;-;13;31;855;987;1;1190.0;20.9;23.6;0;0;0;0;0;1;
2026.08.27;19:07:05.5;-0.02;-0.02;87;73;80;64;14;292;504;567;27;3.80;3.80;3.80;3.80;-9;0;0;0;0;14.2;78;25;4.3;5;-;13;31;855;1089;1;1447.0;20.9;23.6;0;0;0;0;0;1;
2026.08.27;19:07:06.0;-0.03;-0.03;786;668;79;64;12;292;336;357;27;2.57;2.57;2.57;2.57;-9;0;0;0;0;14.2;78;25;4.3;4;-;13;31;855;1089;0;1447.0;11.2;12.4;0;0;0;0;0;1;
2026.08.27;19:07:06.4;-0.03;-0.03;786;668;79;64;12;292;336;336;27;2.57;2.57;2.57;2.57;-1;0;0;0;0;14.2;78;25;4.3;3;-;13;31;855;941;0;1707.0;11.0;10.9;0;0;0;0;0;1;
2026.08.27;19:07:06.9;-0.03;-0.03;805;805;79;64;13;292;336;336;27;2.51;2.51;2.51;2.51;-5;0;0;0;0;14.2;78;25;4.3;3;-;13;31;855;930;0;1572.0;11.0;10.9;0;0;0;0;0;1;
2026.08.27;19:07:07.3;-0.04;-0.04;815;830;80;65;12;292;315;315;27;2.41;2.41;2.41;2.41;-5;0;0;0;0;14.2;78;25;4.3;1;-;13;31;855;930;0;1572.0;9.2;9.5;0;0;0;0;1;1;
2026.08.27;19:07:07.8;-0.04;-0.04;815;830;80;65;12;292;336;336;27;2.41;2.41;2.41;2.41;-2;0;0;0;0;14.0;78;25;4.3;1;-;13;31;855;798;0;1206.0;9.1;9.1;0;0;0;0;1;1;
2026.08.27;19:07:08.2;-0.05;-0.05;800;834;80;65;12;292;336;336;27;2.48;2.48;2.48;2.48;-4;0;0;0;0;14.0;78;25;4.3;0;-;13;31;855;770;0;1776.0;9.1;9.1;0;0;0;0;1;1;
2026.08.27;19:07:08.7;-0.06;-0.06;766;810;80;65;14;292;378;336;27;2.59;2.59;2.59;2.59;-4;0;0;0;0;14.0;78;25;4.3;0;-;13;31;855;770;0;1776.0;9.9;9.1;0;0;0;0;1;0;
2026.08.27;19:07:09.1;-0.06;-0.06;766;810;80;65;14;292;378;357;27;2.59;2.59;2.59;2.59;-2;0;0;0;0;14.0;78;25;4.3;0;-;13;31;855;757;0;1331.0;9.6;9.5;0;0;0;0;1;0;
2026.08.27;19:07:09.6;-0.04;-0.04;78;351;80;65;14;292;378;357;27;2.60;2.60;2.60;2.60;-3;0;0;0;0;14.1;78;25;4.3;0;-;13;31;855;745;0;1375.0;9.6;9.5;0;0;0;0;1;0;
2026.08.27;19:07:10.0;-0.03;-0.03;229;107;81;66;14;292;357;357;27;2.45;2.45;2.45;2.45;-3;0;0;0;0;14.1;78;25;4.3;0;-;13;31;855;745;0;1375.0;9.0;9.2;0;0;0;0;1;0;
2026.08.27;19:07:10.5;-0.03;-0.03;229;107;81;66;14;292;357;336;27;2.45;2.45;2.45;2.45;-3;0;0;0;0;14.1;78;25;4.3;0;-;13;31;855;761;0;1464.0;9.0;8.9;0;0;0;0;1;0;
2026.08.27;19:07:10.9;-0.06;-0.06;732;732;81;66;14;292;357;336;27;2.37;2.37;2.37;2.37;-3;0;0;0;0;14.1;78;25;4.3;0;-;13;31;855;741;0;1677.0;9.0;8.9;0;0;0;0;1;0;
2026.08.27;19:07:11.4;-0.04;-0.04;166;502;81;66;15;292;357;336;27;2.39;2.39;2.39;2.39;-2;0;0;0;0;14.1;78;25;4.3;0;-;13;31;855;741;0;1677.0;9.1;8.8;0;0;0;0;1;0;
2026.08.27;19:07:11.8;-0.04;-0.04;166;502;81;66;15;292;357;336;27;2.39;2.39;2.39;2.39;-2;0;0;0;0;14.1;78;25;4.3;0;-;13;31;855;748;0;1234.0;9.0;8.7;0;0;0;0;1;0;
2026.08.27;19:07:12.3;-0.04;-0.04;102;87;81;66;16;331;357;336;27;2.40;2.40;2.40;2.40;-2;0;0;0;0;14.1;78;25;4.3;0;-;13;31;855;753;0;1553.0;9.0;8.7;0;0;0;0;1;0;
2026.08.27;19:07:12.7;-0.04;-0.04;102;87;81;66;16;331;357;336;27;2.40;2.40;2.40;2.40;0;0;0;0;0;14.1;78;25;4.3;0;-;13;31;855;753;0;1553.0;9.0;8.9;0;0;0;0;1;0;
2026.08.27;19:07:13.2;-0.03;-0.03;92;78;82;66;16;331;357;336;27;2.41;2.41;2.41;2.41;-2;0;0;0;0;14.1;78;25;4.3;0;-;13;31;855;750;0;1164.0;9.0;8.9;0;0;0;0;1;0;
2026.08.27;19:07:13.6;-0.02;-0.02;83;68;81;66;16;331;336;336;27;2.36;2.36;2.36;2.36;-2;0;0;0;0;14.2;78;25;4.3;0;-;13;31;855;746;0;1098.0;8.8;8.8;0;0;0;0;1;0;
2026.08.27;19:07:14.1;-0.02;-0.02;83;68;81;66;16;331;357;336;27;2.36;2.36;2.36;2.36;-2;0;0;0;0;14.2;78;25;4.3;0;-;13;31;855;746;0;1098.0;9.0;8.8;0;0;0;0;1;0;
2026.08.27;19:07:14.5;-0.02;-0.02;87;73;83;67;17;331;357;336;27;2.41;2.41;2.41;2.41;-2;0;0;0;0;14.2;78;25;4.3;0;-;13;31;855;747;0;1620.0;9.0;8.8;0;0;0;0;1;0;
2026.08.27;19:07:15.0;-0.01;-0.01;78;68;82;67;18;331;357;357;27;2.38;2.38;2.38;2.38;-2;0;0;0;0;14.2;78;25;4.3;0;-;13;31;855;747;0;1620.0;9.0;8.9;0;0;0;0;1;0;
2026.08.27;19:07:15.4;-0.01;-0.01;78;68;82;67;18;331;357;357;27;2.38;2.38;2.38;2.38;-1;0;0;0;0;14.2;78;25;4.3;0;-;13;31;855;746;0;1307.0;9.1;9.0;0;0;0;0;1;0;
2026.08.27;19:07:15.9;-0.00;-0.00;68;58;82;66;18;331;357;357;27;2.38;2.38;2.38;2.38;-1;0;0;0;0;14.1;79;25;4.3;0;-;13;31;855;754;0;1249.0;9.1;9.0;0;0;0;0;1;0;
2026.08.27;19:07:16.3;0.01;0.01;63;58;82;66;18;331;357;357;27;2.38;2.38;2.38;2.38;-2;0;0;0;0;14.1;79;25;4.3;0;-;13;31;855;754;0;1249.0;9.1;8.9;0;0;0;0;1;0;
2026.08.27;19:07:16.8;0.01;0.01;63;58;82;67;19;331;357;357;27;2.35;2.35;2.35;2.35;1;0;0;0;0;14.1;79;25;4.3;0;-;13;31;855;754;0;1232.0;9.0;8.7;0;0;0;0;1;0;
2026.08.27;19:07:17.2;0.04;0.04;68;58;81;66;19;331;357;357;27;2.39;2.39;2.39;2.39;1;0;0;0;0;14.1;79;25;4.3;0;-;13;31;855;760;0;1056.0;9.0;8.7;0;0;0;0;1;0;
2026.08.27;19:07:17.7;0.07;0.07;87;73;82;67;19;331;357;357;27;2.39;2.39;2.39;2.39;-2;0;0;0;0;14.1;79;25;4.3;0;-;13;31;855;760;0;1056.0;9.0;8.7;0;0;0;0;1;0;
2026.08.27;19:07:18.1;0.07;0.07;87;73;82;67;19;331;336;336;27;2.39;2.39;2.39;2.39;-2;0;0;0;0;14.1;79;25;4.3;0;-;13;31;855;764;0;1328.0;8.8;8.8;0;0;0;0;1;0;
2026.08.27;19:07:18.6;0.10;0.10;253;102;82;68;19;331;336;336;27;2.43;2.43;2.43;2.43;-2;0;0;0;0;14.1;79;25;4.3;0;-;13;31;855;751;0;1231.0;8.8;8.8;0;0;0;0;1;0;
2026.08.27;19:07:19.0;0.10;0.10;253;102;82;68;19;331;357;336;27;2.43;2.43;2.43;2.43;3;0;0;0;0;14.1;79;25;4.3;0;-;13;31;855;751;0;1231.0;8.8;8.5;0;0;0;0;1;0;
2026.08.27;19:07:19.5;0.07;0.07;117;322;83;68;20;329;357;336;27;2.32;2.32;2.32;2.32;-2;0;0;0;0;14.1;80;25;4.3;0;-;13;31;855;758;0;1171.0;8.8;8.5;0;0;0;0;1;0;
2026.08.27;19:07:19.9;0.06;0.06;522;141;82;67;21;329;357;336;27;2.32;2.32;2.32;2.32;-2;0;0;0;0;14.0;80;25;4.3;0;-;13;31;855;745;0;1517.0;9.2;8.7;0;0;0;0;1;0;
2026.08.27;19:07:20.4;0.06;0.06;522;141;82;67;21;329;357;336;27;2.32;2.32;2.32;2.32;1;0;0;0;0;14.0;80;25;4.3;0;-;13;31;855;745;0;1517.0;8.9;8.6;0;0;0;0;1;0;
2026.08.27;19:07:20.8;0.08;0.08;92;78;82;68;21;329;357;336;27;2.37;2.37;2.37;2.37;-2;0;0;0;0;14.0;80;25;4.3;0;-;13;31;855;754;0;1626.0;8.9;8.6;0;0;0;0;1;0;
2026.08.27;19:07:21.3;0.09;0.09;78;68;83;69;21;329;357;336;27;2.36;2.36;2.36;2.36;-2;0;0;0;0;14.0;80;25;4.3;0;-;13;31;855;754;0;1626.0;8.8;8.7;0;0;0;0;1;0;
2026.08.27;19:07:21.7;0.09;0.09;78;68;83;69;21;329;357;357;27;2.36;2.36;2.36;2.36;0;0;0;0;0;14.0;80;25;4.3;0;-;13;31;855;762;0;1482.0;8.9;8.8;0;0;0;0;1;0;
2026.08.27;19:07:22.2;0.09;0.09;83;73;82;68;21;329;357;357;27;2.35;2.35;2.35;2.35;0;0;0;0;0;14.1;80;25;4.3;0;-;13;31;855;747;0;1385.0;8.9;8.8;0;0;0;0;1;0;
2026.08.27;19:07:22.6;0.10;0.10;92;78;83;69;21;329;357;336;27;2.36;2.36;2.36;2.36;0;0;0;0;0;14.1;80;25;4.3;0;-;13;31;855;747;0;1385.0;8.8;8.7;0;0;0;0;1;0;
2026.08.27;19:07:23.1;0.10;0.10;92;78;83;69;21;329;336;336;27;2.36;2.36;2.36;2.36;2;0;0;0;0;14.1;80;25;4.3;0;-;13;31;855;745;0;1278.0;8.7;8.7;0;0;0;0;1;0;
2026.08.27;19:07:23.5;0.11;0.11;97;78;83;69;22;329;336;336;27;2.37;2.37;2.37;2.37;2;0;0;0;0;14.1;80;25;4.3;0;-;13;31;855;755;0;1360.0;8.7;8.7;0;0;0;0;1;0;
2026.08.27;19:07:24.0;0.11;0.11;517;117;83;69;22;329;357;336;27;2.38;2.38;2.38;2.38;-4;0;0;0;0;14.1;80;25;4.3;0;-;13;31;855;755;0;1360.0;8.9;8.7;0;0;0;0;1;0;
2026.08.27;19:07:24.4;0.11;0.11;517;117;83;69;22;329;357;336;27;2.38;2.38;2.38;2.38;0;0;0;0;0;14.1;80;25;4.3;0;-;13;31;855;750;0;1380.0;8.9;8.6;0;0;0;0;1;0;
2026.08.27;19:07:24.9;0.12;0.12;102;78;84;70;23;329;357;336;27;2.38;2.38;2.38;2.38;0;0;0;0;0;14.1;80;25;4.3;0;-;13;31;855;750;0;1257.0;8.9;8.6;0;0;0;0;1;0;
2026.08.27;19:07:25.4;0.12;0.12;102;78;84;70;23;329;357;336;27;2.38;2.38;2.38;2.38;-3;0;0;0;0;14.1;80;25;4.3;0;-;13;31;855;750;0;1257.0;8.8;8.6;0;0;0;0;1;0;
2026.08.27;19:07:25.8;0.12;0.12;97;87;83;69;23;329;357;336;27;2.39;2.39;2.39;2.39;2;0;0;0;0;14.1;80;25;4.3;0;-;13;31;855;758;0;1508.0;8.8;8.6;0;0;0;0;1;0;
2026.08.27;19:07:26.3;0.13;0.13;131;97;84;71;23;329;357;357;27;2.41;2.41;2.41;2.41;2;0;0;0;0;14.1;80;25;4.3;0;-;13;31;855;758;0;1508.0;8.8;8.8;0;0;0;0;1;0;
2026.08.27;19:07:26.7;0.13;0.13;131;97;84;71;23;329;357;336;27;2.41;2.41;2.41;2.41;0;0;0;0;0;14.1;80;25;4.3;0;-;13;31;855;753;0;1144.0;8.7;8.7;0;0;0;0;1;0;
2026.08.27;19:07:27.2;0.14;0.14;141;102;84;70;24;329;357;336;27;2.36;2.36;2.36;2.36;0;0;0;0;0;14.1;80;25;4.3;0;-;13;31;855;757;0;1294.0;8.7;8.7;0;0;0;0;1;0;
2026.08.27;19:07:27.6;0.14;0.14;141;102;84;70;24;329;336;336;27;2.36;2.36;2.36;2.36;-2;0;0;0;0;14.1;80;25;4.3;0;-;13;31;855;757;0;1294.0;8.6;8.5;0;0;0;0;1;0;
2026.08.27;19:07:28.1;0.12;0.12;747;747;83;70;24;329;357;336;27;2.30;2.30;2.30;2.30;2;0;0;0;0;14.1;80;25;4.3;0;-;13;31;855;743;0;1310.0;8.7;8.6;0;0;0;0;1;0;
2026.08.27;19:07:28.5;0.11;0.11;717;751;84;71;25;329;357;336;27;2.30;2.30;2.30;2.30;2;0;0;0;0;14.1;80;25;4.3;0;-;13;31;855;750;0;1318.0;8.7;8.6;0;0;0;0;1;0;
2026.08.27;19:07:29.0;0.11;0.11;717;751;84;71;25;329;336;336;27;2.30;2.30;2.30;2.30;1;0;0;0;0;14.1;80;25;4.3;0;-;13;31;855;750;0;1318.0;8.6;8.6;0;0;0;0;1;0;
2026.08.27;19:07:29.4;0.11;0.11;615;698;84;71;24;329;357;336;27;2.26;2.26;2.26;2.26;-1;0;0;0;0;14.1;80;25;4.3;0;-;13;31;855;755;0;1756.0;8.8;8.5;0;0;0;0;1;0;
2026.08.27;19:07:29.9;0.10;0.10;454;600;83;71;26;329;357;336;27;2.28;2.28;2.28;2.28;-1;0;0;0;0;14.1;80;25;4.3;0;-;13;31;855;759;0;1600.0;8.8;8.5;0;0;0;0;1;0;
2026.08.27;19:07:30.3;0.10;0.10;454;600;83;71;26;329;357;336;27;2.28;2.28;2.28;2.28;-3;0;0;0;0;14.1;80;25;4.3;0;-;13;31;855;759;0;1600.0;8.7;8.6;0;0;0;0;1;0;
2026.08.27;19:07:30.8;0.10;0.10;639;166;84;72;27;329;357;336;27;2.26;2.26;2.26;2.26;3;0;0;0;0;14.1;80;25;4.3;0;-;13;31;855;741;0;1198.0;8.7;8.6;0;0;0;0;1;0;
2026.08.27;19:07:31.2;0.11;0.11;322;576;83;71;27;329;357;336;27;2.32;2.32;2.32;2.32;3;0;0;0;0;14.1;80;25;4.3;0;-;13;31;855;754;0;1222.0;8.7;8.6;0;0;0;0;1;0;
2026.08.27;19:07:31.7;0.11;0.11;322;576;83;71;27;329;357;357;27;2.32;2.32;2.32;2.32;-2;0;0;0;0;14.1;80;25;4.3;0;-;13;31;855;754;0;1222.0;8.8;8.7;0;0;0;0;1;0;
2026.08.27;19:07:32.1;0.12;0.12;151;102;84;72;26;329;357;357;27;2.36;2.36;2.36;2.36;-3;0;0;0;0;14.1;80;25;4.3;0;-;13;31;855;754;0;1433.0;8.8;8.7;0;0;0;0;1;0;
2026.08.27;19:07:32.6;0.11;0.11;712;537;84;72;29;329;357;336;27;2.29;2.29;2.29;2.29;-3;0;0;0;0;14.1;80;25;4.3;0;-;13;31;855;754;0;1433.0;8.7;8.7;0;0;0;0;1;0;
2026.08.27;19:07:33.0;0.11;0.11;712;537;84;72;29;329;336;336;27;2.29;2.29;2.29;2.29;1;0;0;0;0;14.1;80;25;4.3;0;-;13;31;855;752;0;1279.0;8.6;8.6;0;0;0;0;1;0;
2026.08.27;19:07:33.5;0.10;0.10;688;727;84;73;29;329;336;336;27;2.28;2.28;2.28;2.28;-2;0;0;0;0;14.1;81;25;4.3;0;-;13;31;855;753;0;1241.0;8.6;8.6;0;0;0;0;1;0;
2026.08.27;19:07:33.9;0.09;0.09;688;732;84;73;27;329;336;336;27;2.25;2.25;2.25;2.25;-2;0;0;0;0;14.1;81;25;4.3;0;-;13;31;855;753;0;1241.0;8.6;8.5;0;0;0;0;1;0;
2026.08.27;19:07:34.4;0.09;0.09;688;732;84;73;27;329;378;336;27;2.25;2.25;2.25;2.25;2;0;0;0;0;14.1;81;25;4.3;0;-;13;31;855;753;0;1259.0;9.2;8.5;0;0;0;0;1;0;
2026.08.27;19:07:34.8;0.10;0.10;380;317;84;73;33;329;378;336;27;2.37;2.37;2.37;2.37;2;0;0;0;0;14.1;81;25;4.3;0;-;13;31;855;747;0;1060.0;9.2;8.5;0;0;0;0;1;0;
2026.08.27;19:07:35.3;0.11;0.11;97;78;84;73;30;329;357;357;27;2.38;2.38;2.38;2.38;-3;0;0;0;0;14.1;81;25;4.3;0;-;13;31;855;747;0;1060.0;8.9;8.8;0;0;0;0;1;0;
2026.08.27;19:07:35.7;0.11;0.11;97;78;84;73;30;329;357;357;27;2.38;2.38;2.38;2.38;-4;0;0;0;0;14.1;81;25;4.3;0;-;13;31;855;757;0;1953.0;8.6;8.8;0;0;0;0;1;0;
2026.08.27;19:07:36.2;0.10;0.10;610;141;86;74;27;329;357;357;27;2.31;2.31;2.31;2.31;-4;0;0;0;0;14.1;81;25;4.3;0;-;13;31;855;750;0;1278.0;8.6;8.8;0;0;0;0;1;0;
2026.08.27;19:07:36.6;0.10;0.10;610;141;86;74;27;329;357;357;27;2.31;2.31;2.31;2.31;-5;0;0;0;0;14.1;81;25;4.3;0;-;13;31;855;750;0;1278.0;8.7;8.8;0;0;0;0;1;0;
2026.08.27;19:07:37.1;0.09;0.09;693;742;85;74;27;329;357;357;27;2.32;2.32;2.32;2.32;-3;0;0;0;0;14.2;81;26;4.3;0;-;13;31;855;759;0;1773.0;8.7;8.8;0;0;0;0;1;0;
2026.08.27;19:07:37.5;0.09;0.09;717;610;85;74;30;329;357;357;27;2.36;2.36;2.36;2.36;-3;0;0;0;0;14.2;81;26;4.3;0;-;13;31;855;756;0;1452.0;8.7;8.7;0;0;0;0;1;0;
2026.08.27;19:07:38.0;0.09;0.09;717;610;85;74;30;329;336;336;27;2.36;2.36;2.36;2.36;-1;0;0;0;0;14.2;81;26;4.3;0;-;13;31;855;756;0;1452.0;8.6;8.8;0;0;0;0;1;0;
2026.08.27;19:07:38.4;0.08;0.08;708;732;84;74;30;329;336;336;27;2.32;2.32;2.32;2.32;-1;0;0;0;0;14.2;81;26;4.3;0;-;13;31;855;755;0;1030.0;8.6;8.6;0;0;0;0;1;0;
2026.08.27;19:07:38.9;0.08;0.08;722;747;84;73;30;329;336;336;27;2.35;2.35;2.35;2.35;-1;0;0;0;0;14.2;81;26;4.3;0;-;13;31;855;747;0;1126.0;8.6;8.6;0;0;0;0;1;0;
2026.08.27;19:07:39.3;0.08;0.08;722;747;84;73;30;329;357;357;27;2.35;2.35;2.35;2.35;-2;0;0;0;0;14.2;81;26;4.3;0;-;13;31;855;747;0;1126.0;8.8;8.7;0;0;0;0;1;0;
2026.08.27;19:07:39.8;0.09;0.09;107;288;85;74;26;329;357;336;27;2.38;2.38;2.38;2.38;-2;0;0;0;0;14.2;81;26;4.3;0;-;13;31;855;758;0;1061.0;8.7;8.7;0;0;0;0;1;0;
2026.08.27;19:07:40.2;0.08;0.08;732;649;85;75;30;329;357;336;27;2.37;2.37;2.37;2.37;-2;0;0;0;0;14.2;81;26;4.3;0;-;13;31;855;758;0;1911.0;8.7;8.7;0;0;0;0;1;0;
2026.08.27;19:07:40.7;0.08;0.08;732;649;85;75;30;329;357;336;27;2.37;2.37;2.37;2.37;-1;0;0;0;0;14.2;81;26;4.3;0;-;13;31;855;758;0;1911.0;8.7;8.7;0;0;0;0;1;0;
2026.08.27;19:07:41.1;0.07;0.07;693;722;85;75;30;329;357;336;27;2.37;2.37;2.37;2.37;-4;0;0;0;0;14.1;81;26;4.3;0;-;13;31;855;745;0;1283.0;8.8;8.7;0;0;0;0;1;0;
2026.08.27;19:07:41.6;0.06;0.06;712;737;85;75;29;329;357;336;27;2.33;2.33;2.33;2.33;-4;0;0;0;0;14.1;81;26;4.3;0;-;13;31;855;748;0;1256.0;8.8;8.7;0;0;0;0;1;0;
2026.08.27;19:07:42.0;0.06;0.06;712;737;85;75;29;329;357;336;27;2.33;2.33;2.33;2.33;-1;0;0;0;0;14.1;81;26;4.3;0;-;13;31;855;748;0;1256.0;8.8;8.5;0;0;0;0;1;0;
2026.08.27;19:07:42.5;0.06;0.06;712;742;85;76;27;329;357;336;27;2.36;2.36;2.36;2.36;2;0;0;0;0;14.1;81;26;4.3;0;-;13;31;855;744;0;1287.0;8.8;8.5;0;0;0;0;1;0;
2026.08.27;19:07:42.9;0.05;0.05;668;678;85;76;29;329;357;336;27;2.33;2.33;2.33;2.33;2;0;0;0;0;14.1;81;26;4.3;0;-;13;31;855;744;0;1287.0;8.7;8.7;0;0;0;0;1;0;
2026.08.27;19:07:43.4;0.05;0.05;668;678;85;76;29;329;357;336;27;2.33;2.33;2.33;2.33;0;0;0;0;0;14.1;81;26;4.3;0;-;13;31;855;757;0;1174.0;8.7;8.7;0;0;0;0;1;0;
2026.08.27;19:07:43.8;0.04;0.04;673;703;85;75;29;329;357;336;27;2.34;2.34;2.34;2.34;0;0;0;0;0;14.1;81;26;4.3;0;-;13;31;855;745;0;1459.0;8.7;8.7;0;0;0;0;1;0;
2026.08.27;19:07:44.3;0.03;0.03;688;698;85;77;27;329;336;336;27;2.32;2.32;2.32;2.32;-2;0;0;0;0;14.1;81;26;4.3;0;-;13;31;855;745;0;1459.0;8.6;8.7;0;0;0;0;1;0;
2026.08.27;19:07:44.7;0.03;0.03;688;698;85;77;27;329;357;336;27;2.32;2.32;2.32;2.32;0;0;0;0;0;14.1;81;26;4.3;0;-;13;31;855;751;0;1285.0;8.8;8.5;0;0;0;0;1;0;
2026.08.27;19:07:45.2;0.01;0.01;625;634;85;77;29;329;357;336;27;2.29;2.29;2.29;2.29;0;0;0;0;0;14.1;81;26;4.3;0;-;13;31;855;748;0;1665.0;8.8;8.5;0;0;0;0;1;0;
2026.08.27;19:07:45.6;0.01;0.01;625;634;85;77;29;329;357;336;27;2.29;2.29;2.29;2.29;-3;0;0;0;0;14.1;81;26;4.3;0;-;13;31;855;748;0;1665.0;8.8;8.7;0;0;0;0;1;0;
2026.08.27;19:07:46.1;0.05;0.05;102;78;85;76;29;329;357;336;27;2.41;2.41;2.41;2.41;-4;0;0;0;0;14.1;81;26;4.3;0;-;13;31;855;749;0;1473.0;8.8;8.7;0;0;0;0;1;0;
2026.08.27;19:07:46.5;0.04;0.04;747;722;0;0;25;329;336;336;27;2.37;2.37;2.37;2.37;-4;0;0;0;0;14.1;81;26;4.3;0;-;13;31;855;749;0;1473.0;8.5;8.7;0;0;0;0;1;0;
2026.08.27;19:07:47.0;0.04;0.04;747;722;0;0;25;329;357;336;27;2.37;2.37;2.37;2.37;-5;0;0;0;0;14.1;81;26;4.3;0;-;13;31;855;757;0;1277.0;8.7;8.7;0;0;0;0;1;0;
2026.08.27;19:07:47.4;0.03;0.03;742;771;86;78;28;329;357;336;27;2.40;2.40;2.40;2.40;0;0;0;0;0;14.0;82;26;4.3;0;-;13;31;855;742;0;1258.0;8.7;8.7;0;0;0;0;1;0;
2026.08.27;19:07:47.9;0.02;0.02;712;732;87;79;28;329;357;336;27;2.40;2.40;2.40;2.40;0;0;0;0;0;14.0;82;26;4.3;0;-;13;31;855;742;0;1258.0;8.7;8.6;0;0;0;0;1;0;
2026.08.27;19:07:48.3;0.02;0.02;712;732;87;79;28;329;357;336;27;2.40;2.40;2.40;2.40;-2;0;0;0;0;14.0;82;26;4.3;0;-;13;31;855;756;0;1423.0;8.7;8.5;0;0;0;0;1;0;
2026.08.27;19:07:48.8;0.02;0.02;678;737;86;78;28;329;357;336;27;2.40;2.40;2.40;2.40;-2;0;0;0;0;14.0;82;26;4.3;0;-;13;31;855;744;0;1445.0;8.7;8.5;0;0;0;0;1;0;
2026.08.27;19:07:49.2;0.02;0.02;678;737;86;78;28;329;357;336;27;2.40;2.40;2.40;2.40;0;0;0;0;0;14.0;82;26;4.3;0;-;13;31;855;744;0;1445.0;8.7;8.6;0;0;0;0;1;0;
2026.08.27;19:07:49.7;0.01;0.01;649;712;87;79;28;329;357;336;27;2.39;2.39;2.39;2.39;-1;0;0;0;0;14.0;82;26;4.3;0;-;13;31;855;758;0;1761.0;8.7;8.6;0;0;0;0;1;0;
2026.08.27;19:07:50.1;0.00;0.00;668;722;85;78;28;329;357;336;27;2.37;2.37;2.37;2.37;-1;0;0;0;0;14.0;82;26;4.3;0;-;13;31;855;746;0;1393.0;8.6;8.7;0;0;0;0;1;0;
2026.08.27;19:07:50.6;0.00;0.00;668;722;85;78;28;329;357;336;27;2.37;2.37;2.37;2.37;2;0;0;0;0;14.0;82;26;4.3;0;-;13;31;855;746;0;1393.0;8.8;8.7;0;0;0;0;1;0;
2026.08.27;19:07:51.0;-0.01;-0.01;664;629;85;79;28;329;336;336;27;2.40;2.40;2.40;2.40;-2;0;0;0;0;14.0;82;26;4.3;0;-;13;31;855;750;0;1305.0;8.5;8.6;0;0;0;0;1;0;
2026.08.27;19:07:51.5;-0.01;-0.01;625;717;85;78;25;329;336;336;27;2.35;2.35;2.35;2.35;-2;0;0;0;0;14.1;82;26;4.4;0;-;13;31;855;753;0;1318.0;8.5;8.6;0;0;0;0;1;0;
2026.08.27;19:07:51.9;-0.01;-0.01;625;717;85;78;25;329;357;336;27;2.35;2.35;2.35;2.35;-4;0;0;0;0;14.1;82;26;4.4;0;-;13;31;855;753;0;1318.0;8.9;8.8;0;0;0;0;1;0;
2026.08.27;19:07:52.4;-0.00;-0.00;302;590;86;79;26;329;357;336;27;2.42;2.42;2.42;2.42;-5;0;0;0;0;14.1;82;26;4.4;0;-;13;31;855;758;0;1476.0;8.9;8.8;0;0;0;0;1;0;
2026.08.27;19:07:52.8;0.01;0.01;92;83;86;79;26;329;357;357;27;2.47;2.47;2.47;2.47;-5;0;0;0;0;14.1;82;26;4.4;0;-;13;31;855;758;0;1476.0;8.9;8.9;0;0;0;0;1;0;
2026.08.27;19:07:53.3;0.01;0.01;92;83;86;79;26;329;357;336;27;2.47;2.47;2.47;2.47;-3;0;0;0;0;14.1;82;26;4.4;0;-;13;31;855;756;0;1252.0;8.6;8.7;0;0;0;0;1;0;
2026.08.27;19:07:53.7;0.01;0.01;146;102;86;79;28;329;357;336;27;2.46;2.46;2.46;2.46;-3;0;0;0;0;14.1;82;26;4.4;0;-;13;31;855;754;0;1368.0;8.6;8.7;0;0;0;0;1;0;
2026.08.27;19:07:54.2;0.01;0.01;146;102;86;79;28;329;357;336;27;2.46;2.46;2.46;2.46;1;0;0;0;0;14.1;82;26;4.4;0;-;13;31;855;754;0;1368.0;8.8;8.7;0;0;0;0;1;0;
2026.08.27;19:07:54.7;-0.01;-0.01;732;737;86;79;28;329;357;336;27;2.39;2.39;2.39;2.39;-2;0;0;0;0;14.1;83;26;4.4;0;-;13;31;855;750;0;1398.0;8.8;8.7;0;0;0;0;1;0;
2026.08.27;19:07:55.1;-0.01;-0.01;605;590;86;79;28;329;357;336;27;2.37;2.37;2.37;2.37;-2;0;0;0;0;14.1;83;26;4.4;0;-;13;31;855;743;0;1356.0;8.6;8.8;0;0;0;0;1;0;
2026.08.27;19:07:55.6;-0.01;-0.01;605;590;86;79;28;329;357;336;27;2.37;2.37;2.37;2.37;1;0;0;0;0;14.1;83;26;4.4;0;-;13;31;855;743;0;1356.0;8.7;8.7;0;0;0;0;1;1;
2026.08.27;19:07:56.0;0.00;0.00;112;97;85;78;28;329;357;336;27;2.45;2.45;2.45;2.45;-4;0;0;0;0;14.2;83;26;4.4;0;-;13;31;855;752;0;1080.0;8.7;8.7;0;0;0;0;1;1;
2026.08.27;19:07:56.5;0.02;0.02;78;58;85;79;99;329;378;357;27;9.69;9.69;9.69;9.69;-4;0;0;0;0;14.2;83;26;4.4;0;-;13;32;855;752;32;1080.0;9.5;9.2;0;0;0;0;0;1;
2026.08.27;19:07:56.9;0.02;0.02;78;58;85;79;99;329;588;651;27;9.69;9.69;9.69;9.69;15;0;0;0;0;14.2;83;26;4.4;0;-;13;32;855;1811;40;3583.0;76.9;83.9;29;36;21;0;0;1;
2026.08.27;19:07:57.4;-0.03;-0.03;742;766;83;80;99;329;588;651;27;5.37;5.37;5.37;5.37;27;0;0;0;0;14.2;83;26;4.4;0;-;13;32;855;2738;40;3439.0;76.9;83.9;29;36;21;0;0;1;
2026.08.27;19:07:57.8;0.07;0.07;87;73;76;82;99;329;588;609;27;8.33;8.33;8.33;8.33;27;0;0;0;0;14.2;83;26;4.4;4;-;13;32;855;2738;38;3439.0;64.6;65.4;22;21;41;0;0;1;
2026.08.27;19:07:58.3;0.07;0.07;87;73;76;82;99;329;693;693;27;8.33;8.33;8.33;8.33;22;0;0;0;0;14.1;83;26;4.4;4;-;13;32;855;2194;38;2852.0;72.9;74.1;37;37;40;0;0;1;
2026.08.27;19:07:58.7;0.05;0.05;527;649;71;81;99;329;693;693;27;7.30;7.30;7.30;7.30;22;0;0;0;0;14.1;83;26;4.4;9;-;9;32;855;2334;38;5000.0;72.9;74.1;37;37;40;0;0;1;
2026.08.27;19:07:59.2;0.05;0.05;527;649;71;81;99;329;231;294;27;7.30;7.30;7.30;7.30;1;0;0;0;0;14.1;83;26;4.4;11;-;9;32;855;2334;0;5000.0;18.5;25.5;0;0;0;0;0;1;
2026.08.27;19:07:59.6;0.00;0.00;869;874;63;81;59;329;231;294;27;1.98;1.98;1.98;1.98;1;0;0;0;0;14.1;83;26;4.4;11;-;9;32;855;2134;0;3167.0;18.5;25.5;0;0;0;0;0;1;
2026.08.27;19:08:00.1;0.00;0.00;844;864;60;82;44;329;210;231;27;0.00;0.00;0.00;0.00;1;0;0;0;0;14.2;83;26;4.3;9;-;9;32;855;1527;0;3572.0;14.8;17.0;0;0;0;0;0;1;
2026.08.27;19:08:00.5;0.00;0.00;844;864;60;82;44;329;210;252;27;0.00;0.00;0.00;0.00;-10;0;0;0;0;14.2;83;26;4.3;8;-;9;31;855;1527;6;3572.0;8.6;9.6;0;0;0;0;0;1;
2026.08.27;19:08:01.0;0.00;0.00;39;9;59;81;0;329;210;252;27;2.74;2.74;2.74;2.74;-7;0;0;0;0;14.2;83;26;4.3;8;-;9;31;855;1005;6;1343.0;8.6;9.6;0;0;0;0;0;1;
2026.08.27;19:08:01.4;0.00;0.00;747;810;62;82;0;329;567;420;27;5.37;5.37;5.37;5.37;-7;0;0;0;0;14.2;83;26;4.3;6;-;9;31;855;1005;17;1343.0;21.4;16.3;0;0;0;0;0;1;
2026.08.27;19:08:01.9;0.00;0.00;747;810;62;82;0;259;546;567;27;5.37;5.37;5.37;5.37;3;0;0;0;0;14.2;83;26;4.3;6;-;9;32;855;1316;17;2105.0;38.4;39.3;7;11;31;0;0;1;
2026.08.27;19:08:02.3;0.04;0.04;87;87;62;82;10;259;546;567;27;5.47;5.47;5.47;5.47;24;0;0;0;0;14.2;83;26;4.3;6;-;9;32;855;1905;22;1917.0;38.4;39.3;7;11;31;0;0;1;
2026.08.27;19:08:02.8;0.03;0.03;78;112;62;81;16;259;525;504;27;5.41;5.41;5.41;5.41;24;0;0;0;0;14.2;83;26;4.3;7;-;9;32;855;1905;22;1917.0;36.6;36.3;0;0;0;0;0;1;
2026.08.27;19:08:03.2;0.03;0.03;78;112;62;81;16;259;378;462;27;5.41;5.41;5.41;5.41;21;0;0;0;0;14.2;83;26;4.3;7;-;9;32;855;1629;22;4118.0;20.2;25.6;0;0;0;0;0;1;
2026.08.27;19:08:03.7;0.01;0.01;756;722;64;81;12;259;378;462;27;3.24;3.24;3.24;3.24;21;0;0;0;0;14.2;83;26;4.3;10;-;13;32;855;1432;11;3381.0;20.2;25.6;0;0;0;0;0;1;
2026.08.27;19:08:04.1;0.01;0.01;756;722;64;81;12;259;294;315;27;3.24;3.24;3.24;3.24;22;0;0;0;0;14.2;83;26;4.3;10;-;13;32;855;1432;8;3381.0;14.3;15.8;0;0;0;0;0;1;
2026.08.27;19:08:04.6;-0.02;-0.02;820;815;66;82;12;259;315;294;27;2.43;2.43;2.43;2.43;23;0;0;0;0;14.1;83;26;4.3;10;-;13;31;855;1328;8;2815.0;14.2;14.0;0;0;0;0;0;1;
2026.08.27;19:08:05.0;-0.06;-0.06;810;825;68;81;14;259;315;294;27;2.43;2.43;2.43;2.43;23;0;0;0;0;14.1;84;26;4.3;9;-;13;31;855;1223;8;2594.0;14.2;14.0;0;0;0;0;0;1;
2026.08.27;19:08:05.5;-0.06;-0.06;810;825;68;81;14;259;315;315;27;2.43;2.43;2.43;2.43;21;0;0;0;0;14.1;84;26;4.3;8;-;13;31;855;1223;7;2594.0;13.5;13.2;0;0;0;0;0;1;
2026.08.27;19:08:05.9;-0.09;-0.09;664;771;70;82;10;259;273;294;27;2.06;2.06;2.06;2.06;3;0;0;0;0;14.1;84;26;4.3;8;-;13;32;855;1132;7;2144.0;10.9;11.3;0;0;0;0;0;1;
2026.08.27;19:08:06.4;-0.10;-0.10;761;742;71;82;13;259;273;294;27;2.07;2.07;2.07;2.07;3;0;0;0;0;14.1;84;26;4.3;7;-;13;32;855;1019;0;1797.0;10.9;11.3;0;0;0;0;1;1;
2026.08.27;19:08:06.8;-0.10;-0.10;761;742;71;82;13;259;294;294;27;2.07;2.07;2.07;2.07;5;0;0;0;0;14.1;84;26;4.3;4;-;13;32;855;1019;0;1797.0;10.0;9.6;0;0;0;0;1;1;
2026.08.27;19:08:07.3;-0.11;-0.11;761;747;71;82;15;259;294;294;27;2.15;2.15;2.15;2.15;3;0;0;0;0;14.1;84;26;4.3;4;-;13;32;855;913;0;2082.0;10.0;9.6;0;0;0;0;1;1;
2026.08.27;19:08:07.7;-0.09;-0.09;87;380;72;82;16;259;336;315;27;2.41;2.41;2.41;2.41;3;0;0;0;0;14.1;84;26;4.3;1;-;13;32;855;913;0;2082.0;10.0;9.5;0;0;0;0;1;1;
2026.08.27;19:08:08.2;-0.09;-0.09;87;380;72;82;16;259;357;336;27;2.41;2.41;2.41;2.41;2;0;0;0;0;14.1;84;26;4.3;0;-;13;32;855;805;0;1730.0;9.6;9.3;0;0;0;0;1;1;
2026.08.27;19:08:08.6;-0.09;-0.09;63;58;72;81;16;317;357;336;27;2.52;2.52;2.52;2.52;-1;0;0;0;0;14.1;84;27;4.4;0;-;13;32;855;778;0;1191.0;9.6;9.3;0;0;0;0;1;1;
2026.08.27;19:08:09.1;-0.08;-0.08;58;53;73;81;18;317;399;357;27;2.69;2.69;2.69;2.69;-1;0;0;0;0;14.1;84;27;4.4;0;-;13;32;855;778;0;1191.0;10.4;9.5;0;0;0;0;1;1;
2026.08.27;19:08:09.5;-0.08;-0.08;58;53;73;81;18;317;399;378;27;2.69;2.69;2.69;2.69;-4;0;0;0;0;14.1;84;27;4.4;0;-;13;32;855;762;0;1971.0;10.2;9.8;0;0;0;0;1;0;
2026.08.27;19:08:10.0;-0.08;-0.08;58;53;73;81;18;317;399;378;27;2.76;2.76;2.76;2.76;-7;0;0;0;0;14.1;84;27;4.4;0;-;13;32;855;747;0;1439.0;10.2;9.8;0;0;0;0;1;0;
2026.08.27;19:08:10.4;-0.07;-0.07;58;53;74;81;18;317;378;378;27;2.63;2.63;2.63;2.63;-7;0;0;0;0;14.1;84;27;4.4;0;-;13;32;855;747;0;1439.0;9.5;9.7;0;0;0;0;1;0;
2026.08.27;19:08:10.9;-0.07;-0.07;58;53;74;81;18;317;357;357;27;2.63;2.63;2.63;2.63;-6;0;0;0;0;14.1;84;27;4.4;0;-;13;32;855;760;0;1061.0;9.1;9.2;0;0;0;0;1;0;
2026.08.27;19:08:11.3;-0.06;-0.06;83;68;74;82;19;317;357;357;27;2.57;2.57;2.57;2.57;-6;0;0;0;0;14.1;84;27;4.4;0;-;13;32;855;755;0;1498.0;9.1;9.2;0;0;0;0;1;0;
2026.08.27;19:08:11.8;-0.06;-0.06;83;68;74;82;19;317;357;357;27;2.57;2.57;2.57;2.57;0;0;0;0;0;14.1;84;27;4.4;0;-;13;32;855;755;0;1498.0;9.0;9.1;0;0;0;0;1;0;
2026.08.27;19:08:12.2;-0.05;-0.05;97;83;74;81;19;317;357;357;27;2.53;2.53;2.53;2.53;-3;0;0;0;0;14.1;84;27;4.4;0;-;13;32;855;757;0;992.0;9.0;9.1;0;0;0;0;1;0;
2026.08.27;19:08:12.7;-0.05;-0.05;92;92;76;82;20;317;357;336;27;2.52;2.52;2.52;2.52;-3;0;0;0;0;14.1;84;27;4.4;0;-;13;32;855;753;0;1535.0;9.1;8.8;0;0;0;0;1;0;
2026.08.27;19:08:13.1;-0.05;-0.05;92;92;76;82;20;317;357;336;27;2.52;2.52;2.52;2.52;4;0;0;0;0;14.1;84;27;4.4;0;-;12;32;855;753;0;1535.0;9.2;8.9;0;0;0;0;1;0;
2026.08.27;19:08:13.6;-0.04;-0.04;92;87;76;81;20;317;357;336;27;2.51;2.51;2.51;2.51;-3;0;0;0;0;14.1;84;27;4.4;0;-;12;32;855;755;0;1132.0;9.2;8.9;0;0;0;0;1;0;
2026.08.27;19:08:14.0;-0.03;-0.03;92;78;76;81;21;317;357;357;27;2.53;2.53;2.53;2.53;-3;0;0;0;0;14.1;84;27;4.4;0;-;12;32;855;755;0;1132.0;9.1;8.8;0;0;0;0;1;0;
2026.08.27;19:08:14.5;-0.03;-0.03;92;78;76;81;21;317;357;357;27;2.53;2.53;2.53;2.53;-3;0;0;0;0;14.1;84;27;4.4;0;-;12;32;855;744;0;1608.0;8.9;9.0;0;0;0;0;1;0;
2026.08.27;19:08:14.9;-0.03;-0.03;102;92;76;82;21;317;357;357;27;2.51;2.51;2.51;2.51;-1;0;0;0;0;14.0;84;27;4.4;0;-;12;32;855;752;0;1073.0;8.9;9.0;0;0;0;0;1;0;
2026.08.27;19:08:15.4;-0.02;-0.02;87;87;76;81;22;317;357;357;27;2.50;2.50;2.50;2.50;-1;0;0;0;0;14.0;84;27;4.4;0;-;12;32;855;752;0;1073.0;9.0;8.9;0;0;0;0;1;0;
2026.08.27;19:08:15.8;-0.02;-0.02;87;87;76;81;22;318;357;357;27;2.50;2.50;2.50;2.50;-2;0;0;0;0;14.0;83;27;4.4;0;-;12;32;855;751;0;1026.0;9.0;9.0;0;0;0;0;1;0;
2026.08.27;19:08:16.3;-0.01;-0.01;97;83;77;82;22;318;357;357;27;2.52;2.52;2.52;2.52;-2;0;0;0;0;14.0;83;27;4.4;0;-;12;32;855;750;0;1213.0;9.0;9.0;0;0;0;0;1;0;
2026.08.27;19:08:16.7;0.00;0.00;97;83;77;82;22;318;357;357;27;2.53;2.53;2.53;2.53;-2;0;0;0;0;14.0;83;27;4.4;0;-;12;32;855;750;0;1213.0;8.8;8.9;0;0;0;0;1;0;
2026.08.27;19:08:17.2;0.00;0.00;97;83;77;82;22;318;357;357;27;2.53;2.53;2.53;2.53;-2;0;0;0;0;14.1;83;27;4.4;0;-;12;32;855;759;0;981.0;8.9;8.8;0;0;0;0;1;0;
2026.08.27;19:08:17.6;0.03;0.03;102;87;77;81;23;318;357;357;27;2.56;2.56;2.56;2.56;-1;0;0;0;0;14.1;83;27;4.4;0;-;12;32;855;753;0;1105.0;8.9;8.8;0;0;0;0;1;0;
2026.08.27;19:08:18.1;0.01;0.01;737;458;78;82;23;318;336;336;27;2.46;2.46;2.46;2.46;-1;0;0;0;0;14.1;83;27;4.4;0;-;13;32;855;753;0;1105.0;8.7;8.9;0;0;0;0;1;0;
2026.08.27;19:08:18.5;0.01;0.01;737;458;78;82;23;318;336;336;27;2.46;2.46;2.46;2.46;-2;0;0;0;0;14.1;83;27;4.4;0;-;13;32;855;746;0;1658.0;8.7;8.8;0;0;0;0;1;0;
2026.08.27;19:08:19.0;0.00;0.00;703;732;78;81;23;318;336;336;27;2.36;2.36;2.36;2.36;-2;0;0;0;0;14.1;83;27;4.4;0;-;13;32;855;749;0;1152.0;8.7;8.8;0;0;0;0;1;0;
2026.08.27;19:08:19.4;0.00;0.00;703;732;78;81;23;318;357;336;27;2.36;2.36;2.36;2.36;-1;0;0;0;0;14.1;83;27;4.4;0;-;13;32;855;749;0;1152.0;9.0;8.6;0;0;0;0;1;0;
2026.08.27;19:08:19.9;-0.00;-0.00;625;605;78;82;24;318;357;336;27;2.36;2.36;2.36;2.36;-2;0;0;0;0;14.1;83;27;4.4;0;-;13;32;855;755;0;1618.0;8.7;8.6;0;0;0;0;1;0;
2026.08.27;19:08:20.3;0.02;0.02;92;87;78;82;25;318;357;336;27;2.42;2.42;2.42;2.42;-2;0;0;0;0;14.1;83;27;4.4;0;-;13;32;855;746;0;1993.0;8.7;8.6;0;0;0;0;1;0;
2026.08.27;19:08:20.8;0.02;0.02;92;87;78;82;25;318;357;336;27;2.42;2.42;2.42;2.42;-2;0;0;0;0;14.1;83;27;4.4;0;-;13;32;855;746;0;1993.0;8.8;8.7;0;0;0;0;1;0;
2026.08.27;19:08:21.3;0.02;0.02;87;78;79;82;26;318;357;336;27;2.45;2.45;2.45;2.45;0;0;0;0;0;14.1;83;27;4.4;0;-;13;32;855;752;0;1440.0;8.8;8.7;0;0;0;0;1;0;
2026.08.27;19:08:21.7;0.03;0.03;126;122;78;81;27;318;336;336;27;2.44;2.44;2.44;2.44;0;0;0;0;0;14.1;83;27;4.4;0;-;13;32;855;752;0;1299.0;8.6;8.6;0;0;0;0;1;0;
2026.08.27;19:08:22.2;0.03;0.03;126;122;78;81;27;318;357;336;27;2.44;2.44;2.44;2.44;-4;0;0;0;0;14.1;83;27;4.4;0;-;13;32;855;752;0;1299.0;8.8;8.7;0;0;0;0;1;0;
2026.08.27;19:08:22.6;0.04;0.04;273;146;79;81;28;317;357;336;27;2.45;2.45;2.45;2.45;-4;0;0;0;0;14.1;83;26;4.4;0;-;13;32;855;753;0;1409.0;8.8;8.7;0;0;0;0;1;0;
2026.08.27;19:08:23.1;0.04;0.04;273;146;79;81;28;317;336;336;27;2.45;2.45;2.45;2.45;-5;0;0;0;0;14.1;83;26;4.4;0;-;13;32;855;753;0;1409.0;8.5;8.7;0;0;0;0;1;0;
2026.08.27;19:08:23.5;0.02;0.02;693;708;80;82;26;317;357;336;27;2.40;2.40;2.40;2.40;1;0;0;0;0;14.0;83;26;4.4;0;-;13;32;855;745;0;1557.0;8.7;8.7;0;0;0;0;1;0;
2026.08.27;19:08:24.0;0.01;0.01;722;703;80;82;28;317;357;336;27;2.40;2.40;2.40;2.40;1;0;0;0;0;14.0;83;26;4.4;0;-;13;32;855;758;0;1448.0;8.7;8.7;0;0;0;0;1;0;
2026.08.27;19:08:24.4;0.01;0.01;722;703;80;82;28;317;357;336;27;2.40;2.40;2.40;2.40;-2;0;0;0;0;14.0;83;26;4.4;0;-;13;32;855;758;0;1448.0;8.8;8.6;0;0;0;0;1;0;
2026.08.27;19:08:24.9;0.03;0.03;97;102;79;80;28;317;357;336;27;2.44;2.44;2.44;2.44;-2;0;0;0;0;14.0;83;26;4.4;0;-;13;32;855;752;0;1639.0;8.8;8.6;0;0;0;0;1;0;
2026.08.27;19:08:25.3;0.01;0.01;673;200;81;83;25;317;336;336;27;2.40;2.40;2.40;2.40;-2;0;0;0;0;14.0;83;26;4.4;0;-;13;32;855;746;0;1543.0;8.6;8.7;0;0;0;0;1;0;
2026.08.27;19:08:25.8;0.01;0.01;673;200;81;83;25;317;357;336;27;2.40;2.40;2.40;2.40;-1;0;0;0;0;14.0;83;26;4.4;0;-;13;32;855;746;0;1543.0;8.7;8.6;0;0;0;0;1;0;
2026.08.27;19:08:26.2;0.01;0.01;683;717;80;82;28;317;357;336;27;2.40;2.40;2.40;2.40;5;0;0;0;0;14.0;82;26;4.4;0;-;13;32;855;753;0;1028.0;8.7;8.6;0;0;0;0;1;0;
2026.08.27;19:08:26.7;0.03;0.03;112;92;80;82;28;317;357;336;27;2.46;2.46;2.46;2.46;5;0;0;0;0;14.0;82;26;4.4;0;-;13;32;855;755;0;1165.0;8.8;8.7;0;0;0;0;1;0;
2026.08.27;19:08:27.1;0.03;0.03;112;92;80;82;28;317;336;336;27;2.46;2.46;2.46;2.46;-3;0;0;0;0;14.0;82;26;4.4;0;-;13;32;855;755;0;1165.0;8.5;8.6;0;0;0;0;1;0;
2026.08.27;19:08:27.6;0.01;0.01;708;698;80;82;25;317;336;336;27;2.39;2.39;2.39;2.39;-2;0;0;0;0;14.0;82;26;4.4;0;-;13;32;855;744;0;1413.0;8.5;8.6;0;0;0;0;1;0;
2026.08.27;19:08:28.0;0.02;0.02;273;644;81;82;28;317;357;336;27;2.46;2.46;2.46;2.46;-2;0;0;0;0;14.0;82;26;4.4;0;-;13;32;855;744;0;1413.0;8.9;8.7;0;0;0;0;1;0;
2026.08.27;19:08:28.5;0.02;0.02;273;644;81;82;28;317;357;336;27;2.46;2.46;2.46;2.46;-3;0;0;0;0;14.0;82;26;4.4;0;-;13;32;855;750;0;1074.0;8.6;8.7;0;0;0;0;1;0;
2026.08.27;19:08:28.9;0.01;0.01;693;156;81;82;25;317;357;336;27;2.46;2.46;2.46;2.46;-3;0;0;0;0;14.0;82;26;4.4;0;-;13;32;855;742;0;1409.0;8.6;8.7;0;0;0;0;1;0;
2026.08.27;19:08:29.4;-0.00;-0.00;712;708;81;82;26;317;357;357;27;2.44;2.44;2.44;2.44;-2;0;0;0;0;14.0;82;26;4.4;0;-;13;32;855;742;0;1409.0;8.6;8.7;0;0;0;0;1;0;
2026.08.27;19:08:29.8;-0.00;-0.00;712;708;81;82;26;317;357;336;27;2.44;2.44;2.44;2.44;0;0;0;0;0;14.1;81;26;4.4;0;-;13;32;855;746;0;1157.0;8.6;8.6;0;0;0;0;1;0;
2026.08.27;19:08:30.3;-0.01;-0.01;595;610;81;82;26;317;357;336;27;2.42;2.42;2.42;2.42;0;0;0;0;0;14.1;81;26;4.4;0;-;13;32;855;758;0;1465.0;8.6;8.6;0;0;0;0;1;0;
2026.08.27;19:08:30.7;-0.01;-0.01;595;610;81;82;26;317;357;336;27;2.42;2.42;2.42;2.42;0;0;0;0;0;14.1;81;26;4.4;0;-;13;32;855;758;0;1465.0;8.7;8.7;0;0;0;0;1;0;
2026.08.27;19:08:31.2;-0.01;-0.01;639;166;82;82;27;317;357;336;27;2.44;2.44;2.44;2.44;0;0;0;0;0;14.1;81;26;4.4;0;-;13;32;855;746;0;1145.0;8.6;8.7;0;0;0;0;1;0;
2026.08.27;19:08:31.6;-0.01;-0.01;673;703;81;82;26;317;357;336;27;2.43;2.43;2.43;2.43;0;0;0;0;0;14.1;81;26;4.5;0;-;13;32;855;758;0;1224.0;8.6;8.7;0;0;0;0;1;0;
2026.08.27;19:08:32.1;-0.01;-0.01;673;703;81;82;26;317;357;336;27;2.43;2.43;2.43;2.43;-4;0;0;0;0;14.1;81;26;4.5;0;-;13;32;855;758;0;1224.0;8.8;8.6;0;0;0;0;1;0;
2026.08.27;19:08:32.5;-0.02;-0.02;615;688;83;83;27;317;357;336;27;2.44;2.44;2.44;2.44;-3;0;0;0;0;14.1;81;26;4.5;0;-;13;32;855;747;0;1622.0;8.8;8.7;0;0;0;0;1;0;
2026.08.27;19:08:33.0;-0.02;-0.02;673;527;82;82;27;317;357;336;27;2.44;2.44;2.44;2.44;-3;0;0;0;0;14.1;81;26;4.5;0;-;12;32;855;754;0;1638.0;8.8;8.7;0;0;0;0;1;0;
2026.08.27;19:08:33.4;-0.02;-0.02;673;527;82;82;27;317;336;336;27;2.44;2.44;2.44;2.44;-1;0;0;0;0;14.1;81;26;4.5;0;-;12;32;855;754;0;1638.0;8.6;8.6;0;0;0;0;1;0;
2026.08.27;19:08:33.9;-0.01;-0.01;405;639;82;82;27;317;336;336;27;2.48;2.48;2.48;2.48;-2;0;0;0;0;14.1;81;26;4.5;0;-;12;32;855;751;0;1320.0;8.6;8.6;0;0;0;0;1;0;
2026.08.27;19:08:34.3;-0.01;-0.01;102;117;82;83;27;317;357;336;27;2.49;2.49;2.49;2.49;-2;0;0;0;0;14.1;81;26;4.5;0;-;12;32;855;751;0;1320.0;8.7;8.7;0;0;0;0;1;0;
2026.08.27;19:08:34.8;-0.01;-0.01;102;117;82;83;27;317;336;336;27;2.49;2.49;2.49;2.49;-3;0;0;0;0;14.1;81;26;4.5;0;-;12;32;855;751;0;1536.0;8.6;8.7;0;0;0;0;1;0;
2026.08.27;19:08:35.2;-0.02;-0.02;722;541;82;82;26;317;336;336;27;2.44;2.44;2.44;2.44;0;0;0;0;0;14.1;81;26;4.5;0;-;12;32;855;747;0;1764.0;8.6;8.7;0;0;0;0;1;0;
2026.08.27;19:08:35.7;-0.01;-0.01;205;517;82;82;26;317;357;336;27;2.45;2.45;2.45;2.45;0;0;0;0;0;14.1;81;26;4.5;0;-;12;32;855;747;0;1764.0;8.6;8.7;0;0;0;0;1;0;
2026.08.27;19:08:36.1;-0.01;-0.01;205;517;82;82;26;317;357;336;27;2.45;2.45;2.45;2.45;-3;0;0;0;0;14.1;81;26;4.5;0;-;12;32;855;748;0;1297.0;8.8;8.7;0;0;0;0;1;0;
2026.08.27;19:08:36.6;-0.00;-0.00;498;146;82;82;27;318;357;336;27;2.51;2.51;2.51;2.51;1;0;0;0;0;14.1;81;26;4.5;0;-;12;32;855;749;0;1424.0;8.8;8.7;0;0;0;0;1;0;
2026.08.27;19:08:37.0;-0.03;-0.03;620;659;82;82;26;318;357;336;27;2.41;2.41;2.41;2.41;1;0;0;0;0;14.1;81;26;4.5;0;-;12;32;855;749;0;1424.0;8.6;8.8;0;0;0;0;1;0;
2026.08.27;19:08:37.5;-0.03;-0.03;620;659;82;82;26;318;357;336;27;2.41;2.41;2.41;2.41;1;0;0;0;0;14.1;81;26;4.5;0;-;12;32;855;749;0;1102.0;8.7;8.7;0;0;0;0;1;0;
2026.08.27;19:08:37.9;-0.01;-0.01;97;83;83;82;28;318;357;336;27;2.45;2.45;2.45;2.45;1;0;0;0;0;14.1;81;26;4.5;0;-;13;32;855;759;0;1796.0;8.7;8.7;0;0;0;0;1;0;
2026.08.27;19:08:38.4;-0.01;-0.01;97;83;83;82;28;318;357;336;27;2.45;2.45;2.45;2.45;-2;0;0;0;0;14.1;81;26;4.5;0;-;13;32;855;759;0;1796.0;8.8;8.7;0;0;0;0;1;0;
2026.08.27;19:08:38.8;-0.00;-0.00;126;102;83;83;28;318;357;336;27;2.46;2.46;2.46;2.46;1;0;0;0;0;14.1;81;26;4.5;0;-;13;32;855;751;0;1545.0;8.6;8.7;0;0;0;0;1;0;
2026.08.27;19:08:39.3;-0.02;-0.02;571;512;82;82;28;318;357;336;27;2.42;2.42;2.42;2.42;1;0;0;0;0;14.1;81;26;4.5;0;-;13;32;855;750;0;1177.0;8.6;8.7;0;0;0;0;1;0;
2026.08.27;19:08:39.7;-0.02;-0.02;571;512;82;82;28;318;357;357;27;2.42;2.42;2.42;2.42;-1;0;0;0;0;14.1;81;26;4.5;0;-;13;32;855;750;0;1177.0;8.8;8.8;0;0;0;0;1;0;
2026.08.27;19:08:40.2;0.01;0.01;87;78;83;83;28;318;357;357;27;2.51;2.51;2.51;2.51;0;0;0;0;0;14.1;81;26;4.5;0;-;13;32;855;752;0;1499.0;8.8;8.8;0;0;0;0;1;0;
2026.08.27;19:08:40.6;0.01;0.01;126;97;82;82;26;318;357;336;27;2.48;2.48;2.48;2.48;0;0;0;0;0;14.1;81;26;4.5;0;-;13;32;855;752;0;1499.0;8.6;8.7;0;0;0;0;1;0;
2026.08.27;19:08:41.1;0.01;0.01;126;97;82;82;26;318;336;336;27;2.48;2.48;2.48;2.48;1;0;0;0;0;14.1;81;26;4.5;0;-;13;32;855;755;0;1296.0;8.5;8.7;0;0;0;0;1;0;
2026.08.27;19:08:41.5;-0.00;-0.00;712;703;85;84;26;318;336;336;27;2.40;2.40;2.40;2.40;2;0;0;0;0;14.1;81;26;4.5;0;-;13;32;855;749;0;1210.0;8.5;8.7;0;0;0;0;1;0;
2026.08.27;19:08:42.0;0.01;0.01;92;92;84;83;27;318;378;336;27;2.52;2.52;2.52;2.52;2;0;0;0;0;14.0;81;26;4.5;0;-;13;32;855;756;0;1237.0;9.1;8.8;0;0;0;0;1;0;
2026.08.27;19:08:42.4;0.01;0.01;92;92;84;83;27;318;357;336;27;2.52;2.52;2.52;2.52;-4;0;0;0;0;14.0;81;26;4.5;0;-;12;32;855;756;0;1237.0;8.7;8.7;0;0;0;0;1;0;
2026.08.27;19:08:42.9;0.02;0.02;83;78;83;83;28;318;357;336;27;2.49;2.49;2.49;2.49;2;0;0;0;0;14.0;81;26;4.5;0;-;12;32;855;751;0;1162.0;8.7;8.7;0;0;0;0;1;0;
2026.08.27;19:08:43.3;0.03;0.03;175;102;84;83;28;318;357;336;27;2.47;2.47;2.47;2.47;2;0;0;0;0;14.0;81;26;4.5;0;-;12;32;855;751;0;1162.0;8.8;8.7;0;0;0;0;1;0;
2026.08.27;19:08:43.8;0.03;0.03;175;102;84;83;28;318;357;336;27;2.47;2.47;2.47;2.47;0;0;0;0;0;14.0;81;25;4.5;0;-;12;32;855;749;0;1399.0;8.7;8.8;0;0;0;0;1;0;
2026.08.27;19:08:44.2;0.01;0.01;551;683;84;84;28;318;357;336;27;2.41;2.41;2.41;2.41;0;0;0;0;0;14.0;81;25;4.5;0;-;12;32;855;753;0;1276.0;8.7;8.8;0;0;0;0;1;0;
2026.08.27;19:08:44.7;0.01;0.01;551;683;84;84;28;318;357;336;27;2.41;2.41;2.41;2.41;1;0;0;0;0;14.0;81;25;4.5;0;-;12;32;855;753;0;1276.0;8.6;8.7;0;0;0;0;1;0;
2026.08.27;19:08:45.1;0.03;0.03;107;87;85;84;28;318;357;336;27;2.45;2.45;2.45;2.45;-3;0;0;0;0;14.0;81;25;4.5;0;-;12;32;855;753;0;1224.0;8.6;8.7;0;0;0;0;1;0;
2026.08.27;19:08:45.6;0.04;0.04;107;92;84;83;28;318;357;336;27;2.48;2.48;2.48;2.48;-3;0;0;0;0;14.0;81;25;4.5;0;-;12;32;855;753;0;1224.0;8.7;8.7;0;0;0;0;1;0;
2026.08.27;19:08:46.0;0.04;0.04;107;92;84;83;28;318;357;336;27;2.48;2.48;2.48;2.48;1;0;0;0;0;14.0;81;25;4.5;0;-;12;32;855;749;0;1120.0;8.6;8.5;0;0;0;0;1;0;
2026.08.27;19:08:46.5;0.02;0.02;639;644;84;84;28;318;357;336;27;2.45;2.45;2.45;2.45;1;0;0;0;0;14.1;81;25;4.5;0;-;12;32;855;755;0;1120.0;8.6;8.5;0;0;0;0;1;0;
2026.08.27;19:08:46.9;0.03;0.03;97;112;84;83;25;318;357;336;27;2.46;2.46;2.46;2.46;1;0;0;0;0;14.1;81;25;4.5;0;-;12;32;855;755;0;1120.0;8.6;8.6;0;0;0;0;1;0;
2026.08.27;19:08:47.4;0.03;0.03;97;112;84;83;25;318;357;336;27;2.46;2.46;2.46;2.46;-1;0;0;0;0;14.1;81;26;4.5;0;-;12;32;855;752;0;1122.0;8.5;8.6;0;0;0;0;1;0;
2026.08.27;19:08:47.8;0.02;0.02;556;205;84;83;28;318;357;336;27;2.48;2.48;2.48;2.48;-2;0;0;0;0;14.1;81;26;4.5;0;-;12;32;855;761;0;1151.0;8.5;8.6;0;0;0;0;1;0;
2026.08.27;19:08:48.3;0.02;0.02;722;717;83;83;28;318;357;336;27;2.48;2.48;2.48;2.48;-2;0;0;0;0;14.1;81;26;4.5;0;-;12;33;855;761;0;1151.0;8.7;8.6;0;0;0;0;1;0;
2026.08.27;19:08:48.7;0.02;0.02;722;717;83;82;28;318;357;336;27;2.45;2.45;2.45;2.45;-2;0;0;0;0;14.1;81;26;4.5;0;-;12;33;855;752;0;1494.0;8.7;8.5;0;0;0;0;1;0;
2026.08.27;19:08:49.2;0.03;0.03;307;585;84;84;25;318;357;336;27;2.48;2.48;2.48;2.48;-2;0;0;0;0;14.1;81;26;4.5;0;-;12;33;855;751;0;936.0;8.7;8.5;0;0;0;0;1;0;
2026.08.27;19:08:49.7;0.03;0.03;307;585;84;84;25;318;357;336;27;2.48;2.48;2.48;2.48;0;0;0;0;0;14.1;81;26;4.5;0;-;12;33;855;751;0;936.0;8.6;8.5;0;0;0;0;1;0;
2026.08.27;19:08:50.1;0.01;0.01;712;634;84;83;28;318;357;336;27;2.46;2.46;2.46;2.46;-3;0;0;0;0;14.1;81;26;4.5;0;-;12;33;855;750;0;1644.0;8.8;8.6;0;0;0;0;1;0;
2026.08.27;19:08:50.6;0.01;0.01;527;678;86;86;27;318;357;336;27;2.47;2.47;2.47;2.47;-3;0;0;0;0;14.1;81;26;4.5;0;-;12;33;855;750;0;1644.0;8.8;8.6;0;0;0;0;1;0;
2026.08.27;19:08:51.0;0.01;0.01;527;678;86;86;27;318;357;336;27;2.47;2.47;2.47;2.47;-1;0;0;0;0;14.1;81;26;4.5;0;-;12;33;855;756;0;1919.0;8.5;8.7;0;0;0;0;1;0;
2026.08.27;19:08:51.5;0.01;0.01;688;493;84;84;25;318;357;336;27;2.44;2.44;2.44;2.44;-1;0;0;0;0;14.1;81;26;4.5;0;-;12;33;855;755;0;1186.0;8.5;8.7;0;0;0;0;1;0;
2026.08.27;19:08:51.9;0.00;0.00;639;708;84;84;27;318;357;336;27;2.46;2.46;2.46;2.46;-1;0;0;0;0;14.1;81;26;4.5;0;-;12;33;855;755;0;1186.0;8.6;8.7;0;0;0;0;1;0;
2026.08.27;19:08:52.4;0.00;0.00;639;708;84;84;27;318;357;336;27;2.46;2.46;2.46;2.46;-1;0;0;0;0;14.1;81;26;4.5;0;-;12;32;855;753;0;1843.0;8.9;8.7;0;0;0;0;1;0;
2026.08.27;19:08:52.8;0.02;0.02;122;97;85;85;27;318;357;336;27;2.52;2.52;2.52;2.52;-1;0;0;0;0;14.1;81;26;4.5;0;-;13;32;855;753;0;1131.0;8.9;8.7;0;0;0;0;1;0;
2026.08.27;19:08:53.3;0.02;0.02;122;97;85;85;27;318;357;336;27;2.52;2.52;2.52;2.52;-3;0;0;0;0;14.1;81;26;4.5;0;-;13;32;855;753;0;1131.0;8.6;8.6;0;0;0;0;1;0;
2026.08.27;19:08:53.7;0.00;0.00;747;732;84;84;25;318;357;336;27;2.49;2.49;2.49;2.49;-4;0;0;0;0;14.1;81;26;4.5;0;-;13;32;855;753;0;1792.0;8.6;8.6;0;0;0;0;1;0;
2026.08.27;19:08:54.2;-0.00;-0.00;639;717;85;84;25;318;357;336;27;2.48;2.48;2.48;2.48;-4;0;0;0;0;14.1;81;26;4.5;0;-;13;32;855;753;0;1792.0;8.7;8.6;0;0;0;0;1;0;
2026.08.27;19:08:54.6;-0.00;-0.00;639;717;85;84;25;318;357;336;27;2.48;2.48;2.48;2.48;-2;0;0;0;0;14.1;81;26;4.5;0;-;13;32;855;752;0;1564.0;8.5;8.6;0;0;0;0;1;0;
2026.08.27;19:08:55.1;-0.01;-0.01;673;678;84;83;24;318;357;336;27;2.48;2.48;2.48;2.48;1;0;0;0;0;14.1;81;26;4.5;0;-;13;32;855;748;0;1082.0;8.5;8.6;0;0;0;0;1;0;
2026.08.27;19:08:55.5;0.01;0.01;136;107;85;85;27;318;357;336;27;2.53;2.53;2.53;2.53;1;0;0;0;0;14.1;81;26;4.5;0;-;13;33;855;748;0;1082.0;8.7;8.7;0;0;0;0;1;0;
2026.08.27;19:08:56.0;0.01;0.01;136;107;85;85;27;318;357;336;27;2.53;2.53;2.53;2.53;-3;0;0;0;0;14.1;81;26;4.5;0;-;13;33;855;750;0;1602.0;8.5;8.6;0;0;0;0;1;0;
2026.08.27;19:08:56.4;-0.01;-0.01;747;747;85;84;24;318;357;336;27;2.50;2.50;2.50;2.50;-1;0;0;0;0;14.1;81;26;4.5;0;-;13;33;855;748;0;1233.0;8.5;8.6;0;0;0;0;1;0;
2026.08.27;19:08:56.9;-0.02;-0.02;742;751;85;84;26;318;357;336;27;2.45;2.45;2.45;2.45;-1;0;0;0;0;14.1;81;26;4.5;0;-;13;33;855;748;0;1233.0;8.6;8.7;0;0;0;0;1;0;
2026.08.27;19:08:57.3;-0.02;-0.02;742;751;85;84;26;318;357;336;27;2.45;2.45;2.45;2.45;-2;0;0;0;0;14.1;81;26;4.5;0;-;12;33;855;741;0;1015.0;8.8;8.7;0;0;0;0;1;0;
2026.08.27;19:08:57.8;-0.03;-0.03;629;698;86;86;27;318;357;336;27;2.45;2.45;2.45;2.45;2;0;0;0;0;14.1;81;26;4.5;0;-;12;33;855;752;0;1197.0;8.8;8.7;0;0;0;0;1;0;
2026.08.27;19:08:58.2;-0.01;-0.01;126;156;85;84;27;318;357;336;27;2.51;2.51;2.51;2.51;2;0;0;0;0;14.1;81;26;4.5;0;-;12;32;855;752;0;1197.0;8.6;8.6;0;0;0;0;1;0;
2026.08.27;19:08:58.7;-0.01;-0.01;126;156;85;84;27;318;357;336;27;2.51;2.51;2.51;2.51;-3;0;0;0;0;14.1;81;26;4.5;0;-;12;32;855;762;0;1241.0;8.7;8.6;0;0;0;0;1;0;
2026.08.27;19:08:59.1;-0.03;-0.03;708;688;86;85;27;318;357;336;27;2.48;2.48;2.48;2.48;-3;0;0;0;0;13.9;81;26;4.5;0;-;12;32;855;743;0;1365.0;8.7;8.6;0;0;0;0;1;0;
2026.08.27;19:08:59.6;-0.01;-0.01;175;102;84;84;27;318;357;336;27;2.49;2.49;2.49;2.49;0;0;0;0;0;13.9;81;26;4.5;0;-;12;33;855;743;0;1365.0;8.8;8.7;0;0;0;0;1;0;
2026.08.27;19:09:00.0;-0.01;-0.01;175;102;84;84;27;318;357;336;27;2.49;2.49;2.49;2.49;-2;0;0;0;0;13.9;81;26;4.5;0;-;12;33;855;744;0;1203.0;8.7;8.5;0;0;0;0;1;0;
2026.08.27;19:09:00.5;-0.03;-0.03;488;605;85;85;27;318;357;336;27;2.47;2.47;2.47;2.47;-2;0;0;0;0;13.9;81;26;4.5;0;-;12;33;855;749;0;1492.0;8.7;8.5;0;0;0;0;1;0;
2026.08.27;19:09:00.9;-0.01;-0.01;131;107;86;85;27;318;357;336;27;2.53;2.53;2.53;2.53;-2;0;0;0;0;13.9;81;26;4.5;0;-;12;32;855;749;0;1492.0;8.7;8.7;0;0;0;0;1;0;
2026.08.27;19:09:01.4;-0.01;-0.01;131;107;86;85;27;318;357;336;27;2.53;2.53;2.53;2.53;0;0;0;0;0;14.1;82;26;4.5;0;-;12;32;855;754;0;1283.0;8.7;8.7;0;0;0;0;1;0;
2026.08.27;19:09:01.8;-0.00;-0.00;229;156;85;84;27;318;357;336;27;2.51;2.51;2.51;2.51;0;0;0;0;0;14.1;82;26;4.5;0;-;12;32;855;749;0;1349.0;8.7;8.7;0;0;0;0;1;0;
2026.08.27;19:09:02.3;-0.00;-0.00;229;156;85;84;27;318;357;336;27;2.51;2.51;2.51;2.51;-1;0;0;0;0;14.1;82;26;4.5;0;-;12;33;855;749;0;1349.0;8.6;8.7;0;0;0;0;1;0;
2026.08.27;19:09:02.7;-0.03;-0.03;581;698;86;86;27;318;357;336;27;2.46;2.46;2.46;2.46;-5;0;0;0;0;14.1;82;26;4.5;0;-;12;33;855;744;0;1648.0;8.6;8.7;0;0;0;0;1;0;
2026.08.27;19:09:03.2;-0.00;-0.00;112;87;87;86;27;318;357;336;27;2.49;2.49;2.49;2.49;-5;0;0;0;0;14.1;82;26;4.5;0;-;12;33;855;744;0;1648.0;8.6;8.7;0;0;0;0;1;0;
2026.08.27;19:09:03.6;-0.00;-0.00;112;87;87;86;27;318;357;336;27;2.49;2.49;2.49;2.49;-4;0;0;0;0;14.1;82;26;4.6;0;-;12;33;855;752;0;1285.0;8.6;8.7;0;0;0;0;1;0;
2026.08.27;19:09:04.1;-0.01;-0.01;625;180;86;86;25;318;357;336;27;2.45;2.45;2.45;2.45;-4;0;0;0;0;14.1;82;26;4.6;0;-;12;33;855;752;0;1208.0;8.6;8.7;0;0;0;0;1;0;
2026.08.27;19:09:04.5;-0.01;-0.01;625;180;86;86;25;318;357;336;27;2.45;2.45;2.45;2.45;-3;0;0;0;0;14.1;82;26;4.6;0;-;12;33;855;752;0;1208.0;8.6;8.6;0;0;0;0;1;0;
2026.08.27;19:09:05.0;0.00;0.00;126;112;85;85;27;318;357;336;27;2.50;2.50;2.50;2.50;0;0;0;0;0;14.1;82;26;4.6;0;-;12;33;855;753;0;1386.0;8.6;8.6;0;0;0;0;1;0;
2026.08.27;19:09:05.4;0.01;0.01;532;126;86;86;26;318;357;336;27;2.52;2.52;2.52;2.52;0;0;0;0;0;14.1;82;26;4.6;0;-;12;33;855;753;0;1386.0;8.6;8.8;0;0;0;0;1;0;
2026.08.27;19:09:05.9;0.01;0.01;532;126;86;86;26;318;357;336;27;2.52;2.52;2.52;2.52;-2;0;0;0;0;14.1;82;26;4.6;0;-;12;33;855;750;0;1445.0;8.6;8.6;0;0;0;0;1;0;
2026.08.27;19:09:06.3;0.01;0.01;102;146;86;86;28;318;357;336;27;2.49;2.49;2.49;2.49;-2;0;0;0;0;14.1;82;26;4.6;0;-;12;33;855;746;0;1159.0;8.6;8.6;0;0;0;0;1;0;
2026.08.27;19:09:06.8;0.02;0.02;117;102;85;85;26;318;357;336;27;2.53;2.53;2.53;2.53;-2;0;0;0;0;14.1;82;26;4.6;0;-;12;33;855;746;0;1159.0;8.6;8.7;0;0;0;0;1;0;
2026.08.27;19:09:07.2;0.02;0.02;117;102;85;85;26;318;357;336;27;2.53;2.53;2.53;2.53;-2;0;0;0;0;14.1;82;26;4.6;0;-;12;33;855;747;0;1153.0;8.6;8.6;0;0;0;0;1;0;
2026.08.27;19:09:07.7;0.02;0.02;170;131;85;85;26;318;357;336;27;2.51;2.51;2.51;2.51;-3;0;0;0;0;14.1;82;26;4.6;0;-;12;33;855;748;0;1540.0;8.6;8.6;0;0;0;0;1;0;
2026.08.27;19:09:08.1;0.00;0.00;356;649;86;86;25;318;336;336;27;2.45;2.45;2.45;2.45;-3;0;0;0;0;14.1;82;26;4.6;0;-;12;33;855;748;0;1540.0;8.5;8.6;0;0;0;0;1;0;
2026.08.27;19:09:08.6;0.00;0.00;356;649;86;86;25;318;357;336;27;2.45;2.45;2.45;2.45;-1;0;0;0;0;14.1;83;26;4.6;0;-;12;33;855;757;0;1710.0;8.7;8.5;0;0;0;0;1;1;
2026.08.27;19:09:09.0;0.03;0.03;107;97;86;86;28;318;357;336;27;2.54;2.54;2.54;2.54;-3;0;0;0;0;14.1;83;26;4.6;0;-;12;33;855;756;0;1430.0;8.7;8.5;0;0;0;0;1;1;
2026.08.27;19:09:09.5;0.01;0.01;371;654;85;85;28;318;378;357;27;2.65;2.65;2.65;2.65;-3;0;0;0;0;14.1;83;26;4.6;0;-;12;33;855;756;0;1430.0;9.6;9.0;0;0;0;0;1;1;
2026.08.27;19:09:09.9;0.01;0.01;371;654;85;85;28;318;378;357;27;2.65;2.65;2.65;2.65;-3;0;0;0;0;14.0;83;26;4.6;0;-;12;33;855;738;0;991.0;9.6;9.3;0;0;0;0;1;1;
2026.08.27;19:09:10.4;0.03;0.03;107;87;85;85;27;318;378;357;27;2.76;2.76;2.76;2.76;-3;0;0;0;0;14.0;83;26;4.6;0;-;12;33;855;763;0;1487.0;9.6;9.3;0;0;0;0;1;1;
2026.08.27;19:09:10.8;0.03;0.03;107;87;85;85;27;318;861;840;27;2.76;2.76;2.76;2.76;6;0;0;0;0;14.0;83;26;4.6;0;-;12;33;855;763;20;1487.0;31.6;30.9;13;0;95;0;0;1;
2026.08.27;19:09:11.3;0.05;0.05;825;756;85;85;45;318;861;840;27;5.34;5.34;5.34;5.34;24;0;0;0;0;14.0;83;26;4.6;0;-;12;33;855;2339;20;3508.0;31.6;30.9;13;0;95;0;0;1;
2026.08.27;19:09:11.7;0.02;0.02;786;751;82;86;99;318;735;630;27;8.14;8.14;8.14;8.14;24;0;0;0;0;14.0;83;26;4.6;1;-;12;33;855;2339;37;3508.0;60.0;55.7;7;0;95;0;0;1;
2026.08.27;19:09:12.2;0.02;0.02;786;751;82;86;99;366;777;777;27;8.14;8.14;8.14;8.14;20;0;0;0;0;14.1;83;26;4.6;6;-;12;33;855;2107;36;3100.0;68.3;69.3;36;36;43;0;0;0;
2026.08.27;19:09:12.6;0.03;0.03;727;693;78;87;99;366;777;777;27;9.75;9.75;9.75;9.75;16;0;0;0;0;14.1;83;26;4.6;6;-;12;33;855;1905;36;2346.0;68.3;69.3;36;36;43;0;0;0;
2026.08.27;19:09:13.1;0.04;0.04;200;180;73;88;99;366;735;714;27;8.56;8.56;8.56;8.56;16;0;0;0;0;14.1;83;26;4.6;12;-;12;33;855;1905;30;2346.0;57.2;57.8;36;36;42;0;0;0;
2026.08.27;19:09:13.5;0.04;0.04;200;180;73;88;99;366;630;651;27;8.56;8.56;8.56;8.56;11;0;0;0;0;14.1;83;26;4.6;12;-;12;33;855;1959;30;4250.0;57.6;61.7;25;28;29;0;0;0;
2026.08.27;19:09:14.0;0.01;0.01;742;717;69;88;99;366;630;651;27;5.86;5.86;5.86;5.86;22;0;0;0;0;14.1;83;26;4.6;15;-;12;33;855;2311;28;3910.0;57.6;61.7;25;28;29;0;0;0;
2026.08.27;19:09:14.4;0.08;0.08;117;92;66;88;99;366;525;525;27;4.50;4.50;4.50;4.50;22;0;0;0;0;14.1;83;26;4.6;17;-;12;33;855;2311;25;3910.0;48.7;51.1;0;0;0;0;0;0;
2026.08.27;19:09:14.9;0.08;0.08;117;92;66;88;99;366;441;462;27;4.50;4.50;4.50;4.50;27;0;0;0;0;14.1;83;26;4.6;17;-;12;33;855;2531;25;2896.0;44.6;45.7;0;0;0;0;0;0;
2026.08.27;19:09:15.3;0.04;0.04;747;688;61;87;99;366;441;462;27;4.00;4.00;4.00;4.00;28;0;0;0;0;14.1;83;26;4.6;18;-;12;33;855;2621;24;4772.0;44.6;45.7;0;0;0;0;0;0;
2026.08.27;19:09:15.8;0.04;0.04;742;649;59;87;99;366;357;357;27;2.91;2.91;2.91;2.91;28;0;0;0;0;14.1;83;26;4.6;18;-;12;33;855;2621;20;4772.0;34.4;37.5;0;0;0;0;0;0;
2026.08.27;19:09:16.2;0.04;0.04;742;649;59;87;99;366;252;273;27;2.91;2.91;2.91;2.91;31;0;0;0;0;14.1;83;26;4.5;18;-;12;33;855;2615;20;2994.0;24.0;26.6;0;0;0;0;0;0;
2026.08.27;19:09:16.7;0.05;0.05;371;78;57;87;67;366;252;273;27;2.12;2.12;2.12;2.12;31;0;0;0;0;14.1;83;26;4.5;18;-;12;33;855;2456;14;2939.0;24.0;26.6;0;0;0;0;0;0;
2026.08.27;19:09:17.2;0.05;0.05;371;78;57;87;67;366;210;231;27;2.12;2.12;2.12;2.12;19;0;0;0;0;14.1;83;26;4.5;17;-;12;33;855;2456;12;2939.0;18.7;21.5;0;0;0;0;0;0;
2026.08.27;19:09:17.6;0.05;0.05;107;78;56;86;56;366;210;231;27;1.95;1.95;1.95;1.95;26;0;0;0;0;14.1;83;26;4.5;17;-;12;33;855;2266;12;4612.0;18.7;21.5;0;0;0;0;0;0;
2026.08.27;19:09:18.1;0.00;0.00;791;766;55;86;54;366;231;231;27;1.92;1.92;1.92;1.92;26;0;0;0;0;14.1;83;26;4.5;15;-;12;33;855;2103;12;2730.0;17.4;19.3;0;0;0;0;0;0;
2026.08.27;19:09:18.5;0.00;0.00;791;766;55;86;54;366;294;252;27;1.92;1.92;1.92;1.92;28;0;0;0;0;14.1;83;26;4.5;15;-;12;33;855;2103;12;2730.0;21.8;19.4;0;0;0;0;0;0;
2026.08.27;19:09:19.0;-0.03;-0.03;58;78;55;86;99;239;294;252;27;3.47;3.47;3.47;3.47;28;0;0;0;0;14.1;83;26;4.5;14;-;12;33;855;1969;19;4203.0;21.8;19.4;0;0;0;0;0;0;
2026.08.27;19:09:19.4;-0.03;-0.03;58;78;55;86;99;239;462;462;27;3.47;3.47;3.47;3.47;24;0;0;0;0;14.1;83;26;4.5;14;-;12;33;855;1969;21;4203.0;33.9;35.5;0;0;0;0;0;0;
2026.08.27;19:09:19.9;-0.00;-0.00;747;654;55;86;99;239;504;483;27;4.27;4.27;4.27;4.27;24;0;0;0;0;14.1;83;26;4.5;14;-;12;33;855;2016;21;2837.0;39.3;40.2;0;0;0;0;0;0;
2026.08.27;19:09:20.3;0.03;0.03;229;131;57;85;99;239;504;483;27;4.78;4.78;4.78;4.78;24;0;0;0;0;14.2;83;26;4.5;14;-;12;33;855;2154;23;4062.0;39.3;40.2;0;0;0;0;0;0;
2026.08.27;19:09:20.8;0.03;0.03;229;131;57;85;99;239;294;378;27;4.78;4.78;4.78;4.78;26;0;0;0;0;14.2;83;26;4.5;15;-;12;33;855;2154;14;4062.0;23.1;30.5;0;0;0;0;0;0;
2026.08.27;19:09:21.2;-0.06;-0.06;791;766;58;85;66;239;294;378;27;2.35;2.35;2.35;2.35;36;0;0;0;0;14.2;83;26;4.5;15;-;12;33;855;2138;14;4757.0;23.1;30.5;0;0;0;0;0;0;
2026.08.27;19:09:21.7;-0.12;-0.12;434;732;59;85;44;239;210;231;27;1.55;1.55;1.55;1.55;36;0;0;0;0;14.2;83;26;4.5;14;-;12;33;855;2138;8;4757.0;15.4;17.6;0;0;0;0;0;0;
2026.08.27;19:09:22.1;-0.12;-0.12;434;732;59;85;44;239;210;231;27;1.55;1.55;1.55;1.55;20;0;0;0;0;14.2;83;26;4.5;14;-;12;33;855;1940;8;2308.0;13.6;15.1;0;0;0;0;0;0;
2026.08.27;19:09:22.6;-0.12;-0.12;776;751;59;85;39;239;210;231;27;1.60;1.60;1.60;1.60;20;0;0;0;0;14.1;83;26;4.5;13;-;14;33;855;1676;0;3914.0;13.6;15.1;0;0;0;0;0;0;
2026.08.27;19:09:23.0;-0.12;-0.12;776;751;59;85;39;239;210;231;27;1.60;1.60;1.60;1.60;5;0;0;0;0;14.1;83;26;4.5;10;-;14;33;855;1676;0;3914.0;11.1;12.4;0;0;0;0;0;0;
2026.08.27;19:09:23.5;-0.09;-0.09;39;39;59;84;32;239;210;231;27;1.55;1.55;1.55;1.55;3;0;0;0;0;14.1;83;26;4.5;10;-;14;33;855;1225;0;2706.0;7.4;8.2;0;0;0;0;0;0;
2026.08.27;19:09:23.9;-0.08;-0.08;78;43;60;86;20;239;210;231;27;1.49;1.49;1.49;1.49;3;0;0;0;0;14.1;83;26;4.5;7;-;14;33;855;860;0;1728.0;7.4;8.2;0;0;0;0;1;1;
2026.08.27;19:09:24.4;-0.08;-0.08;78;43;60;86;20;239;336;273;27;1.49;1.49;1.49;1.49;24;0;0;0;0;14.1;83;26;4.5;3;-;14;33;855;860;0;1728.0;9.1;7.9;0;0;0;0;1;1;
2026.08.27;19:09:24.8;-0.09;-0.09;786;688;61;84;26;239;336;273;27;2.25;2.25;2.25;2.25;2;0;0;0;0;14.0;83;26;4.5;3;-;14;33;855;778;0;1271.0;9.1;7.9;0;0;0;0;1;1;
2026.08.27;19:09:25.3;-0.10;-0.10;708;747;63;85;27;239;357;315;27;2.37;2.37;2.37;2.37;2;0;0;0;0;14.0;83;26;4.5;1;-;14;33;855;757;0;1451.0;8.7;8.5;0;0;0;0;1;1;
2026.08.27;19:09:25.7;-0.10;-0.10;708;747;63;85;27;239;336;336;27;2.37;2.37;2.37;2.37;1;0;0;0;0;14.0;83;26;4.5;0;-;14;33;855;757;0;1451.0;8.7;8.8;0;0;0;0;1;1;
2026.08.27;19:09:26.2;-0.08;-0.08;78;68;63;84;26;275;336;336;27;2.43;2.43;2.43;2.43;0;0;0;0;0;14.0;83;26;4.5;0;-;14;33;855;746;0;1178.0;8.7;8.8;0;0;0;0;1;1;
2026.08.27;19:09:26.6;-0.07;-0.07;68;68;65;85;29;275;378;357;27;2.73;2.73;2.73;2.73;0;0;0;0;0;14.0;83;26;4.5;0;-;14;33;855;746;0;1178.0;9.5;9.1;0;0;0;0;1;1;
2026.08.27;19:09:27.1;-0.07;-0.07;68;68;65;85;29;275;420;378;27;2.73;2.73;2.73;2.73;-6;0;0;0;0;14.1;83;26;4.5;0;-;11;33;855;749;0;1974.0;10.2;10.0;0;0;0;0;1;0;
2026.08.27;19:09:27.5;-0.07;-0.07;53;53;66;84;30;275;420;378;27;2.90;2.90;2.90;2.90;-7;0;0;0;0;14.1;83;26;4.5;0;-;11;33;855;748;0;1593.0;10.2;10.0;0;0;0;0;1;0;
2026.08.27;19:09:28.0;-0.06;-0.06;58;53;67;84;27;275;378;378;27;2.66;2.66;2.66;2.66;-7;0;0;0;0;14.1;83;26;4.5;0;-;11;33;855;748;0;1593.0;9.2;9.9;0;0;0;0;1;0;
2026.08.27;19:09:28.4;-0.06;-0.06;58;53;67;84;27;275;378;357;27;2.66;2.66;2.66;2.66;1;0;0;0;0;14.1;83;26;4.5;0;-;11;33;855;754;0;1127.0;9.6;9.7;0;0;0;0;1;0;
2026.08.27;19:09:28.9;-0.05;-0.05;63;58;68;84;27;275;378;357;27;2.62;2.62;2.62;2.62;1;0;0;0;0;14.1;83;26;4.6;0;-;11;33;855;748;0;1393.0;9.6;9.7;0;0;0;0;1;0;
2026.08.27;19:09:29.3;-0.05;-0.05;63;58;68;84;27;275;357;357;27;2.62;2.62;2.62;2.62;-4;0;0;0;0;14.1;83;26;4.6;0;-;11;33;855;748;0;1393.0;9.1;9.3;0;0;0;0;1;0;
2026.08.27;19:09:29.8;-0.04;-0.04;63;58;69;85;27;275;357;357;27;2.61;2.61;2.61;2.61;0;0;0;0;0;14.1;83;26;4.6;0;-;11;33;855;752;0;1170.0;9.1;9.3;0;0;0;0;1;0;
2026.08.27;19:09:30.2;-0.04;-0.04;63;58;70;84;27;275;357;357;27;2.60;2.60;2.60;2.60;0;0;0;0;0;14.1;83;26;4.6;0;-;11;33;855;753;0;1390.0;9.2;9.3;0;0;0;0;1;0;
2026.08.27;19:09:30.7;-0.04;-0.04;63;58;70;84;27;275;357;357;27;2.60;2.60;2.60;2.60;-3;0;0;0;0;14.1;83;26;4.6;0;-;11;33;855;753;0;1390.0;8.9;9.0;0;0;0;0;1;0;
2026.08.27;19:09:31.1;-0.03;-0.03;73;68;70;84;27;275;357;357;27;2.59;2.59;2.59;2.59;0;0;0;0;0;14.0;83;26;4.6;0;-;11;33;855;758;0;1007.0;8.9;9.0;0;0;0;0;1;0;
2026.08.27;19:09:31.6;-0.02;-0.02;78;68;71;84;27;275;357;357;27;2.57;2.57;2.57;2.57;0;0;0;0;0;14.0;83;26;4.6;0;-;11;33;855;753;0;1220.0;9.0;9.0;0;0;0;0;1;0;
2026.08.27;19:09:32.0;-0.02;-0.02;78;68;71;84;27;275;357;357;27;2.57;2.57;2.57;2.57;-3;0;0;0;0;14.0;83;26;4.6;0;-;13;33;855;753;0;1220.0;9.0;9.0;0;0;0;0;1;0;
2026.08.27;19:09:32.5;-0.02;-0.02;78;73;71;83;28;275;357;357;27;2.56;2.56;2.56;2.56;-3;0;0;0;0;14.0;83;26;4.6;0;-;13;33;855;756;0;1901.0;9.0;9.0;0;0;0;0;1;0;
2026.08.27;19:09:32.9;-0.01;-0.01;78;73;71;84;28;274;357;357;27;2.54;2.54;2.54;2.54;-3;0;0;0;0;14.0;83;26;4.6;0;-;13;33;855;752;0;2000.0;8.9;9.1;0;0;0;0;1;0;
2026.08.27;19:09:33.4;-0.01;-0.01;78;73;71;84;28;274;357;357;27;2.54;2.54;2.54;2.54;-3;0;0;0;0;14.0;83;26;4.6;0;-;13;33;855;752;0;2000.0;8.8;9.1;0;0;0;0;1;0;
2026.08.27;19:09:33.8;-0.00;-0.00;83;73;72;84;28;274;357;357;27;2.56;2.56;2.56;2.56;-3;0;0;0;0;14.0;83;26;4.6;0;-;13;33;855;757;0;1821.0;8.8;9.1;0;0;0;0;1;0;
2026.08.27;19:09:34.3;-0.00;-0.00;83;73;72;84;28;274;357;357;27;2.56;2.56;2.56;2.56;0;0;0;0;0;14.0;83;26;4.6;0;-;13;33;855;757;0;1821.0;8.8;9.1;0;0;0;0;1;0;
2026.08.27;19:09:34.7;0.01;0.01;92;83;72;83;28;274;357;357;27;2.56;2.56;2.56;2.56;-3;0;0;0;0;14.0;83;26;4.6;0;-;13;33;855;756;0;1160.0;8.7;9.0;0;0;0;0;1;0;
2026.08.27;19:09:35.2;-0.01;-0.01;605;161;73;84;28;274;357;357;27;2.48;2.48;2.48;2.48;-3;0;0;0;0;14.1;83;26;4.6;0;-;13;33;855;756;0;1566.0;8.7;9.0;0;0;0;0;1;0;
2026.08.27;19:09:35.6;-0.01;-0.01;605;161;73;84;28;274;357;336;27;2.48;2.48;2.48;2.48;-2;0;0;0;0;14.1;83;26;4.6;0;-;13;33;855;756;0;1566.0;8.8;8.8;0;0;0;0;1;0;
2026.08.27;19:09:36.1;-0.02;-0.02;429;629;73;83;28;274;357;336;27;2.44;2.44;2.44;2.44;-1;0;0;0;0;14.1;83;26;4.6;0;-;13;33;855;741;0;1387.0;8.8;8.8;0;0;0;0;1;0;
2026.08.27;19:09:36.5;0.00;0.00;73;68;0;0;28;274;357;357;27;2.52;2.52;2.52;2.52;-1;0;0;0;0;14.1;83;26;4.6;0;-;13;33;855;741;0;1387.0;8.8;9.1;0;0;0;0;1;0;
2026.08.27;19:09:37.0;0.00;0.00;73;68;0;0;28;274;357;357;27;2.52;2.52;2.52;2.52;-2;0;0;0;0;14.1;84;27;4.6;0;-;13;33;855;760;0;1070.0;8.8;9.1;0;0;0;0;1;0;
2026.08.27;19:09:37.4;0.01;0.01;73;68;74;83;28;274;357;357;27;2.56;2.56;2.56;2.56;-2;0;0;0;0;14.1;84;27;4.6;0;-;13;33;855;744;0;1166.0;8.8;9.1;0;0;0;0;1;0;
2026.08.27;19:09:37.9;0.02;0.02;92;83;74;84;28;274;357;357;27;2.58;2.58;2.58;2.58;-2;0;0;0;0;14.1;84;27;4.6;0;-;13;33;855;744;0;1166.0;8.8;9.0;0;0;0;0;1;0;
2026.08.27;19:09:38.3;0.02;0.02;92;83;74;84;28;274;357;357;27;2.58;2.58;2.58;2.58;-2;0;0;0;0;14.1;84;27;4.6;0;-;13;33;855;749;0;1271.0;8.7;8.9;0;0;0;0;1;0;
2026.08.27;19:09:38.8;0.02;0.02;92;78;75;83;28;274;357;357;27;2.58;2.58;2.58;2.58;-2;0;0;0;0;14.1;84;27;4.6;0;-;13;33;855;755;0;1411.0;8.7;8.9;0;0;0;0;1;0;
2026.08.27;19:09:39.2;0.03;0.03;141;102;75;84;28;274;357;357;27;2.56;2.56;2.56;2.56;-2;0;0;0;0;14.1;84;27;4.6;0;-;13;33;855;755;0;1411.0;8.8;9.0;0;0;0;0;1;0;
2026.08.27;19:09:39.7;0.03;0.03;141;102;75;84;28;274;357;336;27;2.56;2.56;2.56;2.56;-3;0;0;0;0;14.1;84;27;4.6;0;-;13;33;855;753;0;1466.0;8.6;8.9;0;0;0;0;1;0;
2026.08.27;19:09:40.1;0.02;0.02;664;312;75;83;26;274;357;336;27;2.52;2.52;2.52;2.52;-3;0;0;0;0;14.1;84;27;4.6;0;-;13;33;855;757;0;996.0;8.6;8.9;0;0;0;0;1;0;
2026.08.27;19:09:40.6;0.02;0.02;664;312;75;83;26;274;336;336;27;2.52;2.52;2.52;2.52;-3;0;0;0;0;14.1;84;27;4.6;0;-;13;33;855;757;0;996.0;8.5;8.7;0;0;0;0;1;0;
2026.08.27;19:09:41.0;0.01;0.01;712;722;76;84;25;274;336;336;27;2.46;2.46;2.46;2.46;1;0;0;0;0;14.1;84;27;4.6;0;-;13;33;855;749;0;1434.0;8.5;8.7;0;0;0;0;1;0;
2026.08.27;19:09:41.5;0.03;0.03;107;107;76;83;28;274;357;336;27;2.55;2.55;2.55;2.55;1;0;0;0;0;14.1;84;27;4.6;0;-;13;33;855;751;0;1178.0;8.6;8.8;0;0;0;0;1;0;
2026.08.27;19:09:41.9;0.03;0.03;107;107;76;83;28;274;357;336;27;2.55;2.55;2.55;2.55;-3;0;0;0;0;14.1;84;27;4.6;0;-;13;33;855;751;0;1178.0;8.7;8.8;0;0;0;0;1;0;
2026.08.27;19:09:42.4;0.04;0.04;180;126;76;83;28;274;357;336;27;2.57;2.57;2.57;2.57;-1;0;0;0;0;14.1;84;27;4.6;0;-;13;33;855;750;0;1616.0;8.7;8.8;0;0;0;0;1;0;
2026.08.27;19:09:42.8;0.02;0.02;732;668;77;83;28;274;357;336;27;2.54;2.54;2.54;2.54;-1;0;0;0;0;14.1;84;27;4.6;0;-;13;33;855;750;0;1616.0;8.6;8.8;0;0;0;0;1;0;
2026.08.27;19:09:43.3;0.02;0.02;732;668;77;83;28;274;357;336;27;2.54;2.54;2.54;2.54;-4;0;0;0;0;14.1;84;27;4.6;0;-;13;33;855;744;0;1540.0;8.8;8.8;0;0;0;0;1;0;
2026.08.27;19:09:43.7;0.01;0.01;644;727;77;84;27;274;357;336;27;2.51;2.51;2.51;2.51;-3;0;0;0;0;14.1;85;27;4.6;0;-;13;33;855;758;0;1107.0;8.8;8.8;0;0;0;0;1;0;
2026.08.27;19:09:44.2;0.02;0.02;717;522;77;83;26;274;357;336;27;2.51;2.51;2.51;2.51;-3;0;0;0;0;14.1;85;27;4.6;0;-;13;33;855;758;0;1107.0;8.6;8.8;0;0;0;0;1;0;
2026.08.27;19:09:44.6;0.02;0.02;717;522;77;83;26;274;357;336;27;2.51;2.51;2.51;2.51;-3;0;0;0;0;14.1;85;27;4.6;0;-;13;33;855;748;0;1294.0;8.6;8.6;0;0;0;0;1;0;
2026.08.27;19:09:45.1;0.01;0.01;708;727;77;83;26;274;357;336;27;2.48;2.48;2.48;2.48;-1;0;0;0;0;14.1;85;27;4.6;0;-;13;33;855;756;0;1117.0;8.6;8.6;0;0;0;0;1;0;
2026.08.27;19:09:45.5;0.00;0.00;673;668;79;85;26;274;357;336;27;2.50;2.50;2.50;2.50;-1;0;0;0;0;14.1;85;27;4.6;0;-;13;33;855;756;0;1117.0;8.7;8.7;0;0;0;0;1;0;
2026.08.27;19:09:46.0;0.00;0.00;673;668;79;85;26;274;357;336;27;2.50;2.50;2.50;2.50;-2;0;0;0;0;14.1;85;27;4.6;0;-;13;33;855;749;0;1615.0;8.8;8.7;0;0;0;0;1;0;
2026.08.27;19:09:46.4;0.02;0.02;122;87;78;83;27;274;357;336;27;2.55;2.55;2.55;2.55;0;0;0;0;0;14.1;85;27;4.6;0;-;13;33;855;758;0;1414.0;8.8;8.7;0;0;0;0;1;0;
2026.08.27;19:09:46.9;0.02;0.02;122;87;78;83;27;274;357;336;27;2.55;2.55;2.55;2.55;0;0;0;0;0;14.1;85;27;4.6;0;-;13;33;855;758;0;1414.0;8.6;8.7;0;0;0;0;1;0;
2026.08.27;19:09:47.4;-0.00;-0.00;708;732;78;83;24;274;357;336;27;2.50;2.50;2.50;2.50;-1;0;0;0;0;14.1;85;27;4.6;0;-;13;33;855;749;0;1635.0;8.6;8.7;0;0;0;0;1;0;
2026.08.27;19:09:47.8;-0.01;-0.01;649;722;79;84;24;274;357;336;27;2.48;2.48;2.48;2.48;-1;0;0;0;0;14.1;85;27;4.6;0;-;13;33;855;749;0;1635.0;8.6;8.7;0;0;0;0;1;0;
2026.08.27;19:09:48.3;-0.01;-0.01;649;722;79;84;24;274;357;336;27;2.48;2.48;2.48;2.48;0;0;0;0;0;14.0;85;27;4.6;0;-;13;33;855;752;0;1183.0;8.8;8.7;0;0;0;0;1;0;
2026.08.27;19:09:48.7;0.01;0.01;473;102;79;84;27;274;357;336;27;2.55;2.55;2.55;2.55;-2;0;0;0;0;14.0;85;27;4.6;0;-;13;33;855;753;0;1238.0;8.8;8.7;0;0;0;0;1;0;
2026.08.27;19:09:49.2;-0.01;-0.01;732;737;79;84;27;274;357;336;27;2.51;2.51;2.51;2.51;-2;0;0;0;0;14.0;85;27;4.6;0;-;13;33;855;753;0;1238.0;8.7;8.7;0;0;0;0;1;0;
2026.08.27;19:09:49.6;-0.01;-0.01;732;737;79;84;27;274;357;336;27;2.51;2.51;2.51;2.51;0;0;0;0;0;14.0;85;27;4.6;0;-;13;33;855;748;0;1185.0;8.7;8.6;0;0;0;0;1;0;
2026.08.27;19:09:50.1;0.00;0.00;112;170;81;85;27;274;357;336;27;2.56;2.56;2.56;2.56;0;0;0;0;0;14.1;85;27;4.6;0;-;13;33;855;749;0;1362.0;8.7;8.6;0;0;0;0;1;0;
2026.08.27;19:09:50.5;0.00;0.00;112;170;81;85;27;274;357;336;27;2.56;2.56;2.56;2.56;0;0;0;0;0;14.1;85;27;4.6;0;-;13;33;855;749;0;1362.0;9.0;8.8;0;0;0;0;1;0;
2026.08.27;19:09:51.0;-0.01;-0.01;727;732;80;83;27;274;357;336;27;2.50;2.50;2.50;2.50;-3;0;0;0;0;14.1;85;27;4.6;0;-;13;33;855;752;0;1882.0;9.0;8.8;0;0;0;0;1;0;
2026.08.27;19:09:51.4;-0.00;-0.00;190;341;80;84;27;274;357;336;27;2.56;2.56;2.56;2.56;-3;0;0;0;0;14.1;85;27;4.6;0;-;13;33;855;752;0;1882.0;8.8;8.7;0;0;0;0;1;0;
2026.08.27;19:09:51.9;-0.00;-0.00;190;341;80;84;27;274;357;336;27;2.56;2.56;2.56;2.56;-1;0;0;0;0;14.1;85;27;4.6;0;-;13;33;855;750;0;1095.0;8.8;8.7;0;0;0;0;1;0;
2026.08.27;19:09:52.3;-0.02;-0.02;737;673;80;84;27;274;357;336;27;2.51;2.51;2.51;2.51;3;0;0;0;0;14.1;85;27;4.7;0;-;13;33;855;757;0;1140.0;8.8;8.7;0;0;0;0;1;0;
2026.08.27;19:09:52.8;-0.03;-0.03;688;708;80;84;27;274;357;336;27;2.49;2.49;2.49;2.49;3;0;0;0;0;14.1;85;27;4.7;0;-;13;33;855;757;0;1140.0;8.8;8.8;0;0;0;0;1;0;
2026.08.27;19:09:53.2;-0.03;-0.03;688;708;80;84;27;274;357;336;27;2.49;2.49;2.49;2.49;-1;0;0;0;0;14.1;85;27;4.7;0;-;13;33;855;749;0;1161.0;8.7;8.8;0;0;0;0;1;0;
2026.08.27;19:09:53.7;-0.01;-0.01;146;87;80;84;27;274;357;336;27;2.55;2.55;2.55;2.55;-1;0;0;0;0;14.1;85;27;4.7;0;-;13;33;855;751;0;1102.0;8.7;8.8;0;0;0;0;1;0;
2026.08.27;19:09:54.1;-0.03;-0.03;712;727;80;84;27;274;357;336;27;2.49;2.49;2.49;2.49;0;0;0;0;0;14.1;85;27;4.7;0;-;13;33;855;751;0;1102.0;8.7;8.7;0;0;0;0;1;0;
2026.08.27;19:09:54.6;-0.03;-0.03;712;727;80;84;27;274;357;336;27;2.49;2.49;2.49;2.49;0;0;0;0;0;14.1;85;27;4.7;0;-;13;33;855;743;0;994.0;8.9;8.7;0;0;0;0;1;0;
2026.08.27;19:09:55.0;-0.01;-0.01;156;546;81;84;27;274;357;336;27;2.51;2.51;2.51;2.51;0;0;0;0;0;14.1;85;27;4.7;0;-;13;33;855;751;0;1755.0;8.9;8.7;0;0;0;0;1;0;
2026.08.27;19:09:55.5;-0.01;-0.01;156;546;81;84;27;274;357;357;27;2.51;2.51;2.51;2.51;-4;0;0;0;0;14.1;85;27;4.7;0;-;13;33;855;751;0;1755.0;8.9;9.0;0;0;0;0;1;0;
2026.08.27;19:09:55.9;-0.01;-0.01;112;97;82;85;27;274;357;357;27;2.55;2.55;2.55;2.55;-1;0;0;0;0;14.1;85;27;4.7;0;-;13;33;855;753;0;1162.0;8.9;9.0;0;0;0;0;1;0;
2026.08.27;19:09:56.4;-0.03;-0.03;678;698;81;83;27;274;357;357;27;2.51;2.51;2.51;2.51;-1;0;0;0;0;14.1;85;27;4.7;0;-;13;33;855;750;0;1214.0;8.8;8.8;0;0;0;0;1;0;
2026.08.27;19:09:56.8;-0.03;-0.03;678;698;81;83;27;274;357;357;27;2.51;2.51;2.51;2.51;-2;0;0;0;0;14.1;85;27;4.7;0;-;13;33;855;750;0;1214.0;8.7;8.8;0;0;0;0;0;0;
2026.08.27;19:09:57.3;-0.01;-0.01;87;263;82;84;27;274;357;357;27;2.54;2.54;2.54;2.54;-5;0;0;0;0;14.1;85;27;4.7;0;-;13;33;855;758;0;1344.0;8.7;8.8;0;0;0;0;0;0;
2026.08.27;19:09:57.7;-0.00;-0.00;102;83;81;83;25;274;357;336;27;2.45;2.45;2.45;2.45;-5;0;0;0;0;14.1;85;27;4.7;0;-;13;33;855;758;0;1344.0;8.6;8.8;0;0;0;0;0;0;
2026.08.27;19:09:58.2;-0.00;-0.00;102;83;81;83;25;274;336;336;27;2.45;2.45;2.45;2.45;-2;0;0;0;0;14.1;85;27;4.7;0;-;13;33;855;765;0;1096.0;8.2;8.4;0;0;0;0;0;0;
2026.08.27;19:09:58.6;-0.02;-0.02;737;727;81;83;24;274;336;336;27;2.39;2.39;2.39;2.39;-2;0;0;0;0;14.1;85;27;4.7;0;-;13;33;855;744;0;1594.0;8.2;8.4;0;0;0;0;0;0;
2026.08.27;19:09:59.1;-0.03;-0.03;659;717;81;84;25;274;357;336;27;2.41;2.41;2.41;2.41;-2;0;0;0;0;14.1;85;27;4.7;0;-;13;33;855;744;0;1594.0;8.5;8.5;0;0;0;0;0;0;
2026.08.27;19:09:59.5;-0.03;-0.03;659;717;81;84;25;274;357;336;27;2.41;2.41;2.41;2.41;-1;0;0;0;0;14.1;85;27;4.7;0;-;13;33;855;746;0;1506.0;8.6;8.6;0;0;0;0;0;0;
2026.08.27;19:10:00.0;-0.01;-0.01;112;92;82;84;26;274;357;336;27;2.48;2.48;2.48;2.48;-1;0;0;0;0;14.1;85;27;4.7;0;-;13;33;855;753;0;1231.0;8.6;8.6;0;0;0;0;0;0;
2026.08.27;19:10:00.4;-0.01;-0.01;112;92;82;84;26;274;357;336;27;2.48;2.48;2.48;2.48;-1;0;0;0;0;14.1;85;27;4.7;0;-;13;33;855;753;0;1231.0;8.6;8.6;0;0;0;0;0;1;
2026.08.27;19:10:00.9;-0.00;-0.00;136;107;83;85;25;274;357;336;27;2.46;2.46;2.46;2.46;-5;0;0;0;0;14.1;85;27;4.7;0;-;13;33;855;749;0;1133.0;8.6;8.6;0;0;0;0;0;1;
2026.08.27;19:10:01.3;-0.00;-0.00;175;649;82;83;28;274;378;357;27;2.65;2.65;2.65;2.65;-5;0;0;0;0;14.1;85;27;4.7;0;-;13;33;855;749;0;1133.0;9.4;8.9;0;0;0;0;0;1;
2026.08.27;19:10:01.8;-0.00;-0.00;175;649;82;83;28;323;399;378;27;2.65;2.65;2.65;2.65;-5;0;0;0;0;14.1;85;27;4.7;0;-;13;33;855;726;0;1381.0;9.9;9.7;0;0;0;0;0;1;
2026.08.27;19:10:02.2;0.01;0.01;63;63;83;85;30;323;399;378;27;2.81;2.81;2.81;2.81;-5;0;0;0;0;14.1;85;27;4.7;0;-;13;33;855;745;0;1080.0;9.9;9.7;0;0;0;0;0;0;
2026.08.27;19:10:02.7;0.01;0.01;73;63;82;83;25;323;357;378;27;2.63;2.63;2.63;2.63;-5;0;0;0;0;14.1;85;27;4.7;0;-;13;33;855;745;0;1080.0;9.0;9.5;0;0;0;0;0;0;
2026.08.27;19:10:03.1;0.01;0.01;73;63;82;83;25;323;357;357;27;2.63;2.63;2.63;2.63;-5;0;0;0;0;14.1;85;27;4.7;0;-;13;33;855;751;0;1688.0;8.6;9.0;0;0;0;0;0;0;
2026.08.27;19:10:03.6;-0.00;-0.00;703;659;82;84;28;323;357;357;27;2.46;2.46;2.46;2.46;-5;0;0;0;0;14.1;85;27;4.7;0;-;13;33;855;754;0;1022.0;8.6;9.0;0;0;0;0;0;0;
2026.08.27;19:10:04.0;-0.00;-0.00;703;659;82;84;28;323;357;336;27;2.46;2.46;2.46;2.46;-1;0;0;0;0;14.1;85;27;4.7;0;-;13;33;855;754;0;1022.0;8.6;8.6;0;0;0;0;0;0;
2026.08.27;19:10:04.5;0.01;0.01;180;522;82;84;25;323;357;336;27;2.45;2.45;2.45;2.45;-2;0;0;0;0;14.1;85;27;4.7;0;-;13;33;855;747;0;1297.0;8.6;8.6;0;0;0;0;0;0;
2026.08.27;19:10:04.9;0.02;0.02;126;117;83;84;28;323;357;336;27;2.50;2.50;2.50;2.50;-2;0;0;0;0;14.1;85;27;4.7;0;-;13;33;855;747;0;1297.0;8.6;8.8;0;0;0;0;0;0;
2026.08.27;19:10:05.4;0.02;0.02;126;117;83;84;28;323;357;336;27;2.50;2.50;2.50;2.50;-4;0;0;0;0;14.0;85;27;4.7;0;-;13;33;855;743;0;944.0;8.6;8.7;0;0;0;0;0;0;
2026.08.27;19:10:05.8;0.02;0.02;170;107;83;84;25;323;357;336;27;2.48;2.48;2.48;2.48;0;0;0;0;0;14.0;85;27;4.7;0;-;13;33;855;745;0;1425.0;8.6;8.7;0;0;0;0;0;0;
2026.08.27;19:10:06.3;0.00;0.00;639;678;83;84;25;323;357;336;27;2.43;2.43;2.43;2.43;0;0;0;0;0;14.0;85;27;4.7;0;-;13;33;855;745;0;1425.0;8.6;8.7;0;0;0;0;0;0;
2026.08.27;19:10:06.7;0.00;0.00;639;678;83;84;25;323;336;336;27;2.43;2.43;2.43;2.43;-1;0;0;0;0;14.0;85;27;4.7;0;-;13;33;855;746;0;1700.0;8.6;8.6;0;0;0;0;0;0;
2026.08.27;19:10:07.2;0.02;0.02;102;87;83;84;26;323;336;336;27;2.48;2.48;2.48;2.48;0;0;0;0;0;14.1;85;27;4.7;0;-;13;33;855;756;0;1523.0;8.6;8.6;0;0;0;0;0;0;
2026.08.27;19:10:07.6;0.01;0.01;664;444;82;84;25;323;357;336;27;2.44;2.44;2.44;2.44;0;0;0;0;0;14.1;85;27;4.7;0;-;13;33;855;756;0;1523.0;8.6;8.6;0;0;0;0;0;0;
2026.08.27;19:10:08.1;0.01;0.01;664;444;82;84;25;323;357;336;27;2.44;2.44;2.44;2.44;-2;0;0;0;0;14.1;85;27;4.7;0;-;13;33;855;750;0;1082.0;8.6;8.5;0;0;0;0;0;0;
2026.08.27;19:10:08.5;0.02;0.02;97;366;85;86;28;323;357;336;27;2.50;2.50;2.50;2.50;0;0;0;0;0;14.1;85;27;4.7;0;-;13;33;855;744;0;1251.0;8.6;8.5;0;0;0;0;0;0;
2026.08.27;19:10:09.0;0.03;0.03;170;117;82;83;28;323;357;336;27;2.52;2.52;2.52;2.52;0;0;0;0;0;14.1;85;27;4.7;0;-;13;33;855;744;0;1251.0;8.6;8.7;0;0;0;0;0;0;
2026.08.27;19:10:09.4;0.03;0.03;170;117;82;83;28;323;336;336;27;2.52;2.52;2.52;2.52;-2;0;0;0;0;14.1;85;27;4.7;0;-;13;33;855;756;0;1111.0;8.5;8.6;0;0;0;0;0;0;
2026.08.27;19:10:09.9;0.01;0.01;693;732;84;85;25;323;336;336;27;2.46;2.46;2.46;2.46;-2;0;0;0;0;14.1;85;27;4.7;0;-;13;33;855;742;0;1851.0;8.5;8.6;0;0;0;0;0;0;
2026.08.27;19:10:10.3;0.03;0.03;112;87;83;85;25;323;357;336;27;2.52;2.52;2.52;2.52;-3;0;0;0;0;14.1;85;27;4.7;0;-;13;33;855;742;0;1851.0;8.7;8.6;0;0;0;0;0;0;
2026.08.27;19:10:10.8;0.03;0.03;112;87;83;85;25;323;357;336;27;2.52;2.52;2.52;2.52;-3;0;0;0;0;14.1;85;27;4.7;0;-;13;33;855;745;0;1897.0;8.6;8.6;0;0;0;0;0;0;
2026.08.27;19:10:11.2;0.01;0.01;664;698;83;85;25;323;357;336;27;2.48;2.48;2.48;2.48;-3;0;0;0;0;14.1;85;27;4.7;0;-;13;33;855;753;0;1023.0;8.6;8.6;0;0;0;0;0;0;
2026.08.27;19:10:11.7;0.01;0.01;664;698;83;85;25;323;357;336;27;2.48;2.48;2.48;2.48;-2;0;0;0;0;14.1;85;27;4.7;0;-;13;33;855;753;0;1023.0;8.6;8.6;0;0;0;0;0;0;
2026.08.27;19:10:12.1;0.01;0.01;634;268;83;84;27;323;357;336;27;2.50;2.50;2.50;2.50;-2;0;0;0;0;14.1;85;27;4.7;0;-;13;33;855;752;0;1276.0;8.6;8.6;0;0;0;0;0;0;
2026.08.27;19:10:12.6;0.01;0.01;712;737;84;85;26;323;357;336;27;2.48;2.48;2.48;2.48;-2;0;0;0;0;14.1;85;27;4.7;0;-;13;33;855;749;0;1481.0;8.6;8.7;0;0;0;0;0;0;
2026.08.27;19:10:13.0;0.01;0.01;712;737;84;85;26;323;357;336;27;2.48;2.48;2.48;2.48;-2;0;0;0;0;14.1;85;27;4.7;0;-;13;33;855;749;0;1481.0;8.5;8.6;0;0;0;0;0;1;
2026.08.27;19:10:13.5;0.00;0.00;688;717;84;85;25;323;357;336;27;2.43;2.43;2.43;2.43;-3;0;0;0;0;14.1;85;27;4.7;0;-;13;33;855;749;0;1365.0;8.5;8.6;0;0;0;0;0;1;
2026.08.27;19:10:13.9;-0.00;-0.00;610;683;84;85;27;323;378;336;27;2.57;2.57;2.57;2.57;-3;0;0;0;0;14.1;85;27;4.7;0;-;13;33;855;747;0;1093.0;9.3;8.8;0;0;0;0;0;1;
2026.08.27;19:10:14.4;-0.00;-0.00;610;683;84;85;27;323;378;357;27;2.57;2.57;2.57;2.57;-5;0;0;0;0;14.1;85;27;4.7;0;-;13;33;855;747;0;1093.0;9.5;9.2;0;0;0;0;0;1;
2026.08.27;19:10:14.8;0.02;0.02;78;73;84;86;27;323;378;357;27;2.72;2.72;2.72;2.72;-7;0;0;0;0;14.1;85;27;4.7;0;-;13;33;855;754;0;1003.0;9.2;9.4;0;0;0;0;0;1;
2026.08.27;19:10:15.3;0.02;0.02;112;92;84;85;27;323;378;357;27;2.72;2.72;2.72;2.72;-7;0;0;0;0;14.1;85;27;4.7;0;-;13;33;855;754;0;1003.0;9.2;9.4;0;0;0;0;0;1;
2026.08.27;19:10:15.8;0.02;0.02;112;92;84;85;27;323;378;357;27;2.72;2.72;2.72;2.72;-6;0;0;0;0;14.1;85;27;4.7;0;-;13;33;855;760;0;1712.0;9.2;9.2;0;0;0;0;0;1;
2026.08.27;19:10:16.2;0.01;0.01;722;673;85;86;27;323;378;357;27;2.65;2.65;2.65;2.65;-6;0;0;0;0;14.1;85;27;4.7;0;-;13;33;855;760;0;1939.0;9.2;9.2;0;0;0;0;0;1;
2026.08.27;19:10:16.7;0.00;0.00;698;727;83;85;27;323;378;357;27;2.68;2.68;2.68;2.68;-6;0;0;0;0;14.1;85;27;4.7;0;-;13;33;855;760;0;1939.0;9.5;9.1;0;0;0;0;0;1;
2026.08.27;19:10:17.1;0.00;0.00;698;727;83;85;27;323;378;357;27;2.68;2.68;2.68;2.68;-5;0;0;0;0;14.1;85;27;4.7;0;-;13;34;855;747;0;1099.0;9.3;9.2;0;0;0;0;0;1;
2026.08.27;19:10:17.6;0.02;0.02;112;322;83;85;26;323;378;357;27;2.74;2.74;2.74;2.74;-5;0;0;0;0;14.2;85;27;4.7;0;-;13;34;855;776;2;1290.0;9.3;9.2;0;0;0;0;0;1;
2026.08.27;19:10:18.0;0.02;0.02;112;322;83;85;26;323;357;630;27;2.74;2.74;2.74;2.74;9;0;0;0;0;14.2;85;27;4.7;0;-;13;34;855;776;16;1290.0;23.6;42.6;19;15;20;0;0;1;
2026.08.27;19:10:18.5;-0.01;-0.01;805;771;83;85;58;323;357;630;27;2.24;2.24;2.24;2.24;27;0;0;0;0;14.2;85;27;4.7;0;-;13;34;855;2288;16;3862.0;23.6;42.6;19;15;20;0;0;1;
2026.08.27;19:10:18.9;0.04;0.04;68;58;81;86;99;323;546;462;27;6.63;6.63;6.63;6.63;27;0;0;0;0;14.2;85;27;4.7;0;-;13;34;855;2023;30;3578.0;42.0;36.8;0;0;0;0;0;1;
2026.08.27;19:10:19.4;0.04;0.04;68;58;81;86;99;323;630;588;27;6.63;6.63;6.63;6.63;23;0;0;0;0;14.2;85;27;4.7;2;-;13;34;855;2023;31;3578.0;47.4;47.0;0;0;0;0;0;1;
2026.08.27;19:10:19.8;0.00;0.00;698;727;79;86;99;323;630;588;27;6.63;6.63;6.63;6.63;23;0;0;0;0;14.1;85;27;4.7;2;-;13;34;855;1949;31;4011.0;47.4;47.0;0;0;0;0;0;1;
2026.08.27;19:10:20.3;-0.00;-0.00;761;737;77;86;99;323;567;567;27;4.66;4.66;4.66;4.66;23;0;0;0;0;14.1;85;27;4.7;5;-;13;34;855;1659;20;3557.0;37.0;37.8;0;0;0;0;0;1;
2026.08.27;19:10:20.7;-0.00;-0.00;761;737;77;86;99;323;252;378;27;4.66;4.66;4.66;4.66;15;0;0;0;0;14.1;85;27;4.7;6;-;13;34;855;1659;7;3557.0;15.3;22.7;0;0;0;0;0;1;
2026.08.27;19:10:21.2;-0.05;-0.05;747;742;76;86;40;323;252;378;27;1.76;1.76;1.76;1.76;12;0;0;0;0;14.1;85;27;4.7;6;-;13;34;855;1655;7;2506.0;15.3;22.7;0;0;0;0;0;1;
2026.08.27;19:10:21.6;-0.09;-0.09;97;297;75;86;40;323;252;252;27;1.82;1.82;1.82;1.82;12;0;0;0;0;14.1;85;27;4.7;5;-;13;34;855;1655;6;2506.0;12.6;13.2;0;0;0;0;0;1;
2026.08.27;19:10:22.1;-0.09;-0.09;97;297;75;86;40;323;252;252;27;1.82;1.82;1.82;1.82;13;0;0;0;0;14.1;85;27;4.7;5;-;13;34;855;1403;6;2496.0;11.6;12.4;0;0;0;0;0;1;
2026.08.27;19:10:22.5;-0.09;-0.09;805;781;75;86;27;249;252;252;27;1.69;1.69;1.69;1.69;13;0;0;0;0;14.1;85;27;4.7;3;-;13;34;855;1322;4;2604.0;11.6;12.4;0;0;0;0;0;1;
2026.08.27;19:10:23.0;-0.09;-0.09;805;781;75;86;27;249;315;252;27;1.69;1.69;1.69;1.69;22;0;0;0;0;14.1;85;27;4.7;1;-;13;34;855;1322;16;2604.0;14.0;12.2;0;0;0;0;0;1;
2026.08.27;19:10:23.4;-0.12;-0.12;712;751;76;86;99;249;315;252;27;7.02;7.02;7.02;7.02;21;0;0;0;0;14.1;85;27;4.7;1;-;13;34;855;1805;16;3747.0;14.0;12.2;0;0;0;0;0;1;
2026.08.27;19:10:23.9;-0.04;-0.04;58;53;76;87;99;249;420;462;27;4.34;4.34;4.34;4.34;21;0;0;0;0;14.1;85;27;4.8;1;-;13;34;855;1893;28;4117.0;34.9;38.2;0;0;0;0;0;1;
2026.08.27;19:10:24.3;-0.04;-0.04;58;53;76;87;99;249;567;588;27;4.34;4.34;4.34;4.34;21;0;0;0;0;14.1;85;27;4.8;3;-;13;34;855;1893;35;4117.0;49.8;52.4;11;13;40;0;0;1;
2026.08.27;19:10:24.8;0.03;0.03;97;87;74;87;99;249;567;588;27;7.10;7.10;7.10;7.10;22;0;0;0;0;14.1;85;27;4.8;3;-;13;34;855;2232;35;2718.0;49.8;52.4;11;13;40;0;0;1;
2026.08.27;19:10:25.2;0.02;0.02;727;673;72;87;99;249;651;651;27;7.77;7.77;7.77;7.77;22;0;0;0;0;14.1;85;27;4.8;6;-;13;34;855;2232;35;2843.0;61.2;62.5;25;22;66;0;0;1;
2026.08.27;19:10:25.7;0.02;0.02;727;673;72;87;99;249;651;651;27;7.77;7.77;7.77;7.77;22;0;0;0;0;14.1;85;27;4.8;9;-;13;34;855;2232;35;2843.0;67.7;70.0;31;31;33;0;0;1;
2026.08.27;19:10:26.1;0.05;0.05;175;180;70;88;99;249;651;651;27;7.95;7.95;7.95;7.95;22;0;0;0;0;14.2;86;27;4.7;9;-;13;34;855;2446;35;3007.0;67.7;70.0;31;31;33;0;0;1;
2026.08.27;19:10:26.6;0.02;0.02;771;693;0;0;99;249;651;651;27;7.42;7.42;7.42;7.42;22;0;0;0;0;14.2;86;27;4.7;13;-;12;34;855;2657;34;4944.0;77.1;78.2;33;33;50;0;0;1;
2026.08.27;19:10:27.0;0.02;0.02;771;693;0;0;99;249;546;588;27;7.42;7.42;7.42;7.42;19;0;0;0;0;14.2;86;27;4.7;16;-;12;34;855;2657;27;4944.0;64.5;68.9;19;23;33;0;0;1;
2026.08.27;19:10:27.5;0.03;0.03;107;185;57;87;99;249;546;588;27;4.99;4.99;4.99;4.99;12;0;0;0;0;14.2;86;27;4.7;16;-;12;34;855;2416;27;3058.0;64.5;68.9;19;23;33;0;0;1;
2026.08.27;19:10:27.9;0.02;0.02;698;405;51;87;99;249;504;504;27;4.51;4.51;4.51;4.51;12;0;0;0;0;14.2;86;27;4.7;17;-;12;34;855;2416;25;3058.0;46.9;48.6;0;0;0;0;0;0;
2026.08.27;19:10:28.4;0.02;0.02;698;405;51;87;99;249;420;441;27;4.51;4.51;4.51;4.51;27;0;0;0;0;14.1;86;27;4.7;17;-;12;34;855;2461;23;2758.0;40.5;43.2;0;0;0;0;0;0;
2026.08.27;19:10:28.8;0.03;0.03;117;83;49;86;99;249;420;441;27;3.63;3.63;3.63;3.63;29;0;0;0;0;14.1;86;27;4.7;17;-;12;34;855;2467;23;4230.0;40.5;43.2;0;0;0;0;0;0;
2026.08.27;19:10:29.3;-0.03;-0.03;732;727;50;86;89;249;315;336;27;2.66;2.66;2.66;2.66;29;0;0;0;0;14.1;86;27;4.7;17;-;12;34;855;2467;18;4230.0;29.0;33.0;0;0;0;0;0;0;
2026.08.27;19:10:29.7;-0.03;-0.03;732;727;50;86;89;255;315;315;27;2.66;2.66;2.66;2.66;30;0;0;0;0;14.1;86;27;4.7;16;-;12;34;855;2411;18;4468.0;28.0;29.7;0;0;0;0;0;0;
2026.08.27;19:10:30.2;-0.04;-0.04;747;698;50;85;89;255;315;315;27;2.80;2.80;2.80;2.80;29;0;0;0;0;14.1;86;27;4.7;16;-;12;34;855;2288;18;2972.0;28.0;29.7;0;0;0;0;0;0;
2026.08.27;19:10:30.6;0.03;0.03;366;180;51;85;77;255;336;357;27;2.87;2.87;2.87;2.87;29;0;0;0;0;14.1;86;27;4.7;16;-;12;34;855;2288;17;2972.0;28.7;30.3;0;0;0;0;0;0;
2026.08.27;19:10:31.1;0.03;0.03;366;180;51;85;77;255;273;294;27;2.87;2.87;2.87;2.87;28;0;0;0;0;14.1;86;27;4.7;15;-;14;34;855;2154;13;2786.0;20.4;22.1;0;0;0;0;0;0;
2026.08.27;19:10:31.5;-0.05;-0.05;815;800;52;84;64;255;273;294;27;2.24;2.24;2.24;2.24;27;0;0;0;0;14.1;86;27;4.7;15;-;14;34;855;1979;13;4221.0;20.4;22.1;0;0;0;0;0;0;
2026.08.27;19:10:32.0;-0.05;-0.05;117;102;55;85;60;255;273;294;27;2.40;2.40;2.40;2.40;27;0;0;0;0;14.1;86;27;4.7;13;-;14;34;855;1979;13;4221.0;19.0;21.2;0;0;0;0;0;0;
2026.08.27;19:10:32.4;-0.05;-0.05;117;102;55;85;60;255;294;315;27;2.40;2.40;2.40;2.40;25;0;0;0;0;14.2;86;27;4.7;13;-;14;34;855;1808;13;2501.0;18.2;19.7;0;0;0;0;0;0;
2026.08.27;19:10:32.9;-0.05;-0.05;78;83;57;85;56;255;294;315;27;2.49;2.49;2.49;2.49;23;0;0;0;0;14.2;87;27;4.7;12;-;14;34;855;1568;13;3222.0;18.2;19.7;0;0;0;0;0;0;
2026.08.27;19:10:33.3;-0.01;-0.01;166;151;59;84;46;255;336;336;27;2.62;2.62;2.62;2.62;23;0;0;0;0;14.2;87;27;4.7;11;-;14;34;855;1568;11;3222.0;18.0;19.0;0;0;0;0;0;0;
2026.08.27;19:10:33.8;-0.01;-0.01;166;151;59;84;46;255;210;252;27;2.62;2.62;2.62;2.62;-9;0;0;0;0;14.2;87;27;4.7;11;-;14;34;855;1430;11;2331.0;8.0;10.3;0;0;0;0;0;0;
2026.08.27;19:10:34.2;-0.03;-0.03;839;810;61;85;21;255;210;252;27;1.61;1.61;1.61;1.61;-9;0;0;0;0;14.0;87;27;4.7;9;-;14;34;855;939;0;1350.0;8.0;10.3;0;0;0;0;0;1;
2026.08.27;19:10:34.7;-0.03;-0.03;839;810;61;85;21;255;273;252;27;1.61;1.61;1.61;1.61;14;0;0;0;0;14.0;87;27;4.7;6;-;14;34;855;939;0;1350.0;7.5;6.9;0;0;0;0;1;1;
2026.08.27;19:10:35.1;-0.04;-0.04;834;830;62;84;24;255;273;252;27;2.08;2.08;2.08;2.08;5;0;0;0;0;14.0;87;27;4.7;6;-;14;34;855;796;0;1206.0;7.5;6.9;0;0;0;0;1;1;
2026.08.27;19:10:35.6;-0.04;-0.04;839;844;64;84;24;255;336;315;27;2.44;2.44;2.44;2.44;5;0;0;0;0;14.0;87;27;4.7;3;-;14;34;855;796;0;1206.0;8.6;8.4;0;0;0;0;1;1;
2026.08.27;19:10:36.0;-0.04;-0.04;839;844;64;84;24;255;336;315;27;2.44;2.44;2.44;2.44;1;0;0;0;0;14.0;87;27;4.7;1;-;13;34;855;758;0;1673.0;8.3;8.4;0;0;0;0;1;0;
2026.08.27;19:10:36.5;-0.05;-0.05;815;830;65;84;24;284;336;315;27;2.41;2.41;2.41;2.41;0;0;0;0;0;14.1;87;28;4.7;1;-;13;34;855;755;0;1108.0;8.3;8.4;0;0;0;0;1;0;
2026.08.27;19:10:36.9;-0.06;-0.06;791;815;65;83;24;284;336;315;27;2.34;2.34;2.34;2.34;0;0;0;0;0;14.1;87;28;4.7;0;-;13;34;855;755;0;1108.0;8.2;8.4;0;0;0;0;1;0;
2026.08.27;19:10:37.4;-0.06;-0.06;791;815;65;83;24;284;336;336;27;2.34;2.34;2.34;2.34;-2;0;0;0;0;14.1;87;28;4.7;0;-;13;34;855;747;0;1743.0;8.4;8.5;0;0;0;0;1;0;
2026.08.27;19:10:37.8;-0.06;-0.06;742;781;67;84;24;284;336;336;27;2.33;2.33;2.33;2.33;5;0;0;0;0;14.1;87;28;4.7;0;-;13;34;855;743;0;1161.0;8.4;8.5;0;0;0;0;1;0;
2026.08.27;19:10:38.3;-0.07;-0.07;410;673;69;84;25;284;357;336;27;2.39;2.39;2.39;2.39;5;0;0;0;0;14.1;87;28;4.7;0;-;13;34;855;743;0;1161.0;8.6;8.8;0;0;0;0;1;0;
2026.08.27;19:10:38.7;-0.07;-0.07;410;673;69;84;25;284;357;336;27;2.39;2.39;2.39;2.39;-3;0;0;0;0;14.1;87;28;4.7;0;-;13;34;855;741;0;1644.0;8.8;8.8;0;0;0;0;1;0;
2026.08.27;19:10:39.2;-0.05;-0.05;73;63;69;83;25;284;357;336;27;2.46;2.46;2.46;2.46;-3;0;0;0;0;14.1;87;28;4.7;0;-;13;34;855;749;0;977.0;8.8;8.8;0;0;0;0;1;0;
2026.08.27;19:10:39.6;-0.05;-0.05;73;63;69;83;25;284;357;357;27;2.46;2.46;2.46;2.46;-3;0;0;0;0;14.1;87;28;4.7;0;-;13;34;855;749;0;977.0;8.8;8.8;0;0;0;0;1;0;
2026.08.27;19:10:40.1;-0.04;-0.04;73;73;69;83;25;284;357;357;27;2.52;2.52;2.52;2.52;0;0;0;0;0;14.1;87;28;4.7;0;-;13;34;855;751;0;1304.0;8.8;8.8;0;0;0;0;1;0;
2026.08.27;19:10:40.5;-0.03;-0.03;73;68;69;82;25;284;357;336;27;2.52;2.52;2.52;2.52;0;0;0;0;0;14.1;87;28;4.7;0;-;13;34;855;751;0;1304.0;8.6;8.9;0;0;0;0;1;0;
2026.08.27;19:10:41.0;-0.03;-0.03;73;68;69;82;25;284;357;336;27;2.52;2.52;2.52;2.52;-2;0;0;0;0;14.1;87;28;4.7;0;-;13;34;855;757;0;1489.0;8.7;8.9;0;0;0;0;1;0;
2026.08.27;19:10:41.4;-0.03;-0.03;87;78;70;82;25;284;357;336;27;2.50;2.50;2.50;2.50;-2;0;0;0;0;14.1;87;28;4.7;0;-;13;34;855;744;0;1656.0;8.7;8.9;0;0;0;0;1;0;
2026.08.27;19:10:41.9;-0.02;-0.02;87;83;71;83;25;284;357;336;27;2.53;2.53;2.53;2.53;-6;0;0;0;0;14.1;87;28;4.7;0;-;13;34;855;744;0;1656.0;8.9;8.8;0;0;0;0;1;0;
2026.08.27;19:10:42.3;-0.02;-0.02;87;83;71;83;25;284;357;357;27;2.53;2.53;2.53;2.53;-3;0;0;0;0;14.1;87;28;4.7;0;-;13;34;855;752;0;1497.0;8.6;8.8;0;0;0;0;1;0;
2026.08.27;19:10:42.8;-0.01;-0.01;87;78;71;82;25;284;357;357;27;2.55;2.55;2.55;2.55;-3;0;0;0;0;14.1;87;28;4.7;0;-;13;34;855;755;0;928.0;8.6;8.8;0;0;0;0;0;0;
2026.08.27;19:10:43.2;-0.01;-0.01;87;78;71;82;25;284;336;336;27;2.55;2.55;2.55;2.55;-6;0;0;0;0;14.1;87;28;4.7;0;-;13;34;855;755;0;928.0;8.4;8.7;0;0;0;0;0;1;
2026.08.27;19:10:43.7;-0.00;-0.00;107;87;71;82;25;331;336;336;27;2.46;2.46;2.46;2.46;-5;0;0;0;0;14.1;88;28;4.7;0;-;13;34;855;771;0;1457.0;8.4;8.7;0;0;0;0;0;1;
2026.08.27;19:10:44.2;-0.02;-0.02;668;712;72;82;26;331;357;336;27;2.55;2.55;2.55;2.55;-5;0;0;0;0;14.1;88;28;4.7;0;-;13;34;855;771;0;1457.0;9.0;9.0;0;0;0;0;0;1;
2026.08.27;19:10:44.6;-0.02;-0.02;668;712;72;82;26;331;399;357;27;2.55;2.55;2.55;2.55;-4;0;0;0;0;14.1;88;28;4.7;0;-;13;34;855;738;0;1510.0;9.6;9.1;0;0;0;0;0;1;
2026.08.27;19:10:45.1;-0.00;-0.00;73;63;73;83;31;331;399;357;27;2.73;2.73;2.73;2.73;-4;0;0;0;0;14.0;88;28;4.7;0;-;13;34;855;755;0;1632.0;9.6;9.1;0;0;0;0;0;1;
2026.08.27;19:10:45.5;-0.00;-0.00;73;63;73;83;31;331;378;378;27;2.73;2.73;2.73;2.73;-6;0;0;0;0;14.0;88;28;4.7;0;-;13;34;855;755;0;1632.0;9.5;9.5;0;0;0;0;0;0;
2026.08.27;19:10:46.0;0.01;0.01;78;68;73;82;29;331;336;357;27;2.70;2.70;2.70;2.70;-7;0;0;0;0;14.0;88;28;4.7;0;-;13;34;855;750;0;1411.0;8.3;9.2;0;0;0;0;0;0;
2026.08.27;19:10:46.4;0.01;0.01;102;87;74;83;26;331;336;357;27;2.51;2.51;2.51;2.51;-7;0;0;0;0;14.0;88;28;4.7;0;-;13;34;855;761;0;1608.0;8.3;9.2;0;0;0;0;0;0;
2026.08.27;19:10:46.9;0.01;0.01;102;87;74;83;26;331;336;336;27;2.51;2.51;2.51;2.51;-3;0;0;0;0;14.0;88;28;4.7;0;-;13;34;855;761;0;1608.0;8.2;8.6;0;0;0;0;1;0;
2026.08.27;19:10:47.3;-0.00;-0.00;732;693;78;87;25;331;336;336;27;2.51;2.51;2.51;2.51;-3;0;0;0;0;14.0;88;28;4.7;0;-;13;34;855;738;0;1641.0;8.2;8.6;0;0;0;0;1;0;
2026.08.27;19:10:47.8;0.01;0.01;73;73;75;83;27;331;357;357;27;2.62;2.62;2.62;2.62;-3;0;0;0;0;14.0;88;28;4.7;0;-;13;34;855;738;0;1641.0;8.8;9.2;0;0;0;0;1;0;
2026.08.27;19:10:48.2;0.01;0.01;73;73;75;83;27;331;357;357;27;2.62;2.62;2.62;2.62;-6;0;0;0;0;14.0;88;28;4.7;0;-;13;34;855;752;0;1348.0;8.5;9.2;0;0;0;0;1;0;
2026.08.27;19:10:48.7;0.02;0.02;73;68;75;83;28;331;357;357;27;2.70;2.70;2.70;2.70;-5;0;0;0;0;14.0;88;28;4.7;0;-;13;34;855;754;0;1474.0;8.5;9.2;0;0;0;0;1;0;
2026.08.27;19:10:49.1;0.03;0.03;63;58;75;83;25;331;357;378;27;2.74;2.74;2.74;2.74;-5;0;0;0;0;14.0;88;28;4.7;0;-;13;34;855;754;0;1474.0;8.9;9.6;0;0;0;0;1;0;
2026.08.27;19:10:49.6;0.03;0.03;63;58;75;83;25;331;336;357;27;2.74;2.74;2.74;2.74;-6;0;0;0;0;14.0;88;28;4.8;0;-;13;34;855;744;0;1391.0;8.6;9.3;0;0;0;0;1;0;
2026.08.27;19:10:50.0;0.03;0.03;97;78;75;82;24;331;336;357;27;2.63;2.63;2.63;2.63;-3;0;0;0;0;14.0;88;28;4.8;0;-;13;34;855;754;0;1084.0;8.6;9.3;0;0;0;0;1;0;
2026.08.27;19:10:50.5;0.02;0.02;708;654;75;82;25;331;336;336;27;2.48;2.48;2.48;2.48;-3;0;0;0;0;14.0;88;28;4.8;0;-;13;34;855;754;0;1084.0;8.4;9.0;0;0;0;0;1;0;
2026.08.27;19:10:50.9;0.02;0.02;708;654;75;82;25;354;336;357;27;2.48;2.48;2.48;2.48;-3;0;0;0;0;14.0;88;28;4.8;0;-;13;34;855;758;0;1179.0;8.5;8.9;0;0;0;0;0;0;
2026.08.27;19:10:51.4;0.03;0.03;214;703;76;82;25;354;336;357;27;2.53;2.53;2.53;2.53;-3;0;0;0;0;14.2;88;28;4.8;0;-;13;34;855;756;0;1549.0;8.5;8.9;0;0;0;0;0;0;
2026.08.27;19:10:51.8;0.04;0.04;151;97;76;82;24;354;336;336;27;2.47;2.47;2.47;2.47;-2;0;0;0;0;14.2;88;28;4.8;0;-;13;34;855;756;0;1549.0;8.1;8.8;0;0;0;0;0;0;
2026.08.27;19:10:52.3;0.04;0.04;151;97;76;82;24;354;315;336;27;2.47;2.47;2.47;2.47;-2;0;0;0;0;14.2;88;28;4.8;0;-;13;34;855;758;0;1067.0;8.0;8.5;0;0;0;0;0;0;
2026.08.27;19:10:52.7;0.02;0.02;776;732;76;82;25;354;315;336;27;2.36;2.36;2.36;2.36;-2;0;0;0;0;14.2;88;28;4.8;0;-;13;34;855;742;0;1687.0;8.0;8.5;0;0;0;0;0;0;
2026.08.27;19:10:53.2;0.01;0.01;751;766;77;83;24;354;336;336;27;2.36;2.36;2.36;2.36;-3;0;0;0;0;14.2;88;28;4.8;0;-;13;34;855;742;0;1687.0;8.2;8.4;0;0;0;0;0;0;
2026.08.27;19:10:53.6;0.01;0.01;751;766;77;83;24;354;336;336;27;2.36;2.36;2.36;2.36;1;0;0;0;0;14.1;88;28;4.8;0;-;13;34;855;755;0;1540.0;8.2;8.4;0;0;0;0;0;0;
2026.08.27;19:10:54.1;0.01;0.01;654;712;77;82;25;354;336;336;27;2.33;2.33;2.33;2.33;1;0;0;0;0;14.1;88;28;4.8;0;-;13;34;855;754;0;1919.0;8.0;8.4;0;0;0;0;0;0;
2026.08.27;19:10:54.5;0.01;0.01;654;712;77;82;25;354;336;336;27;2.33;2.33;2.33;2.33;-2;0;0;0;0;14.1;88;28;4.8;0;-;13;34;855;754;0;1919.0;8.4;8.4;0;0;0;0;0;0;
2026.08.27;19:10:55.0;0.02;0.02;166;175;78;82;24;354;336;336;27;2.38;2.38;2.38;2.38;1;0;0;0;0;14.1;88;28;4.8;0;-;13;34;855;756;0;1007.0;8.4;8.4;0;0;0;0;0;0;
2026.08.27;19:10:55.4;0.00;0.00;703;708;78;83;25;354;336;336;27;2.34;2.34;2.34;2.34;1;0;0;0;0;14.1;88;28;4.8;0;-;13;34;855;756;0;1007.0;8.1;8.2;0;0;0;0;0;0;
2026.08.27;19:10:55.9;0.00;0.00;703;708;78;83;25;354;336;336;27;2.34;2.34;2.34;2.34;0;0;0;0;0;14.1;88;28;4.8;0;-;13;34;855;757;0;1988.0;8.1;8.3;0;0;0;0;0;0;
2026.08.27;19:10:56.3;-0.00;-0.00;439;644;79;83;25;354;336;336;27;2.33;2.33;2.33;2.33;0;0;0;0;0;14.1;88;28;4.8;0;-;13;34;855;754;0;1033.0;8.1;8.3;0;0;0;0;0;0;
2026.08.27;19:10:56.8;-0.00;-0.00;703;659;78;82;24;354;336;336;27;2.32;2.32;2.32;2.32;0;0;0;0;0;14.1;88;28;4.8;0;-;13;34;855;754;0;1033.0;8.2;8.3;0;0;0;0;0;0;
2026.08.27;19:10:57.2;-0.00;-0.00;703;659;78;82;24;354;336;336;27;2.32;2.32;2.32;2.32;0;0;0;0;0;14.1;88;28;4.8;0;-;13;34;855;747;0;1501.0;8.2;8.3;0;0;0;0;0;0;
2026.08.27;19:10:57.7;-0.01;-0.01;678;371;78;82;25;354;336;336;27;2.36;2.36;2.36;2.36;0;0;0;0;0;14.1;88;28;4.8;0;-;13;34;855;747;0;1501.0;8.3;8.4;0;0;0;0;0;0;
2026.08.27;19:10:58.1;-0.01;-0.01;678;371;78;82;25;319;336;336;27;2.36;2.36;2.36;2.36;-2;0;0;0;0;14.1;88;28;4.8;0;-;13;34;855;750;0;1492.0;8.2;8.4;0;0;0;0;0;0;
2026.08.27;19:10:58.6;0.01;0.01;117;151;79;83;25;319;336;336;27;2.40;2.40;2.40;2.40;-2;0;0;0;0;14.1;88;28;4.8;0;-;13;34;855;750;0;1241.0;8.2;8.4;0;0;0;0;0;0;
2026.08.27;19:10:59.0;0.01;0.01;117;151;79;83;25;319;336;336;27;2.40;2.40;2.40;2.40;3;0;0;0;0;14.1;88;28;4.8;0;-;13;34;855;750;0;1241.0;8.3;8.3;0;0;0;0;0;0;
2026.08.27;19:10:59.5;0.01;0.01;449;122;79;82;25;319;357;336;27;2.42;2.42;2.42;2.42;-2;0;0;0;0;14.1;88;28;4.8;0;-;13;34;855;757;0;1902.0;8.5;8.5;0;0;0;0;0;0;
2026.08.27;19:10:59.9;-0.01;-0.01;576;708;80;82;25;319;357;336;27;2.43;2.43;2.43;2.43;-2;0;0;0;0;14.1;88;28;4.8;0;-;13;34;855;748;0;1219.0;8.5;8.5;0;0;0;0;0;0;
2026.08.27;19:11:00.4;-0.01;-0.01;576;708;80;82;25;319;336;336;27;2.43;2.43;2.43;2.43;3;0;0;0;0;14.1;88;28;4.8;0;-;13;34;855;748;0;1219.0;8.5;8.6;0;0;0;0;0;0;
2026.08.27;19:11:00.8;0.01;0.01;97;83;80;83;25;319;336;336;27;2.50;2.50;2.50;2.50;-3;0;0;0;0;14.1;88;28;4.8;0;-;13;34;855;742;0;1382.0;8.5;8.6;0;0;0;0;0;0;
2026.08.27;19:11:01.3;0.00;0.00;678;161;80;83;25;319;336;336;27;2.48;2.48;2.48;2.48;-3;0;0;0;0;14.1;88;28;4.8;0;-;13;34;855;742;0;1382.0;8.4;8.6;0;0;0;0;0;0;
2026.08.27;19:11:01.7;0.00;0.00;678;161;80;83;25;319;336;336;27;2.48;2.48;2.48;2.48;2;0;0;0;0;14.1;88;28;4.8;0;-;13;34;855;753;0;1354.0;8.4;8.6;0;0;0;0;0;0;
2026.08.27;19:11:02.2;0.01;0.01;136;654;80;83;25;319;336;336;27;2.50;2.50;2.50;2.50;-1;0;0;0;0;14.2;88;28;4.8;0;-;13;34;855;758;0;1394.0;8.4;8.6;0;0;0;0;0;0;
2026.08.27;19:11:02.6;-0.00;-0.00;727;649;79;82;25;319;336;336;27;2.46;2.46;2.46;2.46;-1;0;0;0;0;14.2;88;28;4.8;0;-;13;34;855;758;0;1394.0;8.4;8.5;0;0;0;0;0;0;
2026.08.27;19:11:03.1;-0.00;-0.00;727;649;79;82;25;319;336;336;27;2.46;2.46;2.46;2.46;-2;0;0;0;0;14.2;88;28;4.8;0;-;13;34;855;752;0;1373.0;8.2;8.6;0;0;0;0;0;0;
2026.08.27;19:11:03.5;-0.01;-0.01;693;722;81;84;25;319;336;336;27;2.44;2.44;2.44;2.44;-2;0;0;0;0;14.2;88;28;4.8;0;-;13;34;855;748;0;1226.0;8.2;8.6;0;0;0;0;0;0;
2026.08.27;19:11:04.0;0.01;0.01;112;195;81;83;25;319;336;336;27;2.48;2.48;2.48;2.48;1;0;0;0;0;14.2;88;28;4.8;0;-;13;34;855;748;0;1226.0;8.4;8.5;0;0;0;0;0;0;
2026.08.27;19:11:04.4;0.01;0.01;112;195;81;83;25;319;357;336;27;2.48;2.48;2.48;2.48;0;0;0;0;0;14.1;88;28;4.8;0;-;13;34;855;753;0;1532.0;8.6;8.5;0;0;0;0;0;0;
2026.08.27;19:11:04.9;0.01;0.01;224;102;81;84;24;320;357;336;27;2.49;2.49;2.49;2.49;0;0;0;0;0;14.1;88;28;4.8;0;-;13;34;855;754;0;1569.0;8.6;8.5;0;0;0;0;0;0;
2026.08.27;19:11:05.3;-0.01;-0.01;698;693;82;84;23;320;336;336;27;2.40;2.40;2.40;2.40;-2;0;0;0;0;14.1;88;28;4.8;0;-;13;35;855;754;0;1569.0;8.2;8.6;0;0;0;0;0;0;
2026.08.27;19:11:05.8;-0.01;-0.01;698;693;82;84;23;320;336;315;27;2.40;2.40;2.40;2.40;1;0;0;0;0;14.1;88;28;4.8;0;-;13;35;855;759;0;1152.0;8.2;8.3;0;0;0;0;0;0;
2026.08.27;19:11:06.2;-0.02;-0.02;717;722;81;82;27;320;336;315;27;2.45;2.45;2.45;2.45;1;0;0;0;0;14.0;88;28;4.8;0;-;12;35;855;765;0;1301.0;8.2;8.3;0;0;0;0;0;0;
2026.08.27;19:11:06.7;-0.02;-0.02;717;722;81;82;27;320;357;336;27;2.45;2.45;2.45;2.45;1;0;0;0;0;14.0;88;28;4.8;0;-;12;34;855;765;0;1301.0;8.5;8.5;0;0;0;0;0;0;
2026.08.27;19:11:07.1;-0.00;-0.00;92;449;82;84;25;320;357;336;27;2.49;2.49;2.49;2.49;1;0;0;0;0;14.0;88;28;4.8;0;-;12;34;855;749;0;1197.0;8.5;8.5;0;0;0;0;0;0;
2026.08.27;19:11:07.6;0.01;0.01;97;87;81;83;25;320;336;336;27;2.48;2.48;2.48;2.48;1;0;0;0;0;14.0;88;28;4.8;0;-;12;34;855;749;0;1197.0;8.4;8.5;0;0;0;0;0;0;
2026.08.27;19:11:08.0;0.01;0.01;97;87;81;83;25;320;336;336;27;2.48;2.48;2.48;2.48;-5;0;0;0;0;14.0;88;28;4.8;0;-;12;34;855;749;0;1677.0;8.3;8.6;0;0;0;0;0;0;
2026.08.27;19:11:08.5;0.01;0.01;107;87;81;83;26;320;336;336;27;2.50;2.50;2.50;2.50;-3;0;0;0;0;14.0;88;28;4.8;0;-;12;34;855;748;0;1499.0;8.3;8.6;0;0;0;0;0;0;
2026.08.27;19:11:08.9;0.00;0.00;693;219;81;83;25;320;336;336;27;2.46;2.46;2.46;2.46;-3;0;0;0;0;14.0;88;28;4.8;0;-;12;34;855;748;0;1499.0;8.3;8.6;0;0;0;0;0;0;
2026.08.27;19:11:09.4;0.00;0.00;693;219;81;83;25;320;336;315;27;2.46;2.46;2.46;2.46;-2;0;0;0;0;14.0;88;28;4.8;0;-;12;34;855;748;0;1071.0;8.1;8.2;0;0;0;0;0;0;
2026.08.27;19:11:09.9;-0.01;-0.01;712;712;82;83;25;320;336;315;27;2.38;2.38;2.38;2.38;-3;0;0;0;0;14.0;88;28;4.8;0;-;12;34;855;747;0;1151.0;8.1;8.2;0;0;0;0;0;0;
2026.08.27;19:11:10.3;-0.01;-0.01;737;756;82;83;25;320;336;336;27;2.38;2.38;2.38;2.38;-3;0;0;0;0;14.0;88;28;4.8;0;-;12;34;855;747;0;1151.0;8.2;8.2;0;0;0;0;0;0;
2026.08.27;19:11:10.8;-0.01;-0.01;737;756;82;83;25;320;336;336;27;2.38;2.38;2.38;2.38;-2;0;0;0;0;14.0;88;28;4.9;0;-;12;35;855;743;0;1441.0;8.3;8.3;0;0;0;0;0;0;
2026.08.27;19:11:11.2;-0.00;-0.00;151;595;82;83;25;320;336;336;27;2.41;2.41;2.41;2.41;-2;0;0;0;0;14.0;88;28;4.9;0;-;13;35;855;749;0;1232.0;8.3;8.3;0;0;0;0;0;0;
2026.08.27;19:11:11.7;-0.00;-0.00;151;595;82;83;25;320;336;336;27;2.41;2.41;2.41;2.41;-2;0;0;0;0;14.0;88;28;4.9;0;-;13;35;855;749;0;1232.0;8.2;8.4;0;0;0;0;0;0;
2026.08.27;19:11:12.1;-0.01;-0.01;673;473;83;84;25;316;336;336;27;2.36;2.36;2.36;2.36;-3;0;0;0;0;14.0;89;28;4.9;0;-;13;35;855;754;0;1382.0;8.2;8.4;0;0;0;0;0;0;
2026.08.27;19:11:12.6;0.00;0.00;87;83;83;84;25;316;336;336;27;2.40;2.40;2.40;2.40;-3;0;0;0;0;14.0;89;28;4.9;0;-;13;35;855;754;0;1382.0;8.1;8.4;0;0;0;0;0;0;
2026.08.27;19:11:13.0;0.00;0.00;87;83;83;84;25;316;336;336;27;2.40;2.40;2.40;2.40;-2;0;0;0;0;14.1;89;28;4.9;0;-;13;35;855;743;0;1091.0;8.2;8.4;0;0;0;0;0;0;
2026.08.27;19:11:13.5;0.01;0.01;332;117;82;83;25;316;336;336;27;2.40;2.40;2.40;2.40;2;0;0;0;0;14.1;89;28;4.9;0;-;13;35;855;753;0;1248.0;8.2;8.4;0;0;0;0;0;0;
2026.08.27;19:11:13.9;0.01;0.01;327;668;82;83;25;316;336;336;27;2.40;2.40;2.40;2.40;2;0;0;0;0;14.1;89;28;4.9;0;-;13;35;855;753;0;1248.0;8.1;8.2;0;0;0;0;0;0;
2026.08.27;19:11:14.4;0.01;0.01;327;668;82;83;25;316;336;336;27;2.40;2.40;2.40;2.40;-2;0;0;0;0;14.1;89;28;4.9;0;-;13;35;855;752;0;1782.0;8.1;8.4;0;0;0;0;0;0;
2026.08.27;19:11:14.8;0.01;0.01;444;112;84;84;25;316;336;336;27;2.41;2.41;2.41;2.41;2;0;0;0;0;14.0;89;28;4.9;0;-;13;35;855;752;0;1664.0;8.1;8.4;0;0;0;0;0;0;
2026.08.27;19:11:15.3;-0.01;-0.01;649;722;84;84;25;316;336;336;27;2.38;2.38;2.38;2.38;2;0;0;0;0;14.0;89;28;4.9;0;-;13;35;855;752;0;1664.0;8.3;8.3;0;0;0;0;0;0;
2026.08.27;19:11:15.7;-0.01;-0.01;649;722;84;84;25;316;336;336;27;2.38;2.38;2.38;2.38;-2;0;0;0;0;14.0;89;28;4.9;0;-;13;35;855;752;0;1350.0;8.2;8.4;0;0;0;0;0;0;
2026.08.27;19:11:16.2;0.01;0.01;131;102;84;84;25;316;336;336;27;2.41;2.41;2.41;2.41;-2;0;0;0;0;14.0;89;28;4.9;0;-;12;35;855;748;0;1042.0;8.2;8.4;0;0;0;0;0;0;
2026.08.27;19:11:16.6;0.01;0.01;131;102;84;84;25;316;357;336;27;2.41;2.41;2.41;2.41;-2;0;0;0;0;14.0;89;28;4.9;0;-;12;35;855;748;0;1042.0;8.4;8.2;0;0;0;0;0;0;
2026.08.27;19:11:17.1;-0.01;-0.01;615;703;84;85;25;316;336;336;27;2.39;2.39;2.39;2.39;0;0;0;0;0;14.0;89;28;4.9;0;-;12;35;855;750;0;1354.0;8.1;8.4;0;0;0;0;0;0;
2026.08.27;19:11:17.5;0.01;0.01;126;102;83;84;25;316;336;336;27;2.42;2.42;2.42;2.42;0;0;0;0;0;14.0;89;28;4.9;0;-;12;35;855;751;0;1119.0;8.1;8.4;0;0;0;0;0;0;
2026.08.27;19:11:18.0;0.01;0.01;126;102;83;84;25;316;336;336;27;2.42;2.42;2.42;2.42;-3;0;0;0;0;14.0;89;28;4.9;0;-;12;35;855;751;0;1119.0;8.2;8.4;0;0;0;0;0;1;
2026.08.27;19:11:18.4;-0.00;-0.00;698;483;83;84;26;316;336;336;27;2.40;2.40;2.40;2.40;-2;0;0;0;0;14.0;89;28;4.9;0;-;12;35;855;744;0;1428.0;8.2;8.4;0;0;0;0;0;1;
2026.08.27;19:11:18.9;0.01;0.01;97;302;83;84;28;316;357;336;27;4.15;4.15;4.15;4.15;-2;0;0;0;0;14.0;89;28;4.9;0;-;12;35;855;744;3;1428.0;9.0;8.6;0;0;0;0;0;1;
2026.08.27;19:11:19.3;0.01;0.01;97;302;83;84;28;317;441;567;27;4.15;4.15;4.15;4.15;9;0;0;0;0;14.2;89;28;4.9;0;-;12;35;855;784;21;1181.0;24.4;33.6;0;2;0;0;0;1;
2026.08.27;19:11:19.8;0.05;0.05;87;73;83;84;97;317;441;567;27;3.80;3.80;3.80;3.80;23;0;0;0;0;14.2;89;28;4.9;0;-;12;35;855;2174;21;2522.0;24.4;33.6;0;2;0;0;0;1;
2026.08.27;19:11:20.2;0.06;0.06;756;683;80;84;99;317;630;588;27;7.68;7.68;7.68;7.68;23;0;0;0;0;14.2;89;28;4.9;0;-;12;35;855;2174;39;2522.0;55.6;53.9;3;0;0;0;0;1;
2026.08.27;19:11:20.7;0.06;0.06;756;683;80;84;99;317;693;672;27;7.68;7.68;7.68;7.68;23;0;0;0;0;14.2;89;28;4.9;0;-;12;35;855;2411;39;4956.0;67.7;67.9;30;31;37;0;0;1;
2026.08.27;19:11:21.1;0.06;0.06;102;112;77;85;99;317;693;672;27;9.80;9.80;9.80;9.80;23;0;0;0;0;14.1;89;28;4.9;3;-;12;35;855;2122;41;4293.0;67.7;67.9;30;31;37;0;0;1;
2026.08.27;19:11:21.6;0.06;0.06;102;112;77;85;99;317;756;756;27;9.80;9.80;9.80;9.80;21;0;0;0;0;14.1;89;28;4.9;8;-;12;35;855;2122;37;4293.0;74.5;76.4;37;36;51;0;0;1;
2026.08.27;19:11:22.0;0.01;0.01;708;727;72;86;99;317;756;756;27;8.30;8.30;8.30;8.30;20;0;0;0;0;14.1;89;28;4.9;8;-;12;35;855;2092;37;4429.0;74.5;76.4;37;36;51;0;0;1;
2026.08.27;19:11:22.5;-0.00;-0.00;629;703;68;86;99;317;609;630;27;6.16;6.16;6.16;6.16;20;0;0;0;0;14.1;89;28;4.9;13;-;12;35;855;1953;27;5000.0;50.4;54.4;21;23;35;0;0;1;
2026.08.27;19:11:22.9;-0.00;-0.00;629;703;68;86;99;317;609;609;27;6.16;6.16;6.16;6.16;9;0;0;0;0;14.1;89;28;4.9;14;-;12;35;855;1953;27;5000.0;49.4;50.9;10;9;19;0;0;0;
2026.08.27;19:11:23.4;0.05;0.05;708;610;63;85;99;317;609;609;27;6.12;6.12;6.12;6.12;12;0;0;0;0;14.1;89;28;4.9;14;-;12;35;855;2146;27;2002.0;49.4;50.9;10;9;19;0;0;0;
2026.08.27;19:11:23.8;0.03;0.03;97;117;59;86;99;317;609;609;27;5.82;5.82;5.82;5.82;12;0;0;0;0;14.1;89;28;4.9;16;-;12;35;855;2146;30;2002.0;61.5;64.5;22;23;42;0;0;0;
2026.08.27;19:11:24.3;0.03;0.03;97;117;59;86;99;317;420;504;27;5.82;5.82;5.82;5.82;23;0;0;0;0;14.1;89;28;4.9;16;-;12;35;855;2436;30;4221.0;40.3;48.0;0;0;0;0;0;0;
2026.08.27;19:11:24.7;0.01;0.01;805;776;55;86;99;317;420;504;27;2.93;2.93;2.93;2.93;23;0;0;0;0;14.1;89;28;4.9;17;-;12;35;855;2456;19;3327.0;40.3;48.0;0;0;0;0;0;0;
2026.08.27;19:11:25.2;-0.05;-0.05;78;546;54;86;99;317;336;336;27;2.93;2.93;2.93;2.93;26;0;0;0;0;14.1;89;28;4.9;16;-;12;35;855;2456;19;3327.0;30.2;31.9;0;0;0;0;0;0;
2026.08.27;19:11:25.6;-0.05;-0.05;78;546;54;86;99;317;210;273;27;2.93;2.93;2.93;2.93;-24;0;0;0;0;14.0;89;28;4.8;16;-;12;35;855;2297;19;3365.0;16.0;20.9;0;0;0;0;0;0;
2026.08.27;19:11:26.1;0.00;0.00;0;4;55;86;0;344;210;273;27;0.00;0.00;0.00;0.00;-24;0;0;0;0;14.0;90;28;4.8;14;-;13;35;855;1464;0;2772.0;16.0;20.9;0;0;0;0;1;1;
2026.08.27;19:11:26.5;0.00;0.00;0;4;55;86;0;344;210;252;27;0.00;0.00;0.00;0.00;-3;0;0;0;0;14.0;90;28;4.8;5;-;13;35;855;1464;0;2772.0;9.2;10.8;0;0;0;0;1;1;
2026.08.27;19:11:27.0;0.00;0.00;854;668;57;85;0;344;210;252;27;2.13;2.13;2.13;2.13;23;0;0;0;0;14.0;90;28;4.8;5;-;13;35;855;1036;0;1803.0;9.2;10.8;0;0;0;0;1;1;
2026.08.27;19:11:27.4;-0.01;-0.01;122;395;59;86;13;344;777;462;27;10.07;10.07;10.07;10.07;23;0;0;0;0;14.0;90;28;4.8;2;-;13;35;855;1036;37;1803.0;28.7;22.7;0;0;0;0;0;1;
2026.08.27;19:11:27.9;-0.01;-0.01;122;395;59;86;13;344;567;588;27;10.07;10.07;10.07;10.07;21;0;0;0;0;14.1;90;28;4.8;2;-;13;35;855;2244;37;2520.0;66.8;68.8;19;20;68;0;0;1;
2026.08.27;19:11:28.3;0.01;0.01;78;317;58;84;27;344;567;588;27;8.34;8.34;8.34;8.34;19;0;0;0;0;14.1;90;28;4.8;3;-;13;35;855;1972;38;3416.0;66.8;68.8;19;20;68;0;0;1;
2026.08.27;19:11:28.8;0.02;0.02;693;620;55;85;71;344;735;735;27;9.04;9.04;9.04;9.04;19;0;0;0;0;14.1;90;28;4.8;8;-;13;35;855;1972;34;3416.0;64.6;65.6;36;35;44;0;0;1;
2026.08.27;19:11:29.2;0.02;0.02;693;620;55;85;71;344;693;714;27;9.04;9.04;9.04;9.04;19;0;0;0;0;14.1;90;28;4.8;8;-;13;35;855;1943;34;3812.0;59.3;63.2;36;35;52;0;0;1;
2026.08.27;19:11:29.7;0.02;0.02;781;732;54;84;60;344;693;714;27;7.62;7.62;7.62;7.62;8;0;0;0;0;14.1;90;28;4.8;12;-;13;35;855;1959;30;4233.0;59.3;63.2;36;35;52;0;0;1;
2026.08.27;19:11:30.1;0.01;0.01;781;737;52;84;75;344;630;630;27;6.95;6.95;6.95;6.95;8;0;0;0;0;14.1;90;28;4.8;15;-;13;35;855;1959;29;4233.0;58.0;59.7;22;23;43;0;0;1;
2026.08.27;19:11:30.6;0.01;0.01;781;737;52;84;75;344;588;588;27;6.95;6.95;6.95;6.95;22;0;0;0;0;14.1;90;28;4.8;15;-;13;35;855;2262;29;3414.0;62.6;63.4;16;16;42;0;0;1;
2026.08.27;19:11:31.0;0.04;0.04;146;136;51;84;98;344;588;588;27;6.58;6.58;6.58;6.58;22;0;0;0;0;14.1;90;28;4.8;17;-;12;35;855;2621;31;3187.0;62.6;63.4;16;16;42;0;0;0;
2026.08.27;19:11:31.5;0.04;0.04;146;136;51;84;98;344;714;714;27;6.58;6.58;6.58;6.58;19;0;0;0;0;14.1;90;28;4.8;20;-;12;35;855;2621;38;3187.0;94.8;98.0;37;36;56;0;0;0;
2026.08.27;19:11:31.9;0.06;0.06;136;131;49;83;99;344;714;714;27;9.46;9.46;9.46;9.46;24;0;0;0;0;14.1;90;28;4.8;20;-;12;35;855;3219;38;5000.0;94.8;98.0;37;36;56;0;0;0;
2026.08.27;19:11:32.4;-0.04;-0.04;791;766;47;82;99;344;672;672;27;4.79;4.79;4.79;4.79;24;0;0;0;0;14.1;90;28;4.8;25;-;12;35;855;3219;36;5000.0;110.0;113.0;40;39;42;0;0;0;
2026.08.27;19:11:32.8;-0.04;-0.04;791;766;47;82;99;344;210;231;27;4.79;4.79;4.79;4.79;-17;0;0;0;0;14.1;90;28;4.8;25;-;12;35;855;3540;0;5000.0;22.4;26.2;0;0;0;0;0;1;
2026.08.27;19:11:33.3;0.00;0.00;0;4;26;82;0;274;210;231;27;2.72;2.72;2.72;2.72;29;0;0;0;0;14.1;90;29;4.8;25;-;12;35;855;2621;0;3556.0;22.4;26.2;0;0;0;0;0;1;
2026.08.27;19:11:33.7;0.02;0.02;58;78;25;81;8;274;483;357;27;6.80;6.80;6.80;6.80;29;0;0;0;0;14.1;90;29;4.8;24;-;12;35;855;2621;27;3556.0;42.4;32.5;0;0;0;0;0;1;
2026.08.27;19:11:34.2;0.02;0.02;58;78;25;81;8;274;609;609;27;6.80;6.80;6.80;6.80;8;0;0;0;0;14.2;90;29;4.7;24;-;12;35;855;1890;27;3483.0;51.1;51.6;18;16;46;0;0;1;
2026.08.27;19:11:34.6;0.03;0.03;161;253;28;80;19;274;609;609;27;7.20;7.20;7.20;7.20;8;0;0;0;0;14.2;90;29;4.7;25;-;12;35;855;1972;28;2913.0;51.1;51.6;18;16;46;0;0;0;
2026.08.27;19:11:35.1;0.03;0.03;771;668;32;80;34;274;672;651;27;7.77;7.77;7.77;7.77;15;0;0;0;0;14.2;90;29;4.7;26;-;12;35;855;1972;30;2913.0;58.7;58.8;23;19;57;0;0;0;
2026.08.27;19:11:35.6;0.03;0.03;771;668;32;80;34;274;672;651;27;7.77;7.77;7.77;7.77;17;0;0;0;0;14.2;90;29;4.7;26;-;12;35;855;2100;30;4483.0;58.7;58.8;23;19;57;0;0;0;
2026.08.27;19:11:36.0;0.04;0.04;92;83;35;79;95;274;777;777;27;9.39;9.39;9.39;9.39;17;0;0;0;0;14.1;90;29;4.6;29;-;11;35;855;2306;35;4248.0;76.6;78.1;37;36;42;0;0;0;
2026.08.27;19:11:36.5;0.04;0.04;92;83;35;79;95;274;735;756;27;9.39;9.39;9.39;9.39;21;0;0;0;0;14.1;90;29;4.6;31;-;11;35;855;2306;36;4248.0;82.0;84.3;37;36;41;0;0;0;
2026.08.27;19:11:36.9;0.05;0.05;244;219;35;79;99;274;735;756;27;9.18;9.18;9.18;9.18;21;0;0;0;0;14.1;90;29;4.6;31;-;11;35;855;2493;36;5000.0;82.0;84.3;37;36;41;0;0;0;
2026.08.27;19:11:37.4;0.02;0.02;742;659;35;78;99;274;714;735;27;8.38;8.38;8.38;8.38;21;0;0;0;0;14.1;90;29;4.6;34;-;11;35;855;2493;36;5000.0;84.9;87.3;38;38;39;0;0;0;
2026.08.27;19:11:37.8;0.02;0.02;742;659;35;78;99;274;693;693;27;8.38;8.38;8.38;8.38;22;0;0;0;0;14.1;90;29;4.6;35;-;11;35;855;2651;36;3724.0;86.7;89.3;39;39;40;0;0;0;
2026.08.27;19:11:38.3;0.05;0.05;112;175;35;77;99;274;693;693;27;8.23;8.23;8.23;8.23;19;0;0;0;0;14.2;90;29;4.6;35;-;11;35;855;2796;36;5000.0;86.7;89.3;39;39;40;0;0;0;
2026.08.27;19:11:38.7;-0.05;-0.05;761;742;32;76;86;274;567;588;27;4.68;4.68;4.68;4.68;19;0;0;0;0;14.2;90;29;4.6;37;-;11;35;855;2796;31;5000.0;73.8;77.3;21;21;54;0;0;0;
2026.08.27;19:11:39.2;-0.05;-0.05;761;742;32;76;86;274;462;483;27;4.68;4.68;4.68;4.68;23;0;0;0;0;14.2;90;29;4.6;37;-;11;35;855;2879;31;5000.0;49.9;53.7;0;0;0;0;0;0;
2026.08.27;19:11:39.6;-0.09;-0.09;322;571;26;74;75;274;462;483;27;3.92;3.92;3.92;3.92;23;0;0;0;0;14.2;90;29;4.6;37;-;11;35;855;2879;27;3133.0;49.9;53.7;0;0;0;0;0;0;
2026.08.27;19:11:40.1;-0.09;-0.09;322;571;26;74;75;274;462;462;27;3.92;3.92;3.92;3.92;27;0;0;0;0;14.2;90;29;4.6;37;-;11;35;855;2879;30;3133.0;50.5;52.3;0;0;0;0;0;0;
2026.08.27;19:11:40.5;-0.01;-0.01;185;136;26;73;99;280;462;462;27;5.35;5.35;5.35;5.35;22;0;0;0;0;14.1;90;29;4.5;37;-;11;35;855;2865;30;5000.0;50.5;52.3;0;0;0;0;0;0;
2026.08.27;19:11:41.0;0.00;0.00;644;576;27;70;99;280;609;630;27;7.27;7.27;7.27;7.27;22;0;0;0;0;14.1;90;29;4.5;37;-;13;35;855;2865;35;5000.0;81.8;84.6;26;28;30;0;0;0;
2026.08.27;19:11:41.4;0.00;0.00;644;576;27;70;99;280;735;714;27;7.27;7.27;7.27;7.27;21;0;0;0;0;14.1;90;29;4.5;37;-;13;35;855;2959;35;5000.0;104.5;106.6;37;36;35;0;0;0;
2026.08.27;19:11:41.9;0.01;0.01;771;673;27;69;99;280;735;714;27;10.07;10.07;10.07;10.07;21;0;0;0;0;14.1;90;29;4.5;38;-;13;35;855;3083;49;5000.0;104.5;106.6;37;36;35;0;0;0;
2026.08.27;19:11:42.3;0.00;0.00;834;747;25;69;99;280;840;819;27;11.40;11.40;11.40;11.40;19;0;0;0;0;14.1;90;29;4.5;40;-;13;35;855;3083;88;5000.0;127.2;123.1;36;35;47;0;0;0;
2026.08.27;19:11:42.8;0.00;0.00;834;747;25;69;99;280;840;819;27;11.40;11.40;11.40;11.40;20;0;0;0;0;14.1;90;29;4.5;40;-;13;35;855;3184;88;5000.0;138.3;135.9;36;37;38;0;0;0;
2026.08.27;19:11:43.2;0.00;0.00;869;839;24;69;99;280;840;819;27;11.76;11.76;11.76;11.76;20;0;0;0;0;14.1;90;29;4.5;43;-;13;35;855;3386;100;5000.0;138.3;135.9;36;37;38;0;0;0;
2026.08.27;19:11:43.7;0.00;0.00;869;839;24;69;99;280;840;819;27;11.76;11.76;11.76;11.76;13;0;0;0;0;14.1;90;29;4.5;45;-;13;35;855;3386;100;5000.0;147.1;147.4;36;36;42;0;0;0;
2026.08.27;19:11:44.1;0.00;0.00;864;854;24;69;99;280;840;819;27;12.01;12.01;12.01;12.01;22;0;0;0;0;14.1;90;29;4.5;45;-;13;35;855;3529;100;5000.0;147.1;147.4;36;36;42;0;0;0;
2026.08.27;19:11:44.6;0.00;0.00;869;864;22;69;99;280;840;840;27;12.30;12.30;12.30;12.30;22;0;0;0;0;14.1;90;29;4.4;46;-;13;35;855;3685;100;5000.0;155.0;155.7;35;35;43;0;0;0;
2026.08.27;19:11:45.0;0.00;0.00;869;864;22;69;99;280;840;840;27;12.30;12.30;12.30;12.30;22;0;0;0;0;14.1;90;29;4.4;48;-;13;35;855;3685;100;5000.0;167.4;168.6;34;33;41;0;0;0;
2026.08.27;19:11:45.5;0.00;0.00;869;869;21;69;99;280;840;840;27;12.57;12.57;12.57;12.57;23;0;0;0;0;14.1;90;29;4.4;48;-;13;35;855;3842;100;5000.0;167.4;168.6;34;33;41;0;0;0;
2026.08.27;19:11:45.9;0.00;0.00;869;869;21;69;99;280;840;840;27;12.57;12.57;12.57;12.57;23;0;0;0;0;14.1;90;29;4.4;50;-;0;35;855;3842;100;5000.0;176.0;177.4;32;31;50;0;0;0;
2026.08.27;19:11:46.4;0.00;0.00;869;874;19;69;99;280;840;840;27;12.72;12.72;12.72;12.72;23;0;0;0;0;14.1;90;29;4.4;50;-;0;35;855;3985;100;5000.0;176.0;177.4;32;31;50;0;0;0;
2026.08.27;19:11:46.8;0.00;0.00;878;878;17;69;99;280;840;840;27;12.92;12.92;12.92;12.92;23;0;0;0;0;14.1;90;29;4.4;52;-;0;35;855;4126;100;5000.0;182.9;183.5;31;32;44;0;0;0;
2026.08.27;19:11:47.3;0.00;0.00;878;878;17;69;99;280;819;819;27;12.92;12.92;12.92;12.92;23;0;0;0;0;14.1;90;29;4.4;54;-;0;35;855;4126;32;5000.0;189.8;190.4;31;31;55;0;0;0;
2026.08.27;19:11:47.7;0.00;0.00;859;878;16;67;0;280;819;819;27;0.00;0.00;0.00;0.00;-22;0;0;0;0;14.1;90;29;4.4;54;-;0;35;849;3932;32;5000.0;189.8;190.4;31;31;55;0;0;0;
2026.08.27;19:11:48.2;0.00;0.00;0;4;8;65;0;280;189;231;27;2.54;2.54;2.54;2.54;-22;0;0;0;0;14.1;90;29;4.4;52;-;0;35;849;3932;3;5000.0;24.1;27.9;0;0;0;0;0;1;
2026.08.27;19:11:48.6;0.00;0.00;0;4;8;65;0;280;357;273;27;2.54;2.54;2.54;2.54;46;0;0;0;0;14.1;90;29;4.4;49;-;0;35;849;3004;20;3602.0;37.9;30.2;0;0;0;0;0;1;
2026.08.27;19:11:49.1;-0.02;-0.02;107;639;11;63;6;280;357;273;27;3.66;3.66;3.66;3.66;14;0;0;0;0;14.1;90;29;4.4;49;-;0;35;849;2553;20;3651.0;37.9;30.2;0;0;0;0;0;1;
2026.08.27;19:11:49.5;0.01;0.01;693;615;15;61;12;280;441;420;27;4.41;4.41;4.41;4.41;14;0;0;0;0;14.1;90;29;4.4;46;-;0;35;849;2553;21;3651.0;43.8;43.0;0;0;0;0;0;1;
2026.08.27;19:11:50.0;0.01;0.01;693;615;15;61;12;280;756;714;27;4.41;4.41;4.41;4.41;26;0;0;0;0;14.1;90;29;4.4;45;-;0;35;849;2436;31;4922.0;78.3;80.4;30;5;95;0;0;0;
2026.08.27;19:11:50.4;0.01;0.01;659;625;19;60;40;280;756;714;27;9.10;9.10;9.10;9.10;18;0;0;0;0;14.1;90;29;4.4;45;-;0;35;849;2431;31;5000.0;78.3;80.4;30;5;95;0;0;0;
2026.08.27;19:11:50.9;-0.01;-0.01;722;673;19;58;42;280;714;714;27;7.57;7.57;7.57;7.57;18;0;0;0;0;14.1;90;29;4.4;45;-;2;36;849;2431;28;5000.0;80.4;83.1;37;37;52;0;0;0;
2026.08.27;19:11:51.3;-0.01;-0.01;722;673;19;58;42;280;399;462;27;7.57;7.57;7.57;7.57;21;0;0;0;0;14.1;90;28;4.4;45;-;2;36;849;2411;28;5000.0;36.1;42.9;0;0;0;0;0;0;
2026.08.27;19:11:51.8;-0.03;-0.03;854;800;22;56;19;280;399;462;27;3.12;3.12;3.12;3.12;21;0;0;0;0;14.1;90;28;4.4;44;-;2;36;849;2325;16;3011.0;36.1;42.9;0;0;0;0;0;0;
2026.08.27;19:11:52.2;-0.03;-0.03;854;800;22;56;19;280;294;315;27;3.12;3.12;3.12;3.12;28;0;0;0;0;14.1;90;28;4.4;43;-;2;35;849;2325;14;3011.0;26.4;27.3;0;0;0;0;0;0;
2026.08.27;19:11:52.7;-0.09;-0.09;791;795;26;55;21;280;378;336;27;2.58;2.58;2.58;2.58;27;0;0;0;0;14.1;90;28;4.4;43;-;2;35;849;2249;14;2922.0;32.4;29.1;0;0;0;0;0;0;
2026.08.27;19:11:53.1;-0.04;-0.04;58;58;30;54;33;280;378;336;27;4.06;4.06;4.06;4.06;27;0;0;0;0;14.1;90;28;4.3;41;-;2;35;849;2134;18;4654.0;32.4;29.1;0;0;0;0;0;0;
2026.08.27;19:11:53.6;-0.04;-0.04;58;58;30;54;33;280;525;525;27;4.06;4.06;4.06;4.06;24;0;0;0;0;14.1;90;28;4.3;39;-;2;35;849;2134;21;4654.0;42.2;42.5;0;0;0;0;0;0;
2026.08.27;19:11:54.0;-0.01;-0.01;737;644;36;52;49;280;525;525;27;5.39;5.39;5.39;5.39;24;0;0;0;0;14.1;90;28;4.3;39;-;2;35;849;2059;21;4566.0;42.2;42.5;0;0;0;0;0;0;
2026.08.27;19:11:54.5;0.02;0.02;97;87;40;52;91;280;672;609;27;8.24;8.24;8.24;8.24;18;0;0;0;0;14.1;90;28;4.3;38;-;2;35;849;2059;27;4566.0;53.0;49.9;5;0;74;0;0;0;
2026.08.27;19:11:54.9;0.02;0.02;97;87;40;52;91;242;735;756;27;8.24;8.24;8.24;8.24;19;0;0;0;0;14.1;90;28;4.3;38;-;2;36;849;2023;27;3728.0;66.7;68.7;36;36;51;0;0;0;
2026.08.27;19:11:55.4;0.04;0.04;78;136;42;52;99;242;735;756;27;8.93;8.93;8.93;8.93;19;0;0;0;0;14.1;90;28;4.3;38;-;2;36;849;2059;28;3259.0;66.7;68.7;36;36;51;0;0;0;
2026.08.27;19:11:55.8;0.04;0.04;78;136;42;52;99;242;756;756;27;8.93;8.93;8.93;8.93;19;0;0;0;0;14.1;90;28;4.3;38;-;13;36;849;2059;28;3259.0;67.1;68.6;36;36;41;0;0;0;
2026.08.27;19:11:56.3;0.02;0.02;708;625;43;53;99;242;756;756;27;8.63;8.63;8.63;8.63;19;0;0;0;0;14.1;90;28;4.3;38;-;13;36;849;2030;28;4035.0;67.1;68.6;36;36;41;0;0;0;
2026.08.27;19:11:56.7;-0.00;-0.00;185;336;43;52;99;242;735;756;27;8.38;8.38;8.38;8.38;19;0;0;0;0;14.1;90;28;4.3;38;-;13;36;849;2030;28;4035.0;67.0;68.8;36;35;46;0;0;0;
2026.08.27;19:11:57.2;-0.00;-0.00;185;336;43;52;99;242;735;756;27;8.38;8.38;8.38;8.38;19;0;0;0;0;14.1;90;28;4.3;38;-;13;36;849;2052;28;4160.0;67.1;69.1;36;36;43;0;0;0;
2026.08.27;19:11:57.6;0.04;0.04;97;131;44;52;99;242;735;756;27;8.69;8.69;8.69;8.69;19;0;0;0;0;14.1;90;28;4.3;38;-;13;36;849;2063;29;4640.0;67.1;69.1;36;36;43;0;0;0;
2026.08.27;19:11:58.1;0.04;0.04;97;131;44;52;99;242;735;756;27;8.69;8.69;8.69;8.69;19;0;0;0;0;14.1;90;28;4.3;38;-;13;36;849;2063;29;4640.0;67.0;68.9;36;36;43;0;0;0;
2026.08.27;19:11:58.5;0.05;0.05;585;556;45;53;99;242;756;777;27;8.83;8.83;8.83;8.83;18;0;0;0;0;14.1;90;28;4.3;38;-;13;36;849;2055;29;4703.0;69.8;72.2;36;36;42;0;0;0;
2026.08.27;19:11:59.0;0.02;0.02;747;649;45;53;99;242;756;777;27;9.02;9.02;9.02;9.02;18;0;0;0;0;14.1;90;28;4.3;38;-;13;36;849;2063;29;4381.0;69.8;72.2;36;36;42;0;0;0;
2026.08.27;19:11:59.4;0.01;0.01;742;673;44;52;99;242;777;777;27;9.02;9.02;9.02;9.02;19;0;0;0;0;14.1;90;28;4.3;39;-;13;35;849;2063;29;4381.0;70.7;72.6;36;36;42;0;0;0;
2026.08.27;19:11:59.9;0.01;0.01;742;673;44;52;99;242;756;777;27;8.93;8.93;8.93;8.93;19;0;0;0;0;14.1;90;28;4.3;39;-;13;35;849;2074;29;5000.0;70.9;73.3;36;35;44;0;0;0;
2026.08.27;19:12:00.3;-0.01;-0.01;708;673;44;53;99;242;756;777;27;8.51;8.51;8.51;8.51;19;0;0;0;0;14.1;90;28;4.3;39;-;13;35;849;2070;29;4392.0;70.9;73.3;36;35;44;0;0;0;
2026.08.27;19:12:00.8;-0.04;-0.04;712;678;44;54;85;242;672;693;27;6.86;6.86;6.86;6.86;17;0;0;0;0;14.1;90;28;4.3;38;-;16;35;849;2070;25;4392.0;61.9;64.8;35;35;46;0;0;0;
2026.08.27;19:12:01.2;-0.04;-0.04;712;678;44;54;85;242;630;651;27;6.86;6.86;6.86;6.86;20;0;0;0;0;14.1;90;28;4.3;38;-;16;35;849;2074;25;4440.0;58.1;60.9;27;26;73;0;0;0;
2026.08.27;19:12:01.7;-0.04;-0.04;224;415;44;53;73;243;630;651;27;6.37;6.37;6.37;6.37;20;0;0;0;0;14.1;90;28;4.3;38;-;16;35;849;2030;25;4350.0;58.1;60.9;27;26;73;0;0;0;
2026.08.27;19:12:02.1;-0.04;-0.04;224;415;44;53;73;243;588;588;27;6.37;6.37;6.37;6.37;21;0;0;0;0;14.1;90;28;4.3;38;-;16;35;849;2030;21;4350.0;47.8;49.5;9;9;43;0;0;0;
2026.08.27;19:12:02.6;-0.01;-0.01;92;185;45;53;47;243;567;588;27;5.57;5.57;5.57;5.57;19;0;0;0;0;14.1;90;28;4.3;38;-;16;35;849;1999;21;4174.0;43.2;44.9;0;0;0;0;0;0;
2026.08.27;19:12:03.0;-0.03;-0.03;112;273;46;52;41;243;567;588;27;5.40;5.40;5.40;5.40;19;0;0;0;0;14.1;90;28;4.3;37;-;16;35;849;1943;20;3695.0;43.2;44.9;0;0;0;0;0;0;
2026.08.27;19:12:03.5;-0.03;-0.03;112;273;46;52;41;243;630;609;27;5.40;5.40;5.40;5.40;22;0;0;0;0;14.1;90;28;4.3;35;-;16;35;849;1943;24;3695.0;48.8;49.3;11;6;85;0;0;0;
2026.08.27;19:12:03.9;-0.01;-0.01;78;73;49;53;48;243;630;609;27;7.21;7.21;7.21;7.21;18;0;0;0;0;14.1;90;28;4.3;35;-;16;35;849;1893;24;4155.0;48.8;49.3;11;6;85;0;0;0;
2026.08.27;19:12:04.4;-0.02;-0.02;73;112;51;54;53;243;651;651;27;8.10;8.10;8.10;8.10;18;0;0;0;0;14.1;90;28;4.3;35;-;16;35;849;1893;25;4155.0;54.3;55.7;26;25;45;0;0;0;
2026.08.27;19:12:04.9;-0.02;-0.02;73;112;51;54;53;243;819;798;27;8.10;8.10;8.10;8.10;11;0;0;0;0;14.1;90;28;4.3;35;-;16;35;849;1866;25;2537.0;69.5;67.8;36;35;55;0;0;0;
2026.08.27;19:12:05.3;0.02;0.02;112;97;50;54;91;243;819;798;27;9.69;9.69;9.69;9.69;11;0;0;0;0;14.1;90;28;4.3;35;-;16;35;849;1875;31;2514.0;69.5;67.8;36;35;55;0;0;0;
2026.08.27;19:12:05.8;-0.01;-0.01;756;664;49;54;35;243;819;819;27;7.92;7.92;7.92;7.92;11;0;0;0;0;14.1;90;28;4.3;35;-;17;35;849;1875;26;2514.0;70.8;70.2;36;35;46;0;0;0;
2026.08.27;19:12:06.2;-0.01;-0.01;756;664;49;54;35;243;525;588;27;7.92;7.92;7.92;7.92;16;0;0;0;0;14.1;90;28;4.3;35;-;17;35;849;1860;26;4003.0;42.4;47.2;16;20;29;0;0;0;
2026.08.27;19:12:06.7;-0.03;-0.03;68;58;0;0;14;243;525;588;27;4.52;4.52;4.52;4.52;16;0;0;0;0;14.1;90;28;4.3;34;-;17;35;849;1805;18;2401.0;42.4;47.2;16;20;29;0;0;0;
2026.08.27;19:12:07.1;-0.03;-0.03;68;58;0;0;14;243;504;504;27;4.52;4.52;4.52;4.52;22;0;0;0;0;14.1;90;28;4.3;33;-;17;35;849;1805;17;2401.0;33.9;34.4;0;0;0;0;0;0;
2026.08.27;19:12:07.6;-0.05;-0.05;78;166;50;54;11;243;525;525;27;4.53;4.53;4.53;4.53;21;0;0;0;0;14.1;90;28;4.3;33;-;17;35;849;1718;17;3145.0;33.7;34.0;0;0;0;0;0;0;
2026.08.27;19:12:08.0;-0.03;-0.03;63;58;53;54;9;243;525;525;27;6.93;6.93;6.93;6.93;21;0;0;0;0;14.2;90;28;4.3;31;-;17;35;849;1652;21;2892.0;33.7;34.0;0;0;0;0;0;0;
2026.08.27;19:12:08.5;-0.03;-0.03;63;58;53;54;9;243;777;756;27;6.93;6.93;6.93;6.93;12;0;0;0;0;14.2;90;28;4.3;31;-;17;35;849;1652;21;2892.0;56.9;56.7;36;35;45;0;0;0;
2026.08.27;19:12:08.9;-0.02;-0.02;771;688;56;55;0;243;777;756;27;7.81;7.81;7.81;7.81;12;0;0;0;0;14.2;90;28;4.3;30;-;17;35;849;1590;25;4183.0;56.9;56.7;36;35;45;0;0;0;
2026.08.27;19:12:09.4;-0.02;-0.02;771;688;56;55;0;243;210;336;27;7.81;7.81;7.81;7.81;-33;0;0;0;0;14.2;90;28;4.3;29;-;17;35;849;1590;0;4183.0;9.9;16.4;0;0;0;0;0;1;
2026.08.27;19:12:09.8;-0.06;-0.06;874;844;54;54;0;243;210;336;27;1.80;1.80;1.80;1.80;2;0;0;0;0;14.2;90;28;4.3;29;-;17;35;849;1029;0;1724.0;9.9;16.4;0;0;0;0;0;1;
2026.08.27;19:12:10.3;-0.07;-0.07;903;888;57;54;0;243;231;231;27;1.86;1.86;1.86;1.86;2;0;0;0;0;14.2;90;28;4.3;26;-;17;35;849;1029;2;1724.0;6.8;6.9;0;0;0;0;0;1;
2026.08.27;19:12:10.7;-0.07;-0.07;903;888;57;54;0;243;399;357;27;1.86;1.86;1.86;1.86;6;0;0;0;0;14.0;90;28;4.3;26;-;17;35;849;792;2;1586.0;13.6;11.8;0;0;0;0;0;1;
2026.08.27;19:12:11.2;-0.10;-0.10;874;888;58;54;0;243;399;357;27;2.92;2.92;2.92;2.92;-11;0;0;0;0;14.0;90;28;4.3;23;-;15;35;849;983;0;1969.0;13.6;11.8;0;0;0;0;0;1;
2026.08.27;19:12:11.6;-0.10;-0.10;849;864;64;57;0;243;273;315;27;2.24;2.24;2.24;2.24;-11;0;0;0;0;14.0;90;28;4.3;21;-;15;35;849;983;0;1969.0;8.4;9.3;0;0;0;0;1;1;
2026.08.27;19:12:12.1;-0.10;-0.10;849;864;64;57;0;243;315;294;27;2.24;2.24;2.24;2.24;5;0;0;0;0;14.0;90;28;4.3;21;-;15;35;849;811;0;1874.0;8.4;8.0;0;0;0;0;1;1;
2026.08.27;19:12:12.5;-0.11;-0.11;859;874;61;52;0;243;315;294;27;2.18;2.18;2.18;2.18;5;0;0;0;0;14.1;90;28;4.3;17;-;15;35;849;775;0;2009.0;8.4;8.0;0;0;0;0;1;1;
2026.08.27;19:12:13.0;-0.11;-0.11;859;874;61;52;0;243;315;315;27;2.18;2.18;2.18;2.18;2;0;0;0;0;14.1;90;28;4.3;13;-;15;35;849;775;0;2009.0;8.2;8.2;0;0;0;0;1;1;
2026.08.27;19:12:13.4;-0.12;-0.12;839;864;62;51;0;243;399;315;27;2.29;2.29;2.29;2.29;-1;0;0;0;0;14.1;90;28;4.3;13;-;15;35;849;762;0;1464.0;10.9;8.4;0;0;0;0;1;1;
2026.08.27;19:12:13.9;-0.13;-0.13;800;839;62;51;0;243;399;315;27;3.01;3.01;3.01;3.01;-1;0;0;0;0;14.1;90;28;4.3;10;-;15;35;849;1012;10;2319.0;10.9;8.4;0;0;0;0;0;1;
2026.08.27;19:12:14.3;-0.13;-0.13;800;839;62;51;0;243;630;630;27;3.01;3.01;3.01;3.01;1;0;0;0;0;14.1;90;28;4.3;7;-;15;35;849;1012;23;2319.0;37.1;38.4;10;3;50;0;0;1;
2026.08.27;19:12:14.8;-0.09;-0.09;43;39;65;52;0;243;630;630;27;4.78;4.78;4.78;4.78;21;0;0;0;0;14.1;90;28;4.3;7;-;15;35;849;2194;23;3955.0;37.1;38.4;10;3;50;0;0;1;
2026.08.27;19:12:15.2;-0.00;-0.00;83;73;62;52;0;243;588;588;27;7.75;7.75;7.75;7.75;21;0;0;0;0;14.1;90;28;4.3;7;-;15;36;849;2194;31;3955.0;62.2;62.8;17;16;40;0;0;1;
2026.08.27;19:12:15.7;-0.00;-0.00;83;73;62;52;0;243;672;693;27;7.75;7.75;7.75;7.75;21;0;0;0;0;14.1;90;28;4.3;7;-;15;36;849;2194;31;2828.0;64.8;65.9;34;33;43;0;0;1;
2026.08.27;19:12:16.1;0.03;0.03;361;283;59;54;0;311;672;693;27;9.85;9.85;9.85;9.85;14;0;0;0;0;14.1;90;28;4.3;10;-;10;36;849;2088;33;2871.0;64.8;65.9;34;33;43;0;0;1;
2026.08.27;19:12:16.6;0.02;0.02;722;649;57;56;0;311;735;756;27;8.96;8.96;8.96;8.96;14;0;0;0;0;14.1;90;28;4.3;14;-;10;36;849;2088;33;2871.0;69.3;69.9;36;36;46;0;0;1;
2026.08.27;19:12:17.0;0.02;0.02;722;649;57;56;0;311;672;672;27;8.96;8.96;8.96;8.96;11;0;0;0;0;14.1;90;28;4.4;14;-;10;36;849;2219;33;4100.0;74.2;76.2;37;37;47;0;0;1;
2026.08.27;19:12:17.5;-0.01;-0.01;126;229;53;57;0;311;672;672;27;7.64;7.64;7.64;7.64;17;0;0;0;0;14.1;90;28;4.4;17;-;10;36;849;2598;33;3451.0;74.2;76.2;37;37;47;0;0;0;
2026.08.27;19:12:17.9;0.05;0.05;791;712;50;58;0;311;756;756;27;9.60;9.60;9.60;9.60;17;0;0;0;0;14.1;90;28;4.4;19;-;10;36;849;2598;39;3451.0;99.4;99.5;38;39;46;0;0;0;
2026.08.27;19:12:18.4;0.05;0.05;791;712;50;58;0;311;693;714;27;9.60;9.60;9.60;9.60;19;0;0;0;0;14.1;90;28;4.4;19;-;10;36;849;3083;39;5000.0;108.2;110.9;37;37;41;0;0;0;
2026.08.27;19:12:18.8;-0.02;-0.02;546;439;48;60;0;311;693;714;27;7.77;7.77;7.77;7.77;19;0;0;0;0;14.1;90;28;4.4;23;-;10;36;849;3583;40;5000.0;108.2;110.9;37;37;41;0;0;0;
2026.08.27;19:12:19.3;-0.04;-0.04;717;703;46;62;0;311;567;609;27;5.66;5.66;5.66;5.66;18;0;0;0;0;14.1;90;28;4.4;27;-;10;36;849;3583;36;5000.0;107.0;112.1;37;39;45;0;0;0;
2026.08.27;19:12:19.7;-0.04;-0.04;717;703;46;62;0;311;210;231;27;5.66;5.66;5.66;5.66;-14;0;0;0;0;14.1;90;29;4.4;27;-;10;36;849;3906;36;4211.0;26.4;29.9;0;0;0;0;0;0;
2026.08.27;19:12:20.2;0.00;0.00;4;14;18;60;0;311;210;231;27;0.00;0.00;0.00;0.00;-14;0;0;0;0;14.1;90;29;4.4;27;-;10;36;849;2725;0;5000.0;26.4;29.9;0;0;0;0;0;1;
2026.08.27;19:12:20.6;0.00;0.00;4;14;18;60;0;311;210;210;27;0.00;0.00;0.00;0.00;3;0;0;0;0;14.1;90;29;4.4;26;-;14;35;849;2725;13;5000.0;18.6;20.1;0;0;0;0;0;1;
2026.08.27;19:12:21.1;0.00;0.00;834;751;15;59;0;311;210;210;27;1.95;1.95;1.95;1.95;34;0;0;0;0;14.1;90;29;4.4;26;-;14;35;849;2126;13;3444.0;18.6;20.1;0;0;0;0;0;1;
2026.08.27;19:12:21.5;-0.02;-0.02;825;766;17;58;0;311;273;252;27;2.61;2.61;2.61;2.61;34;0;0;0;0;14.1;90;29;4.4;25;-;14;35;849;2126;15;3444.0;19.9;18.7;0;0;0;0;0;1;
2026.08.27;19:12:22.0;-0.02;-0.02;825;766;17;58;0;311;336;315;27;2.61;2.61;2.61;2.61;22;0;0;0;0;14.1;90;29;4.4;24;-;14;36;849;1899;15;2930.0;22.5;22.2;0;0;0;0;0;1;
2026.08.27;19:12:22.4;-0.05;-0.05;336;708;21;57;0;311;336;315;27;2.89;2.89;2.89;2.89;12;0;0;0;0;14.1;90;29;4.4;24;-;14;36;849;1775;15;2546.0;22.5;22.2;0;0;0;0;0;1;
2026.08.27;19:12:22.9;-0.02;-0.02;747;610;26;58;0;311;336;336;27;2.98;2.98;2.98;2.98;12;0;0;0;0;14.1;90;29;4.4;23;-;14;36;849;1775;14;2546.0;21.9;22.9;0;0;0;0;0;0;
2026.08.27;19:12:23.3;-0.02;-0.02;747;610;26;58;0;236;315;315;27;2.98;2.98;2.98;2.98;24;0;0;0;0;14.1;91;29;4.4;23;-;14;36;849;1725;14;4267.0;20.5;20.7;0;0;0;0;0;0;
2026.08.27;19:12:23.8;-0.06;-0.06;737;751;31;56;0;236;315;315;27;2.74;2.74;2.74;2.74;24;0;0;0;0;14.1;91;29;4.4;22;-;14;36;849;1674;13;3279.0;20.5;20.7;0;0;0;0;0;0;
2026.08.27;19:12:24.2;-0.06;-0.06;737;751;31;56;0;236;315;315;27;2.74;2.74;2.74;2.74;24;0;0;0;0;14.1;91;29;4.4;21;-;14;36;849;1674;13;3279.0;19.9;19.8;0;0;0;0;0;0;
2026.08.27;19:12:24.7;-0.02;-0.02;180;131;35;55;0;236;315;315;27;2.84;2.84;2.84;2.84;10;0;0;0;0;14.1;91;29;4.4;21;-;14;36;849;1564;13;3671.0;19.9;19.8;0;0;0;0;0;0;
2026.08.27;19:12:25.1;-0.03;-0.03;756;664;40;56;0;236;714;651;27;8.15;8.15;8.15;8.15;10;0;0;0;0;14.0;91;29;4.3;20;-;14;36;849;1627;28;2351.0;45.4;43.8;15;4;79;0;0;0;
2026.08.27;19:12:25.6;-0.03;-0.03;756;664;40;56;0;236;840;798;27;8.15;8.15;8.15;8.15;9;0;0;0;0;14.0;91;29;4.3;21;-;13;36;849;1627;41;2351.0;64.5;61.6;36;36;44;0;0;0;
2026.08.27;19:12:26.0;0.01;0.01;756;678;42;56;0;236;840;798;27;9.98;9.98;9.98;9.98;16;0;0;0;0;14.0;91;29;4.3;21;-;13;36;849;1767;41;2865.0;64.5;61.6;36;36;44;0;0;0;
2026.08.27;19:12:26.5;-0.02;-0.02;234;444;0;0;0;236;840;819;27;9.68;9.68;9.68;9.68;16;0;0;0;0;14.0;91;29;4.3;24;-;13;36;849;1767;39;2865.0;70.8;68.6;36;36;45;0;0;0;
2026.08.27;19:12:26.9;-0.02;-0.02;234;444;0;0;0;236;840;819;27;9.68;9.68;9.68;9.68;11;0;0;0;0;14.0;91;29;4.3;26;-;13;36;849;1927;35;4036.0;77.7;76.6;36;35;47;0;0;0;
2026.08.27;19:12:27.4;0.02;0.02;83;83;43;56;0;236;840;819;27;7.99;7.99;7.99;7.99;19;0;0;0;0;14.1;91;29;4.4;26;-;13;36;849;2070;35;2696.0;77.7;76.6;36;35;47;0;0;0;
2026.08.27;19:12:27.8;-0.04;-0.04;722;742;42;57;0;236;504;525;27;4.31;4.31;4.31;4.31;19;0;0;0;0;14.1;91;29;4.4;27;-;13;36;849;2070;22;2696.0;39.5;42.0;0;0;0;0;0;0;
2026.08.27;19:12:28.3;-0.04;-0.04;722;742;42;57;0;236;420;441;27;4.31;4.31;4.31;4.31;21;0;0;0;0;14.1;91;29;4.4;27;-;13;36;849;2111;22;4717.0;34.6;35.7;0;0;0;0;0;0;
2026.08.27;19:12:28.7;-0.05;-0.05;747;717;43;56;0;236;420;441;27;3.64;3.64;3.64;3.64;21;0;0;0;0;14.1;91;29;4.4;27;-;13;36;849;2170;20;3233.0;34.6;35.7;0;0;0;0;0;0;
2026.08.27;19:12:29.2;-0.02;-0.02;58;58;46;56;0;236;462;420;27;5.00;5.00;5.00;5.00;25;0;0;0;0;14.1;91;29;4.4;27;-;13;36;849;2170;24;3233.0;37.8;35.2;0;0;0;0;0;0;
2026.08.27;19:12:29.6;-0.02;-0.02;58;58;46;56;0;236;693;672;27;5.00;5.00;5.00;5.00;13;0;0;0;0;14.1;91;29;4.3;27;-;13;36;849;2162;24;2900.0;70.2;68.9;33;28;16;0;0;0;
2026.08.27;19:12:30.1;0.02;0.02;551;576;46;56;0;238;693;672;27;10.08;10.08;10.08;10.08;13;0;0;0;0;14.1;91;29;4.3;28;-;13;36;849;2311;36;4689.0;70.2;68.9;33;28;16;0;0;0;
2026.08.27;19:12:30.5;0.02;0.02;83;117;46;58;0;238;840;798;27;10.30;10.30;10.30;10.30;13;0;0;0;0;14.1;91;29;4.3;31;-;11;36;849;2311;40;4689.0;96.1;91.9;37;38;43;0;0;0;
2026.08.27;19:12:31.0;0.02;0.02;83;117;46;58;0;238;798;819;27;10.30;10.30;10.30;10.30;21;0;0;0;0;14.1;91;29;4.3;34;-;11;36;849;2531;39;3237.0;100.3;102.6;38;38;43;0;0;0;
2026.08.27;19:12:31.5;0.05;0.05;415;336;45;59;23;238;798;819;27;10.42;10.42;10.42;10.42;21;0;0;0;0;14.0;91;29;4.3;34;-;11;36;849;2744;39;4746.0;100.3;102.6;38;38;43;0;0;0;
2026.08.27;19:12:31.9;-0.00;-0.00;351;478;43;60;36;238;777;798;27;9.33;9.33;9.33;9.33;21;0;0;0;0;14.0;91;29;4.3;37;-;11;36;849;2744;39;4746.0;105.3;107.4;38;38;45;0;0;0;
2026.08.27;19:12:32.4;-0.00;-0.00;351;478;43;60;36;238;735;756;27;9.33;9.33;9.33;9.33;21;0;0;0;0;14.0;91;29;4.3;39;-;11;36;849;2966;39;4344.0;107.1;109.6;37;36;55;0;0;0;
2026.08.27;19:12:32.8;0.02;0.02;722;649;42;60;45;238;735;756;27;9.10;9.10;9.10;9.10;22;0;0;0;0;14.0;91;29;4.3;39;-;11;36;849;3158;39;3401.0;107.1;109.6;37;36;55;0;0;0;
2026.08.27;19:12:33.3;-0.02;-0.02;800;737;39;61;31;238;714;735;27;6.07;6.07;6.07;6.07;22;0;0;0;0;14.0;91;29;4.3;42;-;11;36;849;3158;34;3401.0;107.8;111.2;36;36;41;0;0;0;
2026.08.27;19:12:33.7;-0.02;-0.02;800;737;39;61;31;238;462;483;27;6.07;6.07;6.07;6.07;16;0;0;0;0;14.1;92;29;4.3;42;-;11;36;849;3264;29;5000.0;60.3;62.2;0;0;0;0;0;0;
2026.08.27;19:12:34.2;-0.06;-0.06;102;87;20;60;24;238;462;483;27;4.08;4.08;4.08;4.08;27;0;0;0;0;14.1;92;29;4.3;42;-;11;36;849;3264;29;5000.0;60.3;62.2;0;0;0;0;0;0;
2026.08.27;19:12:34.6;-0.07;-0.07;527;644;15;58;25;238;399;420;27;3.54;3.54;3.54;3.54;27;0;0;0;0;14.1;92;29;4.3;42;-;11;36;849;3264;27;5000.0;52.6;54.3;0;0;0;0;0;0;
2026.08.27;19:12:35.1;-0.07;-0.07;527;644;15;58;25;238;231;273;27;3.54;3.54;3.54;3.54;13;0;0;0;0;14.1;92;29;4.3;42;-;11;36;849;3246;27;5000.0;27.6;32.9;0;0;0;0;0;0;
2026.08.27;19:12:35.5;-0.10;-0.10;322;737;14;57;17;238;231;273;27;1.72;1.72;1.72;1.72;28;0;0;0;0;14.1;92;29;4.3;42;-;10;36;849;3201;18;5000.0;27.6;32.9;0;0;0;0;0;0;
2026.08.27;19:12:36.0;-0.00;-0.00;68;58;13;56;18;238;210;210;27;1.81;1.81;1.81;1.81;28;0;0;0;0;14.1;92;29;4.3;40;-;10;36;849;3201;17;5000.0;23.8;24.6;0;0;0;0;0;0;
2026.08.27;19:12:36.4;-0.00;-0.00;68;58;13;56;18;238;210;210;27;1.81;1.81;1.81;1.81;35;0;0;0;0;14.1;92;29;4.3;40;-;10;36;849;3092;17;5000.0;23.0;23.9;0;0;0;0;0;0;
2026.08.27;19:12:36.9;-0.01;-0.01;756;693;14;55;24;211;210;210;27;2.34;2.34;2.34;2.34;35;0;0;0;0;14.1;92;29;4.3;39;-;10;36;849;2997;21;4838.0;23.0;23.9;0;0;0;0;0;0;
2026.08.27;19:12:37.3;-0.01;-0.01;756;693;14;55;24;211;357;336;27;2.34;2.34;2.34;2.34;28;0;0;0;0;14.1;92;29;4.3;38;-;10;36;849;2997;25;4838.0;40.9;39.0;0;0;0;0;0;0;
2026.08.27;19:12:37.8;-0.01;-0.01;112;78;16;54;35;211;357;336;27;3.22;3.22;3.22;3.22;21;0;0;0;0;14.2;92;29;4.3;38;-;10;36;849;2959;25;4898.0;40.9;39.0;0;0;0;0;0;0;
2026.08.27;19:12:38.2;-0.02;-0.02;112;351;18;53;39;211;357;357;27;3.34;3.34;3.34;3.34;21;0;0;0;0;14.2;92;29;4.3;38;-;10;36;849;2959;25;4898.0;40.8;41.8;0;0;0;0;0;0;
2026.08.27;19:12:38.7;-0.02;-0.02;112;351;18;53;39;211;504;483;27;3.34;3.34;3.34;3.34;28;0;0;0;0;14.2;92;29;4.3;38;-;10;36;849;2929;25;5000.0;59.5;57.1;0;0;0;0;0;0;
2026.08.27;19:12:39.1;-0.01;-0.01;234;415;21;53;74;211;504;483;27;5.52;5.52;5.52;5.52;23;0;0;0;0;14.2;92;29;4.3;38;-;10;36;849;2989;31;5000.0;59.5;57.1;0;0;0;0;0;0;
2026.08.27;19:12:39.6;0.07;0.07;629;546;22;53;99;211;651;630;27;8.61;8.61;8.61;8.61;23;0;0;0;0;14.2;92;29;4.3;39;-;10;36;849;2989;37;5000.0;92.7;92.0;31;28;66;0;0;0;
2026.08.27;19:12:40.0;0.07;0.07;629;546;22;53;99;211;777;777;27;8.61;8.61;8.61;8.61;18;0;0;0;0;14.0;92;29;4.3;39;-;10;36;849;3125;37;4903.0;118.8;119.9;36;36;48;0;0;0;
2026.08.27;19:12:40.5;0.03;0.03;771;688;21;52;99;211;777;777;27;10.10;10.10;10.10;10.10;18;0;0;0;0;14.0;92;29;4.3;42;-;10;36;849;3348;44;5000.0;118.8;119.9;36;36;48;0;0;0;
2026.08.27;19:12:40.9;0.05;0.05;761;664;20;53;99;211;840;819;27;10.74;10.74;10.74;10.74;19;0;0;0;0;14.0;92;29;4.3;45;-;10;36;849;3348;50;5000.0;140.6;136.8;36;36;43;0;0;0;
2026.08.27;19:12:41.4;0.05;0.05;761;664;20;53;99;211;840;819;27;10.74;10.74;10.74;10.74;17;0;0;0;0;14.0;92;29;4.3;45;-;10;36;849;3583;50;5000.0;160.5;155.8;34;34;45;0;0;0;
2026.08.27;19:12:41.8;-0.01;-0.01;712;683;18;53;99;211;840;819;27;11.05;11.05;11.05;11.05;17;0;0;0;0;14.1;92;29;4.3;48;-;10;36;849;3829;52;5000.0;160.5;155.8;34;34;45;0;0;0;
2026.08.27;19:12:42.3;-0.01;-0.01;712;683;18;53;99;211;693;735;27;11.05;11.05;11.05;11.05;13;0;0;0;0;14.1;92;29;4.3;50;-;10;36;849;3829;27;5000.0;139.6;146.6;32;32;40;0;0;0;
2026.08.27;19:12:42.7;-0.04;-0.04;898;844;14;52;54;211;693;735;27;2.83;2.83;2.83;2.83;-13;0;0;0;0;14.1;92;29;4.3;50;-;10;36;849;3561;27;3712.0;139.6;146.6;32;32;40;0;0;0;
2026.08.27;19:12:43.2;0.00;0.00;24;4;0;50;0;211;210;231;27;2.62;2.62;2.62;2.62;-13;0;0;0;0;14.1;92;29;4.3;50;-;10;36;849;3561;10;3712.0;23.3;25.7;0;0;0;0;0;1;
2026.08.27;19:12:43.6;0.00;0.00;24;4;0;50;0;211;588;630;27;2.62;2.62;2.62;2.62;21;0;0;0;0;14.1;92;29;4.3;50;-;10;36;849;2810;10;5000.0;72.9;75.7;25;17;53;0;0;1;
2026.08.27;19:12:44.1;0.05;0.05;102;87;0;47;8;214;588;630;27;7.79;7.79;7.79;7.79;21;0;0;0;0;14.1;91;29;4.3;50;-;10;36;849;2681;29;5000.0;72.9;75.7;25;17;53;0;0;1;
2026.08.27;19:12:44.5;0.05;0.05;102;87;0;47;8;214;609;609;27;7.79;7.79;7.79;7.79;10;0;0;0;0;14.1;91;29;4.3;50;-;10;36;849;2681;27;5000.0;75.4;77.5;26;28;39;0;0;0;
2026.08.27;19:12:45.0;0.02;0.02;805;737;0;45;13;214;609;609;27;6.68;6.68;6.68;6.68;21;0;0;0;0;14.1;91;29;4.3;50;-;10;36;849;2693;27;4468.0;75.4;77.5;26;28;39;0;0;0;
2026.08.27;19:12:45.4;0.01;0.01;122;107;0;42;14;214;462;483;27;4.35;4.35;4.35;4.35;21;0;0;0;0;14.1;91;29;4.3;50;-;10;36;849;2681;21;5000.0;50.3;51.8;0;0;0;0;0;0;
2026.08.27;19:12:45.9;0.01;0.01;122;107;0;42;14;214;294;336;27;4.35;4.35;4.35;4.35;21;0;0;0;0;14.1;91;29;4.3;50;-;10;36;849;2681;14;5000.0;29.0;33.7;0;0;0;0;0;0;
2026.08.27;19:12:46.3;-0.08;-0.08;102;493;6;41;11;214;294;336;27;2.08;2.08;2.08;2.08;26;0;0;0;0;14.1;91;29;4.3;50;-;10;36;849;2633;14;5000.0;29.0;33.7;0;0;0;0;0;0;
2026.08.27;19:12:46.8;0.00;0.00;97;83;9;38;12;214;210;210;27;1.91;1.91;1.91;1.91;26;0;0;0;0;14.1;91;29;4.3;49;-;10;36;849;2592;11;3221.0;19.9;21.1;0;0;0;0;0;0;
2026.08.27;19:12:47.2;0.00;0.00;97;83;9;38;12;214;210;210;27;1.91;1.91;1.91;1.91;29;0;0;0;0;14.1;91;29;4.3;48;-;10;36;849;2592;11;3221.0;19.6;20.3;0;0;0;0;0;0;
2026.08.27;19:12:47.7;-0.05;-0.05;307;698;10;36;13;214;210;210;27;1.79;1.79;1.79;1.79;28;0;0;0;0;14.1;91;29;4.3;48;-;10;36;849;2520;11;5000.0;19.6;20.3;0;0;0;0;0;0;
2026.08.27;19:12:48.1;-0.02;-0.02;786;683;12;35;16;214;210;210;27;2.40;2.40;2.40;2.40;28;0;0;0;0;14.1;91;29;4.3;47;-;10;36;849;2477;15;4164.0;19.6;20.1;0;0;0;0;0;0;
2026.08.27;19:12:48.6;-0.02;-0.02;786;683;12;35;16;214;420;378;27;2.40;2.40;2.40;2.40;25;0;0;0;0;14.1;91;29;4.3;46;-;10;36;849;2477;22;4164.0;41.1;36.0;0;0;0;0;0;0;
2026.08.27;19:12:49.0;-0.01;-0.01;53;53;15;34;31;214;420;378;27;4.62;4.62;4.62;4.62;25;0;0;0;0;14.1;91;29;4.3;46;-;10;36;849;2456;22;5000.0;41.1;36.0;0;0;0;0;0;0;
2026.08.27;19:12:49.5;0.02;0.02;73;83;21;34;35;214;483;504;27;4.89;4.89;4.89;4.89;25;0;0;0;0;14.1;91;29;4.3;46;-;10;36;849;2456;22;5000.0;48.1;48.8;0;0;0;0;0;0;
2026.08.27;19:12:49.9;0.02;0.02;73;83;21;34;35;214;483;483;27;4.89;4.89;4.89;4.89;25;0;0;0;0;14.1;91;29;4.3;46;-;10;36;849;2461;22;5000.0;47.6;48.1;0;0;0;0;0;0;
2026.08.27;19:12:50.4;0.04;0.04;122;102;27;34;39;214;483;483;27;4.82;4.82;4.82;4.82;25;0;0;0;0;14.1;91;29;4.2;46;-;11;36;849;2451;22;5000.0;47.6;48.1;0;0;0;0;0;0;
2026.08.27;19:12:50.8;0.04;0.04;122;102;27;34;39;214;441;462;27;4.82;4.82;4.82;4.82;25;0;0;0;0;14.1;91;29;4.2;46;-;11;36;849;2451;20;5000.0;42.7;44.0;0;0;0;0;0;0;
2026.08.27;19:12:51.3;0.03;0.03;346;175;31;34;37;208;441;462;27;4.24;4.24;4.24;4.24;22;0;0;0;0;14.1;91;29;4.2;46;-;11;36;849;2461;20;2994.0;42.7;44.0;0;0;0;0;0;0;
2026.08.27;19:12:51.7;-0.00;-0.00;327;424;34;35;99;208;777;651;27;9.89;9.89;9.89;9.89;22;0;0;0;0;14.1;91;29;4.2;46;-;11;36;849;2461;34;2994.0;79.5;73.2;15;1;95;0;0;0;
2026.08.27;19:12:52.2;-0.00;-0.00;327;424;34;35;99;208;840;798;27;9.89;9.89;9.89;9.89;21;0;0;0;0;14.1;91;29;4.2;48;-;11;36;849;2520;37;4023.0;101.1;97.2;38;38;43;0;0;0;
2026.08.27;19:12:52.6;0.02;0.02;732;659;34;37;99;208;840;798;27;10.22;10.22;10.22;10.22;21;0;0;0;0;14.1;91;29;4.2;48;-;11;36;849;2586;37;5000.0;101.1;97.2;38;38;43;0;0;0;
2026.08.27;19:12:53.1;0.01;0.01;644;654;34;40;99;208;819;819;27;8.55;8.55;8.55;8.55;21;0;0;0;0;14.1;91;29;4.2;49;-;11;36;849;2586;33;5000.0;103.2;104.1;39;39;50;0;0;0;
2026.08.27;19:12:53.5;0.01;0.01;644;654;34;40;99;208;546;588;27;8.55;8.55;8.55;8.55;12;0;0;0;0;14.1;91;29;4.2;50;-;11;36;849;2669;25;5000.0;66.7;72.1;21;25;31;0;0;0;
2026.08.27;19:12:54.0;-0.03;-0.03;68;126;27;40;79;208;546;588;27;5.27;5.27;5.27;5.27;18;0;0;0;0;14.1;91;29;4.2;50;-;11;36;849;2712;25;4468.0;66.7;72.1;21;25;31;0;0;0;
2026.08.27;19:12:54.4;-0.06;-0.06;742;717;23;39;60;208;441;483;27;3.83;3.83;3.83;3.83;18;0;0;0;0;14.1;91;29;4.2;51;-;11;36;849;2712;21;4468.0;45.9;51.8;0;0;0;0;0;0;
2026.08.27;19:12:54.9;-0.06;-0.06;742;717;23;39;60;208;420;420;27;3.83;3.83;3.83;3.83;26;0;0;0;0;14.1;91;29;4.2;51;-;11;36;849;2712;21;3400.0;43.3;44.1;0;0;0;0;0;0;
2026.08.27;19:12:55.3;-0.03;-0.03;78;87;24;39;57;208;420;420;27;3.66;3.66;3.66;3.66;26;0;0;0;0;14.1;91;29;4.2;50;-;9;36;849;2675;20;5000.0;43.3;44.1;0;0;0;0;0;0;
2026.08.27;19:12:55.8;-0.03;-0.03;78;87;24;39;57;208;420;420;27;3.66;3.66;3.66;3.66;27;0;0;0;0;14.1;91;29;4.2;50;-;9;36;849;2675;20;5000.0;42.7;43.1;0;0;0;0;0;0;
2026.08.27;19:12:56.2;0.02;0.02;356;126;28;38;61;208;420;420;27;3.82;3.82;3.82;3.82;27;0;0;0;0;14.1;91;29;4.2;50;-;9;36;849;2663;20;4882.0;42.7;43.1;0;0;0;0;0;0;
2026.08.27;19:12:56.7;-0.02;-0.02;810;693;31;38;47;208;420;399;27;2.87;2.87;2.87;2.87;27;0;0;0;0;14.1;91;29;4.2;50;-;9;36;849;2663;16;4882.0;42.7;42.8;0;0;0;0;0;0;
2026.08.27;19:12:57.1;-0.02;-0.02;810;693;31;38;47;208;210;273;27;2.87;2.87;2.87;2.87;29;0;0;0;0;14.1;91;29;4.2;48;-;9;36;849;2615;12;3843.0;20.6;26.6;0;0;0;0;0;0;
2026.08.27;19:12:57.6;-0.05;-0.05;751;664;31;37;33;208;210;273;27;1.89;1.89;1.89;1.89;27;0;0;0;0;14.1;91;29;4.2;48;-;9;36;849;2569;12;5000.0;20.6;26.6;0;0;0;0;0;0;
2026.08.27;19:12:58.0;-0.02;-0.02;786;673;32;36;36;208;231;231;27;1.93;1.93;1.93;1.93;27;0;0;0;0;14.1;91;29;4.2;47;-;9;36;849;2569;12;5000.0;20.9;21.6;0;0;0;0;0;0;
2026.08.27;19:12:58.5;-0.02;-0.02;786;673;32;36;36;208;231;231;27;1.93;1.93;1.93;1.93;28;0;0;0;0;14.1;90;29;4.2;47;-;9;36;849;2504;12;4550.0;20.9;22.0;0;0;0;0;0;0;
2026.08.27;19:12:58.9;-0.01;-0.01;732;283;33;36;37;208;231;231;27;1.97;1.97;1.97;1.97;28;0;0;0;0;14.1;90;29;4.2;46;-;9;36;849;2431;12;4857.0;20.9;22.0;0;0;0;0;0;0;
2026.08.27;19:12:59.4;-0.01;-0.01;107;78;33;35;39;208;231;231;27;2.01;2.01;2.01;2.01;29;0;0;0;0;14.1;90;29;4.2;45;-;9;36;849;2431;12;4857.0;21.0;21.9;0;0;0;0;0;0;
2026.08.27;19:12:59.9;-0.01;-0.01;107;78;33;35;39;208;252;252;27;2.01;2.01;2.01;2.01;24;0;0;0;0;14.1;90;29;4.2;45;-;9;36;849;2362;12;4704.0;21.5;22.2;0;0;0;0;0;0;
2026.08.27;19:13:00.3;-0.04;-0.04;83;341;35;34;39;208;252;252;27;2.03;2.03;2.03;2.03;24;0;0;0;0;14.1;90;29;4.2;44;-;15;36;849;2315;12;4309.0;21.5;22.2;0;0;0;0;0;0;
2026.08.27;19:13:00.8;-0.04;-0.04;83;341;35;34;39;208;252;252;27;2.03;2.03;2.03;2.03;25;0;0;0;0;14.1;90;29;4.2;43;-;15;36;849;2315;12;4309.0;21.4;22.3;0;0;0;0;0;0;
2026.08.27;19:13:01.2;-0.02;-0.02;756;644;37;34;37;208;252;273;27;2.10;2.10;2.10;2.10;23;0;0;0;0;14.1;90;29;4.2;43;-;15;36;849;2257;12;3992.0;21.6;21.9;0;0;0;0;0;0;
2026.08.27;19:13:01.7;-0.01;-0.01;771;585;38;34;36;208;252;273;27;2.18;2.18;2.18;2.18;23;0;0;0;0;14.1;90;29;4.2;42;-;15;36;849;2206;12;4267.0;21.6;21.9;0;0;0;0;0;0;
2026.08.27;19:13:02.1;-0.01;-0.01;771;585;38;34;36;208;273;273;27;2.18;2.18;2.18;2.18;21;0;0;0;0;14.1;90;29;4.2;40;-;15;36;849;2206;12;4267.0;21.5;22.4;0;0;0;0;0;0;
2026.08.27;19:13:02.6;-0.02;-0.02;766;634;40;33;34;208;273;273;27;2.25;2.25;2.25;2.25;22;0;0;0;0;14.1;90;29;4.2;40;-;15;36;849;2126;12;3313.0;21.5;22.4;0;0;0;0;0;0;
2026.08.27;19:13:03.0;-0.00;-0.00;107;87;42;33;32;208;273;294;27;2.35;2.35;2.35;2.35;22;0;0;0;0;14.1;90;29;4.2;39;-;15;36;849;2126;13;3313.0;21.8;22.4;0;0;0;0;0;0;
2026.08.27;19:13:03.5;-0.00;-0.00;107;87;42;33;32;208;294;294;27;2.35;2.35;2.35;2.35;17;0;0;0;0;14.1;90;29;4.2;39;-;15;36;849;2055;13;4574.0;21.4;22.3;0;0;0;0;0;0;
2026.08.27;19:13:03.9;-0.01;-0.01;73;73;43;33;31;208;294;294;27;2.43;2.43;2.43;2.43;19;0;0;0;0;14.1;90;29;4.2;38;-;15;36;849;2010;13;5000.0;21.4;22.3;0;0;0;0;0;0;
2026.08.27;19:13:04.4;-0.00;-0.00;87;288;45;33;31;208;315;315;27;2.71;2.71;2.71;2.71;19;0;0;0;0;14.1;90;29;4.2;37;-;15;36;849;2010;13;5000.0;22.9;23.5;0;0;0;0;0;0;
2026.08.27;19:13:04.8;-0.00;-0.00;87;288;45;33;31;208;315;336;27;2.71;2.71;2.71;2.71;15;0;0;0;0;14.1;90;29;4.2;37;-;15;36;849;1953;13;2968.0;22.8;23.9;0;0;0;0;0;0;
2026.08.27;19:13:05.3;-0.03;-0.03;78;239;47;34;28;209;315;336;27;2.68;2.68;2.68;2.68;15;0;0;0;0;14.1;90;28;4.2;36;-;14;36;849;1917;13;2742.0;22.8;23.9;0;0;0;0;0;0;
2026.08.27;19:13:05.7;-0.03;-0.03;78;239;47;34;28;209;336;336;27;2.68;2.68;2.68;2.68;15;0;0;0;0;14.1;90;28;4.2;36;-;14;36;849;1917;13;2742.0;22.9;23.7;0;0;0;0;0;0;
2026.08.27;19:13:06.2;-0.02;-0.02;747;703;48;34;25;209;336;336;27;2.78;2.78;2.78;2.78;15;0;0;0;0;14.1;90;28;4.2;36;-;14;36;849;1893;13;4549.0;22.9;23.7;0;0;0;0;0;0;
2026.08.27;19:13:06.6;0.02;0.02;122;107;0;0;24;209;336;336;27;2.91;2.91;2.91;2.91;15;0;0;0;0;14.1;90;28;4.2;35;-;14;36;849;1884;13;3074.0;23.2;23.7;0;0;0;0;0;0;
2026.08.27;19:13:07.1;0.02;0.02;122;107;0;0;24;209;420;378;27;2.91;2.91;2.91;2.91;25;0;0;0;0;14.1;90;28;4.2;35;-;14;36;849;1884;17;3074.0;29.7;27.8;0;0;0;0;0;0;
2026.08.27;19:13:07.5;0.04;0.04;73;68;52;35;33;209;420;378;27;4.29;4.29;4.29;4.29;23;0;0;0;0;14.1;90;28;4.2;35;-;14;36;849;1869;17;4255.0;29.7;27.8;0;0;0;0;0;0;
2026.08.27;19:13:08.0;0.03;0.03;156;541;54;36;31;209;483;483;27;4.45;4.45;4.45;4.45;23;0;0;0;0;14.1;90;28;4.2;35;-;14;36;849;1869;17;4255.0;34.1;34.3;0;0;0;0;0;0;
2026.08.27;19:13:08.4;0.03;0.03;156;541;54;36;31;209;483;483;27;4.45;4.45;4.45;4.45;23;0;0;0;0;14.1;90;28;4.2;35;-;14;37;849;1887;17;4194.0;34.0;34.4;0;0;0;0;0;0;
2026.08.27;19:13:08.9;-0.01;-0.01;209;595;56;37;26;209;483;483;27;4.24;4.24;4.24;4.24;23;0;0;0;0;14.1;90;28;4.2;35;-;14;37;849;1911;17;2293.0;34.0;34.4;0;0;0;0;0;0;
2026.08.27;19:13:09.3;-0.01;-0.01;209;595;56;37;26;209;462;483;27;4.24;4.24;4.24;4.24;23;0;0;0;0;14.1;90;28;4.2;36;-;14;37;849;1911;17;2293.0;33.9;34.2;0;0;0;0;0;0;
2026.08.27;19:13:09.8;0.02;0.02;73;97;58;39;23;209;483;483;27;4.30;4.30;4.30;4.30;23;0;0;0;0;14.1;90;28;4.2;36;-;14;37;849;1911;17;2280.0;35.0;34.7;0;0;0;0;0;0;
2026.08.27;19:13:10.2;0.00;0.00;654;678;60;40;22;209;483;483;27;4.31;4.31;4.31;4.31;23;0;0;0;0;14.1;90;28;4.2;36;-;12;37;849;1917;17;3828.0;35.0;34.7;0;0;0;0;0;0;
2026.08.27;19:13:10.7;-0.00;-0.00;727;693;61;41;20;209;483;483;27;4.36;4.36;4.36;4.36;23;0;0;0;0;14.1;90;28;4.2;36;-;12;37;849;1917;17;3828.0;35.3;35.8;0;0;0;0;0;0;
2026.08.27;19:13:11.1;-0.00;-0.00;727;693;61;41;20;209;483;483;27;4.36;4.36;4.36;4.36;23;0;0;0;0;14.1;90;28;4.2;36;-;12;37;849;1940;17;3448.0;34.9;35.4;0;0;0;0;0;0;
2026.08.27;19:13:11.6;-0.01;-0.01;654;659;63;43;17;209;483;483;27;4.30;4.30;4.30;4.30;23;0;0;0;0;14.1;90;28;4.2;36;-;12;37;849;1940;17;3448.0;34.9;35.4;0;0;0;0;0;0;
2026.08.27;19:13:12.0;-0.01;-0.01;654;659;63;43;17;209;483;483;27;4.30;4.30;4.30;4.30;24;0;0;0;0;14.1;90;28;4.2;36;-;12;37;849;1924;17;3154.0;34.6;34.8;0;0;0;0;0;0;
2026.08.27;19:13:12.5;-0.01;-0.01;703;673;64;45;14;209;483;483;27;4.25;4.25;4.25;4.25;24;0;0;0;0;14.1;90;28;4.2;36;-;12;37;849;1896;17;5000.0;34.6;34.8;0;0;0;0;0;0;
2026.08.27;19:13:12.9;-0.02;-0.02;786;712;64;45;10;209;420;462;27;3.60;3.60;3.60;3.60;24;0;0;0;0;14.1;90;28;4.2;35;-;12;37;849;1896;14;5000.0;29.7;33.1;0;0;0;0;0;0;
2026.08.27;19:13:13.4;-0.02;-0.02;786;712;64;45;10;209;399;399;27;3.60;3.60;3.60;3.60;24;0;0;0;0;14.1;90;28;4.2;35;-;12;37;849;1890;14;3883.0;27.7;27.7;0;0;0;0;0;0;
2026.08.27;19:13:13.8;-0.04;-0.04;703;600;66;47;7;209;399;399;27;3.40;3.40;3.40;3.40;25;0;0;0;0;14.1;90;28;4.2;35;-;12;37;849;1878;13;4467.0;27.7;27.7;0;0;0;0;0;0;
2026.08.27;19:13:14.3;-0.01;-0.01;625;341;67;48;0;209;357;378;27;3.30;3.30;3.30;3.30;25;0;0;0;0;14.1;90;28;4.2;34;-;12;36;849;1878;13;4467.0;24.8;25.5;0;0;0;0;0;0;
2026.08.27;19:13:14.7;-0.01;-0.01;625;341;67;48;0;209;357;378;27;3.30;3.30;3.30;3.30;25;0;0;0;0;14.1;90;28;4.2;34;-;12;36;849;1819;13;3332.0;25.1;25.4;0;0;0;0;0;0;
2026.08.27;19:13:15.2;-0.01;-0.01;117;83;68;48;0;209;357;378;27;3.35;3.35;3.35;3.35;25;0;0;0;0;14.1;90;28;4.2;34;-;12;36;849;1802;13;4295.0;25.1;25.4;0;0;0;0;0;0;
2026.08.27;19:13:15.6;-0.01;-0.01;117;83;68;48;0;209;378;378;27;3.35;3.35;3.35;3.35;24;0;0;0;0;14.1;90;28;4.2;33;-;12;36;849;1802;13;4295.0;25.1;25.3;0;0;0;0;0;0;
2026.08.27;19:13:16.1;-0.01;-0.01;83;68;69;50;0;209;378;378;27;3.36;3.36;3.36;3.36;24;0;0;0;0;14.1;90;28;4.2;33;-;12;36;849;1791;13;2608.0;25.1;25.3;0;0;0;0;0;0;
2026.08.27;19:13:16.5;-0.03;-0.03;83;234;0;0;0;209;378;378;27;3.31;3.31;3.31;3.31;24;0;0;0;0;14.1;90;28;4.2;33;-;12;36;849;1791;13;2608.0;25.1;25.2;0;0;0;0;0;0;
2026.08.27;19:13:17.0;-0.03;-0.03;83;234;0;0;0;209;378;378;27;3.31;3.31;3.31;3.31;24;0;0;0;0;14.1;90;28;4.2;33;-;12;36;849;1756;13;3474.0;25.1;25.0;0;0;0;0;0;0;
2026.08.27;19:13:17.4;-0.05;-0.05;205;625;70;50;7;209;378;378;27;3.28;3.28;3.28;3.28;21;0;0;0;0;14.1;90;28;4.2;33;-;12;36;849;1749;13;2706.0;25.1;25.0;0;0;0;0;0;0;
2026.08.27;19:13:17.9;-0.02;-0.02;122;341;71;51;11;209;441;399;27;4.27;4.27;4.27;4.27;21;0;0;0;0;14.1;90;28;4.2;33;-;12;36;849;1749;16;2706.0;29.7;26.8;0;0;0;0;0;0;
2026.08.27;19:13:18.3;-0.02;-0.02;122;341;71;51;11;209;525;483;27;4.27;4.27;4.27;4.27;23;0;0;0;0;14.1;90;28;4.2;33;-;12;37;849;1749;16;2594.0;35.8;33.1;0;0;0;0;0;0;
2026.08.27;19:13:18.8;0.02;0.02;92;214;71;52;17;209;525;483;27;5.89;5.89;5.89;5.89;23;0;0;0;0;14.1;90;28;4.2;33;-;12;37;849;1783;19;3058.0;35.8;33.1;0;0;0;0;0;0;
2026.08.27;19:13:19.2;0.02;0.02;92;214;71;52;17;209;630;630;27;5.89;5.89;5.89;5.89;16;0;0;0;0;14.1;90;28;4.2;34;-;12;37;849;1783;23;3058.0;50.5;51.1;22;21;43;0;0;0;
2026.08.27;19:13:19.7;0.02;0.02;102;156;71;53;24;209;630;630;27;7.35;7.35;7.35;7.35;19;0;0;0;0;14.1;90;28;4.2;34;-;12;37;849;1836;23;4667.0;50.5;51.1;22;21;43;0;0;0;
2026.08.27;19:13:20.1;0.03;0.03;131;126;71;56;36;209;630;651;27;7.94;7.94;7.94;7.94;19;0;0;0;0;14.1;90;28;4.2;35;-;14;37;849;1902;25;2552.0;52.5;53.5;23;23;45;0;0;0;
2026.08.27;19:13:20.6;0.03;0.03;131;126;71;56;36;209;735;756;27;7.94;7.94;7.94;7.94;15;0;0;0;0;14.1;90;28;4.2;37;-;14;37;849;1902;27;2552.0;63.6;64.9;36;36;51;0;0;0;
2026.08.27;19:13:21.0;0.03;0.03;92;131;69;57;62;209;735;756;27;8.42;8.42;8.42;8.42;18;0;0;0;0;14.1;90;28;4.2;37;-;14;37;849;1996;27;2747.0;63.6;64.9;36;36;51;0;0;0;
2026.08.27;19:13:21.5;0.02;0.02;122;92;65;59;33;209;546;567;27;5.21;5.21;5.21;5.21;18;0;0;0;0;14.1;90;28;4.2;38;-;14;37;849;1996;20;2747.0;44.8;46.3;3;8;34;0;0;0;
2026.08.27;19:13:21.9;0.02;0.02;122;92;65;59;33;209;567;567;27;5.21;5.21;5.21;5.21;21;0;0;0;0;14.1;90;28;4.2;39;-;14;37;849;2055;21;2714.0;45.6;46.2;0;0;0;0;0;0;
2026.08.27;19:13:22.4;0.02;0.02;141;107;63;59;39;209;567;567;27;5.38;5.38;5.38;5.38;21;0;0;0;0;14.1;90;28;4.2;39;-;14;37;849;2088;21;4432.0;45.6;46.2;0;0;0;0;0;0;
2026.08.27;19:13:22.8;-0.01;-0.01;698;659;62;61;60;209;630;672;27;6.73;6.73;6.73;6.73;21;0;0;0;0;14.1;90;28;4.2;39;-;14;37;849;2088;25;4432.0;56.6;60.2;24;14;64;0;0;0;
2026.08.27;19:13:23.3;-0.01;-0.01;698;659;62;61;60;209;483;504;27;6.73;6.73;6.73;6.73;21;0;0;0;0;14.1;90;28;4.2;39;-;14;37;849;2122;25;5000.0;40.2;42.9;0;0;0;0;0;0;
2026.08.27;19:13:23.7;-0.02;-0.02;776;751;59;61;37;209;483;504;27;3.94;3.94;3.94;3.94;21;0;0;0;0;14.1;90;28;4.2;40;-;14;37;849;2174;18;5000.0;40.2;42.9;0;0;0;0;0;0;
2026.08.27;19:13:24.2;-0.02;-0.02;639;395;59;61;41;209;441;441;27;3.82;3.82;3.82;3.82;25;0;0;0;0;14.1;90;28;4.2;41;-;14;36;849;2174;18;5000.0;36.8;36.9;0;0;0;0;0;0;
2026.08.27;19:13:24.6;-0.02;-0.02;639;395;59;61;41;209;441;441;27;3.82;3.82;3.82;3.82;26;0;0;0;0;14.1;90;28;4.2;41;-;14;36;849;2194;18;3411.0;36.9;36.9;0;0;0;0;0;0;
2026.08.27;19:13:25.1;-0.02;-0.02;732;644;59;61;43;209;441;441;27;3.75;3.75;3.75;3.75;26;0;0;0;0;14.1;90;28;4.2;41;-;16;36;849;2198;18;5000.0;36.9;36.9;0;0;0;0;0;0;
2026.08.27;19:13:25.5;-0.02;-0.02;732;644;59;61;43;209;357;420;27;3.75;3.75;3.75;3.75;26;0;0;0;0;14.1;90;28;4.2;41;-;16;36;849;2198;14;5000.0;29.7;34.9;0;0;0;0;0;0;
2026.08.27;19:13:26.0;-0.03;-0.03;800;756;60;61;32;209;357;420;27;2.70;2.70;2.70;2.70;28;0;0;0;0;14.1;90;28;4.2;41;-;16;36;849;2186;14;5000.0;29.7;34.9;0;0;0;0;0;0;
2026.08.27;19:13:26.4;-0.01;-0.01;126;97;60;61;35;209;315;315;27;2.72;2.72;2.72;2.72;28;0;0;0;0;14.1;90;29;4.2;40;-;16;36;849;2138;13;4936.0;25.3;26.2;0;0;0;0;0;0;
2026.08.27;19:13:26.9;-0.01;-0.01;126;97;60;61;35;209;336;336;27;2.72;2.72;2.72;2.72;28;0;0;0;0;14.1;90;29;4.2;40;-;16;36;849;2138;15;4936.0;27.5;26.3;0;0;0;0;0;0;
2026.08.27;19:13:27.3;-0.00;-0.00;107;83;61;61;40;209;336;336;27;2.97;2.97;2.97;2.97;27;0;0;0;0;14.1;90;29;4.2;40;-;16;36;849;2107;15;3765.0;27.5;26.3;0;0;0;0;0;0;
2026.08.27;19:13:27.8;-0.00;-0.00;87;102;61;61;42;209;357;357;27;3.00;3.00;3.00;3.00;27;0;0;0;0;14.1;90;29;4.2;39;-;16;36;849;2081;15;3330.0;27.2;27.8;0;0;0;0;0;0;
2026.08.27;19:13:28.2;-0.00;-0.00;87;102;61;61;42;209;357;357;27;3.00;3.00;3.00;3.00;27;0;0;0;0;14.1;90;29;4.2;38;-;16;37;849;2081;15;3330.0;27.2;27.6;0;0;0;0;0;0;
2026.08.27;19:13:28.7;-0.02;-0.02;102;434;63;62;45;209;357;357;27;2.99;2.99;2.99;2.99;26;0;0;0;0;14.1;90;29;4.2;38;-;16;37;849;2059;15;3382.0;27.2;27.6;0;0;0;0;0;0;
2026.08.27;19:13:29.2;0.02;0.02;771;703;64;63;48;209;378;378;27;3.24;3.24;3.24;3.24;26;0;0;0;0;14.1;90;29;4.2;38;-;16;37;849;2003;14;2724.0;28.0;29.1;0;0;0;0;0;0;
2026.08.27;19:13:29.6;0.02;0.02;771;703;64;63;48;209;378;378;27;3.24;3.24;3.24;3.24;25;0;0;0;0;14.1;90;29;4.2;37;-;14;36;849;2003;14;2724.0;28.0;28.7;0;0;0;0;0;0;
2026.08.27;19:13:30.1;0.03;0.03;703;439;64;61;50;209;378;378;27;3.22;3.22;3.22;3.22;25;0;0;0;0;14.1;90;29;4.2;37;-;14;36;849;1986;14;3413.0;28.0;28.7;0;0;0;0;0;0;
2026.08.27;19:13:30.5;0.04;0.04;117;83;66;63;50;209;357;378;27;3.14;3.14;3.14;3.14;25;0;0;0;0;14.1;90;29;4.2;37;-;14;36;849;1986;13;3413.0;26.4;27.7;0;0;0;0;0;0;
2026.08.27;19:13:31.0;0.04;0.04;117;83;66;63;50;209;378;378;27;3.14;3.14;3.14;3.14;25;0;0;0;0;14.1;90;29;4.2;36;-;14;37;849;1953;14;5000.0;26.3;27.0;0;0;0;0;0;0;
2026.08.27;19:13:31.4;0.03;0.03;78;97;67;63;54;209;378;378;27;3.20;3.20;3.20;3.20;21;0;0;0;0;14.1;90;29;4.2;36;-;14;37;849;1949;14;5000.0;26.3;27.0;0;0;0;0;0;0;
2026.08.27;19:13:31.9;0.03;0.03;668;683;67;63;70;209;462;441;27;3.99;3.99;3.99;3.99;21;0;0;0;0;14.1;90;29;4.2;36;-;14;37;849;1949;17;5000.0;32.6;33.0;0;0;0;0;0;0;
2026.08.27;19:13:32.3;0.03;0.03;668;683;67;63;70;209;441;462;27;3.99;3.99;3.99;3.99;24;0;0;0;0;14.1;90;29;4.2;37;-;14;37;849;1962;17;5000.0;32.6;33.5;0;0;0;0;0;0;
2026.08.27;19:13:32.8;0.05;0.05;639;434;68;63;73;209;441;462;27;3.93;3.93;3.93;3.93;18;0;0;0;0;14.1;90;29;4.2;37;-;14;37;849;1966;17;4942.0;32.6;33.5;0;0;0;0;0;0;
2026.08.27;19:13:33.2;0.05;0.05;639;434;68;63;73;209;315;420;27;3.93;3.93;3.93;3.93;18;0;0;0;0;14.1;90;29;4.2;36;-;14;37;849;1966;9;4942.0;21.6;29.2;0;0;0;0;0;0;
2026.08.27;19:13:33.7;-0.01;-0.01;805;795;67;63;41;209;252;252;27;2.08;2.08;2.08;2.08;34;0;0;0;0;14.1;90;29;4.2;36;-;14;37;849;1953;9;3955.0;17.6;17.8;0;0;0;0;0;0;
2026.08.27;19:13:34.1;-0.01;-0.01;92;78;69;65;43;209;252;252;27;2.00;2.00;2.00;2.00;34;0;0;0;0;14.1;90;29;4.2;36;-;14;37;849;1936;9;4550.0;17.6;17.8;0;0;0;0;0;0;
2026.08.27;19:13:34.6;-0.01;-0.01;92;78;69;65;43;209;252;252;27;2.00;2.00;2.00;2.00;34;0;0;0;0;14.1;90;29;4.2;36;-;14;37;849;1936;9;4550.0;17.2;17.8;0;0;0;0;0;0;
2026.08.27;19:13:35.0;-0.02;-0.02;87;151;69;64;44;209;252;252;27;2.00;2.00;2.00;2.00;32;0;0;0;0;14.1;90;29;4.2;36;-;14;37;849;1905;9;5000.0;17.2;17.8;0;0;0;0;0;0;
2026.08.27;19:13:35.5;-0.02;-0.02;751;708;69;64;46;209;252;252;27;2.02;2.02;2.02;2.02;32;0;0;0;0;14.1;90;29;4.2;35;-;14;37;849;1905;10;5000.0;17.1;18.0;0;0;0;0;0;0;
2026.08.27;19:13:35.9;-0.02;-0.02;751;708;69;64;46;209;315;315;27;2.02;2.02;2.02;2.02;24;0;0;0;0;14.1;90;29;4.2;35;-;14;37;849;1902;10;4703.0;21.8;21.8;0;0;0;0;0;0;
2026.08.27;19:13:36.4;-0.01;-0.01;747;659;70;64;65;209;315;315;27;2.73;2.73;2.73;2.73;26;0;0;0;0;14.1;90;29;4.2;35;-;14;37;849;1899;13;4271.0;21.8;21.8;0;0;0;0;0;0;
2026.08.27;19:13:36.8;0.03;0.03;92;78;69;64;73;209;378;378;27;3.24;3.24;3.24;3.24;26;0;0;0;0;14.1;90;29;4.2;35;-;14;37;849;1899;14;4271.0;25.8;26.9;0;0;0;0;0;0;
2026.08.27;19:13:37.3;0.03;0.03;92;78;69;64;73;209;315;378;27;3.24;3.24;3.24;3.24;13;0;0;0;0;14.1;90;29;4.2;35;-;14;37;849;1914;14;4924.0;21.0;26.0;0;1;0;0;0;0;
2026.08.27;19:13:37.7;-0.01;-0.01;761;756;70;64;60;209;315;378;27;2.50;2.50;2.50;2.50;27;0;0;0;0;14.1;90;29;4.2;36;-;14;37;849;1911;11;3077.0;21.0;26.0;0;1;0;0;0;0;
2026.08.27;19:13:38.2;-0.06;-0.06;83;292;70;65;58;209;273;294;27;2.08;2.08;2.08;2.08;27;0;0;0;0;14.1;90;29;4.2;36;-;14;37;849;1911;11;3077.0;19.0;20.8;0;0;0;0;0;0;
2026.08.27;19:13:38.6;-0.06;-0.06;83;292;70;65;58;209;273;294;27;2.08;2.08;2.08;2.08;29;0;0;0;0;14.1;90;29;4.2;36;-;14;37;849;1905;11;2234.0;17.6;19.8;0;0;0;0;0;0;
2026.08.27;19:13:39.1;-0.01;-0.01;659;346;71;65;42;209;273;294;27;1.83;1.83;1.83;1.83;17;0;0;0;0;14.1;90;29;4.2;36;-;14;37;849;1881;7;4549.0;17.6;19.8;0;0;0;0;0;0;
2026.08.27;19:13:39.5;0.02;0.02;68;58;70;65;43;209;210;210;27;1.58;1.58;1.58;1.58;17;0;0;0;0;14.1;90;29;4.2;36;-;15;37;849;1881;5;4549.0;13.4;14.3;0;0;0;0;0;0;
2026.08.27;19:13:40.0;0.02;0.02;68;58;70;65;43;209;210;210;27;1.58;1.58;1.58;1.58;17;0;0;0;0;14.1;90;29;4.2;36;-;15;37;849;1881;5;2676.0;13.0;14.1;0;0;0;0;0;0;
2026.08.27;19:13:40.4;0.07;0.07;166;102;70;65;41;205;210;210;27;1.64;1.64;1.64;1.64;17;0;0;0;0;14.1;90;29;4.2;35;-;15;37;849;1875;5;2472.0;13.0;14.1;0;0;0;0;0;0;
2026.08.27;19:13:40.9;0.07;0.07;166;102;70;65;41;205;210;210;27;1.64;1.64;1.64;1.64;17;0;0;0;0;14.1;90;29;4.2;35;-;15;37;849;1875;2;2472.0;12.9;14.0;0;0;0;0;0;0;
2026.08.27;19:13:41.3;0.04;0.04;68;161;70;65;42;205;210;210;27;1.59;1.59;1.59;1.59;-8;0;0;0;0;14.1;90;29;4.2;35;-;15;37;849;1863;2;5000.0;12.9;14.0;0;0;0;0;0;0;
2026.08.27;19:13:41.8;0.00;0.00;53;29;70;66;42;205;210;210;27;0.00;0.00;0.00;0.00;-8;0;0;0;0;14.1;90;29;4.2;34;-;15;37;849;1836;0;2858.0;12.7;14.0;0;0;0;0;0;0;
2026.08.27;19:13:42.2;0.00;0.00;53;29;70;66;42;205;210;210;27;0.00;0.00;0.00;0.00;-6;0;0;0;0;14.1;90;29;4.2;34;-;15;37;849;1836;0;2858.0;13.0;14.1;0;0;0;0;1;0;
2026.08.27;19:13:42.7;0.00;0.00;0;0;69;65;0;205;210;210;27;0.00;0.00;0.00;0.00;4;0;0;0;0;14.1;90;29;4.2;34;-;15;37;849;1738;0;2743.0;12.4;12.9;0;0;0;0;1;0;
2026.08.27;19:13:43.1;0.00;0.00;0;0;71;65;0;205;210;210;27;2.24;2.24;2.24;2.24;4;0;0;0;0;14.1;90;29;4.2;31;-;15;37;849;1369;0;2613.0;12.4;12.9;0;0;0;0;1;1;
2026.08.27;19:13:43.6;0.00;0.00;0;0;71;65;0;205;210;210;27;2.24;2.24;2.24;2.24;4;0;0;0;0;14.1;90;29;4.2;28;-;15;37;849;1369;0;2613.0;8.2;8.4;0;0;0;0;1;1;
2026.08.27;19:13:44.0;0.00;0.00;791;654;72;66;0;205;210;210;27;1.69;1.69;1.69;1.69;28;0;0;0;0;14.1;90;29;4.2;28;-;15;37;849;963;0;2078.0;8.2;8.4;0;0;0;0;1;1;
2026.08.27;19:13:44.5;-0.01;-0.01;771;791;73;66;5;205;357;273;27;2.52;2.52;2.52;2.52;28;0;0;0;0;14.1;90;29;4.2;24;-;13;37;849;963;0;2078.0;11.2;8.5;0;0;0;0;1;1;
2026.08.27;19:13:44.9;-0.01;-0.01;771;791;73;66;5;205;315;315;27;2.52;2.52;2.52;2.52;0;0;0;0;0;14.1;90;29;4.2;24;-;13;38;849;848;0;1621.0;8.8;8.7;0;0;0;0;1;1;
2026.08.27;19:13:45.4;-0.01;-0.01;820;834;75;67;6;205;315;315;27;2.48;2.48;2.48;2.48;0;0;0;0;0;14.0;90;29;4.2;19;-;13;38;849;789;0;1478.0;8.8;8.7;0;0;0;0;1;1;
2026.08.27;19:13:45.8;-0.03;-0.03;815;834;74;65;8;205;315;315;27;2.49;2.49;2.49;2.49;0;0;0;0;0;14.0;90;29;4.2;15;-;13;38;849;789;0;1478.0;8.4;8.2;0;0;0;0;1;1;
2026.08.27;19:13:46.3;-0.03;-0.03;815;834;74;65;8;205;315;315;27;2.49;2.49;2.49;2.49;0;0;0;0;0;14.0;90;29;4.2;15;-;13;38;849;762;0;1905.0;8.2;8.1;0;0;0;0;1;1;
2026.08.27;19:13:46.7;-0.06;-0.06;800;830;0;0;9;205;315;315;27;2.41;2.41;2.41;2.41;4;0;0;0;0;14.0;90;29;4.2;12;-;13;38;849;751;0;1964.0;8.2;8.1;0;0;0;0;1;1;
2026.08.27;19:13:47.2;-0.09;-0.09;761;805;74;65;11;205;357;315;27;2.49;2.49;2.49;2.49;4;0;0;0;0;14.0;90;29;4.2;13;-;13;38;849;751;0;1964.0;9.4;8.4;0;0;0;0;0;0;
2026.08.27;19:13:47.6;-0.09;-0.09;761;805;74;65;11;270;336;315;27;2.49;2.49;2.49;2.49;2;0;0;0;0;14.0;90;29;4.2;13;-;13;38;849;755;0;1359.0;8.4;8.5;0;0;0;0;0;0;
2026.08.27;19:13:48.1;-0.07;-0.07;244;683;74;65;11;270;336;315;27;2.36;2.36;2.36;2.36;2;0;0;0;0;14.0;90;29;4.2;13;-;13;38;849;748;0;1391.0;8.4;8.5;0;0;0;0;0;0;
2026.08.27;19:13:48.5;-0.08;-0.08;727;239;80;69;12;270;315;315;27;2.29;2.29;2.29;2.29;2;0;0;0;0;14.0;90;29;4.2;14;-;13;38;849;748;0;1391.0;7.8;7.9;0;0;0;0;0;0;
2026.08.27;19:13:49.0;-0.08;-0.08;727;239;80;69;12;270;315;315;27;2.29;2.29;2.29;2.29;1;0;0;0;0;14.0;90;29;4.2;14;-;13;38;849;750;0;2015.0;7.5;7.6;0;0;0;0;0;0;
2026.08.27;19:13:49.4;-0.09;-0.09;756;781;78;68;14;270;315;315;27;2.54;2.54;2.54;2.54;1;0;0;0;0;14.0;90;29;4.2;13;-;14;38;849;709;0;1756.0;7.5;7.6;0;0;0;0;1;0;
2026.08.27;19:13:49.9;-0.08;-0.08;253;727;81;70;14;270;378;357;27;2.76;2.76;2.76;2.76;0;0;0;0;0;14.0;90;29;4.2;10;-;14;38;849;709;0;1756.0;10.1;9.7;0;0;0;0;1;1;
2026.08.27;19:13:50.3;-0.08;-0.08;253;727;81;70;14;270;357;357;27;2.76;2.76;2.76;2.76;-6;0;0;0;0;14.0;90;29;4.2;10;-;14;38;849;762;0;1487.0;9.1;9.4;0;0;0;0;1;1;
2026.08.27;19:13:50.8;-0.07;-0.07;97;87;78;67;15;270;357;357;27;2.60;2.60;2.60;2.60;-6;0;0;0;0;14.0;90;29;4.2;5;-;14;38;849;745;0;1915.0;9.1;9.4;0;0;0;0;1;1;
2026.08.27;19:13:51.2;-0.07;-0.07;97;87;78;67;15;270;336;357;27;2.60;2.60;2.60;2.60;-3;0;0;0;0;14.0;90;29;4.2;1;-;14;38;849;745;0;1915.0;8.7;9.0;0;0;0;0;1;1;
2026.08.27;19:13:51.7;-0.06;-0.06;581;322;79;68;16;270;336;357;27;2.56;2.56;2.56;2.56;-2;0;0;0;0;14.0;90;29;4.3;1;-;14;38;849;739;0;1881.0;8.7;9.0;0;0;0;0;1;1;
2026.08.27;19:13:52.1;-0.09;-0.09;419;693;79;67;17;270;357;357;27;2.50;2.50;2.50;2.50;-2;0;0;0;0;14.0;90;29;4.3;0;-;14;38;849;737;0;1327.0;8.9;8.9;0;0;0;0;1;1;
2026.08.27;19:13:52.6;-0.09;-0.09;419;693;79;67;17;270;357;357;27;2.50;2.50;2.50;2.50;-1;0;0;0;0;14.0;90;29;4.3;0;-;14;38;849;737;0;1327.0;9.2;8.9;0;0;0;0;1;1;
2026.08.27;19:13:53.0;-0.06;-0.06;126;92;79;67;18;270;357;357;27;2.59;2.59;2.59;2.59;-5;0;0;0;0;14.0;90;29;4.3;0;-;14;38;849;746;0;1636.0;9.2;8.9;0;0;0;0;1;1;
2026.08.27;19:13:53.5;-0.08;-0.08;537;576;78;67;18;270;378;357;27;2.59;2.59;2.59;2.59;-5;0;0;0;0;14.0;90;29;4.3;0;-;14;38;849;746;0;1636.0;9.8;9.5;0;0;0;0;1;0;
2026.08.27;19:13:53.9;-0.08;-0.08;537;576;78;67;18;270;357;357;27;2.59;2.59;2.59;2.59;-4;0;0;0;0;13.8;90;29;4.3;0;-;14;38;849;749;0;1387.0;9.0;9.0;0;0;0;0;1;0;
2026.08.27;19:13:54.4;-0.06;-0.06;97;83;79;67;17;345;357;357;27;2.53;2.53;2.53;2.53;-4;0;0;0;0;13.8;91;29;4.3;0;-;12;38;849;752;0;1819.0;9.0;9.0;0;0;0;0;1;0;
2026.08.27;19:13:54.8;-0.06;-0.06;97;83;79;67;17;345;336;357;27;2.53;2.53;2.53;2.53;-6;0;0;0;0;13.8;91;29;4.3;0;-;12;38;849;752;0;1819.0;8.7;8.9;0;0;0;0;1;0;
2026.08.27;19:13:55.3;-0.07;-0.07;708;683;79;67;15;345;336;336;27;2.45;2.45;2.45;2.45;-3;0;0;0;0;13.8;91;29;4.3;0;-;12;38;849;752;0;1349.0;8.7;8.7;0;0;0;0;1;0;
2026.08.27;19:13:55.8;-0.06;-0.06;97;136;79;66;15;345;336;336;27;2.43;2.43;2.43;2.43;-3;0;0;0;0;14.0;91;29;4.3;0;-;12;38;849;753;0;1394.0;8.7;8.7;0;0;0;0;1;0;
2026.08.27;19:13:56.2;-0.05;-0.05;92;83;79;67;14;345;357;357;27;2.52;2.52;2.52;2.52;0;0;0;0;0;14.0;91;29;4.3;0;-;12;38;849;753;0;1394.0;9.0;8.8;0;0;0;0;1;0;
2026.08.27;19:13:56.7;-0.05;-0.05;92;83;79;67;14;345;357;357;27;2.52;2.52;2.52;2.52;-3;0;0;0;0;14.0;91;29;4.3;0;-;12;38;849;750;0;1257.0;9.1;9.1;0;0;0;0;1;0;
2026.08.27;19:13:57.1;-0.04;-0.04;83;73;79;67;14;345;357;357;27;2.51;2.51;2.51;2.51;-3;0;0;0;0;14.0;91;29;4.3;0;-;12;38;849;748;0;1354.0;9.1;9.1;0;0;0;0;1;0;
2026.08.27;19:13:57.6;-0.04;-0.04;83;73;79;67;14;345;336;336;27;2.51;2.51;2.51;2.51;-2;0;0;0;0;14.0;91;29;4.3;0;-;12;38;849;748;0;1354.0;8.9;8.9;0;0;0;0;1;0;
2026.08.27;19:13:58.0;-0.04;-0.04;92;78;82;70;12;345;336;336;27;2.55;2.55;2.55;2.55;-4;0;0;0;0;14.0;91;29;4.3;0;-;12;38;849;746;0;1224.0;8.9;8.9;0;0;0;0;1;0;
2026.08.27;19:13:58.5;-0.03;-0.03;107;97;81;68;12;345;336;336;27;2.54;2.54;2.54;2.54;-4;0;0;0;0;14.0;91;29;4.3;0;-;12;38;849;746;0;1224.0;8.8;8.7;0;0;0;0;1;0;
2026.08.27;19:13:58.9;-0.03;-0.03;107;97;81;68;12;345;357;357;27;2.54;2.54;2.54;2.54;2;0;0;0;0;14.0;91;29;4.3;0;-;12;38;849;751;0;1707.0;9.0;9.0;0;0;0;0;1;0;
2026.08.27;19:13:59.4;-0.02;-0.02;102;97;79;67;11;345;357;357;27;2.68;2.68;2.68;2.68;-5;0;0;0;0;14.0;91;29;4.3;0;-;14;38;849;757;0;1297.0;9.0;9.0;0;0;0;0;1;0;
2026.08.27;19:13:59.8;-0.02;-0.02;122;92;80;68;10;345;336;357;27;2.62;2.62;2.68;2.68;-5;0;0;0;0;14.0;91;29;4.3;0;-;14;38;849;757;0;1297.0;8.6;8.9;0;0;0;0;0;1;
2026.08.27;19:14:00.3;-0.02;-0.02;122;92;80;68;10;345;357;336;27;2.62;2.62;2.62;2.62;-4;0;0;0;0;13.8;91;29;4.3;0;-;14;38;849;752;0;1311.0;9.2;8.7;0;0;0;0;0;1;
2026.08.27;19:14:00.7;-0.04;-0.04;668;708;80;68;34;345;357;336;27;7.75;7.75;7.75;7.75;-4;0;0;0;0;13.8;91;29;4.3;1;-;14;38;849;1159;5;2913.0;9.2;8.7;0;0;0;0;0;1;
2026.08.27;19:14:01.2;-0.04;-0.04;668;708;80;68;34;345;273;420;27;7.75;7.75;7.75;7.75;16;0;0;0;0;13.8;91;29;4.3;1;-;14;38;849;1159;5;2913.0;19.3;30.4;0;0;0;0;0;1;
2026.08.27;19:14:01.6;-0.03;-0.03;68;166;80;69;15;329;273;420;27;2.83;2.83;2.83;2.83;21;0;0;0;0;13.8;91;29;4.3;3;-;14;38;849;1822;18;5000.0;19.3;30.4;0;0;0;0;0;1;
2026.08.27;19:14:02.1;-0.03;-0.03;68;166;80;69;15;329;483;441;27;2.83;2.83;2.83;2.83;21;0;0;0;0;13.8;91;29;4.3;7;-;14;38;849;1822;19;5000.0;31.0;29.0;0;0;0;0;0;1;
2026.08.27;19:14:02.5;0.06;0.06;297;180;78;70;15;329;483;441;27;4.85;4.85;4.85;4.85;23;0;0;0;0;14.1;91;29;4.3;7;-;14;38;849;1695;19;2912.0;31.0;29.0;0;0;0;0;0;1;
2026.08.27;19:14:03.0;0.03;0.03;727;717;79;72;13;329;504;483;27;4.92;4.92;4.92;4.92;23;0;0;0;0;14.1;91;29;4.3;11;-;14;38;849;1800;19;2224.0;31.3;30.4;0;0;0;0;0;1;
2026.08.27;19:14:03.4;0.03;0.03;727;717;79;72;13;329;441;462;27;4.92;4.92;4.92;4.92;24;0;0;0;0;14.1;91;29;4.3;14;-;14;38;849;1800;19;2224.0;32.2;33.1;0;1;0;0;0;1;
2026.08.27;19:14:03.9;0.01;0.01;712;727;78;72;10;329;378;378;27;3.91;3.91;3.91;3.91;28;0;0;0;0;14.1;91;29;4.3;14;-;14;38;849;2170;19;2342.0;32.6;32.6;0;0;0;0;0;1;
2026.08.27;19:14:04.3;0.01;0.01;92;73;77;73;7;329;378;378;27;3.23;3.23;3.23;3.23;28;0;0;0;0;14.1;91;29;4.3;16;-;13;38;849;2467;19;3395.0;32.6;32.6;0;0;0;0;0;0;
2026.08.27;19:14:04.8;0.01;0.01;92;73;77;73;7;329;315;315;27;3.23;3.23;3.23;3.23;31;0;0;0;0;14.1;91;29;4.3;18;-;13;38;849;2467;10;3395.0;30.8;30.8;0;0;0;0;0;1;
2026.08.27;19:14:05.2;0.00;0.00;141;78;77;74;0;329;210;231;27;0.00;0.00;0.00;0.00;-18;0;0;0;0;14.1;91;29;4.3;18;-;13;38;849;2232;10;5000.0;13.9;15.9;0;0;0;0;0;1;
2026.08.27;19:14:05.7;0.00;0.00;0;0;75;74;0;329;210;231;27;2.61;2.61;2.61;2.61;-18;0;0;0;0;14.1;91;29;4.3;19;-;13;38;849;1577;3;3719.0;13.9;15.9;0;0;0;0;0;1;
2026.08.27;19:14:06.1;0.00;0.00;0;0;75;74;0;329;315;294;27;2.61;2.61;2.61;2.61;29;0;0;0;0;14.1;91;29;4.3;20;-;13;38;849;1577;13;3719.0;18.8;17.4;0;0;0;0;0;1;
2026.08.27;19:14:06.6;-0.00;-0.00;830;830;76;74;0;329;315;294;27;2.75;2.75;2.75;2.75;14;0;0;0;0;14.1;91;29;4.3;20;-;13;38;849;1629;13;3453.0;18.8;17.4;0;0;0;0;0;1;
2026.08.27;19:14:07.0;-0.03;-0.03;551;727;76;75;0;329;315;315;27;2.72;2.72;2.72;2.72;14;0;0;0;0;14.1;91;29;4.3;22;-;13;38;849;1725;13;2658.0;19.9;19.9;0;0;0;0;0;1;
2026.08.27;19:14:07.5;-0.03;-0.03;551;727;76;75;0;329;315;315;27;2.72;2.72;2.72;2.72;16;0;0;0;0;14.1;91;29;4.3;23;-;13;38;849;1725;13;2658.0;20.3;20.2;0;0;0;0;0;0;
2026.08.27;19:14:07.9;0.01;0.01;468;122;76;75;0;329;315;315;27;2.78;2.78;2.78;2.78;16;0;0;0;0;14.1;91;29;4.3;23;-;13;38;849;1814;13;3114.0;20.3;20.2;0;0;0;0;0;0;
2026.08.27;19:14:08.4;-0.01;-0.01;92;78;76;76;0;265;315;315;27;2.73;2.73;2.73;2.73;16;0;0;0;0;13.9;92;29;4.3;24;-;13;38;849;1857;14;2630.0;20.7;21.3;0;0;0;0;0;0;
2026.08.27;19:14:08.8;-0.01;-0.01;92;78;76;76;0;265;336;315;27;2.73;2.73;2.73;2.73;23;0;0;0;0;13.9;92;29;4.3;24;-;17;38;849;1857;15;2630.0;23.0;22.3;0;0;0;0;0;0;
2026.08.27;19:14:09.3;-0.02;-0.02;73;102;75;75;0;265;336;315;27;2.88;2.88;2.88;2.88;26;0;0;0;0;13.9;92;29;4.3;24;-;17;38;849;1869;15;5000.0;23.0;22.3;0;0;0;0;0;0;
2026.08.27;19:14:09.7;-0.00;-0.00;737;693;75;76;0;265;357;357;27;3.51;3.51;3.51;3.51;26;0;0;0;0;13.9;92;29;4.3;24;-;17;38;849;1869;17;5000.0;25.1;24.6;0;0;0;0;0;0;
2026.08.27;19:14:10.2;-0.00;-0.00;737;693;75;76;0;265;483;441;27;3.51;3.51;3.51;3.51;21;0;0;0;0;13.9;92;29;4.3;24;-;17;38;849;1845;23;2726.0;35.3;32.1;0;0;0;0;0;0;
2026.08.27;19:14:10.6;0.05;0.05;205;517;76;78;0;265;483;441;27;5.52;5.52;5.52;5.52;23;0;0;0;0;14.1;92;29;4.3;24;-;17;38;849;1908;23;5000.0;35.3;32.1;0;0;0;0;0;0;
2026.08.27;19:14:11.1;0.04;0.04;454;356;75;78;0;265;588;588;27;5.97;5.97;5.97;5.97;23;0;0;0;0;14.1;92;29;4.3;25;-;17;38;849;1908;24;5000.0;43.6;44.0;0;0;0;0;0;0;
2026.08.27;19:14:11.5;0.04;0.04;454;356;75;78;0;265;567;567;27;5.97;5.97;5.97;5.97;24;0;0;0;0;14.1;92;29;4.3;25;-;17;38;849;2003;24;4987.0;45.0;45.8;0;0;0;0;0;0;
2026.08.27;19:14:12.0;0.01;0.01;732;688;74;79;0;265;567;567;27;5.57;5.57;5.57;5.57;13;0;0;0;0;14.1;92;29;4.3;26;-;17;38;849;2085;24;2934.0;45.0;45.8;0;0;0;0;0;0;
2026.08.27;19:14:12.4;0.03;0.03;78;73;73;80;0;265;798;798;27;10.23;10.23;10.23;10.23;13;0;0;0;0;14.1;92;29;4.3;28;-;17;38;849;2085;39;2934.0;78.4;78.0;37;26;65;0;0;0;
2026.08.27;19:14:12.9;0.03;0.03;78;73;73;80;0;265;840;819;27;10.23;10.23;10.23;10.23;20;0;0;0;0;14.0;92;29;4.3;28;-;17;38;849;2253;39;5000.0;94.0;90.0;37;38;41;0;0;0;
2026.08.27;19:14:13.3;0.05;0.05;571;625;71;81;0;265;840;819;27;10.67;10.67;10.67;10.67;20;0;0;0;0;14.0;92;29;4.3;30;-;17;38;849;2456;46;5000.0;94.0;90.0;37;38;41;0;0;0;
2026.08.27;19:14:13.8;0.05;0.05;571;625;71;81;0;265;840;819;27;10.67;10.67;10.67;10.67;21;0;0;0;0;14.0;92;29;4.3;33;-;17;38;849;2456;46;5000.0;104.8;101.8;38;38;42;0;0;0;
2026.08.27;19:14:14.2;-0.00;-0.00;610;649;70;81;0;265;840;819;27;10.38;10.38;10.38;10.38;21;0;0;0;0;14.0;92;29;4.3;33;-;17;38;849;2706;46;5000.0;104.8;101.8;38;38;42;0;0;0;
2026.08.27;19:14:14.7;-0.01;-0.01;751;703;66;82;0;265;840;819;27;10.62;10.62;10.62;10.62;21;0;0;0;0;14.0;92;29;4.3;36;-;17;38;849;2706;46;5000.0;116.4;114.6;38;38;47;0;0;0;
2026.08.27;19:14:15.1;-0.01;-0.01;751;703;66;82;0;265;840;819;27;10.62;10.62;10.62;10.62;22;0;0;0;0;14.0;92;29;4.2;39;-;17;38;849;2929;44;5000.0;129.2;127.8;37;36;48;0;0;0;
2026.08.27;19:14:15.6;-0.02;-0.02;170;283;62;82;0;268;840;819;27;10.57;10.57;10.57;10.57;19;0;0;0;0;14.0;93;29;4.2;39;-;17;38;849;3150;44;5000.0;129.2;127.8;37;36;48;0;0;0;
2026.08.27;19:14:16.0;0.03;0.03;209;185;55;81;0;268;651;672;27;6.86;6.86;6.86;6.86;19;0;0;0;0;14.0;93;29;4.2;42;-;17;38;849;3150;36;5000.0;97.7;100.5;37;37;42;0;0;0;
2026.08.27;19:14:16.5;0.03;0.03;209;185;55;81;0;268;483;525;27;6.86;6.86;6.86;6.86;16;0;0;0;0;14.0;93;29;4.2;42;-;17;38;849;3264;36;5000.0;66.4;70.9;4;4;41;0;0;0;
2026.08.27;19:14:16.9;-0.02;-0.02;737;595;32;81;0;268;483;525;27;4.27;4.27;4.27;4.27;28;0;0;0;0;14.1;93;29;4.3;43;-;17;38;849;3319;30;4605.0;66.4;70.9;4;4;41;0;0;0;
2026.08.27;19:14:17.4;-0.01;-0.01;209;102;16;82;0;268;336;378;27;2.86;2.86;2.86;2.86;28;0;0;0;0;14.1;93;29;4.3;43;-;17;38;849;3319;24;4605.0;43.6;48.1;0;0;0;0;0;0;
2026.08.27;19:14:17.8;-0.01;-0.01;209;102;16;82;0;268;294;294;27;2.86;2.86;2.86;2.86;31;0;0;0;0;14.1;93;29;4.3;43;-;17;38;849;3301;24;5000.0;38.2;38.0;0;0;0;0;0;0;
2026.08.27;19:14:18.3;-0.01;-0.01;766;664;14;80;0;268;294;294;27;2.70;2.70;2.70;2.70;32;0;0;0;0;14.1;93;29;4.3;42;-;17;38;849;3273;23;5000.0;38.2;38.0;0;0;0;0;0;0;
2026.08.27;19:14:18.7;-0.01;-0.01;766;664;14;80;0;268;315;294;27;2.70;2.70;2.70;2.70;32;0;0;0;0;14.1;93;29;4.3;42;-;13;37;849;3273;22;5000.0;38.2;37.7;0;0;0;0;0;0;
2026.08.27;19:14:19.2;-0.02;-0.02;717;698;16;79;0;268;210;231;27;2.37;2.37;2.37;2.37;-17;0;0;0;0;14.1;93;29;4.3;42;-;13;37;849;3051;22;5000.0;21.2;23.4;0;0;0;0;0;0;
2026.08.27;19:14:19.6;0.00;0.00;0;0;18;78;0;268;210;231;27;0.00;0.00;0.00;0.00;-17;0;0;0;0;14.1;93;29;4.3;41;-;13;37;849;2034;0;3248.0;21.2;23.4;0;0;0;0;0;1;
2026.08.27;19:14:20.1;0.00;0.00;712;43;25;77;0;268;210;231;27;2.64;2.64;2.64;0.00;0;0;0;0;0;14.1;93;29;4.3;40;-;13;38;849;2034;11;3248.0;13.7;15.4;0;0;0;0;0;1;
2026.08.27;19:14:20.5;0.00;0.00;712;43;25;77;0;268;210;231;27;2.64;2.64;2.64;2.64;24;0;0;0;0;14.1;93;29;4.3;40;-;13;38;849;2107;11;3255.0;13.7;15.4;0;0;0;0;0;1;
2026.08.27;19:14:21.0;0.03;0.03;78;63;30;76;0;268;483;378;27;5.63;5.63;5.63;5.63;24;0;0;0;0;14.1;93;29;4.3;39;-;13;38;849;2115;21;4775.0;42.0;34.5;0;0;0;0;0;1;
2026.08.27;19:14:21.4;0.03;0.03;78;63;30;76;0;268;315;483;27;5.63;5.63;5.63;5.63;8;0;0;0;0;14.1;93;29;4.3;39;-;13;38;849;2115;8;4775.0;24.5;37.7;0;0;0;0;0;1;
2026.08.27;19:14:21.9;-0.01;-0.01;844;815;35;75;0;268;315;483;27;2.34;2.34;2.34;2.34;10;0;0;0;0;14.1;93;29;4.3;39;-;13;38;849;2010;8;3367.0;24.5;37.7;0;0;0;0;0;1;
2026.08.27;19:14:22.3;-0.01;-0.01;58;53;36;75;0;268;210;231;27;1.84;1.84;1.84;1.84;10;0;0;0;0;14.1;93;29;4.3;38;-;13;38;849;2010;3;3367.0;15.8;16.3;0;0;0;0;0;0;
2026.08.27;19:14:22.8;-0.01;-0.01;58;53;36;75;0;218;210;210;27;1.84;1.84;1.84;1.84;-2;0;0;0;0;14.1;93;29;4.3;38;-;13;38;849;2013;3;2312.0;15.1;14.9;0;0;0;0;0;0;
2026.08.27;19:14:23.2;0.00;0.00;14;24;36;73;0;218;210;210;27;0.00;0.00;0.00;0.00;-2;0;0;0;0;14.0;93;29;4.3;37;-;13;38;849;1921;0;5000.0;15.1;14.9;0;0;0;0;0;0;
2026.08.27;19:14:23.7;0.00;0.00;0;0;40;73;0;218;210;231;27;2.73;2.73;2.73;2.73;1;0;0;0;0;14.0;93;29;4.3;35;-;11;38;849;1921;5;5000.0;14.6;15.4;0;0;0;0;0;0;
2026.08.27;19:14:24.1;0.00;0.00;0;0;40;73;0;218;420;315;27;2.73;2.73;2.73;2.73;12;0;0;0;0;14.0;93;29;4.3;35;-;11;38;849;1911;5;2968.0;30.1;22.4;0;0;0;0;0;0;
2026.08.27;19:14:24.6;-0.01;-0.01;717;781;43;72;4;218;420;315;27;4.90;4.90;4.90;4.90;12;0;0;0;0;14.0;93;29;4.3;34;-;11;38;849;1816;17;4253.0;30.1;22.4;0;0;0;0;0;0;
2026.08.27;19:14:25.0;-0.01;-0.01;717;781;43;72;4;218;609;609;27;4.90;4.90;4.90;4.90;19;0;0;0;0;14.0;93;29;4.3;34;-;11;38;849;1816;21;4253.0;45.4;46.3;10;7;62;0;0;0;
2026.08.27;19:14:25.5;0.01;0.01;703;688;46;72;10;218;609;609;27;6.42;6.42;6.42;6.42;17;0;0;0;0;14.1;93;29;4.2;34;-;11;38;849;1822;21;3871.0;45.4;46.3;10;7;62;0;0;0;
2026.08.27;19:14:26.0;0.04;0.04;102;87;48;71;14;218;588;609;27;6.35;6.35;6.35;6.35;17;0;0;0;0;14.1;93;29;4.2;35;-;11;38;849;1822;21;3871.0;46.8;47.5;12;12;34;0;0;0;
2026.08.27;19:14:26.4;0.04;0.04;102;87;48;71;14;218;588;588;27;6.35;6.35;6.35;6.35;20;0;0;0;0;14.1;93;29;4.2;35;-;11;38;849;1872;21;3079.0;45.3;46.0;9;9;45;0;0;0;
2026.08.27;19:14:26.9;0.02;0.02;751;654;50;71;18;218;588;588;27;6.08;6.08;6.08;6.08;21;0;0;0;0;14.1;93;29;4.2;35;-;11;38;849;1896;21;3556.0;45.3;46.0;9;9;45;0;0;0;
2026.08.27;19:14:27.3;0.06;0.06;156;146;52;71;21;218;588;588;27;6.06;6.06;6.06;6.06;21;0;0;0;0;14.1;93;29;4.2;36;-;11;38;849;1896;21;3556.0;45.0;45.0;6;6;36;0;0;0;
2026.08.27;19:14:27.8;0.06;0.06;156;146;52;71;21;218;567;588;27;6.06;6.06;6.06;6.06;21;0;0;0;0;14.1;93;29;4.2;36;-;11;38;849;1927;20;4882.0;44.6;45.8;6;6;49;0;0;0;
2026.08.27;19:14:28.2;0.05;0.05;122;97;53;71;24;218;567;588;27;5.84;5.84;5.84;5.84;22;0;0;0;0;14.1;93;29;4.2;36;-;11;38;849;1959;20;2954.0;44.6;45.8;6;6;49;0;0;0;
2026.08.27;19:14:28.7;0.04;0.04;122;253;55;71;29;218;567;567;27;5.68;5.68;5.68;5.68;22;0;0;0;0;14.1;93;29;4.2;37;-;13;38;849;1959;20;2954.0;44.6;44.8;3;3;52;0;0;0;
2026.08.27;19:14:29.1;0.04;0.04;122;253;55;71;29;218;588;588;27;5.68;5.68;5.68;5.68;22;0;0;0;0;14.1;93;29;4.2;37;-;13;38;849;1966;20;3372.0;44.6;45.2;2;1;0;0;0;0;
2026.08.27;19:14:29.6;0.05;0.05;551;356;57;71;34;217;588;588;27;5.63;5.63;5.63;5.63;22;0;0;0;0;14.1;93;29;4.2;37;-;13;38;849;2006;20;3792.0;44.6;45.2;2;1;0;0;0;0;
2026.08.27;19:14:30.0;0.05;0.05;551;356;57;71;34;217;567;588;27;5.63;5.63;5.63;5.63;22;0;0;0;0;14.1;93;29;4.2;38;-;13;38;849;2006;20;3792.0;44.0;45.3;0;0;0;0;0;0;
2026.08.27;19:14:30.5;0.01;0.01;654;654;58;71;38;217;567;588;27;5.24;5.24;5.24;5.24;20;0;0;0;0;14.1;93;29;4.2;38;-;13;38;849;2027;20;2875.0;44.0;45.3;0;0;0;0;0;0;
2026.08.27;19:14:30.9;0.02;0.02;747;693;58;73;99;217;672;672;27;9.74;9.74;9.74;9.74;20;0;0;0;0;14.1;93;29;4.2;38;-;13;38;849;2027;29;2875.0;62.2;62.6;28;22;58;0;0;0;
2026.08.27;19:14:31.4;0.02;0.02;747;693;58;73;99;217;840;798;27;9.74;9.74;9.74;9.74;14;0;0;0;0;14.1;93;29;4.2;38;-;13;38;849;2100;29;2807.0;81.5;78.5;37;36;46;0;0;0;
2026.08.27;19:14:31.8;0.05;0.05;678;629;56;72;99;217;840;798;27;9.99;9.99;9.99;9.99;20;0;0;0;0;14.0;93;29;4.2;40;-;13;38;849;2186;40;2848.0;81.5;78.5;37;36;46;0;0;0;
2026.08.27;19:14:32.3;0.05;0.05;678;629;56;72;99;217;840;819;27;9.99;9.99;9.99;9.99;20;0;0;0;0;14.0;93;29;4.2;42;-;13;38;849;2186;41;2848.0;88.8;86.5;37;37;50;0;0;0;
2026.08.27;19:14:32.7;0.01;0.01;278;517;55;73;99;217;840;819;27;9.89;9.89;9.89;9.89;20;0;0;0;0;14.0;93;29;4.2;42;-;13;38;849;2320;41;3711.0;94.5;92.8;37;37;45;0;0;0;
2026.08.27;19:14:33.2;0.04;0.04;107;102;54;74;99;217;840;819;27;10.44;10.44;10.44;10.44;20;0;0;0;0;14.0;92;29;4.2;44;-;13;38;849;2426;55;3763.0;94.5;92.8;37;37;45;0;0;0;
2026.08.27;19:14:33.6;0.04;0.04;107;102;54;74;99;217;840;840;27;10.44;10.44;10.44;10.44;14;0;0;0;0;14.0;92;29;4.2;46;-;13;38;849;2426;56;3763.0;100.2;99.4;38;37;45;0;0;0;
2026.08.27;19:14:34.1;0.01;0.01;756;683;51;73;99;217;840;840;27;10.36;10.36;10.36;10.36;14;0;0;0;0;14.1;92;29;4.2;46;-;13;38;849;2531;56;4864.0;100.2;99.4;38;37;45;0;0;0;
2026.08.27;19:14:34.5;-0.01;-0.01;126;258;49;73;99;217;840;840;27;10.34;10.34;10.34;10.34;14;0;0;0;0;14.1;92;29;4.2;49;-;13;38;849;2531;56;4864.0;105.6;105.0;38;39;43;0;0;0;
2026.08.27;19:14:35.0;-0.01;-0.01;126;258;49;73;99;217;735;840;27;10.34;10.34;10.34;10.34;15;0;0;0;0;14.1;92;29;4.2;49;-;13;38;849;2657;56;4418.0;95.1;109.3;39;39;42;0;0;0;
2026.08.27;19:14:35.4;-0.03;-0.03;722;664;45;73;99;217;735;840;27;6.11;6.11;6.11;6.11;15;0;0;0;0;14.1;92;29;4.2;50;-;13;38;849;2731;29;5000.0;95.1;109.3;39;39;42;0;0;0;
2026.08.27;19:14:35.9;-0.03;-0.03;87;170;24;72;70;217;441;462;27;3.78;6.11;6.11;6.11;17;0;0;0;0;14.1;92;29;4.2;51;-;13;38;849;2731;21;5000.0;47.8;50.5;0;0;0;0;0;0;
2026.08.27;19:14:36.3;-0.03;-0.03;87;170;24;72;70;217;336;357;27;3.78;3.78;3.78;3.78;27;0;0;0;0;14.0;92;29;4.2;51;-;13;38;849;2725;21;5000.0;33.8;37.1;0;0;0;0;0;0;
2026.08.27;19:14:36.8;0.01;0.01;78;73;20;70;50;217;336;357;27;2.65;2.65;2.65;2.65;27;0;0;0;0;14.0;92;29;4.2;51;-;13;38;849;2712;17;4402.0;33.8;37.1;0;0;0;0;0;0;
2026.08.27;19:14:37.2;0.01;0.01;78;73;20;70;50;217;294;294;27;2.65;2.65;2.65;2.65;29;0;0;0;0;14.0;92;29;4.2;51;-;13;37;849;2712;15;4402.0;29.5;30.7;0;0;0;0;0;0;
2026.08.27;19:14:37.7;0.04;0.04;136;78;23;69;48;217;210;231;27;2.29;2.29;2.29;2.29;24;0;0;0;0;14.0;92;29;4.2;51;-;13;37;849;2675;15;5000.0;20.2;21.8;0;0;0;0;0;0;
2026.08.27;19:14:38.1;0.07;0.07;78;63;23;68;36;217;210;231;27;1.85;1.85;1.85;1.85;24;0;0;0;0;14.0;92;29;4.2;50;-;13;37;849;2645;9;5000.0;20.2;21.8;0;0;0;0;0;0;
2026.08.27;19:14:38.6;0.07;0.07;78;63;23;68;36;217;210;210;27;1.85;1.85;1.85;1.85;18;0;0;0;0;14.0;92;29;4.2;49;-;14;38;849;2645;9;5000.0;20.1;20.7;0;0;0;0;0;0;
2026.08.27;19:14:39.0;0.05;0.05;673;693;22;67;37;217;210;210;27;1.82;1.82;1.82;1.82;18;0;0;0;0;14.0;92;29;4.2;49;-;14;38;849;2575;9;3728.0;20.1;20.7;0;0;0;0;0;0;
2026.08.27;19:14:39.5;0.03;0.03;737;742;21;66;37;217;210;231;27;1.80;1.80;1.80;1.80;18;0;0;0;0;14.0;92;29;4.2;48;-;14;38;849;2536;9;4650.0;19.8;20.8;0;0;0;0;0;0;
2026.08.27;19:14:39.9;0.03;0.03;737;742;21;66;37;217;273;252;27;1.80;1.80;1.80;1.80;40;0;0;0;0;14.0;92;29;4.2;47;-;14;38;849;2536;16;4650.0;26.6;24.1;0;0;0;0;0;0;
2026.08.27;19:14:40.4;0.00;0.00;786;737;23;66;62;217;273;252;27;2.66;2.66;2.66;2.66;20;0;0;0;0;14.1;92;29;4.2;47;-;14;38;849;2498;16;5000.0;26.6;24.1;0;0;0;0;0;0;
2026.08.27;19:14:40.8;0.05;0.05;683;263;25;64;70;217;357;357;27;3.22;3.22;3.22;3.22;20;0;0;0;0;14.1;92;29;4.2;47;-;14;38;849;2498;17;5000.0;33.9;35.1;0;0;0;0;0;0;
2026.08.27;19:14:41.3;0.05;0.05;683;263;25;64;70;217;357;378;27;3.22;3.22;3.22;3.22;24;0;0;0;0;14.1;92;29;4.2;47;-;14;38;849;2482;17;5000.0;34.6;35.6;0;0;0;0;0;0;
2026.08.27;19:14:41.7;0.06;0.06;737;419;28;63;73;217;357;378;27;3.24;3.24;3.24;3.24;24;0;0;0;0;14.1;92;29;4.2;46;-;14;38;849;2488;17;5000.0;34.6;35.6;0;0;0;0;0;0;
2026.08.27;19:14:42.2;0.08;0.08;205;122;31;63;76;217;357;357;27;3.37;3.37;3.37;3.37;18;0;0;0;0;14.1;92;29;4.2;46;-;14;38;849;2488;17;5000.0;34.4;35.2;0;0;0;0;0;0;
2026.08.27;19:14:42.6;0.08;0.08;205;122;31;63;76;217;357;357;27;3.37;3.37;3.37;3.37;16;0;0;0;0;14.1;92;29;4.2;46;-;14;38;849;2456;17;4638.0;34.4;35.2;0;0;0;0;0;0;
2026.08.27;19:14:43.1;0.05;0.05;747;571;32;62;74;217;357;357;27;3.11;3.11;3.11;3.11;16;0;0;0;0;14.1;92;29;4.2;46;-;14;38;849;2431;16;5000.0;32.5;35.0;0;0;0;0;0;0;
2026.08.27;19:14:43.5;0.05;0.05;747;571;32;62;74;217;336;336;27;3.11;3.11;3.11;3.11;17;0;0;0;0;14.1;92;29;4.2;45;-;15;38;849;2431;16;5000.0;30.5;31.8;0;0;0;0;0;0;
2026.08.27;19:14:44.0;0.05;0.05;107;83;33;61;75;211;336;336;27;2.96;2.96;2.96;2.96;9;0;0;0;0;14.1;91;29;4.2;45;-;15;38;849;2406;16;5000.0;30.5;31.8;0;0;0;0;0;0;
2026.08.27;19:14:44.4;0.04;0.04;73;73;34;61;56;211;252;294;27;2.12;2.12;2.12;2.12;9;0;0;0;0;14.1;91;29;4.2;45;-;15;38;849;2406;11;5000.0;22.0;26.3;0;0;0;0;0;0;
2026.08.27;19:14:44.9;0.04;0.04;73;73;34;61;56;211;231;231;27;2.12;2.12;2.12;2.12;24;0;0;0;0;14.1;91;29;4.2;44;-;15;38;849;2367;11;3441.0;19.0;20.7;0;0;0;0;0;0;
2026.08.27;19:14:45.3;0.06;0.06;747;595;35;61;52;211;231;231;27;1.96;1.96;1.96;1.96;29;0;0;0;0;14.1;91;29;4.2;44;-;15;38;849;2325;11;3062.0;19.0;20.7;0;0;0;0;0;0;
2026.08.27;19:14:45.8;0.06;0.06;747;600;35;60;45;211;210;231;27;1.84;1.84;1.84;1.84;29;0;0;0;0;14.1;91;29;4.2;43;-;15;38;849;2325;8;3062.0;17.5;19.9;0;0;0;0;0;0;
2026.08.27;19:14:46.2;0.06;0.06;747;600;35;60;45;211;210;210;27;1.84;1.84;1.84;1.84;12;0;0;0;0;14.1;91;29;4.2;43;-;15;38;849;2240;8;2847.0;16.9;17.6;0;0;0;0;0;0;
2026.08.27;19:14:46.7;0.08;0.08;87;73;0;0;43;211;210;210;27;1.82;1.82;1.82;1.82;12;0;0;0;0;14.1;91;29;4.2;42;-;15;38;849;2211;4;4899.0;16.9;17.6;0;0;0;0;0;0;
2026.08.27;19:14:47.1;0.00;0.00;43;39;35;59;0;211;210;210;27;0.00;0.00;0.00;0.00;0;0;0;0;0;14.1;91;29;4.2;41;-;15;38;849;2211;3;4899.0;16.2;17.1;0;0;0;0;0;0;
2026.08.27;19:14:47.6;0.00;0.00;43;39;35;59;0;211;210;210;27;0.00;0.00;0.00;0.00;3;0;0;0;0;14.1;91;29;4.2;41;-;15;38;849;2146;3;5000.0;16.3;16.8;0;0;0;0;0;0;
2026.08.27;19:14:48.0;0.00;0.00;0;0;38;59;0;211;210;210;27;0.00;0.00;0.00;0.00;3;0;0;0;0;14.1;91;29;4.2;40;-;15;38;849;2085;2;3774.0;16.3;16.8;0;0;0;0;0;0;
2026.08.27;19:14:48.5;0.00;0.00;0;0;43;58;0;211;210;210;27;0.00;0.00;0.00;0.00;3;0;0;0;0;14.1;91;29;4.2;38;-;13;38;849;2085;2;3774.0;15.7;16.0;0;0;0;0;0;0;
2026.08.27;19:14:48.9;0.00;0.00;0;0;43;58;0;211;210;210;27;0.00;0.00;0.00;0.00;3;0;0;0;0;14.1;91;29;4.2;38;-;13;38;849;2023;2;5000.0;14.8;15.3;0;0;0;0;0;0;
2026.08.27;19:14:49.4;0.00;0.00;0;0;50;58;0;211;210;210;27;0.00;0.00;0.00;0.00;3;0;0;0;0;14.1;91;29;4.2;37;-;13;38;849;1956;0;3282.0;14.8;15.3;0;0;0;0;0;0;
2026.08.27;19:14:49.8;0.00;0.00;0;0;50;58;0;211;210;210;27;0.00;0.00;0.00;0.00;3;0;0;0;0;14.1;91;29;4.2;36;-;13;38;849;1956;0;3282.0;14.2;15.0;0;0;0;0;0;0;
2026.08.27;19:14:50.3;0.00;0.00;0;0;56;58;0;211;210;210;27;0.00;0.00;0.00;0.00;3;0;0;0;0;14.1;91;29;4.2;36;-;13;38;849;1887;0;5000.0;14.2;15.0;0;0;0;0;0;0;
2026.08.27;19:14:50.7;0.00;0.00;0;0;63;58;0;207;210;231;27;0.00;0.00;0.00;0.00;3;0;0;0;0;14.1;91;29;4.2;35;-;13;38;849;1822;0;3112.0;14.0;14.8;0;0;0;0;0;0;
2026.08.27;19:14:51.2;0.00;0.00;0;0;63;58;0;207;210;210;27;0.00;0.00;0.00;0.00;4;0;0;0;0;14.1;91;29;4.2;33;-;13;38;849;1822;0;3112.0;13.4;14.1;0;0;0;0;1;0;
2026.08.27;19:14:51.6;0.00;0.00;0;0;67;58;0;207;210;210;27;0.00;0.00;0.00;0.00;4;0;0;0;0;14.1;91;29;4.2;33;-;13;38;849;1767;0;2366.0;13.4;14.1;0;0;0;0;1;0;
2026.08.27;19:14:52.1;0.00;0.00;0;0;71;58;0;207;210;210;27;0.00;0.00;0.00;0.00;4;0;0;0;0;14.1;91;29;4.2;32;-;13;38;849;1767;0;2366.0;12.8;13.4;0;0;0;0;1;0;
2026.08.27;19:14:52.5;0.00;0.00;0;0;71;58;0;207;210;210;27;0.00;0.00;0.00;0.00;5;0;0;0;0;14.1;91;29;4.2;30;-;13;38;849;1657;0;3617.0;12.4;12.4;0;0;0;0;1;0;
2026.08.27;19:14:53.0;0.00;0.00;0;0;74;58;0;207;210;210;27;0.00;0.00;0.00;0.00;5;0;0;0;0;14.0;91;29;4.2;30;-;13;38;849;1592;0;4149.0;12.4;12.4;0;0;0;0;1;0;
2026.08.27;19:14:53.4;0.00;0.00;9;0;75;58;0;207;210;210;27;2.43;2.43;2.43;2.43;5;0;0;0;0;14.0;91;29;4.2;29;-;15;38;849;1592;0;4149.0;10.7;11.2;0;0;0;0;0;1;
2026.08.27;19:14:53.9;0.00;0.00;9;0;75;58;0;207;210;210;27;2.43;2.43;2.43;2.43;5;0;0;0;0;14.0;91;29;4.2;29;-;15;38;849;1228;0;2015.0;7.5;7.6;0;0;0;0;0;1;
2026.08.27;19:14:54.3;-0.00;-0.00;854;820;76;58;0;207;210;210;27;1.64;1.64;1.64;1.64;5;0;0;0;0;14.0;91;29;4.2;29;-;15;38;849;927;1;2387.0;7.5;7.6;0;0;0;0;0;1;
2026.08.27;19:14:54.8;-0.01;-0.01;737;810;77;58;0;207;294;252;27;2.30;2.30;2.30;2.30;18;0;0;0;0;14.0;91;29;4.2;28;-;15;38;849;927;3;2387.0;9.1;7.8;0;0;0;0;0;1;
2026.08.27;19:14:55.3;-0.01;-0.01;737;810;77;58;0;207;252;273;27;2.30;2.30;2.30;2.30;-3;0;0;0;0;14.0;91;29;4.2;28;-;15;38;849;853;3;1997.0;7.1;7.5;0;0;0;0;0;1;
2026.08.27;19:14:55.7;-0.02;-0.02;791;791;77;58;0;207;252;273;27;1.92;1.92;1.92;1.92;-3;0;0;0;0;14.0;91;29;4.2;27;-;15;38;849;916;5;1462.0;7.1;7.5;0;0;0;0;0;1;
2026.08.27;19:14:56.2;-0.02;-0.02;791;791;77;58;0;207;441;357;27;1.92;1.92;1.92;1.92;9;0;0;0;0;14.0;91;29;4.2;25;-;15;38;849;916;12;1462.0;21.3;17.6;0;0;0;0;0;1;
2026.08.27;19:14:56.6;-0.03;-0.03;73;600;77;58;0;207;357;315;27;2.79;2.79;2.79;2.79;10;0;0;0;0;14.0;91;29;4.2;25;-;15;39;849;1996;12;5000.0;25.2;22.4;0;0;0;0;0;1;
2026.08.27;19:14:57.1;0.03;0.03;141;92;76;59;0;207;357;315;27;3.19;3.19;3.19;3.19;10;0;0;0;0;14.1;91;29;4.2;24;-;15;39;849;1887;17;2651.0;25.2;22.4;0;0;0;0;0;1;
2026.08.27;19:14:57.5;0.03;0.03;141;92;76;59;0;207;357;357;27;3.19;3.19;3.19;3.19;19;0;0;0;0;14.1;91;29;4.2;24;-;15;39;849;1887;17;2651.0;25.0;24.7;0;0;0;0;0;1;
2026.08.27;19:14:58.0;-0.01;-0.01;92;341;76;60;0;204;357;357;27;3.22;3.22;3.22;3.22;19;0;0;0;0;14.1;91;29;4.2;24;-;15;39;849;1881;17;4744.0;25.0;24.7;0;0;0;0;0;0;
2026.08.27;19:14:58.4;-0.01;-0.01;92;341;76;60;0;204;357;357;27;3.22;3.22;3.22;3.22;25;0;0;0;0;14.1;91;29;4.2;24;-;17;39;849;1881;18;4744.0;24.6;25.3;0;0;0;0;0;0;
2026.08.27;19:14:58.9;-0.01;-0.01;698;712;76;61;0;204;357;357;27;3.27;3.27;3.27;3.27;25;0;0;0;0;14.1;91;29;4.2;24;-;17;39;849;1863;18;5000.0;24.6;25.3;0;0;0;0;0;0;
2026.08.27;19:14:59.3;0.02;0.02;732;673;75;61;0;204;399;399;27;3.72;3.72;3.72;3.72;25;0;0;0;0;14.1;91;29;4.2;24;-;17;39;849;1863;19;5000.0;28.4;27.5;0;0;0;0;0;0;
2026.08.27;19:14:59.8;0.02;0.02;732;673;75;61;0;204;441;399;27;3.72;3.72;3.72;3.72;25;0;0;0;0;14.1;91;29;4.2;24;-;17;38;849;1881;19;5000.0;31.5;29.4;0;0;0;0;0;0;
2026.08.27;19:15:00.2;0.01;0.01;146;595;77;63;0;204;441;399;27;4.33;4.33;4.33;4.33;25;0;0;0;0;14.1;91;29;4.2;24;-;17;38;849;1908;21;2587.0;31.5;29.4;0;0;0;0;0;0;
2026.08.27;19:15:00.7;0.04;0.04;68;73;76;64;0;204;546;525;27;6.05;6.05;6.05;6.05;24;0;0;0;0;14.1;91;29;4.2;25;-;17;38;849;1908;26;2587.0;40.3;38.1;0;0;0;0;0;0;
2026.08.27;19:15:01.1;0.04;0.04;68;73;76;64;0;204;609;630;27;6.05;6.05;6.05;6.05;18;0;0;0;0;14.1;91;29;4.2;25;-;17;39;849;1992;26;5000.0;54.9;55.3;19;18;45;0;0;0;
2026.08.27;19:15:01.6;0.03;0.03;747;683;74;66;0;204;609;630;27;6.86;6.86;6.86;6.86;18;0;0;0;0;14.0;90;29;4.2;27;-;17;39;849;2122;29;5000.0;54.9;55.3;19;18;45;0;0;0;
2026.08.27;19:15:02.0;0.03;0.03;747;683;74;66;0;204;546;567;27;6.86;6.86;6.86;6.86;20;0;0;0;0;14.0;90;29;4.2;28;-;17;39;849;2122;25;5000.0;45.8;47.4;0;0;0;0;0;0;
2026.08.27;19:15:02.5;-0.00;-0.00;766;703;71;67;0;204;546;567;27;4.84;4.84;4.84;4.84;26;0;0;0;0;14.0;90;29;4.2;28;-;17;39;849;2206;25;2361.0;45.8;47.4;0;0;0;0;0;0;
2026.08.27;19:15:02.9;0.02;0.02;649;205;69;67;0;204;399;420;27;3.49;3.49;3.49;3.49;26;0;0;0;0;14.0;90;29;4.2;29;-;17;38;849;2206;20;2361.0;33.9;35.4;0;0;0;0;0;0;
2026.08.27;19:15:03.4;0.02;0.02;649;205;69;67;0;204;315;336;27;3.49;3.49;3.49;3.49;28;0;0;0;0;14.0;90;29;4.2;29;-;17;38;849;2240;20;2911.0;26.5;28.9;0;0;0;0;0;0;
2026.08.27;19:15:03.8;-0.00;-0.00;698;600;69;68;0;204;315;336;27;2.59;2.59;2.59;2.59;28;0;0;0;0;14.0;90;29;4.2;29;-;16;38;849;2219;17;2962.0;26.5;28.9;0;0;0;0;0;0;
2026.08.27;19:15:04.3;0.05;-0.00;698;600;69;68;0;204;210;231;27;2.59;2.59;2.59;2.59;35;0;0;0;0;14.0;90;29;4.2;29;-;16;38;849;2219;13;2962.0;17.0;18.7;0;0;0;0;0;0;
2026.08.27;19:15:04.7;0.05;0.05;78;68;68;68;0;204;210;210;27;1.90;1.90;1.90;1.90;42;0;0;0;0;14.0;90;29;4.2;29;-;16;38;849;2174;13;5000.0;17.4;16.9;0;0;0;0;0;0;
2026.08.27;19:15:05.2;0.03;0.03;742;722;68;68;0;204;210;210;27;2.26;2.26;2.26;2.26;31;0;0;0;0;14.0;90;29;4.2;28;-;16;38;849;2146;15;4334.0;17.4;16.9;0;0;0;0;0;0;
2026.08.27;19:15:05.6;-0.03;-0.03;766;791;69;68;0;204;294;273;27;2.71;2.71;2.71;2.71;31;0;0;0;0;14.0;90;29;4.2;27;-;16;38;849;2146;17;4334.0;22.5;22.2;0;0;0;0;0;0;
2026.08.27;19:15:06.1;-0.03;-0.03;766;791;69;68;0;204;420;399;27;2.71;2.71;2.71;2.71;26;0;0;0;0;14.1;90;29;4.2;27;-;16;38;849;2122;17;2947.0;34.1;32.7;0;0;0;0;0;0;
2026.08.27;19:15:06.5;-0.01;-0.01;737;483;68;68;0;204;420;399;27;3.63;3.63;3.63;3.63;26;0;0;0;0;14.1;90;29;4.2;27;-;16;38;849;2119;20;3824.0;34.1;32.7;0;0;0;0;0;0;
2026.08.27;19:15:07.0;-0.01;-0.01;737;483;68;68;0;204;231;294;27;3.63;3.63;3.63;3.63;13;0;0;0;0;14.1;90;29;4.2;27;-;16;38;849;2119;13;3824.0;18.3;22.1;0;0;0;0;0;0;
2026.08.27;19:15:07.4;-0.03;-0.03;63;63;68;68;0;204;231;294;27;1.97;1.97;1.97;1.97;42;0;0;0;0;14.1;90;29;4.2;27;-;16;38;849;2070;13;3225.0;18.3;22.1;0;0;0;0;0;0;
2026.08.27;19:15:07.9;0.04;0.04;97;83;68;69;0;204;231;210;27;2.01;2.01;2.01;2.01;42;0;0;0;0;14.1;90;29;4.2;26;-;16;38;849;2070;12;3225.0;16.5;16.1;0;0;0;0;0;0;
2026.08.27;19:15:08.3;0.04;0.04;97;83;68;69;0;204;231;231;27;2.01;2.01;2.01;2.01;42;0;0;0;0;14.1;90;29;4.2;26;-;15;38;849;2055;10;4611.0;15.8;15.5;0;0;0;0;0;0;
2026.08.27;19:15:08.8;0.02;0.02;97;615;68;68;0;204;231;231;27;1.91;1.91;1.91;1.91;41;0;0;0;0;14.1;91;29;4.2;26;-;15;38;849;2003;10;5000.0;15.8;15.5;0;0;0;0;0;0;
2026.08.27;19:15:09.2;0.01;0.01;751;717;69;69;0;204;210;210;27;1.82;1.82;1.82;1.82;41;0;0;0;0;14.1;91;29;4.2;25;-;15;38;849;2003;0;5000.0;14.8;15.2;0;0;0;0;0;0;
2026.08.27;19:15:09.7;0.01;0.01;751;717;69;69;0;204;210;210;27;1.82;1.82;1.82;1.82;11;0;0;0;0;14.1;91;29;4.2;25;-;15;38;849;1940;0;4211.0;14.2;14.6;0;0;0;0;0;0;
2026.08.27;19:15:10.1;0.00;0.00;9;19;69;69;0;204;210;210;27;2.53;2.53;2.53;2.53;11;0;0;0;0;14.1;91;29;4.2;24;-;15;38;849;1331;0;1776.0;14.2;14.6;0;0;0;0;1;1;
2026.08.27;19:15:10.6;0.00;0.00;9;19;69;69;0;204;210;231;27;2.53;2.53;2.53;2.53;-4;0;0;0;0;14.1;91;29;4.2;19;-;15;38;849;1331;0;1776.0;7.8;8.0;0;0;0;0;1;1;
2026.08.27;19:15:11.0;0.00;0.00;815;620;73;73;0;204;210;231;27;1.84;1.84;1.84;1.84;28;0;0;0;0;14.1;91;29;4.2;19;-;15;38;849;843;0;1914.0;7.8;8.0;0;0;0;0;1;1;
2026.08.27;19:15:11.5;-0.00;-0.00;844;844;71;69;0;204;462;273;27;3.20;3.20;3.20;3.20;28;0;0;0;0;14.1;91;29;4.2;14;-;15;39;849;791;0;1469.0;12.0;7.9;0;0;0;0;1;1;
2026.08.27;19:15:11.9;-0.00;-0.00;844;844;71;69;0;204;378;378;27;3.20;3.20;3.20;3.20;-8;0;0;0;0;14.1;91;29;4.2;8;-;15;39;849;791;0;1469.0;10.3;10.3;0;0;0;0;1;1;
2026.08.27;19:15:12.4;-0.01;-0.01;844;859;71;69;0;234;378;378;27;3.12;3.12;3.12;3.12;-3;0;0;0;0;13.6;91;29;4.2;8;-;15;39;849;767;0;1425.0;10.3;10.3;0;0;0;0;1;1;
2026.08.27;19:15:12.8;-0.02;-0.02;830;849;73;70;0;234;378;357;27;3.04;3.04;3.04;3.04;-3;0;0;0;0;13.6;91;29;4.2;3;-;15;39;849;793;0;1425.0;9.9;9.5;0;0;0;0;1;1;
2026.08.27;19:15:13.3;-0.02;-0.02;830;849;73;70;0;234;336;357;27;3.04;3.04;3.04;3.04;-9;0;0;0;0;13.6;91;29;4.2;2;-;12;39;849;793;0;1352.0;9.5;9.7;0;0;0;0;1;1;
2026.08.27;19:15:13.7;-0.04;-0.04;820;839;72;68;0;234;336;357;27;2.70;2.70;2.70;2.70;-3;0;0;0;0;13.6;91;29;4.2;2;-;12;39;849;776;0;1729.0;9.5;9.7;0;0;0;0;1;1;
2026.08.27;19:15:14.2;-0.07;-0.07;805;830;71;68;0;234;336;315;27;2.49;2.49;2.49;2.49;-3;0;0;0;0;13.6;91;29;4.2;0;-;12;39;849;776;0;1729.0;8.4;8.2;0;0;0;0;1;1;
2026.08.27;19:15:14.6;-0.07;-0.07;805;830;71;68;0;234;336;315;27;2.49;2.49;2.49;2.49;-2;0;0;0;0;14.0;91;29;4.3;0;-;12;39;849;754;0;2106.0;8.8;8.4;0;0;0;0;1;1;
2026.08.27;19:15:15.1;-0.10;-0.10;781;810;73;68;4;234;336;315;27;2.47;2.47;2.47;2.47;-2;0;0;0;0;14.0;91;29;4.3;0;-;12;39;849;734;0;1728.0;8.8;8.4;0;0;0;0;1;1;
2026.08.27;19:15:15.5;-0.13;-0.13;620;708;73;68;6;234;378;357;27;2.61;2.61;2.61;2.61;1;0;0;0;0;14.0;91;29;4.3;0;-;12;39;849;734;0;1728.0;9.8;8.9;0;0;0;0;1;0;
2026.08.27;19:15:16.0;-0.13;-0.13;620;708;73;68;6;234;378;378;27;2.61;2.61;2.61;2.61;-6;0;0;0;0;14.0;91;29;4.3;0;-;12;39;849;731;0;2044.0;10.0;9.5;0;0;0;0;1;0;
2026.08.27;19:15:16.4;-0.08;-0.08;73;58;74;69;7;234;378;378;27;2.76;2.76;2.76;2.76;-6;0;0;0;0;14.0;91;29;4.3;0;-;12;39;849;755;0;1868.0;10.0;9.5;0;0;0;0;1;0;
2026.08.27;19:15:16.9;-0.08;-0.08;73;58;74;69;7;234;336;336;27;2.76;2.76;2.76;2.76;-6;0;0;0;0;14.0;91;29;4.3;0;-;12;39;849;755;0;1868.0;8.7;9.0;0;0;0;0;1;0;
2026.08.27;19:15:17.3;-0.07;-0.07;380;131;74;69;8;234;336;336;27;2.57;2.57;2.57;2.57;-4;0;0;0;0;14.0;91;29;4.3;0;-;12;39;849;750;0;1289.0;8.7;8.6;0;0;0;0;1;0;
2026.08.27;19:15:17.8;-0.10;-0.10;659;717;76;70;9;234;336;336;27;2.47;2.47;2.47;2.47;-4;0;0;0;0;14.0;91;29;4.3;0;-;12;39;849;749;0;1963.0;8.7;8.6;0;0;0;0;1;0;
2026.08.27;19:15:18.2;-0.10;-0.10;659;717;76;70;9;234;336;336;27;2.47;2.47;2.47;2.47;0;0;0;0;0;14.0;91;29;4.3;0;-;15;39;849;749;0;1963.0;8.7;8.6;0;0;0;0;1;0;
2026.08.27;19:15:18.7;-0.08;-0.08;263;131;75;69;9;234;336;336;27;2.52;2.52;2.52;2.52;0;0;0;0;0;14.0;91;29;4.3;0;-;15;39;849;752;0;1437.0;8.7;8.6;0;0;0;0;1;0;
2026.08.27;19:15:19.1;-0.08;-0.08;102;224;76;69;10;234;336;336;27;2.48;2.48;2.48;2.48;0;0;0;0;0;14.0;91;29;4.3;0;-;15;39;849;752;0;1437.0;8.7;8.6;0;0;0;0;1;0;
2026.08.27;19:15:19.6;-0.08;-0.08;102;224;76;69;10;285;336;336;27;2.48;2.48;2.48;2.48;-2;0;0;0;0;14.0;91;29;4.3;0;-;15;39;849;747;0;1957.0;8.6;8.5;0;1;0;0;1;0;
2026.08.27;19:15:20.0;-0.07;-0.07;102;92;76;69;10;285;336;336;27;2.47;2.47;2.47;2.47;0;0;0;0;0;14.0;91;29;4.3;0;-;15;39;849;755;0;1176.0;8.6;8.5;0;1;0;0;1;0;
2026.08.27;19:15:20.5;-0.08;-0.08;610;512;77;69;11;285;336;336;27;2.43;2.43;2.43;2.43;0;0;0;0;0;14.0;91;29;4.3;0;-;15;39;849;755;0;1176.0;8.6;8.6;0;0;0;0;1;0;
2026.08.27;19:15:20.9;-0.08;-0.08;610;512;77;69;11;285;336;336;27;2.43;2.43;2.43;2.43;-3;0;0;0;0;14.0;91;29;4.3;0;-;15;39;849;751;0;1639.0;8.5;8.6;0;0;0;0;1;0;
2026.08.27;19:15:21.4;-0.07;-0.07;107;112;77;69;12;285;336;336;27;2.47;2.47;2.47;2.47;-3;0;0;0;0;14.0;91;29;4.3;0;-;15;39;849;753;0;1834.0;8.5;8.6;0;0;0;0;1;0;
2026.08.27;19:15:21.8;-0.07;-0.07;107;112;77;69;12;285;336;336;27;2.47;2.47;2.47;2.47;-2;0;0;0;0;14.0;91;29;4.3;0;-;15;39;849;753;0;1834.0;8.6;8.6;0;0;0;0;1;0;
2026.08.27;19:15:22.3;-0.08;-0.08;654;546;77;69;12;285;336;336;27;2.43;2.43;2.43;2.43;-3;0;0;0;0;14.0;91;29;4.3;0;-;15;39;849;756;0;1738.0;8.5;8.5;0;0;0;0;1;0;
2026.08.27;19:15:22.8;-0.08;-0.08;688;727;78;70;13;285;336;336;27;2.40;2.40;2.40;2.40;-3;0;0;0;0;13.9;92;29;4.3;0;-;15;39;849;751;0;1980.0;8.5;8.5;0;0;0;0;1;0;
2026.08.27;19:15:23.2;-0.08;-0.08;688;727;78;70;13;285;336;336;27;2.40;2.40;2.40;2.40;0;0;0;0;0;13.9;92;29;4.3;0;-;15;39;849;751;0;1980.0;8.7;8.5;0;1;0;0;1;0;
2026.08.27;19:15:23.7;-0.07;-0.07;468;537;78;70;13;285;336;336;27;2.44;2.44;2.44;2.44;-2;0;0;0;0;13.9;92;29;4.3;0;-;15;39;849;754;0;1210.0;8.5;8.5;0;0;0;0;1;0;
2026.08.27;19:15:24.1;-0.08;-0.08;292;615;78;70;14;285;336;336;27;2.41;2.41;2.41;2.41;-2;0;0;0;0;13.9;92;29;4.3;0;-;15;39;849;746;0;1282.0;8.5;8.5;0;0;0;0;1;0;
2026.08.27;19:15:24.6;-0.08;-0.08;292;615;78;70;14;285;336;336;27;2.41;2.41;2.41;2.41;-3;0;0;0;0;13.9;92;29;4.3;0;-;15;39;849;746;0;1282.0;8.6;8.6;0;0;0;0;1;0;
2026.08.27;19:15:25.0;-0.07;-0.07;517;156;78;69;14;285;336;336;27;2.41;2.41;2.41;2.41;-3;0;0;0;0;14.0;92;29;4.3;0;-;15;39;849;752;0;1731.0;8.6;8.6;0;0;0;0;1;0;
2026.08.27;19:15:25.5;-0.09;-0.09;541;649;78;70;15;285;336;336;27;2.32;2.32;2.32;2.32;-3;0;0;0;0;14.0;92;29;4.3;0;-;15;39;849;752;0;1731.0;8.6;8.5;0;0;0;0;1;1;
2026.08.27;19:15:25.9;-0.09;-0.09;541;649;78;70;15;285;336;336;27;2.32;2.32;2.32;2.32;-3;0;0;0;0;14.0;92;29;4.3;0;-;15;39;849;752;0;1416.0;8.7;8.5;0;1;0;0;1;1;
2026.08.27;19:15:26.4;-0.07;-0.07;112;92;79;70;16;348;336;336;27;2.46;2.46;2.46;2.46;-3;0;0;0;0;14.0;92;29;4.3;0;-;15;39;849;749;0;1454.0;8.7;8.5;0;1;0;0;1;1;
2026.08.27;19:15:26.8;-0.03;-0.03;493;170;78;70;33;348;840;840;27;5.04;5.04;5.04;5.04;13;0;0;0;0;14.0;92;29;4.3;0;-;15;39;849;749;16;1454.0;24.4;24.2;0;0;0;0;0;1;
2026.08.27;19:15:27.3;-0.03;-0.03;493;170;78;70;33;348;399;294;27;5.04;5.04;5.04;5.04;11;0;0;0;0;14.1;92;29;4.3;0;-;15;39;849;2482;16;3791.0;35.5;27.1;0;0;0;0;0;1;
2026.08.27;19:15:27.7;-0.03;-0.03;68;53;77;72;99;348;399;294;27;7.90;7.90;7.90;7.90;22;0;0;0;0;14.1;92;29;4.3;0;-;15;39;849;2488;35;5000.0;35.5;27.1;0;0;0;0;0;1;
2026.08.27;19:15:28.2;0.06;0.06;107;87;74;74;99;348;609;567;27;7.45;7.45;7.45;7.45;22;0;0;0;0;14.1;92;29;4.3;3;-;15;40;849;2488;39;5000.0;59.1;57.4;0;0;0;0;0;1;
2026.08.27;19:15:28.6;0.06;0.06;107;87;74;74;99;348;693;693;27;7.45;7.45;7.45;7.45;18;0;0;0;0;14.1;92;29;4.3;3;-;15;40;849;2320;39;3857.0;72.6;73.4;37;36;53;0;0;1;
2026.08.27;19:15:29.1;0.05;0.05;742;683;71;75;99;348;693;693;27;8.55;8.55;8.55;8.55;22;0;0;0;0;14.0;92;29;4.3;8;-;15;40;849;2339;39;5000.0;72.6;73.4;37;36;53;0;0;1;
2026.08.27;19:15:29.5;0.06;0.06;131;229;70;77;99;348;714;735;27;8.98;8.98;8.98;8.98;22;0;0;0;0;14.0;92;29;4.3;13;-;15;39;849;2339;39;5000.0;81.4;82.7;37;37;57;0;0;1;
2026.08.27;19:15:30.0;0.06;0.06;131;229;70;77;99;348;756;756;27;8.98;8.98;8.98;8.98;18;0;0;0;0;14.0;92;29;4.3;13;-;15;39;849;2627;39;5000.0;98.7;99.8;38;37;50;0;0;1;
2026.08.27;19:15:30.4;0.05;0.05;747;712;67;79;99;348;756;756;27;9.37;9.37;9.37;9.37;18;0;0;0;0;14.0;92;29;4.3;18;-;15;39;849;3059;39;5000.0;98.7;99.8;38;37;50;0;0;1;
2026.08.27;19:15:30.9;0.05;0.05;747;712;67;79;99;348;630;714;27;9.37;9.37;9.37;9.37;22;0;0;0;0;14.0;92;29;4.3;23;-;15;39;849;3059;34;5000.0;97.9;109.2;37;36;50;0;0;1;
2026.08.27;19:15:31.3;0.00;0.00;400;629;63;79;99;348;630;714;27;5.66;5.66;5.66;5.66;12;0;0;0;0;14.1;92;29;4.4;23;-;15;39;849;3529;34;5000.0;97.9;109.2;37;36;50;0;0;1;
2026.08.27;19:15:31.8;0.04;0.04;156;166;56;79;99;348;483;504;27;5.35;5.35;5.35;5.35;12;0;0;0;0;14.1;92;29;4.4;26;-;15;39;849;3529;34;5000.0;83.3;88.3;14;15;47;0;0;0;
2026.08.27;19:15:32.2;0.04;0.04;156;166;56;79;99;348;273;357;27;5.35;5.35;5.35;5.35;28;0;0;0;0;14.1;92;29;4.4;26;-;15;39;849;3867;34;5000.0;45.3;60.4;0;1;0;0;0;0;
2026.08.27;19:15:32.7;0.00;0.00;9;9;37;79;0;348;273;357;27;0.00;0.00;0.00;0.00;28;0;0;0;0;14.1;92;29;4.4;28;-;15;39;849;3175;0;4114.0;45.3;60.4;0;1;0;0;0;1;
2026.08.27;19:15:33.1;0.00;0.00;727;58;22;79;0;348;210;231;27;2.54;2.54;2.54;2.54;4;0;0;0;0;14.1;92;29;4.4;27;-;11;39;849;3175;18;4114.0;20.8;23.5;0;0;0;0;0;1;
2026.08.27;19:15:33.6;0.00;0.00;727;58;22;79;0;259;588;546;27;2.54;2.54;2.54;2.54;21;0;0;0;0;14.1;93;30;4.3;27;-;11;39;849;2334;18;2934.0;48.8;44.8;0;0;0;0;0;1;
2026.08.27;19:15:34.0;-0.00;-0.00;800;742;23;77;8;259;588;546;27;6.53;6.53;6.53;6.53;21;0;0;0;0;14.1;93;30;4.3;27;-;11;39;849;2162;27;3984.0;48.8;44.8;0;0;0;0;0;1;
2026.08.27;19:15:34.5;-0.00;-0.00;800;742;23;77;8;259;546;567;27;6.53;6.53;6.53;6.53;15;0;0;0;0;14.1;93;30;4.3;28;-;11;39;849;2162;27;3984.0;50.0;51.8;5;5;45;0;0;0;
2026.08.27;19:15:34.9;-0.05;-0.05;410;644;25;77;12;259;546;567;27;5.55;5.55;5.55;5.55;24;0;0;0;0;14.1;93;30;4.3;28;-;11;39;849;2257;27;3764.0;50.0;51.8;5;5;45;0;0;0;
2026.08.27;19:15:35.4;-0.03;-0.03;795;712;30;75;11;259;525;567;27;3.40;3.40;3.40;3.40;24;0;0;0;0;14.1;93;30;4.3;29;-;11;39;849;2275;20;3676.0;48.7;52.6;4;3;47;0;0;0;
2026.08.27;19:15:35.8;-0.03;-0.03;795;712;30;75;11;259;273;294;27;3.40;3.40;3.40;3.40;14;0;0;0;0;14.1;93;30;4.3;29;-;11;39;849;2275;15;3676.0;23.0;25.5;0;0;0;0;0;0;
2026.08.27;19:15:36.3;0.02;0.02;58;48;34;74;11;259;273;294;27;2.27;2.27;2.27;2.27;33;0;0;0;0;14.1;93;30;4.3;29;-;11;39;849;2249;15;3638.0;23.0;25.5;0;0;0;0;0;0;
2026.08.27;19:15:36.7;0.04;0.04;756;668;36;73;12;259;252;252;27;2.41;2.41;2.41;2.41;33;0;0;0;0;14.1;93;30;4.3;29;-;11;39;849;2249;15;3638.0;20.9;21.4;0;0;0;0;0;0;
2026.08.27;19:15:37.2;0.04;0.04;756;668;36;73;12;259;315;273;27;2.41;2.41;2.41;2.41;32;0;0;0;0;14.1;94;30;4.3;29;-;11;39;849;2232;15;3850.0;27.6;23.2;0;0;0;0;0;0;
2026.08.27;19:15:37.6;-0.03;-0.03;732;737;39;73;18;259;315;273;27;3.20;3.20;3.20;3.20;32;0;0;0;0;14.1;94;30;4.3;29;-;11;39;849;2223;20;4087.0;27.6;23.2;0;0;0;0;0;0;
2026.08.27;19:15:38.1;-0.03;-0.03;732;737;39;73;18;259;567;525;27;3.20;3.20;3.20;3.20;22;0;0;0;0;14.1;94;30;4.3;29;-;14;39;849;2223;27;4087.0;50.3;47.7;0;0;0;0;0;0;
2026.08.27;19:15:38.5;0.05;0.05;234;156;43;73;33;259;630;630;27;5.87;5.87;5.87;5.87;21;0;0;0;0;14.1;94;30;4.3;29;-;14;39;849;2306;27;3093.0;64.3;66.9;21;10;68;0;0;0;
2026.08.27;19:15:39.0;0.04;0.04;712;620;44;72;57;259;630;630;27;7.55;7.55;7.55;7.55;21;0;0;0;0;14.1;94;30;4.3;30;-;14;39;849;2426;32;5000.0;64.3;66.9;21;10;68;0;0;0;
2026.08.27;19:15:39.4;0.04;0.04;712;620;44;72;57;259;630;651;27;7.55;7.55;7.55;7.55;19;0;0;0;0;14.1;94;30;4.3;33;-;14;40;849;2426;33;5000.0;73.1;74.9;31;30;45;0;0;0;
2026.08.27;19:15:39.9;0.03;0.03;341;527;43;72;65;259;630;651;27;6.94;6.94;6.94;6.94;16;0;0;0;0;14.1;94;30;4.3;33;-;14;40;849;2575;33;4733.0;73.1;74.9;31;30;45;0;0;0;
2026.08.27;19:15:40.3;0.04;0.04;786;688;40;72;33;255;525;567;27;3.94;3.94;3.94;3.94;16;0;0;0;0;14.1;94;37;4.3;34;-;14;40;849;2669;24;3933.0;53.4;58.8;0;0;0;0;0;0;
2026.08.27;19:15:40.8;0.04;0.04;786;688;40;72;33;255;357;378;27;3.94;3.94;3.94;3.94;24;0;0;0;0;14.1;94;37;4.3;34;-;14;39;849;2669;22;3933.0;35.5;36.9;0;0;0;0;0;0;
2026.08.27;19:15:41.2;0.04;0.04;493;390;38;71;32;255;357;378;27;3.16;3.16;3.16;3.16;24;0;0;0;0;14.1;94;37;4.3;34;-;14;39;849;2639;22;5000.0;35.5;36.9;0;0;0;0;0;0;
2026.08.27;19:15:41.7;0.03;0.03;786;732;38;70;20;255;315;357;27;1.92;1.92;1.92;1.92;24;0;0;0;0;14.1;94;37;4.3;34;-;14;39;849;2639;0;5000.0;30.9;34.8;0;0;0;0;0;0;
2026.08.27;19:15:42.1;0.03;0.03;786;732;38;70;20;255;210;210;27;1.92;1.92;1.92;1.92;17;0;0;0;0;14.1;94;37;4.3;34;-;14;39;849;2586;0;4131.0;19.3;20.5;0;0;0;0;0;0;
2026.08.27;19:15:42.6;0.09;0.09;126;112;37;70;21;255;210;210;27;1.94;1.94;1.94;1.94;17;0;0;0;0;14.1;94;37;4.3;33;-;14;39;849;2467;0;4761.0;19.3;20.5;0;0;0;0;1;0;
2026.08.27;19:15:43.0;0.09;0.09;126;112;37;70;21;255;210;210;27;1.94;1.94;1.94;1.94;-2;0;0;0;0;14.1;94;37;4.3;29;-;14;39;849;2467;0;4761.0;17.9;18.9;0;0;0;0;1;0;
2026.08.27;19:15:43.5;0.00;0.00;14;14;35;69;0;255;210;210;27;0.00;0.00;0.00;0.00;3;0;0;0;0;14.1;94;37;4.3;29;-;14;39;849;2066;0;4059.0;17.9;18.9;0;0;0;0;1;0;
2026.08.27;19:15:43.9;0.00;0.00;0;0;40;68;0;255;210;231;27;0.00;0.00;0.00;0.00;3;0;0;0;0;14.0;95;37;4.3;24;-;14;39;849;1446;0;3073.0;14.0;15.1;0;0;0;0;1;1;
2026.08.27;19:15:44.4;0.00;0.00;0;0;40;68;0;255;210;210;27;0.00;0.00;0.00;0.00;3;0;0;0;0;14.0;95;37;4.3;18;-;14;39;849;1446;0;3073.0;9.4;9.7;0;0;0;0;1;1;
2026.08.27;19:15:44.8;0.00;0.00;820;654;44;68;0;255;210;210;27;1.86;1.86;1.86;1.86;3;0;0;0;0;14.0;95;37;4.3;18;-;14;39;849;1101;0;2496.0;9.4;9.7;0;0;0;0;1;1;
2026.08.27;19:15:45.3;-0.01;-0.01;834;839;46;68;3;255;294;231;27;2.17;2.17;2.17;2.17;3;0;0;0;0;14.0;95;37;4.3;12;-;14;39;849;1101;0;2496.0;10.2;8.0;0;0;0;0;1;1;
2026.08.27;19:15:45.7;-0.01;-0.01;834;839;46;68;3;255;294;273;27;2.17;2.17;2.17;2.17;9;0;0;0;0;14.0;95;37;4.3;8;-;14;39;849;907;0;2686.0;9.1;7.9;0;0;0;0;1;1;
2026.08.27;19:15:46.2;-0.01;-0.01;834;830;48;67;5;255;294;273;27;2.41;2.41;2.41;2.41;-6;0;0;0;0;14.0;95;37;4.3;8;-;14;39;849;928;0;2713.0;9.1;7.9;0;0;0;0;1;1;
2026.08.27;19:15:46.6;-0.03;-0.03;839;834;49;67;6;255;273;294;27;2.28;2.28;2.28;2.28;-6;0;0;0;0;14.0;95;37;4.3;5;-;14;39;849;823;0;1805.0;7.9;8.4;0;0;0;0;0;1;
2026.08.27;19:15:47.1;-0.03;-0.03;839;834;49;67;6;255;777;483;27;2.28;2.28;2.28;2.28;13;0;0;0;0;14.0;95;37;4.3;4;-;14;39;849;823;25;1805.0;25.4;19.0;0;0;0;0;0;1;
2026.08.27;19:15:47.5;-0.08;-0.08;581;742;51;67;26;282;777;483;27;8.32;8.32;8.32;8.32;13;0;0;0;0;14.0;95;37;4.3;4;-;14;39;849;1585;25;3143.0;25.4;19.0;0;0;0;0;0;1;
2026.08.27;19:15:48.0;-0.03;-0.03;761;727;50;67;60;282;756;756;27;8.67;8.67;8.67;8.67;13;0;0;0;0;14.0;95;37;4.3;5;-;12;40;849;1585;38;3143.0;92.6;92.3;39;37;65;0;0;1;
2026.08.27;19:15:48.4;-0.03;-0.03;761;727;50;67;60;282;672;693;27;8.67;8.67;8.67;8.67;22;0;0;0;0;14.1;95;37;4.3;5;-;12;40;849;3446;38;5000.0;109.6;111.2;39;39;47;0;0;1;
2026.08.27;19:15:48.9;0.03;0.03;122;107;49;68;75;282;672;693;27;8.76;8.76;8.76;8.76;21;0;0;0;0;14.1;95;37;4.3;11;-;12;40;849;3116;40;4149.0;109.6;111.2;39;39;47;0;0;1;
2026.08.27;19:15:49.3;0.01;0.01;683;693;47;69;77;282;735;756;27;8.19;8.19;8.19;8.19;21;0;0;0;0;14.1;95;37;4.3;17;-;12;40;849;3116;39;4149.0;104.9;106.6;37;37;44;0;0;1;
2026.08.27;19:15:49.8;0.01;0.01;683;693;47;69;77;282;546;588;27;8.19;8.19;8.19;8.19;11;0;0;0;0;14.1;95;37;4.3;17;-;12;40;849;2907;39;3963.0;75.4;78.7;21;21;64;0;0;1;
2026.08.27;19:15:50.2;0.05;0.05;151;117;38;69;44;282;546;588;27;4.71;4.71;4.71;4.71;11;0;0;0;0;14.1;95;37;4.3;21;-;12;40;849;3150;32;4739.0;75.4;78.7;21;21;64;0;0;1;
2026.08.27;19:15:50.7;0.05;0.05;151;117;38;69;44;282;252;273;27;4.71;4.71;4.71;4.71;21;0;0;0;0;14.1;95;37;4.3;22;-;12;39;849;3150;21;4739.0;30.1;32.4;0;0;0;0;0;0;
2026.08.27;19:15:51.2;0.08;0.08;58;48;19;68;23;282;252;273;27;2.11;2.11;2.11;2.11;27;0;0;0;0;14.1;95;37;4.3;22;-;12;39;849;3150;21;4663.0;30.1;32.4;0;0;0;0;0;0;
2026.08.27;19:15:51.6;0.08;0.08;727;737;17;66;22;282;252;273;27;2.01;2.01;2.01;2.01;27;0;0;0;0;14.1;95;37;4.3;22;-;12;39;849;3150;19;4663.0;27.9;30.6;0;0;0;0;0;0;
2026.08.27;19:15:52.1;0.08;0.08;727;737;17;66;22;282;210;210;27;2.01;2.01;2.01;2.01;24;0;0;0;0;14.1;95;37;4.3;21;-;12;39;849;3133;15;4484.0;22.6;23.8;0;0;0;0;0;0;
2026.08.27;19:15:52.5;0.14;0.14;87;87;15;66;22;282;210;210;27;1.96;1.96;1.96;1.96;24;0;0;0;0;14.1;95;37;4.3;21;-;12;39;849;2974;15;5000.0;22.6;23.8;0;0;0;0;0;0;
2026.08.27;19:15:53.0;0.08;0.08;805;786;15;65;23;282;210;210;27;1.92;1.92;1.92;1.92;24;0;0;0;0;14.1;95;37;4.3;20;-;13;39;849;2893;14;5000.0;22.1;22.9;0;0;0;0;0;0;
2026.08.27;19:15:53.4;0.08;0.08;805;786;15;65;23;282;210;210;27;1.92;1.92;1.92;1.92;24;0;0;0;0;14.1;95;37;4.3;20;-;13;39;849;2893;13;5000.0;21.0;22.3;0;0;0;0;0;0;
2026.08.27;19:15:53.9;0.02;0.02;722;751;15;65;23;282;210;210;27;1.79;1.79;1.79;1.79;25;0;0;0;0;14.1;95;37;4.3;20;-;13;39;849;2763;13;5000.0;21.0;22.3;0;0;0;0;0;0;
2026.08.27;19:15:54.3;0.04;0.04;92;351;14;63;24;282;210;210;27;1.81;1.81;1.81;1.81;25;0;0;0;0;14.1;95;37;4.3;19;-;13;39;849;2763;13;5000.0;20.1;21.3;0;0;0;0;0;0;
2026.08.27;19:15:54.8;0.04;0.04;92;351;14;63;24;206;210;210;27;1.81;1.81;1.81;1.81;26;0;0;0;0;14.0;95;44;4.3;19;-;13;39;849;2604;13;3697.0;19.4;20.2;0;0;0;0;0;0;
2026.08.27;19:15:55.2;0.04;0.04;117;556;14;62;24;206;210;210;27;1.86;1.86;1.86;1.86;26;0;0;0;0;14.0;95;44;4.3;18;-;13;39;849;2472;12;5000.0;19.4;20.2;0;0;0;0;0;0;
2026.08.27;19:15:55.7;0.01;0.01;253;698;15;62;25;206;210;210;27;1.86;1.86;1.86;1.86;27;0;0;0;0;14.0;95;44;4.3;17;-;13;39;849;2472;12;5000.0;18.6;19.6;0;0;0;0;0;0;
2026.08.27;19:15:56.1;0.01;0.01;253;698;15;62;25;206;210;210;27;1.86;1.86;1.86;1.86;28;0;0;0;0;14.0;95;44;4.3;17;-;13;40;849;2353;12;5000.0;17.8;19.0;0;0;0;0;0;0;
2026.08.27;19:15:56.6;-0.01;-0.01;712;712;17;61;25;206;210;210;27;1.79;1.79;1.79;1.79;28;0;0;0;0;14.0;95;44;4.3;16;-;13;40;849;2227;12;3610.0;17.8;19.0;0;0;0;0;0;0;
2026.08.27;19:15:57.0;-0.01;-0.01;712;712;17;61;25;206;210;210;27;1.79;1.79;1.79;1.79;16;0;0;0;0;14.0;95;44;4.3;15;-;13;40;849;2227;0;3610.0;16.3;16.9;0;0;0;0;0;1;
2026.08.27;19:15:57.5;0.00;0.00;14;24;19;60;0;206;210;231;27;0.00;0.00;0.00;0.00;-15;0;0;0;0;14.0;95;44;4.3;15;-;13;40;849;1600;0;3185.0;9.4;10.3;0;0;0;0;0;1;
2026.08.27;19:15:57.9;0.00;0.00;312;19;24;61;0;206;210;231;27;1.97;1.97;1.97;1.97;-15;0;0;0;0;14.0;96;44;4.3;13;-;13;40;849;996;0;1895.0;9.4;10.3;0;0;0;0;1;1;
2026.08.27;19:15:58.4;0.00;0.00;312;19;24;61;0;206;252;231;27;1.97;1.97;1.97;1.97;5;0;0;0;0;14.0;96;44;4.3;8;-;13;40;849;996;0;1895.0;7.6;6.4;0;1;0;0;1;1;
2026.08.27;19:15:58.8;-0.00;-0.00;874;834;27;60;0;206;252;231;27;2.26;2.26;2.26;2.26;-5;0;0;0;0;14.0;96;44;4.3;8;-;13;40;849;828;0;1358.0;7.6;6.4;0;1;0;0;1;1;
2026.08.27;19:15:59.3;-0.01;-0.01;869;864;31;59;4;206;357;336;27;2.76;2.76;2.76;2.76;-5;0;0;0;0;14.0;96;44;4.3;3;-;13;40;849;828;0;1358.0;10.6;10.4;0;0;0;0;1;1;
2026.08.27;19:15:59.7;-0.01;-0.01;869;864;31;59;4;206;294;315;27;2.76;2.76;2.76;2.76;-6;0;0;0;0;14.0;96;44;4.3;3;-;13;40;849;822;0;2340.0;8.2;8.7;0;0;0;0;1;1;
2026.08.27;19:16:00.2;-0.02;-0.02;864;859;34;59;5;206;294;315;27;2.44;2.44;2.44;2.44;7;0;0;0;0;14.0;96;44;4.3;1;-;13;40;849;777;0;1248.0;8.2;8.7;0;0;0;0;0;1;
2026.08.27;19:16:00.6;-0.08;-0.08;737;766;36;59;9;206;588;630;27;3.00;3.00;3.00;3.00;7;0;0;0;0;14.0;96;44;4.3;0;-;13;40;849;777;8;1248.0;23.9;24.4;4;0;82;0;0;1;
2026.08.27;19:16:01.1;-0.08;-0.08;737;766;36;59;9;206;462;336;27;3.00;3.00;3.00;3.00;18;0;0;0;0;14.0;96;44;4.3;0;-;13;40;849;1822;8;2897.0;29.2;21.8;0;0;0;0;0;1;
2026.08.27;19:16:01.5;-0.07;-0.07;53;48;41;58;37;278;462;336;27;8.74;8.74;8.74;8.74;18;0;0;0;0;14.0;96;51;4.3;0;-;13;40;849;1772;21;3177.0;29.2;21.8;0;0;0;0;0;1;
2026.08.27;19:16:02.0;-0.07;-0.07;53;48;41;58;37;278;609;609;27;8.74;8.74;8.74;8.74;8;0;0;0;0;14.0;96;51;4.3;2;-;13;40;849;1772;30;3177.0;49.8;48.9;17;17;57;0;0;1;
2026.08.27;19:16:02.4;-0.01;-0.01;83;78;43;59;33;278;609;609;27;7.85;7.85;7.85;7.85;4;0;0;0;0;14.0;96;51;4.3;2;-;13;40;849;1921;30;5000.0;49.8;48.9;17;17;57;0;0;1;
2026.08.27;19:16:02.9;-0.02;-0.02;258;283;42;59;60;278;735;735;27;8.55;8.55;8.55;8.55;4;0;0;0;0;14.0;96;51;4.3;6;-;13;40;849;1921;34;5000.0;63.6;64.8;36;36;47;0;0;1;
2026.08.27;19:16:03.3;-0.02;-0.02;258;283;42;59;60;278;756;777;27;8.55;8.55;8.55;8.55;5;0;0;0;0;13.9;96;51;4.3;6;-;13;40;849;1959;34;4126.0;68.2;69.5;36;36;50;0;0;1;
2026.08.27;19:16:03.8;0.01;0.01;678;634;40;61;99;278;756;777;27;9.01;9.01;9.01;9.01;5;0;0;0;0;13.9;96;51;4.3;11;-;13;40;849;2059;34;4433.0;68.2;69.5;36;36;50;0;0;1;
2026.08.27;19:16:04.2;-0.00;-0.00;751;703;37;60;99;278;756;777;27;8.46;8.46;8.46;8.46;7;0;0;0;0;13.9;96;51;4.3;16;-;13;40;849;2059;34;4433.0;76.1;78.3;37;37;46;0;0;1;
2026.08.27;19:16:04.7;-0.00;-0.00;751;703;37;60;99;278;651;672;27;8.46;8.46;8.46;8.46;9;0;0;0;0;13.9;96;51;4.3;16;-;13;40;849;2542;34;5000.0;83.0;85.7;39;39;43;0;0;1;
2026.08.27;19:16:05.1;0.03;0.03;766;693;36;61;85;278;651;672;27;7.14;7.14;7.14;7.14;21;0;0;0;0;14.0;96;51;4.3;19;-;13;40;849;3028;34;5000.0;83.0;85.7;39;39;43;0;0;0;
2026.08.27;19:16:05.6;-0.02;-0.02;751;727;33;62;78;278;546;588;27;6.00;6.00;6.00;6.00;21;0;0;0;0;14.0;96;51;4.3;22;-;13;40;849;3028;34;5000.0;81.5;85.8;24;24;47;0;0;0;
2026.08.27;19:16:06.0;-0.02;-0.02;751;727;33;62;78;278;567;588;27;6.00;6.00;6.00;6.00;22;0;0;0;0;14.0;96;51;4.3;22;-;13;40;849;3446;34;5000.0;97.1;101.2;31;31;42;0;0;0;
2026.08.27;19:16:06.5;-0.01;-0.01;747;683;31;62;99;278;567;588;27;6.43;6.43;6.43;6.43;22;0;0;0;0;14.0;96;51;4.3;26;-;13;40;849;3919;37;5000.0;97.1;101.2;31;31;42;0;0;0;
2026.08.27;19:16:06.9;-0.01;-0.01;747;683;31;62;99;278;483;525;27;6.43;6.43;6.43;6.43;25;0;0;0;0;14.0;96;51;4.3;29;-;13;40;849;3919;33;5000.0;101.8;109.5;27;26;62;0;0;0;
2026.08.27;19:16:07.4;-0.05;-0.05;815;771;29;62;75;278;210;231;27;3.90;3.90;3.90;3.90;-11;0;0;0;0;14.0;96;51;4.3;29;-;13;40;849;4054;33;5000.0;28.6;33.2;0;0;0;0;0;0;
2026.08.27;19:16:07.8;0.00;0.00;4;4;9;59;0;278;210;231;27;0.00;0.00;0.00;0.00;-11;0;0;0;0;14.0;96;51;4.3;29;-;14;40;849;2951;0;5000.0;28.6;33.2;0;0;0;0;0;1;
2026.08.27;19:16:08.3;0.00;0.00;4;4;9;59;0;278;294;231;27;0.00;0.00;0.00;0.00;46;0;0;0;0;14.0;96;51;4.3;28;-;14;40;849;2951;25;5000.0;31.8;24.9;0;0;0;0;0;1;
2026.08.27;19:16:08.7;-0.01;-0.01;629;688;9;59;4;233;294;231;27;4.47;4.47;4.47;4.47;6;0;0;0;0;14.0;96;51;4.3;28;-;14;40;849;2206;25;4336.0;31.8;24.9;0;0;0;0;0;1;
2026.08.27;19:16:09.2;0.01;0.01;737;703;12;58;12;233;588;588;27;6.63;6.63;6.63;6.63;6;0;0;0;0;14.0;96;51;4.3;29;-;14;40;849;2206;29;4336.0;57.4;58.0;15;14;56;0;0;1;
2026.08.27;19:16:09.6;0.01;0.01;737;703;12;58;12;233;567;588;27;6.63;6.63;6.63;6.63;19;0;0;0;0;14.0;96;51;4.3;30;-;14;40;849;2302;29;3083.0;57.8;58.6;11;11;45;0;0;0;
2026.08.27;19:16:10.1;0.02;0.02;659;615;17;57;17;233;567;588;27;6.15;6.15;6.15;6.15;23;0;0;0;0;14.0;96;51;4.3;30;-;14;40;849;2396;29;4722.0;57.8;58.6;11;11;45;0;0;0;
2026.08.27;19:16:10.5;-0.00;-0.00;771;722;22;56;18;233;525;546;27;4.95;4.95;4.95;4.95;23;0;0;0;0;14.0;96;51;4.3;32;-;14;40;849;2396;26;4722.0;51.9;54.0;0;0;0;0;0;0;
2026.08.27;19:16:11.0;-0.00;-0.00;771;722;22;56;18;233;483;462;27;4.95;4.95;4.95;4.95;25;0;0;0;0;14.0;96;51;4.3;32;-;14;40;849;2482;26;3941.0;46.8;46.9;0;0;0;0;0;0;
2026.08.27;19:16:11.4;-0.03;-0.03;234;361;27;55;19;233;483;462;27;3.96;3.96;3.96;3.96;25;0;0;0;0;14.0;96;51;4.3;32;-;14;40;849;2504;24;5000.0;46.8;46.9;0;0;0;0;0;0;
2026.08.27;19:16:11.9;-0.02;-0.02;78;68;30;55;20;233;399;399;27;3.54;3.54;3.54;3.54;17;0;0;0;0;14.0;96;51;4.3;32;-;14;40;849;2504;22;5000.0;38.6;39.0;0;0;0;0;0;0;
2026.08.27;19:16:12.3;-0.02;-0.02;78;68;30;55;20;233;378;378;27;3.54;3.54;3.54;3.54;27;0;0;0;0;14.0;97;51;4.3;32;-;14;40;849;2514;22;3781.0;38.0;38.1;0;0;0;0;0;0;
2026.08.27;19:16:12.8;0.00;0.00;78;73;34;55;24;233;378;378;27;4.12;4.12;4.12;4.12;27;0;0;0;0;14.0;97;51;4.3;32;-;13;40;849;2536;25;3737.0;38.0;38.1;0;0;0;0;0;0;
2026.08.27;19:16:13.2;0.04;0.04;112;180;36;55;57;233;609;588;27;7.30;7.30;7.30;7.30;25;0;0;0;0;14.0;97;51;4.3;33;-;13;40;849;2536;32;3737.0;63.6;64.0;7;3;61;0;0;0;
2026.08.27;19:16:13.7;0.04;0.04;112;180;36;55;57;233;672;672;27;7.30;7.30;7.30;7.30;21;0;0;0;0;14.0;97;51;4.2;33;-;13;40;849;2633;32;5000.0;82.7;84.4;39;38;60;0;0;0;
2026.08.27;19:16:14.1;0.07;0.07;131;122;36;55;99;233;672;672;27;9.57;9.57;9.57;9.57;21;0;0;0;0;14.0;97;51;4.2;35;-;13;40;849;2810;38;5000.0;82.7;84.4;39;38;60;0;0;0;
2026.08.27;19:16:14.6;0.07;0.07;131;122;36;55;99;233;840;798;27;9.57;9.57;9.57;9.57;21;0;0;0;0;14.0;97;51;4.2;38;-;13;40;849;2810;43;5000.0;115.4;111.2;37;37;48;0;0;0;
2026.08.27;19:16:15.0;0.02;0.02;766;688;35;56;99;233;798;819;27;10.16;10.16;10.16;10.16;21;0;0;0;0;14.0;97;51;4.2;38;-;13;40;849;3035;43;5000.0;125.1;126.6;36;36;46;0;0;0;
2026.08.27;19:16:15.5;0.00;0.00;87;117;33;56;99;239;798;819;27;10.14;10.14;10.14;10.14;21;0;0;0;0;14.0;96;56;4.2;41;-;13;40;849;3273;43;5000.0;125.1;126.6;36;36;46;0;0;0;
2026.08.27;19:16:15.9;0.00;0.00;87;117;33;56;99;239;798;798;27;10.14;10.14;10.14;10.14;18;0;0;0;0;14.0;96;56;4.2;44;-;13;40;849;3273;43;5000.0;128.6;131.3;36;36;47;0;0;0;
2026.08.27;19:16:16.4;0.07;0.07;659;576;30;56;99;239;756;777;27;10.18;10.18;10.18;10.18;24;0;0;0;0;14.0;96;56;4.2;44;-;13;40;849;3498;43;5000.0;132.0;131.3;36;36;47;0;0;0;
2026.08.27;19:16:16.8;0.00;0.00;751;703;27;57;99;239;756;777;27;9.25;9.25;9.25;9.25;24;0;0;0;0;14.0;96;56;4.2;46;-;13;40;849;3673;43;5000.0;132.0;135.2;35;35;52;0;0;0;
2026.08.27;19:16:17.3;0.00;0.00;751;703;27;57;99;239;357;504;27;9.25;9.25;9.25;9.25;12;0;0;0;0;14.0;96;56;4.2;48;-;8;40;849;3673;15;5000.0;62.1;84.4;14;29;0;0;0;1;
2026.08.27;19:16:17.7;-0.05;-0.05;874;844;13;57;37;239;357;504;27;1.93;1.93;1.93;1.93;0;0;0;0;0;14.0;96;56;4.2;48;-;8;40;849;3282;15;5000.0;62.1;84.4;14;29;0;0;0;1;
2026.08.27;19:16:18.2;0.00;0.00;63;9;0;54;0;239;210;231;27;2.18;2.18;2.18;2.18;0;0;0;0;0;14.0;96;56;4.2;47;-;8;40;849;3282;7;5000.0;21.2;23.5;0;0;0;0;0;1;
2026.08.27;19:16:18.7;0.00;0.00;63;9;0;54;0;239;462;378;27;2.18;2.18;2.18;2.18;26;0;0;0;0;14.0;96;56;4.2;47;-;8;39;849;2669;7;4664.0;46.9;39.9;0;0;0;0;0;1;
2026.08.27;19:16:19.1;0.02;0.02;87;68;0;53;8;239;462;378;27;5.20;5.20;5.20;5.20;26;0;0;0;0;14.0;96;56;4.2;46;-;8;39;849;2493;22;4256.0;46.9;39.9;0;0;0;0;0;1;
2026.08.27;19:16:19.6;0.02;0.02;87;68;0;53;8;239;525;546;27;5.20;5.20;5.20;5.20;24;0;0;0;0;14.0;96;56;4.2;46;-;8;39;849;2493;22;4256.0;53.8;54.1;0;0;0;0;0;0;
2026.08.27;19:16:20.0;0.02;0.02;742;629;5;52;13;239;525;546;27;5.38;5.38;5.38;5.38;25;0;0;0;0;13.9;96;56;4.2;46;-;8;39;849;2482;22;4131.0;53.8;54.1;0;0;0;0;0;0;
2026.08.27;19:16:20.5;-0.02;-0.02;712;673;12;50;14;239;441;462;27;3.96;3.96;3.96;3.96;25;0;0;0;0;13.9;96;56;4.2;46;-;8;40;849;2482;19;4131.0;44.4;44.9;0;0;0;0;0;0;
2026.08.27;19:16:20.9;-0.02;-0.02;712;673;12;50;14;239;315;336;27;3.96;3.96;3.96;3.96;21;0;0;0;0;13.9;96;56;4.2;46;-;8;40;849;2482;19;3838.0;30.7;33.0;0;0;0;0;0;0;
2026.08.27;19:16:21.4;-0.04;-0.04;781;717;19;48;11;239;315;336;27;2.08;2.08;2.08;2.08;21;0;0;0;0;13.9;96;56;4.2;46;-;8;40;849;2436;11;3076.0;30.7;33.0;0;0;0;0;0;0;
2026.08.27;19:16:21.8;0.02;0.02;63;53;21;48;12;239;210;210;27;1.98;1.98;1.98;1.98;24;0;0;0;0;13.9;96;56;4.2;45;-;8;40;849;2436;0;3076.0;18.6;20.0;0;0;0;0;1;0;
2026.08.27;19:16:22.3;0.02;0.02;63;53;21;48;12;239;210;210;27;1.98;1.98;1.98;1.98;5;0;0;0;0;14.0;96;56;4.2;45;-;8;40;849;2377;0;4515.0;17.3;18.2;0;0;0;0;1;0;
2026.08.27;19:16:22.7;0.00;0.00;29;302;21;46;0;239;210;210;27;0.00;0.00;0.00;0.00;5;0;0;0;0;14.0;96;56;4.2;41;-;13;40;849;2377;0;4515.0;17.3;18.2;0;0;0;0;1;0;
2026.08.27;19:16:23.2;0.00;0.00;29;302;21;46;0;211;210;231;27;0.00;0.00;0.00;0.00;3;0;0;0;0;14.0;95;56;4.2;35;-;13;40;849;2003;0;5000.0;12.4;13.4;0;0;0;0;1;1;
2026.08.27;19:16:23.6;0.00;0.00;4;0;25;44;0;211;210;231;27;2.23;2.23;2.23;2.23;3;0;0;0;0;14.0;95;56;4.2;35;-;13;40;849;1346;0;3070.0;12.4;13.4;0;0;0;0;1;1;
2026.08.27;19:16:24.1;0.00;0.00;864;810;30;43;0;211;210;210;27;1.74;1.74;1.74;1.74;3;0;0;0;0;14.0;95;56;4.2;27;-;13;40;849;1346;0;3070.0;8.3;8.7;0;0;0;0;1;0;
2026.08.27;19:16:24.5;0.00;0.00;864;810;30;43;0;211;357;315;27;1.74;1.74;1.74;1.74;19;0;0;0;0;14.0;95;56;4.2;27;-;13;40;849;1034;0;1884.0;13.9;12.2;0;0;0;0;1;0;
2026.08.27;19:16:25.0;-0.01;-0.01;869;859;34;43;4;211;357;315;27;2.76;2.76;2.76;2.76;19;0;0;0;0;14.0;95;56;4.2;18;-;13;40;849;932;0;2604.0;13.9;12.2;0;0;0;0;1;0;
2026.08.27;19:16:25.4;-0.01;-0.01;869;859;34;43;4;211;294;294;27;2.76;2.76;2.76;2.76;-5;0;0;0;0;14.0;95;56;4.2;12;-;13;40;849;932;0;2604.0;8.5;8.7;0;0;0;0;1;0;
2026.08.27;19:16:25.9;-0.02;-0.02;859;859;37;42;5;211;315;294;27;2.41;2.41;2.41;2.41;2;0;0;0;0;14.0;95;56;4.2;12;-;13;40;849;803;0;2223.0;8.3;8.1;0;0;0;0;1;0;
2026.08.27;19:16:26.3;-0.04;-0.04;849;854;39;40;7;211;315;294;27;2.44;2.44;2.44;2.44;2;0;0;0;0;14.0;95;37;4.2;10;-;13;40;849;771;0;1347.0;8.3;8.1;0;0;0;0;1;1;
2026.08.27;19:16:26.8;-0.04;-0.04;849;854;39;40;7;211;420;315;27;2.44;2.44;2.44;2.44;-2;0;0;0;0;14.0;95;37;4.2;9;-;13;40;849;771;13;1347.0;11.2;8.3;0;0;0;0;0;1;
2026.08.27;19:16:27.2;-0.08;-0.08;839;844;41;39;11;211;630;567;27;3.76;3.76;3.76;3.76;12;0;0;0;0;14.0;95;37;4.2;9;-;13;40;849;959;13;2409.0;31.8;31.5;0;0;0;0;0;1;
2026.08.27;19:16:27.7;-0.04;-0.04;68;58;43;39;20;211;630;567;27;5.31;5.31;5.31;5.31;12;0;0;0;0;14.0;95;37;4.2;8;-;13;40;849;2016;21;2881.0;31.8;31.5;0;0;0;0;0;1;
2026.08.27;19:16:28.1;-0.04;-0.04;68;58;43;39;20;211;546;546;27;5.31;5.31;5.31;5.31;18;0;0;0;0;14.0;95;37;4.2;9;-;13;40;849;2016;25;2881.0;46.3;47.7;0;0;0;0;0;1;
2026.08.27;19:16:28.6;-0.04;-0.04;629;615;45;40;27;211;546;546;27;5.21;5.21;5.21;5.21;21;0;0;0;0;14.0;95;37;4.2;9;-;13;40;849;2190;25;2579.0;45.0;45.8;0;0;0;0;0;1;
2026.08.27;19:16:29.0;0.01;0.01;107;92;47;41;31;211;546;546;27;5.42;5.42;5.42;5.42;21;0;0;0;0;14.0;95;37;4.2;11;-;13;40;849;2016;25;5000.0;45.0;45.8;0;0;0;0;0;1;
2026.08.27;19:16:29.5;0.01;0.01;107;92;47;41;31;211;567;588;27;5.42;5.42;5.42;5.42;19;0;0;0;0;14.0;95;37;4.2;14;-;13;40;849;2016;24;5000.0;43.7;45.7;4;1;52;0;0;1;
2026.08.27;19:16:29.9;-0.01;-0.01;732;668;49;43;36;298;567;588;27;5.15;5.15;5.15;5.15;19;0;0;0;0;14.0;95;37;4.2;14;-;13;40;849;2162;24;3199.0;43.7;45.7;4;1;52;0;0;1;
2026.08.27;19:16:30.4;-0.03;-0.03;258;415;49;44;38;298;504;525;27;4.47;4.47;4.47;4.47;19;0;0;0;0;14.0;95;37;4.2;16;-;13;40;849;2162;24;3199.0;44.7;46.4;0;0;0;0;0;0;
2026.08.27;19:16:30.8;-0.03;-0.03;258;415;49;44;38;298;483;462;27;4.47;4.47;4.47;4.47;25;0;0;0;0;14.0;95;37;4.2;16;-;13;40;849;2396;24;3821.0;46.7;46.2;0;0;0;0;0;0;
2026.08.27;19:16:31.3;0.03;0.03;83;73;50;46;54;298;483;462;27;5.25;5.25;5.25;5.25;25;0;0;0;0;14.0;95;37;4.2;17;-;13;40;849;2645;27;3970.0;46.7;46.2;0;0;0;0;0;0;
2026.08.27;19:16:31.7;0.03;0.03;83;73;50;46;54;298;546;567;27;5.25;5.25;5.25;5.25;25;0;0;0;0;14.0;95;37;4.2;19;-;13;40;849;2645;30;3970.0;60.2;61.1;0;0;0;0;0;0;
2026.08.27;19:16:32.2;0.00;0.00;742;654;49;47;68;298;546;567;27;5.36;5.36;5.36;5.36;26;0;0;0;0;14.0;95;37;4.2;19;-;13;40;849;2929;30;3175.0;60.2;61.1;0;0;0;0;0;0;
2026.08.27;19:16:32.6;0.02;0.02;737;673;47;49;86;298;546;546;27;5.50;5.50;5.50;5.50;26;0;0;0;0;14.0;95;37;4.2;22;-;10;40;849;2929;32;3175.0;69.7;69.5;7;6;54;0;0;0;
2026.08.27;19:16:33.1;0.02;0.02;737;673;47;49;86;298;567;567;27;5.50;5.50;5.50;5.50;24;0;0;0;0;14.1;95;37;4.2;24;-;10;40;849;3291;37;5000.0;91.2;92.7;27;28;43;0;0;0;
2026.08.27;19:16:33.5;0.01;0.01;97;180;45;51;99;298;567;567;27;6.71;6.71;6.71;6.71;22;0;0;0;0;14.1;93;30;4.2;24;-;10;40;849;3708;37;5000.0;91.2;92.7;27;28;43;0;0;0;
2026.08.27;19:16:34.0;-0.00;-0.00;747;688;44;53;99;298;567;588;27;6.73;6.73;6.73;6.73;22;0;0;0;0;14.1;93;30;4.2;27;-;10;40;849;3708;39;5000.0;110.3;115.1;37;37;46;0;0;0;
2026.08.27;19:16:34.4;-0.00;-0.00;747;688;44;53;99;298;294;378;27;6.73;6.73;6.73;6.73;9;0;0;0;0;14.1;93;30;4.2;27;-;10;40;849;4170;39;5000.0;55.2;70.3;0;1;0;0;0;0;
2026.08.27;19:16:34.9;-0.03;-0.03;68;693;33;53;55;298;294;378;27;2.35;2.35;2.35;2.35;-17;0;0;0;0;14.1;93;30;4.2;29;-;10;40;849;3685;17;5000.0;55.2;70.3;0;1;0;0;0;1;
2026.08.27;19:16:35.3;0.00;0.00;771;68;13;53;0;298;210;231;27;2.06;2.06;2.06;2.06;-17;0;0;0;0;14.1;93;30;4.2;29;-;10;40;849;3685;16;5000.0;24.2;27.2;0;0;0;0;0;1;
2026.08.27;19:16:35.8;0.00;0.00;771;68;13;53;0;298;546;441;27;2.06;2.06;2.06;2.06;25;0;0;0;0;14.1;93;30;4.2;29;-;10;40;849;2989;31;3526.0;58.1;47.9;0;0;0;0;0;1;
2026.08.27;19:16:36.2;0.03;0.03;58;48;13;53;9;298;546;441;27;6.95;6.95;6.95;6.95;13;0;0;0;0;14.1;93;30;4.2;29;-;10;40;849;2362;31;3323.0;58.1;47.9;0;0;0;0;0;1;
2026.08.27;19:16:36.7;0.01;0.01;732;712;16;51;15;298;588;588;27;6.77;6.77;6.77;6.77;13;0;0;0;0;14.1;93;30;4.2;30;-;10;40;849;2362;31;3323.0;61.7;62.9;19;18;47;0;0;1;
2026.08.27;19:16:37.1;0.01;0.01;732;712;16;51;15;249;567;588;27;6.77;6.77;6.77;6.77;14;0;0;0;0;14.0;93;30;4.2;30;-;10;41;849;2377;31;3739.0;62.2;63.6;17;17;49;0;0;1;
2026.08.27;19:16:37.6;0.01;0.01;312;507;19;52;20;249;567;588;27;6.35;6.35;6.35;6.35;14;0;0;0;0;14.0;93;30;4.2;31;-;12;41;849;2472;31;5000.0;62.2;63.6;17;17;49;0;0;0;
2026.08.27;19:16:38.0;0.04;0.04;209;102;23;51;25;249;567;588;27;6.32;6.32;6.32;6.32;22;0;0;0;0;14.0;93;30;4.2;33;-;12;41;849;2472;30;5000.0;63.3;64.9;13;14;43;0;0;0;
2026.08.27;19:16:38.5;0.04;0.04;209;102;23;51;25;249;567;567;27;6.32;6.32;6.32;6.32;23;0;0;0;0;14.0;93;30;4.2;33;-;12;40;849;2581;30;5000.0;62.5;64.5;11;11;44;0;0;0;
2026.08.27;19:16:38.9;0.02;0.02;781;698;26;51;32;249;567;567;27;5.91;5.91;5.91;5.91;23;0;0;0;0;14.0;93;30;4.2;33;-;12;40;849;2621;30;5000.0;62.5;64.5;11;11;44;0;0;0;
2026.08.27;19:16:39.4;0.02;0.02;781;698;26;51;32;249;567;567;27;5.91;5.91;5.91;5.91;24;0;0;0;0;14.0;93;30;4.2;34;-;12;40;849;2621;30;5000.0;62.4;62.9;5;5;48;0;0;0;
2026.08.27;19:16:39.8;0.03;0.03;92;180;29;50;39;249;567;567;27;5.77;5.77;5.77;5.77;24;0;0;0;0;14.0;93;30;4.2;34;-;12;40;849;2712;30;5000.0;62.4;62.9;5;5;48;0;0;0;
2026.08.27;19:16:40.3;0.02;0.02;122;97;30;50;43;249;567;567;27;5.46;5.46;5.46;5.46;24;0;0;0;0;14.0;93;30;4.2;35;-;12;40;849;2783;30;5000.0;62.4;63.6;3;0;23;0;0;0;
2026.08.27;19:16:40.7;0.02;0.02;122;97;30;50;43;249;546;546;27;5.46;5.46;5.46;5.46;24;0;0;0;0;14.0;93;30;4.2;36;-;12;40;849;2783;30;5000.0;62.0;62.4;4;4;64;0;0;0;
2026.08.27;19:16:41.2;-0.00;-0.00;761;668;31;50;51;249;546;546;27;5.38;5.38;5.38;5.38;25;0;0;0;0;14.1;93;30;4.2;36;-;12;40;849;2823;30;5000.0;62.0;62.4;4;4;64;0;0;0;
2026.08.27;19:16:41.6;-0.03;-0.03;390;566;32;50;50;249;546;567;27;4.92;4.92;4.92;4.92;25;0;0;0;0;14.1;93;30;4.2;37;-;12;40;849;2858;30;5000.0;61.7;63.3;3;0;0;0;0;0;
2026.08.27;19:16:42.1;-0.03;-0.03;390;566;32;50;50;249;399;441;27;4.92;4.92;4.92;4.92;27;0;0;0;0;14.1;93;30;4.2;37;-;13;40;849;2858;25;5000.0;45.3;48.6;0;0;0;0;0;0;
2026.08.27;19:16:42.5;-0.07;-0.07;712;708;33;50;38;249;336;357;27;3.26;3.26;3.26;3.26;28;0;0;0;0;14.1;93;30;4.2;37;-;13;40;849;2858;25;5000.0;36.9;39.4;0;0;0;0;0;0;
2026.08.27;19:16:43.0;-0.04;-0.04;83;166;34;50;35;249;336;357;27;2.81;2.81;2.81;2.81;28;0;0;0;0;14.1;93;30;4.2;37;-;13;40;849;2817;22;3971.0;36.9;39.4;0;0;0;0;0;0;
2026.08.27;19:16:43.4;-0.04;-0.04;83;166;34;50;35;249;210;273;27;2.81;2.81;2.81;2.81;31;0;0;0;0;14.1;93;30;4.2;36;-;13;40;849;2817;13;3971.0;21.3;28.2;0;0;0;0;0;0;
2026.08.27;19:16:43.9;-0.02;-0.02;571;659;34;49;22;233;210;273;27;1.78;1.78;1.78;1.78;22;0;0;0;0;14.1;93;30;4.2;36;-;13;40;849;2731;13;5000.0;21.3;28.2;0;0;0;0;0;0;
2026.08.27;19:16:44.3;-0.00;-0.00;742;693;33;48;23;233;210;210;27;1.74;1.74;1.74;1.74;22;0;0;0;0;14.1;93;30;4.2;35;-;13;40;849;2639;12;4734.0;19.4;20.4;0;0;0;0;0;0;
2026.08.27;19:16:44.8;-0.00;-0.00;742;693;33;48;23;233;210;210;27;1.74;1.74;1.74;1.74;23;0;0;0;0;14.1;93;30;4.2;33;-;13;40;849;2639;11;4734.0;19.2;20.1;0;0;0;0;0;0;
2026.08.27;19:16:45.2;0.02;0.02;712;610;32;47;24;233;210;210;27;1.82;1.82;1.82;1.82;22;0;0;0;0;14.0;93;30;4.2;33;-;13;40;849;2531;11;4463.0;19.2;20.1;0;0;0;0;0;0;
2026.08.27;19:16:45.7;0.01;0.01;87;146;31;46;25;233;210;210;27;1.79;1.79;1.79;1.79;22;0;0;0;0;14.0;93;30;4.2;32;-;13;40;849;2531;11;4463.0;18.5;19.1;0;0;0;0;0;0;
2026.08.27;19:16:46.2;0.01;0.01;87;146;31;46;25;233;210;210;27;1.79;1.79;1.79;1.79;25;0;0;0;0;14.0;93;30;4.2;32;-;13;40;849;2446;11;5000.0;18.1;18.6;0;0;0;0;0;0;
2026.08.27;19:16:46.6;-0.03;-0.03;766;732;31;45;25;233;210;210;27;1.74;1.74;1.74;1.74;25;0;0;0;0;14.0;93;30;4.2;31;-;13;40;849;2343;11;3461.0;18.1;18.6;0;0;0;0;0;0;
2026.08.27;19:16:47.1;-0.03;-0.03;766;732;31;45;25;233;210;210;27;1.74;1.74;1.74;1.74;27;0;0;0;0;14.0;93;30;4.2;30;-;15;41;849;2343;9;3461.0;17.1;18.0;0;0;0;0;0;0;
2026.08.27;19:16:47.5;-0.00;-0.00;522;107;31;45;25;233;210;210;27;1.74;1.74;1.74;1.74;16;0;0;0;0;14.0;93;30;4.2;30;-;15;41;849;2257;9;5000.0;17.1;18.0;0;0;0;0;0;0;
2026.08.27;19:16:48.0;-0.09;-0.09;712;742;32;44;26;233;210;210;27;1.53;1.53;1.53;1.53;16;0;0;0;0;14.0;93;30;4.2;28;-;15;41;849;2257;7;5000.0;15.7;16.3;0;0;0;0;0;0;
2026.08.27;19:16:48.4;-0.09;-0.09;712;742;32;44;26;233;210;210;27;1.53;1.53;1.53;1.53;20;0;0;0;0;14.0;93;30;4.2;28;-;15;41;849;2122;7;4472.0;15.1;15.5;0;0;0;0;0;0;
2026.08.27;19:16:48.9;-0.05;-0.05;683;141;33;44;26;233;210;210;27;1.58;1.58;1.58;1.58;20;0;0;0;0;14.0;93;30;4.2;27;-;15;41;849;2030;8;3071.0;15.1;15.5;0;0;0;0;0;0;
2026.08.27;19:16:49.3;-0.04;-0.04;166;332;33;42;26;233;210;210;27;1.59;1.59;1.59;1.59;31;0;0;0;0;14.0;93;30;4.2;26;-;15;41;849;2030;9;3071.0;14.1;15.1;0;1;0;0;0;0;
2026.08.27;19:16:49.8;-0.04;-0.04;166;332;33;42;26;233;210;210;27;1.59;1.59;1.59;1.59;39;0;0;0;0;14.0;93;30;4.2;26;-;15;41;849;1940;9;4884.0;14.0;14.3;0;0;0;0;0;0;
2026.08.27;19:16:50.2;-0.11;-0.11;629;722;36;42;27;233;210;210;27;1.56;1.56;1.56;1.56;39;0;0;0;0;14.0;93;30;4.2;24;-;15;41;849;1866;9;4770.0;14.0;14.3;0;0;0;0;0;0;
2026.08.27;19:16:50.7;-0.11;-0.11;629;722;36;42;27;233;210;231;27;1.56;1.56;1.56;1.56;37;0;0;0;0;14.0;93;30;4.2;24;-;15;41;849;1866;9;4770.0;14.2;14.8;0;0;0;0;0;0;
2026.08.27;19:16:51.1;-0.07;-0.07;693;585;39;41;31;199;210;231;27;1.80;1.80;1.80;1.80;37;0;0;0;0;14.0;94;37;4.2;23;-;15;41;849;1756;10;4487.0;14.2;14.8;0;0;0;0;0;0;
2026.08.27;19:16:51.6;-0.06;-0.06;83;78;41;41;32;199;252;252;27;1.97;1.97;1.97;1.97;32;0;0;0;0;14.0;94;37;4.2;22;-;15;41;849;1756;11;4487.0;15.6;16.2;0;0;0;0;0;0;
2026.08.27;19:16:52.0;-0.06;-0.06;83;78;41;41;32;199;294;273;27;1.97;1.97;1.97;1.97;26;0;0;0;0;14.1;94;37;4.2;22;-;15;41;849;1713;11;2691.0;17.7;17.1;0;0;0;0;0;0;
2026.08.27;19:16:52.5;-0.08;-0.08;761;742;45;42;37;199;294;273;27;2.27;2.27;2.27;2.27;20;0;0;0;0;14.1;94;37;4.2;22;-;14;41;849;1678;13;3056.0;17.7;17.1;0;0;0;0;0;0;
2026.08.27;19:16:52.9;-0.06;-0.06;87;78;48;42;41;199;336;315;27;2.74;2.74;2.74;2.74;20;0;0;0;0;14.1;94;37;4.2;21;-;14;41;849;1678;15;3056.0;20.5;20.1;0;0;0;0;0;0;
2026.08.27;19:16:53.4;-0.06;-0.06;87;78;48;42;41;199;357;378;27;2.74;2.74;2.74;2.74;23;0;0;0;0;14.1;94;37;4.2;21;-;14;41;849;1645;15;4700.0;22.3;23.3;0;0;0;0;0;0;
2026.08.27;19:16:53.8;-0.01;-0.01;166;141;50;42;40;199;357;378;27;3.10;3.10;3.10;3.10;23;0;0;0;0;14.0;94;37;4.2;21;-;14;41;849;1634;15;3092.0;22.3;23.3;0;0;0;0;0;0;
2026.08.27;19:16:54.3;-0.01;-0.01;166;141;50;42;40;199;336;378;27;3.10;3.10;3.10;3.10;22;0;0;0;0;14.0;94;37;4.2;21;-;14;41;849;1634;13;3092.0;20.6;22.8;0;0;0;0;0;0;
2026.08.27;19:16:54.7;-0.00;-0.00;166;92;53;42;33;199;315;378;27;2.83;2.83;2.83;2.83;23;0;0;0;0;14.0;94;37;4.2;21;-;14;41;849;1611;13;5000.0;20.6;22.8;0;0;0;0;0;0;
2026.08.27;19:16:55.2;-0.03;-0.03;102;380;55;42;23;199;315;336;27;2.14;2.14;2.14;2.14;23;0;0;0;0;14.0;94;37;4.2;20;-;14;41;849;1554;10;2953.0;17.7;19.7;0;1;0;0;0;0;
2026.08.27;19:16:55.6;-0.03;-0.03;102;380;55;42;23;199;273;273;27;2.14;2.14;2.14;2.14;27;0;0;0;0;14.0;94;37;4.2;19;-;14;41;849;1554;10;2953.0;14.0;14.4;0;0;0;0;0;0;
2026.08.27;19:16:56.1;0.01;0.01;92;68;58;42;22;199;273;273;27;2.14;2.14;2.14;2.14;25;0;0;0;0;14.1;94;37;4.2;19;-;14;41;849;1492;10;4006.0;14.0;14.4;0;0;0;0;0;0;
2026.08.27;19:16:56.5;-0.01;-0.01;786;737;59;43;21;199;294;273;27;2.21;2.21;2.21;2.21;25;0;0;0;0;14.1;94;37;4.2;18;-;14;41;849;1411;9;4128.0;14.5;14.3;0;0;0;0;0;0;
2026.08.27;19:16:57.0;-0.01;-0.01;786;737;59;43;21;199;273;294;27;2.21;2.21;2.21;2.21;16;0;0;0;0;14.1;94;37;4.2;18;-;14;41;849;1411;7;4128.0;12.9;14.0;0;0;0;0;0;0;
2026.08.27;19:16:57.4;-0.05;-0.05;747;747;61;43;19;199;273;273;27;2.05;2.05;2.05;2.05;28;0;0;0;0;14.1;94;37;4.2;18;-;14;41;849;1342;7;4376.0;12.9;12.9;0;0;0;0;0;0;
2026.08.27;19:16:57.9;-0.03;-0.03;92;83;63;43;18;200;273;273;27;2.12;2.12;2.12;2.12;28;0;0;0;0;14.0;95;37;4.2;17;-;14;41;849;1297;7;2829.0;12.9;12.9;0;0;0;0;0;0;
2026.08.27;19:16:58.3;-0.03;-0.03;92;83;63;43;18;200;294;273;27;2.12;2.12;2.12;2.12;25;0;0;0;0;14.0;95;37;4.2;16;-;14;41;849;1297;7;2829.0;13.0;12.9;0;0;0;0;0;0;
2026.08.27;19:16:58.8;-0.06;-0.06;766;722;65;43;18;200;294;273;27;2.16;2.16;2.16;2.16;23;0;0;0;0;14.0;95;37;4.2;16;-;14;41;849;1229;7;3144.0;13.0;12.9;0;0;0;0;0;0;
2026.08.27;19:16:59.2;-0.09;-0.09;346;703;67;43;17;200;294;294;27;2.18;2.18;2.18;2.18;23;0;0;0;0;14.0;95;37;4.2;16;-;14;41;849;1163;8;2556.0;12.7;12.4;0;0;0;0;0;0;
2026.08.27;19:16:59.7;-0.09;-0.09;346;703;67;43;17;200;525;399;27;2.18;2.18;2.18;2.18;15;0;0;0;0;14.0;95;37;4.2;15;-;14;41;849;1163;17;2556.0;22.3;17.3;0;0;0;0;0;0;
2026.08.27;19:17:00.1;-0.04;-0.04;63;68;70;44;33;200;525;399;27;5.03;5.03;5.03;5.03;11;0;0;0;0;14.0;95;37;4.2;15;-;14;41;849;1138;17;3632.0;22.3;17.3;0;0;0;0;0;0;
2026.08.27;19:17:00.6;0.01;0.01;87;68;70;45;41;200;693;693;27;7.36;7.36;7.36;7.36;11;0;0;0;0;14.0;95;37;4.2;15;-;14;41;849;1138;23;3632.0;33.5;34.1;25;21;60;0;0;0;
2026.08.27;19:17:01.0;0.01;0.01;87;68;70;45;41;200;441;588;27;7.36;7.36;7.36;7.36;1;0;0;0;0;14.0;95;37;4.2;15;-;14;41;849;1224;23;3170.0;23.1;29.2;10;17;22;0;0;0;
2026.08.27;19:17:01.5;0.01;0.01;73;136;71;47;18;200;441;588;27;4.04;4.04;4.04;4.04;8;0;0;0;0;14.0;95;37;4.2;16;-;14;41;849;1260;13;2330.0;23.1;29.2;10;17;22;0;0;0;
2026.08.27;19:17:01.9;0.01;0.01;73;136;71;47;18;200;420;441;27;4.04;4.04;4.04;4.04;8;0;0;0;0;14.0;95;37;4.2;16;-;13;41;849;1260;12;2330.0;19.1;20.2;0;0;0;0;0;0;
2026.08.27;19:17:02.4;0.01;0.01;795;761;73;48;15;200;420;441;27;3.29;3.29;3.29;3.29;19;0;0;0;0;14.0;95;37;4.3;16;-;13;41;849;1254;12;2915.0;19.1;20.2;0;0;0;0;0;0;
2026.08.27;19:17:02.8;-0.03;-0.03;810;820;73;49;13;200;357;357;27;2.82;2.82;2.82;2.82;19;0;0;0;0;14.0;95;37;4.3;16;-;13;41;849;1254;10;2915.0;15.6;15.9;0;0;0;0;0;0;
2026.08.27;19:17:03.3;-0.03;-0.03;810;820;73;49;13;200;336;336;27;2.82;2.82;2.82;2.82;19;0;0;0;0;14.0;95;37;4.3;16;-;13;41;849;1218;10;2927.0;14.4;14.5;0;1;0;0;0;0;
2026.08.27;19:17:03.7;-0.07;-0.07;771;805;74;50;11;200;336;336;27;2.60;2.60;2.60;2.60;19;0;0;0;0;14.0;95;37;4.3;15;-;13;41;849;1175;9;1990.0;14.4;14.5;0;1;0;0;0;0;
2026.08.27;19:17:04.2;-0.07;-0.07;771;805;74;50;11;200;441;378;27;2.60;2.60;2.60;2.60;15;0;0;0;0;14.0;95;37;4.3;15;-;13;41;849;1175;14;1990.0;18.9;16.5;0;1;0;0;0;0;
2026.08.27;19:17:04.6;-0.10;-0.10;68;97;76;50;13;200;546;546;27;3.75;3.75;3.75;3.75;7;0;0;0;0;14.0;95;37;4.3;15;-;13;41;849;1147;14;2257.0;23.5;23.2;0;1;0;0;0;0;
2026.08.27;19:17:05.1;-0.04;-0.04;53;48;77;51;12;200;546;546;27;4.95;4.95;4.95;4.95;7;0;0;0;0;14.0;95;44;4.3;15;-;13;41;849;1170;17;2039.0;23.5;23.2;0;1;0;0;0;0;
2026.08.27;19:17:05.5;-0.04;-0.04;53;48;77;51;12;200;630;651;27;4.95;4.95;4.95;4.95;13;0;0;0;0;14.0;95;44;4.3;15;-;13;41;849;1170;20;2039.0;29.2;30.3;13;7;69;0;0;0;
2026.08.27;19:17:06.0;0.01;0.01;200;229;78;52;11;200;630;651;27;6.44;6.44;6.44;6.44;13;0;0;0;0;14.0;95;44;4.3;15;-;13;41;849;1229;20;2497.0;29.2;30.3;13;7;69;0;0;0;
2026.08.27;19:17:06.4;0.01;0.01;73;68;78;53;6;200;588;609;27;5.04;5.04;5.04;5.04;13;0;0;0;0;14.0;95;44;4.3;16;-;13;41;849;1271;16;2536.0;29.0;29.7;6;6;47;0;0;0;
2026.08.27;19:17:06.9;0.01;0.01;73;68;78;53;6;200;378;483;27;5.04;5.04;5.04;5.04;6;0;0;0;0;14.0;95;44;4.3;16;-;13;41;849;1271;10;2536.0;17.7;22.1;0;0;0;0;0;0;
2026.08.27;19:17:07.3;-0.01;-0.01;791;766;78;54;0;200;378;483;27;3.13;3.13;3.13;3.13;17;0;0;0;0;14.0;95;44;4.3;16;-;13;41;849;1280;10;1889.0;17.7;22.1;0;0;0;0;0;0;
2026.08.27;19:17:07.8;-0.05;-0.05;820;834;80;55;0;200;294;336;27;2.32;2.32;2.32;2.32;17;0;0;0;0;14.0;95;44;4.3;16;-;13;41;849;1280;7;1889.0;13.2;14.7;0;0;0;0;0;0;
2026.08.27;19:17:08.2;-0.05;-0.05;820;834;80;55;0;200;294;294;27;2.32;2.32;2.32;2.32;25;0;0;0;0;14.0;95;44;4.3;16;-;13;41;849;1254;7;2034.0;12.7;12.1;0;0;0;0;0;0;
2026.08.27;19:17:08.7;-0.08;-0.08;766;810;80;55;0;200;294;294;27;2.26;2.26;2.26;2.26;25;0;0;0;0;14.0;96;44;4.3;16;-;13;41;849;1195;6;1850.0;12.7;12.1;0;0;0;0;0;0;
2026.08.27;19:17:09.1;-0.08;-0.08;766;810;80;55;0;200;315;294;27;2.26;2.26;2.26;2.26;23;0;0;0;0;14.0;96;44;4.3;15;-;13;41;849;1195;6;1850.0;12.4;12.0;0;0;0;0;0;0;
2026.08.27;19:17:09.6;-0.12;-0.12;659;761;81;55;0;200;336;315;27;2.23;2.23;2.23;2.23;21;0;0;0;0;14.0;96;44;4.3;15;-;13;41;849;1133;6;2155.0;13.2;12.1;0;1;0;0;0;0;
2026.08.27;19:17:10.0;-0.09;-0.09;83;78;82;55;0;200;336;315;27;2.54;2.54;2.54;2.54;21;0;0;0;0;14.0;96;44;4.3;14;-;13;41;849;1092;8;1621.0;13.2;12.1;0;1;0;0;0;0;
2026.08.27;19:17:10.5;-0.11;-0.11;712;673;82;56;3;200;399;357;27;3.01;3.01;3.01;3.01;18;0;0;0;0;14.0;96;44;4.3;14;-;13;41;849;1092;11;1621.0;15.7;14.0;0;0;0;0;0;0;
2026.08.27;19:17:10.9;-0.11;-0.11;712;673;82;56;3;200;420;399;27;3.01;3.01;3.01;3.01;16;0;0;0;0;14.0;96;44;4.3;14;-;13;41;849;1038;11;2596.0;15.3;14.6;0;0;0;0;0;0;
2026.08.27;19:17:11.4;-0.09;-0.09;68;58;83;56;5;200;420;399;27;3.28;3.28;3.28;3.28;16;0;0;0;0;14.0;96;44;4.3;13;-;13;41;849;984;11;1556.0;15.3;14.6;0;0;0;0;0;0;
2026.08.27;19:17:11.8;-0.06;-0.06;107;83;84;57;8;200;420;420;27;3.68;3.68;3.68;3.68;16;0;0;0;0;14.0;96;44;4.3;13;-;14;41;849;984;13;1556.0;14.9;14.3;0;0;0;0;0;0;
2026.08.27;19:17:12.3;-0.06;-0.06;107;83;84;57;8;200;630;546;27;3.68;3.68;3.68;3.68;12;0;0;0;0;14.0;96;44;4.3;13;-;14;41;849;972;13;2822.0;22.0;19.5;0;0;0;0;0;0;
2026.08.27;19:17:12.7;-0.02;-0.02;63;53;84;58;12;200;630;546;27;5.65;5.65;5.65;5.65;12;0;0;0;0;13.6;96;44;4.3;12;-;14;41;849;960;14;1523.0;22.0;19.5;0;0;0;0;0;0;
2026.08.27;19:17:13.2;-0.02;-0.02;63;53;84;58;12;200;441;588;27;5.65;5.65;5.65;5.65;-7;0;0;0;0;13.6;96;44;4.3;12;-;14;41;849;960;0;1523.0;15.1;19.4;0;1;0;0;0;0;
2026.08.27;19:17:13.6;0.01;0.01;551;146;85;59;10;200;441;588;27;3.74;3.74;3.74;3.74;-15;0;0;0;0;13.6;96;44;4.3;12;-;14;41;849;939;0;2328.0;15.1;19.4;0;1;0;0;0;0;
2026.08.27;19:17:14.1;-0.01;-0.01;820;830;85;59;9;200;336;378;27;2.83;2.83;2.83;2.83;-15;0;0;0;0;13.6;96;44;4.3;11;-;14;41;849;822;0;1939.0;10.1;11.4;0;0;0;0;1;1;
2026.08.27;19:17:14.6;-0.01;-0.01;820;830;85;59;9;200;336;357;27;2.83;2.83;2.83;2.83;-5;0;0;0;0;13.6;96;44;4.3;7;-;14;41;849;822;0;1939.0;9.4;9.6;0;0;0;0;1;1;
2026.08.27;19:17:15.0;-0.02;-0.02;830;854;85;60;10;200;336;357;27;2.70;2.70;2.70;2.70;-4;0;0;0;0;14.0;96;44;4.3;7;-;14;41;849;769;0;1721.0;9.4;9.6;0;0;0;0;1;1;
2026.08.27;19:17:15.5;-0.03;-0.03;825;859;85;60;10;200;357;336;27;2.66;2.66;2.66;2.66;-4;0;0;0;0;14.0;96;44;4.3;4;-;14;41;849;769;0;1721.0;9.2;9.0;0;1;0;0;0;1;
2026.08.27;19:17:15.9;-0.03;-0.03;825;859;85;60;10;200;441;357;27;2.66;2.66;2.66;2.66;13;0;0;0;0;14.0;96;51;4.3;3;-;14;41;849;759;11;1302.0;12.3;10.1;0;0;0;0;0;1;
2026.08.27;19:17:16.4;-0.07;-0.07;815;849;84;59;15;200;441;357;27;3.41;3.41;3.41;3.41;10;0;0;0;0;14.0;96;51;4.3;3;-;14;41;849;992;11;1420.0;12.3;10.1;0;0;0;0;0;1;
2026.08.27;19:17:16.8;-0.04;-0.04;131;73;85;61;23;200;651;735;27;3.30;3.30;3.30;3.30;10;0;0;0;0;14.0;96;51;4.3;2;-;11;41;849;992;21;1420.0;39.9;46.1;31;12;96;0;0;1;
2026.08.27;19:17:17.3;-0.04;-0.04;131;73;85;61;23;200;336;294;27;3.30;3.30;3.30;3.30;31;0;0;0;0;14.0;96;51;4.3;2;-;11;41;849;2377;21;4858.0;25.4;23.1;0;0;0;0;0;1;
2026.08.27;19:17:17.7;-0.01;-0.01;63;48;82;62;26;200;336;294;27;3.31;3.31;3.31;3.31;22;0;0;0;0;14.0;96;51;4.3;2;-;11;41;849;1693;21;3413.0;25.4;23.1;0;0;0;0;0;1;
2026.08.27;19:17:18.2;0.02;0.02;717;620;82;63;22;200;504;525;27;3.32;3.32;3.32;3.32;22;0;0;0;0;14.0;96;51;4.3;3;-;11;41;849;1693;18;3413.0;33.9;35.0;0;0;0;0;0;1;
2026.08.27;19:17:18.6;0.02;0.02;717;620;82;63;22;200;231;252;27;3.32;3.32;3.32;3.32;29;0;0;0;0;14.0;96;51;4.3;3;-;11;41;849;1872;18;4760.0;14.8;16.2;0;0;0;0;0;1;
2026.08.27;19:17:19.1;0.02;0.02;63;53;82;64;21;269;231;252;27;2.55;2.55;2.55;2.55;29;0;0;0;0;14.0;96;51;4.3;4;-;11;41;849;1339;11;2739.0;14.8;16.2;0;0;0;0;0;1;
2026.08.27;19:17:19.5;0.02;0.02;63;53;82;64;21;269;315;357;27;2.55;2.55;2.55;2.55;21;0;0;0;0;14.0;96;51;4.3;4;-;11;41;849;1339;8;2739.0;15.8;17.9;0;0;0;0;0;1;
2026.08.27;19:17:20.0;-0.02;-0.02;791;795;82;65;19;269;315;357;27;2.31;2.31;2.31;2.31;29;0;0;0;0;14.0;96;51;4.3;4;-;11;41;849;1575;8;2470.0;15.8;17.9;0;0;0;0;0;1;
2026.08.27;19:17:20.4;0.01;0.01;63;48;81;64;21;269;273;273;27;2.13;2.13;2.13;2.13;29;0;0;0;0;14.0;96;51;4.3;3;-;11;41;849;1525;8;4973.0;15.1;15.3;0;1;0;0;0;1;
2026.08.27;19:17:20.9;0.01;0.01;63;48;81;64;21;269;840;777;27;2.13;2.13;2.13;2.13;23;0;0;0;0;14.0;96;51;4.3;2;-;11;41;849;1525;38;4973.0;61.2;58.8;36;9;96;0;0;1;
2026.08.27;19:17:21.3;0.01;0.01;761;683;84;68;86;269;840;777;27;6.23;6.23;6.23;6.23;23;0;0;0;0;13.9;96;51;4.3;2;-;11;41;849;2598;38;4170.0;61.2;58.8;36;9;96;0;0;1;
2026.08.27;19:17:21.8;0.01;0.01;761;683;84;68;86;269;630;672;27;6.23;6.23;6.23;6.23;22;0;0;0;0;13.9;96;51;4.3;6;-;11;41;849;2598;34;4170.0;65.3;68.2;31;26;72;0;0;1;
2026.08.27;19:17:22.2;0.08;0.08;117;102;78;71;99;269;630;672;27;7.36;7.36;7.36;7.36;22;0;0;0;0;13.9;96;51;4.3;6;-;11;41;849;2103;34;5000.0;65.3;68.2;31;26;72;0;0;1;
2026.08.27;19:17:22.7;0.03;0.03;771;791;74;71;46;269;378;420;27;3.69;3.69;3.69;3.69;22;0;0;0;0;13.9;96;51;4.3;10;-;11;42;849;1550;17;4377.0;26.5;30.3;0;1;0;0;0;1;
2026.08.27;19:17:23.1;0.03;0.03;771;791;74;71;46;269;609;588;27;3.69;3.69;3.69;3.69;-2;0;0;0;0;13.9;96;51;4.3;11;-;11;42;849;1550;23;4377.0;38.6;37.7;3;1;0;0;0;1;
2026.08.27;19:17:23.6;0.08;0.08;73;63;73;73;72;269;609;588;27;6.02;6.02;6.02;6.02;7;0;0;0;0;14.0;96;51;4.3;11;-;11;42;849;1780;23;2171.0;38.6;37.7;3;1;0;0;0;1;
2026.08.27;19:17:24.0;0.07;0.07;795;791;71;72;37;269;315;462;27;2.60;2.60;2.60;2.60;7;0;0;0;0;14.0;96;51;4.3;12;-;11;42;849;2100;13;4348.0;22.7;32.7;0;1;0;0;0;1;
2026.08.27;19:17:24.5;0.07;0.07;795;791;71;72;37;269;315;315;27;2.60;2.60;2.60;2.60;24;0;0;0;0;14.0;96;51;4.3;12;-;11;42;849;2100;13;4348.0;21.4;21.9;0;0;0;0;0;1;
2026.08.27;19:17:24.9;0.02;0.02;742;771;71;72;37;269;315;315;27;2.71;2.71;2.71;2.71;7;0;0;0;0;14.0;96;51;4.3;12;-;11;42;849;1678;13;3759.0;21.4;21.9;0;0;0;0;0;1;
2026.08.27;19:17:25.4;0.04;0.04;63;53;70;72;62;269;504;483;27;4.40;4.40;4.40;4.40;7;0;0;0;0;14.0;96;51;4.3;12;-;11;41;849;1678;19;3759.0;32.5;30.8;0;1;0;0;0;1;
2026.08.27;19:17:25.8;0.04;0.04;63;53;70;72;62;269;483;504;27;4.40;4.40;4.40;4.40;19;0;0;0;0;14.0;96;51;4.3;12;-;11;41;849;1738;17;3191.0;30.9;33.5;0;0;0;0;0;1;
2026.08.27;19:17:26.3;0.06;0.06;664;449;70;73;52;267;483;504;27;3.79;3.79;3.79;3.79;20;0;0;0;0;14.0;96;51;4.3;12;-;11;41;849;1836;17;2672.0;30.9;33.5;0;0;0;0;0;1;
2026.08.27;19:17:26.7;0.07;0.07;73;68;70;73;91;267;504;441;27;4.74;4.74;4.74;4.74;20;0;0;0;0;14.0;96;51;4.3;13;-;10;42;849;1836;22;2672.0;34.1;31.8;0;1;0;0;0;1;
2026.08.27;19:17:27.2;0.07;0.07;73;68;70;73;91;267;609;651;27;4.74;4.74;4.74;4.74;15;0;0;0;0;14.0;96;51;4.3;13;-;10;42;849;1946;22;3804.0;53.0;57.0;21;12;71;0;0;1;
2026.08.27;19:17:27.6;0.08;0.08;747;732;68;73;99;267;609;651;27;6.24;6.24;6.24;6.24;15;0;0;0;0;14.0;96;51;4.3;15;-;10;42;849;2266;27;4466.0;53.0;57.0;21;12;71;0;0;0;
2026.08.27;19:17:28.1;-0.00;-0.00;288;649;65;74;68;267;378;441;27;2.82;2.82;2.82;2.82;16;0;0;0;0;14.0;96;51;4.3;16;-;10;42;849;2266;18;4466.0;33.7;40.4;0;0;0;0;0;0;
2026.08.27;19:17:28.5;-0.00;-0.00;288;649;65;74;68;267;336;336;27;2.82;2.82;2.82;2.82;25;0;0;0;0;14.0;96;51;4.3;16;-;10;42;849;2372;18;2991.0;30.3;31.7;0;0;0;0;0;0;
2026.08.27;19:17:29.0;0.09;0.09;87;78;64;74;52;267;336;336;27;2.45;2.45;2.45;2.45;25;0;0;0;0;14.0;96;51;4.3;17;-;10;42;849;2367;17;4628.0;30.3;31.7;0;0;0;0;0;0;
2026.08.27;19:17:29.4;0.16;0.16;595;102;64;74;49;267;252;273;27;2.32;2.32;2.32;2.32;32;0;0;0;0;14.0;96;51;4.3;16;-;10;41;849;2367;14;4628.0;22.1;23.8;0;0;0;0;0;0;
2026.08.27;19:17:29.9;0.16;0.16;595;102;64;74;49;267;525;420;27;2.32;2.32;2.32;2.32;26;0;0;0;0;14.0;96;44;4.2;16;-;10;41;849;2311;14;3939.0;48.2;40.6;0;0;0;0;0;0;
2026.08.27;19:17:30.3;0.11;0.11;63;63;63;74;99;267;525;420;27;6.53;6.53;6.53;6.53;26;0;0;0;0;14.0;96;44;4.2;16;-;10;41;849;2514;29;5000.0;48.2;40.6;0;0;0;0;0;0;
2026.08.27;19:17:30.8;0.11;0.11;63;63;63;74;99;267;756;756;27;6.53;6.53;6.53;6.53;12;0;0;0;0;14.0;96;44;4.2;19;-;10;42;849;2514;41;5000.0;96.0;97.2;39;39;48;0;0;0;
2026.08.27;19:17:31.2;0.04;0.04;678;712;62;76;99;267;756;756;27;9.83;9.83;9.83;9.83;14;0;0;0;0;14.0;96;44;4.2;19;-;10;42;849;3133;41;5000.0;120.5;122.7;36;36;48;0;0;0;
2026.08.27;19:17:31.7;-0.01;-0.01;502;546;61;79;99;267;756;756;27;8.45;8.45;8.45;8.45;14;0;0;0;0;14.0;96;44;4.2;24;-;12;42;849;3768;41;5000.0;120.5;122.7;36;36;48;0;0;0;
2026.08.27;19:17:32.1;-0.01;-0.01;502;546;61;79;99;267;609;651;27;8.45;8.45;8.45;8.45;25;0;0;0;0;14.0;96;44;4.2;28;-;12;42;849;3768;38;5000.0;125.9;133.8;35;37;44;0;0;0;
2026.08.27;19:17:32.6;-0.01;-0.01;747;722;55;78;99;267;609;651;27;6.37;6.37;6.37;6.37;25;0;0;0;0;14.0;96;44;4.2;28;-;12;42;849;4215;38;5000.0;125.9;133.8;35;37;44;0;0;0;
2026.08.27;19:17:33.0;0.00;0.00;4;0;25;77;0;244;231;273;27;0.00;0.00;0.00;0.00;25;0;0;0;0;14.0;95;44;4.2;30;-;12;42;849;3291;0;5000.0;40.0;48.1;0;1;0;0;0;1;
2026.08.27;19:17:33.5;0.00;0.00;4;0;25;77;0;244;210;231;27;0.00;0.00;0.00;0.00;-3;0;0;0;0;14.0;95;44;4.2;28;-;12;41;849;3291;3;5000.0;21.5;23.6;0;0;0;0;0;1;
2026.08.27;19:17:33.9;0.00;0.00;0;0;15;76;0;244;210;231;27;2.77;2.77;2.77;2.77;24;0;0;0;0;14.0;95;44;4.2;28;-;12;41;849;2253;3;5000.0;21.5;23.6;0;0;0;0;0;1;
2026.08.27;19:17:34.4;-0.01;-0.01;73;605;19;75;3;244;210;210;27;1.80;1.80;1.80;1.80;24;0;0;0;0;14.0;95;44;4.2;27;-;12;41;849;2253;9;5000.0;16.3;17.0;0;0;0;0;0;1;
2026.08.27;19:17:34.8;-0.01;-0.01;73;605;19;75;3;244;462;378;27;1.80;1.80;1.80;1.80;6;0;0;0;0;14.0;95;44;4.2;27;-;12;42;849;2063;9;3513.0;36.4;30.2;0;0;0;0;0;1;
2026.08.27;19:17:35.3;0.01;0.01;766;751;21;74;10;244;462;378;27;4.96;4.96;4.96;4.96;12;0;0;0;0;14.0;95;44;4.2;26;-;12;42;849;2041;23;2972.0;36.4;30.2;0;0;0;0;0;1;
2026.08.27;19:17:35.7;0.01;0.01;800;761;26;74;40;244;672;672;27;9.63;9.63;9.63;9.63;12;0;0;0;0;14.0;95;44;4.2;27;-;12;42;849;2041;34;2972.0;62.4;62.0;26;16;81;0;0;0;
2026.08.27;19:17:36.2;0.01;0.01;800;761;26;74;40;244;840;798;27;9.63;9.63;9.63;9.63;17;0;0;0;0;14.0;95;44;4.2;27;-;12;42;849;2154;34;4300.0;85.9;82.2;37;37;48;0;0;0;
2026.08.27;19:17:36.6;0.03;0.03;756;703;0;0;82;244;840;798;27;10.01;10.01;10.01;10.01;17;0;0;0;0;14.0;95;37;4.2;29;-;13;42;849;2329;37;5000.0;85.9;82.2;37;37;48;0;0;0;
2026.08.27;19:17:37.1;0.03;0.03;756;703;0;0;82;244;819;819;27;10.01;10.01;10.01;10.01;9;0;0;0;0;14.0;95;37;4.2;32;-;13;42;849;2329;40;5000.0;94.3;93.8;37;38;53;0;0;0;
2026.08.27;19:17:37.5;0.04;0.04;92;83;27;71;99;244;819;819;27;10.23;10.23;10.23;10.23;20;0;0;0;0;14.0;95;37;4.2;32;-;13;42;849;2553;40;4296.0;94.3;93.8;37;38;53;0;0;0;
2026.08.27;19:17:38.0;0.06;0.06;249;317;26;70;99;244;819;819;27;10.70;10.70;10.70;10.70;20;0;0;0;0;14.0;95;37;4.2;34;-;13;42;849;2553;40;4296.0;102.3;103.8;38;38;53;0;0;0;
2026.08.27;19:17:38.4;0.06;0.06;249;317;26;70;99;244;735;756;27;10.70;10.70;10.70;10.70;13;0;0;0;0;14.0;95;37;4.2;36;-;13;42;849;2725;32;5000.0;95.4;98.4;38;38;54;0;0;0;
2026.08.27;19:17:38.9;0.01;0.01;786;747;25;69;48;244;735;756;27;5.92;5.92;5.92;5.92;19;0;0;0;0;14.0;95;37;4.2;36;-;13;42;849;2803;32;4003.0;95.4;98.4;38;38;54;0;0;0;
2026.08.27;19:17:39.3;-0.02;-0.02;170;541;17;67;33;244;441;462;27;3.80;3.80;3.80;3.80;19;0;0;0;0;14.0;95;37;4.2;36;-;13;42;849;2803;25;4003.0;47.9;50.6;0;0;0;0;0;0;
2026.08.27;19:17:39.8;-0.02;-0.02;170;541;17;67;33;244;420;420;27;3.80;3.80;3.80;3.80;27;0;0;0;0;14.0;95;37;4.2;36;-;13;42;849;2783;25;5000.0;46.6;46.5;0;0;0;0;0;0;
2026.08.27;19:17:40.2;-0.04;-0.04;556;625;19;66;38;218;420;420;27;3.79;3.79;3.79;3.79;27;0;0;0;0;14.0;95;37;4.2;36;-;13;42;849;2750;25;5000.0;46.6;46.5;0;0;0;0;0;0;
2026.08.27;19:17:40.7;0.01;0.01;92;78;23;64;43;218;441;420;27;4.09;4.09;4.09;4.09;27;0;0;0;0;14.0;95;37;4.2;35;-;13;42;849;2750;25;5000.0;46.7;45.9;0;0;0;0;0;0;
2026.08.27;19:17:41.1;0.01;0.01;92;78;23;64;43;218;441;441;27;4.09;4.09;4.09;4.09;27;0;0;0;0;14.0;95;37;4.2;35;-;13;42;849;2718;25;3866.0;46.7;46.9;0;0;0;0;0;0;
2026.08.27;19:17:41.6;0.01;0.01;717;654;27;63;46;218;441;441;27;4.03;4.03;4.03;4.03;27;0;0;0;0;14.0;95;37;4.2;35;-;13;42;849;2718;25;3866.0;46.7;46.9;0;0;0;0;0;0;
2026.08.27;19:17:42.1;0.01;0.01;717;654;27;63;46;218;441;441;27;4.03;4.03;4.03;4.03;26;0;0;0;0;14.0;95;37;4.2;35;-;13;42;849;2681;25;3801.0;46.6;46.6;0;0;0;0;0;0;
2026.08.27;19:17:42.5;0.01;0.01;693;683;30;63;48;218;441;441;27;3.95;3.95;3.95;3.95;27;0;0;0;0;14.0;95;37;4.2;34;-;13;42;849;2651;25;4387.0;46.6;46.6;0;0;0;0;0;0;
2026.08.27;19:17:43.0;-0.01;-0.01;620;654;32;62;35;218;336;378;27;2.54;2.54;2.54;2.54;27;0;0;0;0;14.0;95;37;4.2;34;-;13;42;849;2651;18;4387.0;33.3;37.2;0;0;0;0;0;0;
2026.08.27;19:17:43.4;-0.01;-0.01;620;654;32;62;35;218;252;273;27;2.54;2.54;2.54;2.54;31;0;0;0;0;14.0;95;37;4.2;34;-;13;42;849;2592;18;3636.0;23.6;25.5;0;0;0;0;0;0;
2026.08.27;19:17:43.9;0.08;0.08;239;102;35;61;31;218;252;273;27;2.37;2.37;2.37;2.37;31;0;0;0;0;14.0;94;37;4.2;33;-;13;42;849;2536;16;3874.0;23.6;25.5;0;0;0;0;0;0;
2026.08.27;19:17:44.3;0.01;0.01;97;424;37;60;33;218;252;273;27;2.27;2.27;2.27;2.27;34;0;0;0;0;14.0;94;37;4.2;32;-;13;42;849;2536;16;3874.0;24.0;25.1;0;0;0;0;0;0;
2026.08.27;19:17:44.8;0.01;0.01;97;424;37;60;33;218;273;273;27;2.27;2.27;2.27;2.27;31;0;0;0;0;14.0;94;37;4.2;32;-;13;42;849;2467;16;3335.0;25.4;24.8;0;0;0;0;0;0;
2026.08.27;19:17:45.2;0.02;0.02;654;668;39;60;42;218;273;273;27;2.74;2.74;2.74;2.74;27;0;0;0;0;14.0;94;37;4.2;31;-;13;42;849;2416;18;4525.0;25.4;24.8;0;0;0;0;0;0;
2026.08.27;19:17:45.7;0.03;0.02;654;668;39;60;42;218;441;378;27;2.74;2.74;2.74;2.74;27;0;0;0;0;14.0;94;37;4.2;31;-;13;42;849;2416;26;4525.0;40.4;37.0;0;0;0;0;0;0;
2026.08.27;19:17:46.1;0.03;0.03;78;68;41;59;78;218;609;609;27;4.81;4.81;4.81;4.81;21;0;0;0;0;14.0;94;37;4.2;31;-;13;42;849;2416;26;3961.0;66.6;37.0;0;0;0;0;0;0;
2026.08.27;19:17:46.6;0.03;0.03;673;683;43;59;99;218;609;609;27;6.95;6.95;6.95;6.95;21;0;0;0;0;14.0;94;37;4.2;32;-;13;42;849;2536;32;4011.0;66.6;67.8;22;19;64;0;0;0;
2026.08.27;19:17:47.0;0.03;0.03;673;683;43;59;99;218;588;609;27;6.95;6.95;6.95;6.95;22;0;0;0;0;14.0;94;37;4.2;32;-;13;42;849;2536;32;4011.0;68.3;71.0;21;22;44;0;0;0;
2026.08.27;19:17:47.5;0.05;0.05;146;141;42;60;99;218;588;609;27;6.78;6.78;6.78;6.78;22;0;0;0;0;14.0;93;30;4.2;33;-;13;42;849;2669;32;5000.0;68.3;71.0;21;22;44;0;0;0;
2026.08.27;19:17:47.9;0.05;0.05;146;141;42;60;99;218;567;588;27;6.78;6.78;6.78;6.78;22;0;0;0;0;14.0;93;30;4.2;35;-;13;42;849;2669;32;5000.0;69.3;72.6;19;19;45;0;0;0;
2026.08.27;19:17:48.4;0.00;0.00;556;634;40;60;99;218;693;672;27;6.07;6.07;6.07;6.07;22;0;0;0;0;14.0;93;30;4.2;35;-;13;42;849;2790;32;5000.0;90.4;91.5;38;33;69;0;0;0;
2026.08.27;19:17:48.8;0.08;0.08;341;351;40;60;99;218;693;672;27;9.15;9.15;9.15;9.15;22;0;0;0;0;14.1;93;30;4.2;37;-;13;42;849;2937;38;5000.0;90.4;91.5;38;33;69;0;0;0;
2026.08.27;19:17:49.3;0.08;0.08;341;351;40;60;99;218;735;735;27;9.15;9.15;9.15;9.15;21;0;0;0;0;14.1;93;30;4.2;39;-;13;42;849;2937;40;5000.0;104.4;106.5;37;36;55;0;0;0;
2026.08.27;19:17:49.7;0.01;0.01;747;708;39;60;99;218;735;735;27;8.97;8.97;8.97;8.97;20;0;0;0;0;14.1;93;30;4.2;39;-;13;42;849;3141;40;5000.0;104.4;106.5;37;36;55;0;0;0;
2026.08.27;19:17:50.2;0.04;0.04;405;341;36;60;99;218;714;735;27;8.80;8.80;8.80;8.80;20;0;0;0;0;14.1;93;30;4.2;42;-;13;42;849;3141;40;5000.0;110.7;113.3;36;37;45;0;0;0;
2026.08.27;19:17:50.6;0.04;0.04;405;341;36;60;99;218;693;714;27;8.80;8.80;8.80;8.80;22;0;0;0;0;14.1;93;30;4.2;42;-;13;42;849;3329;40;5000.0;112.2;114.3;37;37;47;0;0;0;
2026.08.27;19:17:51.1;0.02;0.02;78;73;34;60;99;218;693;714;27;8.24;8.24;8.24;8.24;22;0;0;0;0;14.1;93;30;4.2;44;-;13;42;849;3508;40;5000.0;112.2;114.3;37;37;47;0;0;0;
2026.08.27;19:17:51.5;0.02;0.02;78;73;34;60;99;218;588;630;27;8.24;8.24;8.24;8.24;23;0;0;0;0;14.1;93;30;4.2;46;-;14;42;849;3508;33;5000.0;96.6;102.0;37;38;44;0;0;0;
2026.08.27;19:17:52.0;-0.04;-0.04;825;786;30;60;49;218;588;630;27;4.25;4.25;4.25;4.25;-13;0;0;0;0;14.1;93;30;4.2;46;-;14;42;849;3519;33;4149.0;96.6;102.0;37;38;44;0;0;0;
2026.08.27;19:17:52.4;0.00;0.00;4;0;7;58;0;218;210;231;27;0.00;0.00;0.00;0.00;-13;0;0;0;0;14.1;93;30;4.2;45;-;14;42;849;3519;0;4149.0;23.5;26.2;0;0;0;0;0;1;
2026.08.27;19:17:52.9;0.00;0.00;4;0;7;58;0;218;210;231;27;0.00;0.00;0.00;0.00;0;0;0;0;0;14.1;93;30;4.2;44;-;14;42;849;2472;0;4508.0;15.7;17.2;0;0;0;0;1;1;
2026.08.27;19:17:53.3;0.00;0.00;0;0;12;57;0;218;210;231;27;0.00;0.00;0.00;0.00;0;0;0;0;0;14.1;93;30;4.2;44;-;14;42;849;1533;0;4583.0;15.7;17.2;0;0;0;0;1;1;
2026.08.27;19:17:53.8;0.00;0.00;703;53;19;57;0;218;210;210;27;2.10;2.10;2.10;2.10;0;0;0;0;0;14.1;93;30;4.2;40;-;14;42;849;1533;0;4583.0;10.5;11.2;0;0;0;0;1;1;
2026.08.27;19:17:54.2;0.00;0.00;703;53;19;57;0;218;210;210;27;2.10;2.10;2.10;2.10;3;0;0;0;0;14.1;93;30;4.2;40;-;14;42;849;1367;0;3721.0;8.6;8.9;0;0;0;0;1;1;
2026.08.27;19:17:54.7;-0.00;-0.00;810;830;24;56;0;238;210;210;27;1.74;1.74;1.74;1.74;3;0;0;0;0;14.1;93;30;4.2;35;-;14;42;849;992;0;2719.0;8.6;8.9;0;0;0;0;0;1;
2026.08.27;19:17:55.1;-0.02;-0.02;805;712;27;54;0;238;504;294;27;4.23;4.23;4.23;4.23;22;0;0;0;0;14.1;93;30;4.2;33;-;14;42;849;992;12;2719.0;17.9;11.2;0;1;0;0;0;1;
2026.08.27;19:17:55.6;-0.02;-0.02;805;712;27;54;0;238;504;546;27;4.23;4.23;4.23;4.23;6;0;0;0;0;14.0;93;30;4.2;33;-;14;42;849;1249;12;2405.0;41.1;44.0;0;0;0;0;0;1;
2026.08.27;19:17:56.0;-0.05;-0.05;810;756;30;54;0;238;504;546;27;3.88;3.88;3.88;3.88;6;0;0;0;0;14.0;93;30;4.2;32;-;14;42;849;2396;21;3950.0;41.1;44.0;0;0;0;0;0;1;
2026.08.27;19:17:56.5;-0.05;-0.05;810;756;30;54;0;238;651;672;27;3.88;3.88;3.88;3.88;19;0;0;0;0;14.0;93;30;4.2;32;-;12;42;849;2396;31;3950.0;65.8;66.7;31;28;33;0;0;0;
2026.08.27;19:17:56.9;-0.03;-0.03;297;502;34;54;0;238;651;672;27;7.72;7.72;7.72;7.72;12;0;0;0;0;14.0;93;30;4.2;32;-;12;42;849;1851;31;2640.0;65.8;66.7;31;28;33;0;0;0;
2026.08.27;19:17:57.4;0.00;0.00;97;112;37;54;0;238;798;798;27;9.57;9.57;9.57;9.57;12;0;0;0;0;14.0;93;30;4.2;33;-;12;42;849;1851;29;2640.0;67.5;65.9;36;35;49;0;0;0;
2026.08.27;19:17:57.8;0.00;0.00;97;112;37;54;0;238;777;777;27;9.57;9.57;9.57;9.57;12;0;0;0;0;14.1;93;30;4.2;33;-;12;43;849;1800;29;2895.0;63.9;64.7;36;36;48;0;0;0;
2026.08.27;19:17:58.3;-0.00;-0.00;810;737;39;54;0;238;777;777;27;4.53;4.53;4.53;4.53;12;0;0;0;0;14.1;93;30;4.2;34;-;12;43;849;1671;20;2749.0;63.9;64.7;36;36;48;0;0;0;
2026.08.27;19:17:58.7;-0.04;-0.04;815;800;40;54;0;238;210;273;27;1.62;1.62;1.62;1.62;-28;0;0;0;0;14.1;93;30;4.2;33;-;12;43;849;1671;0;2749.0;10.1;12.8;0;0;0;0;0;1;
2026.08.27;19:17:59.2;-0.04;-0.04;815;800;40;54;0;238;273;231;27;1.62;1.62;1.62;1.62;18;0;0;0;0;14.1;93;30;4.2;33;-;12;42;849;1051;0;1795.0;9.8;8.4;0;0;0;0;0;1;
2026.08.27;19:17:59.6;-0.05;-0.05;844;834;42;53;0;238;273;231;27;2.14;2.14;2.14;2.14;7;0;0;0;0;14.0;93;30;4.2;31;-;12;42;849;1027;0;1910.0;9.8;8.4;0;0;0;0;1;0;
2026.08.27;19:18:00.1;-0.06;-0.06;854;854;45;54;0;238;273;273;27;2.01;2.01;2.01;2.01;7;0;0;0;0;14.0;93;30;4.2;26;-;12;42;849;1027;0;1910.0;9.7;9.8;0;1;0;0;1;0;
2026.08.27;19:18:00.5;-0.06;-0.06;854;854;45;54;0;238;273;273;27;2.01;2.01;2.01;2.01;3;0;0;0;0;14.0;93;30;4.2;26;-;12;42;849;907;0;2536.0;7.6;7.8;0;0;0;0;1;0;
2026.08.27;19:18:01.0;-0.06;-0.06;825;839;45;51;0;238;273;273;27;2.10;2.10;2.10;2.10;3;0;0;0;0;14.0;93;30;4.2;22;-;12;42;849;800;0;1994.0;7.6;7.8;0;0;0;0;1;1;
2026.08.27;19:18:01.4;-0.07;-0.07;834;839;48;52;0;238;294;273;27;2.19;2.19;2.19;2.19;2;0;0;0;0;14.0;93;30;4.2;20;-;8;42;849;800;0;1994.0;7.6;7.7;0;0;0;0;0;1;
2026.08.27;19:18:01.9;-0.07;-0.07;834;839;48;52;0;287;294;294;27;2.19;2.19;2.19;2.19;2;0;0;0;0;14.0;93;30;4.2;20;-;8;42;849;770;0;1419.0;7.4;7.7;0;0;0;0;0;1;
2026.08.27;19:18:02.3;-0.08;-0.08;830;844;49;51;0;287;294;294;27;2.31;2.31;2.31;2.31;2;0;0;0;0;14.0;93;30;4.2;18;-;8;42;849;747;0;1362.0;7.4;7.7;0;0;0;0;1;1;
2026.08.27;19:18:02.8;-0.09;-0.09;820;839;50;50;0;287;294;315;27;4.05;4.05;4.05;4.05;3;0;0;0;0;14.0;93;30;4.2;16;-;8;42;849;747;5;1362.0;7.9;8.2;0;0;0;0;0;1;
2026.08.27;19:18:03.2;-0.09;-0.09;820;839;50;50;0;287;483;546;27;4.05;4.05;4.05;4.05;9;0;0;0;0;14.0;93;30;4.2;16;-;8;43;849;893;5;1988.0;26.2;30.5;0;0;0;0;0;1;
2026.08.27;19:18:03.7;-0.06;-0.06;83;68;52;50;0;287;483;546;27;3.65;3.65;3.65;3.65;9;0;0;0;0;14.1;93;30;4.2;15;-;8;43;849;2357;17;2830.0;26.2;30.5;0;0;0;0;0;1;
2026.08.27;19:18:04.1;-0.03;-0.03;58;48;54;51;0;287;357;336;27;5.02;5.02;5.02;5.02;28;0;0;0;0;14.1;93;30;4.2;14;-;8;43;849;2357;24;2830.0;33.4;30.3;0;0;0;0;0;1;
2026.08.27;19:18:04.6;-0.03;-0.03;58;48;54;51;0;287;588;609;27;5.02;5.02;5.02;5.02;6;0;0;0;0;14.1;93;30;4.2;14;-;8;43;849;2126;24;4634.0;59.9;61.3;19;19;46;0;0;1;
2026.08.27;19:18:05.0;-0.04;-0.04;761;747;54;52;0;287;588;609;27;6.87;6.87;6.87;6.87;6;0;0;0;0;14.1;94;37;4.2;16;-;8;43;849;2441;30;4359.0;59.9;61.3;19;19;46;0;0;0;
2026.08.27;19:18:05.5;-0.03;-0.03;576;615;50;53;0;287;693;693;27;8.96;8.96;8.96;8.96;11;0;0;0;0;14.1;94;37;4.2;18;-;8;43;849;2441;37;4359.0;86.1;86.5;39;37;64;0;0;0;
2026.08.27;19:18:05.9;-0.03;-0.03;576;615;50;53;0;287;756;756;27;8.96;8.96;8.96;8.96;13;0;0;0;0;14.1;94;37;4.2;18;-;8;43;849;2951;37;4954.0;114.2;116.3;36;36;54;0;0;0;
2026.08.27;19:18:06.4;-0.00;-0.00;688;571;49;56;0;287;756;756;27;8.77;8.77;8.77;8.77;13;0;0;0;0;14.1;94;37;4.2;23;-;13;43;849;3594;41;5000.0;114.2;116.3;36;36;54;0;0;0;
2026.08.27;19:18:06.8;-0.00;-0.00;688;571;49;56;0;287;609;651;27;8.77;8.77;8.77;8.77;25;0;0;0;0;14.1;94;37;4.2;27;-;13;43;849;3594;35;5000.0;120.4;127.3;37;38;46;0;0;0;
2026.08.27;19:18:07.3;-0.06;-0.06;703;712;45;57;0;287;210;252;27;5.58;5.58;5.58;5.58;1;0;0;0;0;14.1;94;37;4.2;27;-;13;42;849;4069;35;5000.0;31.3;38.2;0;0;46;0;0;0;
2026.08.27;19:18:07.7;0.00;0.00;4;4;19;57;0;287;210;252;27;0.00;0.00;0.00;0.00;1;0;0;0;0;14.1;94;37;4.2;28;-;13;42;849;3035;0;5000.0;31.3;38.2;0;0;0;0;0;1;
2026.08.27;19:18:08.2;0.00;0.00;4;4;19;57;0;287;210;231;27;0.00;0.00;0.00;0.00;4;0;0;0;0;14.1;94;37;4.2;27;-;13;42;849;3035;17;5000.0;20.5;22.6;0;0;0;0;0;1;
2026.08.27;19:18:08.6;-0.00;-0.00;776;732;11;56;0;245;210;231;27;2.27;2.27;2.27;2.27;21;0;0;0;0;14.1;94;37;4.2;27;-;13;42;849;2194;17;4397.0;20.5;22.6;0;0;0;0;0;1;
2026.08.27;19:18:09.1;-0.01;-0.01;747;722;14;55;0;245;462;420;27;4.48;4.48;4.48;4.48;21;0;0;0;0;14.1;94;37;4.2;27;-;13;42;849;2194;23;4397.0;38.5;34.7;0;0;0;0;0;1;
2026.08.27;19:18:09.6;-0.01;-0.01;747;722;14;55;0;245;504;483;27;4.48;4.48;4.48;4.48;23;0;0;0;0;14.1;94;37;4.2;27;-;13;42;849;2103;24;2959.0;40.9;40.4;0;1;0;0;0;0;
2026.08.27;19:18:10.0;-0.01;-0.01;732;693;21;55;0;245;504;483;27;5.03;5.03;5.03;5.03;13;0;0;0;0;14.1;94;37;4.2;27;-;13;42;849;2138;24;3320.0;40.9;40.4;0;1;0;0;0;0;
2026.08.27;19:18:10.5;-0.00;-0.00;717;693;27;55;0;245;588;609;27;6.81;6.81;6.81;6.81;13;0;0;0;0;14.1;94;37;4.2;28;-;13;43;849;2227;29;4386.0;56.0;57.4;18;17;55;0;0;0;
2026.08.27;19:18:10.9;-0.00;-0.00;717;693;27;55;0;245;609;609;27;6.81;6.81;6.81;6.81;18;0;0;0;0;14.1;94;37;4.2;29;-;13;43;849;2227;32;4386.0;61.7;62.2;20;20;49;0;0;0;
2026.08.27;19:18:11.4;0.01;0.01;92;131;30;54;0;245;672;693;27;7.49;7.49;7.49;7.49;21;0;0;0;0;14.1;94;37;4.2;29;-;13;43;849;2348;32;3457.0;75.6;77.5;37;37;52;0;0;0;
2026.08.27;19:18:11.8;0.04;0.04;97;97;32;55;0;245;672;693;27;8.30;8.30;8.30;8.30;21;0;0;0;0;14.1;95;37;4.2;31;-;13;43;849;2504;34;5000.0;75.6;77.5;37;37;52;0;0;0;
2026.08.27;19:18:12.3;0.04;0.04;97;97;32;55;0;245;693;693;27;8.30;8.30;8.30;8.30;21;0;0;0;0;14.1;95;37;4.2;33;-;13;43;849;2504;37;5000.0;83.8;83.3;38;39;42;0;0;0;
2026.08.27;19:18:12.7;0.02;0.02;727;678;33;55;0;245;693;693;27;10.15;10.15;10.15;10.15;13;0;0;0;0;14.1;95;37;4.2;33;-;13;43;849;2675;37;5000.0;83.8;83.3;38;39;42;0;0;0;
2026.08.27;19:18:13.2;0.02;0.02;703;683;32;55;0;245;798;798;27;9.67;9.67;9.67;9.67;13;0;0;0;0;14.1;95;37;4.2;36;-;13;43;849;2675;40;5000.0;104.3;103.7;38;38;48;0;0;0;
2026.08.27;19:18:13.6;0.02;0.02;703;683;32;55;0;245;756;777;27;9.67;9.67;9.67;9.67;20;0;0;0;0;14.1;95;37;4.2;39;-;13;43;849;2900;40;5000.0;108.0;108.9;37;38;42;0;0;0;
2026.08.27;19:18:14.1;0.02;0.02;742;664;31;55;0;245;756;777;27;9.22;9.22;9.22;9.22;13;0;0;0;0;14.0;95;37;4.2;39;-;13;43;849;3108;40;5000.0;108.0;108.9;37;38;42;0;0;0;
2026.08.27;19:18:14.5;-0.01;-0.01;92;136;29;56;0;245;651;672;27;6.40;6.40;6.40;6.40;13;0;0;0;0;14.0;95;37;4.2;41;-;13;42;849;3108;34;5000.0;97.2;100.0;37;37;46;0;0;0;
2026.08.27;19:18:15.0;-0.01;-0.01;92;136;29;56;0;245;546;546;27;6.40;6.40;6.40;6.40;24;0;0;0;0;14.0;95;37;4.2;41;-;13;42;849;3219;34;5000.0;80.8;83.5;19;19;46;0;0;0;
2026.08.27;19:18:15.4;-0.05;-0.05;175;292;24;55;0;255;546;546;27;6.41;6.41;6.41;6.41;24;0;0;0;0;14.0;95;44;4.2;42;-;13;42;849;3357;35;5000.0;80.8;83.5;19;19;46;0;0;0;
2026.08.27;19:18:15.9;-0.05;-0.05;175;292;24;55;0;255;630;630;27;6.41;6.41;6.41;6.41;22;0;0;0;0;14.0;95;44;4.2;44;-;13;42;849;3357;38;5000.0;99.2;102.4;36;36;56;0;0;0;
2026.08.27;19:18:16.3;-0.03;-0.03;693;649;22;54;0;255;630;630;27;7.36;7.36;7.36;7.36;23;0;0;0;0;14.0;95;44;4.2;44;-;13;42;849;3487;38;5000.0;99.2;102.4;36;36;56;0;0;0;
2026.08.27;19:18:16.8;0.00;0.00;156;263;21;55;0;255;672;693;27;8.26;8.26;8.26;8.26;23;0;0;0;0;14.0;95;44;4.2;46;-;13;42;849;3639;41;5000.0;115.3;117.3;39;39;49;0;0;0;
2026.08.27;19:18:17.2;0.00;0.00;156;263;21;55;0;255;651;672;27;8.26;8.26;8.26;8.26;21;0;0;0;0;14.0;95;44;4.2;48;-;13;42;849;3639;40;5000.0;118.3;121.3;39;39;49;0;0;0;
2026.08.27;19:18:17.7;-0.01;-0.01;776;712;19;53;0;255;651;672;27;7.77;7.77;7.77;7.77;1;0;0;0;0;14.0;95;44;4.2;48;-;13;42;849;3744;40;5000.0;118.3;121.3;39;39;49;0;0;0;
2026.08.27;19:18:18.1;0.00;0.00;9;14;5;53;0;255;210;252;27;0.00;0.00;0.00;0.00;1;0;0;0;0;13.9;95;44;4.2;48;-;13;42;849;2959;0;3434.0;28.7;36.3;0;0;0;0;0;1;
2026.08.27;19:18:18.6;0.00;0.00;9;14;5;53;0;255;210;210;27;0.00;0.00;0.00;0.00;4;0;0;0;0;13.9;95;44;4.2;47;-;13;42;849;2959;16;3434.0;19.6;21.4;0;0;0;0;0;1;
2026.08.27;19:18:19.0;0.00;0.00;776;664;5;52;0;255;210;210;27;2.55;2.55;2.55;2.55;17;0;0;0;0;13.9;96;44;4.2;47;-;13;42;849;2509;16;5000.0;19.6;21.4;0;0;0;0;0;1;
2026.08.27;19:18:19.5;0.03;0.03;620;205;8;50;0;255;441;399;27;4.30;4.30;4.30;4.30;17;0;0;0;0;13.9;96;44;4.2;46;-;13;42;849;2509;21;5000.0;43.0;38.9;0;0;0;0;0;1;
2026.08.27;19:18:19.9;0.03;0.03;620;205;8;50;0;255;462;462;27;4.30;4.30;4.30;4.30;25;0;0;0;0;13.9;96;44;4.2;46;-;13;42;849;2477;21;5000.0;45.1;45.2;0;0;0;0;0;1;
2026.08.27;19:18:20.4;-0.01;-0.01;737;703;15;48;0;255;462;462;27;4.42;4.42;4.42;4.42;25;0;0;0;0;14.1;96;44;4.2;46;-;13;42;849;2461;21;4770.0;45.1;45.2;0;0;0;0;0;0;
2026.08.27;19:18:20.8;-0.01;-0.01;786;732;20;47;0;255;441;462;27;3.47;3.47;3.47;3.47;25;0;0;0;0;14.1;96;44;4.2;46;-;12;42;849;2461;17;4770.0;41.9;43.8;0;0;0;0;0;0;
2026.08.27;19:18:21.3;-0.01;-0.01;786;732;20;47;0;255;315;336;27;3.47;3.47;3.47;3.47;27;0;0;0;0;14.1;96;44;4.2;46;-;12;42;849;2436;17;3230.0;30.2;31.2;0;0;0;0;0;0;
2026.08.27;19:18:21.7;-0.01;-0.01;712;527;26;46;3;255;315;336;27;2.90;2.90;2.90;2.90;27;0;0;0;0;14.1;96;44;4.2;45;-;12;42;849;2391;15;3228.0;30.2;31.2;0;0;0;0;0;0;
2026.08.27;19:18:22.2;-0.01;-0.01;712;527;26;46;3;255;294;294;27;2.90;2.90;2.90;2.90;28;0;0;0;0;14.1;96;44;4.2;44;-;12;42;849;2391;14;3228.0;26.0;26.9;0;0;0;0;0;0;
2026.08.27;19:18:22.6;0.04;0.04;102;92;30;45;7;228;294;294;27;2.81;2.81;2.81;2.81;13;0;0;0;0;14.1;96;51;4.2;44;-;12;42;849;2353;14;4208.0;26.0;26.9;0;0;0;0;0;0;
2026.08.27;19:18:23.1;-0.03;-0.03;717;737;32;44;10;228;336;336;27;3.02;3.02;3.02;3.02;13;0;0;0;0;14.1;96;51;4.2;43;-;12;42;849;2306;14;5000.0;30.2;29.8;0;0;0;0;0;0;
2026.08.27;19:18:23.5;-0.03;-0.03;717;737;32;44;10;228;357;357;27;3.02;3.02;3.02;3.02;14;0;0;0;0;14.1;96;51;4.2;43;-;12;42;849;2306;14;5000.0;32.0;31.0;0;0;0;0;0;0;
2026.08.27;19:18:24.0;-0.01;-0.01;771;688;34;44;13;228;357;357;27;3.31;3.31;3.31;3.31;13;0;0;0;0;14.1;96;51;4.2;43;-;12;42;849;2257;14;5000.0;32.0;31.0;0;0;0;0;0;0;
2026.08.27;19:18:24.4;-0.01;-0.01;737;673;35;43;17;228;399;378;27;4.10;4.10;4.10;4.10;13;0;0;0;0;14.0;96;51;4.2;42;-;12;42;849;2240;17;3269.0;34.6;32.8;0;0;0;0;0;0;
2026.08.27;19:18:24.9;-0.01;-0.01;737;673;35;43;17;228;609;567;27;4.10;4.10;4.10;4.10;15;0;0;0;0;14.0;96;51;4.2;42;-;12;42;849;2240;23;3269.0;53.1;51.4;0;0;0;0;0;0;
2026.08.27;19:18:25.3;-0.01;-0.01;708;673;38;44;33;228;609;567;27;7.40;7.40;7.40;7.40;7;0;0;0;0;14.0;96;51;4.2;42;-;12;42;849;2249;23;3982.0;53.1;51.4;0;0;0;0;0;0;
2026.08.27;19:18:25.8;0.01;0.01;92;112;37;44;48;228;651;672;27;7.54;7.54;7.54;7.54;7;0;0;0;0;14.0;96;51;4.2;42;-;13;43;849;2249;26;3982.0;67.6;69.4;33;35;40;0;0;0;
2026.08.27;19:18:26.2;0.01;0.01;92;112;37;44;48;228;588;609;27;7.54;7.54;7.54;7.54;19;0;0;0;0;14.0;96;51;4.2;43;-;13;43;849;2293;25;4134.0;61.4;62.7;19;20;49;0;0;0;
2026.08.27;19:18:26.7;-0.01;-0.01;97;126;34;45;45;228;588;609;27;6.34;6.34;6.34;6.34;15;0;0;0;0;14.0;96;51;4.2;43;-;13;43;849;2334;25;5000.0;61.4;62.7;19;20;49;0;0;0;
2026.08.27;19:18:27.1;0.01;0.01;136;107;34;45;44;228;567;567;27;5.43;5.43;5.43;5.43;15;0;0;0;0;14.0;96;51;4.2;44;-;13;42;849;2334;22;5000.0;52.9;53.1;0;0;0;0;0;0;
2026.08.27;19:18:27.6;0.01;0.01;136;107;34;45;44;228;441;483;27;5.43;5.43;5.43;5.43;13;0;0;0;0;14.0;96;51;4.2;44;-;13;42;849;2348;22;4008.0;40.3;44.2;0;0;0;0;0;0;
2026.08.27;19:18:28.0;-0.04;-0.04;83;97;37;45;36;228;441;483;27;3.93;3.93;3.93;3.93;13;0;0;0;0;14.0;96;51;4.2;44;-;13;42;849;2348;18;4734.0;40.3;44.2;0;0;0;0;0;0;
2026.08.27;19:18:28.5;-0.04;-0.04;83;97;37;45;36;228;441;441;27;3.93;3.93;3.93;3.93;25;0;0;0;0;14.0;96;51;4.2;44;-;13;42;849;2348;18;4734.0;40.5;41.0;0;0;0;0;0;0;
2026.08.27;19:18:28.9;-0.02;-0.02;92;112;41;46;40;228;441;441;27;4.01;4.01;4.01;4.01;25;0;0;0;0;14.0;96;51;4.2;44;-;13;42;849;2343;18;3701.0;40.5;41.1;0;0;0;0;0;0;
2026.08.27;19:18:29.4;-0.01;-0.01;136;97;43;45;43;228;441;441;27;4.10;4.10;4.10;4.10;25;0;0;0;0;14.0;96;51;4.2;44;-;13;42;849;2343;18;3701.0;40.5;41.1;0;0;0;0;0;0;
2026.08.27;19:18:29.8;-0.01;-0.01;136;97;43;45;43;229;441;441;27;4.10;4.10;4.10;4.10;25;0;0;0;0;14.0;96;51;4.2;44;-;13;42;849;2320;18;4273.0;40.5;40.7;0;0;0;0;0;0;
2026.08.27;19:18:30.3;-0.04;-0.04;751;688;45;46;47;229;441;441;27;3.94;3.94;3.94;3.94;22;0;0;0;0;14.0;96;51;4.2;43;-;13;42;849;2315;19;4939.0;40.5;40.7;0;0;0;0;0;0;
2026.08.27;19:18:30.7;0.04;0.04;161;131;47;46;98;229;525;504;27;6.76;6.76;6.76;6.76;22;0;0;0;0;14.0;96;51;4.2;43;-;17;42;849;2315;24;4939.0;48.2;46.1;0;0;0;0;0;0;
2026.08.27;19:18:31.2;0.04;0.04;161;131;47;46;98;229;756;756;27;6.76;6.76;6.76;6.76;19;0;0;0;0;13.9;96;51;4.2;43;-;17;43;849;2334;24;3191.0;84.5;84.9;37;36;51;0;0;0;
2026.08.27;19:18:31.6;-0.00;-0.00;68;63;48;48;99;229;756;756;27;9.50;9.50;9.50;9.50;18;0;0;0;0;13.9;96;51;4.2;44;-;17;43;849;2401;32;5000.0;84.5;84.9;37;36;51;0;0;0;
2026.08.27;19:18:32.1;0.04;0.04;112;107;46;50;99;229;840;798;27;10.03;10.03;10.03;10.03;18;0;0;0;0;13.9;96;51;4.2;46;-;17;43;849;2401;38;5000.0;96.3;92.8;38;38;62;0;0;0;
2026.08.27;19:18:32.5;0.04;0.04;112;107;46;50;99;229;840;819;27;10.03;10.03;10.03;10.03;20;0;0;0;0;13.9;96;51;4.2;46;-;17;42;849;2498;38;5000.0;101.3;98.4;38;38;48;0;0;0;
2026.08.27;19:18:33.0;0.02;0.02;761;693;45;52;99;229;840;819;27;10.06;10.06;10.06;10.06;20;0;0;0;0;14.0;96;51;4.2;47;-;17;42;849;2581;43;5000.0;101.3;98.4;38;38;48;0;0;0;
2026.08.27;19:18:33.4;0.02;0.02;761;693;45;52;99;229;840;819;27;10.06;10.06;10.06;10.06;15;0;0;0;0;14.0;96;51;4.2;49;-;17;42;849;2581;43;5000.0;106.1;104.6;39;38;50;0;0;0;
2026.08.27;19:18:33.9;-0.01;-0.01;473;551;44;54;99;229;840;819;27;9.97;9.97;9.97;9.97;20;0;0;0;0;14.0;96;51;4.2;49;-;17;42;849;2669;43;4225.0;111.0;109.2;39;39;48;0;0;0;
2026.08.27;19:18:34.3;0.02;0.02;126;122;41;54;99;229;840;819;27;10.53;10.53;10.53;10.53;20;0;0;0;0;14.0;96;51;4.2;51;-;17;42;849;2750;43;4002.0;111.0;109.2;39;39;48;0;0;0;
2026.08.27;19:18:34.8;0.02;0.02;126;122;41;54;99;229;840;819;27;10.53;10.53;10.53;10.53;20;0;0;0;0;14.0;96;51;4.2;52;-;17;42;849;2750;43;4002.0;115.1;115.0;38;39;54;0;0;0;
2026.08.27;19:18:35.2;-0.02;-0.02;751;693;39;55;99;229;840;819;27;10.33;10.33;10.33;10.33;15;0;0;0;0;14.0;96;51;4.2;52;-;17;42;849;2837;43;5000.0;115.1;115.0;38;39;54;0;0;0;
2026.08.27;19:18:35.7;-0.01;-0.01;131;146;35;55;99;229;840;819;27;10.54;10.54;10.54;10.54;15;0;0;0;0;14.0;96;51;4.2;54;-;13;42;849;2837;43;5000.0;120.1;119.6;37;37;55;0;0;0;
2026.08.27;19:18:36.1;-0.01;-0.01;131;146;35;55;99;229;609;651;27;10.54;10.54;10.54;10.54;3;0;0;0;0;14.0;96;51;4.2;55;-;13;42;849;2922;25;4022.0;81.6;88.9;34;37;37;0;0;0;
2026.08.27;19:18:36.6;-0.04;-0.04;722;615;28;55;99;229;609;651;27;4.77;4.77;4.77;4.77;15;0;0;0;0;14.0;95;44;4.2;55;-;13;42;849;2929;25;3833.0;81.6;88.9;34;37;37;0;0;0;
2026.08.27;19:18:37.1;-0.07;-0.07;703;678;9;54;91;229;399;462;27;3.10;3.10;3.10;3.10;15;0;0;0;0;14.0;95;44;4.2;54;-;13;42;849;2929;19;3833.0;44.3;50.7;0;0;0;0;0;0;
2026.08.27;19:18:37.5;-0.07;-0.07;703;678;9;54;91;229;357;357;27;3.10;3.10;3.10;3.10;28;0;0;0;0;14.0;95;44;4.2;54;-;13;42;849;2872;19;5000.0;38.5;40.0;0;0;0;0;0;0;
2026.08.27;19:18:38.0;-0.00;-0.00;644;361;9;52;89;229;357;357;27;3.07;3.07;3.07;3.07;28;0;0;0;0;14.0;95;44;4.2;53;-;13;42;849;2817;18;4087.0;38.5;40.0;0;0;0;0;0;0;
2026.08.27;19:18:38.4;-0.00;-0.00;644;361;9;52;89;229;462;399;27;3.07;3.07;3.07;3.07;28;0;0;0;0;14.0;95;44;4.2;52;-;13;41;849;2817;23;4087.0;51.1;45.0;0;0;0;0;0;0;
2026.08.27;19:18:38.9;0.05;0.05;703;585;14;52;99;229;462;399;27;4.53;4.53;4.53;4.53;25;0;0;0;0;14.0;95;44;4.2;52;-;13;41;849;2770;23;5000.0;51.1;45.0;0;0;0;0;0;0;
2026.08.27;19:18:39.3;0.02;0.02;751;683;19;50;99;229;504;504;27;4.55;4.55;4.55;4.55;25;0;0;0;0;14.0;95;44;4.2;51;-;13;41;849;2770;23;5000.0;53.6;55.6;0;0;0;0;0;0;
2026.08.27;19:18:39.8;0.02;0.02;751;683;19;50;99;229;504;504;27;4.55;4.55;4.55;4.55;25;0;0;0;0;14.0;95;44;4.2;51;-;13;42;849;2738;23;5000.0;53.5;54.6;0;0;0;0;0;0;
2026.08.27;19:18:40.2;0.04;0.04;78;68;22;50;99;229;504;504;27;5.42;5.42;5.42;5.42;25;0;0;0;0;14.0;95;37;4.2;51;-;13;42;849;2718;25;3984.0;53.5;54.6;0;0;0;0;0;0;
2026.08.27;19:18:40.7;0.04;0.04;78;68;22;50;99;229;567;567;27;5.42;5.42;5.42;5.42;23;0;0;0;0;14.0;95;37;4.2;51;-;14;42;849;2718;26;3984.0;63.5;64.3;6;6;62;0;0;0;
2026.08.27;19:18:41.1;0.05;0.05;117;92;25;49;99;229;567;567;27;5.84;5.84;5.84;5.84;24;0;0;0;0;14.0;95;37;4.2;51;-;14;42;849;2706;26;3996.0;63.5;64.3;6;6;62;0;0;0;
2026.08.27;19:18:41.6;-0.00;-0.00;639;654;27;48;99;229;525;546;27;4.49;4.49;4.49;4.49;24;0;0;0;0;14.0;95;37;4.2;50;-;14;42;849;2675;22;5000.0;56.0;57.8;0;0;0;0;0;0;
2026.08.27;19:18:42.0;-0.00;-0.00;639;654;27;48;99;229;441;462;27;4.49;4.49;4.49;4.49;25;0;0;0;0;14.0;95;37;4.2;50;-;14;42;849;2675;21;5000.0;46.4;48.7;0;0;0;0;0;0;
2026.08.27;19:18:42.5;0.03;0.03;92;126;29;47;99;229;441;462;27;4.09;4.09;4.09;4.09;25;0;0;0;0;14.0;95;37;4.2;50;-;14;42;849;2645;21;5000.0;46.4;48.7;0;0;0;0;0;0;
2026.08.27;19:18:42.9;0.06;0.06;97;112;32;47;99;229;462;462;27;4.45;4.45;4.45;4.45;25;0;0;0;0;14.0;95;37;4.2;49;-;14;42;849;2609;22;4602.0;46.7;47.4;0;0;0;0;0;0;
2026.08.27;19:18:43.4;0.06;0.06;97;112;32;47;99;229;525;504;27;4.45;4.45;4.45;4.45;25;0;0;0;0;14.0;95;37;4.2;49;-;14;42;849;2609;22;4602.0;52.5;53.3;0;0;0;0;0;0;
2026.08.27;19:18:43.8;0.05;0.05;737;673;35;47;99;229;525;504;27;5.50;5.50;5.50;5.50;20;0;0;0;0;14.0;94;37;4.2;48;-;14;42;849;2586;24;5000.0;52.5;53.3;0;0;0;0;0;0;
2026.08.27;19:18:44.3;0.02;0.02;371;566;35;46;99;229;630;609;27;8.16;8.16;8.16;8.16;20;0;0;0;0;14.0;94;37;4.2;48;-;14;42;849;2586;30;5000.0;73.1;73.4;22;20;52;0;0;0;
2026.08.27;19:18:44.7;0.02;0.02;371;566;35;46;99;229;693;714;27;8.16;8.16;8.16;8.16;16;0;0;0;0;14.0;94;37;4.2;48;-;14;42;849;2609;30;5000.0;85.1;86.4;39;39;50;0;0;0;
2026.08.27;19:18:45.2;0.06;0.06;224;180;35;48;99;229;693;714;27;8.56;8.56;8.56;8.56;16;0;0;0;0;14.0;94;37;4.2;49;-;14;42;849;2651;31;5000.0;85.1;86.4;39;39;50;0;0;0;
2026.08.27;19:18:45.6;0.06;0.06;224;180;35;48;99;229;693;693;27;8.56;8.56;8.56;8.56;22;0;0;0;0;14.0;94;37;4.2;50;-;14;42;849;2651;31;5000.0;86.1;87.4;39;39;49;0;0;0;
2026.08.27;19:18:46.1;0.05;0.05;87;92;35;49;99;229;693;693;27;8.34;8.34;8.34;8.34;11;0;0;0;0;14.0;94;37;4.2;50;-;14;42;849;2687;31;5000.0;86.1;87.4;39;39;49;0;0;0;
2026.08.27;19:18:46.5;0.04;0.04;83;87;34;49;99;229;651;672;27;7.69;7.69;7.69;7.69;11;0;0;0;0;14.0;94;37;4.2;50;-;14;42;849;2718;29;4199.0;81.0;83.1;36;36;46;0;0;0;
2026.08.27;19:18:47.0;0.04;0.04;83;87;34;49;99;229;651;651;27;7.69;7.69;7.69;7.69;20;0;0;0;0;14.0;94;37;4.2;51;-;14;42;849;2718;29;4199.0;81.3;83.2;34;34;62;0;0;0;
2026.08.27;19:18:47.4;0.05;0.05;717;644;31;49;99;229;651;651;27;7.61;7.61;7.61;7.61;21;0;0;0;0;14.0;93;30;4.2;51;-;14;42;849;2750;29;5000.0;81.3;83.2;34;34;62;0;0;0;
2026.08.27;19:18:47.9;0.02;0.02;673;664;30;49;99;229;630;651;27;7.31;7.31;7.31;7.31;21;0;0;0;0;14.1;93;30;4.2;52;-;14;42;849;2796;29;5000.0;81.0;82.9;31;32;44;0;0;0;
2026.08.27;19:18:48.3;0.02;0.02;673;664;30;49;99;229;630;630;27;7.31;7.31;7.31;7.31;20;0;0;0;0;14.1;93;30;4.2;52;-;14;42;849;2796;29;5000.0;80.8;83.6;30;29;59;0;0;0;
2026.08.27;19:18:48.8;0.05;0.05;175;141;30;49;99;229;630;630;27;7.45;7.45;7.45;7.45;21;0;0;0;0;14.1;93;30;4.2;52;-;14;42;849;2823;29;5000.0;80.8;83.6;30;29;59;0;0;0;
2026.08.27;19:18:49.2;0.03;0.03;73;68;29;49;99;229;609;630;27;7.88;7.88;7.88;7.88;21;0;0;0;0;14.1;93;30;4.2;53;-;14;42;849;2823;31;5000.0;80.9;83.7;28;29;47;0;0;0;
2026.08.27;19:18:49.7;0.03;0.03;73;68;29;49;99;229;651;672;27;7.88;7.88;7.88;7.88;21;0;0;0;0;14.1;93;30;4.2;53;-;14;42;849;2865;31;5000.0;88.0;90.3;37;37;45;0;0;0;
2026.08.27;19:18:50.1;0.02;0.02;717;678;28;49;99;229;651;672;27;7.69;7.69;7.69;7.69;21;0;0;0;0;14.1;93;30;4.2;54;-;14;42;849;2915;31;3327.0;88.0;90.3;37;37;45;0;0;0;
2026.08.27;19:18:50.6;0.05;0.05;415;297;27;49;91;229;651;651;27;7.84;7.84;7.84;7.84;21;0;0;0;0;14.1;93;30;4.2;55;-;12;42;849;2915;31;3327.0;87.9;90.4;35;35;51;0;0;0;
2026.08.27;19:18:51.0;0.05;0.05;415;297;27;49;91;229;651;651;27;7.84;7.84;7.84;7.84;20;0;0;0;0;14.1;93;30;4.2;55;-;12;42;849;2944;31;5000.0;88.2;90.8;33;33;46;0;0;0;
2026.08.27;19:18:51.5;0.03;0.03;107;151;26;50;78;229;651;651;27;7.62;7.62;7.62;7.62;21;0;0;0;0;14.1;93;30;4.2;55;-;12;42;849;2989;31;5000.0;88.2;90.8;33;33;46;0;0;0;
2026.08.27;19:18:51.9;0.01;0.01;693;668;25;49;65;229;630;651;27;7.38;7.38;7.38;7.38;21;0;0;0;0;14.1;93;30;4.2;56;-;12;42;849;2989;31;5000.0;88.4;90.8;31;32;45;0;0;0;
2026.08.27;19:18:52.4;0.01;0.01;693;668;25;49;65;229;630;630;27;7.38;7.38;7.38;7.38;21;0;0;0;0;14.1;93;30;4.1;56;-;12;41;849;3028;31;5000.0;88.5;90.5;30;32;41;0;0;0;
2026.08.27;19:18:52.8;0.00;0.00;708;664;25;49;54;229;630;630;27;7.26;7.26;7.26;7.26;21;0;0;0;0;14.1;93;30;4.1;57;-;12;41;849;3059;31;5000.0;88.5;90.5;30;32;41;0;0;0;
2026.08.27;19:18:53.3;0.00;0.00;708;664;25;49;54;229;630;630;27;7.26;7.26;7.26;7.26;21;0;0;0;0;14.1;93;30;4.1;57;-;12;41;849;3059;30;5000.0;88.7;91.2;29;28;54;0;0;0;
2026.08.27;19:18:53.7;0.00;0.00;795;732;24;48;37;229;630;630;27;6.63;6.63;6.63;6.63;21;0;0;0;0;14.1;93;30;4.1;57;-;12;41;849;3100;30;5000.0;88.7;91.2;29;28;54;0;0;0;
2026.08.27;19:18:54.2;-0.05;-0.05;766;698;21;48;21;229;546;546;27;4.58;4.58;4.58;4.58;21;0;0;0;0;14.1;93;30;4.1;57;-;12;41;849;3100;26;5000.0;72.6;74.4;13;13;55;0;0;0;
2026.08.27;19:18:54.6;-0.05;-0.05;766;698;21;48;21;229;483;483;27;4.58;4.58;4.58;4.58;27;0;0;0;0;14.1;92;29;4.1;57;-;12;41;849;3075;25;3068.0;57.4;58.1;0;0;0;0;0;0;
2026.08.27;19:18:55.1;-0.05;-0.05;742;664;21;46;16;229;483;483;27;4.28;4.28;4.28;4.28;27;0;0;0;0;14.1;92;29;4.1;57;-;12;41;849;3043;25;5000.0;57.4;58.1;0;0;0;0;0;0;
2026.08.27;19:18:55.5;-0.01;-0.01;253;141;23;45;10;229;483;483;27;4.60;4.60;4.60;4.60;27;0;0;0;0;14.1;92;29;4.1;56;-;13;41;849;3043;25;5000.0;57.4;57.7;0;0;0;0;0;0;
2026.08.27;19:18:56.0;-0.01;-0.01;253;141;23;45;10;229;504;504;27;4.60;4.60;4.60;4.60;27;0;0;0;0;14.1;92;29;4.1;56;-;13;41;849;3012;25;4803.0;58.8;59.2;0;0;0;0;0;0;
2026.08.27;19:18:56.4;-0.01;-0.01;92;92;25;44;4;229;504;504;27;4.74;4.74;4.74;4.74;27;0;0;0;0;14.0;92;29;4.1;56;-;13;41;849;2981;25;4995.0;58.8;59.2;0;0;0;0;0;0;
2026.08.27;19:18:56.9;-0.02;-0.02;751;673;26;44;0;229;504;504;27;5.05;5.05;5.05;4.74;26;0;0;0;0;14.0;92;29;4.1;55;-;13;41;849;2981;26;4995.0;60.2;60.9;0;0;0;0;0;0;
2026.08.27;19:18:57.3;-0.02;-0.02;751;673;26;44;0;229;546;546;27;5.05;5.05;5.05;5.05;25;0;0;0;0;14.0;92;29;4.1;55;-;13;41;849;2959;26;4137.0;66.9;66.5;4;3;66;0;0;0;
2026.08.27;19:18:57.8;0.02;0.02;102;107;27;43;0;229;546;546;27;6.44;6.44;6.44;6.44;25;0;0;0;0;14.0;92;29;4.1;55;-;13;41;849;2951;28;5000.0;66.9;66.5;4;3;66;0;0;0;
2026.08.27;19:18:58.2;0.02;0.02;102;107;27;43;0;229;693;693;27;6.44;6.44;6.44;6.44;19;0;0;0;0;14.0;92;29;4.1;55;-;13;42;849;2951;35;5000.0;95.8;95.4;37;37;43;0;0;0;
2026.08.27;19:18:58.7;0.01;0.01;551;561;28;44;0;229;693;693;27;10.42;10.42;10.42;10.42;20;0;0;0;0;14.1;92;29;4.1;55;-;13;42;849;2974;35;4258.0;95.8;95.4;37;37;43;0;0;0;
2026.08.27;19:18:59.1;0.00;0.00;737;698;27;44;0;229;840;798;27;9.91;9.91;9.91;9.91;20;0;0;0;0;14.1;92;29;4.1;56;-;13;42;849;3028;41;5000.0;120.6;114.7;37;37;45;0;0;0;
2026.08.27;19:18:59.6;0.00;0.00;737;698;27;44;0;229;840;819;27;9.91;9.91;9.91;9.91;21;0;0;0;0;14.1;92;29;4.1;57;-;13;41;849;3028;41;5000.0;124.5;120.2;37;37;47;0;0;0;
2026.08.27;19:19:00.0;0.04;0.04;488;571;25;45;0;229;840;819;27;10.60;10.60;10.60;10.60;21;0;0;0;0;14.1;92;29;4.1;57;-;13;41;849;3067;41;5000.0;124.5;120.2;37;37;47;0;0;0;
2026.08.27;19:19:00.5;-0.04;-0.04;356;483;24;46;0;229;840;819;27;10.16;10.16;10.16;10.16;21;0;0;0;0;14.1;92;29;4.1;58;-;11;41;849;3067;41;5000.0;129.5;127.6;36;36;47;0;0;0;
2026.08.27;19:19:00.9;-0.04;-0.04;356;483;24;46;0;229;840;819;27;10.16;10.16;10.16;10.16;21;0;0;0;0;14.0;92;29;4.1;58;-;11;41;849;3125;41;5000.0;132.5;130.0;36;36;47;0;0;0;
2026.08.27;19:19:01.4;-0.02;-0.02;742;693;21;46;0;229;840;819;27;10.46;10.46;10.46;10.46;21;0;0;0;0;14.0;92;29;4.1;58;-;11;41;849;3167;41;5000.0;132.5;130.0;36;36;47;0;0;0;
2026.08.27;19:19:01.8;-0.01;-0.01;126;131;18;46;0;229;840;819;27;10.70;10.70;10.70;10.70;21;0;0;0;0;14.0;92;29;4.1;59;-;11;41;849;3167;41;5000.0;136.2;135.8;36;37;45;0;0;0;
2026.08.27;19:19:02.3;-0.01;-0.01;126;131;18;46;0;229;840;819;27;10.70;10.70;10.70;10.70;17;0;0;0;0;14.0;92;29;4.1;60;-;11;41;849;3201;41;5000.0;136.8;138.1;36;36;45;0;0;0;
2026.08.27;19:19:02.7;-0.05;-0.05;668;639;16;45;0;229;840;819;27;10.39;10.39;10.39;10.39;17;0;0;0;0;14.1;92;29;4.1;60;-;11;41;849;3246;41;5000.0;136.8;138.1;36;36;45;0;0;0;
2026.08.27;19:19:03.2;0.00;0.00;180;156;13;44;0;229;840;819;27;10.92;10.92;10.92;10.92;17;0;0;0;0;14.1;92;29;4.1;61;-;11;41;849;3246;41;5000.0;138.9;140.3;36;36;47;0;0;0;
2026.08.27;19:19:03.6;0.00;0.00;180;156;13;44;0;229;483;609;27;10.92;10.92;10.92;10.92;8;0;0;0;0;14.1;92;29;4.1;61;-;11;41;849;3282;41;5000.0;70.2;87.7;29;37;14;0;0;0;
2026.08.27;19:19:04.1;0.00;0.00;805;825;0;42;0;229;483;609;27;0.00;0.00;0.00;0.00;8;0;0;0;0;14.1;92;29;4.1;62;-;11;41;849;2872;7;3985.0;70.2;87.7;29;37;14;0;0;1;
2026.08.27;19:19:04.5;0.00;0.00;805;825;0;42;0;229;210;231;27;0.00;0.00;0.00;0.00;-14;0;0;0;0;14.1;92;29;4.1;60;-;11;41;849;2872;16;3985.0;20.4;21.8;0;0;0;0;0;1;
2026.08.27;19:19:05.0;0.00;0.00;834;776;0;39;0;225;210;231;27;3.22;3.22;3.22;3.22;22;0;0;0;0;14.1;92;29;4.1;60;-;11;41;849;2362;16;3523.0;20.4;21.8;0;0;0;0;0;1;
2026.08.27;19:19:05.5;0.01;0.01;107;87;0;37;0;225;525;483;27;5.79;5.79;5.79;5.79;22;0;0;0;0;14.1;92;29;4.1;59;-;13;41;849;2343;23;5000.0;49.9;46.1;0;0;0;0;0;1;
2026.08.27;19:19:05.9;0.01;0.01;107;87;0;37;0;225;567;588;27;5.79;5.79;5.79;5.79;15;0;0;0;0;14.1;92;29;4.1;59;-;13;41;849;2343;23;5000.0;60.1;61.1;16;15;63;0;0;1;
2026.08.27;19:19:06.4;-0.02;-0.02;395;585;7;35;0;225;567;588;27;6.60;6.60;6.60;6.60;15;0;0;0;0;14.1;92;29;4.1;59;-;13;41;849;2353;25;5000.0;60.1;61.1;16;15;63;0;0;0;
2026.08.27;19:19:06.8;0.03;0.03;87;78;13;33;0;225;672;651;27;9.67;9.67;9.67;9.67;15;0;0;0;0;14.1;92;29;4.1;60;-;13;41;849;2353;31;5000.0;72.9;71.7;31;28;52;0;0;0;
2026.08.27;19:19:07.3;0.03;0.03;87;78;13;33;0;225;840;798;27;9.67;9.67;9.67;9.67;19;0;0;0;0;14.0;92;29;4.1;60;-;13;41;849;2377;31;5000.0;95.4;90.3;37;37;49;0;0;0;
2026.08.27;19:19:07.7;0.04;0.04;239;268;15;33;0;225;840;798;27;10.15;10.15;10.15;10.15;19;0;0;0;0;14.0;92;29;4.1;60;-;13;41;849;2406;35;4297.0;95.4;90.3;37;37;49;0;0;0;
2026.08.27;19:19:08.2;0.04;0.04;239;268;15;33;0;225;840;819;27;10.15;10.15;10.15;10.15;20;0;0;0;0;14.0;92;29;4.1;61;-;13;41;849;2406;35;4297.0;96.5;93.6;37;37;48;0;0;0;
2026.08.27;19:19:08.6;0.01;0.01;742;698;16;33;0;225;840;819;27;9.94;9.94;9.94;9.94;19;0;0;0;0;14.0;92;29;4.1;61;-;13;41;849;2436;35;3406.0;96.5;93.6;37;37;48;0;0;0;
2026.08.27;19:19:09.1;0.04;0.04;434;546;17;33;0;225;840;819;27;10.36;10.36;10.36;10.36;19;0;0;0;0;14.0;92;29;4.1;62;-;13;41;849;2436;35;3406.0;97.9;95.6;38;38;48;0;0;0;
2026.08.27;19:19:09.5;0.04;0.04;434;546;17;33;0;225;840;819;27;10.36;10.36;10.36;10.36;20;0;0;0;0;14.0;92;29;4.1;63;-;13;41;849;2461;35;4817.0;98.6;97.9;38;38;48;0;0;0;
2026.08.27;19:19:10.0;-0.00;-0.00;747;693;18;32;0;225;840;819;27;10.04;10.04;10.04;10.04;15;0;0;0;0;14.0;92;29;4.1;63;-;13;41;849;2477;35;3991.0;98.6;97.9;38;38;48;0;0;0;
2026.08.27;19:19:10.4;-0.04;-0.04;292;429;18;33;0;225;819;819;27;9.79;9.79;9.79;9.79;15;0;0;0;0;14.0;92;29;4.1;63;-;3;41;849;2477;35;3991.0;98.9;99.1;38;38;48;0;0;0;
2026.08.27;19:19:10.9;-0.04;-0.04;292;429;18;33;0;225;819;819;27;9.79;9.79;9.79;9.79;20;0;0;0;0;14.0;92;29;4.1;63;-;3;41;849;2488;35;5000.0;98.9;99.9;38;38;55;0;0;0;
2026.08.27;19:19:11.3;-0.00;-0.00;102;112;18;33;0;225;819;819;27;10.15;10.15;10.15;10.15;15;0;0;0;0;14.1;92;29;4.1;63;-;3;41;849;2493;35;5000.0;98.9;99.9;38;38;55;0;0;0;
2026.08.27;19:19:11.8;-0.04;-0.04;747;698;18;33;0;225;819;819;27;9.83;9.83;9.83;9.83;15;0;0;0;0;14.1;92;29;4.1;63;-;3;41;849;2493;35;5000.0;99.0;99.9;38;38;48;0;0;0;
2026.08.27;19:19:12.2;-0.04;-0.04;747;698;18;33;0;226;819;819;27;9.83;9.83;9.83;9.83;15;0;0;0;0;14.1;91;29;4.1;63;-;3;41;849;2482;35;5000.0;98.7;99.8;38;39;44;0;0;0;
2026.08.27;19:19:12.7;0.00;0.00;141;136;18;32;0;226;819;819;27;10.27;10.27;10.27;10.27;15;0;0;0;0;14.1;91;29;4.1;63;-;3;41;849;2477;35;4135.0;98.7;99.8;38;39;44;0;0;0;
2026.08.27;19:19:13.1;0.00;0.00;141;136;18;32;0;226;672;819;27;10.27;10.27;10.27;10.27;20;0;0;0;0;14.1;91;29;4.1;63;-;3;41;849;2477;24;4135.0;78.9;92.6;38;39;50;0;0;0;
2026.08.27;19:19:13.6;-0.04;-0.04;131;268;18;32;0;226;672;819;27;5.07;5.07;5.07;5.07;16;0;0;0;0;14.1;91;29;4.1;63;-;3;41;849;2451;24;5000.0;78.9;92.6;38;39;50;0;0;0;
2026.08.27;19:19:14.0;-0.05;-0.05;712;722;17;31;0;226;462;483;27;4.26;4.26;4.26;4.26;16;0;0;0;0;14.1;91;29;4.1;61;-;3;41;849;2451;20;5000.0;44.7;46.2;0;0;0;0;0;0;
2026.08.27;19:19:14.5;-0.05;-0.05;712;722;17;31;0;226;630;651;27;4.26;4.26;4.26;4.26;19;0;0;0;0;14.1;91;29;4.1;61;-;3;41;849;2391;20;2756.0;69.3;70.4;29;28;53;0;0;0;
2026.08.27;19:19:14.9;-0.02;-0.02;209;346;21;30;0;226;630;651;27;7.77;7.77;7.77;7.77;21;0;0;0;0;14.1;91;29;4.1;60;-;3;41;849;2348;28;3321.0;69.3;70.4;29;28;53;0;0;0;
2026.08.27;19:19:15.4;-0.01;-0.01;87;87;24;30;0;226;672;672;27;7.92;7.92;7.92;7.92;21;0;0;0;0;14.1;91;29;4.1;59;-;14;41;849;2348;28;3321.0;72.5;74.0;37;37;48;0;0;0;
2026.08.27;19:19:15.8;-0.01;-0.01;87;87;24;30;0;226;777;777;27;7.92;7.92;7.92;7.92;18;0;0;0;0;14.1;91;29;4.1;59;-;14;41;849;2320;28;3240.0;85.3;84.6;37;37;50;0;0;0;
2026.08.27;19:19:16.3;0.02;0.02;170;146;25;31;0;226;777;777;27;9.76;9.76;9.76;9.76;18;0;0;0;0;14.1;91;29;4.1;58;-;14;41;849;2288;32;3697.0;85.3;84.6;37;37;50;0;0;0;
2026.08.27;19:19:16.7;0.01;0.01;717;639;27;31;0;226;798;798;27;9.59;9.59;9.59;9.59;20;0;0;0;0;14.1;91;29;4.1;58;-;14;41;849;2288;33;3697.0;85.0;84.9;37;38;47;0;0;0;
2026.08.27;19:19:17.2;0.01;0.01;717;639;27;31;0;226;798;798;27;9.59;9.59;9.59;9.59;20;0;0;0;0;14.1;91;29;4.1;58;-;14;41;849;2271;33;3608.0;84.7;84.1;37;37;48;0;0;0;
2026.08.27;19:19:17.6;0.02;0.02;112;205;27;31;0;226;798;798;27;9.63;9.63;9.63;9.63;20;0;0;0;0;14.1;91;29;4.1;57;-;14;41;849;2240;33;2770.0;84.7;84.1;37;37;48;0;0;0;
2026.08.27;19:19:18.1;0.02;0.02;112;205;27;31;0;226;819;798;27;9.63;9.63;9.63;9.63;14;0;0;0;0;14.1;91;29;4.1;56;-;14;41;849;2240;33;2770.0;84.7;83.0;37;36;52;0;0;0;
2026.08.27;19:19:18.5;0.04;0.04;205;322;28;32;0;226;819;798;27;9.86;9.86;9.86;9.86;12;0;0;0;0;14.1;91;29;4.1;56;-;14;41;849;2211;33;3731.0;84.7;83.0;37;36;52;0;0;0;
2026.08.27;19:19:19.0;-0.00;-0.00;185;322;29;33;0;226;840;819;27;9.60;9.60;9.60;9.60;12;0;0;0;0;14.1;91;29;4.1;56;-;14;41;849;2194;35;5000.0;86.6;83.5;37;36;53;0;0;0;
2026.08.27;19:19:19.4;-0.00;-0.00;185;322;29;33;0;226;840;819;27;9.60;9.60;9.60;9.60;19;0;0;0;0;14.1;91;29;4.1;55;-;14;41;849;2194;35;5000.0;86.0;83.6;37;37;51;0;0;0;
2026.08.27;19:19:19.9;0.02;0.02;126;253;30;34;0;226;840;819;27;9.90;9.90;9.90;9.90;9;0;0;0;0;14.1;91;29;4.1;55;-;14;41;849;2166;35;5000.0;86.0;83.6;37;37;51;0;0;0;
2026.08.27;19:19:20.3;0.00;0.00;14;24;28;33;0;226;210;504;27;0.00;0.00;0.00;0.00;9;0;0;0;0;14.1;91;29;4.1;54;-;14;41;849;2166;0;5000.0;22.2;56.0;5;34;0;0;0;1;
2026.08.27;19:19:20.8;0.00;0.00;14;24;28;33;0;226;441;441;27;0.00;0.00;0.00;0.00;24;0;0;0;0;14.1;91;29;4.1;51;-;14;41;849;2431;26;5000.0;51.7;50.6;0;0;0;0;0;1;
2026.08.27;19:19:21.2;-0.02;-0.02;815;815;31;33;4;226;441;441;27;5.82;5.82;5.82;5.82;17;0;0;0;0;14.1;91;29;4.1;51;-;14;41;849;2944;26;5000.0;51.7;50.6;0;0;0;0;0;1;
2026.08.27;19:19:21.7;-0.05;-0.05;83;151;31;34;24;226;840;798;27;9.87;9.87;9.87;9.87;17;0;0;0;0;14.1;91;29;4.1;51;-;14;41;849;2944;46;5000.0;117.1;109.1;37;37;48;0;0;0;
2026.08.27;19:19:22.1;-0.05;-0.05;83;151;31;34;24;226;840;798;27;9.87;9.87;9.87;9.87;17;0;0;0;0;14.0;91;29;4.1;51;-;14;41;849;2718;50;5000.0;110.4;104.4;39;39;49;0;0;0;
2026.08.27;19:19:22.6;0.01;0.01;97;151;29;35;63;226;840;798;27;10.26;10.26;10.26;10.26;17;0;0;0;0;14.0;91;29;4.1;51;-;14;41;849;2725;50;5000.0;110.4;104.4;39;39;49;0;0;0;
2026.08.27;19:19:23.0;0.02;0.02;688;673;27;36;99;226;861;819;27;10.34;10.34;10.34;10.34;17;0;0;0;0;14.0;91;29;4.1;51;-;14;41;849;2725;50;5000.0;112.5;107.0;39;38;61;0;0;0;
2026.08.27;19:19:23.5;0.02;0.02;688;673;27;36;99;226;861;819;27;10.34;10.34;10.34;10.34;20;0;0;0;0;14.0;91;29;4.1;51;-;14;41;849;2731;50;5000.0;113.5;108.8;39;39;47;0;0;0;
2026.08.27;19:19:23.9;-0.03;-0.03;532;571;26;38;99;226;861;819;27;10.00;10.00;10.00;10.00;20;0;0;0;0;14.1;91;29;4.1;51;-;14;41;849;2744;50;5000.0;113.5;108.8;39;39;47;0;0;0;
2026.08.27;19:19:24.4;0.02;0.02;595;595;24;38;99;226;861;819;27;10.60;10.60;10.60;10.60;20;0;0;0;0;14.1;91;29;4.1;51;-;14;41;849;2744;50;5000.0;114.6;111.4;39;39;48;0;0;0;
2026.08.27;19:19:24.8;0.02;0.02;595;595;24;38;99;226;840;819;27;10.60;10.60;10.60;10.60;20;0;0;0;0;14.1;91;29;4.1;51;-;14;41;849;2738;50;5000.0;114.6;112.1;39;40;43;0;0;0;
2026.08.27;19:19:25.3;-0.02;-0.02;97;136;22;39;99;226;840;819;27;10.19;10.19;10.19;10.19;20;0;0;0;0;14.1;91;29;4.1;51;-;15;41;849;2750;48;4885.0;114.6;112.1;39;40;43;0;0;0;
2026.08.27;19:19:25.7;-0.02;-0.02;97;136;22;39;99;226;840;819;27;10.19;10.19;10.19;10.19;20;0;0;0;0;14.1;91;29;4.1;51;-;15;41;849;2750;45;4885.0;114.9;113.0;38;40;42;0;0;0;
2026.08.27;19:19:26.2;-0.01;-0.01;732;668;21;39;99;226;609;693;27;10.31;10.31;10.31;10.31;8;0;0;0;0;14.0;91;29;4.1;51;-;15;41;849;2738;45;5000.0;76.4;83.7;39;39;47;0;0;0;
2026.08.27;19:19:26.6;-0.05;-0.05;737;693;0;0;45;226;609;693;27;4.90;4.90;4.90;4.90;8;0;0;0;0;14.0;91;29;4.1;51;-;15;41;849;2681;25;3059.0;76.4;83.7;39;39;47;0;0;0;
2026.08.27;19:19:27.1;-0.05;-0.05;737;693;0;0;45;226;525;525;27;4.90;4.90;4.90;4.90;24;0;0;0;0;14.0;91;29;4.1;49;-;15;41;849;2681;22;3059.0;55.4;56.4;0;0;0;0;0;0;
2026.08.27;19:19:27.5;-0.04;-0.04;605;639;9;36;40;226;525;525;27;4.43;4.43;4.43;4.43;26;0;0;0;0;14.0;91;29;4.1;49;-;15;41;849;2586;22;4840.0;55.4;56.4;0;0;0;0;0;0;
2026.08.27;19:19:28.0;-0.04;-0.04;742;659;14;34;42;226;441;441;27;4.32;4.32;4.32;4.32;26;0;0;0;0;14.0;91;29;4.1;47;-;15;41;849;2477;21;3573.0;44.8;44.4;0;0;0;0;0;0;
2026.08.27;19:19:28.4;-0.04;-0.04;742;659;14;34;42;226;588;567;27;4.32;4.32;4.32;4.32;24;0;0;0;0;14.0;91;29;4.1;46;-;15;41;849;2477;24;3573.0;57.1;56.3;2;0;0;0;0;0;
2026.08.27;19:19:28.9;-0.06;-0.06;288;483;19;34;67;226;588;567;27;6.72;6.72;6.72;6.72;17;0;0;0;0;14.0;91;29;4.1;46;-;15;41;849;2421;24;5000.0;57.1;56.3;2;0;0;0;0;0;
2026.08.27;19:19:29.3;-0.03;-0.03;83;78;20;34;99;226;777;756;27;9.63;9.63;9.63;9.63;17;0;0;0;0;14.0;91;29;4.1;45;-;15;41;849;2421;35;5000.0;88.1;87.4;37;37;48;0;0;0;
2026.08.27;19:19:29.8;-0.03;-0.03;83;78;20;34;99;226;861;798;27;9.63;9.63;9.63;9.63;15;0;0;0;0;14.0;91;29;4.1;45;-;15;41;849;2406;35;5000.0;98.2;91.2;37;38;49;0;0;0;
2026.08.27;19:19:30.2;0.01;0.01;639;590;21;34;99;226;861;798;27;8.66;8.66;8.66;8.66;15;0;0;0;0;14.1;91;29;4.1;45;-;14;41;849;2396;31;4860.0;98.2;91.2;37;38;49;0;0;0;
2026.08.27;19:19:30.7;0.01;0.01;639;590;21;34;99;226;567;588;27;8.66;8.66;8.66;8.66;15;0;0;0;0;14.1;91;29;4.1;44;-;14;41;849;2396;23;4860.0;60.5;63.5;19;21;43;0;0;0;
2026.08.27;19:19:31.2;-0.04;-0.04;522;644;21;33;76;226;567;567;27;5.70;5.70;5.70;5.70;15;0;0;0;0;14.1;91;29;4.1;44;-;14;41;849;2343;23;3810.0;51.6;52.4;0;0;0;0;0;0;
2026.08.27;19:19:31.6;0.00;0.00;166;141;25;32;69;226;567;567;27;5.33;5.33;5.33;5.33;15;0;0;0;0;14.1;91;29;4.1;43;-;14;41;849;2288;21;2785.0;51.6;52.4;0;0;0;0;0;0;
2026.08.27;19:19:32.1;0.00;0.00;166;141;25;32;69;226;525;546;27;5.33;5.33;5.33;5.33;24;0;0;0;0;14.1;91;29;4.1;42;-;14;41;849;2288;20;2785.0;46.9;49.4;0;0;0;0;0;0;
2026.08.27;19:19:32.5;-0.03;-0.03;122;102;30;31;62;226;525;546;27;4.68;4.68;4.68;4.68;24;0;0;0;0;14.1;91;29;4.1;42;-;14;41;849;2232;20;2786.0;46.9;49.4;0;0;0;0;0;0;
2026.08.27;19:19:33.0;-0.04;-0.04;683;458;35;31;57;226;483;504;27;4.13;4.13;4.13;4.13;24;0;0;0;0;14.1;91;29;4.1;41;-;14;41;849;2166;18;3985.0;41.4;43.0;0;0;0;0;0;0;
2026.08.27;19:19:33.4;-0.04;-0.04;683;458;35;31;57;226;483;483;27;4.13;4.13;4.13;4.13;24;0;0;0;0;14.1;91;29;4.1;40;-;14;41;849;2166;18;3985.0;39.7;40.4;0;0;0;0;0;0;
2026.08.27;19:19:33.9;-0.02;-0.02;605;488;40;31;58;226;483;483;27;4.31;4.31;4.31;4.31;12;0;0;0;0;14.1;91;29;4.1;40;-;14;41;849;2122;18;3433.0;39.7;40.4;0;0;0;0;0;0;
2026.08.27;19:19:34.3;0.05;0.05;131;136;42;32;99;226;693;672;27;10.12;10.12;10.12;10.12;12;0;0;0;0;14.1;91;29;4.1;39;-;14;41;849;2122;28;3433.0;66.0;64.2;30;28;47;0;0;0;
2026.08.27;19:19:34.8;0.05;0.05;131;136;42;32;99;226;861;798;27;10.12;10.12;10.12;10.12;17;0;0;0;0;14.1;91;29;4.1;39;-;14;41;849;2119;28;5000.0;83.9;77.3;37;37;50;0;0;0;
2026.08.27;19:19:35.2;0.02;0.02;737;688;43;34;99;226;861;798;27;9.43;9.43;9.43;9.43;17;0;0;0;0;14.1;91;29;4.1;40;-;12;41;849;2150;37;3301.0;83.9;77.3;37;37;50;0;0;0;
2026.08.27;19:19:35.7;0.02;0.02;737;688;43;34;99;226;861;798;27;9.43;9.43;9.43;9.43;19;0;0;0;0;14.1;91;29;4.1;40;-;12;41;849;2150;39;3301.0;86.6;80.7;37;37;48;0;0;0;
2026.08.27;19:19:36.1;0.00;0.00;473;610;43;36;99;226;861;798;27;9.45;9.45;9.45;9.45;19;0;0;0;0;14.1;91;29;4.1;40;-;12;41;849;2190;39;5000.0;86.6;80.7;37;37;48;0;0;0;
2026.08.27;19:19:36.6;0.04;0.04;141;141;0;0;99;226;861;819;27;10.11;10.11;10.11;10.11;19;0;0;0;0;14.1;91;29;4.1;41;-;12;41;849;2190;39;5000.0;89.9;84.4;37;37;48;0;0;0;
2026.08.27;19:19:37.0;0.04;0.04;141;141;0;0;99;226;861;819;27;10.11;10.11;10.11;10.11;19;0;0;0;0;14.1;91;29;4.1;42;-;12;41;849;2244;39;5000.0;92.7;87.2;37;38;44;0;0;0;
2026.08.27;19:19:37.5;0.03;0.03;146;141;41;40;99;226;861;819;27;10.23;10.23;10.23;10.23;5;0;0;0;0;14.1;91;29;4.1;42;-;12;41;849;2311;39;3949.0;92.7;87.2;37;38;44;0;0;0;
2026.08.27;19:19:37.9;-0.05;-0.05;771;771;37;40;99;226;630;672;27;4.94;4.94;4.94;4.94;5;0;0;0;0;14.1;91;29;4.1;43;-;12;41;849;2311;22;3949.0;66.3;71.6;37;38;49;0;0;0;
2026.08.27;19:19:38.4;-0.05;-0.05;771;771;37;40;99;226;441;462;27;4.94;4.94;4.94;4.94;21;0;0;0;0;14.1;91;29;4.1;43;-;12;41;849;2315;1;3445.0;39.4;41.8;0;0;0;0;0;1;
2026.08.27;19:19:38.8;0.00;0.00;673;678;33;39;0;226;441;462;27;0.00;0.00;0.00;0.00;-24;0;0;0;0;14.1;91;29;4.1;43;-;12;41;849;2052;1;5000.0;39.4;41.8;0;0;0;0;0;1;
2026.08.27;19:19:39.3;0.00;0.00;9;0;38;38;0;226;252;273;27;2.82;2.82;2.82;2.82;-24;0;0;0;0;14.1;91;29;4.1;41;-;12;41;849;2052;0;5000.0;15.1;16.4;0;0;0;0;0;1;
2026.08.27;19:19:39.7;0.00;0.00;9;0;38;38;0;226;231;231;27;2.82;2.82;2.82;2.82;-4;0;0;0;0;14.1;91;29;4.1;41;-;12;41;849;1401;0;3145.0;10.7;11.0;0;0;0;0;0;1;
2026.08.27;19:19:40.2;-0.00;-0.00;859;864;41;36;0;226;231;231;27;1.95;1.95;1.95;1.95;-4;0;0;0;0;14.1;91;29;4.1;40;-;15;41;849;1401;0;3145.0;10.7;11.0;0;0;0;0;0;0;
2026.08.27;19:19:40.6;-0.00;-0.00;859;864;41;36;0;226;252;231;27;1.95;1.95;1.95;1.95;12;0;0;0;0;14.1;92;29;4.1;38;-;15;41;849;1097;0;2034.0;9.3;8.8;0;0;0;0;0;0;
2026.08.27;19:19:41.1;-0.01;-0.01;825;839;43;35;4;226;252;231;27;1.96;1.96;1.96;1.96;10;0;0;0;0;14.0;92;29;4.1;38;-;15;41;849;1084;0;1590.0;9.3;8.8;0;0;0;0;0;0;
2026.08.27;19:19:41.5;-0.03;-0.03;815;830;45;34;5;226;252;252;27;1.96;1.96;1.96;1.96;10;0;0;0;0;14.0;92;29;4.1;36;-;15;41;849;1084;0;1590.0;9.2;9.3;0;1;0;0;0;0;
2026.08.27;19:19:42.0;-0.03;-0.03;815;830;45;34;5;226;252;252;27;1.96;1.96;1.96;1.96;14;0;0;0;0;14.0;92;29;4.1;36;-;15;41;849;1066;0;3044.0;9.2;9.1;0;1;0;0;0;0;
2026.08.27;19:19:42.4;-0.07;-0.07;795;820;48;33;7;226;252;252;27;1.92;1.92;1.92;1.92;13;0;0;0;0;14.0;92;29;4.1;35;-;15;41;849;1040;0;2676.0;9.2;9.1;0;1;0;0;1;0;
2026.08.27;19:19:42.9;-0.11;-0.11;761;795;50;32;8;226;273;273;27;2.03;2.03;2.03;2.03;13;0;0;0;0;14.0;92;29;4.1;33;-;15;41;849;1040;0;2676.0;10.3;9.8;0;0;0;0;1;0;
2026.08.27;19:19:43.3;-0.11;-0.11;761;795;50;32;8;226;294;273;27;2.03;2.03;2.03;2.03;8;0;0;0;0;13.8;92;29;4.1;33;-;15;41;849;1031;0;2532.0;10.4;9.8;0;0;0;0;1;0;
2026.08.27;19:19:43.8;-0.09;-0.09;97;253;52;32;9;226;294;273;27;2.23;2.23;2.23;2.23;8;0;0;0;0;13.8;92;29;4.1;29;-;15;41;849;920;0;1781.0;10.4;9.8;0;0;0;0;1;1;
2026.08.27;19:19:44.2;-0.09;-0.09;97;253;52;32;9;226;336;294;27;2.23;2.23;2.23;2.23;-2;0;0;0;0;13.8;92;29;4.1;24;-;15;41;849;920;0;1781.0;9.4;8.8;0;1;0;0;1;1;
2026.08.27;19:19:44.7;-0.11;-0.11;756;742;55;32;10;226;336;294;27;2.36;2.36;2.36;2.36;1;0;0;0;0;13.8;92;29;4.1;24;-;15;41;849;798;0;1512.0;9.4;8.8;0;1;0;0;1;1;
2026.08.27;19:19:45.1;-0.11;-0.11;776;791;55;30;10;226;357;336;27;2.43;2.43;2.43;2.43;1;0;0;0;0;13.8;92;29;4.1;19;-;10;41;849;798;0;1512.0;9.6;8.8;0;0;0;0;1;1;
2026.08.27;19:19:45.6;-0.11;-0.11;776;791;55;30;10;226;357;336;27;2.43;2.43;2.43;2.43;-1;0;0;0;0;13.3;92;29;4.1;19;-;10;41;849;779;0;2345.0;9.3;9.0;0;1;0;0;1;1;
2026.08.27;19:19:46.0;-0.12;-0.12;708;756;56;29;10;226;357;336;27;2.49;2.49;2.49;2.49;-6;0;0;0;0;13.3;92;29;4.1;17;-;10;41;849;773;0;1859.0;9.3;9.0;0;1;0;0;0;1;
2026.08.27;19:19:46.5;-0.08;-0.08;107;126;0;0;11;226;336;336;27;2.60;2.60;2.60;2.60;-6;0;0;0;0;13.3;92;29;4.1;15;-;10;42;849;773;0;1859.0;8.9;8.8;0;1;0;0;0;1;
2026.08.27;19:19:46.9;-0.08;-0.08;107;126;0;0;11;226;357;357;27;2.60;2.60;2.60;2.60;-2;0;0;0;0;13.3;92;29;4.1;15;-;10;42;849;749;0;2030.0;9.3;9.1;0;0;0;0;0;1;
2026.08.27;19:19:47.4;-0.10;-0.10;756;751;59;28;12;316;357;357;27;2.57;2.57;2.57;2.57;-2;0;0;0;0;14.0;93;30;4.0;14;-;10;42;849;755;0;1886.0;9.3;9.1;0;0;0;0;0;1;
2026.08.27;19:19:47.8;-0.10;-0.10;756;751;59;28;12;316;336;357;27;2.57;2.57;2.57;2.57;-6;0;0;0;0;14.0;93;30;4.0;13;-;10;42;849;755;6;1886.0;9.0;9.3;0;0;0;0;0;1;
2026.08.27;19:19:48.3;-0.11;-0.11;434;703;59;28;17;316;567;588;27;3.85;3.85;3.85;3.85;13;0;0;0;0;14.0;93;30;4.0;13;-;10;42;849;958;6;1808.0;32.0;32.4;0;0;0;0;0;1;
2026.08.27;19:19:48.7;-0.08;-0.08;58;48;61;29;31;316;567;588;27;4.08;4.08;4.08;4.08;13;0;0;0;0;14.0;93;30;4.0;12;-;10;42;849;2059;17;3131.0;32.0;32.4;0;0;0;0;0;1;
2026.08.27;19:19:49.2;-0.08;-0.08;58;48;61;29;31;316;420;420;27;4.08;4.08;4.08;4.08;21;0;0;0;0;14.0;93;30;4.0;12;-;10;42;849;2059;9;3131.0;31.5;31.5;0;1;0;0;0;1;
2026.08.27;19:19:49.6;-0.02;-0.02;571;283;62;31;18;316;420;420;27;2.62;2.62;2.62;2.62;2;0;0;0;0;14.1;93;30;4.1;12;-;10;42;849;1718;9;3190.0;31.5;31.5;0;1;0;0;0;1;
2026.08.27;19:19:50.1;-0.02;-0.02;63;53;63;31;16;316;231;252;27;1.85;1.85;1.85;1.85;2;0;0;0;0;14.1;93;30;4.1;11;-;14;42;849;1718;0;3190.0;12.9;14.6;0;1;0;0;0;1;
2026.08.27;19:19:50.5;-0.02;-0.02;63;53;63;31;16;316;336;294;27;1.85;1.85;1.85;1.85;7;0;0;0;0;14.1;93;30;4.1;11;-;14;42;849;1342;0;2129.0;16.4;15.1;0;0;0;0;0;1;
2026.08.27;19:19:51.0;-0.03;-0.03;800;771;63;31;21;316;336;294;27;2.52;2.52;2.52;2.52;7;0;0;0;0;14.1;93;30;4.1;10;-;14;42;849;1510;10;2360.0;16.4;15.1;0;0;0;0;0;1;
2026.08.27;19:19:51.4;-0.03;-0.03;800;771;63;31;21;316;315;315;27;2.52;2.52;2.52;2.52;20;0;0;0;0;14.1;93;30;4.1;9;-;14;42;849;1510;12;2360.0;18.0;17.0;0;0;0;0;0;1;
2026.08.27;19:19:51.9;-0.08;-0.08;639;717;64;31;22;316;315;315;27;2.48;2.48;2.48;2.48;18;0;0;0;0;14.0;93;30;4.1;9;-;14;42;849;1418;12;2439.0;18.0;17.0;0;0;0;0;0;1;
2026.08.27;19:19:52.3;-0.09;-0.09;747;747;66;32;22;316;357;357;27;2.50;2.50;2.50;2.50;18;0;0;0;0;14.0;93;30;4.1;9;-;14;42;849;1353;9;4394.0;17.6;17.3;0;0;0;0;0;1;
2026.08.27;19:19:52.8;-0.09;-0.09;747;747;66;32;22;316;231;273;27;2.50;2.50;2.50;2.50;7;0;0;0;0;14.0;93;30;4.1;9;-;14;42;849;1353;0;4394.0;10.2;13.0;0;1;0;0;0;1;
2026.08.27;19:19:53.2;-0.06;-0.06;73;68;68;33;16;316;231;273;27;1.66;1.66;1.66;1.66;16;0;0;0;0;14.0;93;30;4.1;9;-;14;42;849;1378;0;2239.0;10.2;13.0;0;1;0;0;0;1;
2026.08.27;19:19:53.7;-0.03;-0.03;83;73;69;33;16;316;210;231;27;1.67;1.67;1.67;1.67;16;0;0;0;0;14.0;93;30;4.1;8;-;14;42;849;1121;0;2137.0;10.1;10.9;0;0;0;0;1;1;
2026.08.27;19:19:54.1;-0.03;-0.03;83;73;69;33;16;316;210;231;27;1.67;1.67;1.67;1.67;6;0;0;0;0;14.0;93;30;4.1;7;-;14;42;849;1121;0;2137.0;7.3;7.9;0;1;0;0;1;1;
2026.08.27;19:19:54.6;-0.03;-0.03;668;102;71;34;15;243;210;231;27;1.82;1.82;1.82;1.82;6;0;0;0;0;14.0;92;30;4.1;7;-;14;42;849;951;0;2431.0;7.3;7.9;0;1;0;0;1;1;
2026.08.27;19:19:55.0;-0.04;-0.04;781;781;71;34;18;243;315;294;27;2.16;2.16;2.16;2.16;6;0;0;0;0;14.0;92;30;4.1;6;-;12;42;849;907;0;2226.0;10.5;9.6;0;0;0;0;0;1;
2026.08.27;19:19:55.5;-0.04;-0.04;781;781;71;34;18;243;294;294;27;2.16;2.16;2.16;2.16;1;0;0;0;0;14.0;92;30;4.1;5;-;12;42;849;907;0;2226.0;9.0;8.8;0;1;0;0;0;1;
2026.08.27;19:19:55.9;-0.05;-0.05;786;820;72;34;17;243;294;294;27;2.08;2.08;2.08;2.08;2;0;0;0;0;13.8;92;30;4.1;5;-;12;42;849;837;0;2468.0;9.0;8.8;0;1;0;0;0;1;
2026.08.27;19:19:56.4;-0.08;-0.08;776;820;71;33;17;243;336;315;27;2.10;2.10;2.10;2.10;2;0;0;0;0;13.8;92;30;4.1;4;-;12;43;849;854;0;1425.0;9.3;9.0;0;1;0;0;0;1;
2026.08.27;19:19:56.8;-0.08;-0.08;776;820;71;33;17;243;294;294;27;2.10;2.10;2.10;2.10;-3;0;0;0;0;13.8;92;30;4.1;3;-;12;43;849;854;0;1425.0;8.0;8.1;0;0;0;0;1;1;
2026.08.27;19:19:57.3;-0.11;-0.11;742;810;73;34;17;243;294;294;27;1.91;1.91;1.91;1.91;-3;0;0;0;0;13.8;92;30;4.1;3;-;12;43;849;794;0;1584.0;8.0;8.1;0;0;0;0;1;1;
2026.08.27;19:19:57.7;-0.11;-0.11;742;810;73;34;17;243;336;315;27;1.91;1.91;1.91;1.91;2;0;0;0;0;13.8;92;30;4.1;0;-;12;43;849;794;0;1584.0;8.6;8.5;0;0;0;0;0;1;
2026.08.27;19:19:58.2;-0.09;-0.09;97;639;76;35;18;243;336;315;27;2.19;2.19;2.19;2.19;6;0;0;0;0;13.8;93;30;4.1;0;-;12;43;849;758;0;1334.0;8.6;8.5;0;0;0;0;0;1;
2026.08.27;19:19:58.6;-0.06;-0.06;53;43;74;36;33;243;672;756;27;2.63;2.63;2.63;2.63;6;0;0;0;0;13.8;93;30;4.1;0;-;12;43;849;758;10;1334.0;27.4;31.4;22;2;96;0;0;1;
2026.08.27;19:19:59.1;-0.06;-0.06;53;43;74;36;33;243;273;294;27;2.63;2.63;2.63;2.63;9;0;0;0;0;13.8;93;30;4.1;1;-;12;43;849;2170;1;3155.0;18.1;19.1;0;1;0;0;0;1;
2026.08.27;19:19:59.6;0.00;0.00;24;34;73;37;0;243;273;294;27;0.00;0.00;0.00;0.00;-1;0;0;0;0;13.8;93;30;4.1;1;-;12;43;849;1221;1;2082.0;18.1;19.1;0;1;0;0;0;1;
2026.08.27;19:20:00.0;0.00;0.00;458;58;79;40;0;243;210;231;27;2.24;2.24;2.24;2.24;-1;0;0;0;0;13.8;93;30;4.1;1;-;12;43;849;1221;0;2082.0;7.6;8.5;0;1;0;0;1;1;
2026.08.27;19:20:00.5;0.00;0.00;458;58;79;40;0;243;441;357;27;2.24;2.24;2.24;2.24;14;0;0;0;0;13.4;93;30;4.1;1;-;12;43;849;891;0;1914.0;14.0;11.3;0;0;0;0;1;1;
2026.08.27;19:20:00.9;-0.00;-0.00;751;751;83;43;3;243;441;357;27;3.26;3.26;3.26;3.26;-9;0;0;0;0;13.4;93;30;4.1;2;-;12;43;849;877;0;1893.0;14.0;11.3;0;0;0;0;1;1;
2026.08.27;19:20:01.4;-0.01;-0.01;742;791;79;41;10;243;357;378;27;7.49;7.49;7.49;7.49;-9;0;0;0;0;13.4;93;30;4.1;1;-;12;43;849;877;7;1893.0;10.9;11.6;0;0;0;0;0;1;
2026.08.27;19:20:01.8;-0.01;-0.01;742;791;79;41;10;294;252;399;27;7.49;7.49;7.49;7.49;18;0;0;0;0;13.4;93;30;4.1;1;-;12;43;849;1229;7;3763.0;20.7;31.8;0;0;0;0;0;1;
2026.08.27;19:20:02.3;-0.03;-0.03;83;693;78;43;8;294;252;399;27;2.23;2.23;2.23;2.23;18;0;0;0;0;13.7;93;30;4.1;2;-;12;43;849;1972;13;2765.0;20.7;31.8;0;0;0;0;0;1;
2026.08.27;19:20:02.7;-0.03;-0.03;83;693;78;43;8;294;231;252;27;2.23;2.23;2.23;2.23;-6;0;0;0;0;13.7;93;30;4.1;3;-;12;43;849;1972;0;2765.0;11.5;13.0;0;1;0;0;0;1;
2026.08.27;19:20:03.2;0.00;0.00;4;4;77;43;0;294;231;252;27;2.64;2.64;2.64;2.64;22;0;0;0;0;13.7;93;30;4.1;3;-;12;43;849;954;0;1780.0;11.5;13.0;0;1;0;0;0;1;
2026.08.27;19:20:03.6;0.00;0.00;825;781;78;44;0;294;504;336;27;4.53;4.53;4.53;4.53;22;0;0;0;0;13.7;93;30;4.1;3;-;12;43;849;954;0;1780.0;15.8;10.9;0;1;0;0;1;1;
2026.08.27;19:20:04.1;0.00;0.00;825;781;78;44;0;294;294;378;27;4.53;4.53;4.53;4.53;-15;0;0;0;0;13.7;93;30;4.1;2;-;12;43;849;1050;0;1845.0;9.8;13.1;0;1;0;0;1;1;
2026.08.27;19:20:04.5;-0.00;-0.00;810;844;77;44;3;294;294;378;27;2.59;2.59;2.59;2.59;4;0;0;0;0;13.9;93;30;4.2;2;-;12;43;849;831;0;2014.0;9.8;13.1;0;1;0;0;1;1;
2026.08.27;19:20:05.0;-0.01;-0.01;771;825;77;44;5;294;336;315;27;2.62;2.62;2.62;2.62;4;0;0;0;0;13.9;93;30;4.2;2;-;10;43;849;831;0;2014.0;9.5;8.8;0;1;0;0;1;1;
2026.08.27;19:20:05.4;-0.01;-0.01;771;825;77;44;5;294;336;336;27;2.62;2.62;2.62;2.62;-2;0;0;0;0;13.9;94;37;4.2;2;-;10;43;849;801;0;1514.0;9.1;8.8;0;1;0;0;1;1;
2026.08.27;19:20:05.9;-0.02;-0.02;781;820;77;44;6;294;336;336;27;2.60;2.60;2.60;2.60;-3;0;0;0;0;13.9;94;37;4.2;1;-;10;43;849;789;0;1752.0;9.1;8.8;0;1;0;0;1;1;
2026.08.27;19:20:06.3;-0.05;-0.05;776;825;79;46;7;294;315;315;27;2.46;2.46;2.46;2.46;-3;0;0;0;0;13.9;94;37;4.2;1;-;10;43;849;789;0;1752.0;8.6;8.6;0;0;0;0;1;1;
2026.08.27;19:20:06.8;-0.05;-0.05;776;825;79;46;7;294;315;336;27;2.46;2.46;2.46;2.46;-5;0;0;0;0;14.0;94;37;4.2;1;-;10;43;849;753;0;1457.0;8.4;8.4;0;0;0;0;1;1;
2026.08.27;19:20:07.2;-0.08;-0.08;742;805;78;45;8;294;315;336;27;2.49;2.49;2.49;2.49;-5;0;0;0;0;14.0;94;37;4.2;0;-;10;43;849;758;0;1841.0;8.4;8.4;0;0;0;0;0;1;
2026.08.27;19:20:07.7;-0.08;-0.08;742;805;78;45;8;294;588;714;27;2.49;2.49;2.49;2.49;5;0;0;0;0;14.0;94;37;4.2;0;-;10;43;849;758;16;1841.0;29.8;35.4;24;7;84;0;0;1;
2026.08.27;19:20:08.1;-0.04;-0.04;78;63;78;47;14;294;588;714;27;3.58;3.58;3.58;3.58;22;0;0;0;0;14.0;94;37;4.2;0;-;10;43;849;2107;16;4176.0;29.8;35.4;24;7;84;0;0;1;
2026.08.27;19:20:08.6;-0.01;-0.01;73;68;77;49;21;294;441;378;27;4.89;4.89;4.89;4.89;22;0;0;0;0;14.0;94;37;4.2;0;-;10;43;849;2107;19;4176.0;30.5;26.6;0;1;0;0;0;1;
2026.08.27;19:20:09.0;-0.01;-0.01;73;68;77;49;21;338;315;378;27;4.89;4.89;4.89;4.89;-12;0;0;0;0;13.9;95;37;4.2;0;-;10;43;849;1607;19;2519.0;13.5;16.9;0;0;0;0;0;1;
2026.08.27;19:20:09.5;-0.01;-0.01;781;781;77;51;11;338;315;378;27;2.69;2.69;2.69;2.69;-12;0;0;0;0;13.9;95;37;4.2;3;-;10;43;849;950;0;1617.0;13.5;16.9;0;0;0;0;1;1;
2026.08.27;19:20:09.9;-0.02;-0.02;761;795;77;51;10;338;336;357;27;2.65;2.65;2.65;2.65;-11;0;0;0;0;13.9;95;37;4.2;2;-;12;43;849;950;0;1617.0;10.4;10.8;0;0;0;0;1;1;
2026.08.27;19:20:10.4;-0.02;-0.02;761;795;77;51;10;338;315;336;27;2.65;2.65;2.65;2.65;-6;0;0;0;0;13.9;95;37;4.2;2;-;12;43;849;819;0;1341.0;8.3;8.9;0;0;0;0;1;1;
2026.08.27;19:20:10.8;-0.02;-0.02;786;830;77;51;10;338;315;336;27;2.52;2.52;2.52;2.52;-6;0;0;0;0;13.7;95;37;4.2;0;-;12;43;849;759;0;2206.0;8.3;8.9;0;0;0;0;0;1;
2026.08.27;19:20:11.3;-0.02;-0.02;786;830;77;51;10;338;840;441;27;2.52;2.52;2.52;2.52;-1;0;0;0;0;13.7;95;37;4.2;0;-;12;43;849;759;11;2206.0;22.9;18.5;0;0;0;0;0;1;
2026.08.27;19:20:11.7;-0.08;-0.08;258;727;78;52;55;338;840;441;27;6.40;6.40;6.40;6.40;22;0;0;0;0;13.7;95;37;4.2;0;-;12;43;849;1989;11;2748.0;22.9;18.5;0;0;0;0;0;1;
2026.08.27;19:20:12.2;-0.00;-0.00;63;68;78;54;21;338;294;336;27;2.93;2.93;2.93;2.93;22;0;0;0;0;13.7;95;37;4.2;0;-;12;44;849;1989;15;2748.0;21.9;24.3;0;0;0;0;0;1;
2026.08.27;19:20:12.6;-0.00;-0.00;63;68;78;54;21;338;504;462;27;2.93;2.93;2.93;2.93;18;0;0;0;0;13.7;95;44;4.2;2;-;12;44;849;1579;11;2964.0;28.4;27.1;0;0;0;0;0;1;
2026.08.27;19:20:13.1;0.04;0.04;146;102;77;54;21;338;504;462;27;3.50;3.50;3.50;3.50;-26;0;0;0;0;13.9;95;44;4.2;2;-;12;44;849;1378;11;2489.0;28.4;27.1;0;0;0;0;0;1;
2026.08.27;19:20:13.5;0.03;0.03;151;136;79;55;14;338;210;294;27;2.24;2.24;2.24;2.24;-26;0;0;0;0;13.9;95;44;4.2;3;-;12;43;849;1378;0;2489.0;7.1;10.2;0;1;0;0;0;1;
2026.08.27;19:20:14.0;0.03;0.03;151;136;79;55;14;338;315;336;27;2.24;2.24;2.24;2.24;-3;0;0;0;0;13.9;95;44;4.2;3;-;12;43;849;927;0;1773.0;10.1;10.4;0;1;0;0;0;1;
2026.08.27;19:20:14.4;0.01;0.01;761;747;79;56;14;338;315;336;27;2.40;2.40;2.40;2.40;-3;0;0;0;0;13.9;95;44;4.2;2;-;12;43;849;871;0;2259.0;10.1;10.4;0;1;0;0;1;1;
2026.08.27;19:20:14.9;0.00;0.00;776;810;78;55;14;338;315;315;27;2.28;2.28;2.28;2.28;-4;0;0;0;0;13.9;95;44;4.2;1;-;10;43;849;871;0;2259.0;8.8;9.0;0;1;0;0;1;1;
2026.08.27;19:20:15.3;0.00;0.00;776;810;78;55;14;338;336;336;27;2.28;2.28;2.28;2.28;-1;0;0;0;0;13.9;95;44;4.3;1;-;10;43;849;817;0;1665.0;9.0;8.6;0;1;0;0;1;1;
2026.08.27;19:20:15.8;-0.00;-0.00;771;815;78;55;15;318;336;336;27;2.38;2.38;2.38;2.38;-1;0;0;0;0;13.9;96;44;4.3;0;-;10;43;849;823;2;1939.0;9.0;8.6;0;1;0;0;0;1;
2026.08.27;19:20:16.2;-0.00;-0.00;771;815;78;55;15;318;504;546;27;2.38;2.38;2.38;2.38;9;0;0;0;0;13.9;96;44;4.3;0;-;10;43;849;823;8;1939.0;21.4;23.7;0;0;0;0;0;1;
2026.08.27;19:20:16.7;0.01;0.01;92;73;80;56;21;318;504;546;27;2.94;2.94;2.94;2.94;-26;0;0;0;0;13.9;96;44;4.3;0;-;10;43;849;1664;8;3157.0;21.4;23.7;0;0;0;0;0;1;
2026.08.27;19:20:17.1;0.00;0.00;24;14;78;56;0;318;210;273;27;2.18;2.18;2.18;2.18;-26;0;0;0;0;13.9;96;44;4.3;1;-;10;43;849;1664;0;3157.0;9.4;11.7;0;0;0;0;1;1;
2026.08.27;19:20:17.6;0.00;0.00;24;14;78;56;0;318;315;273;27;2.18;2.18;2.18;2.18;9;0;0;0;0;13.7;96;44;4.3;1;-;10;43;849;974;0;2434.0;9.8;8.5;0;0;0;0;1;1;
2026.08.27;19:20:18.0;0.00;0.00;761;761;86;62;0;318;315;273;27;2.47;2.47;2.47;2.47;9;0;0;0;0;13.7;96;44;4.3;1;-;10;43;849;871;0;1289.0;9.8;8.5;0;0;0;0;1;1;
2026.08.27;19:20:18.5;0.00;0.00;761;761;86;62;0;318;399;336;27;2.47;2.47;2.47;2.47;2;0;0;0;0;13.7;96;44;4.3;0;-;10;43;849;871;0;1289.0;11.7;10.2;0;0;0;0;0;1;
2026.08.27;19:20:18.9;-0.00;-0.00;751;776;80;57;4;318;399;336;27;3.04;3.04;3.04;3.04;-9;0;0;0;0;13.7;96;44;4.3;0;-;10;43;849;873;0;1920.0;11.7;10.2;0;0;0;0;0;1;
2026.08.27;19:20:19.4;-0.02;-0.02;751;800;79;57;10;318;357;357;27;7.65;7.65;7.65;7.65;-9;0;0;0;0;14.0;96;51;4.3;0;-;10;43;849;1095;4;2733.0;10.4;10.7;0;0;0;0;0;1;
2026.08.27;19:20:19.8;-0.02;-0.02;751;800;79;57;10;318;378;504;27;7.65;7.65;7.65;7.65;-12;0;0;0;0;14.0;96;51;4.3;0;-;13;43;849;1095;12;2733.0;22.4;28.9;0;0;0;0;0;1;
2026.08.27;19:20:20.3;-0.03;-0.03;751;747;80;59;10;318;378;504;27;3.39;3.39;3.39;3.39;-29;0;0;0;0;14.0;96;51;4.3;0;-;13;43;849;1625;12;2138.0;22.4;28.9;0;0;0;0;0;1;
2026.08.27;19:20:20.7;0.00;0.00;29;9;78;59;0;318;210;294;27;2.42;2.42;2.42;2.42;-29;0;0;0;0;14.0;96;51;4.3;0;-;13;44;849;1625;0;2138.0;9.3;12.1;0;1;0;0;0;1;
2026.08.27;19:20:21.2;0.00;0.00;29;9;78;59;0;318;357;294;27;2.42;2.42;2.42;2.42;9;0;0;0;0;14.0;96;51;4.3;0;-;13;44;849;965;0;1813.0;11.2;9.3;0;0;0;0;0;1;
2026.08.27;19:20:21.6;0.00;0.00;810;805;78;59;0;318;357;294;27;2.75;2.75;2.75;2.75;-5;0;0;0;0;13.8;96;51;4.3;0;-;13;44;849;915;0;2138.0;11.2;9.3;0;0;0;0;1;1;
2026.08.27;19:20:22.1;-0.00;-0.00;795;839;85;64;3;318;357;357;27;2.97;2.97;2.97;2.97;-5;0;0;0;0;13.8;96;51;4.3;0;-;13;43;849;915;0;2138.0;11.2;10.7;0;1;0;0;1;1;
2026.08.27;19:20:22.5;-0.00;-0.00;795;839;85;64;3;318;420;357;27;2.97;2.97;2.97;2.97;-1;0;0;0;0;13.8;96;51;4.3;0;-;13;43;849;828;0;1387.0;11.9;10.6;0;1;0;0;1;1;
2026.08.27;19:20:23.0;-0.01;-0.01;791;834;79;60;6;359;420;357;27;3.23;3.23;3.23;3.23;-11;0;0;0;0;13.8;97;56;4.3;0;-;13;43;849;874;0;1339.0;11.9;10.6;0;1;0;0;1;1;
2026.08.27;19:20:23.4;-0.03;-0.03;786;825;79;59;17;359;336;357;27;7.09;7.09;7.09;7.09;-11;0;0;0;0;13.8;97;56;4.3;0;-;13;43;849;874;6;1339.0;9.7;10.4;0;0;0;0;0;1;
2026.08.27;19:20:23.9;-0.03;-0.03;786;825;79;59;17;359;231;357;27;7.09;7.09;7.09;7.09;12;0;0;0;0;14.0;97;56;4.3;0;-;13;43;849;1406;6;4602.0;17.4;25.7;0;0;0;0;0;1;
2026.08.27;19:20:24.3;0.00;0.00;102;727;79;61;10;359;231;357;27;0.00;0.00;0.00;0.00;12;0;0;0;0;14.0;97;56;4.3;0;-;13;43;849;1778;13;4006.0;17.4;25.7;0;0;0;0;0;1;
2026.08.27;19:20:24.8;0.00;0.00;102;727;79;61;10;359;210;252;27;0.00;0.00;0.00;0.00;-21;0;0;0;0;14.0;97;56;4.3;0;-;12;44;849;1778;0;4006.0;10.3;11.9;0;1;0;0;1;1;
2026.08.27;19:20:25.2;0.00;0.00;4;0;79;61;0;359;210;252;27;2.62;2.62;2.62;2.62;2;0;0;0;0;14.0;97;56;4.3;0;-;12;44;849;1074;0;1825.0;10.3;11.9;0;1;0;0;1;1;
2026.08.27;19:20:25.7;0.00;0.00;800;781;79;61;0;359;252;252;27;2.14;2.14;2.14;2.14;2;0;0;0;0;14.0;97;56;4.3;0;-;12;44;849;831;0;1852.0;7.7;7.6;0;1;0;0;1;1;
2026.08.27;19:20:26.2;0.00;0.00;800;781;79;61;0;359;357;294;27;2.14;2.14;2.14;2.14;9;0;0;0;0;14.0;97;56;4.3;0;-;12;44;849;831;0;1852.0;9.6;8.2;0;1;0;0;1;1;
2026.08.27;19:20:26.6;-0.00;-0.00;795;830;86;66;3;359;420;357;27;2.74;2.74;2.74;2.74;5;0;0;0;0;14.0;98;56;4.3;0;-;12;44;849;751;0;1275.0;10.9;9.4;0;1;0;0;1;1;
2026.08.27;19:20:27.1;-0.01;-0.01;810;839;80;62;5;359;420;357;27;3.17;3.17;3.17;3.17;5;0;0;0;0;14.0;98;56;4.3;0;-;12;44;849;774;0;1895.0;10.9;9.4;0;1;0;0;1;1;
2026.08.27;19:20:27.5;-0.01;-0.01;810;839;80;62;5;359;378;378;27;3.17;3.17;3.17;3.17;-9;0;0;0;0;14.0;98;56;4.3;0;-;12;44;849;774;0;1895.0;10.1;9.9;0;0;0;0;1;1;
2026.08.27;19:20:28.0;-0.02;-0.02;795;834;81;62;7;359;378;378;27;3.06;3.06;3.06;3.06;-7;0;0;0;0;13.9;98;56;4.3;0;-;12;44;849;748;0;2033.0;10.1;9.9;0;0;0;0;1;1;
2026.08.27;19:20:28.4;-0.04;-0.04;791;830;81;63;8;359;378;378;27;2.90;2.90;2.90;2.90;-7;0;0;0;0;13.9;98;56;4.3;0;-;12;44;849;748;0;2033.0;9.8;9.6;0;0;0;0;1;1;
2026.08.27;19:20:28.9;-0.04;-0.04;791;830;81;63;8;359;378;378;27;2.90;2.90;2.90;2.90;-8;0;0;0;0;13.9;98;56;4.3;0;-;12;44;849;744;0;1618.0;9.9;9.6;0;0;0;0;1;1;
2026.08.27;19:20:29.3;-0.08;-0.08;756;805;85;66;8;359;378;378;27;2.74;2.74;2.74;2.74;-8;0;0;0;0;13.9;98;56;4.3;0;-;12;44;849;751;0;1475.0;9.9;9.6;0;0;0;0;1;1;
2026.08.27;19:20:29.8;-0.05;-0.05;185;766;0;0;0;359;378;357;27;0.00;0.00;0.00;0.00;-8;0;0;0;0;13.9;98;56;4.3;0;-;11;44;849;751;0;1475.0;9.6;9.3;0;0;0;0;1;1;
2026.08.27;19:20:30.2;-0.05;-0.05;185;766;0;0;0;273;840;819;27;0.00;0.00;0.00;0.00;4;0;0;0;0;13.2;98;56;4.3;0;-;11;44;849;305;0;1219.0;0.0;0.0;0;0;0;0;1;1;
2026.08.27;19:20:30.7;0.00;0.00;24;58;0;0;0;273;840;819;27;0.00;0.00;0.00;0.00;4;0;0;0;0;13.2;98;56;4.3;0;-;11;44;849;0;0;1219.0;0.0;0.0;0;0;0;0;1;1;
2026.08.27;19:20:31.1;0.00;0.00;24;58;0;0;0;273;840;819;27;0.00;0.00;0.00;0.00;4;0;0;0;0;13.2;98;56;4.3;0;-;11;44;849;0;0;1219.0;0.0;0.0;0;0;0;0;1;1;
2026.08.27;19:20:31.6;0.00;0.00;24;58;0;0;0;273;840;819;27;0.00;0.00;0.00;0.00;4;0;0;0;0;13.2;98;56;4.3;0;-;11;44;849;0;0;1219.0;0.0;0.0;0;0;0;0;1;1;
2026.08.27;19:20:32.0;0.00;0.00;24;58;0;0;0;273;840;819;27;0.00;0.00;0.00;0.00;4;0;0;0;0;13.2;98;56;4.3;0;-;11;44;849;0;0;1219.0;0.0;0.0;0;0;0;0;1;1;
2026.08.27;19:20:32.5;0.00;0.00;24;58;0;0;0;273;840;819;27;0.00;0.00;0.00;0.00;4;0;0;0;0;13.2;98;56;4.3;0;-;11;44;849;0;0;1219.0;0.0;0.0;0;0;0;0;1;1;
2026.08.27;19:20:32.9;0.00;0.00;24;58;0;0;0;273;840;819;27;0.00;0.00;0.00;0.00;4;0;0;0;0;13.2;98;56;4.3;0;-;11;44;849;0;0;1219.0;0.0;0.0;0;0;0;0;1;1;
2026.08.27;19:20:33.4;0.00;0.00;24;58;0;0;0;273;840;819;27;0.00;0.00;0.00;0.00;4;0;0;0;0;13.2;98;56;4.3;0;-;11;44;849;0;0;1219.0;0.0;0.0;0;0;0;0;1;1;
2026.08.27;19:20:33.8;0.00;0.00;24;58;0;0;0;273;840;819;27;0.00;0.00;0.00;0.00;4;0;0;0;0;13.2;98;30;4.3;0;-;11;44;849;0;0;1219.0;0.0;0.0;0;0;0;0;1;1;
2026.08.27;19:20:34.3;0.00;0.00;24;58;0;0;0;273;840;819;27;0.00;0.00;0.00;0.00;4;0;0;0;0;13.1;98;30;4.3;0;-;11;44;849;0;0;1219.0;0.0;0.0;0;0;0;0;1;1;
2026.08.27;19:20:34.7;0.00;0.00;24;58;0;0;0;273;840;840;27;0.00;0.00;0.00;0.00;4;0;0;0;0;13.1;98;30;4.3;0;-;12;45;849;0;0;1219.0;0.0;0.0;0;0;0;0;1;1;
2026.08.27;19:20:35.2;0.00;0.00;24;58;0;0;0;273;840;819;27;0.00;0.00;0.00;0.00;4;0;0;0;0;13.1;98;30;4.3;0;-;12;45;849;0;0;1219.0;0.0;0.0;0;0;0;0;1;1;
2026.08.27;19:20:35.6;0.00;0.00;24;58;0;0;0;273;840;819;27;0.00;0.00;0.00;0.00;4;0;0;0;0;13.1;98;30;4.3;0;-;12;45;849;0;0;1219.0;0.0;0.0;0;0;0;0;1;1;
2026.08.27;19:20:36.1;0.00;0.00;24;58;0;0;0;273;840;819;27;0.00;0.00;0.00;0.00;4;0;0;0;0;13.1;98;30;4.3;0;-;12;45;849;0;0;1219.0;0.0;0.0;0;0;0;0;1;1;
2026.08.27;19:20:36.5;0.00;0.00;24;58;0;0;0;273;840;819;27;0.00;0.00;0.00;0.00;4;0;0;0;0;13.0;98;30;4.3;0;-;12;45;849;0;0;1219.0;0.0;0.0;0;0;0;0;1;1;
2026.08.27;19:20:37.0;0.00;0.00;24;58;0;0;0;273;840;819;27;0.00;0.00;0.00;0.00;4;0;0;0;0;13.0;98;30;4.3;0;-;12;45;849;0;0;1219.0;0.0;0.0;0;0;0;0;1;1;
2026.08.27;19:20:37.4;0.00;0.00;24;58;0;0;0;307;840;819;27;0.00;0.00;0.00;0.00;4;0;0;0;0;13.0;98;0;4.3;0;-;12;45;849;0;0;1219.0;0.0;0.0;0;0;0;0;1;1;
2026.08.27;19:20:37.9;0.00;0.00;24;58;0;0;0;307;840;819;27;0.00;0.00;0.00;0.00;4;0;0;0;0;13.0;98;0;4.3;0;-;12;45;849;0;0;1219.0;0.0;0.0;0;0;0;0;1;1;
2026.08.27;19:20:38.3;0.00;0.00;24;58;0;0;0;307;840;819;27;0.00;0.00;0.00;0.00;4;0;0;0;0;13.0;98;0;4.3;0;-;12;45;849;0;0;1219.0;0.0;0.0;0;0;0;0;1;1;
2026.08.27;19:20:38.8;0.00;0.00;24;58;0;0;0;307;840;819;27;0.00;0.00;0.00;0.00;4;0;0;0;0;12.9;98;0;4.3;0;-;12;45;849;0;0;1219.0;0.0;0.0;0;0;0;0;1;1;
2026.08.27;19:20:39.2;0.00;0.00;24;58;0;0;0;307;840;819;27;0.00;0.00;0.00;0.00;4;0;0;0;0;12.9;98;0;4.3;0;-;12;45;849;0;0;1219.0;0.0;0.0;0;0;0;0;1;1;
2026.08.27;19:20:39.7;0.00;0.00;24;58;0;0;0;307;840;819;27;0.00;0.00;0.00;0.00;4;0;0;0;0;12.9;98;0;4.3;0;-;12;45;849;0;0;1219.0;0.0;0.0;0;0;0;0;1;1;
2026.08.27;19:20:40.1;0.00;0.00;24;58;0;0;0;307;819;819;27;0.00;0.00;0.00;0.00;4;0;0;0;0;12.9;98;0;4.3;0;-;12;45;849;0;0;1219.0;0.0;0.0;0;0;0;0;1;1;
2026.08.27;19:20:40.6;0.00;0.00;24;58;0;0;0;307;819;819;27;0.00;0.00;0.00;0.00;4;0;0;0;0;12.9;98;0;4.3;0;-;12;45;849;0;0;1219.0;0.0;0.0;0;0;0;0;1;1;
2026.08.27;19:20:41.0;0.00;0.00;24;58;0;0;0;307;819;819;27;0.00;0.00;0.00;0.00;4;0;0;0;0;12.9;98;0;4.3;0;-;12;45;849;0;0;1219.0;0.0;0.0;0;0;0;0;1;1;
2026.08.27;19:20:41.5;0.00;0.00;24;58;0;0;0;307;819;819;27;0.00;0.00;0.00;0.00;4;0;0;0;0;12.9;98;0;4.3;0;-;12;45;849;0;0;1219.0;0.0;0.0;0;0;0;0;1;1;
2026.08.27;19:20:41.9;0.00;0.00;24;58;0;0;0;307;819;819;27;0.00;0.00;0.00;0.00;4;0;0;0;0;12.9;98;0;4.3;0;-;12;45;849;0;0;1219.0;0.0;0.0;0;0;0;0;1;1;
2026.08.27;19:20:42.4;0.00;0.00;24;58;0;0;0;307;819;840;27;0.00;0.00;0.00;0.00;4;0;0;0;0;12.9;98;0;4.3;0;-;12;45;849;0;0;1219.0;0.0;0.0;0;0;0;0;1;1;
2026.08.27;19:20:42.8;0.00;0.00;24;58;0;0;0;307;819;840;27;0.00;0.00;0.00;0.00;4;0;0;0;0;12.8;98;0;4.4;0;-;12;45;849;0;0;1219.0;0.0;0.0;0;0;0;0;1;1;
2026.08.27;19:20:43.3;0.00;0.00;24;58;0;0;0;307;819;819;27;0.00;0.00;0.00;0.00;4;0;0;0;0;12.8;98;0;4.4;0;-;12;45;849;0;0;1219.0;0.0;0.0;0;0;0;0;1;1;
2026.08.27;19:20:43.7;0.00;0.00;24;58;0;0;0;307;819;819;27;0.00;0.00;0.00;0.00;4;0;0;0;0;12.8;98;0;4.4;0;-;12;45;849;0;0;1219.0;0.0;0.0;0;0;0;0;0;1;
2026.08.27;19:20:44.2;0.00;0.00;19;43;0;0;0;313;819;819;27;0.00;0.00;0.00;0.00;4;0;0;0;0;12.8;98;0;4.4;0;-;12;45;838;0;0;1219.0;0.0;0.0;0;0;0;0;0;1;
2026.08.27;19:20:44.6;0.00;0.00;19;43;0;0;0;313;819;819;27;0.00;0.00;0.00;0.00;4;0;0;0;0;12.7;98;0;4.4;0;-;12;45;838;0;0;1219.0;0.0;0.0;0;0;0;0;0;1;
2026.08.27;19:20:45.1;0.00;0.00;19;43;0;0;0;313;819;819;27;0.00;0.00;0.00;0.00;4;0;0;0;0;12.7;98;0;4.4;0;-;12;45;838;0;0;1219.0;0.0;0.0;0;0;0;0;0;1;
2026.08.27;19:20:45.5;0.00;0.00;19;43;0;0;0;313;819;819;27;0.00;0.00;0.00;0.00;4;0;0;0;0;12.7;98;0;4.4;0;-;12;45;838;0;0;1219.0;0.0;0.0;0;0;0;0;0;1;
2026.08.27;19:20:46.0;0.00;0.00;19;43;0;0;0;313;819;819;27;0.00;0.00;0.00;0.00;4;0;0;0;0;12.7;98;0;4.4;0;-;12;45;838;0;0;1219.0;0.0;0.0;0;0;0;0;0;1;
2026.08.27;19:20:46.4;0.00;0.00;19;43;0;0;0;313;819;819;27;0.00;0.00;0.00;0.00;4;0;0;0;0;12.7;98;0;4.4;0;-;12;45;838;0;0;1219.0;0.0;0.0;0;0;0;0;0;1;
2026.08.27;19:20:46.9;0.00;0.00;19;48;0;0;0;313;819;819;27;0.00;0.00;0.00;0.00;4;0;0;0;0;12.6;98;0;4.4;0;-;12;45;838;0;0;1219.0;0.0;0.0;0;0;0;0;0;1;
2026.08.27;19:20:47.3;0.00;0.00;19;48;0;0;0;313;819;819;27;0.00;0.00;0.00;0.00;4;0;0;0;0;12.6;98;0;4.4;0;-;12;45;838;0;0;1219.0;0.0;0.0;0;0;0;0;0;1;
2026.08.27;19:20:47.8;0.00;0.00;14;43;0;0;0;313;210;588;27;8.00;8.00;8.00;8.00;4;0;0;0;0;12.6;98;0;4.4;0;-;12;45;838;689;0;1219.0;11.3;36.3;0;1;0;0;0;1;
2026.08.27;19:20:48.2;0.00;0.00;874;781;11;11;0;313;210;588;27;4.29;4.29;4.29;4.29;4;0;0;0;0;12.6;98;0;4.4;0;-;12;45;838;1444;0;2204.0;11.3;36.3;0;1;0;0;0;1;
2026.08.27;19:20:48.7;0.00;0.00;874;781;11;11;0;313;210;273;27;4.29;4.29;4.29;4.29;-11;0;0;0;0;12.6;98;0;4.4;0;-;12;44;838;1444;0;2204.0;8.6;11.0;0;1;0;0;0;1;
2026.08.27;19:20:49.1;0.00;0.00;78;380;11;11;0;313;210;273;27;2.19;2.19;2.19;2.19;-2;0;0;0;0;12.2;98;0;4.4;0;-;12;44;838;1064;0;2372.0;8.6;11.0;0;1;0;0;0;1;
2026.08.27;19:20:49.6;0.00;0.00;786;380;10;10;0;313;231;252;27;2.29;2.29;2.29;2.29;-2;0;0;0;0;12.2;98;0;4.4;0;-;12;44;838;949;0;1239.0;8.1;8.8;0;0;0;0;0;1;
2026.08.27;19:20:50.0;0.00;0.00;786;380;10;10;0;313;336;273;27;2.29;2.29;2.29;2.29;9;0;0;0;0;12.2;98;0;4.4;0;-;12;44;838;949;0;1239.0;10.4;8.7;0;0;0;0;0;1;
2026.08.27;19:20:50.5;0.00;0.00;859;751;9;9;0;313;336;273;27;2.91;2.91;2.91;2.91;-2;0;0;0;0;12.2;98;0;4.4;0;-;12;44;838;856;0;1071.0;10.4;8.7;0;0;0;0;0;1;
2026.08.27;19:20:50.9;0.00;0.00;893;810;8;8;0;313;378;336;27;3.29;3.29;3.29;3.29;-2;0;0;0;0;12.2;98;0;4.4;0;-;12;44;838;856;0;1071.0;10.7;9.9;0;0;0;0;0;0;
2026.08.27;19:20:51.4;0.00;0.00;893;810;8;8;0;257;315;336;27;3.29;3.29;3.29;3.29;-6;0;0;0;0;14.0;99;0;4.4;0;-;12;44;835;814;0;1541.0;8.6;9.0;0;0;0;0;0;0;
2026.08.27;19:20:51.8;0.00;0.00;898;830;8;8;0;257;315;336;27;2.87;2.87;2.87;2.87;3;0;0;0;0;14.0;99;0;4.4;0;-;12;44;835;780;0;1854.0;8.6;9.0;0;0;0;0;0;0;
2026.08.27;19:20:52.3;0.10;0.10;888;834;8;8;3;257;336;315;27;2.85;2.85;2.85;2.85;3;0;0;0;0;14.0;99;0;4.4;0;-;12;44;835;780;0;1854.0;8.6;8.1;0;0;0;0;0;0;
2026.08.27;19:20:52.8;0.10;0.10;888;834;8;8;3;257;357;336;27;2.85;2.85;2.85;2.85;-5;0;0;0;0;14.0;99;0;4.4;0;-;12;44;835;767;0;1429.0;9.1;8.6;0;0;0;0;0;0;
2026.08.27;19:20:53.2;0.10;0.10;888;844;9;9;5;257;357;336;27;3.13;3.13;3.13;3.13;2;0;0;0;0;13.8;99;0;4.4;0;-;12;44;835;730;0;1868.0;9.1;8.6;0;0;0;0;0;0;
2026.08.27;19:20:53.7;0.09;0.09;893;849;8;8;7;257;399;357;27;3.41;3.41;3.41;3.41;2;0;0;0;0;13.8;99;0;4.4;0;-;12;44;835;730;0;1868.0;10.4;9.6;0;0;0;0;0;0;
2026.08.27;19:20:54.1;0.09;0.09;893;849;8;8;7;257;378;378;27;3.41;3.41;3.41;3.41;-9;0;0;0;0;13.8;99;0;4.4;0;-;12;44;835;762;0;1450.0;10.0;9.8;0;0;0;0;0;0;
2026.08.27;19:20:54.6;0.07;0.07;888;849;8;8;8;257;378;378;27;3.26;3.26;3.26;3.26;-9;0;0;0;0;13.8;98;68;4.4;0;-;12;44;835;758;0;2079.0;10.0;9.8;0;0;0;0;0;0;
2026.08.27;19:20:55.0;0.07;0.07;888;849;8;8;8;257;378;378;27;3.26;3.26;3.26;3.26;-4;0;0;0;0;13.8;98;68;4.4;0;-;12;44;835;758;0;2079.0;9.8;9.7;0;0;0;0;0;0;
2026.08.27;19:20:55.5;0.04;0.04;883;854;8;8;9;257;840;777;27;3.09;3.09;3.09;3.09;-4;0;0;0;0;13.9;98;68;4.4;0;-;12;44;835;755;0;1850.0;22.8;22.5;0;0;0;0;0;0;
2026.08.27;19:20:55.9;-0.02;-0.02;825;820;8;8;99;257;840;777;27;8.82;8.82;8.82;8.82;-4;0;0;0;0;13.9;98;68;4.4;0;-;12;44;835;2219;17;3315.0;22.8;22.5;0;0;0;0;0;0;
2026.08.27;19:20:56.4;-0.02;-0.02;825;820;8;8;99;257;231;273;27;8.82;8.82;8.82;8.82;-26;0;0;0;0;13.9;98;68;4.4;0;-;12;44;835;2219;6;3315.0;17.4;21.9;0;0;0;0;0;0;
2026.08.27;19:20:56.8;0.00;0.00;29;156;0;0;0;257;231;273;27;3.07;3.07;3.07;3.07;28;0;0;0;0;13.9;98;68;4.4;0;-;12;44;835;2010;6;3900.0;17.4;21.9;0;0;0;0;0;0;
2026.08.27;19:20:57.3;-0.01;-0.01;83;263;8;8;0;257;231;294;27;1.99;1.99;1.99;1.99;28;0;0;0;0;13.9;98;68;4.4;0;-;12;44;835;2010;2;3900.0;17.6;22.4;0;0;0;0;0;0;
2026.08.27;19:20:57.7;-0.01;-0.01;83;263;8;8;0;257;420;441;27;1.99;1.99;1.99;1.99;22;0;0;0;0;13.9;98;68;4.4;0;-;12;44;835;1930;27;4730.0;37.4;40.3;0;0;0;0;0;0;
2026.08.27;19:20:58.2;-0.00;-0.00;834;756;80;73;7;250;420;441;27;2.57;2.57;2.57;2.57;-18;0;0;0;0;13.9;96;68;4.4;0;-;12;44;836;2586;27;3982.0;37.4;40.3;0;0;0;0;0;0;
2026.08.27;19:20:58.6;0.00;0.00;9;87;79;74;0;250;210;252;27;0.00;0.00;0.00;0.00;-18;0;0;0;0;13.9;96;68;4.4;0;-;12;44;836;2586;0;3982.0;17.5;19.4;0;0;0;0;0;0;
2026.08.27;19:20:59.1;0.00;0.00;9;87;79;74;0;250;210;231;27;0.00;0.00;0.00;0.00;0;0;0;0;0;13.9;96;68;4.4;0;-;12;44;836;1594;0;3799.0;10.3;10.8;0;0;0;0;0;0;
2026.08.27;19:20:59.5;0.00;0.00;722;68;79;74;0;250;210;231;27;2.23;2.23;2.23;2.23;12;0;0;0;0;14.0;96;68;4.4;0;-;12;44;836;1156;0;2650.0;10.3;10.8;0;0;0;0;0;0;
2026.08.27;19:21:00.0;-0.00;-0.00;859;795;79;74;3;250;252;231;27;2.26;2.26;2.26;2.26;12;0;0;0;0;14.0;96;68;4.4;0;-;12;44;836;1156;0;2650.0;8.4;7.6;0;0;0;0;0;0;
2026.08.27;19:21:00.4;-0.00;-0.00;859;795;79;74;3;250;336;294;27;2.26;2.26;2.26;2.26;1;0;0;0;0;14.0;96;68;4.4;0;-;12;44;836;903;0;1393.0;9.7;9.0;0;0;0;0;0;0;
2026.08.27;19:21:00.9;-0.01;-0.01;830;786;80;75;5;250;336;294;27;2.62;2.62;2.62;2.62;1;0;0;0;0;14.0;96;68;4.4;0;-;12;44;836;821;0;1234.0;9.7;9.0;0;0;0;0;0;0;
2026.08.27;19:21:01.3;-0.01;-0.01;830;786;80;75;5;250;336;315;27;2.62;2.62;2.62;2.62;-2;0;0;0;0;14.0;96;68;4.4;0;-;12;44;836;821;0;1234.0;9.1;8.6;0;0;0;0;0;0;
2026.08.27;19:21:01.8;-0.02;-0.02;844;825;82;76;6;250;336;315;27;2.61;2.61;2.61;2.61;-1;0;0;0;0;14.0;96;68;4.4;0;-;12;44;836;785;0;1516.0;9.1;8.6;0;0;0;0;0;0;
2026.08.27;19:21:02.2;-0.05;-0.05;839;834;81;75;8;250;336;336;27;2.58;2.58;2.58;2.58;-1;0;0;0;0;14.0;96;68;4.4;0;-;12;44;836;785;0;1516.0;9.1;8.6;0;0;0;0;0;0;
2026.08.27;19:21:02.7;-0.05;-0.05;839;834;81;75;8;250;336;336;27;2.58;2.58;2.58;2.58;-1;0;0;0;0;14.0;96;68;4.4;0;-;12;45;836;762;0;1470.0;9.0;8.7;0;0;0;0;0;0;
2026.08.27;19:21:03.1;-0.08;-0.08;805;825;81;74;8;250;336;336;27;2.48;2.48;2.48;2.48;-1;0;0;0;0;14.0;96;68;4.4;0;-;12;45;836;750;0;1899.0;9.0;8.7;0;0;0;0;0;0;
2026.08.27;19:21:03.6;-0.11;-0.11;703;791;82;75;9;250;357;336;27;2.44;2.44;2.44;2.44;-1;0;0;0;0;14.0;96;68;4.4;0;-;12;45;836;750;0;1899.0;9.2;8.9;0;0;0;0;0;0;
2026.08.27;19:21:04.0;-0.11;-0.11;703;791;82;75;9;250;357;357;27;2.44;2.44;2.44;2.44;1;0;0;0;0;14.0;96;68;4.5;0;-;12;45;836;748;0;1781.0;9.2;8.9;0;0;0;0;0;0;
2026.08.27;19:21:04.5;-0.07;-0.07;87;117;82;75;10;250;357;357;27;2.48;2.48;2.48;2.48;1;0;0;0;0;14.0;96;68;4.5;0;-;12;45;836;749;0;1771.0;9.2;8.9;0;0;0;0;0;0;
2026.08.27;19:21:04.9;-0.07;-0.07;87;117;82;75;10;250;357;336;27;2.48;2.48;2.48;2.48;-2;0;0;0;0;14.0;96;68;4.5;0;-;12;45;836;749;0;1771.0;9.2;8.8;0;0;0;0;0;0;
2026.08.27;19:21:05.4;-0.09;-0.09;664;673;82;75;10;221;357;336;27;2.41;2.41;2.41;2.41;1;0;0;0;0;14.0;97;56;4.5;0;-;12;45;836;750;0;1897.0;9.2;8.8;0;0;0;0;0;0;
2026.08.27;19:21:05.8;-0.07;-0.07;97;92;83;76;11;221;357;357;27;2.45;2.45;2.45;2.45;1;0;0;0;0;14.0;97;56;4.5;0;-;12;45;836;750;0;1897.0;9.0;8.8;0;0;0;0;0;0;
2026.08.27;19:21:06.3;-0.07;-0.07;97;92;83;76;11;221;357;357;27;2.45;2.45;2.45;2.45;1;0;0;0;0;13.9;97;56;4.5;0;-;12;45;836;757;0;2058.0;9.1;8.8;0;0;0;0;0;0;
2026.08.27;19:21:06.7;-0.06;-0.06;87;83;0;0;12;221;357;357;27;2.43;2.43;2.43;2.43;1;0;0;0;0;13.9;97;56;4.5;0;-;12;45;836;752;0;1384.0;9.1;8.8;0;0;0;0;0;0;
2026.08.27;19:21:07.2;-0.06;-0.06;87;83;0;0;12;221;336;357;27;2.43;2.43;2.43;2.43;-4;0;0;0;0;13.9;97;56;4.5;0;-;12;45;836;752;0;1384.0;8.8;8.8;0;0;0;0;0;0;
2026.08.27;19:21:07.6;-0.06;-0.06;102;97;82;76;12;221;357;336;27;2.39;2.39;2.39;2.39;-2;0;0;0;0;13.9;97;56;4.5;0;-;12;45;836;750;0;1976.0;8.8;8.7;0;0;0;0;0;0;
2026.08.27;19:21:08.1;-0.03;-0.03;161;102;84;76;12;221;357;336;27;2.40;2.40;2.40;2.40;-2;0;0;0;0;13.9;97;56;4.5;0;-;12;45;836;754;0;1303.0;8.8;8.7;0;0;0;0;0;0;
2026.08.27;19:21:08.5;-0.03;-0.03;161;102;84;76;12;221;336;336;27;2.40;2.40;2.40;2.40;-2;0;0;0;0;13.9;97;56;4.5;0;-;12;45;836;754;0;1303.0;8.8;8.7;0;0;0;0;0;0;
2026.08.27;19:21:09.0;-0.07;-0.07;722;722;82;76;13;221;336;336;27;2.28;2.28;2.28;2.28;2;0;0;0;0;13.9;97;56;4.5;0;-;12;45;836;747;0;1781.0;8.8;8.7;0;0;0;0;0;0;
2026.08.27;19:21:09.4;-0.05;-0.05;87;78;84;77;14;221;357;336;27;2.32;2.32;2.32;2.32;2;0;0;0;0;13.9;97;56;4.5;0;-;12;45;836;747;0;1781.0;9.0;8.7;0;0;0;0;0;0;
2026.08.27;19:21:09.9;-0.05;-0.05;87;78;84;77;14;221;357;336;27;2.32;2.32;2.32;2.32;0;0;0;0;0;13.9;97;56;4.5;0;-;12;45;836;754;0;1245.0;9.3;8.7;0;0;0;0;0;0;
2026.08.27;19:21:10.3;-0.05;-0.05;83;78;83;76;15;221;357;336;27;2.38;2.38;2.38;2.38;-1;0;0;0;0;13.9;97;56;4.5;0;-;12;45;836;758;0;2093.0;9.3;8.7;0;0;0;0;0;0;
2026.08.27;19:21:10.8;-0.04;-0.04;78;68;83;76;15;221;357;357;27;2.30;2.30;2.30;2.30;-1;0;0;0;0;13.9;97;56;4.5;0;-;12;45;836;758;0;2093.0;9.2;8.9;0;0;0;0;0;0;
2026.08.27;19:21:11.2;-0.04;-0.04;78;68;83;76;15;221;357;336;27;2.30;2.30;2.30;2.30;-5;0;0;0;0;13.9;97;56;4.5;0;-;12;45;836;754;0;1307.0;8.9;8.8;0;0;0;0;0;0;
2026.08.27;19:21:11.7;-0.01;-0.01;92;83;84;77;15;221;357;336;27;2.32;2.32;2.32;2.32;-5;0;0;0;0;13.9;97;56;4.5;0;-;12;45;836;752;0;1951.0;8.9;8.8;0;0;0;0;0;0;
2026.08.27;19:21:12.1;-0.01;-0.01;92;83;84;77;15;221;336;336;27;2.32;2.32;2.32;2.32;-3;0;0;0;0;13.9;97;56;4.5;0;-;12;45;836;752;10;1951.0;8.7;8.7;0;0;0;0;0;0;
2026.08.27;19:21:12.6;0.02;0.02;97;87;82;75;99;221;336;336;27;8.48;8.48;8.48;8.48;21;0;0;0;0;14.0;96;56;4.5;0;-;12;45;836;1674;10;2772.0;8.7;8.7;0;0;0;0;0;0;
2026.08.27;19:21:13.0;0.00;0.00;48;83;81;78;31;221;252;336;27;1.57;1.57;1.57;1.57;21;0;0;0;0;14.0;96;56;4.5;0;-;12;45;836;2426;16;3941.0;22.9;31.2;0;0;0;0;0;0;
2026.08.27;19:21:13.5;0.00;0.00;48;83;81;78;31;221;210;231;27;1.57;1.57;1.57;1.57;19;0;0;0;0;14.0;96;56;4.5;0;-;12;45;836;2426;0;3941.0;17.6;18.1;0;0;0;0;0;0;
2026.08.27;19:21:13.9;0.06;0.06;14;14;79;79;23;221;210;231;27;1.59;1.59;1.59;1.59;-19;0;0;0;0;14.0;96;56;4.5;0;-;12;45;836;1666;0;3813.0;17.6;18.1;0;0;0;0;0;0;
2026.08.27;19:21:14.4;0.09;0.09;34;24;79;80;15;221;210;231;27;1.53;1.53;1.53;1.53;-19;0;0;0;0;13.8;96;56;4.5;0;-;12;45;836;969;0;1388.0;9.7;10.4;0;0;0;0;0;0;
2026.08.27;19:21:14.8;0.09;0.09;34;24;79;80;15;221;588;252;27;1.53;1.53;1.53;1.53;19;0;0;0;0;13.8;96;56;4.5;0;-;12;45;836;969;7;1388.0;18.7;7.4;0;0;0;0;0;0;
2026.08.27;19:21:15.3;0.08;0.08;776;551;77;78;49;221;588;252;27;4.88;4.88;4.88;4.88;20;0;0;0;0;13.8;96;56;4.5;0;-;12;45;836;1483;7;2049.0;18.7;7.4;0;0;0;0;0;0;
2026.08.27;19:21:15.7;0.09;0.09;53;48;77;79;35;221;252;294;27;2.08;2.08;2.08;2.08;20;0;0;0;0;13.8;96;56;4.5;0;-;12;45;836;1483;16;2049.0;16.9;19.0;0;0;0;0;0;0;
2026.08.27;19:21:16.2;0.09;0.09;53;48;77;79;35;221;357;357;27;2.08;2.08;2.08;2.08;28;0;0;0;0;13.8;95;56;4.5;0;-;12;45;836;2077;16;2976.0;31.3;31.1;0;0;0;0;0;0;
2026.08.27;19:21:16.6;0.11;0.11;581;683;0;0;46;221;357;357;27;2.20;2.20;2.20;2.20;28;0;0;0;0;14.0;95;56;4.5;0;-;12;45;836;2725;26;3772.0;31.3;31.1;0;0;0;0;0;0;
2026.08.27;19:21:17.1;0.11;0.11;581;683;0;0;46;221;210;273;27;2.20;2.20;2.20;2.20;34;0;0;0;0;14.0;95;56;4.5;0;-;12;45;836;2725;13;3772.0;21.0;26.2;0;0;0;0;0;0;
2026.08.27;19:21:17.5;0.20;0.20;43;39;76;80;36;221;210;273;27;1.61;1.61;1.61;1.61;2;0;0;0;0;14.0;95;56;4.5;0;-;12;45;836;2431;13;2754.0;21.0;26.2;0;0;0;0;0;0;
2026.08.27;19:21:18.0;0.00;0.00;0;0;74;80;0;221;210;231;27;0.00;0.00;0.00;0.00;2;0;0;0;0;14.0;95;56;4.5;0;-;12;45;836;1450;0;2918.0;15.5;16.5;0;0;0;0;0;0;
2026.08.27;19:21:18.4;0.00;0.00;0;0;74;80;0;221;210;231;27;0.00;0.00;0.00;0.00;1;0;0;0;0;14.0;95;56;4.5;0;-;12;45;836;1450;0;2918.0;9.4;9.6;0;0;0;0;0;0;
2026.08.27;19:21:18.9;0.00;0.00;63;19;75;81;0;221;210;231;27;1.92;1.92;1.92;1.92;21;0;0;0;0;13.9;95;56;4.5;0;-;12;45;836;1049;0;2060.0;9.4;9.6;0;0;0;0;0;0;
2026.08.27;19:21:19.4;-0.00;-0.00;747;766;77;82;3;212;294;231;27;2.32;2.32;2.32;2.32;21;0;0;0;0;13.9;94;37;4.5;0;-;12;45;836;856;0;1577.0;9.6;7.5;0;0;0;0;0;0;
2026.08.27;19:21:19.8;-0.00;-0.00;747;766;77;82;3;212;336;315;27;2.32;2.32;2.32;2.32;0;0;0;0;0;13.9;94;37;4.5;0;-;12;45;836;856;0;1577.0;9.4;8.6;0;0;0;0;0;0;
2026.08.27;19:21:20.3;-0.01;-0.01;786;766;76;80;4;212;336;315;27;2.55;2.55;2.55;2.55;-2;0;0;0;0;13.9;94;37;4.5;0;-;12;45;836;801;0;2002.0;9.4;8.6;0;0;0;0;0;0;
2026.08.27;19:21:20.7;-0.02;-0.02;805;825;76;81;6;212;336;315;27;2.62;2.62;2.62;2.62;-2;0;0;0;0;13.9;94;37;4.5;0;-;12;45;836;801;0;2002.0;8.8;8.4;0;0;0;0;0;0;
2026.08.27;19:21:21.2;-0.02;-0.02;805;825;76;81;6;212;336;336;27;2.62;2.62;2.62;2.62;-1;0;0;0;0;14.0;94;37;4.5;0;-;12;45;836;763;0;2067.0;8.8;8.5;0;0;0;0;0;0;
2026.08.27;19:21:21.6;-0.04;-0.04;810;825;76;80;8;212;336;336;27;2.57;2.57;2.57;2.57;-1;0;0;0;0;14.0;94;37;4.5;0;-;12;45;836;760;0;1255.0;8.8;8.5;0;0;0;0;0;0;
2026.08.27;19:21:22.1;-0.07;-0.07;786;810;77;81;8;212;336;336;27;2.47;2.47;2.47;2.47;-1;0;0;0;0;14.0;94;37;4.5;0;-;12;45;836;760;0;1255.0;8.9;8.6;0;0;0;0;0;0;
2026.08.27;19:21:22.5;-0.07;-0.07;786;810;77;81;8;212;357;336;27;2.47;2.47;2.47;2.47;1;0;0;0;0;14.0;94;37;4.5;0;-;12;45;836;757;0;1896.0;9.0;8.7;0;0;0;0;0;0;
2026.08.27;19:21:23.0;-0.10;-0.10;693;742;78;81;9;212;357;336;27;2.39;2.39;2.39;2.39;1;0;0;0;0;13.8;94;37;4.6;0;-;12;45;836;751;0;1877.0;9.0;8.7;0;0;0;0;0;0;
2026.08.27;19:21:23.4;-0.10;-0.10;693;742;78;81;9;212;357;336;27;2.39;2.39;2.39;2.39;4;0;0;0;0;13.8;94;37;4.6;0;-;12;45;836;751;0;1877.0;9.4;8.8;0;0;0;0;0;0;
2026.08.27;19:21:23.9;-0.06;-0.06;92;78;78;81;10;212;357;336;27;2.52;2.52;2.52;2.52;-2;0;0;0;0;13.8;94;37;4.6;0;-;12;45;836;751;0;1635.0;9.0;8.8;0;0;0;0;0;0;
2026.08.27;19:21:24.3;-0.05;-0.05;131;136;78;81;10;212;357;336;27;2.47;2.47;2.47;2.47;-2;0;0;0;0;13.8;94;37;4.6;0;-;12;45;836;752;0;1921.0;9.0;8.8;0;0;0;0;0;0;
2026.08.27;19:21:24.8;-0.05;-0.05;131;136;78;81;10;212;357;336;27;2.47;2.47;2.47;2.47;-1;0;0;0;0;13.8;94;37;4.6;0;-;12;45;836;752;0;1921.0;9.0;8.8;0;0;0;0;0;0;
2026.08.27;19:21:25.2;-0.05;-0.05;107;97;78;81;11;212;357;336;27;2.43;2.43;2.43;2.43;1;0;0;0;0;13.9;94;37;4.6;0;-;12;45;836;753;0;1847.0;9.0;8.7;0;0;0;0;0;0;
2026.08.27;19:21:25.7;-0.02;-0.02;107;92;79;81;12;212;357;336;27;2.48;2.48;2.48;2.48;1;0;0;0;0;13.9;94;37;4.6;0;-;12;45;836;751;0;1386.0;9.0;8.7;0;0;0;0;0;0;
2026.08.27;19:21:26.1;-0.02;-0.02;107;92;79;81;12;212;357;336;27;2.48;2.48;2.48;2.48;-2;0;0;0;0;13.9;94;37;4.6;0;-;12;45;836;751;0;1386.0;9.0;8.8;0;0;0;0;0;0;
2026.08.27;19:21:26.6;-0.04;-0.04;620;483;79;81;12;214;357;336;27;2.38;2.38;2.38;2.38;0;0;0;0;0;13.9;94;37;4.6;0;-;12;45;836;752;0;1662.0;9.0;8.8;0;0;0;0;0;0;
2026.08.27;19:21:27.0;-0.03;-0.03;156;644;79;80;13;214;357;336;27;2.37;2.37;2.37;2.37;0;0;0;0;0;13.9;94;37;4.6;0;-;12;45;836;752;0;1662.0;9.0;8.7;0;0;0;0;0;0;
2026.08.27;19:21:27.5;-0.03;-0.03;156;644;79;80;13;214;357;336;27;2.37;2.37;2.37;2.37;-1;0;0;0;0;13.9;94;37;4.7;0;-;12;45;836;746;0;1473.0;9.0;8.7;0;0;0;0;0;0;
2026.08.27;19:21:27.9;-0.02;-0.02;97;87;80;81;13;214;357;336;27;2.35;2.35;2.35;2.35;-1;0;0;0;0;13.9;94;37;4.7;0;-;12;45;836;757;0;2023.0;9.0;8.7;0;0;0;0;0;0;
2026.08.27;19:21:28.4;-0.02;-0.02;97;87;80;81;13;214;357;336;27;2.35;2.35;2.35;2.35;1;0;0;0;0;13.9;94;37;4.7;0;-;12;45;836;757;0;2023.0;8.9;8.7;0;0;0;0;0;0;
2026.08.27;19:21:28.8;-0.02;-0.02;102;83;79;81;14;214;357;336;27;2.33;2.33;2.33;2.33;-3;0;0;0;0;13.9;94;37;4.7;0;-;12;45;836;753;0;1444.0;9.0;8.7;0;0;0;0;0;0;
2026.08.27;19:21:29.3;-0.00;-0.00;87;83;80;81;14;214;357;336;27;2.33;2.33;2.33;2.33;-3;0;0;0;0;14.0;94;37;4.7;0;-;12;45;836;758;0;2589.0;9.0;8.7;0;0;0;0;0;0;
2026.08.27;19:21:29.7;-0.00;-0.00;87;83;80;81;14;214;336;336;27;2.33;2.33;2.33;2.33;-2;0;0;0;0;14.0;94;37;4.7;0;-;12;45;836;758;0;2589.0;8.8;8.8;0;0;0;0;0;0;
2026.08.27;19:21:30.2;0.03;0.03;92;83;80;81;15;214;336;336;27;2.37;2.37;2.37;2.37;0;0;0;0;0;14.0;94;37;4.7;0;-;12;45;836;755;0;2168.0;8.7;8.6;0;0;0;0;0;0;
2026.08.27;19:21:30.6;0.06;0.06;205;122;81;81;15;214;336;336;27;2.35;2.35;2.35;2.35;0;0;0;0;0;14.0;94;37;4.7;0;-;12;45;836;755;0;1971.0;8.7;8.6;0;0;0;0;0;0;
2026.08.27;19:21:31.1;0.06;0.06;205;122;81;81;15;214;357;336;27;2.35;2.35;2.35;2.35;2;0;0;0;0;14.0;94;37;4.7;0;-;12;45;836;755;0;1971.0;9.0;8.7;0;0;0;0;0;0;
2026.08.27;19:21:31.5;0.02;0.02;166;502;81;81;16;214;357;336;27;2.27;2.27;2.27;2.27;-3;0;0;0;0;14.0;94;37;4.7;0;-;12;45;836;749;0;2019.0;9.0;8.7;0;0;0;0;0;0;
2026.08.27;19:21:32.0;0.03;0.03;78;68;81;81;16;214;357;336;27;2.22;2.22;2.22;2.22;-3;0;0;0;0;14.0;94;37;4.7;0;-;12;45;836;746;0;1906.0;8.8;8.7;0;0;0;0;0;0;
2026.08.27;19:21:32.4;0.03;0.03;78;68;81;81;16;214;357;336;27;2.22;2.22;2.22;2.22;3;0;0;0;0;14.0;94;37;4.7;0;-;12;45;836;746;0;1906.0;9.2;8.8;0;0;0;0;0;0;
2026.08.27;19:21:32.9;0.04;0.04;78;73;81;81;17;214;357;336;27;2.23;2.23;2.23;2.23;0;0;0;0;0;14.0;94;37;4.7;0;-;12;45;836;754;0;1535.0;9.2;8.8;0;0;0;0;0;0;
2026.08.27;19:21:33.3;0.05;0.05;73;63;82;82;17;214;357;336;27;2.21;2.21;2.21;2.21;0;0;0;0;0;14.0;94;37;4.7;0;-;12;45;836;754;0;1535.0;8.8;8.6;0;0;0;0;0;0;
2026.08.27;19:21:33.8;0.05;0.05;73;63;82;82;17;214;357;336;27;2.21;2.21;2.21;2.21;-2;0;0;0;0;13.9;93;37;4.6;0;-;12;45;836;750;0;1938.0;9.0;8.7;0;0;0;0;0;0;
2026.08.27;19:21:34.2;0.08;0.08;87;78;81;81;17;214;357;336;27;2.26;2.26;2.26;2.26;-2;0;0;0;0;13.9;93;37;4.6;0;-;12;45;836;758;0;1395.0;9.0;8.7;0;0;0;0;0;0;
2026.08.27;19:21:34.7;0.08;0.08;87;78;81;81;17;214;336;336;27;2.26;2.26;2.26;2.26;-3;0;0;0;0;13.9;93;37;4.6;0;-;12;45;836;758;0;1395.0;8.8;8.7;0;0;0;0;0;0;
2026.08.27;19:21:35.1;0.12;0.12;102;92;83;82;17;214;336;336;27;2.24;2.24;2.24;2.24;-4;0;0;0;0;13.9;93;37;4.6;0;-;12;45;836;759;0;1228.0;8.8;8.7;0;0;0;0;0;0;
2026.08.27;19:21:35.6;0.09;0.09;664;375;82;81;17;214;315;336;27;2.07;2.07;2.07;2.07;-4;0;0;0;0;13.9;93;37;4.6;0;-;12;45;836;759;0;1228.0;8.1;8.2;0;0;0;0;0;0;
2026.08.27;19:21:36.0;0.09;0.09;664;375;82;81;17;214;336;315;27;2.07;2.07;2.07;2.07;-1;0;0;0;0;14.0;93;37;4.6;0;-;12;45;836;747;0;1791.0;8.2;8.1;0;0;0;0;0;0;
2026.08.27;19:21:36.5;0.10;0.10;170;551;81;81;18;214;336;315;27;2.07;2.07;2.07;2.07;2;0;0;0;0;14.0;93;37;4.6;0;-;12;45;836;751;0;2150.0;8.2;8.1;0;0;0;0;0;0;
2026.08.27;19:21:36.9;0.11;0.11;107;87;82;81;18;214;336;315;27;2.05;2.05;2.05;2.05;2;0;0;0;0;14.0;93;37;4.6;0;-;12;45;836;751;0;2150.0;8.3;8.1;0;0;0;0;0;0;
2026.08.27;19:21:37.4;0.11;0.11;107;87;82;81;18;214;336;315;27;2.05;2.05;2.05;2.05;-3;0;0;0;0;14.0;93;30;4.6;0;-;12;45;836;749;0;1311.0;8.3;8.1;0;0;0;0;0;0;
2026.08.27;19:21:37.8;0.12;0.12;92;83;82;81;19;214;336;315;27;2.06;2.06;2.06;2.06;-2;0;0;0;0;14.0;93;30;4.6;0;-;12;45;836;750;0;1545.0;8.3;8.1;0;0;0;0;0;0;
2026.08.27;19:21:38.3;0.13;0.13;92;78;82;81;19;214;336;315;27;2.06;2.06;2.06;2.06;-2;0;0;0;0;14.0;93;30;4.6;0;-;12;45;836;750;0;1545.0;8.4;8.1;0;0;0;0;0;0;
2026.08.27;19:21:38.7;0.13;0.13;92;78;82;81;19;214;336;315;27;2.06;2.06;2.06;2.06;1;0;0;0;0;14.0;93;30;4.6;0;-;12;45;836;747;0;1851.0;8.4;8.1;0;0;0;0;0;0;
2026.08.27;19:21:39.2;0.16;0.16;97;78;83;81;19;214;336;315;27;2.07;2.07;2.07;2.07;-2;0;0;0;0;14.0;93;30;4.6;0;-;12;45;836;746;0;1858.0;8.4;8.1;0;0;0;0;0;0;
2026.08.27;19:21:39.6;0.13;0.13;615;249;82;81;19;214;336;315;27;2.00;2.00;2.00;2.00;-2;0;0;0;0;14.0;93;30;4.6;0;-;12;46;836;746;0;1858.0;8.3;8.2;0;0;0;0;0;0;
2026.08.27;19:21:40.1;0.13;0.13;615;249;82;81;19;214;336;315;27;2.00;2.00;2.00;2.00;-2;0;0;0;0;14.0;93;30;4.6;0;-;12;46;836;751;0;1624.0;8.2;8.1;0;0;0;0;0;0;
2026.08.27;19:21:40.5;0.15;0.15;102;307;82;80;20;215;336;315;27;2.03;2.03;2.03;2.03;-4;0;0;0;0;14.0;93;30;4.6;0;-;12;46;836;767;0;2166.0;8.2;8.1;0;0;0;0;0;0;
2026.08.27;19:21:41.0;0.15;0.15;87;78;0;0;19;215;315;315;27;0.00;0.00;0.00;0.00;-4;0;0;0;0;14.0;93;30;4.6;0;-;12;45;836;767;0;2166.0;7.8;8.1;0;0;0;0;0;1;
2026.08.27;19:21:41.4;0.15;0.15;87;78;0;0;19;215;840;819;27;0.00;0.00;0.00;0.00;9;0;0;0;0;14.0;93;30;4.6;0;-;12;45;836;628;0;1444.0;12.7;12.4;0;0;0;0;0;1;
2026.08.27;19:21:41.9;0.00;0.00;24;63;0;0;0;215;840;819;27;0.00;0.00;0.00;0.00;9;0;0;0;0;13.3;93;30;4.6;0;-;12;45;836;0;0;1281.0;12.7;12.4;0;0;0;0;0;1;
2026.08.27;19:21:42.3;0.00;0.00;24;63;0;0;0;215;819;819;27;0.00;0.00;0.00;0.00;3;0;0;0;0;13.3;93;30;4.6;0;-;12;46;836;0;0;1281.0;0.0;0.0;0;0;0;0;0;1;
2026.08.27;19:21:42.8;0.00;0.00;24;63;0;0;0;215;819;819;27;0.00;0.00;0.00;0.00;3;0;0;0;0;13.3;93;30;4.6;0;-;12;46;836;0;0;1281.0;0.0;0.0;0;0;0;0;0;1;
2026.08.27;19:21:43.2;0.00;0.00;24;63;0;0;0;215;819;840;27;0.00;0.00;0.00;0.00;3;0;0;0;0;13.3;93;30;4.6;0;-;12;46;836;0;0;1281.0;0.0;0.0;0;0;0;0;0;1;
2026.08.27;19:21:43.7;0.00;0.00;24;63;0;0;0;215;819;819;27;0.00;0.00;0.00;0.00;3;0;0;0;0;13.3;93;30;4.6;0;-;12;46;836;0;0;1281.0;0.0;0.0;0;0;0;0;0;1;
2026.08.27;19:21:44.1;0.00;0.00;24;63;0;0;0;215;819;819;27;0.00;0.00;0.00;0.00;3;0;0;0;0;13.2;92;0;4.6;0;-;12;46;836;0;0;1281.0;0.0;0.0;0;0;0;0;0;1;
2026.08.27;19:21:44.6;0.00;0.00;24;63;0;0;0;215;819;840;27;0.00;0.00;0.00;0.00;3;0;0;0;0;13.2;92;0;4.6;0;-;12;46;836;0;0;1281.0;0.0;0.0;0;0;0;0;0;1;
2026.08.27;19:21:45.0;0.00;0.00;24;63;0;0;0;215;819;840;27;0.00;0.00;0.00;0.00;3;0;0;0;0;13.2;92;0;4.6;0;-;12;46;836;0;0;1281.0;0.0;0.0;0;0;0;0;0;1;
2026.08.27;19:21:45.5;0.00;0.00;24;63;0;0;0;215;819;840;27;0.00;0.00;0.00;0.00;3;0;0;0;0;13.2;92;0;4.6;0;-;12;46;836;0;0;1281.0;0.0;0.0;0;0;0;0;0;1;
2026.08.27;19:21:45.9;0.00;0.00;24;63;0;0;0;215;819;819;27;0.00;0.00;0.00;0.00;3;0;0;0;0;13.1;92;0;4.6;0;-;12;46;836;0;0;1281.0;0.0;0.0;0;0;0;0;0;1;
2026.08.27;19:21:46.4;0.00;0.00;24;63;0;0;0;215;819;840;27;0.00;0.00;0.00;0.00;3;0;0;0;0;13.1;92;0;4.6;0;-;12;46;836;0;0;1281.0;0.0;0.0;0;0;0;0;0;1;
2026.08.27;19:21:46.8;0.00;0.00;24;63;0;0;0;215;819;840;27;0.00;0.00;0.00;0.00;3;0;0;0;0;13.1;92;0;4.6;0;-;12;46;836;0;0;1281.0;0.0;0.0;0;0;0;0;0;1;
2026.08.27;19:21:47.3;0.00;0.00;24;63;0;0;0;215;819;819;27;0.00;0.00;0.00;0.00;3;0;0;0;0;13.1;92;0;4.6;0;-;12;46;836;0;0;1281.0;0.0;0.0;0;0;0;0;0;1;
2026.08.27;19:21:47.7;0.00;0.00;24;63;0;0;0;215;819;819;27;0.00;0.00;0.00;0.00;3;0;0;0;0;13.1;92;0;4.6;0;-;12;46;836;0;0;1281.0;0.0;0.0;0;0;0;0;0;1;
2026.08.27;19:21:48.2;0.00;0.00;24;63;0;0;0;215;819;819;27;0.00;0.00;0.00;0.00;3;0;0;0;0;13.0;92;0;4.6;0;-;12;46;836;0;0;1281.0;0.0;0.0;0;0;0;0;0;1;
2026.08.27;19:21:48.7;0.00;0.00;24;63;0;0;0;215;819;840;27;0.00;0.00;0.00;0.00;3;0;0;0;0;13.0;92;0;4.6;0;-;12;46;836;0;0;1281.0;0.0;0.0;0;0;0;0;0;1;
2026.08.27;19:21:49.1;0.00;0.00;24;63;0;0;0;215;819;819;27;0.00;0.00;0.00;0.00;3;0;0;0;0;13.0;92;0;4.6;0;-;12;46;836;0;0;1281.0;0.0;0.0;0;0;0;0;0;1;
2026.08.27;19:21:49.6;0.00;0.00;24;63;0;0;0;215;819;819;27;0.00;0.00;0.00;0.00;3;0;0;0;0;13.0;92;0;4.6;0;-;12;46;836;0;0;1281.0;0.0;0.0;0;0;0;0;0;1;
2026.08.27;19:21:50.0;0.00;0.00;24;63;0;0;0;215;819;840;27;0.00;0.00;0.00;0.00;3;0;0;0;0;13.0;92;0;4.6;0;-;12;46;836;0;0;1281.0;0.0;0.0;0;0;0;0;0;1;
Date;Time;UpMixCorr;DownMixCorr;UpO2Volt;DownO2Volt;UpO2Heat;DownO2Heat;CanisterValve;BrakePress;IntakeAirPressInstr;IntakeAirPress;ExternalTemp;Inj.1Time;Inj.2Time;Inj.3Time;Inj.4Time;Cyl.Adv;Cyl.1AdvCorr;Cyl.2AdvCorr;Cyl.3AdvCorr;Cyl.4AdvCorr;Battery;Coolant;FanSpeed;AirCPress;Speed;Gear;FuelLevel;AirManifold;AtmosphPress;Revs;AccelPedalPos;KnockSensor;AirFlowInstr;AirFlow;InCamDephaserInstr;InCamDephaser;InCamDephaserValve;Errors;BR;CL;
2026.08.27;20:15:58.2;-0.04;-0.04;722;781;98;99;12;220;378;357;25;2.54;2.54;2.54;2.54;-5;0;0;0;0;14.1;77;24;5.5;0;-;12;61;831;750;0;1653.0;9.6;9.0;0;0;0;0;0;0;
2026.08.27;20:15:58.6;-0.04;-0.04;722;781;98;99;12;220;378;357;25;2.54;2.54;2.54;2.54;-2;0;0;0;0;14.1;77;24;5.5;0;-;12;61;831;750;0;1653.0;9.7;9.1;0;0;0;0;0;0;
2026.08.27;20:15:59.1;-0.00;-0.00;73;703;97;98;13;220;378;357;25;2.65;2.65;2.65;2.65;-3;0;0;0;0;14.1;77;24;5.5;0;-;12;61;831;749;0;1879.0;9.7;9.2;0;0;0;0;0;0;
2026.08.27;20:15:59.5;-0.01;-0.01;727;185;97;99;13;220;378;357;25;2.60;2.60;2.60;2.60;-3;0;0;0;0;14.1;77;24;5.5;0;-;12;61;831;753;0;2521.0;9.7;9.2;0;0;0;0;0;0;
2026.08.27;20:16:00.0;-0.01;-0.01;727;185;97;99;13;220;378;357;25;2.60;2.60;2.60;2.60;-3;0;0;0;0;14.1;77;24;5.5;0;-;12;61;831;753;0;2521.0;9.7;9.2;0;0;0;0;0;0;
2026.08.27;20:16:00.4;-0.02;-0.02;708;722;97;98;14;220;378;357;25;2.56;2.56;2.56;2.56;0;0;0;0;0;14.1;77;24;5.5;0;-;12;61;831;758;0;1989.0;9.7;9.2;0;0;0;0;0;0;
2026.08.27;20:16:00.9;-0.00;-0.00;102;615;97;99;14;220;378;357;25;2.61;2.61;2.61;2.61;0;0;0;0;0;14.1;77;24;5.5;0;-;12;61;831;753;0;1854.0;9.8;9.2;0;0;0;0;0;0;
2026.08.27;20:16:01.3;-0.00;-0.00;102;615;97;99;14;220;378;357;25;2.61;2.61;2.61;2.61;0;0;0;0;0;14.1;77;24;5.5;0;-;12;61;831;753;0;1854.0;9.7;9.2;0;0;0;0;0;0;
2026.08.27;20:16:01.8;-0.01;-0.01;639;581;96;99;14;220;378;357;25;2.55;2.55;2.55;2.55;-4;0;0;0;0;14.1;77;24;5.5;0;-;12;61;831;746;0;2036.0;9.7;9.2;0;0;0;0;0;0;
2026.08.27;20:16:02.2;-0.02;-0.02;380;717;96;98;14;220;378;357;25;2.52;2.52;2.52;2.52;-4;0;0;0;0;14.1;77;24;5.5;0;-;12;61;831;756;0;1659.0;9.6;9.1;0;0;0;0;0;0;
2026.08.27;20:16:02.7;-0.02;-0.02;380;717;96;98;14;220;378;357;25;2.52;2.52;2.52;2.52;-4;0;0;0;0;14.1;77;24;5.5;0;-;12;61;831;756;0;1659.0;9.6;9.2;0;0;0;0;0;0;
2026.08.27;20:16:03.1;0.01;0.01;97;336;0;0;15;220;378;357;25;2.56;2.56;2.56;2.56;-1;0;0;0;0;14.1;77;24;5.5;0;-;12;61;831;748;0;2002.0;9.6;9.2;0;0;0;0;0;0;
2026.08.27;20:16:03.6;0.01;0.01;112;458;96;99;16;220;378;357;25;2.58;2.58;2.58;2.58;-1;0;0;0;0;14.1;77;24;5.5;0;-;12;61;831;748;0;2002.0;9.8;9.1;0;0;0;0;0;0;
2026.08.27;20:16:04.0;0.01;0.01;112;458;96;99;16;220;378;357;25;2.58;2.58;2.58;2.58;-4;0;0;0;0;14.1;77;24;5.5;0;-;12;61;831;755;0;2012.0;9.6;9.3;0;0;0;0;0;0;
2026.08.27;20:16:04.5;-0.01;-0.01;698;703;95;98;16;220;378;357;25;2.52;2.52;2.52;2.52;-2;0;0;0;0;14.1;78;24;5.5;0;-;12;61;831;751;0;1762.0;9.6;9.3;0;0;0;0;0;0;
2026.08.27;20:16:04.9;0.01;0.01;122;507;95;99;16;220;378;357;25;2.53;2.53;2.53;2.53;-2;0;0;0;0;14.1;78;24;5.5;0;-;12;61;831;751;0;1762.0;9.6;9.3;0;0;0;0;0;0;
2026.08.27;20:16:05.4;0.01;0.01;122;507;95;99;16;220;378;357;25;2.53;2.53;2.53;2.53;-3;0;0;0;0;14.1;78;24;5.5;0;-;12;61;831;751;0;1780.0;9.5;9.2;0;0;0;0;0;0;
2026.08.27;20:16:05.8;0.00;0.00;664;654;95;99;17;220;378;357;25;2.50;2.50;2.50;2.50;-3;0;0;0;0;14.0;78;24;5.5;0;-;12;61;831;747;0;1490.0;9.5;9.2;0;0;0;0;0;0;
2026.08.27;20:16:06.3;0.00;0.00;664;654;95;99;17;220;378;357;25;2.50;2.50;2.50;2.50;-2;0;0;0;0;14.0;78;24;5.5;0;-;12;61;831;747;0;1490.0;9.5;9.2;0;0;0;0;0;0;
2026.08.27;20:16:06.7;0.01;0.01;297;722;95;99;17;220;378;357;25;2.50;2.50;2.50;2.50;-5;0;0;0;0;14.0;78;24;5.5;0;-;12;61;831;745;0;2017.0;9.5;9.2;0;0;0;0;0;0;
2026.08.27;20:16:07.2;0.02;0.02;107;356;94;99;18;220;378;357;25;2.49;2.49;2.49;2.49;-5;0;0;0;0;14.0;78;24;5.5;0;-;12;61;831;745;0;2017.0;9.5;9.1;0;0;0;0;0;0;
2026.08.27;20:16:07.6;0.02;0.02;107;356;94;99;18;220;357;357;25;2.49;2.49;2.49;2.49;-3;0;0;0;0;14.0;78;24;5.5;0;-;12;61;831;750;0;1826.0;9.3;9.1;0;0;0;0;0;0;
2026.08.27;20:16:08.1;0.03;0.03;136;356;94;99;18;220;357;357;25;2.46;2.46;2.46;2.46;-2;0;0;0;0;14.0;78;25;5.5;0;-;12;61;831;754;0;2274.0;9.3;9.1;0;0;0;0;0;0;
2026.08.27;20:16:08.5;0.03;0.03;136;356;94;99;18;220;378;357;25;2.46;2.46;2.46;2.46;-2;0;0;0;0;14.0;78;25;5.5;0;-;12;61;831;754;0;2274.0;9.5;9.0;0;0;0;0;0;0;
2026.08.27;20:16:09.0;0.01;0.01;659;664;93;98;19;220;357;357;25;2.43;2.43;2.43;2.43;-4;0;0;0;0;14.0;78;25;5.5;0;-;12;61;831;746;0;1940.0;9.4;9.2;0;0;0;0;0;0;
2026.08.27;20:16:09.4;0.03;0.03;83;683;93;99;19;220;357;357;25;2.48;2.48;2.48;2.48;-4;0;0;0;0;14.0;78;25;5.5;0;-;12;61;831;746;0;1940.0;9.4;9.2;0;0;0;0;0;1;
2026.08.27;20:16:09.9;0.03;0.03;83;683;93;99;19;220;399;378;25;2.48;2.48;2.48;2.48;-5;0;0;0;0;14.0;78;25;5.5;0;-;12;61;831;750;0;1362.0;10.2;9.5;0;0;0;0;0;1;
2026.08.27;20:16:10.3;0.04;0.04;83;73;94;99;20;220;399;378;25;2.61;2.61;2.61;2.61;-3;0;0;0;0;14.1;78;25;5.5;0;-;12;61;831;741;0;2343.0;10.2;9.5;0;0;0;0;0;1;
2026.08.27;20:16:10.8;0.04;0.04;73;68;93;99;21;220;420;399;25;2.79;2.79;2.79;2.79;-3;0;0;0;0;14.1;78;25;5.5;0;-;12;61;831;741;0;2343.0;10.8;10.0;0;0;0;0;0;1;
2026.08.27;20:16:11.2;0.04;0.04;73;68;93;99;21;220;420;399;25;2.79;2.79;2.79;2.79;-6;0;0;0;0;14.1;78;25;5.5;0;-;12;61;831;739;0;1433.0;10.9;10.3;0;0;0;0;0;1;
2026.08.27;20:16:11.7;0.07;0.07;68;58;92;98;99;220;420;399;25;7.24;7.24;7.24;7.24;-6;0;0;0;0;14.1;78;25;5.5;0;-;12;61;831;1169;4;2301.0;10.9;10.3;0;0;0;0;0;1;
2026.08.27;20:16:12.1;0.07;0.07;68;58;92;98;99;220;273;420;25;7.24;7.24;7.24;7.24;16;0;0;0;0;14.1;78;25;5.5;0;-;12;62;831;1169;11;2301.0;17.8;27.3;0;0;0;0;0;1;
2026.08.27;20:16:12.6;0.03;0.03;58;532;91;98;39;220;273;420;25;1.87;1.87;1.87;1.87;8;0;0;0;0;14.0;78;25;5.5;0;-;12;62;831;1819;11;5000.0;17.8;27.3;0;0;0;0;0;1;
2026.08.27;20:16:13.0;0.08;0.08;48;39;90;98;53;220;420;336;25;3.64;3.64;3.64;3.64;8;0;0;0;0;14.0;78;25;5.5;0;-;12;62;831;1819;11;5000.0;23.0;18.9;0;0;0;0;0;1;
2026.08.27;20:16:13.5;0.08;0.08;48;39;90;98;53;220;462;483;25;3.64;3.64;3.64;3.64;1;0;0;0;0;14.0;78;25;5.5;1;-;12;61;831;1398;11;2106.0;23.5;24.1;0;0;0;0;0;1;
2026.08.27;20:16:14.0;0.12;0.12;649;170;89;98;51;220;462;483;25;3.99;3.99;3.99;3.99;-26;0;0;0;0;14.0;78;25;5.5;1;-;12;61;831;1413;11;2308.0;23.5;24.1;0;0;0;0;0;1;
2026.08.27;20:16:14.4;0.11;0.11;112;83;89;99;25;220;294;357;25;2.34;2.34;2.34;2.34;-26;0;0;0;0;14.0;78;25;5.5;1;-;12;61;831;1413;0;2308.0;11.0;13.2;0;0;0;0;0;1;
2026.08.27;20:16:14.9;0.11;0.11;112;83;89;99;25;220;378;357;25;2.34;2.34;2.34;2.34;-8;0;0;0;0;14.1;78;25;5.6;1;-;12;61;831;930;0;1412.0;10.8;10.4;0;0;0;0;0;1;
2026.08.27;20:16:15.3;0.09;0.09;698;693;89;99;24;220;378;357;25;2.56;2.56;2.56;2.56;4;0;0;0;0;14.1;79;25;5.6;1;-;12;61;831;803;0;1456.0;10.8;10.4;0;0;0;0;0;1;
2026.08.27;20:16:15.8;0.06;0.06;834;825;89;100;66;220;819;798;25;2.99;2.99;2.99;2.99;4;0;0;0;0;14.1;79;25;5.6;1;-;12;61;831;803;22;1456.0;47.1;49.2;35;12;95;0;0;1;
2026.08.27;20:16:16.2;0.06;0.06;834;825;89;100;66;220;357;357;25;2.99;2.99;2.99;2.99;24;0;0;0;0;14.1;79;25;5.6;1;-;12;61;831;2421;22;3648.0;28.1;27.4;0;0;0;0;0;1;
2026.08.27;20:16:16.7;0.11;0.11;43;39;86;99;82;220;357;357;25;3.71;3.71;3.71;3.71;24;0;0;0;0;14.1;79;25;5.6;1;-;12;61;831;1767;19;3014.0;28.1;27.4;0;0;0;0;0;1;
2026.08.27;20:16:17.1;0.15;0.15;87;48;83;99;24;220;231;420;25;1.92;1.92;1.92;1.92;7;0;0;0;0;14.1;79;25;5.6;2;-;12;61;831;1767;0;3014.0;12.7;24.5;0;0;0;0;0;1;
2026.08.27;20:16:17.6;0.15;0.15;87;48;83;99;24;220;273;252;25;1.92;1.92;1.92;1.92;-3;0;0;0;0;14.1;79;25;5.6;2;-;12;61;831;1124;0;2292.0;9.0;8.3;0;0;0;0;0;1;
2026.08.27;20:16:18.0;0.14;0.14;810;747;83;99;25;220;273;252;25;1.91;1.91;1.91;1.91;-3;0;0;0;0;14.1;79;25;5.6;2;-;12;61;831;833;0;2532.0;9.0;8.3;0;0;0;0;1;1;
2026.08.27;20:16:18.5;0.13;0.13;820;810;83;99;26;220;336;315;25;2.28;2.28;2.28;2.28;6;0;0;0;0;14.1;79;25;5.6;2;-;12;61;831;833;0;2532.0;8.9;8.2;0;0;0;0;1;1;
2026.08.27;20:16:18.9;0.13;0.13;820;810;83;99;26;261;378;357;25;2.28;2.28;2.28;2.28;0;0;0;0;0;14.0;79;25;5.6;2;-;12;61;831;770;0;1564.0;9.7;9.3;0;0;0;0;1;1;
2026.08.27;20:16:19.4;0.12;0.12;766;805;83;99;28;261;378;357;25;2.56;2.56;2.56;2.56;0;0;0;0;0;14.0;79;25;5.6;1;-;12;61;831;768;0;1493.0;9.7;9.3;0;0;0;0;0;1;
2026.08.27;20:16:19.8;0.12;0.12;766;805;83;99;28;261;357;357;25;2.56;2.56;2.56;2.56;-5;0;0;0;0;14.0;79;25;5.6;1;-;12;61;831;768;8;1493.0;9.1;9.2;0;0;0;0;0;1;
2026.08.27;20:16:20.3;0.08;0.08;771;795;82;98;99;261;357;357;25;6.99;6.99;6.99;6.99;16;0;0;0;0;14.0;79;25;5.6;1;-;12;61;831;1596;8;2660.0;9.1;9.2;0;0;0;0;0;1;
2026.08.27;20:16:20.7;0.05;0.05;43;249;82;99;74;261;273;399;25;2.00;2.00;2.00;2.00;16;0;0;0;0;14.1;79;25;5.6;1;-;12;61;831;2158;21;5000.0;25.1;35.9;0;0;0;0;0;1;
2026.08.27;20:16:21.2;0.05;0.05;43;249;82;99;74;261;420;378;25;2.00;2.00;2.00;2.00;26;0;0;0;0;14.1;79;25;5.6;3;-;12;61;831;2158;21;5000.0;29.8;27.1;0;0;0;0;0;1;
2026.08.27;20:16:21.6;0.11;0.11;48;34;81;99;99;261;420;378;25;4.04;4.04;4.04;4.04;22;0;0;0;0;14.1;79;25;5.6;3;-;12;61;831;1819;21;3180.0;29.8;27.1;0;0;0;0;0;1;
2026.08.27;20:16:22.1;0.17;0.17;122;102;81;100;99;261;462;462;25;4.97;4.97;4.97;4.97;22;0;0;0;0;14.1;80;25;5.6;5;-;10;61;831;1875;24;2834.0;32.2;33.3;0;0;0;0;0;1;
2026.08.27;20:16:22.5;0.17;0.17;122;102;81;100;99;261;546;588;25;4.97;4.97;4.97;4.97;19;0;0;0;0;14.1;80;25;5.6;7;-;10;61;831;1875;27;2834.0;45.8;48.5;10;14;40;0;0;1;
2026.08.27;20:16:23.0;0.11;0.11;810;795;79;99;99;261;546;588;25;5.81;5.81;5.81;5.81;19;0;0;0;0;14.0;80;25;5.6;7;-;10;61;831;2041;27;4058.0;45.8;48.5;10;14;40;0;0;1;
2026.08.27;20:16:23.4;0.04;0.04;654;732;76;99;99;261;588;609;25;6.22;6.22;6.22;6.22;19;0;0;0;0;14.0;80;25;5.6;11;-;10;61;831;2020;27;3679.0;50.1;51.5;13;13;63;0;0;1;
2026.08.27;20:16:23.9;0.04;0.04;654;732;76;99;99;261;567;609;25;6.22;6.22;6.22;6.22;19;0;0;0;0;14.0;80;25;5.6;15;-;10;61;831;2020;27;3679.0;53.3;57.2;19;22;45;0;0;1;
2026.08.27;20:16:24.3;0.03;0.03;644;683;75;100;99;261;567;609;25;5.67;5.67;5.67;5.67;23;0;0;0;0;14.0;80;25;5.6;15;-;10;61;831;2431;27;4084.0;53.3;57.2;19;22;45;0;0;1;
2026.08.27;20:16:24.8;0.08;0.08;776;678;71;99;99;261;567;567;25;6.21;6.21;6.21;6.21;23;0;0;0;0;14.0;80;25;5.6;18;-;10;60;831;2431;29;4084.0;60.0;61.0;5;6;44;0;0;0;
2026.08.27;20:16:25.2;0.08;0.08;776;678;71;99;99;261;588;609;25;6.21;6.21;6.21;6.21;23;0;0;0;0;14.1;80;25;5.6;18;-;10;60;831;2893;29;4599.0;85.3;89.6;26;25;48;0;0;0;
2026.08.27;20:16:25.7;0.07;0.07;761;678;69;99;99;275;588;609;25;7.35;7.35;7.35;7.35;23;0;0;0;0;14.1;80;25;5.6;23;-;10;60;831;3650;36;5000.0;85.3;89.6;26;25;48;0;0;0;
2026.08.27;20:16:26.1;0.07;0.07;761;678;69;99;99;275;525;567;25;7.35;7.35;7.35;7.35;24;0;0;0;0;14.1;80;25;5.6;28;-;10;60;831;3650;36;5000.0;100.4;109.1;34;35;48;0;0;0;
2026.08.27;20:16:26.6;0.07;0.07;136;161;66;99;99;275;525;567;25;6.29;6.29;6.29;6.29;-15;0;0;0;0;14.1;80;25;5.6;28;-;10;60;831;4027;36;5000.0;100.4;109.1;34;35;48;0;0;0;
2026.08.27;20:16:27.0;0.00;0.00;0;24;48;100;0;275;210;252;25;0.00;0.00;0.00;0.00;-15;0;0;0;0;14.2;80;25;5.5;29;-;15;60;831;2997;0;5000.0;30.9;37.7;0;0;0;0;0;1;
2026.08.27;20:16:27.5;0.00;0.00;0;24;48;100;0;275;567;420;25;0.00;0.00;0.00;0.00;45;0;0;0;0;14.2;80;25;5.5;31;-;15;58;831;2997;34;5000.0;62.6;50.7;0;0;0;0;0;1;
2026.08.27;20:16:27.9;0.04;0.04;73;53;37;99;7;275;567;420;25;10.64;10.64;10.64;10.64;5;0;0;0;0;14.2;80;25;5.5;31;-;15;58;831;2525;34;5000.0;62.6;50.7;0;0;0;0;0;1;
2026.08.27;20:16:28.4;0.07;0.07;761;659;36;98;36;275;819;798;25;10.52;10.52;10.52;10.52;5;0;0;0;0;14.2;80;25;5.5;34;-;15;58;831;2525;41;5000.0;103.5;100.4;38;39;49;0;0;0;
2026.08.27;20:16:28.8;0.07;0.07;761;659;36;98;36;275;777;798;25;10.52;10.52;10.52;10.52;14;0;0;0;0;14.2;80;25;5.5;38;-;15;59;831;2823;41;3984.0;114.6;119.4;37;38;50;0;0;0;
2026.08.27;20:16:29.3;0.00;0.00;737;698;33;98;73;275;777;798;25;9.88;9.88;9.88;9.88;20;0;0;0;0;14.1;81;26;5.3;38;-;15;59;831;3133;41;5000.0;114.6;119.4;37;38;50;0;0;0;
2026.08.27;20:16:29.7;0.08;0.08;336;346;31;100;80;275;756;777;25;9.64;9.64;9.64;9.64;20;0;0;0;0;14.1;81;26;5.3;42;-;15;59;831;3456;41;5000.0;119.2;122.8;35;36;49;0;0;0;
2026.08.27;20:16:30.2;0.08;0.08;336;346;31;100;80;275;693;735;25;9.64;9.64;9.64;9.64;22;0;0;0;0;14.1;81;26;5.3;47;-;15;58;831;3456;41;5000.0;122.8;127.6;34;35;49;0;0;0;
2026.08.27;20:16:30.6;-0.02;-0.02;834;751;27;98;46;275;693;735;25;6.41;6.41;6.41;6.41;-22;0;0;0;0;14.1;81;26;5.3;47;-;15;58;831;3616;39;5000.0;122.8;127.6;34;35;49;0;0;0;
2026.08.27;20:16:31.1;0.00;0.00;4;48;4;98;0;275;210;252;25;0.00;0.00;0.00;0.00;-22;0;0;0;0;14.1;81;26;5.3;48;-;15;58;831;3616;0;5000.0;24.4;28.7;0;0;0;0;0;1;
2026.08.27;20:16:31.5;0.00;0.00;4;48;4;98;0;275;441;315;25;0.00;0.00;0.00;0.00;31;0;0;0;0;14.1;81;26;5.0;48;-;15;58;831;2569;0;4864.0;47.8;35.8;0;0;0;0;0;1;
2026.08.27;20:16:32.0;0.01;0.01;63;48;4;99;0;275;441;315;25;6.58;6.58;6.58;6.58;21;0;0;0;0;14.1;81;26;5.0;49;-;14;58;831;2757;25;5000.0;47.8;35.8;0;0;0;0;0;1;
2026.08.27;20:16:32.4;-0.03;-0.03;703;673;5;97;11;275;588;609;25;5.70;5.70;5.70;5.70;21;0;0;0;0;14.1;81;26;5.0;51;-;14;58;831;2757;26;5000.0;76.1;79.5;28;29;47;0;0;1;
2026.08.27;20:16:32.9;-0.03;-0.03;703;673;5;97;11;232;252;336;25;5.70;5.70;5.70;5.70;13;0;0;0;0;14.1;83;26;5.0;51;-;14;58;831;2796;26;5000.0;27.1;36.1;0;0;0;0;0;1;
2026.08.27;20:16:33.3;0.05;0.05;312;102;8;96;9;232;252;336;25;2.12;2.12;2.12;2.12;23;0;0;0;0;14.0;83;26;4.8;53;-;14;58;831;2872;11;5000.0;27.1;36.1;0;0;0;0;0;0;
2026.08.27;20:16:33.8;0.07;0.07;73;73;9;97;10;232;210;210;25;1.96;1.96;1.96;1.96;23;0;0;0;0;14.0;83;26;4.8;53;-;14;58;831;2872;0;5000.0;21.1;22.9;0;0;0;0;0;0;
2026.08.27;20:16:34.2;0.07;0.07;73;73;9;97;10;232;210;231;25;1.96;1.96;1.96;1.96;-8;0;0;0;0;14.0;83;26;4.8;53;-;14;57;831;2886;0;5000.0;21.2;23.4;0;0;0;0;0;0;
2026.08.27;20:16:34.7;0.00;0.00;9;19;8;97;0;232;210;231;25;0.00;0.00;0.00;0.00;-8;0;0;0;0;14.0;83;26;4.8;54;-;14;57;831;2922;0;4252.0;21.2;23.4;0;0;0;0;0;0;
2026.08.27;20:16:35.1;0.00;0.00;9;19;8;97;0;232;210;231;25;0.00;0.00;0.00;0.00;5;0;0;0;0;14.0;83;26;4.8;55;-;14;57;831;2922;0;4252.0;21.3;24.1;0;0;0;0;0;0;
2026.08.27;20:16:35.6;0.00;0.00;0;0;17;95;0;232;210;231;25;0.00;0.00;0.00;0.00;6;0;0;0;0;14.1;83;26;4.7;55;-;14;57;831;2959;0;5000.0;21.3;24.1;0;0;0;0;0;0;
2026.08.27;20:16:36.0;0.00;0.00;0;0;29;95;0;232;210;231;25;0.00;0.00;0.00;0.00;6;0;0;0;0;14.1;84;26;4.7;55;-;14;58;831;2997;0;5000.0;21.3;24.0;0;0;0;0;0;0;
2026.08.27;20:16:36.5;0.00;0.00;0;0;29;95;0;232;210;231;25;0.00;0.00;0.00;0.00;7;0;0;0;0;14.1;84;26;4.7;56;-;15;58;831;2997;0;5000.0;21.3;24.0;0;0;0;0;0;0;
2026.08.27;20:16:36.9;0.00;0.00;0;0;42;95;0;232;210;231;25;0.00;0.00;0.00;0.00;7;0;0;0;0;14.1;84;26;4.7;56;-;15;58;831;3035;0;4533.0;21.3;24.0;0;0;0;0;0;0;
2026.08.27;20:16:37.4;0.00;0.00;0;0;51;95;0;232;210;210;25;0.00;0.00;0.00;0.00;7;0;0;0;0;14.1;84;26;4.7;57;-;15;58;831;3035;0;4533.0;21.4;23.8;0;0;0;0;0;0;
2026.08.27;20:16:37.8;0.00;0.00;0;0;51;95;0;232;210;210;25;0.00;0.00;0.00;0.00;7;0;0;0;0;14.0;84;26;4.7;57;-;15;58;831;3083;0;5000.0;21.4;23.8;0;0;0;0;0;0;
2026.08.27;20:16:38.3;0.00;0.00;0;0;58;94;0;232;210;210;25;0.00;0.00;0.00;0.00;7;0;0;0;0;14.0;84;26;4.7;58;-;15;58;831;3133;0;4059.0;21.4;23.8;0;0;0;0;0;0;
2026.08.27;20:16:38.7;0.00;0.00;0;0;58;94;0;232;210;210;25;0.00;0.00;0.00;0.00;8;0;0;0;0;14.0;84;26;4.7;59;-;15;58;831;3133;0;4059.0;22.0;23.7;0;0;0;0;0;0;
2026.08.27;20:16:39.2;0.00;0.00;0;0;65;94;0;232;210;210;25;0.00;0.00;0.00;0.00;8;0;0;0;0;14.0;84;26;4.7;59;-;15;58;831;3201;0;5000.0;22.0;23.7;0;0;0;0;0;0;
2026.08.27;20:16:39.6;0.00;0.00;0;0;70;94;0;200;210;210;25;0.00;0.00;0.00;0.00;8;0;0;0;0;14.1;85;27;4.6;60;-;15;58;831;3273;0;5000.0;22.5;24.3;0;0;0;0;0;0;
2026.08.27;20:16:40.1;0.00;0.00;0;0;70;94;0;200;210;210;25;0.00;0.00;0.00;0.00;8;0;0;0;0;14.1;85;27;4.6;62;-;15;58;831;3273;0;5000.0;23.1;24.6;0;0;0;0;0;0;
2026.08.27;20:16:40.5;0.00;0.00;0;0;74;94;0;200;210;210;25;0.00;0.00;0.00;0.00;8;0;0;0;0;14.1;85;27;4.6;62;-;15;58;831;3348;0;5000.0;23.1;24.6;0;0;0;0;0;0;
2026.08.27;20:16:41.0;0.00;0.00;0;0;78;94;0;200;210;210;25;0.00;0.00;0.00;0.00;8;0;0;0;0;14.1;85;27;4.6;63;-;15;58;831;3357;0;5000.0;23.6;25.2;0;0;0;0;1;0;
2026.08.27;20:16:41.4;0.00;0.00;0;0;78;94;0;200;210;210;25;0.00;0.00;0.00;0.00;8;0;0;0;0;14.1;85;27;4.6;62;-;11;58;831;3357;0;5000.0;23.3;24.9;0;0;0;0;1;0;
2026.08.27;20:16:41.9;0.00;0.00;0;0;80;94;0;200;210;210;25;0.00;0.00;0.00;0.00;8;0;0;0;0;14.1;85;27;4.6;62;-;11;58;831;3301;0;5000.0;22.8;23.8;0;0;0;0;1;0;
2026.08.27;20:16:42.3;0.00;0.00;0;0;83;94;0;200;210;210;25;0.00;0.00;0.00;0.00;8;0;0;0;0;14.1;85;27;4.6;61;-;11;58;831;3255;0;5000.0;22.8;23.8;0;0;0;0;1;0;
2026.08.27;20:16:42.8;0.00;0.00;0;0;83;94;0;200;210;210;25;0.00;0.00;0.00;0.00;8;0;0;0;0;14.1;85;27;4.6;60;-;11;58;831;3255;0;5000.0;22.1;23.5;0;0;0;0;1;0;
2026.08.27;20:16:43.2;0.00;0.00;0;0;85;93;0;200;210;210;25;0.00;0.00;0.00;0.00;8;0;0;0;0;14.1;86;27;4.6;60;-;11;58;831;3201;0;5000.0;21.7;22.9;0;0;0;0;1;0;
2026.08.27;20:16:43.7;0.00;0.00;0;0;87;93;0;200;210;210;25;0.00;0.00;0.00;0.00;8;0;0;0;0;14.2;86;27;4.5;59;-;11;58;831;3201;0;5000.0;21.7;22.9;0;0;0;0;1;0;
2026.08.27;20:16:44.1;0.00;0.00;0;0;87;93;0;200;210;210;25;0.00;0.00;0.00;0.00;8;0;0;0;0;14.2;86;27;4.5;60;-;11;58;831;3201;0;5000.0;21.9;23.4;0;0;0;0;0;0;
2026.08.27;20:16:44.6;0.00;0.00;0;0;89;93;0;200;210;210;25;0.00;0.00;0.00;0.00;8;0;0;0;0;14.2;86;27;4.5;60;-;11;58;831;3264;0;5000.0;21.9;23.4;0;0;0;0;0;0;
2026.08.27;20:16:45.0;0.00;0.00;0;0;90;94;0;200;210;210;25;0.00;0.00;0.00;0.00;8;0;0;0;0;14.2;86;27;4.5;61;-;11;58;831;3264;0;5000.0;22.5;23.6;0;0;0;0;0;0;
2026.08.27;20:16:45.5;0.00;0.00;0;0;90;94;0;200;210;210;25;0.00;0.00;0.00;0.00;8;0;0;0;0;14.2;86;27;4.5;61;-;11;58;831;3329;0;5000.0;23.1;23.7;0;0;0;0;0;0;
2026.08.27;20:16:45.9;0.00;0.00;0;0;92;93;0;200;210;210;25;0.00;0.00;0.00;0.00;9;0;0;0;0;14.1;86;27;4.5;63;-;11;58;831;3386;0;5000.0;23.1;23.7;0;0;0;0;0;0;
2026.08.27;20:16:46.4;0.00;0.00;0;0;93;94;0;200;210;210;25;0.00;0.00;0.00;0.00;9;0;0;0;0;14.1;86;27;4.5;64;-;14;58;831;3386;0;5000.0;23.5;24.1;0;0;0;0;0;0;
2026.08.27;20:16:46.8;0.00;0.00;0;0;93;94;0;192;210;210;25;0.00;0.00;0.00;0.00;8;0;0;0;0;14.1;86;27;4.5;65;-;14;58;831;3446;0;5000.0;24.0;24.7;0;0;0;0;0;0;
2026.08.27;20:16:47.3;0.00;0.00;0;0;94;93;0;192;210;210;25;0.00;0.00;0.00;0.00;8;0;0;0;0;14.1;86;27;4.5;65;-;14;58;831;3498;0;5000.0;24.0;24.7;0;0;0;0;0;0;
2026.08.27;20:16:47.7;0.00;0.00;0;0;96;95;0;192;210;210;25;0.00;0.00;0.00;0.00;8;0;0;0;0;14.1;86;27;4.5;66;-;14;58;831;3498;0;5000.0;24.9;25.8;0;0;0;0;0;0;
2026.08.27;20:16:48.2;0.00;0.00;0;0;96;95;0;192;210;210;25;0.00;0.00;0.00;0.00;7;0;0;0;0;14.1;86;27;4.5;66;-;14;58;831;3551;0;5000.0;25.6;26.4;0;0;0;0;0;0;
2026.08.27;20:16:48.7;0.00;0.00;0;0;98;95;0;192;210;210;25;0.00;0.00;0.00;0.00;7;0;0;0;0;14.1;86;27;4.5;67;-;14;58;831;3605;0;5000.0;25.6;26.4;0;0;0;0;0;0;
2026.08.27;20:16:49.1;0.00;0.00;0;0;97;94;0;192;210;210;25;0.00;0.00;0.00;0.00;6;0;0;0;0;14.1;86;27;4.5;68;-;14;58;831;3605;0;5000.0;26.4;27.3;0;0;0;0;0;0;
2026.08.27;20:16:49.6;0.00;0.00;0;0;97;94;0;192;210;210;25;0.00;0.00;0.00;0.00;5;0;0;0;0;14.1;86;27;4.5;68;-;14;58;831;3650;0;5000.0;27.7;28.0;0;0;0;0;0;0;
2026.08.27;20:16:50.0;0.00;0.00;0;0;98;94;0;192;210;210;25;0.00;0.00;0.00;0.00;5;0;0;0;0;14.1;85;27;4.5;69;-;14;58;831;3685;0;5000.0;27.7;28.0;0;0;0;0;0;0;
2026.08.27;20:16:50.5;0.00;0.00;0;0;98;94;0;192;210;210;25;0.00;0.00;0.00;0.00;4;0;0;0;0;14.1;85;27;4.5;69;-;14;58;831;3685;0;5000.0;28.4;29.4;0;0;0;0;1;0;
2026.08.27;20:16:50.9;0.00;0.00;0;0;98;94;0;192;210;210;25;0.00;0.00;0.00;0.00;4;0;0;0;0;14.1;85;27;4.5;69;-;14;58;831;3685;0;5000.0;27.9;29.3;0;0;0;0;1;0;
2026.08.27;20:16:51.4;0.00;0.00;0;0;98;94;0;192;210;210;25;0.00;0.00;0.00;0.00;4;0;0;0;0;14.1;85;27;4.5;69;-;9;58;831;3650;0;4258.0;27.9;29.3;0;0;0;0;1;0;
2026.08.27;20:16:51.8;0.00;0.00;0;0;98;94;0;192;210;210;25;0.00;0.00;0.00;0.00;6;0;0;0;0;14.1;85;27;4.5;68;-;9;58;831;3650;0;4258.0;26.8;27.8;0;0;0;0;1;0;
2026.08.27;20:16:52.3;0.00;0.00;0;0;99;95;0;192;210;210;25;0.00;0.00;0.00;0.00;7;0;0;0;0;14.1;85;27;4.4;68;-;9;58;831;3605;0;5000.0;26.8;27.8;0;0;0;0;1;0;
2026.08.27;20:16:52.7;0.00;0.00;0;0;98;94;0;192;210;210;25;0.00;0.00;0.00;0.00;7;0;0;0;0;14.1;85;27;4.4;66;-;9;58;831;3605;0;5000.0;25.4;26.2;0;0;0;0;1;0;
2026.08.27;20:16:53.2;0.00;0.00;0;0;98;94;0;192;210;210;25;0.00;0.00;0.00;0.00;9;0;0;0;0;14.1;85;27;4.4;66;-;9;58;831;3508;0;5000.0;23.6;24.0;0;0;0;0;1;0;
2026.08.27;20:16:53.6;0.00;0.00;0;0;98;94;0;190;210;210;25;0.00;0.00;0.00;0.00;9;0;0;0;0;14.1;83;26;4.4;64;-;9;58;831;3348;0;5000.0;23.6;24.0;0;0;0;0;1;0;
2026.08.27;20:16:54.1;0.00;0.00;0;0;98;94;0;190;210;210;25;0.00;0.00;0.00;0.00;9;0;0;0;0;14.1;83;26;4.4;61;-;9;58;831;3348;0;5000.0;22.1;22.5;0;0;0;0;1;0;
2026.08.27;20:16:54.5;0.00;0.00;0;0;99;95;0;190;210;210;25;0.00;0.00;0.00;0.00;9;0;0;0;0;14.1;83;26;4.4;61;-;9;58;831;3219;0;4924.0;22.1;22.5;0;0;0;0;1;0;
2026.08.27;20:16:55.0;0.00;0.00;0;0;98;95;0;190;210;210;25;0.00;0.00;0.00;0.00;9;0;0;0;0;14.1;83;26;4.4;59;-;9;58;831;3219;0;4924.0;21.0;21.9;0;0;0;0;1;0;
2026.08.27;20:16:55.4;0.00;0.00;0;0;98;95;0;190;210;210;25;0.00;0.00;0.00;0.00;9;0;0;0;0;14.1;83;26;4.4;59;-;9;58;831;3167;0;5000.0;20.9;21.8;0;0;0;0;0;0;
2026.08.27;20:16:55.9;0.00;0.00;0;0;98;95;0;190;210;210;25;0.00;0.00;0.00;0.00;9;0;0;0;0;14.1;83;26;4.4;59;-;9;58;831;3175;0;5000.0;20.9;21.8;0;0;0;0;0;0;
2026.08.27;20:16:56.3;0.00;0.00;0;0;99;96;0;190;210;210;25;0.00;0.00;0.00;0.00;9;0;0;0;0;14.1;83;26;4.4;59;-;16;58;831;3175;0;5000.0;21.1;21.5;0;0;0;0;0;0;
2026.08.27;20:16:56.8;0.00;0.00;0;0;99;96;0;190;210;210;25;0.00;0.00;0.00;0.00;9;0;0;0;0;14.1;83;26;4.4;59;-;16;58;831;3184;0;5000.0;21.2;21.4;0;0;0;0;0;0;
2026.08.27;20:16:57.2;0.00;0.00;0;0;98;95;0;190;210;210;25;0.00;0.00;0.00;0.00;9;0;0;0;0;14.1;81;26;4.4;59;-;16;58;831;3175;0;5000.0;21.2;21.4;0;0;0;0;1;0;
2026.08.27;20:16:57.7;0.00;0.00;0;0;98;95;0;190;210;210;25;0.00;0.00;0.00;0.00;9;0;0;0;0;14.1;81;26;4.4;59;-;16;58;831;3175;0;5000.0;20.8;21.6;0;0;0;0;1;0;
2026.08.27;20:16:58.1;0.00;0.00;0;0;99;96;0;190;210;210;25;0.00;0.00;0.00;0.00;9;0;0;0;0;14.1;81;26;4.4;59;-;16;58;831;3108;0;5000.0;20.4;21.3;0;0;0;0;1;0;
2026.08.27;20:16:58.6;0.00;0.00;0;0;98;95;0;190;210;210;25;0.00;0.00;0.00;0.00;9;0;0;0;0;14.1;81;26;4.4;58;-;16;58;831;3100;0;4590.0;20.4;21.3;0;0;0;0;0;0;
2026.08.27;20:16:59.0;0.00;0.00;0;0;98;95;0;190;210;210;25;0.00;0.00;0.00;0.00;9;0;0;0;0;14.1;81;26;4.4;58;-;16;58;831;3100;0;4590.0;20.4;21.0;0;0;0;0;0;0;
2026.08.27;20:16:59.5;0.00;0.00;0;0;98;95;0;190;210;210;25;0.00;0.00;0.00;0.00;9;0;0;0;0;14.1;81;26;4.4;58;-;16;58;831;3092;0;5000.0;20.4;21.0;0;0;0;0;0;0;
2026.08.27;20:16:59.9;0.00;0.00;0;0;98;96;0;190;210;210;25;0.00;0.00;0.00;0.00;9;0;0;0;0;14.1;81;26;4.4;57;-;16;58;831;3092;0;5000.0;20.3;21.2;0;0;0;0;0;0;
2026.08.27;20:17:00.4;0.00;0.00;0;0;98;96;0;190;210;210;25;0.00;0.00;0.00;0.00;9;0;0;0;0;14.1;81;26;4.4;56;-;16;58;831;3043;0;5000.0;20.1;20.8;0;0;0;0;0;0;
2026.08.27;20:17:00.8;0.00;0.00;0;0;98;95;0;194;210;210;25;0.00;0.00;0.00;0.00;9;0;0;0;0;14.1;81;26;4.3;56;-;16;58;831;3012;0;3923.0;20.1;20.8;0;0;0;0;0;0;
2026.08.27;20:17:01.3;0.00;0.00;0;0;99;96;0;194;210;210;25;0.00;0.00;0.00;0.00;9;0;0;0;0;14.1;81;26;4.3;56;-;15;58;831;3012;0;3923.0;19.8;20.5;0;0;0;0;0;0;
2026.08.27;20:17:01.7;0.00;0.00;0;0;99;96;0;194;210;210;25;0.00;0.00;0.00;0.00;9;0;0;0;0;14.1;81;26;4.3;56;-;15;58;831;2974;0;4204.0;19.7;20.4;0;0;0;0;0;0;
2026.08.27;20:17:02.2;0.00;0.00;0;0;98;95;0;194;210;210;25;0.00;0.00;0.00;0.00;9;0;0;0;0;14.1;81;26;4.3;56;-;15;58;831;2974;0;4170.0;19.7;20.4;0;0;0;0;0;0;
2026.08.27;20:17:02.6;0.00;0.00;0;0;98;95;0;194;210;210;25;0.00;0.00;0.00;0.00;9;0;0;0;0;14.1;81;26;4.3;55;-;15;58;831;2974;0;4170.0;19.7;20.3;0;0;0;0;0;0;
2026.08.27;20:17:03.1;0.00;0.00;0;0;98;95;0;194;210;210;25;0.00;0.00;0.00;0.00;9;0;0;0;0;14.1;81;26;4.4;55;-;15;58;831;2959;0;3901.0;19.7;20.3;0;0;0;0;0;0;
2026.08.27;20:17:03.5;0.00;0.00;0;0;98;96;0;194;210;210;25;0.00;0.00;0.00;0.00;9;0;0;0;0;14.1;81;26;4.4;55;-;15;58;831;2966;0;5000.0;19.7;20.3;0;0;0;0;0;0;
2026.08.27;20:17:04.0;0.00;0.00;0;0;98;96;0;194;210;210;25;0.00;0.00;0.00;0.00;9;0;0;0;0;14.1;81;26;4.4;55;-;15;58;831;2966;0;5000.0;19.7;20.2;0;0;0;0;0;0;
2026.08.27;20:17:04.4;0.00;0.00;0;0;98;96;0;194;210;210;25;0.00;0.00;0.00;0.00;9;0;0;0;0;14.1;81;26;4.4;55;-;15;58;831;3012;0;5000.0;19.7;20.2;0;0;0;0;0;0;
2026.08.27;20:17:04.9;0.00;0.00;0;0;98;96;0;194;210;210;25;0.00;0.00;0.00;0.00;9;0;0;0;0;14.1;81;26;4.4;57;-;15;58;831;3012;0;5000.0;20.1;20.4;0;0;0;0;0;0;
2026.08.27;20:17:05.3;0.00;0.00;0;0;98;96;0;194;210;210;25;0.00;0.00;0.00;0.00;9;0;0;0;0;14.1;81;26;4.3;57;-;15;58;831;3043;0;5000.0;20.2;20.9;0;0;0;0;0;0;
2026.08.27;20:17:05.8;0.00;0.00;0;0;98;96;0;194;210;210;25;0.00;0.00;0.00;0.00;9;0;0;0;0;14.1;81;26;4.3;57;-;15;58;831;3075;0;5000.0;20.2;20.9;0;0;0;0;0;0;
2026.08.27;20:17:06.2;0.00;0.00;0;0;98;96;0;194;210;210;25;0.00;0.00;0.00;0.00;9;0;0;0;0;14.1;81;26;4.3;58;-;15;58;831;3075;0;5000.0;20.4;20.9;0;0;0;0;0;0;
2026.08.27;20:17:06.7;0.00;0.00;0;0;98;96;0;194;210;210;25;0.00;0.00;0.00;0.00;9;0;0;0;0;14.1;81;26;4.3;58;-;15;58;831;3100;0;5000.0;20.4;20.7;0;0;0;0;0;0;
2026.08.27;20:17:07.1;0.00;0.00;0;0;98;96;0;194;210;210;25;0.00;0.00;0.00;0.00;9;0;0;0;0;14.1;81;26;4.3;58;-;15;58;831;3125;0;5000.0;20.4;20.7;0;0;0;0;0;0;
2026.08.27;20:17:07.6;0.00;0.00;0;0;98;96;0;194;210;210;25;0.00;0.00;0.00;0.00;9;0;0;0;0;14.1;81;26;4.3;59;-;15;58;831;3125;0;5000.0;20.5;20.9;0;0;0;0;1;0;
2026.08.27;20:17:08.0;0.00;0.00;0;0;98;96;0;206;210;210;25;0.00;0.00;0.00;0.00;9;0;0;0;0;14.1;82;26;4.3;59;-;15;58;831;3141;0;5000.0;20.6;21.0;0;0;0;0;1;0;
2026.08.27;20:17:08.5;0.00;0.00;0;0;98;96;0;206;210;210;25;0.00;0.00;0.00;0.00;9;0;0;0;0;14.1;82;26;4.3;59;-;15;58;831;3116;0;5000.0;20.6;21.0;0;0;0;0;1;0;
2026.08.27;20:17:08.9;0.00;0.00;0;0;98;96;0;206;210;210;25;0.00;0.00;0.00;0.00;9;0;0;0;0;14.1;82;26;4.3;58;-;15;58;831;3116;0;5000.0;20.4;20.8;0;0;0;0;1;0;
2026.08.27;20:17:09.4;0.00;0.00;0;0;98;96;0;206;210;210;25;0.00;0.00;0.00;0.00;9;0;0;0;0;14.1;82;26;4.3;58;-;15;58;831;3075;0;5000.0;20.2;20.8;0;0;0;0;1;0;
2026.08.27;20:17:09.8;0.00;0.00;0;0;98;96;0;206;210;210;25;0.00;0.00;0.00;0.00;9;0;0;0;0;14.1;82;26;4.3;57;-;15;58;831;3004;0;5000.0;20.2;20.8;0;0;0;0;1;0;
2026.08.27;20:17:10.3;0.00;0.00;0;0;98;96;0;206;210;210;25;0.00;0.00;0.00;0.00;9;0;0;0;0;14.1;82;26;4.3;55;-;15;58;831;3004;0;5000.0;19.7;20.4;0;0;0;0;1;0;
2026.08.27;20:17:10.7;0.00;0.00;0;0;98;97;0;206;210;210;25;0.00;0.00;0.00;0.00;9;0;0;0;0;14.1;82;26;4.3;55;-;15;58;831;2929;0;5000.0;19.3;19.8;0;0;0;0;1;0;
2026.08.27;20:17:11.2;0.00;0.00;0;0;98;97;0;206;210;210;25;0.00;0.00;0.00;0.00;9;0;0;0;0;14.1;82;26;4.3;54;-;14;58;831;2907;0;5000.0;19.3;19.8;0;0;0;0;1;0;
2026.08.27;20:17:11.6;0.00;0.00;0;0;98;97;0;206;210;210;25;0.00;0.00;0.00;0.00;9;0;0;0;0;14.1;82;26;4.3;54;-;14;58;831;2907;0;5000.0;19.3;19.9;0;0;0;0;0;0;
2026.08.27;20:17:12.1;0.00;0.00;0;0;98;97;0;206;210;210;25;0.00;0.00;0.00;0.00;9;0;0;0;0;14.1;82;26;4.3;54;-;14;58;831;2915;0;5000.0;19.3;19.9;0;0;0;0;0;0;
2026.08.27;20:17:12.5;0.00;0.00;0;0;98;97;0;206;210;210;25;0.00;0.00;0.00;0.00;9;0;0;0;0;14.1;82;26;4.3;54;-;14;58;831;2915;0;4216.0;19.2;19.8;0;0;0;0;0;0;
2026.08.27;20:17:13.0;0.00;0.00;0;0;98;97;0;206;210;210;25;0.00;0.00;0.00;0.00;9;0;0;0;0;14.1;82;26;4.3;54;-;14;58;831;2915;0;4216.0;19.3;19.9;0;0;0;0;0;0;
2026.08.27;20:17:13.4;0.00;0.00;0;0;98;97;0;206;210;210;25;0.00;0.00;0.00;0.00;9;0;0;0;0;14.1;82;26;4.3;54;-;14;58;831;2915;0;4086.0;19.3;19.9;0;0;0;0;0;0;
2026.08.27;20:17:13.9;0.00;0.00;0;0;99;98;0;206;210;210;25;0.00;0.00;0.00;0.00;9;0;0;0;0;14.1;82;26;4.3;55;-;14;58;831;2922;0;5000.0;19.3;19.8;0;0;0;0;0;0;
2026.08.27;20:17:14.3;0.00;0.00;0;0;99;98;0;206;210;210;25;0.00;0.00;0.00;0.00;9;0;0;0;0;14.1;82;26;4.3;54;-;14;58;831;2922;0;5000.0;19.2;20.1;0;0;0;0;1;0;
2026.08.27;20:17:14.8;0.00;0.00;0;0;98;98;0;200;210;210;25;0.00;0.00;0.00;0.00;9;0;0;0;0;14.1;83;26;4.3;54;-;14;58;831;2872;0;4282.0;19.2;20.1;0;0;0;0;1;0;
2026.08.27;20:17:15.3;0.00;0.00;0;0;98;97;0;200;210;210;25;0.00;0.00;0.00;0.00;9;0;0;0;0;14.1;83;26;4.3;53;-;14;58;831;2872;0;4282.0;18.8;19.3;0;0;0;0;1;0;
2026.08.27;20:17:15.7;0.00;0.00;0;0;98;97;0;200;210;210;25;0.00;0.00;0.00;0.00;9;0;0;0;0;14.1;83;26;4.3;53;-;14;58;831;2803;0;5000.0;18.4;18.7;0;0;0;0;1;0;
2026.08.27;20:17:16.2;0.00;0.00;0;0;98;98;0;200;210;210;25;0.00;0.00;0.00;0.00;9;0;0;0;0;14.1;83;26;4.3;52;-;14;58;831;2725;0;5000.0;18.4;18.7;0;0;0;0;1;0;
2026.08.27;20:17:16.6;0.00;0.00;0;0;98;98;0;200;210;210;25;0.00;0.00;0.00;0.00;10;0;0;0;0;14.1;83;26;4.3;50;-;14;58;831;2725;0;5000.0;17.9;17.8;0;0;0;0;1;0;
2026.08.27;20:17:17.1;0.00;0.00;0;0;98;98;0;200;210;210;25;0.00;0.00;0.00;0.00;9;0;0;0;0;14.1;83;26;4.3;50;-;14;58;831;2645;0;3725.0;17.7;17.7;0;0;0;0;1;0;
2026.08.27;20:17:17.5;0.00;0.00;0;0;98;98;0;200;210;210;25;0.00;0.00;0.00;0.00;9;0;0;0;0;14.1;83;26;4.3;49;-;14;58;831;2547;0;4452.0;17.7;17.7;0;0;0;0;1;0;
2026.08.27;20:17:18.0;0.00;0.00;0;0;98;98;0;200;210;210;25;0.00;0.00;0.00;0.00;9;0;0;0;0;14.1;83;26;4.3;46;-;14;58;831;2547;0;4452.0;17.5;17.1;0;0;0;0;1;0;
2026.08.27;20:17:18.4;0.00;0.00;0;0;98;98;0;200;210;210;25;0.00;0.00;0.00;0.00;7;0;0;0;0;14.1;83;26;4.3;46;-;14;58;831;2431;0;4966.0;17.5;17.1;0;0;0;0;1;0;
2026.08.27;20:17:18.9;0.00;0.00;0;0;98;98;0;200;210;210;25;0.00;0.00;0.00;0.00;7;0;0;0;0;14.1;83;26;4.3;45;-;14;58;831;2348;0;3836.0;17.1;17.4;0;0;0;0;1;0;
2026.08.27;20:17:19.3;0.00;0.00;0;0;98;98;0;200;210;210;25;0.00;0.00;0.00;0.00;6;0;0;0;0;14.1;83;26;4.3;44;-;14;58;831;2348;0;3836.0;17.0;17.8;0;0;0;0;0;0;
2026.08.27;20:17:19.8;0.00;0.00;0;0;98;98;0;200;210;210;25;0.00;0.00;0.00;0.00;6;0;0;0;0;14.1;83;26;4.3;44;-;14;58;831;2362;0;4405.0;17.0;17.8;0;0;0;0;0;0;
2026.08.27;20:17:20.2;0.00;0.00;0;0;98;98;0;200;210;210;25;0.00;0.00;0.00;0.00;6;0;0;0;0;14.1;83;26;4.3;44;-;14;58;831;2362;0;4405.0;16.8;17.4;0;0;0;0;0;0;
2026.08.27;20:17:20.7;0.00;0.00;0;0;98;98;0;200;210;210;25;0.00;0.00;0.00;0.00;6;0;0;0;0;14.1;83;26;4.3;44;-;14;58;831;2343;0;5000.0;16.9;17.2;0;0;0;0;0;0;
2026.08.27;20:17:21.1;0.00;0.00;0;0;98;98;0;200;210;210;25;0.00;0.00;0.00;0.00;6;0;0;0;0;14.1;83;26;4.3;44;-;15;58;831;2343;0;3823.0;16.9;17.2;0;0;0;0;0;0;
2026.08.27;20:17:21.6;0.00;0.00;0;0;98;98;0;200;210;210;25;0.00;0.00;0.00;0.00;7;0;0;0;0;14.1;83;26;4.3;44;-;15;58;831;2343;0;3823.0;16.8;17.1;0;0;0;0;0;0;
2026.08.27;20:17:22.0;0.00;0.00;0;0;98;98;0;194;210;210;25;0.00;0.00;0.00;0.00;7;0;0;0;0;14.1;83;26;4.3;44;-;15;58;831;2353;0;4811.0;16.8;17.1;0;0;0;0;0;0;
2026.08.27;20:17:22.5;0.00;0.00;0;0;98;98;0;194;210;210;25;0.00;0.00;0.00;0.00;7;0;0;0;0;14.1;83;26;4.3;44;-;15;58;831;2353;0;4811.0;16.9;17.3;0;0;0;0;0;0;
2026.08.27;20:17:22.9;0.00;0.00;0;0;98;98;0;194;210;210;25;0.00;0.00;0.00;0.00;7;0;0;0;0;14.1;83;26;4.3;44;-;15;58;831;2362;0;5000.0;17.0;17.1;0;0;0;0;0;0;
2026.08.27;20:17:23.4;0.00;0.00;0;0;98;98;0;194;210;210;25;0.00;0.00;0.00;0.00;7;0;0;0;0;14.1;83;26;4.3;44;-;15;58;831;2377;0;5000.0;17.0;17.1;0;0;0;0;0;0;
2026.08.27;20:17:23.8;0.00;0.00;0;0;98;98;0;194;210;210;25;0.00;0.00;0.00;0.00;7;0;0;0;0;14.1;83;26;4.3;45;-;15;58;831;2377;0;5000.0;17.0;17.1;0;0;0;0;0;0;
2026.08.27;20:17:24.3;0.00;0.00;0;0;99;99;0;194;210;210;25;0.00;0.00;0.00;0.00;7;0;0;0;0;14.1;83;26;4.3;45;-;15;58;831;2396;0;4543.0;17.0;17.1;0;0;0;0;0;0;
2026.08.27;20:17:24.7;0.00;0.00;0;0;99;99;0;194;210;210;25;0.00;0.00;0.00;0.00;7;0;0;0;0;14.1;83;26;4.3;45;-;15;58;831;2396;0;4543.0;17.1;17.1;0;0;0;0;0;0;
2026.08.27;20:17:25.2;0.00;0.00;0;0;99;99;0;194;210;210;25;0.00;0.00;0.00;0.00;8;0;0;0;0;14.1;83;26;4.3;45;-;15;58;831;2411;0;4404.0;17.1;17.1;0;0;0;0;0;0;
2026.08.27;20:17:25.6;0.00;0.00;0;0;98;98;0;194;210;210;25;0.00;0.00;0.00;0.00;8;0;0;0;0;14.1;83;26;4.3;45;-;15;58;831;2436;0;5000.0;17.1;17.1;0;0;0;0;0;0;
2026.08.27;20:17:26.1;0.00;0.00;0;0;98;98;0;194;210;210;25;0.00;0.00;0.00;0.00;8;0;0;0;0;14.1;83;26;4.3;45;-;16;58;831;2436;0;5000.0;17.3;17.0;0;0;0;0;0;0;
2026.08.27;20:17:26.5;0.00;0.00;0;0;98;98;0;194;210;210;25;0.00;0.00;0.00;0.00;8;0;0;0;0;14.1;83;26;4.3;45;-;16;58;831;2451;0;5000.0;17.3;17.4;0;0;0;0;0;0;
2026.08.27;20:17:27.0;0.00;0.00;0;0;98;98;0;194;210;210;25;0.00;0.00;0.00;0.00;8;0;0;0;0;14.1;83;26;4.3;46;-;16;58;831;2467;0;5000.0;17.3;17.4;0;0;0;0;0;0;
2026.08.27;20:17:27.4;0.00;0.00;0;0;98;98;0;194;210;210;25;0.00;0.00;0.00;0.00;8;0;0;0;0;14.1;83;26;4.3;46;-;16;58;831;2467;0;5000.0;17.4;17.3;0;0;0;0;0;0;
2026.08.27;20:17:27.9;0.00;0.00;0;0;98;98;0;194;210;210;25;0.00;0.00;0.00;0.00;9;0;0;0;0;14.1;83;26;4.3;46;-;16;58;831;2482;0;5000.0;17.5;17.2;0;0;0;0;0;0;
2026.08.27;20:17:28.3;0.00;0.00;0;0;98;98;0;194;210;210;25;0.00;0.00;0.00;0.00;9;0;0;0;0;14.1;83;26;4.3;46;-;16;58;831;2504;0;3528.0;17.5;17.2;0;0;0;0;0;0;
2026.08.27;20:17:28.8;0.00;0.00;0;0;98;98;0;194;210;210;25;0.00;0.00;0.00;0.00;9;0;0;0;0;14.1;83;26;4.3;47;-;16;58;831;2504;0;3528.0;17.5;17.1;0;0;0;0;0;0;
2026.08.27;20:17:29.2;0.00;0.00;0;0;98;98;0;191;210;210;25;0.00;0.00;0.00;0.00;9;0;0;0;0;14.1;84;26;4.3;47;-;16;58;831;2514;0;5000.0;17.6;17.1;0;0;0;0;0;0;
2026.08.27;20:17:29.7;0.00;0.00;0;0;98;98;0;191;210;210;25;0.00;0.00;0.00;0.00;9;0;0;0;0;14.1;84;26;4.3;47;-;16;58;831;2525;0;5000.0;17.6;17.1;0;0;0;0;0;0;
2026.08.27;20:17:30.1;0.00;0.00;0;0;98;98;0;191;210;210;25;0.00;0.00;0.00;0.00;9;0;0;0;0;14.1;84;26;4.3;47;-;16;58;831;2525;0;5000.0;17.6;17.4;0;0;0;0;0;0;
2026.08.27;20:17:30.6;0.00;0.00;0;0;98;98;0;191;210;210;25;0.00;0.00;0.00;0.00;9;0;0;0;0;14.2;84;26;4.3;47;-;16;58;831;2547;0;4384.0;17.7;17.5;0;0;0;0;0;0;
2026.08.27;20:17:31.0;0.00;0.00;0;0;98;98;0;191;210;210;25;0.00;0.00;0.00;0.00;9;0;0;0;0;14.2;84;26;4.3;48;-;15;58;831;2564;0;5000.0;17.7;17.5;0;0;0;0;0;0;
2026.08.27;20:17:31.5;0.00;0.00;0;0;98;98;0;191;210;210;25;0.00;0.00;0.00;0.00;9;0;0;0;0;14.2;84;26;4.3;48;-;15;58;831;2564;0;5000.0;17.8;17.5;0;0;0;0;0;0;
2026.08.27;20:17:31.9;0.00;0.00;0;0;98;98;0;191;210;210;25;0.00;0.00;0.00;0.00;9;0;0;0;0;14.2;84;26;4.3;48;-;15;58;831;2581;0;3823.0;17.8;17.5;0;0;0;0;0;0;
2026.08.27;20:17:32.4;0.00;0.00;0;0;98;98;0;191;210;210;25;0.00;0.00;0.00;0.00;9;0;0;0;0;14.2;84;26;4.3;48;-;15;58;831;2586;0;5000.0;17.8;17.5;0;0;0;0;0;0;
2026.08.27;20:17:32.8;0.00;0.00;0;0;97;97;0;191;210;210;25;0.00;0.00;0.00;0.00;9;0;0;0;0;14.2;84;26;4.3;48;-;15;58;831;2586;0;5000.0;17.9;17.5;0;0;0;0;0;0;
2026.08.27;20:17:33.3;0.00;0.00;0;0;97;97;0;191;210;210;25;0.00;0.00;0.00;0.00;9;0;0;0;0;14.2;84;26;4.3;48;-;15;58;831;2598;0;5000.0;17.9;17.5;0;0;0;0;0;0;
2026.08.27;20:17:33.7;0.00;0.00;0;0;98;98;0;191;210;210;25;0.00;0.00;0.00;0.00;9;0;0;0;0;14.2;84;26;4.3;48;-;15;58;831;2598;0;5000.0;17.9;17.5;0;0;0;0;1;0;
2026.08.27;20:17:34.2;0.00;0.00;0;0;98;98;0;191;210;210;25;0.00;0.00;0.00;0.00;9;0;0;0;0;14.2;84;26;4.3;48;-;15;58;831;2598;0;5000.0;17.9;17.8;0;0;0;0;1;0;
2026.08.27;20:17:34.6;0.00;0.00;0;0;98;98;0;191;210;210;25;0.00;0.00;0.00;0.00;8;0;0;0;0;14.1;84;26;4.3;48;-;15;58;831;2542;0;4957.0;17.6;17.6;0;0;0;0;1;0;
2026.08.27;20:17:35.1;0.00;0.00;0;0;99;99;0;191;210;210;25;0.00;0.00;0.00;0.00;7;0;0;0;0;14.1;84;26;4.3;47;-;15;58;831;2431;0;3699.0;17.6;17.6;0;0;0;0;1;0;
2026.08.27;20:17:35.5;0.00;0.00;0;0;98;98;0;191;210;210;25;0.00;0.00;0.00;0.00;7;0;0;0;0;14.1;84;26;4.3;45;-;13;58;831;2431;0;3699.0;17.3;17.4;0;0;0;0;1;0;
2026.08.27;20:17:36.0;0.00;0.00;0;0;98;98;0;195;210;210;25;0.00;0.00;0.00;0.00;6;0;0;0;0;14.1;83;26;4.3;45;-;13;58;831;2320;0;5000.0;16.4;16.8;0;0;0;0;1;0;
2026.08.27;20:17:36.4;0.00;0.00;0;0;98;98;0;195;210;210;25;0.00;0.00;0.00;0.00;6;0;0;0;0;14.1;83;26;4.3;43;-;13;58;831;2257;0;5000.0;16.4;16.8;0;0;0;0;1;0;
2026.08.27;20:17:36.9;0.00;0.00;0;0;98;98;0;195;210;210;25;0.00;0.00;0.00;0.00;6;0;0;0;0;14.1;83;26;4.3;42;-;13;58;831;2257;0;5000.0;16.2;16.6;0;0;0;0;0;0;
2026.08.27;20:17:37.3;0.00;0.00;0;0;98;98;0;195;210;210;25;0.00;0.00;0.00;0.00;7;0;0;0;0;14.1;83;26;4.3;42;-;13;58;831;2253;0;3691.0;16.0;16.4;0;0;0;0;0;0;
2026.08.27;20:17:37.8;0.00;0.00;0;0;98;98;0;195;210;210;25;0.00;0.00;0.00;0.00;6;0;0;0;0;14.1;83;26;4.3;42;-;13;58;831;2244;0;4253.0;16.0;16.4;0;0;0;0;0;0;
2026.08.27;20:17:38.2;0.00;0.00;0;0;98;98;0;195;210;210;25;0.00;0.00;0.00;0.00;6;0;0;0;0;14.1;83;26;4.3;42;-;13;58;831;2244;0;4253.0;16.1;16.4;0;0;0;0;0;0;
2026.08.27;20:17:38.7;0.00;0.00;0;0;98;98;0;195;210;210;25;0.00;0.00;0.00;0.00;6;0;0;0;0;14.1;83;26;4.3;42;-;13;58;831;2249;0;2817.0;16.0;16.4;0;0;0;0;0;0;
2026.08.27;20:17:39.1;0.00;0.00;0;0;98;98;0;195;210;210;25;0.00;0.00;0.00;0.00;6;0;0;0;0;14.1;83;26;4.3;42;-;13;58;831;2236;0;4048.0;16.0;16.4;0;0;0;0;0;0;
2026.08.27;20:17:39.6;0.00;0.00;0;0;98;98;0;195;210;210;25;0.00;0.00;0.00;0.00;6;0;0;0;0;14.1;83;26;4.3;41;-;13;58;831;2236;0;4048.0;15.8;16.1;0;0;0;0;0;0;
2026.08.27;20:17:40.0;0.00;0.00;0;0;98;98;0;195;210;210;25;0.00;0.00;0.00;0.00;7;0;0;0;0;14.1;83;26;4.3;41;-;13;58;831;2206;0;4574.0;15.8;16.1;0;0;0;0;0;0;
2026.08.27;20:17:40.5;0.00;0.00;0;0;98;98;0;195;210;210;25;0.00;0.00;0.00;0.00;7;0;0;0;0;14.1;83;26;4.3;41;-;11;58;831;2186;0;4470.0;15.7;15.8;0;0;0;0;0;0;
2026.08.27;20:17:41.0;0.00;0.00;0;0;98;98;0;195;210;210;25;0.00;0.00;0.00;0.00;7;0;0;0;0;14.1;83;26;4.3;41;-;11;58;831;2186;0;4470.0;15.3;15.7;0;0;0;0;0;0;
2026.08.27;20:17:41.4;0.00;0.00;0;0;98;98;0;195;210;210;25;0.00;0.00;0.00;0.00;6;0;0;0;0;14.1;83;26;4.3;41;-;11;58;831;2166;0;4679.0;15.3;15.7;0;0;0;0;0;0;
2026.08.27;20:17:41.9;0.00;0.00;0;0;99;99;0;195;210;210;25;0.00;0.00;0.00;0.00;6;0;0;0;0;14.1;83;26;4.3;40;-;11;58;831;2166;0;4679.0;15.2;15.6;0;0;0;0;0;0;
2026.08.27;20:17:42.3;0.00;0.00;0;0;99;99;0;195;210;210;25;0.00;0.00;0.00;0.00;7;0;0;0;0;14.1;83;26;4.3;40;-;11;58;831;2146;0;5000.0;14.9;15.2;0;0;0;0;0;0;
2026.08.27;20:17:42.8;0.00;0.00;0;0;99;99;0;198;210;210;25;0.00;0.00;0.00;0.00;6;0;0;0;0;14.1;83;26;4.3;40;-;11;58;831;2122;0;5000.0;14.9;15.2;0;0;0;0;0;0;
2026.08.27;20:17:43.2;0.00;0.00;0;0;99;99;0;198;210;210;25;0.00;0.00;0.00;0.00;6;0;0;0;0;14.1;83;26;4.3;40;-;11;58;831;2122;0;5000.0;14.7;15.2;0;0;0;0;0;0;
2026.08.27;20:17:43.7;0.00;0.00;0;0;98;98;0;198;210;210;25;0.00;0.00;0.00;0.00;6;0;0;0;0;14.1;83;26;4.3;40;-;11;58;831;2103;0;3508.0;14.5;15.1;0;0;0;0;0;0;
2026.08.27;20:17:44.1;0.00;0.00;0;0;98;98;0;198;210;210;25;0.00;0.00;0.00;0.00;6;0;0;0;0;14.1;83;26;4.3;39;-;11;58;831;2085;0;4484.0;14.5;15.1;0;0;0;0;0;0;
2026.08.27;20:17:44.6;0.00;0.00;0;0;98;98;0;198;210;210;25;0.00;0.00;0.00;0.00;6;0;0;0;0;14.1;83;26;4.3;39;-;11;58;831;2085;0;4484.0;14.2;14.6;0;0;0;0;0;0;
2026.08.27;20:17:45.0;0.00;0.00;0;0;98;98;0;198;210;210;25;0.00;0.00;0.00;0.00;7;0;0;0;0;14.2;83;26;4.3;39;-;11;58;831;2070;0;5000.0;14.2;14.6;0;0;0;0;0;0;
2026.08.27;20:17:45.5;0.00;0.00;0;0;99;99;0;198;210;210;25;0.00;0.00;0.00;0.00;7;0;0;0;0;14.2;83;26;4.3;39;-;11;58;831;2052;0;5000.0;14.2;14.6;0;0;0;0;0;0;
2026.08.27;20:17:45.9;0.00;0.00;0;0;99;99;0;198;210;210;25;0.00;0.00;0.00;0.00;6;0;0;0;0;14.2;83;26;4.3;38;-;11;58;831;2052;0;5000.0;14.0;14.7;0;0;0;0;1;0;
2026.08.27;20:17:46.4;0.00;0.00;0;0;98;98;0;198;210;210;25;0.00;0.00;0.00;0.00;7;0;0;0;0;14.2;82;26;4.3;38;-;11;58;831;1989;0;4723.0;14.0;14.7;0;0;0;0;1;0;
2026.08.27;20:17:46.8;0.00;0.00;0;0;98;98;0;198;210;210;25;0.00;0.00;0.00;0.00;7;0;0;0;0;14.2;82;26;4.3;36;-;11;58;831;1989;0;4723.0;13.4;13.6;0;0;0;0;1;0;
2026.08.27;20:17:47.3;0.00;0.00;0;0;98;98;0;198;210;210;25;0.00;0.00;0.00;0.00;7;0;0;0;0;14.1;82;26;4.3;36;-;11;57;831;1887;0;4268.0;12.7;13.0;0;0;0;0;1;0;
2026.08.27;20:17:47.7;0.00;0.00;0;0;98;98;0;198;210;210;25;0.00;0.00;0.00;0.00;7;0;0;0;0;14.1;82;26;4.3;35;-;11;57;831;1833;0;5000.0;12.7;13.0;0;0;0;0;1;0;
2026.08.27;20:17:48.2;0.00;0.00;0;0;98;98;0;198;210;210;25;0.00;0.00;0.00;0.00;7;0;0;0;0;14.1;82;26;4.3;34;-;11;57;831;1833;0;5000.0;12.6;13.1;0;0;0;0;0;0;
2026.08.27;20:17:48.6;0.00;0.00;0;0;98;98;0;198;210;210;25;0.00;0.00;0.00;0.00;7;0;0;0;0;14.1;82;26;4.3;34;-;11;57;831;1833;0;4329.0;12.5;13.0;0;0;0;0;0;0;
2026.08.27;20:17:49.1;0.00;0.00;0;0;98;98;0;198;210;210;25;0.00;0.00;0.00;0.00;7;0;0;0;0;14.1;82;26;4.3;34;-;11;57;831;1833;0;3289.0;12.5;13.0;0;0;0;0;0;0;
2026.08.27;20:17:49.5;0.00;0.00;0;0;98;98;0;198;210;210;25;0.00;0.00;0.00;0.00;8;0;0;0;0;14.1;82;26;4.3;34;-;11;57;831;1833;0;3289.0;12.5;12.9;0;0;0;0;0;0;
2026.08.27;20:17:50.0;0.00;0.00;0;0;98;98;0;199;210;210;25;0.00;0.00;0.00;0.00;8;0;0;0;0;14.1;82;26;4.3;34;-;11;57;831;1836;0;3727.0;12.5;12.9;0;0;0;0;0;0;
2026.08.27;20:17:50.4;0.00;0.00;0;0;98;98;0;199;210;210;25;0.00;0.00;0.00;0.00;8;0;0;0;0;14.1;82;26;4.3;34;-;14;57;831;1836;0;3727.0;12.6;12.8;0;0;0;0;0;0;
2026.08.27;20:17:50.9;0.00;0.00;0;0;99;99;0;199;210;210;25;0.00;0.00;0.00;0.00;8;0;0;0;0;14.1;82;26;4.3;34;-;14;57;831;1833;0;3150.0;12.6;12.8;0;0;0;0;0;0;
2026.08.27;20:17:51.3;0.00;0.00;0;0;98;98;0;199;210;210;25;0.00;0.00;0.00;0.00;8;0;0;0;0;14.1;82;26;4.3;34;-;14;57;831;1825;0;5000.0;12.5;12.8;0;0;0;0;0;0;
2026.08.27;20:17:51.8;0.00;0.00;0;0;98;98;0;199;210;210;25;0.00;0.00;0.00;0.00;8;0;0;0;0;14.1;82;26;4.3;34;-;14;57;831;1825;0;5000.0;12.6;12.8;0;0;0;0;0;0;
2026.08.27;20:17:52.2;0.00;0.00;0;0;98;98;0;199;210;210;25;0.00;0.00;0.00;0.00;8;0;0;0;0;14.1;82;26;4.3;34;-;14;57;831;1833;0;3693.0;12.6;12.8;0;0;0;0;0;0;
2026.08.27;20:17:52.7;0.00;0.00;0;0;98;98;0;199;210;210;25;0.00;0.00;0.00;0.00;8;0;0;0;0;14.1;82;26;4.3;34;-;14;57;831;1833;0;3693.0;12.5;12.8;0;0;0;0;0;0;
2026.08.27;20:17:53.1;0.00;0.00;0;0;98;98;0;199;210;210;25;0.00;0.00;0.00;0.00;8;0;0;0;0;14.1;82;26;4.3;34;-;14;57;831;1831;0;3087.0;12.5;12.7;0;0;0;0;0;0;
2026.08.27;20:17:53.6;0.00;0.00;0;0;98;98;0;199;210;210;25;0.00;0.00;0.00;0.00;8;0;0;0;0;14.1;81;26;4.2;34;-;14;57;831;1819;0;5000.0;12.5;12.7;0;0;0;0;0;0;
2026.08.27;20:17:54.0;0.00;0.00;0;0;98;98;0;199;210;210;25;0.00;0.00;0.00;0.00;8;0;0;0;0;14.1;81;26;4.2;34;-;14;57;831;1819;0;5000.0;12.5;12.8;0;0;0;0;0;0;
2026.08.27;20:17:54.5;0.00;0.00;0;0;98;98;0;199;210;210;25;0.00;0.00;0.00;0.00;8;0;0;0;0;14.1;81;26;4.2;34;-;14;57;831;1825;0;3902.0;12.5;12.8;0;0;0;0;0;0;
2026.08.27;20:17:54.9;0.00;0.00;0;0;98;98;0;199;210;210;25;0.00;0.00;0.00;0.00;8;0;0;0;0;14.1;81;26;4.2;34;-;14;57;831;1825;0;3902.0;12.4;12.7;0;0;0;0;0;0;
2026.08.27;20:17:55.4;0.00;0.00;0;0;98;98;0;199;210;210;25;0.00;0.00;0.00;0.00;7;0;0;0;0;14.1;81;26;4.2;34;-;14;57;831;1811;0;5000.0;12.4;12.6;0;0;0;0;0;0;
2026.08.27;20:17:55.8;0.00;0.00;0;0;99;99;0;199;210;210;25;0.00;0.00;0.00;0.00;8;0;0;0;0;14.2;81;26;4.3;34;-;14;57;831;1802;0;2994.0;12.4;12.6;0;0;0;0;0;0;
2026.08.27;20:17:56.3;0.00;0.00;0;0;99;99;0;199;210;210;25;0.00;0.00;0.00;0.00;8;0;0;0;0;14.2;81;26;4.3;34;-;14;57;831;1802;0;2994.0;12.4;12.5;0;0;0;0;0;0;
2026.08.27;20:17:56.7;0.00;0.00;0;0;99;99;0;199;210;210;25;0.00;0.00;0.00;0.00;8;0;0;0;0;14.2;81;26;4.3;34;-;14;57;831;1794;0;5000.0;12.3;12.5;0;0;0;0;0;0;
2026.08.27;20:17:57.2;0.00;0.00;0;0;98;98;0;199;210;210;25;0.00;0.00;0.00;0.00;8;0;0;0;0;14.2;81;26;4.3;33;-;14;57;831;1780;0;4398.0;12.3;12.5;0;0;0;0;0;0;
2026.08.27;20:17:57.6;0.00;0.00;0;0;98;98;0;199;210;210;25;0.00;0.00;0.00;0.00;8;0;0;0;0;14.2;81;26;4.3;33;-;14;57;831;1780;0;4398.0;12.3;12.5;0;0;0;0;0;0;
2026.08.27;20:17:58.1;0.00;0.00;0;0;98;98;0;199;210;210;25;0.00;0.00;0.00;0.00;8;0;0;0;0;14.1;81;26;4.3;33;-;14;57;831;1775;0;5000.0;12.1;12.6;0;0;0;0;0;0;
2026.08.27;20:17:58.5;0.00;0.00;0;0;98;98;0;199;210;210;25;0.00;0.00;0.00;0.00;8;0;0;0;0;14.1;81;26;4.3;33;-;14;57;831;1759;1;4073.0;12.1;12.6;0;0;0;0;0;0;
2026.08.27;20:17:59.0;0.00;0.00;0;0;98;98;0;199;210;210;25;0.00;0.00;0.00;0.00;8;0;0;0;0;14.1;81;26;4.3;33;-;14;57;831;1759;4;4073.0;12.1;12.5;0;0;0;0;0;0;
2026.08.27;20:17:59.4;0.00;0.00;29;0;98;98;0;199;210;210;25;2.54;2.54;2.54;2.54;25;0;0;0;0;14.1;81;26;4.3;33;-;14;57;831;1791;4;4562.0;12.1;12.5;0;0;0;0;0;0;
2026.08.27;20:17:59.9;-0.02;-0.02;708;844;98;98;3;199;210;210;25;1.55;1.55;1.55;1.55;25;0;0;0;0;14.1;81;26;4.3;33;-;14;57;831;1791;4;4562.0;12.2;11.9;0;0;0;0;0;0;
2026.08.27;20:18:00.3;-0.02;-0.02;708;844;98;98;3;199;210;210;25;1.55;1.55;1.55;1.55;23;0;0;0;0;14.1;81;26;4.2;33;-;14;57;831;1770;4;4587.0;12.3;11.9;0;0;0;0;0;0;
2026.08.27;20:18:00.8;0.03;0.03;29;24;98;98;5;199;210;210;25;1.64;1.64;1.64;1.64;22;0;0;0;0;14.1;81;26;4.2;33;-;14;57;831;1751;4;2693.0;12.3;11.9;0;0;0;0;0;0;
2026.08.27;20:18:01.2;0.08;0.08;39;34;98;98;6;199;210;210;25;1.70;1.70;1.70;1.70;22;0;0;0;0;14.1;81;26;4.2;33;-;14;57;831;1751;4;2693.0;12.4;12.1;0;0;0;0;0;0;
2026.08.27;20:18:01.7;0.08;0.08;39;34;98;98;6;199;210;210;25;1.70;1.70;1.70;1.70;7;0;0;0;0;14.1;81;26;4.2;33;-;14;57;831;1772;3;3027.0;12.4;12.4;0;0;0;0;0;0;
2026.08.27;20:18:02.1;0.12;0.12;24;19;99;99;8;199;210;210;25;1.93;1.93;1.93;1.93;-14;0;0;0;0;14.1;81;26;4.3;33;-;14;57;831;1756;3;3597.0;12.4;12.4;0;0;0;0;0;0;
2026.08.27;20:18:02.6;0.00;0.00;9;19;98;98;0;199;210;210;25;0.00;0.00;0.00;0.00;-14;0;0;0;0;14.1;81;26;4.3;33;-;14;57;831;1756;1;3597.0;12.3;12.6;0;0;0;0;0;0;
2026.08.27;20:18:03.0;0.00;0.00;9;19;98;98;0;199;210;210;25;0.00;0.00;0.00;0.00;7;0;0;0;0;14.1;81;26;4.3;33;-;14;57;831;1749;1;3247.0;12.4;12.9;0;0;0;0;0;0;
2026.08.27;20:18:03.5;0.00;0.00;0;0;98;98;0;199;210;210;25;0.00;0.00;0.00;0.00;7;0;0;0;0;14.1;81;26;4.3;33;-;14;57;831;1741;0;4759.0;12.4;12.9;0;0;0;0;0;0;
2026.08.27;20:18:03.9;0.00;0.00;0;0;98;98;0;199;210;210;25;0.00;0.00;0.00;0.00;7;0;0;0;0;14.1;81;26;4.3;33;-;14;57;831;1741;0;4759.0;12.3;12.9;0;0;0;0;0;0;
2026.08.27;20:18:04.4;0.00;0.00;0;0;98;98;0;192;210;210;25;0.00;0.00;0.00;0.00;7;0;0;0;0;14.1;81;26;4.2;33;-;14;57;831;1738;0;5000.0;12.3;12.9;0;0;0;0;0;0;
2026.08.27;20:18:04.8;0.00;0.00;0;0;99;99;0;192;210;210;25;0.00;0.00;0.00;0.00;7;0;0;0;0;14.1;81;26;4.2;32;-;14;57;831;1728;0;3511.0;12.3;12.9;0;0;0;0;0;0;
2026.08.27;20:18:05.3;0.00;0.00;0;0;99;99;0;192;210;210;25;0.00;0.00;0.00;0.00;7;0;0;0;0;14.1;81;26;4.2;32;-;14;57;831;1728;0;3511.0;12.3;12.9;0;0;0;0;0;0;
2026.08.27;20:18:05.7;0.00;0.00;0;0;98;98;0;192;210;210;25;0.00;0.00;0.00;0.00;7;0;0;0;0;14.1;81;26;4.2;32;-;14;57;831;1725;0;3565.0;12.3;12.9;0;0;0;0;0;0;
2026.08.27;20:18:06.2;0.00;0.00;0;0;98;98;0;192;210;210;25;0.00;0.00;0.00;0.00;7;0;0;0;0;14.1;81;26;4.2;32;-;14;57;831;1733;0;3204.0;12.3;12.9;0;0;0;0;0;0;
2026.08.27;20:18:06.6;0.00;0.00;0;0;98;98;0;192;210;210;25;0.00;0.00;0.00;0.00;7;0;0;0;0;14.1;81;26;4.2;32;-;14;57;831;1733;0;3204.0;12.2;12.8;0;0;0;0;0;0;
2026.08.27;20:18:07.1;0.00;0.00;0;0;99;99;0;192;210;210;25;0.00;0.00;0.00;0.00;7;0;0;0;0;14.1;81;26;4.2;32;-;14;57;831;1736;0;3721.0;12.2;12.8;0;0;0;0;0;0;
2026.08.27;20:18:07.5;0.00;0.00;0;0;98;98;0;192;210;210;25;0.00;0.00;0.00;0.00;7;0;0;0;0;14.1;81;26;4.2;32;-;14;57;831;1736;0;3721.0;12.2;12.7;0;0;0;0;0;0;
2026.08.27;20:18:08.0;0.00;0.00;0;0;98;98;0;192;210;210;25;0.00;0.00;0.00;0.00;7;0;0;0;0;14.1;81;26;4.2;32;-;14;57;831;1736;0;5000.0;12.3;12.8;0;0;0;0;0;0;
2026.08.27;20:18:08.4;0.00;0.00;0;0;99;99;0;192;210;210;25;0.00;0.00;0.00;0.00;7;0;0;0;0;14.1;81;26;4.2;32;-;14;57;831;1746;0;4386.0;12.3;12.8;0;0;0;0;0;0;
2026.08.27;20:18:08.9;0.00;0.00;0;0;98;98;0;192;210;210;25;0.00;0.00;0.00;0.00;7;0;0;0;0;14.1;81;26;4.2;33;-;14;57;831;1746;0;4386.0;12.3;12.7;0;0;0;0;0;0;
2026.08.27;20:18:09.4;0.00;0.00;0;0;98;98;0;192;210;210;25;0.00;0.00;0.00;0.00;7;0;0;0;0;14.1;81;26;4.2;33;-;14;57;831;1756;0;4264.0;12.4;12.7;0;0;0;0;0;0;
2026.08.27;20:18:09.8;0.00;0.00;0;0;98;98;0;192;210;210;25;0.00;0.00;0.00;0.00;7;0;0;0;0;14.1;81;26;4.2;33;-;14;57;831;1770;0;4610.0;12.4;12.7;0;0;0;0;0;0;
2026.08.27;20:18:10.3;0.00;0.00;0;0;98;98;0;192;210;210;25;0.00;0.00;0.00;0.00;7;0;0;0;0;14.1;81;26;4.2;33;-;13;57;831;1770;0;4610.0;12.4;12.9;0;0;0;0;0;0;
2026.08.27;20:18:10.7;0.00;0.00;0;0;98;98;0;192;210;210;25;0.00;0.00;0.00;0.00;7;0;0;0;0;14.1;81;26;4.2;33;-;13;57;831;1778;0;3528.0;12.4;12.9;0;0;0;0;0;0;
2026.08.27;20:18:11.2;0.00;0.00;0;0;98;98;0;192;210;210;25;0.00;0.00;0.00;0.00;7;0;0;0;0;14.1;81;26;4.2;33;-;13;57;831;1794;0;5000.0;12.5;13.0;0;0;0;0;0;0;
2026.08.27;20:18:11.6;0.00;0.00;0;0;98;98;0;192;210;210;25;0.00;0.00;0.00;0.00;7;0;0;0;0;14.1;81;26;4.2;34;-;13;57;831;1794;0;5000.0;12.6;13.0;0;0;0;0;0;0;
2026.08.27;20:18:12.1;0.00;0.00;0;0;97;97;0;192;210;210;25;0.00;0.00;0.00;0.00;7;0;0;0;0;14.1;81;26;4.2;34;-;13;57;831;1811;0;4175.0;12.6;13.0;0;0;0;0;0;0;
2026.08.27;20:18:12.5;0.00;0.00;0;0;99;99;0;192;210;210;25;0.00;0.00;0.00;0.00;7;0;0;0;0;14.1;81;26;4.2;34;-;13;57;831;1811;0;4175.0;12.7;13.2;0;0;0;0;0;0;
2026.08.27;20:18:13.0;0.00;0.00;0;0;99;99;0;192;210;210;25;0.00;0.00;0.00;0.00;7;0;0;0;0;14.1;81;26;4.2;34;-;13;57;831;1816;0;3343.0;12.7;13.1;0;0;0;0;0;0;
2026.08.27;20:18:13.4;0.00;0.00;0;0;98;98;0;192;210;210;25;0.00;0.00;0.00;0.00;7;0;0;0;0;14.1;81;26;4.2;34;-;13;57;831;1825;0;3221.0;12.7;13.1;0;0;0;0;0;0;
2026.08.27;20:18:13.9;0.00;0.00;0;0;99;99;0;192;210;210;25;0.00;0.00;0.00;0.00;7;0;0;0;0;14.1;81;26;4.2;34;-;13;57;831;1825;0;4775.0;12.7;13.1;0;0;0;0;0;0;
2026.08.27;20:18:14.3;0.00;0.00;0;0;99;99;0;192;210;210;25;0.00;0.00;0.00;0.00;7;0;0;0;0;14.1;81;26;4.2;34;-;13;57;831;1825;0;4775.0;12.7;13.4;0;0;0;0;1;0;
2026.08.27;20:18:14.8;0.00;0.00;0;0;98;98;0;192;210;210;25;0.00;0.00;0.00;0.00;7;0;0;0;0;14.1;82;26;4.2;34;-;13;57;831;1833;0;4925.0;12.7;13.4;0;0;0;0;1;0;
2026.08.27;20:18:15.2;0.00;0.00;0;0;98;98;0;192;210;210;25;0.00;0.00;0.00;0.00;7;0;0;0;0;14.1;82;26;4.2;34;-;13;57;831;1831;0;3980.0;12.7;13.4;0;0;0;0;1;0;
2026.08.27;20:18:15.7;0.00;0.00;0;0;98;98;0;192;210;210;25;0.00;0.00;0.00;0.00;7;0;0;0;0;14.1;82;26;4.2;34;-;13;57;831;1831;0;3980.0;12.7;13.4;0;0;0;0;1;0;
2026.08.27;20:18:16.1;0.00;0.00;0;0;98;98;0;192;210;210;25;0.00;0.00;0.00;0.00;7;0;0;0;0;14.1;82;26;4.2;34;-;13;57;831;1833;0;3673.0;12.7;13.4;0;0;0;0;1;0;
2026.08.27;20:18:16.6;0.00;0.00;0;0;98;98;0;192;210;210;25;0.00;0.00;0.00;0.00;7;0;0;0;0;14.1;82;26;4.2;34;-;13;57;831;1833;0;3673.0;12.7;13.2;0;0;0;0;1;0;
2026.08.27;20:18:17.0;0.00;0.00;0;0;98;98;0;192;210;210;25;0.00;0.00;0.00;0.00;7;0;0;0;0;14.1;82;26;4.2;34;-;13;56;831;1833;0;3016.0;12.8;13.2;0;0;0;0;1;0;
2026.08.27;20:18:17.5;0.00;0.00;0;0;98;98;0;192;210;210;25;0.00;0.00;0.00;0.00;7;0;0;0;0;14.1;82;26;4.2;34;-;13;56;831;1839;0;2823.0;12.8;13.2;0;0;0;0;1;0;
2026.08.27;20:18:17.9;0.00;0.00;0;0;98;98;0;192;210;210;25;0.00;0.00;0.00;0.00;7;0;0;0;0;14.1;82;26;4.2;34;-;13;56;831;1839;0;2823.0;12.7;13.2;0;0;0;0;1;0;
2026.08.27;20:18:18.4;0.00;0.00;0;0;99;99;0;205;210;210;25;0.00;0.00;0.00;0.00;7;0;0;0;0;14.1;82;26;4.2;34;-;13;56;831;1828;0;2950.0;12.7;13.2;0;0;0;0;1;0;
2026.08.27;20:18:18.8;0.00;0.00;0;0;98;98;0;205;210;210;25;0.00;0.00;0.00;0.00;7;0;0;0;0;14.1;82;26;4.2;34;-;13;56;831;1828;0;2950.0;12.6;13.2;0;0;0;0;1;0;
2026.08.27;20:18:19.3;0.00;0.00;0;0;98;98;0;205;210;210;25;0.00;0.00;0.00;0.00;7;0;0;0;0;14.1;82;26;4.2;33;-;13;56;831;1789;0;5000.0;12.3;12.6;0;0;0;0;1;0;
2026.08.27;20:18:19.7;0.00;0.00;0;0;97;97;0;205;210;210;25;0.00;0.00;0.00;0.00;7;0;0;0;0;14.1;82;26;4.2;33;-;13;56;831;1713;0;2686.0;12.3;12.6;0;0;0;0;1;0;
2026.08.27;20:18:20.2;0.00;0.00;0;0;98;98;0;205;210;210;25;0.00;0.00;0.00;0.00;7;0;0;0;0;14.1;82;26;4.2;31;-;13;56;831;1713;0;2686.0;11.8;12.3;0;0;0;0;1;0;
2026.08.27;20:18:20.6;0.00;0.00;0;0;98;98;0;205;210;210;25;0.00;0.00;0.00;0.00;8;0;0;0;0;14.1;82;26;4.2;31;-;13;56;831;1616;0;3212.0;11.0;11.2;0;0;0;0;1;0;
2026.08.27;20:18:21.1;0.00;0.00;0;0;98;98;0;205;210;210;25;0.00;0.00;0.00;0.00;6;0;0;0;0;14.1;82;26;4.2;29;-;13;56;831;1472;0;5000.0;11.0;11.2;0;0;0;0;1;0;
2026.08.27;20:18:21.5;0.00;0.00;0;0;98;98;0;205;210;210;25;2.50;2.50;2.50;2.50;6;0;0;0;0;14.1;82;26;4.2;25;-;13;56;831;1472;0;5000.0;9.2;9.4;0;0;0;0;1;1;
2026.08.27;20:18:22.0;0.00;0.00;0;0;98;98;0;205;210;210;25;2.50;2.50;2.50;2.50;3;0;0;0;0;14.1;82;26;4.2;25;-;13;56;831;1173;0;2209.0;6.5;6.4;0;0;0;0;1;1;
2026.08.27;20:18:22.4;0.00;0.00;844;9;99;99;0;205;210;210;25;2.57;2.57;2.57;2.57;3;0;0;0;0;14.1;82;26;4.2;21;-;13;56;831;828;0;2140.0;6.5;6.4;0;0;0;0;1;1;
2026.08.27;20:18:22.9;0.00;0.00;844;9;99;99;0;205;378;315;25;2.57;2.57;2.57;2.57;20;0;0;0;0;14.1;82;26;4.2;20;-;13;56;831;828;0;2140.0;10.2;8.2;0;0;0;0;1;1;
2026.08.27;20:18:23.3;-0.00;-0.00;854;825;0;0;3;205;378;315;25;2.81;2.81;2.81;2.81;8;0;0;0;0;14.0;82;26;4.2;20;-;13;56;831;768;0;2560.0;10.2;8.2;0;0;0;0;1;1;
2026.08.27;20:18:23.8;0.01;0.01;39;39;99;99;5;205;420;378;25;3.19;3.19;3.19;3.19;8;0;0;0;0;14.0;82;26;4.2;20;-;13;56;831;784;0;2069.0;11.5;10.3;0;0;0;0;1;0;
2026.08.27;20:18:24.2;0.01;0.01;39;39;99;99;5;205;357;357;25;3.19;3.19;3.19;3.19;0;0;0;0;0;14.0;82;26;4.2;20;-;13;56;831;784;0;2069.0;9.1;8.9;0;0;0;0;1;0;
2026.08.27;20:18:24.7;0.02;0.02;43;39;99;99;6;205;357;357;25;2.82;2.82;2.82;2.82;2;0;0;0;0;14.0;82;26;4.2;20;-;13;56;831;771;0;1615.0;9.1;8.9;0;0;0;0;1;0;
2026.08.27;20:18:25.1;0.03;0.03;43;39;99;99;7;205;357;357;25;2.69;2.69;2.69;2.69;2;0;0;0;0;14.0;82;26;4.2;20;-;15;56;831;771;0;1615.0;9.1;8.8;0;0;0;0;1;0;
2026.08.27;20:18:25.6;0.03;0.03;43;39;99;99;7;230;336;336;25;2.69;2.69;2.69;2.69;2;0;0;0;0;14.1;82;26;4.2;20;-;15;56;831;772;0;2194.0;8.5;8.3;0;0;0;0;1;0;
2026.08.27;20:18:26.0;0.06;0.06;48;43;98;98;7;230;336;336;25;2.72;2.72;2.72;2.72;3;0;0;0;0;14.1;82;26;4.2;19;-;15;56;831;755;0;1735.0;8.5;8.3;0;0;0;0;1;0;
2026.08.27;20:18:26.5;0.09;0.09;53;48;100;100;8;230;357;336;25;2.84;2.84;2.84;2.84;3;0;0;0;0;14.1;82;26;4.2;20;-;15;56;831;755;0;1735.0;9.1;8.8;0;0;0;0;1;0;
2026.08.27;20:18:26.9;0.09;0.09;53;48;100;100;8;230;336;336;25;2.84;2.84;2.84;2.84;3;0;0;0;0;14.1;82;26;4.2;20;-;15;56;831;758;0;2137.0;8.5;8.3;0;0;0;0;1;0;
2026.08.27;20:18:27.4;0.12;0.12;78;58;98;98;9;230;336;336;25;2.83;2.83;2.83;2.83;3;0;0;0;0;14.1;82;26;4.2;20;-;15;56;831;771;0;1702.0;8.5;8.3;0;0;0;0;0;1;
2026.08.27;20:18:27.8;0.12;0.12;78;58;98;98;9;230;336;315;25;2.83;2.83;2.83;2.83;-1;0;0;0;0;14.1;82;26;4.2;20;-;15;56;831;771;2;1702.0;8.3;8.1;0;0;0;0;0;1;
2026.08.27;20:18:28.3;0.09;0.09;761;141;99;99;9;230;462;399;25;2.67;2.67;2.67;2.67;15;0;0;0;0;14.1;82;26;4.2;20;-;15;56;831;775;2;2046.0;17.6;15.4;0;0;0;0;0;1;
2026.08.27;20:18:28.7;0.10;0.10;83;512;98;98;15;230;462;399;25;3.26;3.26;3.26;3.26;15;0;0;0;0;14.1;83;26;4.2;21;-;15;56;831;1797;8;4642.0;17.6;15.4;0;0;0;0;0;1;
2026.08.27;20:18:29.2;0.10;0.10;83;512;98;98;15;230;273;294;25;3.26;3.26;3.26;3.26;30;0;0;0;0;14.1;83;26;4.2;22;-;15;56;831;1797;10;4642.0;17.0;17.7;0;0;0;0;0;1;
2026.08.27;20:18:29.6;0.16;0.16;180;73;99;99;15;230;273;294;25;2.72;2.72;2.72;2.72;31;0;0;0;0;14.1;83;26;4.2;22;-;15;56;831;1733;10;2829.0;17.0;17.7;0;0;0;0;0;1;
2026.08.27;20:18:30.1;0.11;0.11;444;688;98;98;17;230;273;273;25;2.67;2.67;2.67;2.67;31;0;0;0;0;14.1;83;26;4.2;23;-;14;56;831;1733;13;2829.0;16.9;17.5;0;0;0;0;0;0;
2026.08.27;20:18:30.5;0.11;0.11;444;688;98;98;17;230;357;336;25;2.67;2.67;2.67;2.67;25;0;0;0;0;14.1;83;26;4.2;23;-;14;56;831;1814;13;4093.0;23.8;23.4;0;0;0;0;0;0;
2026.08.27;20:18:31.0;0.14;0.14;126;561;99;99;20;230;357;336;25;3.37;3.37;3.37;3.37;27;0;0;0;0;14.1;83;26;4.2;24;-;14;56;831;1921;15;5000.0;23.8;23.4;0;0;0;0;0;0;
2026.08.27;20:18:31.4;0.09;0.09;771;756;99;99;17;230;252;315;25;2.21;2.21;2.21;2.21;27;0;0;0;0;14.1;83;26;4.2;25;-;14;56;831;1921;10;5000.0;17.7;21.6;0;0;0;0;0;0;
2026.08.27;20:18:31.9;0.09;0.09;771;756;99;99;17;230;210;231;25;2.21;2.21;2.21;2.21;41;0;0;0;0;14.0;83;26;4.2;25;-;14;56;831;2013;10;2333.0;15.1;15.9;0;0;0;0;0;0;
2026.08.27;20:18:32.3;0.03;0.03;693;766;99;99;17;221;210;231;25;1.78;1.78;1.78;1.78;21;0;0;0;0;14.0;83;26;4.2;26;-;14;56;831;2088;7;5000.0;15.1;15.9;0;0;0;0;0;0;
2026.08.27;20:18:32.8;0.07;0.07;63;58;97;98;18;221;210;210;25;1.80;1.80;1.80;1.80;21;0;0;0;0;14.0;83;26;4.2;27;-;14;56;831;2088;4;5000.0;15.5;16.1;0;0;0;0;0;0;
2026.08.27;20:18:33.2;0.07;0.07;63;58;97;98;18;221;210;231;25;1.80;1.80;1.80;1.80;-16;0;0;0;0;14.0;83;26;4.2;27;-;14;56;831;2092;4;4398.0;15.8;16.7;0;0;0;0;0;0;
2026.08.27;20:18:33.7;0.00;0.00;0;4;96;98;0;221;210;231;25;0.00;0.00;0.00;0.00;2;0;0;0;0;14.1;83;26;4.2;27;-;14;56;831;2111;4;5000.0;15.8;16.7;0;0;0;0;0;0;
2026.08.27;20:18:34.1;0.00;0.00;0;0;96;98;0;221;210;231;25;0.00;0.00;0.00;0.00;2;0;0;0;0;14.1;83;26;4.2;27;-;14;56;831;2111;4;5000.0;15.9;17.1;0;0;0;0;0;0;
2026.08.27;20:18:34.6;0.00;0.00;0;0;96;98;0;221;210;231;25;0.00;0.00;0.00;0.00;3;0;0;0;0;14.1;83;26;4.2;27;-;14;56;831;2119;4;3594.0;15.8;16.9;0;0;0;0;0;0;
2026.08.27;20:18:35.0;0.00;0.00;0;0;97;98;0;221;210;231;25;0.00;0.00;0.00;0.00;3;0;0;0;0;14.1;83;26;4.2;27;-;14;56;831;2138;4;4048.0;15.8;16.9;0;0;0;0;0;0;
2026.08.27;20:18:35.5;0.00;0.00;0;0;98;98;0;221;210;231;25;0.00;0.00;0.00;0.00;3;0;0;0;0;14.1;83;26;4.2;28;-;14;56;831;2138;4;4048.0;15.9;17.0;0;0;0;0;0;0;
2026.08.27;20:18:35.9;0.00;0.00;0;0;98;98;0;221;210;231;25;0.00;0.00;0.00;0.00;4;0;0;0;0;14.2;83;26;4.2;28;-;14;56;831;2150;4;5000.0;15.9;17.0;0;0;0;0;0;0;
2026.08.27;20:18:36.4;0.00;0.00;0;0;98;98;0;221;210;231;25;0.00;0.00;0.00;0.00;4;0;0;0;0;14.2;83;26;4.2;28;-;14;56;831;2162;0;3650.0;15.9;17.0;0;0;0;0;0;0;
2026.08.27;20:18:36.9;0.00;0.00;0;0;98;98;0;221;210;231;25;0.00;0.00;0.00;0.00;4;0;0;0;0;14.2;83;26;4.2;28;-;14;56;831;2162;0;3650.0;16.0;17.0;0;0;0;0;1;0;
2026.08.27;20:18:37.3;0.00;0.00;0;0;98;98;0;221;210;231;25;0.00;0.00;0.00;0.00;3;0;0;0;0;14.2;83;26;4.2;28;-;14;56;831;2166;0;5000.0;15.4;17.0;0;0;0;0;1;0;
2026.08.27;20:18:37.8;0.00;0.00;0;0;98;98;0;221;210;231;25;0.00;0.00;0.00;0.00;3;0;0;0;0;14.1;83;26;4.2;27;-;14;56;831;1953;0;4001.0;15.4;17.0;0;0;0;0;1;0;
2026.08.27;20:18:38.2;0.00;0.00;0;0;100;100;0;221;210;231;25;2.72;2.72;2.72;2.72;5;0;0;0;0;14.1;83;26;4.2;24;-;14;56;831;1953;0;4001.0;12.6;14.0;0;0;0;0;1;1;
2026.08.27;20:18:38.7;0.00;0.00;0;0;100;100;0;221;210;210;25;2.72;2.72;2.72;2.72;6;0;0;0;0;14.1;83;26;4.2;24;-;14;56;831;1292;0;3066.0;7.4;7.6;0;0;0;0;1;1;
2026.08.27;20:18:39.1;0.00;0.00;751;14;100;100;0;220;210;210;25;2.00;2.00;2.00;2.00;6;0;0;0;0;14.1;83;26;4.2;21;-;14;56;831;912;0;1878.0;7.4;7.6;0;0;0;0;1;1;
2026.08.27;20:18:39.6;0.00;0.00;751;14;100;100;0;220;378;273;25;2.00;2.00;2.00;2.00;22;0;0;0;0;14.1;83;26;4.2;19;-;10;56;831;912;0;1878.0;10.7;7.8;0;0;0;0;1;0;
2026.08.27;20:18:40.0;-0.00;-0.00;791;786;99;99;3;220;378;399;25;2.92;2.92;2.92;2.92;5;0;0;0;0;14.0;83;26;4.2;19;-;10;56;831;785;0;2109.0;11.6;12.5;0;0;0;0;1;0;
2026.08.27;20:18:40.5;0.02;0.02;53;43;99;99;5;220;378;399;25;3.16;3.16;3.16;3.16;5;0;0;0;0;14.0;83;26;4.2;18;-;10;56;831;829;0;2447.0;11.6;12.5;0;0;0;0;1;0;
2026.08.27;20:18:40.9;0.02;0.02;53;43;99;99;5;220;336;336;25;3.16;3.16;3.16;3.16;-1;0;0;0;0;14.0;83;26;4.2;18;-;10;56;831;829;0;2447.0;9.0;8.9;0;0;0;0;1;0;
2026.08.27;20:18:41.4;0.02;0.02;53;53;99;99;6;220;336;336;25;2.72;2.72;2.72;2.72;3;0;0;0;0;14.0;83;26;4.2;18;-;10;56;831;778;0;2119.0;9.0;8.9;0;0;0;0;1;0;
2026.08.27;20:18:41.8;0.03;0.03;53;43;99;99;7;220;357;336;25;2.82;2.82;2.82;2.82;3;0;0;0;0;14.0;83;26;4.2;16;-;10;56;831;758;0;1948.0;9.2;8.7;0;0;0;0;1;0;
2026.08.27;20:18:42.3;0.03;0.03;53;43;99;99;7;220;357;336;25;2.82;2.82;2.82;2.82;-1;0;0;0;0;14.0;83;26;4.2;14;-;10;56;831;758;0;1948.0;8.9;8.7;0;0;0;0;1;0;
2026.08.27;20:18:42.7;0.06;0.06;53;48;99;99;7;220;357;336;25;2.89;2.89;2.89;2.89;2;0;0;0;0;14.0;83;26;4.2;14;-;10;56;831;754;0;1822.0;8.9;8.7;0;0;0;0;1;0;
2026.08.27;20:18:43.2;0.09;0.09;78;63;100;100;8;220;336;336;25;2.97;2.97;2.97;2.97;2;0;0;0;0;14.0;83;26;4.2;12;-;10;56;831;754;0;1822.0;8.8;8.7;0;0;0;0;1;0;
2026.08.27;20:18:43.6;0.09;0.09;78;63;100;100;8;220;336;336;25;2.97;2.97;2.97;2.97;0;0;0;0;0;14.0;83;26;4.2;12;-;10;56;831;761;0;1977.0;8.4;8.4;0;0;0;0;1;0;
2026.08.27;20:18:44.1;0.06;0.06;786;698;98;98;8;220;336;336;25;2.70;2.70;2.70;2.70;1;0;0;0;0;14.0;83;26;4.2;10;-;10;56;831;752;0;2201.0;8.4;8.4;0;0;0;0;1;0;
2026.08.27;20:18:44.5;0.05;0.05;673;747;99;99;9;220;336;336;25;2.66;2.66;2.66;2.66;1;0;0;0;0;14.0;83;26;4.2;7;-;13;56;831;752;0;2201.0;8.4;8.2;0;0;0;0;1;0;
2026.08.27;20:18:45.0;0.05;0.05;673;747;99;99;9;220;336;336;25;2.66;2.66;2.66;2.66;0;0;0;0;0;14.0;83;26;4.2;7;-;13;56;831;744;0;1760.0;8.4;8.2;0;0;0;0;1;0;
2026.08.27;20:18:45.4;0.04;0.04;673;688;99;99;10;220;336;336;25;2.67;2.67;2.67;2.67;0;0;0;0;0;14.0;83;26;4.2;3;-;13;56;831;753;0;2554.0;8.4;8.2;0;0;0;0;1;0;
2026.08.27;20:18:45.9;0.04;0.04;673;688;99;99;10;220;336;336;25;2.67;2.67;2.67;2.67;3;0;0;0;0;14.0;83;26;4.2;2;-;13;56;831;753;0;2554.0;8.5;8.2;0;0;0;0;1;0;
2026.08.27;20:18:46.3;0.01;0.01;722;712;97;98;10;305;336;336;25;2.60;2.60;2.60;2.60;1;0;0;0;0;14.1;83;26;4.2;2;-;13;56;831;743;0;1662.0;8.5;8.2;0;0;0;0;1;0;
2026.08.27;20:18:46.8;0.05;0.05;83;166;98;98;10;305;336;336;25;2.69;2.69;2.69;2.69;1;0;0;0;0;14.1;83;26;4.2;2;-;13;56;831;743;0;1662.0;8.5;8.2;0;0;0;0;0;1;
2026.08.27;20:18:47.2;0.05;0.05;83;166;98;98;10;305;315;315;25;2.69;2.69;2.69;2.69;-1;0;0;0;0;14.1;83;26;4.2;2;-;13;56;831;766;0;1795.0;8.1;8.2;0;0;0;0;0;1;
2026.08.27;20:18:47.7;0.04;0.04;751;541;98;99;11;305;315;315;25;2.62;2.62;2.62;2.62;14;0;0;0;0;14.1;83;26;4.2;3;-;13;56;831;731;2;1780.0;8.1;8.2;0;0;0;0;0;1;
2026.08.27;20:18:48.1;0.01;0.01;708;761;97;98;54;305;819;672;25;8.54;8.54;8.54;8.54;14;0;0;0;0;14.1;83;26;4.2;4;-;13;56;831;731;13;1780.0;21.5;19.7;0;0;0;0;0;1;
2026.08.27;20:18:48.6;0.01;0.01;708;761;97;98;54;305;336;441;25;8.54;8.54;8.54;8.54;18;0;0;0;0;14.1;83;26;4.2;4;-;13;56;831;1552;13;3732.0;22.8;28.8;0;0;0;0;0;1;
2026.08.27;20:18:49.0;0.02;0.02;63;703;94;98;23;305;336;441;25;3.38;3.38;3.38;3.38;18;0;0;0;0;14.1;83;26;4.2;6;-;13;56;831;1492;16;3281.0;22.8;28.8;0;0;0;0;0;1;
2026.08.27;20:18:49.5;0.02;0.02;63;703;94;98;23;305;504;483;25;3.38;3.38;3.38;3.38;20;0;0;0;0;14.1;83;26;4.2;9;-;12;56;831;1492;16;3281.0;25.4;24.6;0;0;0;0;0;1;
2026.08.27;20:18:49.9;0.04;0.04;791;698;93;98;27;305;504;483;25;4.52;4.52;4.52;4.52;22;0;0;0;0;14.1;84;26;4.2;9;-;12;56;831;1560;16;2924.0;25.4;24.6;0;0;0;0;0;1;
2026.08.27;20:18:50.4;0.06;0.06;48;48;93;99;23;305;336;378;25;3.03;3.03;3.03;3.03;22;0;0;0;0;14.1;84;26;4.2;12;-;12;56;831;1560;13;2924.0;20.5;24.3;0;0;0;0;0;0;
2026.08.27;20:18:50.8;0.06;0.06;48;48;93;99;23;305;210;252;25;3.03;3.03;3.03;3.03;-24;0;0;0;0;14.1;84;26;4.2;13;-;12;55;831;1828;0;4685.0;11.6;14.5;0;0;0;0;0;1;
2026.08.27;20:18:51.3;0.10;0.10;34;19;91;98;15;305;210;252;25;1.92;1.92;1.92;1.92;2;0;0;0;0;14.1;84;26;4.2;13;-;12;55;831;1125;0;1809.0;11.6;14.5;0;0;0;0;0;1;
2026.08.27;20:18:51.7;0.09;0.09;761;63;90;98;21;305;378;252;25;3.36;3.36;3.36;3.36;2;0;0;0;0;14.1;84;26;4.2;14;-;12;55;831;1125;11;1809.0;13.0;9.2;0;0;0;0;0;1;
2026.08.27;20:18:52.2;0.09;0.09;761;63;90;98;21;305;546;462;25;3.36;3.36;3.36;3.36;14;0;0;0;0;14.1;84;26;4.2;14;-;12;55;831;1178;11;2060.0;24.3;21.6;0;0;0;0;0;1;
2026.08.27;20:18:52.6;0.07;0.07;849;830;90;98;48;305;546;462;25;6.22;6.22;6.22;6.22;4;0;0;0;0;14.1;84;26;4.2;15;-;12;55;831;1224;18;2148.0;24.3;21.6;0;0;0;0;0;1;
2026.08.27;20:18:53.1;0.03;0.03;834;844;89;98;48;305;546;588;25;5.71;5.71;5.71;5.71;4;0;0;0;0;14.1;84;26;4.2;17;-;12;55;831;1224;19;2148.0;29.5;31.6;11;15;38;0;0;1;
2026.08.27;20:18:53.5;0.03;0.03;834;844;89;98;48;261;546;588;25;5.71;5.71;5.71;5.71;13;0;0;0;0;14.1;83;26;4.2;17;-;12;55;831;1411;19;3772.0;29.8;32.4;0;0;0;0;0;1;
2026.08.27;20:18:54.0;-0.03;-0.03;781;815;88;98;48;261;546;588;25;4.85;4.85;4.85;4.85;13;0;0;0;0;14.1;83;26;4.2;19;-;12;55;831;1587;19;4831.0;29.8;32.4;0;0;0;0;0;0;
2026.08.27;20:18:54.4;-0.03;-0.03;781;815;88;98;48;261;504;525;25;4.85;4.85;4.85;4.85;20;0;0;0;0;14.1;83;26;4.2;21;-;13;55;831;1587;20;4831.0;32.1;33.5;0;0;0;0;0;0;
2026.08.27;20:18:54.9;-0.00;-0.00;78;58;87;98;52;261;504;525;25;4.60;4.60;4.60;4.60;22;0;0;0;0;14.2;83;26;4.2;21;-;13;55;831;1754;20;2570.0;32.1;33.5;0;0;0;0;0;0;
2026.08.27;20:18:55.3;-0.01;-0.01;664;678;86;98;54;261;462;483;25;4.22;4.22;4.22;4.22;22;0;0;0;0;14.2;83;26;4.2;23;-;13;55;831;1914;20;3792.0;31.6;33.8;0;0;0;0;0;0;
2026.08.27;20:18:55.8;-0.01;-0.01;664;678;86;98;54;261;441;462;25;4.22;4.22;4.22;4.22;23;0;0;0;0;14.2;83;26;4.2;25;-;13;55;831;1914;20;3792.0;32.4;34.4;0;0;0;0;0;0;
2026.08.27;20:18:56.2;-0.00;-0.00;698;683;85;98;57;261;441;462;25;3.95;3.95;3.95;3.95;24;0;0;0;0;14.2;83;26;4.2;25;-;13;55;831;2020;20;4655.0;32.4;34.4;0;0;0;0;0;0;
2026.08.27;20:18:56.7;-0.00;-0.00;781;717;83;98;69;261;462;462;25;4.25;4.25;4.25;4.25;24;0;0;0;0;14.2;83;26;4.2;27;-;13;54;831;2020;22;4655.0;36.3;36.5;0;0;0;0;0;0;
2026.08.27;20:18:57.1;-0.00;-0.00;781;717;83;98;69;261;420;441;25;4.25;4.25;4.25;4.25;24;0;0;0;0;14.1;83;26;4.2;27;-;13;54;831;2186;22;3009.0;36.6;39.1;0;0;0;0;0;0;
2026.08.27;20:18:57.6;-0.00;-0.00;737;581;82;99;69;261;420;441;25;3.96;3.96;3.96;3.96;26;0;0;0;0;14.1;83;26;4.2;29;-;13;54;831;2329;22;4719.0;36.6;39.1;0;0;0;0;0;0;
2026.08.27;20:18:58.0;0.05;0.05;229;185;79;98;69;261;399;420;25;3.82;3.82;3.82;3.82;26;0;0;0;0;14.1;83;26;4.2;31;-;13;54;831;2329;22;4719.0;36.1;38.3;0;0;0;0;0;0;
2026.08.27;20:18:58.5;0.05;0.05;229;185;79;98;69;261;378;378;25;3.82;3.82;3.82;3.82;27;0;0;0;0;14.1;83;26;4.2;32;-;13;54;831;2472;22;3352.0;35.4;37.2;0;0;0;0;0;0;
2026.08.27;20:18:58.9;0.02;0.02;742;502;77;99;71;261;378;378;25;3.49;3.49;3.49;3.49;27;0;0;0;0;14.1;83;26;4.2;32;-;13;54;831;2592;22;3421.0;35.4;37.2;0;0;0;0;0;0;
2026.08.27;20:18:59.4;0.02;0.02;756;581;75;98;75;261;357;357;25;3.28;3.28;3.28;3.28;27;0;0;0;0;14.1;83;26;4.2;34;-;13;53;831;2592;21;3421.0;35.9;37.1;0;0;0;0;0;0;
2026.08.27;20:18:59.8;0.02;0.02;756;581;75;98;75;261;315;336;25;3.28;3.28;3.28;3.28;28;0;0;0;0;14.1;83;26;4.2;35;-;13;53;831;2681;20;3837.0;32.3;35.3;0;0;0;0;0;0;
2026.08.27;20:19:00.3;0.02;0.02;766;668;73;98;66;264;315;336;25;2.86;2.86;2.86;2.86;31;0;0;0;0;14.1;81;26;4.2;35;-;13;53;831;2770;20;4327.0;32.3;35.3;0;0;0;0;0;0;
2026.08.27;20:19:00.7;0.01;0.01;795;507;70;98;46;264;252;294;25;2.04;2.04;2.04;2.04;31;0;0;0;0;14.1;81;26;4.2;36;-;13;53;831;2770;16;4327.0;26.0;31.0;0;0;0;0;0;0;
2026.08.27;20:19:01.2;0.01;0.01;795;507;70;98;46;264;189;210;25;2.04;2.04;2.04;2.04;24;0;0;0;0;14.1;81;26;4.2;37;-;13;53;831;2803;12;5000.0;19.5;21.4;0;0;0;0;0;0;
2026.08.27;20:19:01.6;-0.02;-0.02;102;668;69;98;45;264;189;210;25;1.75;1.75;1.75;1.75;-12;0;0;0;0;14.1;81;26;4.2;37;-;13;53;831;2837;12;3306.0;19.5;21.4;0;0;0;0;0;0;
2026.08.27;20:19:02.1;0.00;0.00;4;4;65;98;0;264;189;231;25;0.00;0.00;0.00;0.00;-12;0;0;0;0;14.1;81;26;4.2;37;-;13;53;831;1953;0;5000.0;18.1;20.8;0;0;0;0;0;1;
2026.08.27;20:19:02.5;0.00;0.00;4;4;65;98;0;264;189;210;25;0.00;0.00;0.00;0.00;4;0;0;0;0;14.1;81;26;4.2;37;-;13;53;831;1953;0;5000.0;10.7;12.2;0;0;0;0;0;1;
2026.08.27;20:19:03.0;0.00;0.00;9;0;68;98;0;264;189;210;25;2.14;2.14;2.14;2.14;6;0;0;0;0;14.1;81;26;4.2;37;-;13;53;831;1268;0;2249.0;10.7;12.2;0;0;0;0;0;1;
2026.08.27;20:19:03.4;0.00;0.00;834;678;70;99;0;264;210;210;25;1.86;1.86;1.86;1.86;6;0;0;0;0;14.1;81;26;4.2;38;-;13;53;831;1268;0;2249.0;7.5;8.0;0;0;0;0;1;1;
2026.08.27;20:19:03.9;0.00;0.00;834;678;70;99;0;264;315;294;25;1.86;1.86;1.86;1.86;19;0;0;0;0;14.1;81;26;4.2;38;-;13;53;831;935;0;2561.0;9.3;8.8;0;0;0;0;1;1;
2026.08.27;20:19:04.4;-0.01;-0.01;732;805;71;100;4;264;315;294;25;2.46;2.46;2.46;2.46;19;0;0;0;0;14.1;81;26;4.2;35;-;11;53;831;832;0;2308.0;9.3;8.8;0;0;0;0;1;1;
2026.08.27;20:19:04.8;-0.01;-0.01;732;805;71;100;4;264;336;294;25;2.46;2.46;2.46;2.46;13;0;0;0;0;14.1;81;26;4.2;32;-;11;54;831;832;0;2308.0;9.9;9.0;0;0;0;0;1;0;
2026.08.27;20:19:05.3;-0.01;-0.01;693;688;70;98;5;264;336;294;25;2.71;2.71;2.71;2.71;3;0;0;0;0;14.0;81;26;4.2;32;-;11;54;831;832;0;1578.0;9.9;9.0;0;0;0;0;1;0;
2026.08.27;20:19:05.7;-0.01;-0.01;751;732;71;98;7;264;315;315;25;2.58;2.58;2.58;2.58;3;0;0;0;0;14.0;81;26;4.2;29;-;11;54;831;796;0;1803.0;9.1;8.8;0;0;0;0;0;0;
2026.08.27;20:19:06.2;-0.01;-0.01;751;732;71;98;7;264;315;315;25;2.58;2.58;2.58;2.58;-1;0;0;0;0;14.0;81;26;4.2;29;-;11;54;831;796;0;1803.0;8.4;8.6;0;0;0;0;0;0;
2026.08.27;20:19:06.6;0.00;0.00;97;546;73;100;7;264;315;315;25;2.62;2.62;2.62;2.62;1;0;0;0;0;14.0;81;26;4.2;29;-;11;54;831;763;0;1696.0;8.4;8.6;0;0;0;0;0;0;
2026.08.27;20:19:07.1;-0.01;-0.01;771;566;73;99;8;264;315;315;25;2.64;2.64;2.64;2.64;1;0;0;0;0;14.0;81;26;4.2;30;-;11;54;831;763;0;1696.0;8.4;8.4;0;0;0;0;1;0;
2026.08.27;20:19:07.5;-0.01;-0.01;771;566;73;99;8;321;336;336;25;2.64;2.64;2.64;2.64;2;0;0;0;0;14.0;81;26;4.2;29;-;11;54;831;749;0;2316.0;8.5;8.6;0;0;0;0;0;0;
2026.08.27;20:19:08.0;-0.02;-0.02;771;751;72;98;9;321;336;336;25;2.72;2.72;2.72;2.72;-1;0;0;0;0;14.0;81;26;4.2;29;-;11;54;831;762;0;1744.0;8.5;8.6;0;0;0;0;0;0;
2026.08.27;20:19:08.4;-0.03;-0.03;791;776;73;99;9;321;315;336;25;2.66;2.66;2.66;2.66;-1;0;0;0;0;14.0;81;26;4.2;29;-;11;54;831;762;0;1744.0;8.2;8.6;0;0;0;0;0;0;
2026.08.27;20:19:08.9;-0.03;-0.03;791;776;73;99;9;321;336;336;25;2.66;2.66;2.66;2.66;-3;0;0;0;0;14.0;81;26;4.2;30;-;15;54;831;754;0;1532.0;8.2;8.4;0;0;0;0;0;0;
2026.08.27;20:19:09.3;-0.05;-0.05;791;791;74;99;10;321;336;336;25;2.58;2.58;2.58;2.58;0;0;0;0;0;14.2;81;26;4.2;30;-;15;54;831;749;0;1527.0;8.2;8.4;0;0;0;0;0;0;
2026.08.27;20:19:09.8;-0.08;-0.08;722;776;74;99;10;321;336;336;25;2.49;2.49;2.49;2.49;0;0;0;0;0;14.2;81;26;4.2;30;-;15;54;831;749;0;1527.0;8.4;8.4;0;0;0;0;0;0;
2026.08.27;20:19:10.2;-0.08;-0.08;722;776;74;99;10;321;336;336;25;2.49;2.49;2.49;2.49;-1;0;0;0;0;14.2;81;26;4.2;30;-;15;54;831;749;0;1638.0;8.4;8.4;0;0;0;0;0;0;
2026.08.27;20:19:10.7;-0.04;-0.04;78;200;74;98;10;321;336;336;25;2.57;2.57;2.57;2.57;-1;0;0;0;0;14.2;81;26;4.2;30;-;15;54;831;753;0;2350.0;8.4;8.4;0;0;0;0;0;0;
2026.08.27;20:19:11.1;-0.05;-0.05;737;146;74;98;11;321;315;336;25;2.54;2.54;2.54;2.54;-1;0;0;0;0;14.2;81;26;4.2;31;-;15;54;831;753;0;2350.0;8.3;8.4;0;0;0;0;0;0;
2026.08.27;20:19:11.6;-0.05;-0.05;737;146;74;98;11;321;315;336;25;2.54;2.54;2.54;2.54;-2;0;0;0;0;14.1;81;26;4.2;31;-;15;54;831;750;0;1588.0;8.4;8.4;0;0;0;0;0;0;
2026.08.27;20:19:12.0;-0.06;-0.06;712;732;75;99;12;321;315;336;25;2.53;2.53;2.53;2.53;-2;0;0;0;0;14.1;81;26;4.2;31;-;15;54;831;743;0;1547.0;8.4;8.4;0;0;0;0;0;0;
2026.08.27;20:19:12.5;-0.06;-0.06;712;732;75;99;12;321;336;336;25;2.53;2.53;2.53;2.53;0;0;0;0;0;14.1;81;26;4.2;32;-;15;54;831;743;0;1547.0;8.4;8.4;0;0;0;0;0;0;
2026.08.27;20:19:12.9;-0.04;-0.04;117;551;75;98;12;321;315;336;25;2.58;2.58;2.58;2.58;-2;0;0;0;0;14.1;81;26;4.2;32;-;15;55;831;754;0;1491.0;8.2;8.4;0;0;0;0;0;0;
2026.08.27;20:19:13.4;-0.06;-0.06;722;224;75;98;12;321;315;336;25;2.54;2.54;2.54;2.54;-2;0;0;0;0;14.1;81;26;4.2;32;-;15;55;831;751;0;1989.0;8.2;8.4;0;0;0;0;0;0;
2026.08.27;20:19:13.8;-0.06;-0.06;722;224;75;98;12;321;315;336;25;2.54;2.54;2.54;2.54;-2;0;0;0;0;14.1;81;26;4.2;32;-;15;55;831;751;0;1989.0;8.2;8.4;0;0;0;0;0;0;
2026.08.27;20:19:14.3;-0.05;-0.05;327;698;76;98;11;317;315;336;25;2.54;2.54;2.54;2.54;-2;0;0;0;0;14.1;82;26;4.2;33;-;13;55;831;744;0;2280.0;8.2;8.4;0;0;0;0;0;0;
2026.08.27;20:19:14.7;-0.04;-0.04;102;83;76;98;10;317;336;336;25;2.54;2.54;2.54;2.54;2;0;0;0;0;14.1;82;26;4.2;34;-;13;55;831;744;0;2280.0;8.4;8.5;0;0;0;0;0;0;
2026.08.27;20:19:15.2;-0.04;-0.04;102;83;76;98;10;317;336;336;25;2.54;2.54;2.54;2.54;-1;0;0;0;0;14.1;82;26;4.2;34;-;13;55;831;753;0;1579.0;8.4;8.5;0;0;0;0;0;0;
2026.08.27;20:19:15.6;-0.05;-0.05;664;151;77;99;10;317;336;336;25;2.55;2.55;2.55;2.55;-1;0;0;0;0;14.1;82;26;4.2;34;-;13;55;831;742;0;2731.0;8.4;8.5;0;0;0;0;0;0;
2026.08.27;20:19:16.1;-0.05;-0.05;664;151;77;99;10;317;336;336;25;2.55;2.55;2.55;2.55;0;0;0;0;0;14.1;82;26;4.2;35;-;13;55;831;742;0;2731.0;8.6;8.8;0;0;0;0;1;0;
2026.08.27;20:19:16.5;-0.04;-0.04;97;185;77;98;10;317;336;336;25;2.69;2.69;2.69;2.69;-4;0;0;0;0;14.1;82;26;4.2;35;-;13;55;831;758;0;1483.0;8.6;8.8;0;0;0;0;1;0;
2026.08.27;20:19:17.0;-0.05;-0.05;708;141;78;98;9;317;336;357;25;2.67;2.67;2.67;2.67;-4;0;0;0;0;14.1;82;26;4.2;34;-;13;55;831;758;0;1483.0;8.6;9.0;0;0;0;0;1;0;
2026.08.27;20:19:17.4;-0.05;-0.05;708;141;78;98;9;317;336;336;25;2.67;2.67;2.67;2.67;0;0;0;0;0;14.1;82;26;4.2;34;-;13;55;831;747;0;1933.0;8.6;8.7;0;0;0;0;1;0;
2026.08.27;20:19:17.9;-0.05;-0.05;678;722;77;98;9;317;336;336;25;2.61;2.61;2.61;2.61;1;0;0;0;0;14.0;82;26;4.2;32;-;13;55;831;747;0;1687.0;8.6;8.7;0;0;0;0;1;0;
2026.08.27;20:19:18.3;-0.04;-0.04;83;92;77;97;8;317;336;336;25;2.68;2.68;2.68;2.68;1;0;0;0;0;14.0;82;26;4.2;30;-;13;55;831;747;0;1687.0;8.7;8.8;0;0;0;0;1;0;
2026.08.27;20:19:18.8;-0.04;-0.04;83;92;77;97;8;317;336;336;25;2.68;2.68;2.68;2.68;1;0;0;0;0;14.0;82;26;4.2;30;-;13;55;831;750;0;1919.0;8.7;9.0;0;0;0;0;1;0;
2026.08.27;20:19:19.2;-0.03;-0.03;229;102;79;98;8;317;336;336;25;2.70;2.70;2.70;2.70;1;0;0;0;0;14.0;82;26;4.2;29;-;12;55;831;753;0;1684.0;8.7;9.0;0;0;0;0;1;0;
2026.08.27;20:19:19.7;-0.03;-0.03;229;102;79;98;8;317;336;336;25;2.70;2.70;2.70;2.70;-1;0;0;0;0;14.0;82;26;4.2;28;-;12;55;831;753;0;1684.0;8.5;8.7;0;0;0;0;1;0;
2026.08.27;20:19:20.1;-0.05;-0.05;566;698;78;98;7;317;336;336;25;2.64;2.64;2.64;2.64;1;0;0;0;0;14.0;82;26;4.2;28;-;12;55;831;745;0;1434.0;8.8;8.7;0;0;0;0;1;0;
2026.08.27;20:19:20.6;-0.03;-0.03;102;83;79;98;6;317;336;336;25;2.71;2.71;2.71;2.71;1;0;0;0;0;14.0;82;26;4.2;26;-;12;55;831;754;0;1591.0;8.8;8.7;0;0;0;0;1;1;
2026.08.27;20:19:21.0;-0.03;-0.03;102;83;79;98;6;317;336;357;25;2.71;2.71;2.71;2.71;-2;0;0;0;0;14.0;82;26;4.2;25;-;12;55;831;754;0;1591.0;8.7;8.8;0;0;0;0;1;1;
2026.08.27;20:19:21.5;-0.05;-0.05;708;659;79;98;5;334;336;336;25;2.67;2.67;2.67;2.67;-3;0;0;0;0;14.0;83;26;4.2;25;-;12;55;831;750;0;1911.0;8.7;8.7;0;0;0;0;1;1;
2026.08.27;20:19:21.9;-0.03;-0.03;87;92;80;98;4;334;336;336;25;2.75;2.75;2.75;2.75;-3;0;0;0;0;14.0;83;26;4.2;23;-;12;55;831;745;0;2358.0;8.7;8.7;0;0;0;0;1;1;
2026.08.27;20:19:22.4;-0.02;-0.02;102;92;80;98;0;334;357;357;25;2.87;2.87;2.87;2.87;3;0;0;0;0;14.0;83;26;4.2;23;-;12;55;831;745;0;2358.0;9.2;9.2;0;0;0;0;1;1;
2026.08.27;20:19:22.8;-0.02;-0.02;102;92;80;98;0;334;336;357;25;2.87;2.87;2.87;2.87;-3;0;0;0;0;14.0;83;26;4.2;23;-;12;55;831;754;0;2421.0;8.8;9.1;0;0;0;0;1;1;
2026.08.27;20:19:23.3;-0.02;-0.02;126;107;80;98;0;334;336;357;25;2.83;2.83;2.83;2.83;-3;0;0;0;0;14.0;83;26;4.2;23;-;12;55;831;756;0;1578.0;8.8;9.1;0;0;0;0;1;1;
2026.08.27;20:19:23.7;-0.02;-0.02;126;107;80;98;0;334;336;336;25;2.83;2.83;2.83;2.83;-1;0;0;0;0;14.0;83;26;4.2;21;-;15;55;831;756;0;1578.0;8.6;8.8;0;0;0;0;1;1;
2026.08.27;20:19:24.2;-0.06;-0.06;732;659;81;99;0;334;336;336;25;2.69;2.69;2.69;2.69;1;0;0;0;0;14.0;83;26;4.2;21;-;15;55;831;738;0;2248.0;8.6;8.8;0;0;0;0;1;1;
2026.08.27;20:19:24.6;-0.04;-0.04;73;68;79;97;4;334;357;357;25;2.77;2.77;2.77;2.77;1;0;0;0;0;14.0;83;26;4.2;21;-;15;55;831;748;0;1558.0;9.2;9.0;0;0;0;0;1;1;
2026.08.27;20:19:25.1;-0.04;-0.04;73;68;79;97;4;334;357;357;25;2.77;2.77;2.77;2.77;-2;0;0;0;0;14.0;83;26;4.2;22;-;15;55;831;748;0;1558.0;9.0;9.0;0;0;0;0;0;1;
2026.08.27;20:19:25.5;-0.03;-0.03;83;73;80;98;5;334;357;357;25;2.79;2.79;2.79;2.79;1;0;0;0;0;14.0;83;26;4.2;22;-;15;55;831;756;0;2340.0;9.0;9.0;0;0;0;0;0;1;
2026.08.27;20:19:26.0;-0.03;-0.03;102;97;82;99;6;334;357;357;25;2.88;2.88;2.88;2.88;1;0;0;0;0;14.0;83;26;4.2;22;-;15;55;831;756;0;2340.0;9.1;9.2;0;0;0;0;1;1;
2026.08.27;20:19:26.4;-0.03;-0.03;102;97;82;99;6;334;357;357;25;2.88;2.88;2.88;2.88;-2;0;0;0;0;14.0;83;26;4.2;22;-;15;55;831;753;0;2235.0;9.0;9.1;0;0;0;0;1;1;
2026.08.27;20:19:26.9;-0.05;-0.05;644;126;82;99;7;334;357;357;25;2.73;2.73;2.73;2.73;-2;0;0;0;0;14.0;83;26;4.2;22;-;15;55;831;757;0;1544.0;9.0;9.1;0;0;0;0;1;1;
2026.08.27;20:19:27.3;-0.06;-0.06;688;732;82;99;8;334;336;357;25;2.70;2.70;2.70;2.70;-2;0;0;0;0;14.0;83;26;4.2;22;-;15;55;831;757;0;1544.0;8.7;9.0;0;0;0;0;1;1;
2026.08.27;20:19:27.8;-0.06;-0.06;688;732;82;99;8;334;336;357;25;2.70;2.70;2.70;2.70;0;0;0;0;0;14.0;83;26;4.2;21;-;15;55;831;746;0;1452.0;8.8;9.0;0;0;0;0;1;1;
2026.08.27;20:19:28.2;-0.04;-0.04;83;73;81;98;8;343;336;357;25;2.74;2.74;2.74;2.74;0;0;0;0;0;14.0;84;26;4.2;21;-;15;55;831;752;0;2493.0;8.8;9.0;0;0;0;0;1;1;
2026.08.27;20:19:28.7;-0.03;-0.03;126;102;82;98;9;343;336;336;25;2.71;2.71;2.71;2.71;0;0;0;0;0;14.0;84;26;4.2;20;-;14;55;831;752;0;2493.0;8.7;8.7;0;0;0;0;1;1;
2026.08.27;20:19:29.1;-0.03;-0.03;126;102;82;98;9;343;336;357;25;2.71;2.71;2.71;2.71;0;0;0;0;0;14.0;84;26;4.2;18;-;14;55;831;748;0;2182.0;8.7;8.8;0;0;0;0;1;1;
2026.08.27;20:19:29.6;-0.05;-0.05;693;590;82;99;9;343;336;357;25;2.67;2.67;2.67;2.67;-1;0;0;0;0;14.0;84;26;4.2;18;-;14;55;831;749;0;1773.0;8.7;8.8;0;0;0;0;1;1;
2026.08.27;20:19:30.0;-0.03;-0.03;92;97;81;97;10;343;336;357;25;2.70;2.70;2.70;2.70;-1;0;0;0;0;14.0;84;26;4.2;18;-;14;55;831;749;0;1773.0;8.7;8.9;0;0;0;0;1;1;
2026.08.27;20:19:30.5;-0.03;-0.03;92;97;81;97;10;343;357;357;25;2.70;2.70;2.70;2.70;-2;0;0;0;0;14.1;84;26;4.2;18;-;14;55;831;747;0;1529.0;8.9;8.9;0;0;0;0;1;1;
2026.08.27;20:19:30.9;-0.02;-0.02;498;126;82;98;10;343;357;357;25;2.74;2.74;2.74;2.74;-2;0;0;0;0;14.1;84;26;4.2;17;-;14;55;831;754;0;1612.0;8.9;8.9;0;0;0;0;1;1;
2026.08.27;20:19:31.4;-0.02;-0.02;498;126;82;98;10;343;336;357;25;2.74;2.74;2.74;2.74;-2;0;0;0;0;14.1;84;26;4.2;17;-;14;55;831;754;0;1612.0;8.7;8.9;0;0;0;0;1;1;
2026.08.27;20:19:31.8;-0.03;-0.03;107;639;82;98;10;343;336;357;25;2.69;2.69;2.69;2.69;-2;0;0;0;0;14.1;85;27;4.2;17;-;14;55;831;747;0;1676.0;8.7;8.9;0;0;0;0;1;1;
2026.08.27;20:19:32.3;-0.02;-0.02;141;87;81;97;11;343;336;357;25;2.67;2.67;2.67;2.67;-2;0;0;0;0;14.1;85;27;4.2;17;-;14;55;831;747;0;1676.0;8.8;8.8;0;0;0;0;1;1;
2026.08.27;20:19:32.8;-0.02;-0.02;141;87;81;97;11;343;336;357;25;2.67;2.67;2.67;2.67;1;0;0;0;0;13.9;85;27;4.2;17;-;14;55;831;749;0;2307.0;8.8;8.9;0;0;0;0;1;1;
2026.08.27;20:19:33.2;-0.02;-0.02;175;649;83;97;12;343;336;357;25;2.67;2.67;2.67;2.67;1;0;0;0;0;13.9;85;27;4.2;17;-;14;55;831;750;0;1541.0;8.8;8.9;0;0;0;0;1;1;
2026.08.27;20:19:33.7;-0.02;-0.02;175;649;83;97;12;343;357;357;25;2.67;2.67;2.67;2.67;1;0;0;0;0;13.9;85;27;4.2;17;-;13;55;831;750;0;1541.0;9.1;8.9;0;0;0;0;0;1;
2026.08.27;20:19:34.1;-0.02;-0.02;92;78;82;96;12;343;357;357;25;2.69;2.69;2.69;2.69;-4;0;0;0;0;13.9;85;27;4.2;17;-;13;55;831;752;0;2044.0;9.1;8.9;0;0;0;0;0;1;
2026.08.27;20:19:34.6;-0.01;-0.01;112;102;82;97;12;343;336;357;25;2.58;2.58;2.58;2.58;-4;0;0;0;0;13.9;85;27;4.2;18;-;13;55;831;752;0;2044.0;8.4;8.9;0;0;0;0;0;1;
2026.08.27;20:19:35.0;-0.01;-0.01;112;102;82;97;12;343;336;336;25;2.58;2.58;2.58;2.58;-2;0;0;0;0;14.1;85;27;4.2;18;-;13;55;831;750;0;1814.0;8.4;8.6;0;0;0;0;0;1;
2026.08.27;20:19:35.5;0.01;0.01;141;122;83;97;12;327;336;336;25;2.62;2.62;2.62;2.62;-2;0;0;0;0;14.1;85;27;4.2;18;-;13;55;831;747;0;2275.0;8.4;8.6;0;0;0;0;0;1;
2026.08.27;20:19:35.9;-0.03;-0.03;737;664;82;97;13;327;336;336;25;2.49;2.49;2.49;2.49;-2;0;0;0;0;14.1;85;27;4.2;18;-;13;55;831;747;0;2275.0;8.4;8.5;0;0;0;0;0;1;
2026.08.27;20:19:36.4;-0.03;-0.03;737;664;82;97;13;327;336;336;25;2.49;2.49;2.49;2.49;-2;0;0;0;0;14.1;85;27;4.2;18;-;13;55;831;749;0;1608.0;8.6;8.6;0;0;0;0;0;1;
2026.08.27;20:19:36.8;-0.01;-0.01;78;78;83;97;13;327;336;336;25;2.52;2.52;2.52;2.52;-2;0;0;0;0;14.1;85;27;4.2;19;-;13;55;831;749;0;1653.0;8.6;8.6;0;0;0;0;0;1;
2026.08.27;20:19:37.3;-0.01;-0.01;78;78;83;97;13;327;336;336;25;2.52;2.52;2.52;2.52;-1;0;0;0;0;14.1;85;27;4.2;19;-;13;55;831;749;2;1653.0;8.4;8.5;0;0;0;0;0;1;
2026.08.27;20:19:37.7;-0.00;-0.00;78;73;83;98;17;327;336;336;25;2.72;2.72;2.72;2.72;7;0;0;0;0;14.1;85;27;4.2;19;-;13;55;831;813;2;1824.0;8.4;8.5;0;0;0;0;0;1;
2026.08.27;20:19:38.2;0.04;0.04;92;83;83;97;22;327;441;399;25;3.18;3.18;3.18;3.18;7;0;0;0;0;14.1;85;27;4.2;19;-;13;55;831;1598;7;2988.0;15.6;14.5;0;0;0;0;0;1;
2026.08.27;20:19:38.6;0.04;0.04;92;83;83;97;22;327;273;294;25;3.18;3.18;3.18;3.18;20;0;0;0;0;14.1;85;27;4.2;20;-;13;55;831;1598;7;2988.0;14.6;16.3;0;0;0;0;0;1;
2026.08.27;20:19:39.1;0.15;0.15;68;58;82;96;21;327;273;294;25;2.51;2.51;2.51;2.51;27;0;0;0;0;14.1;85;27;4.2;20;-;13;55;831;1548;7;2876.0;14.6;16.3;0;0;0;0;0;1;
2026.08.27;20:19:39.5;0.14;0.14;781;727;83;97;20;327;231;273;25;2.28;2.28;2.28;2.28;27;0;0;0;0;14.1;85;27;4.2;21;-;13;55;831;1548;6;2876.0;13.4;15.3;0;0;0;0;0;0;
2026.08.27;20:19:40.0;0.14;0.14;781;727;83;97;20;327;210;231;25;2.28;2.28;2.28;2.28;17;0;0;0;0;14.1;85;27;4.2;21;-;13;54;831;1616;6;2418.0;11.3;13.2;0;0;0;0;0;0;
2026.08.27;20:19:40.4;0.12;0.12;795;795;83;96;18;327;210;231;25;1.86;1.86;1.86;1.86;7;0;0;0;0;14.1;85;27;4.2;21;-;13;54;831;1636;2;3463.0;11.3;13.2;0;0;0;0;0;0;
2026.08.27;20:19:40.9;0.12;0.12;53;78;82;96;19;327;210;210;25;1.81;1.81;1.81;1.81;7;0;0;0;0;14.1;85;27;4.2;21;-;13;54;831;1636;0;3463.0;11.5;12.5;0;0;0;0;0;0;
2026.08.27;20:19:41.3;0.12;0.12;53;78;82;96;19;327;210;210;25;1.81;1.81;1.81;1.81;-15;0;0;0;0;14.0;85;27;4.2;21;-;13;54;831;1616;0;2696.0;11.2;12.3;0;0;0;0;0;0;
2026.08.27;20:19:41.8;0.00;0.00;14;29;81;96;0;327;210;210;25;0.00;0.00;0.00;0.00;-15;0;0;0;0;14.0;85;27;4.2;21;-;13;54;831;1585;0;2845.0;11.2;12.3;0;0;0;0;0;0;
2026.08.27;20:19:42.2;0.00;0.00;14;29;81;96;0;327;210;210;25;0.00;0.00;0.00;0.00;-16;0;0;0;0;14.0;85;27;4.2;21;-;13;54;831;1585;0;2845.0;11.0;12.0;0;0;0;0;0;0;
2026.08.27;20:19:42.7;0.00;0.00;0;0;82;96;0;203;210;210;25;0.00;0.00;0.00;0.00;-16;0;0;0;0;14.0;83;27;4.2;20;-;13;54;831;1537;0;4436.0;11.0;12.0;0;0;0;0;0;0;
2026.08.27;20:19:43.1;0.00;0.00;0;0;84;97;0;203;210;210;25;0.00;0.00;0.00;0.00;6;0;0;0;0;14.0;83;27;4.2;19;-;13;54;831;1537;0;4436.0;10.7;11.3;0;0;0;0;0;0;
2026.08.27;20:19:43.6;0.00;0.00;0;0;84;97;0;203;210;210;25;0.00;0.00;0.00;0.00;4;0;0;0;0;14.1;83;27;4.2;19;-;13;54;831;1494;0;3371.0;10.4;10.9;0;0;0;0;0;0;
2026.08.27;20:19:44.0;0.00;0.00;0;0;85;96;0;203;210;210;25;0.00;0.00;0.00;0.00;4;0;0;0;0;14.1;83;27;4.2;19;-;13;54;831;1470;0;2176.0;10.4;10.9;0;0;0;0;0;0;
2026.08.27;20:19:44.5;0.00;0.00;0;0;87;96;0;203;210;210;25;0.00;0.00;0.00;0.00;5;0;0;0;0;14.1;83;27;4.2;19;-;13;54;831;1470;0;2176.0;10.1;10.6;0;0;0;0;0;0;
2026.08.27;20:19:44.9;0.00;0.00;0;0;87;96;0;203;210;210;25;0.00;0.00;0.00;0.00;4;0;0;0;0;14.1;83;27;4.2;19;-;13;54;831;1450;0;4125.0;9.7;10.4;0;0;0;0;0;0;
2026.08.27;20:19:45.4;0.00;0.00;0;0;88;96;0;203;210;210;25;0.00;0.00;0.00;0.00;4;0;0;0;0;14.1;83;27;4.2;18;-;13;54;831;1406;0;4197.0;9.7;10.4;0;0;0;0;0;0;
2026.08.27;20:19:45.8;0.00;0.00;0;0;88;96;0;203;210;210;25;0.00;0.00;0.00;0.00;5;0;0;0;0;14.1;83;27;4.2;18;-;13;54;831;1406;0;4197.0;9.5;9.8;0;0;0;0;1;0;
2026.08.27;20:19:46.3;0.00;0.00;0;0;89;97;0;203;210;210;25;0.00;0.00;0.00;0.00;-17;0;0;0;0;14.1;81;26;4.2;18;-;13;54;831;1351;0;2799.0;9.1;9.3;0;0;0;0;1;0;
2026.08.27;20:19:46.7;0.00;0.00;58;0;90;97;0;203;210;210;25;2.16;2.16;2.16;2.16;-17;0;0;0;0;14.1;81;26;4.2;17;-;13;54;831;1276;0;3564.0;9.1;9.3;0;0;0;0;1;0;
2026.08.27;20:19:47.2;0.00;0.00;58;0;90;97;0;203;210;210;25;2.16;2.16;2.16;2.16;6;0;0;0;0;14.1;81;26;4.2;17;-;13;54;831;1276;0;3564.0;8.6;8.8;0;0;0;0;0;0;
2026.08.27;20:19:47.6;-0.02;-0.02;229;791;89;97;0;203;210;210;25;1.59;1.59;1.59;1.59;6;0;0;0;0;14.1;81;26;4.2;17;-;13;54;831;1260;0;2868.0;8.6;8.8;0;0;0;0;0;0;
2026.08.27;20:19:48.1;0.03;0.03;34;24;88;96;3;203;210;210;25;2.22;2.22;2.22;2.22;6;0;0;0;0;14.1;81;26;4.2;16;-;13;54;831;1264;5;3416.0;8.4;8.6;0;0;0;0;0;0;
2026.08.27;20:19:48.5;0.03;0.03;34;24;88;96;3;203;294;294;25;2.22;2.22;2.22;2.22;23;0;0;0;0;14.1;81;26;4.2;16;-;14;54;831;1264;8;3416.0;13.7;12.9;0;0;0;0;0;0;
2026.08.27;20:19:49.0;0.06;0.06;48;34;89;97;5;203;294;294;25;2.83;2.83;2.83;2.83;19;0;0;0;0;14.1;81;26;4.2;16;-;14;54;831;1294;8;3668.0;13.7;12.9;0;0;0;0;0;0;
2026.08.27;20:19:49.4;0.10;0.10;180;73;88;96;6;203;294;294;25;2.80;2.80;2.80;2.80;19;0;0;0;0;14.1;81;26;4.2;17;-;14;54;831;1294;8;3668.0;13.6;13.6;0;0;0;0;0;0;
2026.08.27;20:19:49.9;0.10;0.10;180;73;88;96;6;197;294;294;25;2.80;2.80;2.80;2.80;21;0;0;0;0;14.1;80;25;4.2;17;-;14;54;831;1350;8;2137.0;14.0;14.2;0;0;0;0;0;0;
2026.08.27;20:19:50.3;0.05;0.05;463;698;88;96;8;197;294;294;25;2.56;2.56;2.56;2.56;21;0;0;0;0;14.1;80;25;4.2;18;-;14;54;831;1391;8;3345.0;14.0;14.2;0;0;0;0;0;0;
2026.08.27;20:19:50.8;0.05;0.05;463;698;88;96;8;197;315;315;25;2.56;2.56;2.56;2.56;20;0;0;0;0;14.1;80;25;4.2;18;-;14;54;831;1391;13;3345.0;16.1;15.8;0;0;0;0;0;0;
2026.08.27;20:19:51.2;0.10;0.10;214;92;89;97;10;197;315;315;25;3.41;3.41;3.41;3.41;21;0;0;0;0;14.1;80;25;4.2;18;-;14;54;831;1450;13;2125.0;16.1;15.8;0;0;0;0;0;0;
2026.08.27;20:19:51.7;0.05;0.05;781;776;89;96;12;197;378;378;25;3.48;3.48;3.48;3.48;21;0;0;0;0;14.1;80;25;4.2;19;-;14;54;831;1450;14;2125.0;20.2;20.2;0;0;0;0;0;0;
2026.08.27;20:19:52.1;0.05;0.05;781;776;89;96;12;197;231;357;25;3.48;3.48;3.48;3.48;3;0;0;0;0;14.2;80;25;4.2;20;-;14;54;831;1514;0;2465.0;12.6;18.9;0;0;0;0;0;0;
2026.08.27;20:19:52.6;0.04;0.04;73;649;88;96;9;197;231;357;25;1.97;1.97;1.97;1.97;21;0;0;0;0;14.2;80;25;4.2;20;-;14;54;831;1581;0;3780.0;12.6;18.9;0;0;0;0;0;0;
2026.08.27;20:19:53.0;0.00;0.00;288;102;87;97;0;197;210;210;25;2.37;2.37;2.37;2.37;21;0;0;0;0;14.2;80;25;4.2;20;-;14;54;831;1581;0;3780.0;11.4;12.1;0;0;0;0;1;0;
2026.08.27;20:19:53.5;0.00;0.00;288;102;87;97;0;197;210;210;25;2.37;2.37;2.37;2.37;2;0;0;0;0;14.2;80;25;4.2;19;-;11;54;831;1396;0;3629.0;8.8;9.2;0;0;0;0;1;1;
2026.08.27;20:19:53.9;0.00;0.00;810;53;87;97;0;197;210;210;25;1.77;1.77;1.77;1.77;30;0;0;0;0;14.0;80;25;4.2;19;-;11;54;831;1016;0;2018.0;8.8;9.2;0;0;0;0;1;1;
2026.08.27;20:19:54.4;-0.00;-0.00;795;815;87;97;3;197;315;252;25;2.62;2.62;2.62;2.62;30;0;0;0;0;14.0;80;25;4.2;16;-;11;54;831;1016;0;2018.0;9.9;7.8;0;0;0;0;1;1;
2026.08.27;20:19:54.8;-0.00;-0.00;795;815;87;97;3;197;357;336;25;2.62;2.62;2.62;2.62;-1;0;0;0;0;14.0;80;25;4.2;16;-;11;54;831;828;0;2090.0;9.9;9.5;0;0;0;0;1;1;
2026.08.27;20:19:55.3;-0.01;-0.01;751;761;87;97;4;197;357;336;25;2.82;2.82;2.82;2.82;-3;0;0;0;0;14.0;80;25;4.2;11;-;11;54;831;803;0;1786.0;9.9;9.5;0;0;0;0;1;1;
2026.08.27;20:19:55.7;-0.01;-0.01;751;761;87;97;4;197;336;336;25;2.82;2.82;2.82;2.82;-3;0;0;0;0;14.0;80;25;4.2;6;-;11;54;831;803;0;1786.0;9.1;9.1;0;0;0;0;1;1;
2026.08.27;20:19:56.2;-0.02;-0.02;800;810;87;97;5;197;357;336;25;2.64;2.64;2.64;2.64;-2;0;0;0;0;14.0;80;25;4.2;6;-;11;54;831;771;0;1555.0;9.0;8.6;0;0;0;0;1;1;
2026.08.27;20:19:56.6;-0.05;-0.05;747;805;88;98;6;259;357;336;25;2.57;2.57;2.57;2.57;-2;0;0;0;0;14.0;80;25;4.2;1;-;11;54;831;758;0;2031.0;9.0;8.6;0;0;0;0;1;1;
2026.08.27;20:19:57.1;-0.05;-0.05;747;805;88;98;6;259;336;336;25;2.57;2.57;2.57;2.57;0;0;0;0;0;14.0;80;25;4.2;0;-;11;54;831;758;0;2031.0;8.8;8.6;0;0;0;0;1;1;
2026.08.27;20:19:57.5;-0.02;-0.02;87;693;87;96;7;259;336;336;25;2.66;2.66;2.66;2.66;-2;0;0;0;0;14.0;80;25;4.2;0;-;11;54;831;759;0;1568.0;8.8;8.6;0;0;0;0;1;1;
2026.08.27;20:19:58.0;-0.03;-0.03;737;249;87;96;8;259;357;336;25;2.76;2.76;2.76;2.76;-2;0;0;0;0;14.0;80;25;4.2;0;-;11;54;831;759;0;1568.0;9.3;8.8;0;0;0;0;1;1;
2026.08.27;20:19:58.4;-0.03;-0.03;737;249;87;96;8;259;378;357;25;2.76;2.76;2.76;2.76;-5;0;0;0;0;14.1;80;25;4.2;0;-;11;54;831;749;0;2307.0;9.5;9.3;0;0;0;0;1;1;
2026.08.27;20:19:58.9;-0.04;-0.04;708;737;89;98;9;259;378;357;25;2.89;2.89;2.89;2.89;-5;0;0;0;0;14.1;80;25;4.2;0;-;11;54;831;745;0;1554.0;9.5;9.3;0;0;0;0;1;1;
2026.08.27;20:19:59.3;-0.04;-0.04;668;698;87;97;10;259;378;357;25;2.89;2.89;2.89;2.89;-5;0;0;0;0;14.1;80;25;4.2;0;-;11;54;831;745;0;1554.0;9.8;9.6;0;0;0;0;1;1;
2026.08.27;20:19:59.8;-0.04;-0.04;668;698;87;97;10;259;399;378;25;2.89;2.89;2.89;2.89;-7;0;0;0;0;14.1;80;25;4.2;0;-;11;54;831;735;0;1575.0;10.1;9.9;0;0;0;0;1;1;
2026.08.27;20:20:00.3;0.01;0.01;117;527;88;97;10;259;399;378;25;3.13;3.13;3.13;3.13;-8;0;0;0;0;14.1;80;25;4.2;0;-;11;54;831;755;0;1672.0;10.1;9.9;0;0;0;0;1;1;
2026.08.27;20:20:00.7;-0.01;-0.01;766;698;87;97;10;259;378;378;25;2.99;2.99;2.99;2.99;-8;0;0;0;0;14.1;80;25;4.2;0;-;11;54;831;751;0;1853.0;9.8;9.9;0;0;0;0;1;0;
2026.08.27;20:20:01.2;-0.01;-0.01;766;698;87;97;10;259;357;357;25;2.99;2.99;2.99;2.99;-6;0;0;0;0;14.1;80;25;4.2;0;-;11;54;831;751;0;1853.0;8.9;9.2;0;0;0;0;1;0;
2026.08.27;20:20:01.6;-0.02;-0.02;742;771;87;96;10;259;357;357;25;2.71;2.71;2.71;2.71;-2;0;0;0;0;14.1;80;25;4.2;0;-;11;54;831;760;0;1708.0;8.9;9.2;0;0;0;0;1;0;
2026.08.27;20:20:02.1;-0.02;-0.02;673;737;87;97;11;259;336;357;25;2.66;2.66;2.66;2.66;-2;0;0;0;0;14.1;80;25;4.2;0;-;11;54;831;760;0;1708.0;8.7;9.0;0;0;0;0;1;1;
2026.08.27;20:20:02.5;-0.02;-0.02;673;737;87;97;11;259;588;357;25;2.66;2.66;2.66;2.66;-3;0;0;0;0;14.0;80;25;4.2;0;-;11;54;831;756;0;1705.0;16.0;9.0;0;0;0;0;1;1;
2026.08.27;20:20:03.0;0.04;0.04;249;122;87;97;99;259;588;357;25;8.26;8.26;8.26;8.26;21;0;0;0;0;14.0;80;25;4.2;0;-;11;54;831;1946;8;5000.0;16.0;9.0;0;0;0;0;0;1;
2026.08.27;20:20:03.4;0.03;0.03;53;63;85;96;25;259;336;336;25;4.13;4.13;4.13;4.13;21;0;0;0;0;14.0;80;25;4.2;1;-;13;54;831;1946;18;5000.0;23.6;24.3;0;0;0;0;0;1;
2026.08.27;20:20:03.9;0.03;0.03;53;63;85;96;25;307;504;546;25;4.13;4.13;4.13;4.13;9;0;0;0;0;14.0;81;25;4.2;1;-;13;54;844;1506;18;4678.0;29.5;31.1;0;0;0;0;0;1;
2026.08.27;20:20:04.3;0.01;0.01;761;756;85;96;21;307;504;546;25;3.76;3.76;3.76;3.76;9;0;0;0;0;13.9;81;25;4.2;5;-;13;54;844;1203;13;2712.0;29.5;31.1;0;0;0;0;0;1;
2026.08.27;20:20:04.8;0.03;0.03;68;53;84;96;18;307;462;420;25;3.41;3.41;3.41;3.41;6;0;0;0;0;13.9;81;25;4.2;7;-;13;54;844;1203;6;2712.0;15.6;14.2;0;0;0;0;0;1;
2026.08.27;20:20:05.2;0.03;0.03;68;53;84;96;18;307;336;378;25;3.41;3.41;3.41;3.41;14;0;0;0;0;13.9;81;25;4.2;7;-;13;54;844;1112;6;2233.0;13.1;14.7;0;0;0;0;0;1;
2026.08.27;20:20:05.7;0.04;0.04;58;63;83;96;12;307;336;378;25;2.05;2.05;2.05;2.05;14;0;0;0;0;13.9;81;25;4.2;8;-;13;54;844;1174;1;2280.0;13.1;14.7;0;0;0;0;0;1;
2026.08.27;20:20:06.1;0.04;0.04;58;63;83;96;12;307;210;231;25;2.05;2.05;2.05;2.05;12;0;0;0;0;13.9;81;25;4.2;9;-;13;54;844;1174;2;2280.0;7.9;9.2;0;0;0;0;0;1;
2026.08.27;20:20:06.6;0.07;0.07;68;53;84;96;13;307;210;231;25;1.79;1.79;1.79;1.79;-1;0;0;0;0;14.1;81;25;4.2;9;-;13;54;844;1142;2;2454.0;7.9;9.2;0;0;0;0;0;1;
2026.08.27;20:20:07.0;0.10;0.10;585;87;84;96;25;307;378;336;25;3.72;3.72;3.72;3.72;-1;0;0;0;0;14.1;81;26;4.2;9;-;13;53;844;1378;13;2388.0;17.9;15.4;0;0;0;0;0;1;
2026.08.27;20:20:07.5;0.10;0.10;585;87;84;96;25;307;609;567;25;3.72;3.72;3.72;3.72;15;0;0;0;0;14.1;81;26;4.2;10;-;13;53;844;1378;21;2388.0;33.6;32.1;0;0;0;0;0;1;
2026.08.27;20:20:07.9;0.03;0.03;844;834;83;96;48;307;609;567;25;5.57;5.57;5.57;5.57;10;0;0;0;0;14.1;81;26;4.2;10;-;13;53;844;1728;21;2569.0;33.6;32.1;0;0;0;0;0;1;
2026.08.27;20:20:08.4;0.00;0.00;68;654;82;96;48;307;483;504;25;4.11;4.11;4.11;4.11;10;0;0;0;0;14.1;81;26;4.2;14;-;12;54;844;1728;20;2569.0;34.3;36.8;0;0;0;0;0;0;
2026.08.27;20:20:08.8;0.00;0.00;68;654;82;96;48;307;210;315;25;4.11;4.11;4.11;4.11;22;0;0;0;0;14.1;81;26;4.2;14;-;12;54;844;2119;20;5000.0;14.9;22.2;0;0;0;0;0;0;
2026.08.27;20:20:09.3;0.07;0.07;29;19;80;97;20;307;210;315;25;1.89;1.89;1.89;1.89;22;0;0;0;0;14.1;81;26;4.2;15;-;12;54;844;1489;0;2566.0;14.9;22.2;0;0;0;0;0;1;
2026.08.27;20:20:09.7;0.07;0.07;29;19;80;97;20;307;210;231;25;1.89;1.89;1.89;1.89;-14;0;0;0;0;14.1;81;26;4.2;16;-;12;53;844;1489;0;2566.0;7.7;8.9;0;0;0;0;0;0;
2026.08.27;20:20:10.2;0.09;0.09;48;24;78;96;14;307;294;273;25;1.74;1.74;1.74;1.74;0;0;0;0;0;14.1;81;26;4.2;16;-;12;53;844;1019;0;2623.0;9.0;8.6;0;0;0;0;0;0;
2026.08.27;20:20:10.6;0.08;0.08;795;673;80;98;16;307;294;273;25;2.42;2.42;2.42;2.42;0;0;0;0;0;14.1;81;26;4.2;16;-;12;53;844;1019;0;2623.0;9.0;8.6;0;0;0;0;1;0;
2026.08.27;20:20:11.1;0.08;0.08;795;673;80;98;16;264;315;315;25;2.42;2.42;2.42;2.42;5;0;0;0;0;14.0;82;26;4.2;16;-;12;53;844;817;0;1663.0;8.3;8.2;0;0;0;0;1;0;
2026.08.27;20:20:11.5;0.07;0.07;825;810;80;97;17;264;315;315;25;2.58;2.58;2.58;2.58;5;0;0;0;0;14.0;82;26;4.2;16;-;12;53;844;774;0;1399.0;8.3;8.2;0;0;0;0;1;0;
2026.08.27;20:20:12.0;0.07;0.07;825;810;80;97;17;264;315;315;25;2.58;2.58;2.58;2.58;2;0;0;0;0;14.0;82;26;4.2;16;-;12;53;844;774;0;1399.0;8.4;8.4;0;0;0;0;0;1;
2026.08.27;20:20:12.4;0.06;0.06;830;834;80;97;17;264;378;315;25;2.62;2.62;2.62;2.62;-4;0;0;0;0;14.0;82;26;4.2;16;-;12;53;844;758;0;2043.0;10.1;8.2;0;0;0;0;0;1;
2026.08.27;20:20:12.9;0.02;0.02;820;834;79;95;21;264;378;315;25;2.76;2.76;2.76;2.76;-4;0;0;0;0;14.0;82;26;4.2;16;-;12;53;844;1327;6;3675.0;10.1;8.2;0;0;0;0;0;1;
2026.08.27;20:20:13.3;0.02;0.02;820;834;79;95;21;264;336;357;25;2.76;2.76;2.76;2.76;18;0;0;0;0;14.0;82;26;4.2;17;-;12;53;844;1327;10;3675.0;15.9;16.8;0;0;0;0;0;1;
2026.08.27;20:20:13.8;0.03;0.03;63;102;80;95;30;264;336;357;25;2.97;2.97;2.97;2.97;12;0;0;0;0;14.0;82;26;4.2;17;-;12;53;844;1327;10;3132.0;15.9;16.8;0;0;0;0;0;1;
2026.08.27;20:20:14.2;0.04;0.04;747;620;81;96;30;264;315;336;25;2.70;2.70;2.70;2.70;12;0;0;0;0;14.0;82;26;4.2;18;-;12;53;844;1327;9;3132.0;15.4;16.3;0;0;0;0;0;0;
2026.08.27;20:20:14.7;0.04;0.04;747;620;81;96;30;264;252;294;25;2.70;2.70;2.70;2.70;20;0;0;0;0;14.0;83;26;4.2;18;-;12;53;844;1398;9;4265.0;12.1;13.5;0;0;0;0;0;0;
2026.08.27;20:20:15.1;0.02;0.02;97;366;81;95;20;264;252;294;25;1.77;1.77;1.77;1.77;12;0;0;0;0;14.1;83;26;4.2;18;-;12;53;844;1372;2;3857.0;12.1;13.5;0;0;0;0;0;0;
2026.08.27;20:20:15.6;0.03;0.03;776;678;80;95;21;264;210;231;25;1.62;1.62;1.62;1.62;12;0;0;0;0;14.1;83;26;4.2;18;-;12;53;844;1372;0;3857.0;9.5;10.6;0;0;0;0;0;0;
2026.08.27;20:20:16.0;0.03;0.03;776;678;80;95;21;264;210;210;25;1.62;1.62;1.62;1.62;-9;0;0;0;0;14.1;83;26;4.2;18;-;12;53;844;1406;0;2075.0;9.1;10.2;0;0;0;0;0;0;
2026.08.27;20:20:16.5;0.04;0.04;34;29;80;96;21;264;210;210;25;1.63;1.63;1.63;1.63;-9;0;0;0;0;14.1;83;26;4.2;18;-;12;53;844;1364;0;2360.0;9.1;10.2;0;0;0;0;0;0;
2026.08.27;20:20:16.9;0.04;0.04;34;29;80;96;21;264;210;210;25;1.63;1.63;1.63;1.63;-17;0;0;0;0;14.1;83;26;4.2;17;-;12;53;844;1364;0;2360.0;9.1;9.9;0;0;0;0;0;0;
2026.08.27;20:20:17.4;0.08;0.08;39;29;80;95;21;264;210;210;25;1.68;1.68;1.68;1.68;-16;0;0;0;0;14.1;83;26;4.2;17;-;12;53;844;1287;0;3798.0;9.1;9.9;0;0;0;0;0;0;
2026.08.27;20:20:17.8;0.11;0.11;43;34;80;95;21;264;210;210;25;1.75;1.75;1.75;1.75;-16;0;0;0;0;14.1;83;26;4.2;16;-;12;53;844;1287;0;3798.0;8.5;9.2;0;0;0;0;1;0;
2026.08.27;20:20:18.3;0.11;0.11;43;34;80;95;21;229;210;210;25;1.75;1.75;1.75;1.75;-11;0;0;0;0;14.1;83;26;4.2;15;-;12;53;844;1209;0;2412.0;7.8;8.5;0;0;0;0;0;0;
2026.08.27;20:20:18.7;0.11;0.11;756;97;80;95;20;229;210;210;25;1.70;1.70;1.70;1.70;6;0;0;0;0;14.1;83;26;4.2;15;-;12;53;844;1178;0;1963.0;7.8;8.5;0;0;0;0;0;0;
2026.08.27;20:20:19.2;0.10;0.10;815;800;81;96;21;229;210;210;25;1.65;1.65;1.65;1.65;6;0;0;0;0;14.1;83;26;4.2;15;-;12;53;844;1178;0;1963.0;7.7;8.2;0;0;0;0;0;0;
2026.08.27;20:20:19.6;0.10;0.10;815;800;81;96;21;229;210;210;25;1.65;1.65;1.65;1.65;7;0;0;0;0;14.1;83;26;4.2;15;-;12;53;844;1187;0;2306.0;7.7;8.1;0;0;0;0;0;0;
2026.08.27;20:20:20.1;0.07;0.07;815;825;80;95;21;229;210;210;25;1.58;1.58;1.58;1.58;7;0;0;0;0;14.1;83;26;4.2;15;-;12;53;844;1137;0;2178.0;7.7;8.1;0;0;0;0;0;0;
2026.08.27;20:20:20.5;0.03;0.03;795;825;81;96;21;229;210;210;25;1.49;1.49;1.49;1.49;7;0;0;0;0;14.1;83;26;4.2;15;-;12;53;844;1137;0;2178.0;7.6;7.7;0;0;0;0;0;0;
2026.08.27;20:20:21.0;0.03;0.03;795;825;81;96;21;229;210;210;25;1.49;1.49;1.49;1.49;7;0;0;0;0;14.1;83;26;4.2;15;-;12;53;844;1139;0;3283.0;7.6;7.8;0;0;0;0;0;0;
2026.08.27;20:20:21.4;-0.02;-0.02;668;795;81;95;22;229;210;210;25;1.45;1.45;1.45;1.45;7;0;0;0;0;14.1;84;26;4.2;15;-;12;53;844;1160;0;2843.0;7.6;7.8;0;0;0;0;0;0;
2026.08.27;20:20:21.9;-0.02;-0.02;668;795;81;95;22;229;210;210;25;1.45;1.45;1.45;1.45;7;0;0;0;0;14.1;84;26;4.2;15;-;12;53;844;1160;0;2843.0;7.4;7.8;0;0;0;0;0;0;
2026.08.27;20:20:22.3;0.03;0.03;78;58;84;100;22;229;210;210;25;1.55;1.55;1.55;1.55;6;0;0;0;0;14.1;84;26;4.2;15;-;12;54;844;1145;0;2449.0;7.3;7.8;0;0;0;0;0;0;
2026.08.27;20:20:22.8;0.04;0.04;87;78;83;98;22;229;210;210;25;1.62;1.62;1.62;1.62;6;0;0;0;0;14.1;84;26;4.2;15;-;12;54;844;1117;0;2767.0;7.3;7.8;0;0;0;0;0;0;
2026.08.27;20:20:23.2;0.04;0.04;87;78;83;98;22;229;210;210;25;1.62;1.62;1.62;1.62;6;0;0;0;0;14.1;84;26;4.2;14;-;13;54;844;1117;0;2767.0;7.3;7.9;0;0;0;0;0;0;
2026.08.27;20:20:23.7;0.02;0.02;747;136;81;96;21;229;210;210;25;1.52;1.52;1.52;1.52;7;0;0;0;0;14.1;84;26;4.2;14;-;13;54;844;1101;0;2481.0;7.3;7.9;0;0;0;0;0;0;
2026.08.27;20:20:24.1;0.01;0.01;781;776;81;96;21;229;210;210;25;1.50;1.50;1.50;1.50;7;0;0;0;0;14.1;84;26;4.2;14;-;13;54;844;1108;0;2933.0;7.0;7.4;0;0;0;0;0;0;
2026.08.27;20:20:24.6;0.01;0.01;781;776;81;96;21;229;210;210;25;1.50;1.50;1.50;1.50;7;0;0;0;0;14.1;84;26;4.2;14;-;13;54;844;1108;0;2933.0;7.0;7.4;0;0;0;0;0;0;
2026.08.27;20:20:25.0;-0.00;-0.00;742;781;81;95;21;197;210;210;25;1.50;1.50;1.50;1.50;7;0;0;0;0;14.1;85;27;4.2;14;-;13;54;844;1070;0;2777.0;7.0;7.4;0;0;0;0;0;0;
2026.08.27;20:20:25.5;0.02;0.02;83;693;82;96;21;197;210;210;25;1.57;1.57;1.57;1.57;7;0;0;0;0;14.0;85;27;4.2;14;-;13;54;844;1077;0;3075.0;6.9;7.3;0;0;0;0;0;0;
2026.08.27;20:20:25.9;0.02;0.02;83;693;82;96;21;197;210;210;25;1.57;1.57;1.57;1.57;8;0;0;0;0;14.0;85;27;4.2;14;-;13;54;844;1077;0;3075.0;6.9;7.4;0;0;0;0;1;1;
2026.08.27;20:20:26.4;0.00;0.00;766;595;84;97;21;197;210;210;25;1.63;1.63;1.63;1.63;25;0;0;0;0;14.0;85;27;4.2;14;-;13;54;844;912;0;2693.0;6.9;7.4;0;0;0;0;1;1;
2026.08.27;20:20:26.9;-0.00;-0.00;708;747;83;96;31;197;357;273;25;2.71;2.71;2.71;2.71;25;0;0;0;0;14.0;85;27;4.2;11;-;13;54;844;912;0;2693.0;9.6;7.8;0;0;0;0;1;1;
2026.08.27;20:20:27.3;-0.00;-0.00;708;747;83;96;31;197;336;336;25;2.71;2.71;2.71;2.71;-2;0;0;0;0;14.0;85;27;4.2;11;-;13;54;844;778;0;2088.0;8.6;9.0;0;0;0;0;1;1;
2026.08.27;20:20:27.8;-0.01;-0.01;815;786;84;97;23;197;336;336;25;2.72;2.72;2.72;2.72;-2;0;0;0;0;14.1;85;27;4.2;8;-;13;54;844;766;0;1510.0;8.6;9.0;0;0;0;0;1;1;
2026.08.27;20:20:28.2;-0.04;-0.04;830;839;83;96;24;197;336;336;25;2.56;2.56;2.56;2.56;-2;0;0;0;0;14.1;85;27;4.2;7;-;10;54;844;766;0;1510.0;8.2;8.7;0;0;0;0;0;1;
2026.08.27;20:20:28.7;-0.04;-0.04;830;839;83;96;24;197;315;336;25;2.56;2.56;2.56;2.56;-2;0;0;0;0;14.1;85;27;4.2;7;-;10;54;844;760;0;1569.0;7.9;8.4;0;0;0;0;0;1;
2026.08.27;20:20:29.1;-0.07;-0.07;791;830;82;95;24;197;315;336;25;2.47;2.47;2.47;2.47;-2;0;0;0;0;14.1;85;27;4.2;7;-;10;54;844;738;0;2409.0;7.9;8.4;0;0;0;0;0;1;
2026.08.27;20:20:29.6;-0.10;-0.10;727;786;82;95;24;197;336;336;25;2.41;2.41;2.41;2.41;2;0;0;0;0;14.1;85;27;4.2;7;-;10;54;844;738;0;2409.0;8.4;8.5;0;0;0;0;0;1;
2026.08.27;20:20:30.0;-0.10;-0.10;727;786;82;95;24;197;336;336;25;2.41;2.41;2.41;2.41;-1;0;0;0;0;14.1;85;27;4.2;7;-;10;54;844;755;0;1422.0;8.3;8.4;0;0;0;0;0;1;
2026.08.27;20:20:30.5;-0.07;-0.07;102;683;84;96;24;197;336;336;25;2.51;2.51;2.51;2.51;-1;0;0;0;0;14.1;85;27;4.2;7;-;10;54;844;747;0;1385.0;8.3;8.4;0;0;0;0;0;1;
2026.08.27;20:20:30.9;-0.07;-0.07;488;117;83;95;24;197;336;336;25;2.51;2.51;2.51;2.51;-1;0;0;0;0;14.1;85;27;4.2;7;-;10;54;844;747;2;1385.0;8.2;8.5;0;0;0;0;0;1;
2026.08.27;20:20:31.4;-0.07;-0.07;488;117;83;95;24;197;336;336;25;2.51;2.51;2.51;2.51;-1;0;0;0;0;14.1;85;27;4.2;7;-;10;54;844;753;2;1933.0;8.2;8.5;0;0;0;0;0;1;
2026.08.27;20:20:31.8;-0.09;-0.09;664;703;83;96;24;300;336;336;25;2.42;2.42;2.42;2.42;-1;0;0;0;0;14.1;85;27;4.2;8;-;10;54;844;750;2;1594.0;8.2;8.5;0;0;0;0;0;1;
2026.08.27;20:20:32.3;-0.09;-0.09;664;703;83;96;24;300;336;336;25;2.42;2.42;2.42;2.42;-1;0;0;0;0;14.1;85;27;4.2;8;-;10;54;844;750;1;1594.0;8.4;8.5;0;0;0;0;0;1;
2026.08.27;20:20:32.7;-0.07;-0.07;92;78;83;95;25;300;336;336;25;2.46;2.46;2.46;2.46;6;0;0;0;0;14.1;85;27;4.2;8;-;10;54;844;744;1;2004.0;8.4;8.5;0;0;0;0;0;1;
2026.08.27;20:20:33.2;-0.05;-0.05;112;92;83;95;39;300;420;357;25;3.15;3.15;3.15;3.15;6;0;0;0;0;14.1;85;27;4.2;9;-;13;54;844;1148;8;2397.0;11.9;10.5;0;0;0;0;0;1;
2026.08.27;20:20:33.6;-0.05;-0.05;112;92;83;95;39;300;315;378;25;3.15;3.15;3.15;3.15;4;0;0;0;0;14.1;85;27;4.2;9;-;13;54;844;1148;9;2397.0;16.0;18.8;0;0;0;0;0;1;
2026.08.27;20:20:34.1;-0.04;-0.04;58;58;83;95;50;300;315;378;25;2.64;2.64;2.64;2.64;12;0;0;0;0;14.1;85;27;4.2;9;-;13;54;844;1490;9;2896.0;16.0;18.8;0;0;0;0;0;1;
2026.08.27;20:20:34.5;-0.00;-0.00;53;48;83;95;32;300;210;252;25;1.79;1.79;1.79;1.79;12;0;0;0;0;14.1;85;27;4.2;9;-;13;54;844;1490;0;2896.0;10.3;12.6;0;0;0;0;0;1;
2026.08.27;20:20:35.0;-0.00;-0.00;53;48;83;95;32;300;210;231;25;1.79;1.79;1.79;1.79;7;0;0;0;0;14.1;85;27;4.2;10;-;13;53;844;1365;0;3787.0;8.0;9.5;0;0;0;0;1;1;
2026.08.27;20:20:35.4;0.03;0.03;68;53;83;95;23;300;210;231;25;1.74;1.74;1.74;1.74;12;0;0;0;0;14.1;85;27;4.2;10;-;13;53;844;945;0;2059.0;8.0;9.5;0;0;0;0;1;1;
2026.08.27;20:20:35.9;0.02;0.02;673;92;83;96;27;300;294;252;25;2.32;2.32;2.32;2.32;12;0;0;0;0;14.1;85;27;4.2;8;-;13;53;844;945;0;2059.0;8.3;7.6;0;0;0;0;1;1;
2026.08.27;20:20:36.3;0.02;0.02;673;92;83;96;27;300;315;315;25;2.32;2.32;2.32;2.32;8;0;0;0;0;14.0;85;27;4.2;5;-;13;54;844;813;0;2161.0;8.6;8.5;0;0;0;0;1;1;
2026.08.27;20:20:36.8;0.01;0.01;791;761;84;97;25;300;315;315;25;2.60;2.60;2.60;2.60;1;0;0;0;0;14.0;85;27;4.2;5;-;13;54;844;768;0;1471.0;8.6;8.5;0;0;0;0;1;1;
2026.08.27;20:20:37.2;0.00;0.00;800;800;83;95;26;300;336;336;25;2.59;2.59;2.59;2.59;1;0;0;0;0;14.0;85;27;4.2;5;-;13;54;844;768;0;1471.0;8.4;8.5;0;0;0;0;0;0;
2026.08.27;20:20:37.7;0.00;0.00;800;800;83;95;26;300;294;315;25;2.59;2.59;2.59;2.59;-4;0;0;0;0;14.0;85;27;4.2;5;-;13;54;844;810;0;1627.0;7.6;8.5;0;0;0;0;0;0;
2026.08.27;20:20:38.1;-0.01;-0.01;786;805;83;95;23;300;294;315;25;2.32;2.32;2.32;2.32;-2;0;0;0;0;14.1;85;27;4.2;5;-;12;54;844;764;0;1331.0;7.6;8.5;0;0;0;0;0;0;
2026.08.27;20:20:38.6;-0.01;-0.01;786;805;83;95;23;300;315;315;25;2.32;2.32;2.32;2.32;-2;0;0;0;0;14.1;85;27;4.2;6;-;12;54;844;764;1;1331.0;7.9;8.1;0;0;0;0;0;1;
2026.08.27;20:20:39.0;-0.05;-0.05;756;791;83;95;25;285;315;315;25;2.29;2.29;2.29;2.29;7;0;0;0;0;14.1;85;27;4.2;6;-;12;54;844;763;1;1810.0;7.9;8.1;0;0;0;0;0;1;
2026.08.27;20:20:39.5;-0.02;-0.02;73;78;84;95;46;285;441;378;25;3.36;3.36;3.36;3.36;7;0;0;0;0;14.1;85;27;4.2;6;-;12;54;844;763;10;1810.0;12.6;11.5;0;0;0;0;0;1;
2026.08.27;20:20:39.9;-0.02;-0.02;73;78;84;95;46;285;399;420;25;3.36;3.36;3.36;3.36;6;0;0;0;0;14.1;85;27;4.2;6;-;12;54;844;1184;10;2145.0;19.9;22.2;0;0;0;0;0;1;
2026.08.27;20:20:40.4;-0.01;-0.01;63;58;84;95;69;285;399;420;26;3.33;3.33;3.33;3.33;6;0;0;0;0;14.1;85;27;4.2;7;-;12;54;844;1512;13;2815.0;19.9;22.2;0;0;0;0;0;1;
2026.08.27;20:20:40.8;-0.01;-0.01;63;58;84;95;69;285;378;399;26;3.33;3.33;3.33;3.33;18;0;0;0;0;14.1;85;27;4.2;9;-;12;54;844;1512;13;2815.0;19.1;20.8;0;0;0;0;0;1;
2026.08.27;20:20:41.3;0.04;0.04;58;48;84;95;61;285;336;399;26;3.35;3.35;3.35;3.35;1;0;0;0;0;14.1;85;27;4.2;9;-;12;54;844;1353;13;4327.0;17.3;21.5;0;0;0;0;0;1;
2026.08.27;20:20:41.7;0.03;0.03;219;644;83;95;32;285;336;399;26;2.17;2.17;2.17;2.17;1;0;0;0;0;14.1;85;27;4.2;10;-;12;54;844;1477;5;3394.0;17.3;21.5;0;0;0;0;0;1;
2026.08.27;20:20:42.2;0.09;0.09;53;43;83;95;31;285;210;231;26;1.68;1.68;1.68;1.68;13;0;0;0;0;14.1;85;27;4.2;10;-;12;53;844;1477;0;3394.0;9.7;11.8;0;0;0;0;0;1;
2026.08.27;20:20:42.6;0.09;0.09;53;43;83;95;31;285;210;231;26;1.68;1.68;1.68;1.68;0;0;0;0;0;14.1;83;27;4.2;10;-;12;53;844;1256;0;2364.0;7.0;8.1;0;0;0;0;0;1;
2026.08.27;20:20:43.1;0.10;0.10;87;58;0;0;23;285;210;231;26;1.82;1.82;1.82;1.82;0;0;0;0;0;14.1;83;27;4.2;11;-;11;53;844;895;0;2208.0;7.0;8.1;0;0;0;0;0;1;
2026.08.27;20:20:43.5;0.10;0.10;87;58;0;0;23;285;357;273;26;1.82;1.82;1.82;1.82;24;0;0;0;0;14.1;83;27;4.2;11;-;11;53;844;895;0;2208.0;10.3;7.9;0;0;0;0;1;0;
2026.08.27;20:20:44.0;0.09;0.09;732;673;85;97;35;285;357;273;26;2.81;2.81;2.81;2.81;-7;0;0;0;0;14.1;83;27;4.2;11;-;11;53;844;867;0;2177.0;10.3;7.9;0;0;0;0;1;0;
2026.08.27;20:20:44.4;0.08;0.08;830;815;83;96;26;285;315;357;26;2.59;2.59;2.59;2.59;-7;0;0;0;0;14.1;83;27;4.2;11;-;11;53;844;867;0;2177.0;8.9;10.4;0;0;0;0;1;0;
2026.08.27;20:20:44.9;0.08;0.08;830;815;83;96;26;285;315;315;26;2.59;2.59;2.59;2.59;1;0;0;0;0;14.1;83;27;4.2;11;-;11;53;844;825;0;1597.0;8.4;8.8;0;0;0;0;1;0;
2026.08.27;20:20:45.3;0.06;0.06;815;834;84;96;26;285;315;315;26;2.42;2.42;2.42;2.42;1;0;0;0;0;14.1;83;27;4.2;12;-;11;53;844;829;0;1809.0;8.4;8.8;0;0;0;0;0;0;
2026.08.27;20:20:45.8;0.06;0.06;815;834;84;96;26;285;294;315;26;2.42;2.42;2.42;2.42;1;0;0;0;0;14.1;83;27;4.2;12;-;11;53;844;829;0;1809.0;8.1;8.5;0;0;0;0;0;0;
2026.08.27;20:20:46.2;0.03;0.03;791;815;83;95;25;253;315;315;26;2.36;2.36;2.36;2.36;2;0;0;0;0;14.1;83;26;4.2;12;-;11;53;844;793;0;2398.0;8.1;8.3;0;0;0;0;0;0;
2026.08.27;20:20:46.7;-0.00;-0.00;751;795;83;95;25;253;315;315;26;2.38;2.38;2.38;2.38;2;0;0;0;0;14.1;83;26;4.2;13;-;11;53;844;760;0;1478.0;8.1;8.3;0;0;0;0;0;1;
2026.08.27;20:20:47.1;-0.00;-0.00;751;795;83;95;25;253;483;357;26;2.38;2.38;2.38;2.38;1;0;0;0;0;14.1;83;26;4.2;13;-;11;53;844;760;10;1478.0;12.7;9.8;0;0;0;0;0;1;
2026.08.27;20:20:47.6;0.01;0.01;283;703;84;95;46;253;483;357;26;3.38;3.38;3.38;3.38;3;0;0;0;0;14.1;83;26;4.2;13;-;11;53;844;1216;10;3174.0;12.7;9.8;0;0;0;0;0;1;
2026.08.27;20:20:48.0;-0.03;-0.03;815;825;83;95;50;253;357;420;26;2.93;2.93;2.93;2.93;3;0;0;0;0;14.1;83;26;4.2;14;-;12;54;844;1420;10;4372.0;16.8;20.5;0;0;0;0;0;1;
2026.08.27;20:20:48.5;-0.03;-0.03;815;825;83;95;50;253;336;357;26;2.93;2.93;2.93;2.93;18;0;0;0;0;14.1;83;26;4.2;15;-;12;54;844;1420;11;4372.0;15.2;15.9;0;0;0;0;0;1;
2026.08.27;20:20:48.9;0.00;0.00;63;48;84;95;53;253;336;357;26;3.13;3.13;3.13;3.13;15;0;0;0;0;14.2;83;26;4.2;15;-;12;54;844;1189;11;2124.0;15.2;15.9;0;0;0;0;0;1;
2026.08.27;20:20:49.4;-0.02;-0.02;791;751;84;95;60;253;441;441;26;3.70;3.70;3.70;3.70;15;0;0;0;0;14.2;83;26;4.2;16;-;12;53;844;1189;13;2124.0;18.6;19.3;0;0;0;0;0;1;
2026.08.27;20:20:49.8;-0.02;-0.02;791;751;84;95;60;253;399;441;26;3.70;3.70;3.70;3.70;10;0;0;0;0;14.2;83;26;4.2;16;-;12;53;844;1253;13;2439.0;18.8;20.5;0;0;0;0;0;1;
2026.08.27;20:20:50.3;-0.01;-0.01;68;68;84;95;62;253;399;441;26;3.54;3.54;3.54;3.54;10;0;0;0;0;14.2;83;26;4.2;17;-;12;53;844;1364;13;2956.0;18.8;20.5;0;0;0;0;0;0;
2026.08.27;20:20:50.7;0.01;0.01;727;444;84;95;89;253;483;483;26;4.48;4.48;4.48;4.48;16;0;0;0;0;14.2;83;26;4.2;18;-;12;53;844;1364;17;2956.0;24.2;24.9;0;0;0;0;0;0;
2026.08.27;20:20:51.2;0.01;0.01;727;444;84;95;89;253;567;588;26;4.48;4.48;4.48;4.48;18;0;0;0;0;14.1;83;26;4.2;18;-;12;53;844;1459;17;2143.0;32.9;35.1;0;0;0;0;0;0;
2026.08.27;20:20:51.6;0.02;0.02;209;92;85;96;99;253;567;588;26;5.65;5.65;5.65;5.65;18;0;0;0;0;14.1;83;26;4.2;20;-;12;53;844;1587;21;3054.0;32.9;35.1;0;0;0;0;0;0;
2026.08.27;20:20:52.1;0.02;0.02;209;92;85;96;99;253;588;609;26;5.65;5.65;5.65;5.65;16;0;0;0;0;14.1;83;26;4.2;21;-;12;53;844;1587;23;3054.0;36.7;38.1;3;0;0;0;0;0;
2026.08.27;20:20:52.5;0.01;0.01;87;78;83;95;99;253;546;567;26;5.51;5.51;5.51;5.51;11;0;0;0;0;14.1;83;26;4.2;21;-;12;53;844;1746;23;2800.0;37.1;39.8;0;0;0;0;0;0;
2026.08.27;20:20:53.0;0.02;0.02;732;673;81;95;99;253;546;567;26;5.11;5.11;5.11;5.11;22;0;0;0;0;14.1;82;26;4.2;23;-;12;53;844;1896;22;4814.0;37.1;39.8;0;0;0;0;0;0;
2026.08.27;20:20:53.4;-0.00;-0.00;761;742;79;94;93;253;441;525;26;3.66;3.66;3.66;3.66;22;0;0;0;0;14.1;82;26;4.2;25;-;12;53;844;1896;18;4814.0;31.6;37.5;0;0;0;0;0;0;
2026.08.27;20:20:53.9;-0.00;-0.00;761;742;79;94;93;253;336;378;26;3.66;3.66;3.66;3.66;16;0;0;0;0;14.1;82;26;4.2;25;-;12;53;844;1992;18;3270.0;23.8;27.3;0;0;0;0;0;0;
2026.08.27;20:20:54.4;0.05;0.05;58;48;78;95;75;253;336;378;26;3.02;3.02;3.02;3.02;26;0;0;0;0;14.1;82;26;4.2;26;-;12;53;844;2052;16;4852.0;23.8;27.3;0;0;0;0;0;0;
2026.08.27;20:20:54.8;0.07;0.07;766;639;78;95;70;253;315;336;26;2.91;2.91;2.91;2.91;26;0;0;0;0;14.1;82;26;4.2;27;-;12;52;844;2052;15;4852.0;22.4;25.6;0;0;0;0;0;0;
2026.08.27;20:20:55.3;0.07;0.07;766;639;78;95;70;253;273;294;26;2.91;2.91;2.91;2.91;27;0;0;0;0;14.2;82;26;4.2;27;-;12;52;844;2074;15;4269.0;19.7;23.4;0;0;0;0;0;0;
2026.08.27;20:20:55.7;0.06;0.06;102;146;77;95;61;253;273;294;26;2.41;2.41;2.41;2.41;27;0;0;0;0;14.2;82;26;4.2;27;-;12;52;844;2122;13;5000.0;19.7;23.4;0;0;0;0;0;0;
2026.08.27;20:20:56.2;0.06;0.06;102;146;77;95;61;253;210;231;26;2.41;2.41;2.41;2.41;37;0;0;0;0;14.2;82;26;4.2;27;-;12;52;844;2122;10;5000.0;14.9;17.9;0;0;0;0;0;0;
2026.08.27;20:20:56.6;0.00;0.00;786;786;76;95;44;253;210;231;26;1.79;1.79;1.79;1.79;27;0;0;0;0;14.2;82;26;4.2;27;-;12;52;844;2100;10;5000.0;14.9;17.9;0;0;0;0;0;0;
2026.08.27;20:20:57.1;-0.06;-0.06;156;742;76;95;43;253;189;210;26;1.65;1.65;1.65;1.65;27;0;0;0;0;14.2;82;26;4.2;27;-;12;52;844;2100;8;5000.0;14.1;16.0;0;0;0;0;0;0;
2026.08.27;20:20:57.5;-0.06;-0.06;156;742;76;95;43;253;189;210;26;1.65;1.65;1.65;1.65;21;0;0;0;0;14.1;82;26;4.2;27;-;15;52;844;2096;4;4216.0;13.9;15.6;0;0;0;0;0;0;
2026.08.27;20:20:58.0;0.02;0.02;97;107;75;94;43;253;189;210;26;1.70;1.70;1.70;1.70;-9;0;0;0;0;14.1;82;26;4.2;27;-;15;52;844;2059;4;3501.0;13.9;15.6;0;0;0;0;0;0;
2026.08.27;20:20:58.4;0.00;0.00;9;19;74;94;0;253;189;210;26;0.00;0.00;0.00;0.00;-9;0;0;0;0;14.1;82;26;4.2;26;-;15;52;844;2059;0;3501.0;13.6;15.1;0;0;0;0;0;0;
2026.08.27;20:20:58.9;0.00;0.00;9;19;74;94;0;253;189;210;26;0.00;0.00;0.00;0.00;-16;0;0;0;0;14.1;82;26;4.2;26;-;15;52;844;1966;0;3370.0;13.4;15.1;0;0;0;0;0;0;
2026.08.27;20:20:59.3;0.00;0.00;0;0;75;95;0;253;189;210;26;0.00;0.00;0.00;0.00;-16;0;0;0;0;14.0;82;26;4.2;25;-;15;52;844;1890;0;2706.0;13.4;15.1;0;0;0;0;1;0;
2026.08.27;20:20:59.8;0.00;0.00;0;0;77;95;0;253;189;210;26;0.00;0.00;0.00;0.00;5;0;0;0;0;14.0;82;26;4.2;24;-;15;52;844;1890;0;2706.0;12.9;14.5;0;0;0;0;0;0;
2026.08.27;20:21:00.2;0.00;0.00;0;0;77;95;0;233;189;231;26;0.00;0.00;0.00;0.00;4;0;0;0;0;14.0;83;26;4.2;24;-;15;52;844;1857;0;3683.0;12.3;14.1;0;0;0;0;0;0;
2026.08.27;20:21:00.7;0.00;0.00;0;0;80;95;0;233;189;231;26;0.00;0.00;0.00;0.00;4;0;0;0;0;14.0;83;26;4.2;23;-;15;52;844;1786;0;2996.0;12.3;14.1;0;0;0;0;1;0;
2026.08.27;20:21:01.1;0.00;0.00;4;0;81;95;0;233;189;231;26;2.40;2.40;2.40;2.40;6;0;0;0;0;14.0;83;26;4.2;21;-;15;52;844;1786;0;2996.0;10.1;11.5;0;0;0;0;1;1;
2026.08.27;20:21:01.6;0.00;0.00;4;0;81;95;0;233;189;210;26;2.40;2.40;2.40;2.40;7;0;0;0;0;14.1;83;26;4.2;21;-;15;52;844;1246;0;1894.0;6.9;7.3;0;0;0;0;1;1;
2026.08.27;20:21:02.0;0.00;0.00;859;678;82;94;0;233;189;210;26;2.13;2.13;2.13;2.13;7;0;0;0;0;14.1;83;26;4.2;19;-;15;52;844;919;0;1932.0;6.9;7.3;0;0;0;0;1;1;
2026.08.27;20:21:02.5;-0.01;-0.01;859;678;82;94;0;233;399;273;26;2.13;2.13;2.13;2.13;27;0;0;0;0;14.1;83;26;4.2;16;-;12;52;844;919;0;1932.0;12.2;8.5;0;0;0;0;1;0;
2026.08.27;20:21:02.9;-0.01;-0.01;776;839;82;95;5;233;399;273;26;3.06;3.06;3.06;3.06;-8;0;0;0;0;14.1;83;26;4.2;16;-;12;52;844;919;0;1930.0;12.2;8.5;0;0;0;0;1;0;
2026.08.27;20:21:03.4;-0.01;-0.01;771;664;85;98;6;233;315;357;26;2.73;2.73;2.73;2.73;-8;0;0;0;0;14.1;83;26;4.2;11;-;12;53;844;819;0;2249.0;10.4;11.5;0;0;0;0;1;0;
2026.08.27;20:21:03.8;-0.01;-0.01;771;664;85;98;6;233;336;315;26;2.73;2.73;2.73;2.73;0;0;0;0;0;14.1;83;26;4.2;6;-;12;53;844;819;0;2249.0;9.0;8.5;0;0;0;0;1;0;
2026.08.27;20:21:04.3;0.01;0.01;73;566;84;96;7;233;336;315;26;2.65;2.65;2.65;2.65;-2;0;0;0;0;14.1;83;26;4.2;6;-;12;53;844;784;0;1672.0;9.0;8.5;0;0;0;0;1;0;
2026.08.27;20:21:04.7;0.01;0.01;87;68;83;95;8;233;315;336;26;2.64;2.64;2.64;2.64;-2;0;0;0;0;14.1;83;26;4.2;3;-;12;53;844;767;0;2006.0;8.5;8.5;0;0;0;0;1;0;
2026.08.27;20:21:05.2;0.01;0.01;87;68;83;95;8;233;315;315;26;2.64;2.64;2.64;2.64;0;0;0;0;0;14.1;83;26;4.2;2;-;12;53;844;767;0;2006.0;8.1;8.2;0;0;0;0;1;0;
2026.08.27;20:21:05.6;0.02;0.02;161;97;84;96;9;233;315;315;26;2.64;2.64;2.64;2.64;2;0;0;0;0;14.0;83;26;4.2;2;-;12;53;844;749;0;2361.0;8.1;8.2;0;0;0;0;1;0;
2026.08.27;20:21:06.1;-0.00;-0.00;722;698;83;95;10;233;315;315;26;2.61;2.61;2.61;2.61;2;0;0;0;0;14.0;83;26;4.2;1;-;12;53;844;749;0;2361.0;8.1;8.1;0;0;0;0;1;0;
2026.08.27;20:21:06.5;-0.00;-0.00;722;698;83;95;10;233;336;315;26;2.61;2.61;2.61;2.61;3;0;0;0;0;14.0;83;26;4.2;1;-;12;53;844;757;0;2211.0;8.4;8.2;0;0;0;0;1;0;
2026.08.27;20:21:07.0;-0.01;-0.01;649;605;84;95;10;233;336;315;26;2.58;2.58;2.58;2.58;3;0;0;0;0;14.0;83;26;4.2;0;-;12;53;844;757;0;2211.0;8.4;8.2;0;0;0;0;1;0;
2026.08.27;20:21:07.4;-0.01;-0.01;649;605;84;95;10;254;336;315;26;2.58;2.58;2.58;2.58;0;0;0;0;0;14.0;83;26;4.2;0;-;12;53;844;755;0;1699.0;8.5;8.1;0;0;0;0;1;0;
2026.08.27;20:21:07.9;0.01;0.01;122;131;84;95;11;254;336;315;26;2.64;2.64;2.64;2.64;1;0;0;0;0;14.0;83;26;4.2;0;-;12;53;844;751;0;1891.0;8.5;8.1;0;0;0;0;1;0;
2026.08.27;20:21:08.3;-0.01;-0.01;742;668;84;95;12;254;336;315;26;2.61;2.61;2.61;2.61;1;0;0;0;0;14.0;83;26;4.2;0;-;12;53;844;751;0;1891.0;8.3;8.4;0;0;0;0;1;0;
2026.08.27;20:21:08.8;-0.01;-0.01;742;668;84;95;12;254;315;336;26;2.61;2.61;2.61;2.61;2;0;0;0;0;14.0;83;26;4.2;0;-;12;53;844;753;0;2395.0;8.1;8.2;0;0;0;0;1;0;
2026.08.27;20:21:09.2;-0.02;-0.02;659;703;85;96;12;254;315;336;26;2.60;2.60;2.60;2.60;2;0;0;0;0;14.0;83;26;4.2;0;-;12;53;844;758;0;1468.0;8.1;8.2;0;0;0;0;1;0;
2026.08.27;20:21:09.7;-0.02;-0.02;659;703;85;96;12;254;336;315;26;2.60;2.60;2.60;2.60;2;0;0;0;0;14.0;83;26;4.2;0;-;12;53;844;758;0;1468.0;8.3;8.3;0;0;0;0;0;1;
2026.08.27;20:21:10.1;-0.02;-0.02;649;708;84;95;14;254;336;315;26;2.56;2.56;2.56;2.56;1;0;0;0;0;14.1;83;26;4.2;0;-;12;53;844;752;0;1432.0;8.3;8.3;0;0;0;0;0;1;
2026.08.27;20:21:10.6;0.00;0.00;776;322;82;92;72;254;357;336;26;7.77;7.77;7.77;7.77;1;0;0;0;0;14.1;83;26;4.2;0;-;12;53;844;752;6;1432.0;8.9;8.6;0;0;0;0;0;1;
2026.08.27;20:21:11.0;0.00;0.00;776;322;82;92;72;254;273;357;26;7.77;7.77;7.77;7.77;20;0;0;0;0;14.1;84;26;4.2;0;-;12;53;844;1550;6;4266.0;20.3;26.4;0;0;0;0;0;1;
2026.08.27;20:21:11.5;-0.01;-0.01;48;410;83;94;55;254;273;357;26;3.94;3.94;3.94;3.94;20;0;0;0;0;14.1;84;26;4.2;0;-;12;53;844;1845;22;3850.0;20.3;26.4;0;0;0;0;0;1;
2026.08.27;20:21:11.9;-0.01;-0.01;48;410;83;94;55;254;504;588;26;3.94;3.94;3.94;3.94;21;0;0;0;0;14.1;84;26;4.2;3;-;12;53;844;1845;29;3850.0;42.6;49.8;11;14;38;0;0;1;
2026.08.27;20:21:12.4;-0.03;-0.03;791;766;81;94;69;254;609;651;26;4.96;4.96;4.96;4.96;20;0;0;0;0;14.1;84;26;4.2;3;-;12;53;844;1902;29;5000.0;49.0;52.1;23;19;49;0;0;1;
2026.08.27;20:21:12.8;-0.03;-0.03;747;683;79;94;97;254;609;651;26;6.39;6.39;6.39;6.39;20;0;0;0;0;14.1;84;26;4.2;8;-;11;53;844;1887;29;3051.0;49.0;52.1;23;19;49;0;0;1;
2026.08.27;20:21:13.3;-0.03;-0.03;747;683;79;94;97;254;630;630;26;6.39;6.39;6.39;6.39;18;0;0;0;0;14.1;84;26;4.2;13;-;11;53;844;1887;29;3051.0;50.3;52.7;22;23;50;0;0;1;
2026.08.27;20:21:13.7;-0.02;-0.02;761;688;77;95;99;254;546;588;26;6.99;6.99;6.99;6.99;21;0;0;0;0;14.1;84;26;4.2;13;-;11;53;844;2107;29;3942.0;54.3;58.7;13;15;42;0;0;1;
2026.08.27;20:21:14.2;-0.03;-0.03;683;649;74;94;99;277;546;588;26;5.59;5.59;5.59;5.59;21;0;0;0;0;14.1;85;27;4.2;16;-;11;53;844;2604;29;5000.0;54.3;58.7;13;15;42;0;0;1;
2026.08.27;20:21:14.6;-0.03;-0.03;683;649;74;94;99;277;546;567;26;5.59;5.59;5.59;5.59;24;0;0;0;0;14.1;85;27;4.2;20;-;11;51;844;2604;31;5000.0;60.5;63.6;2;0;0;0;0;0;
2026.08.27;20:21:15.1;0.01;0.01;73;83;71;94;99;277;546;567;26;5.77;5.77;5.77;5.77;23;0;0;0;0;14.1;85;27;4.2;20;-;11;51;844;3083;31;5000.0;60.5;63.6;2;0;0;0;0;0;
2026.08.27;20:21:15.5;0.01;0.01;722;688;69;94;99;277;567;588;26;6.72;6.72;6.72;6.72;23;0;0;0;0;14.1;85;27;4.2;23;-;11;51;844;3083;36;5000.0;86.1;90.0;27;27;56;0;0;0;
2026.08.27;20:21:16.0;0.01;0.01;722;688;69;94;99;277;378;504;26;6.72;6.72;6.72;6.72;23;0;0;0;0;14.1;85;27;4.2;23;-;11;51;844;3594;36;4142.0;69.8;92.1;19;26;22;0;0;0;
2026.08.27;20:21:16.4;-0.07;-0.07;805;805;58;94;67;277;378;504;26;2.09;2.09;2.09;2.09;-5;0;0;0;0;14.1;85;27;4.2;27;-;11;51;844;3348;19;4434.0;69.8;92.1;19;26;22;0;0;1;
2026.08.27;20:21:16.9;0.00;0.00;4;0;44;93;0;277;210;231;26;2.48;2.48;2.48;2.48;-5;0;0;0;0;14.1;85;27;4.2;27;-;11;51;844;3348;5;4434.0;21.0;24.5;0;0;0;0;0;1;
2026.08.27;20:21:17.3;0.00;0.00;4;0;44;93;0;277;672;588;26;2.48;2.48;2.48;2.48;21;0;0;0;0;14.1;85;27;4.2;27;-;11;51;844;2325;5;4617.0;58.7;55.0;5;0;95;0;0;1;
2026.08.27;20:21:17.8;0.01;0.01;771;639;43;94;7;277;672;588;26;7.17;7.17;7.17;7.17;21;0;0;0;0;14.1;85;27;4.2;28;-;11;51;844;2288;30;4229.0;58.7;55.0;5;0;95;0;0;1;
2026.08.27;20:21:18.2;0.01;0.01;771;639;43;94;7;277;567;588;26;7.17;7.17;7.17;7.17;10;0;0;0;0;14.1;85;27;4.2;31;-;11;51;844;2288;30;4229.0;60.8;63.5;19;21;44;0;0;0;
2026.08.27;20:21:18.7;-0.00;-0.00;78;87;41;93;15;277;567;588;26;6.29;6.29;6.29;6.29;18;0;0;0;0;14.2;85;27;4.2;31;-;11;51;844;2514;30;5000.0;60.8;63.5;19;21;44;0;0;0;
2026.08.27;20:21:19.2;-0.01;-0.01;659;673;41;93;22;277;567;588;26;6.71;6.71;6.71;6.71;18;0;0;0;0;14.2;85;27;4.2;33;-;11;51;844;2706;32;5000.0;67.1;69.4;20;22;49;0;0;0;
2026.08.27;20:21:19.6;-0.01;-0.01;659;673;41;93;22;277;567;588;26;6.71;6.71;6.71;6.71;21;0;0;0;0;14.2;85;27;4.2;36;-;11;51;844;2706;32;5000.0;70.3;73.8;18;19;43;0;0;0;
2026.08.27;20:21:20.1;0.02;0.02;151;117;39;92;33;277;567;588;26;6.52;6.52;6.52;6.52;22;0;0;0;0;14.2;85;27;4.2;36;-;11;51;844;2879;32;3795.0;70.3;73.8;18;19;43;0;0;0;
2026.08.27;20:21:20.5;0.01;0.01;78;97;37;90;41;277;546;567;26;6.13;6.13;6.13;6.13;22;0;0;0;0;14.2;85;27;4.2;38;-;11;50;844;2879;33;3795.0;71.4;75.0;15;16;45;0;0;0;
2026.08.27;20:21:21.0;0.01;0.01;78;97;37;90;41;277;525;546;26;6.13;6.13;6.13;6.13;24;0;0;0;0;14.1;85;27;4.2;38;-;11;50;844;3067;33;5000.0;70.7;73.6;10;10;50;0;0;0;
2026.08.27;20:21:21.4;-0.00;-0.00;683;634;35;90;51;240;525;546;26;5.80;5.80;5.80;5.80;24;0;0;0;0;14.1;85;27;4.2;41;-;11;50;844;3237;33;5000.0;70.7;73.6;10;10;50;0;0;0;
2026.08.27;20:21:21.9;-0.00;-0.00;683;634;35;90;51;240;504;546;26;5.80;5.80;5.80;5.80;24;0;0;0;0;14.1;85;27;4.2;43;-;11;49;844;3237;33;5000.0;72.8;77.5;10;11;47;0;0;0;
2026.08.27;20:21:22.3;-0.01;-0.01;737;649;33;88;59;240;504;546;26;5.47;5.47;5.47;5.47;9;0;0;0;0;14.1;85;27;4.2;43;-;11;49;844;3396;33;5000.0;72.8;77.5;10;11;47;0;0;0;
2026.08.27;20:21:22.8;0.00;0.00;24;776;26;87;0;240;273;420;26;0.00;0.00;0.00;0.00;9;0;0;0;0;14.1;85;27;4.2;44;-;15;49;844;3396;3;5000.0;36.4;53.3;0;0;0;0;0;1;
2026.08.27;20:21:23.2;0.00;0.00;24;776;26;87;0;240;189;210;26;0.00;0.00;0.00;0.00;0;0;0;0;0;14.1;85;27;4.2;44;-;15;49;844;2837;0;3694.0;17.4;19.9;0;0;0;0;0;1;
2026.08.27;20:21:23.7;0.00;0.00;0;0;28;86;0;240;189;210;26;2.55;2.55;2.55;2.55;31;0;0;0;0;14.1;85;27;4.2;44;-;15;49;844;2074;0;3448.0;17.4;19.9;0;0;0;0;0;1;
2026.08.27;20:21:24.1;0.02;0.02;585;141;33;85;4;240;399;336;26;4.50;4.50;4.50;4.50;31;0;0;0;0;14.1;85;27;4.2;44;-;15;49;844;2074;20;3448.0;37.9;31.9;0;0;0;0;0;1;
2026.08.27;20:21:24.6;0.02;0.02;585;141;33;85;4;240;567;588;26;4.50;4.50;4.50;4.50;16;0;0;0;0;14.1;85;27;4.2;44;-;15;50;844;2411;20;2660.0;63.0;65.1;19;19;46;0;0;1;
2026.08.27;20:21:25.0;-0.02;-0.02;786;693;35;85;14;240;567;588;26;7.05;7.05;7.05;7.05;16;0;0;0;0;14.1;85;27;4.2;45;-;15;50;844;2482;26;3923.0;63.0;65.1;19;19;46;0;0;1;
2026.08.27;20:21:25.5;-0.02;-0.02;786;693;35;85;14;240;588;609;26;7.05;7.05;7.05;7.05;21;0;0;0;0;14.1;85;27;4.2;47;-;15;50;844;2482;27;3923.0;69.3;72.6;25;26;47;0;0;0;
2026.08.27;20:21:25.9;-0.03;-0.03;747;683;37;85;22;240;357;420;26;6.97;6.97;6.97;6.97;17;0;0;0;0;14.1;85;27;4.2;47;-;15;49;844;2575;27;5000.0;35.1;41.5;0;0;0;0;0;0;
2026.08.27;20:21:26.4;-0.04;-0.04;48;117;35;83;15;240;357;420;26;2.89;2.89;2.89;2.89;17;0;0;0;0;14.1;85;27;4.2;49;-;15;49;844;2627;16;3501.0;35.1;41.5;0;0;0;0;0;0;
2026.08.27;20:21:26.8;-0.04;-0.04;48;117;35;83;15;240;315;315;26;2.89;2.89;2.89;2.89;28;0;0;0;0;14.1;85;27;4.2;49;-;15;49;844;2627;16;3501.0;31.6;32.5;0;0;0;0;0;0;
2026.08.27;20:21:27.3;0.05;0.05;83;63;36;82;18;240;315;315;26;3.03;3.03;3.03;3.03;29;0;0;0;0;14.1;85;27;4.2;49;-;15;49;844;2645;16;3687.0;31.6;32.5;0;0;0;0;0;0;
2026.08.27;20:21:27.7;0.06;0.06;87;78;37;82;20;240;315;315;26;2.94;2.94;2.94;2.94;29;0;0;0;0;14.1;85;27;4.2;50;-;13;49;844;2645;16;3687.0;31.7;32.5;0;0;0;0;0;0;
2026.08.27;20:21:28.2;0.06;0.06;87;78;37;82;20;240;294;294;26;2.94;2.94;2.94;2.94;30;0;0;0;0;14.1;85;27;4.2;50;-;13;49;844;2681;16;5000.0;29.7;30.6;0;0;0;0;0;0;
2026.08.27;20:21:28.6;0.07;0.07;439;102;39;81;22;219;294;294;26;2.86;2.86;2.86;2.86;30;0;0;0;0;14.1;86;27;4.2;50;-;13;49;844;2681;16;5000.0;29.7;30.6;0;0;0;0;0;0;
2026.08.27;20:21:29.1;0.03;0.03;732;224;40;81;30;219;294;294;26;3.03;3.03;3.03;3.03;30;0;0;0;0;14.1;86;27;4.2;50;-;13;49;844;2681;17;5000.0;29.4;30.9;0;0;0;0;0;0;
2026.08.27;20:21:29.5;0.03;0.03;732;224;40;81;30;219;357;378;26;3.03;3.03;3.03;3.03;28;0;0;0;0;14.1;86;27;4.2;50;-;13;49;844;2718;17;5000.0;38.1;39.3;0;0;0;0;0;0;
2026.08.27;20:21:30.0;0.00;0.00;68;73;41;81;37;219;357;378;26;3.41;3.41;3.41;3.41;28;0;0;0;0;14.1;86;27;4.2;51;-;13;49;844;2763;19;3990.0;38.1;39.3;0;0;0;0;0;0;
2026.08.27;20:21:30.4;0.00;0.00;68;73;41;81;37;219;357;357;26;3.41;3.41;3.41;3.41;28;0;0;0;0;14.1;86;27;4.2;52;-;13;49;844;2763;19;3990.0;37.3;38.9;0;0;0;0;0;0;
2026.08.27;20:21:30.9;0.02;0.02;107;83;41;80;41;219;357;357;26;3.42;3.42;3.42;3.42;28;0;0;0;0;14.1;86;27;4.2;52;-;13;49;844;2796;19;5000.0;37.3;38.9;0;0;0;0;0;0;
2026.08.27;20:21:31.3;-0.00;-0.00;776;625;41;80;46;219;357;378;26;3.41;3.41;3.41;3.41;28;0;0;0;0;14.1;86;27;4.1;52;-;13;49;844;2844;19;5000.0;38.5;40.4;0;0;0;0;0;0;
2026.08.27;20:21:31.8;-0.00;-0.00;776;625;41;80;46;219;378;399;26;3.41;3.41;3.41;3.41;28;0;0;0;0;14.1;86;27;4.1;53;-;13;49;844;2844;19;5000.0;41.2;43.0;0;0;0;0;0;0;
2026.08.27;20:21:32.2;0.00;0.00;634;131;42;79;53;219;378;399;26;3.60;3.60;3.60;3.60;29;0;0;0;0;14.1;86;27;4.1;53;-;13;49;844;2879;19;5000.0;41.2;43.0;0;0;0;0;0;0;
2026.08.27;20:21:32.7;0.02;0.02;63;58;41;79;32;219;252;294;26;2.24;2.24;2.24;2.24;29;0;0;0;0;14.1;86;27;4.1;54;-;16;49;844;2879;14;5000.0;26.6;32.0;0;0;0;0;0;0;
2026.08.27;20:21:33.1;0.02;0.02;63;58;41;79;32;219;210;231;26;2.24;2.24;2.24;2.24;34;0;0;0;0;14.1;86;27;4.1;54;-;16;49;844;2879;13;5000.0;20.5;24.0;0;0;0;0;0;0;
2026.08.27;20:21:33.6;-0.00;-0.00;800;732;41;78;32;219;210;231;26;1.88;1.88;1.88;1.88;43;0;0;0;0;14.1;86;27;4.1;54;-;16;49;844;2879;13;3826.0;20.5;24.0;0;0;0;0;0;0;
2026.08.27;20:21:34.0;0.00;0.00;766;483;40;77;35;219;210;231;26;1.88;1.88;1.88;1.88;43;0;0;0;0;14.1;86;27;4.1;54;-;16;49;844;2879;13;3826.0;21.3;23.5;0;0;0;0;0;0;
2026.08.27;20:21:34.5;0.00;0.00;766;483;40;77;35;219;189;210;26;1.88;1.88;1.88;1.88;31;0;0;0;0;14.1;86;27;4.1;54;-;16;50;844;2886;11;4481.0;19.7;21.3;0;0;0;0;0;0;
2026.08.27;20:21:34.9;0.00;0.00;87;73;40;78;35;219;189;210;26;1.75;1.75;1.75;1.75;29;0;0;0;0;14.1;86;27;4.1;54;-;16;50;844;2879;11;5000.0;19.7;21.3;0;0;0;0;0;0;
2026.08.27;20:21:35.4;0.00;0.00;87;73;40;78;35;219;189;210;26;1.75;1.75;1.75;1.75;29;0;0;0;0;14.1;86;27;4.1;53;-;16;50;844;2879;11;5000.0;19.5;21.2;0;0;0;0;0;0;
2026.08.27;20:21:35.8;0.02;0.02;102;102;37;76;37;198;189;210;26;1.76;1.76;1.76;1.76;26;0;0;0;0;14.2;85;27;4.1;53;-;16;50;844;2872;11;5000.0;19.5;21.2;0;0;0;0;0;0;
2026.08.27;20:21:36.3;-0.04;-0.04;712;678;35;76;39;198;189;210;26;1.64;1.64;1.64;1.64;26;0;0;0;0;14.2;85;27;4.1;53;-;16;50;844;2830;11;4741.0;19.3;21.5;0;0;0;0;0;0;
2026.08.27;20:21:36.7;-0.04;-0.04;712;678;35;76;39;198;189;210;26;1.64;1.64;1.64;1.64;24;0;0;0;0;14.2;85;27;4.1;53;-;16;50;844;2830;11;4741.0;19.5;21.0;0;0;0;0;0;0;
2026.08.27;20:21:37.2;-0.04;-0.04;595;659;34;76;40;198;189;210;26;1.65;1.65;1.65;1.65;24;0;0;0;0;14.2;85;27;4.1;53;-;16;50;844;2865;11;4571.0;19.5;21.0;0;0;0;0;0;0;
2026.08.27;20:21:37.6;-0.02;-0.02;732;668;32;74;42;198;189;210;26;1.70;1.70;1.70;1.70;24;0;0;0;0;14.1;85;27;4.1;53;-;13;50;844;2844;11;5000.0;19.3;21.1;0;0;0;0;0;0;
2026.08.27;20:21:38.1;-0.02;-0.02;732;668;32;74;42;198;189;210;26;1.70;1.70;1.70;1.70;26;0;0;0;0;14.1;85;27;4.1;53;-;13;50;844;2844;11;5000.0;19.3;21.3;0;0;0;0;0;0;
2026.08.27;20:21:38.5;-0.01;-0.01;732;615;30;74;44;198;189;210;26;1.79;1.79;1.79;1.79;36;0;0;0;0;14.1;85;27;4.1;53;-;13;50;844;2844;11;5000.0;19.3;21.3;0;0;0;0;0;0;
2026.08.27;20:21:39.0;-0.02;-0.02;825;737;30;73;44;198;210;252;26;1.77;1.77;1.77;1.77;36;0;0;0;0;14.1;85;27;4.1;53;-;13;50;844;2844;0;5000.0;20.2;27.5;0;0;0;0;0;0;
2026.08.27;20:21:39.4;-0.02;-0.02;825;737;30;73;44;198;189;210;26;1.77;1.77;1.77;1.77;24;0;0;0;0;14.1;85;27;4.1;53;-;13;50;844;2865;0;4265.0;19.3;21.7;0;0;0;0;1;0;
2026.08.27;20:21:39.9;0.00;0.00;63;58;29;73;42;198;189;210;26;1.77;1.77;1.77;1.77;1;0;0;0;0;14.1;85;27;4.1;53;-;13;50;844;2810;0;5000.0;19.3;21.7;0;0;0;0;1;0;
2026.08.27;20:21:40.3;0.00;0.00;14;24;27;72;0;198;189;210;26;0.00;0.00;0.00;0.00;1;0;0;0;0;14.1;85;27;4.1;51;-;13;50;844;2810;0;5000.0;18.8;21.5;0;0;0;0;1;0;
2026.08.27;20:21:40.8;0.00;0.00;14;24;27;72;0;198;189;210;26;0.00;0.00;0.00;0.00;6;0;0;0;0;14.1;85;27;4.1;51;-;13;50;844;2706;0;5000.0;19.0;21.1;0;0;0;0;1;0;
2026.08.27;20:21:41.2;0.00;0.00;0;0;32;71;0;198;189;210;26;0.00;0.00;0.00;0.00;6;0;0;0;0;14.1;85;27;4.1;50;-;13;50;844;2675;0;5000.0;19.0;21.1;0;0;0;0;0;0;
2026.08.27;20:21:41.7;0.00;0.00;19;0;40;70;0;198;189;210;26;2.29;2.29;2.29;2.29;6;0;0;0;0;14.1;85;27;4.1;50;-;13;50;844;2675;10;5000.0;18.7;20.2;0;0;0;0;0;0;
2026.08.27;20:21:42.1;0.00;0.00;19;0;40;70;0;198;483;462;26;2.29;2.29;2.29;2.29;12;0;0;0;0;14.1;85;27;4.1;50;-;13;50;844;2663;10;4016.0;51.8;50.3;0;0;0;0;0;0;
2026.08.27;20:21:42.6;-0.01;-0.01;63;92;42;71;0;202;483;462;26;4.76;4.76;4.76;4.76;12;0;0;0;0;14.1;85;27;4.1;50;-;14;50;844;2706;23;5000.0;51.8;50.3;0;0;0;0;0;0;
2026.08.27;20:21:43.0;-0.00;-0.00;68;107;42;71;0;202;483;504;26;4.83;4.83;4.83;4.83;25;0;0;0;0;14.1;85;27;4.1;51;-;14;50;844;2706;23;5000.0;52.4;54.2;0;0;0;0;0;0;
2026.08.27;20:21:43.5;-0.00;-0.00;68;107;42;71;0;202;462;483;26;4.83;4.83;4.83;4.83;25;0;0;0;0;14.1;85;27;4.1;51;-;14;50;844;2776;23;3798.0;52.2;54.4;0;0;0;0;0;0;
2026.08.27;20:21:43.9;0.02;0.02;209;112;42;71;0;202;462;483;26;4.72;4.72;4.72;4.72;26;0;0;0;0;14.1;85;27;4.1;52;-;14;50;844;2830;23;4033.0;52.2;54.4;0;0;0;0;0;0;
2026.08.27;20:21:44.4;-0.01;-0.01;53;180;40;70;0;202;252;399;26;1.92;1.92;1.92;1.92;26;0;0;0;0;14.1;85;27;4.1;53;-;14;50;844;2830;0;4033.0;26.2;40.7;0;0;0;0;0;0;
2026.08.27;20:21:44.8;-0.01;-0.01;53;180;40;70;0;202;189;210;26;1.92;1.92;1.92;1.92;24;0;0;0;0;14.1;85;27;4.1;53;-;14;50;844;2865;0;4558.0;19.9;21.2;0;0;0;0;0;0;
2026.08.27;20:21:45.3;0.06;0.06;63;48;38;70;0;202;189;210;26;1.84;1.84;1.84;1.84;24;0;0;0;0;14.1;85;27;4.1;53;-;14;50;844;2796;0;5000.0;19.9;21.2;0;0;0;0;0;0;
2026.08.27;20:21:45.8;0.06;0.06;63;48;38;70;0;202;189;210;26;1.84;1.84;1.84;1.84;-4;0;0;0;0;14.1;85;27;4.1;52;-;14;50;844;2796;0;5000.0;19.7;20.9;0;0;0;0;0;0;
2026.08.27;20:21:46.2;0.00;0.00;9;14;35;69;0;202;189;210;26;0.00;0.00;0.00;0.00;6;0;0;0;0;14.1;85;27;4.1;52;-;14;50;844;2790;0;4411.0;19.4;21.3;0;0;0;0;0;0;
2026.08.27;20:21:46.7;0.00;0.00;0;0;41;68;0;202;189;210;26;0.00;0.00;0.00;0.00;6;0;0;0;0;14.1;85;27;4.1;52;-;14;50;844;2757;0;5000.0;19.4;21.3;0;0;0;0;0;0;
2026.08.27;20:21:47.1;0.00;0.00;0;0;41;68;0;202;189;210;26;0.00;0.00;0.00;0.00;7;0;0;0;0;14.1;85;27;4.1;51;-;12;50;844;2757;0;5000.0;19.2;20.6;0;0;0;0;0;0;
2026.08.27;20:21:47.6;0.00;0.00;0;0;48;68;0;202;189;210;26;0.00;0.00;0.00;0.00;7;0;0;0;0;14.1;85;27;4.1;51;-;12;50;844;2731;0;5000.0;19.2;20.6;0;0;0;0;0;0;
2026.08.27;20:21:48.0;0.00;0.00;0;0;55;68;0;202;189;210;26;0.00;0.00;0.00;0.00;7;0;0;0;0;14.2;85;27;4.1;51;-;12;50;844;2706;0;4624.0;19.0;20.4;0;0;0;0;0;0;
2026.08.27;20:21:48.5;0.00;0.00;0;0;55;68;0;202;189;210;26;0.00;0.00;0.00;0.00;7;0;0;0;0;14.2;85;27;4.1;50;-;12;50;844;2706;0;4624.0;18.7;19.5;0;0;0;0;0;0;
2026.08.27;20:21:48.9;0.00;0.00;0;0;62;68;0;202;189;210;26;0.00;0.00;0.00;0.00;7;0;0;0;0;14.2;85;27;4.1;50;-;12;50;844;2681;0;5000.0;18.7;19.5;0;0;0;0;0;0;
2026.08.27;20:21:49.4;0.00;0.00;48;9;66;68;0;202;189;210;26;2.85;2.85;2.85;2.85;7;0;0;0;0;14.2;85;27;4.1;50;-;12;50;844;2681;13;5000.0;18.6;19.5;0;0;0;0;0;0;
2026.08.27;20:21:49.8;0.00;0.00;48;9;66;68;0;194;189;231;26;2.85;2.85;2.85;2.85;27;0;0;0;0;14.2;85;27;4.1;50;-;12;50;844;2687;13;5000.0;18.5;20.9;0;0;0;0;0;0;
2026.08.27;20:21:50.3;0.05;0.05;39;39;66;69;0;194;189;231;26;1.78;1.78;1.78;1.78;27;0;0;0;0;14.1;85;27;4.1;50;-;12;50;844;2669;0;3554.0;18.5;20.9;0;0;0;0;0;0;
2026.08.27;20:21:50.7;0.05;0.05;39;39;66;69;0;194;189;210;26;1.78;1.78;1.78;1.78;20;0;0;0;0;14.1;85;27;4.1;50;-;12;50;844;2669;0;3554.0;18.6;19.3;0;0;0;0;1;0;
2026.08.27;20:21:51.2;0.11;0.11;39;43;63;69;0;194;189;210;26;1.90;1.90;1.90;1.90;-13;0;0;0;0;14.1;85;27;4.1;50;-;12;50;844;2621;0;3142.0;18.6;19.3;0;0;0;0;1;0;
2026.08.27;20:21:51.6;0.00;0.00;4;4;61;68;0;194;189;210;26;0.00;0.00;0.00;0.00;-13;0;0;0;0;14.1;85;27;4.1;48;-;12;50;844;2558;0;3611.0;18.4;19.1;0;0;0;0;1;0;
2026.08.27;20:21:52.1;0.00;0.00;4;4;61;68;0;194;189;210;26;0.00;0.00;0.00;0.00;6;0;0;0;0;14.1;85;27;4.1;47;-;13;50;844;2558;0;3611.0;18.0;19.0;0;0;0;0;1;0;
2026.08.27;20:21:52.5;0.00;0.00;0;0;64;69;0;194;189;210;26;0.00;0.00;0.00;0.00;5;0;0;0;0;14.0;85;27;4.1;47;-;13;50;844;2472;0;5000.0;18.0;19.0;0;0;0;0;1;0;
2026.08.27;20:21:53.0;0.00;0.00;0;0;0;0;0;194;189;210;26;0.00;0.00;0.00;0.00;5;0;0;0;0;14.0;85;27;4.1;46;-;13;50;844;2472;0;5000.0;17.7;19.0;0;0;0;0;1;0;
2026.08.27;20:21:53.4;0.00;0.00;0;0;0;0;0;194;189;210;26;0.00;0.00;0.00;0.00;6;0;0;0;0;14.0;84;27;4.1;46;-;13;50;844;2451;0;4828.0;17.3;18.4;0;0;0;0;1;0;
2026.08.27;20:21:53.9;0.00;0.00;0;0;73;68;0;194;189;210;26;0.00;0.00;0.00;0.00;6;0;0;0;0;14.0;84;27;4.1;45;-;13;50;844;2381;0;5000.0;17.3;18.4;0;0;0;0;1;0;
2026.08.27;20:21:54.3;0.00;0.00;0;0;73;68;0;194;189;210;26;0.00;0.00;0.00;0.00;4;0;0;0;0;14.0;84;27;4.1;44;-;13;50;844;2381;0;5000.0;17.3;18.5;0;0;0;0;1;0;
2026.08.27;20:21:54.8;0.00;0.00;0;0;77;70;0;194;189;210;26;0.00;0.00;0.00;0.00;5;0;0;0;0;14.1;84;27;4.1;44;-;13;50;844;2339;0;5000.0;17.3;18.5;0;0;0;0;1;0;
2026.08.27;20:21:55.2;0.00;0.00;0;0;80;70;0;194;189;210;26;0.00;0.00;0.00;0.00;5;0;0;0;0;14.1;84;27;4.1;43;-;13;50;844;2146;0;5000.0;16.6;17.9;0;0;0;0;1;0;
2026.08.27;20:21:55.7;0.00;0.00;0;0;80;70;0;194;189;210;26;0.00;0.00;0.00;0.00;5;0;0;0;0;14.1;84;27;4.1;42;-;13;50;844;2146;0;5000.0;12.4;13.8;0;0;0;0;1;1;
2026.08.27;20:21:56.1;0.00;0.00;0;0;82;70;0;194;189;210;26;2.63;2.63;2.63;2.63;6;0;0;0;0;14.1;84;27;4.1;42;-;13;50;844;1333;0;2178.0;12.4;13.8;0;0;0;0;1;1;
2026.08.27;20:21:56.6;0.00;0.00;473;29;86;73;0;194;189;210;26;2.10;2.10;2.10;2.10;6;0;0;0;0;14.1;84;27;4.1;41;-;13;50;844;1333;0;2178.0;7.5;7.8;0;0;0;0;1;0;
2026.08.27;20:21:57.0;0.00;0.00;473;29;86;73;0;197;336;252;26;2.10;2.10;2.10;2.10;23;0;0;0;0;13.7;84;26;4.1;39;-;13;50;844;929;0;2069.0;9.6;6.8;0;0;0;0;1;0;
2026.08.27;20:21:57.5;-0.00;-0.00;795;800;85;71;0;197;336;252;26;2.74;2.74;2.74;2.74;-4;0;0;0;0;13.7;84;26;4.1;39;-;13;50;844;736;0;2046.0;9.6;6.8;0;0;0;0;1;0;
2026.08.27;20:21:57.9;-0.00;-0.00;722;63;84;70;0;197;399;378;26;3.21;3.21;3.21;3.21;-4;0;0;0;0;13.7;84;26;4.1;37;-;13;50;844;736;0;2046.0;10.8;10.2;0;0;0;0;1;0;
2026.08.27;20:21:58.4;-0.00;-0.00;722;63;84;70;0;197;336;357;26;3.21;3.21;3.21;3.21;-5;0;0;0;0;13.7;84;26;4.1;37;-;13;51;844;775;0;1747.0;9.0;9.2;0;0;0;0;1;0;
2026.08.27;20:21:58.8;-0.01;-0.01;761;771;84;70;0;197;336;357;26;2.85;2.85;2.85;2.85;-5;0;0;0;0;14.0;84;26;4.1;33;-;13;51;844;754;0;1618.0;9.0;9.2;0;0;0;0;1;0;
2026.08.27;20:21:59.3;-0.01;-0.01;761;771;84;70;0;197;357;357;26;2.85;2.85;2.85;2.85;-2;0;0;0;0;14.0;84;26;4.1;29;-;13;51;844;754;0;1618.0;9.0;8.8;0;0;0;0;1;0;
2026.08.27;20:21:59.7;0.01;0.01;63;58;85;71;0;197;357;357;26;2.88;2.88;2.88;2.88;-4;0;0;0;0;14.0;84;26;4.1;29;-;13;51;844;758;0;2007.0;9.0;8.8;0;0;0;0;1;0;
2026.08.27;20:22:00.2;0.02;0.02;73;68;84;70;0;197;357;336;26;2.88;2.88;2.88;2.88;-4;0;0;0;0;14.0;84;26;4.1;25;-;13;51;844;758;0;2007.0;9.0;8.8;0;0;0;0;1;0;
2026.08.27;20:22:00.6;0.02;0.02;73;68;84;70;0;197;336;336;26;2.88;2.88;2.88;2.88;-2;0;0;0;0;14.0;83;26;4.1;25;-;13;51;844;749;0;1478.0;8.8;8.8;0;0;0;0;1;0;
2026.08.27;20:22:01.1;0.03;0.03;102;78;84;70;0;197;336;336;26;2.83;2.83;2.83;2.83;-2;0;0;0;0;14.1;83;26;4.1;21;-;13;51;844;756;0;1986.0;8.8;8.8;0;0;0;0;1;0;
2026.08.27;20:22:01.5;0.03;0.03;102;78;84;70;0;197;336;336;26;2.83;2.83;2.83;2.83;-2;0;0;0;0;14.1;83;26;4.1;16;-;13;51;844;756;0;1986.0;8.7;8.7;0;0;0;0;1;0;
2026.08.27;20:22:02.0;0.03;0.03;546;117;84;71;0;197;336;336;26;2.84;2.84;2.84;2.84;-3;0;0;0;0;14.1;83;26;4.1;16;-;13;51;844;757;0;1661.0;8.6;8.6;0;0;0;0;1;0;
2026.08.27;20:22:02.4;0.01;0.01;742;708;84;70;0;197;336;336;26;2.79;2.79;2.79;2.79;-3;0;0;0;0;14.1;83;26;4.1;11;-;12;51;844;743;0;1819.0;8.6;8.6;0;0;0;0;1;0;
2026.08.27;20:22:02.9;0.00;0.00;751;727;0;0;0;197;336;336;26;2.77;2.77;2.77;2.79;-2;0;0;0;0;14.1;83;26;4.1;7;-;12;51;844;743;0;1819.0;8.8;8.6;0;0;0;0;1;0;
2026.08.27;20:22:03.3;0.00;0.00;751;727;0;0;0;197;336;336;26;2.77;2.77;2.77;2.77;0;0;0;0;0;14.1;83;26;4.1;7;-;12;51;844;748;0;2133.0;8.7;8.7;0;0;0;0;1;0;
2026.08.27;20:22:03.8;-0.01;-0.01;732;742;88;73;0;197;336;336;26;2.77;2.77;2.77;2.77;0;0;0;0;0;14.1;83;26;4.1;4;-;12;51;844;748;0;2133.0;8.7;8.7;0;0;0;0;1;0;
2026.08.27;20:22:04.2;-0.01;-0.01;732;742;88;73;0;250;336;336;26;2.77;2.77;2.77;2.77;-2;0;0;0;0;14.1;84;26;4.1;4;-;12;51;844;748;0;1766.0;8.7;8.4;0;0;0;0;1;0;
2026.08.27;20:22:04.7;-0.01;-0.01;737;756;87;73;0;250;336;336;26;2.71;2.71;2.71;2.71;-2;0;0;0;0;14.1;84;26;4.1;3;-;12;51;844;744;0;2073.0;8.7;8.4;0;0;0;0;1;0;
2026.08.27;20:22:05.1;-0.00;-0.00;336;673;85;71;0;250;336;336;26;2.77;2.77;2.77;2.77;0;0;0;0;0;14.1;84;26;4.1;1;-;12;51;844;744;0;2073.0;8.8;8.6;0;0;0;0;1;0;
2026.08.27;20:22:05.6;-0.00;-0.00;336;673;85;71;0;250;336;336;26;2.77;2.77;2.77;2.77;0;0;0;0;0;14.0;84;26;4.1;1;-;12;51;844;745;0;2313.0;8.7;8.6;0;0;0;0;1;0;
2026.08.27;20:22:06.0;0.00;0.00;322;97;84;71;0;250;336;336;26;2.74;2.74;2.74;2.74;0;0;0;0;0;14.0;84;26;4.1;1;-;12;51;844;756;0;1928.0;8.7;8.6;0;0;0;0;1;0;
2026.08.27;20:22:06.5;0.00;0.00;322;97;84;71;0;250;336;336;26;2.74;2.74;2.74;2.74;1;0;0;0;0;14.0;84;26;4.1;0;-;12;51;844;756;0;1928.0;8.6;8.4;0;0;0;0;1;0;
2026.08.27;20:22:06.9;-0.02;-0.02;742;727;85;72;0;250;336;336;26;2.67;2.67;2.67;2.67;1;0;0;0;0;14.0;84;26;4.1;0;-;12;51;844;754;0;2262.0;8.6;8.4;0;0;0;0;1;0;
2026.08.27;20:22:07.4;-0.00;-0.00;102;317;84;71;0;250;336;336;26;2.69;2.69;2.69;2.69;1;0;0;0;0;14.1;84;27;4.1;0;-;12;51;844;750;0;2266.0;8.6;8.4;0;0;0;0;1;0;
2026.08.27;20:22:07.8;-0.00;-0.00;102;317;84;71;0;250;336;336;26;2.69;2.69;2.69;2.69;0;0;0;0;0;14.1;84;27;4.1;0;-;12;51;844;750;0;2266.0;8.6;8.5;0;0;0;0;1;0;
2026.08.27;20:22:08.3;-0.02;-0.02;717;463;87;74;0;250;336;336;26;2.66;2.66;2.66;2.66;-2;0;0;0;0;14.1;84;27;4.1;0;-;12;51;844;751;0;1648.0;8.6;8.5;0;0;0;0;1;0;
2026.08.27;20:22:08.7;-0.02;-0.02;551;708;86;73;0;250;336;336;26;2.73;2.73;2.73;2.73;-2;0;0;0;0;14.1;84;27;4.1;0;-;12;51;844;751;0;1648.0;8.7;8.7;0;0;0;0;1;0;
2026.08.27;20:22:09.2;-0.02;-0.02;551;708;86;73;0;250;336;336;26;2.73;2.73;2.73;2.73;-3;0;0;0;0;14.1;84;27;4.1;0;-;12;51;844;748;0;2068.0;8.8;8.7;0;0;0;0;1;0;
2026.08.27;20:22:09.6;-0.03;-0.03;712;644;89;75;4;250;336;336;26;2.70;2.70;2.70;2.70;4;0;0;0;0;14.0;84;27;4.2;0;-;12;51;844;742;0;2361.0;8.8;8.7;0;0;0;0;1;0;
2026.08.27;20:22:10.1;-0.01;-0.01;126;576;87;74;6;250;357;336;26;2.77;2.77;2.77;2.77;4;0;0;0;0;14.0;84;27;4.2;0;-;12;51;844;746;0;1571.0;9.0;8.8;0;0;0;0;1;0;
2026.08.27;20:22:10.5;-0.01;-0.01;126;576;87;74;6;250;336;336;26;2.77;2.77;2.77;2.77;0;0;0;0;0;14.0;84;27;4.2;0;-;12;51;844;746;0;1571.0;8.8;8.8;0;0;0;0;1;0;
2026.08.27;20:22:11.0;-0.03;-0.03;756;668;86;73;7;277;336;336;26;2.71;2.71;2.71;2.71;-1;0;0;0;0;14.0;85;27;4.2;0;-;12;51;844;753;0;1381.0;8.8;8.8;0;0;0;0;1;0;
2026.08.27;20:22:11.4;-0.04;-0.04;703;727;85;73;8;277;357;336;26;2.71;2.71;2.71;2.71;-1;0;0;0;0;14.0;85;27;4.2;0;-;12;51;844;753;0;1381.0;8.9;8.8;0;0;0;0;1;0;
2026.08.27;20:22:11.9;-0.04;-0.04;703;727;85;73;8;277;357;336;26;2.71;2.71;2.71;2.71;-1;0;0;0;0;13.9;85;27;4.2;0;-;12;51;844;754;0;1848.0;8.8;8.7;0;0;0;0;1;0;
2026.08.27;20:22:12.3;-0.04;-0.04;615;712;86;74;9;277;357;336;26;2.71;2.71;2.71;2.71;-1;0;0;0;0;13.9;85;27;4.2;0;-;13;51;844;754;0;1667.0;8.8;8.7;0;0;0;0;1;0;
2026.08.27;20:22:12.8;-0.04;-0.04;615;712;86;74;9;277;336;336;26;2.71;2.71;2.71;2.71;-1;0;0;0;0;13.9;85;27;4.2;0;-;13;51;844;754;0;1667.0;8.7;8.8;0;0;0;0;1;0;
2026.08.27;20:22:13.2;-0.02;-0.02;205;117;85;72;10;277;336;336;26;2.73;2.73;2.73;2.73;-3;0;0;0;0;13.9;85;27;4.2;0;-;13;51;844;749;0;2032.0;8.6;8.8;0;0;0;0;1;0;
2026.08.27;20:22:13.7;-0.04;-0.04;717;722;89;76;11;277;336;336;26;2.67;2.67;2.67;2.67;-3;0;0;0;0;14.1;85;27;4.2;0;-;13;51;844;744;0;1701.0;8.6;8.8;0;0;0;0;1;0;
2026.08.27;20:22:14.2;-0.04;-0.04;717;722;89;76;11;277;357;336;26;2.67;2.67;2.67;2.67;-1;0;0;0;0;14.1;85;27;4.2;0;-;13;51;844;744;0;1701.0;8.8;8.7;0;0;0;0;1;0;
2026.08.27;20:22:14.6;-0.03;-0.03;92;97;85;73;11;277;357;336;26;2.71;2.71;2.71;2.71;-4;0;0;0;0;14.1;85;27;4.2;0;-;13;51;844;751;0;1985.0;8.8;8.7;0;0;0;0;1;0;
2026.08.27;20:22:15.1;-0.02;-0.02;541;131;88;76;12;277;336;336;26;2.72;2.72;2.72;2.72;-4;0;0;0;0;14.1;85;27;4.2;0;-;13;51;844;751;0;1985.0;8.8;9.0;0;0;0;0;1;0;
2026.08.27;20:22:15.5;-0.02;-0.02;541;131;88;76;12;277;357;357;26;2.72;2.72;2.72;2.72;-1;0;0;0;0;14.1;85;27;4.2;0;-;13;51;844;737;0;1475.0;9.0;8.9;0;0;0;0;1;0;
2026.08.27;20:22:16.0;-0.02;-0.02;136;595;88;76;13;277;357;357;26;2.74;2.74;2.74;2.74;-3;0;0;0;0;14.0;85;27;4.2;0;-;13;51;844;747;0;1871.0;9.0;8.9;0;0;0;0;1;0;
2026.08.27;20:22:16.4;-0.02;-0.02;170;126;87;76;14;277;336;357;26;2.73;2.73;2.73;2.73;-3;0;0;0;0;14.0;85;27;4.2;0;-;13;51;844;747;0;1871.0;8.7;9.0;0;0;0;0;1;0;
2026.08.27;20:22:16.9;-0.02;-0.02;170;126;87;76;14;277;357;357;26;2.73;2.73;2.73;2.73;-1;0;0;0;0;14.0;85;27;4.2;0;-;13;51;844;742;0;1575.0;8.8;8.9;0;0;0;0;1;0;
2026.08.27;20:22:17.3;-0.03;-0.03;688;668;85;74;14;277;357;357;26;2.66;2.66;2.66;2.66;-2;0;0;0;0;14.0;85;27;4.2;0;-;13;51;844;754;0;1544.0;8.8;8.9;0;0;0;0;1;0;
2026.08.27;20:22:17.8;-0.03;-0.03;688;668;85;74;14;277;357;336;26;2.66;2.66;2.66;2.66;-2;0;0;0;0;14.0;85;27;4.2;0;-;13;51;844;754;0;1544.0;9.0;8.8;0;0;0;0;1;0;
2026.08.27;20:22:18.2;-0.02;-0.02;92;107;85;74;15;277;336;357;26;2.72;2.72;2.72;2.72;0;0;0;0;0;13.9;85;27;4.2;0;-;13;51;844;746;0;2037.0;8.7;9.0;0;0;0;0;1;0;
2026.08.27;20:22:18.7;-0.01;-0.01;136;102;87;76;16;277;336;357;26;2.71;2.71;2.71;2.71;0;0;0;0;0;13.9;85;27;4.2;0;-;13;51;844;758;0;1573.0;8.7;9.0;0;0;0;0;1;0;
2026.08.27;20:22:19.1;-0.01;-0.01;136;102;87;76;16;277;336;357;26;2.71;2.71;2.71;2.71;-3;0;0;0;0;13.9;85;27;4.2;0;-;13;51;844;758;0;1573.0;8.6;8.8;0;0;0;0;1;0;
2026.08.27;20:22:19.6;-0.00;-0.00;297;161;86;75;16;277;336;357;26;2.71;2.71;2.71;2.71;-3;0;0;0;0;13.9;85;27;4.2;0;-;13;51;844;754;0;2476.0;8.6;8.8;0;0;0;0;1;0;
2026.08.27;20:22:20.0;-0.02;-0.02;429;688;86;76;17;277;357;357;26;2.66;2.66;2.66;2.66;-3;0;0;0;0;13.9;85;27;4.2;0;-;13;51;844;754;0;2476.0;8.9;8.8;0;0;0;0;1;0;
2026.08.27;20:22:20.5;-0.02;-0.02;429;688;86;76;17;277;336;357;26;2.66;2.66;2.66;2.66;-5;0;0;0;0;14.0;85;27;4.2;0;-;13;51;844;754;0;1662.0;8.7;9.1;0;0;0;0;1;0;
2026.08.27;20:22:20.9;-0.00;-0.00;97;78;86;76;17;277;336;357;26;2.70;2.70;2.70;2.70;-5;0;0;0;0;14.0;85;27;4.2;0;-;13;51;844;750;0;1396.0;8.7;9.1;0;0;0;0;1;0;
2026.08.27;20:22:21.4;0.01;0.01;112;102;89;78;18;277;336;357;26;2.70;2.70;2.70;2.70;-1;0;0;0;0;14.0;85;27;4.2;0;-;13;51;844;750;0;1396.0;8.7;9.0;0;0;0;0;1;0;
2026.08.27;20:22:21.8;0.01;0.01;112;102;89;78;18;277;357;357;26;2.70;2.70;2.70;2.70;-3;0;0;0;0;14.0;85;27;4.2;0;-;13;51;844;744;0;1544.0;8.7;9.0;0;0;0;0;1;0;
2026.08.27;20:22:22.3;0.01;0.01;136;102;88;79;18;277;357;357;26;2.71;2.71;2.71;2.71;-3;0;0;0;0;14.0;85;27;4.2;0;-;13;51;844;741;0;2131.0;8.7;9.0;0;0;0;0;1;0;
2026.08.27;20:22:22.7;0.01;0.01;136;102;88;79;18;277;336;357;26;2.71;2.71;2.71;2.71;-2;0;0;0;0;14.0;85;27;4.2;0;-;13;51;844;741;0;2131.0;8.7;9.0;0;0;0;0;1;0;
2026.08.27;20:22:23.2;0.02;0.02;302;122;88;79;19;277;336;357;26;2.71;2.71;2.71;2.71;0;0;0;0;0;14.0;85;27;4.2;0;-;13;51;844;744;0;1922.0;8.7;9.0;0;0;0;0;1;0;
2026.08.27;20:22:23.6;0.02;0.02;83;102;88;79;20;277;357;357;26;2.68;2.68;2.68;2.68;0;0;0;0;0;14.0;85;27;4.2;0;-;13;51;844;744;0;1922.0;8.9;9.0;0;0;0;0;1;1;
2026.08.27;20:22:24.1;0.02;0.02;83;102;88;79;20;277;378;357;26;2.68;2.68;2.68;2.68;1;0;0;0;0;14.0;85;27;4.2;0;-;13;51;844;757;0;1499.0;9.7;9.3;0;0;0;0;1;1;
2026.08.27;20:22:24.5;0.03;0.03;87;73;86;77;21;277;378;357;26;2.88;2.88;2.88;2.88;1;0;0;0;0;14.0;85;27;4.2;0;-;13;51;844;744;0;2106.0;9.7;9.3;0;0;0;0;1;1;
2026.08.27;20:22:25.0;0.03;0.03;458;131;87;78;22;277;378;378;26;2.88;2.88;2.88;2.88;-8;0;0;0;0;14.0;85;27;4.2;0;-;13;51;844;744;1;2106.0;9.5;9.6;0;0;0;0;0;1;
2026.08.27;20:22:25.4;0.03;0.03;458;131;87;78;22;310;798;714;26;2.88;2.88;2.88;2.88;7;0;0;0;0;14.0;85;27;4.2;0;-;13;51;844;744;1;2158.0;27.3;26.4;8;0;95;0;0;1;
2026.08.27;20:22:25.9;0.02;0.02;63;63;85;77;58;310;798;714;26;5.01;5.01;5.01;5.01;7;0;0;0;0;14.0;85;27;4.2;0;-;13;51;844;1946;13;4945.0;27.3;26.4;8;0;95;0;0;1;
2026.08.27;20:22:26.3;0.02;0.02;63;63;85;77;58;310;441;399;26;5.01;5.01;5.01;5.01;21;0;0;0;0;14.0;85;27;4.2;2;-;13;51;844;1946;20;4945.0;29.2;27.5;0;0;0;0;0;1;
2026.08.27;20:22:26.8;0.07;0.07;73;53;84;79;82;310;441;399;26;4.67;4.67;4.67;4.67;17;0;0;0;0;14.1;85;27;4.3;2;-;13;51;844;1590;20;4342.0;29.2;27.5;0;0;0;0;0;1;
2026.08.27;20:22:27.2;0.07;0.07;742;688;84;80;80;310;525;567;26;5.02;5.02;5.02;5.02;17;0;0;0;0;14.1;85;27;4.3;6;-;12;51;844;1552;19;2905.0;32.1;34.9;0;0;0;0;0;1;
2026.08.27;20:22:27.7;0.07;0.07;742;688;84;80;80;310;567;588;26;5.02;5.02;5.02;5.02;19;0;0;0;0;14.1;85;27;4.3;10;-;12;51;844;1552;19;2905.0;31.8;33.3;0;0;0;0;0;1;
2026.08.27;20:22:28.1;0.12;0.12;341;131;82;80;95;310;567;588;26;5.40;5.40;5.40;5.40;22;0;0;0;0;14.1;85;27;4.3;10;-;12;51;844;1728;19;5000.0;31.8;33.3;0;0;0;0;0;1;
2026.08.27;20:22:28.6;0.09;0.09;68;78;82;81;77;310;420;462;26;3.73;3.73;3.73;3.73;22;0;0;0;0;14.1;85;27;4.3;13;-;12;51;844;1728;19;5000.0;29.3;33.0;0;0;0;0;0;0;
2026.08.27;20:22:29.0;0.09;0.09;68;78;82;81;77;310;378;399;26;3.73;3.73;3.73;3.73;25;0;0;0;0;14.0;85;27;4.3;13;-;12;51;844;2077;19;4971.0;30.1;32.6;0;0;0;0;0;0;
2026.08.27;20:22:29.5;0.17;0.17;454;161;81;82;80;310;378;399;26;3.57;3.57;3.57;3.57;25;0;0;0;0;14.0;85;27;4.3;16;-;12;51;844;2343;20;3399.0;30.1;32.6;0;0;0;0;0;0;
2026.08.27;20:22:29.9;0.17;0.17;454;161;81;82;80;310;210;294;26;3.57;3.57;3.57;3.57;12;0;0;0;0;14.0;85;27;4.3;17;-;12;50;844;2343;0;3399.0;17.2;25.1;0;0;0;0;0;1;
2026.08.27;20:22:30.4;0.17;0.17;19;24;78;81;41;310;210;294;26;2.04;2.04;2.04;2.04;-19;0;0;0;0;14.0;85;27;4.3;17;-;12;50;844;1713;0;3965.0;17.2;25.1;0;0;0;0;0;1;
2026.08.27;20:22:30.8;0.22;0.22;151;48;78;83;41;310;273;231;26;2.92;2.92;2.92;2.92;-19;0;0;0;0;14.0;85;27;4.3;17;-;12;50;844;1713;9;3965.0;12.5;11.2;0;0;0;0;0;1;
2026.08.27;20:22:31.3;0.22;0.22;151;48;78;83;41;310;315;315;26;2.92;2.92;2.92;2.92;13;0;0;0;0;14.1;85;27;4.3;17;-;12;50;844;1393;9;4270.0;15.9;16.4;0;0;0;0;0;1;
2026.08.27;20:22:31.7;0.16;0.16;849;834;76;81;32;310;315;315;26;3.12;3.12;3.12;3.12;5;0;0;0;0;14.1;85;27;4.3;18;-;12;50;844;1432;11;3401.0;15.9;16.4;0;0;0;0;0;1;
2026.08.27;20:22:32.2;0.16;0.16;849;834;76;81;32;310;231;294;26;3.12;3.12;3.12;3.12;5;0;0;0;0;14.1;85;27;4.3;19;-;13;50;844;1432;4;3401.0;12.1;14.8;0;0;0;0;0;0;
2026.08.27;20:22:32.6;0.12;0.12;820;844;77;81;21;246;231;294;26;1.96;1.96;1.96;1.96;16;0;0;0;0;14.1;84;27;4.3;19;-;13;50;844;1468;4;3435.0;12.1;14.8;0;0;0;0;0;0;
2026.08.27;20:22:33.1;0.08;0.08;747;810;77;81;29;246;210;210;26;2.38;2.38;2.38;2.38;16;0;0;0;0;14.1;84;27;4.2;19;-;13;50;844;1527;5;4814.0;10.3;11.5;0;0;0;0;0;0;
2026.08.27;20:22:33.5;0.08;0.08;747;810;77;81;29;246;294;294;26;2.38;2.38;2.38;2.38;20;0;0;0;0;14.1;84;27;4.2;20;-;13;50;844;1527;12;4814.0;16.6;16.3;0;0;0;0;0;0;
2026.08.27;20:22:34.0;0.04;0.04;712;766;77;82;37;246;294;294;26;2.74;2.74;2.74;2.74;15;0;0;0;0;14.1;84;27;4.2;20;-;13;50;844;1566;12;3936.0;16.6;16.3;0;0;0;0;0;0;
2026.08.27;20:22:34.4;-0.01;-0.01;742;786;77;82;44;246;315;336;26;2.89;2.89;2.89;2.89;15;0;0;0;0;14.1;84;27;4.2;21;-;13;50;844;1566;13;3936.0;19.0;19.9;0;0;0;0;0;0;
2026.08.27;20:22:34.9;-0.01;-0.01;742;786;77;82;44;246;315;336;26;2.89;2.89;2.89;2.89;24;0;0;0;0;14.1;84;27;4.2;21;-;13;50;844;1643;13;5000.0;18.9;20.4;0;0;0;0;0;0;
2026.08.27;20:22:35.3;0.01;0.01;83;78;77;82;35;246;315;336;26;2.32;2.32;2.32;2.32;24;0;0;0;0;14.1;84;27;4.2;22;-;13;50;844;1713;10;4012.0;18.9;20.4;0;0;0;0;0;0;
2026.08.27;20:22:35.8;0.01;0.01;83;78;77;82;35;246;231;252;26;2.32;2.32;2.32;2.32;26;0;0;0;0;14.1;84;27;4.2;22;-;13;50;844;1713;6;4012.0;13.7;16.0;0;0;0;0;0;0;
2026.08.27;20:22:36.2;0.06;0.06;83;63;78;82;33;246;231;252;26;2.00;2.00;2.00;2.00;38;0;0;0;0;14.1;85;27;4.2;22;-;13;50;844;1754;6;3095.0;13.7;16.0;0;0;0;0;0;0;
2026.08.27;20:22:36.7;0.05;0.05;761;693;78;82;33;246;210;231;26;1.85;1.85;1.85;1.85;38;0;0;0;0;14.1;85;27;4.2;23;-;13;50;844;1754;5;3095.0;12.5;13.9;0;0;0;0;0;0;
2026.08.27;20:22:37.1;0.05;0.05;761;693;78;82;33;246;210;210;26;1.85;1.85;1.85;1.85;39;0;0;0;0;14.1;85;27;4.2;23;-;12;50;844;1780;5;4068.0;12.7;14.1;0;0;0;0;0;0;
2026.08.27;20:22:37.6;0.00;0.00;761;786;79;83;35;246;210;210;26;1.77;1.77;1.77;1.77;39;0;0;0;0;14.0;85;27;4.2;23;-;12;50;844;1811;5;4016.0;12.7;14.1;0;0;0;0;0;0;
2026.08.27;20:22:38.0;0.01;0.01;87;722;79;83;35;246;210;210;26;1.74;1.74;1.74;1.74;39;0;0;0;0;14.0;85;27;4.2;23;-;12;50;844;1811;5;4016.0;12.7;14.3;0;0;0;0;0;0;
2026.08.27;20:22:38.5;0.01;0.01;87;722;79;83;35;246;210;210;26;1.74;1.74;1.74;1.74;40;0;0;0;0;14.0;85;27;4.2;23;-;12;50;844;1833;5;4204.0;12.7;14.2;0;0;0;0;0;0;
2026.08.27;20:22:38.9;-0.02;-0.02;722;771;77;82;44;246;210;210;26;1.87;1.87;1.87;1.87;36;0;0;0;0;14.0;85;27;4.2;24;-;12;50;844;1831;7;3382.0;12.7;14.2;0;0;0;0;0;0;
2026.08.27;20:22:39.4;0.02;0.02;83;58;78;83;45;246;252;252;26;2.14;2.14;2.14;2.14;36;0;0;0;0;14.0;85;27;4.2;23;-;12;50;844;1831;9;3382.0;16.3;17.0;0;0;0;0;0;0;
2026.08.27;20:22:39.8;0.02;0.02;83;58;78;83;45;210;231;252;26;2.14;2.14;2.14;2.14;32;0;0;0;0;14.1;85;27;4.3;23;-;12;50;844;1808;9;5000.0;15.7;17.1;0;0;0;0;0;0;
2026.08.27;20:22:40.3;-0.03;-0.03;766;756;78;83;42;210;231;252;26;2.02;2.02;2.02;2.02;34;0;0;0;0;14.1;85;27;4.3;24;-;12;50;844;1884;9;5000.0;15.7;17.1;0;0;0;0;0;0;
2026.08.27;20:22:40.7;-0.02;-0.02;73;83;78;83;47;210;252;252;26;2.25;2.25;2.25;2.25;34;0;0;0;0;14.1;85;27;4.3;24;-;12;50;844;1884;12;5000.0;16.8;17.7;0;0;0;0;0;0;
2026.08.27;20:22:41.2;-0.02;-0.02;73;83;78;83;47;210;336;294;26;2.25;2.25;2.25;2.25;26;0;0;0;0;14.1;85;27;4.3;24;-;12;50;844;1881;12;3014.0;23.1;21.3;0;0;0;0;0;0;
2026.08.27;20:22:41.7;-0.01;-0.01;751;610;78;83;62;210;336;294;26;3.26;3.26;3.26;3.26;16;0;0;0;0;14.1;85;27;4.3;24;-;12;50;844;1863;17;3405.0;23.1;21.3;0;0;0;0;0;0;
2026.08.27;20:22:42.1;-0.04;-0.04;97;444;77;83;89;210;504;504;26;4.55;4.55;4.55;4.55;16;0;0;0;0;14.1;85;27;4.3;24;-;0;50;844;1863;21;3405.0;34.7;36.2;0;0;0;0;0;0;
2026.08.27;20:22:42.6;-0.04;-0.04;97;444;77;83;89;210;525;525;26;4.55;4.55;4.55;4.55;22;0;0;0;0;14.1;85;27;4.3;24;-;0;50;844;1872;21;3637.0;36.2;37.7;0;0;0;0;0;0;
2026.08.27;20:22:43.0;-0.02;-0.02;73;68;76;83;98;210;525;525;26;4.86;4.86;4.86;4.86;22;0;0;0;0;14.1;85;27;4.3;24;-;0;50;844;1887;22;3337.0;36.2;37.7;0;0;0;0;0;0;
2026.08.27;20:22:43.5;-0.02;-0.02;73;68;76;83;98;210;525;546;26;4.86;4.86;4.86;4.86;22;0;0;0;0;14.1;85;27;4.3;24;-;0;50;844;1887;22;3337.0;36.8;39.1;0;0;0;0;0;0;
2026.08.27;20:22:43.9;-0.02;-0.02;102;356;75;83;85;210;525;546;26;4.71;4.71;4.71;4.71;22;0;0;0;0;14.2;85;27;4.3;24;-;0;50;844;1890;22;5000.0;36.8;39.1;0;0;0;0;0;0;
2026.08.27;20:22:44.4;-0.04;-0.04;771;751;74;83;60;210;420;462;26;3.58;3.58;3.58;3.58;22;0;0;0;0;14.2;85;27;4.3;24;-;0;50;844;1887;18;3104.0;28.6;33.5;0;0;0;0;0;0;
2026.08.27;20:22:44.8;-0.04;-0.04;771;751;74;83;60;210;462;441;26;3.58;3.58;3.58;3.58;23;0;0;0;0;14.2;85;27;4.3;24;-;0;50;844;1887;21;3104.0;31.8;32.0;0;0;0;0;0;0;
2026.08.27;20:22:45.3;-0.01;-0.01;73;63;74;84;68;210;462;441;26;4.22;4.22;4.22;4.22;22;0;0;0;0;14.2;85;27;4.3;24;-;0;50;844;1863;21;4965.0;31.8;32.0;0;0;0;0;0;0;
2026.08.27;20:22:45.7;0.05;0.05;97;78;74;83;84;210;546;525;26;5.53;5.53;5.53;5.53;22;0;0;0;0;14.2;85;27;4.3;24;-;0;50;844;1863;24;4965.0;38.7;39.1;0;0;0;0;0;0;
2026.08.27;20:22:46.2;0.05;0.05;97;78;74;83;84;210;567;588;26;5.53;5.53;5.53;5.53;21;0;0;0;0;14.1;85;27;4.2;24;-;0;50;844;1893;24;4824.0;41.0;43.6;0;0;0;0;0;0;
2026.08.27;20:22:46.6;0.02;0.02;229;566;73;84;80;211;567;588;26;5.39;5.39;5.39;5.39;21;0;0;0;0;14.1;86;27;4.2;25;-;0;50;844;1943;24;3935.0;41.0;43.6;0;0;0;0;0;0;
2026.08.27;20:22:47.1;0.06;0.06;97;78;72;84;78;211;567;588;26;5.60;5.60;5.60;5.60;21;0;0;0;0;14.1;86;27;4.2;25;-;12;50;844;1943;25;3935.0;42.2;44.8;2;0;0;0;0;0;
2026.08.27;20:22:47.5;0.06;0.06;97;78;72;84;78;211;567;588;26;5.60;5.60;5.60;5.60;18;0;0;0;0;14.1;86;27;4.2;25;-;12;50;844;2010;25;3084.0;48.6;51.1;12;13;46;0;0;0;
2026.08.27;20:22:48.0;0.08;0.08;502;175;70;83;86;211;567;588;26;6.34;6.34;6.34;6.34;18;0;0;0;0;14.1;86;27;4.2;26;-;12;50;844;2070;27;5000.0;48.6;51.1;12;13;46;0;0;0;
2026.08.27;20:22:48.4;0.02;0.02;703;688;69;84;83;211;567;588;26;6.19;6.19;6.19;6.19;21;0;0;0;0;14.1;86;27;4.2;27;-;12;49;844;2070;28;5000.0;48.5;51.1;8;9;46;0;0;0;
2026.08.27;20:22:48.9;0.02;0.02;703;688;69;84;83;211;609;651;26;6.19;6.19;6.19;6.19;18;0;0;0;0;14.1;86;27;4.2;27;-;12;49;844;2158;28;4873.0;61.6;65.3;27;26;42;0;0;0;
2026.08.27;20:22:49.3;0.03;0.03;87;112;66;83;99;211;609;651;26;7.52;7.52;7.52;7.52;18;0;0;0;0;14.1;86;27;4.2;29;-;12;49;844;2279;32;5000.0;61.6;65.3;27;26;42;0;0;0;
2026.08.27;20:22:49.8;0.02;0.02;112;234;64;84;93;211;609;630;26;6.98;6.98;6.98;6.98;21;0;0;0;0;14.1;86;27;4.2;30;-;12;49;844;2279;31;5000.0;64.2;68.4;27;27;68;0;0;0;
2026.08.27;20:22:50.2;0.02;0.02;112;234;64;84;93;211;567;609;26;6.98;6.98;6.98;6.98;21;0;0;0;0;14.1;86;27;4.2;30;-;12;49;844;2416;31;5000.0;64.7;68.7;22;23;46;0;0;0;
2026.08.27;20:22:50.7;0.03;0.03;180;151;59;84;81;211;567;609;26;6.80;6.80;6.80;6.80;21;0;0;0;0;14.1;86;27;4.2;32;-;12;49;844;2525;31;5000.0;64.7;68.7;22;23;46;0;0;0;
2026.08.27;20:22:51.1;-0.03;-0.03;590;590;54;84;71;211;567;588;26;6.06;6.06;6.06;6.06;21;0;0;0;0;14.1;86;27;4.2;33;-;12;48;844;2525;32;5000.0;65.0;68.6;17;18;46;0;0;0;
2026.08.27;20:22:51.6;-0.03;-0.03;590;590;54;84;71;211;546;567;26;6.06;6.06;6.06;6.06;22;0;0;0;0;14.1;86;27;4.2;33;-;12;48;844;2675;32;5000.0;63.3;67.6;11;13;44;0;0;0;
2026.08.27;20:22:52.0;-0.05;-0.05;595;673;51;85;48;211;546;567;26;4.46;4.46;4.46;4.46;22;0;0;0;0;14.1;86;27;4.2;35;-;12;48;844;2770;28;5000.0;63.3;67.6;11;13;44;0;0;0;
2026.08.27;20:22:52.5;-0.05;-0.05;595;673;51;85;48;211;378;399;26;4.46;4.46;4.46;4.46;27;0;0;0;0;14.1;86;27;4.2;36;-;12;48;844;2770;23;5000.0;39.3;42.6;0;0;0;0;0;0;
2026.08.27;20:22:52.9;-0.02;-0.02;63;63;47;83;30;211;357;357;26;3.40;3.40;3.40;3.40;28;0;0;0;0;14.1;86;27;4.2;36;-;12;48;844;2744;23;5000.0;37.6;39.2;0;0;0;0;0;0;
2026.08.27;20:22:53.4;-0.03;-0.03;541;688;46;82;24;211;357;357;26;3.22;3.22;3.22;3.22;28;0;0;0;0;14.1;86;27;4.2;36;-;12;48;844;2744;23;5000.0;37.6;39.2;0;0;0;0;0;0;
2026.08.27;20:22:53.8;-0.03;-0.03;541;688;46;82;24;212;336;357;26;3.22;3.22;3.22;3.22;28;0;0;0;0;14.1;87;27;4.2;36;-;12;48;844;2790;22;4569.0;35.6;38.1;0;0;0;0;0;0;
2026.08.27;20:22:54.3;0.02;0.02;73;73;46;82;20;212;336;357;26;3.12;3.12;3.12;3.12;28;0;0;0;0;14.1;87;27;4.2;36;-;12;48;844;2803;22;5000.0;35.6;38.1;0;0;0;0;0;0;
2026.08.27;20:22:54.7;-0.02;-0.02;385;620;46;82;17;212;336;336;26;2.99;2.99;2.99;2.99;28;0;0;0;0;14.1;87;27;4.2;36;-;12;48;844;2823;22;3831.0;34.9;36.3;0;0;0;0;0;0;
2026.08.27;20:22:55.2;-0.02;-0.02;385;620;46;82;17;212;315;315;26;2.99;2.99;2.99;2.99;29;0;0;0;0;14.1;87;27;4.2;36;-;12;48;844;2823;22;3831.0;34.0;34.7;0;0;0;0;0;0;
2026.08.27;20:22:55.6;0.04;0.04;112;92;45;81;14;212;315;315;26;3.06;3.06;3.06;3.06;29;0;0;0;0;14.1;87;27;4.2;36;-;12;48;844;2830;22;5000.0;34.0;34.7;0;0;0;0;0;0;
2026.08.27;20:22:56.1;0.00;0.00;776;727;46;81;10;212;315;315;26;2.88;2.88;2.88;2.88;29;0;0;0;0;14.1;87;27;4.2;37;-;12;48;844;2830;21;5000.0;33.2;35.4;0;0;0;0;0;0;
2026.08.27;20:22:56.5;0.00;0.00;776;727;46;81;10;212;315;315;26;2.88;2.88;2.88;2.88;30;0;0;0;0;14.0;87;27;4.2;37;-;12;48;844;2844;21;3513.0;33.0;34.4;0;0;0;0;0;0;
2026.08.27;20:22:57.0;-0.01;-0.01;712;703;45;81;7;212;315;315;26;2.80;2.80;2.80;2.80;30;0;0;0;0;14.0;87;28;4.2;37;-;14;48;844;2837;21;5000.0;33.0;34.4;0;0;0;0;0;0;
2026.08.27;20:22:57.4;-0.02;-0.02;551;678;45;80;0;212;294;315;26;2.80;2.80;2.80;2.80;30;0;0;0;0;14.0;87;28;4.2;37;-;14;48;844;2837;21;5000.0;32.9;33.8;0;0;0;0;0;0;
2026.08.27;20:22:57.9;-0.02;-0.02;551;678;45;80;0;212;294;315;26;2.80;2.80;2.80;2.80;30;0;0;0;0;14.0;87;28;4.2;37;-;14;48;844;2865;21;5000.0;33.0;33.8;0;0;0;0;0;0;
2026.08.27;20:22:58.3;0.01;0.01;83;97;45;80;0;212;294;315;26;2.82;2.82;2.82;2.82;30;0;0;0;0;14.2;87;28;4.2;37;-;14;48;844;2879;21;5000.0;33.0;33.8;0;0;0;0;0;0;
2026.08.27;20:22:58.8;0.01;0.01;83;97;45;80;0;212;294;315;26;2.82;2.82;2.82;2.82;31;0;0;0;0;14.2;87;28;4.2;37;-;14;48;844;2879;21;5000.0;32.7;33.7;0;0;0;0;0;0;
2026.08.27;20:22:59.2;0.03;0.03;610;107;45;79;0;212;189;210;26;2.84;2.84;2.84;2.84;-16;0;0;0;0;14.2;87;28;4.2;37;-;14;48;844;2817;21;5000.0;17.3;19.3;0;0;0;0;0;0;
2026.08.27;20:22:59.7;0.00;0.00;0;0;45;79;0;212;189;210;26;0.00;0.00;0.00;0.00;-16;0;0;0;0;14.2;87;28;4.2;37;-;14;48;844;1756;0;5000.0;17.3;19.3;0;0;0;0;0;1;
2026.08.27;20:23:00.1;0.00;0.00;0;0;45;79;0;212;231;210;26;0.00;0.00;0.00;0.00;4;0;0;0;0;14.2;87;28;4.2;37;-;14;48;844;1756;0;5000.0;11.9;10.9;0;0;0;0;0;1;
2026.08.27;20:23:00.6;0.00;0.00;68;24;49;79;0;209;231;210;26;3.11;3.11;3.11;3.11;4;0;0;0;0;14.1;87;28;4.1;37;-;14;48;844;1713;10;3926.0;11.9;10.9;0;0;0;0;0;1;
2026.08.27;20:23:01.0;0.00;0.00;68;24;49;79;0;209;315;336;26;3.11;3.11;3.11;3.11;22;0;0;0;0;14.1;87;28;4.1;37;-;14;48;844;1713;13;3926.0;25.2;26.0;0;0;0;0;0;1;
2026.08.27;20:23:01.5;0.01;0.01;141;468;52;79;0;209;315;336;26;3.01;3.01;3.01;3.01;26;0;0;0;0;14.1;87;28;4.1;37;-;14;48;844;2003;13;3458.0;25.2;26.0;0;0;0;0;0;1;
2026.08.27;20:23:01.9;-0.01;-0.01;332;610;54;78;0;209;336;336;26;3.01;3.01;3.01;3.01;26;0;0;0;0;14.1;87;28;4.1;37;-;14;48;844;2016;13;2819.0;24.5;25.3;0;0;0;0;0;0;
2026.08.27;20:23:02.4;-0.01;-0.01;332;610;54;78;0;209;315;336;26;3.01;3.01;3.01;3.01;26;0;0;0;0;14.1;87;28;4.1;38;-;14;48;844;2016;13;2819.0;24.1;25.3;0;0;0;0;0;0;
2026.08.27;20:23:02.8;0.00;0.00;737;712;56;79;0;209;315;336;26;2.97;2.97;2.97;2.97;27;0;0;0;0;14.1;87;28;4.1;38;-;14;48;844;2048;13;4522.0;24.1;25.3;0;0;0;0;0;0;
2026.08.27;20:23:03.3;0.03;0.03;732;136;57;79;0;209;231;273;26;2.06;2.06;2.06;2.06;27;0;0;0;0;14.1;87;28;4.1;39;-;14;48;844;2048;8;4522.0;18.0;20.9;0;0;0;0;0;0;
2026.08.27;20:23:03.7;0.03;0.03;732;136;57;79;0;209;189;210;26;2.06;2.06;2.06;2.06;41;0;0;0;0;14.1;87;28;4.1;39;-;14;48;844;2066;8;4947.0;14.6;15.9;0;0;0;0;0;0;
2026.08.27;20:23:04.2;-0.04;-0.04;571;576;58;77;0;209;189;210;26;1.67;1.67;1.67;1.67;41;0;0;0;0;14.1;87;28;4.1;39;-;14;48;844;2092;5;3778.0;14.6;15.9;0;0;0;0;0;0;
2026.08.27;20:23:04.6;0.03;0.03;63;63;57;77;0;209;189;210;26;1.74;1.74;1.74;1.74;13;0;0;0;0;14.1;87;28;4.1;39;-;14;48;844;2092;4;3778.0;14.8;15.2;0;0;0;0;0;0;
2026.08.27;20:23:05.1;0.03;0.03;63;63;57;77;0;209;189;210;26;1.74;1.74;1.74;1.74;-10;0;0;0;0;14.1;87;28;4.1;39;-;14;48;844;2100;4;4894.0;14.9;15.7;0;0;0;0;0;0;
2026.08.27;20:23:05.5;0.00;0.00;9;39;57;77;0;209;189;210;26;0.00;0.00;0.00;0.00;-10;0;0;0;0;14.1;87;28;4.1;39;-;14;48;844;2115;4;3633.0;14.9;15.7;0;0;0;0;0;0;
2026.08.27;20:23:06.0;0.00;0.00;0;0;59;76;0;209;189;210;26;2.49;2.49;2.49;2.49;4;0;0;0;0;14.1;87;28;4.1;39;-;14;48;844;2115;4;3633.0;14.8;16.2;0;0;0;0;0;0;
2026.08.27;20:23:06.4;0.00;0.00;0;0;59;76;0;209;189;210;26;2.49;2.49;2.49;2.49;26;0;0;0;0;14.1;87;28;4.1;39;-;14;48;844;2111;4;3188.0;15.0;15.5;0;0;0;0;0;0;
2026.08.27;20:23:06.9;-0.01;-0.01;791;771;60;77;0;209;189;210;26;1.81;1.81;1.81;1.81;26;0;0;0;0;14.1;87;28;4.1;39;-;12;48;844;2119;9;3282.0;15.0;15.5;0;0;0;0;0;0;
2026.08.27;20:23:07.3;0.04;0.04;58;48;60;76;0;209;231;231;26;2.31;2.31;2.31;2.31;40;0;0;0;0;14.1;87;28;4.1;40;-;12;48;844;2119;12;3282.0;18.7;18.2;0;0;0;0;0;0;
2026.08.27;20:23:07.8;0.04;0.04;58;48;60;76;0;194;315;294;26;2.31;2.31;2.31;2.31;24;0;0;0;0;14.1;87;28;4.1;40;-;12;49;844;2150;12;5000.0;25.7;24.6;0;0;0;0;0;0;
2026.08.27;20:23:08.2;0.03;0.03;825;747;61;76;0;194;315;294;26;3.16;3.16;3.16;3.16;24;0;0;0;0;14.1;87;28;4.1;40;-;12;49;844;2158;15;4934.0;25.7;24.6;0;0;0;0;0;0;
2026.08.27;20:23:08.7;-0.04;-0.04;810;805;61;76;0;194;420;378;26;4.01;4.01;4.01;4.01;26;0;0;0;0;14.1;87;28;4.1;41;-;12;49;844;2158;18;4934.0;35.8;33.5;0;0;0;0;0;0;
2026.08.27;20:23:09.1;-0.04;-0.04;810;805;61;76;0;194;420;441;26;4.01;4.01;4.01;4.01;25;0;0;0;0;14.1;87;28;4.1;41;-;12;49;844;2202;18;4228.0;36.8;37.3;0;0;0;0;0;0;
2026.08.27;20:23:09.6;-0.02;-0.02;249;107;62;77;4;194;420;441;26;3.98;3.98;3.98;3.98;25;0;0;0;0;14.1;87;28;4.1;42;-;12;49;844;2240;18;5000.0;36.8;37.3;0;0;0;0;0;0;
2026.08.27;20:23:10.1;-0.02;-0.02;249;107;62;77;4;194;420;420;26;3.98;3.98;3.98;3.98;25;0;0;0;0;14.1;87;28;4.1;42;-;12;49;844;2240;19;5000.0;37.1;37.6;0;0;0;0;0;0;
2026.08.27;20:23:10.5;-0.00;-0.00;122;87;62;77;9;194;420;420;26;4.05;4.05;4.05;4.05;25;0;0;0;0;14.1;87;28;4.1;42;-;12;49;844;2253;19;5000.0;37.1;37.6;0;0;0;0;0;0;
2026.08.27;20:23:11.0;0.01;0.01;180;112;62;77;12;194;420;441;26;4.10;4.10;4.10;4.10;25;0;0;0;0;14.1;86;27;4.1;43;-;12;49;844;2302;19;2291.0;37.9;39.1;0;0;0;0;0;0;
2026.08.27;20:23:11.4;0.01;0.01;180;112;62;77;12;194;420;420;26;4.10;4.10;4.10;4.10;26;0;0;0;0;14.1;86;27;4.1;43;-;9;49;844;2302;18;2291.0;37.5;38.2;0;0;0;0;0;0;
2026.08.27;20:23:11.9;0.02;0.02;717;327;62;77;16;194;420;420;26;3.99;3.99;3.99;3.99;27;0;0;0;0;14.1;86;27;4.1;43;-;9;49;844;2334;18;5000.0;37.5;38.2;0;0;0;0;0;0;
2026.08.27;20:23:12.3;0.03;0.03;58;48;62;78;16;194;294;336;26;2.99;2.99;2.99;2.99;27;0;0;0;0;14.1;86;27;4.1;44;-;9;48;844;2334;14;5000.0;27.2;30.2;0;0;0;0;0;0;
2026.08.27;20:23:12.8;0.03;0.03;58;48;62;78;16;194;273;294;26;2.99;2.99;2.99;2.99;28;0;0;0;0;14.1;86;27;4.1;44;-;9;48;844;2357;13;3486.0;24.2;26.2;0;0;0;0;0;0;
2026.08.27;20:23:13.2;0.03;0.03;732;673;0;0;16;194;273;294;26;2.58;2.58;2.58;2.58;19;0;0;0;0;14.1;86;27;4.1;44;-;9;48;844;2362;13;4051.0;24.2;26.2;0;0;0;0;0;0;
2026.08.27;20:23:13.7;0.01;0.01;756;722;61;77;14;194;210;231;26;1.84;1.84;1.84;1.84;19;0;0;0;0;14.1;86;27;4.1;44;-;9;48;844;2362;8;4051.0;17.4;19.5;0;0;0;0;0;0;
2026.08.27;20:23:14.1;0.01;0.01;756;722;61;77;14;194;210;210;26;1.84;1.84;1.84;1.84;13;0;0;0;0;14.1;86;27;4.1;44;-;9;48;844;2348;8;5000.0;17.5;18.4;0;0;0;0;0;0;
2026.08.27;20:23:14.6;0.06;0.06;92;78;59;76;16;195;210;210;26;1.93;1.93;1.93;1.93;7;0;0;0;0;14.1;86;27;4.1;44;-;9;48;844;2348;7;3268.0;17.5;18.4;0;0;0;0;0;0;
2026.08.27;20:23:15.0;0.05;0.05;29;78;57;77;18;195;210;210;26;1.97;1.97;1.97;1.97;7;0;0;0;0;14.1;86;27;4.1;44;-;9;48;844;2348;3;3268.0;17.4;18.2;0;0;0;0;0;0;
2026.08.27;20:23:15.5;0.05;0.05;29;78;57;77;18;195;210;210;26;1.97;1.97;1.97;1.97;-15;0;0;0;0;14.1;86;27;4.1;44;-;9;48;844;2339;3;3471.0;17.3;18.8;0;0;0;0;0;0;
2026.08.27;20:23:15.9;0.00;0.00;4;4;56;76;0;195;210;210;26;0.00;0.00;0.00;0.00;2;0;0;0;0;14.1;86;27;4.1;43;-;9;48;844;2315;1;3275.0;17.3;18.8;0;0;0;0;0;0;
2026.08.27;20:23:16.4;0.00;0.00;4;4;56;76;0;195;210;210;26;0.00;0.00;0.00;0.00;2;0;0;0;0;14.1;86;27;4.1;43;-;12;48;844;2315;1;3275.0;17.1;18.8;0;0;0;0;0;0;
2026.08.27;20:23:16.8;0.00;0.00;0;0;61;77;0;195;210;210;26;0.00;0.00;0.00;0.00;3;0;0;0;0;14.1;86;27;4.1;43;-;12;48;844;2279;1;4234.0;17.1;18.8;0;0;0;0;0;0;
2026.08.27;20:23:17.3;0.00;0.00;0;0;68;76;0;195;210;210;26;0.00;0.00;0.00;0.00;3;0;0;0;0;14.1;86;27;4.1;43;-;12;48;844;2293;0;4142.0;16.9;18.5;0;0;0;0;0;0;
2026.08.27;20:23:17.7;0.00;0.00;0;0;68;76;0;195;210;210;26;0.00;0.00;0.00;0.00;3;0;0;0;0;14.1;86;27;4.1;42;-;12;48;844;2293;0;4142.0;16.6;18.2;0;0;0;0;0;0;
2026.08.27;20:23:18.2;0.00;0.00;0;0;72;76;0;195;210;210;26;0.00;0.00;0.00;0.00;3;0;0;0;0;14.1;86;27;4.1;42;-;12;48;844;2279;0;4036.0;16.6;18.2;0;0;0;0;0;0;
2026.08.27;20:23:18.6;0.00;0.00;0;0;75;76;0;195;210;210;26;0.00;0.00;0.00;0.00;3;0;0;0;0;14.1;86;27;4.1;42;-;12;48;844;2279;0;4036.0;16.6;18.1;0;0;0;0;0;0;
2026.08.27;20:23:19.1;0.00;0.00;0;0;75;76;0;195;189;210;26;0.00;0.00;0.00;0.00;3;0;0;0;0;14.1;86;27;4.1;42;-;12;49;844;2257;0;3645.0;16.4;18.0;0;0;0;0;0;0;
2026.08.27;20:23:19.5;0.00;0.00;0;0;78;77;0;195;189;210;26;0.00;0.00;0.00;0.00;3;0;0;0;0;14.1;86;27;4.1;42;-;12;49;844;2262;0;3433.0;16.4;18.0;0;0;0;0;0;0;
2026.08.27;20:23:20.0;0.00;0.00;0;0;81;77;0;195;189;210;26;0.00;0.00;0.00;0.00;4;0;0;0;0;14.1;86;27;4.1;42;-;12;49;844;2262;0;3433.0;16.4;17.6;0;0;0;0;0;0;
2026.08.27;20:23:20.4;0.00;0.00;0;0;81;77;0;195;210;210;26;0.00;0.00;0.00;0.00;4;0;0;0;0;14.1;86;27;4.1;42;-;12;49;844;2244;0;5000.0;16.2;17.4;0;0;0;0;0;0;
2026.08.27;20:23:20.9;0.00;0.00;0;0;83;77;0;195;210;210;26;0.00;0.00;0.00;0.00;3;0;0;0;0;14.1;86;27;4.1;42;-;12;49;844;2206;0;3426.0;16.2;17.4;0;0;0;0;0;0;
2026.08.27;20:23:21.3;0.00;0.00;0;0;86;78;0;195;189;210;26;0.00;0.00;0.00;0.00;3;0;0;0;0;14.1;86;27;4.1;41;-;13;49;844;2206;0;3426.0;15.7;16.9;0;0;0;0;1;0;
2026.08.27;20:23:21.8;0.00;0.00;0;0;86;78;0;208;189;210;26;0.00;0.00;0.00;0.00;4;0;0;0;0;14.1;85;27;4.1;39;-;13;49;844;2142;0;3496.0;15.1;16.0;0;0;0;0;1;0;
2026.08.27;20:23:22.2;0.00;0.00;0;0;88;78;0;208;189;210;26;0.00;0.00;0.00;0.00;4;0;0;0;0;14.1;85;27;4.1;39;-;13;49;844;2048;0;4105.0;15.1;16.0;0;0;0;0;1;0;
2026.08.27;20:23:22.7;0.00;0.00;0;0;89;78;0;208;189;210;26;0.00;0.00;0.00;0.00;4;0;0;0;0;14.1;85;27;4.1;37;-;13;49;844;2048;0;4105.0;13.8;14.8;0;0;0;0;1;0;
2026.08.27;20:23:23.1;0.00;0.00;0;0;89;78;0;208;189;210;26;0.00;0.00;0.00;0.00;5;0;0;0;0;14.1;85;27;4.1;37;-;13;49;844;1992;0;3993.0;13.5;14.7;0;0;0;0;0;0;
2026.08.27;20:23:23.6;0.00;0.00;0;0;90;78;0;208;189;210;26;0.00;0.00;0.00;0.00;5;0;0;0;0;14.1;85;27;4.1;37;-;13;49;844;1953;0;4864.0;13.5;14.7;0;0;0;0;0;0;
2026.08.27;20:23:24.0;0.00;0.00;0;0;91;78;0;208;189;210;26;0.00;0.00;0.00;0.00;5;0;0;0;0;14.1;85;27;4.1;36;-;13;49;844;1953;0;4864.0;13.3;14.3;0;0;0;0;0;0;
2026.08.27;20:23:24.5;0.00;0.00;0;0;91;78;0;208;189;210;26;0.00;0.00;0.00;0.00;6;0;0;0;0;14.1;85;27;4.1;36;-;13;49;844;1949;0;2911.0;13.1;13.9;0;0;0;0;0;0;
2026.08.27;20:23:24.9;0.00;0.00;0;0;93;79;0;208;189;210;26;0.00;0.00;0.00;0.00;6;0;0;0;0;14.1;85;27;4.1;36;-;13;49;844;1893;0;4649.0;13.1;13.9;0;0;0;0;0;0;
2026.08.27;20:23:25.4;0.00;0.00;0;0;93;79;0;208;189;210;26;0.00;0.00;0.00;0.00;6;0;0;0;0;14.1;85;27;4.1;35;-;13;49;844;1893;0;4649.0;13.0;14.0;0;0;0;0;0;0;
2026.08.27;20:23:25.8;0.00;0.00;0;0;95;79;0;208;189;210;26;0.00;0.00;0.00;0.00;6;0;0;0;0;14.1;85;27;4.1;35;-;13;49;844;1872;0;5000.0;13.0;14.0;0;0;0;0;0;0;
2026.08.27;20:23:26.3;0.00;0.00;0;0;95;80;0;208;189;210;26;0.00;0.00;0.00;0.00;6;0;0;0;0;14.1;85;27;4.1;35;-;14;49;844;1869;0;3751.0;12.8;13.8;0;0;0;0;0;0;
2026.08.27;20:23:26.7;0.00;0.00;0;0;95;80;0;208;189;210;26;0.00;0.00;0.00;0.00;6;0;0;0;0;14.1;85;27;4.1;34;-;14;49;844;1869;0;3751.0;12.7;13.7;0;0;0;0;0;0;
2026.08.27;20:23:27.2;0.00;0.00;0;0;96;79;0;208;189;210;26;0.00;0.00;0.00;0.00;6;0;0;0;0;14.1;85;27;4.1;34;-;14;49;844;1863;0;4304.0;12.7;13.7;0;0;0;0;0;0;
2026.08.27;20:23:27.6;0.00;0.00;0;0;99;81;0;208;189;210;26;0.00;0.00;0.00;0.00;6;0;0;0;0;14.1;85;27;4.1;35;-;14;49;844;1863;0;4304.0;12.9;13.7;0;0;0;0;0;0;
2026.08.27;20:23:28.1;0.00;0.00;0;0;99;81;0;208;189;210;26;0.00;0.00;0.00;0.00;6;0;0;0;0;14.1;85;27;4.1;35;-;14;49;844;1848;0;5000.0;12.7;13.6;0;0;0;0;0;0;
2026.08.27;20:23:28.5;0.00;0.00;0;0;98;80;0;200;189;210;26;0.00;0.00;0.00;0.00;6;0;0;0;0;14.1;85;27;4.1;34;-;14;49;844;1848;0;4218.0;12.7;13.6;0;0;0;0;0;0;
2026.08.27;20:23:29.0;0.00;0.00;0;0;98;80;0;200;189;210;26;0.00;0.00;0.00;0.00;6;0;0;0;0;14.1;85;27;4.1;35;-;14;49;844;1848;0;4218.0;12.6;13.5;0;0;0;0;0;0;
2026.08.27;20:23:29.4;0.00;0.00;0;0;98;80;0;200;189;210;26;0.00;0.00;0.00;0.00;6;0;0;0;0;14.1;85;27;4.1;35;-;14;49;844;1842;0;5000.0;12.6;13.5;0;0;0;0;0;0;
2026.08.27;20:23:29.9;0.00;0.00;0;0;98;80;0;200;189;210;26;0.00;0.00;0.00;0.00;6;0;0;0;0;14.1;85;27;4.1;34;-;14;49;844;1842;1;5000.0;12.7;13.5;0;0;0;0;0;0;
2026.08.27;20:23:30.3;0.00;0.00;0;0;98;80;0;200;189;210;26;0.00;0.00;0.00;0.00;6;0;0;0;0;14.1;85;27;4.1;34;-;14;49;844;1857;1;4762.0;12.6;13.4;0;0;0;0;0;0;
2026.08.27;20:23:30.8;0.00;0.00;0;0;98;81;0;200;189;210;26;0.00;0.00;0.00;0.00;6;0;0;0;0;14.1;85;27;4.1;34;-;14;49;844;1848;2;3203.0;12.6;13.4;0;0;0;0;0;0;
2026.08.27;20:23:31.2;0.00;0.00;39;0;98;81;0;200;189;210;26;2.41;2.41;2.41;2.41;6;0;0;0;0;14.1;85;27;4.1;34;-;13;49;844;1848;4;3203.0;12.7;13.5;0;0;0;0;0;0;
2026.08.27;20:23:31.7;0.00;0.00;39;0;98;81;0;200;210;210;26;2.41;2.41;2.41;2.41;45;0;0;0;0;14.1;85;27;4.1;34;-;13;49;844;1825;4;4248.0;13.1;13.8;0;0;0;0;0;0;
2026.08.27;20:23:32.1;-0.02;-0.02;48;781;98;81;4;200;210;210;26;1.69;1.69;1.69;1.69;45;0;0;0;0;14.1;84;27;4.1;35;-;13;49;844;1911;5;5000.0;13.1;13.8;0;0;0;0;0;0;
2026.08.27;20:23:32.6;-0.02;-0.02;48;781;98;81;4;200;231;231;26;1.69;1.69;1.69;1.69;39;0;0;0;0;14.1;84;27;4.1;35;-;13;49;844;1911;6;5000.0;15.4;15.0;0;0;0;0;0;0;
2026.08.27;20:23:33.0;0.05;0.05;39;34;98;82;7;200;231;231;26;1.99;1.99;1.99;1.99;39;0;0;0;0;14.1;84;27;4.1;35;-;13;49;844;1890;6;3652.0;15.4;15.0;0;0;0;0;0;0;
2026.08.27;20:23:33.5;0.11;0.11;63;48;98;82;9;200;231;231;26;2.07;2.07;2.07;2.07;39;0;0;0;0;14.1;84;27;4.1;36;-;13;49;844;1890;6;3652.0;15.1;15.2;0;0;0;0;0;0;
2026.08.27;20:23:33.9;0.11;0.11;63;48;98;82;9;200;210;210;26;2.07;2.07;2.07;2.07;40;0;0;0;0;14.1;84;27;4.1;36;-;13;49;844;1936;6;2820.0;14.7;14.9;0;0;0;0;0;0;
2026.08.27;20:23:34.4;0.09;0.09;756;722;96;82;10;200;210;210;26;1.99;1.99;1.99;1.99;40;0;0;0;0;14.1;84;27;4.1;36;-;13;49;844;1969;6;2872.0;14.7;14.9;0;0;0;0;0;0;
2026.08.27;20:23:34.9;0.11;0.11;136;122;95;83;10;200;210;210;26;1.77;1.77;1.77;1.77;34;0;0;0;0;14.1;84;27;4.1;37;-;13;49;844;1969;0;2872.0;13.6;14.1;0;0;0;0;0;0;
2026.08.27;20:23:35.3;0.11;0.11;136;122;95;83;10;200;210;189;26;1.77;1.77;1.77;1.77;10;0;0;0;0;14.1;84;27;4.1;37;-;13;49;844;1982;0;3784.0;13.7;13.6;0;0;0;0;0;0;
2026.08.27;20:23:35.8;0.16;0.16;53;68;93;83;11;191;210;189;26;1.89;1.89;1.89;1.89;10;0;0;0;0;14.1;84;27;4.1;37;-;13;49;844;1969;0;3473.0;13.7;13.6;0;0;0;0;0;0;
2026.08.27;20:23:36.2;0.16;0.16;53;68;93;83;11;191;210;210;26;1.89;1.89;1.89;1.89;-9;0;0;0;0;14.1;84;27;4.1;37;-;13;50;844;1969;0;3473.0;13.9;14.5;0;0;0;0;0;0;
2026.08.27;20:23:36.7;0.00;0.00;0;4;94;84;0;191;210;210;26;0.00;0.00;0.00;0.00;6;0;0;0;0;14.1;84;27;4.1;37;-;13;50;844;1972;0;3156.0;13.9;14.5;0;0;0;0;0;0;
2026.08.27;20:23:37.1;0.00;0.00;0;0;92;83;0;191;210;210;26;0.00;0.00;0.00;0.00;6;0;0;0;0;14.1;84;27;4.1;37;-;13;50;844;1972;0;3156.0;13.8;14.4;0;0;0;0;0;0;
2026.08.27;20:23:37.6;0.00;0.00;0;0;92;83;0;191;210;210;26;0.00;0.00;0.00;0.00;6;0;0;0;0;14.1;84;27;4.1;37;-;13;50;844;1949;0;3538.0;13.6;14.5;0;0;0;0;0;0;
2026.08.27;20:23:38.0;0.00;0.00;0;0;94;83;0;191;210;210;26;0.00;0.00;0.00;0.00;6;0;0;0;0;14.1;84;27;4.1;37;-;13;50;844;1966;0;3385.0;13.6;14.5;0;0;0;0;0;0;
2026.08.27;20:23:38.5;0.00;0.00;0;0;96;84;0;191;210;210;26;0.00;0.00;0.00;0.00;6;0;0;0;0;14.1;84;27;4.1;36;-;13;50;844;1966;0;3385.0;13.5;14.3;0;0;0;0;0;0;
2026.08.27;20:23:38.9;0.00;0.00;0;0;96;84;0;191;210;210;26;0.00;0.00;0.00;0.00;6;0;0;0;0;14.1;84;27;4.1;36;-;13;50;844;1953;0;3286.0;13.5;14.2;0;0;0;0;0;0;
2026.08.27;20:23:39.4;0.00;0.00;0;0;96;84;0;191;210;210;26;0.00;0.00;0.00;0.00;7;0;0;0;0;14.1;84;26;4.1;36;-;13;50;844;1946;0;5000.0;13.5;14.2;0;0;0;0;0;0;
2026.08.27;20:23:39.8;0.00;0.00;0;0;97;84;0;191;210;210;26;0.00;0.00;0.00;0.00;7;0;0;0;0;14.1;84;26;4.1;36;-;13;50;844;1946;0;5000.0;13.4;13.9;0;0;0;0;0;0;
2026.08.27;20:23:40.3;0.00;0.00;0;0;97;84;0;191;231;210;26;0.00;0.00;0.00;0.00;31;0;0;0;0;14.1;84;26;4.1;36;-;13;50;844;1930;8;2552.0;16.3;14.4;0;0;0;0;0;0;
2026.08.27;20:23:40.7;0.00;0.00;742;43;97;84;0;191;231;210;26;2.48;2.48;2.48;2.48;34;0;0;0;0;14.1;84;26;4.1;36;-;13;50;844;1953;8;5000.0;16.3;14.4;0;0;0;0;0;0;
2026.08.27;20:23:41.2;0.04;0.04;39;34;95;85;4;191;252;252;26;1.86;1.86;1.86;1.86;34;0;0;0;0;14.1;84;26;4.1;36;-;14;50;844;1884;2;4993.0;17.2;17.1;0;0;0;0;0;0;
2026.08.27;20:23:41.6;0.04;0.04;39;34;95;85;4;191;210;210;26;1.86;1.86;1.86;1.86;40;0;0;0;0;14.1;84;26;4.1;36;-;14;49;844;1884;0;4993.0;13.3;13.6;0;0;0;0;0;0;
2026.08.27;20:23:42.1;0.09;0.09;48;43;94;85;6;191;210;210;26;1.79;1.79;1.79;1.79;4;0;0;0;0;14.1;84;26;4.1;36;-;14;49;844;1930;0;3612.0;13.3;13.6;0;0;0;0;0;0;
2026.08.27;20:23:42.5;0.00;0.00;29;24;93;85;8;191;210;210;26;0.00;0.00;0.00;0.00;4;0;0;0;0;14.1;84;26;4.1;36;-;14;49;844;1930;0;3612.0;13.5;13.6;0;0;0;0;0;0;
2026.08.27;20:23:43.0;0.00;0.00;29;24;93;85;8;192;210;210;26;0.00;0.00;0.00;0.00;6;0;0;0;0;14.1;83;26;4.1;36;-;14;50;844;1927;0;4279.0;13.4;14.2;0;0;0;0;0;0;
2026.08.27;20:23:43.4;0.00;0.00;0;0;93;86;0;192;210;210;26;0.00;0.00;0.00;0.00;6;0;0;0;0;14.1;83;26;4.1;36;-;14;50;844;1899;0;4409.0;13.4;14.2;0;0;0;0;0;0;
2026.08.27;20:23:43.9;0.00;0.00;0;0;93;86;0;192;210;210;26;0.00;0.00;0.00;0.00;6;0;0;0;0;14.1;83;26;4.1;36;-;14;50;844;1899;0;4409.0;13.4;14.1;0;0;0;0;0;0;
2026.08.27;20:23:44.3;0.00;0.00;0;0;94;86;0;192;210;210;26;0.00;0.00;0.00;0.00;6;0;0;0;0;14.1;83;26;4.1;36;-;14;50;844;1890;0;3299.0;13.4;14.1;0;0;0;0;0;0;
2026.08.27;20:23:44.8;0.00;0.00;0;0;94;86;0;192;210;210;26;0.00;0.00;0.00;0.00;6;0;0;0;0;14.1;83;26;4.1;35;-;14;50;844;1881;0;5000.0;13.4;14.1;0;0;0;0;0;0;
2026.08.27;20:23:45.2;0.00;0.00;0;0;94;86;0;192;210;210;26;0.00;0.00;0.00;0.00;6;0;0;0;0;14.1;83;26;4.1;35;-;14;50;844;1881;0;5000.0;13.2;14.1;0;0;0;0;0;0;
2026.08.27;20:23:45.7;0.00;0.00;0;0;96;86;0;192;210;210;26;0.00;0.00;0.00;0.00;5;0;0;0;0;14.1;83;26;4.1;35;-;14;50;844;1869;0;2637.0;13.2;14.1;0;0;0;0;0;0;
2026.08.27;20:23:46.1;0.00;0.00;0;0;97;87;0;192;210;210;26;0.00;0.00;0.00;0.00;5;0;0;0;0;14.1;83;26;4.1;35;-;13;50;844;1869;0;2637.0;13.1;14.0;0;0;0;0;0;0;
2026.08.27;20:23:46.6;0.00;0.00;0;0;97;87;0;192;210;210;26;0.00;0.00;0.00;0.00;6;0;0;0;0;14.1;83;26;4.1;35;-;13;50;844;1860;0;4524.0;13.0;13.8;0;0;0;0;0;0;
2026.08.27;20:23:47.0;0.00;0.00;0;0;98;87;0;192;210;210;26;0.00;0.00;0.00;0.00;6;0;0;0;0;14.1;83;26;4.1;35;-;13;50;844;1842;0;4717.0;13.0;13.8;0;0;0;0;0;0;
2026.08.27;20:23:47.5;0.00;0.00;0;0;98;87;0;192;210;210;26;0.00;0.00;0.00;0.00;6;0;0;0;0;14.1;83;26;4.1;34;-;13;49;844;1842;0;4717.0;12.8;14.0;0;0;0;0;1;0;
2026.08.27;20:23:47.9;0.00;0.00;0;0;98;87;0;192;210;210;26;0.00;0.00;0.00;0.00;6;0;0;0;0;14.1;83;26;4.1;34;-;13;49;844;1819;0;3172.0;12.6;13.5;0;0;0;0;1;0;
2026.08.27;20:23:48.4;0.00;0.00;0;0;98;87;0;192;210;210;26;0.00;0.00;0.00;0.00;6;0;0;0;0;14.1;83;26;4.1;34;-;13;49;844;1802;0;3673.0;12.6;13.5;0;0;0;0;0;0;
2026.08.27;20:23:48.8;0.00;0.00;0;0;98;87;0;192;210;210;26;0.00;0.00;0.00;0.00;6;0;0;0;0;14.1;83;26;4.1;34;-;13;50;844;1802;0;3673.0;12.7;13.6;0;0;0;0;0;0;
2026.08.27;20:23:49.3;0.00;0.00;0;0;98;87;0;192;210;210;26;0.00;0.00;0.00;0.00;6;0;0;0;0;14.1;83;26;4.1;34;-;13;50;844;1811;0;3671.0;12.6;13.4;0;0;0;0;0;0;
2026.08.27;20:23:49.7;0.00;0.00;0;0;99;88;0;205;210;210;26;0.00;0.00;0.00;0.00;6;0;0;0;0;14.1;83;26;4.1;34;-;13;50;844;1794;0;3938.0;12.6;13.4;0;0;0;0;0;0;
2026.08.27;20:23:50.2;0.00;0.00;0;0;99;88;0;205;210;210;26;0.00;0.00;0.00;0.00;6;0;0;0;0;14.1;83;26;4.1;33;-;13;50;844;1794;0;3938.0;12.5;13.3;0;0;0;0;0;0;
2026.08.27;20:23:50.6;0.00;0.00;0;0;98;88;0;205;210;210;26;0.00;0.00;0.00;0.00;6;0;0;0;0;14.1;83;26;4.1;33;-;13;50;844;1802;0;3048.0;12.5;13.3;0;0;0;0;0;0;
2026.08.27;20:23:51.1;0.00;0.00;0;0;99;89;0;205;210;210;26;0.00;0.00;0.00;0.00;6;0;0;0;0;14.1;83;26;4.1;33;-;14;50;844;1772;0;2598.0;12.4;13.2;0;0;0;0;0;0;
2026.08.27;20:23:51.5;0.00;0.00;0;0;99;89;0;205;210;210;26;0.00;0.00;0.00;0.00;7;0;0;0;0;14.1;83;26;4.1;33;-;14;49;844;1772;0;2598.0;12.3;13.0;0;0;0;0;0;0;
2026.08.27;20:23:52.0;0.00;0.00;0;0;98;89;0;205;210;210;26;0.00;0.00;0.00;0.00;7;0;0;0;0;14.1;83;26;4.1;33;-;14;49;844;1754;0;3306.0;12.3;13.0;0;0;0;0;0;0;
2026.08.27;20:23:52.4;0.00;0.00;0;0;98;89;0;205;210;210;26;0.00;0.00;0.00;0.00;7;0;0;0;0;14.1;83;26;4.1;33;-;14;49;844;1754;0;3306.0;12.3;13.0;0;0;0;0;0;0;
2026.08.27;20:23:52.9;0.00;0.00;0;0;98;89;0;205;210;210;26;0.00;0.00;0.00;0.00;7;0;0;0;0;14.1;83;26;4.1;33;-;14;50;844;1749;0;2603.0;12.2;12.9;0;0;0;0;0;0;
2026.08.27;20:23:53.3;0.00;0.00;0;0;99;90;0;205;210;210;26;0.00;0.00;0.00;0.00;7;0;0;0;0;14.1;83;26;4.1;32;-;14;50;844;1741;0;5000.0;12.2;12.9;0;0;0;0;0;0;
2026.08.27;20:23:53.8;0.00;0.00;0;0;98;89;0;205;210;210;26;0.00;0.00;0.00;0.00;7;0;0;0;0;14.1;83;26;4.1;32;-;14;50;844;1741;1;5000.0;12.0;12.7;0;0;0;0;0;0;
2026.08.27;20:23:54.2;0.00;0.00;0;0;98;89;0;205;210;210;26;0.00;0.00;0.00;0.00;7;0;0;0;0;14.1;83;26;4.1;32;-;14;50;844;1733;1;2747.0;12.0;12.5;0;0;0;0;0;0;
2026.08.27;20:23:54.7;0.00;0.00;0;0;98;90;0;205;210;210;26;0.00;0.00;0.00;0.00;7;0;0;0;0;14.1;83;26;4.1;32;-;14;50;844;1715;2;2836.0;12.0;12.5;0;0;0;0;0;0;
2026.08.27;20:23:55.1;0.00;0.00;0;0;98;90;0;205;210;210;26;0.00;0.00;0.00;0.00;7;0;0;0;0;14.1;83;26;4.1;32;-;14;50;844;1715;2;2836.0;11.9;12.3;0;0;0;0;0;0;
2026.08.27;20:23:55.6;0.00;0.00;0;0;98;90;0;205;210;210;26;0.00;0.00;0.00;0.00;7;0;0;0;0;14.1;83;26;4.1;32;-;14;50;844;1698;2;2818.0;11.9;12.3;0;0;0;0;0;0;
2026.08.27;20:23:56.0;0.00;0.00;0;0;98;90;0;205;210;210;26;2.62;2.62;2.62;2.62;7;0;0;0;0;14.1;83;26;4.1;32;-;14;50;844;1698;4;2818.0;11.8;12.2;0;0;0;0;0;0;
2026.08.27;20:23:56.5;0.00;0.00;0;0;98;90;0;205;252;231;26;2.62;2.62;2.62;2.62;26;0;0;0;0;14.1;83;26;4.1;32;-;14;50;844;1695;4;2753.0;15.1;14.5;0;0;0;0;0;0;
2026.08.27;20:23:56.9;-0.02;-0.02;229;795;99;91;4;199;252;231;26;2.00;2.00;2.00;2.00;26;0;0;0;0;14.1;83;26;4.1;32;-;14;50;844;1743;5;2980.0;15.1;14.5;0;0;0;0;0;0;
2026.08.27;20:23:57.4;-0.02;-0.02;229;795;99;91;4;199;231;231;26;2.00;2.00;2.00;2.00;37;0;0;0;0;14.1;83;26;4.1;32;-;14;49;844;1743;5;2980.0;14.7;14.6;0;0;0;0;0;0;
2026.08.27;20:23:57.8;0.04;0.04;39;29;98;91;6;199;231;231;26;2.09;2.09;2.09;2.09;37;0;0;0;0;14.1;83;26;4.1;32;-;14;49;844;1756;5;3368.0;14.7;14.6;0;0;0;0;0;0;
2026.08.27;20:23:58.3;0.09;0.09;53;43;99;92;8;199;231;231;26;2.20;2.20;2.20;2.20;37;0;0;0;0;14.1;83;26;4.1;33;-;14;49;844;1764;5;3651.0;14.6;14.7;0;0;0;0;0;0;
2026.08.27;20:23:58.7;0.09;0.09;53;43;99;92;8;199;210;210;26;2.20;2.20;2.20;2.20;22;0;0;0;0;14.1;83;26;4.1;33;-;14;49;844;1764;0;3651.0;12.2;13.1;0;0;0;0;0;0;
2026.08.27;20:23:59.2;0.11;0.11;737;537;98;92;8;199;210;210;26;1.83;1.83;1.83;1.83;6;0;0;0;0;14.1;83;26;4.1;33;-;14;49;844;1775;0;4440.0;12.2;13.1;0;0;0;0;0;0;
2026.08.27;20:23:59.6;0.13;0.13;39;39;98;92;10;199;210;210;26;1.90;1.90;1.90;1.90;6;0;0;0;0;14.1;83;26;4.1;33;-;14;49;844;1775;0;4440.0;12.4;12.4;0;0;0;0;0;0;
2026.08.27;20:24:00.1;0.13;0.13;39;39;98;92;10;199;210;210;26;1.90;1.90;1.90;1.90;-3;0;0;0;0;14.1;83;26;4.1;33;-;14;49;844;1738;0;4111.0;12.4;13.1;0;0;0;0;0;0;
2026.08.27;20:24:00.5;0.00;0.00;0;4;98;92;0;199;210;210;26;0.00;0.00;0.00;0.00;6;0;0;0;0;14.1;83;26;4.1;33;-;14;49;844;1736;0;2728.0;12.4;13.1;0;0;0;0;0;0;
2026.08.27;20:24:01.0;0.00;0.00;0;0;98;92;0;199;210;210;26;0.00;0.00;0.00;0.00;6;0;0;0;0;14.1;83;26;4.1;32;-;14;49;844;1736;0;2728.0;12.4;13.2;0;0;0;0;0;0;
2026.08.27;20:24:01.4;0.00;0.00;0;0;98;92;0;199;210;210;26;0.00;0.00;0.00;0.00;6;0;0;0;0;14.1;83;26;4.1;32;-;14;49;844;1736;0;3093.0;12.1;12.9;0;0;0;0;0;0;
2026.08.27;20:24:01.9;0.00;0.00;0;0;98;92;0;199;210;210;26;0.00;0.00;0.00;0.00;6;0;0;0;0;14.1;83;26;4.1;32;-;14;49;844;1723;0;3117.0;12.1;12.9;0;0;0;0;0;0;
2026.08.27;20:24:02.4;0.00;0.00;0;0;98;92;0;199;210;210;26;0.00;0.00;0.00;0.00;6;0;0;0;0;14.1;83;26;4.1;32;-;14;49;844;1723;0;3117.0;12.2;13.0;0;0;0;0;0;0;
2026.08.27;20:24:02.8;0.00;0.00;0;0;99;93;0;199;210;210;26;0.00;0.00;0.00;0.00;7;0;0;0;0;14.1;83;26;4.1;32;-;14;49;844;1715;0;2761.0;12.0;12.7;0;0;0;0;0;0;
2026.08.27;20:24:03.3;0.00;0.00;0;0;98;93;0;199;210;210;26;0.00;0.00;0.00;0.00;7;0;0;0;0;14.1;83;26;4.1;32;-;14;49;844;1723;0;2622.0;12.0;12.7;0;0;0;0;0;0;
2026.08.27;20:24:03.7;0.00;0.00;0;0;98;93;0;199;210;210;26;0.00;0.00;0.00;0.00;7;0;0;0;0;14.1;83;26;4.1;32;-;14;49;844;1723;0;2622.0;12.1;12.6;0;0;0;0;0;0;
2026.08.27;20:24:04.2;0.00;0.00;0;0;98;93;0;196;210;210;26;0.00;0.00;0.00;0.00;7;0;0;0;0;14.1;83;26;4.1;32;-;14;49;844;1698;0;3503.0;12.1;12.6;0;0;0;0;0;0;
2026.08.27;20:24:04.6;0.00;0.00;0;0;98;93;0;196;210;210;26;0.00;0.00;0.00;0.00;7;0;0;0;0;14.1;83;26;4.1;32;-;14;50;844;1691;0;3235.0;12.0;12.4;0;0;0;0;0;0;
2026.08.27;20:24:05.1;0.00;0.00;0;0;98;93;0;196;210;210;26;0.00;0.00;0.00;0.00;7;0;0;0;0;14.1;83;26;4.1;32;-;14;50;844;1691;0;3235.0;12.0;12.5;0;0;0;0;0;0;
2026.08.27;20:24:05.5;0.00;0.00;0;0;98;93;0;196;210;210;26;0.00;0.00;0.00;0.00;7;0;0;0;0;14.1;83;26;4.1;32;-;14;50;844;1681;0;4566.0;12.0;12.5;0;0;0;0;0;0;
2026.08.27;20:24:06.0;0.00;0.00;0;0;98;93;0;196;210;210;26;0.00;0.00;0.00;0.00;7;0;0;0;0;14.1;83;26;4.1;32;-;15;50;844;1681;0;4566.0;12.0;12.4;0;0;0;0;0;0;
2026.08.27;20:24:06.4;0.00;0.00;0;0;98;93;0;196;210;210;26;0.00;0.00;0.00;0.00;7;0;0;0;0;14.1;83;26;4.1;31;-;15;50;844;1669;0;5000.0;11.8;12.1;0;0;0;0;0;0;
2026.08.27;20:24:06.9;0.00;0.00;0;0;99;94;0;196;210;210;26;0.00;0.00;0.00;0.00;7;0;0;0;0;14.1;83;26;4.1;31;-;15;50;844;1671;0;3335.0;11.8;12.1;0;0;0;0;0;0;
2026.08.27;20:24:07.3;0.00;0.00;0;0;99;94;0;196;210;210;26;0.00;0.00;0.00;0.00;7;0;0;0;0;14.1;83;26;4.1;31;-;15;49;844;1671;0;3335.0;11.6;12.0;0;0;0;0;0;0;
2026.08.27;20:24:07.8;0.00;0.00;0;0;99;94;0;196;210;210;26;0.00;0.00;0.00;0.00;8;0;0;0;0;14.1;83;26;4.1;31;-;15;49;844;1638;0;4436.0;11.5;11.9;0;0;0;0;0;0;
2026.08.27;20:24:08.2;0.00;0.00;0;0;98;93;0;196;210;210;26;0.00;0.00;0.00;0.00;8;0;0;0;0;14.1;83;26;4.1;31;-;15;49;844;1638;0;3255.0;11.5;11.9;0;0;0;0;0;0;
2026.08.27;20:24:08.7;0.00;0.00;0;0;98;93;0;196;210;210;26;0.00;0.00;0.00;0.00;7;0;0;0;0;14.1;83;26;4.1;30;-;15;49;844;1638;0;3255.0;11.5;11.7;0;0;0;0;0;0;
2026.08.27;20:24:09.1;0.00;0.00;0;0;98;94;0;196;210;210;26;0.00;0.00;0.00;0.00;7;0;0;0;0;14.1;83;26;4.1;30;-;15;49;844;1623;0;3333.0;11.5;11.7;0;0;0;0;0;0;
2026.08.27;20:24:09.6;0.00;0.00;14;0;98;94;0;196;210;210;26;2.86;2.86;2.86;2.86;7;0;0;0;0;14.1;83;26;4.1;30;-;15;49;844;1609;6;3676.0;11.5;11.7;0;0;0;0;0;0;
2026.08.27;20:24:10.0;0.00;0.00;14;0;98;94;0;196;210;252;26;2.86;2.86;2.86;2.86;29;0;0;0;0;14.1;83;26;4.1;30;-;15;49;844;1609;6;3676.0;11.6;14.3;0;0;0;0;0;0;
2026.08.27;20:24:10.5;-0.02;-0.02;39;727;98;94;3;196;210;252;26;1.65;1.65;1.65;1.65;38;0;0;0;0;14.1;83;26;4.1;31;-;15;49;844;1643;0;4024.0;11.6;14.3;0;0;0;0;0;0;
2026.08.27;20:24:10.9;0.05;0.05;24;24;98;94;5;196;210;210;26;1.76;1.76;1.76;1.76;38;0;0;0;0;14.1;83;26;4.1;30;-;15;49;844;1643;0;4024.0;11.7;11.8;0;0;0;0;1;0;
2026.08.27;20:24:11.4;0.05;0.05;24;24;98;94;5;208;210;210;26;1.76;1.76;1.76;1.76;-3;0;0;0;0;14.1;83;26;4.1;30;-;15;49;844;1572;0;4026.0;10.5;10.6;0;0;0;0;1;0;
2026.08.27;20:24:11.8;0.08;0.08;34;19;99;95;7;208;210;210;26;1.78;1.78;1.78;1.78;-3;0;0;0;0;14.1;83;26;4.1;28;-;15;49;844;1218;0;3160.0;10.5;10.6;0;0;0;0;1;1;
2026.08.27;20:24:12.3;0.08;0.08;34;19;99;95;7;208;231;210;26;1.78;1.78;1.78;1.78;11;0;0;0;0;14.1;83;26;4.1;26;-;15;49;844;1218;0;3160.0;7.9;6.9;0;0;0;0;1;1;
2026.08.27;20:24:12.7;0.09;0.09;43;29;100;96;7;208;357;294;26;2.13;2.13;2.13;2.13;21;0;0;0;0;14.0;83;26;4.1;26;-;15;49;844;866;0;1880.0;10.7;8.7;0;0;0;0;1;1;
2026.08.27;20:24:13.2;0.10;0.10;180;58;99;95;9;208;357;294;26;2.95;2.95;2.95;2.95;21;0;0;0;0;14.0;83;26;4.1;25;-;15;49;844;897;0;2003.0;10.7;8.7;0;0;0;0;1;0;
2026.08.27;20:24:13.6;0.10;0.10;180;58;99;95;9;208;294;294;26;2.95;2.95;2.95;2.95;0;0;0;0;0;14.0;83;26;4.1;25;-;15;49;844;897;0;2003.0;8.6;8.5;0;0;0;0;1;0;
2026.08.27;20:24:14.1;0.08;0.08;830;810;99;95;9;208;294;294;26;2.58;2.58;2.58;2.58;-1;0;0;0;0;14.0;83;26;4.1;25;-;15;49;844;813;0;1989.0;8.6;8.5;0;0;0;0;1;0;
2026.08.27;20:24:14.5;0.07;0.07;805;825;99;95;9;208;315;315;26;2.56;2.56;2.56;2.56;-1;0;0;0;0;14.0;83;26;4.1;25;-;15;50;844;813;0;1989.0;8.2;8.1;0;0;0;0;0;0;
2026.08.27;20:24:15.0;0.07;0.07;805;825;99;95;9;208;315;294;26;2.56;2.56;2.56;2.56;0;0;0;0;0;14.0;83;26;4.1;26;-;15;50;844;774;0;1498.0;8.0;7.8;0;0;0;0;0;0;
2026.08.27;20:24:15.4;0.06;0.06;805;820;99;95;10;208;315;294;26;2.56;2.56;2.56;2.56;5;0;0;0;0;14.0;83;26;4.1;26;-;15;50;844;752;0;1434.0;8.0;7.8;0;0;0;0;0;0;
2026.08.27;20:24:15.9;0.03;0.03;795;820;99;95;10;208;336;315;26;2.61;2.61;2.61;2.61;5;0;0;0;0;14.0;83;26;4.1;26;-;14;50;844;752;0;1434.0;8.3;7.8;0;0;0;0;1;0;
2026.08.27;20:24:16.3;0.03;0.03;795;820;99;95;10;208;336;336;26;2.61;2.61;2.61;2.61;1;0;0;0;0;14.0;83;26;4.1;27;-;14;50;844;745;0;2363.0;8.3;8.2;0;0;0;0;1;0;
2026.08.27;20:24:16.8;-0.01;-0.01;751;800;99;95;11;208;336;336;26;2.61;2.61;2.61;2.61;-1;0;0;0;0;14.0;83;26;4.0;27;-;14;50;844;738;0;1488.0;8.3;8.2;0;0;0;0;1;0;
2026.08.27;20:24:17.2;0.02;0.02;92;659;99;95;12;208;336;336;26;2.72;2.72;2.72;2.72;-1;0;0;0;0;14.0;83;26;4.0;28;-;14;50;844;738;0;1488.0;8.5;8.2;0;0;0;0;1;0;
2026.08.27;20:24:17.7;0.02;0.02;92;659;99;95;12;208;336;336;26;2.72;2.72;2.72;2.72;-2;0;0;0;0;14.0;83;26;4.0;28;-;14;50;844;747;0;2280.0;8.5;8.5;0;0;0;0;1;0;
2026.08.27;20:24:18.1;0.01;0.01;756;561;99;95;12;272;336;336;26;2.67;2.67;2.67;2.67;-2;0;0;0;0;14.0;83;26;4.0;28;-;14;50;844;751;0;1490.0;8.5;8.5;0;0;0;0;1;0;
2026.08.27;20:24:18.6;0.00;0.00;747;761;99;95;12;272;336;336;26;2.62;2.62;2.62;2.62;-2;0;0;0;0;14.0;83;26;4.0;27;-;14;50;844;751;0;1490.0;8.2;8.4;0;0;0;0;1;0;
2026.08.27;20:24:19.0;0.00;0.00;747;761;99;95;12;272;336;336;26;2.62;2.62;2.62;2.62;3;0;0;0;0;14.1;83;26;4.1;27;-;14;50;844;754;0;1616.0;8.6;8.4;0;0;0;0;1;0;
2026.08.27;20:24:19.5;-0.00;-0.00;712;756;98;94;13;272;336;336;26;2.65;2.65;2.65;2.65;0;0;0;0;0;14.1;83;26;4.1;27;-;14;50;844;747;0;1729.0;8.6;8.4;0;0;0;0;1;0;
2026.08.27;20:24:19.9;-0.02;-0.02;673;712;99;96;14;272;336;336;26;2.64;2.64;2.64;2.64;0;0;0;0;0;14.1;83;26;4.1;27;-;14;50;844;747;0;1729.0;8.5;8.4;0;0;0;0;1;0;
2026.08.27;20:24:20.4;-0.02;-0.02;673;712;99;96;14;272;336;336;26;2.64;2.64;2.64;2.64;-1;0;0;0;0;14.1;83;26;4.1;27;-;14;50;844;747;0;1978.0;8.6;8.5;0;0;0;0;1;0;
2026.08.27;20:24:20.8;0.01;0.01;283;673;100;98;14;272;336;336;26;2.75;2.75;2.75;2.75;-2;0;0;0;0;14.0;83;26;4.0;27;-;14;50;844;747;0;2303.0;8.6;8.5;0;0;0;0;1;0;
2026.08.27;20:24:21.3;-0.01;-0.01;708;151;99;96;15;272;336;336;26;2.69;2.69;2.69;2.69;-2;0;0;0;0;14.0;83;26;4.0;28;-;14;50;844;747;0;2303.0;8.6;8.6;0;0;0;0;0;0;
2026.08.27;20:24:21.7;-0.01;-0.01;708;151;99;96;15;272;336;336;26;2.69;2.69;2.69;2.69;-5;0;0;0;0;14.0;83;26;4.0;28;-;14;50;844;753;0;1436.0;8.1;8.4;0;0;0;0;0;0;
2026.08.27;20:24:22.2;-0.01;-0.01;722;756;98;96;15;272;336;336;26;2.67;2.67;2.67;2.67;-5;0;0;0;0;14.0;83;26;4.0;29;-;14;50;844;805;1;1793.0;8.1;8.4;0;0;0;0;0;1;
2026.08.27;20:24:22.6;-0.01;-0.01;722;756;98;96;15;272;441;420;26;2.67;2.67;2.67;2.67;14;0;0;0;0;14.0;83;26;4.0;30;-;14;50;844;805;14;1793.0;20.0;19.6;0;0;0;0;0;1;
2026.08.27;20:24:23.1;-0.04;-0.04;830;815;97;95;60;272;441;420;26;4.39;4.39;4.39;4.39;31;0;0;0;0;14.1;83;26;4.0;30;-;14;50;844;2531;14;3560.0;20.0;19.6;0;0;0;0;0;1;
2026.08.27;20:24:23.5;0.01;0.01;112;78;94;95;92;272;420;357;26;5.30;5.30;5.30;5.30;31;0;0;0;0;14.1;83;26;4.0;32;-;14;50;844;2569;26;5000.0;40.0;34.0;0;0;0;0;0;1;
2026.08.27;20:24:24.0;0.01;0.01;112;78;94;95;92;272;777;777;26;5.30;5.30;5.30;5.30;10;0;0;0;0;14.1;83;26;4.0;36;-;14;49;844;2569;39;5000.0;100.0;101.8;38;36;55;0;0;0;
2026.08.27;20:24:24.4;0.00;0.00;756;683;92;95;99;272;777;777;26;10.28;10.28;10.28;10.28;9;0;0;0;0;14.1;83;26;4.0;36;-;14;49;844;3012;39;5000.0;100.0;101.8;38;36;55;0;0;0;
2026.08.27;20:24:24.9;0.00;0.00;756;683;92;95;99;272;210;441;26;10.28;10.28;10.28;10.28;9;0;0;0;0;14.1;83;26;4.0;41;-;14;49;844;3012;0;5000.0;25.8;55.6;0;21;0;0;0;1;
2026.08.27;20:24:25.3;0.00;0.00;4;4;75;95;0;274;210;441;26;0.00;0.00;0.00;0.00;-2;0;0;0;0;14.1;83;26;4.0;41;-;14;49;844;2315;0;3986.0;25.8;55.6;0;21;0;0;0;1;
2026.08.27;20:24:25.8;0.00;0.00;0;0;70;95;0;274;210;231;26;0.00;0.00;0.00;0.00;-2;0;0;0;0;14.1;83;26;4.0;43;-;10;48;844;1587;0;4367.0;14.3;16.5;0;0;0;0;0;1;
2026.08.27;20:24:26.2;0.00;0.00;0;0;70;95;0;274;210;210;26;0.00;0.00;0.00;0.00;4;0;0;0;0;14.1;83;26;4.0;44;-;10;48;844;1587;0;4367.0;12.4;13.4;0;0;0;0;0;1;
2026.08.27;20:24:26.7;0.00;0.00;0;0;71;95;0;274;210;210;26;0.00;0.00;0.00;0.00;4;0;0;0;0;14.1;83;26;4.0;44;-;10;48;844;2130;0;3118.0;12.4;13.4;0;0;0;0;0;1;
2026.08.27;20:24:27.2;0.00;0.00;0;0;74;95;0;274;210;210;26;0.00;0.00;0.00;0.00;4;0;0;0;0;14.1;83;26;4.0;45;-;10;48;844;2130;0;3118.0;18.3;19.7;0;0;0;0;1;1;
2026.08.27;20:24:27.6;0.00;0.00;0;0;74;95;0;274;210;210;26;0.00;0.00;0.00;0.00;4;0;0;0;0;14.1;83;26;4.0;45;-;10;48;844;2451;0;5000.0;18.6;19.7;0;0;0;0;1;1;
2026.08.27;20:24:28.1;0.00;0.00;0;0;77;95;0;274;210;210;26;0.00;0.00;0.00;0.00;4;0;0;0;0;14.1;83;26;4.0;46;-;10;48;844;2456;0;5000.0;18.6;19.7;0;0;0;0;1;0;
2026.08.27;20:24:28.5;0.00;0.00;0;0;77;95;0;274;210;210;26;0.00;0.00;0.00;0.00;4;0;0;0;0;14.1;83;26;4.0;45;-;10;48;844;2456;0;5000.0;18.2;19.3;0;0;0;0;1;0;
2026.08.27;20:24:29.0;0.00;0.00;0;0;80;94;0;274;210;210;26;0.00;0.00;0.00;0.00;3;0;0;0;0;14.1;83;26;4.0;45;-;10;48;844;2377;0;5000.0;18.0;18.8;0;0;0;0;1;0;
2026.08.27;20:24:29.4;0.00;0.00;0;0;83;95;0;274;210;210;26;0.00;0.00;0.00;0.00;3;0;0;0;0;14.0;83;26;4.0;44;-;10;48;844;2325;0;5000.0;18.0;18.8;0;0;0;0;1;0;
2026.08.27;20:24:29.9;0.00;0.00;0;0;86;95;0;274;210;210;26;0.00;0.00;0.00;0.00;3;0;0;0;0;14.0;83;26;4.0;43;-;10;48;844;2325;0;5000.0;17.3;18.7;0;0;0;0;1;0;
2026.08.27;20:24:30.3;0.00;0.00;0;0;86;95;0;274;210;210;26;0.00;0.00;0.00;0.00;3;0;0;0;0;14.0;83;26;4.0;43;-;10;48;844;2253;0;3860.0;16.8;18.0;0;0;0;0;1;0;
2026.08.27;20:24:30.8;0.00;0.00;0;0;88;95;0;274;210;210;26;0.00;0.00;0.00;0.00;3;0;0;0;0;14.0;83;26;4.0;42;-;2;48;844;2211;0;3047.0;16.8;18.0;0;0;0;0;1;0;
2026.08.27;20:24:31.2;0.00;0.00;0;0;88;95;0;274;210;210;26;0.00;0.00;0.00;0.00;4;0;0;0;0;14.0;83;26;4.0;41;-;2;48;844;2211;0;3047.0;15.9;17.0;0;0;0;0;1;0;
2026.08.27;20:24:31.7;0.00;0.00;0;0;90;95;0;274;210;210;26;0.00;0.00;0.00;0.00;4;0;0;0;0;14.1;83;26;4.0;41;-;2;48;844;2150;0;3862.0;15.1;16.1;0;0;0;0;1;0;
2026.08.27;20:24:32.1;0.00;0.00;0;0;92;96;0;208;210;210;26;0.00;0.00;0.00;0.00;4;0;0;0;0;14.1;83;26;4.0;39;-;2;48;844;2052;0;4209.0;15.1;16.1;0;0;0;0;1;0;
2026.08.27;20:24:32.6;0.00;0.00;0;0;92;96;0;208;210;210;26;0.00;0.00;0.00;0.00;4;0;0;0;0;14.1;83;26;4.0;38;-;2;48;844;2052;0;4209.0;14.4;15.5;0;0;0;0;1;0;
2026.08.27;20:24:33.0;0.00;0.00;0;0;92;95;0;208;210;210;26;0.00;0.00;0.00;0.00;5;0;0;0;0;14.1;83;26;4.0;38;-;2;48;844;2027;0;3483.0;14.4;15.5;0;0;0;0;1;0;
2026.08.27;20:24:33.5;0.00;0.00;0;0;94;95;0;208;210;210;26;0.00;0.00;0.00;0.00;5;0;0;0;0;14.1;83;26;4.0;38;-;2;48;844;2027;0;3483.0;14.2;15.1;0;0;0;0;0;0;
2026.08.27;20:24:33.9;0.00;0.00;0;0;94;95;0;208;210;210;26;0.00;0.00;0.00;0.00;4;0;0;0;0;14.1;83;26;4.1;38;-;2;48;844;2055;0;4562.0;14.8;15.8;0;0;0;0;0;0;
2026.08.27;20:24:34.4;0.00;0.00;0;0;96;95;0;208;210;210;26;0.00;0.00;0.00;0.00;4;0;0;0;0;14.1;83;26;4.1;39;-;2;48;844;2103;0;4872.0;14.8;15.8;0;0;0;0;0;0;
2026.08.27;20:24:34.8;0.00;0.00;0;0;96;94;0;208;210;210;26;0.00;0.00;0.00;0.00;5;0;0;0;0;14.1;83;26;4.1;40;-;2;48;844;2103;0;4872.0;15.3;16.0;0;0;0;0;0;0;
2026.08.27;20:24:35.3;0.00;0.00;0;0;96;94;0;208;210;210;26;0.00;0.00;0.00;0.00;4;0;0;0;0;14.1;83;26;4.1;40;-;2;48;844;2158;0;3675.0;15.9;17.0;0;0;0;0;0;0;
2026.08.27;20:24:35.7;0.00;0.00;0;0;98;95;0;208;210;210;26;0.00;0.00;0.00;0.00;4;0;0;0;0;14.1;83;26;4.1;41;-;7;48;844;2166;0;4447.0;15.9;17.0;0;0;0;0;1;0;
2026.08.27;20:24:36.2;0.00;0.00;0;0;98;95;0;208;210;210;26;0.00;0.00;0.00;0.00;4;0;0;0;0;14.1;83;26;4.1;39;-;7;48;844;2166;0;4447.0;15.3;16.4;0;0;0;0;1;0;
2026.08.27;20:24:36.6;0.00;0.00;0;0;98;95;0;208;210;210;26;0.00;0.00;0.00;0.00;5;0;0;0;0;14.1;83;26;4.1;39;-;7;48;844;2041;0;3244.0;15.3;16.4;0;0;0;0;1;0;
2026.08.27;20:24:37.1;0.00;0.00;0;0;98;95;0;208;210;210;26;0.00;0.00;0.00;0.00;5;0;0;0;0;14.1;83;26;4.1;37;-;7;48;844;2041;0;3244.0;13.8;14.4;0;0;0;0;1;0;
2026.08.27;20:24:37.5;0.00;0.00;0;0;98;95;0;208;210;210;26;0.00;0.00;0.00;0.00;5;0;0;0;0;14.1;83;26;4.1;37;-;7;48;844;1936;0;3558.0;13.7;14.5;0;0;0;0;1;0;
2026.08.27;20:24:38.0;0.00;0.00;0;0;98;95;0;208;210;210;26;0.00;0.00;0.00;0.00;6;0;0;0;0;14.1;83;26;4.1;37;-;7;48;844;1992;0;5000.0;13.7;14.5;0;0;0;0;0;0;
2026.08.27;20:24:38.4;0.00;0.00;0;0;98;95;0;208;210;210;26;0.00;0.00;0.00;0.00;6;0;0;0;0;14.1;83;26;4.1;38;-;7;48;844;1992;0;5000.0;14.0;14.8;0;0;0;0;1;0;
2026.08.27;20:24:38.9;0.00;0.00;0;0;98;95;0;208;210;210;26;0.00;0.00;0.00;0.00;5;0;0;0;0;14.1;83;26;4.1;38;-;7;48;844;2027;0;3845.0;14.3;15.2;0;0;0;0;1;0;
2026.08.27;20:24:39.3;0.00;0.00;0;0;98;95;0;206;210;210;26;0.00;0.00;0.00;0.00;5;0;0;0;0;14.1;83;26;4.1;38;-;7;48;844;2074;0;3096.0;14.3;15.2;0;0;0;0;0;0;
2026.08.27;20:24:39.8;0.00;0.00;0;0;98;95;0;206;210;210;26;0.00;0.00;0.00;0.00;6;0;0;0;0;14.1;83;26;4.1;40;-;7;48;844;2074;0;3096.0;15.1;15.8;0;0;0;0;0;0;
2026.08.27;20:24:40.2;0.00;0.00;0;0;97;94;0;206;210;210;26;0.00;0.00;0.00;0.00;6;0;0;0;0;14.1;83;26;4.0;40;-;7;48;844;2138;0;3929.0;15.1;15.8;0;0;0;0;0;0;
2026.08.27;20:24:40.7;0.00;0.00;0;0;98;95;0;206;210;210;26;0.00;0.00;0.00;0.00;6;0;0;0;0;14.1;83;26;4.0;41;-;14;48;844;2138;0;3929.0;15.6;16.0;0;0;0;0;0;0;
2026.08.27;20:24:41.1;0.00;0.00;0;0;98;95;0;206;210;210;26;0.00;0.00;0.00;0.00;6;0;0;0;0;14.1;83;26;4.0;41;-;14;48;844;2211;0;4266.0;16.2;16.6;0;0;0;0;0;0;
2026.08.27;20:24:41.6;0.00;0.00;0;0;98;95;0;206;210;210;26;0.00;0.00;0.00;0.00;6;0;0;0;0;14.1;83;26;4.0;42;-;14;48;844;2249;0;5000.0;16.2;16.6;0;0;0;0;0;0;
2026.08.27;20:24:42.0;0.00;0.00;0;0;98;95;0;206;210;210;26;0.00;0.00;0.00;0.00;6;0;0;0;0;14.1;83;26;4.0;42;-;14;48;844;2249;0;5000.0;16.5;17.5;0;0;0;0;1;0;
2026.08.27;20:24:42.5;0.00;0.00;0;0;99;96;0;206;210;210;26;0.00;0.00;0.00;0.00;6;0;0;0;0;14.1;83;26;4.0;42;-;14;49;844;2253;0;3746.0;16.0;16.9;0;0;0;0;1;0;
2026.08.27;20:24:42.9;0.00;0.00;0;0;99;96;0;206;210;210;26;0.00;0.00;0.00;0.00;6;0;0;0;0;14.1;82;26;4.0;41;-;14;49;844;2178;0;5000.0;16.0;16.9;0;0;0;0;1;0;
2026.08.27;20:24:43.4;0.00;0.00;0;0;99;96;0;206;210;210;26;0.00;0.00;0.00;0.00;6;0;0;0;0;14.1;82;26;4.0;40;-;14;49;844;2178;0;5000.0;15.4;16.2;0;0;0;0;1;0;
2026.08.27;20:24:43.8;0.00;0.00;0;0;99;96;0;206;210;210;26;0.00;0.00;0.00;0.00;6;0;0;0;0;14.1;82;26;4.0;40;-;14;49;844;2134;0;5000.0;15.4;16.2;0;0;0;0;1;0;
2026.08.27;20:24:44.3;0.00;0.00;0;0;98;95;0;206;210;210;26;0.00;0.00;0.00;0.00;6;0;0;0;0;14.1;82;26;4.0;40;-;14;48;844;2103;0;5000.0;15.0;15.4;0;0;0;0;1;0;
2026.08.27;20:24:44.7;0.00;0.00;0;0;98;95;0;206;210;210;26;0.00;0.00;0.00;0.00;6;0;0;0;0;14.1;82;26;4.0;39;-;14;48;844;2103;0;5000.0;14.6;15.2;0;0;0;0;1;0;
2026.08.27;20:24:45.2;0.00;0.00;0;0;98;96;0;206;210;210;26;0.00;0.00;0.00;0.00;7;0;0;0;0;14.1;82;26;4.0;39;-;14;48;844;2063;0;4453.0;14.6;15.2;0;0;0;0;1;0;
2026.08.27;20:24:45.6;0.00;0.00;0;0;99;96;0;206;210;210;26;0.00;0.00;0.00;0.00;7;0;0;0;0;14.1;82;26;4.0;38;-;13;49;844;2063;0;4453.0;14.1;14.5;0;0;0;0;1;0;
2026.08.27;20:24:46.1;0.00;0.00;0;0;99;96;0;206;210;210;26;0.00;0.00;0.00;0.00;8;0;0;0;0;14.1;82;26;4.0;38;-;13;49;844;2016;0;4239.0;13.4;13.6;0;0;0;0;1;0;
2026.08.27;20:24:46.5;0.00;0.00;0;0;99;96;0;197;210;210;26;0.00;0.00;0.00;0.00;8;0;0;0;0;14.0;82;26;4.0;36;-;13;49;844;1450;0;4029.0;13.4;13.6;0;0;0;0;1;1;
2026.08.27;20:24:47.0;0.00;0.00;0;0;99;96;0;197;210;210;26;0.00;0.00;0.00;0.00;6;0;0;0;0;14.0;82;26;4.0;35;-;13;49;844;1450;0;4029.0;8.4;8.3;0;0;0;0;1;1;
2026.08.27;20:24:47.4;0.00;0.00;78;9;98;96;0;197;357;231;26;2.25;2.25;2.25;2.25;33;0;0;0;0;14.0;82;26;4.0;35;-;13;49;844;1040;0;3147.0;11.3;7.1;0;0;0;0;1;1;
2026.08.27;20:24:47.9;-0.00;-0.00;874;820;98;96;3;197;357;231;26;2.67;2.67;2.67;2.67;33;0;0;0;0;14.0;82;26;4.0;32;-;13;49;844;906;0;1889.0;11.3;7.1;0;0;0;0;1;0;
2026.08.27;20:24:48.3;0.01;0.01;87;58;100;99;4;197;357;378;26;2.85;2.85;2.85;2.85;-2;0;0;0;0;14.0;82;26;4.0;29;-;13;49;844;906;0;1889.0;12.9;13.3;0;0;0;0;1;0;
2026.08.27;20:24:48.8;0.01;0.01;87;58;100;99;4;197;336;315;26;2.85;2.85;2.85;2.85;15;0;0;0;0;13.7;82;26;4.0;29;-;13;49;844;968;0;2812.0;11.2;10.2;0;0;0;0;1;0;
2026.08.27;20:24:49.2;0.02;0.02;48;48;99;97;6;197;336;315;26;2.77;2.77;2.77;2.77;15;0;0;0;0;13.7;82;26;4.0;25;-;13;49;844;888;0;2110.0;11.2;10.2;0;0;0;0;1;0;
2026.08.27;20:24:49.7;0.02;0.02;48;48;99;97;6;197;336;336;26;2.77;2.77;2.77;2.77;-1;0;0;0;0;13.7;82;26;4.0;20;-;13;49;844;888;0;2110.0;9.4;9.1;0;0;0;0;1;0;
2026.08.27;20:24:50.1;0.03;0.03;58;48;99;97;6;197;336;336;26;2.71;2.71;2.71;2.71;0;0;0;0;0;13.7;82;26;4.0;20;-;13;49;844;803;0;2307.0;9.4;9.1;0;0;0;0;1;0;
2026.08.27;20:24:50.6;0.07;0.07;73;58;100;98;7;197;336;336;26;2.75;2.75;2.75;2.75;0;0;0;0;0;13.7;82;26;4.0;17;-;8;49;844;803;0;2307.0;8.8;8.7;0;0;0;0;1;0;
2026.08.27;20:24:51.0;0.07;0.07;73;58;100;98;7;197;336;336;26;2.75;2.75;2.75;2.75;-1;0;0;0;0;14.1;82;26;4.0;17;-;8;49;844;777;0;1953.0;8.6;8.4;0;0;0;0;1;0;
2026.08.27;20:24:51.5;0.04;0.04;751;156;99;97;8;197;336;336;26;2.71;2.71;2.71;2.71;3;0;0;0;0;14.1;82;26;4.0;17;-;8;49;844;760;0;1581.0;8.6;8.4;0;0;0;0;1;0;
2026.08.27;20:24:51.9;0.04;0.04;727;747;99;97;9;197;336;336;26;2.72;2.72;2.72;2.72;3;0;0;0;0;14.1;82;26;4.0;19;-;8;49;844;760;0;1581.0;8.6;8.2;0;0;0;0;1;0;
2026.08.27;20:24:52.4;0.04;0.04;727;747;99;97;9;197;357;336;26;2.72;2.72;2.72;2.72;0;0;0;0;0;14.1;82;26;4.0;20;-;8;49;844;753;0;1844.0;8.7;8.2;0;0;0;0;1;0;
2026.08.27;20:24:52.8;0.03;0.03;693;698;99;97;9;197;357;336;26;2.73;2.73;2.73;2.73;3;0;0;0;0;13.9;82;26;4.0;20;-;8;49;844;754;0;1736.0;8.7;8.2;0;0;0;0;1;0;
2026.08.27;20:24:53.3;0.03;0.03;693;698;99;97;9;197;336;336;26;2.73;2.73;2.73;2.73;3;0;0;0;0;13.9;82;26;4.0;21;-;8;49;844;754;0;1736.0;8.7;8.4;0;0;0;0;1;0;
2026.08.27;20:24:53.7;0.01;0.01;727;712;99;97;10;287;336;336;26;2.69;2.69;2.69;2.69;1;0;0;0;0;13.9;82;26;4.0;21;-;8;49;844;747;0;2046.0;8.5;8.3;0;0;0;0;1;0;
2026.08.27;20:24:54.2;-0.02;-0.02;625;678;99;97;10;287;336;336;26;2.62;2.62;2.62;2.62;1;0;0;0;0;13.9;82;26;4.0;22;-;8;49;844;745;0;1473.0;8.5;8.3;0;0;0;0;1;0;
2026.08.27;20:24:54.7;-0.02;-0.02;625;678;99;97;10;287;336;336;26;2.62;2.62;2.62;2.62;0;0;0;0;0;13.9;82;26;4.0;24;-;8;49;844;745;0;1473.0;8.5;8.4;0;0;0;0;1;0;
2026.08.27;20:24:55.1;0.03;0.03;126;83;99;97;11;287;336;336;26;2.79;2.79;2.79;2.79;0;0;0;0;0;14.0;82;26;4.0;24;-;8;49;844;753;0;1745.0;8.5;8.4;0;0;0;0;1;0;
2026.08.27;20:24:55.6;0.01;0.01;771;756;99;97;11;287;336;336;26;2.70;2.70;2.70;2.70;0;0;0;0;0;14.0;82;26;4.0;26;-;15;49;844;753;0;2274.0;8.5;8.5;0;0;0;0;1;0;
2026.08.27;20:24:56.0;0.01;0.01;771;756;99;97;11;287;336;336;26;2.70;2.70;2.70;2.70;-1;0;0;0;0;14.0;82;26;4.0;27;-;15;49;844;753;0;2274.0;8.4;8.4;0;0;0;0;1;0;
2026.08.27;20:24:56.5;0.01;0.01;761;756;100;98;12;287;336;336;26;2.70;2.70;2.70;2.70;-1;0;0;0;0;14.0;82;26;4.0;27;-;15;49;844;754;0;1479.0;8.4;8.4;0;0;0;0;1;0;
2026.08.27;20:24:56.9;-0.00;-0.00;742;742;99;97;12;287;336;336;26;2.58;2.58;2.58;2.58;-1;0;0;0;0;14.0;82;26;4.0;28;-;15;49;844;754;0;1479.0;8.3;8.4;0;0;0;0;1;0;
2026.08.27;20:24:57.4;-0.00;-0.00;742;742;99;97;12;287;336;336;26;2.58;2.58;2.58;2.58;4;0;0;0;0;14.1;82;26;4.0;28;-;15;49;844;744;0;2137.0;8.5;8.2;0;0;0;0;1;0;
2026.08.27;20:24:57.8;-0.03;-0.03;620;732;100;99;13;287;336;336;26;2.57;2.57;2.57;2.57;-2;0;0;0;0;14.1;82;26;4.0;29;-;15;49;844;750;0;1345.0;8.5;8.2;0;0;0;0;1;0;
2026.08.27;20:24:58.3;0.02;0.02;122;83;99;97;13;287;315;336;26;2.66;2.66;2.66;2.66;-2;0;0;0;0;14.1;82;26;4.0;30;-;15;49;844;750;0;1345.0;8.1;8.3;0;0;0;0;0;0;
2026.08.27;20:24:58.7;0.02;0.02;122;83;99;97;13;287;336;336;26;2.66;2.66;2.66;2.66;0;0;0;0;0;14.1;82;26;4.0;30;-;15;49;844;757;0;1812.0;8.3;8.0;0;0;0;0;0;0;
2026.08.27;20:24:59.2;-0.00;-0.00;761;732;100;98;14;287;336;336;26;2.69;2.69;2.69;2.69;-1;0;0;0;0;14.0;82;26;4.0;31;-;15;49;844;744;0;1426.0;8.3;8.0;0;0;0;0;1;0;
2026.08.27;20:24:59.6;-0.01;-0.01;742;732;100;98;14;287;336;336;26;2.72;2.72;2.72;2.72;-1;0;0;0;0;14.0;82;26;4.0;31;-;15;49;844;744;0;1426.0;8.4;8.6;0;0;0;0;1;0;
2026.08.27;20:25:00.1;-0.01;-0.01;742;732;100;98;14;287;336;336;26;2.72;2.72;2.72;2.72;-3;0;0;0;0;14.0;82;26;4.0;29;-;14;49;844;753;0;1985.0;8.2;8.6;0;0;0;0;1;0;
2026.08.27;20:25:00.5;-0.02;-0.02;766;766;99;97;15;326;336;336;26;2.66;2.66;2.66;2.66;1;0;0;0;0;14.0;83;26;4.0;29;-;14;49;844;746;0;2384.0;8.2;8.6;0;0;0;0;1;0;
2026.08.27;20:25:01.0;-0.04;-0.04;737;761;100;99;16;326;336;336;26;2.59;2.59;2.59;2.59;1;0;0;0;0;14.0;83;26;4.0;26;-;14;49;844;746;0;2384.0;8.3;8.4;0;0;0;0;1;0;
2026.08.27;20:25:01.4;-0.04;-0.04;737;761;100;99;16;326;336;336;26;2.59;2.59;2.59;2.59;-1;0;0;0;0;14.0;83;26;4.0;22;-;14;49;844;743;0;2157.0;8.4;8.4;0;0;0;0;1;0;
2026.08.27;20:25:01.9;-0.01;-0.01;92;654;100;98;16;326;336;336;26;2.68;2.68;2.68;2.68;0;0;0;0;0;14.0;83;26;4.0;22;-;14;49;844;754;0;1410.0;8.4;8.4;0;0;0;0;1;0;
2026.08.27;20:25:02.3;-0.02;-0.02;727;390;99;97;17;326;336;336;26;2.64;2.64;2.64;2.64;0;0;0;0;0;14.0;83;26;4.0;18;-;14;49;844;756;0;1620.0;8.4;8.5;0;0;0;0;1;0;
2026.08.27;20:25:02.8;-0.02;-0.02;727;390;99;97;17;326;336;336;26;2.64;2.64;2.64;2.64;0;0;0;0;0;14.0;83;26;4.0;13;-;14;49;844;756;0;1620.0;8.3;8.5;0;0;0;0;1;0;
2026.08.27;20:25:03.2;-0.03;-0.03;693;737;0;0;17;326;336;336;26;2.65;2.65;2.65;2.65;-2;0;0;0;0;13.9;83;26;4.0;13;-;14;49;844;750;0;1910.0;8.3;8.5;0;0;0;0;1;0;
2026.08.27;20:25:03.7;-0.04;-0.04;668;693;98;97;18;326;336;336;26;2.68;2.68;2.68;2.68;-2;0;0;0;0;13.9;83;26;4.0;8;-;14;49;844;750;0;1910.0;8.4;8.7;0;0;0;0;1;0;
2026.08.27;20:25:04.1;-0.04;-0.04;668;693;98;97;18;326;336;336;26;2.68;2.68;2.68;2.68;-2;0;0;0;0;13.9;83;26;4.0;8;-;14;49;844;747;0;1584.0;8.2;8.7;0;0;0;0;1;0;
2026.08.27;20:25:04.6;-0.05;-0.05;673;678;99;98;18;326;336;336;26;2.63;2.63;2.63;2.63;-3;0;0;0;0;13.9;83;26;4.0;7;-;14;49;844;749;0;1816.0;8.2;8.7;0;0;0;0;1;0;
2026.08.27;20:25:05.0;-0.02;-0.02;87;190;98;97;19;326;336;336;26;2.69;2.69;2.69;2.69;-3;0;0;0;0;13.9;83;26;4.0;6;-;14;49;844;749;0;1816.0;8.5;8.5;0;0;0;0;1;0;
2026.08.27;20:25:05.5;-0.02;-0.02;87;190;98;97;19;326;336;336;26;2.69;2.69;2.69;2.69;-2;0;0;0;0;14.0;83;26;4.0;6;-;14;49;844;751;0;2365.0;8.4;8.6;0;0;0;0;1;0;
2026.08.27;20:25:05.9;-0.03;-0.03;732;253;98;97;19;326;336;336;26;2.64;2.64;2.64;2.64;-2;0;0;0;0;14.0;83;26;4.0;4;-;14;49;844;747;0;1542.0;8.4;8.6;0;0;0;0;1;0;
2026.08.27;20:25:06.4;-0.03;-0.03;732;253;98;97;19;326;336;336;26;2.64;2.64;2.64;2.64;-1;0;0;0;0;14.0;83;26;4.0;2;-;14;49;844;747;0;1542.0;8.3;8.5;0;0;0;0;1;0;
2026.08.27;20:25:06.8;-0.04;-0.04;673;722;97;97;20;326;336;336;26;2.62;2.62;2.62;2.62;-2;0;0;0;0;14.0;83;26;4.0;2;-;14;49;844;755;0;1496.0;8.2;8.6;0;0;0;0;1;0;
2026.08.27;20:25:07.3;-0.02;-0.02;97;117;97;97;20;330;336;336;26;2.65;2.65;2.65;2.65;-2;0;0;0;0;14.1;83;26;4.1;1;-;14;49;844;747;0;1775.0;8.2;8.6;0;0;0;0;1;0;
2026.08.27;20:25:07.7;-0.02;-0.02;97;117;97;97;20;330;336;336;26;2.65;2.65;2.65;2.65;-2;0;0;0;0;14.1;83;26;4.1;0;-;14;49;844;747;0;1775.0;8.5;8.6;0;0;0;0;1;0;
2026.08.27;20:25:08.2;-0.01;-0.01;122;107;96;97;21;330;336;336;26;2.63;2.63;2.63;2.63;-2;0;0;0;0;14.1;83;26;4.1;0;-;14;49;844;756;0;1629.0;8.5;8.6;0;0;0;0;1;0;
2026.08.27;20:25:08.6;-0.01;-0.01;156;117;97;97;21;330;336;336;26;2.64;2.64;2.64;2.64;-2;0;0;0;0;14.1;83;26;4.1;0;-;14;49;844;756;0;1629.0;8.3;8.6;0;0;0;0;1;0;
2026.08.27;20:25:09.1;-0.01;-0.01;156;117;97;97;21;330;336;336;26;2.64;2.64;2.64;2.64;-2;0;0;0;0;14.1;83;26;4.1;0;-;14;49;844;751;0;2112.0;8.4;8.6;0;0;0;0;1;0;
2026.08.27;20:25:09.5;-0.04;-0.04;634;327;97;98;21;330;336;336;26;2.53;2.53;2.53;2.53;0;0;0;0;0;14.0;83;26;4.1;0;-;14;49;844;744;0;2052.0;8.4;8.6;0;0;0;0;1;0;
2026.08.27;20:25:10.0;-0.02;-0.02;83;576;97;98;23;330;336;336;26;2.62;2.62;2.62;2.62;0;0;0;0;0;14.0;83;26;4.1;0;-;13;49;844;749;0;2325.0;8.5;8.5;0;0;0;0;1;0;
2026.08.27;20:25:10.4;-0.02;-0.02;83;576;97;98;23;330;336;357;26;2.62;2.62;2.62;2.62;-5;0;0;0;0;14.0;83;26;4.1;0;-;13;49;844;749;0;2325.0;8.5;8.7;0;0;0;0;1;0;
2026.08.27;20:25:10.9;-0.02;-0.02;73;68;95;97;22;330;336;357;26;2.63;2.63;2.63;2.63;-2;0;0;0;0;14.0;83;26;4.1;0;-;13;49;844;744;0;1433.0;8.5;8.7;0;0;0;0;1;0;
2026.08.27;20:25:11.3;-0.01;-0.01;78;73;95;97;23;330;336;336;26;2.60;2.60;2.60;2.60;-2;0;0;0;0;14.0;83;26;4.1;0;-;13;49;844;744;0;1433.0;8.5;8.7;0;0;0;0;1;0;
2026.08.27;20:25:11.8;-0.01;-0.01;78;73;95;97;23;330;336;336;26;2.60;2.60;2.60;2.60;-2;0;0;0;0;14.0;83;26;4.1;0;-;13;49;844;744;0;2006.0;8.5;8.6;0;0;0;0;1;0;
2026.08.27;20:25:12.2;0.01;0.01;78;68;95;97;23;330;336;336;26;2.62;2.62;2.62;2.62;-2;0;0;0;0;14.0;83;26;4.1;0;-;13;49;844;748;0;2263.0;8.5;8.6;0;0;0;0;1;0;
2026.08.27;20:25:12.7;0.04;0.04;87;73;94;97;23;330;336;336;26;2.68;2.68;2.68;2.68;-2;0;0;0;0;14.0;83;26;4.1;0;-;13;49;844;748;0;2263.0;8.4;8.6;0;0;0;0;1;0;
2026.08.27;20:25:13.1;0.04;0.04;87;73;94;97;23;330;336;336;26;2.68;2.68;2.68;2.68;-2;0;0;0;0;14.0;83;26;4.1;0;-;13;49;844;751;0;1927.0;8.4;8.7;0;0;0;0;1;0;
2026.08.27;20:25:13.6;0.01;0.01;708;161;94;97;24;330;336;336;26;2.59;2.59;2.59;2.59;-2;0;0;0;0;14.0;83;26;4.1;0;-;13;49;844;741;0;2020.0;8.4;8.7;0;0;0;0;1;0;
2026.08.27;20:25:14.0;0.02;0.02;253;161;94;97;24;330;336;336;26;2.59;2.59;2.59;2.59;-2;0;0;0;0;14.0;83;26;4.1;0;-;13;49;844;741;0;2020.0;8.6;8.7;0;0;0;0;1;0;
2026.08.27;20:25:14.5;0.02;0.02;253;703;94;97;24;328;336;357;26;2.62;2.62;2.62;2.62;-1;0;0;0;0;14.0;84;27;4.1;0;-;13;49;844;751;0;1492.0;8.4;8.8;0;0;0;0;1;0;
2026.08.27;20:25:14.9;0.03;0.03;78;68;94;97;25;328;336;357;26;2.64;2.64;2.64;2.64;-1;0;0;0;0;14.0;84;27;4.1;0;-;13;49;844;749;0;2154.0;8.4;8.8;0;0;0;0;1;0;
2026.08.27;20:25:15.4;0.03;0.03;78;68;94;97;25;328;336;357;26;2.64;2.64;2.64;2.64;-2;0;0;0;0;14.0;84;27;4.1;0;-;13;49;844;749;0;2154.0;8.4;8.7;0;0;0;0;1;0;
2026.08.27;20:25:15.8;0.04;0.04;78;73;94;97;25;328;336;357;26;2.63;2.63;2.63;2.63;-4;0;0;0;0;14.1;84;27;4.1;0;-;13;49;844;756;0;1436.0;8.4;8.7;0;0;0;0;1;0;
2026.08.27;20:25:16.3;0.05;0.05;87;83;94;97;26;328;336;357;26;2.68;2.68;2.68;2.68;-4;0;0;0;0;14.1;84;27;4.1;0;-;13;49;844;756;0;1436.0;8.5;8.8;0;0;0;0;1;0;
2026.08.27;20:25:16.7;0.05;0.05;87;83;94;97;26;328;336;357;26;2.68;2.68;2.68;2.68;-2;0;0;0;0;14.1;84;27;4.1;0;-;13;49;844;756;0;2087.0;8.2;8.7;0;0;0;0;1;0;
2026.08.27;20:25:17.2;0.08;0.08;126;87;94;98;24;328;336;357;26;2.70;2.70;2.70;2.70;-2;0;0;0;0;14.1;84;27;4.1;0;-;13;49;844;754;0;1755.0;8.2;8.7;0;0;0;0;1;0;
2026.08.27;20:25:17.6;0.08;0.08;126;87;94;98;24;328;336;336;26;2.70;2.70;2.70;2.70;-3;0;0;0;0;14.1;84;27;4.1;0;-;13;49;844;754;0;1755.0;8.2;8.6;0;0;0;0;1;0;
2026.08.27;20:25:18.1;0.04;0.04;703;742;93;97;25;328;336;336;26;2.59;2.59;2.59;2.59;4;0;0;0;0;14.1;85;27;4.1;0;-;13;49;844;746;0;2241.0;8.6;8.6;0;0;0;0;1;0;
2026.08.27;20:25:18.5;0.06;0.06;102;83;92;96;25;328;336;336;26;2.64;2.64;2.64;2.64;4;0;0;0;0;14.1;85;27;4.1;0;-;13;49;844;750;0;1617.0;8.6;8.6;0;0;0;0;1;0;
2026.08.27;20:25:19.0;0.06;0.06;102;83;92;96;25;328;336;336;26;2.64;2.64;2.64;2.64;-2;0;0;0;0;14.1;85;27;4.1;0;-;13;49;844;750;0;1617.0;8.2;8.6;0;0;0;0;1;0;
2026.08.27;20:25:19.4;0.04;0.04;703;683;93;97;26;328;336;336;26;2.63;2.63;2.63;2.63;1;0;0;0;0;14.1;85;27;4.1;0;-;13;49;844;756;0;2063.0;8.2;8.6;0;0;0;0;1;0;
2026.08.27;20:25:19.9;0.03;0.03;659;683;92;96;25;328;336;336;26;2.63;2.63;2.63;2.63;1;0;0;0;0;14.1;85;27;4.1;0;-;14;49;844;756;0;2063.0;8.2;8.6;0;0;0;0;1;0;
2026.08.27;20:25:20.4;0.03;0.03;659;683;92;96;25;328;336;336;26;2.63;2.63;2.63;2.63;-2;0;0;0;0;14.0;85;27;4.1;0;-;14;49;844;753;0;1706.0;8.2;8.6;0;0;0;0;1;0;
2026.08.27;20:25:20.8;0.02;0.02;644;693;93;97;25;328;336;336;26;2.62;2.62;2.62;2.62;-2;0;0;0;0;14.0;85;27;4.1;0;-;14;49;844;745;0;2027.0;8.2;8.6;0;0;0;0;1;0;
2026.08.27;20:25:21.3;0.02;0.02;644;693;93;97;25;328;336;336;26;2.62;2.62;2.62;2.62;-1;0;0;0;0;14.0;85;27;4.1;0;-;14;49;844;745;0;2027.0;8.3;8.5;0;0;0;0;1;0;
2026.08.27;20:25:21.7;0.06;0.06;332;327;92;97;25;328;336;336;26;2.74;2.74;2.74;2.74;-3;0;0;0;0;14.0;85;27;4.1;0;-;14;49;844;749;0;2040.0;8.3;8.5;0;0;0;0;1;0;
2026.08.27;20:25:22.2;0.04;0.04;776;766;92;97;25;328;336;336;26;2.69;2.69;2.69;2.69;-3;0;0;0;0;14.0;85;27;4.1;0;-;14;49;844;752;0;1353.0;8.2;8.5;0;0;0;0;1;0;
2026.08.27;20:25:22.6;0.04;0.04;776;766;92;97;25;328;336;336;26;2.69;2.69;2.69;2.69;-3;0;0;0;0;14.0;85;27;4.1;0;-;14;49;844;752;0;1353.0;8.0;8.5;0;0;0;0;1;0;
2026.08.27;20:25:23.1;0.03;0.03;776;786;93;98;25;328;336;336;26;2.68;2.68;2.68;2.68;-3;0;0;0;0;14.0;85;27;4.1;0;-;14;49;844;745;0;1267.0;8.0;8.5;0;0;0;0;1;0;
2026.08.27;20:25:23.5;0.03;0.03;776;791;92;97;24;328;336;336;26;2.67;2.67;2.67;2.67;-3;0;0;0;0;14.0;85;27;4.1;0;-;14;49;844;745;0;1267.0;8.1;8.5;0;0;0;0;1;0;
2026.08.27;20:25:24.0;0.03;0.03;776;791;92;97;24;328;336;336;26;2.67;2.67;2.67;2.67;-2;0;0;0;0;14.0;85;27;4.1;0;-;14;49;844;751;0;1756.0;8.1;8.5;0;0;0;0;1;0;
2026.08.27;20:25:24.4;-0.00;-0.00;766;795;94;99;24;328;336;336;26;2.62;2.62;2.62;2.62;0;0;0;0;0;14.1;85;27;4.1;0;-;14;49;844;744;0;1564.0;8.1;8.5;0;0;0;0;1;0;
2026.08.27;20:25:24.9;-0.03;-0.03;698;751;92;97;24;328;336;336;26;2.59;2.59;2.59;2.59;0;0;0;0;0;14.1;85;27;4.1;0;-;13;49;844;744;0;1564.0;8.4;8.7;0;0;0;0;1;0;
2026.08.27;20:25:25.3;-0.03;-0.03;698;751;92;97;24;328;336;336;26;2.59;2.59;2.59;2.59;0;0;0;0;0;14.1;85;27;4.1;0;-;13;49;844;744;0;1740.0;8.3;8.6;0;0;0;0;1;0;
2026.08.27;20:25:25.8;0.00;0.00;92;292;92;97;24;328;336;336;26;2.70;2.70;2.70;2.70;0;0;0;0;0;14.1;85;27;4.1;0;-;13;49;844;761;0;2159.0;8.3;8.6;0;0;0;0;1;0;
2026.08.27;20:25:26.2;-0.02;-0.02;761;727;91;97;24;328;336;336;26;2.64;2.64;2.64;2.64;-2;0;0;0;0;14.1;85;27;4.1;0;-;13;49;844;761;0;2159.0;8.2;8.6;0;0;0;0;1;0;
2026.08.27;20:25:26.7;-0.02;-0.02;761;727;91;97;24;328;336;336;26;2.64;2.64;2.64;2.64;-2;0;0;0;0;14.0;85;27;4.1;0;-;13;49;844;755;0;1642.0;8.2;8.5;0;0;0;0;1;0;
2026.08.27;20:25:27.1;-0.02;-0.02;747;761;92;98;24;328;336;336;26;2.64;2.64;2.64;2.64;-2;0;0;0;0;14.0;85;27;4.1;0;-;13;49;844;754;0;2088.0;8.2;8.5;0;0;0;0;1;0;
2026.08.27;20:25:27.6;-0.02;-0.02;747;761;92;98;24;328;336;336;26;2.64;2.64;2.64;2.64;-2;0;0;0;0;14.0;85;27;4.1;0;-;13;49;844;754;0;2088.0;8.3;8.5;0;0;0;0;1;0;
2026.08.27;20:25:28.0;-0.03;-0.03;737;766;91;97;24;328;336;336;26;2.66;2.66;2.66;2.66;-2;0;0;0;0;14.0;85;27;4.1;0;-;13;49;844;746;0;1419.0;8.3;8.5;0;0;0;0;1;0;
2026.08.27;20:25:28.5;-0.05;-0.05;722;751;92;98;24;327;336;336;26;2.60;2.60;2.60;2.60;-2;0;0;0;0;14.0;85;27;4.2;0;-;13;49;844;749;0;1547.0;8.3;8.6;0;0;0;0;1;0;
2026.08.27;20:25:28.9;-0.05;-0.05;722;751;92;98;24;327;336;336;26;2.60;2.60;2.60;2.60;-2;0;0;0;0;14.0;85;27;4.2;0;-;13;49;844;749;0;1547.0;8.3;8.6;0;0;0;0;1;0;
2026.08.27;20:25:29.4;-0.03;-0.03;239;693;92;98;24;327;336;336;26;2.67;2.67;2.67;2.67;-2;0;0;0;0;14.0;85;27;4.2;0;-;13;49;844;747;0;1933.0;8.3;8.6;0;0;0;0;1;0;
2026.08.27;20:25:29.8;-0.04;-0.04;712;141;90;97;24;327;336;336;26;2.65;2.65;2.65;2.65;-2;0;0;0;0;14.0;85;27;4.2;0;-;14;49;844;747;0;1933.0;8.4;8.6;0;0;0;0;1;0;
2026.08.27;20:25:30.3;-0.04;-0.04;712;141;90;97;24;327;336;336;26;2.65;2.65;2.65;2.65;-2;0;0;0;0;14.0;85;27;4.2;0;-;14;49;844;747;0;1805.0;8.4;8.6;0;0;0;0;1;0;
2026.08.27;20:25:30.7;-0.05;-0.05;722;751;91;97;24;327;336;336;26;2.62;2.62;2.62;2.62;-2;0;0;0;0;14.1;85;27;4.2;0;-;14;49;844;749;0;1521.0;8.4;8.6;0;0;0;0;1;0;
2026.08.27;20:25:31.2;-0.04;-0.04;190;673;90;97;24;327;336;336;26;2.62;2.62;2.62;2.62;-3;0;0;0;0;14.1;85;27;4.2;0;-;14;49;844;749;0;1521.0;8.5;8.6;0;0;0;0;1;0;
2026.08.27;20:25:31.6;-0.04;-0.04;190;673;90;97;24;327;336;336;26;2.62;2.62;2.62;2.62;-3;0;0;0;0;14.1;85;27;4.2;0;-;14;49;844;749;0;1385.0;8.5;8.6;0;0;0;0;1;0;
2026.08.27;20:25:32.1;-0.03;-0.03;131;87;90;97;24;327;336;336;26;2.63;2.63;2.63;2.63;-3;0;0;0;0;14.1;85;27;4.2;0;-;14;49;844;752;0;1740.0;8.5;8.6;0;0;0;0;1;0;
2026.08.27;20:25:32.5;-0.03;-0.03;131;87;90;97;24;327;336;336;26;2.63;2.63;2.63;2.63;-1;0;0;0;0;14.1;85;27;4.2;0;-;14;49;844;752;0;1740.0;8.5;8.7;0;0;0;0;1;0;
2026.08.27;20:25:33.0;-0.05;-0.05;683;634;90;96;24;327;336;336;26;2.56;2.56;2.56;2.56;-2;0;0;0;0;14.1;85;27;4.2;0;-;14;49;844;751;0;1226.0;8.4;8.7;0;0;0;0;1;0;
2026.08.27;20:25:33.4;-0.03;-0.03;97;83;91;98;24;327;336;336;26;2.61;2.61;2.61;2.61;-2;0;0;0;0;14.1;85;27;4.2;0;-;14;49;844;754;0;1514.0;8.4;8.6;0;0;0;0;1;0;
2026.08.27;20:25:33.9;-0.03;-0.03;97;83;91;98;24;327;336;336;26;2.61;2.61;2.61;2.61;-2;0;0;0;0;14.1;85;27;4.2;0;-;14;49;844;754;0;1514.0;8.5;8.7;0;0;0;0;1;0;
2026.08.27;20:25:34.3;-0.02;-0.02;102;92;90;97;25;327;336;336;26;2.61;2.61;2.61;2.61;-3;0;0;0;0;14.1;85;27;4.2;0;-;14;49;844;750;0;2054.0;8.5;8.7;0;0;0;0;1;0;
2026.08.27;20:25:34.8;-0.02;-0.02;102;92;90;97;25;327;336;336;26;2.62;2.62;2.62;2.62;-3;0;0;0;0;14.1;85;27;4.2;0;-;13;49;844;751;0;2079.0;8.4;8.6;0;0;0;0;1;0;
2026.08.27;20:25:35.2;-0.02;-0.02;102;92;90;97;25;327;336;336;26;2.62;2.62;2.62;2.62;-1;0;0;0;0;14.1;85;27;4.2;0;-;13;49;844;751;0;2079.0;8.4;8.7;0;0;0;0;1;0;
2026.08.27;20:25:35.7;0.01;0.01;102;97;90;97;25;327;336;336;26;2.65;2.65;2.65;2.65;-1;0;0;0;0;14.1;84;27;4.2;0;-;13;49;844;749;0;2262.0;8.4;8.7;0;0;0;0;1;0;
2026.08.27;20:25:36.1;-0.03;-0.03;712;678;90;97;25;327;336;336;26;2.55;2.55;2.55;2.55;-1;0;0;0;0;14.1;84;27;4.2;0;-;13;49;844;746;0;1494.0;8.4;8.7;0;0;0;0;1;0;
2026.08.27;20:25:36.6;-0.03;-0.03;712;678;90;97;25;327;336;336;26;2.55;2.55;2.55;2.55;1;0;0;0;0;14.1;84;27;4.2;0;-;13;49;844;746;0;1494.0;8.4;8.7;0;0;0;0;1;0;
2026.08.27;20:25:37.0;-0.01;-0.01;78;73;91;98;25;327;336;336;26;2.57;2.57;2.57;2.57;-3;0;0;0;0;14.0;84;27;4.2;0;-;13;49;844;749;0;2292.0;8.4;8.7;0;0;0;0;1;0;
2026.08.27;20:25:37.5;-0.01;-0.01;73;63;89;97;25;327;336;336;26;2.56;2.56;2.56;2.56;-3;0;0;0;0;14.0;84;27;4.2;0;-;13;49;844;749;0;2000.0;8.5;8.6;0;0;0;0;1;0;
2026.08.27;20:25:37.9;-0.01;-0.01;73;63;89;97;25;327;336;336;26;2.56;2.56;2.56;2.56;-2;0;0;0;0;14.0;84;27;4.2;0;-;13;49;844;749;0;2000.0;8.4;8.6;0;0;0;0;1;0;
2026.08.27;20:25:38.4;0.00;0.00;78;68;90;98;29;327;336;336;26;2.64;2.64;2.64;2.64;-3;0;0;0;0;14.0;84;27;4.2;0;-;13;49;844;747;0;1602.0;8.4;8.6;0;0;0;0;1;0;
2026.08.27;20:25:38.8;0.02;0.02;78;68;89;97;25;327;336;336;26;2.64;2.64;2.64;2.64;-3;0;0;0;0;14.0;84;27;4.2;0;-;13;49;844;747;0;1602.0;8.5;8.8;0;0;0;0;1;0;
2026.08.27;20:25:39.3;0.02;0.02;78;68;89;97;25;327;336;336;26;2.64;2.64;2.64;2.64;-2;0;0;0;0;14.0;84;27;4.2;0;-;13;49;844;757;0;1862.0;8.4;8.7;0;0;0;0;1;0;
2026.08.27;20:25:39.7;0.06;0.06;117;92;90;97;25;327;336;336;26;2.70;2.70;2.70;2.70;-2;0;0;0;0;14.0;84;27;4.2;0;-;13;49;844;758;0;1934.0;8.4;8.7;0;0;0;0;1;0;
2026.08.27;20:25:40.2;0.06;0.06;117;92;90;97;25;327;336;336;26;2.70;2.70;2.70;2.70;-3;0;0;0;0;14.0;84;27;4.2;0;-;13;49;844;758;0;1934.0;8.2;8.5;0;0;0;0;1;0;
2026.08.27;20:25:40.6;0.01;0.01;708;722;90;97;25;327;336;336;26;2.53;2.53;2.53;2.53;0;0;0;0;0;14.0;84;27;4.2;0;-;13;49;844;742;0;1884.0;8.2;8.5;0;0;0;0;1;0;
2026.08.27;20:25:41.1;0.03;0.03;78;68;89;97;26;327;336;336;26;2.62;2.62;2.62;2.62;0;0;0;0;0;14.0;84;27;4.2;0;-;13;49;844;742;0;1884.0;8.4;8.8;0;0;0;0;1;0;
2026.08.27;20:25:41.5;0.03;0.03;78;68;89;97;26;327;336;357;26;2.62;2.62;2.62;2.62;-3;0;0;0;0;14.0;84;27;4.2;0;-;13;49;844;751;0;1642.0;8.3;8.8;0;0;0;0;1;0;
2026.08.27;20:25:42.0;0.04;0.04;92;83;89;96;26;327;336;357;26;2.65;2.65;2.65;2.65;-2;0;0;0;0;14.0;84;27;4.2;0;-;13;49;844;753;0;1510.0;8.3;8.8;0;0;0;0;1;0;
2026.08.27;20:25:42.4;0.05;0.05;97;87;90;98;25;327;336;357;26;2.65;2.65;2.65;2.65;-2;0;0;0;0;14.0;84;27;4.2;0;-;13;49;844;753;0;1510.0;8.4;8.8;0;0;0;0;1;0;
2026.08.27;20:25:42.9;0.05;0.05;97;87;90;98;25;328;336;336;26;2.65;2.65;2.65;2.65;-5;0;0;0;0;14.0;83;26;4.2;0;-;13;49;844;750;0;1576.0;8.5;8.8;0;0;0;0;1;0;
2026.08.27;20:25:43.3;0.08;0.08;175;107;89;97;25;328;336;336;26;2.73;2.73;2.73;2.73;-1;0;0;0;0;14.0;83;26;4.2;0;-;13;49;844;756;0;1639.0;8.5;8.8;0;0;0;0;1;0;
2026.08.27;20:25:43.8;0.03;0.03;698;742;88;96;25;328;336;336;26;2.53;2.53;2.53;2.53;-1;0;0;0;0;14.0;83;26;4.2;0;-;13;49;844;756;0;1639.0;8.1;8.5;0;0;0;0;1;0;
2026.08.27;20:25:44.2;0.03;0.03;698;742;88;96;25;328;336;336;26;2.53;2.53;2.53;2.53;0;0;0;0;0;14.0;83;26;4.2;0;-;13;49;844;749;0;1427.0;8.2;8.7;0;0;0;0;1;0;
2026.08.27;20:25:44.7;0.05;0.05;112;87;89;97;25;328;336;336;26;2.68;2.68;2.68;2.68;-4;0;0;0;0;14.0;83;26;4.2;0;-;13;49;844;754;0;1509.0;8.2;8.7;0;0;0;0;1;0;
2026.08.27;20:25:45.1;0.03;0.03;703;322;89;97;25;328;336;336;26;2.66;2.66;2.66;2.66;-4;0;0;0;0;14.0;83;26;4.2;0;-;13;49;844;754;0;1509.0;8.2;8.8;0;0;0;0;1;0;
2026.08.27;20:25:45.6;0.03;0.03;703;322;89;97;25;328;336;336;26;2.66;2.66;2.66;2.66;-2;0;0;0;0;14.0;83;26;4.3;0;-;13;49;844;752;0;1758.0;8.3;8.6;0;0;0;0;1;0;
2026.08.27;20:25:46.0;0.03;0.03;708;737;89;97;25;328;336;336;26;2.62;2.62;2.62;2.62;-3;0;0;0;0;14.0;83;26;4.3;0;-;13;49;844;755;0;1872.0;8.3;8.6;0;0;0;0;1;0;
2026.08.27;20:25:46.5;0.02;0.02;590;654;88;96;25;328;336;336;26;2.62;2.62;2.62;2.62;-3;0;0;0;0;14.0;83;26;4.3;0;-;13;49;844;755;0;1872.0;8.2;8.6;0;0;0;0;1;0;
2026.08.27;20:25:46.9;0.02;0.02;590;654;88;96;25;328;336;336;26;2.62;2.62;2.62;2.62;-2;0;0;0;0;14.0;83;26;4.3;0;-;13;49;844;748;0;1492.0;8.2;8.6;0;0;0;0;1;0;
2026.08.27;20:25:47.4;0.06;0.06;361;541;89;98;25;328;336;336;26;2.72;2.72;2.72;2.72;-2;0;0;0;0;14.0;83;26;4.3;0;-;13;49;844;755;0;2085.0;8.2;8.6;0;0;0;0;1;0;
2026.08.27;20:25:47.8;0.06;0.06;361;541;89;98;25;328;336;336;26;2.72;2.72;2.72;2.72;-1;0;0;0;0;14.0;83;26;4.3;0;-;13;49;844;755;0;2085.0;8.1;8.6;0;0;0;0;1;0;
2026.08.27;20:25:48.3;0.04;0.04;771;727;89;98;25;328;336;336;26;2.67;2.67;2.67;2.67;-3;0;0;0;0;14.0;83;26;4.3;0;-;13;49;844;750;0;1717.0;8.1;8.6;0;0;0;0;1;0;
2026.08.27;20:25:48.8;0.03;0.03;781;791;89;97;25;328;336;336;26;2.68;2.68;2.68;2.68;-3;0;0;0;0;14.0;83;26;4.3;0;-;13;49;844;750;0;2403.0;8.1;8.6;0;0;0;0;1;0;
2026.08.27;20:25:49.2;0.03;0.03;781;791;89;97;25;328;336;336;26;2.68;2.68;2.68;2.68;-3;0;0;0;0;14.0;83;26;4.3;0;-;13;49;844;750;0;2403.0;8.1;8.6;0;0;0;0;1;0;
2026.08.27;20:25:49.7;0.03;0.03;786;795;88;97;24;326;336;336;26;2.67;2.67;2.67;2.67;-3;0;0;0;0;14.0;83;26;4.3;0;-;13;49;844;745;0;2105.0;8.1;8.6;0;0;0;0;1;0;
2026.08.27;20:25:50.1;0.03;0.03;786;795;88;97;24;326;336;336;26;2.67;2.67;2.67;2.67;-1;0;0;0;0;14.0;83;26;4.3;0;-;13;49;844;745;0;2105.0;8.1;8.5;0;0;0;0;1;0;
2026.08.27;20:25:50.6;-0.00;-0.00;781;795;89;98;24;326;336;336;26;2.61;2.61;2.61;2.61;-4;0;0;0;0;14.0;83;26;4.3;0;-;13;49;844;750;0;1302.0;8.1;8.5;0;0;0;0;1;0;
2026.08.27;20:25:51.0;-0.03;-0.03;737;766;88;97;25;326;336;336;26;2.62;2.62;2.62;2.62;-4;0;0;0;0;14.0;83;26;4.3;0;-;13;49;844;749;0;2360.0;8.5;8.5;0;0;0;0;1;1;
2026.08.27;20:25:51.5;-0.03;-0.03;737;766;88;97;25;326;336;357;26;2.62;2.62;2.62;2.62;-4;0;0;0;0;14.0;83;26;4.3;0;-;13;49;844;749;0;2360.0;8.4;9.0;0;0;0;0;0;1;
2026.08.27;20:25:51.9;-0.00;-0.00;117;629;88;97;24;326;336;357;26;2.74;2.74;2.74;2.74;-6;0;0;0;0;14.1;83;26;4.3;0;-;13;49;844;758;0;2103.0;8.4;9.0;0;0;0;0;0;1;
2026.08.27;20:25:52.4;-0.02;-0.02;766;751;88;97;27;326;357;357;26;2.81;2.81;2.81;2.81;-6;0;0;0;0;14.1;83;26;4.3;1;-;13;49;844;758;0;2103.0;8.8;9.1;0;0;0;0;0;1;
2026.08.27;20:25:52.8;-0.02;-0.02;766;751;88;97;27;326;357;378;26;2.81;2.81;2.81;2.81;-7;0;0;0;0;14.1;83;26;4.3;1;-;13;49;844;748;0;2488.0;8.9;9.5;0;0;0;0;0;1;
2026.08.27;20:25:53.3;-0.03;-0.03;747;761;88;97;26;326;357;378;26;2.95;2.95;2.95;2.95;-7;0;0;0;0;14.1;83;26;4.3;0;-;13;49;844;753;0;1572.0;8.9;9.5;0;0;0;0;1;1;
2026.08.27;20:25:53.7;-0.04;-0.04;771;781;88;97;26;326;357;378;26;2.94;2.94;2.94;2.94;-7;0;0;0;0;14.1;83;26;4.3;0;-;13;49;844;753;0;1572.0;8.9;9.7;0;0;0;0;1;1;
2026.08.27;20:25:54.2;-0.04;-0.04;771;781;88;97;26;326;357;378;26;2.94;2.94;2.94;2.94;-6;0;0;0;0;14.0;83;26;4.3;0;-;13;49;844;756;0;1348.0;9.1;9.6;0;0;0;0;1;1;
2026.08.27;20:25:54.6;-0.07;-0.07;761;786;88;97;26;326;357;378;26;2.80;2.80;2.80;2.80;-6;0;0;0;0;14.0;83;26;4.3;0;-;12;49;844;743;0;1579.0;9.1;9.6;0;0;0;0;1;1;
2026.08.27;20:25:55.1;-0.04;-0.04;219;698;87;96;26;326;357;378;26;2.85;2.85;2.85;2.80;-6;0;0;0;0;14.0;83;26;4.3;0;-;12;49;844;743;0;1579.0;9.2;9.5;0;0;0;0;1;1;
2026.08.27;20:25:55.5;-0.04;-0.04;219;698;87;96;26;326;378;378;26;2.85;2.85;2.85;2.85;-8;0;0;0;0;14.0;83;26;4.3;0;-;12;49;844;740;0;1729.0;9.3;9.7;0;0;0;0;1;1;
2026.08.27;20:25:56.0;-0.03;-0.03;551;97;89;98;26;326;378;378;26;2.93;2.93;2.93;2.93;-8;0;0;0;0;14.0;83;26;4.3;0;-;12;49;844;745;0;2091.0;9.3;9.7;0;0;0;0;1;1;
2026.08.27;20:25:56.4;-0.03;-0.03;551;97;89;98;26;326;378;378;26;2.93;2.93;2.93;2.93;-8;0;0;0;0;14.0;83;26;4.3;0;-;12;49;844;745;0;2091.0;9.3;9.5;0;0;0;0;1;1;
2026.08.27;20:25:56.9;-0.06;-0.06;649;712;88;97;26;357;378;378;26;2.85;2.85;2.85;2.85;-6;0;0;0;0;14.0;83;26;4.3;0;-;12;49;844;746;0;1844.0;9.3;9.5;0;0;0;0;1;1;
2026.08.27;20:25:57.3;-0.04;-0.04;112;97;88;97;27;357;378;378;26;2.88;2.88;2.88;2.88;-6;0;0;0;0;14.0;83;26;4.3;0;-;12;49;844;746;0;1844.0;9.3;9.5;0;0;0;0;1;1;
2026.08.27;20:25:57.8;-0.04;-0.04;112;97;88;97;27;357;357;378;26;2.88;2.88;2.88;2.88;-6;0;0;0;0;14.0;83;26;4.3;0;-;12;49;844;748;0;1364.0;9.2;9.6;0;0;0;0;1;1;
2026.08.27;20:25:58.2;-0.06;-0.06;625;571;88;97;27;357;357;378;26;2.82;2.82;2.82;2.82;-6;0;0;0;0;14.1;83;26;4.3;0;-;12;49;844;748;0;1873.0;9.2;9.6;0;0;0;0;1;1;
2026.08.27;20:25:58.7;-0.06;-0.06;625;571;88;97;27;357;819;693;26;2.82;2.82;2.82;2.82;12;0;0;0;0;14.1;83;26;4.3;0;-;12;49;844;748;16;1873.0;27.9;26.3;6;0;79;0;0;1;
2026.08.27;20:25:59.1;-0.02;-0.02;683;263;87;96;74;357;819;693;26;3.94;3.94;3.94;3.94;25;0;0;0;0;14.1;83;26;4.3;0;-;12;49;844;2348;16;4096.0;27.9;26.3;6;0;79;0;0;1;
2026.08.27;20:25:59.6;0.00;0.00;73;58;86;97;99;357;483;399;26;5.76;5.76;5.76;5.76;25;0;0;0;0;14.1;83;26;4.3;2;-;13;49;844;1825;25;2468.0;35.2;30.8;0;0;0;0;0;1;
2026.08.27;20:26:00.0;0.00;0.00;73;58;86;97;99;357;504;546;26;5.76;5.76;5.76;5.76;20;0;0;0;0;14.1;83;26;4.3;7;-;13;49;844;1825;26;2468.0;38.4;41.4;0;0;0;0;0;1;
2026.08.27;20:26:00.5;0.02;0.02;297;463;84;97;99;357;504;546;26;5.77;5.77;5.77;5.77;18;0;0;0;0;14.0;83;26;4.3;7;-;13;49;844;1778;26;2520.0;38.4;41.4;0;0;0;0;0;1;
2026.08.27;20:26:00.9;-0.00;-0.00;356;664;81;96;99;357;567;609;26;5.08;5.08;5.08;5.08;18;0;0;0;0;14.0;83;26;4.3;12;-;13;49;844;1869;23;5000.0;44.2;47.2;16;17;43;0;0;1;
2026.08.27;20:26:01.4;-0.00;-0.00;356;664;81;96;99;357;378;462;26;5.08;5.08;5.08;5.08;2;0;0;0;0;14.0;83;26;4.3;15;-;13;48;844;1869;15;5000.0;28.5;36.1;0;0;0;0;0;0;
2026.08.27;20:26:01.8;-0.02;-0.02;698;732;79;96;70;357;378;462;26;2.73;2.73;2.73;2.73;25;0;0;0;0;14.0;83;26;4.3;15;-;13;48;844;2198;15;4857.0;28.5;36.1;0;0;0;0;0;0;
2026.08.27;20:26:02.3;0.06;0.06;48;39;77;97;59;357;231;273;26;2.23;2.23;2.23;2.23;25;0;0;0;0;14.0;83;26;4.3;16;-;13;48;844;2198;13;4857.0;19.1;24.2;0;0;0;0;0;0;
2026.08.27;20:26:02.7;0.06;0.06;48;39;77;97;59;357;210;252;26;2.23;2.23;2.23;2.23;25;0;0;0;0;14.1;83;26;4.3;16;-;13;48;844;2311;13;3497.0;18.8;22.6;0;0;0;0;0;0;
2026.08.27;20:26:03.2;0.10;0.10;698;112;0;0;57;357;210;252;26;2.20;2.20;2.20;2.20;39;0;0;0;0;14.1;83;26;4.3;16;-;13;48;844;2411;13;5000.0;18.8;22.6;0;0;0;0;0;0;
2026.08.27;20:26:03.6;0.08;0.08;87;571;75;97;66;357;210;231;26;2.27;2.27;2.27;2.27;39;0;0;0;0;14.1;83;26;4.3;17;-;13;48;844;2411;16;5000.0;18.7;21.5;0;0;0;0;0;0;
2026.08.27;20:26:04.1;0.08;0.08;87;571;75;97;66;242;378;357;26;2.27;2.27;2.27;2.27;26;0;0;0;0;14.1;83;26;4.3;17;-;13;48;844;2553;16;5000.0;37.8;36.6;0;0;0;0;0;0;
2026.08.27;20:26:04.5;0.03;0.03;810;800;74;97;99;242;378;357;26;4.61;4.61;4.61;4.61;26;0;0;0;0;14.1;83;26;4.2;18;-;14;48;844;2790;27;5000.0;37.8;36.6;0;0;0;0;0;0;
2026.08.27;20:26:05.0;0.03;0.03;810;800;74;97;99;242;462;504;26;4.61;4.61;4.61;4.61;23;0;0;0;0;14.1;83;26;4.2;21;-;14;48;844;2790;29;5000.0;53.3;58.6;0;0;0;0;0;0;
2026.08.27;20:26:05.4;-0.01;-0.01;698;571;71;96;99;242;462;504;26;4.20;4.20;4.20;4.20;16;0;0;0;0;14.1;83;26;4.2;21;-;14;48;844;3193;29;4268.0;53.3;58.6;0;0;0;0;0;0;
2026.08.27;20:26:05.9;0.02;0.02;63;53;64;96;82;242;315;357;26;2.11;2.11;2.11;2.11;16;0;0;0;0;14.1;83;26;4.2;23;-;14;48;844;3193;22;4268.0;36.8;44.2;0;0;0;0;0;0;
2026.08.27;20:26:06.3;0.02;0.02;63;53;64;96;82;242;189;231;26;2.11;2.11;2.11;2.11;-14;0;0;0;0;14.1;83;26;4.2;24;-;14;48;844;3116;0;5000.0;18.8;22.1;0;0;0;0;0;1;
2026.08.27;20:26:06.8;0.00;0.00;0;0;60;95;0;242;189;231;26;0.00;0.00;0.00;0.00;-1;0;0;0;0;14.0;83;26;4.2;24;-;14;48;844;2052;0;3582.0;18.8;22.1;0;0;0;0;0;1;
2026.08.27;20:26:07.2;0.00;0.00;0;0;65;96;0;242;189;231;26;2.43;2.43;2.43;2.43;-1;0;0;0;0;14.0;83;26;4.2;24;-;14;48;844;2052;0;3582.0;11.7;13.6;0;0;0;0;1;1;
2026.08.27;20:26:07.7;0.00;0.00;0;0;65;96;0;242;189;210;26;2.43;2.43;2.43;2.43;3;0;0;0;0;14.0;84;27;4.2;24;-;14;48;844;1357;0;2369.0;8.1;9.0;0;0;0;0;1;1;
2026.08.27;20:26:08.1;0.00;0.00;786;68;67;96;0;242;189;210;26;1.80;1.80;1.80;1.80;3;0;0;0;0;14.0;84;27;4.2;23;-;14;48;844;983;0;2114.0;8.1;9.0;0;0;0;0;1;1;
2026.08.27;20:26:08.6;0.00;0.00;786;68;67;96;0;242;315;273;26;1.80;1.80;1.80;1.80;13;0;0;0;0;14.0;84;27;4.2;21;-;14;48;844;983;0;2114.0;9.7;8.7;0;0;0;0;1;1;
2026.08.27;20:26:09.0;-0.00;-0.00;678;781;68;96;4;242;294;294;26;2.48;2.48;2.48;2.48;2;0;0;0;0;13.9;84;27;4.2;21;-;14;48;844;844;0;2063.0;8.4;8.3;0;0;0;0;1;1;
2026.08.27;20:26:09.5;-0.00;-0.00;761;253;70;97;5;242;294;294;26;2.49;2.49;2.49;2.49;2;0;0;0;0;13.9;84;27;4.2;21;-;11;48;844;785;0;1855.0;8.4;8.3;0;0;0;0;1;1;
2026.08.27;20:26:09.9;-0.00;-0.00;761;253;70;97;5;242;315;315;26;2.49;2.49;2.49;2.49;5;0;0;0;0;13.9;84;27;4.2;20;-;11;48;844;785;0;1855.0;8.0;8.1;0;0;0;0;1;1;
2026.08.27;20:26:10.4;-0.01;-0.01;771;766;70;97;7;242;315;315;26;2.56;2.56;2.56;2.56;3;0;0;0;0;13.9;84;27;4.2;20;-;11;48;844;759;0;1390.0;8.0;8.1;0;0;0;0;1;1;
2026.08.27;20:26:10.8;-0.02;-0.02;742;751;70;96;8;294;315;315;26;2.58;2.58;2.58;2.58;3;0;0;0;0;14.0;85;27;4.2;19;-;11;48;844;754;0;1431.0;8.2;8.2;0;0;0;0;1;1;
2026.08.27;20:26:11.3;-0.02;-0.02;742;751;70;96;8;294;315;315;26;2.58;2.58;2.58;2.58;-1;0;0;0;0;14.0;85;27;4.2;20;-;11;48;844;754;0;1431.0;8.2;8.2;0;0;0;0;0;1;
2026.08.27;20:26:11.7;-0.04;-0.04;737;708;71;96;8;294;315;315;26;2.55;2.55;2.55;2.55;-2;0;0;0;0;14.0;85;27;4.2;20;-;11;48;844;755;0;1605.0;8.2;8.2;0;0;0;0;0;1;
2026.08.27;20:26:12.2;-0.00;-0.00;92;146;71;95;9;294;315;315;26;2.67;2.67;2.67;2.67;-2;0;0;0;0;14.0;85;27;4.2;23;-;11;48;844;755;0;1605.0;7.9;8.2;0;0;0;0;1;1;
2026.08.27;20:26:12.6;-0.00;-0.00;92;146;71;95;9;294;315;336;26;2.67;2.67;2.67;2.67;-2;0;0;0;0;14.0;85;27;4.2;23;-;11;48;844;751;0;1973.0;8.1;8.5;0;0;0;0;1;1;
2026.08.27;20:26:13.1;-0.02;-0.02;781;664;72;96;10;294;315;336;26;2.65;2.65;2.65;2.65;2;0;0;0;0;13.9;85;27;4.2;24;-;11;48;844;750;0;1599.0;8.1;8.5;0;0;0;0;1;1;
2026.08.27;20:26:13.5;-0.03;-0.03;766;771;74;98;11;294;336;336;26;2.64;2.64;2.64;2.64;2;0;0;0;0;13.9;85;27;4.2;25;-;11;48;844;750;0;1599.0;9.2;8.7;0;0;0;0;1;0;
2026.08.27;20:26:14.0;-0.03;-0.03;766;771;74;98;11;294;315;315;26;2.64;2.64;2.64;2.64;0;0;0;0;0;13.9;85;27;4.2;23;-;11;48;844;782;0;2133.0;7.8;7.9;0;0;0;0;1;0;
2026.08.27;20:26:14.4;-0.03;-0.03;742;751;72;95;12;294;315;315;26;2.60;2.60;2.60;2.60;0;0;0;0;0;13.9;85;27;4.2;23;-;11;48;844;767;0;2330.0;7.8;7.9;0;0;0;0;1;0;
2026.08.27;20:26:14.9;-0.05;-0.05;712;722;73;95;11;294;315;315;26;2.49;2.49;2.49;2.49;0;0;0;0;0;14.1;85;27;4.1;20;-;11;48;844;749;0;1532.0;7.9;8.2;0;0;0;0;1;0;
2026.08.27;20:26:15.3;-0.05;-0.05;712;722;73;95;11;294;336;336;26;2.49;2.49;2.49;2.49;3;0;0;0;0;14.1;85;27;4.1;18;-;11;48;844;749;0;1532.0;8.4;8.2;0;0;0;0;1;0;
2026.08.27;20:26:15.8;-0.01;-0.01;87;312;74;96;12;294;336;336;26;2.62;2.62;2.62;2.62;-1;0;0;0;0;14.1;85;27;4.1;18;-;11;48;844;757;0;1473.0;8.4;8.2;0;0;0;0;1;0;
2026.08.27;20:26:16.2;-0.03;-0.03;742;493;75;97;13;294;336;336;26;2.59;2.59;2.59;2.59;-1;0;0;0;0;14.1;85;27;4.1;14;-;11;48;844;742;0;1471.0;8.4;8.5;0;0;0;0;1;0;
2026.08.27;20:26:16.7;-0.03;-0.03;742;493;75;97;13;294;315;336;26;2.59;2.59;2.59;2.59;-2;0;0;0;0;14.1;85;27;4.1;10;-;11;48;844;742;0;1471.0;8.2;8.4;0;0;0;0;1;0;
2026.08.27;20:26:17.2;-0.03;-0.03;732;747;74;96;13;294;315;336;26;2.57;2.57;2.57;2.57;0;0;0;0;0;14.0;85;27;4.1;10;-;11;48;844;751;0;1868.0;8.2;8.4;0;0;0;0;1;0;
2026.08.27;20:26:17.6;-0.04;-0.04;600;644;75;96;14;294;315;336;26;2.63;2.63;2.63;2.63;0;0;0;0;0;14.0;85;27;4.1;5;-;11;48;844;751;0;1868.0;8.2;8.5;0;0;0;0;1;0;
2026.08.27;20:26:18.1;-0.04;-0.04;600;644;75;96;14;355;315;357;26;2.63;2.63;2.63;2.63;-6;0;0;0;0;14.0;86;27;4.1;5;-;11;48;844;743;0;1355.0;8.0;8.8;0;0;0;0;1;0;
2026.08.27;20:26:18.5;-0.02;-0.02;112;83;75;95;14;355;315;357;26;2.68;2.68;2.68;2.68;-3;0;0;0;0;14.0;86;27;4.1;6;-;11;48;844;748;0;1971.0;8.0;8.8;0;0;0;0;1;0;
2026.08.27;20:26:19.0;-0.03;-0.03;742;678;76;96;15;355;315;336;26;2.58;2.58;2.58;2.58;-3;0;0;0;0;14.0;86;27;4.1;8;-;11;48;844;748;0;1971.0;8.0;8.7;0;0;0;0;1;0;
2026.08.27;20:26:19.4;-0.03;-0.03;742;678;76;96;15;355;336;336;26;2.58;2.58;2.58;2.58;-2;0;0;0;0;14.0;86;27;4.1;8;-;11;48;844;748;0;1469.0;8.4;8.6;0;0;0;0;1;0;
2026.08.27;20:26:19.9;-0.02;-0.02;87;83;76;95;16;355;336;336;26;2.64;2.64;2.64;2.64;-2;0;0;0;0;14.0;86;27;4.1;9;-;11;48;844;748;0;1298.0;8.4;8.6;0;0;0;0;1;0;
2026.08.27;20:26:20.3;-0.02;-0.02;87;83;76;95;16;355;315;336;26;2.64;2.64;2.64;2.64;-3;0;0;0;0;14.0;86;27;4.1;10;-;11;48;844;748;0;1298.0;8.3;8.7;0;0;0;0;1;0;
2026.08.27;20:26:20.8;-0.01;-0.01;87;87;76;95;17;355;315;336;26;2.65;2.65;2.65;2.65;-4;0;0;0;0;14.0;86;27;4.1;10;-;11;48;844;748;0;2235.0;8.3;8.7;0;0;0;0;1;0;
2026.08.27;20:26:21.2;-0.00;-0.00;141;107;75;94;17;355;315;336;26;2.69;2.69;2.69;2.69;-4;0;0;0;0;14.1;86;27;4.2;7;-;11;48;844;751;0;1357.0;8.1;8.7;0;0;0;0;1;0;
2026.08.27;20:26:21.7;-0.00;-0.00;141;107;75;94;17;355;315;357;26;2.69;2.69;2.69;2.69;-5;0;0;0;0;14.1;86;27;4.2;7;-;11;48;844;751;0;1357.0;8.0;9.0;0;0;0;0;1;0;
2026.08.27;20:26:22.1;0.02;0.02;429;112;76;95;17;355;315;357;26;2.76;2.76;2.76;2.76;-3;0;0;0;0;14.1;86;27;4.2;7;-;11;48;844;740;0;1933.0;8.0;9.0;0;0;0;0;1;0;
2026.08.27;20:26:22.6;-0.01;-0.01;92;673;77;95;18;355;336;336;26;2.61;2.61;2.61;2.61;-3;0;0;0;0;14.1;86;27;4.2;8;-;11;48;844;740;0;1933.0;8.1;8.8;0;0;0;0;0;0;
2026.08.27;20:26:23.0;-0.01;-0.01;92;673;77;95;18;355;315;336;26;2.61;2.61;2.61;2.61;-5;0;0;0;0;14.1;86;27;4.2;8;-;11;48;844;755;0;1283.0;8.0;8.7;0;0;0;0;0;0;
2026.08.27;20:26:23.5;-0.01;-0.01;78;68;77;95;18;355;315;336;26;2.56;2.56;2.56;2.56;-5;0;0;0;0;14.1;86;27;4.2;10;-;11;48;844;806;1;2491.0;8.0;8.7;0;0;0;0;0;1;
2026.08.27;20:26:23.9;-0.01;-0.01;78;68;77;95;18;355;777;567;26;2.56;2.56;2.56;2.56;6;0;0;0;0;14.1;86;27;4.2;12;-;11;48;844;806;23;2491.0;27.3;24.1;0;0;0;0;0;1;
2026.08.27;20:26:24.4;-0.02;-0.02;161;244;78;95;99;355;588;651;26;8.03;8.03;8.03;8.03;15;0;0;0;0;14.1;86;27;4.2;12;-;11;48;844;1519;23;5000.0;52.5;57.4;23;24;49;0;0;1;
2026.08.27;20:26:24.8;0.02;0.02;776;717;77;96;99;330;588;651;26;6.25;6.25;6.25;6.25;15;0;0;0;0;14.1;87;28;4.2;15;-;11;48;844;2266;28;5000.0;52.5;57.4;23;24;49;0;0;1;
2026.08.27;20:26:25.3;0.02;0.02;776;717;77;96;99;330;567;588;26;6.25;6.25;6.25;6.25;22;0;0;0;0;14.1;87;28;4.2;19;-;11;48;844;2266;27;5000.0;51.3;54.0;10;10;60;0;0;1;
2026.08.27;20:26:25.7;0.08;0.08;385;253;74;96;99;330;567;588;26;6.63;6.63;6.63;6.63;18;0;0;0;0;14.0;87;28;4.2;19;-;11;48;844;1911;27;4369.0;51.3;54.0;10;10;60;0;0;1;
2026.08.27;20:26:26.2;0.06;0.06;200;659;71;94;66;330;483;567;26;4.18;4.18;4.18;4.18;18;0;0;0;0;14.0;87;28;4.2;23;-;11;48;844;1911;20;4369.0;34.8;41.6;10;15;34;0;0;1;
2026.08.27;20:26:26.6;0.06;0.06;200;659;71;94;66;330;231;336;26;4.18;4.18;4.18;4.18;9;0;0;0;0;14.0;87;28;4.2;25;-;11;48;844;1884;10;4885.0;15.7;23.0;0;0;0;0;0;0;
2026.08.27;20:26:27.1;0.06;0.06;53;68;70;95;37;330;231;336;26;1.89;1.89;1.89;1.89;37;0;0;0;0;14.0;87;28;4.2;25;-;11;48;844;1982;10;2829.0;15.7;23.0;0;0;0;0;0;0;
2026.08.27;20:26:27.5;0.12;0.12;58;43;70;94;36;330;210;231;26;1.84;1.84;1.84;1.84;37;0;0;0;0;14.0;87;28;4.2;26;-;11;48;844;1982;9;2829.0;13.7;16.8;0;0;0;0;0;0;
2026.08.27;20:26:28.0;0.12;0.12;58;43;70;94;36;330;189;210;26;1.84;1.84;1.84;1.84;23;0;0;0;0;14.0;87;28;4.2;26;-;11;48;844;2066;9;3971.0;14.6;16.4;0;0;0;0;0;0;
2026.08.27;20:26:28.4;0.19;0.19;683;102;69;94;37;330;189;210;26;1.98;1.98;1.98;1.98;23;0;0;0;0;14.0;86;28;4.2;27;-;11;48;844;2138;8;5000.0;14.6;16.4;0;0;0;0;0;0;
2026.08.27;20:26:28.9;0.19;0.19;683;102;69;94;37;330;189;210;26;1.98;1.98;1.98;1.98;25;0;0;0;0;14.0;86;28;4.2;28;-;14;48;844;2138;8;5000.0;15.1;16.9;0;0;0;0;0;0;
2026.08.27;20:26:29.3;0.10;0.10;708;756;69;94;39;330;189;210;26;1.86;1.86;1.86;1.86;22;0;0;0;0;14.0;86;28;4.2;28;-;14;48;844;2219;8;4488.0;15.9;17.2;0;0;0;0;0;0;
2026.08.27;20:26:29.8;0.15;0.15;151;117;67;93;42;330;189;210;26;1.97;1.97;1.97;1.97;22;0;0;0;0;14.1;86;28;4.1;29;-;14;48;844;2257;8;3281.0;15.9;17.2;0;0;0;0;0;0;
2026.08.27;20:26:30.2;0.15;0.15;151;117;67;93;42;330;189;210;26;1.97;1.97;1.97;1.97;19;0;0;0;0;14.1;86;28;4.1;30;-;14;48;844;2257;7;3281.0;16.5;17.8;0;0;0;0;0;0;
2026.08.27;20:26:30.7;0.09;0.09;166;683;65;95;44;330;189;210;26;1.85;1.85;1.85;1.85;3;0;0;0;0;14.1;86;28;4.1;30;-;14;48;844;2339;7;4722.0;16.5;17.8;0;0;0;0;0;0;
2026.08.27;20:26:31.1;0.17;0.17;224;97;63;94;46;330;189;210;26;2.05;2.05;2.05;2.05;3;0;0;0;0;14.1;86;28;4.1;30;-;14;48;844;2357;0;5000.0;16.9;18.2;0;0;0;0;0;0;
2026.08.27;20:26:31.6;0.17;0.17;224;97;63;94;46;330;189;210;26;2.05;2.05;2.05;2.05;-15;0;0;0;0;14.1;86;28;4.1;30;-;14;48;844;2357;0;5000.0;17.5;19.2;0;0;0;0;0;0;
2026.08.27;20:26:32.0;0.00;0.00;4;4;60;93;0;201;189;210;26;0.00;0.00;0.00;0.00;3;0;0;0;0;14.1;86;28;4.1;30;-;14;48;844;2348;0;4144.0;17.5;19.2;0;0;0;0;0;0;
2026.08.27;20:26:32.5;0.00;0.00;0;0;65;94;0;201;189;210;26;0.00;0.00;0.00;0.00;3;0;0;0;0;14.1;86;28;4.1;30;-;14;48;844;2348;0;4144.0;17.5;19.3;0;0;0;0;0;0;
2026.08.27;20:26:32.9;0.00;0.00;0;0;65;94;0;201;210;210;26;0.00;0.00;0.00;0.00;3;0;0;0;0;14.1;86;28;4.1;30;-;14;48;844;2353;0;4829.0;17.5;19.1;0;0;0;0;0;0;
2026.08.27;20:26:33.4;0.00;0.00;4;0;70;93;0;201;210;210;26;2.61;2.61;2.61;2.61;15;0;0;0;0;14.1;86;28;4.1;30;-;14;48;844;2353;5;3721.0;17.5;19.1;0;0;0;0;0;0;
2026.08.27;20:26:33.8;0.02;0.02;43;146;69;93;3;201;189;210;26;1.82;1.82;1.82;1.82;15;0;0;0;0;14.1;86;28;4.1;30;-;13;48;844;2353;9;3721.0;17.6;18.2;0;0;0;0;0;0;
2026.08.27;20:26:34.3;0.02;0.02;43;146;69;93;3;201;189;210;26;1.82;1.82;1.82;1.82;22;0;0;0;0;14.1;86;28;4.1;30;-;13;48;844;2386;9;4575.0;17.7;18.1;0;0;0;0;0;0;
2026.08.27;20:26:34.7;0.08;0.08;63;53;67;93;7;201;189;210;26;1.94;1.94;1.94;1.94;22;0;0;0;0;14.1;86;28;4.1;31;-;13;48;844;2431;9;3912.0;17.7;18.1;0;0;0;0;0;0;
2026.08.27;20:26:35.2;0.08;0.08;63;53;67;93;7;201;210;210;26;1.94;1.94;1.94;1.94;20;0;0;0;0;14.1;86;28;4.1;32;-;13;48;844;2431;9;3912.0;18.1;18.8;0;0;0;0;0;0;
2026.08.27;20:26:35.6;0.07;0.07;703;737;64;93;9;201;210;210;26;1.92;1.92;1.92;1.92;19;0;0;0;0;14.1;86;28;4.1;32;-;13;48;844;2477;9;5000.0;18.1;18.8;0;0;0;0;0;0;
2026.08.27;20:26:36.1;0.06;0.06;766;732;61;93;10;201;210;210;26;1.88;1.88;1.88;1.88;19;0;0;0;0;14.1;86;28;4.1;32;-;13;48;844;2542;9;4314.0;18.2;19.0;0;0;0;0;0;0;
2026.08.27;20:26:36.5;0.06;0.06;766;732;61;93;10;201;210;210;26;1.88;1.88;1.88;1.88;19;0;0;0;0;14.1;86;28;4.1;33;-;13;48;844;2542;0;4314.0;18.5;18.9;0;0;0;0;0;0;
2026.08.27;20:26:37.0;0.08;0.08;561;141;59;93;12;201;210;210;26;1.92;1.92;1.92;1.92;-5;0;0;0;0;14.1;86;28;4.1;33;-;13;48;844;2553;0;4950.0;18.5;18.9;0;0;0;0;0;0;
2026.08.27;20:26:37.4;0.13;0.13;48;78;55;93;13;201;210;210;26;1.98;1.98;1.98;1.98;-5;0;0;0;0;14.1;86;28;4.1;33;-;13;48;844;2553;0;4950.0;18.5;19.2;0;0;0;0;0;0;
2026.08.27;20:26:37.9;0.13;0.13;48;78;55;93;13;201;210;210;26;1.98;1.98;1.98;1.98;-14;0;0;0;0;14.1;86;28;4.1;33;-;13;48;844;2558;0;5000.0;18.6;19.8;0;0;0;0;0;0;
2026.08.27;20:26:38.3;0.00;0.00;0;0;54;93;0;201;210;210;26;0.00;0.00;0.00;0.00;-14;0;0;0;0;14.1;86;28;4.1;33;-;13;48;844;2558;0;3776.0;18.6;19.8;0;0;0;0;0;0;
2026.08.27;20:26:38.8;0.00;0.00;0;0;54;93;0;201;210;210;26;0.00;0.00;0.00;0.00;6;0;0;0;0;14.1;86;28;4.1;33;-;7;48;844;2558;0;3776.0;18.6;19.8;0;0;0;0;0;0;
2026.08.27;20:26:39.2;0.00;0.00;0;0;59;92;0;193;210;210;26;0.00;0.00;0.00;0.00;15;0;0;0;0;14.1;86;27;4.1;33;-;7;48;844;2558;0;5000.0;18.6;19.8;0;0;0;0;0;0;
2026.08.27;20:26:39.7;-0.01;-0.01;53;717;61;92;3;193;210;210;26;1.73;1.73;1.73;1.73;15;0;0;0;0;14.1;86;27;4.1;33;-;7;48;844;2586;10;5000.0;18.5;19.3;0;0;0;0;0;0;
2026.08.27;20:26:40.1;-0.01;-0.01;53;717;61;92;3;193;210;210;26;1.73;1.73;1.73;1.73;23;0;0;0;0;14.1;86;27;4.1;33;-;7;48;844;2586;10;5000.0;18.7;19.1;0;0;0;0;0;0;
2026.08.27;20:26:40.6;0.07;0.07;58;48;59;92;6;193;210;210;26;1.86;1.86;1.86;1.86;21;0;0;0;0;14.1;86;27;4.1;33;-;7;48;844;2609;10;5000.0;18.7;19.1;0;0;0;0;0;0;
2026.08.27;20:26:41.0;0.08;0.08;688;668;56;92;8;193;210;210;26;1.87;1.87;1.87;1.87;21;0;0;0;0;14.1;86;27;4.1;34;-;7;48;844;2609;11;5000.0;18.8;19.1;0;0;0;0;0;0;
2026.08.27;20:26:41.5;0.08;0.08;688;668;56;92;8;193;210;210;26;1.87;1.87;1.87;1.87;16;0;0;0;0;14.1;86;27;4.1;34;-;7;48;844;2639;11;5000.0;19.0;19.8;0;0;0;0;0;0;
2026.08.27;20:26:41.9;0.05;0.05;209;742;53;91;10;193;210;210;26;1.84;1.84;1.84;1.84;-3;0;0;0;0;14.1;86;27;4.1;34;-;7;48;844;2651;0;5000.0;19.0;19.8;0;0;0;0;0;0;
2026.08.27;20:26:42.4;0.00;0.00;756;29;50;91;0;193;210;210;26;0.00;0.00;0.00;0.00;-3;0;0;0;0;14.1;86;27;4.1;34;-;7;48;844;2651;0;5000.0;19.0;19.9;0;0;0;0;0;0;
2026.08.27;20:26:42.8;0.00;0.00;756;29;50;91;0;193;210;210;26;0.00;0.00;0.00;0.00;1;0;0;0;0;14.1;86;27;4.1;34;-;7;48;844;2633;0;5000.0;19.0;20.3;0;0;0;0;0;0;
2026.08.27;20:26:43.3;0.00;0.00;0;0;51;91;0;193;210;210;26;0.00;0.00;0.00;0.00;6;0;0;0;0;14.1;86;27;4.1;34;-;7;48;844;2621;0;5000.0;19.0;20.3;0;0;0;0;0;0;
2026.08.27;20:26:43.8;0.00;0.00;0;0;57;91;0;193;210;210;26;0.00;0.00;0.00;0.00;6;0;0;0;0;14.1;86;27;4.1;34;-;13;48;844;2621;0;5000.0;18.9;20.3;0;0;0;0;0;0;
2026.08.27;20:26:44.2;0.00;0.00;0;0;57;91;0;193;210;210;26;0.00;0.00;0.00;0.00;6;0;0;0;0;14.1;86;27;4.1;34;-;13;48;844;2615;0;3916.0;18.8;19.7;0;0;0;0;0;0;
2026.08.27;20:26:44.7;0.00;0.00;0;0;64;91;0;193;210;210;26;0.00;0.00;0.00;0.00;6;0;0;0;0;14.1;86;27;4.1;34;-;13;48;844;2609;0;5000.0;18.8;19.7;0;0;0;0;0;0;
2026.08.27;20:26:45.1;0.00;0.00;0;0;64;91;0;193;210;210;26;0.00;0.00;0.00;0.00;6;0;0;0;0;14.1;86;27;4.1;34;-;13;48;844;2609;0;5000.0;18.7;19.6;0;0;0;0;0;0;
2026.08.27;20:26:45.6;0.00;0.00;0;0;70;90;0;193;210;210;26;0.00;0.00;0.00;0.00;6;0;0;0;0;14.1;86;27;4.1;34;-;13;48;844;2586;0;4899.0;18.7;19.6;0;0;0;0;0;0;
2026.08.27;20:26:46.0;0.00;0.00;0;0;74;90;0;193;210;210;26;0.00;0.00;0.00;0.00;6;0;0;0;0;14.1;86;27;4.1;33;-;13;48;844;2586;0;4899.0;18.5;19.5;0;0;0;0;0;0;
2026.08.27;20:26:46.5;0.00;0.00;0;0;74;90;0;194;210;210;26;0.00;0.00;0.00;0.00;6;0;0;0;0;14.1;86;27;4.1;33;-;13;48;844;2542;0;5000.0;18.3;19.0;0;0;0;0;0;0;
2026.08.27;20:26:46.9;0.00;0.00;0;0;78;91;0;194;210;210;26;0.00;0.00;0.00;0.00;6;0;0;0;0;14.1;86;27;4.1;33;-;13;48;844;2514;0;5000.0;18.3;19.0;0;0;0;0;0;0;
2026.08.27;20:26:47.4;0.00;0.00;0;0;80;90;0;194;210;210;26;0.00;0.00;0.00;0.00;6;0;0;0;0;14.1;86;27;4.1;32;-;13;48;844;2514;0;5000.0;18.1;19.1;0;0;0;0;0;0;
2026.08.27;20:26:47.8;0.00;0.00;0;0;80;90;0;194;210;210;26;0.00;0.00;0.00;0.00;6;0;0;0;0;14.1;86;27;4.1;32;-;13;48;844;2482;0;5000.0;18.0;18.6;0;0;0;0;0;0;
2026.08.27;20:26:48.3;0.00;0.00;0;0;83;90;0;194;210;210;26;0.00;0.00;0.00;0.00;6;0;0;0;0;14.1;86;27;4.1;32;-;13;48;844;2467;0;3434.0;18.0;18.6;0;0;0;0;0;0;
2026.08.27;20:26:48.7;0.00;0.00;0;0;83;90;0;194;210;210;26;0.00;0.00;0.00;0.00;6;0;0;0;0;14.1;86;27;4.1;32;-;12;48;844;2467;0;3434.0;17.9;18.6;0;0;0;0;0;0;
2026.08.27;20:26:49.2;0.00;0.00;0;0;85;90;0;194;210;210;26;0.00;0.00;0.00;0.00;5;0;0;0;0;14.1;86;27;4.1;32;-;12;48;844;2441;0;4936.0;17.7;18.7;0;0;0;0;0;0;
2026.08.27;20:26:49.6;0.00;0.00;0;0;87;90;0;194;210;210;26;0.00;0.00;0.00;0.00;5;0;0;0;0;14.1;85;27;4.1;31;-;12;48;844;2426;0;4474.0;17.7;18.7;0;0;0;0;0;0;
2026.08.27;20:26:50.1;0.00;0.00;0;0;87;90;0;194;210;210;26;0.00;0.00;0.00;0.00;12;0;0;0;0;14.1;85;27;4.1;31;-;12;48;844;2426;13;4474.0;17.9;18.6;0;0;0;0;0;0;
2026.08.27;20:26:50.5;0.00;0.00;791;39;87;90;0;194;210;210;26;2.33;2.33;2.33;2.33;21;0;0;0;0;14.1;85;27;4.1;31;-;12;48;844;2401;13;4289.0;17.9;18.6;0;0;0;0;0;0;
2026.08.27;20:26:51.0;0.04;0.04;34;29;86;90;5;194;252;231;26;2.29;2.29;2.29;2.29;21;0;0;0;0;14.1;85;27;4.1;32;-;12;48;844;2401;16;4289.0;22.4;21.5;0;0;0;0;0;0;
2026.08.27;20:26:51.4;0.04;0.04;34;29;86;90;5;194;231;252;26;2.29;2.29;2.29;2.29;22;0;0;0;0;14.1;85;27;4.1;33;-;12;48;844;2477;12;5000.0;22.1;22.9;0;0;0;0;0;0;
2026.08.27;20:26:51.9;0.11;0.11;92;68;84;91;8;194;231;252;26;2.14;2.14;2.14;2.14;29;0;0;0;0;14.1;85;27;4.1;33;-;12;48;844;2520;12;5000.0;22.1;22.9;0;0;0;0;0;0;
2026.08.27;20:26:52.3;0.11;0.11;58;63;82;91;9;194;210;210;26;1.88;1.88;1.88;1.88;29;0;0;0;0;14.1;85;27;4.1;33;-;12;48;844;2520;0;5000.0;18.5;19.0;0;0;0;0;0;0;
2026.08.27;20:26:52.8;0.11;0.11;58;63;82;91;9;194;210;210;26;1.88;1.88;1.88;1.88;7;0;0;0;0;14.1;85;27;4.1;33;-;12;48;844;2553;0;4803.0;18.5;18.6;0;0;0;0;0;0;
2026.08.27;20:26:53.2;0.00;0.00;29;29;0;0;0;191;210;210;26;0.00;0.00;0.00;0.00;6;0;0;0;0;14.1;85;27;4.1;33;-;12;48;844;2564;0;4523.0;18.5;18.6;0;0;0;0;0;0;
2026.08.27;20:26:53.7;0.00;0.00;0;0;79;91;0;191;210;210;26;0.00;0.00;0.00;0.00;6;0;0;0;0;14.1;85;27;4.1;33;-;12;48;844;2564;0;4523.0;18.6;19.6;0;0;0;0;0;0;
2026.08.27;20:26:54.1;0.00;0.00;0;0;79;91;0;191;210;210;26;0.00;0.00;0.00;0.00;6;0;0;0;0;14.1;85;27;4.1;33;-;12;48;844;2547;0;4068.0;18.5;19.1;0;0;0;0;0;0;
2026.08.27;20:26:54.6;0.00;0.00;0;0;81;91;0;191;210;210;26;0.00;0.00;0.00;0.00;6;0;0;0;0;14.1;85;27;4.1;33;-;12;48;844;2520;0;3671.0;18.5;19.1;0;0;0;0;0;0;
2026.08.27;20:26:55.0;0.00;0.00;0;0;81;91;0;191;210;210;26;0.00;0.00;0.00;0.00;6;0;0;0;0;14.1;85;27;4.1;33;-;12;48;844;2520;0;3671.0;18.4;19.0;0;0;0;0;0;0;
2026.08.27;20:26:55.5;0.00;0.00;0;0;84;91;0;191;210;210;26;0.00;0.00;0.00;0.00;6;0;0;0;0;14.1;85;27;4.1;33;-;12;48;844;2493;0;4048.0;18.1;19.1;0;0;0;0;0;0;
2026.08.27;20:26:55.9;0.00;0.00;0;0;87;92;0;191;210;210;26;0.00;0.00;0.00;0.00;6;0;0;0;0;14.1;85;27;4.1;32;-;12;48;844;2367;0;3605.0;18.1;19.1;0;0;0;0;1;0;
2026.08.27;20:26:56.4;0.00;0.00;0;0;87;92;0;191;210;210;26;0.00;0.00;0.00;0.00;3;0;0;0;0;14.1;85;27;4.1;29;-;12;48;844;2367;0;3605.0;16.9;18.4;0;0;0;0;1;0;
2026.08.27;20:26:56.8;0.00;0.00;0;0;88;91;0;191;210;210;26;0.00;0.00;0.00;0.00;4;0;0;0;0;14.1;85;27;4.1;29;-;12;48;844;2096;0;4835.0;14.1;15.1;0;0;0;0;1;0;
2026.08.27;20:26:57.3;0.00;0.00;0;0;90;92;0;191;210;210;26;0.00;0.00;0.00;0.00;4;0;0;0;0;14.0;85;27;4.0;26;-;12;48;844;1490;0;3381.0;14.1;15.1;0;0;0;0;1;1;
2026.08.27;20:26:57.7;0.00;0.00;0;0;90;92;0;191;210;210;26;0.00;0.00;0.00;0.00;3;0;0;0;0;14.0;85;27;4.0;22;-;12;48;844;1490;0;3381.0;8.9;9.4;0;0;0;0;1;1;
2026.08.27;20:26:58.2;0.00;0.00;39;4;90;91;0;191;273;210;26;2.14;2.14;2.14;2.14;12;0;0;0;0;14.0;85;27;4.0;22;-;12;48;844;1080;0;2911.0;9.0;6.4;0;0;0;0;1;1;
2026.08.27;20:26:58.6;-0.00;-0.00;834;756;91;92;3;191;273;210;26;2.62;2.62;2.62;2.62;12;0;0;0;0;14.0;85;27;4.0;18;-;11;48;844;846;0;1814.0;9.0;6.4;0;0;0;0;1;0;
2026.08.27;20:26:59.1;-0.00;-0.00;834;756;91;92;3;191;399;378;26;2.62;2.62;2.62;2.62;-11;0;0;0;0;14.0;85;27;4.0;15;-;11;48;844;846;0;1814.0;12.3;12.0;0;0;0;0;1;0;
2026.08.27;20:26:59.5;-0.01;-0.01;810;634;90;91;5;191;399;378;26;3.16;3.16;3.16;3.16;-4;0;0;0;0;14.1;85;27;4.1;15;-;11;48;844;836;0;1773.0;12.3;12.0;0;0;0;0;1;0;
2026.08.27;20:27:00.0;-0.01;-0.01;742;781;90;91;6;191;336;336;26;2.72;2.72;2.72;2.72;-4;0;0;0;0;14.1;85;27;4.1;15;-;11;48;844;836;0;1773.0;9.0;9.3;0;0;0;0;0;0;
2026.08.27;20:27:00.4;-0.01;-0.01;742;781;90;91;6;254;336;336;26;2.72;2.72;2.72;2.72;-2;0;0;0;0;14.1;85;27;4.1;16;-;11;48;844;784;0;1495.0;8.7;8.6;0;0;0;0;0;0;
2026.08.27;20:27:00.9;0.01;0.01;68;63;90;91;7;254;336;336;26;2.68;2.68;2.68;2.68;-1;0;0;0;0;14.1;85;27;4.1;16;-;11;48;844;778;0;1649.0;8.7;8.6;0;0;0;0;0;0;
2026.08.27;20:27:01.3;0.01;0.01;73;68;91;92;8;254;315;315;26;2.68;2.68;2.68;2.68;-1;0;0;0;0;14.0;85;27;4.1;17;-;11;48;844;758;0;2557.0;8.3;8.4;0;0;0;0;1;0;
2026.08.27;20:27:01.8;0.01;0.01;73;68;91;92;8;254;336;336;26;2.68;2.68;2.68;2.68;2;0;0;0;0;14.0;85;27;4.1;16;-;11;48;844;758;0;2557.0;8.6;8.6;0;0;0;0;1;0;
2026.08.27;20:27:02.2;0.02;0.02;136;83;90;91;8;254;336;336;26;2.73;2.73;2.73;2.73;-2;0;0;0;0;14.0;85;27;4.1;16;-;11;48;844;756;0;1375.0;8.6;8.6;0;0;0;0;1;0;
2026.08.27;20:27:02.7;0.00;0.00;742;683;90;92;9;254;336;336;26;2.70;2.70;2.70;2.70;-2;0;0;0;0;14.0;85;27;4.1;13;-;11;48;844;756;0;1375.0;8.6;8.6;0;0;0;0;1;0;
2026.08.27;20:27:03.1;0.00;0.00;742;683;90;92;9;254;336;336;26;2.70;2.70;2.70;2.70;0;0;0;0;0;14.0;85;27;4.1;9;-;11;48;844;760;0;1500.0;8.5;8.6;0;0;0;0;1;0;
2026.08.27;20:27:03.6;-0.01;-0.01;712;717;91;92;10;254;336;336;26;2.68;2.68;2.68;2.68;1;0;0;0;0;14.0;85;27;4.1;9;-;11;48;844;749;0;1934.0;8.5;8.6;0;0;0;0;1;0;
2026.08.27;20:27:04.0;-0.01;-0.01;712;703;91;92;10;254;336;336;26;2.68;2.68;2.68;2.68;1;0;0;0;0;14.0;85;27;4.1;5;-;11;48;844;749;0;1934.0;8.4;8.5;0;0;0;0;1;0;
2026.08.27;20:27:04.5;-0.01;-0.01;712;703;91;92;10;254;315;336;26;2.68;2.68;2.68;2.68;-1;0;0;0;0;14.0;85;27;4.1;3;-;11;48;844;755;0;1542.0;8.2;8.2;0;0;0;0;1;0;
2026.08.27;20:27:04.9;-0.02;-0.02;668;703;89;91;11;254;315;336;26;2.59;2.59;2.59;2.59;-2;0;0;0;0;14.0;85;27;4.1;3;-;11;48;844;745;0;1957.0;8.2;8.2;0;0;0;0;1;0;
2026.08.27;20:27:05.4;0.00;0.00;102;83;89;91;12;254;336;336;26;2.68;2.68;2.68;2.68;-2;0;0;0;0;14.0;85;27;4.1;1;-;11;48;844;745;0;1957.0;8.3;8.5;0;0;0;0;1;0;
2026.08.27;20:27:05.8;0.00;0.00;102;83;89;91;12;254;336;336;26;2.68;2.68;2.68;2.68;-2;0;0;0;0;14.1;85;27;4.1;1;-;11;48;844;748;0;1467.0;8.2;8.4;0;0;0;0;1;0;
2026.08.27;20:27:06.3;-0.02;-0.02;732;703;90;92;12;254;336;336;26;2.58;2.58;2.58;2.58;-2;0;0;0;0;14.1;85;27;4.1;0;-;11;48;844;748;0;1371.0;8.2;8.4;0;0;0;0;1;0;
2026.08.27;20:27:06.7;-0.02;-0.02;732;703;90;92;12;254;315;336;26;2.58;2.58;2.58;2.58;1;0;0;0;0;14.1;85;27;4.1;0;-;11;48;844;748;0;1371.0;8.0;8.4;0;0;0;0;1;0;
2026.08.27;20:27:07.2;0.00;0.00;92;175;89;91;12;319;315;336;26;2.63;2.63;2.63;2.63;0;0;0;0;0;14.1;85;27;4.1;0;-;11;48;844;755;0;2160.0;8.2;8.4;0;0;0;0;1;0;
2026.08.27;20:27:07.6;-0.01;-0.01;673;190;90;92;13;319;315;336;26;2.57;2.57;2.57;2.57;0;0;0;0;0;14.0;85;27;4.1;0;-;11;48;844;752;0;1337.0;8.2;8.4;0;0;0;0;1;0;
2026.08.27;20:27:08.1;-0.01;-0.01;673;190;90;92;13;319;315;336;26;2.57;2.57;2.57;2.57;-2;0;0;0;0;14.0;85;27;4.1;0;-;13;48;844;752;0;1337.0;8.1;8.6;0;0;0;0;0;0;
2026.08.27;20:27:08.5;0.00;0.00;102;634;90;92;14;319;315;336;26;2.68;2.68;2.68;2.68;-2;0;0;0;0;14.0;85;27;4.1;0;-;13;48;844;756;0;2362.0;8.1;8.6;0;0;0;0;0;0;
2026.08.27;20:27:09.0;-0.01;-0.01;698;141;90;92;14;319;315;336;26;2.61;2.61;2.61;2.61;-2;0;0;0;0;14.0;85;27;4.1;1;-;13;48;844;756;0;2362.0;8.1;8.5;0;0;0;0;0;0;
2026.08.27;20:27:09.5;-0.01;-0.01;698;141;90;92;14;319;315;336;26;2.61;2.61;2.61;2.61;-1;0;0;0;0;14.0;85;27;4.1;3;-;13;48;844;752;0;1552.0;7.9;8.2;0;0;0;0;0;0;
2026.08.27;20:27:09.9;-0.02;-0.02;678;722;89;91;15;319;315;336;26;2.53;2.53;2.53;2.53;-3;0;0;0;0;13.9;85;27;4.1;3;-;13;48;844;749;0;1676.0;7.9;8.2;0;0;0;0;0;0;
2026.08.27;20:27:10.4;0.00;0.00;107;87;88;91;16;319;315;336;26;2.57;2.57;2.57;2.57;-3;0;0;0;0;13.9;85;27;4.1;4;-;13;48;844;749;0;1676.0;8.0;8.2;0;0;0;0;0;1;
2026.08.27;20:27:10.8;0.00;0.00;107;87;88;91;16;319;609;588;26;2.57;2.57;2.57;2.57;10;0;0;0;0;13.9;85;27;4.1;4;-;13;48;844;749;0;1679.0;25.3;25.0;0;0;0;0;0;1;
2026.08.27;20:27:11.3;-0.01;-0.01;312;605;89;92;36;319;609;588;26;4.32;4.32;4.32;4.32;-1;0;0;0;0;13.9;85;27;4.1;6;-;13;48;844;1459;4;4459.0;25.3;25.0;0;0;0;0;0;1;
2026.08.27;20:27:11.7;-0.04;-0.04;43;63;88;92;17;319;210;273;26;1.67;1.67;1.67;1.67;-1;0;0;0;0;13.9;85;27;4.1;7;-;13;48;844;1459;0;4459.0;9.2;13.0;0;0;0;0;0;1;
2026.08.27;20:27:12.2;-0.04;-0.04;43;63;88;92;17;319;294;252;26;1.67;1.67;1.67;1.67;28;0;0;0;0;13.9;85;27;4.1;7;-;13;48;844;1086;0;1906.0;10.1;9.3;0;0;0;0;0;1;
2026.08.27;20:27:12.6;-0.02;-0.02;48;39;87;92;21;319;294;252;26;2.34;2.34;2.34;2.34;28;0;0;0;0;13.9;85;27;4.1;8;-;13;48;844;949;0;2426.0;10.1;9.3;0;0;0;0;0;0;
2026.08.27;20:27:13.1;-0.02;-0.02;48;39;87;92;21;319;294;294;26;2.34;2.34;2.34;2.34;0;0;0;0;0;13.9;85;27;4.1;10;-;13;48;844;949;0;2426.0;8.8;9.0;0;0;0;0;1;0;
2026.08.27;20:27:13.5;-0.01;-0.01;58;48;88;92;19;319;336;315;26;2.35;2.35;2.35;2.35;2;0;0;0;0;13.9;85;27;4.1;10;-;13;48;844;821;0;1532.0;8.6;8.7;0;0;0;0;1;0;
2026.08.27;20:27:14.0;-0.00;-0.00;73;63;87;91;19;319;336;315;26;2.51;2.51;2.51;2.51;2;0;0;0;0;13.9;85;27;4.1;9;-;13;48;844;821;0;1532.0;8.6;8.7;0;0;0;0;1;0;
2026.08.27;20:27:14.4;-0.00;-0.00;73;63;87;91;19;314;336;336;26;2.51;2.51;2.51;2.51;-1;0;0;0;0;14.0;86;27;4.1;8;-;13;48;844;777;0;1629.0;8.4;8.6;0;0;0;0;1;0;
2026.08.27;20:27:14.9;0.01;0.01;87;78;87;92;20;314;336;336;26;2.61;2.61;2.61;2.61;2;0;0;0;0;14.0;86;27;4.1;8;-;13;48;844;757;0;2050.0;8.4;8.6;0;0;0;0;1;0;
2026.08.27;20:27:15.3;0.01;0.01;107;97;87;91;21;314;336;336;26;2.63;2.63;2.63;2.63;2;0;0;0;0;14.0;86;27;4.1;8;-;13;48;844;757;0;2050.0;8.4;8.5;0;0;0;0;1;0;
2026.08.27;20:27:15.8;0.01;0.01;107;97;87;91;21;314;315;336;26;2.63;2.63;2.63;2.63;-2;0;0;0;0;14.0;86;27;4.1;9;-;13;48;844;756;0;1596.0;8.1;8.6;0;0;0;0;1;0;
2026.08.27;20:27:16.2;0.02;0.02;214;156;88;93;21;314;315;336;26;2.61;2.61;2.61;2.61;2;0;0;0;0;14.0;86;27;4.1;9;-;13;48;844;753;0;1482.0;8.1;8.6;0;0;0;0;1;0;
2026.08.27;20:27:16.7;0.02;0.02;126;629;87;92;21;314;336;336;26;2.61;2.61;2.61;2.61;2;0;0;0;0;14.0;86;27;4.1;7;-;13;48;844;753;0;1482.0;8.2;8.5;0;0;0;0;1;0;
2026.08.27;20:27:17.1;0.02;0.02;126;629;87;92;21;314;315;336;26;2.61;2.61;2.61;2.61;-1;0;0;0;0;14.0;86;27;4.1;7;-;13;48;844;753;0;1787.0;8.1;8.6;0;0;0;0;1;0;
2026.08.27;20:27:17.6;0.02;0.02;102;87;88;93;21;314;315;336;26;2.58;2.58;2.58;2.58;-1;0;0;0;0;14.0;86;27;4.1;4;-;13;48;844;754;0;1398.0;8.1;8.6;0;0;0;0;1;0;
2026.08.27;20:27:18.0;0.03;0.03;102;107;88;92;22;314;315;336;26;2.67;2.67;2.67;2.67;-2;0;0;0;0;14.0;86;27;4.1;0;-;12;48;844;754;0;1398.0;8.0;8.7;0;0;0;0;1;0;
2026.08.27;20:27:18.5;0.03;0.03;102;107;88;92;22;314;336;336;26;2.67;2.67;2.67;2.67;-1;0;0;0;0;14.0;86;27;4.1;0;-;12;48;844;754;0;1896.0;8.2;8.8;0;0;0;0;1;0;
2026.08.27;20:27:18.9;0.02;0.02;698;625;87;92;23;314;336;336;26;2.65;2.65;2.65;2.65;-1;0;0;0;0;14.0;86;27;4.1;0;-;12;48;844;750;0;1677.0;8.2;8.8;0;0;0;0;0;0;
2026.08.27;20:27:19.4;0.02;0.02;698;625;87;92;23;314;315;336;26;2.65;2.65;2.65;2.65;-5;0;0;0;0;14.0;86;27;4.1;1;-;12;48;844;750;0;1677.0;7.9;8.7;0;0;0;0;0;0;
2026.08.27;20:27:19.8;0.03;0.03;107;278;89;94;23;314;315;336;26;2.63;2.63;2.63;2.63;1;0;0;0;0;14.0;86;27;4.1;1;-;12;48;844;750;0;1592.0;7.9;8.7;0;0;0;0;0;0;
2026.08.27;20:27:20.3;0.04;0.04;317;156;88;92;25;314;336;336;26;2.66;2.66;2.66;2.66;1;0;0;0;0;14.0;86;27;4.1;2;-;12;48;844;750;0;1592.0;8.2;8.6;0;0;0;0;0;0;
2026.08.27;20:27:20.7;0.04;0.04;317;156;88;92;25;314;315;336;26;2.66;2.66;2.66;2.66;-4;0;0;0;0;14.0;86;27;4.2;3;-;12;48;844;757;0;1971.0;8.0;8.5;0;0;0;0;0;0;
2026.08.27;20:27:21.2;0.01;0.01;527;693;88;93;24;327;315;336;26;2.57;2.57;2.57;2.57;-2;0;0;0;0;14.0;86;27;4.2;3;-;12;48;844;753;0;1642.0;8.0;8.5;0;0;0;0;0;0;
2026.08.27;20:27:21.6;0.04;0.04;97;83;87;92;25;327;315;336;26;2.60;2.60;2.60;2.60;-2;0;0;0;0;14.0;86;27;4.2;4;-;12;48;844;753;0;1642.0;7.9;8.3;0;0;0;0;0;0;
2026.08.27;20:27:22.1;0.04;0.04;97;83;87;92;25;327;315;336;26;2.60;2.60;2.60;2.60;-3;0;0;0;0;14.0;86;27;4.2;4;-;12;48;844;755;0;1891.0;7.7;8.4;0;0;0;0;0;0;
2026.08.27;20:27:22.5;0.02;0.02;683;371;92;97;23;327;315;336;26;2.61;2.61;2.61;2.61;-3;0;0;0;0;13.8;86;27;4.2;6;-;12;48;844;742;0;1345.0;7.7;8.4;0;0;0;0;0;0;
2026.08.27;20:27:23.0;0.04;0.04;136;112;88;92;26;327;336;336;26;2.80;2.80;2.80;2.80;-1;0;0;0;0;13.8;86;27;4.2;6;-;13;48;844;742;0;1345.0;8.3;8.7;0;0;0;0;1;0;
2026.08.27;20:27:23.4;0.04;0.04;136;112;88;92;26;327;315;357;26;2.80;2.80;2.80;2.80;-6;0;0;0;0;13.8;86;27;4.2;6;-;13;48;844;761;0;1940.0;8.0;8.8;0;0;0;0;1;0;
2026.08.27;20:27:23.9;0.02;0.02;771;761;89;94;25;327;315;357;26;2.69;2.69;2.69;2.69;-2;0;0;0;0;13.8;86;27;4.2;4;-;13;48;844;748;0;2015.0;8.0;8.8;0;0;0;0;1;0;
2026.08.27;20:27:24.3;0.01;0.01;742;771;88;93;25;327;315;336;26;2.67;2.67;2.67;2.67;-2;0;0;0;0;13.8;86;27;4.2;1;-;13;48;844;748;0;2015.0;8.0;8.6;0;0;0;0;1;0;
2026.08.27;20:27:24.8;0.01;0.01;742;771;88;93;25;327;336;336;26;2.67;2.67;2.67;2.67;-3;0;0;0;0;14.0;86;27;4.2;1;-;13;48;844;745;0;1569.0;8.1;8.7;0;0;0;0;1;0;
2026.08.27;20:27:25.2;0.01;0.01;717;737;88;93;25;327;336;336;26;2.64;2.64;2.64;2.64;-3;0;0;0;0;14.0;86;27;4.2;0;-;13;48;844;751;0;2496.0;8.1;8.7;0;0;0;0;1;0;
2026.08.27;20:27:25.7;0.01;0.01;717;737;88;93;25;327;315;336;26;2.64;2.64;2.64;2.64;-2;0;0;0;0;14.0;86;27;4.2;0;-;13;48;844;751;0;2496.0;7.8;8.6;0;0;0;0;1;0;
2026.08.27;20:27:26.1;-0.00;-0.00;654;722;88;93;25;327;315;336;26;2.61;2.61;2.61;2.61;0;0;0;0;0;14.0;86;27;4.2;0;-;13;48;844;753;0;1671.0;7.8;8.6;0;0;0;0;1;0;
2026.08.27;20:27:26.6;0.02;0.02;122;97;87;92;24;327;315;336;26;2.61;2.61;2.61;2.61;0;0;0;0;0;14.0;86;27;4.2;0;-;13;48;844;753;0;1671.0;7.9;8.4;0;0;0;0;1;0;
2026.08.27;20:27:27.0;0.02;0.02;122;97;87;92;24;327;315;336;26;2.61;2.61;2.61;2.61;-2;0;0;0;0;14.1;86;27;4.2;0;-;13;48;844;756;0;1540.0;7.8;8.4;0;0;0;0;1;0;
2026.08.27;20:27:27.5;0.00;0.00;712;698;89;94;23;327;315;336;26;2.58;2.58;2.58;2.58;-2;0;0;0;0;14.1;86;27;4.2;0;-;13;48;844;751;0;1582.0;7.8;8.4;0;0;0;0;1;0;
2026.08.27;20:27:27.9;0.00;0.00;712;698;89;94;23;327;336;336;26;2.58;2.58;2.58;2.58;-1;0;0;0;0;14.1;86;27;4.2;0;-;12;48;844;751;0;1582.0;8.1;8.5;0;0;0;0;1;0;
2026.08.27;20:27:28.4;-0.00;-0.00;576;366;88;93;24;328;336;336;26;2.60;2.60;2.60;2.60;-1;0;0;0;0;14.1;86;27;4.2;0;-;12;48;844;748;0;1417.0;8.1;8.5;0;0;0;0;1;0;
2026.08.27;20:27:28.8;0.01;0.01;229;610;88;93;24;328;315;336;26;2.65;2.65;2.65;2.65;-1;0;0;0;0;14.0;86;27;4.2;1;-;12;48;844;746;0;1591.0;7.9;8.5;0;0;0;0;1;0;
2026.08.27;20:27:29.3;0.01;0.01;229;610;88;93;24;328;336;336;26;2.65;2.65;2.65;2.65;-1;0;0;0;0;14.0;86;27;4.2;2;-;12;48;844;746;0;1591.0;8.1;8.5;0;0;0;0;1;0;
2026.08.27;20:27:29.7;-0.01;-0.01;756;712;88;93;24;328;336;336;26;2.59;2.59;2.59;2.59;0;0;0;0;0;14.0;86;27;4.2;2;-;12;48;844;750;0;1699.0;8.1;8.5;0;0;0;0;1;0;
2026.08.27;20:27:30.2;-0.02;-0.02;742;756;87;92;24;328;315;336;26;2.58;2.58;2.58;2.58;0;0;0;0;0;14.0;86;27;4.2;3;-;12;48;844;750;0;1699.0;8.0;8.5;0;0;0;0;1;0;
2026.08.27;20:27:30.6;-0.02;-0.02;742;756;87;92;24;328;315;336;26;2.58;2.58;2.58;2.58;-2;0;0;0;0;14.0;86;27;4.2;3;-;12;48;844;747;0;1438.0;8.0;8.4;0;0;0;0;1;0;
2026.08.27;20:27:31.1;-0.02;-0.02;703;737;88;93;24;328;315;336;26;2.57;2.57;2.57;2.57;-3;0;0;0;0;14.1;86;27;4.2;5;-;12;48;844;743;0;1945.0;8.0;8.4;0;0;0;0;1;0;
2026.08.27;20:27:31.5;-0.03;-0.03;673;708;87;92;23;328;336;336;26;2.57;2.57;2.57;2.57;-3;0;0;0;0;14.1;86;27;4.2;6;-;12;48;844;743;0;1945.0;8.1;8.6;0;0;0;0;0;0;
2026.08.27;20:27:32.0;-0.03;-0.03;673;708;87;92;23;328;315;336;26;2.57;2.57;2.57;2.57;-3;0;0;0;0;14.1;86;27;4.2;6;-;12;48;844;751;0;1290.0;7.9;8.4;0;0;0;0;0;0;
2026.08.27;20:27:32.4;-0.06;-0.06;683;732;88;93;23;328;315;336;26;2.46;2.46;2.46;2.46;-3;0;0;0;0;14.1;86;27;4.2;7;-;12;48;844;748;0;1497.0;7.9;8.4;0;0;0;0;0;0;
2026.08.27;20:27:32.9;-0.06;-0.06;683;732;88;93;23;328;336;336;26;2.46;2.46;2.46;2.46;1;0;0;0;0;14.1;86;27;4.2;9;-;12;48;844;748;0;1497.0;8.1;8.4;0;0;0;0;0;0;
2026.08.27;20:27:33.3;-0.01;-0.01;102;73;0;0;23;328;315;336;26;2.61;2.61;2.61;2.61;-3;0;0;0;0;14.0;86;27;4.2;9;-;12;48;844;749;0;2177.0;7.8;8.4;0;0;0;0;0;0;
2026.08.27;20:27:33.8;-0.03;-0.03;727;708;88;93;23;328;315;336;26;2.55;2.55;2.55;2.55;-3;0;0;0;0;14.0;86;27;4.2;10;-;12;48;844;744;0;1924.0;7.8;8.4;0;0;0;0;0;0;
2026.08.27;20:27:34.2;-0.03;-0.03;600;654;88;94;24;328;336;336;26;2.64;2.64;2.64;2.64;2;0;0;0;0;14.0;86;27;4.2;11;-;12;48;844;744;0;1924.0;8.1;8.6;0;0;0;0;1;0;
2026.08.27;20:27:34.7;-0.03;-0.03;600;654;88;94;24;328;336;336;26;2.64;2.64;2.64;2.64;2;0;0;0;0;14.0;86;27;4.2;11;-;12;48;844;752;0;2367.0;8.3;8.7;0;0;0;0;1;0;
2026.08.27;20:27:35.1;-0.04;-0.04;527;532;87;93;24;333;336;336;26;2.65;2.65;2.65;2.65;2;0;0;0;0;13.9;86;27;4.2;8;-;12;48;844;747;0;1464.0;8.3;8.7;0;0;0;0;1;0;
2026.08.27;20:27:35.6;-0.04;-0.04;527;532;87;93;24;333;336;336;26;2.65;2.65;2.65;2.65;-2;0;0;0;0;13.9;86;27;4.2;5;-;12;48;844;747;0;1464.0;8.1;8.7;0;0;0;0;1;0;
2026.08.27;20:27:36.0;-0.05;-0.05;410;678;88;94;24;333;336;336;26;2.56;2.56;2.56;2.56;-3;0;0;0;0;13.9;86;27;4.2;5;-;12;48;844;743;0;2124.0;8.1;8.7;0;0;0;0;1;0;
2026.08.27;20:27:36.5;-0.02;-0.02;107;92;89;94;24;333;336;336;26;2.64;2.64;2.64;2.64;-3;0;0;0;0;13.9;86;27;4.2;2;-;12;48;844;743;0;2124.0;8.2;8.6;0;0;0;0;1;0;
2026.08.27;20:27:37.0;-0.02;-0.02;107;92;89;94;24;333;336;357;26;2.64;2.64;2.64;2.64;-3;0;0;0;0;13.9;86;27;4.2;1;-;12;48;844;752;0;1645.0;8.0;8.8;0;0;0;0;1;0;
2026.08.27;20:27:37.4;-0.02;-0.02;146;166;88;93;24;333;336;357;26;2.64;2.64;2.64;2.64;-1;0;0;0;0;14.0;86;27;4.2;1;-;12;48;844;752;0;2074.0;8.0;8.8;0;0;0;0;1;0;
2026.08.27;20:27:37.9;-0.04;-0.04;556;664;88;94;25;333;336;336;26;2.59;2.59;2.59;2.59;-1;0;0;0;0;14.0;86;27;4.2;0;-;12;48;844;752;0;2074.0;8.1;8.7;0;0;0;0;1;0;
2026.08.27;20:27:38.3;-0.04;-0.04;556;664;88;94;25;333;336;336;26;2.59;2.59;2.59;2.59;-1;0;0;0;0;14.0;86;27;4.2;0;-;12;48;844;745;0;2046.0;8.2;8.7;0;0;0;0;1;0;
2026.08.27;20:27:38.8;-0.01;-0.01;92;78;87;93;26;333;336;336;26;2.60;2.60;2.60;2.60;-1;0;0;0;0;14.0;87;28;4.2;0;-;12;48;844;748;0;2136.0;8.2;8.7;0;0;0;0;1;0;
2026.08.27;20:27:39.2;-0.01;-0.01;136;107;88;94;25;333;336;336;26;2.63;2.63;2.63;2.63;0;0;0;0;0;14.0;87;28;4.2;0;-;12;48;844;748;0;2136.0;8.1;8.6;0;0;0;0;1;0;
2026.08.27;20:27:39.7;-0.01;-0.01;136;107;88;94;25;333;336;336;26;2.63;2.63;2.63;2.63;0;0;0;0;0;14.0;87;28;4.2;0;-;12;48;844;755;0;2146.0;8.1;8.7;0;0;0;0;1;0;
2026.08.27;20:27:40.1;-0.03;-0.03;600;703;87;93;25;333;336;336;26;2.54;2.54;2.54;2.54;0;0;0;0;0;14.0;87;28;4.2;0;-;12;48;844;746;0;1445.0;8.1;8.7;0;0;0;0;1;0;
2026.08.27;20:27:40.6;-0.03;-0.03;600;703;87;93;25;333;336;336;26;2.54;2.54;2.54;2.54;-4;0;0;0;0;14.0;87;28;4.2;0;-;12;48;844;746;0;1445.0;8.3;8.7;0;0;0;0;1;0;
2026.08.27;20:27:41.0;-0.01;-0.01;83;73;88;94;25;333;336;336;26;2.62;2.62;2.62;2.62;-1;0;0;0;0;14.0;87;28;4.2;0;-;12;48;844;746;0;1957.0;8.3;8.7;0;0;0;0;1;0;
2026.08.27;20:27:41.5;0.00;0.00;87;78;88;94;24;333;336;336;26;2.60;2.60;2.60;2.60;-1;0;0;0;0;14.0;87;28;4.2;0;-;12;48;844;746;0;1490.0;8.2;8.7;0;0;0;0;1;0;
2026.08.27;20:27:41.9;0.00;0.00;87;78;88;94;24;333;336;357;26;2.60;2.60;2.60;2.60;-2;0;0;0;0;14.0;87;28;4.2;0;-;12;48;844;746;0;1490.0;8.1;8.7;0;0;0;0;1;0;
2026.08.27;20:27:42.4;0.01;0.01;87;87;88;93;26;336;336;357;26;2.65;2.65;2.65;2.65;-2;0;0;0;0;14.0;87;28;4.2;0;-;12;48;844;752;0;1560.0;8.1;8.7;0;0;0;0;1;0;
2026.08.27;20:27:42.8;0.02;0.02;107;97;87;93;25;336;336;336;26;2.63;2.63;2.63;2.63;-2;0;0;0;0;14.0;87;28;4.2;0;-;12;48;844;752;0;1560.0;8.1;8.7;0;0;0;0;0;0;
2026.08.27;20:27:43.3;0.02;0.02;107;97;87;93;25;336;336;336;26;2.63;2.63;2.63;2.63;-5;0;0;0;0;14.0;87;28;4.2;0;-;12;48;844;754;0;1965.0;8.0;8.7;0;0;0;0;0;0;
2026.08.27;20:27:43.7;0.02;0.02;97;87;87;94;25;336;336;336;26;2.61;2.61;2.61;2.61;-5;0;0;0;0;14.1;87;28;4.2;2;-;12;48;844;755;0;1485.0;8.0;8.7;0;0;0;0;0;0;
2026.08.27;20:27:44.2;0.02;0.02;97;87;87;94;25;336;315;336;26;2.61;2.61;2.61;2.61;-2;0;0;0;0;14.1;87;28;4.2;3;-;12;48;844;755;0;1485.0;7.9;8.5;0;0;0;0;0;0;
2026.08.27;20:27:44.6;0.03;0.03;117;156;87;94;24;336;315;336;26;2.58;2.58;2.58;2.58;0;0;0;0;0;14.1;87;28;4.2;3;-;12;48;844;753;0;1605.0;7.8;8.4;0;0;0;0;0;0;
2026.08.27;20:27:45.1;0.04;0.04;122;126;86;93;23;336;315;336;26;2.54;2.54;2.54;2.54;0;0;0;0;0;14.1;87;28;4.2;4;-;12;48;844;752;0;1593.0;7.8;8.4;0;0;0;0;0;0;
2026.08.27;20:27:45.5;0.04;0.04;156;107;87;94;23;336;315;336;26;2.56;2.56;2.56;2.56;-2;0;0;0;0;14.1;87;28;4.2;6;-;12;48;844;752;0;1593.0;7.8;8.2;0;0;0;0;0;0;
2026.08.27;20:27:46.0;0.04;0.04;156;107;87;94;23;336;315;336;26;2.56;2.56;2.56;2.56;-3;0;0;0;0;14.0;88;28;4.2;6;-;12;48;844;751;0;1856.0;7.7;8.3;0;0;0;0;0;0;
2026.08.27;20:27:46.4;0.03;0.03;610;209;87;93;23;336;315;336;26;2.53;2.53;2.53;2.53;-3;0;0;0;0;14.0;88;28;4.2;7;-;12;48;844;748;0;1460.0;7.7;8.3;0;0;0;0;0;0;
2026.08.27;20:27:46.9;0.03;0.03;610;209;87;93;23;336;315;336;26;2.53;2.53;2.53;2.53;-1;0;0;0;0;14.0;88;28;4.2;8;-;12;48;844;748;0;1460.0;7.6;8.2;0;0;0;0;0;0;
2026.08.27;20:27:47.3;0.03;0.03;644;703;91;98;23;336;315;336;26;2.58;2.58;2.58;2.58;-2;0;0;0;0;14.0;88;28;4.2;8;-;12;48;844;742;0;2284.0;7.6;8.2;0;0;0;0;0;0;
2026.08.27;20:27:47.8;0.04;0.04;229;112;87;94;25;336;336;336;26;2.72;2.72;2.72;2.72;-2;0;0;0;0;14.0;88;28;4.2;8;-;12;48;844;742;0;2284.0;8.0;8.6;0;0;0;0;1;0;
2026.08.27;20:27:48.2;0.04;0.04;229;112;87;94;25;336;336;336;26;2.72;2.72;2.72;2.72;-3;0;0;0;0;14.0;88;28;4.2;8;-;12;48;844;753;0;1800.0;8.0;8.6;0;0;0;0;1;0;
2026.08.27;20:27:48.7;0.02;0.02;756;766;88;94;25;336;336;336;26;2.61;2.61;2.61;2.61;-3;0;0;0;0;14.0;88;28;4.2;5;-;12;48;844;750;0;2022.0;8.0;8.6;0;0;0;0;1;0;
2026.08.27;20:27:49.1;0.01;0.01;727;747;87;93;25;336;315;336;26;2.61;2.61;2.61;2.61;-3;0;0;0;0;14.0;88;28;4.2;2;-;12;48;844;750;0;2022.0;8.0;8.5;0;0;0;0;1;0;
2026.08.27;20:27:49.6;0.01;0.01;727;747;87;93;25;339;336;336;26;2.61;2.61;2.61;2.61;0;0;0;0;0;14.0;88;28;4.2;2;-;12;48;844;747;0;2318.0;8.0;8.6;0;0;0;0;1;0;
2026.08.27;20:27:50.0;0.01;0.01;708;732;88;94;25;339;336;336;26;2.60;2.60;2.60;2.60;-2;0;0;0;0;14.0;88;28;4.2;1;-;12;48;844;756;0;1488.0;8.0;8.6;0;0;0;0;1;0;
2026.08.27;20:27:50.5;0.00;0.00;698;722;88;95;25;339;315;336;26;2.57;2.57;2.57;2.57;-2;0;0;0;0;14.0;88;28;4.2;0;-;12;48;844;756;0;1488.0;7.9;8.6;0;0;0;0;1;0;
2026.08.27;20:27:50.9;0.00;0.00;698;722;88;95;25;339;336;336;26;2.57;2.57;2.57;2.57;-1;0;0;0;0;14.0;88;28;4.2;0;-;12;48;844;745;0;2030.0;8.0;8.5;0;0;0;0;1;0;
2026.08.27;20:27:51.4;-0.03;-0.03;708;727;87;94;25;339;336;336;26;2.49;2.49;2.49;2.49;-1;0;0;0;0;14.0;88;28;4.2;0;-;12;48;844;750;0;2221.0;8.0;8.5;0;0;0;0;1;0;
2026.08.27;20:27:51.8;0.00;-0.03;708;727;87;94;25;339;336;336;26;2.49;2.49;2.49;2.49;1;0;0;0;0;14.0;88;28;4.2;0;-;12;48;844;750;0;2221.0;8.2;8.4;0;0;0;0;1;0;
2026.08.27;20:27:52.3;0.00;0.00;87;366;87;93;25;339;336;336;26;2.60;2.60;2.60;2.60;-3;0;0;0;0;14.0;88;28;4.3;0;-;12;48;844;754;0;1591.0;8.0;8.6;0;0;0;0;1;0;
2026.08.27;20:27:52.7;-0.01;-0.01;722;200;87;93;24;339;336;336;26;2.60;2.60;2.60;2.60;-3;0;0;0;0;14.0;88;28;4.3;0;-;13;48;844;754;0;1591.0;8.0;8.6;0;0;0;0;1;0;
2026.08.27;20:27:53.2;-0.01;-0.01;722;200;87;93;24;339;315;336;26;2.60;2.60;2.60;2.60;-2;0;0;0;0;14.0;88;28;4.3;0;-;13;48;844;747;0;2132.0;8.0;8.6;0;0;0;0;1;0;
2026.08.27;20:27:53.6;-0.02;-0.02;727;751;88;95;24;339;315;336;26;2.58;2.58;2.58;2.58;0;0;0;0;0;14.0;88;28;4.3;0;-;13;48;844;750;0;2198.0;8.0;8.6;0;0;0;0;1;0;
2026.08.27;20:27:54.1;-0.02;-0.02;629;693;87;94;24;339;336;336;26;2.55;2.55;2.55;2.55;0;0;0;0;0;14.0;88;28;4.3;0;-;13;48;844;750;0;2198.0;8.1;8.4;0;0;0;0;1;0;
2026.08.27;20:27:54.5;-0.02;-0.02;629;693;87;94;24;339;336;336;26;2.55;2.55;2.55;2.55;-1;0;0;0;0;14.0;88;28;4.3;0;-;13;48;844;744;0;2297.0;8.3;8.5;0;0;0;0;1;0;
2026.08.27;20:27:55.0;-0.03;-0.03;649;649;88;94;26;339;336;336;26;2.60;2.60;2.60;2.60;0;0;0;0;0;14.0;88;28;4.3;0;-;13;48;844;748;0;1524.0;8.3;8.5;0;0;0;0;1;0;
2026.08.27;20:27:55.4;-0.03;-0.03;649;649;88;94;26;339;336;336;26;2.60;2.60;2.60;2.60;0;0;0;0;0;14.0;88;28;4.3;0;-;13;48;844;748;0;1524.0;8.2;8.5;0;0;0;0;1;0;
2026.08.27;20:27:55.9;-0.01;-0.01;166;102;87;94;24;339;336;336;26;2.57;2.57;2.57;2.57;-2;0;0;0;0;14.0;88;28;4.3;0;-;13;48;844;745;0;1917.0;8.1;8.4;0;0;0;0;1;0;
2026.08.27;20:27:56.3;-0.03;-0.03;698;732;87;94;24;339;336;336;26;2.52;2.52;2.52;2.52;-2;0;0;0;0;14.0;88;28;4.3;0;-;13;48;844;745;0;1917.0;8.1;8.4;0;0;0;0;1;0;
2026.08.27;20:27:56.8;-0.03;-0.03;698;732;87;94;24;320;336;336;26;2.52;2.52;2.52;2.52;-2;0;0;0;0;14.0;88;28;4.3;0;-;13;48;844;747;0;1495.0;8.1;8.4;0;0;0;0;1;0;
2026.08.27;20:27:57.2;-0.02;-0.02;102;83;88;95;24;320;336;336;26;2.55;2.55;2.55;2.55;0;0;0;0;0;14.0;88;28;4.3;0;-;13;48;844;750;0;1422.0;8.1;8.4;0;0;0;0;1;0;
2026.08.27;20:27:57.7;-0.01;-0.01;444;141;88;94;24;320;336;336;26;2.57;2.57;2.57;2.57;0;0;0;0;0;14.0;88;28;4.3;0;-;13;48;844;750;0;1422.0;8.1;8.4;0;0;0;0;1;0;
2026.08.27;20:27:58.1;-0.01;-0.01;444;141;88;94;24;320;336;336;26;2.57;2.57;2.57;2.57;-1;0;0;0;0;14.0;88;28;4.3;0;-;13;48;844;750;0;2186.0;8.1;8.5;0;0;0;0;1;0;
2026.08.27;20:27:58.6;-0.03;-0.03;605;688;88;94;25;320;336;336;26;2.52;2.52;2.52;2.52;-3;0;0;0;0;14.0;88;28;4.3;0;-;13;48;844;747;0;1746.0;8.1;8.5;0;0;0;0;1;0;
2026.08.27;20:27:59.0;-0.03;-0.03;605;688;88;94;25;320;336;336;26;2.52;2.52;2.52;2.52;-3;0;0;0;0;14.0;88;28;4.3;0;-;13;48;844;747;0;1746.0;8.1;8.5;0;0;0;0;1;0;
2026.08.27;20:27:59.5;-0.01;-0.01;97;83;87;93;25;320;336;336;26;2.58;2.58;2.58;2.58;-3;0;0;0;0;14.0;88;28;4.3;0;-;13;48;844;750;0;1734.0;8.0;8.5;0;0;0;0;1;0;
2026.08.27;20:27:59.9;-0.00;-0.00;161;126;87;94;25;320;336;336;26;2.60;2.60;2.60;2.60;-3;0;0;0;0;14.0;89;28;4.3;0;-;13;48;844;750;0;1900.0;8.0;8.5;0;0;0;0;1;0;
2026.08.27;20:28:00.4;-0.00;-0.00;161;126;87;94;25;320;315;336;26;2.60;2.60;2.60;2.60;-1;0;0;0;0;14.0;89;28;4.3;0;-;13;48;844;750;0;1900.0;7.9;8.6;0;0;0;0;1;0;
2026.08.27;20:28:00.8;-0.00;-0.00;200;644;87;94;24;320;315;336;26;2.56;2.56;2.56;2.56;0;0;0;0;0;14.0;89;28;4.3;0;-;13;48;844;748;0;2024.0;7.9;8.6;0;0;0;0;1;0;
2026.08.27;20:28:01.3;0.01;0.01;190;102;88;94;25;320;336;336;26;2.54;2.54;2.54;2.54;0;0;0;0;0;14.0;89;28;4.3;0;-;13;48;844;754;0;1944.0;8.1;8.5;0;0;0;0;1;0;
2026.08.27;20:28:01.7;0.01;0.01;190;102;88;94;25;320;336;336;26;2.54;2.54;2.54;2.54;-1;0;0;0;0;14.0;89;28;4.3;0;-;13;48;844;754;0;1944.0;8.0;8.6;0;0;0;0;0;0;
2026.08.27;20:28:02.2;0.01;0.01;92;161;87;93;25;320;336;336;26;2.61;2.61;2.61;2.61;-5;0;0;0;0;14.0;89;28;4.3;0;-;13;48;844;758;0;1888.0;8.0;8.6;0;0;0;0;0;0;
2026.08.27;20:28:02.6;0.02;0.02;205;117;87;94;23;320;315;336;26;2.57;2.57;2.57;2.57;-5;0;0;0;0;14.0;89;28;4.3;1;-;13;48;844;758;0;1888.0;7.8;8.6;0;0;0;0;0;0;
2026.08.27;20:28:03.1;0.02;0.02;205;117;87;94;23;320;315;336;26;2.57;2.57;2.57;2.57;-3;0;0;0;0;14.1;89;28;4.3;2;-;13;48;844;748;0;1558.0;7.8;8.4;0;0;0;0;0;0;
2026.08.27;20:28:03.5;0.02;0.02;112;92;87;94;23;321;315;336;26;2.55;2.55;2.55;2.55;-1;0;0;0;0;14.1;89;28;4.3;2;-;13;48;844;749;0;1798.0;7.8;8.4;0;0;0;0;0;0;
2026.08.27;20:28:04.0;0.01;0.01;581;292;87;94;23;321;315;315;26;2.49;2.49;2.49;2.49;-1;0;0;0;0;14.1;89;28;4.3;3;-;13;48;844;749;0;1798.0;7.8;8.4;0;0;0;0;0;0;
2026.08.27;20:28:04.4;0.01;0.01;581;292;87;94;23;321;315;336;26;2.49;2.49;2.49;2.49;0;0;0;0;0;14.1;89;28;4.3;3;-;13;48;844;747;0;2140.0;7.9;8.4;0;0;0;0;0;0;
2026.08.27;20:28:04.9;0.03;0.03;87;483;87;94;25;321;315;336;26;2.55;2.55;2.55;2.55;0;0;0;0;0;14.0;89;28;4.3;4;-;13;48;844;752;0;2118.0;7.9;8.4;0;0;0;0;0;0;
2026.08.27;20:28:05.4;0.03;0.03;87;483;87;94;25;321;315;336;26;2.55;2.55;2.55;2.55;-2;0;0;0;0;14.0;89;28;4.3;6;-;13;48;844;752;0;2118.0;7.8;8.3;0;0;0;0;0;0;
2026.08.27;20:28:05.8;0.03;0.03;122;87;87;94;23;321;315;315;26;2.57;2.57;2.57;2.57;-2;0;0;0;0;14.0;89;28;4.3;6;-;13;48;844;752;0;2095.0;7.8;8.4;0;0;0;0;0;0;
2026.08.27;20:28:06.3;0.01;0.01;664;664;87;94;23;321;315;315;26;2.51;2.51;2.51;2.51;-2;0;0;0;0;14.0;89;28;4.3;7;-;13;48;844;751;0;1390.0;7.8;8.4;0;0;0;0;0;0;
2026.08.27;20:28:06.7;0.01;0.01;664;664;87;94;23;321;315;336;26;2.51;2.51;2.51;2.51;0;0;0;0;0;14.0;89;28;4.3;8;-;13;48;844;751;0;1390.0;7.8;8.2;0;0;0;0;0;0;
2026.08.27;20:28:07.2;0.03;0.03;107;92;87;94;23;321;336;336;26;2.57;2.57;2.57;2.57;-1;0;0;0;0;13.8;89;28;4.3;8;-;13;48;844;750;0;1444.0;7.9;8.5;0;0;0;0;0;0;
2026.08.27;20:28:07.6;0.04;0.04;190;107;87;94;25;321;336;336;26;2.73;2.73;2.73;2.73;-1;0;0;0;0;13.8;89;28;4.3;8;-;13;48;844;757;0;1974.0;7.9;8.5;0;0;0;0;1;0;
2026.08.27;20:28:08.1;0.04;0.04;190;107;87;94;25;321;315;336;26;2.73;2.73;2.73;2.73;-3;0;0;0;0;13.8;89;28;4.3;6;-;13;48;844;757;0;1974.0;7.9;8.6;0;0;0;0;1;0;
2026.08.27;20:28:08.5;0.02;0.02;756;761;87;94;23;321;315;336;26;2.59;2.59;2.59;2.59;-3;0;0;0;0;13.8;89;28;4.3;6;-;13;48;844;754;0;1688.0;7.9;8.6;0;0;0;0;1;0;
2026.08.27;20:28:09.0;0.01;0.01;683;737;88;95;23;321;315;336;26;2.64;2.64;2.64;2.64;-3;0;0;0;0;13.8;89;28;4.3;5;-;13;48;844;754;0;1688.0;7.8;8.7;0;0;0;0;1;0;
2026.08.27;20:28:09.4;0.01;0.01;683;737;88;95;23;321;315;336;26;2.64;2.64;2.64;2.64;-1;0;0;0;0;13.9;89;28;4.3;4;-;13;48;844;754;0;1572.0;7.9;8.5;0;0;0;0;1;0;
2026.08.27;20:28:09.9;0.00;0.00;698;712;88;95;23;321;315;336;26;2.61;2.61;2.61;2.61;-1;0;0;0;0;13.9;89;28;4.3;4;-;13;48;844;752;0;1948.0;7.9;8.5;0;0;0;0;1;0;
2026.08.27;20:28:10.3;0.00;0.00;698;712;88;95;23;321;336;336;26;2.61;2.61;2.61;2.61;-1;0;0;0;0;13.9;89;28;4.3;4;-;13;48;844;752;0;1948.0;7.9;8.5;0;0;0;0;1;0;
2026.08.27;20:28:10.8;0.02;0.02;112;546;88;95;24;328;336;336;26;2.64;2.64;2.64;2.64;-2;0;0;0;0;13.9;90;28;4.3;4;-;13;48;844;749;0;1978.0;7.9;8.4;0;0;0;0;1;0;
2026.08.27;20:28:11.2;0.00;0.00;693;590;87;94;23;328;336;336;26;2.62;2.62;2.62;2.62;-2;0;0;0;0;14.0;90;28;4.3;5;-;13;48;844;750;0;2148.0;7.9;8.4;0;0;0;0;1;0;
2026.08.27;20:28:11.7;-0.01;-0.01;693;590;87;94;23;328;315;336;26;2.62;2.62;2.62;2.62;-2;0;0;0;0;14.0;90;28;4.3;5;-;13;48;844;750;0;2148.0;7.9;8.5;0;0;0;0;1;0;
2026.08.27;20:28:12.1;-0.01;-0.01;698;727;87;94;23;328;336;336;26;2.58;2.58;2.58;2.58;-2;0;0;0;0;14.0;90;28;4.3;5;-;13;48;844;748;0;1358.0;8.0;8.5;0;0;0;0;1;0;
2026.08.27;20:28:12.6;0.01;0.01;180;102;87;94;24;328;336;336;26;2.65;2.65;2.65;2.65;-2;0;0;0;0;14.0;90;28;4.3;5;-;12;48;844;752;0;1372.0;8.0;8.5;0;0;0;0;1;0;
2026.08.27;20:28:13.0;-0.01;-0.01;717;727;87;94;23;328;336;336;26;2.62;2.62;2.65;2.65;-4;0;0;0;0;14.0;90;28;4.3;5;-;12;48;844;752;0;1372.0;8.1;8.4;0;0;0;0;1;0;
2026.08.27;20:28:13.5;-0.01;-0.01;717;727;87;94;23;328;315;336;26;2.62;2.62;2.62;2.62;-1;0;0;0;0;14.0;90;28;4.3;5;-;12;49;844;755;0;2071.0;7.8;8.4;0;0;0;0;1;0;
2026.08.27;20:28:13.9;-0.02;-0.02;625;678;87;94;23;328;315;336;26;2.56;2.56;2.56;2.56;-1;0;0;0;0;14.0;90;28;4.3;3;-;12;49;844;749;0;1650.0;7.8;8.4;0;0;0;0;1;0;
2026.08.27;20:28:14.4;-0.02;-0.02;625;678;87;94;23;328;336;336;26;2.56;2.56;2.56;2.56;0;0;0;0;0;14.0;90;28;4.3;3;-;12;49;844;749;0;1650.0;8.0;8.6;0;0;0;0;1;0;
2026.08.27;20:28:14.8;0.00;0.00;107;131;87;94;24;328;336;336;26;2.65;2.65;2.65;2.65;-2;0;0;0;0;14.0;90;28;4.3;3;-;12;49;844;754;0;1934.0;8.0;8.6;0;0;0;0;1;0;
2026.08.27;20:28:15.3;-0.02;-0.02;722;708;88;95;23;328;315;336;26;2.61;2.61;2.61;2.61;-2;0;0;0;0;14.0;90;28;4.3;3;-;12;49;844;754;0;1934.0;7.9;8.6;0;0;0;0;1;0;
2026.08.27;20:28:15.7;-0.02;-0.02;722;708;88;95;23;328;336;336;26;2.61;2.61;2.61;2.61;-4;0;0;0;0;13.8;90;28;4.3;3;-;12;49;844;746;0;1717.0;7.9;8.5;0;0;0;0;1;0;
2026.08.27;20:28:16.2;-0.00;-0.00;107;87;87;94;24;328;336;336;26;2.64;2.64;2.64;2.64;-4;0;0;0;0;13.8;90;28;4.3;3;-;12;49;844;755;0;1996.0;7.9;8.5;0;0;0;0;1;0;
2026.08.27;20:28:16.6;-0.02;-0.02;727;668;88;95;23;328;315;336;26;2.63;2.63;2.63;2.63;-3;0;0;0;0;13.8;90;28;4.3;1;-;12;49;844;755;0;1996.0;7.8;8.5;0;0;0;0;1;0;
2026.08.27;20:28:17.1;-0.02;-0.02;727;668;88;95;23;328;336;336;26;2.63;2.63;2.63;2.63;-2;0;0;0;0;13.8;90;28;4.3;1;-;12;49;844;746;0;1457.0;8.0;8.6;0;0;0;0;1;0;
2026.08.27;20:28:17.5;-0.02;-0.02;610;678;88;95;23;328;336;336;26;2.60;2.60;2.60;2.60;-2;0;0;0;0;14.0;90;29;4.3;1;-;13;49;844;754;0;1398.0;8.0;8.6;0;0;0;0;1;0;
2026.08.27;20:28:18.0;-0.00;-0.00;444;131;88;95;24;328;315;336;26;2.63;2.63;2.63;2.63;0;0;0;0;0;14.0;90;29;4.3;2;-;13;49;844;754;0;1398.0;8.0;8.6;0;0;0;0;1;0;
2026.08.27;20:28:18.4;-0.00;-0.00;444;131;88;95;24;328;315;336;26;2.63;2.63;2.63;2.63;-4;0;0;0;0;14.0;90;29;4.3;2;-;13;49;844;758;0;1875.0;7.9;8.4;0;0;0;0;1;0;
2026.08.27;20:28:18.9;-0.01;-0.01;278;678;87;94;23;328;315;336;26;2.57;2.57;2.57;2.57;-4;0;0;0;0;14.0;90;29;4.3;3;-;13;49;844;746;0;1508.0;7.9;8.4;0;0;0;0;0;1;
2026.08.27;20:28:19.3;-0.01;-0.01;278;678;87;94;23;328;819;630;26;2.57;2.57;2.57;2.57;13;0;0;0;0;14.0;90;29;4.3;4;-;13;48;844;746;11;1508.0;23.7;22.0;0;0;0;0;0;1;
2026.08.27;20:28:19.8;-0.03;-0.03;97;244;87;94;73;328;819;630;26;5.26;5.26;5.26;5.26;21;0;0;0;0;14.1;90;29;4.3;4;-;13;48;844;1775;11;2523.0;23.7;22.0;0;0;0;0;0;1;
2026.08.27;20:28:20.2;0.00;0.00;48;48;86;94;64;328;273;357;26;2.64;2.64;2.64;2.64;21;0;0;0;0;14.1;90;29;4.3;6;-;13;48;844;1775;16;2523.0;20.2;25.9;0;0;0;0;0;1;
2026.08.27;20:28:20.7;0.00;0.00;48;48;86;94;64;328;210;357;26;2.64;2.64;2.64;2.64;24;0;0;0;0;14.1;90;29;4.3;6;-;13;49;844;1783;16;2370.0;10.6;20.7;0;0;0;0;0;1;
2026.08.27;20:28:21.1;0.01;0.01;78;668;84;94;30;328;210;357;26;1.83;1.83;1.83;1.83;9;0;0;0;0;14.1;90;29;4.3;8;-;13;49;844;1405;0;3466.0;10.6;20.7;0;0;0;0;0;1;
2026.08.27;20:28:21.6;0.05;0.05;48;39;84;94;23;328;210;231;26;1.72;1.72;1.72;1.72;9;0;0;0;0;14.1;90;29;4.3;9;-;13;49;844;1405;0;3466.0;8.0;9.9;0;0;0;0;0;1;
2026.08.27;20:28:22.0;0.05;0.05;48;39;84;94;23;328;231;252;26;1.72;1.72;1.72;1.72;12;0;0;0;0;13.6;90;29;4.3;9;-;13;48;844;1036;0;2812.0;6.4;7.9;0;0;0;0;0;1;
2026.08.27;20:28:22.5;0.06;0.06;68;53;87;97;24;328;231;252;26;2.30;2.30;2.30;2.30;11;0;0;0;0;13.6;90;29;4.3;10;-;12;48;844;869;0;2646.0;6.4;7.9;0;0;0;0;1;0;
2026.08.27;20:28:22.9;0.05;0.05;795;693;0;0;26;328;315;315;26;2.62;2.62;2.62;2.62;11;0;0;0;0;13.6;90;29;4.3;11;-;12;48;844;869;0;2646.0;9.6;9.9;0;0;0;0;1;0;
2026.08.27;20:28:23.4;0.05;0.05;795;693;0;0;26;328;273;294;26;2.62;2.62;2.62;2.62;0;0;0;0;0;13.6;90;29;4.3;11;-;12;49;844;878;0;2831.0;7.9;8.7;0;0;0;0;1;0;
2026.08.27;20:28:23.8;0.04;0.04;815;825;85;94;23;328;273;294;26;2.33;2.33;2.33;2.33;3;0;0;0;0;14.0;90;29;4.3;10;-;12;49;844;857;0;2394.0;7.9;8.7;0;0;0;0;1;0;
2026.08.27;20:28:24.3;0.03;0.03;791;810;85;94;23;328;273;294;26;2.34;2.34;2.34;2.34;3;0;0;0;0;14.0;90;29;4.3;10;-;12;49;844;857;0;2394.0;7.7;8.5;0;0;0;0;1;0;
2026.08.27;20:28:24.7;0.03;0.03;791;810;85;94;23;289;294;294;26;2.34;2.34;2.34;2.34;4;0;0;0;0;14.0;90;29;4.3;10;-;12;49;844;843;0;2214.0;7.8;8.4;0;0;0;0;1;0;
2026.08.27;20:28:25.2;-0.00;-0.00;786;805;85;94;23;289;294;294;26;2.34;2.34;2.34;2.34;4;0;0;0;0;14.0;90;29;4.3;10;-;12;49;844;820;0;2630.0;7.8;8.4;0;0;0;0;1;0;
2026.08.27;20:28:25.6;-0.00;-0.00;786;805;85;94;23;289;294;294;26;2.34;2.34;2.34;2.34;4;0;0;0;0;14.0;90;29;4.3;10;-;12;49;844;820;0;2630.0;7.7;8.4;0;0;0;0;1;0;
2026.08.27;20:28:26.1;-0.04;-0.04;747;781;85;94;23;289;294;294;26;2.29;2.29;2.29;2.29;5;0;0;0;0;13.9;90;29;4.3;10;-;12;49;844;805;0;2039.0;7.7;8.4;0;0;0;0;1;0;
2026.08.27;20:28:26.5;-0.07;-0.07;615;708;85;94;23;289;294;294;26;2.25;2.25;2.25;2.25;5;0;0;0;0;13.9;90;29;4.3;10;-;12;49;844;805;0;2039.0;7.9;8.3;0;0;0;0;1;0;
2026.08.27;20:28:27.0;-0.07;-0.07;615;708;85;94;23;289;336;315;26;2.25;2.25;2.25;2.25;6;0;0;0;0;13.9;90;29;4.3;10;-;13;49;844;788;0;1723.0;8.9;9.0;0;0;0;0;1;0;
2026.08.27;20:28:27.4;-0.02;-0.02;117;78;86;95;25;289;336;315;26;2.58;2.58;2.58;2.58;0;0;0;0;0;13.9;90;29;4.3;10;-;13;49;844;789;0;1950.0;8.9;9.0;0;0;0;0;1;0;
2026.08.27;20:28:27.9;-0.04;-0.04;747;722;86;96;24;289;315;315;26;2.43;2.43;2.43;2.43;0;0;0;0;0;14.1;91;29;4.3;8;-;13;49;844;788;0;1678.0;8.1;8.6;0;0;0;0;1;0;
2026.08.27;20:28:28.3;-0.04;-0.04;747;722;86;96;24;289;315;315;26;2.43;2.43;2.43;2.43;0;0;0;0;0;14.1;91;29;4.3;6;-;13;49;844;788;0;1678.0;7.9;8.3;0;0;0;0;1;0;
2026.08.27;20:28:28.8;-0.03;-0.03;292;664;87;95;24;289;315;315;26;2.45;2.45;2.45;2.45;-1;0;0;0;0;14.1;91;29;4.3;6;-;13;49;844;774;0;1568.0;7.9;8.3;0;0;0;0;1;0;
2026.08.27;20:28:29.2;-0.02;-0.02;151;102;89;98;24;289;315;315;26;2.54;2.54;2.54;2.54;-1;0;0;0;0;14.1;91;29;4.3;3;-;13;49;844;750;0;1959.0;8.0;8.4;0;0;0;0;1;0;
2026.08.27;20:28:29.7;-0.02;-0.02;151;102;89;98;24;289;336;336;26;2.54;2.54;2.54;2.54;0;0;0;0;0;14.1;91;29;4.3;2;-;13;49;844;750;0;1959.0;8.2;8.5;0;0;0;0;1;0;
2026.08.27;20:28:30.1;-0.01;-0.01;371;146;86;94;24;289;336;336;26;2.56;2.56;2.56;2.56;-1;0;0;0;0;13.6;91;29;4.3;2;-;13;49;844;758;0;1530.0;8.2;8.5;0;0;0;0;1;0;
2026.08.27;20:28:30.6;-0.02;-0.02;434;683;86;94;25;289;336;336;26;2.52;2.52;2.52;2.52;-1;0;0;0;0;13.6;91;29;4.3;2;-;13;49;844;758;0;1530.0;8.2;8.5;0;0;0;0;0;1;
2026.08.27;20:28:31.0;-0.02;-0.02;434;683;86;94;25;289;315;336;26;2.52;2.52;2.52;2.52;-1;0;0;0;0;13.6;91;29;4.3;2;-;13;49;844;754;7;1891.0;7.9;8.5;0;0;0;0;0;1;
2026.08.27;20:28:31.5;-0.00;-0.00;449;107;85;93;99;325;315;336;26;7.41;7.41;7.41;7.41;20;0;0;0;0;13.6;91;29;4.3;2;-;13;49;844;1659;7;3406.0;7.9;8.5;0;0;0;0;0;1;
2026.08.27;20:28:31.9;-0.02;-0.02;48;48;85;94;91;325;315;357;26;3.51;3.51;3.51;3.51;20;0;0;0;0;13.6;91;29;4.3;3;-;12;49;844;1659;21;3406.0;22.5;27.4;0;0;0;0;0;1;
2026.08.27;20:28:32.4;-0.02;-0.02;48;48;85;94;91;325;567;588;26;3.51;3.51;3.51;3.51;21;0;0;0;0;14.0;91;29;4.4;3;-;12;49;844;1746;21;4625.0;37.7;40.5;0;0;0;0;0;1;
2026.08.27;20:28:32.9;0.02;0.02;727;253;84;95;99;325;567;588;26;4.68;4.68;4.68;4.68;21;0;0;0;0;14.0;91;29;4.4;6;-;12;49;844;1802;22;2729.0;37.7;40.5;0;0;0;0;0;1;
2026.08.27;20:28:33.3;-0.01;-0.01;97;742;83;95;39;325;231;315;26;2.21;2.21;2.21;2.21;24;0;0;0;0;14.0;91;29;4.4;9;-;12;49;844;1802;6;2729.0;12.2;17.9;0;0;0;0;0;1;
2026.08.27;20:28:33.8;-0.01;-0.01;97;742;83;95;39;325;210;273;26;2.21;2.21;2.21;2.21;23;0;0;0;0;14.0;91;29;4.4;9;-;12;49;844;1293;6;2185.0;9.3;12.9;0;0;0;0;0;1;
2026.08.27;20:28:34.2;0.04;0.04;63;58;82;94;29;325;210;273;26;1.85;1.85;1.85;1.85;14;0;0;0;0;14.0;91;29;4.4;9;-;12;49;844;1346;0;3856.0;9.3;12.9;0;0;0;0;0;1;
2026.08.27;20:28:34.7;0.08;0.08;63;48;83;95;23;325;210;231;26;1.84;1.84;1.84;1.84;14;0;0;0;0;14.0;91;29;4.4;9;-;12;48;844;1346;0;3856.0;8.4;10.2;0;0;0;0;1;1;
2026.08.27;20:28:35.1;0.08;0.08;63;48;83;95;23;325;273;231;26;1.84;1.84;1.84;1.84;8;0;0;0;0;14.0;91;29;4.4;9;-;12;48;844;1069;0;3556.0;8.1;7.6;0;0;0;0;1;1;
2026.08.27;20:28:35.6;0.09;0.09;102;68;86;98;28;325;273;231;26;2.40;2.40;2.40;2.40;8;0;0;0;0;14.0;91;29;4.4;8;-;12;48;844;833;0;1450.0;8.1;7.6;0;0;0;0;1;1;
2026.08.27;20:28:36.0;0.09;0.09;102;68;86;98;28;325;315;315;26;2.40;2.40;2.40;2.40;-1;0;0;0;0;14.0;91;29;4.4;6;-;12;49;844;833;0;1450.0;8.5;8.8;0;0;0;0;1;1;
2026.08.27;20:28:36.5;0.07;0.07;830;776;84;96;25;325;315;315;26;2.72;2.72;2.72;2.72;-1;0;0;0;0;14.0;91;29;4.4;6;-;12;49;844;795;0;1594.0;8.1;8.4;0;0;0;0;1;1;
2026.08.27;20:28:36.9;0.06;0.06;839;839;85;96;25;325;315;315;26;2.72;2.72;2.72;2.72;-1;0;0;0;0;14.0;91;29;4.4;5;-;11;49;844;764;0;1826.0;8.1;8.4;0;0;0;0;1;1;
2026.08.27;20:28:37.4;0.06;0.06;839;839;85;96;25;325;336;336;26;2.72;2.72;2.72;2.72;-2;0;0;0;0;14.0;91;29;4.4;4;-;11;49;844;764;0;1826.0;8.4;8.6;0;0;0;0;0;1;
2026.08.27;20:28:37.8;0.05;0.05;834;844;85;96;25;325;336;336;26;2.73;2.73;2.73;2.73;-2;0;0;0;0;14.0;91;29;4.4;4;-;11;49;844;751;0;2063.0;8.4;8.8;0;0;0;0;0;1;
2026.08.27;20:28:38.3;0.02;0.02;825;834;89;100;25;325;336;336;26;2.73;2.73;2.73;2.73;-2;0;0;0;0;14.0;91;29;4.4;3;-;11;49;844;751;0;2063.0;8.4;8.8;0;0;0;0;0;1;
2026.08.27;20:28:38.7;0.02;0.02;825;834;89;100;25;279;357;336;26;2.73;2.73;2.73;2.73;4;0;0;0;0;13.7;91;29;4.4;3;-;11;48;844;746;0;1743.0;8.5;8.7;0;0;0;0;0;1;
2026.08.27;20:28:39.2;-0.01;-0.01;795;820;84;95;26;279;357;336;26;2.65;2.65;2.65;2.65;0;0;0;0;0;13.7;91;29;4.4;3;-;11;48;844;747;0;1394.0;8.5;8.7;0;0;0;0;0;1;
2026.08.27;20:28:39.6;-0.04;-0.04;742;786;92;100;25;279;336;336;26;2.63;2.63;2.63;2.63;0;0;0;0;0;13.7;91;29;4.4;3;-;11;48;844;747;0;1394.0;8.4;8.7;0;0;0;0;1;1;
2026.08.27;20:28:40.1;-0.04;-0.04;742;786;92;100;25;279;357;336;26;2.63;2.63;2.63;2.63;5;0;0;0;0;13.7;91;29;4.4;3;-;11;48;844;741;0;1802.0;8.7;9.0;0;0;0;0;1;1;
2026.08.27;20:28:40.5;-0.01;-0.01;87;571;84;95;26;279;357;336;26;2.77;2.77;2.77;2.77;5;0;0;0;0;13.8;91;29;4.4;2;-;11;48;844;764;0;2055.0;8.7;9.0;0;0;0;0;1;1;
2026.08.27;20:28:41.0;-0.02;-0.02;732;156;84;95;23;279;336;357;26;2.63;2.63;2.63;2.63;-6;0;0;0;0;13.8;91;29;4.4;2;-;11;48;844;764;0;2055.0;8.1;8.9;0;0;0;0;0;1;
2026.08.27;20:28:41.4;-0.02;-0.02;732;156;84;95;23;279;315;336;26;2.63;2.63;2.63;2.63;-5;0;0;0;0;13.8;91;29;4.4;2;-;11;49;844;744;0;2004.0;7.9;8.6;0;0;0;0;0;1;
2026.08.27;20:28:41.9;-0.03;-0.03;698;722;90;100;25;279;315;336;26;2.61;2.61;2.61;2.61;3;0;0;0;0;13.8;91;29;4.4;1;-;12;49;844;726;1;1808.0;7.9;8.6;0;0;0;0;0;1;
2026.08.27;20:28:42.3;-0.01;-0.01;107;92;86;97;27;279;357;357;26;2.77;2.77;2.77;2.77;3;0;0;0;0;13.8;91;29;4.4;1;-;12;49;844;726;0;1808.0;8.7;8.8;0;0;0;0;0;1;
2026.08.27;20:28:42.8;-0.01;-0.01;107;92;86;97;27;279;378;378;26;2.77;2.77;2.77;2.77;-5;0;0;0;0;14.0;91;29;4.4;1;-;12;49;844;752;0;1213.0;9.2;9.8;0;0;0;0;0;1;
2026.08.27;20:28:43.2;-0.03;-0.03;742;659;87;97;27;279;378;378;26;2.86;2.86;2.86;2.86;-5;0;0;0;0;14.0;91;29;4.4;1;-;12;49;844;769;0;1753.0;9.2;9.8;0;0;0;0;1;1;
2026.08.27;20:28:43.7;-0.03;-0.03;742;659;87;97;27;279;336;357;26;2.86;2.86;2.86;2.86;-6;0;0;0;0;14.0;91;29;4.4;0;-;12;49;844;769;0;1753.0;8.2;9.3;0;0;0;0;0;1;
2026.08.27;20:28:44.1;-0.01;-0.01;92;346;85;95;24;279;336;357;26;2.72;2.72;2.72;2.72;13;0;0;0;0;14.0;91;29;4.4;0;-;12;49;844;758;0;1475.0;8.2;9.3;0;0;0;0;0;1;
2026.08.27;20:28:44.6;-0.00;-0.00;97;87;85;94;69;279;819;672;26;3.94;3.94;3.94;3.94;13;0;0;0;0;14.0;91;29;4.4;0;-;12;49;844;758;11;1475.0;24.3;23.2;0;0;0;0;0;1;
2026.08.27;20:28:45.0;-0.00;-0.00;97;87;85;94;69;279;231;273;26;3.94;3.94;3.94;3.94;8;0;0;0;0;14.0;91;29;4.4;0;-;12;49;844;2211;9;4953.0;15.3;18.3;0;0;0;0;0;1;
2026.08.27;20:28:45.5;0.02;0.02;39;29;83;94;48;298;231;273;26;2.27;2.27;2.27;2.27;7;0;0;0;0;14.0;92;29;4.4;0;-;12;49;844;1570;9;4548.0;15.3;18.3;0;0;0;0;0;1;
2026.08.27;20:28:45.9;0.06;0.06;126;73;82;95;99;298;336;336;26;8.47;8.47;8.47;8.47;7;0;0;0;0;14.0;92;29;4.4;0;-;12;49;844;1570;17;4548.0;18.0;18.1;0;0;0;0;0;1;
2026.08.27;20:28:46.4;0.06;0.06;126;73;82;95;99;298;210;315;26;8.47;8.47;8.47;8.47;22;0;0;0;0;14.0;92;29;4.4;0;-;12;49;844;2162;17;5000.0;17.9;30.4;0;0;0;0;0;1;
2026.08.27;20:28:46.8;0.00;0.00;4;4;79;95;0;298;210;315;26;0.00;0.00;0.00;0.00;0;0;0;0;0;14.0;92;29;4.4;0;-;12;49;844;1802;0;3324.0;17.9;30.4;0;0;0;0;0;1;
2026.08.27;20:28:47.3;0.00;0.00;34;4;79;94;0;298;273;231;26;3.04;3.04;3.04;3.04;0;0;0;0;0;14.0;92;29;4.4;0;-;12;48;844;1802;6;3324.0;13.7;11.4;0;0;0;0;0;1;
2026.08.27;20:28:47.7;0.00;0.00;34;4;79;94;0;298;399;357;26;3.04;3.04;3.04;3.04;20;0;0;0;0;14.0;92;29;4.4;0;-;12;48;844;1441;6;1956.0;22.3;20.1;0;0;0;0;0;1;
2026.08.27;20:28:48.2;-0.01;-0.01;825;830;79;94;4;298;399;357;26;3.49;3.49;3.49;3.49;20;0;0;0;0;14.0;92;29;4.4;0;-;12;48;844;1638;13;3685.0;22.3;20.1;0;0;0;0;0;1;
2026.08.27;20:28:48.6;-0.01;-0.01;825;830;79;94;4;298;357;357;26;3.49;3.49;3.49;3.49;3;0;0;0;0;14.0;92;29;4.4;0;-;12;48;844;1638;17;3685.0;22.7;22.1;0;0;0;0;0;1;
2026.08.27;20:28:49.1;-0.04;-0.04;693;766;78;94;10;298;462;420;26;3.66;3.66;3.66;3.66;11;0;0;0;0;14.1;92;29;4.4;0;-;12;48;844;1772;17;4225.0;31.0;28.8;0;0;0;0;0;1;
2026.08.27;20:28:49.5;-0.03;-0.03;78;68;77;94;16;298;462;420;26;4.56;4.56;4.56;4.56;11;0;0;0;0;14.1;92;29;4.4;0;-;12;48;844;1878;23;4656.0;31.0;28.8;0;0;0;0;0;1;
2026.08.27;20:28:50.0;-0.03;-0.03;78;68;77;94;16;298;483;483;26;4.56;4.56;4.56;4.56;13;0;0;0;0;14.1;92;29;4.4;2;-;12;48;844;1878;15;4656.0;33.3;34.2;0;0;0;0;0;1;
2026.08.27;20:28:50.4;-0.03;-0.03;629;87;76;95;13;298;483;483;26;3.22;3.22;3.22;3.22;7;0;0;0;0;14.1;92;29;4.4;2;-;12;48;844;1405;15;2957.0;33.3;34.2;0;0;0;0;0;1;
2026.08.27;20:28:50.9;-0.03;-0.03;53;43;75;94;15;298;378;336;26;3.10;3.10;3.10;3.10;7;0;0;0;0;14.1;92;29;4.4;3;-;12;48;844;1405;7;2957.0;17.6;16.0;0;0;0;0;0;1;
2026.08.27;20:28:51.3;-0.03;-0.03;53;43;75;94;15;298;294;336;26;3.10;3.10;3.10;3.10;2;0;0;0;0;14.0;92;29;4.5;3;-;12;48;844;1339;13;3152.0;13.8;15.9;0;0;0;0;0;1;
2026.08.27;20:28:51.8;0.01;0.01;68;63;75;94;20;298;294;336;26;3.79;3.79;3.79;3.79;24;0;0;0;0;14.0;92;29;4.5;3;-;12;48;844;1695;13;5000.0;13.8;15.9;0;0;0;0;0;1;
2026.08.27;20:28:52.2;0.00;0.00;68;63;75;94;20;298;294;357;26;3.79;3.79;3.79;3.79;24;0;0;0;0;14.0;92;29;4.5;3;-;12;48;844;1695;19;5000.0;21.2;26.4;0;0;0;0;0;1;
2026.08.27;20:28:52.7;0.00;0.00;53;87;76;94;20;267;483;420;26;2.57;2.57;2.57;2.57;24;0;0;0;0;14.0;93;29;4.5;3;-;12;48;844;1851;19;3843.0;32.6;28.6;0;0;0;0;0;1;
2026.08.27;20:28:53.1;0.01;0.01;781;742;0;0;40;267;483;420;26;4.81;4.81;4.81;4.81;24;0;0;0;0;14.1;93;29;4.5;4;-;12;48;844;1992;23;3704.0;32.6;28.6;0;0;0;0;0;1;
2026.08.27;20:28:53.6;0.01;0.01;781;742;0;0;40;267;504;504;26;4.81;4.81;4.81;4.81;24;0;0;0;0;14.1;93;29;4.5;6;-;12;48;844;1992;27;3704.0;41.0;42.9;0;0;0;0;0;1;
2026.08.27;20:28:54.0;-0.01;-0.01;717;722;75;94;58;267;504;504;26;5.10;5.10;5.10;5.10;23;0;0;0;0;14.1;93;29;4.5;6;-;12;48;844;2194;27;3474.0;41.0;42.9;0;0;0;0;0;1;
2026.08.27;20:28:54.5;0.00;0.00;751;703;75;95;73;267;588;609;26;5.98;5.98;5.98;5.98;23;0;0;0;0;14.1;93;29;4.5;9;-;12;48;844;2194;28;3474.0;50.0;54.2;10;6;52;0;0;1;
2026.08.27;20:28:54.9;0.00;0.00;751;703;75;95;73;267;567;588;26;5.98;5.98;5.98;5.98;21;0;0;0;0;14.1;93;29;4.5;12;-;12;48;844;2178;28;3463.0;53.0;56.9;15;16;48;0;0;1;
2026.08.27;20:28:55.4;0.00;0.00;703;693;72;95;89;267;567;588;26;6.28;6.28;6.28;6.28;21;0;0;0;0;14.0;93;29;4.5;12;-;12;48;844;2066;28;4973.0;53.0;56.9;15;16;48;0;0;1;
2026.08.27;20:28:55.8;0.01;0.01;439;639;70;95;99;267;588;609;26;7.23;7.23;7.23;7.23;21;0;0;0;0;14.0;93;29;4.5;16;-;12;48;844;2066;31;4973.0;58.0;61.3;19;18;63;0;0;0;
2026.08.27;20:28:56.3;0.01;0.01;439;639;70;95;99;267;504;567;26;7.23;7.23;7.23;7.23;14;0;0;0;0;14.0;93;30;4.5;16;-;12;48;844;2488;31;5000.0;54.4;61.9;4;6;44;0;0;0;
2026.08.27;20:28:56.7;0.00;0.00;112;361;64;94;76;267;504;567;26;4.04;4.04;4.04;4.04;14;0;0;0;0;14.0;93;30;4.5;18;-;4;48;844;2750;25;5000.0;54.4;61.9;4;6;44;0;0;0;
2026.08.27;20:28:57.2;0.00;0.00;112;361;64;94;76;267;399;420;26;4.04;4.04;4.04;4.04;24;0;0;0;0;14.0;93;30;4.5;19;-;4;48;844;2750;25;5000.0;43.0;44.9;0;0;0;0;0;0;
2026.08.27;20:28:57.6;-0.00;-0.00;756;673;58;93;79;267;399;420;26;3.69;3.69;3.69;3.69;25;0;0;0;0;14.1;93;30;4.5;19;-;4;48;844;2823;25;5000.0;43.0;44.9;0;0;0;0;0;0;
2026.08.27;20:28:58.1;0.02;0.02;68;131;55;93;70;267;357;378;26;3.13;3.13;3.13;3.13;25;0;0;0;0;14.1;93;30;4.5;20;-;4;48;844;2823;22;5000.0;37.2;42.2;0;0;0;0;0;0;
2026.08.27;20:28:58.5;0.02;0.02;68;131;55;93;70;267;252;294;26;3.13;3.13;3.13;3.13;30;0;0;0;0;14.1;93;30;4.5;20;-;4;47;844;2865;17;4624.0;26.2;30.8;0;0;0;0;0;0;
2026.08.27;20:28:59.0;0.10;0.10;78;68;53;92;48;267;252;294;26;2.30;2.30;2.30;2.30;29;0;0;0;0;14.1;93;30;4.5;20;-;4;47;844;2790;17;4563.0;26.2;30.8;0;0;0;0;0;0;
2026.08.27;20:28:59.4;0.05;0.05;712;703;52;92;47;267;210;231;26;2.01;2.01;2.01;2.01;29;0;0;0;0;14.1;93;30;4.5;19;-;4;47;844;2790;15;4563.0;20.5;23.6;0;0;0;0;0;0;
2026.08.27;20:28:59.9;0.05;0.05;712;703;52;92;47;234;231;231;26;2.01;2.01;2.01;2.01;39;0;0;0;0;14.0;93;30;4.4;19;-;4;47;844;2639;15;3880.0;20.5;22.7;0;0;0;0;0;0;
2026.08.27;20:29:00.4;0.05;0.05;791;717;51;91;48;234;231;231;26;2.13;2.13;2.13;2.13;39;0;0;0;0;14.0;93;30;4.4;18;-;4;47;844;2472;14;4365.0;20.5;22.7;0;0;0;0;0;0;
2026.08.27;20:29:00.8;0.06;0.06;97;87;51;92;50;234;231;231;26;2.18;2.18;2.18;2.18;29;0;0;0;0;14.0;93;30;4.4;17;-;4;47;844;2472;13;4365.0;19.3;21.7;0;0;0;0;0;0;
2026.08.27;20:29:01.3;0.06;0.06;97;87;51;92;50;234;252;252;26;2.18;2.18;2.18;2.18;32;0;0;0;0;14.0;93;30;4.4;17;-;4;48;844;2311;13;4239.0;20.9;21.9;0;0;0;0;0;0;
2026.08.27;20:29:01.7;0.01;0.01;751;732;52;92;52;234;252;252;26;2.31;2.31;2.31;2.31;32;0;0;0;0;14.0;93;30;4.4;16;-;14;48;844;2206;13;4729.0;20.9;21.9;0;0;0;0;0;0;
2026.08.27;20:29:02.2;0.01;0.01;761;668;53;92;49;234;273;273;26;2.45;2.45;2.45;2.45;22;0;0;0;0;14.0;93;30;4.4;15;-;14;48;844;2206;13;4729.0;20.8;22.4;0;0;0;0;0;0;
2026.08.27;20:29:02.6;0.01;0.01;761;668;53;92;49;234;315;294;26;2.45;2.45;2.45;2.45;24;0;0;0;0;14.0;93;30;4.4;15;-;14;48;844;2119;13;3194.0;23.3;23.3;0;0;0;0;0;0;
2026.08.27;20:29:03.1;0.03;0.03;156;73;0;0;60;234;315;294;26;3.17;3.17;3.17;3.17;24;0;0;0;0;14.0;93;30;4.4;14;-;14;48;844;2034;16;2667.0;23.3;23.3;0;0;0;0;0;0;
2026.08.27;20:29:03.5;0.03;0.03;156;73;0;0;60;234;441;441;26;3.17;3.17;3.17;3.17;21;0;0;0;0;14.0;93;30;4.4;14;-;14;48;844;2034;20;2667.0;34.3;35.5;0;0;0;0;0;0;
2026.08.27;20:29:04.0;-0.06;-0.06;322;673;56;90;72;234;441;441;26;3.92;3.92;3.92;3.92;25;0;0;0;0;13.8;93;30;4.4;14;-;14;48;844;2154;20;3353.0;34.3;35.5;0;0;0;0;0;0;
2026.08.27;20:29:04.4;-0.04;-0.04;78;253;57;90;67;234;399;420;26;3.60;3.60;3.60;3.60;25;0;0;0;0;13.8;93;30;4.4;16;-;14;48;844;2154;20;3353.0;33.6;36.8;0;0;0;0;0;0;
2026.08.27;20:29:04.9;-0.04;-0.04;78;253;57;90;67;234;357;378;26;3.60;3.60;3.60;3.60;27;0;0;0;0;13.8;93;30;4.4;16;-;14;48;844;2315;20;5000.0;32.2;35.4;0;0;0;0;0;0;
2026.08.27;20:29:05.3;-0.02;-0.02;712;678;58;90;60;234;357;378;26;3.23;3.23;3.23;3.23;27;0;0;0;0;13.8;93;30;4.4;17;-;14;48;844;2509;20;4460.0;32.2;35.4;0;0;0;0;0;0;
2026.08.27;20:29:05.8;-0.02;-0.02;712;678;58;90;60;234;336;336;26;3.23;3.23;3.23;3.23;27;0;0;0;0;13.8;93;30;4.4;18;-;14;48;844;2509;20;4460.0;31.5;33.5;0;0;0;0;0;0;
2026.08.27;20:29:06.2;0.03;0.03;742;644;57;88;53;234;294;315;26;2.94;2.94;2.94;2.94;30;0;0;0;0;14.1;93;30;4.4;18;-;14;48;844;2706;20;3631.0;30.5;33.5;0;0;0;0;0;0;
2026.08.27;20:29:06.7;0.02;0.02;205;615;56;88;47;234;294;315;26;2.62;2.62;2.62;2.62;30;0;0;0;0;14.1;93;30;4.4;20;-;15;48;844;2706;20;3631.0;30.5;33.5;0;0;0;0;0;0;
2026.08.27;20:29:07.1;0.02;0.02;205;615;56;88;47;233;189;252;26;2.62;2.62;2.62;2.62;34;0;0;0;0;14.1;94;37;4.4;20;-;15;47;844;2989;20;5000.0;20.1;25.5;0;0;0;0;0;0;
2026.08.27;20:29:07.6;0.00;0.00;9;14;54;88;0;233;189;252;26;0.00;0.00;0.00;0.00;34;0;0;0;0;14.1;94;37;4.4;21;-;15;47;844;2401;0;5000.0;20.1;25.5;0;0;0;0;0;1;
2026.08.27;20:29:08.0;0.00;0.00;0;0;57;88;0;233;189;231;26;2.40;2.40;2.40;2.40;-12;0;0;0;0;14.1;94;37;4.4;22;-;15;47;844;2401;5;5000.0;13.8;15.9;0;0;0;0;0;1;
2026.08.27;20:29:08.5;0.00;0.00;0;0;57;88;0;233;210;231;26;2.40;2.40;2.40;2.40;25;0;0;0;0;14.1;94;37;4.3;22;-;15;48;844;1772;5;2582.0;14.3;15.1;0;0;0;0;0;1;
2026.08.27;20:29:08.9;-0.01;-0.01;815;786;58;87;0;233;210;231;26;1.88;1.88;1.88;1.88;25;0;0;0;0;14.1;94;37;4.3;23;-;15;48;844;1825;7;4106.0;14.3;15.1;0;0;0;0;0;1;
2026.08.27;20:29:09.4;0.03;0.03;68;58;60;88;0;233;189;210;26;1.82;1.82;1.82;1.82;16;0;0;0;0;14.1;94;37;4.3;24;-;15;48;844;1825;4;4106.0;13.0;14.1;0;0;0;0;0;0;
2026.08.27;20:29:09.8;0.03;0.03;68;58;60;88;0;233;189;210;26;1.82;1.82;1.82;1.82;7;0;0;0;0;14.1;94;37;4.3;24;-;15;48;844;1893;4;2798.0;13.0;13.7;0;0;0;0;0;0;
2026.08.27;20:29:10.3;0.09;0.09;39;39;58;87;0;233;189;210;26;1.91;1.91;1.91;1.91;7;0;0;0;0;14.1;95;37;4.3;24;-;15;48;844;1872;0;2591.0;13.0;13.7;0;0;0;0;0;0;
2026.08.27;20:29:10.7;0.09;0.09;39;39;58;87;0;233;189;210;26;1.91;1.91;1.91;1.91;-6;0;0;0;0;14.1;95;37;4.3;24;-;15;48;844;1872;0;2591.0;13.0;14.3;0;0;0;0;0;0;
2026.08.27;20:29:11.2;0.00;0.00;0;0;59;86;0;233;189;210;26;0.00;0.00;0.00;0.00;4;0;0;0;0;14.1;95;37;4.3;24;-;15;48;844;1857;0;5000.0;13.0;14.3;0;0;0;0;0;0;
2026.08.27;20:29:11.6;0.00;0.00;0;0;63;86;0;233;189;210;26;2.56;2.56;2.56;2.56;4;0;0;0;0;14.1;95;37;4.3;24;-;13;48;844;1857;4;5000.0;12.9;14.2;0;0;0;0;0;0;
2026.08.27;20:29:12.1;0.00;0.00;0;0;63;86;0;233;189;210;26;2.56;2.56;2.56;2.56;18;0;0;0;0;14.1;95;37;4.3;24;-;13;48;844;1872;4;2682.0;13.0;13.8;0;0;0;0;0;0;
2026.08.27;20:29:12.5;-0.00;-0.00;839;761;65;86;0;233;189;210;26;1.69;1.69;1.69;1.69;19;0;0;0;0;14.1;95;37;4.3;24;-;13;48;844;1887;5;3095.0;13.0;13.8;0;0;0;0;0;0;
2026.08.27;20:29:13.0;0.02;0.02;53;43;0;0;0;233;189;210;26;1.73;1.73;1.73;1.73;19;0;0;0;0;14.1;95;37;4.3;24;-;13;48;844;1887;6;3095.0;13.1;13.6;0;0;0;0;0;0;
2026.08.27;20:29:13.4;0.02;0.02;53;43;0;0;0;233;189;210;26;1.73;1.73;1.73;1.73;20;0;0;0;0;14.1;95;37;4.3;24;-;13;48;844;1878;6;3256.0;13.0;13.5;0;0;0;0;0;0;
2026.08.27;20:29:13.9;0.08;0.08;92;68;63;85;0;193;189;210;26;1.83;1.83;1.83;1.83;20;0;0;0;0;14.1;95;37;4.3;24;-;13;48;844;1908;6;5000.0;13.0;13.5;0;0;0;0;0;0;
2026.08.27;20:29:14.3;0.05;0.05;761;717;63;86;0;193;189;210;26;1.76;1.76;1.76;1.76;20;0;0;0;0;14.1;95;37;4.3;24;-;13;48;844;1908;6;5000.0;13.2;13.6;0;0;0;0;0;0;
2026.08.27;20:29:14.8;0.05;0.05;761;717;63;86;0;193;189;210;26;1.76;1.76;1.76;1.76;28;0;0;0;0;14.0;95;37;4.3;24;-;13;48;844;1890;6;2938.0;13.1;13.7;0;0;0;0;0;0;
2026.08.27;20:29:15.2;-0.00;-0.00;683;722;63;86;0;193;189;210;26;1.80;1.80;1.80;1.80;28;0;0;0;0;14.0;95;37;4.3;24;-;13;48;844;1940;8;4805.0;13.1;13.7;0;0;0;0;0;0;
2026.08.27;20:29:15.7;0.04;0.04;78;63;63;85;0;193;273;231;26;2.75;2.75;2.75;1.80;39;0;0;0;0;14.0;95;37;4.3;24;-;13;48;844;1940;14;4805.0;18.8;16.2;0;0;0;0;0;0;
2026.08.27;20:29:16.1;0.04;0.04;78;63;63;85;0;193;315;315;26;2.75;2.75;2.75;2.75;13;0;0;0;0;14.0;95;37;4.3;24;-;13;48;844;1940;14;4622.0;22.4;22.7;0;0;0;0;0;0;
2026.08.27;20:29:16.6;-0.01;-0.01;820;800;64;86;0;193;315;315;26;3.00;3.00;3.00;3.00;13;0;0;0;0;14.1;95;37;4.3;25;-;13;48;844;1972;16;4955.0;22.4;22.7;0;0;0;0;0;0;
2026.08.27;20:29:17.0;-0.01;-0.01;820;800;64;86;0;193;315;336;26;3.00;3.00;3.00;3.00;17;0;0;0;0;14.1;95;37;4.3;26;-;13;48;844;1972;16;4955.0;23.5;24.7;0;0;0;0;0;0;
2026.08.27;20:29:17.5;-0.04;-0.04;73;336;63;84;0;193;315;336;26;2.80;2.80;2.80;2.80;12;0;0;0;0;14.1;95;37;4.3;26;-;13;48;844;2010;16;3439.0;23.5;24.7;0;0;0;0;0;0;
2026.08.27;20:29:17.9;0.03;0.03;112;126;64;86;0;193;231;294;26;1.99;1.99;1.99;1.99;12;0;0;0;0;14.1;95;37;4.3;26;-;13;48;844;2010;11;3439.0;16.4;21.9;0;0;0;0;0;0;
2026.08.27;20:29:18.4;0.03;0.03;112;126;64;86;0;193;210;210;26;1.99;1.99;1.99;1.99;36;0;0;0;0;14.1;95;37;4.3;26;-;13;48;844;2030;11;4882.0;14.7;15.2;0;0;0;0;0;0;
2026.08.27;20:29:18.8;-0.02;-0.02;737;732;64;85;0;193;210;210;26;1.73;1.73;1.73;1.73;36;0;0;0;0;14.1;95;37;4.2;26;-;13;48;844;2045;9;5000.0;14.7;15.2;0;0;0;0;0;0;
2026.08.27;20:29:19.3;-0.02;-0.02;737;732;64;85;0;193;210;210;26;1.73;1.73;1.73;1.73;40;0;0;0;0;14.1;95;37;4.2;27;-;13;48;844;2045;9;5000.0;14.7;15.4;0;0;0;0;0;0;
2026.08.27;20:29:19.7;0.03;0.03;102;73;64;84;0;193;210;210;26;1.78;1.78;1.78;1.78;41;0;0;0;0;14.1;95;37;4.2;27;-;13;48;844;2055;9;3336.0;14.7;15.3;0;0;0;0;0;0;
2026.08.27;20:29:20.2;-0.02;-0.02;92;664;65;86;0;193;210;210;26;1.73;1.73;1.73;1.73;41;0;0;0;0;14.1;95;37;4.2;26;-;13;48;844;2055;9;3586.0;14.7;15.3;0;0;0;0;0;0;
2026.08.27;20:29:20.6;0.01;0.01;742;634;65;84;0;193;210;210;26;1.78;1.78;1.78;1.78;41;0;0;0;0;14.1;95;37;4.2;26;-;13;48;844;2055;9;3586.0;14.6;15.7;0;0;0;0;0;0;
2026.08.27;20:29:21.1;0.01;0.01;742;634;65;84;0;195;189;210;26;1.78;1.78;1.78;1.78;34;0;0;0;0;14.0;94;37;4.2;26;-;13;48;844;2074;9;5000.0;14.2;15.1;0;0;0;0;0;0;
2026.08.27;20:29:21.5;0.01;0.01;73;107;65;85;0;195;189;210;26;1.69;1.69;1.69;1.69;34;0;0;0;0;14.0;94;37;4.2;27;-;11;48;844;2085;6;5000.0;14.2;15.1;0;0;0;0;0;0;
2026.08.27;20:29:22.0;0.01;0.01;73;107;65;85;0;195;189;210;26;1.69;1.69;1.69;1.69;9;0;0;0;0;14.0;94;37;4.2;27;-;11;48;844;2085;4;5000.0;14.7;14.7;0;0;0;0;0;0;
2026.08.27;20:29:22.4;0.07;0.07;97;63;64;84;0;195;189;210;26;1.77;1.77;1.77;1.77;-16;0;0;0;0;14.0;94;37;4.2;27;-;11;48;844;2041;4;2613.0;14.2;15.2;0;0;0;0;0;0;
2026.08.27;20:29:22.9;0.00;0.00;4;4;64;85;0;195;189;210;26;0.00;0.00;0.00;0.00;-16;0;0;0;0;14.1;94;37;4.2;26;-;11;48;844;1969;2;2822.0;14.2;15.2;0;0;0;0;0;0;
2026.08.27;20:29:23.3;0.00;0.00;4;4;64;85;0;195;189;210;26;0.00;0.00;0.00;0.00;4;0;0;0;0;14.1;94;37;4.2;25;-;11;48;844;1969;4;2822.0;13.6;14.8;0;0;0;0;0;0;
2026.08.27;20:29:23.8;0.00;0.00;0;0;68;85;0;195;189;210;26;0.00;0.00;0.00;0.00;4;0;0;0;0;14.1;94;37;4.2;25;-;11;48;844;1924;4;3094.0;13.6;14.8;0;0;0;0;0;0;
2026.08.27;20:29:24.2;0.00;0.00;14;0;70;84;0;195;189;210;26;2.26;2.26;2.26;2.26;4;0;0;0;0;14.1;94;37;4.2;24;-;11;48;844;1924;5;3094.0;13.1;14.3;0;0;0;0;0;0;
2026.08.27;20:29:24.7;0.00;0.00;14;0;70;84;0;195;189;210;26;2.26;2.26;2.26;2.26;11;0;0;0;0;14.1;94;37;4.2;24;-;11;48;844;1878;5;2732.0;13.2;13.7;0;0;0;0;0;0;
2026.08.27;20:29:25.1;-0.02;-0.02;48;786;70;84;0;195;189;210;26;1.66;1.66;1.66;1.66;10;0;0;0;0;14.1;94;37;4.2;25;-;11;48;844;1896;5;2489.0;13.2;13.7;0;0;0;0;0;0;
2026.08.27;20:29:25.6;0.05;0.05;48;34;69;84;0;195;189;210;26;1.80;1.80;1.80;1.80;10;0;0;0;0;14.1;94;37;4.2;24;-;11;48;844;1896;0;2489.0;13.1;13.6;0;0;0;0;0;0;
2026.08.27;20:29:26.0;0.05;0.05;48;34;69;84;0;195;189;210;26;1.80;1.80;1.80;1.80;-12;0;0;0;0;14.1;94;37;4.2;24;-;11;48;844;1866;0;2422.0;12.7;14.3;0;0;0;0;0;0;
2026.08.27;20:29:26.5;0.00;0.00;9;9;71;87;0;195;189;210;26;0.00;0.00;0.00;0.00;-11;0;0;0;0;14.1;94;37;4.2;23;-;12;48;844;1648;0;2571.0;12.7;14.3;0;0;0;0;1;0;
2026.08.27;20:29:26.9;0.00;0.00;48;24;69;84;0;195;189;210;26;1.79;1.79;1.79;1.79;-11;0;0;0;0;14.1;94;37;4.2;21;-;12;48;844;1648;0;2571.0;11.2;12.2;0;0;0;0;0;0;
2026.08.27;20:29:27.4;0.00;0.00;48;24;69;84;0;195;252;231;26;1.79;1.79;1.79;1.79;27;0;0;0;0;14.1;94;37;4.2;21;-;12;48;844;1634;0;3192.0;14.8;14.2;0;0;0;0;0;0;
2026.08.27;20:29:27.8;0.04;0.04;53;48;70;85;0;224;252;231;26;2.62;2.62;2.62;2.62;27;0;0;0;0;14.1;93;37;4.2;21;-;12;48;844;1629;12;2454.0;14.8;14.2;0;0;0;0;0;0;
2026.08.27;20:29:28.3;0.04;0.04;53;48;70;85;0;224;336;315;26;2.62;2.62;2.62;2.62;8;0;0;0;0;14.1;93;37;4.2;21;-;12;48;844;1629;15;2454.0;21.6;20.8;0;0;0;0;0;0;
2026.08.27;20:29:28.8;0.02;0.02;830;781;69;85;0;224;336;315;26;3.53;3.53;3.53;3.53;12;0;0;0;0;14.1;93;37;4.2;21;-;12;48;844;1720;15;5000.0;21.6;20.8;0;0;0;0;0;0;
2026.08.27;20:29:29.2;-0.04;-0.04;810;815;70;85;0;224;399;399;26;3.61;3.61;3.61;3.61;12;0;0;0;0;14.2;93;37;4.2;23;-;12;48;844;1825;17;4156.0;26.2;26.9;0;0;0;0;0;0;
2026.08.27;20:29:29.7;-0.04;-0.04;810;815;70;85;0;224;357;378;26;3.61;3.61;3.61;3.61;24;0;0;0;0;14.2;93;37;4.2;24;-;12;48;844;1825;17;4156.0;25.7;26.8;0;0;0;0;0;0;
2026.08.27;20:29:30.1;-0.02;-0.02;78;73;70;85;0;224;357;378;26;3.32;3.32;3.32;3.32;25;0;0;0;0;14.2;93;37;4.2;24;-;12;48;844;1917;17;4608.0;25.7;26.8;0;0;0;0;0;0;
2026.08.27;20:29:30.6;-0.03;-0.03;493;698;70;85;0;224;378;378;26;3.27;3.27;3.27;3.27;25;0;0;0;0;14.2;93;37;4.2;25;-;12;48;844;1917;18;4608.0;26.9;26.9;0;0;0;0;0;0;
2026.08.27;20:29:31.0;-0.03;-0.03;493;698;70;85;0;224;357;378;26;3.27;3.27;3.27;3.27;25;0;0;0;0;14.2;93;37;4.2;26;-;12;48;844;1999;18;5000.0;28.2;28.8;0;0;0;0;0;0;
2026.08.27;20:29:31.5;-0.02;-0.02;683;659;70;84;0;224;357;378;26;3.28;3.28;3.28;3.28;25;0;0;0;0;14.1;93;30;4.1;26;-;13;48;844;2085;18;3980.0;28.2;28.8;0;0;0;0;0;0;
2026.08.27;20:29:31.9;0.01;0.01;742;585;70;84;6;224;357;357;26;3.09;3.09;3.09;3.09;25;0;0;0;0;14.1;93;30;4.1;27;-;13;48;844;2119;16;5000.0;27.9;28.8;0;0;0;0;0;0;
2026.08.27;20:29:32.4;0.01;0.01;742;585;70;84;6;224;252;294;26;3.09;3.09;3.09;3.09;28;0;0;0;0;14.1;93;30;4.1;28;-;13;48;844;2119;13;5000.0;19.5;23.6;0;0;0;0;0;0;
2026.08.27;20:29:32.8;0.05;0.05;68;58;71;85;9;224;252;294;26;2.44;2.44;2.44;2.44;33;0;0;0;0;14.1;93;30;4.1;28;-;13;48;844;2182;13;3613.0;19.5;23.6;0;0;0;0;0;0;
2026.08.27;20:29:33.3;0.03;0.03;786;722;70;84;10;224;252;252;26;2.36;2.36;2.36;2.36;33;0;0;0;0;14.1;93;30;4.1;28;-;13;48;844;2182;13;3613.0;20.1;21.0;0;0;0;0;0;0;
2026.08.27;20:29:33.7;0.03;0.03;786;722;70;84;10;224;231;252;26;2.36;2.36;2.36;2.36;35;0;0;0;0;14.1;93;30;4.1;29;-;13;48;844;2223;13;3565.0;19.1;20.3;0;0;0;0;0;0;
2026.08.27;20:29:34.2;0.03;0.03;97;83;70;85;12;224;231;252;26;2.18;2.18;2.18;2.18;39;0;0;0;0;14.1;93;30;4.1;29;-;13;48;844;2240;13;5000.0;19.1;20.3;0;0;0;0;0;0;
2026.08.27;20:29:34.6;0.03;0.03;97;83;70;85;12;224;210;231;26;2.18;2.18;2.18;2.18;39;0;0;0;0;14.1;93;30;4.1;29;-;13;48;844;2240;13;5000.0;17.6;18.8;0;0;0;0;0;0;
2026.08.27;20:29:35.1;0.03;0.03;107;78;70;84;14;217;210;231;26;2.02;2.02;2.02;2.02;41;0;0;0;0;14.1;93;30;4.1;29;-;13;48;844;2284;13;3205.0;17.6;18.8;0;0;0;0;0;0;
2026.08.27;20:29:35.5;0.04;0.04;664;141;70;84;16;217;210;231;26;2.01;2.01;2.01;2.01;41;0;0;0;0;14.1;93;30;4.1;29;-;13;48;844;2253;13;2783.0;17.9;19.1;0;0;0;0;0;0;
2026.08.27;20:29:36.0;0.04;0.04;664;141;70;84;16;217;210;231;26;2.01;2.01;2.01;2.01;41;0;0;0;0;14.1;93;30;4.1;29;-;14;48;844;2253;13;2783.0;18.0;19.2;0;0;0;0;0;0;
2026.08.27;20:29:36.4;0.02;0.02;766;107;70;84;17;217;210;231;26;2.00;2.00;2.00;2.00;41;0;0;0;0;14.1;93;30;4.1;29;-;14;48;844;2271;13;5000.0;18.0;19.2;0;0;0;0;0;0;
2026.08.27;20:29:36.9;-0.02;-0.02;698;737;70;84;18;217;210;231;26;1.90;1.90;1.90;1.90;41;0;0;0;0;14.1;93;30;4.1;30;-;14;48;844;2339;13;3738.0;17.6;18.8;0;0;0;0;0;0;
2026.08.27;20:29:37.3;-0.02;-0.02;698;737;70;84;18;217;210;231;26;1.90;1.90;1.90;1.90;41;0;0;0;0;14.1;93;30;4.1;30;-;14;48;844;2339;13;3738.0;17.9;19.1;0;0;0;0;0;0;
2026.08.27;20:29:37.8;-0.02;-0.02;703;683;69;84;20;217;210;231;26;1.92;1.92;1.92;1.92;41;0;0;0;0;14.1;93;30;4.1;30;-;14;48;844;2320;13;3476.0;17.9;19.1;0;0;0;0;0;0;
2026.08.27;20:29:38.2;-0.02;-0.02;766;703;70;85;21;217;210;231;26;1.87;1.87;1.87;1.87;41;0;0;0;0;14.1;93;30;4.1;30;-;14;48;844;2320;13;3476.0;17.4;19.5;0;0;0;0;0;0;
2026.08.27;20:29:38.7;-0.02;-0.02;766;703;70;85;21;217;210;210;26;1.87;1.87;1.87;1.87;42;0;0;0;0;14.1;93;30;4.1;30;-;14;48;844;2325;13;5000.0;16.8;18.7;0;0;0;0;0;0;
2026.08.27;20:29:39.1;0.01;0.01;102;68;68;85;21;217;210;210;26;1.87;1.87;1.87;1.87;42;0;0;0;0;14.1;93;30;4.1;30;-;14;48;844;2306;11;3451.0;16.8;18.7;0;0;0;0;0;0;
2026.08.27;20:29:39.6;0.02;0.02;92;83;67;84;23;217;210;210;26;1.87;1.87;1.87;1.87;24;0;0;0;0;14.1;93;30;4.1;30;-;14;48;844;2306;9;3451.0;16.9;18.2;0;0;0;0;0;0;
2026.08.27;20:29:40.0;0.02;0.02;92;83;67;84;23;217;210;210;26;1.87;1.87;1.87;1.87;19;0;0;0;0;14.1;93;30;4.1;30;-;14;48;844;2334;9;3950.0;16.8;17.9;0;0;0;0;0;0;
2026.08.27;20:29:40.5;0.02;0.02;83;546;65;85;24;217;210;210;26;1.83;1.83;1.83;1.83;19;0;0;0;0;14.1;93;30;4.1;30;-;14;48;844;2297;7;4579.0;16.8;17.9;0;0;0;0;0;0;
2026.08.27;20:29:40.9;0.02;0.02;83;546;65;85;24;217;210;210;26;1.83;1.83;1.83;1.83;10;0;0;0;0;14.1;93;30;4.1;29;-;12;48;844;2297;6;4579.0;16.7;17.4;0;0;0;0;0;0;
2026.08.27;20:29:41.4;0.03;0.03;102;161;62;84;25;217;210;210;26;1.84;1.84;1.84;1.84;7;0;0;0;0;14.1;93;30;4.1;29;-;12;48;844;2257;6;5000.0;16.7;17.4;0;0;0;0;0;0;
2026.08.27;20:29:41.8;0.00;0.00;39;732;60;84;0;224;210;210;26;0.00;0.00;0.00;0.00;7;0;0;0;0;14.1;93;30;4.1;29;-;12;48;844;2202;0;5000.0;16.2;16.9;0;0;0;0;0;0;
2026.08.27;20:29:42.3;0.00;0.00;39;732;60;84;0;224;210;210;26;0.00;0.00;0.00;0.00;2;0;0;0;0;14.1;93;30;4.1;27;-;12;48;844;2202;0;5000.0;15.5;17.1;0;0;0;0;1;0;
2026.08.27;20:29:42.7;0.00;0.00;0;0;61;84;0;224;210;210;26;0.00;0.00;0.00;0.00;3;0;0;0;0;14.1;93;30;4.1;27;-;12;48;844;2010;0;5000.0;15.5;17.1;0;0;0;0;1;0;
2026.08.27;20:29:43.2;0.00;0.00;0;0;65;84;0;224;189;210;26;0.00;0.00;0.00;0.00;3;0;0;0;0;14.1;93;30;4.1;25;-;12;48;844;1899;0;4760.0;13.8;15.4;0;0;0;0;0;0;
2026.08.27;20:29:43.6;0.00;0.00;0;0;65;84;0;224;189;210;26;0.00;0.00;0.00;0.00;3;0;0;0;0;14.1;93;30;4.1;24;-;12;48;844;1899;0;4760.0;13.1;14.7;0;0;0;0;0;0;
2026.08.27;20:29:44.1;0.00;0.00;0;0;71;85;0;224;189;210;26;0.00;0.00;0.00;0.00;2;0;0;0;0;14.1;93;30;4.1;24;-;12;48;844;1842;0;4530.0;13.1;14.7;0;0;0;0;0;0;
2026.08.27;20:29:44.5;0.00;0.00;766;29;72;84;0;224;210;210;26;2.66;2.66;2.66;2.66;2;0;0;0;0;14.1;93;30;4.1;24;-;12;48;844;1842;8;4530.0;14.1;14.6;0;0;0;0;0;0;
2026.08.27;20:29:45.0;0.00;0.00;766;29;72;84;0;224;273;273;26;2.66;2.66;2.66;2.66;20;0;0;0;0;14.1;93;30;4.1;24;-;12;48;844;1814;8;4864.0;17.8;17.7;0;0;0;0;0;0;
2026.08.27;20:29:45.4;0.00;0.00;48;58;73;85;4;224;273;273;26;2.37;2.37;2.37;2.37;20;0;0;0;0;14.1;93;30;4.1;23;-;12;48;844;1814;11;4172.0;17.8;17.7;0;0;0;0;0;0;
2026.08.27;20:29:45.9;0.03;0.03;747;166;72;84;9;224;336;315;26;3.21;3.21;3.21;3.21;12;0;0;0;0;14.1;93;30;4.1;23;-;0;48;844;1814;15;4172.0;22.4;21.3;0;0;0;0;0;0;
2026.08.27;20:29:46.3;0.03;0.03;747;166;72;84;9;224;336;357;26;3.21;3.21;3.21;3.21;21;0;0;0;0;14.0;93;30;4.1;23;-;0;48;844;1825;15;3774.0;22.5;24.1;0;0;0;0;0;0;
2026.08.27;20:29:46.8;-0.03;-0.03;761;786;73;85;11;224;336;357;26;3.14;3.14;3.14;3.14;21;0;0;0;0;14.0;93;30;4.1;24;-;0;48;844;1863;16;4177.0;22.5;24.1;0;0;0;0;0;0;
2026.08.27;20:29:47.2;-0.03;-0.03;761;786;73;85;11;224;399;378;26;3.14;3.14;3.14;3.14;21;0;0;0;0;14.0;93;30;4.1;24;-;0;48;844;1863;18;4177.0;27.8;27.3;0;0;0;0;0;0;
2026.08.27;20:29:47.7;-0.04;-0.04;786;693;73;85;14;224;399;378;26;3.69;3.69;3.69;3.69;23;0;0;0;0;14.0;93;30;4.1;24;-;0;48;844;1896;18;5000.0;27.8;27.3;0;0;0;0;0;0;
2026.08.27;20:29:48.1;-0.04;-0.04;732;502;73;84;17;224;399;420;26;3.50;3.50;3.50;3.50;23;0;0;0;0;14.0;93;30;4.1;25;-;0;48;844;1943;17;4539.0;29.0;29.9;0;0;0;0;0;0;
2026.08.27;20:29:48.6;-0.04;-0.04;732;502;73;84;17;224;315;357;26;3.50;3.50;3.50;3.50;17;0;0;0;0;14.0;93;30;4.1;25;-;0;48;844;1943;10;4539.0;21.8;25.4;0;0;0;0;0;0;
2026.08.27;20:29:49.0;-0.01;-0.01;68;58;73;84;13;212;315;357;26;2.24;2.24;2.24;2.24;39;0;0;0;0;14.0;93;30;4.1;25;-;0;48;844;1959;10;3933.0;21.8;25.4;0;0;0;0;0;0;
2026.08.27;20:29:49.5;0.05;0.05;112;78;73;84;14;212;210;231;26;1.98;1.98;1.98;1.98;39;0;0;0;0;14.0;93;30;4.1;25;-;0;48;844;1959;9;3933.0;14.3;15.7;0;0;0;0;0;0;
2026.08.27;20:29:49.9;0.05;0.05;112;78;73;84;14;212;273;252;26;1.98;1.98;1.98;1.98;38;0;0;0;0;14.0;93;30;4.1;25;-;0;48;844;1927;9;4021.0;19.2;18.6;0;0;0;0;0;0;
2026.08.27;20:29:50.4;-0.01;-0.01;107;659;73;84;18;212;273;252;26;2.50;2.50;2.50;2.50;38;0;0;0;0;14.0;93;30;4.1;25;-;0;48;844;1917;13;4338.0;19.2;18.6;0;0;0;0;0;0;
2026.08.27;20:29:50.8;-0.02;-0.02;761;737;72;84;20;212;294;294;26;2.64;2.64;2.64;2.64;27;0;0;0;0;14.0;93;30;4.1;25;-;7;48;844;1917;13;4338.0;19.8;20.4;0;0;0;0;0;0;
2026.08.27;20:29:51.3;-0.02;-0.02;761;737;72;84;20;212;294;294;26;2.64;2.64;2.64;2.64;27;0;0;0;0;14.0;93;30;4.1;25;-;7;48;844;1930;13;3610.0;19.9;21.2;0;0;0;0;0;0;
2026.08.27;20:29:51.7;-0.00;-0.00;78;63;72;83;21;212;294;294;26;2.60;2.60;2.60;2.60;27;0;0;0;0;14.0;93;30;4.1;24;-;7;48;844;1884;13;3346.0;19.9;21.2;0;0;0;0;0;0;
2026.08.27;20:29:52.2;-0.00;-0.00;78;63;72;83;21;212;315;315;26;2.60;2.60;2.60;2.60;27;0;0;0;0;14.0;93;30;4.1;25;-;7;48;844;1884;15;3346.0;22.1;22.7;0;0;0;0;0;0;
2026.08.27;20:29:52.6;-0.05;-0.05;561;659;73;83;24;212;252;294;26;2.77;2.77;2.77;2.77;16;0;0;0;0;14.1;93;30;4.1;25;-;7;48;844;1921;15;5000.0;16.8;20.9;0;0;0;0;0;0;
2026.08.27;20:29:53.1;0.00;0.00;107;117;0;0;21;212;252;294;26;2.24;2.24;2.24;2.24;16;0;0;0;0;14.1;93;30;4.1;25;-;7;48;844;1878;12;4352.0;16.8;20.9;0;0;0;0;0;0;
2026.08.27;20:29:53.5;-0.03;-0.03;742;722;73;84;19;212;189;231;26;1.70;1.70;1.70;1.70;19;0;0;0;0;14.1;93;30;4.1;24;-;7;48;844;1878;0;4352.0;12.5;14.1;0;0;0;0;0;0;
2026.08.27;20:29:54.0;-0.03;-0.03;742;722;73;84;19;212;189;210;26;1.70;1.70;1.70;1.70;3;0;0;0;0;14.1;93;30;4.1;24;-;7;48;844;1756;0;3277.0;11.9;13.0;0;0;0;0;0;0;
2026.08.27;20:29:54.4;0.01;0.01;34;34;72;84;18;212;189;210;26;1.81;1.81;1.81;1.81;3;0;0;0;0;14.0;93;30;4.1;22;-;7;48;844;1605;0;3069.0;11.9;13.0;0;0;0;0;1;0;
2026.08.27;20:29:54.9;0.00;0.00;4;4;72;84;0;212;189;210;26;2.30;2.30;2.30;2.30;-3;0;0;0;0;14.0;93;30;4.1;18;-;7;48;844;1605;0;3069.0;10.2;11.0;0;0;0;0;1;0;
2026.08.27;20:29:55.4;0.00;0.00;4;4;72;84;0;212;189;210;26;2.30;2.30;2.30;2.30;-17;0;0;0;0;14.0;93;30;4.1;18;-;7;48;844;1280;0;2245.0;8.1;8.7;0;0;0;0;1;0;
2026.08.27;20:29:55.8;0.00;0.00;693;29;73;84;0;216;189;210;26;1.79;1.79;1.79;1.79;-17;0;0;0;0;14.0;93;29;4.1;15;-;6;48;844;1166;0;2624.0;8.1;8.7;0;0;0;0;0;0;
2026.08.27;20:29:56.3;0.00;0.00;693;29;73;84;0;216;546;315;26;1.79;1.79;1.79;1.79;7;0;0;0;0;14.0;93;29;4.1;14;-;6;48;844;1166;16;2624.0;23.7;14.9;0;0;0;0;0;0;
2026.08.27;20:29:56.7;-0.02;-0.02;830;825;74;84;5;216;546;315;26;4.88;4.88;4.88;4.88;12;0;0;0;0;13.9;93;29;4.1;14;-;6;48;844;1141;16;1916.0;23.7;14.9;0;0;0;0;0;0;
2026.08.27;20:29:57.2;-0.03;-0.03;53;53;74;84;17;216;714;714;26;9.24;9.24;9.24;9.24;12;0;0;0;0;13.9;93;29;4.1;15;-;6;48;844;1211;27;2793.0;32.7;33.6;24;17;71;0;0;0;
2026.08.27;20:29:57.6;-0.03;-0.03;53;53;74;84;17;216;777;819;26;9.24;9.24;9.24;9.24;4;0;0;0;0;13.9;93;29;4.1;17;-;6;48;844;1211;26;2793.0;44.8;46.6;35;36;47;0;0;0;
2026.08.27;20:29:58.1;0.03;0.03;156;117;73;85;19;216;777;819;26;8.53;8.53;8.53;8.53;13;0;0;0;0;13.9;93;29;4.1;17;-;6;48;844;1415;26;2986.0;44.8;46.6;35;36;47;0;0;0;
2026.08.27;20:29:58.5;0.01;0.01;708;659;73;85;23;216;714;735;26;8.00;8.00;8.00;8.00;13;0;0;0;0;13.9;93;29;4.1;19;-;6;48;844;1415;27;2986.0;45.2;47.4;35;36;50;0;0;0;
2026.08.27;20:29:59.0;0.01;0.01;708;659;73;85;23;216;672;693;26;8.00;8.00;8.00;8.00;13;0;0;0;0;14.0;93;29;4.1;21;-;6;48;844;1562;37;3184.0;48.1;49.1;32;34;46;0;0;0;
2026.08.27;20:29:59.4;0.00;0.00;795;747;72;85;62;216;672;693;26;9.65;9.65;9.65;9.65;11;0;0;0;0;14.0;93;30;4.1;21;-;6;48;844;1693;37;3646.0;48.1;49.1;32;34;46;0;0;0;
2026.08.27;20:29:59.9;-0.01;-0.01;644;678;69;85;99;216;819;819;26;9.68;9.68;9.68;9.68;11;0;0;0;0;14.0;93;30;4.1;23;-;6;48;844;1693;47;3646.0;66.6;66.9;35;36;46;0;0;0;
2026.08.27;20:30:00.3;-0.01;-0.01;644;678;69;85;99;216;819;840;26;9.68;9.68;9.68;9.68;12;0;0;0;0;14.0;93;30;4.1;23;-;6;48;844;1881;47;4165.0;74.3;75.4;35;35;49;0;0;0;
2026.08.27;20:30:00.8;0.02;0.02;97;190;64;86;99;216;819;840;26;10.04;10.04;10.04;10.04;12;0;0;0;0;14.0;93;30;4.1;26;-;8;48;844;2085;47;3237.0;74.3;75.4;35;35;49;0;0;0;
2026.08.27;20:30:01.2;0.02;0.02;97;190;64;86;99;216;546;630;26;10.04;10.04;10.04;10.04;4;0;0;0;0;14.0;93;30;4.1;28;-;8;48;844;2085;24;3237.0;51.3;58.1;23;33;22;0;0;0;
2026.08.27;20:30:01.7;-0.02;-0.02;815;795;57;85;34;216;546;630;26;4.56;4.56;4.56;4.56;20;0;0;0;0;14.0;93;30;4.1;28;-;8;48;844;2182;24;5000.0;51.3;58.1;23;33;22;0;0;0;
2026.08.27;20:30:02.1;-0.06;-0.06;214;712;52;85;37;216;483;504;26;4.28;4.28;4.28;4.28;20;0;0;0;0;14.0;93;30;4.1;28;-;8;47;844;2182;23;5000.0;40.3;42.6;0;0;0;0;0;0;
2026.08.27;20:30:02.6;-0.06;-0.06;214;712;52;85;37;216;483;504;26;4.28;4.28;4.28;4.28;23;0;0;0;0;14.0;93;30;4.1;28;-;8;47;844;2186;23;3137.0;40.5;42.4;0;0;0;0;0;0;
2026.08.27;20:30:03.0;-0.01;-0.01;68;58;52;84;78;218;483;504;26;7.95;7.95;7.95;7.95;23;0;0;0;0;14.1;93;30;4.1;28;-;8;47;845;2236;31;4797.0;40.5;42.4;0;0;0;0;0;0;
2026.08.27;20:30:03.5;-0.01;-0.01;68;58;52;84;78;218;777;798;26;7.95;7.95;7.95;7.95;10;0;0;0;0;14.1;93;30;4.1;30;-;8;47;845;2236;39;4797.0;82.7;85.5;37;37;49;0;0;0;
2026.08.27;20:30:03.9;0.00;0.00;620;527;51;84;99;218;777;798;26;10.39;10.39;10.39;10.39;18;0;0;0;0;14.1;93;30;4.1;30;-;8;47;845;2426;39;4059.0;82.7;85.5;37;37;49;0;0;0;
2026.08.27;20:30:04.4;-0.02;-0.02;756;683;51;84;99;218;798;819;26;9.05;9.05;9.05;9.05;18;0;0;0;0;14.1;93;30;4.1;33;-;8;47;845;2569;40;4185.0;94.5;97.3;37;39;45;0;0;0;
2026.08.27;20:30:04.8;-0.02;-0.02;756;683;51;84;99;218;378;462;26;9.05;9.05;9.05;9.05;7;0;0;0;0;14.1;93;30;4.1;34;-;8;46;845;2569;20;4185.0;36.6;46.0;0;0;0;0;0;0;
2026.08.27;20:30:05.3;-0.05;-0.05;63;136;40;83;35;218;378;462;26;2.40;2.40;2.40;2.40;23;0;0;0;0;14.1;93;30;4.1;34;-;8;46;845;2514;20;3265.0;36.6;46.0;0;0;0;0;0;0;
2026.08.27;20:30:05.7;0.02;0.02;53;39;35;82;24;218;189;210;26;1.68;1.68;1.68;1.68;23;0;0;0;0;14.1;93;30;4.1;33;-;10;46;845;2514;0;3265.0;17.9;19.8;0;0;0;0;0;0;
2026.08.27;20:30:06.2;0.02;0.02;53;39;35;82;24;218;189;210;26;1.68;1.68;1.68;1.68;0;0;0;0;0;14.1;93;30;4.1;31;-;10;46;845;2416;0;2475.0;17.3;18.6;0;0;0;0;0;0;
2026.08.27;20:30:06.6;0.08;0.08;29;58;33;82;25;218;189;210;26;2.00;2.00;2.00;2.00;-15;0;0;0;0;14.1;93;30;4.1;31;-;10;46;845;2357;0;5000.0;17.3;18.6;0;0;0;0;0;0;
2026.08.27;20:30:07.1;0.00;0.00;0;0;35;82;0;218;189;210;26;0.00;0.00;0.00;0.00;-15;0;0;0;0;14.0;93;30;4.1;29;-;10;46;845;2202;0;3923.0;16.6;18.4;0;0;0;0;0;0;
2026.08.27;20:30:07.5;0.00;0.00;0;0;35;82;0;218;189;210;26;0.00;0.00;0.00;0.00;-15;0;0;0;0;14.0;93;30;4.1;28;-;10;46;845;2202;0;3923.0;15.6;17.0;0;0;0;0;0;0;
2026.08.27;20:30:08.0;0.00;0.00;0;0;43;82;0;218;189;210;26;0.00;0.00;0.00;0.00;-13;0;0;0;0;14.0;93;30;4.1;28;-;10;46;845;2070;0;5000.0;15.6;17.0;0;0;0;0;0;0;
2026.08.27;20:30:08.4;0.00;0.00;0;0;49;81;0;218;189;210;26;0.00;0.00;0.00;0.00;-13;0;0;0;0;14.0;93;30;4.1;26;-;10;46;845;2070;1;5000.0;14.0;15.4;0;0;0;0;0;0;
2026.08.27;20:30:08.9;0.00;0.00;0;0;49;81;0;218;189;210;26;0.00;0.00;0.00;0.00;4;0;0;0;0;14.0;93;30;4.1;26;-;10;46;845;1949;1;3094.0;13.2;14.5;0;0;0;0;0;0;
2026.08.27;20:30:09.3;0.00;0.00;0;0;54;80;0;218;189;210;26;0.00;0.00;0.00;0.00;4;0;0;0;0;14.1;93;30;4.1;24;-;10;46;845;1836;4;5000.0;13.2;14.5;0;0;0;0;0;0;
2026.08.27;20:30:09.8;0.00;0.00;0;0;60;81;0;218;189;210;26;0.00;0.00;0.00;0.00;4;0;0;0;0;14.1;93;30;4.1;23;-;10;46;845;1836;4;5000.0;12.5;14.1;0;0;0;0;0;0;
2026.08.27;20:30:10.2;0.00;0.00;0;0;60;81;0;203;189;210;26;0.00;0.00;0.00;0.00;5;0;0;0;0;14.1;93;30;4.1;23;-;10;47;845;1743;4;4511.0;11.9;12.9;0;0;0;0;0;0;
2026.08.27;20:30:10.7;0.00;0.00;34;0;64;80;0;203;189;210;26;2.39;2.39;2.39;2.39;34;0;0;0;0;14.1;93;30;4.1;22;-;13;47;845;1659;5;3037.0;11.9;12.9;0;0;0;0;0;0;
2026.08.27;20:30:11.1;-0.02;-0.02;791;820;65;80;3;203;252;231;26;2.12;2.12;2.12;2.12;34;0;0;0;0;14.1;93;30;4.1;21;-;13;47;845;1659;9;3037.0;14.8;14.0;0;0;0;0;0;0;
2026.08.27;20:30:11.6;-0.02;-0.02;791;820;65;80;3;203;273;273;26;2.12;2.12;2.12;2.12;27;0;0;0;0;14.0;93;30;4.1;21;-;13;47;845;1674;11;3335.0;16.2;16.0;0;0;0;0;0;0;
2026.08.27;20:30:12.0;0.03;0.03;48;43;66;80;6;203;273;273;26;2.50;2.50;2.50;2.50;22;0;0;0;0;14.0;93;30;4.1;21;-;13;47;845;1627;11;3343.0;16.2;16.0;0;0;0;0;0;0;
2026.08.27;20:30:12.5;0.07;0.07;107;78;68;80;9;203;294;294;26;2.89;2.89;2.89;2.89;22;0;0;0;0;14.0;93;30;4.1;21;-;13;47;845;1627;12;3343.0;17.3;17.3;0;0;0;0;0;0;
2026.08.27;20:30:12.9;0.07;0.07;107;78;68;80;9;203;357;336;26;2.89;2.89;2.89;2.89;20;0;0;0;0;14.0;93;30;4.1;21;-;13;47;845;1596;18;2653.0;22.1;19.9;0;0;0;0;0;0;
2026.08.27;20:30:13.4;0.02;0.02;805;771;69;80;13;203;357;336;26;4.06;4.06;4.06;4.06;21;0;0;0;0;14.0;93;30;4.1;21;-;13;47;845;1625;18;2607.0;22.1;19.9;0;0;0;0;0;0;
2026.08.27;20:30:13.8;-0.03;-0.03;756;771;70;80;17;203;483;483;26;4.59;4.59;4.59;4.59;21;0;0;0;0;14.0;93;30;4.1;21;-;13;47;845;1625;19;2607.0;30.5;31.3;0;0;0;0;0;0;
2026.08.27;20:30:14.3;-0.03;-0.03;756;771;70;80;17;203;483;504;26;4.59;4.59;4.59;4.59;21;0;0;0;0;14.0;93;30;4.1;21;-;13;47;845;1695;19;3316.0;31.4;32.7;0;0;0;0;0;0;
2026.08.27;20:30:14.7;0.01;0.01;605;136;70;80;20;203;483;504;26;4.82;4.82;4.82;4.82;21;0;0;0;0;14.0;93;30;4.1;22;-;13;47;845;1767;21;2332.0;31.4;32.7;0;0;0;0;0;0;
2026.08.27;20:30:15.2;0.02;0.02;87;87;70;80;26;203;567;546;26;5.61;5.61;5.61;5.61;21;0;0;0;0;14.0;93;30;4.1;23;-;13;47;845;1767;23;2332.0;38.5;38.2;0;0;0;0;0;0;
2026.08.27;20:30:15.6;0.02;0.02;87;87;70;80;26;203;525;567;26;5.61;5.61;5.61;5.61;21;0;0;0;0;14.0;93;30;4.1;23;-;13;47;845;1851;23;4625.0;38.6;40.8;0;0;0;0;0;0;
2026.08.27;20:30:16.1;-0.04;-0.04;717;712;70;80;23;203;525;567;26;4.05;4.05;4.05;4.05;21;0;0;0;0;14.0;93;30;4.1;25;-;13;47;845;1949;19;4426.0;38.6;40.8;0;0;0;0;0;0;
2026.08.27;20:30:16.5;-0.04;-0.04;717;712;70;80;23;203;315;357;26;4.05;4.05;4.05;4.05;17;0;0;0;0;14.0;93;30;4.1;25;-;13;47;845;1949;14;4426.0;22.0;25.5;0;0;0;0;0;0;
2026.08.27;20:30:17.0;-0.03;-0.03;53;48;71;81;19;199;315;357;26;2.63;2.63;2.63;2.63;27;0;0;0;0;14.0;93;30;4.1;25;-;13;47;845;1972;14;5000.0;22.0;25.5;0;0;0;0;0;0;
2026.08.27;20:30:17.4;0.03;0.03;78;63;71;81;20;199;273;294;26;2.61;2.61;2.61;2.61;27;0;0;0;0;14.0;93;30;4.1;25;-;13;47;845;1972;14;5000.0;19.9;21.8;0;0;0;0;0;0;
2026.08.27;20:30:17.9;0.03;0.03;78;63;71;81;20;199;273;294;26;2.61;2.61;2.61;2.61;28;0;0;0;0;14.0;93;30;4.1;25;-;13;47;845;1969;14;2794.0;20.0;20.7;0;0;0;0;0;0;
2026.08.27;20:30:18.3;-0.00;-0.00;283;629;72;82;21;199;273;294;26;2.56;2.56;2.56;2.56;27;0;0;0;0;14.0;93;30;4.1;25;-;13;47;845;1962;14;3914.0;20.0;20.7;0;0;0;0;0;0;
2026.08.27;20:30:18.8;-0.00;-0.00;615;688;72;81;23;199;294;294;26;2.62;2.62;2.62;2.62;27;0;0;0;0;14.0;93;30;4.1;25;-;13;47;845;1962;13;3914.0;20.7;21.9;0;0;0;0;0;0;
2026.08.27;20:30:19.2;-0.00;-0.00;615;688;72;81;23;199;252;273;26;2.62;2.62;2.62;2.62;30;0;0;0;0;14.0;93;30;4.1;25;-;13;47;845;1982;13;2578.0;17.5;19.4;0;0;0;0;0;0;
2026.08.27;20:30:19.7;0.02;0.02;771;424;71;81;20;199;252;273;26;2.08;2.08;2.08;2.08;30;0;0;0;0;14.0;93;30;4.1;26;-;13;47;845;1989;11;5000.0;17.5;19.4;0;0;0;0;0;0;
2026.08.27;20:30:20.1;0.01;0.01;78;600;71;80;21;199;210;231;26;1.92;1.92;1.92;1.92;39;0;0;0;0;14.0;93;30;4.1;25;-;12;47;845;1989;9;5000.0;15.1;16.1;0;0;0;0;0;0;
2026.08.27;20:30:20.6;0.01;0.01;78;600;71;80;21;199;210;210;26;1.92;1.92;1.92;1.92;41;0;0;0;0;14.0;93;30;4.1;25;-;12;47;845;1969;9;3235.0;13.8;15.2;0;0;0;0;0;0;
2026.08.27;20:30:21.0;-0.01;-0.01;742;708;72;80;21;199;210;210;26;1.74;1.74;1.74;1.74;41;0;0;0;0;14.0;93;30;4.1;25;-;12;47;845;1953;8;2874.0;13.8;15.2;0;0;0;0;0;0;
2026.08.27;20:30:21.5;-0.01;-0.01;742;708;72;80;21;199;189;210;26;1.74;1.74;1.74;1.74;41;0;0;0;0;14.0;93;30;4.1;25;-;12;47;845;1953;6;2874.0;13.1;14.4;0;0;0;0;0;0;
2026.08.27;20:30:21.9;-0.02;-0.02;73;200;71;80;21;199;189;210;26;1.65;1.65;1.65;1.65;16;0;0;0;0;14.1;93;30;4.1;25;-;12;47;845;1908;6;3885.0;12.9;13.7;0;0;0;0;0;0;
2026.08.27;20:30:22.4;-0.01;-0.01;693;288;71;80;22;199;189;210;26;1.66;1.66;1.66;1.66;16;0;0;0;0;14.1;93;30;4.1;24;-;12;47;845;1845;2;2928.0;12.9;13.7;0;0;0;0;0;0;
2026.08.27;20:30:22.9;-0.01;-0.01;693;288;71;80;22;199;189;210;26;1.66;1.66;1.66;1.66;-15;0;0;0;0;14.1;93;30;4.1;23;-;12;47;845;1845;0;2928.0;12.5;13.7;0;0;0;0;0;0;
2026.08.27;20:30:23.3;0.00;0.00;4;9;0;0;0;199;189;210;26;0.00;0.00;0.00;0.00;4;0;0;0;0;14.1;93;30;4.1;23;-;12;47;845;1741;0;2649.0;12.5;13.7;0;0;0;0;0;0;
2026.08.27;20:30:23.8;0.00;0.00;0;0;73;80;0;215;189;210;26;0.00;0.00;0.00;0.00;4;0;0;0;0;14.0;93;30;4.1;22;-;12;47;845;1623;0;4727.0;11.9;13.1;0;0;0;0;1;0;
2026.08.27;20:30:24.2;0.00;0.00;0;0;73;80;0;215;189;210;26;0.00;0.00;0.00;0.00;4;0;0;0;0;14.0;93;30;4.1;20;-;12;47;845;1623;0;4727.0;10.8;11.6;0;0;0;0;1;0;
2026.08.27;20:30:24.7;0.00;0.00;0;0;75;81;0;215;189;210;26;0.00;0.00;0.00;0.00;4;0;0;0;0;14.0;93;30;4.1;20;-;12;47;845;1461;0;2341.0;10.8;11.6;0;0;0;0;1;0;
2026.08.27;20:30:25.1;0.00;0.00;0;0;77;80;0;215;189;210;26;2.45;2.45;2.45;2.45;4;0;0;0;0;14.0;93;30;4.1;17;-;13;47;845;1461;0;2341.0;9.3;9.8;0;0;0;0;1;0;
2026.08.27;20:30:25.6;0.00;0.00;0;0;77;80;0;215;189;210;26;2.45;2.45;2.45;2.45;5;0;0;0;0;14.0;93;30;4.1;17;-;13;48;845;1219;0;2014.0;6.8;7.1;0;0;0;0;1;0;
2026.08.27;20:30:26.0;0.00;0.00;776;24;77;80;0;215;189;210;26;2.09;2.09;2.09;2.09;5;0;0;0;0;13.9;93;30;4.1;11;-;13;48;845;855;0;2526.0;6.8;7.1;0;0;0;0;1;1;
2026.08.27;20:30:26.5;0.00;0.00;776;24;77;80;0;215;399;294;26;2.09;2.09;2.09;2.09;25;0;0;0;0;13.9;93;30;4.1;4;-;13;48;845;855;0;2526.0;10.8;7.9;0;0;0;0;1;1;
2026.08.27;20:30:26.9;-0.00;-0.00;854;849;79;81;3;215;336;336;26;2.94;2.94;2.94;2.94;-6;0;0;0;0;13.9;93;30;4.1;4;-;13;48;845;780;0;1687.0;8.8;9.1;0;0;0;0;1;1;
2026.08.27;20:30:27.4;-0.01;-0.01;830;844;79;81;5;215;336;336;26;2.73;2.73;2.73;2.73;-6;0;0;0;0;13.9;93;30;4.1;2;-;13;48;845;759;0;1938.0;8.8;9.1;0;0;0;0;0;1;
2026.08.27;20:30:27.8;-0.01;-0.01;830;844;79;81;5;215;840;630;26;2.73;2.73;2.73;2.73;13;0;0;0;0;13.9;93;30;4.1;2;-;13;48;845;759;9;1938.0;23.7;21.3;0;0;0;0;0;1;
2026.08.27;20:30:28.3;-0.03;-0.03;678;766;78;79;10;215;840;630;26;4.80;4.80;4.80;4.80;27;0;0;0;0;14.0;93;30;4.1;2;-;13;48;845;2100;9;3027.0;23.7;21.3;0;0;0;0;0;1;
2026.08.27;20:30:28.7;-0.02;-0.02;39;34;78;80;12;215;273;273;26;2.71;2.71;2.71;2.71;27;0;0;0;0;14.0;93;30;4.1;2;-;13;48;845;1581;15;3689.0;18.6;19.1;0;0;0;0;0;1;
2026.08.27;20:30:29.2;-0.02;-0.02;39;34;78;80;12;215;273;357;26;2.71;2.71;2.71;2.71;22;0;0;0;0;14.0;93;30;4.1;3;-;13;48;845;1581;7;3689.0;14.8;19.9;0;0;0;0;0;1;
2026.08.27;20:30:29.6;-0.03;-0.03;747;722;78;81;10;215;273;357;26;2.31;2.31;2.31;2.31;30;0;0;0;0;14.0;93;30;4.1;3;-;13;48;845;1418;7;3314.0;14.8;19.9;0;0;0;0;0;1;
2026.08.27;20:30:30.1;0.00;0.00;48;43;79;81;9;215;210;252;26;1.83;1.83;1.83;1.83;30;0;0;0;0;14.0;93;30;4.1;4;-;12;48;845;988;0;2603.0;8.8;10.8;0;0;0;0;0;1;
2026.08.27;20:30:30.5;0.00;0.00;48;43;79;81;9;215;273;252;26;1.83;1.83;1.83;1.83;12;0;0;0;0;14.0;93;30;4.1;4;-;12;48;845;988;0;2603.0;8.0;7.7;0;0;0;0;0;1;
2026.08.27;20:30:31.0;0.01;0.01;83;58;80;82;10;246;273;252;26;2.44;2.44;2.44;2.44;-1;0;0;0;0;14.0;93;30;4.1;3;-;12;48;845;803;3;1459.0;8.0;7.7;0;0;0;0;0;1;
2026.08.27;20:30:31.4;-0.02;-0.02;742;747;79;81;26;246;756;609;26;6.91;6.91;6.91;6.91;-1;0;0;0;0;14.0;93;30;4.1;3;-;12;48;845;803;18;1459.0;24.1;23.0;0;0;0;0;0;1;
2026.08.27;20:30:31.9;-0.02;-0.02;742;747;79;81;26;246;252;462;26;6.91;6.91;6.91;6.91;18;0;0;0;0;14.0;93;30;4.1;3;-;12;48;845;1510;18;2212.0;18.0;31.8;0;0;0;0;0;1;
2026.08.27;20:30:32.3;-0.06;-0.06;708;781;79;82;18;246;252;462;26;2.01;2.01;2.01;2.01;28;0;0;0;0;14.0;93;30;4.1;4;-;12;48;845;2119;9;4328.0;18.0;31.8;0;0;0;0;0;1;
2026.08.27;20:30:32.8;-0.06;-0.06;708;781;79;82;18;246;315;315;26;2.01;2.01;2.01;2.01;28;0;0;0;0;14.0;93;30;4.1;5;-;12;48;845;2119;15;4328.0;23.7;24.5;0;0;0;0;0;1;
2026.08.27;20:30:33.2;0.02;0.02;73;58;77;81;23;246;441;378;26;2.86;2.86;2.86;2.86;26;0;0;0;0;14.0;93;30;4.1;5;-;12;48;845;2048;15;3208.0;33.1;29.0;0;0;0;0;0;1;
2026.08.27;20:30:33.7;0.01;0.01;791;747;78;82;39;246;441;378;26;4.25;4.25;4.25;4.25;26;0;0;0;0;14.0;93;30;4.1;6;-;12;48;845;2038;20;3719.0;33.1;29.0;0;0;0;0;0;1;
2026.08.27;20:30:34.1;0.01;0.01;791;747;78;82;39;246;441;483;26;4.25;4.25;4.25;4.25;24;0;0;0;0;14.0;93;30;4.1;7;-;12;48;845;2038;21;3719.0;36.2;38.6;0;0;0;0;0;1;
2026.08.27;20:30:34.6;0.01;0.01;590;117;77;82;43;246;441;462;26;4.17;4.17;4.17;4.17;24;0;0;0;0;14.0;93;30;4.1;7;-;12;48;845;2178;21;5000.0;34.8;36.2;0;0;0;0;0;1;
2026.08.27;20:30:35.0;-0.01;-0.01;776;375;77;84;23;246;441;462;26;2.44;2.44;2.44;2.44;24;0;0;0;0;14.0;93;30;4.1;10;-;13;48;845;1953;9;3514.0;34.8;36.2;0;0;0;0;0;1;
2026.08.27;20:30:35.5;0.03;0.03;53;43;75;83;19;246;210;231;26;1.84;1.84;1.84;1.84;19;0;0;0;0;14.0;93;30;4.1;10;-;13;48;845;1953;0;3514.0;13.3;15.6;0;0;0;0;0;1;
2026.08.27;20:30:35.9;0.03;0.03;53;43;75;83;19;246;210;231;26;1.84;1.84;1.84;1.84;2;0;0;0;0;14.0;93;30;4.1;10;-;13;48;845;1603;0;2712.0;9.0;10.0;0;0;0;0;0;1;
2026.08.27;20:30:36.4;0.06;0.06;73;58;76;84;13;246;210;231;26;1.79;1.79;1.79;1.79;2;0;0;0;0;14.0;93;30;4.1;10;-;13;48;845;924;0;2844.0;9.0;10.0;0;0;0;0;1;1;
2026.08.27;20:30:36.8;0.05;0.05;795;683;76;84;19;246;399;294;26;3.21;3.21;3.21;3.21;21;0;0;0;0;14.0;93;30;4.1;9;-;13;48;845;924;0;2844.0;11.6;9.1;0;0;0;0;1;1;
2026.08.27;20:30:37.3;0.05;0.05;795;683;76;84;19;246;357;357;26;3.21;3.21;3.21;3.21;-4;0;0;0;0;14.0;93;30;4.1;9;-;13;48;845;820;0;2183.0;9.8;10.1;0;0;0;0;1;1;
2026.08.27;20:30:37.7;0.04;0.04;874;859;76;83;18;234;357;357;26;3.16;3.16;3.16;3.16;-5;0;0;0;0;14.0;94;37;4.1;9;-;13;48;845;797;0;2489.0;9.8;10.1;0;0;0;0;1;1;
2026.08.27;20:30:38.2;0.04;0.04;859;869;76;83;19;234;357;357;26;3.04;3.04;3.04;3.04;-5;0;0;0;0;14.0;94;37;4.1;8;-;13;48;845;797;0;2489.0;9.5;9.6;0;0;0;0;1;1;
2026.08.27;20:30:38.6;0.04;0.04;859;869;76;83;19;234;315;357;26;3.04;3.04;3.04;3.04;-7;0;0;0;0;14.0;94;37;4.1;8;-;13;48;845;788;0;1520.0;8.5;9.5;0;0;0;0;1;1;
2026.08.27;20:30:39.1;0.03;0.03;844;864;76;83;17;234;315;357;26;2.75;2.75;2.75;2.75;-7;0;0;0;0;14.0;94;37;4.1;8;-;13;48;845;765;0;2111.0;8.5;9.5;0;0;0;0;0;1;
2026.08.27;20:30:39.5;0.03;0.03;844;864;76;83;17;234;441;378;26;2.75;2.75;2.75;2.75;2;0;0;0;0;14.0;94;37;4.1;7;-;16;48;845;765;10;2111.0;14.0;12.1;0;0;0;0;0;1;
2026.08.27;20:30:40.0;-0.02;-0.02;834;849;76;82;32;234;399;378;26;3.31;3.31;3.31;3.31;9;0;0;0;0;14.0;94;37;4.1;7;-;16;48;845;1383;10;2608.0;22.3;20.9;0;0;0;0;0;1;
2026.08.27;20:30:40.4;-0.02;-0.02;58;53;76;82;47;234;399;378;26;3.59;3.59;3.59;3.59;9;0;0;0;0;14.0;94;37;4.1;7;-;16;48;845;1657;15;4124.0;22.3;20.9;0;0;0;0;0;1;
2026.08.27;20:30:40.9;-0.02;-0.02;58;53;76;82;47;234;357;399;26;3.59;3.59;3.59;3.59;19;0;0;0;0;14.0;94;37;4.1;9;-;16;48;845;1657;14;4124.0;22.0;24.8;0;0;0;0;0;1;
2026.08.27;20:30:41.3;-0.02;-0.02;727;683;76;81;46;234;357;378;26;3.41;3.41;3.41;3.41;0;0;0;0;0;14.0;95;37;4.1;9;-;16;48;845;1361;14;2959.0;18.4;24.8;0;0;0;0;0;1;
2026.08.27;20:30:41.8;-0.01;-0.01;673;620;77;83;42;234;357;378;26;3.03;3.03;3.03;3.03;0;0;0;0;0;14.0;95;37;4.1;10;-;16;48;845;1457;12;2338.0;18.4;19.8;0;0;0;0;0;1;
2026.08.27;20:30:42.2;-0.01;-0.01;673;620;77;83;42;234;273;294;26;3.03;3.03;3.03;3.03;9;0;0;0;0;14.0;95;37;4.1;10;-;16;48;845;1457;8;2338.0;14.0;16.4;0;0;0;0;0;0;
2026.08.27;20:30:42.7;0.03;0.03;48;43;77;83;33;234;273;294;26;2.29;2.29;2.29;2.29;18;0;0;0;0;14.0;95;37;4.1;10;-;16;48;845;1514;8;3529.0;14.0;16.4;0;0;0;0;0;0;
2026.08.27;20:30:43.1;0.08;0.08;63;53;77;82;36;234;273;294;26;2.42;2.42;2.42;2.42;18;0;0;0;0;14.0;95;37;4.1;11;-;16;48;845;1514;8;3529.0;14.5;15.6;0;0;0;0;0;0;
2026.08.27;20:30:43.6;0.08;0.08;63;53;77;82;36;234;252;252;26;2.42;2.42;2.42;2.42;30;0;0;0;0;14.0;95;37;4.1;11;-;16;48;845;1554;8;3631.0;13.3;14.5;0;0;0;0;0;0;
2026.08.27;20:30:44.0;0.12;0.12;112;83;77;83;34;234;252;252;26;2.23;2.23;2.23;2.23;31;0;0;0;0;14.0;95;37;4.1;11;-;16;48;845;1568;7;4782.0;13.3;14.5;0;0;0;0;0;0;
2026.08.27;20:30:44.5;0.07;0.07;654;708;81;86;35;234;231;252;26;2.12;2.12;2.12;2.12;31;0;0;0;0;14.0;95;37;4.1;11;-;13;48;845;1568;7;4782.0;13.4;14.8;0;0;0;0;0;0;
2026.08.27;20:30:44.9;0.07;0.07;654;708;81;86;35;244;231;252;26;2.12;2.12;2.12;2.12;33;0;0;0;0;14.0;95;37;4.1;11;-;13;48;845;1587;7;5000.0;13.6;15.1;0;0;0;0;0;0;
2026.08.27;20:30:45.4;0.11;0.11;151;83;78;83;38;244;231;252;26;2.23;2.23;2.23;2.23;33;0;0;0;0;14.0;95;37;4.1;11;-;13;48;845;1659;8;3324.0;13.6;15.1;0;0;0;0;0;0;
2026.08.27;20:30:45.8;0.11;0.11;151;83;78;83;38;244;231;252;26;2.23;2.23;2.23;2.23;32;0;0;0;0;14.0;95;37;4.1;11;-;13;48;845;1659;0;3324.0;13.8;14.9;0;0;0;0;0;0;
2026.08.27;20:30:46.3;0.05;0.05;678;727;78;83;31;244;189;231;26;1.80;1.80;1.80;1.80;-18;0;0;0;0;14.0;95;37;4.1;11;-;13;48;845;1634;0;5000.0;8.7;10.4;0;0;0;0;0;0;
2026.08.27;20:30:46.7;0.05;0.05;43;29;78;83;23;244;189;231;26;1.74;1.74;1.74;1.74;-18;0;0;0;0;13.8;95;37;4.1;10;-;13;48;845;1004;0;1729.0;8.7;10.4;0;0;0;0;1;1;
2026.08.27;20:30:47.2;0.05;0.05;43;29;78;83;23;244;273;231;26;1.74;1.74;1.74;1.74;13;0;0;0;0;13.8;95;37;4.1;7;-;13;48;845;1004;0;1729.0;8.1;7.1;0;0;0;0;0;1;
2026.08.27;20:30:47.6;0.04;0.04;791;634;78;83;27;244;273;231;26;2.36;2.36;2.36;2.36;14;0;0;0;0;13.8;95;37;4.1;7;-;13;48;845;820;0;1749.0;8.1;7.1;0;0;0;0;0;1;
2026.08.27;20:30:48.1;0.02;0.02;859;844;78;82;68;244;462;357;26;4.11;4.11;4.11;4.11;14;0;0;0;0;13.8;95;37;4.1;7;-;13;48;845;820;14;1749.0;15.1;12.0;0;0;0;0;0;1;
2026.08.27;20:30:48.5;0.02;0.02;859;844;78;82;68;244;504;504;26;4.11;4.11;4.11;4.11;14;0;0;0;0;13.8;95;37;4.1;7;-;13;48;845;1282;14;2320.0;21.3;22.9;0;0;0;0;0;1;
2026.08.27;20:30:49.0;-0.04;-0.04;737;795;79;83;74;244;504;504;26;4.37;4.37;4.37;4.37;10;0;0;0;0;14.1;95;37;4.1;8;-;13;48;845;1351;15;3081.0;21.3;22.9;0;0;0;0;0;1;
2026.08.27;20:30:49.5;-0.02;-0.02;786;683;79;83;55;244;399;483;26;3.20;3.20;3.20;3.20;10;0;0;0;0;14.1;95;37;4.1;10;-;10;48;845;1351;12;3081.0;20.2;25.0;0;0;0;0;0;0;
2026.08.27;20:30:49.9;-0.02;-0.02;786;683;79;83;55;244;294;336;26;3.20;3.20;3.20;3.20;22;0;0;0;0;14.1;95;37;4.1;11;-;10;48;845;1568;13;3653.0;17.5;20.1;0;0;0;0;0;0;
2026.08.27;20:30:50.4;-0.00;-0.00;58;48;80;84;56;244;294;336;26;2.64;2.64;2.64;2.64;22;0;0;0;0;14.1;95;37;4.1;11;-;10;48;845;1688;13;3852.0;17.5;20.1;0;0;0;0;0;0;
2026.08.27;20:30:50.8;0.05;0.05;112;78;79;83;55;244;294;315;26;2.67;2.67;2.67;2.67;25;0;0;0;0;14.1;95;37;4.1;12;-;10;48;845;1688;13;3852.0;17.5;19.6;0;0;0;0;0;0;
2026.08.27;20:30:51.3;0.05;0.05;112;78;79;83;55;244;378;357;26;2.67;2.67;2.67;2.67;21;0;0;0;0;14.1;95;37;4.1;12;-;10;48;845;1754;13;3612.0;25.0;24.7;0;0;0;0;0;0;
2026.08.27;20:30:51.7;0.01;0.01;791;771;80;84;78;264;378;357;26;3.49;3.49;3.49;3.49;21;0;0;0;0;14.1;95;44;4.1;13;-;10;48;845;1921;17;5000.0;25.0;24.7;0;0;0;0;0;0;
2026.08.27;20:30:52.2;0.01;0.01;791;771;80;84;78;264;399;399;26;3.49;3.49;3.49;3.49;24;0;0;0;0;14.1;95;44;4.1;14;-;10;48;845;1921;19;5000.0;28.0;29.3;0;0;0;0;0;0;
2026.08.27;20:30:52.6;-0.02;-0.02;68;239;79;84;99;264;399;399;26;3.60;3.60;3.60;3.60;25;0;0;0;0;14.1;95;44;4.1;14;-;10;48;845;2100;19;4981.0;28.0;29.3;0;0;0;0;0;0;
2026.08.27;20:30:53.1;-0.03;-0.03;683;703;0;0;99;264;420;441;26;3.95;3.95;3.95;3.95;25;0;0;0;0;14.1;95;44;4.1;15;-;10;48;845;2325;22;3859.0;33.5;36.1;0;0;0;0;0;0;
2026.08.27;20:30:53.5;-0.03;-0.03;683;703;0;0;99;264;378;420;26;3.95;3.95;3.95;3.95;27;0;0;0;0;14.1;95;44;4.1;17;-;10;48;845;2325;21;3859.0;34.8;38.8;0;0;0;0;0;0;
2026.08.27;20:30:54.0;0.01;0.01;63;63;77;84;99;264;378;420;26;3.49;3.49;3.49;3.49;27;0;0;0;0;14.1;95;44;4.1;17;-;10;48;845;2525;21;3435.0;34.8;38.8;0;0;0;0;0;0;
2026.08.27;20:30:54.4;0.03;0.03;747;683;75;84;47;264;357;378;26;2.32;2.32;2.32;2.32;27;0;0;0;0;14.1;95;44;4.1;18;-;13;48;845;2348;17;3569.0;34.6;37.8;0;0;0;0;0;0;
2026.08.27;20:30:54.9;0.03;0.03;747;683;75;84;47;264;189;231;26;2.32;2.32;2.32;2.32;-18;0;0;0;0;14.1;95;44;4.1;18;-;13;48;845;2348;17;3569.0;13.2;15.7;0;0;0;0;0;0;
2026.08.27;20:30:55.3;0.00;0.00;0;0;74;85;0;264;189;231;26;2.56;2.56;2.56;2.56;37;0;0;0;0;14.0;96;44;4.1;18;-;13;48;845;1401;0;3592.0;13.2;15.7;0;0;0;0;0;1;
2026.08.27;20:30:55.8;0.00;0.00;830;688;74;85;0;264;315;252;26;2.91;2.91;2.91;2.91;37;0;0;0;0;14.0;96;44;4.1;18;-;13;48;845;1401;11;3592.0;14.6;11.9;0;0;0;0;0;1;
2026.08.27;20:30:56.2;0.00;0.00;830;688;74;85;0;264;378;357;26;2.91;2.91;2.91;2.91;18;0;0;0;0;14.0;96;44;4.1;18;-;13;48;845;1420;13;3811.0;20.2;19.3;0;0;0;0;0;1;
2026.08.27;20:30:56.7;-0.02;-0.02;805;815;74;85;0;264;378;357;26;3.45;3.45;3.45;3.45;9;0;0;0;0;14.0;96;44;4.1;18;-;13;48;845;1378;13;3218.0;20.2;19.3;0;0;0;0;0;1;
2026.08.27;20:30:57.1;-0.06;-0.06;717;776;75;85;0;264;378;399;26;3.28;3.28;3.28;3.28;9;0;0;0;0;14.0;96;44;4.1;18;-;13;48;845;1378;13;3218.0;19.6;19.9;0;0;0;0;0;1;
2026.08.27;20:30:57.6;-0.06;-0.06;717;776;75;85;0;264;378;378;26;3.28;3.28;3.28;3.28;21;0;0;0;0;14.0;96;44;4.1;18;-;13;48;845;1420;13;2473.0;19.0;19.6;0;0;0;0;0;1;
2026.08.27;20:30:58.0;-0.02;-0.02;78;68;75;84;0;264;378;378;26;3.26;3.26;3.26;3.26;21;0;0;0;0;14.0;96;44;4.1;18;-;13;48;845;1448;13;2353.0;19.0;19.6;0;0;0;0;0;0;
2026.08.27;20:30:58.5;-0.02;-0.02;78;68;75;84;0;264;357;357;26;3.26;3.26;3.26;3.26;21;0;0;0;0;14.0;96;44;4.1;19;-;13;48;845;1448;13;2353.0;19.2;19.9;0;0;0;0;0;0;
2026.08.27;20:30:58.9;-0.02;-0.02;708;659;76;85;0;229;336;357;26;3.16;3.16;3.16;3.16;22;0;0;0;0;14.0;96;44;4.1;19;-;13;48;845;1508;13;2187.0;18.7;19.9;0;0;0;0;0;0;
2026.08.27;20:30:59.4;0.03;0.03;117;87;77;85;0;229;336;357;26;3.08;3.08;3.08;3.08;22;0;0;0;0;14.0;96;44;4.1;19;-;13;48;845;1516;12;5000.0;18.7;19.8;0;0;0;0;0;0;
2026.08.27;20:30:59.8;0.03;0.03;117;87;77;85;0;229;273;273;26;3.08;3.08;3.08;3.08;25;0;0;0;0;14.0;96;44;4.1;19;-;13;48;845;1516;8;5000.0;14.3;14.9;0;0;0;0;0;0;
2026.08.27;20:31:00.3;0.04;0.04;58;53;77;84;0;229;273;273;26;2.75;2.75;2.75;2.75;4;0;0;0;0;14.0;96;44;4.1;19;-;13;48;845;1496;8;2446.0;14.3;14.9;0;0;0;0;0;0;
2026.08.27;20:31:00.7;0.03;0.03;688;712;78;85;0;229;273;294;26;2.49;2.49;2.49;2.49;4;0;0;0;0;14.0;96;44;4.1;19;-;13;48;845;1496;5;2446.0;14.3;14.8;0;0;0;0;0;0;
2026.08.27;20:31:01.2;0.03;0.03;688;712;78;85;0;229;189;273;26;2.49;2.49;2.49;2.49;10;0;0;0;0;14.0;96;44;4.1;18;-;13;48;845;1481;4;2476.0;9.4;13.2;0;0;0;0;0;0;
2026.08.27;20:31:01.6;0.07;0.07;341;78;77;85;0;229;189;273;26;1.86;1.86;1.86;1.86;16;0;0;0;0;14.0;96;44;4.1;18;-;13;48;845;1413;4;2266.0;9.4;13.2;0;0;0;0;0;0;
2026.08.27;20:31:02.1;0.02;0.02;786;776;78;86;0;229;189;210;26;1.71;1.71;1.71;1.71;16;0;0;0;0;14.0;96;44;4.1;18;-;13;48;845;1413;4;2266.0;9.3;10.1;0;0;0;0;0;0;
2026.08.27;20:31:02.5;0.02;0.02;786;776;78;86;0;229;189;210;26;1.71;1.71;1.71;1.71;-16;0;0;0;0;14.0;96;51;4.1;18;-;13;48;845;1336;4;4130.0;8.6;9.1;0;0;0;0;0;0;
2026.08.27;20:31:03.0;0.04;0.04;83;39;78;85;0;229;189;210;26;1.68;1.68;1.68;1.68;-16;0;0;0;0;14.0;96;51;4.1;17;-;13;48;845;1258;4;1689.0;8.6;9.1;0;0;0;0;0;0;
2026.08.27;20:31:03.4;0.04;0.04;83;39;78;85;0;229;189;210;26;1.68;1.68;1.68;1.68;6;0;0;0;0;14.0;96;51;4.1;16;-;13;48;845;1258;5;1689.0;8.1;8.1;0;0;0;0;0;0;
2026.08.27;20:31:03.9;0.02;0.02;786;747;77;85;0;229;189;210;26;2.26;2.26;2.26;2.26;22;0;0;0;0;14.0;96;51;4.1;16;-;13;48;845;1215;5;2429.0;8.1;8.1;0;0;0;0;0;0;
2026.08.27;20:31:04.3;-0.02;-0.02;747;781;78;85;0;229;294;273;26;2.50;2.50;2.50;2.50;22;0;0;0;0;14.0;96;51;4.1;15;-;13;48;845;1215;6;2429.0;12.3;11.6;0;0;0;0;0;0;
2026.08.27;20:31:04.8;-0.02;-0.02;747;781;78;85;0;229;294;294;26;2.50;2.50;2.50;2.50;10;0;0;0;0;14.0;96;51;4.1;15;-;13;48;845;1142;6;2168.0;12.0;11.7;0;0;0;0;0;0;
2026.08.27;20:31:05.2;-0.02;-0.02;92;668;80;86;0;229;294;294;26;2.49;2.49;2.49;2.49;17;0;0;0;0;14.0;96;51;4.1;15;-;13;48;845;1164;6;2621.0;12.0;11.7;0;0;0;0;0;0;
2026.08.27;20:31:05.7;0.01;0.01;463;122;86;92;0;229;294;315;26;2.63;2.63;2.63;2.63;17;0;0;0;0;14.0;96;51;4.1;14;-;13;48;845;1164;6;2621.0;11.8;12.2;0;0;0;0;0;0;
2026.08.27;20:31:06.1;0.01;0.01;463;122;86;92;0;198;315;315;26;2.63;2.63;2.63;2.63;12;0;0;0;0;14.0;96;51;4.0;14;-;13;48;845;1090;6;3310.0;11.8;11.7;0;0;0;0;0;0;
2026.08.27;20:31:06.6;-0.05;-0.05;712;747;88;93;0;198;315;315;26;2.62;2.62;2.62;2.62;12;0;0;0;0;14.0;96;51;4.0;14;-;13;48;845;1050;6;3036.0;11.8;11.7;0;0;0;0;0;0;
2026.08.27;20:31:07.0;-0.05;-0.05;712;747;88;93;0;198;210;273;26;2.62;2.62;2.62;2.62;15;0;0;0;0;14.0;96;51;4.0;13;-;13;48;845;1050;0;3036.0;6.8;9.3;0;0;0;0;0;0;
2026.08.27;20:31:07.5;-0.08;-0.08;625;732;85;89;0;198;210;273;26;1.69;1.69;1.69;1.69;19;0;0;0;0;14.0;96;51;4.0;13;-;13;48;845;938;0;1617.0;6.8;9.3;0;0;0;0;0;0;
2026.08.27;20:31:07.9;-0.06;-0.06;122;97;86;89;0;198;210;231;26;1.61;1.61;1.61;1.61;19;0;0;0;0;13.4;96;51;4.0;12;-;13;48;845;859;0;1488.0;6.1;6.5;0;0;0;0;0;0;
2026.08.27;20:31:08.4;-0.06;-0.06;122;97;86;89;0;198;315;252;26;1.61;1.61;1.61;1.61;25;0;0;0;0;13.4;96;51;4.0;11;-;13;48;845;859;0;1488.0;8.6;7.4;0;0;0;0;0;0;
2026.08.27;20:31:08.8;-0.05;-0.05;136;195;83;86;0;198;315;252;26;2.47;2.47;2.47;2.47;13;0;0;0;0;13.4;96;51;4.0;11;-;13;48;845;771;0;1778.0;8.6;7.4;0;0;0;0;0;0;
2026.08.27;20:31:09.3;-0.07;-0.07;795;737;86;88;0;198;420;357;26;3.18;3.18;3.18;3.18;13;0;0;0;0;13.4;96;51;4.0;9;-;16;48;845;698;0;1794.0;11.0;9.3;0;0;0;0;0;0;
2026.08.27;20:31:09.7;-0.07;-0.07;795;737;86;88;0;198;525;462;26;3.18;3.18;3.18;3.18;10;0;0;0;0;13.4;96;51;4.0;9;-;16;48;845;698;0;1794.0;13.2;11.6;0;0;0;0;0;0;
2026.08.27;20:31:10.2;-0.08;-0.08;786;810;84;86;0;198;588;567;26;4.49;4.49;4.49;4.49;-7;0;0;0;0;13.8;96;51;4.0;9;-;16;48;845;687;0;2041.0;16.3;16.2;0;0;0;0;0;0;
2026.08.27;20:31:10.6;-0.06;-0.06;63;53;84;86;0;198;588;567;26;4.52;4.52;4.52;4.52;-7;0;0;0;0;13.8;96;51;4.0;8;-;16;48;845;827;0;1289.0;16.3;16.2;0;0;0;0;1;1;
2026.08.27;20:31:11.1;-0.06;-0.06;63;53;84;86;0;198;378;441;26;4.52;4.52;4.52;4.52;-16;0;0;0;0;13.8;96;51;4.0;8;-;16;48;845;827;0;1289.0;10.3;12.5;0;0;0;0;1;1;
2026.08.27;20:31:11.5;-0.07;-0.07;766;732;90;92;0;198;378;441;26;3.16;3.16;3.16;3.16;-8;0;0;0;0;13.8;96;51;4.0;8;-;16;48;845;761;0;1997.0;10.3;12.5;0;0;0;0;1;1;
2026.08.27;20:31:12.0;-0.08;-0.08;727;766;84;86;0;198;378;378;26;2.89;2.89;2.89;2.89;-8;0;0;0;0;13.8;96;51;4.0;8;-;16;48;845;761;0;1997.0;9.9;10.4;0;0;0;0;1;1;
2026.08.27;20:31:12.4;-0.08;-0.08;727;766;84;86;0;198;357;357;26;2.89;2.89;2.89;2.89;-5;0;0;0;0;13.9;96;51;4.1;9;-;16;48;845;760;0;1838.0;9.0;9.2;0;0;0;0;1;1;
2026.08.27;20:31:12.9;-0.06;-0.06;185;102;84;86;0;248;357;357;26;2.76;2.76;2.76;2.76;0;0;0;0;0;13.9;96;51;4.1;9;-;16;48;845;769;0;1807.0;9.0;9.2;0;0;0;0;1;1;
2026.08.27;20:31:13.3;-0.06;-0.06;92;493;84;86;0;248;336;336;26;2.62;2.62;2.62;2.62;0;0;0;0;0;13.9;96;51;4.1;9;-;16;48;845;769;0;1807.0;8.6;8.6;0;0;0;0;1;0;
2026.08.27;20:31:13.8;-0.06;-0.06;92;493;84;86;0;248;336;336;26;2.62;2.62;2.62;2.62;-2;0;0;0;0;13.9;96;51;4.1;9;-;16;48;845;762;0;2129.0;8.7;8.8;0;0;0;0;1;0;
2026.08.27;20:31:14.3;-0.06;-0.06;87;68;86;87;0;248;336;336;26;2.66;2.66;2.66;2.66;-2;0;0;0;0;14.0;96;51;4.0;8;-;10;48;845;779;0;1287.0;8.7;8.8;0;0;0;0;1;0;
2026.08.27;20:31:14.7;-0.06;-0.06;87;68;86;87;0;248;336;336;26;2.66;2.66;2.66;2.66;-2;0;0;0;0;14.0;96;51;4.0;9;-;10;48;845;779;0;1287.0;8.5;8.7;0;0;0;0;1;0;
2026.08.27;20:31:15.2;-0.05;-0.05;87;83;84;86;0;248;357;336;26;2.61;2.61;2.61;2.61;4;0;0;0;0;14.0;96;51;4.0;9;-;10;48;845;747;0;1089.0;9.5;8.9;0;0;0;0;1;0;
2026.08.27;20:31:15.6;-0.04;-0.04;107;87;85;86;0;248;357;336;26;2.75;2.75;2.75;2.75;4;0;0;0;0;14.0;96;51;4.0;9;-;10;48;845;759;0;2088.0;9.5;8.9;0;0;0;0;1;0;
2026.08.27;20:31:16.1;-0.04;-0.04;107;87;85;86;0;248;336;336;26;2.75;2.75;2.75;2.75;1;0;0;0;0;14.0;96;51;4.0;7;-;10;48;845;759;0;2088.0;8.7;8.6;0;0;0;0;1;0;
2026.08.27;20:31:16.5;-0.06;-0.06;673;688;85;86;0;248;336;336;26;2.59;2.59;2.59;2.59;1;0;0;0;0;13.9;96;44;4.0;7;-;10;48;845;753;0;1343.0;8.7;8.6;0;0;0;0;1;0;
2026.08.27;20:31:17.0;-0.04;-0.04;97;83;87;88;0;248;336;336;26;2.75;2.75;2.75;2.75;1;0;0;0;0;13.9;96;44;4.0;6;-;10;48;845;753;0;1343.0;8.9;8.8;0;0;0;0;1;1;
2026.08.27;20:31:17.4;-0.04;-0.04;97;83;87;88;0;248;399;357;26;2.75;2.75;2.75;2.75;13;0;0;0;0;13.9;96;44;4.0;6;-;10;48;845;734;0;1614.0;10.5;9.2;0;0;0;0;1;1;
2026.08.27;20:31:17.9;-0.03;-0.03;122;97;94;95;0;248;399;357;26;3.26;3.26;3.26;3.26;11;0;0;0;0;13.9;96;44;4.0;6;-;10;48;845;723;0;1540.0;10.5;9.2;0;0;0;0;1;1;
2026.08.27;20:31:18.3;-0.06;-0.06;761;761;85;86;0;248;483;420;26;3.82;3.82;3.82;3.82;11;0;0;0;0;13.9;96;44;4.0;6;-;10;48;845;723;0;1540.0;12.1;10.8;0;0;0;0;1;1;
2026.08.27;20:31:18.8;-0.06;-0.06;761;761;85;86;0;248;399;441;26;3.82;3.82;3.82;3.82;-14;0;0;0;0;13.9;96;44;4.0;6;-;10;48;845;780;0;1514.0;11.0;12.2;0;0;0;0;1;1;
2026.08.27;20:31:19.2;-0.06;-0.06;615;717;86;87;0;248;399;441;26;3.21;3.21;3.21;3.21;-14;0;0;0;0;13.9;96;44;4.0;4;-;12;48;845;773;0;1763.0;11.0;12.2;0;0;0;0;1;1;
2026.08.27;20:31:19.7;-0.06;-0.06;615;717;86;87;0;248;378;378;26;3.21;3.21;3.21;3.21;-6;0;0;0;0;13.9;96;44;4.0;1;-;12;48;845;773;0;1763.0;9.6;9.7;0;0;0;0;1;1;
2026.08.27;20:31:20.1;-0.05;-0.05;83;126;93;95;0;385;420;399;26;3.02;3.02;3.02;3.02;1;0;0;0;0;13.9;95;44;4.0;1;-;12;48;845;723;0;1908.0;10.6;9.6;0;0;0;0;1;1;
2026.08.27;20:31:20.6;-0.04;-0.04;87;73;85;86;0;385;420;399;26;7.49;7.49;7.49;7.49;1;0;0;0;0;13.9;95;44;4.1;0;-;12;48;845;842;2;1957.0;10.6;9.6;0;0;0;0;0;1;
2026.08.27;20:31:21.0;-0.04;-0.04;87;73;85;86;0;385;315;504;26;7.49;7.49;7.49;7.49;14;0;0;0;0;13.9;95;44;4.1;0;-;12;48;845;842;14;1957.0;21.2;32.4;0;2;0;0;0;1;
2026.08.27;20:31:21.5;-0.06;-0.06;727;722;85;86;0;385;315;504;26;2.81;2.81;2.81;2.81;20;0;0;0;0;13.9;95;44;4.1;0;-;12;48;845;1811;14;2929.0;21.2;32.4;0;2;0;0;0;1;
2026.08.27;20:31:21.9;-0.01;-0.01;97;78;84;86;0;385;483;420;26;4.89;4.89;4.89;4.89;20;0;0;0;0;13.9;95;44;4.1;1;-;12;48;845;1436;14;2724.0;28.7;25.7;0;0;0;0;0;1;
2026.08.27;20:31:22.4;-0.01;-0.01;97;78;84;86;0;385;420;504;26;4.89;4.89;4.89;4.89;-4;0;0;0;0;13.9;95;44;4.1;3;-;12;48;845;1436;7;2724.0;19.6;22.6;0;0;0;0;0;1;
2026.08.27;20:31:22.8;-0.02;-0.02;766;751;84;87;0;385;420;504;26;4.62;4.62;4.62;4.62;2;0;0;0;0;13.5;95;44;4.1;3;-;12;48;845;919;7;1462.0;19.6;22.6;0;0;0;0;0;1;
2026.08.27;20:31:23.3;-0.02;-0.02;576;566;83;87;0;385;651;693;26;5.25;5.25;5.25;5.25;2;0;0;0;0;13.5;94;37;4.1;4;-;12;48;845;1297;0;3177.0;26.6;28.5;18;5;97;0;0;1;
2026.08.27;20:31:23.7;-0.02;-0.02;576;566;83;87;0;385;294;420;26;5.25;5.25;5.25;5.25;-18;0;0;0;0;13.5;94;37;4.1;3;-;12;48;845;1297;0;3177.0;11.7;16.8;0;0;0;0;0;1;
2026.08.27;20:31:24.2;-0.02;-0.02;791;781;84;88;0;385;294;420;26;2.78;2.78;2.78;2.78;13;0;0;0;0;13.5;94;37;4.1;3;-;12;48;845;879;0;1772.0;11.7;16.8;0;0;0;0;0;1;
2026.08.27;20:31:24.6;-0.03;-0.03;791;781;83;88;4;385;483;420;26;4.03;4.03;4.03;4.03;13;0;0;0;0;13.5;94;37;4.1;3;-;12;48;845;879;3;1772.0;14.9;13.0;0;0;0;0;0;1;
2026.08.27;20:31:25.1;-0.03;-0.03;791;781;83;88;4;385;441;462;26;4.03;4.03;4.03;4.03;-7;0;0;0;0;13.9;94;37;4.1;3;-;12;48;845;881;3;2283.0;13.8;14.5;0;0;0;0;0;1;
2026.08.27;20:31:25.5;-0.04;-0.04;756;786;83;87;7;385;441;462;26;3.78;3.78;3.78;3.78;-7;0;0;0;0;13.9;94;37;4.1;3;-;12;48;845;860;4;1983.0;13.8;14.5;0;0;0;0;0;1;
2026.08.27;20:31:26.0;-0.04;-0.04;756;786;83;87;7;385;420;441;26;3.78;3.78;3.78;3.78;-6;0;0;0;0;13.9;94;37;4.1;2;-;12;48;845;860;2;1983.0;12.0;12.8;0;0;0;0;0;1;
2026.08.27;20:31:26.4;-0.05;-0.05;761;786;91;96;8;385;693;441;26;3.55;3.55;3.55;3.55;3;0;0;0;0;13.9;94;37;4.1;2;-;12;48;845;780;2;1855.0;19.0;13.5;0;0;0;0;0;1;
2026.08.27;20:31:26.9;-0.02;-0.02;219;732;83;87;28;385;693;441;26;8.08;8.08;8.08;8.08;3;0;0;0;0;13.9;94;37;4.1;1;-;12;48;845;780;10;1855.0;19.0;13.5;0;0;0;0;0;1;
2026.08.27;20:31:27.3;-0.02;-0.02;219;732;83;87;28;359;231;357;26;8.08;8.08;8.08;8.08;19;0;0;0;0;14.0;93;30;4.2;1;-;12;48;845;1535;10;4794.0;14.3;21.7;0;0;0;0;0;1;
2026.08.27;20:31:27.8;-0.04;-0.04;63;756;82;87;10;359;231;357;26;2.00;2.00;2.00;2.00;18;0;0;0;0;14.0;93;30;4.2;1;-;12;48;845;988;4;2283.0;14.3;21.7;0;0;0;0;0;1;
2026.08.27;20:31:28.2;-0.01;-0.01;39;24;95;100;24;359;735;357;26;8.14;8.14;8.14;8.14;18;0;0;0;0;14.0;93;30;4.2;1;-;12;48;845;988;7;2283.0;18.6;10.4;0;0;0;0;0;1;
2026.08.27;20:31:28.7;-0.01;-0.01;39;24;95;100;24;359;210;462;26;8.14;8.14;8.14;8.14;14;0;0;0;0;14.0;93;30;4.2;1;-;12;49;845;919;7;1927.0;12.4;28.2;0;0;0;0;0;1;
2026.08.27;20:31:29.1;-0.04;-0.04;776;795;82;88;13;359;210;462;26;2.10;2.10;2.10;2.10;14;0;0;0;0;14.0;93;30;4.2;1;-;14;49;845;1345;7;3559.0;12.4;28.2;0;0;0;0;0;1;
2026.08.27;20:31:29.6;-0.04;-0.04;800;708;82;88;67;359;672;420;26;8.47;8.47;8.47;8.47;17;0;0;0;0;14.0;93;30;4.2;1;-;14;49;845;1345;14;3559.0;26.4;17.7;0;0;0;0;0;1;
2026.08.27;20:31:30.0;-0.04;-0.04;800;708;82;88;67;359;210;336;26;8.47;8.47;8.47;8.47;-30;0;0;0;0;14.0;93;30;4.2;1;-;14;49;845;1648;14;3421.0;10.3;16.4;0;0;0;0;0;1;
2026.08.27;20:31:30.5;0.00;0.00;4;0;83;89;0;359;210;336;26;2.89;2.89;2.89;2.89;-30;0;0;0;0;14.0;92;29;4.2;2;-;14;49;845;805;0;1397.0;10.3;16.4;0;0;0;0;0;1;
2026.08.27;20:31:30.9;0.00;0.00;4;0;83;89;0;359;672;462;26;2.89;2.89;2.89;2.89;13;0;0;0;0;14.0;92;29;4.2;1;-;14;49;845;805;1;1397.0;17.4;13.2;0;0;0;0;0;1;
2026.08.27;20:31:31.4;0.00;0.00;869;805;83;89;0;359;672;462;26;6.34;6.34;6.34;6.34;-20;0;0;0;0;13.9;92;29;4.2;1;-;14;49;845;1057;1;1779.0;17.4;13.2;0;0;0;0;0;1;
2026.08.27;20:31:31.8;-0.01;-0.01;830;844;80;87;4;359;294;462;26;3.78;3.78;3.78;3.78;-20;0;0;0;0;13.9;92;29;4.2;1;-;14;49;845;1057;4;1779.0;10.8;16.5;0;0;0;0;0;1;
2026.08.27;20:31:32.3;-0.01;-0.01;830;844;80;87;4;359;336;441;26;3.78;3.78;3.78;3.78;14;0;0;0;0;13.9;92;29;4.2;1;-;14;49;845;1117;4;2919.0;16.4;22.3;0;0;0;0;0;1;
2026.08.27;20:31:32.7;-0.04;-0.04;771;810;82;88;6;359;336;441;26;2.30;2.30;2.30;2.30;27;0;0;0;0;13.9;92;29;4.2;0;-;14;49;845;1457;6;2444.0;16.4;22.3;0;0;0;0;0;1;
2026.08.27;20:31:33.2;0.04;0.04;92;43;82;88;10;359;378;294;26;4.40;4.40;4.40;4.40;27;0;0;0;0;13.9;92;29;4.2;0;-;14;48;845;1457;8;2444.0;17.1;13.0;0;0;0;0;0;1;
2026.08.27;20:31:33.6;0.04;0.04;92;43;82;88;10;359;420;483;26;4.40;4.40;4.40;4.40;-2;0;0;0;0;14.1;92;29;4.2;0;-;14;48;845;1145;8;1881.0;18.8;21.9;0;0;0;0;0;1;
2026.08.27;20:31:34.1;-0.01;-0.01;815;820;82;87;11;284;420;483;26;3.97;3.97;3.97;3.97;-2;0;0;0;0;14.1;92;29;4.2;0;-;16;48;845;1256;8;2007.0;18.8;21.9;0;0;0;0;0;1;
2026.08.27;20:31:34.5;-0.01;-0.01;815;820;82;87;11;284;399;399;26;3.97;3.97;3.97;3.97;-3;0;0;0;0;14.1;92;29;4.2;0;-;16;48;845;1256;6;2007.0;17.4;17.6;0;0;0;0;0;1;
2026.08.27;20:31:35.0;-0.05;-0.05;742;791;84;89;12;284;210;336;26;3.43;3.43;3.43;3.43;-34;0;0;0;0;14.1;92;29;4.2;0;-;16;48;845;1178;6;2141.0;6.3;10.9;0;0;0;0;0;1;
2026.08.27;20:31:35.4;-0.04;-0.04;53;39;88;94;9;284;210;336;26;2.31;2.31;2.31;2.31;-34;0;0;0;0;13.7;92;29;4.2;0;-;16;48;845;805;0;1710.0;6.3;10.9;0;0;0;0;0;1;
2026.08.27;20:31:35.9;-0.04;-0.04;53;39;88;94;9;284;378;357;26;2.31;2.31;2.31;2.31;2;0;0;0;0;13.7;92;29;4.2;0;-;16;48;845;805;0;1710.0;11.7;11.0;0;0;0;0;0;1;
2026.08.27;20:31:36.3;-0.04;-0.04;449;68;83;88;11;284;378;357;26;2.96;2.96;2.96;2.96;9;0;0;0;0;13.7;92;29;4.2;0;-;16;48;845;859;0;1935.0;11.7;11.0;0;0;0;0;0;1;
2026.08.27;20:31:36.8;0.00;0.00;4;9;82;87;0;284;210;630;26;5.68;5.68;5.68;5.68;9;0;0;0;0;13.7;92;29;4.2;0;-;16;48;845;859;1;1935.0;11.8;40.5;20;20;48;0;0;1;
2026.08.27;20:31:37.2;0.00;0.00;4;9;82;87;0;284;441;546;26;5.68;5.68;5.68;5.68;13;0;0;0;0;13.7;92;29;4.2;0;-;16;49;845;1123;1;2049.0;22.4;27.0;0;0;0;0;0;1;
2026.08.27;20:31:37.7;0.00;0.00;864;859;82;88;0;284;441;546;26;3.48;3.48;3.48;3.48;6;0;0;0;0;14.0;91;29;4.2;0;-;16;49;845;1560;12;3989.0;22.4;27.0;0;0;0;0;0;1;
2026.08.27;20:31:38.1;0.02;0.02;92;73;81;88;5;284;357;357;26;3.49;3.49;3.49;3.49;6;0;0;0;0;14.0;91;29;4.2;0;-;16;49;845;1560;12;3989.0;20.1;20.2;0;0;0;0;0;1;
2026.08.27;20:31:38.6;0.02;0.02;92;73;81;88;5;284;420;420;26;3.49;3.49;3.49;3.49;5;0;0;0;0;14.0;91;29;4.2;0;-;16;48;845;1430;12;2040.0;22.0;22.1;0;0;0;0;0;1;
2026.08.27;20:31:39.0;-0.03;-0.03;737;761;81;88;8;284;420;420;26;3.74;3.74;3.74;3.74;3;0;0;0;0;14.0;91;29;4.2;0;-;16;48;845;1422;12;2841.0;22.0;22.1;0;0;0;0;0;1;
2026.08.27;20:31:39.5;-0.00;-0.00;68;39;80;89;7;284;357;441;26;2.36;2.36;2.36;2.36;3;0;0;0;0;14.0;91;29;4.2;0;-;16;48;845;1422;0;2841.0;17.7;22.7;0;0;0;0;0;1;
2026.08.27;20:31:39.9;-0.00;-0.00;68;39;80;89;7;284;336;315;26;2.36;2.36;2.36;2.36;0;0;0;0;0;13.8;91;29;4.2;0;-;16;48;845;1011;0;1480.0;10.7;9.6;0;0;0;0;0;1;
2026.08.27;20:31:40.4;0.01;0.01;63;48;80;87;9;284;336;315;26;3.05;3.05;3.05;3.05;0;0;0;0;0;13.8;91;29;4.2;0;-;16;48;845;901;0;2236.0;10.7;9.6;0;0;0;0;1;1;
2026.08.27;20:31:40.8;-0.01;-0.01;810;805;80;88;9;284;336;357;26;2.85;3.05;3.05;3.05;-9;0;0;0;0;13.8;91;29;4.2;0;-;16;48;845;901;0;2236.0;9.7;10.2;0;0;0;0;1;1;
2026.08.27;20:31:41.3;-0.01;-0.01;810;805;80;88;9;343;336;357;26;2.85;2.85;2.85;2.85;-8;0;0;0;0;13.8;92;29;4.2;0;-;16;48;845;802;0;1741.0;9.2;9.3;0;0;0;0;1;1;
2026.08.27;20:31:41.7;-0.02;-0.02;795;815;81;89;10;343;336;357;26;2.76;2.76;2.76;2.76;-8;0;0;0;0;14.0;92;29;4.2;0;-;16;48;845;770;0;1747.0;9.2;9.3;0;0;0;0;1;1;
2026.08.27;20:31:42.2;-0.02;-0.02;795;815;81;89;10;343;357;357;26;2.76;2.76;2.76;2.76;-6;0;0;0;0;14.0;92;29;4.2;0;-;16;48;845;770;0;1747.0;9.2;9.2;0;0;0;0;1;1;
2026.08.27;20:31:42.6;-0.03;-0.03;786;805;91;100;10;343;357;357;26;2.85;2.85;2.85;2.85;-2;0;0;0;0;14.0;92;29;4.2;0;-;16;48;845;743;0;1520.0;9.2;9.2;0;0;0;0;1;1;
2026.08.27;20:31:43.1;-0.04;-0.04;771;791;81;89;12;343;378;357;26;2.90;2.90;2.90;2.90;-2;0;0;0;0;14.0;92;29;4.2;0;-;16;48;845;743;0;1520.0;10.1;9.7;0;0;0;0;1;1;
2026.08.27;20:31:43.6;-0.04;-0.04;771;791;81;89;12;343;357;357;26;2.90;2.90;2.90;2.90;-8;0;0;0;0;14.0;92;29;4.2;0;-;16;48;845;771;0;1622.0;9.0;9.4;0;0;0;0;1;1;
2026.08.27;20:31:44.0;-0.04;-0.04;747;781;80;87;12;343;357;357;26;2.71;2.71;2.71;2.71;-8;0;0;0;0;14.1;92;29;4.3;0;-;15;48;845;761;0;1733.0;9.0;9.4;0;0;0;0;1;1;
2026.08.27;20:31:44.5;-0.04;-0.04;747;781;80;87;12;343;315;336;26;2.71;2.71;2.71;2.71;-9;0;0;0;0;14.1;92;29;4.3;0;-;15;48;845;761;0;1733.0;8.2;8.7;0;0;0;0;1;1;
2026.08.27;20:31:44.9;-0.00;-0.00;170;708;0;0;0;343;315;336;26;0.00;0.00;0.00;0.00;3;0;0;0;0;14.1;92;0;4.3;0;-;15;48;845;414;0;1091.0;8.2;8.7;0;0;0;0;1;1;
2026.08.27;20:31:45.4;0.00;0.00;24;78;0;0;0;343;840;861;26;0.00;0.00;0.00;0.00;3;0;0;0;0;14.1;92;0;4.3;0;-;15;48;845;414;0;1091.0;0.0;0.0;0;0;0;0;1;1;
2026.08.27;20:31:45.8;0.00;0.00;24;78;0;0;0;343;840;861;26;0.00;0.00;0.00;0.00;3;0;0;0;0;14.1;92;0;4.3;0;-;15;49;845;0;0;1091.0;0.0;0.0;0;0;0;0;1;1;
2026.08.27;20:31:46.3;0.00;0.00;24;78;0;0;0;343;840;861;26;0.00;0.00;0.00;0.00;3;0;0;0;0;13.2;92;0;4.3;0;-;15;49;845;0;0;1091.0;0.0;0.0;0;0;0;0;1;1;
2026.08.27;20:31:46.7;0.00;0.00;24;78;0;0;0;343;840;861;26;0.00;0.00;0.00;0.00;3;0;0;0;0;13.2;92;0;4.3;0;-;15;49;845;0;0;1091.0;0.0;0.0;0;0;0;0;1;1;
2026.08.27;20:31:47.2;0.00;0.00;24;78;0;0;0;343;840;861;26;0.00;0.00;0.00;0.00;3;0;0;0;0;13.2;92;0;4.3;0;-;15;50;845;0;0;1091.0;0.0;0.0;0;0;0;0;1;1;
2026.08.27;20:31:47.6;0.00;0.00;24;78;0;0;0;343;840;861;26;0.00;0.00;0.00;0.00;3;0;0;0;0;13.2;92;0;4.3;0;-;15;50;845;0;0;1091.0;0.0;0.0;0;0;0;0;1;1;
2026.08.27;20:31:48.1;0.00;0.00;24;78;0;0;0;343;840;861;26;0.00;0.00;0.00;0.00;3;0;0;0;0;13.2;92;0;4.3;0;-;15;50;845;0;0;1091.0;0.0;0.0;0;0;0;0;1;1;
2026.08.27;20:31:48.5;0.00;0.00;24;78;0;0;0;332;840;861;26;0.00;0.00;0.00;0.00;3;0;0;0;0;13.1;93;0;4.3;0;-;15;50;845;0;0;1091.0;0.0;0.0;0;0;0;0;1;1;
2026.08.27;20:31:49.0;0.00;0.00;24;78;0;0;0;332;840;861;26;0.00;0.00;0.00;0.00;3;0;0;0;0;13.1;93;0;4.3;0;-;16;50;845;0;0;1091.0;0.0;0.0;0;0;0;0;1;1;
2026.08.27;20:31:49.4;0.00;0.00;24;78;0;0;0;332;840;861;26;0.00;0.00;0.00;0.00;3;0;0;0;0;13.1;93;0;4.3;0;-;16;50;845;0;0;1091.0;0.0;0.0;0;0;0;0;1;1;
2026.08.27;20:31:49.9;0.00;0.00;24;78;0;0;0;332;840;861;26;0.00;0.00;0.00;0.00;3;0;0;0;0;13.1;93;0;4.3;0;-;16;50;845;0;0;1091.0;0.0;0.0;0;0;0;0;1;1;
2026.08.27;20:31:50.3;0.00;0.00;24;78;0;0;0;332;840;861;26;0.00;0.00;0.00;0.00;3;0;0;0;0;13.1;93;0;4.3;0;-;16;50;845;0;0;1091.0;0.0;0.0;0;0;0;0;1;1;
2026.08.27;20:31:50.8;0.00;0.00;24;78;0;0;0;332;840;861;26;0.00;0.00;0.00;0.00;3;0;0;0;0;13.0;93;0;4.3;0;-;16;50;845;0;0;1091.0;0.0;0.0;0;0;0;0;1;1;
2026.08.27;20:31:51.2;0.00;0.00;24;78;0;0;0;332;840;861;26;0.00;0.00;0.00;0.00;3;0;0;0;0;13.0;93;0;4.3;0;-;16;50;845;0;0;1091.0;0.0;0.0;0;0;0;0;1;1;
2026.08.27;20:31:51.7;0.00;0.00;24;78;0;0;0;332;840;861;26;0.00;0.00;0.00;0.00;3;0;0;0;0;13.0;93;0;4.3;0;-;16;50;845;0;0;1091.0;0.0;0.0;0;0;0;0;1;1;
2026.08.27;20:31:52.1;0.00;0.00;24;78;0;0;0;332;840;861;26;0.00;0.00;0.00;0.00;3;0;0;0;0;13.0;93;0;4.3;0;-;16;50;845;0;0;1091.0;0.0;0.0;0;0;0;0;1;1;
2026.08.27;20:31:52.6;0.00;0.00;24;78;0;0;0;332;840;861;26;0.00;0.00;0.00;0.00;3;0;0;0;0;12.9;93;0;4.4;0;-;16;50;845;0;0;1091.0;0.0;0.0;0;0;0;0;1;1;
2026.08.27;20:31:53.0;0.00;0.00;24;78;0;0;0;332;840;861;26;0.00;0.00;0.00;0.00;3;0;0;0;0;12.9;93;0;4.4;0;-;16;50;845;0;0;1091.0;0.0;0.0;0;0;0;0;1;1;
