Date;Time;UpMixCorr;DownMixCorr;UpO2Volt;DownO2Volt;UpO2Heat;DownO2Heat;CanisterValve;BrakePress;IntakeAirPressInstr;IntakeAirPress;ExternalTemp;Inj.1Time;Inj.2Time;Inj.3Time;Inj.4Time;Cyl.Adv;Cyl.1AdvCorr;Cyl.2AdvCorr;Cyl.3AdvCorr;Cyl.4AdvCorr;Battery;Coolant;FanSpeed;AirCPress;Speed;Gear;FuelLevel;AirManifold;AtmosphPress;Revs;AccelPedalPos;KnockSensor;AirFlowInstr;AirFlow;InCamDephaserInstr;InCamDephaser;InCamDephaserValve;Errors;BR;CL;
2026.08.28;12:37:14.1;-0.01;-0.01;668;600;85;94;26;213;357;357;27;2.70;2.70;2.70;2.70;-2;0;0;0;0;14.2;82;26;4.1;0;-;16;31;854;748;0;1183.0;8.8;9.0;0;0;0;0;0;0;
2026.08.28;12:37:14.5;0.01;0.01;97;83;86;94;26;213;357;357;27;2.73;2.73;2.73;2.73;-2;0;0;0;0;14.2;82;26;4.1;0;-;16;31;854;748;0;1183.0;9.0;8.9;0;0;0;0;0;0;
2026.08.28;12:37:15.0;0.01;0.01;97;83;86;94;26;213;378;357;27;2.73;2.73;2.73;2.73;1;0;0;0;0;14.2;82;26;4.1;0;-;16;31;854;754;0;1239.0;9.1;8.9;0;0;0;0;0;0;
2026.08.28;12:37:15.4;0.02;0.02;151;205;85;94;26;213;378;357;27;2.79;2.79;2.79;2.79;-2;0;0;0;0;14.1;82;26;4.1;0;-;16;31;854;756;0;1309.0;9.1;8.9;0;0;0;0;0;0;
2026.08.28;12:37:15.9;0.03;0.03;112;131;86;94;26;213;357;357;27;2.80;2.80;2.80;2.80;-2;0;0;0;0;14.1;82;26;4.1;0;-;16;31;854;756;0;1309.0;9.0;9.0;0;0;0;0;0;0;
2026.08.28;12:37:16.3;0.03;0.03;112;131;86;94;26;213;357;357;27;2.80;2.80;2.80;2.80;-3;0;0;0;0;14.1;82;26;4.1;0;-;16;31;854;748;0;1166.0;8.9;8.9;0;0;0;0;0;0;
2026.08.28;12:37:16.8;-0.00;-0.00;708;156;86;95;26;213;357;357;27;2.69;2.69;2.69;2.69;-3;0;0;0;0;14.1;83;26;4.1;0;-;16;31;854;744;0;1165.0;8.9;8.9;0;0;0;0;0;0;
2026.08.28;12:37:17.2;-0.00;-0.00;708;156;86;95;26;213;357;357;27;2.69;2.69;2.69;2.69;-2;0;0;0;0;14.1;83;26;4.1;0;-;16;31;854;744;0;1165.0;8.8;8.9;0;0;0;0;0;0;
2026.08.28;12:37:17.7;0.01;0.01;166;717;86;95;26;213;357;357;27;2.71;2.71;2.71;2.71;1;0;0;0;0;14.1;83;26;4.1;0;-;16;31;854;751;0;1375.0;9.1;9.1;0;0;0;0;0;0;
2026.08.28;12:37:18.1;0.02;0.02;97;78;86;94;26;213;357;357;27;2.80;2.80;2.80;2.80;1;0;0;0;0;14.1;83;26;4.1;0;-;16;31;854;751;0;1264.0;9.1;9.1;0;0;0;0;0;0;
2026.08.28;12:37:18.6;0.02;0.02;97;78;86;94;26;213;357;357;27;2.80;2.80;2.80;2.80;-2;0;0;0;0;14.1;83;26;4.1;0;-;16;31;854;751;0;1264.0;8.8;9.0;0;0;0;0;0;0;
2026.08.28;12:37:19.0;0.02;0.02;136;87;86;95;26;213;357;357;27;2.77;2.77;2.77;2.77;0;0;0;0;0;14.1;83;26;4.1;0;-;16;31;854;751;0;1402.0;8.9;9.0;0;0;0;0;0;0;
2026.08.28;12:37:19.5;-0.02;-0.02;659;200;86;95;26;213;357;357;27;2.64;2.64;2.64;2.64;0;0;0;0;0;14.1;83;26;4.1;0;-;16;31;854;752;0;1609.0;8.9;9.0;0;0;0;0;0;0;
2026.08.28;12:37:19.9;-0.02;-0.02;659;200;86;95;26;213;378;357;27;2.64;2.64;2.64;2.64;-2;0;0;0;0;14.1;83;26;4.1;0;-;16;31;854;752;0;1609.0;9.0;8.8;0;0;0;0;0;0;
2026.08.28;12:37:20.4;-0.01;-0.01;68;97;86;95;26;214;378;357;27;2.70;2.70;2.70;2.70;1;0;0;0;0;14.1;83;26;4.1;0;-;16;31;854;746;0;1120.0;9.0;8.8;0;0;0;0;0;0;
2026.08.28;12:37:20.9;-0.00;-0.00;78;58;85;94;26;214;357;357;27;2.71;2.71;2.71;2.71;1;0;0;0;0;14.1;83;26;4.1;0;-;16;31;854;749;0;1596.0;8.9;9.0;0;1;0;0;0;0;
2026.08.28;12:37:21.3;-0.00;-0.00;78;58;85;94;26;214;357;357;27;2.71;2.71;2.71;2.71;-2;0;0;0;0;14.1;83;26;4.1;0;-;16;31;854;749;0;1596.0;9.0;9.1;0;0;0;0;0;0;
2026.08.28;12:37:21.8;0.01;0.01;87;78;87;95;26;214;357;357;27;2.75;2.75;2.75;2.75;0;0;0;0;0;14.1;83;26;4.1;0;-;16;31;854;756;0;1492.0;9.0;9.1;0;0;0;0;0;0;
2026.08.28;12:37:22.2;0.03;0.03;87;83;86;94;25;214;357;357;27;2.76;2.76;2.76;2.76;0;0;0;0;0;14.1;83;26;4.1;0;-;16;31;854;756;0;1492.0;9.0;9.1;0;0;0;0;0;0;
2026.08.28;12:37:22.7;0.03;0.03;87;83;86;94;25;214;357;357;27;2.76;2.76;2.76;2.76;-3;0;0;0;0;14.1;83;26;4.1;0;-;16;31;854;759;0;1569.0;8.8;9.0;0;0;0;0;0;0;
2026.08.28;12:37:23.1;0.01;0.01;615;112;86;95;26;214;357;357;27;2.69;2.69;2.69;2.69;-3;0;0;0;0;14.1;83;26;4.1;0;-;16;31;854;750;0;1217.0;8.8;9.0;0;0;0;0;0;0;
2026.08.28;12:37:23.6;-0.00;-0.00;522;722;87;95;26;214;357;336;27;2.68;2.68;2.68;2.68;-3;0;0;0;0;14.1;83;26;4.1;0;-;16;31;854;750;0;1217.0;8.8;8.9;0;0;0;0;0;0;
2026.08.28;12:37:24.0;-0.00;-0.00;522;722;87;95;26;214;357;357;27;2.68;2.68;2.68;2.68;0;0;0;0;0;14.1;83;26;4.1;0;-;16;31;854;747;0;1586.0;8.9;9.0;0;0;0;0;0;0;
2026.08.28;12:37:24.5;0.02;0.02;83;68;86;95;26;214;357;357;27;2.74;2.74;2.74;2.74;0;0;0;0;0;14.1;83;26;4.1;0;-;16;31;854;751;0;1738.0;8.9;9.0;0;0;0;0;0;0;
2026.08.28;12:37:24.9;0.02;0.02;83;68;86;95;26;214;378;357;27;2.74;2.74;2.74;2.74;-2;0;0;0;0;14.1;83;26;4.1;0;-;16;31;854;751;0;1738.0;9.1;9.0;0;0;0;0;0;0;
2026.08.28;12:37:25.4;0.03;0.03;92;78;86;94;26;214;357;357;27;2.78;2.78;2.78;2.78;0;0;0;0;0;14.1;83;26;4.1;0;-;16;31;854;750;0;1145.0;8.8;9.0;0;0;0;0;0;0;
2026.08.28;12:37:25.8;0.04;0.04;107;87;86;94;26;214;357;357;27;2.74;2.74;2.74;2.74;0;0;0;0;0;14.1;83;26;4.1;0;-;16;31;854;743;0;1251.0;8.8;9.0;0;0;0;0;0;0;
2026.08.28;12:37:26.3;0.07;0.07;356;161;86;95;26;214;357;357;27;2.81;2.81;2.81;2.81;-2;0;0;0;0;14.1;83;26;4.1;0;-;16;31;854;743;0;1251.0;8.8;8.9;0;0;0;0;0;0;
2026.08.28;12:37:26.7;0.07;0.07;356;161;86;95;26;214;357;357;27;2.81;2.81;2.81;2.81;0;0;0;0;0;14.1;83;26;4.1;0;-;16;31;854;752;0;1350.0;8.8;8.8;0;0;0;0;0;0;
2026.08.28;12:37:27.2;0.01;0.01;668;737;86;94;26;214;357;357;27;2.68;2.68;2.68;2.68;1;0;0;0;0;14.1;83;26;4.1;0;-;16;31;854;747;0;1654.0;8.8;8.8;0;0;0;0;0;0;
2026.08.28;12:37:27.6;0.03;0.03;92;73;86;95;26;214;357;357;27;2.72;2.72;2.72;2.72;1;0;0;0;0;14.1;83;26;4.1;0;-;16;31;854;747;0;1654.0;8.9;8.9;0;0;0;0;0;0;
2026.08.28;12:37:28.1;0.03;0.03;92;73;86;95;26;214;357;336;27;2.72;2.72;2.72;2.72;0;0;0;0;0;14.1;83;26;4.1;0;-;16;31;854;754;0;1659.0;8.7;8.9;0;0;0;0;0;0;
2026.08.28;12:37:28.5;0.02;0.02;683;136;85;94;26;214;357;336;27;2.73;2.73;2.73;2.73;1;0;0;0;0;14.1;83;26;4.1;0;-;16;31;854;752;0;1208.0;8.7;8.9;0;0;0;0;0;0;
2026.08.28;12:37:29.0;0.01;0.01;664;703;87;96;26;214;357;357;27;2.71;2.71;2.71;2.71;1;0;0;0;0;14.1;83;26;4.1;0;-;16;31;854;752;0;1208.0;8.8;8.8;0;0;0;0;0;0;
2026.08.28;12:37:29.4;0.01;0.01;664;703;87;96;26;214;357;357;27;2.71;2.71;2.71;2.71;-4;0;0;0;0;14.1;83;26;4.1;0;-;16;31;854;744;0;1205.0;8.8;8.8;0;0;0;0;0;0;
2026.08.28;12:37:29.9;0.03;0.03;141;92;86;94;26;214;357;357;27;2.74;2.74;2.74;2.74;0;0;0;0;0;14.1;83;26;4.1;0;-;16;31;854;755;0;1025.0;8.8;8.8;0;0;0;0;0;0;
2026.08.28;12:37:30.3;0.01;0.01;673;678;85;94;26;214;357;357;27;2.72;2.72;2.72;2.72;0;0;0;0;0;14.1;83;26;4.1;0;-;16;31;854;755;0;1025.0;8.7;8.9;0;0;0;0;0;0;
2026.08.28;12:37:30.8;0.01;0.01;673;678;85;94;26;214;357;336;27;2.72;2.72;2.72;2.72;-3;0;0;0;0;14.1;83;26;4.1;0;-;16;31;854;742;0;1258.0;8.8;8.9;0;0;0;0;0;0;
2026.08.28;12:37:31.2;0.01;0.01;683;708;87;95;26;214;357;336;27;2.72;2.72;2.72;2.72;0;0;0;0;0;14.1;83;26;4.1;0;-;16;31;854;744;0;1372.0;8.8;8.9;0;0;0;0;0;0;
2026.08.28;12:37:31.7;0.02;0.02;97;126;86;95;26;214;378;357;27;2.86;2.86;2.86;2.86;0;0;0;0;0;14.1;83;26;4.1;0;-;16;31;854;744;0;1372.0;9.1;9.2;0;0;0;0;0;0;
2026.08.28;12:37:32.1;0.02;0.02;97;126;86;95;26;214;357;357;27;2.86;2.86;2.86;2.86;-5;0;0;0;0;14.1;83;26;4.1;0;-;16;31;854;756;0;1464.0;8.9;9.1;0;0;0;0;0;0;
2026.08.28;12:37:32.6;0.03;0.03;219;102;85;94;24;214;357;357;27;2.81;2.81;2.81;2.81;-4;0;0;0;0;14.1;83;26;4.1;0;-;16;31;854;756;0;1241.0;8.9;9.1;0;0;0;0;0;0;
2026.08.28;12:37:33.0;0.01;0.01;771;751;86;95;26;214;357;336;27;2.71;2.71;2.71;2.71;-4;0;0;0;0;14.1;83;26;4.1;0;-;16;31;854;756;0;1241.0;8.6;8.7;0;0;0;0;0;0;
2026.08.28;12:37:33.5;0.01;0.01;771;751;86;95;26;214;357;357;27;2.71;2.71;2.71;2.71;-2;0;0;0;0;14.1;83;26;4.1;0;-;16;31;854;750;0;1302.0;8.6;8.7;0;0;0;0;0;0;
2026.08.28;12:37:33.9;0.00;0.00;761;771;85;94;26;214;357;357;27;2.67;2.67;2.67;2.67;-2;0;0;0;0;14.2;83;26;4.1;0;-;16;31;854;757;0;1236.0;8.6;8.7;0;0;0;0;0;0;
2026.08.28;12:37:34.4;0.00;0.00;761;771;85;94;26;214;357;357;27;2.67;2.67;2.67;2.67;-1;0;0;0;0;14.2;83;26;4.1;0;-;16;31;854;757;0;1236.0;8.7;8.8;0;0;0;0;0;0;
2026.08.28;12:37:34.8;-0.01;-0.01;742;751;85;94;26;214;357;357;27;2.69;2.69;2.69;2.69;1;0;0;0;0;14.2;83;26;4.1;0;-;16;31;854;749;0;1567.0;8.7;8.8;0;0;0;0;0;0;
2026.08.28;12:37:35.3;0.02;0.02;288;698;86;95;26;214;357;336;27;2.78;2.78;2.78;2.78;1;0;0;0;0;14.2;83;26;4.1;0;-;16;31;854;752;0;1137.0;8.8;8.7;0;0;0;0;0;0;
2026.08.28;12:37:35.7;0.02;0.02;288;698;86;95;26;214;357;336;27;2.78;2.78;2.78;2.78;-2;0;0;0;0;14.2;83;26;4.1;0;-;16;31;854;752;0;1137.0;8.8;8.8;0;0;0;0;0;0;
2026.08.28;12:37:36.2;0.00;0.00;751;161;86;95;26;214;357;336;27;2.73;2.73;2.73;2.73;-2;0;0;0;0;14.2;83;26;4.1;0;-;16;31;854;750;0;1559.0;8.8;8.8;0;0;0;0;0;0;
2026.08.28;12:37:36.6;-0.00;-0.00;751;766;85;94;25;214;357;336;27;2.71;2.71;2.71;2.71;-2;0;0;0;0;14.2;83;26;4.1;0;-;16;31;854;750;0;1559.0;8.7;8.8;0;0;0;0;0;0;
2026.08.28;12:37:37.1;-0.00;-0.00;751;766;85;94;25;214;357;357;27;2.71;2.71;2.71;2.71;-3;0;0;0;0;14.2;83;26;4.1;0;-;16;31;854;750;0;1213.0;8.7;8.7;0;0;0;0;0;0;
2026.08.28;12:37:37.5;-0.01;-0.01;727;756;86;95;26;214;357;357;27;2.71;2.71;2.71;2.71;-3;0;0;0;0;14.2;84;26;4.1;0;-;16;31;854;751;0;1222.0;8.7;8.7;0;0;0;0;0;0;
2026.08.28;12:37:38.0;-0.03;-0.03;742;747;87;95;25;214;357;357;27;2.68;2.68;2.68;2.68;-1;0;0;0;0;14.2;84;26;4.1;0;-;16;31;854;751;0;1222.0;8.8;8.7;0;1;0;0;0;0;
2026.08.28;12:37:38.4;-0.03;-0.03;742;747;87;95;25;214;357;357;27;2.68;2.68;2.68;2.68;0;0;0;0;0;14.1;84;26;4.1;0;-;16;31;854;745;0;1525.0;8.8;8.7;0;0;0;0;0;0;
2026.08.28;12:37:38.9;0.00;0.00;97;366;85;94;25;214;357;357;27;2.76;2.76;2.76;2.76;0;0;0;0;0;14.1;84;26;4.1;0;-;16;31;854;747;0;1039.0;8.8;8.7;0;0;0;0;0;0;
2026.08.28;12:37:39.3;0.00;0.00;97;366;85;94;25;214;357;336;27;2.76;2.76;2.76;2.76;-1;0;0;0;0;14.1;84;26;4.1;0;-;16;31;854;747;0;1039.0;8.8;8.9;0;0;0;0;0;0;
2026.08.28;12:37:39.8;-0.01;-0.01;776;664;87;95;25;214;357;336;27;2.73;2.73;2.73;2.73;-1;0;0;0;0;14.1;84;26;4.1;0;-;16;31;854;746;0;1325.0;8.8;8.8;0;0;0;0;0;0;
2026.08.28;12:37:40.2;-0.02;-0.02;761;766;86;94;25;214;357;336;27;2.73;2.73;2.73;2.73;-1;0;0;0;0;14.1;84;26;4.1;0;-;16;31;854;747;0;1318.0;8.8;8.8;0;0;0;0;0;0;
2026.08.28;12:37:40.7;-0.02;-0.02;761;766;86;94;25;214;357;357;27;2.73;2.73;2.73;2.73;-2;0;0;0;0;14.1;84;26;4.1;0;-;16;31;854;747;0;1318.0;8.8;8.7;0;1;0;0;0;0;
2026.08.28;12:37:41.1;-0.03;-0.03;737;756;85;94;25;214;357;357;27;2.70;2.70;2.70;2.70;-2;0;0;0;0;14.1;84;27;4.1;0;-;16;31;854;742;0;1501.0;8.8;8.7;0;1;0;0;0;0;
2026.08.28;12:37:41.6;-0.05;-0.05;703;732;87;96;26;214;357;357;27;2.69;2.69;2.69;2.69;-2;0;0;0;0;14.1;84;27;4.1;0;-;16;31;854;742;0;1501.0;8.8;8.8;0;0;0;0;0;0;
2026.08.28;12:37:42.0;-0.05;-0.05;703;732;87;96;26;214;378;357;27;2.69;2.69;2.69;2.69;-2;0;0;0;0;14.1;84;27;4.1;0;-;16;31;854;750;0;1487.0;9.0;9.0;0;0;0;0;0;0;
2026.08.28;12:37:42.5;-0.01;-0.01;83;102;86;95;25;214;378;357;27;2.85;2.85;2.85;2.85;-4;0;0;0;0;14.1;84;27;4.1;0;-;16;31;854;762;0;1211.0;9.0;9.0;0;0;0;0;0;0;
2026.08.28;12:37:42.9;-0.02;-0.02;732;620;85;94;25;214;357;357;27;2.76;2.76;2.76;2.76;-4;0;0;0;0;14.1;84;27;4.1;0;-;16;31;854;762;0;1211.0;8.8;8.9;0;0;0;0;0;0;
2026.08.28;12:37:43.4;-0.02;-0.02;732;620;85;94;25;214;357;357;27;2.76;2.76;2.76;2.76;0;0;0;0;0;14.1;84;27;4.1;0;-;16;31;854;747;0;1129.0;8.8;9.0;0;0;0;0;0;0;
2026.08.28;12:37:43.8;-0.03;-0.03;527;698;85;94;26;214;357;357;27;2.75;2.75;2.75;2.75;0;0;0;0;0;14.1;84;27;4.1;0;-;16;31;854;749;0;1661.0;8.8;9.0;0;0;0;0;0;0;
2026.08.28;12:37:44.3;-0.03;-0.03;615;668;85;94;25;214;378;357;27;2.75;2.75;2.75;2.75;-5;0;0;0;0;14.1;84;27;4.1;0;-;16;31;854;749;0;1661.0;9.0;8.9;0;0;0;0;0;0;
2026.08.28;12:37:44.7;-0.03;-0.03;615;668;85;94;25;214;357;357;27;2.75;2.75;2.75;2.75;-2;0;0;0;0;14.1;85;27;4.1;0;-;16;31;854;749;0;1291.0;8.9;9.0;0;0;0;0;0;0;
2026.08.28;12:37:45.2;-0.01;-0.01;112;83;86;95;26;214;357;357;27;2.78;2.78;2.78;2.78;-2;0;0;0;0;14.1;85;27;4.1;0;-;16;31;854;748;0;1331.0;8.9;9.0;0;0;0;0;0;0;
2026.08.28;12:37:45.6;-0.01;-0.01;112;83;86;95;26;214;357;357;27;2.78;2.78;2.78;2.78;-1;0;0;0;0;14.1;85;27;4.1;0;-;16;31;854;748;0;1331.0;9.0;9.0;0;0;0;0;0;0;
2026.08.28;12:37:46.1;-0.03;-0.03;698;693;86;95;25;214;357;357;27;2.72;2.72;2.72;2.72;-3;0;0;0;0;14.1;85;27;4.1;0;-;16;31;854;752;0;1182.0;8.9;9.0;0;0;0;0;0;0;
2026.08.28;12:37:46.5;-0.01;-0.01;97;224;86;95;26;214;357;357;27;2.78;2.78;2.78;2.78;-3;0;0;0;0;14.1;85;27;4.1;0;-;16;31;854;752;0;1148.0;8.9;9.0;0;0;0;0;0;0;
2026.08.28;12:37:47.0;-0.01;-0.01;97;224;86;95;26;214;357;357;27;2.78;2.78;2.78;2.78;0;0;0;0;0;14.1;85;27;4.1;0;-;16;31;854;752;0;1148.0;9.0;9.0;0;0;0;0;0;0;
2026.08.28;12:37:47.4;-0.01;-0.01;122;107;86;94;26;214;357;357;27;2.76;2.76;2.76;2.76;-2;0;0;0;0;14.1;85;27;4.1;0;-;16;31;854;754;0;1592.0;9.0;9.0;0;0;0;0;0;0;
2026.08.28;12:37:47.9;-0.02;-0.02;502;151;86;95;26;214;357;357;27;2.74;2.74;2.74;2.74;-2;0;0;0;0;14.1;85;27;4.1;0;-;16;31;854;754;0;1592.0;8.9;9.1;0;0;0;0;0;0;
2026.08.28;12:37:48.4;-0.02;-0.02;502;151;86;95;26;214;357;357;27;2.74;2.74;2.74;2.74;0;0;0;0;0;14.1;85;27;4.1;0;-;16;31;854;749;0;1443.0;8.8;9.0;0;0;0;0;0;0;
2026.08.28;12:37:48.8;-0.01;-0.01;224;649;85;94;26;214;357;357;27;2.75;2.75;2.75;2.75;-1;0;0;0;0;14.1;85;27;4.1;0;-;16;31;854;748;0;1425.0;8.8;9.0;0;0;0;0;0;0;
2026.08.28;12:37:49.3;-0.02;-0.02;698;263;87;95;26;214;357;357;27;2.71;2.71;2.71;2.71;-1;0;0;0;0;14.1;85;27;4.1;0;-;16;31;854;748;0;1425.0;9.0;9.1;0;0;0;0;0;0;
2026.08.28;12:37:49.7;-0.02;-0.02;698;263;87;95;26;214;357;357;27;2.71;2.71;2.71;2.71;-2;0;0;0;0;14.1;85;27;4.1;0;-;16;31;854;745;0;953.0;8.9;8.9;0;0;0;0;0;0;
2026.08.28;12:37:50.2;-0.00;-0.00;92;161;85;94;26;214;357;357;27;2.73;2.73;2.73;2.73;-2;0;0;0;0;14.1;85;27;4.1;0;-;16;31;854;753;0;1580.0;8.9;8.9;0;0;0;0;0;0;
2026.08.28;12:37:50.6;-0.00;-0.00;92;161;85;94;26;214;357;357;27;2.73;2.73;2.73;2.73;-2;0;0;0;0;14.1;85;27;4.1;0;-;16;31;854;753;0;1580.0;8.8;9.0;0;0;0;0;0;0;
2026.08.28;12:37:51.1;0.00;0.00;87;87;87;95;26;214;357;357;27;2.75;2.75;2.75;2.75;-3;0;0;0;0;14.1;85;27;4.1;0;-;16;31;854;753;0;1150.0;8.8;9.0;0;0;0;0;0;0;
2026.08.28;12:37:51.5;0.01;0.01;92;92;85;94;26;214;357;357;27;2.77;2.77;2.77;2.77;-3;0;0;0;0;14.1;85;27;4.1;0;-;16;31;854;754;0;1366.0;8.8;8.9;0;0;0;0;0;0;
2026.08.28;12:37:52.0;0.01;0.01;92;92;85;94;26;214;357;357;27;2.77;2.77;2.77;2.77;-2;0;0;0;0;14.1;85;27;4.1;0;-;16;31;854;754;0;1366.0;9.0;9.0;0;1;0;0;0;0;
2026.08.28;12:37:52.4;0.03;0.03;102;97;86;95;26;214;357;357;27;2.81;2.81;2.81;2.81;-2;0;0;0;0;14.1;85;27;4.1;0;-;16;31;854;753;0;1678.0;9.0;9.0;0;1;0;0;0;0;
2026.08.28;12:37:52.9;-0.00;-0.00;717;600;86;95;26;214;357;357;27;2.71;2.71;2.71;2.71;-2;0;0;0;0;14.1;85;27;4.1;0;-;16;31;854;749;0;1527.0;8.7;9.0;0;0;0;0;0;0;
2026.08.28;12:37:53.3;-0.00;-0.00;717;600;86;95;26;214;357;357;27;2.71;2.71;2.71;2.71;-2;0;0;0;0;14.1;85;27;4.1;0;-;16;31;854;749;0;1527.0;8.7;8.9;0;0;0;0;0;0;
2026.08.28;12:37:53.8;0.01;0.01;83;97;86;94;26;214;357;357;27;2.75;2.75;2.75;2.75;-2;0;0;0;0;14.1;85;27;4.1;0;-;16;31;854;748;0;1029.0;8.7;8.9;0;0;0;0;0;0;
2026.08.28;12:37:54.2;0.02;0.02;87;78;86;95;26;214;357;357;27;2.72;2.72;2.72;2.72;-2;0;0;0;0;14.1;85;27;4.1;0;-;16;31;854;754;0;1148.0;8.6;9.0;0;0;0;0;0;0;
2026.08.28;12:37:54.7;0.02;0.02;87;78;86;95;26;214;357;357;27;2.72;2.72;2.72;2.72;-2;0;0;0;0;14.1;85;27;4.1;0;-;16;31;854;754;0;1148.0;8.9;9.0;0;0;0;0;0;0;
2026.08.28;12:37:55.1;0.03;0.03;107;83;85;94;26;214;357;357;27;2.76;2.76;2.76;2.76;-2;0;0;0;0;14.1;85;27;4.0;0;-;16;31;854;753;0;1553.0;8.9;9.0;0;0;0;0;0;0;
2026.08.28;12:37:55.6;0.05;0.05;107;102;87;95;26;214;357;357;27;2.84;2.84;2.84;2.84;-2;0;0;0;0;14.1;85;27;4.0;0;-;16;31;854;753;0;1348.0;8.7;9.0;0;0;0;0;0;0;
2026.08.28;12:37:56.0;0.05;0.05;107;102;87;95;26;214;357;357;27;2.84;2.84;2.84;2.84;-3;0;0;0;0;14.1;85;27;4.0;0;-;16;31;854;753;0;1348.0;8.7;9.0;0;0;0;0;0;0;
2026.08.28;12:37:56.5;0.02;0.02;742;639;86;94;26;214;357;357;27;2.72;2.72;2.72;2.72;-2;0;0;0;0;14.1;85;27;4.0;0;-;16;31;854;746;0;1241.0;8.7;9.0;0;0;0;0;0;0;
2026.08.28;12:37:56.9;0.03;0.03;83;122;86;95;26;214;357;357;27;2.77;2.77;2.77;2.77;-2;0;0;0;0;14.1;85;27;4.0;0;-;16;31;854;746;0;1241.0;8.8;8.9;0;0;0;0;0;0;
2026.08.28;12:37:57.4;0.03;0.03;83;122;86;95;26;214;357;357;27;2.77;2.77;2.77;2.77;-1;0;0;0;0;14.1;85;27;4.0;0;-;16;31;854;752;0;1088.0;8.7;8.8;0;0;0;0;0;0;
2026.08.28;12:37:57.8;0.04;0.04;112;87;85;94;26;214;357;357;27;2.77;2.77;2.77;2.77;-1;0;0;0;0;14.1;85;27;4.0;0;-;16;31;854;757;0;1370.0;8.7;8.8;0;0;0;0;0;0;
2026.08.28;12:37:58.3;0.04;0.04;112;87;85;94;26;214;357;336;27;2.77;2.77;2.77;2.77;0;0;0;0;0;14.1;85;27;4.0;0;-;16;31;854;757;0;1370.0;8.7;9.0;0;0;0;0;0;0;
2026.08.28;12:37:58.7;0.02;0.02;722;683;85;94;26;214;357;336;27;2.71;2.71;2.71;2.71;0;0;0;0;0;14.1;85;27;4.0;0;-;16;31;854;750;0;1249.0;8.7;9.0;0;0;0;0;0;0;
2026.08.28;12:37:59.2;0.01;0.01;561;644;86;95;26;214;357;336;27;2.73;2.73;2.73;2.73;0;0;0;0;0;14.1;85;27;4.0;0;-;16;31;854;750;0;1249.0;8.7;9.0;0;0;0;0;0;0;
2026.08.28;12:37:59.6;0.01;0.01;561;644;86;95;26;214;357;357;27;2.73;2.73;2.73;2.73;-3;0;0;0;0;14.1;85;27;4.0;0;-;16;31;854;750;0;1423.0;8.6;8.8;0;0;0;0;0;0;
2026.08.28;12:38:00.1;0.02;0.02;717;288;85;94;23;214;357;357;27;2.65;2.65;2.65;2.65;0;0;0;0;0;14.1;85;27;4.0;0;-;16;31;854;752;0;1231.0;8.6;8.8;0;0;0;0;0;0;
2026.08.28;12:38:00.5;0.01;0.01;751;756;87;96;24;214;357;336;27;2.65;2.65;2.65;2.65;0;0;0;0;0;14.1;85;27;4.0;0;-;16;31;854;752;0;1231.0;8.6;8.8;0;1;0;0;0;0;
2026.08.28;12:38:01.0;0.01;0.01;751;756;87;96;24;214;357;336;27;2.65;2.65;2.65;2.65;0;0;0;0;0;14.1;85;27;4.0;0;-;16;31;854;757;0;1523.0;8.7;8.7;0;0;0;0;0;0;
2026.08.28;12:38:01.4;0.00;0.00;742;756;86;94;26;214;357;336;27;2.67;2.67;2.67;2.67;0;0;0;0;0;14.0;85;27;4.0;0;-;16;31;854;754;0;1439.0;8.7;8.7;0;0;0;0;0;0;
2026.08.28;12:38:01.9;0.00;0.00;742;756;86;94;26;214;357;357;27;2.67;2.67;2.67;2.67;-2;0;0;0;0;14.0;85;27;4.0;0;-;16;31;854;754;0;1439.0;8.7;8.9;0;0;0;0;0;0;
2026.08.28;12:38:02.3;-0.02;-0.02;463;703;87;96;25;214;357;357;27;2.67;2.67;2.67;2.67;-2;0;0;0;0;14.0;85;27;4.0;0;-;16;31;854;745;0;1108.0;8.7;8.9;0;0;0;0;0;0;
2026.08.28;12:38:02.8;0.02;0.02;742;156;87;95;26;214;357;336;27;2.74;2.74;2.74;2.74;-2;0;0;0;0;14.0;85;27;4.0;0;-;16;31;854;745;0;1108.0;8.8;8.8;0;0;0;0;0;0;
2026.08.28;12:38:03.2;0.02;0.02;742;156;87;95;26;214;357;336;27;2.74;2.74;2.74;2.74;-2;0;0;0;0;14.0;85;27;4.0;0;-;16;31;854;745;0;1439.0;8.9;8.7;0;0;0;0;0;0;
2026.08.28;12:38:03.7;0.01;0.01;786;786;86;95;26;214;357;336;27;2.75;2.75;2.75;2.75;-3;0;0;0;0;14.1;85;27;4.0;0;-;16;31;854;752;0;1293.0;8.9;8.7;0;0;0;0;0;0;
2026.08.28;12:38:04.1;0.01;0.01;776;786;85;94;26;214;357;336;27;2.79;2.79;2.79;2.79;-3;0;0;0;0;14.1;85;27;4.0;0;-;16;31;854;752;0;1293.0;8.7;8.8;0;0;0;0;0;0;
2026.08.28;12:38:04.6;0.01;0.01;776;786;85;94;26;214;357;336;27;2.79;2.79;2.79;2.79;-2;0;0;0;0;14.1;85;27;4.0;0;-;16;31;854;747;0;1217.0;8.8;8.9;0;0;0;0;0;0;
2026.08.28;12:38:05.0;-0.01;-0.01;771;786;86;95;26;214;357;336;27;2.73;2.73;2.73;2.73;-2;0;0;0;0;14.1;85;27;4.0;0;-;16;31;854;751;0;1605.0;8.8;8.9;0;0;0;0;0;0;
2026.08.28;12:38:05.5;-0.01;-0.01;771;786;86;95;26;214;357;357;27;2.73;2.73;2.73;2.73;-1;0;0;0;0;14.1;85;27;4.0;0;-;16;31;854;751;0;1605.0;8.8;8.9;0;0;0;0;0;0;
2026.08.28;12:38:05.9;-0.04;-0.04;747;771;87;95;25;214;378;357;27;2.68;2.68;2.68;2.68;-2;0;0;0;0;14.1;86;27;4.0;0;-;16;31;854;744;0;1154.0;9.1;9.0;0;0;0;0;0;0;
2026.08.28;12:38:06.4;-0.01;-0.01;83;678;85;94;25;214;378;357;27;2.80;2.80;2.80;2.80;-2;0;0;0;0;14.1;86;27;4.0;0;-;16;31;854;752;0;1099.0;9.1;9.0;0;0;0;0;0;0;
2026.08.28;12:38:06.8;-0.01;-0.01;83;678;85;94;25;214;357;357;27;2.80;2.80;2.80;2.80;-3;0;0;0;0;14.1;86;27;4.0;0;-;16;31;854;752;0;1099.0;8.8;9.1;0;0;0;0;0;0;
2026.08.28;12:38:07.3;-0.02;-0.02;683;117;86;94;24;214;357;357;27;2.78;2.78;2.78;2.78;-3;0;0;0;0;14.1;86;27;4.0;0;-;16;31;854;744;0;1238.0;9.0;9.1;0;1;0;0;0;0;
2026.08.28;12:38:07.7;-0.02;-0.02;703;717;87;95;25;214;357;357;27;2.78;2.78;2.78;2.78;-3;0;0;0;0;14.1;86;27;4.0;0;-;16;31;854;753;0;1261.0;9.0;9.1;0;1;0;0;0;0;
2026.08.28;12:38:08.2;-0.03;-0.03;712;717;87;95;25;214;357;357;27;2.76;2.76;2.76;2.76;-2;0;0;0;0;14.1;86;27;4.0;0;-;16;31;854;753;0;1261.0;8.9;9.0;0;0;0;0;0;0;
2026.08.28;12:38:08.6;-0.03;-0.03;712;717;87;95;25;214;357;357;27;2.76;2.76;2.76;2.76;1;0;0;0;0;14.1;86;27;4.0;0;-;16;31;854;754;0;1591.0;8.9;9.0;0;0;0;0;0;0;
2026.08.28;12:38:09.1;-0.05;-0.05;683;649;87;96;25;214;357;357;27;2.71;2.71;2.71;2.71;1;0;0;0;0;14.1;86;27;4.0;0;-;16;31;854;754;0;1591.0;8.9;9.0;0;0;0;0;0;0;
2026.08.28;12:38:09.5;-0.05;-0.05;683;649;87;96;25;214;357;336;27;2.71;2.71;2.71;2.71;-1;0;0;0;0;14.1;86;27;4.0;0;-;16;31;854;754;0;1097.0;8.9;9.1;0;0;0;0;0;0;
2026.08.28;12:38:10.0;-0.01;-0.01;678;107;86;94;25;214;357;336;27;2.79;2.79;2.79;2.79;-3;0;0;0;0;14.1;86;27;4.0;0;-;16;31;854;754;0;1247.0;8.9;9.1;0;0;0;0;0;0;
2026.08.28;12:38:10.4;-0.02;-0.02;756;756;86;94;25;214;357;336;27;2.76;2.76;2.76;2.76;-3;0;0;0;0;14.1;86;27;4.0;0;-;16;31;854;754;0;1247.0;8.7;9.0;0;0;0;0;0;0;
2026.08.28;12:38:10.9;-0.02;-0.02;756;756;86;94;25;214;357;357;27;2.76;2.76;2.76;2.76;-2;0;0;0;0;14.1;86;27;4.0;0;-;16;31;854;752;0;1540.0;8.8;8.8;0;0;0;0;0;0;
2026.08.28;12:38:11.3;-0.03;-0.03;732;747;86;95;26;214;357;357;27;2.73;2.73;2.73;2.73;-2;0;0;0;0;14.1;86;27;4.0;0;-;16;31;854;746;0;1227.0;8.8;8.8;0;0;0;0;0;0;
2026.08.28;12:38:11.8;-0.03;-0.03;673;708;86;95;26;214;378;357;27;2.75;2.75;2.75;2.75;-2;0;0;0;0;14.1;86;27;4.0;0;-;16;31;854;746;0;1227.0;9.2;8.8;0;0;0;0;0;0;
2026.08.28;12:38:12.2;-0.03;-0.03;673;708;86;95;26;214;357;357;27;2.75;2.75;2.75;2.75;-2;0;0;0;0;14.1;86;27;4.0;0;-;16;31;854;752;0;1230.0;9.0;9.1;0;0;0;0;0;0;
2026.08.28;12:38:12.7;0.00;0.00;83;78;86;95;25;214;357;357;27;2.83;2.83;2.83;2.83;-2;0;0;0;0;14.1;86;27;4.0;0;-;16;31;854;758;0;1642.0;9.0;9.1;0;0;0;0;0;0;
2026.08.28;12:38:13.1;0.00;0.00;83;78;86;95;25;214;357;357;27;2.83;2.83;2.83;2.83;-2;0;0;0;0;14.1;86;27;4.0;0;-;16;31;854;758;0;1642.0;8.8;9.0;0;0;0;0;0;0;
2026.08.28;12:38:13.6;-0.01;-0.01;708;175;86;95;26;214;357;357;27;2.79;2.79;2.79;2.79;-2;0;0;0;0;14.1;86;27;4.0;0;-;16;31;854;753;0;1238.0;8.8;9.0;0;0;0;0;0;0;
2026.08.28;12:38:14.0;-0.02;-0.02;688;727;86;94;26;214;357;357;27;2.73;2.73;2.73;2.73;-2;0;0;0;0;14.1;86;27;4.0;0;-;16;31;854;747;0;1440.0;8.8;9.0;0;0;0;0;0;0;
2026.08.28;12:38:14.5;-0.02;-0.02;688;727;86;94;26;214;357;357;27;2.73;2.73;2.73;2.73;-2;0;0;0;0;14.1;86;27;4.0;0;-;16;31;854;747;0;1440.0;8.9;9.1;0;1;0;0;0;0;
2026.08.28;12:38:14.9;-0.00;-0.00;107;161;85;94;26;214;357;357;27;2.75;2.75;2.75;2.75;-2;0;0;0;0;14.1;86;27;4.0;0;-;16;31;854;754;0;1637.0;8.9;9.1;0;1;0;0;0;0;
2026.08.28;12:38:15.4;0.00;0.00;395;97;85;94;26;214;357;357;27;2.74;2.74;2.74;2.74;-2;0;0;0;0;14.1;86;27;4.0;0;-;16;31;854;754;0;1637.0;8.9;9.0;0;0;0;0;0;1;
2026.08.28;12:38:15.9;0.00;0.00;395;97;85;94;26;214;399;357;27;2.74;2.74;2.74;2.74;-2;0;0;0;0;14.1;86;27;4.0;0;-;16;31;854;754;0;1116.0;9.7;9.2;0;0;0;0;0;1;
2026.08.28;12:38:16.3;-0.02;-0.02;336;683;86;95;29;214;399;357;27;2.84;2.84;2.84;2.84;-5;0;0;0;0;14.0;86;27;4.0;0;-;16;31;854;737;0;1086.0;9.7;9.2;0;0;0;0;0;1;
2026.08.28;12:38:16.8;0.01;0.01;73;63;85;94;29;214;399;378;27;2.98;2.98;2.98;2.98;-5;0;0;0;0;14.0;86;27;4.0;0;-;16;31;854;742;0;1447.0;9.9;9.7;0;1;0;0;0;1;
2026.08.28;12:38:17.2;0.01;0.01;73;63;85;94;29;214;399;378;27;2.98;2.98;2.98;2.98;-7;0;0;0;0;14.0;86;27;4.0;0;-;16;31;854;742;0;1447.0;9.8;9.7;0;0;0;0;0;1;
2026.08.28;12:38:17.7;0.01;0.01;68;58;86;95;29;214;399;378;27;3.00;3.00;3.00;3.00;-7;0;0;0;0;14.0;86;27;4.0;0;-;16;31;854;749;0;1229.0;9.8;9.7;0;0;0;0;0;1;
2026.08.28;12:38:18.1;0.02;0.02;73;63;85;94;32;214;399;378;27;3.14;3.14;3.14;3.14;-7;0;0;0;0;14.0;86;27;4.0;0;-;16;31;854;749;0;1229.0;9.8;9.9;0;0;0;0;0;1;
2026.08.28;12:38:18.6;0.02;0.02;73;63;85;94;32;214;399;399;27;3.14;3.14;3.14;3.14;-6;0;0;0;0;14.2;86;27;4.0;0;-;16;31;854;742;0;1236.0;10.2;10.3;0;0;0;0;0;1;
2026.08.28;12:38:19.0;0.05;0.05;78;68;87;95;29;214;399;399;27;3.29;3.29;3.29;3.29;-6;0;0;0;0;14.2;86;27;4.0;0;-;16;31;854;764;0;1752.0;10.2;10.3;0;0;0;0;0;0;
2026.08.28;12:38:19.5;0.05;0.05;78;68;87;95;29;214;357;378;27;3.29;3.29;3.29;3.29;-6;0;0;0;0;14.2;86;27;4.0;0;-;16;31;854;764;0;1752.0;8.8;9.4;0;0;0;0;0;0;
2026.08.28;12:38:19.9;0.03;0.03;766;595;85;94;26;214;357;357;27;2.79;2.79;2.79;2.79;-3;0;0;0;0;14.2;86;27;4.0;0;-;16;31;854;753;0;1294.0;8.7;9.0;0;0;0;0;0;0;
2026.08.28;12:38:20.4;0.02;0.02;791;800;86;95;26;214;357;357;27;2.66;2.66;2.66;2.66;-3;0;0;0;0;14.1;86;27;4.0;0;-;16;31;854;763;0;1156.0;8.7;9.0;0;0;0;0;0;0;
2026.08.28;12:38:20.8;0.02;0.02;791;800;86;95;26;214;357;357;27;2.66;2.66;2.66;2.66;-2;0;0;0;0;14.1;86;27;4.0;0;-;16;31;854;763;0;1156.0;8.7;8.7;0;0;0;0;0;0;
2026.08.28;12:38:21.3;0.01;0.01;776;795;85;94;26;214;357;357;27;2.63;2.63;2.63;2.63;-2;0;0;0;0;14.1;86;27;4.0;0;-;16;31;854;746;0;1217.0;8.7;8.7;0;0;0;0;0;0;
2026.08.28;12:38:21.7;-0.00;-0.00;688;751;85;94;26;214;357;357;27;2.60;2.60;2.60;2.60;-2;0;0;0;0;14.1;86;27;4.0;0;-;16;31;854;746;0;1217.0;8.7;8.7;0;0;0;0;0;0;
2026.08.28;12:38:22.2;-0.00;-0.00;688;751;85;94;26;214;378;357;27;2.60;2.60;2.60;2.60;3;0;0;0;0;14.1;86;27;4.0;0;-;16;31;854;746;0;1618.0;9.0;9.0;0;0;0;0;0;0;
2026.08.28;12:38:22.6;0.04;0.04;97;78;86;95;25;214;378;357;27;2.80;2.80;2.80;2.80;1;0;0;0;0;14.2;86;27;4.0;0;-;16;31;854;751;0;1255.0;9.0;9.0;0;0;0;0;0;0;
2026.08.28;12:38:23.1;0.02;0.02;776;717;86;94;26;214;357;336;27;2.69;2.69;2.69;2.69;1;0;0;0;0;14.2;86;27;4.0;0;-;16;31;854;751;0;1255.0;8.9;8.9;0;1;0;0;0;0;
2026.08.28;12:38:23.5;0.02;0.02;776;717;86;94;26;214;357;357;27;2.69;2.69;2.69;2.69;-2;0;0;0;0;14.2;86;27;4.0;0;-;16;31;854;755;0;1625.0;8.7;8.7;0;0;0;0;0;0;
2026.08.28;12:38:24.0;0.02;0.02;766;776;86;94;26;214;357;357;27;2.71;2.71;2.71;2.71;-2;0;0;0;0;14.2;86;27;4.0;0;-;16;31;854;754;0;1300.0;8.7;8.7;0;0;0;0;0;0;
2026.08.28;12:38:24.4;0.01;0.01;761;781;86;95;26;214;357;336;27;2.69;2.69;2.69;2.69;-3;0;0;0;0;14.2;86;27;4.0;0;-;16;31;854;754;0;1300.0;8.8;8.7;0;0;0;0;0;0;
2026.08.28;12:38:24.9;0.01;0.01;761;781;86;95;26;214;357;357;27;2.69;2.69;2.69;2.69;-2;0;0;0;0;14.0;86;27;4.0;0;-;16;31;854;744;0;1309.0;8.8;9.0;0;0;0;0;0;0;
2026.08.28;12:38:25.3;-0.01;-0.01;698;756;85;94;26;214;357;357;27;2.69;2.69;2.69;2.69;-2;0;0;0;0;14.0;86;27;4.0;0;-;16;31;854;752;0;1394.0;8.8;9.0;0;0;0;0;0;0;
2026.08.28;12:38:25.8;-0.01;-0.01;698;756;85;94;26;214;378;357;27;2.69;2.69;2.69;2.69;1;0;0;0;0;14.0;86;27;4.0;0;-;16;31;854;752;0;1394.0;9.1;8.9;0;1;0;0;0;0;
2026.08.28;12:38:26.2;0.04;0.04;175;83;86;94;26;214;378;357;27;2.85;2.85;2.85;2.85;-4;0;0;0;0;14.0;86;27;4.0;0;-;16;31;854;754;0;1273.0;9.1;8.9;0;1;0;0;0;0;
2026.08.28;12:38:26.7;0.01;0.01;756;761;85;94;26;214;357;357;27;2.79;2.79;2.79;2.79;-4;0;0;0;0;14.0;86;27;4.0;0;-;16;31;854;754;0;1273.0;8.7;9.0;0;0;0;0;0;0;
2026.08.28;12:38:27.1;0.01;0.01;756;761;85;94;26;214;357;357;27;2.79;2.79;2.79;2.79;0;0;0;0;0;14.1;86;27;4.0;0;-;16;31;854;749;0;1714.0;8.7;8.9;0;0;0;0;0;0;
2026.08.28;12:38:27.6;0.01;0.01;737;751;86;95;26;214;357;357;27;2.77;2.77;2.77;2.77;2;0;0;0;0;14.1;86;27;4.0;0;-;16;31;854;751;0;1223.0;8.7;8.9;0;0;0;0;0;0;
2026.08.28;12:38:28.0;-0.01;-0.01;712;737;86;95;26;214;357;357;27;2.74;2.74;2.74;2.74;2;0;0;0;0;14.1;86;27;4.0;0;-;16;31;854;751;0;1223.0;9.0;9.0;0;0;0;0;0;0;
2026.08.28;12:38:28.5;-0.01;-0.01;712;737;86;95;26;214;378;357;27;2.74;2.74;2.74;2.74;2;0;0;0;0;14.1;86;27;4.0;0;-;16;31;854;752;0;1800.0;9.2;9.1;0;0;0;0;0;0;
2026.08.28;12:38:28.9;-0.04;-0.04;678;751;85;94;25;214;378;357;27;2.79;2.79;2.79;2.79;2;0;0;0;0;14.1;86;27;4.0;0;-;16;31;854;750;0;1250.0;9.2;9.1;0;0;0;0;1;0;
2026.08.28;12:38:29.4;-0.04;-0.04;678;751;85;94;25;214;378;357;27;2.79;2.79;2.79;2.79;4;0;0;0;0;14.1;86;27;4.0;0;-;16;31;854;750;0;1250.0;9.6;9.3;0;0;0;0;1;0;
2026.08.28;12:38:29.8;0.01;0.01;83;68;86;95;25;214;378;357;27;2.94;2.94;2.94;2.94;-3;0;0;0;0;14.1;86;27;4.0;0;-;16;31;854;755;0;1531.0;9.6;9.3;0;0;0;0;1;0;
2026.08.28;12:38:30.3;-0.00;-0.00;732;581;86;95;25;405;357;357;27;2.90;2.90;2.90;2.90;-3;0;0;0;0;14.1;86;27;4.0;0;-;16;31;854;754;0;1283.0;9.1;9.3;0;0;0;0;1;0;
2026.08.28;12:38:30.7;-0.00;-0.00;732;581;86;95;25;405;357;378;27;2.90;2.90;2.90;2.90;-2;0;0;0;0;14.1;86;27;4.0;0;-;16;31;854;754;0;1283.0;9.0;9.9;0;1;0;0;0;0;
2026.08.28;12:38:31.2;0.01;0.01;83;673;87;95;24;405;357;378;27;3.15;3.15;3.15;3.15;-6;0;0;0;0;14.1;86;27;4.0;0;-;16;31;854;746;0;1494.0;9.0;9.9;0;1;0;0;0;0;
2026.08.28;12:38:31.6;0.02;0.02;141;83;86;94;23;405;357;378;27;2.98;2.98;2.98;2.98;-6;0;0;0;0;14.1;86;27;4.0;0;-;16;31;854;744;0;1508.0;8.6;9.7;0;1;0;0;0;0;
2026.08.28;12:38:32.1;0.02;0.02;141;83;86;94;23;405;357;357;27;2.98;2.98;2.98;2.98;-2;0;0;0;0;14.1;86;27;4.0;0;-;16;31;854;744;0;1508.0;8.6;9.3;0;0;0;0;0;0;
2026.08.28;12:38:32.5;-0.00;-0.00;781;761;86;95;24;405;357;357;27;2.85;2.85;2.85;2.85;-3;0;0;0;0;14.1;86;27;4.0;0;-;16;31;854;749;0;1182.0;8.6;9.3;0;0;0;0;0;0;
2026.08.28;12:38:33.0;-0.01;-0.01;756;795;86;94;25;405;357;357;27;3.03;3.03;3.03;3.03;-3;0;0;0;0;14.1;86;27;4.0;0;-;16;31;854;749;0;1182.0;8.6;9.3;0;0;0;0;1;0;
2026.08.28;12:38:33.4;-0.01;-0.01;756;795;86;94;25;405;357;378;27;3.03;3.03;3.03;3.03;-3;0;0;0;0;14.1;86;27;4.0;0;-;16;31;854;743;0;1395.0;9.0;9.5;0;0;0;0;1;0;
2026.08.28;12:38:33.9;0.00;0.00;483;532;86;95;24;405;357;378;27;3.02;3.02;3.02;3.02;-3;0;0;0;0;14.1;87;28;4.0;0;-;16;31;854;757;0;1184.0;9.0;9.5;0;0;0;0;1;0;
2026.08.28;12:38:34.3;0.00;0.00;483;532;86;95;24;405;357;357;27;3.02;3.02;3.02;3.02;-4;0;0;0;0;14.1;87;28;4.0;0;-;16;31;854;757;0;1184.0;8.8;9.3;0;0;0;0;1;0;
2026.08.28;12:38:34.8;-0.02;-0.02;766;761;86;94;25;405;357;357;27;2.87;2.87;2.87;2.87;-2;0;0;0;0;14.1;87;28;4.0;0;-;16;31;854;748;0;1170.0;9.0;9.2;0;0;0;0;1;0;
2026.08.28;12:38:35.2;-0.03;-0.03;771;786;86;95;25;405;357;357;27;3.18;3.18;3.18;3.18;-2;0;0;0;0;14.1;87;28;4.0;0;-;16;31;854;761;0;1703.0;9.0;9.2;0;0;0;0;1;0;
2026.08.28;12:38:35.7;-0.03;-0.03;771;786;86;95;25;405;294;357;27;3.18;3.18;3.18;3.18;-9;0;0;0;0;14.1;87;28;4.0;0;-;16;31;854;761;0;1703.0;8.4;10.8;22;19;48;0;0;0;
2026.08.28;12:38:36.1;-0.03;-0.03;771;766;86;95;23;405;294;357;27;3.12;3.12;3.12;3.12;-6;0;0;0;0;14.1;87;28;4.0;0;-;16;31;854;760;0;1252.0;8.4;10.8;22;19;48;0;0;0;
2026.08.28;12:38:36.6;-0.07;-0.07;820;820;86;94;23;405;273;336;27;2.86;2.86;2.86;2.86;-6;0;0;0;0;14.1;87;28;4.0;0;-;16;31;854;760;0;1252.0;8.0;9.8;22;21;41;0;0;0;
2026.08.28;12:38:37.0;-0.07;-0.07;820;820;86;94;23;405;294;315;27;2.86;2.86;2.86;2.86;0;0;0;0;0;14.1;87;28;4.0;0;-;16;31;854;752;0;1322.0;8.2;9.3;22;20;43;0;0;0;
2026.08.28;12:38:37.5;-0.10;-0.10;815;830;87;95;23;378;294;315;27;2.72;2.72;2.72;2.72;0;0;0;0;0;14.2;87;28;4.0;0;-;16;31;854;737;0;1337.0;8.2;9.3;22;20;43;0;1;0;
2026.08.28;12:38:37.9;-0.10;-0.10;815;830;87;95;23;378;315;336;27;2.72;2.72;2.72;2.72;-1;0;0;0;0;14.2;87;28;4.0;0;-;16;31;854;737;0;1337.0;8.8;9.8;22;20;44;0;1;0;
2026.08.28;12:38:38.4;-0.14;-0.14;722;795;86;95;25;378;315;336;27;2.78;2.78;2.78;2.78;3;0;0;0;0;14.2;87;28;4.0;0;-;16;31;854;747;0;1612.0;8.8;9.8;22;20;44;0;1;0;
2026.08.28;12:38:38.8;-0.09;-0.09;78;58;85;94;25;378;315;336;27;2.82;2.82;2.82;2.82;3;0;0;0;0;14.2;87;28;4.0;0;-;16;31;854;747;0;1612.0;9.2;9.9;22;21;41;0;1;0;
2026.08.28;12:38:39.3;-0.09;-0.09;78;58;85;94;25;378;294;315;27;2.82;2.82;2.82;2.82;0;0;0;0;0;14.2;87;28;4.0;0;-;16;31;854;750;0;1709.0;8.7;9.7;22;20;43;0;1;0;
2026.08.28;12:38:39.7;-0.11;-0.11;737;678;87;95;25;378;294;315;27;2.84;2.84;2.84;2.84;-1;0;0;0;0;14.1;87;28;4.0;0;-;16;31;854;745;0;1547.0;8.7;9.7;22;20;43;0;1;0;
2026.08.28;12:38:40.2;-0.09;-0.09;58;58;85;94;25;378;315;357;27;2.74;2.74;2.74;2.74;-1;0;0;0;0;14.1;87;28;4.0;0;-;16;31;854;745;0;1547.0;9.0;10.5;18;21;18;0;0;0;
2026.08.28;12:38:40.6;-0.09;-0.09;58;58;85;94;25;378;378;378;27;2.74;2.74;2.74;2.74;-1;0;0;0;0;14.1;87;28;4.0;0;-;16;31;854;736;0;1681.0;9.3;9.7;0;0;0;0;0;0;
2026.08.28;12:38:41.1;-0.08;-0.08;43;39;86;94;25;378;378;378;27;2.86;2.86;2.86;2.86;-1;0;0;0;0;14.1;87;28;4.0;0;-;16;31;854;750;0;1455.0;9.3;9.7;0;0;0;0;0;0;
2026.08.28;12:38:41.5;-0.08;-0.08;43;39;86;94;25;378;378;399;27;2.86;2.86;2.86;2.86;-4;0;0;0;0;14.1;87;28;4.0;0;-;16;31;854;750;0;1455.0;9.5;10.0;0;0;0;0;1;0;
2026.08.28;12:38:42.0;-0.07;-0.07;43;39;87;95;26;378;378;378;27;2.98;2.98;2.98;2.98;-2;0;0;0;0;14.1;87;28;4.0;0;-;16;31;854;735;0;1553.0;9.6;9.9;0;1;0;0;1;0;
2026.08.28;12:38:42.4;-0.05;-0.05;48;39;86;94;25;378;378;378;27;2.95;2.95;2.95;2.95;-2;0;0;0;0;14.1;87;28;4.0;0;-;16;31;854;759;0;1621.0;9.6;9.9;0;1;0;0;1;0;
2026.08.28;12:38:42.9;-0.05;-0.05;48;39;86;94;25;378;357;378;27;2.95;2.95;2.95;2.95;-3;0;0;0;0;14.1;87;28;4.0;0;-;16;31;854;759;0;1621.0;9.2;9.8;0;0;0;0;1;0;
2026.08.28;12:38:43.3;-0.02;-0.02;58;48;87;95;26;378;294;357;27;3.26;3.26;3.26;3.26;-9;0;0;0;0;14.1;87;28;4.0;0;-;16;31;854;760;0;1263.0;8.6;10.9;22;19;44;0;1;0;
2026.08.28;12:38:43.8;0.01;0.01;239;73;86;95;25;378;294;357;27;3.12;3.12;3.12;3.12;-9;0;0;0;0;14.1;87;28;4.0;0;-;16;31;854;768;0;1794.0;8.6;10.9;22;19;44;0;0;0;
2026.08.28;12:38:44.3;0.01;0.01;239;73;86;95;25;378;273;315;27;3.12;3.12;3.12;3.12;-6;0;0;0;0;14.1;87;28;4.0;0;-;16;31;854;768;0;1794.0;7.8;9.7;22;20;46;0;0;0;
2026.08.28;12:38:44.7;-0.04;-0.04;795;791;86;95;22;338;273;315;27;2.78;2.78;2.78;2.78;-1;0;0;0;0;14.1;87;28;4.0;0;-;16;31;854;758;0;1266.0;7.8;9.7;22;20;46;0;0;0;
2026.08.28;12:38:45.2;-0.05;-0.05;820;820;85;94;24;338;273;315;27;2.66;2.66;2.66;2.66;-1;0;0;0;0;14.1;87;28;4.0;0;-;16;31;854;758;0;1266.0;8.0;9.3;22;21;44;0;0;1;
2026.08.28;12:38:45.6;-0.05;-0.05;820;820;85;94;24;338;294;315;27;2.66;2.66;2.66;2.66;1;0;0;0;0;14.1;87;28;4.0;0;-;16;31;854;752;0;1825.0;8.3;9.0;22;20;45;0;0;1;
2026.08.28;12:38:46.1;-0.06;-0.06;805;820;85;94;25;338;294;315;27;2.65;2.65;2.65;2.65;-2;0;0;0;0;14.1;87;28;4.0;0;-;16;31;854;757;0;1470.0;8.3;9.0;22;20;45;0;0;1;
2026.08.28;12:38:46.5;-0.09;-0.09;751;800;85;94;28;338;315;315;27;2.68;2.68;2.68;2.68;-2;0;0;0;0;14.1;87;28;4.0;0;-;16;31;854;757;0;1470.0;8.9;9.3;22;20;43;0;0;1;
2026.08.28;12:38:47.0;-0.09;-0.09;751;800;85;94;28;338;336;336;27;2.68;2.68;2.68;2.68;-1;0;0;0;0;14.1;87;28;4.0;0;-;16;31;854;736;0;1576.0;9.8;9.7;22;21;43;0;0;1;
2026.08.28;12:38:47.4;-0.05;-0.05;58;63;86;96;29;338;336;336;27;2.90;2.90;2.90;2.90;1;0;0;0;0;14.1;87;28;4.0;0;-;16;31;854;749;0;1849.0;9.8;9.7;22;21;43;0;0;0;
2026.08.28;12:38:47.9;-0.04;-0.04;73;58;85;95;26;338;294;315;27;2.70;2.70;2.70;2.70;1;0;0;0;0;14.1;87;28;4.0;0;-;16;31;854;749;0;1849.0;8.8;9.7;22;21;42;0;0;0;
2026.08.28;12:38:48.3;-0.04;-0.04;73;58;85;95;26;338;378;336;27;2.70;2.70;2.70;2.70;4;0;0;0;0;14.1;86;27;4.0;0;-;16;31;854;755;0;1623.0;9.3;8.7;0;0;0;0;0;0;
2026.08.28;12:38:48.8;-0.04;-0.04;63;78;87;95;26;338;378;336;27;2.66;2.66;2.66;2.66;4;0;0;0;0;14.1;86;27;4.0;0;-;16;31;854;739;0;1537.0;9.3;8.7;0;0;0;0;0;1;
2026.08.28;12:38:49.2;-0.01;-0.01;48;43;85;94;30;338;378;357;27;2.80;2.80;2.80;2.80;5;0;0;0;0;14.1;86;27;4.0;0;-;16;31;854;739;0;1537.0;9.7;9.1;0;0;0;0;0;1;
2026.08.28;12:38:49.7;-0.01;-0.01;48;43;85;94;30;338;441;378;27;2.80;2.80;2.80;2.80;-3;0;0;0;0;14.1;86;27;4.0;0;-;16;31;854;740;0;1195.0;10.9;9.7;0;1;0;0;0;1;
2026.08.28;12:38:50.1;0.02;0.02;48;39;86;94;35;338;441;378;27;3.20;3.20;3.20;3.20;-3;0;0;0;0;14.1;86;27;4.0;0;-;16;31;854;744;0;1555.0;10.9;9.7;0;1;0;0;0;0;
2026.08.28;12:38:50.6;0.02;0.02;48;39;86;94;35;338;399;399;27;3.20;3.20;3.20;3.20;-6;0;0;0;0;14.1;86;27;4.0;0;-;16;31;854;744;0;1555.0;9.8;10.4;0;0;0;0;0;0;
2026.08.28;12:38:51.0;0.05;0.05;53;43;87;95;27;338;399;399;27;3.00;3.00;3.00;3.00;-5;0;0;0;0;14.1;86;27;4.0;0;-;16;31;854;762;0;1714.0;9.8;10.4;0;0;0;0;0;0;
2026.08.28;12:38:51.5;0.08;0.08;83;58;86;95;26;338;357;378;27;2.88;2.88;2.88;2.88;-5;0;0;0;0;14.1;86;27;4.0;0;-;16;31;854;762;0;1714.0;9.0;9.6;0;0;0;0;0;0;
2026.08.28;12:38:51.9;0.08;0.08;83;58;86;95;26;313;336;357;27;2.88;2.88;2.88;2.88;-2;0;0;0;0;14.1;85;27;4.0;0;-;16;31;854;768;0;1190.0;8.6;9.0;0;0;0;0;0;1;
2026.08.28;12:38:52.4;0.04;0.04;781;717;86;95;27;313;336;357;27;2.65;2.65;2.65;2.65;-3;0;0;0;0;14.1;85;27;4.0;0;-;16;31;854;761;0;1429.0;8.6;9.0;0;0;0;0;0;1;
2026.08.28;12:38:52.8;0.05;0.05;102;712;86;95;27;313;378;357;27;2.88;2.88;2.88;2.88;-3;0;0;0;0;14.1;85;27;4.0;0;-;16;31;854;761;0;1429.0;9.5;9.2;0;0;0;0;0;1;
2026.08.28;12:38:53.3;0.05;0.05;102;712;86;95;27;313;399;378;27;2.88;2.88;2.88;2.88;1;0;0;0;0;14.1;85;27;4.0;0;-;16;31;854;750;0;1550.0;10.1;9.7;0;1;0;0;0;1;
2026.08.28;12:38:53.7;0.06;0.06;73;68;86;95;28;313;399;378;27;3.07;3.07;3.07;3.07;1;0;0;0;0;14.1;85;27;4.0;0;-;16;31;854;750;0;1213.0;10.1;9.7;0;1;0;0;0;0;
2026.08.28;12:38:54.2;0.07;0.07;73;63;86;95;25;313;357;378;27;2.93;2.93;2.93;2.93;-6;0;0;0;0;14.1;85;27;4.0;0;-;16;31;854;750;0;1213.0;9.0;9.5;0;0;0;0;0;0;
2026.08.28;12:38:54.6;0.07;0.07;73;63;86;95;25;313;357;378;27;2.93;2.93;2.93;2.93;-5;0;0;0;0;14.1;85;27;4.0;0;-;16;31;854;757;0;1680.0;9.0;9.5;0;0;0;0;0;0;
2026.08.28;12:38:55.1;0.02;0.02;756;664;85;94;25;313;336;357;27;2.70;2.70;2.70;2.70;-5;0;0;0;0;14.1;83;26;4.0;0;-;16;32;854;757;0;1112.0;8.6;9.1;0;0;0;0;0;1;
2026.08.28;12:38:55.5;0.02;0.02;756;664;85;94;25;313;378;357;27;2.70;2.70;2.70;2.70;-3;0;0;0;0;14.1;83;26;4.0;0;-;16;32;854;757;0;1112.0;9.5;9.2;0;0;0;0;0;1;
2026.08.28;12:38:56.0;0.01;0.01;629;722;86;95;28;313;378;357;27;2.81;2.81;2.81;2.81;-2;0;0;0;0;14.1;83;26;4.0;0;-;16;32;854;742;0;1329.0;9.5;9.2;0;0;0;0;0;1;
2026.08.28;12:38:56.4;0.03;0.03;73;68;86;94;29;313;399;378;27;3.03;3.03;3.03;3.03;-2;0;0;0;0;14.1;83;26;4.0;0;-;16;31;854;742;0;1329.0;9.9;9.5;0;0;0;0;0;0;
2026.08.28;12:38:56.9;0.03;0.03;73;68;86;94;29;313;378;378;27;3.03;3.03;3.03;3.03;-5;0;0;0;0;14.1;83;26;4.0;0;-;16;31;854;747;0;1435.0;9.5;9.7;0;0;0;0;0;0;
2026.08.28;12:38:57.3;0.04;0.04;78;63;87;96;23;313;378;378;27;2.96;2.96;2.96;2.96;-3;0;0;0;0;14.1;83;26;4.0;0;-;16;31;854;750;0;1459.0;9.5;9.7;0;0;0;0;0;0;
2026.08.28;12:38:57.8;0.03;0.03;761;522;85;94;26;313;357;357;27;2.75;2.75;2.75;2.75;-3;0;0;0;0;14.1;83;26;4.0;0;-;16;32;854;750;0;1459.0;8.8;9.0;0;0;0;0;0;1;
2026.08.28;12:38:58.2;0.03;0.03;761;522;85;94;26;313;378;357;27;2.75;2.75;2.75;2.75;-3;0;0;0;0;14.1;83;26;4.0;0;-;16;32;854;756;0;1503.0;9.5;8.9;0;0;0;0;0;1;
2026.08.28;12:38:58.7;0.02;0.02;791;791;86;95;26;314;378;357;27;2.84;2.84;2.84;2.84;-3;0;0;0;0;14.1;81;26;4.0;0;-;16;32;854;746;0;1575.0;9.5;8.9;0;0;0;0;0;1;
2026.08.28;12:38:59.1;0.02;0.02;791;791;86;95;26;314;399;378;27;2.84;2.84;2.84;2.84;4;0;0;0;0;14.1;81;26;4.0;0;-;16;31;854;746;0;1575.0;10.3;9.7;0;0;0;0;0;0;
2026.08.28;12:38:59.6;0.01;0.01;664;766;85;94;28;314;378;399;27;3.10;3.10;3.10;3.10;-6;0;0;0;0;14.1;81;26;4.0;0;-;16;31;854;736;0;1535.0;9.7;10.1;0;0;0;0;0;0;
2026.08.28;12:39:00.0;0.03;0.03;92;68;86;95;26;314;378;399;27;3.13;3.13;3.13;3.13;-6;0;0;0;0;14.1;81;26;4.0;0;-;16;31;854;755;0;1382.0;9.7;10.1;0;0;0;0;0;0;
2026.08.28;12:39:00.5;0.03;0.03;92;68;86;95;26;314;357;357;27;3.13;3.13;3.13;3.13;-5;0;0;0;0;14.1;81;26;4.0;0;-;16;32;854;755;0;1382.0;8.9;9.3;0;0;0;0;0;0;
2026.08.28;12:39:00.9;0.02;0.02;776;727;85;94;24;314;357;357;27;2.80;2.80;2.80;2.80;-4;0;0;0;0;14.1;81;26;4.0;0;-;16;32;854;762;0;1796.0;8.9;9.3;0;0;0;0;0;0;
2026.08.28;12:39:01.4;0.01;0.01;800;805;85;94;23;314;336;336;27;2.72;2.72;2.72;2.72;-4;0;0;0;0;14.1;81;26;4.0;0;-;16;32;854;762;0;1796.0;8.6;8.8;0;0;0;0;0;0;
2026.08.28;12:39:01.8;0.01;0.01;800;805;85;94;23;314;357;336;27;2.72;2.72;2.72;2.72;-3;0;0;0;0;14.1;81;26;4.0;0;-;16;31;854;749;0;1110.0;8.7;8.6;0;0;0;0;0;0;
2026.08.28;12:39:02.3;0.00;0.00;805;815;86;94;25;314;357;336;27;2.72;2.72;2.72;2.72;-1;0;0;0;0;14.1;80;25;4.0;0;-;16;31;854;748;0;1165.0;8.7;8.6;0;0;0;0;0;0;
2026.08.28;12:39:02.7;-0.02;-0.02;791;805;85;94;25;314;357;336;27;2.69;2.69;2.69;2.69;-1;0;0;0;0;14.1;80;25;4.0;0;-;16;31;854;748;0;1165.0;8.7;8.7;0;0;0;0;0;0;
2026.08.28;12:39:03.2;-0.02;-0.02;791;805;85;94;25;314;357;357;27;2.69;2.69;2.69;2.69;0;0;0;0;0;14.1;80;25;4.0;0;-;16;31;854;748;0;1456.0;8.8;8.8;0;1;0;0;0;0;
2026.08.28;12:39:03.6;-0.05;-0.05;737;791;86;95;25;314;357;357;27;2.70;2.70;2.70;2.70;3;0;0;0;0;14.1;80;25;4.0;0;-;16;31;854;750;0;1180.0;8.8;8.8;0;1;0;0;0;0;
2026.08.28;12:39:04.1;-0.02;-0.02;92;673;87;96;24;314;378;357;27;2.86;2.86;2.86;2.86;3;0;0;0;0;14.1;80;25;4.0;0;-;16;31;854;750;0;1180.0;9.3;9.2;0;0;0;0;0;0;
2026.08.28;12:39:04.5;-0.02;-0.02;92;673;87;96;24;314;357;357;27;2.86;2.86;2.86;2.86;-2;0;0;0;0;14.1;80;25;4.0;0;-;16;32;854;746;0;1262.0;9.0;9.1;0;0;0;0;0;0;
2026.08.28;12:39:05.0;-0.02;-0.02;195;78;86;94;25;314;357;357;27;2.81;2.81;2.81;2.81;-1;0;0;0;0;14.1;80;25;4.0;0;-;16;32;854;760;0;1624.0;9.0;9.1;0;0;0;0;0;0;
2026.08.28;12:39:05.4;-0.02;-0.02;195;78;86;94;25;314;357;357;27;2.81;2.81;2.81;2.81;-1;0;0;0;0;14.1;80;25;4.0;0;-;16;32;854;760;0;1624.0;9.0;9.1;0;1;0;0;0;0;
2026.08.28;12:39:05.9;-0.04;-0.04;698;722;86;95;25;315;357;357;27;2.72;2.72;2.72;2.72;2;0;0;0;0;14.1;80;25;4.0;0;-;16;32;854;752;0;1388.0;9.0;9.1;0;1;0;0;0;0;
2026.08.28;12:39:06.3;-0.05;-0.05;483;629;87;96;25;315;357;357;27;2.74;2.74;2.74;2.74;2;0;0;0;0;14.1;80;25;4.0;0;-;16;32;854;746;0;1493.0;9.1;9.0;0;0;0;0;0;0;
2026.08.28;12:39:06.8;-0.05;-0.05;483;629;87;96;25;315;357;357;27;2.74;2.74;2.74;2.74;1;0;0;0;0;14.1;80;25;4.0;0;-;16;32;854;746;0;1493.0;9.0;9.1;0;0;0;0;0;0;
2026.08.28;12:39:07.2;-0.02;-0.02;156;97;86;94;25;315;357;357;27;2.81;2.81;2.81;2.81;-1;0;0;0;0;14.1;80;25;4.0;0;-;16;32;854;749;0;1338.0;9.0;9.1;0;0;0;0;0;0;
2026.08.28;12:39:07.7;-0.02;-0.02;117;517;85;94;25;315;357;357;27;2.74;2.74;2.74;2.74;-1;0;0;0;0;14.1;80;25;4.0;0;-;16;32;854;749;0;1338.0;9.0;9.0;0;0;0;0;0;0;
2026.08.28;12:39:08.1;-0.02;-0.02;117;517;85;94;25;315;357;357;27;2.74;2.74;2.74;2.74;0;0;0;0;0;14.1;80;25;4.0;0;-;16;32;854;752;0;1480.0;8.7;8.9;0;0;0;0;0;0;
2026.08.28;12:39:08.6;-0.02;-0.02;141;87;85;94;25;315;357;357;27;2.75;2.75;2.75;2.75;-2;0;0;0;0;14.1;80;25;4.0;0;-;16;32;854;747;0;1461.0;8.7;8.9;0;0;0;0;0;0;
2026.08.28;12:39:09.0;-0.04;-0.04;634;683;85;94;25;315;357;357;27;2.68;2.68;2.68;2.68;-2;0;0;0;0;14.1;80;25;4.0;0;-;16;32;854;747;0;1461.0;8.9;8.8;0;0;0;0;0;0;
2026.08.28;12:39:09.5;-0.04;-0.04;634;683;85;94;25;315;357;357;27;2.68;2.68;2.68;2.68;-2;0;0;0;0;14.0;79;25;4.0;0;-;16;32;854;746;0;1273.0;9.1;9.0;0;1;0;0;0;0;
2026.08.28;12:39:09.9;-0.02;-0.02;97;102;86;94;25;315;357;357;27;2.77;2.77;2.77;2.77;-2;0;0;0;0;14.0;79;25;4.0;0;-;16;32;854;753;0;1414.0;9.1;9.0;0;1;0;0;0;0;
2026.08.28;12:39:10.4;-0.01;-0.01;112;102;85;94;26;315;357;357;27;2.78;2.78;2.78;2.78;-2;0;0;0;0;14.0;79;25;4.0;0;-;16;32;854;753;0;1414.0;9.1;9.1;0;0;0;0;0;0;
2026.08.28;12:39:10.8;-0.01;-0.01;112;102;85;94;26;315;357;357;27;2.78;2.78;2.78;2.78;-4;0;0;0;0;14.0;79;25;4.0;0;-;16;32;854;749;0;1129.0;9.0;9.2;0;0;0;0;0;0;
2026.08.28;12:39:11.3;-0.00;-0.00;102;83;87;96;27;315;357;357;27;2.78;2.78;2.78;2.78;-4;0;0;0;0;14.1;79;25;4.0;0;-;16;32;854;751;0;1594.0;9.0;9.2;0;0;0;0;0;0;
2026.08.28;12:39:11.8;-0.00;-0.00;102;83;87;96;27;315;357;357;27;2.78;2.78;2.78;2.78;-3;0;0;0;0;14.1;79;25;4.0;0;-;16;32;854;751;0;1594.0;9.0;9.0;0;0;0;0;0;0;
2026.08.28;12:39:12.2;-0.02;-0.02;571;126;86;95;26;315;357;357;27;2.69;2.69;2.69;2.69;-2;0;0;0;0;14.1;79;25;4.0;0;-;16;32;854;756;0;994.0;9.0;9.0;0;0;0;0;0;0;
2026.08.28;12:39:12.7;-0.01;-0.01;78;302;86;95;26;315;357;357;27;2.71;2.71;2.71;2.71;-2;0;0;0;0;14.1;79;25;4.0;0;-;16;32;854;756;0;994.0;9.0;8.9;0;0;0;0;0;0;
2026.08.28;12:39:13.1;-0.01;-0.01;78;302;86;95;26;315;357;357;27;2.71;2.71;2.71;2.71;1;0;0;0;0;14.1;79;25;4.0;0;-;16;32;854;749;0;1409.0;9.0;9.0;0;1;0;0;0;0;
2026.08.28;12:39:13.6;-0.00;-0.00;78;63;85;94;26;315;357;357;27;2.72;2.72;2.72;2.72;0;0;0;0;0;14.1;79;25;4.0;0;-;16;32;854;757;0;1520.0;9.0;9.0;0;1;0;0;0;0;
2026.08.28;12:39:14.0;0.01;0.01;83;73;86;95;26;315;357;357;27;2.72;2.72;2.72;2.72;0;0;0;0;0;14.1;79;25;4.0;0;-;16;32;854;757;0;1520.0;9.0;9.0;0;0;0;0;0;0;
2026.08.28;12:39:14.5;0.01;0.01;83;73;86;95;26;315;357;357;27;2.72;2.72;2.72;2.72;-3;0;0;0;0;14.1;79;25;4.0;0;-;16;32;854;752;0;1253.0;9.0;9.0;0;0;0;0;0;0;
2026.08.28;12:39:14.9;0.02;0.02;87;73;85;94;26;315;357;357;27;2.73;2.73;2.73;2.73;-1;0;0;0;0;14.1;79;25;4.0;0;-;16;32;854;749;0;1200.0;9.0;9.0;0;0;0;0;0;0;
2026.08.28;12:39:15.4;0.05;0.05;112;83;85;94;27;315;357;357;27;2.76;2.76;2.76;2.76;-1;0;0;0;0;14.1;79;25;4.0;0;-;16;32;854;749;0;1200.0;8.9;9.1;0;1;0;0;0;0;
2026.08.28;12:39:15.8;0.05;0.05;112;83;85;94;27;315;357;357;27;2.76;2.76;2.76;2.76;-1;0;0;0;0;14.1;79;25;4.0;0;-;16;32;854;748;0;1521.0;8.8;8.8;0;0;0;0;0;0;
2026.08.28;12:39:16.3;0.01;0.01;688;668;87;96;27;315;357;357;27;2.66;2.66;2.66;2.66;-4;0;0;0;0;14.1;79;25;4.0;0;-;16;32;854;742;0;1714.0;8.8;8.8;0;0;0;0;0;0;
2026.08.28;12:39:16.7;0.03;0.03;73;63;86;94;26;315;357;357;27;2.71;2.71;2.71;2.71;-4;0;0;0;0;14.1;79;25;4.0;0;-;16;32;854;742;0;1714.0;9.1;9.2;0;0;0;0;0;0;
2026.08.28;12:39:17.2;0.03;0.03;73;63;86;94;26;315;357;357;27;2.71;2.71;2.71;2.71;-2;0;0;0;0;14.1;79;25;4.0;0;-;16;32;854;746;0;1463.0;9.1;9.1;0;0;0;0;0;0;
2026.08.28;12:39:17.6;0.04;0.04;78;63;86;95;27;315;357;357;27;2.73;2.73;2.73;2.73;-2;0;0;0;0;14.1;79;25;4.0;0;-;16;32;854;755;0;1414.0;9.1;9.1;0;0;0;0;0;0;
2026.08.28;12:39:18.1;0.04;0.04;87;73;85;94;27;315;357;357;27;2.71;2.71;2.71;2.71;0;0;0;0;0;14.1;79;25;4.0;0;-;16;32;854;755;0;1414.0;9.0;8.9;0;0;0;0;0;0;
2026.08.28;12:39:18.5;0.04;0.04;87;73;85;94;27;315;357;357;27;2.71;2.71;2.71;2.71;1;0;0;0;0;14.1;79;25;4.0;0;-;16;32;854;757;0;1532.0;9.0;9.0;0;0;0;0;0;0;
2026.08.28;12:39:19.0;0.07;0.07;151;87;86;95;27;315;357;357;27;2.80;2.80;2.80;2.80;1;0;0;0;0;14.1;79;25;4.0;0;-;16;32;854;744;0;1175.0;9.0;9.0;0;0;0;0;0;0;
2026.08.28;12:39:19.4;0.02;0.02;693;87;86;95;27;315;357;357;27;2.80;2.80;2.80;2.80;-3;0;0;0;0;14.1;79;25;4.0;0;-;16;32;854;744;0;1175.0;9.0;9.1;0;0;0;0;0;0;
2026.08.28;12:39:19.9;0.02;0.02;693;727;86;94;27;315;357;357;27;2.69;2.69;2.69;2.69;-2;0;0;0;0;14.1;79;25;4.1;0;-;16;32;854;748;0;1367.0;8.8;8.9;0;0;0;0;0;0;
2026.08.28;12:39:20.3;0.04;0.04;102;83;86;95;26;315;357;357;27;2.75;2.75;2.75;2.75;-2;0;0;0;0;14.1;79;25;4.1;0;-;16;32;854;753;0;1161.0;8.8;8.9;0;0;0;0;0;0;
2026.08.28;12:39:20.8;0.04;0.04;102;83;86;95;26;315;357;357;27;2.75;2.75;2.75;2.75;-2;0;0;0;0;14.1;79;25;4.1;0;-;16;32;854;753;0;1161.0;9.1;9.0;0;0;0;0;0;0;
2026.08.28;12:39:21.2;0.03;0.03;678;166;86;94;26;315;357;357;27;2.76;2.76;2.76;2.76;-1;0;0;0;0;14.1;79;25;4.1;0;-;16;32;854;740;0;1098.0;9.0;8.9;0;0;0;0;0;0;
2026.08.28;12:39:21.7;0.02;0.02;703;722;85;94;28;315;357;357;27;2.73;2.73;2.73;2.73;-1;0;0;0;0;14.1;79;25;4.0;0;-;16;32;854;742;0;1471.0;9.0;8.9;0;0;0;0;0;0;
2026.08.28;12:39:22.1;0.02;0.02;703;722;85;94;28;315;357;357;27;2.73;2.73;2.73;2.73;1;0;0;0;0;14.1;79;25;4.0;0;-;16;32;854;742;0;1471.0;9.2;9.1;0;0;0;0;0;0;
2026.08.28;12:39:22.6;0.01;0.01;727;732;86;94;26;315;357;357;27;2.75;2.75;2.75;2.75;-1;0;0;0;0;14.1;79;25;4.0;0;-;16;32;854;753;0;1169.0;9.2;9.1;0;0;0;0;0;0;
2026.08.28;12:39:23.0;-0.00;-0.00;688;698;85;94;26;315;357;357;27;2.74;2.74;2.74;2.74;-1;0;0;0;0;14.1;79;25;4.0;0;-;16;32;854;753;0;1169.0;9.0;9.1;0;0;0;0;0;0;
2026.08.28;12:39:23.5;-0.00;-0.00;688;698;85;94;26;315;357;357;27;2.74;2.74;2.74;2.74;-2;0;0;0;0;14.1;80;25;4.0;0;-;16;32;854;747;0;1780.0;9.0;8.8;0;0;0;0;0;0;
2026.08.28;12:39:23.9;0.03;0.03;87;297;87;96;27;315;357;357;27;2.87;2.87;2.87;2.87;-3;0;0;0;0;14.1;80;25;4.0;0;-;16;32;854;755;0;1097.0;9.0;8.8;0;0;0;0;0;0;
2026.08.28;12:39:24.4;0.02;0.02;756;683;85;94;26;315;357;357;27;2.78;2.78;2.78;2.78;-3;0;0;0;0;14.1;80;25;4.0;0;-;16;32;854;755;0;1097.0;9.0;8.8;0;0;0;0;0;0;
2026.08.28;12:39:24.8;0.02;0.02;756;683;85;94;26;315;357;357;27;2.78;2.78;2.78;2.78;-1;0;0;0;0;14.1;80;25;4.0;0;-;16;32;854;741;0;1207.0;9.0;9.0;0;1;0;0;0;0;
2026.08.28;12:39:25.3;0.01;0.01;751;761;86;94;26;315;357;357;27;2.81;2.81;2.81;2.81;-1;0;0;0;0;14.1;80;25;4.0;0;-;16;32;854;750;0;1739.0;9.0;9.0;0;1;0;0;0;0;
2026.08.28;12:39:25.7;0.01;0.01;751;761;86;94;26;315;357;357;27;2.81;2.81;2.81;2.81;0;0;0;0;0;14.1;80;25;4.0;0;-;16;32;854;750;0;1739.0;8.8;9.0;0;0;0;0;0;0;
2026.08.28;12:39:26.2;0.00;0.00;737;742;86;94;26;315;357;357;27;2.75;2.75;2.75;2.75;1;0;0;0;0;14.1;80;25;4.1;0;-;16;32;854;749;0;1403.0;8.8;9.0;0;0;0;0;0;0;
2026.08.28;12:39:26.6;-0.02;-0.02;761;761;86;94;26;315;357;357;27;2.69;2.69;2.69;2.69;1;0;0;0;0;14.1;80;25;4.1;0;-;16;32;854;749;0;1403.0;9.0;9.0;0;1;0;0;0;0;
2026.08.28;12:39:27.1;-0.02;-0.02;761;761;86;94;26;315;357;357;27;2.69;2.69;2.69;2.69;-1;0;0;0;0;14.1;80;25;4.1;0;-;16;32;854;744;0;1247.0;9.0;9.0;0;0;0;0;0;0;
2026.08.28;12:39:27.5;-0.06;-0.06;673;732;87;95;25;315;357;357;27;2.65;2.65;2.65;2.65;1;0;0;0;0;14.1;80;25;4.1;0;-;16;32;854;748;0;1574.0;9.0;9.0;0;0;0;0;0;0;
2026.08.28;12:39:28.0;-0.01;-0.06;673;732;87;95;25;315;378;357;27;2.65;2.65;2.65;2.65;1;0;0;0;0;14.1;80;25;4.1;0;-;16;32;854;748;0;1574.0;9.2;9.0;0;1;0;0;0;0;
2026.08.28;12:39:28.4;-0.01;-0.01;87;68;86;94;25;315;357;357;27;2.81;2.81;2.81;2.81;-1;0;0;0;0;14.1;80;25;4.1;0;-;16;32;854;751;0;1249.0;9.0;9.1;0;1;0;0;0;0;
2026.08.28;12:39:28.9;-0.03;-0.03;751;727;86;94;25;315;357;357;27;2.77;2.77;2.77;2.77;-1;0;0;0;0;14.1;80;25;4.1;0;-;16;32;854;751;0;1249.0;9.0;9.1;0;0;0;0;0;0;
2026.08.28;12:39:29.3;-0.03;-0.03;751;727;86;94;25;315;357;357;27;2.77;2.77;2.77;2.77;0;0;0;0;0;14.1;80;25;4.1;0;-;16;32;854;751;0;1082.0;9.0;9.0;0;0;0;0;0;0;
2026.08.28;12:39:29.8;-0.04;-0.04;722;737;86;95;25;315;357;357;27;2.76;2.76;2.76;2.76;-2;0;0;0;0;14.1;80;25;4.1;0;-;16;32;854;756;0;1258.0;9.0;9.0;0;0;0;0;0;0;
2026.08.28;12:39:30.2;-0.04;-0.04;732;742;85;94;25;315;357;357;27;2.73;2.73;2.73;2.73;-2;0;0;0;0;14.1;80;25;4.1;0;-;16;32;854;756;0;1258.0;9.1;9.0;0;0;0;0;0;0;
2026.08.28;12:39:30.7;-0.04;-0.04;732;742;85;94;25;315;378;357;27;2.73;2.73;2.73;2.73;-2;0;0;0;0;14.2;80;25;4.1;0;-;16;32;854;746;0;1714.0;9.3;8.8;0;1;0;0;0;0;
2026.08.28;12:39:31.1;-0.07;-0.07;468;717;86;95;28;315;378;357;27;2.75;2.75;2.75;2.75;-2;0;0;0;0;14.2;80;25;4.1;0;-;16;32;854;736;0;1103.0;9.3;8.8;0;1;0;0;0;0;
2026.08.28;12:39:31.6;-0.02;-0.02;97;73;85;94;26;315;378;357;27;2.88;2.88;2.88;2.88;-2;0;0;0;0;14.2;80;25;4.1;0;-;16;32;854;736;0;1103.0;9.3;9.3;0;0;0;0;0;0;
2026.08.28;12:39:32.0;-0.02;-0.02;97;73;85;94;26;315;357;357;27;2.88;2.88;2.88;2.88;-2;0;0;0;0;14.2;80;25;4.1;0;-;16;32;854;755;0;1692.0;9.2;9.3;0;1;0;0;0;0;
2026.08.28;12:39:32.5;-0.01;-0.01;332;146;86;95;25;315;357;357;27;2.86;2.86;2.86;2.86;-2;0;0;0;0;14.1;80;25;4.1;0;-;16;32;854;760;0;1549.0;9.2;9.3;0;1;0;0;0;0;
2026.08.28;12:39:32.9;-0.01;-0.01;332;146;86;95;25;315;357;357;27;2.86;2.86;2.86;2.86;-1;0;0;0;0;14.1;80;25;4.1;0;-;16;32;854;760;0;1549.0;9.1;9.2;0;0;0;0;0;0;
2026.08.28;12:39:33.4;-0.03;-0.03;703;708;86;94;26;315;357;357;27;2.76;2.76;2.76;2.76;0;0;0;0;0;14.1;80;25;4.1;0;-;16;32;854;753;0;1742.0;9.1;9.2;0;0;0;0;0;0;
2026.08.28;12:39:33.8;-0.01;-0.01;112;87;0;0;26;315;357;357;27;2.80;2.80;2.80;2.80;0;0;0;0;0;14.1;80;25;4.1;0;-;16;32;854;753;0;1742.0;9.1;9.2;0;1;0;0;0;0;
2026.08.28;12:39:34.3;-0.01;-0.01;112;87;0;0;26;315;357;357;27;2.80;2.80;2.80;2.80;-1;0;0;0;0;14.1;80;25;4.1;0;-;16;32;854;755;0;1501.0;9.0;9.1;0;1;0;0;0;0;
2026.08.28;12:39:34.7;-0.03;-0.03;625;644;86;95;26;315;357;357;27;2.75;2.75;2.75;2.75;-1;0;0;0;0;14.1;80;25;4.1;0;-;16;32;854;741;0;1415.0;9.0;9.1;0;1;0;0;0;0;
2026.08.28;12:39:35.2;-0.01;-0.01;92;78;86;94;26;315;378;357;27;2.82;2.82;2.82;2.82;-2;0;0;0;0;14.1;80;25;4.1;0;-;16;32;854;741;0;1415.0;9.3;9.2;0;0;0;0;0;0;
2026.08.28;12:39:35.6;-0.01;-0.01;92;78;86;94;26;315;357;357;27;2.82;2.82;2.82;2.82;-1;0;0;0;0;14.1;80;25;4.1;0;-;16;32;854;755;0;1274.0;9.1;9.2;0;0;0;0;0;0;
2026.08.28;12:39:36.1;-0.00;-0.00;122;107;86;95;26;315;357;357;27;2.78;2.78;2.78;2.78;-1;0;0;0;0;14.1;80;25;4.1;0;-;16;32;854;746;0;1362.0;9.1;9.2;0;0;0;0;0;0;
2026.08.28;12:39:36.5;-0.00;-0.00;122;107;86;95;26;315;357;357;27;2.78;2.78;2.78;2.78;-2;0;0;0;0;14.1;80;25;4.1;0;-;16;32;854;746;0;1362.0;9.1;9.0;0;0;0;0;0;0;
2026.08.28;12:39:37.0;-0.01;-0.01;644;185;86;95;25;315;357;357;27;2.71;2.71;2.71;2.71;-1;0;0;0;0;14.2;80;25;4.1;0;-;16;32;854;742;0;1229.0;9.1;9.0;0;0;0;0;0;0;
2026.08.28;12:39:37.4;0.00;0.00;87;83;86;94;26;315;378;357;27;2.79;2.79;2.79;2.79;-1;0;0;0;0;14.2;80;25;4.1;0;-;16;32;854;742;0;1229.0;9.2;9.2;0;1;0;0;0;0;
2026.08.28;12:39:37.9;0.00;0.00;87;83;86;94;26;315;378;357;27;2.79;2.79;2.79;2.79;-1;0;0;0;0;14.2;81;25;4.1;0;-;16;32;854;754;0;1517.0;9.3;9.3;0;0;0;0;0;0;
2026.08.28;12:39:38.3;0.01;0.01;83;73;86;95;25;315;378;357;27;2.81;2.81;2.81;2.81;-3;0;0;0;0;14.2;81;25;4.1;0;-;16;32;854;752;0;1243.0;9.3;9.3;0;0;0;0;0;0;
2026.08.28;12:39:38.8;0.02;0.02;97;78;85;94;26;315;357;357;27;0.00;0.00;0.00;0.00;-3;0;0;0;0;14.2;81;25;4.1;0;-;16;32;854;752;0;1243.0;9.2;9.2;0;1;0;0;0;1;
2026.08.28;12:39:39.2;0.02;0.02;97;78;85;94;26;315;861;840;27;0.00;0.00;0.00;0.00;10;0;0;0;0;13.5;81;25;4.1;0;-;16;32;854;642;0;1355.0;10.4;8.3;0;0;0;0;0;1;
2026.08.28;12:39:39.7;0.00;0.00;24;73;0;0;0;315;861;840;27;0.00;0.00;0.00;0.00;10;0;0;0;0;13.5;81;25;4.1;0;-;16;32;854;0;0;1504.0;10.4;8.3;0;0;0;0;0;1;
2026.08.28;12:39:40.1;0.00;0.00;24;73;0;0;0;315;840;840;27;0.00;0.00;0.00;0.00;9;0;0;0;0;13.5;81;25;4.1;0;-;16;33;854;0;0;1504.0;0.0;0.0;0;0;0;0;0;1;
2026.08.28;12:39:40.6;0.00;0.00;24;73;0;0;0;315;840;840;27;0.00;0.00;0.00;0.00;9;0;0;0;0;13.5;81;25;4.1;0;-;16;33;854;0;0;1504.0;0.0;0.0;0;0;0;0;0;1;
2026.08.28;12:39:41.1;0.00;0.00;24;73;0;0;0;315;840;840;27;0.00;0.00;0.00;0.00;9;0;0;0;0;13.2;81;0;4.1;0;-;16;33;854;0;0;1504.0;0.0;0.0;0;0;0;0;0;1;
2026.08.28;12:39:41.5;0.00;0.00;24;73;0;0;0;315;840;840;27;0.00;0.00;0.00;0.00;9;0;0;0;0;13.2;81;0;4.1;0;-;16;33;854;0;0;1504.0;0.0;0.0;0;0;0;0;0;1;
2026.08.28;12:39:42.0;0.00;0.00;24;73;0;0;0;315;840;840;27;0.00;0.00;0.00;0.00;9;0;0;0;0;13.2;81;0;4.1;0;-;16;33;854;0;0;1504.0;0.0;0.0;0;0;0;0;0;1;
2026.08.28;12:39:42.4;0.00;0.00;24;73;0;0;0;315;840;840;27;0.00;0.00;0.00;0.00;9;0;0;0;0;13.2;81;0;4.1;0;-;16;33;854;0;0;1504.0;0.0;0.0;0;0;0;0;0;1;
2026.08.28;12:39:42.9;0.00;0.00;24;73;0;0;0;315;840;840;27;0.00;0.00;0.00;0.00;9;0;0;0;0;13.2;81;0;4.1;0;-;16;33;854;0;0;1504.0;0.0;0.0;0;0;0;0;0;1;
2026.08.28;12:39:43.3;0.00;0.00;24;73;0;0;0;315;840;840;27;0.00;0.00;0.00;0.00;9;0;0;0;0;13.0;81;0;4.1;0;-;16;33;854;0;0;1504.0;0.0;0.0;0;0;0;0;0;1;
2026.08.28;12:39:43.8;0.00;0.00;24;73;0;0;0;315;840;840;27;0.00;0.00;0.00;0.00;9;0;0;0;0;13.0;81;0;4.1;0;-;16;33;854;0;0;1504.0;0.0;0.0;0;0;0;0;0;1;
2026.08.28;12:39:44.2;0.00;0.00;24;73;0;0;0;315;840;840;27;0.00;0.00;0.00;0.00;9;0;0;0;0;13.0;81;0;4.1;0;-;16;33;854;0;0;1504.0;0.0;0.0;0;0;0;0;0;1;
2026.08.28;12:39:44.7;0.00;0.00;24;73;0;0;0;315;840;840;27;0.00;0.00;0.00;0.00;9;0;0;0;0;13.0;81;0;4.1;0;-;16;33;854;0;0;1504.0;0.0;0.0;0;0;0;0;0;1;
2026.08.28;12:39:45.1;0.00;0.00;24;73;0;0;0;315;840;840;27;0.00;0.00;0.00;0.00;9;0;0;0;0;13.0;81;0;4.1;0;-;16;33;854;0;0;1504.0;0.0;0.0;0;0;0;0;0;1;
2026.08.28;12:39:45.6;0.00;0.00;24;73;0;0;0;315;840;840;27;0.00;0.00;0.00;0.00;9;0;0;0;0;12.9;81;0;4.1;0;-;16;33;854;0;0;1504.0;0.0;0.0;0;0;0;0;0;1;
2026.08.28;12:39:46.0;0.00;0.00;24;73;0;0;0;315;840;840;27;0.00;0.00;0.00;0.00;9;0;0;0;0;12.9;81;0;4.1;0;-;16;33;854;0;0;1504.0;0.0;0.0;0;0;0;0;0;1;
2026.08.28;12:39:46.5;0.00;0.00;24;73;0;0;0;315;840;840;27;0.00;0.00;0.00;0.00;9;0;0;0;0;12.9;81;0;4.1;0;-;16;33;854;0;0;1504.0;0.0;0.0;0;0;0;0;0;1;
2026.08.28;12:39:46.9;0.00;0.00;24;73;0;0;0;315;840;840;27;0.00;0.00;0.00;0.00;9;0;0;0;0;12.9;81;0;4.1;0;-;16;33;854;0;0;1504.0;0.0;0.0;0;0;0;0;0;1;
2026.08.28;12:39:47.4;0.00;0.00;24;73;0;0;0;315;840;840;27;0.00;0.00;0.00;0.00;9;0;0;0;0;12.9;81;0;4.1;0;-;16;33;854;0;0;1504.0;0.0;0.0;0;0;0;0;0;1;
2026.08.28;12:39:47.8;0.00;0.00;24;73;0;0;0;315;840;840;27;0.00;0.00;0.00;0.00;9;0;0;0;0;12.8;81;0;4.1;0;-;16;33;854;0;0;1504.0;0.0;0.0;0;0;0;0;0;1;
2026.08.28;12:39:48.3;0.00;0.00;24;73;0;0;0;315;840;840;27;0.00;0.00;0.00;0.00;9;0;0;0;0;12.8;81;0;4.1;0;-;16;33;854;0;0;1504.0;0.0;0.0;0;0;0;0;0;1;
2026.08.28;12:39:48.7;0.00;0.00;24;73;0;0;0;315;840;840;27;0.00;0.00;0.00;0.00;9;0;0;0;0;12.8;81;0;4.1;0;-;16;33;854;0;0;1504.0;0.0;0.0;0;0;0;0;0;1;
2026.08.28;12:39:49.2;0.00;0.00;24;73;0;0;0;315;840;840;27;0.00;0.00;0.00;0.00;9;0;0;0;0;12.8;81;0;4.1;0;-;16;33;854;0;0;1504.0;0.0;0.0;0;0;0;0;0;1;
2026.08.28;12:39:49.6;0.00;0.00;24;73;0;0;0;315;840;840;27;0.00;0.00;0.00;0.00;9;0;0;0;0;12.8;81;0;4.1;0;-;16;33;854;0;0;1504.0;0.0;0.0;0;0;0;0;0;1;
2026.08.28;12:39:50.1;0.00;0.00;24;73;0;0;0;315;840;840;27;0.00;0.00;0.00;0.00;9;0;0;0;0;12.8;81;0;4.1;0;-;16;33;854;0;0;1504.0;0.0;0.0;0;0;0;0;0;1;
2026.08.28;12:39:50.5;0.00;0.00;24;73;0;0;0;315;840;840;27;0.00;0.00;0.00;0.00;9;0;0;0;0;12.8;81;0;4.1;0;-;16;33;854;0;0;1504.0;0.0;0.0;0;0;0;0;0;1;
2026.08.28;12:39:51.0;0.00;0.00;24;73;0;0;0;315;840;840;27;0.00;0.00;0.00;0.00;9;0;0;0;0;12.8;81;0;4.1;0;-;16;33;854;0;0;1504.0;0.0;0.0;0;0;0;0;0;1;
2026.08.28;12:39:51.4;0.00;0.00;24;73;0;0;0;315;840;840;27;0.00;0.00;0.00;0.00;9;0;0;0;0;12.8;81;0;4.1;0;-;16;33;854;0;0;1504.0;0.0;0.0;0;0;0;0;0;1;
2026.08.28;12:39:51.9;0.00;0.00;24;73;0;0;0;315;840;840;27;0.00;0.00;0.00;0.00;9;0;0;0;0;12.7;81;0;4.1;0;-;16;33;854;0;0;1504.0;0.0;0.0;0;0;0;0;0;1;
2026.08.28;12:39:52.3;0.00;0.00;24;73;0;0;0;315;840;840;27;0.00;0.00;0.00;0.00;9;0;0;0;0;12.7;81;0;4.1;0;-;16;33;854;0;0;1504.0;0.0;0.0;0;0;0;0;0;1;
2026.08.28;12:39:52.8;0.00;0.00;24;73;0;0;0;315;840;840;27;0.00;0.00;0.00;0.00;9;0;0;0;0;12.7;81;0;4.1;0;-;16;33;854;0;0;1504.0;0.0;0.0;0;0;0;0;0;1;
2026.08.28;12:39:53.2;0.00;0.00;24;73;0;0;0;315;840;840;27;0.00;0.00;0.00;0.00;9;0;0;0;0;12.7;81;0;4.1;0;-;16;33;854;0;0;1504.0;0.0;0.0;0;0;0;0;0;1;
2026.08.28;12:39:53.7;0.00;0.00;24;73;0;0;0;315;840;840;27;0.00;0.00;0.00;0.00;9;0;0;0;0;12.7;81;0;4.1;0;-;16;33;854;0;0;1504.0;0.0;0.0;0;0;0;0;0;1;
2026.08.28;12:39:54.1;0.00;0.00;24;73;0;0;0;315;840;840;27;0.00;0.00;0.00;0.00;9;0;0;0;0;12.7;81;0;4.1;0;-;16;33;854;0;0;1504.0;0.0;0.0;0;0;0;0;0;1;
2026.08.28;12:39:54.6;0.00;0.00;24;73;0;0;0;315;840;840;27;0.00;0.00;0.00;0.00;9;0;0;0;0;12.7;81;0;4.1;0;-;16;33;854;0;0;1504.0;0.0;0.0;0;0;0;0;0;1;
2026.08.28;12:39:55.0;0.00;0.00;24;73;0;0;0;315;840;840;27;0.00;0.00;0.00;0.00;9;0;0;0;0;12.7;81;0;4.1;0;-;16;33;854;0;0;1504.0;0.0;0.0;0;0;0;0;0;1;
2026.08.28;12:39:55.5;0.00;0.00;24;73;0;0;0;315;840;840;27;0.00;0.00;0.00;0.00;9;0;0;0;0;12.7;81;0;4.1;0;-;16;33;860;0;0;1504.0;0.0;0.0;0;0;0;0;0;1;
2026.08.28;12:39:55.9;0.00;0.00;24;73;0;0;0;315;840;840;27;0.00;0.00;0.00;0.00;9;0;0;0;0;12.7;81;0;4.1;0;-;16;33;860;0;0;1504.0;0.0;0.0;0;0;0;0;0;1;
2026.08.28;12:39:56.4;0.00;0.00;24;73;0;0;0;315;840;840;27;0.00;0.00;0.00;0.00;9;0;0;0;0;12.7;81;0;4.1;0;-;16;33;860;0;0;1504.0;0.0;0.0;0;0;0;0;0;1;
2026.08.28;12:39:56.8;0.00;0.00;24;73;0;0;0;315;840;840;27;0.00;0.00;0.00;0.00;9;0;0;0;0;12.7;81;0;4.1;0;-;16;33;860;0;0;1504.0;0.0;0.0;0;0;0;0;0;1;
2026.08.28;12:39:57.3;0.00;0.00;24;73;0;0;0;315;840;840;27;0.00;0.00;0.00;0.00;9;0;0;0;0;12.7;81;0;4.1;0;-;16;33;860;0;0;1504.0;0.0;0.0;0;0;0;0;0;1;
2026.08.28;12:39:57.7;0.00;0.00;24;73;0;0;0;315;840;840;27;0.00;0.00;0.00;0.00;9;0;0;0;0;12.7;81;0;4.1;0;-;16;33;860;0;0;1504.0;0.0;0.0;0;0;0;0;0;1;
2026.08.28;12:39:58.2;0.00;0.00;24;73;0;0;0;315;840;840;27;0.00;0.00;0.00;0.00;9;0;0;0;0;12.7;81;0;4.1;0;-;16;33;860;0;0;1504.0;0.0;0.0;0;0;0;0;0;1;
2026.08.28;12:39:58.6;0.00;0.00;24;73;0;0;0;315;840;840;27;0.00;0.00;0.00;0.00;9;0;0;0;0;12.7;81;0;4.1;0;-;16;33;860;0;0;1504.0;0.0;0.0;0;0;0;0;0;1;
2026.08.28;12:40:54.0;0.00;0.00;24;73;0;0;0;315;840;840;27;0.00;0.00;0.00;0.00;9;0;0;0;0;12.7;81;0;4.1;0;-;16;33;860;0;0;1504.0;0.0;0.0;0;0;0;0;0;1;
2026.08.28;12:40:57.2;0.00;0.00;24;73;0;0;0;315;840;840;27;0.00;0.00;0.00;0.00;9;0;0;0;0;12.7;81;0;4.1;0;-;16;33;860;0;0;1504.0;0.0;0.0;0;0;0;0;0;1;
2026.08.28;12:40:57.6;0.07;0.07;913;463;79;8;5;315;840;840;27;2.94;2.94;2.94;2.94;9;0;0;0;0;12.7;84;27;4.1;0;-;16;33;860;744;0;1150.0;0.0;0.0;0;0;0;0;0;0;
2026.08.28;12:40:58.1;0.04;0.04;898;463;39;8;6;315;378;336;27;2.88;2.88;2.88;2.88;2;0;0;0;0;12.7;84;27;4.1;0;-;16;33;860;744;0;1150.0;9.4;8.6;0;0;0;0;0;0;
2026.08.28;12:40:58.5;0.04;0.04;898;463;39;8;6;315;378;336;27;2.88;2.88;2.88;2.88;4;0;0;0;0;12.7;84;27;4.1;0;-;16;32;860;743;0;1208.0;9.2;8.6;0;0;0;0;0;0;
2026.08.28;12:40:59.0;0.01;0.01;869;473;8;8;7;315;378;336;27;2.82;2.82;2.82;2.82;4;0;0;0;0;14.1;84;27;4.2;0;-;16;32;860;744;0;1496.0;9.2;8.6;0;0;0;0;0;0;
2026.08.28;12:40:59.4;0.01;0.01;869;473;8;8;7;315;378;357;27;2.82;2.82;2.82;2.82;5;0;0;0;0;14.1;84;27;4.2;0;-;16;32;860;744;0;1496.0;9.5;8.7;0;0;0;0;0;0;
2026.08.28;12:40:59.9;-0.02;-0.02;576;434;8;8;8;315;378;357;27;2.74;2.74;2.74;2.74;2;0;0;0;0;14.1;84;27;4.2;0;-;16;32;860;739;0;1095.0;9.5;8.7;0;0;0;0;0;0;
2026.08.28;12:41:00.3;0.03;0.03;131;468;8;8;8;315;378;357;27;2.93;2.93;2.93;2.93;2;0;0;0;0;14.1;84;27;4.2;0;-;16;33;860;749;0;1455.0;9.8;8.9;0;0;0;0;0;0;
2026.08.28;12:41:00.8;0.03;0.03;131;468;8;8;8;315;378;357;27;2.93;2.93;2.93;2.93;3;0;0;0;0;14.1;84;27;4.2;0;-;16;33;860;749;0;1455.0;9.4;8.8;0;0;0;0;0;0;
2026.08.28;12:41:01.2;0.04;0.04;517;473;8;8;9;255;378;357;27;2.91;2.91;2.91;2.91;2;0;0;0;0;14.1;83;27;4.2;0;-;16;33;849;751;0;1477.0;9.4;8.8;0;0;0;0;0;0;
2026.08.28;12:41:01.7;0.02;0.02;795;473;8;8;9;255;378;357;27;2.85;2.85;2.85;2.85;2;0;0;0;0;14.1;83;27;4.2;0;-;16;33;849;751;0;1178.0;9.5;8.8;0;0;0;0;0;0;
2026.08.28;12:41:02.1;0.02;0.02;795;473;8;8;9;255;378;357;27;2.85;2.85;2.85;2.85;3;0;0;0;0;14.1;83;27;4.2;0;-;16;33;849;751;0;1178.0;9.8;9.0;0;0;0;0;0;0;
2026.08.28;12:41:02.6;0.01;0.01;771;473;8;8;10;255;378;357;27;2.87;2.87;2.87;2.87;3;0;0;0;0;14.1;83;27;4.2;0;-;16;33;849;751;0;1258.0;9.8;9.0;0;0;0;0;0;0;
2026.08.28;12:41:03.0;0.06;0.06;336;468;8;8;10;255;378;357;27;2.97;2.97;2.97;2.97;3;0;0;0;0;14.1;83;27;4.2;0;-;16;33;849;751;0;1258.0;9.6;8.8;0;0;0;0;0;0;
2026.08.28;12:41:03.5;0.06;0.06;336;468;8;8;10;255;378;357;27;2.97;2.97;2.97;2.97;0;0;0;0;0;14.1;83;27;4.2;0;-;16;33;849;754;0;1580.0;9.6;9.0;0;0;0;0;0;0;
2026.08.28;12:41:03.9;0.04;0.04;810;439;8;8;10;255;378;357;27;2.94;2.94;2.94;2.94;2;0;0;0;0;14.1;83;27;4.2;0;-;16;33;849;751;0;1164.0;9.6;9.0;0;0;0;0;0;0;
2026.08.28;12:41:04.4;0.03;0.03;839;468;8;8;11;255;378;357;27;2.91;2.91;2.91;2.91;2;0;0;0;0;14.1;83;27;4.2;0;-;16;33;849;751;0;1164.0;9.4;9.0;0;0;0;0;0;0;
2026.08.28;12:41:04.8;0.03;0.03;839;468;8;8;11;255;357;357;27;2.91;2.91;2.91;2.91;-2;0;0;0;0;14.1;83;27;4.2;0;-;16;33;849;750;0;1440.0;9.3;9.0;0;0;0;0;0;0;
2026.08.28;12:41:05.3;0.03;0.03;864;444;8;8;11;255;357;357;27;2.89;2.89;2.89;2.89;-2;0;0;0;0;14.1;83;27;4.2;0;-;16;33;849;748;0;1030.0;9.3;9.0;0;0;0;0;0;0;
2026.08.28;12:41:05.7;0.03;0.03;864;444;8;8;11;255;357;357;27;2.89;2.89;2.89;2.89;0;0;0;0;0;14.1;83;27;4.2;0;-;16;33;849;748;0;1030.0;9.2;8.8;0;0;0;0;0;0;
2026.08.28;12:41:06.2;0.00;0.00;874;473;8;8;12;255;378;357;27;2.83;2.83;2.83;2.83;-2;0;0;0;0;14.1;83;27;4.2;0;-;16;33;849;751;0;1525.0;9.4;8.8;0;0;0;0;0;0;
2026.08.28;12:41:06.6;-0.03;-0.03;869;483;8;98;12;255;378;357;27;2.76;2.76;2.76;2.76;-2;0;0;0;0;14.1;83;27;4.2;0;-;16;33;849;745;0;1564.0;9.4;8.8;0;0;0;0;0;0;
2026.08.28;12:41:07.1;-0.03;-0.03;869;483;8;98;12;255;378;357;27;2.76;2.76;2.76;2.76;0;0;0;0;0;14.1;83;27;4.2;0;-;16;33;849;745;0;1564.0;9.6;9.0;0;0;0;0;0;0;
2026.08.28;12:41:07.5;-0.06;-0.06;839;507;8;96;13;255;378;357;27;2.70;2.70;2.70;2.70;1;0;0;0;0;14.1;83;27;4.2;0;-;16;33;849;746;0;1038.0;9.6;9.0;0;0;0;0;0;0;
2026.08.28;12:41:08.0;-0.09;-0.09;698;576;8;97;13;255;378;357;27;2.66;2.66;2.66;2.66;1;0;0;0;0;14.1;83;26;4.2;0;-;16;33;849;746;0;1242.0;9.7;8.8;0;0;0;0;0;0;
2026.08.28;12:41:08.4;-0.09;-0.09;698;576;8;97;13;255;399;378;27;2.66;2.66;2.66;2.66;7;0;0;0;0;14.1;83;26;4.2;0;-;16;33;849;746;0;1242.0;10.2;9.5;0;0;0;0;0;0;
2026.08.28;12:41:08.9;-0.04;-0.04;200;590;8;99;14;255;399;378;27;2.90;2.90;2.90;2.90;-2;0;0;0;0;14.1;83;26;4.2;0;-;16;33;849;744;0;1164.0;10.2;9.5;0;0;0;0;0;0;
2026.08.28;12:41:09.3;-0.04;-0.04;175;576;8;98;14;255;378;357;27;2.83;2.83;2.83;2.83;-2;0;0;0;0;14.1;83;26;4.2;0;-;16;33;849;744;0;1164.0;9.9;9.3;0;0;0;0;0;0;
2026.08.28;12:41:09.8;-0.04;-0.04;175;576;8;98;14;255;378;357;27;2.83;2.83;2.83;2.83;-1;0;0;0;0;14.1;83;26;4.2;0;-;16;33;849;755;0;1691.0;9.6;9.2;0;0;0;0;0;0;
2026.08.28;12:41:10.2;-0.03;-0.03;239;659;8;97;15;255;378;357;27;2.83;2.83;2.83;2.83;-1;0;0;0;0;14.1;83;26;4.2;0;-;16;33;849;756;0;1543.0;9.6;9.2;0;0;0;0;0;0;
2026.08.28;12:41:10.7;-0.03;-0.03;239;659;8;97;15;255;378;357;27;2.83;2.83;2.83;2.83;0;0;0;0;0;14.1;83;26;4.2;0;-;16;33;849;756;0;1543.0;10.1;9.3;0;0;0;0;0;0;
2026.08.28;12:41:11.1;-0.08;-0.08;732;761;8;97;16;255;378;357;27;2.70;2.70;2.70;2.70;0;0;0;0;0;14.1;83;26;4.2;0;-;16;33;849;744;0;1758.0;10.1;9.3;0;0;0;0;0;0;
2026.08.28;12:41:11.6;-0.06;-0.06;205;546;98;97;16;255;399;357;27;2.82;2.82;2.82;2.82;0;0;0;0;0;14.1;82;26;4.2;0;-;16;33;849;745;0;1176.0;10.1;9.2;0;0;0;0;0;0;
2026.08.28;12:41:12.0;-0.06;-0.06;205;546;98;97;16;255;378;378;27;2.82;2.82;2.82;2.82;-2;0;0;0;0;14.1;82;26;4.2;0;-;16;33;849;745;0;1176.0;9.8;9.4;0;0;0;0;0;0;
2026.08.28;12:41:12.5;-0.05;-0.05;156;361;99;99;16;255;378;378;27;2.79;2.79;2.79;2.79;0;0;0;0;0;14.1;82;26;4.2;0;-;16;33;849;754;0;1513.0;9.8;9.4;0;0;0;0;0;0;
2026.08.28;12:41:12.9;-0.05;-0.05;131;283;98;97;17;255;378;378;27;2.80;2.80;2.80;2.80;0;0;0;0;0;14.1;82;26;4.2;0;-;16;33;849;754;0;1513.0;9.8;9.5;0;0;0;0;0;0;
2026.08.28;12:41:13.4;-0.05;-0.05;131;283;98;97;17;255;378;378;27;2.80;2.80;2.80;2.80;1;0;0;0;0;14.1;82;26;4.2;0;-;16;33;849;751;0;1558.0;9.8;9.5;0;0;0;0;0;0;
2026.08.28;12:41:13.8;-0.02;-0.02;97;224;99;98;17;255;378;378;27;2.86;2.86;2.86;2.86;1;0;0;0;0;14.1;82;26;4.2;0;-;16;33;849;751;0;1075.0;9.8;9.5;0;0;0;0;0;0;
2026.08.28;12:41:14.3;0.01;0.01;97;190;98;98;18;255;378;378;27;2.92;2.92;2.92;2.92;1;0;0;0;0;14.1;82;26;4.2;0;-;16;33;849;751;0;1075.0;9.9;9.5;0;0;0;0;0;0;
2026.08.28;12:41:14.7;0.01;0.01;97;190;98;98;18;255;378;357;27;2.92;2.92;2.92;2.92;-3;0;0;0;0;14.1;82;26;4.2;0;-;16;33;849;754;0;1499.0;9.6;9.2;0;0;0;0;0;0;
2026.08.28;12:41:15.2;-0.03;-0.03;830;747;98;97;17;255;378;357;27;2.72;2.72;2.72;2.72;-3;0;0;0;0;14.1;82;26;4.2;0;-;16;33;849;765;0;1323.0;9.6;9.2;0;0;0;0;0;0;
2026.08.28;12:41:15.6;-0.03;-0.03;830;747;98;97;17;255;357;357;27;2.72;2.72;2.72;2.72;-2;0;0;0;0;14.1;82;26;4.2;0;-;16;33;849;765;0;1323.0;9.3;9.1;0;0;0;0;0;0;
2026.08.28;12:41:16.1;-0.04;-0.04;634;722;99;98;18;255;378;357;27;2.67;2.67;2.67;2.67;0;0;0;0;0;14.2;82;26;4.2;0;-;16;33;849;744;0;1553.0;9.6;9.1;0;0;0;0;0;0;
2026.08.28;12:41:16.5;-0.02;-0.02;73;195;98;97;19;255;378;357;27;2.80;2.80;2.80;2.80;0;0;0;0;0;14.2;82;26;4.2;0;-;16;33;849;749;0;1732.0;9.6;9.1;0;0;0;0;0;0;
2026.08.28;12:41:17.0;-0.02;-0.02;73;195;98;97;19;255;378;357;27;2.80;2.80;2.80;2.80;1;0;0;0;0;14.2;82;26;4.2;0;-;16;33;849;749;0;1732.0;9.6;9.2;0;0;0;0;0;0;
2026.08.28;12:41:17.4;-0.01;-0.01;73;146;0;0;19;255;378;357;27;2.76;2.76;2.76;2.76;-2;0;0;0;0;14.2;82;26;4.2;0;-;16;33;849;756;0;1251.0;9.5;9.2;0;0;0;0;0;0;
2026.08.28;12:41:17.9;-0.00;-0.00;78;141;98;97;18;255;378;357;27;2.77;2.77;2.77;2.77;-2;0;0;0;0;14.0;82;26;4.2;0;-;16;33;849;740;0;981.0;9.5;9.2;0;0;0;0;0;0;
2026.08.28;12:41:18.3;0.03;0.03;78;126;98;98;18;255;378;357;27;2.90;2.90;2.90;2.90;-2;0;0;0;0;14.0;82;26;4.2;0;-;16;33;849;740;0;981.0;9.7;9.4;0;0;0;0;0;0;
2026.08.28;12:41:18.8;0.03;0.03;78;126;98;98;18;255;378;357;27;2.90;2.90;2.90;2.90;0;0;0;0;0;14.0;82;26;4.2;0;-;16;33;849;755;0;1094.0;9.6;9.3;0;0;0;0;0;0;
2026.08.28;12:41:19.3;-0.01;-0.01;805;634;98;98;17;255;378;357;27;2.74;2.74;2.74;2.74;0;0;0;0;0;14.0;82;26;4.2;0;-;16;33;849;757;0;1505.0;9.6;9.3;0;0;0;0;0;0;
2026.08.28;12:41:19.7;-0.01;-0.01;805;634;98;98;17;255;357;357;27;2.74;2.74;2.74;2.74;0;0;0;0;0;14.0;82;26;4.2;0;-;16;33;849;757;0;1505.0;9.3;9.2;0;0;0;0;0;0;
2026.08.28;12:41:20.2;0.01;0.01;87;649;97;97;17;255;357;357;27;2.76;2.76;2.76;2.76;-2;0;0;0;0;14.1;82;26;4.2;0;-;16;33;849;752;0;1229.0;9.3;9.2;0;0;0;0;0;0;
2026.08.28;12:41:20.6;0.01;0.01;78;107;98;98;16;255;378;357;27;2.78;2.78;2.78;2.78;-2;0;0;0;0;14.1;82;26;4.2;0;-;16;33;849;747;0;1223.0;9.5;9.1;0;0;0;0;0;0;
2026.08.28;12:41:21.1;0.01;0.01;78;107;98;98;16;255;378;357;27;2.78;2.78;2.78;2.78;-3;0;0;0;0;14.1;82;26;4.2;0;-;16;33;849;747;0;1223.0;9.5;9.1;0;0;0;0;0;0;
2026.08.28;12:41:21.5;0.02;0.02;126;107;97;98;16;255;378;357;27;2.85;2.85;2.85;2.85;-1;0;0;0;0;14.1;82;26;4.2;0;-;16;33;849;744;0;1155.0;9.5;9.1;0;0;0;0;0;0;
2026.08.28;12:41:22.0;0.00;0.00;742;668;96;97;16;255;378;357;27;2.80;2.80;2.80;2.80;-1;0;0;0;0;14.1;82;26;4.2;0;-;16;33;849;744;0;1155.0;9.8;9.4;0;0;0;0;0;0;
2026.08.28;12:41:22.4;0.00;0.00;742;668;96;97;16;255;378;357;27;2.80;2.80;2.80;2.80;-1;0;0;0;0;14.1;82;26;4.3;0;-;16;33;849;748;0;1246.0;9.5;9.2;0;0;0;0;0;0;
2026.08.28;12:41:22.9;0.02;0.02;83;278;96;97;15;255;378;357;27;2.82;2.82;2.82;2.82;-5;0;0;0;0;14.1;82;26;4.3;0;-;16;33;849;747;0;1561.0;9.5;9.2;0;0;0;0;0;0;
2026.08.28;12:41:23.3;0.02;0.02;83;278;96;97;15;255;378;357;27;2.82;2.82;2.82;2.82;-5;0;0;0;0;14.1;82;26;4.3;0;-;16;33;849;747;0;1561.0;9.6;9.2;0;0;0;0;0;0;
2026.08.28;12:41:23.8;0.03;0.03;87;97;95;97;14;255;378;357;27;2.84;2.84;2.84;2.84;1;0;0;0;0;14.1;82;26;4.3;0;-;16;33;849;747;0;1205.0;9.6;9.2;0;0;0;0;0;0;
2026.08.28;12:41:24.2;0.02;0.02;693;415;95;97;14;255;378;357;27;2.82;2.82;2.82;2.82;1;0;0;0;0;14.1;82;26;4.3;0;-;16;33;849;748;0;1495.0;9.5;9.2;0;0;0;0;0;0;
2026.08.28;12:41:24.7;0.02;0.02;693;415;95;97;14;255;378;357;27;2.82;2.82;2.82;2.82;-2;0;0;0;0;14.1;82;26;4.3;0;-;16;33;849;748;0;1495.0;9.5;9.1;0;0;0;0;0;0;
2026.08.28;12:41:25.1;0.01;0.01;732;732;95;97;14;255;378;357;27;2.81;2.81;2.81;2.81;-2;0;0;0;0;14.1;82;26;4.3;0;-;16;33;849;747;0;1066.0;9.5;9.1;0;0;0;0;0;0;
2026.08.28;12:41:25.6;0.01;0.01;732;732;95;97;14;255;378;357;27;2.81;2.81;2.81;2.81;-2;0;0;0;0;14.1;82;26;4.3;0;-;16;33;849;747;0;1066.0;9.6;9.2;0;0;0;0;0;0;
2026.08.28;12:41:26.0;0.03;0.03;327;605;95;98;13;255;378;357;27;2.89;2.89;2.89;2.89;-3;0;0;0;0;14.1;83;26;4.3;0;-;16;33;849;753;0;1087.0;9.6;9.2;0;0;0;0;0;0;
2026.08.28;12:41:26.5;0.03;0.03;327;605;95;98;13;255;357;357;27;2.89;2.89;2.89;2.89;-3;0;0;0;0;14.1;83;26;4.3;0;-;16;33;849;753;0;1087.0;9.4;9.2;0;0;0;0;0;0;
2026.08.28;12:41:26.9;0.00;0.00;756;742;96;99;12;255;357;357;27;2.84;2.84;2.84;2.84;-2;0;0;0;0;14.0;83;26;4.3;0;-;16;33;849;743;0;1092.0;9.4;9.2;0;0;0;0;0;0;
2026.08.28;12:41:27.4;0.00;0.00;756;742;96;99;12;255;357;357;27;2.84;2.84;2.84;2.84;-2;0;0;0;0;14.0;83;26;4.3;0;-;16;33;849;743;0;1092.0;9.4;9.2;0;0;0;0;0;0;
2026.08.28;12:41:27.8;-0.00;-0.00;708;756;93;97;12;255;357;357;27;2.83;2.83;2.83;2.83;-2;0;0;0;0;14.0;83;26;4.3;0;-;16;33;849;752;0;1185.0;9.4;9.2;0;0;0;0;0;0;
2026.08.28;12:42:08.3;-0.00;-0.00;708;756;93;97;12;255;357;357;27;2.83;2.83;2.83;2.83;-2;0;0;0;0;14.0;83;26;4.3;0;-;16;33;849;752;0;1185.0;9.4;9.2;0;0;0;0;0;0;
2026.08.28;12:42:11.5;-0.00;-0.00;708;756;93;97;12;255;357;357;27;2.83;2.83;2.83;2.83;-2;0;0;0;0;14.0;83;26;4.3;0;-;16;33;849;752;0;1185.0;9.4;9.2;0;0;0;0;0;0;
2026.08.28;12:42:11.9;-0.03;-0.03;766;668;82;97;44;255;357;357;27;2.09;2.09;2.09;2.09;-2;0;0;0;0;14.0;83;26;4.3;0;-;16;33;849;1638;10;3042.0;9.4;9.2;0;0;0;0;0;0;
2026.08.28;12:42:12.4;-0.03;-0.03;766;668;82;97;44;255;252;252;27;2.09;2.09;2.09;2.09;20;0;0;0;0;14.0;83;26;4.3;0;-;16;33;849;1638;10;3042.0;14.9;15.7;0;0;0;0;0;0;
2026.08.28;12:42:12.8;-0.00;-0.00;87;68;81;97;44;255;252;252;27;2.18;2.18;2.18;2.18;22;0;0;0;0;14.1;83;26;4.3;0;-;16;34;849;1645;10;4468.0;14.4;15.9;0;0;0;0;0;0;
2026.08.28;12:42:13.3;-0.06;-0.06;175;664;80;96;41;235;252;252;27;2.03;2.03;2.03;2.03;22;0;0;0;0;14.1;80;25;4.3;0;-;16;34;849;1636;10;2574.0;14.4;15.9;0;0;0;0;0;0;
2026.08.28;12:42:13.7;-0.06;-0.06;175;664;80;96;41;235;252;252;27;2.03;2.03;2.03;2.03;22;0;0;0;0;14.1;80;25;4.3;0;-;16;34;849;1636;10;2574.0;14.6;15.6;0;0;0;0;0;0;
2026.08.28;12:42:14.2;0.00;0.00;175;87;80;96;41;235;252;252;27;2.14;2.14;2.14;2.14;23;0;0;0;0;14.1;80;25;4.3;0;-;16;34;849;1657;10;2357.0;14.6;15.6;0;0;0;0;0;0;
2026.08.28;12:42:14.6;-0.02;-0.02;73;78;79;96;39;235;252;252;27;2.10;2.10;2.10;2.10;23;0;0;0;0;14.1;80;25;4.3;0;-;16;34;849;1657;10;2357.0;14.7;15.4;0;0;0;0;0;0;
2026.08.28;12:42:15.1;-0.02;-0.02;73;78;79;96;39;235;252;252;27;2.10;2.10;2.10;2.10;19;0;0;0;0;14.2;80;25;4.3;0;-;16;34;849;1662;11;3401.0;14.7;16.0;0;0;0;0;0;0;
2026.08.28;12:42:15.5;-0.03;-0.03;727;688;79;96;38;235;252;252;27;2.07;2.07;2.07;2.07;28;0;0;0;0;14.2;80;25;4.3;0;-;16;34;849;1686;11;3872.0;14.7;16.0;0;0;0;0;0;0;
2026.08.28;12:42:16.0;0.00;0.00;68;58;79;96;46;235;294;273;27;2.48;2.48;2.48;2.48;28;0;0;0;0;14.2;80;25;4.3;0;-;16;34;849;1686;14;3872.0;18.6;17.9;0;0;0;0;0;0;
2026.08.28;12:42:16.4;0.00;0.00;68;58;79;96;46;235;273;294;27;2.48;2.48;2.48;2.48;15;0;0;0;0;14.2;80;25;4.3;0;-;16;34;849;1839;14;3042.0;18.6;20.8;0;0;0;0;0;0;
2026.08.28;12:42:16.9;0.03;0.03;712;244;78;96;44;235;273;294;27;2.40;2.40;2.40;2.40;21;0;0;0;0;14.1;80;25;4.3;0;-;16;34;849;1940;16;3372.0;18.6;20.8;0;0;0;0;0;0;
2026.08.28;12:42:17.4;-0.03;-0.03;190;708;77;96;42;235;252;273;27;2.15;2.15;2.15;2.15;21;0;0;0;0;14.1;80;25;4.3;0;-;16;34;849;1940;16;3372.0;17.9;19.1;0;0;0;0;0;0;
2026.08.28;12:42:17.8;-0.03;-0.03;190;708;77;96;42;235;252;273;27;2.15;2.15;2.15;2.15;23;0;0;0;0;14.1;80;25;4.3;0;-;16;34;849;1936;16;3900.0;17.9;19.0;0;0;0;0;0;0;
2026.08.28;12:42:18.3;-0.00;-0.00;756;600;77;96;39;235;252;273;27;2.16;2.16;2.16;2.16;23;0;0;0;0;14.1;80;25;4.3;0;-;16;34;849;1953;16;4523.0;17.9;19.0;0;0;0;0;0;0;
2026.08.28;12:42:18.7;-0.00;-0.00;756;600;77;96;39;235;252;252;27;2.16;2.16;2.16;2.16;24;0;0;0;0;14.1;80;25;4.3;0;-;16;34;849;1953;16;4523.0;17.9;18.6;0;0;0;0;0;0;
2026.08.28;12:42:19.2;0.03;0.03;375;92;77;97;38;235;252;252;27;2.23;2.23;2.23;2.23;25;0;0;0;0;14.2;80;25;4.3;0;-;16;34;849;1972;16;4131.0;17.4;18.4;0;0;0;0;0;0;
2026.08.28;12:42:19.6;0.02;0.02;78;73;76;97;36;235;252;252;27;2.12;2.12;2.12;2.12;25;0;0;0;0;14.2;80;25;4.3;0;-;16;34;849;1982;16;4792.0;17.4;18.4;0;0;0;0;0;0;
2026.08.28;12:42:20.1;0.02;0.02;78;73;76;97;36;235;252;252;27;2.12;2.12;2.12;2.12;27;0;0;0;0;14.2;80;25;4.3;0;-;16;34;849;1982;16;4792.0;17.3;18.2;0;0;0;0;0;0;
2026.08.28;12:42:20.5;-0.02;-0.02;410;698;75;96;34;236;252;252;27;2.05;2.05;2.05;2.05;25;0;0;0;0;14.2;80;25;4.3;0;-;16;34;849;1979;16;4156.0;17.3;18.2;0;0;0;0;0;0;
2026.08.28;12:42:21.0;-0.01;-0.01;747;693;74;96;32;236;252;252;27;2.08;2.08;2.08;2.08;25;0;0;0;0;14.2;80;25;4.3;0;-;16;34;849;1979;16;4156.0;17.1;18.0;0;0;0;0;0;0;
2026.08.28;12:42:21.4;-0.01;-0.01;747;693;74;96;32;236;252;252;27;2.08;2.08;2.08;2.08;28;0;0;0;0;14.2;80;25;4.3;0;-;16;34;849;1982;16;2985.0;17.4;18.0;0;0;0;0;0;0;
2026.08.28;12:42:21.9;0.03;0.03;566;87;74;96;30;236;252;252;27;2.15;2.15;2.15;2.15;30;0;0;0;0;14.2;80;25;4.3;0;-;16;34;849;1989;16;4420.0;17.4;18.0;0;0;0;0;0;0;
2026.08.28;12:42:22.3;0.01;0.01;73;68;74;95;28;236;252;252;27;2.10;2.10;2.10;2.10;30;0;0;0;0;14.2;80;25;4.3;0;-;16;34;849;1989;16;4420.0;17.2;17.8;0;0;0;0;0;0;
2026.08.28;12:42:22.8;0.01;0.01;73;68;74;95;28;236;252;252;27;2.10;2.10;2.10;2.10;25;0;0;0;0;14.2;80;25;4.3;0;-;16;34;849;1989;16;2562.0;17.1;17.8;0;0;0;0;0;0;
2026.08.28;12:42:23.2;-0.03;-0.03;126;693;73;95;26;236;252;252;27;2.00;2.00;2.00;2.00;25;0;0;0;0;14.2;80;25;4.3;0;-;16;34;849;1986;16;2259.0;17.1;17.8;0;0;0;0;0;0;
2026.08.28;12:42:23.7;-0.03;-0.03;126;693;73;95;26;236;231;252;27;2.00;2.00;2.00;2.00;34;0;0;0;0;14.2;80;25;4.3;0;-;16;34;849;1986;16;2259.0;17.0;17.9;0;0;0;0;0;0;
2026.08.28;12:42:24.1;-0.02;-0.02;727;698;74;96;24;236;252;252;27;2.00;2.00;2.00;2.00;34;0;0;0;0;14.2;81;26;4.3;0;-;16;34;849;1992;16;4664.0;17.4;17.8;0;0;0;0;0;0;
2026.08.28;12:42:24.6;-0.01;-0.01;751;434;74;96;23;236;252;252;27;2.05;2.05;2.05;2.05;34;0;0;0;0;14.2;81;26;4.3;0;-;16;34;849;1992;16;1981.0;17.4;17.8;0;0;0;0;0;0;
2026.08.28;12:42:25.0;-0.01;-0.01;751;434;74;96;23;236;252;252;27;2.05;2.05;2.05;2.05;34;0;0;0;0;14.2;81;26;4.3;0;-;16;34;849;1992;16;1981.0;17.4;17.8;0;0;0;0;0;0;
2026.08.28;12:42:25.5;0.02;0.02;161;83;73;96;21;236;252;252;27;2.11;2.11;2.11;2.11;34;0;0;0;0;14.2;81;26;4.3;0;-;16;34;849;1999;16;4202.0;17.4;17.8;0;0;0;0;0;0;
2026.08.28;12:42:25.9;-0.01;-0.01;73;190;73;95;20;236;231;252;27;2.05;2.05;2.05;2.05;31;0;0;0;0;14.2;81;26;4.3;0;-;16;34;849;1999;16;4202.0;17.1;17.6;0;0;0;0;0;0;
2026.08.28;12:42:26.4;-0.01;-0.01;73;190;73;95;20;236;231;252;27;2.05;2.05;2.05;2.05;29;0;0;0;0;14.2;81;26;4.3;0;-;16;34;849;1992;16;4042.0;17.1;17.6;0;0;0;0;0;0;
2026.08.28;12:42:26.8;-0.03;-0.03;610;708;73;95;19;236;231;252;27;2.00;2.00;2.00;2.00;34;0;0;0;0;14.2;81;26;4.3;0;-;16;34;849;1986;16;2695.0;17.1;17.6;0;0;0;0;0;0;
2026.08.28;12:42:27.3;-0.02;-0.02;771;620;73;95;18;236;231;252;27;2.05;2.05;2.05;2.05;34;0;0;0;0;14.2;81;26;4.3;0;-;16;34;849;1986;16;2695.0;17.2;17.6;0;0;0;0;0;0;
2026.08.28;12:42:27.7;-0.02;-0.02;771;620;73;95;18;236;252;252;27;2.05;2.05;2.05;2.05;35;0;0;0;0;14.2;81;26;4.3;0;-;16;34;849;1989;16;5000.0;18.0;17.5;0;0;0;0;0;0;
2026.08.28;12:42:28.2;0.01;0.01;219;73;72;95;17;236;252;252;27;2.18;2.18;2.18;2.18;35;0;0;0;0;14.2;81;26;4.3;0;-;16;34;849;1982;16;4921.0;18.0;17.5;0;0;0;0;0;0;
2026.08.28;12:42:28.6;0.01;0.01;219;73;72;95;17;236;252;252;27;2.18;2.18;2.18;2.18;28;0;0;0;0;14.2;81;26;4.3;0;-;16;34;849;1982;16;4921.0;17.5;17.7;0;0;0;0;0;0;
2026.08.28;12:42:29.1;-0.01;-0.01;78;73;73;95;14;236;252;252;27;2.07;2.07;2.07;2.07;28;0;0;0;0;14.2;81;26;4.3;0;-;16;34;849;1986;16;4730.0;17.5;17.7;0;0;0;0;0;0;
2026.08.28;12:42:29.5;-0.02;-0.02;78;170;72;95;12;236;252;252;27;2.06;2.06;2.06;2.06;28;0;0;0;0;14.2;81;26;4.3;0;-;16;34;849;1986;17;4730.0;17.4;17.7;0;0;0;0;0;0;
2026.08.28;12:42:30.0;-0.02;-0.02;78;170;72;95;12;236;231;252;27;2.06;2.06;2.06;2.06;31;0;0;0;0;14.2;81;26;4.4;0;-;16;34;849;1989;17;3862.0;17.3;17.7;0;0;0;0;0;0;
2026.08.28;12:42:30.4;-0.05;-0.05;87;654;72;95;11;236;231;252;27;2.00;2.00;2.00;2.00;29;0;0;0;0;14.2;81;26;4.4;0;-;16;34;849;1979;17;3065.0;17.3;17.7;0;0;0;0;0;0;
2026.08.28;12:42:30.9;-0.04;-0.04;742;712;72;95;9;236;252;252;27;2.03;2.03;2.03;2.03;29;0;0;0;0;14.2;81;26;4.4;0;-;16;34;849;1979;17;3065.0;17.7;17.9;0;0;0;0;0;0;
2026.08.28;12:42:31.3;-0.04;-0.04;742;712;72;95;9;236;252;252;27;2.03;2.03;2.03;2.03;34;0;0;0;0;14.2;82;26;4.4;0;-;16;34;849;1986;17;2813.0;17.7;17.8;0;0;0;0;0;0;
2026.08.28;12:42:31.8;-0.02;-0.02;678;131;72;95;7;236;252;252;27;2.06;2.06;2.06;2.06;28;0;0;0;0;14.2;82;26;4.4;0;-;16;34;849;2013;17;3918.0;17.7;17.8;0;0;0;0;0;0;
2026.08.28;12:42:32.2;-0.00;-0.00;141;68;72;95;4;236;252;252;27;2.14;2.14;2.14;2.14;28;0;0;0;0;14.2;82;26;4.4;0;-;16;34;849;2013;17;3918.0;17.6;17.5;0;0;0;0;0;0;
2026.08.28;12:42:32.7;-0.00;-0.00;141;68;72;95;4;236;252;252;27;2.14;2.14;2.14;2.14;30;0;0;0;0;14.2;82;26;4.4;0;-;16;34;849;2003;17;4104.0;17.9;17.9;0;0;0;0;0;0;
2026.08.28;12:42:33.1;-0.02;-0.02;78;87;72;94;0;236;252;252;27;2.10;2.10;2.10;2.10;30;0;0;0;0;14.2;82;26;4.4;0;-;16;34;849;1999;17;4334.0;17.9;17.9;0;0;0;0;0;0;
2026.08.28;12:42:33.6;-0.05;-0.05;634;708;72;94;0;236;231;252;27;2.01;2.01;2.01;2.01;30;0;0;0;0;14.2;82;26;4.4;0;-;16;34;849;1999;17;4334.0;17.6;17.9;0;0;0;0;0;0;
2026.08.28;12:42:34.0;-0.05;-0.05;634;708;72;94;0;236;252;252;27;2.01;2.01;2.01;2.01;34;0;0;0;0;14.2;82;26;4.4;0;-;16;34;849;1999;17;2959.0;18.2;18.5;0;0;0;0;0;0;
2026.08.28;12:42:34.5;-0.02;-0.02;683;136;73;95;0;235;252;252;27;2.13;2.13;2.13;2.13;34;0;0;0;0;14.2;82;26;4.4;0;-;16;34;849;2048;17;3443.0;18.2;18.5;0;0;0;0;0;0;
2026.08.28;12:42:34.9;-0.00;-0.00;83;63;72;94;4;235;231;231;27;2.09;2.09;2.09;2.09;28;0;0;0;0;14.2;82;26;4.4;0;-;16;34;849;2048;17;3443.0;17.7;17.9;0;0;0;0;0;0;
2026.08.28;12:42:35.4;-0.00;-0.00;83;63;72;94;4;235;252;252;27;2.09;2.09;2.09;2.09;35;0;0;0;0;14.2;82;26;4.4;0;-;16;34;849;2034;17;3969.0;18.2;18.2;0;0;0;0;0;0;
2026.08.28;12:42:35.8;-0.05;-0.05;117;708;72;95;7;235;252;252;27;2.02;2.02;2.02;2.02;35;0;0;0;0;14.2;82;26;4.4;0;-;16;34;849;2027;17;5000.0;18.2;18.2;0;0;0;0;0;0;
2026.08.28;12:42:36.3;-0.04;-0.04;732;703;72;94;9;235;252;252;27;2.02;2.02;2.02;2.02;35;0;0;0;0;14.2;82;26;4.4;0;-;16;34;849;2027;17;5000.0;18.1;18.1;0;0;0;0;0;0;
2026.08.28;12:42:36.7;-0.04;-0.04;732;703;72;94;9;235;231;252;27;2.02;2.02;2.02;2.02;34;0;0;0;0;14.2;82;26;4.4;0;-;16;35;849;2048;17;3758.0;17.6;18.2;0;0;0;0;0;0;
2026.08.28;12:42:37.2;-0.02;-0.02;742;122;72;94;10;235;231;252;27;2.04;2.04;2.04;2.04;34;0;0;0;0;14.2;82;26;4.4;0;-;16;35;849;2034;17;4240.0;17.6;18.2;0;0;0;0;0;0;
2026.08.28;12:42:37.6;-0.02;-0.02;742;122;72;94;10;235;252;252;27;2.04;2.04;2.04;2.04;35;0;0;0;0;14.2;82;26;4.4;0;-;16;35;849;2034;17;4240.0;18.2;18.1;0;0;0;0;0;0;
2026.08.28;12:42:38.1;-0.02;-0.02;761;175;72;95;13;235;231;252;27;2.13;2.13;2.13;2.13;28;0;0;0;0;14.2;83;26;4.4;0;-;16;34;849;2059;17;2741.0;18.0;18.7;0;0;0;0;0;0;
2026.08.28;12:42:38.5;-0.00;-0.00;87;63;72;94;14;235;231;252;27;2.11;2.11;2.11;2.11;28;0;0;0;0;14.2;83;26;4.4;0;-;16;34;849;2063;17;5000.0;18.0;18.7;0;0;0;0;0;0;
2026.08.28;12:42:39.0;-0.00;-0.00;87;63;72;94;14;235;231;252;27;2.11;2.11;2.11;2.11;25;0;0;0;0;14.2;83;26;4.4;0;-;16;34;849;2063;18;5000.0;18.0;18.8;0;0;0;0;0;0;
2026.08.28;12:42:39.4;-0.01;-0.01;68;78;71;94;16;235;231;252;27;2.11;2.11;2.11;2.11;29;0;0;0;0;14.2;83;26;4.4;0;-;16;34;849;2066;18;2833.0;18.0;18.8;0;0;0;0;0;0;
2026.08.28;12:42:39.9;-0.01;-0.01;68;78;71;94;16;235;273;273;27;2.11;2.11;2.11;2.11;29;0;0;0;0;14.2;83;26;4.4;0;-;16;34;849;2066;22;2833.0;22.7;22.3;0;0;0;0;0;0;
2026.08.28;12:42:40.3;0.04;0.04;92;63;71;94;21;235;252;273;27;2.64;2.64;2.64;2.64;22;0;0;0;0;14.2;83;26;4.4;0;-;16;34;849;2329;22;2817.0;22.2;23.8;0;0;0;0;0;0;
2026.08.28;12:42:40.8;-0.01;-0.01;390;644;70;94;21;235;252;273;27;2.17;2.17;2.17;2.17;22;0;0;0;0;14.2;83;26;4.4;0;-;16;34;849;2329;22;2817.0;22.2;23.8;0;0;0;0;0;0;
2026.08.28;12:42:41.2;-0.01;-0.01;390;644;70;94;21;235;231;252;27;2.17;2.17;2.17;2.17;27;0;0;0;0;14.2;83;26;4.4;0;-;16;34;849;2401;22;5000.0;21.3;22.4;0;0;0;0;0;0;
2026.08.28;12:42:41.7;-0.01;-0.01;600;703;70;94;22;235;231;252;27;2.07;2.07;2.07;2.07;28;0;0;0;0;14.2;83;26;4.4;0;-;16;34;849;2426;22;4758.0;21.3;22.4;0;0;0;0;0;0;
2026.08.28;12:42:42.1;-0.01;-0.01;585;688;68;94;23;235;231;231;27;2.05;2.05;2.05;2.05;28;0;0;0;0;14.2;83;26;4.4;0;-;16;34;849;2426;22;4758.0;21.2;22.1;0;0;0;0;0;0;
2026.08.28;12:42:42.6;-0.01;-0.01;585;688;68;94;23;235;231;231;27;2.05;2.05;2.05;2.05;36;0;0;0;0;14.2;83;26;4.4;0;-;16;34;849;2426;22;5000.0;21.2;21.9;0;0;0;0;0;0;
2026.08.28;12:42:43.0;-0.01;-0.01;463;673;66;94;25;235;231;231;27;2.01;2.01;2.01;2.01;30;0;0;0;0;14.2;83;26;4.4;0;-;16;34;849;2436;22;4453.0;21.2;21.9;0;0;0;0;0;0;
2026.08.28;12:42:43.5;-0.01;-0.01;463;673;66;94;25;235;231;231;27;2.01;2.01;2.01;2.01;30;0;0;0;0;14.2;83;26;4.4;0;-;16;34;849;2436;22;4453.0;21.1;22.1;0;0;0;0;0;0;
2026.08.28;12:42:43.9;-0.00;-0.00;747;717;65;93;27;235;231;231;27;2.04;2.04;2.04;2.04;33;0;0;0;0;14.2;83;26;4.4;0;-;16;35;849;2436;22;3658.0;21.1;22.1;0;0;0;0;0;0;
2026.08.28;12:42:44.4;0.01;0.01;742;117;63;93;29;235;231;231;27;2.07;2.07;2.07;2.07;33;0;0;0;0;14.2;83;26;4.4;0;-;16;35;849;2461;22;3643.0;21.1;22.1;0;0;0;0;0;0;
2026.08.28;12:42:44.8;0.01;0.01;742;117;63;93;29;235;231;231;27;2.07;2.07;2.07;2.07;31;0;0;0;0;14.2;83;26;4.4;0;-;16;35;849;2461;22;3643.0;20.9;21.9;0;0;0;0;0;0;
2026.08.28;12:42:45.3;0.05;0.05;620;92;63;94;32;235;231;231;27;2.08;2.08;2.08;2.08;27;0;0;0;0;14.2;84;27;4.4;0;-;16;34;849;2461;22;5000.0;20.3;21.6;0;0;0;0;0;0;
2026.08.28;12:42:45.8;0.04;0.04;102;73;62;94;33;235;231;231;27;2.08;2.08;2.08;2.08;27;0;0;0;0;14.2;84;27;4.4;0;-;16;34;849;2456;22;3996.0;20.3;21.6;0;0;0;0;0;0;
2026.08.28;12:42:46.2;0.04;0.04;102;73;62;94;33;235;231;231;27;2.08;2.08;2.08;2.08;31;0;0;0;0;14.2;84;27;4.4;0;-;16;34;849;2456;22;3996.0;20.7;21.8;0;0;0;0;0;0;
2026.08.28;12:42:46.7;0.03;0.03;78;78;61;93;36;235;231;231;27;2.08;2.08;2.08;2.08;29;0;0;0;0;14.2;84;27;4.4;0;-;16;34;849;2451;22;5000.0;20.7;21.8;0;0;0;0;0;0;
2026.08.28;12:42:47.1;0.02;0.02;78;83;60;93;38;235;231;231;27;2.07;2.07;2.07;2.07;29;0;0;0;0;14.2;84;27;4.4;0;-;16;35;849;2441;22;3490.0;20.7;21.6;0;0;0;0;0;0;
2026.08.28;12:42:47.6;0.02;0.02;78;83;60;93;38;235;231;231;27;2.07;2.07;2.07;2.07;30;0;0;0;0;14.2;84;27;4.4;0;-;16;35;849;2441;22;3490.0;20.8;22.1;0;0;0;0;0;0;
2026.08.28;12:42:48.0;-0.02;-0.02;151;673;59;93;41;235;231;231;27;2.00;2.00;2.00;2.00;31;0;0;0;0;14.2;84;27;4.4;0;-;16;35;849;2431;22;5000.0;20.8;22.1;0;0;0;0;0;0;
2026.08.28;12:42:48.5;-0.02;-0.02;673;693;58;93;42;227;231;231;27;1.97;1.97;1.97;1.97;31;0;0;0;0;14.2;85;27;4.4;0;-;16;34;849;2426;22;3205.0;20.9;22.3;0;0;0;0;0;0;
2026.08.28;12:42:48.9;-0.02;-0.02;673;693;58;93;42;227;231;231;27;1.97;1.97;1.97;1.97;27;0;0;0;0;14.2;85;27;4.4;0;-;16;34;849;2426;22;3205.0;20.8;22.1;0;0;0;0;0;0;
2026.08.28;12:42:49.4;-0.01;-0.01;742;708;58;93;44;227;231;231;27;2.00;2.00;2.00;2.00;28;0;0;0;0;14.2;85;27;4.4;0;-;16;34;849;2441;22;4295.0;20.8;22.1;0;0;0;0;0;0;
2026.08.28;12:42:49.8;-0.01;-0.01;751;712;57;93;47;227;231;231;27;2.01;2.01;2.01;2.01;28;0;0;0;0;14.2;85;27;4.4;0;-;16;35;849;2441;22;4295.0;20.4;21.7;0;0;0;0;0;0;
2026.08.28;12:42:50.3;-0.01;-0.01;751;712;57;93;47;227;231;231;27;2.01;2.01;2.01;2.01;27;0;0;0;0;14.2;85;27;4.4;0;-;16;35;849;2446;22;3617.0;20.7;22.0;0;0;0;0;0;0;
2026.08.28;12:42:50.7;-0.01;-0.01;781;673;56;92;48;227;231;231;27;1.99;1.99;1.99;1.99;29;0;0;0;0;14.2;85;27;4.4;0;-;16;35;849;2451;22;5000.0;20.7;22.0;0;0;0;0;0;0;
2026.08.28;12:42:51.2;-0.00;-0.01;781;673;56;92;48;227;231;231;27;1.99;1.99;1.99;1.99;29;0;0;0;0;14.2;85;27;4.4;0;-;16;35;849;2451;22;5000.0;20.7;22.1;0;0;0;0;0;0;
2026.08.28;12:42:51.6;-0.00;-0.00;786;668;56;93;49;227;231;231;27;1.99;1.99;1.99;1.99;34;0;0;0;0;14.2;85;27;4.4;0;-;16;35;849;2446;22;3516.0;20.7;22.1;0;0;0;0;0;0;
2026.08.28;12:42:52.1;-0.01;-0.01;766;610;55;93;53;227;231;231;27;2.00;2.00;2.00;2.00;34;0;0;0;0;14.2;85;27;4.4;0;-;16;35;849;2456;22;5000.0;20.7;22.2;0;0;0;0;0;0;
2026.08.28;12:42:52.5;-0.01;-0.01;766;610;55;93;53;227;231;231;27;2.00;2.00;2.00;2.00;30;0;0;0;0;14.2;85;27;4.4;0;-;16;35;849;2456;22;5000.0;20.1;22.3;0;0;0;0;0;0;
2026.08.28;12:42:53.0;-0.00;-0.00;791;649;54;92;55;227;231;231;27;1.97;1.97;1.97;1.97;29;0;0;0;0;14.2;85;27;4.5;0;-;16;35;849;2451;22;3377.0;20.1;22.3;0;0;0;0;0;0;
2026.08.28;12:42:53.4;0.03;0.03;605;97;54;92;58;227;231;231;27;2.10;2.10;2.10;2.10;29;0;0;0;0;14.2;85;27;4.5;0;-;16;35;849;2456;22;4425.0;20.5;21.9;0;0;0;0;0;0;
2026.08.28;12:42:53.9;0.03;0.03;605;97;54;92;58;227;231;231;27;2.10;2.10;2.10;2.10;27;0;0;0;0;14.2;85;27;4.5;0;-;16;35;849;2456;22;4425.0;19.9;21.6;0;0;0;0;0;0;
2026.08.28;12:42:54.3;0.02;0.02;83;63;53;91;59;227;231;231;27;2.05;2.05;2.05;2.05;28;0;0;0;0;14.2;85;27;4.5;0;-;16;35;849;2441;22;4794.0;19.9;21.6;0;0;0;0;0;0;
2026.08.28;12:42:54.8;0.01;0.01;73;112;52;91;63;227;231;231;27;2.03;2.03;2.03;2.03;28;0;0;0;0;14.2;85;27;4.5;0;-;16;35;849;2441;22;4794.0;20.2;22.4;0;0;0;0;0;0;
2026.08.28;12:42:55.2;0.01;0.01;73;112;52;91;63;227;231;231;27;2.03;2.03;2.03;2.03;25;0;0;0;0;14.2;85;27;4.5;0;-;16;35;849;2446;22;5000.0;20.1;22.1;0;0;0;0;0;0;
2026.08.28;12:42:55.7;0.02;0.02;73;92;52;91;62;227;231;231;27;2.02;2.02;2.02;2.02;28;0;0;0;0;14.2;85;27;4.5;0;-;16;35;849;2451;22;4196.0;20.1;22.1;0;0;0;0;0;0;
2026.08.28;12:42:56.1;0.02;0.02;83;307;52;90;65;227;231;231;27;2.07;2.07;2.07;2.07;28;0;0;0;0;14.2;85;27;4.5;0;-;16;35;849;2451;22;4196.0;20.1;21.6;0;0;0;0;0;0;
2026.08.28;12:42:56.6;0.02;0.02;83;307;52;90;65;227;231;231;27;2.07;2.07;2.07;2.07;26;0;0;0;0;14.2;85;27;4.5;0;-;16;35;849;2456;22;5000.0;20.1;22.0;0;0;0;0;0;0;
2026.08.28;12:42:57.0;0.01;0.01;68;112;52;90;62;227;231;231;27;2.00;2.00;2.00;2.00;26;0;0;0;0;14.2;85;27;4.5;0;-;16;35;849;2451;22;4128.0;20.1;22.0;0;0;0;0;0;0;
2026.08.28;12:42:57.5;0.01;0.01;68;112;52;90;62;227;231;231;27;2.00;2.00;2.00;2.00;28;0;0;0;0;14.2;85;27;4.5;0;-;16;35;849;2451;22;4128.0;20.0;22.1;0;0;0;0;0;0;
2026.08.28;12:42:57.9;-0.02;-0.02;380;703;51;90;62;227;231;231;27;1.94;1.94;1.94;1.94;30;0;0;0;0;14.2;85;27;4.5;0;-;16;35;849;2451;22;3368.0;20.1;21.7;0;0;0;0;0;0;
2026.08.28;12:42:58.4;-0.01;-0.01;786;722;51;89;60;227;231;231;27;1.95;1.95;1.95;1.95;30;0;0;0;0;14.2;85;27;4.5;0;-;16;35;849;2451;22;5000.0;20.1;21.7;0;0;0;0;0;0;
2026.08.28;12:42:58.8;-0.01;-0.01;786;722;51;89;60;227;231;231;27;1.95;1.95;1.95;1.95;29;0;0;0;0;14.2;85;27;4.5;0;-;16;35;849;2451;22;5000.0;20.3;21.6;0;0;0;0;0;0;
2026.08.28;12:42:59.3;0.00;0.00;751;341;51;89;64;227;231;231;27;2.03;2.03;2.03;2.03;29;0;0;0;0;14.1;83;26;4.5;0;-;16;35;849;2467;22;5000.0;20.3;21.6;0;0;0;0;0;0;
2026.08.28;12:42:59.7;0.03;0.03;258;87;50;89;62;227;231;231;27;2.06;2.06;2.06;2.06;29;0;0;0;0;14.1;83;26;4.5;0;-;16;35;849;2467;22;5000.0;19.9;21.6;0;0;0;0;0;0;
2026.08.28;12:43:00.2;0.03;0.03;258;87;50;89;62;227;231;231;27;2.06;2.06;2.06;2.06;31;0;0;0;0;14.1;83;26;4.5;0;-;16;35;849;2467;22;5000.0;20.2;21.6;0;0;0;0;0;0;
2026.08.28;12:43:00.6;0.03;0.03;683;97;51;90;63;227;231;231;27;2.08;2.08;2.08;2.08;28;0;0;0;0;14.1;83;26;4.5;0;-;16;35;849;2461;22;5000.0;20.2;21.6;0;0;0;0;0;0;
2026.08.28;12:43:01.1;0.02;0.02;102;73;50;88;63;227;231;231;27;2.02;2.02;2.02;2.02;28;0;0;0;0;14.1;83;26;4.5;0;-;16;35;849;2461;22;5000.0;20.0;21.8;0;0;0;0;0;0;
2026.08.28;12:43:01.5;0.02;0.02;102;73;50;88;63;227;231;231;27;2.02;2.02;2.02;2.02;30;0;0;0;0;14.1;83;26;4.5;0;-;16;35;849;2472;22;4414.0;19.7;21.7;0;0;0;0;0;0;
2026.08.28;12:43:02.0;0.01;0.01;68;78;50;88;59;227;231;231;27;1.97;1.97;1.97;1.97;30;0;0;0;0;14.1;83;26;4.5;0;-;16;35;849;2456;22;4514.0;19.7;21.7;0;0;0;0;0;0;
2026.08.28;12:43:02.4;-0.03;-0.03;322;708;50;88;60;227;210;231;27;1.90;1.90;1.90;1.90;30;0;0;0;0;14.1;83;26;4.5;0;-;16;35;849;2456;22;4514.0;19.6;22.1;0;0;0;0;0;0;
2026.08.28;12:43:02.9;-0.03;-0.03;322;708;50;88;60;224;231;231;27;1.90;1.90;1.90;1.90;31;0;0;0;0;14.1;83;26;4.5;0;-;16;35;849;2461;22;3180.0;19.8;22.0;0;0;0;0;0;0;
2026.08.28;12:43:03.3;-0.01;-0.01;776;717;50;87;62;224;231;231;27;1.93;1.93;1.93;1.93;31;0;0;0;0;14.2;83;26;4.5;0;-;16;35;849;2461;22;3812.0;19.8;22.0;0;0;0;0;0;0;
2026.08.28;12:43:03.8;-0.01;-0.01;776;717;50;87;62;224;231;231;27;1.93;1.93;1.93;1.93;38;0;0;0;0;14.2;83;26;4.5;0;-;16;35;849;2461;22;3812.0;20.0;21.8;0;0;0;0;0;0;
2026.08.28;12:43:04.2;-0.00;-0.00;786;561;49;87;62;224;231;231;27;1.98;1.98;1.98;1.98;39;0;0;0;0;14.2;83;26;4.5;0;-;16;35;849;2467;22;5000.0;20.0;21.8;0;0;0;0;0;0;
2026.08.28;12:43:04.7;0.01;0.01;771;361;49;88;62;224;231;231;27;2.03;2.03;2.03;2.03;39;0;0;0;0;14.2;83;26;4.5;0;-;16;35;849;2467;22;3434.0;20.0;21.5;0;0;0;0;0;0;
2026.08.28;12:43:05.1;0.01;0.01;771;361;49;88;62;224;210;231;27;2.03;2.03;2.03;2.03;31;0;0;0;0;14.2;83;26;4.5;0;-;16;35;849;2467;22;3434.0;19.5;21.3;0;0;0;0;0;0;
2026.08.28;12:43:05.6;0.02;0.02;97;73;49;87;62;224;210;231;27;2.04;2.04;2.04;2.04;29;0;0;0;0;14.2;83;26;4.5;0;-;16;35;849;2467;22;5000.0;19.5;21.3;0;0;0;0;0;0;
2026.08.28;12:43:06.0;0.01;0.01;73;68;49;87;62;224;231;231;27;1.99;1.99;1.99;1.99;29;0;0;0;0;14.2;83;26;4.5;0;-;16;35;849;2467;22;5000.0;19.7;21.6;0;0;0;0;0;0;
2026.08.28;12:43:06.5;0.01;0.01;73;68;49;87;62;224;210;231;27;1.99;1.99;1.99;1.99;31;0;0;0;0;14.2;83;26;4.5;0;-;16;35;849;2467;22;4942.0;19.2;21.5;0;0;0;0;0;0;
2026.08.28;12:43:06.9;-0.02;-0.02;92;654;49;86;60;224;210;231;27;1.94;1.94;1.94;1.94;30;0;0;0;0;14.2;83;26;4.5;0;-;16;35;849;2461;22;3511.0;19.2;21.5;0;0;0;0;0;0;
2026.08.28;12:43:07.4;-0.02;-0.02;400;683;50;87;60;224;231;231;27;1.90;1.90;1.90;1.90;30;0;0;0;0;14.2;83;26;4.5;0;-;16;35;849;2461;22;3511.0;19.6;21.8;0;0;0;0;0;0;
2026.08.28;12:43:07.8;-0.02;-0.02;400;683;50;87;60;224;210;231;27;1.90;1.90;1.90;1.90;30;0;0;0;0;14.2;83;26;4.5;0;-;16;35;849;2472;22;5000.0;19.5;21.3;0;0;0;0;0;0;
2026.08.28;12:43:08.3;-0.02;-0.02;126;644;49;86;62;224;210;231;27;1.94;1.94;1.94;1.94;30;0;0;0;0;14.2;83;26;4.5;0;-;16;35;849;2451;22;5000.0;19.5;21.3;0;0;0;0;0;0;
2026.08.28;12:43:08.7;-0.02;-0.02;126;644;49;86;62;224;210;210;27;1.94;1.94;1.94;1.94;16;0;0;0;0;14.2;83;26;4.5;0;-;16;35;849;2451;0;5000.0;17.2;19.4;0;0;0;0;0;0;
2026.08.28;12:43:09.2;0.02;0.02;58;48;49;86;46;224;210;210;27;1.78;1.78;1.78;1.78;5;0;0;0;0;14.2;83;26;4.5;0;-;16;35;849;1845;0;3005.0;17.2;19.4;0;0;0;0;0;0;
2026.08.28;12:43:09.6;-0.01;-0.01;830;781;48;85;30;224;210;210;27;1.67;1.67;1.67;1.67;5;0;0;0;0;14.2;83;26;4.5;0;-;16;35;849;1845;0;3005.0;11.6;13.0;0;0;0;0;0;0;
2026.08.28;12:43:10.1;-0.01;-0.01;830;781;48;85;30;208;210;210;27;1.67;1.67;1.67;1.67;5;0;0;0;0;14.1;83;26;4.5;0;-;16;35;849;1279;0;3301.0;7.0;7.8;0;0;0;0;0;0;
2026.08.28;12:43:10.5;-0.02;-0.02;839;800;49;85;21;208;210;210;27;1.58;1.58;1.58;1.58;21;0;0;0;0;14.1;83;26;4.5;0;-;16;35;849;897;0;1764.0;7.0;7.8;0;0;0;0;0;0;
2026.08.28;12:43:11.0;-0.03;-0.03;859;834;51;85;26;208;336;273;27;2.49;2.49;2.49;2.49;21;0;0;0;0;14.1;83;26;4.5;0;-;16;35;849;897;0;1764.0;9.3;8.5;0;0;0;0;0;0;
2026.08.28;12:43:11.4;-0.03;-0.03;859;834;51;85;26;208;315;315;27;2.49;2.49;2.49;2.49;1;0;0;0;0;14.1;83;26;4.5;0;-;16;35;849;801;0;1572.0;8.3;8.5;0;0;0;0;0;0;
2026.08.28;12:43:11.9;-0.03;-0.03;859;849;52;85;24;208;315;315;27;2.50;2.50;2.50;2.50;1;0;0;0;0;14.2;83;26;4.5;0;-;16;35;849;774;0;1453.0;8.3;8.5;0;0;0;0;0;0;
2026.08.28;12:43:12.3;-0.03;-0.03;859;849;52;85;24;208;315;315;27;2.50;2.50;2.50;2.50;0;0;0;0;0;14.2;83;26;4.5;0;-;16;35;849;774;0;1453.0;8.2;8.5;0;0;0;0;0;0;
2026.08.28;12:43:12.8;-0.04;-0.04;844;839;54;85;24;208;336;336;27;2.51;2.51;2.51;2.51;1;0;0;0;0;14.2;83;26;4.5;0;-;16;35;849;754;0;1712.0;8.2;8.4;0;0;0;0;0;0;
2026.08.28;12:43:13.2;-0.05;-0.05;830;830;55;85;24;208;336;336;27;2.49;2.49;2.49;2.49;1;0;0;0;0;14.2;84;27;4.5;0;-;16;35;849;751;0;1667.0;8.2;8.4;0;0;0;0;0;0;
2026.08.28;12:43:13.7;-0.05;-0.05;830;830;55;85;24;208;357;336;27;2.49;2.49;2.49;2.49;-2;0;0;0;0;14.2;84;27;4.5;0;-;16;35;849;751;0;1667.0;8.8;8.5;0;0;0;0;0;0;
2026.08.28;12:43:14.2;-0.05;-0.05;795;805;56;84;24;208;357;336;27;2.57;2.57;2.57;2.57;1;0;0;0;0;14.1;84;27;4.5;0;-;16;35;849;751;0;1450.0;8.8;8.5;0;0;0;0;0;0;
2026.08.28;12:43:14.6;-0.06;-0.06;766;781;58;84;23;208;336;336;27;2.58;2.58;2.58;2.58;1;0;0;0;0;14.1;84;27;4.5;0;-;16;35;849;751;0;1450.0;8.6;8.8;0;0;0;0;0;0;
2026.08.28;12:43:15.1;-0.06;-0.06;766;781;58;84;23;208;357;336;27;2.58;2.58;2.58;2.58;0;0;0;0;0;14.1;84;27;4.5;0;-;16;35;849;750;0;1287.0;8.8;8.8;0;0;0;0;0;0;
2026.08.28;12:43:15.5;-0.07;-0.07;590;688;60;85;23;208;357;336;27;2.61;2.61;2.61;2.61;0;0;0;0;0;14.1;84;27;4.5;0;-;16;35;849;749;0;1536.0;8.8;8.8;0;0;0;0;0;0;
2026.08.28;12:43:16.0;-0.05;-0.05;92;78;61;85;21;208;357;357;27;2.64;2.64;2.64;2.64;0;0;0;0;0;14.1;84;27;4.5;0;-;16;35;849;749;0;1536.0;8.7;9.0;0;0;0;0;0;0;
2026.08.28;12:43:16.4;-0.05;-0.05;92;78;61;85;21;208;357;336;27;2.64;2.64;2.64;2.64;1;0;0;0;0;14.0;84;27;4.5;0;-;16;35;849;753;0;1345.0;8.8;9.0;0;0;0;0;0;0;
2026.08.28;12:43:16.9;-0.04;-0.04;219;112;62;84;21;208;357;336;27;2.60;2.60;2.60;2.60;1;0;0;0;0;14.0;84;27;4.5;0;-;16;35;849;758;0;1707.0;8.8;9.0;0;0;0;0;0;0;
2026.08.28;12:43:17.3;-0.04;-0.04;219;112;62;84;21;208;357;336;27;2.60;2.60;2.60;2.60;-3;0;0;0;0;14.0;84;27;4.5;0;-;16;35;849;758;0;1707.0;8.9;8.8;0;0;0;0;0;0;
2026.08.28;12:43:17.8;-0.05;-0.05;253;668;63;84;19;208;357;336;27;2.58;2.58;2.58;2.58;0;0;0;0;0;14.0;84;27;4.5;0;-;16;35;849;749;0;1333.0;8.9;8.8;0;0;0;0;0;0;
2026.08.28;12:43:18.2;-0.04;-0.04;92;73;64;84;19;208;357;336;27;2.66;2.66;2.66;2.66;0;0;0;0;0;14.2;84;27;4.5;0;-;16;35;849;747;0;1242.0;8.8;9.0;0;0;0;0;0;0;
2026.08.28;12:43:18.7;-0.04;-0.04;92;73;64;84;19;208;357;336;27;2.66;2.66;2.66;2.66;-2;0;0;0;0;14.2;84;27;4.5;0;-;16;35;849;747;0;1242.0;8.9;8.8;0;0;0;0;0;0;
2026.08.28;12:43:19.1;-0.03;-0.03;126;92;65;84;18;208;357;336;27;2.68;2.68;2.68;2.68;-1;0;0;0;0;14.2;84;27;4.5;0;-;16;35;849;756;0;1712.0;8.9;8.8;0;0;0;0;0;0;
2026.08.28;12:43:19.6;-0.05;-0.05;776;722;67;85;17;208;357;336;27;2.58;2.58;2.58;2.58;-1;0;0;0;0;14.2;84;27;4.5;0;-;16;35;849;744;0;1449.0;8.8;9.0;0;0;0;0;0;0;
2026.08.28;12:43:20.0;-0.05;-0.05;776;722;67;85;17;208;357;336;27;2.58;2.58;2.58;2.58;1;0;0;0;0;14.2;84;27;4.5;0;-;16;35;849;744;0;1449.0;8.8;8.7;0;0;0;0;0;0;
2026.08.28;12:43:20.5;-0.06;-0.06;576;688;68;85;17;208;357;357;27;2.64;2.64;2.64;2.64;0;0;0;0;0;14.1;85;27;4.5;0;-;16;35;849;751;0;1421.0;9.1;9.3;0;0;0;0;0;0;
2026.08.28;12:43:20.9;-0.04;-0.04;92;73;68;83;16;208;357;357;27;2.73;2.73;2.73;2.73;0;0;0;0;0;14.1;85;27;4.5;0;-;16;35;849;749;0;1351.0;9.1;9.3;0;0;0;0;0;0;
2026.08.28;12:43:21.4;-0.04;-0.04;92;73;68;83;16;208;357;357;27;2.73;2.73;2.73;2.73;-2;0;0;0;0;14.1;85;27;4.5;0;-;16;35;849;749;0;1351.0;9.1;9.3;0;0;0;0;0;0;
2026.08.28;12:43:21.8;-0.03;-0.03;112;122;69;84;15;208;357;357;27;2.77;2.77;2.77;2.77;-4;0;0;0;0;14.1;85;27;4.5;0;-;16;35;849;749;0;1148.0;9.0;9.2;0;0;0;0;0;0;
2026.08.28;12:43:22.3;-0.04;-0.04;727;571;70;84;14;208;357;357;27;2.70;2.70;2.70;2.70;-4;0;0;0;0;14.1;85;27;4.5;0;-;16;35;849;755;0;1223.0;9.0;9.2;0;0;0;0;0;0;
2026.08.28;12:43:22.7;-0.04;-0.04;727;571;70;84;14;208;357;357;27;2.70;2.70;2.70;2.70;-3;0;0;0;0;14.1;85;27;4.5;0;-;16;35;849;755;0;1223.0;9.0;9.1;0;0;0;0;0;0;
2026.08.28;12:43:23.2;-0.03;-0.03;122;649;70;84;13;208;357;357;27;2.74;2.74;2.74;2.74;-1;0;0;0;0;14.1;85;27;4.5;0;-;16;35;849;756;0;1037.0;9.0;9.1;0;0;0;0;0;0;
2026.08.28;12:43:23.6;-0.04;-0.04;722;327;70;84;12;208;357;357;27;2.72;2.72;2.72;2.72;-1;0;0;0;0;14.1;85;27;4.5;0;-;16;35;849;752;0;1120.0;9.1;9.1;0;0;0;0;0;0;
2026.08.28;12:43:24.1;-0.04;-0.04;722;327;70;84;12;208;357;357;27;2.72;2.72;2.72;2.72;-3;0;0;0;0;14.1;85;27;4.5;0;-;16;35;849;752;0;1120.0;9.2;9.1;0;0;0;0;0;0;
2026.08.28;12:43:24.5;-0.05;-0.05;722;732;71;84;11;208;357;357;27;2.69;2.69;2.69;2.69;-2;0;0;0;0;14.0;85;27;4.6;0;-;16;35;849;742;0;1496.0;9.2;9.1;0;0;0;0;0;0;
2026.08.28;12:43:25.0;-0.04;-0.04;83;92;71;84;10;208;357;357;27;2.75;2.75;2.75;2.75;-2;0;0;0;0;14.0;85;27;4.6;0;-;16;35;849;742;0;1496.0;9.3;9.0;0;0;0;0;0;0;
2026.08.28;12:43:25.4;-0.04;-0.04;83;92;71;84;10;208;357;357;27;2.75;2.75;2.75;2.75;0;0;0;0;0;14.0;85;27;4.6;0;-;16;35;849;755;0;1195.0;9.2;9.2;0;0;0;0;0;0;
2026.08.28;12:43:25.9;-0.03;-0.03;288;102;71;83;10;208;357;357;27;2.77;2.77;2.77;2.77;-2;0;0;0;0;14.0;85;27;4.6;0;-;16;35;849;743;0;1558.0;9.2;9.2;0;0;0;0;0;0;
2026.08.28;12:43:26.3;-0.05;-0.05;747;722;73;84;9;208;357;357;27;2.71;2.71;2.71;2.71;-2;0;0;0;0;14.0;85;27;4.6;0;-;16;35;849;743;0;1558.0;9.4;9.1;0;0;0;0;0;0;
2026.08.28;12:43:26.8;-0.05;-0.05;747;722;73;84;9;208;357;357;27;2.71;2.71;2.71;2.71;-3;0;0;0;0;14.1;85;27;4.6;0;-;16;35;849;750;0;1547.0;9.3;9.2;0;0;0;0;0;0;
2026.08.28;12:43:27.2;-0.03;-0.03;126;97;72;83;8;208;357;357;27;2.78;2.78;2.78;2.78;-3;0;0;0;0;14.1;85;27;4.6;0;-;16;35;849;748;0;1313.0;9.3;9.2;0;0;0;0;0;0;
2026.08.28;12:43:27.7;-0.03;-0.03;126;97;72;83;8;208;357;357;27;2.78;2.78;2.78;2.78;-2;0;0;0;0;14.1;85;27;4.6;0;-;16;35;849;748;0;1313.0;9.3;9.1;0;0;0;0;0;0;
2026.08.28;12:43:28.1;-0.05;-0.05;742;629;73;84;6;208;357;357;27;2.74;2.74;2.74;2.74;-3;0;0;0;0;14.1;85;27;4.6;0;-;16;35;849;749;0;1514.0;9.3;9.2;0;0;0;0;0;0;
2026.08.28;12:43:28.6;-0.05;-0.05;703;717;73;84;4;208;357;357;27;2.73;2.73;2.73;2.73;-3;0;0;0;0;14.1;85;27;4.6;0;-;16;35;849;751;0;1271.0;9.3;9.2;0;0;0;0;0;0;
2026.08.28;12:43:29.0;-0.05;-0.05;703;717;73;84;4;208;357;357;27;2.73;2.73;2.73;2.73;1;0;0;0;0;14.1;85;27;4.6;0;-;16;35;849;751;0;1271.0;9.4;9.0;0;0;0;0;1;0;
2026.08.28;12:43:29.5;-0.04;-0.04;126;126;75;85;0;208;357;357;27;2.77;2.77;2.77;2.77;1;0;0;0;0;14.1;85;27;4.6;0;-;16;35;849;741;0;1508.0;9.4;9.0;0;0;0;0;1;0;
2026.08.28;12:43:29.9;-0.05;-0.05;737;693;75;84;0;208;357;357;27;2.75;2.75;2.75;2.75;1;0;0;0;0;14.1;85;27;4.6;0;-;16;35;849;741;0;1508.0;9.6;9.2;0;0;0;0;1;0;
2026.08.28;12:43:30.4;-0.05;-0.05;737;693;75;84;0;208;378;357;27;2.75;2.75;2.75;2.75;-2;0;0;0;0;14.1;85;27;4.6;0;-;16;35;849;758;0;1674.0;9.7;9.3;0;0;0;0;1;0;
2026.08.28;12:43:30.8;-0.04;-0.04;83;78;75;84;0;284;378;357;27;2.88;2.88;2.88;2.88;-2;0;0;0;0;14.0;85;27;4.6;0;-;16;35;849;752;0;1550.0;9.7;9.3;0;0;0;0;1;0;
2026.08.28;12:43:31.3;-0.03;-0.03;92;78;75;83;3;284;357;357;27;2.82;2.82;2.82;2.82;0;0;0;0;0;14.0;85;27;4.6;0;-;16;35;849;752;0;1550.0;9.5;9.3;0;0;0;0;1;0;
2026.08.28;12:43:31.7;-0.03;-0.03;92;78;75;83;3;284;357;357;27;2.82;2.82;2.82;2.82;-2;0;0;0;0;14.0;85;27;4.6;0;-;16;35;849;754;0;1301.0;9.3;9.1;0;0;0;0;1;0;
2026.08.28;12:43:32.2;-0.05;-0.05;693;664;76;84;5;284;357;357;27;2.77;2.77;2.77;2.77;-2;0;0;0;0;14.0;85;27;4.6;0;-;16;35;849;750;0;1230.0;9.3;9.1;0;0;0;0;1;0;
2026.08.28;12:43:32.6;-0.03;-0.03;126;102;76;84;7;284;357;357;27;2.81;2.81;2.81;2.81;-1;0;0;0;0;14.0;85;27;4.6;0;-;16;35;849;750;0;1230.0;9.4;9.1;0;0;0;0;1;0;
2026.08.28;12:43:33.1;-0.03;-0.03;126;102;76;84;7;284;357;357;27;2.81;2.81;2.81;2.81;1;0;0;0;0;14.1;85;27;4.6;0;-;16;35;849;759;0;1057.0;9.3;9.1;0;0;0;0;1;0;
2026.08.28;12:43:33.5;-0.05;-0.05;742;717;76;84;8;284;357;357;27;2.76;2.76;2.76;2.76;-3;0;0;0;0;14.1;85;27;4.6;0;-;16;35;849;752;0;1538.0;9.3;9.1;0;0;0;0;1;0;
2026.08.28;12:43:34.0;-0.03;-0.03;68;63;77;85;9;284;315;357;27;3.32;3.32;3.32;3.32;-3;0;0;0;0;14.1;85;27;4.6;0;-;16;35;849;752;0;1538.0;9.6;10.8;20;16;45;0;0;0;
2026.08.28;12:43:34.4;-0.03;-0.03;68;63;77;85;9;284;273;336;27;3.32;3.32;3.32;3.32;-7;0;0;0;0;14.1;85;27;4.6;0;-;16;35;849;771;0;1517.0;8.4;10.4;20;21;46;0;0;0;
2026.08.28;12:43:34.9;-0.05;-0.05;800;722;76;84;9;284;273;336;27;2.88;2.88;2.88;2.88;3;0;0;0;0;14.1;85;27;4.6;0;-;16;35;849;744;0;1698.0;8.4;10.4;20;21;46;0;0;0;
2026.08.28;12:43:35.3;-0.05;-0.05;844;825;77;84;10;284;294;315;27;2.82;2.82;2.82;2.82;3;0;0;0;0;14.1;85;27;4.6;0;-;16;35;849;744;0;1698.0;8.8;9.6;20;21;43;0;0;0;
2026.08.28;12:43:35.8;-0.05;-0.05;844;825;77;84;10;284;294;315;27;2.82;2.82;2.82;2.82;-2;0;0;0;0;14.1;85;27;4.6;0;-;16;35;849;756;0;1203.0;8.8;9.3;20;21;44;0;0;0;
2026.08.28;12:43:36.2;-0.06;-0.06;834;839;78;84;11;284;294;315;27;2.77;2.77;2.77;2.77;-2;0;0;0;0;14.1;85;27;4.6;0;-;16;35;849;758;0;1177.0;8.8;9.3;20;21;44;0;0;0;
2026.08.28;12:43:36.7;-0.06;-0.06;834;839;78;84;11;284;294;315;27;2.77;2.77;2.77;2.77;-1;0;0;0;0;14.1;85;27;4.6;0;-;16;35;849;758;0;1177.0;8.6;9.2;20;21;43;0;0;0;
2026.08.28;12:43:37.1;-0.08;-0.08;820;830;78;84;11;284;294;315;27;2.59;2.59;2.59;2.59;3;0;0;0;0;14.1;85;27;4.6;0;-;16;35;849;752;0;1175.0;8.6;9.2;20;21;43;0;0;0;
2026.08.28;12:43:37.6;-0.11;-0.11;781;810;79;86;12;296;294;294;27;2.47;2.47;2.47;2.47;3;0;0;0;0;14.1;86;27;4.6;0;-;16;35;849;742;0;1721.0;8.8;9.0;20;21;45;0;0;0;
2026.08.28;12:43:38.0;-0.11;-0.11;781;810;79;86;12;296;294;315;27;2.47;2.47;2.47;2.47;4;0;0;0;0;14.1;86;27;4.6;0;-;16;35;849;742;0;1721.0;8.8;9.2;20;21;44;0;0;0;
2026.08.28;12:43:38.5;-0.14;-0.14;478;732;78;84;13;296;294;315;27;2.47;2.47;2.47;2.47;1;0;0;0;0;14.1;86;27;4.6;0;-;16;35;849;738;0;1703.0;8.8;9.2;20;21;44;0;0;0;
2026.08.28;12:43:38.9;-0.09;-0.09;63;58;78;84;15;296;357;336;27;2.56;2.56;2.56;2.56;1;0;0;0;0;14.1;86;27;4.6;0;-;16;35;849;738;0;1703.0;9.3;8.5;0;0;0;0;0;0;
2026.08.28;12:43:39.4;-0.09;-0.09;63;58;78;84;15;296;399;357;27;2.56;2.56;2.56;2.56;6;0;0;0;0;14.1;86;27;4.6;0;-;16;35;849;737;0;1719.0;10.0;9.5;0;0;0;0;0;0;
2026.08.28;12:43:39.8;-0.08;-0.08;43;39;80;85;15;296;399;357;27;2.74;2.74;2.74;2.74;0;0;0;0;0;14.1;86;27;4.6;0;-;16;35;849;749;0;1464.0;10.0;9.5;0;0;0;0;0;0;
2026.08.28;12:43:40.3;-0.07;-0.07;43;39;79;84;16;296;378;378;27;2.72;2.72;2.72;2.72;0;0;0;0;0;14.1;86;27;4.6;0;-;16;35;849;749;0;1464.0;9.8;9.6;0;0;0;0;0;0;
2026.08.28;12:43:40.7;-0.07;-0.07;43;39;79;84;16;296;399;378;27;2.72;2.72;2.72;2.72;-5;0;0;0;0;14.1;86;27;4.6;0;-;16;35;849;742;0;1338.0;10.3;9.6;0;0;0;0;0;0;
2026.08.28;12:43:41.2;-0.04;-0.04;43;39;80;84;17;296;399;378;27;2.88;2.88;2.88;2.88;-5;0;0;0;0;14.1;86;27;4.6;0;-;16;35;849;745;0;1539.0;10.3;9.6;0;0;0;0;0;0;
2026.08.28;12:43:41.6;-0.04;-0.04;43;39;80;84;17;296;378;378;27;2.88;2.88;2.88;2.88;-5;0;0;0;0;14.1;86;27;4.6;0;-;16;35;849;745;0;1539.0;9.8;9.7;0;0;0;0;0;0;
2026.08.28;12:43:42.1;-0.00;-0.00;48;43;80;85;17;296;378;378;27;2.81;2.81;2.81;2.81;-2;0;0;0;0;14.1;86;27;4.6;0;-;16;35;849;762;0;1450.0;9.8;9.7;0;0;0;0;0;0;
2026.08.28;12:43:42.5;0.03;0.03;63;53;80;84;17;296;357;378;27;2.80;2.80;2.80;2.80;-2;0;0;0;0;14.1;86;27;4.6;0;-;16;35;849;765;0;1824.0;9.5;9.6;0;0;0;0;0;0;
2026.08.28;12:43:43.0;0.03;0.03;63;53;80;84;17;296;357;357;27;2.80;2.80;2.80;2.80;-5;0;0;0;0;14.1;86;27;4.6;0;-;16;35;849;765;0;1824.0;9.1;9.3;0;0;0;0;0;0;
2026.08.28;12:43:43.4;0.06;0.06;410;87;81;86;17;296;357;357;27;2.76;2.76;2.76;2.76;-2;0;0;0;0;14.1;86;27;4.6;0;-;16;35;849;755;0;1208.0;9.1;9.3;0;0;0;0;0;0;
2026.08.28;12:43:43.9;0.00;0.00;673;737;80;84;18;296;357;357;27;2.61;2.61;2.61;2.61;-2;0;0;0;0;14.1;86;27;4.6;0;-;16;35;849;750;0;1357.0;9.2;8.9;0;0;0;0;0;0;
2026.08.28;12:43:44.3;0.00;0.00;673;737;80;84;18;296;357;357;27;2.61;2.61;2.61;2.61;2;0;0;0;0;14.1;86;27;4.6;0;-;16;35;849;750;0;1357.0;9.1;9.1;0;0;0;0;0;0;
2026.08.28;12:43:44.8;0.02;0.02;78;63;80;84;18;303;357;357;27;2.66;2.66;2.66;2.66;-4;0;0;0;0;14.1;86;27;4.6;0;-;16;35;849;751;0;1171.0;9.1;9.1;0;0;0;0;0;0;
2026.08.28;12:43:45.3;0.03;0.03;78;68;80;84;19;303;357;357;27;2.68;2.68;2.68;2.68;-4;0;0;0;0;14.1;86;27;4.6;0;-;16;35;849;751;0;1171.0;9.1;9.1;0;0;0;0;0;0;
2026.08.28;12:43:45.7;0.03;0.03;78;68;80;84;19;303;357;357;27;2.68;2.68;2.68;2.68;0;0;0;0;0;14.1;86;27;4.6;0;-;16;35;849;755;0;1325.0;9.0;9.1;0;0;0;0;0;0;
2026.08.28;12:43:46.2;0.04;0.04;117;87;82;86;19;303;357;357;27;2.71;2.71;2.71;2.71;0;0;0;0;0;14.1;86;27;4.6;0;-;16;35;849;747;0;1594.0;9.0;9.1;0;0;0;0;0;0;
2026.08.28;12:43:46.6;0.04;0.04;117;87;82;86;19;303;357;357;27;2.71;2.71;2.71;2.71;-3;0;0;0;0;14.1;86;27;4.6;0;-;16;35;849;747;0;1594.0;9.0;9.2;0;0;0;0;0;0;
2026.08.28;12:43:47.1;0.02;0.02;708;244;81;85;19;303;357;357;27;2.65;2.65;2.65;2.65;-3;0;0;0;0;14.1;86;27;4.6;0;-;16;35;849;755;0;1647.0;9.0;9.2;0;0;0;0;0;0;
2026.08.28;12:43:47.5;0.03;0.03;83;527;81;85;20;303;357;357;27;2.66;2.66;2.66;2.66;-3;0;0;0;0;14.1;86;27;4.6;0;-;16;35;849;755;0;1647.0;9.1;9.2;0;0;0;0;0;0;
2026.08.28;12:43:48.0;0.03;0.03;83;527;81;85;20;303;357;357;27;2.66;2.66;2.66;2.66;-1;0;0;0;0;14.1;86;27;4.6;0;-;16;35;849;753;0;1176.0;9.3;9.0;0;0;0;0;0;0;
2026.08.28;12:43:48.4;0.03;0.03;83;68;81;85;21;303;357;357;27;2.72;2.72;2.72;2.72;1;0;0;0;0;14.1;86;27;4.6;0;-;16;35;849;748;0;1372.0;9.3;9.0;0;0;0;0;0;0;
2026.08.28;12:43:48.9;0.04;0.04;87;83;81;85;21;303;357;357;27;2.71;2.71;2.71;2.71;1;0;0;0;0;14.1;86;27;4.6;0;-;16;35;849;758;0;1195.0;9.1;9.2;0;0;0;0;0;0;
2026.08.28;12:43:49.3;0.04;0.04;87;83;81;85;21;303;357;357;27;2.71;2.71;2.71;2.71;-3;0;0;0;0;14.1;86;27;4.6;0;-;16;35;849;758;0;1195.0;9.0;9.1;0;0;0;0;0;0;
2026.08.28;12:43:49.8;0.05;0.05;229;126;82;85;21;303;357;357;27;2.74;2.74;2.74;2.74;-3;0;0;0;0;14.1;86;27;4.6;0;-;16;35;849;759;0;1593.0;9.0;9.1;0;0;0;0;0;0;
2026.08.28;12:43:50.2;0.02;0.02;97;639;81;84;22;303;357;357;27;2.64;2.64;2.64;2.64;-3;0;0;0;0;14.1;86;27;4.6;0;-;16;35;849;744;0;1572.0;8.9;9.0;0;0;0;0;0;0;
2026.08.28;12:43:50.7;0.02;0.02;97;639;81;84;22;303;357;357;27;2.64;2.64;2.64;2.64;-4;0;0;0;0;14.1;86;27;4.6;0;-;16;35;849;744;0;1572.0;9.1;9.1;0;0;0;0;0;0;
2026.08.28;12:43:51.1;0.03;0.03;68;58;82;85;23;303;357;357;27;2.63;2.63;2.63;2.63;-2;0;0;0;0;14.1;86;27;4.6;0;-;16;35;849;748;0;1388.0;9.1;9.1;0;0;0;0;0;0;
2026.08.28;12:43:51.6;0.03;0.03;78;73;82;85;23;303;357;336;27;2.63;2.63;2.63;2.63;-2;0;0;0;0;14.1;86;27;4.6;0;-;16;35;849;748;0;1388.0;9.1;8.9;0;0;0;0;0;0;
2026.08.28;12:43:52.0;0.03;0.03;78;73;82;85;23;304;735;567;27;2.63;2.63;2.63;2.63;13;0;0;0;0;14.1;86;27;4.6;0;-;16;35;849;750;0;1832.0;21.0;19.3;0;0;0;0;0;0;
2026.08.28;12:43:52.5;-0.01;-0.01;53;68;82;85;35;304;735;567;27;3.43;3.43;3.43;3.43;13;0;0;0;0;14.1;86;27;4.6;0;-;16;35;849;1772;6;4189.0;21.0;19.3;0;0;0;0;0;0;
2026.08.28;12:43:52.9;0.06;0.06;58;58;82;85;44;304;231;252;27;1.95;1.95;1.95;1.95;27;0;0;0;0;14.1;86;27;4.6;0;-;16;35;849;1772;12;4189.0;15.2;17.6;0;0;0;0;0;0;
2026.08.28;12:43:53.4;0.06;0.06;58;58;82;85;44;304;210;252;27;1.95;1.95;1.95;1.95;35;0;0;0;0;14.1;86;27;4.6;0;-;16;35;849;1940;12;4797.0;14.9;17.5;0;0;0;0;0;0;
2026.08.28;12:43:53.8;0.08;0.08;673;595;81;85;41;304;210;252;27;1.78;1.78;1.78;1.78;35;0;0;0;0;14.1;86;27;4.6;0;-;16;35;849;1956;13;2915.0;14.9;17.5;0;0;0;0;0;0;
2026.08.28;12:43:54.3;0.08;0.08;673;595;81;85;41;304;231;231;27;1.78;1.78;1.78;1.78;40;0;0;0;0;14.1;86;27;4.6;0;-;16;35;849;1956;13;2915.0;15.1;16.4;0;0;0;0;0;0;
2026.08.28;12:43:54.7;0.09;0.09;795;693;81;85;44;304;231;231;27;2.00;2.00;2.00;2.00;38;0;0;0;0;14.1;86;27;4.6;0;-;16;35;849;1924;13;4438.0;15.1;16.4;0;0;0;0;0;0;
2026.08.28;12:43:55.2;0.04;0.04;703;776;81;85;46;304;231;231;27;1.91;1.91;1.91;1.91;38;0;0;0;0;14.1;86;27;4.6;0;-;16;35;849;1905;13;4603.0;14.9;16.6;0;0;0;0;0;0;
2026.08.28;12:43:55.6;0.04;0.04;703;776;81;85;46;304;231;231;27;1.91;1.91;1.91;1.91;37;0;0;0;0;14.1;86;27;4.6;0;-;16;35;849;1905;14;4603.0;15.6;16.5;0;0;0;0;0;0;
2026.08.28;12:43:56.1;0.08;0.08;346;87;80;85;50;304;231;231;27;2.07;2.07;2.07;2.07;36;0;0;0;0;14.2;86;27;4.6;0;-;16;35;849;1927;14;3498.0;15.6;16.5;0;0;0;0;0;0;
2026.08.28;12:43:56.5;0.01;0.01;87;664;79;85;51;304;252;252;27;1.92;1.92;1.92;1.92;36;0;0;0;0;14.2;86;27;4.6;0;-;16;35;849;1927;15;3498.0;16.7;18.0;0;0;0;0;0;0;
2026.08.28;12:43:57.0;0.01;0.01;87;664;79;85;51;304;210;231;27;1.92;1.92;1.92;1.92;38;0;0;0;0;14.2;86;27;4.6;0;-;16;35;849;1992;15;3245.0;14.0;16.2;0;0;0;0;0;0;
2026.08.28;12:43:57.4;0.09;0.09;29;83;79;86;39;304;210;231;27;1.97;1.97;1.97;1.97;-7;0;0;0;0;14.2;86;27;4.6;0;-;16;35;849;1443;0;2941.0;14.0;16.2;0;0;0;0;0;0;
2026.08.28;12:43:57.9;0.11;0.11;195;39;79;85;21;304;210;231;27;1.72;1.72;1.72;1.72;-7;0;0;0;0;14.2;86;27;4.6;0;-;16;35;849;1443;0;2941.0;7.5;8.6;0;0;0;0;0;0;
2026.08.28;12:43:58.3;0.11;0.11;195;39;79;85;21;304;315;252;27;1.72;1.72;1.72;1.72;26;0;0;0;0;14.0;86;27;4.6;0;-;16;35;849;914;0;2039.0;8.8;7.5;0;0;0;0;0;0;
2026.08.28;12:43:58.8;0.09;0.09;815;756;79;86;25;221;315;252;27;2.51;2.51;2.51;2.51;1;0;0;0;0;14.0;86;27;4.6;0;-;16;35;849;795;0;1574.0;8.8;7.5;0;0;0;0;0;0;
2026.08.28;12:43:59.2;0.08;0.08;849;844;79;85;23;221;336;315;27;2.74;2.74;2.74;2.74;1;0;0;0;0;14.0;86;27;4.6;0;-;16;35;849;795;0;1574.0;8.7;8.6;0;0;0;0;0;0;
2026.08.28;12:43:59.7;0.08;0.08;849;844;79;85;23;221;336;336;27;2.74;2.74;2.74;2.74;-1;0;0;0;0;14.0;86;27;4.6;0;-;16;35;849;763;0;1398.0;8.4;8.5;0;0;0;0;0;0;
2026.08.28;12:44:00.1;0.07;0.07;844;854;80;86;22;221;336;336;27;2.74;2.74;2.74;2.74;-1;0;0;0;0;14.2;86;27;4.6;0;-;16;35;849;752;0;1583.0;8.4;8.5;0;0;0;0;0;0;
2026.08.28;12:44:00.6;0.07;0.07;844;854;80;86;22;221;336;336;27;2.74;2.74;2.74;2.74;-3;0;0;0;0;14.2;86;27;4.6;0;-;16;35;849;752;0;1583.0;8.6;8.6;0;0;0;0;0;0;
2026.08.28;12:44:01.0;0.04;0.04;834;854;79;85;22;221;336;336;27;2.69;2.69;2.69;2.69;1;0;0;0;0;14.2;86;27;4.6;0;-;16;35;849;751;0;1557.0;8.6;8.6;0;0;0;0;0;0;
2026.08.28;12:44:01.5;0.01;0.01;805;834;80;85;22;221;336;336;27;2.64;2.64;2.64;2.64;1;0;0;0;0;14.2;86;27;4.6;0;-;16;35;849;747;0;1215.0;8.6;8.7;0;0;0;0;0;0;
2026.08.28;12:44:01.9;0.01;0.01;805;834;80;85;22;221;357;336;27;2.64;2.64;2.64;2.64;-1;0;0;0;0;14.2;86;27;4.6;0;-;16;35;849;747;0;1215.0;9.0;8.6;0;0;0;0;0;0;
2026.08.28;12:44:02.4;-0.02;-0.02;771;815;80;86;22;221;357;336;27;2.64;2.64;2.64;2.64;-3;0;0;0;0;14.1;86;27;4.6;0;-;16;35;849;748;0;1448.0;9.0;8.6;0;0;0;0;0;0;
2026.08.28;12:44:02.8;0.00;0.00;249;708;80;85;21;221;357;357;27;2.81;2.81;2.81;2.81;-3;0;0;0;0;14.1;86;27;4.6;0;-;16;35;849;745;0;1301.0;8.9;9.1;0;0;0;0;0;0;
2026.08.28;12:44:03.3;0.00;0.00;249;708;80;85;21;221;357;357;27;2.81;2.81;2.81;2.81;-3;0;0;0;0;14.1;86;27;4.6;0;-;16;35;849;745;0;1301.0;9.2;9.2;0;0;0;0;0;0;
2026.08.28;12:44:03.7;0.01;0.01;273;87;82;87;21;221;357;357;27;2.85;2.85;2.85;2.85;-3;0;0;0;0;14.1;86;27;4.6;0;-;16;35;849;743;0;1146.0;9.2;9.2;0;0;0;0;0;0;
2026.08.28;12:44:04.2;0.01;0.01;273;87;82;87;21;221;357;357;27;2.85;2.85;2.85;2.85;-3;0;0;0;0;14.1;86;27;4.6;0;-;16;35;849;743;0;1146.0;9.0;9.2;0;0;0;0;0;0;
2026.08.28;12:44:04.6;-0.02;-0.02;742;756;81;86;20;221;357;357;27;2.75;2.75;2.75;2.75;-3;0;0;0;0;14.1;86;27;4.6;0;-;16;35;849;754;0;1302.0;9.0;9.1;0;0;0;0;0;0;
2026.08.28;12:44:05.1;-0.02;-0.02;717;747;81;86;19;221;357;357;27;2.74;2.74;2.74;2.74;-3;0;0;0;0;14.1;86;27;4.6;0;-;16;35;849;754;0;1575.0;9.0;9.1;0;0;0;0;0;0;
2026.08.28;12:44:05.5;-0.02;-0.02;717;747;81;86;19;221;357;357;27;2.74;2.74;2.74;2.74;-3;0;0;0;0;14.1;86;27;4.6;0;-;16;35;849;754;0;1575.0;9.1;9.2;0;0;0;0;0;0;
2026.08.28;12:44:06.0;-0.00;-0.00;561;615;81;85;19;223;357;357;27;2.79;2.79;2.79;2.79;-2;0;0;0;0;14.1;86;27;4.6;0;-;16;35;849;758;0;1568.0;9.1;9.2;0;0;0;0;0;0;
2026.08.28;12:44:06.4;-0.00;-0.00;756;688;81;86;18;223;357;357;27;2.77;2.77;2.77;2.77;-2;0;0;0;0;14.1;86;27;4.6;0;-;16;35;849;758;0;1568.0;8.9;9.2;0;0;0;0;0;0;
2026.08.28;12:44:06.9;-0.00;-0.00;756;688;81;86;18;223;357;336;27;2.77;2.77;2.77;2.77;1;0;0;0;0;14.1;86;27;4.6;0;-;16;35;849;754;0;1616.0;9.1;8.9;0;0;0;0;0;0;
2026.08.28;12:44:07.3;-0.01;-0.01;791;786;0;0;17;223;357;336;27;2.72;2.72;2.72;2.72;1;0;0;0;0;14.1;86;27;4.6;0;-;16;35;849;754;0;1213.0;9.1;8.9;0;0;0;0;0;0;
2026.08.28;12:44:07.8;-0.02;-0.02;766;791;82;86;16;223;357;357;27;2.70;2.70;2.70;2.70;-2;0;0;0;0;14.1;86;27;4.6;0;-;16;35;849;754;0;1213.0;8.9;9.1;0;0;0;0;0;0;
2026.08.28;12:44:08.2;-0.02;-0.02;766;791;82;86;16;223;336;357;27;2.70;2.70;2.70;2.70;0;0;0;0;0;14.1;86;27;4.6;0;-;16;35;849;752;0;1517.0;8.9;9.1;0;0;0;0;0;0;
2026.08.28;12:44:08.7;-0.04;-0.04;751;771;82;86;15;223;336;357;27;2.63;2.63;2.63;2.63;0;0;0;0;0;14.1;86;27;4.6;0;-;16;35;849;756;2;1471.0;8.9;9.1;0;0;0;0;0;0;
2026.08.28;12:44:09.1;-0.04;-0.04;751;771;82;86;15;223;714;357;27;2.63;2.63;2.63;2.63;-4;0;0;0;0;14.1;86;27;4.6;0;-;16;35;849;756;5;1471.0;19.1;10.8;0;0;0;0;0;0;
2026.08.28;12:44:09.6;-0.09;-0.09;556;683;81;86;33;223;714;357;27;5.07;5.07;5.07;5.07;20;0;0;0;0;14.1;87;28;4.6;0;-;16;35;849;1378;5;2148.0;19.1;10.8;0;0;0;0;0;0;
2026.08.28;12:44:10.0;-0.02;-0.02;786;654;81;86;18;223;210;315;27;1.74;1.74;1.74;1.74;20;0;0;0;0;14.1;87;28;4.6;0;-;16;36;849;1378;9;2148.0;13.8;20.2;0;0;0;0;0;0;
2026.08.28;12:44:10.5;-0.02;-0.02;786;654;81;86;18;223;231;231;27;1.74;1.74;1.74;1.74;39;0;0;0;0;14.1;87;28;4.6;0;-;16;36;849;1914;11;4261.0;15.1;15.2;0;0;0;0;0;0;
2026.08.28;12:44:11.0;0.03;0.03;78;58;82;86;18;223;231;231;27;2.06;2.06;2.06;2.06;36;0;0;0;0;14.2;87;28;4.6;0;-;16;36;849;1836;11;3271.0;15.1;15.2;0;0;0;0;0;0;
2026.08.28;12:44:11.4;-0.00;-0.00;800;791;81;86;17;223;231;252;27;2.04;2.04;2.04;2.04;36;0;0;0;0;14.2;87;28;4.6;0;-;16;35;849;1836;13;3271.0;15.1;16.0;0;0;0;0;0;0;
2026.08.28;12:44:11.9;-0.00;-0.00;800;791;81;86;17;223;252;252;27;2.04;2.04;2.04;2.04;35;0;0;0;0;14.2;87;28;4.6;0;-;16;35;849;1866;13;4297.0;16.6;16.9;0;0;0;0;0;0;
2026.08.28;12:44:12.3;-0.05;-0.05;693;771;81;87;16;223;252;252;27;2.03;2.03;2.03;2.03;35;0;0;0;0;14.2;87;28;4.6;0;-;16;35;849;1914;14;4891.0;16.6;16.9;0;0;0;0;0;0;
2026.08.28;12:44:12.8;-0.05;-0.05;693;771;81;87;16;223;252;252;27;2.03;2.03;2.03;2.03;34;0;0;0;0;14.2;87;28;4.6;0;-;16;35;849;1914;16;4891.0;18.0;18.3;0;0;0;0;0;0;
2026.08.28;12:44:13.2;-0.03;-0.03;722;263;81;86;14;223;252;252;27;2.04;2.04;2.04;2.04;38;0;0;0;0;14.2;87;28;4.6;0;-;16;35;849;2013;16;4014.0;18.0;18.3;0;0;0;0;0;0;
2026.08.28;12:44:13.7;0.01;0.01;156;83;80;86;13;223;252;252;27;2.31;2.31;2.31;2.31;38;0;0;0;0;14.2;87;28;4.6;0;-;16;35;849;2013;18;4014.0;18.7;17.6;0;0;0;0;0;0;
2026.08.28;12:44:14.1;0.01;0.01;156;83;80;86;13;223;273;273;27;2.31;2.31;2.31;2.31;34;0;0;0;0;14.2;87;28;4.6;0;-;16;36;849;2096;18;4754.0;21.3;21.2;0;0;0;0;0;0;
2026.08.28;12:44:14.6;0.01;0.01;68;53;79;86;11;223;273;273;27;2.35;2.35;2.35;2.35;34;0;0;0;0;14.2;87;28;4.6;0;-;16;36;849;2306;20;3735.0;21.3;21.2;0;0;0;0;0;0;
2026.08.28;12:44:15.0;0.01;0.01;68;53;79;86;11;223;231;252;27;2.35;2.35;2.35;2.35;37;0;0;0;0;14.2;87;28;4.6;0;-;16;36;849;2306;22;3735.0;21.4;22.5;0;0;0;0;0;0;
2026.08.28;12:44:15.5;-0.00;-0.00;688;703;78;86;9;223;231;252;27;2.10;2.10;2.10;2.10;34;0;0;0;0;14.1;87;28;4.6;0;-;16;36;849;2477;22;3726.0;21.4;22.5;0;0;0;0;0;0;
2026.08.28;12:44:15.9;0.03;0.03;751;527;77;87;5;223;231;231;27;2.14;2.14;2.14;2.14;34;0;0;0;0;14.1;87;28;4.6;0;-;16;36;849;2493;23;3036.0;21.2;21.2;0;0;0;0;0;0;
2026.08.28;12:44:16.4;0.03;0.03;751;527;77;87;5;223;252;252;27;2.14;2.14;2.14;2.14;36;0;0;0;0;14.1;87;28;4.6;0;-;16;36;849;2493;24;3036.0;23.8;23.1;0;0;0;0;0;0;
2026.08.28;12:44:16.8;0.04;0.04;249;117;75;87;0;223;252;252;27;2.29;2.29;2.29;2.29;36;0;0;0;0;14.1;87;28;4.6;0;-;16;36;849;2598;24;4671.0;23.8;23.1;0;0;0;0;0;0;
2026.08.28;12:44:17.3;0.02;0.02;615;195;74;87;0;223;252;252;27;2.36;2.36;2.36;2.36;36;0;0;0;0;14.1;87;28;4.6;0;-;16;36;849;2598;26;4671.0;25.7;25.2;0;0;0;0;0;0;
2026.08.28;12:44:17.7;0.02;0.02;615;195;74;87;0;223;273;252;27;2.36;2.36;2.36;2.36;33;0;0;0;0;14.2;87;28;4.6;0;-;16;36;849;2757;27;5000.0;27.6;27.2;0;0;0;0;0;0;
2026.08.28;12:44:18.2;0.00;0.00;737;703;72;87;0;223;273;252;27;2.29;2.29;2.29;2.29;28;0;0;0;0;14.2;87;28;4.6;0;-;16;36;849;2907;27;3728.0;27.6;27.2;0;0;0;0;0;0;
2026.08.28;12:44:18.6;-0.01;-0.01;629;688;70;86;4;223;252;252;27;2.19;2.19;2.19;2.19;28;0;0;0;0;14.2;87;28;4.6;0;-;16;36;849;2907;28;3728.0;28.0;27.9;0;0;0;0;0;0;
2026.08.28;12:44:19.1;-0.01;-0.01;629;688;70;86;4;223;252;252;27;2.19;2.19;2.19;2.19;38;0;0;0;0;14.2;87;28;4.6;0;-;16;36;849;3004;28;4921.0;29.3;28.5;0;0;0;0;0;0;
2026.08.28;12:44:19.5;0.01;0.01;83;156;68;87;9;223;252;252;27;2.21;2.21;2.21;2.21;38;0;0;0;0;14.2;87;28;4.6;0;-;16;36;849;3150;29;5000.0;29.3;28.5;0;0;0;0;0;0;
2026.08.28;12:44:20.0;0.01;0.01;83;156;68;87;9;223;210;231;27;2.21;2.21;2.21;2.21;11;0;0;0;0;14.2;87;28;4.6;0;-;16;36;849;3150;0;5000.0;21.8;22.9;0;0;0;0;0;0;
2026.08.28;12:44:20.4;0.00;0.00;4;9;64;86;0;217;210;231;27;0.00;0.00;0.00;0.00;1;0;0;0;0;14.2;87;28;4.6;0;-;16;36;849;2150;0;3978.0;21.8;22.9;0;0;0;0;0;0;
2026.08.28;12:44:20.9;0.00;0.00;0;0;66;87;0;217;210;231;27;2.47;2.47;2.47;2.47;1;0;0;0;0;14.2;87;28;4.6;0;-;16;36;849;2150;0;3978.0;13.4;14.5;0;0;0;0;0;0;
2026.08.28;12:44:21.3;0.00;0.00;0;0;66;87;0;217;210;210;27;2.47;2.47;2.47;2.47;3;0;0;0;0;14.2;87;28;4.6;0;-;16;36;849;1367;0;2826.0;8.5;8.7;0;0;0;0;0;0;
2026.08.28;12:44:21.8;0.00;0.00;839;712;69;88;0;217;210;210;27;1.82;1.82;1.82;1.82;13;0;0;0;0;14.2;87;28;4.6;0;-;16;36;849;957;0;2642.0;8.5;8.7;0;0;0;0;0;0;
2026.08.28;12:44:22.2;-0.00;-0.00;844;844;69;87;4;217;336;294;27;2.60;2.60;2.60;2.60;13;0;0;0;0;14.2;87;28;4.6;0;-;16;36;849;957;0;2642.0;10.6;9.2;0;0;0;0;0;0;
2026.08.28;12:44:22.7;-0.00;-0.00;844;844;69;87;4;217;315;315;27;2.60;2.60;2.60;2.60;2;0;0;0;0;14.2;87;28;4.6;0;-;16;36;849;851;0;1716.0;9.2;8.8;0;0;0;0;0;0;
2026.08.28;12:44:23.1;-0.01;-0.01;839;844;69;86;6;217;315;315;27;2.65;2.65;2.65;2.65;-1;0;0;0;0;14.2;87;28;4.6;0;-;16;36;849;806;0;1539.0;9.2;8.8;0;0;0;0;0;0;
2026.08.28;12:44:23.6;-0.02;-0.02;825;839;70;87;7;217;336;315;27;2.68;2.68;2.68;2.68;-1;0;0;0;0;14.2;87;28;4.6;0;-;16;36;849;806;0;1539.0;9.1;8.7;0;0;0;0;0;0;
2026.08.28;12:44:24.0;-0.02;-0.02;825;839;70;87;7;217;357;336;27;2.68;2.68;2.68;2.68;2;0;0;0;0;14.1;88;28;4.7;0;-;16;36;849;776;0;1308.0;9.2;8.7;0;0;0;0;0;0;
2026.08.28;12:44:24.5;-0.05;-0.05;805;825;70;87;9;217;357;336;27;2.61;2.61;2.61;2.61;2;0;0;0;0;14.1;88;28;4.7;0;-;16;36;849;756;0;1732.0;9.2;8.7;0;0;0;0;0;0;
2026.08.28;12:44:24.9;-0.05;-0.05;805;825;70;87;9;217;357;336;27;2.61;2.61;2.61;2.61;-2;0;0;0;0;14.1;88;28;4.7;0;-;16;36;849;756;0;1732.0;9.2;8.8;0;0;0;0;0;0;
2026.08.28;12:44:25.4;-0.09;-0.09;644;776;71;87;9;217;357;336;27;2.57;2.57;2.57;2.57;2;0;0;0;0;14.1;88;28;4.7;0;-;16;36;849;752;0;1300.0;9.2;8.8;0;0;0;0;0;0;
2026.08.28;12:44:25.8;-0.03;-0.03;78;58;72;87;11;217;378;357;27;2.87;2.87;2.87;2.87;2;0;0;0;0;14.1;88;28;4.7;0;-;16;36;849;752;0;1300.0;9.8;9.3;0;0;0;0;0;0;
2026.08.28;12:44:26.3;-0.03;-0.03;78;58;72;87;11;217;357;357;27;2.87;2.87;2.87;2.87;-2;0;0;0;0;14.1;88;28;4.6;0;-;16;36;849;744;0;1731.0;9.3;9.2;0;0;0;0;0;0;
2026.08.28;12:44:26.7;-0.03;-0.03;112;78;72;87;12;217;357;357;27;2.80;2.80;2.80;2.80;-2;0;0;0;0;14.1;88;28;4.6;0;-;16;36;849;746;0;1282.0;9.3;9.2;0;0;0;0;0;0;
2026.08.28;12:44:27.2;-0.04;-0.04;742;615;0;0;12;217;357;357;27;2.72;2.72;2.72;2.72;-2;0;0;0;0;14.1;88;28;4.6;0;-;16;36;849;746;2;1282.0;9.2;9.1;0;0;0;0;0;0;
2026.08.28;12:44:27.6;-0.04;-0.04;742;615;0;0;12;212;357;357;27;2.72;2.72;2.72;2.72;-2;0;0;0;0;14.1;88;28;4.6;0;-;16;36;849;755;2;1186.0;9.3;9.0;0;0;0;0;0;0;
2026.08.28;12:44:28.1;-0.05;-0.05;664;737;73;86;13;212;357;357;27;2.69;2.69;2.69;2.69;-2;0;0;0;0;14.1;88;28;4.6;0;-;16;36;849;744;3;1495.0;9.3;9.0;0;0;0;0;0;0;
2026.08.28;12:44:28.5;-0.03;-0.03;366;244;74;87;14;212;357;357;27;2.74;2.74;2.74;2.74;-2;0;0;0;0;14.1;88;28;4.6;0;-;16;36;849;744;4;1495.0;9.2;9.2;0;0;0;0;0;0;
2026.08.28;12:44:29.0;-0.03;-0.03;366;244;74;87;14;212;357;357;27;2.74;2.74;2.74;2.74;-2;0;0;0;0;14.1;88;28;4.6;0;-;16;36;849;746;4;1694.0;9.2;9.1;0;0;0;0;0;0;
2026.08.28;12:44:29.4;-0.05;-0.05;708;722;73;86;15;212;357;357;27;2.66;2.66;2.66;2.66;-2;0;0;0;0;14.1;88;28;4.6;0;-;16;36;849;755;4;1418.0;9.2;9.1;0;0;0;0;0;0;
2026.08.28;12:44:29.9;-0.05;-0.05;708;722;73;86;15;212;357;357;27;2.66;2.66;2.66;2.66;-3;0;0;0;0;14.1;88;28;4.6;0;-;16;36;849;755;5;1418.0;9.3;9.2;0;0;0;0;0;0;
2026.08.28;12:44:30.3;-0.03;-0.03;122;92;74;86;16;212;357;357;27;2.69;2.69;2.69;2.69;1;0;0;0;0;14.1;88;28;4.6;0;-;16;36;849;748;5;1267.0;9.3;9.2;0;0;0;0;0;0;
2026.08.28;12:44:30.8;-0.05;-0.05;610;683;75;86;17;212;357;357;27;2.65;2.65;2.65;2.65;1;0;0;0;0;14.1;88;28;4.6;0;-;16;36;849;748;5;1267.0;9.2;9.1;0;0;0;0;0;0;
2026.08.28;12:44:31.2;-0.05;-0.05;610;683;75;86;17;212;357;357;27;2.65;2.65;2.65;2.65;-1;0;0;0;0;14.1;88;28;4.6;0;-;16;36;849;744;5;1794.0;9.1;9.2;0;0;0;0;0;0;
2026.08.28;12:44:31.7;-0.02;-0.02;112;83;74;86;36;212;357;357;27;4.48;4.48;4.48;4.48;17;0;0;0;0;14.1;88;28;4.6;0;-;16;36;849;1144;6;1977.0;9.1;9.2;0;0;0;0;0;0;
2026.08.28;12:44:32.1;0.00;0.00;68;53;76;87;22;212;231;357;27;1.83;1.83;1.83;1.83;17;0;0;0;0;14.1;88;28;4.6;0;-;16;36;849;1144;6;1977.0;11.9;18.3;0;0;0;0;0;0;
2026.08.28;12:44:32.6;0.00;0.00;68;53;76;87;22;212;231;231;27;1.83;1.83;1.83;1.83;36;0;0;0;0;14.2;88;28;4.6;0;-;16;36;849;1529;6;3408.0;12.4;12.1;0;0;0;0;0;0;
2026.08.28;12:44:33.0;0.05;0.05;68;48;76;86;23;212;231;231;27;1.94;1.94;1.94;1.94;36;0;0;0;0;14.2;88;28;4.6;0;-;16;36;849;1529;7;3408.0;12.4;12.1;0;0;0;0;0;0;
2026.08.28;12:44:33.5;0.05;0.05;68;48;76;86;23;212;252;231;27;1.94;1.94;1.94;1.94;33;0;0;0;0;14.2;88;28;4.6;0;-;16;36;849;1466;7;2416.0;12.5;12.5;0;0;0;0;0;0;
2026.08.28;12:44:33.9;0.04;0.04;747;683;76;86;24;212;252;231;27;1.93;1.93;1.93;1.93;27;0;0;0;0;14.2;88;28;4.6;0;-;16;36;849;1477;7;4260.0;12.5;12.5;0;0;0;0;0;0;
2026.08.28;12:44:34.4;0.06;0.06;68;63;76;86;24;212;252;231;27;1.95;1.95;1.95;1.95;27;0;0;0;0;14.2;88;28;4.6;0;-;16;36;849;1477;7;4260.0;12.5;12.4;0;0;0;0;0;0;
2026.08.28;12:44:34.8;0.06;0.06;68;63;76;86;24;212;210;252;27;1.95;1.95;1.95;1.95;22;0;0;0;0;14.1;88;28;4.6;0;-;16;36;849;1470;7;3336.0;10.7;12.2;0;0;0;0;0;0;
2026.08.28;12:44:35.3;0.08;0.08;53;58;77;86;20;212;210;252;27;1.76;1.76;1.76;1.76;22;0;0;0;0;14.1;88;28;4.6;0;-;16;36;849;1068;0;1866.0;10.7;12.2;0;0;0;0;0;0;
2026.08.28;12:44:35.7;0.08;0.08;53;58;77;86;20;212;273;231;27;1.76;1.76;1.76;1.76;9;0;0;0;0;14.1;88;28;4.6;0;-;16;36;849;1068;0;1866.0;8.1;7.0;0;0;0;0;0;0;
2026.08.28;12:44:36.2;0.07;0.07;742;87;76;86;21;212;273;231;27;2.21;2.21;2.21;2.21;3;0;0;0;0;14.1;88;28;4.6;0;-;16;36;849;813;0;1993.0;8.1;7.0;0;0;0;0;0;0;
2026.08.28;12:44:36.6;0.07;0.07;839;820;77;86;21;212;336;315;27;2.62;2.62;2.62;2.62;3;0;0;0;0;14.1;88;28;4.6;0;-;16;36;849;774;0;1523.0;8.9;8.7;0;0;0;0;0;0;
2026.08.28;12:44:37.1;0.07;0.07;839;820;77;86;21;212;336;336;27;2.62;2.62;2.62;2.62;-2;0;0;0;0;14.1;88;28;4.6;0;-;16;36;849;774;0;1523.0;8.8;8.6;0;0;0;0;0;0;
2026.08.28;12:44:37.5;0.06;0.06;830;844;78;86;21;212;336;336;27;2.65;2.65;2.65;2.65;3;0;0;0;0;14.1;88;28;4.6;0;-;16;36;849;756;0;1520.0;8.8;8.6;0;0;0;0;0;0;
2026.08.28;12:44:38.0;0.04;0.04;820;834;78;87;22;212;357;336;27;2.58;2.58;2.58;2.58;3;0;0;0;0;14.1;88;28;4.6;0;-;16;36;849;756;0;1520.0;8.7;8.6;0;0;0;0;0;0;
2026.08.28;12:44:38.4;0.04;0.04;820;834;78;87;22;212;357;336;27;2.58;2.58;2.58;2.58;-2;0;0;0;0;14.1;88;28;4.6;0;-;16;36;849;745;0;1265.0;8.7;8.6;0;0;0;0;0;0;
2026.08.28;12:44:38.9;0.01;0.01;766;810;78;86;23;212;357;336;27;2.51;2.51;2.51;2.51;0;0;0;0;0;14.1;88;28;4.6;0;-;16;36;849;745;0;1113.0;8.7;8.6;0;0;0;0;0;0;
2026.08.28;12:44:39.4;0.04;0.04;83;507;78;86;23;212;357;336;27;2.69;2.69;2.69;2.69;0;0;0;0;0;14.1;88;28;4.6;0;-;16;36;849;745;0;1113.0;9.1;8.7;0;0;0;0;0;0;
2026.08.28;12:44:39.8;0.04;0.04;83;507;78;86;23;212;357;357;27;2.69;2.69;2.69;2.69;-3;0;0;0;0;14.1;88;28;4.6;0;-;16;36;849;747;0;1940.0;9.0;9.1;0;0;0;0;0;0;
2026.08.28;12:44:40.3;0.05;0.05;488;107;80;87;23;212;357;357;27;2.75;2.75;2.75;2.75;-2;0;0;0;0;14.1;88;28;4.6;0;-;16;36;849;753;0;1805.0;9.0;9.1;0;0;0;0;0;0;
2026.08.28;12:44:40.7;0.02;0.02;761;756;79;86;22;212;357;357;27;2.71;2.71;2.71;2.71;-2;0;0;0;0;14.1;88;28;4.6;0;-;16;36;849;753;0;1805.0;8.9;9.1;0;0;0;0;0;0;
2026.08.28;12:44:41.2;0.02;0.02;761;756;79;86;22;212;357;357;27;2.71;2.71;2.71;2.71;-3;0;0;0;0;14.1;88;28;4.6;0;-;16;36;849;747;0;1514.0;9.1;9.1;0;0;0;0;0;0;
2026.08.28;12:44:41.6;0.02;0.02;737;756;80;87;21;212;357;357;27;2.74;2.74;2.74;2.74;-3;0;0;0;0;14.1;88;28;4.6;0;-;16;36;849;746;0;1540.0;9.1;9.1;0;0;0;0;0;0;
2026.08.28;12:44:42.1;0.01;0.01;737;737;79;86;21;212;357;357;27;2.76;2.76;2.76;2.76;1;0;0;0;0;14.1;88;28;4.6;0;-;16;36;849;746;0;1540.0;9.3;9.2;0;0;0;0;0;0;
2026.08.28;12:44:42.5;0.01;0.01;737;737;79;86;21;212;357;357;27;2.76;2.76;2.76;2.76;1;0;0;0;0;14.1;88;28;4.6;0;-;16;36;849;751;0;1343.0;9.2;9.2;0;0;0;0;0;0;
2026.08.28;12:44:43.0;-0.03;-0.03;703;747;80;86;21;212;357;357;27;2.68;2.68;2.68;2.68;1;0;0;0;0;14.1;88;28;4.6;0;-;16;36;849;759;0;1828.0;9.2;9.2;0;0;0;0;0;0;
2026.08.28;12:44:43.4;-0.03;-0.03;703;747;80;86;21;212;378;357;27;2.68;2.68;2.68;2.68;-3;0;0;0;0;14.1;88;28;4.6;0;-;16;36;849;759;1;1828.0;9.4;9.2;0;0;0;0;0;0;
2026.08.28;12:44:43.9;0.02;0.02;92;78;81;87;20;212;378;357;27;2.84;2.84;2.84;2.84;-2;0;0;0;0;14.1;88;28;4.6;0;-;16;36;849;750;1;1724.0;9.4;9.2;0;0;0;0;0;0;
2026.08.28;12:44:44.3;-0.00;-0.00;761;708;80;87;18;212;357;357;27;2.70;2.70;2.70;2.70;-2;0;0;0;0;14.1;88;28;4.6;0;-;16;36;849;752;2;1173.0;8.9;9.2;0;0;0;0;0;0;
2026.08.28;12:44:44.8;-0.00;-0.00;761;708;80;87;18;212;357;357;27;2.70;2.70;2.70;2.70;-3;0;0;0;0;14.1;88;28;4.6;0;-;16;36;849;752;2;1173.0;9.0;9.1;0;0;0;0;0;0;
2026.08.28;12:44:45.2;-0.01;-0.01;786;781;80;86;19;212;357;357;27;2.72;2.72;2.72;2.72;-2;0;0;0;0;14.0;88;28;4.6;0;-;16;36;849;755;2;1324.0;9.0;9.1;0;0;0;0;0;0;
2026.08.28;12:44:45.7;-0.01;-0.01;781;791;81;87;17;212;357;336;27;2.74;2.74;2.74;2.74;-2;0;0;0;0;14.0;88;28;4.6;0;-;16;36;849;755;1;1324.0;9.1;8.9;0;0;0;0;0;0;
2026.08.28;12:44:46.1;-0.01;-0.01;781;791;81;87;17;212;357;357;27;2.74;2.74;2.74;2.74;-3;0;0;0;0;14.0;88;28;4.6;0;-;16;36;849;757;1;1402.0;9.0;9.2;0;0;0;0;0;0;
2026.08.28;12:44:46.6;-0.02;-0.02;756;786;81;86;17;212;357;357;27;2.73;2.73;2.73;2.73;-2;0;0;0;0;14.0;88;28;4.6;0;-;16;36;849;754;1;1170.0;9.0;9.2;0;0;0;0;0;0;
2026.08.28;12:44:47.0;-0.03;-0.03;761;771;81;86;16;212;357;357;27;2.70;2.70;2.70;2.70;-2;0;0;0;0;14.0;88;28;4.6;0;-;16;36;849;754;1;1170.0;9.2;9.0;0;0;0;0;0;0;
2026.08.28;12:44:47.5;-0.03;-0.03;761;771;81;86;16;212;357;357;27;2.70;2.70;2.70;2.70;-1;0;0;0;0;14.1;88;28;4.6;0;-;16;36;849;750;1;1546.0;9.1;9.0;0;0;0;0;0;0;
2026.08.28;12:44:47.9;-0.04;-0.04;761;786;82;87;15;212;357;357;27;2.72;2.72;2.72;2.72;-1;0;0;0;0;14.1;88;28;4.6;0;-;16;36;849;753;2;1480.0;9.1;9.0;0;0;0;0;0;0;
2026.08.28;12:44:48.4;-0.04;-0.04;761;786;82;87;15;212;357;357;27;2.72;2.72;2.72;2.72;-4;0;0;0;0;14.1;88;28;4.6;0;-;16;36;849;753;3;1480.0;9.2;9.1;0;0;0;0;0;0;
2026.08.28;12:44:48.8;-0.04;-0.04;742;776;81;86;14;212;357;357;27;2.70;2.70;2.70;2.70;-2;0;0;0;0;14.1;89;28;4.6;0;-;16;36;849;746;3;1614.0;9.2;9.1;0;0;0;0;0;0;
2026.08.28;12:44:49.3;-0.05;-0.05;732;766;81;87;13;212;357;357;27;2.70;2.70;2.70;2.70;-2;0;0;0;0;14.1;89;28;4.6;0;-;16;36;849;751;3;1295.0;9.2;9.1;0;0;0;0;0;0;
2026.08.28;12:44:49.7;-0.05;-0.05;732;766;81;87;13;212;357;357;27;2.70;2.70;2.70;2.70;-2;0;0;0;0;14.1;89;28;4.6;0;-;16;36;849;751;4;1295.0;9.0;9.0;0;0;0;0;0;0;
2026.08.28;12:44:50.2;-0.06;-0.06;683;703;81;87;12;212;357;357;27;2.67;2.67;2.67;2.67;-2;0;0;0;0;14.1;89;28;4.6;0;-;16;36;849;746;4;1631.0;9.0;9.0;0;0;0;0;0;0;
2026.08.28;12:44:50.6;-0.04;-0.04;102;556;81;87;11;212;357;357;27;2.71;2.71;2.71;2.71;-2;0;0;0;0;14.1;89;28;4.6;0;-;16;36;849;746;4;1631.0;9.1;9.0;0;0;0;0;0;0;
2026.08.28;12:44:51.1;-0.04;-0.04;102;556;81;87;11;212;357;357;27;2.71;2.71;2.71;2.71;-4;0;0;0;0;14.1;89;28;4.6;0;-;16;36;849;756;4;1714.0;9.3;9.2;0;0;0;0;0;0;
2026.08.28;12:44:51.5;-0.06;-0.06;742;659;82;87;10;212;357;357;27;2.67;2.67;2.67;2.67;-4;0;0;0;0;14.1;89;28;4.7;0;-;16;36;849;752;4;1300.0;9.3;9.2;0;0;0;0;0;0;
2026.08.28;12:44:52.0;-0.06;-0.06;742;659;82;87;10;212;609;504;27;2.67;2.67;2.67;2.67;12;0;0;0;0;14.1;89;28;4.7;0;-;16;36;849;752;4;1300.0;18.4;15.6;0;0;0;0;0;0;
2026.08.28;12:44:52.4;-0.07;-0.07;53;156;82;87;12;212;609;504;27;3.25;3.25;3.25;3.25;-1;0;0;0;0;14.1;89;28;4.7;0;-;16;36;849;1523;4;2423.0;18.4;15.6;0;0;0;0;0;0;
2026.08.28;12:44:52.9;-0.01;-0.01;58;58;82;86;10;212;231;252;27;1.88;1.88;1.88;1.88;-1;0;0;0;0;14.1;89;28;4.7;0;-;16;36;849;1356;4;2720.0;11.1;12.8;0;0;0;0;0;0;
2026.08.28;12:44:53.3;-0.01;-0.01;58;58;82;86;10;212;252;252;27;1.88;1.88;1.88;1.88;22;0;0;0;0;14.1;89;28;4.7;0;-;16;36;849;1356;5;2720.0;12.3;12.1;0;0;0;0;0;0;
2026.08.28;12:44:53.8;-0.01;-0.01;732;102;82;86;9;212;252;252;27;2.09;2.09;2.09;2.09;24;0;0;0;0;14.1;89;28;4.7;0;-;16;36;849;1405;5;2027.0;12.3;12.1;0;0;0;0;0;0;
2026.08.28;12:44:54.2;-0.03;-0.03;566;737;82;86;7;212;252;252;27;2.02;2.02;2.02;2.02;24;0;0;0;0;14.1;89;28;4.7;0;-;16;36;849;1405;5;2027.0;12.7;12.5;0;0;0;0;0;0;
2026.08.28;12:44:54.7;-0.03;-0.03;566;737;82;86;7;212;252;252;27;2.02;2.02;2.02;2.02;22;0;0;0;0;14.1;89;28;4.7;0;-;16;36;849;1432;5;3580.0;12.7;12.5;0;0;0;0;0;0;
2026.08.28;12:44:55.1;0.01;0.01;87;68;81;86;4;212;252;252;27;2.05;2.05;2.05;2.05;22;0;0;0;0;14.1;89;28;4.7;0;-;16;36;849;1450;5;2713.0;12.7;12.5;0;0;0;0;0;0;
2026.08.28;12:44:55.6;0.01;0.01;87;68;81;86;4;212;252;252;27;2.05;2.05;2.05;2.05;25;0;0;0;0;14.1;89;28;4.7;0;-;16;36;849;1450;7;2713.0;13.3;13.1;0;0;0;0;0;0;
2026.08.28;12:44:56.0;-0.01;-0.01;703;717;82;87;0;212;252;252;27;2.05;2.05;2.05;2.05;31;0;0;0;0;14.2;89;28;4.7;0;-;16;36;849;1504;7;2821.0;13.3;13.1;0;0;0;0;0;0;
2026.08.28;12:44:56.5;0.04;0.04;107;73;82;87;0;212;252;252;27;2.17;2.17;2.17;2.17;31;0;0;0;0;14.2;89;28;4.7;0;-;16;36;849;1504;7;2821.0;13.9;13.5;0;0;0;0;0;0;
2026.08.28;12:44:56.9;0.04;0.04;107;73;82;87;0;212;252;231;27;2.17;2.17;2.17;2.17;23;0;0;0;0;14.2;89;28;4.7;0;-;16;36;849;1554;7;4868.0;13.8;13.5;0;0;0;0;0;0;
2026.08.28;12:44:57.4;-0.00;-0.00;87;400;81;87;0;212;252;231;27;2.02;2.02;2.02;2.02;23;0;0;0;0;14.2;89;28;4.7;0;-;16;36;849;1562;7;2417.0;13.8;13.5;0;0;0;0;0;0;
2026.08.28;12:44:57.8;-0.00;-0.00;87;400;81;87;0;212;252;252;27;2.02;2.02;2.02;2.02;33;0;0;0;0;14.2;89;28;4.7;0;-;16;36;849;1562;8;2417.0;14.0;13.9;0;0;0;0;0;0;
2026.08.28;12:44:58.3;0.02;0.02;771;708;81;87;0;212;252;252;27;2.08;2.08;2.08;2.08;21;0;0;0;0;14.2;89;28;4.7;0;-;16;36;849;1609;8;2210.0;14.0;13.9;0;0;0;0;0;0;
2026.08.28;12:44:58.7;-0.03;-0.03;92;639;81;87;6;212;252;231;27;2.06;2.06;2.06;2.06;21;0;0;0;0;14.2;89;28;4.7;0;-;16;36;849;1609;9;2210.0;14.5;13.9;0;0;0;0;0;0;
2026.08.28;12:44:59.2;-0.03;-0.03;92;639;81;87;6;212;252;252;27;2.06;2.06;2.06;2.06;22;0;0;0;0;14.2;89;28;4.7;0;-;16;36;849;1616;9;3106.0;14.8;14.7;0;0;0;0;0;0;
2026.08.28;12:44:59.6;-0.01;-0.01;781;708;81;87;8;212;252;252;27;2.10;2.10;2.10;2.10;24;0;0;0;0;14.2;89;28;4.7;0;-;16;36;849;1641;9;3328.0;14.8;14.7;0;0;0;0;0;0;
2026.08.28;12:45:00.1;-0.04;-0.04;83;561;80;86;9;212;252;252;27;2.00;2.00;2.00;2.00;24;0;0;0;0;14.2;89;28;4.7;0;-;16;36;849;1641;9;3328.0;14.7;14.5;0;0;0;0;0;0;
2026.08.28;12:45:00.5;-0.04;-0.04;83;561;80;86;9;212;252;252;27;2.00;2.00;2.00;2.00;22;0;0;0;0;14.2;89;28;4.7;0;-;16;36;849;1638;10;3923.0;15.2;15.1;0;0;0;0;0;0;
2026.08.28;12:45:01.0;-0.03;-0.03;766;703;81;88;10;212;252;252;27;2.09;2.09;2.09;2.09;22;0;0;0;0;14.2;89;28;4.7;0;-;16;36;849;1681;10;2470.0;15.2;15.1;0;0;0;0;0;0;
2026.08.28;12:45:01.4;-0.03;-0.03;766;703;81;88;10;212;252;252;27;2.09;2.09;2.09;2.09;22;0;0;0;0;14.2;89;28;4.7;0;-;16;36;849;1681;11;2470.0;15.3;15.8;0;0;0;0;0;0;
2026.08.28;12:45:01.9;-0.02;-0.02;83;73;80;88;12;212;252;252;27;2.14;2.14;2.14;2.14;20;0;0;0;0;14.2;89;28;4.7;0;-;16;36;849;1698;11;2632.0;15.3;15.8;0;0;0;0;0;0;
2026.08.28;12:45:02.3;-0.03;-0.03;78;126;79;87;14;212;252;252;27;2.07;2.07;2.07;2.07;20;0;0;0;0;14.2;89;28;4.7;0;-;16;36;849;1700;11;3161.0;15.6;15.3;0;0;0;0;0;0;
2026.08.28;12:45:02.8;-0.03;-0.03;78;126;79;87;14;212;252;252;27;2.07;2.07;2.07;2.07;20;0;0;0;0;14.2;89;28;4.7;0;-;16;36;849;1700;11;3161.0;15.6;16.0;0;0;0;0;0;0;
2026.08.28;12:45:03.2;-0.04;-0.04;756;698;79;87;15;213;252;252;27;2.07;2.07;2.07;2.07;24;0;0;0;0;14.2;90;28;4.7;0;-;16;36;849;1708;11;4441.0;15.6;16.0;0;0;0;0;0;0;
2026.08.28;12:45:03.7;-0.02;-0.02;68;58;79;87;17;213;252;252;27;2.10;2.10;2.10;2.10;24;0;0;0;0;14.2;90;28;4.7;0;-;16;36;849;1708;11;4441.0;15.8;15.6;0;0;0;0;0;0;
2026.08.28;12:45:04.1;-0.02;-0.02;68;58;79;87;17;213;252;252;27;2.10;2.10;2.10;2.10;20;0;0;0;0;14.2;90;28;4.7;0;-;16;36;849;1713;11;2598.0;15.4;16.1;0;0;0;0;0;0;
2026.08.28;12:45:04.6;-0.04;-0.04;766;737;79;87;17;213;252;252;27;2.05;2.05;2.05;2.05;23;0;0;0;0;14.1;90;28;4.7;0;-;16;36;849;1725;11;3044.0;15.4;16.1;0;0;0;0;0;0;
2026.08.28;12:45:05.0;-0.01;-0.01;87;63;78;87;19;213;273;252;27;2.16;2.16;2.16;2.16;23;0;0;0;0;14.1;90;28;4.7;0;-;16;36;849;1725;12;3044.0;16.4;15.9;0;0;0;0;0;0;
2026.08.28;12:45:05.5;-0.01;-0.01;87;63;78;87;19;213;252;252;27;2.16;2.16;2.16;2.16;21;0;0;0;0;14.1;90;28;4.7;0;-;16;36;849;1741;12;3471.0;15.9;16.1;0;0;0;0;0;0;
2026.08.28;12:45:05.9;-0.05;-0.05;78;512;78;87;20;213;252;252;27;2.00;2.00;2.00;2.00;21;0;0;0;0;14.1;90;28;4.7;0;-;16;36;849;1746;12;3320.0;15.9;16.1;0;0;0;0;0;0;
2026.08.28;12:45:06.4;-0.02;-0.02;751;634;77;87;21;213;252;252;27;2.07;2.07;2.07;2.07;30;0;0;0;0;14.1;90;28;4.7;0;-;16;36;849;1746;13;3320.0;16.2;16.6;0;0;0;0;0;0;
2026.08.28;12:45:06.9;-0.02;-0.02;751;634;77;87;21;213;252;252;27;2.07;2.07;2.07;2.07;21;0;0;0;0;14.2;90;28;4.7;0;-;16;36;849;1783;13;4275.0;16.2;16.3;0;0;0;0;0;0;
2026.08.28;12:45:07.3;-0.00;-0.00;73;58;0;0;22;213;252;252;27;2.07;2.07;2.07;2.07;21;0;0;0;0;14.2;90;28;4.7;0;-;16;36;849;1775;13;4571.0;16.2;16.3;0;0;0;0;0;0;
2026.08.28;12:45:07.8;-0.00;-0.00;73;58;0;0;22;213;252;252;27;2.07;2.07;2.07;2.07;21;0;0;0;0;14.2;90;28;4.7;0;-;16;36;849;1775;13;4571.0;16.1;16.4;0;0;0;0;0;0;
2026.08.28;12:45:08.2;-0.03;-0.03;126;683;76;87;23;213;252;252;27;2.02;2.02;2.02;2.02;22;0;0;0;0;14.2;90;28;4.7;0;-;16;36;849;1786;13;3333.0;16.1;16.4;0;0;0;0;0;0;
2026.08.28;12:45:08.7;0.00;0.00;756;590;76;87;24;213;252;252;27;2.10;2.10;2.10;2.10;22;0;0;0;0;14.2;90;28;4.7;0;-;16;36;849;1786;13;3333.0;16.3;17.0;0;0;0;0;0;0;
2026.08.28;12:45:09.1;0.00;0.00;756;590;76;87;24;213;273;252;27;2.10;2.10;2.10;2.10;24;0;0;0;0;14.1;90;28;4.7;0;-;16;36;849;1816;13;4357.0;17.4;17.0;0;0;0;0;0;0;
2026.08.28;12:45:09.6;0.03;0.03;87;68;76;87;27;213;273;252;27;2.17;2.17;2.17;2.17;24;0;0;0;0;14.1;90;28;4.7;0;-;16;36;849;1845;14;4976.0;17.4;17.0;0;0;0;0;0;0;
2026.08.28;12:45:10.0;0.00;0.00;698;722;76;88;29;213;252;273;27;2.10;2.10;2.10;2.10;20;0;0;0;0;14.1;90;28;4.7;0;-;16;36;849;1845;14;4976.0;17.2;17.8;0;0;0;0;0;0;
2026.08.28;12:45:10.5;0.00;0.00;698;722;76;88;29;213;252;252;27;2.10;2.10;2.10;2.10;22;0;0;0;0;14.1;90;28;4.7;0;-;16;36;849;1875;14;5000.0;17.5;17.7;0;0;0;0;0;0;
2026.08.28;12:45:10.9;0.05;0.05;610;97;75;87;31;213;252;252;27;2.16;2.16;2.16;2.16;22;0;0;0;0;14.2;90;28;4.7;0;-;16;36;849;1899;15;4037.0;17.5;17.7;0;0;0;0;0;0;
2026.08.28;12:45:11.4;0.05;0.05;610;97;75;87;31;213;252;273;27;2.16;2.16;2.16;2.16;25;0;0;0;0;14.2;90;28;4.7;0;-;16;36;849;1899;15;4037.0;17.4;18.2;0;0;0;0;0;0;
2026.08.28;12:45:11.8;0.04;0.04;151;73;74;87;33;213;252;273;27;2.15;2.15;2.15;2.15;21;0;0;0;0;14.2;90;28;4.7;0;-;16;36;849;1946;15;2580.0;17.4;18.2;0;0;0;0;0;0;
2026.08.28;12:45:12.3;0.03;0.03;68;68;74;87;35;213;252;252;27;2.12;2.12;2.12;2.12;21;0;0;0;0;14.2;90;28;4.7;0;-;16;36;849;1946;16;2580.0;17.6;18.1;0;0;0;0;0;0;
2026.08.28;12:45:12.7;0.03;0.03;68;68;74;87;35;213;252;252;27;2.12;2.12;2.12;2.12;23;0;0;0;0;14.2;90;28;4.7;0;-;16;36;849;1966;16;2742.0;17.5;18.2;0;0;0;0;0;0;
2026.08.28;12:45:13.2;0.02;0.02;532;693;73;87;36;213;252;252;27;2.03;2.03;2.03;2.03;23;0;0;0;0;14.2;90;28;4.7;0;-;16;36;849;1999;17;2976.0;17.5;18.2;0;0;0;0;0;0;
2026.08.28;12:45:13.6;0.05;0.05;732;610;73;87;39;213;252;252;27;2.10;2.10;2.10;2.10;23;0;0;0;0;14.2;90;28;4.7;0;-;16;36;849;1999;17;2976.0;17.7;18.5;0;0;0;0;0;0;
2026.08.28;12:45:14.1;0.05;0.05;732;610;73;87;39;213;252;252;27;2.10;2.10;2.10;2.10;22;0;0;0;0;14.2;90;28;4.7;0;-;16;36;849;2070;17;4451.0;18.5;19.2;0;0;0;0;0;0;
2026.08.28;12:45:14.5;0.08;0.08;131;87;72;87;42;213;252;252;27;2.19;2.19;2.19;2.19;22;0;0;0;0;14.2;90;28;4.7;0;-;16;36;849;2107;18;4476.0;18.5;19.2;0;0;0;0;0;0;
2026.08.28;12:45:15.0;0.08;0.08;92;83;72;87;41;213;252;252;27;2.17;2.17;2.17;2.17;22;0;0;0;0;14.2;90;28;4.7;0;-;16;36;849;2107;18;4476.0;18.6;19.8;0;0;0;0;0;0;
2026.08.28;12:45:15.4;0.08;0.08;92;83;72;87;41;213;252;252;27;2.17;2.17;2.17;2.17;24;0;0;0;0;14.2;90;28;4.7;0;-;16;36;849;2142;18;4590.0;19.0;19.7;0;0;0;0;0;0;
2026.08.28;12:45:15.9;0.07;0.07;78;170;72;88;39;213;252;252;27;2.11;2.11;2.11;2.11;24;0;0;0;0;14.2;90;28;4.7;0;-;16;36;849;2170;18;2512.0;19.0;19.7;0;0;0;0;0;0;
2026.08.28;12:45:16.3;0.07;0.07;78;170;72;88;39;213;252;252;27;2.11;2.11;2.11;2.11;27;0;0;0;0;14.2;90;28;4.7;0;-;16;36;849;2170;19;2512.0;19.3;20.0;0;0;0;0;0;0;
2026.08.28;12:45:16.8;0.05;0.05;732;727;71;88;38;213;231;252;27;2.13;2.13;2.13;2.13;26;0;0;0;0;14.2;90;28;4.7;0;-;16;36;849;2215;19;3483.0;19.2;19.9;0;0;0;0;0;0;
2026.08.28;12:45:17.2;0.06;0.06;727;244;0;0;36;213;231;252;27;2.08;2.08;2.08;2.08;26;0;0;0;0;14.2;90;28;4.7;0;-;16;36;849;2236;19;2727.0;19.2;19.9;0;0;0;0;0;0;
2026.08.28;12:45:17.7;0.06;0.06;727;244;0;0;36;213;231;231;27;2.08;2.08;2.08;2.08;31;0;0;0;0;14.2;90;28;4.7;0;-;16;36;849;2236;19;2727.0;19.6;19.7;0;0;0;0;0;0;
2026.08.28;12:45:18.1;0.06;0.06;722;209;70;88;35;213;231;231;27;2.11;2.11;2.11;2.11;31;0;0;0;0;14.2;90;28;4.7;0;-;16;36;849;2249;19;3243.0;19.6;19.7;0;0;0;0;0;0;
2026.08.28;12:45:18.6;0.07;0.07;87;63;68;87;26;213;210;231;27;1.88;1.88;1.88;1.88;31;0;0;0;0;14.2;90;28;4.7;0;-;16;36;849;2027;12;3848.0;16.9;19.4;0;0;0;0;0;0;
2026.08.28;12:45:19.0;0.07;0.07;87;63;68;87;26;213;210;210;27;1.88;1.88;1.88;1.88;4;0;0;0;0;14.2;90;28;4.7;0;-;16;36;849;2027;0;3848.0;13.0;13.7;0;0;0;0;0;0;
2026.08.28;12:45:19.5;0.05;0.05;800;751;68;87;19;213;210;210;27;1.77;1.77;1.77;1.77;3;0;0;0;0;14.1;90;28;4.7;0;-;16;36;849;1408;0;3713.0;13.0;13.7;0;0;0;0;0;0;
2026.08.28;12:45:19.9;0.04;0.04;800;791;68;88;14;213;210;210;27;1.68;1.68;1.68;1.68;3;0;0;0;0;14.1;90;28;4.7;0;-;16;36;849;937;0;1464.0;8.5;8.8;0;0;0;0;0;0;
2026.08.28;12:45:20.4;0.04;0.04;800;791;68;88;14;213;315;252;27;1.68;1.68;1.68;1.68;27;0;0;0;0;14.1;90;28;4.7;0;-;16;36;849;937;0;1464.0;9.7;7.9;0;0;0;0;0;0;
2026.08.28;12:45:20.8;0.03;0.03;844;825;69;87;16;213;315;252;27;2.56;2.56;2.56;2.56;1;0;0;0;0;14.1;90;29;4.7;0;-;16;36;849;811;0;1423.0;9.7;7.9;0;0;0;0;0;0;
2026.08.28;12:45:21.3;0.03;0.03;859;864;70;87;14;213;336;315;27;2.71;2.71;2.71;2.71;1;0;0;0;0;14.1;90;29;4.7;0;-;16;36;849;781;0;1454.0;8.9;8.8;0;0;0;0;0;0;
2026.08.28;12:45:21.7;0.03;0.03;859;864;70;87;14;213;336;336;27;2.71;2.71;2.71;2.71;-1;0;0;0;0;14.1;90;29;4.7;0;-;16;36;849;781;0;1454.0;8.7;8.7;0;0;0;0;0;0;
2026.08.28;12:45:22.2;0.02;0.02;854;864;71;88;14;213;336;336;27;2.74;2.74;2.74;2.74;-2;0;0;0;0;14.1;90;29;4.7;0;-;16;36;849;761;0;1867.0;8.7;8.7;0;0;0;0;0;0;
2026.08.28;12:45:22.6;0.01;0.01;849;859;71;88;13;213;336;336;27;2.72;2.72;2.72;2.72;-2;0;0;0;0;14.1;90;29;4.7;0;-;16;36;849;758;0;1333.0;8.6;8.7;0;0;0;0;0;0;
2026.08.28;12:45:23.1;0.01;0.01;849;859;71;88;13;213;336;336;27;2.72;2.72;2.72;2.72;-2;0;0;0;0;14.1;90;29;4.7;0;-;16;36;849;758;0;1333.0;8.8;8.7;0;0;0;0;0;0;
2026.08.28;12:45:23.5;0.01;0.01;839;854;71;87;12;213;336;336;27;2.72;2.72;2.72;2.72;-3;0;0;0;0;14.1;90;29;4.7;0;-;16;36;849;755;0;1415.0;8.8;8.7;0;0;0;0;0;0;
2026.08.28;12:45:24.0;-0.00;-0.00;834;849;71;87;12;213;336;336;27;2.73;2.73;2.73;2.73;-3;0;0;0;0;14.1;90;29;4.7;0;-;16;36;849;755;0;1415.0;8.7;8.7;0;0;0;0;0;0;
2026.08.28;12:45:24.4;-0.00;-0.00;834;849;71;87;12;211;357;336;27;2.73;2.73;2.73;2.73;-3;0;0;0;0;14.1;90;29;4.7;0;-;16;36;849;746;0;1698.0;8.9;8.7;0;0;0;0;0;0;
2026.08.28;12:45:24.9;-0.01;-0.01;830;844;72;87;11;211;357;336;27;2.72;2.72;2.72;2.72;-2;0;0;0;0;14.1;90;29;4.7;0;-;16;36;849;749;0;1257.0;8.9;8.7;0;0;0;0;0;0;
2026.08.28;12:45:25.3;-0.01;-0.01;825;839;72;86;10;211;357;336;27;2.72;2.72;2.72;2.72;-2;0;0;0;0;14.1;90;29;4.7;0;-;16;37;849;749;0;1257.0;8.8;8.6;0;0;0;0;0;0;
2026.08.28;12:45:25.8;-0.01;-0.01;825;839;72;86;10;211;336;336;27;2.72;2.72;2.72;2.72;-2;0;0;0;0;14.1;90;29;4.7;0;-;16;37;849;752;0;1794.0;8.9;8.7;0;0;0;0;0;0;
2026.08.28;12:45:26.2;-0.02;-0.02;820;834;72;86;10;211;336;336;27;2.70;2.70;2.70;2.70;-2;0;0;0;0;14.1;90;29;4.7;0;-;16;37;849;748;0;1826.0;8.9;8.7;0;0;0;0;0;0;
2026.08.28;12:45:26.7;-0.02;-0.02;820;834;72;86;10;211;336;336;27;2.70;2.70;2.70;2.70;-2;0;0;0;0;14.1;90;29;4.7;0;-;16;36;849;748;0;1826.0;8.7;8.7;0;0;0;0;0;0;
2026.08.28;12:45:27.1;-0.03;-0.03;810;830;73;87;9;211;336;336;27;2.70;2.70;2.70;2.70;0;0;0;0;0;14.1;90;29;4.7;0;-;16;36;849;753;0;1354.0;8.8;8.7;0;0;0;0;0;0;
2026.08.28;12:45:27.6;-0.03;-0.03;805;825;73;86;8;211;336;336;27;2.69;2.69;2.69;2.69;0;0;0;0;0;14.1;90;29;4.7;0;-;16;36;849;743;0;1778.0;8.8;8.7;0;0;0;0;0;0;
2026.08.28;12:45:28.0;-0.03;-0.03;805;825;73;86;8;211;357;336;27;2.69;2.69;2.69;2.69;-2;0;0;0;0;14.1;90;29;4.7;0;-;16;36;849;743;0;1778.0;9.0;8.6;0;0;0;0;0;0;
2026.08.28;12:45:28.5;-0.04;-0.04;795;820;74;87;7;211;357;336;27;2.66;2.66;2.66;2.66;-1;0;0;0;0;14.1;90;29;4.7;0;-;16;36;849;744;0;1910.0;9.1;8.7;0;0;0;0;0;0;
2026.08.28;12:45:28.9;-0.05;-0.05;771;805;74;86;6;211;357;336;27;2.64;2.64;2.64;2.64;-1;0;0;0;0;14.1;90;29;4.7;0;-;16;36;849;747;0;1277.0;9.1;8.7;0;0;0;0;0;0;
2026.08.28;12:45:29.4;-0.05;-0.05;771;805;74;86;6;211;357;336;27;2.64;2.64;2.64;2.64;-2;0;0;0;0;14.1;90;29;4.7;0;-;16;36;849;747;0;1277.0;9.0;8.7;0;0;0;0;0;0;
2026.08.28;12:45:29.8;-0.06;-0.06;751;786;75;88;4;211;357;336;27;2.66;2.66;2.66;2.66;-2;0;0;0;0;14.1;90;29;4.7;0;-;16;36;849;751;0;1825.0;9.0;8.7;0;0;0;0;0;0;
2026.08.28;12:45:30.3;-0.07;-0.07;693;761;75;87;0;211;357;336;27;2.63;2.63;2.63;2.63;-2;0;0;0;0;14.1;90;29;4.7;0;-;16;36;849;751;0;1825.0;9.1;8.8;0;0;0;0;0;0;
2026.08.28;12:45:30.7;-0.07;-0.07;693;761;75;87;0;211;357;336;27;2.63;2.63;2.63;2.63;0;0;0;0;0;14.1;90;29;4.7;0;-;16;36;849;745;0;1650.0;9.3;8.8;0;0;0;0;0;0;
2026.08.28;12:45:31.2;-0.04;-0.04;166;664;76;87;0;211;357;336;27;2.72;2.72;2.72;2.72;0;0;0;0;0;14.1;91;29;4.7;0;-;16;36;849;755;0;1284.0;9.3;8.8;0;0;0;0;0;0;
2026.08.28;12:45:31.6;-0.04;-0.04;166;664;76;87;0;211;357;336;27;2.72;2.72;2.72;2.72;-2;0;0;0;0;14.1;91;29;4.7;0;-;16;36;849;755;0;1284.0;9.3;8.9;0;0;0;0;0;0;
2026.08.28;12:45:32.1;-0.05;-0.05;698;97;76;87;0;211;357;336;27;2.70;2.70;2.70;2.70;-3;0;0;0;0;14.1;91;29;4.7;0;-;16;36;849;752;0;1512.0;9.3;8.9;0;0;0;0;0;0;
2026.08.28;12:45:32.5;-0.06;-0.06;698;737;76;87;3;211;357;357;27;2.70;2.70;2.70;2.70;-3;0;0;0;0;14.1;91;29;4.7;0;-;16;36;849;751;0;1822.0;9.2;8.9;0;0;0;0;0;0;
2026.08.28;12:45:33.0;-0.06;-0.06;698;737;76;87;3;211;357;357;27;2.70;2.70;2.70;2.70;-3;0;0;0;0;14.1;91;29;4.7;0;-;16;36;849;751;0;1822.0;9.3;8.9;0;0;0;0;0;0;
2026.08.28;12:45:33.4;-0.04;-0.04;146;566;77;87;5;211;357;357;27;2.73;2.73;2.73;2.73;-2;0;0;0;0;14.1;91;29;4.7;0;-;16;36;849;754;0;1388.0;9.3;8.9;0;0;0;0;0;0;
2026.08.28;12:45:33.9;-0.06;-0.06;698;180;76;87;6;211;357;357;28;2.68;2.68;2.68;2.68;-2;0;0;0;0;14.1;91;29;4.7;0;-;16;37;849;754;0;1388.0;9.1;9.0;0;0;0;0;0;0;
2026.08.28;12:45:34.3;-0.06;-0.06;698;180;76;87;6;211;357;336;28;2.68;2.68;2.68;2.68;-2;0;0;0;0;14.1;91;29;4.7;0;-;16;37;849;755;0;1520.0;9.2;8.8;0;0;0;0;0;0;
2026.08.28;12:45:34.8;-0.06;-0.06;673;727;77;87;8;211;357;336;28;2.65;2.65;2.65;2.65;0;0;0;0;0;14.1;91;29;4.7;0;-;16;37;849;745;0;1585.0;9.2;8.8;0;0;0;0;0;0;
2026.08.28;12:45:35.3;-0.04;-0.04;102;92;77;87;9;211;357;336;28;2.72;2.72;2.72;2.72;0;0;0;0;0;14.1;91;29;4.7;0;-;16;36;849;745;0;1585.0;9.1;8.8;0;0;0;0;0;0;
2026.08.28;12:45:35.7;-0.04;-0.04;102;92;77;87;9;211;357;357;28;2.72;2.72;2.72;2.72;-1;0;0;0;0;14.1;91;29;4.7;0;-;16;36;849;752;0;1320.0;9.1;9.0;0;0;0;0;0;0;
2026.08.28;12:45:36.2;-0.06;-0.06;742;717;78;87;9;211;357;357;28;2.66;2.66;2.66;2.66;-3;0;0;0;0;14.1;91;29;4.7;0;-;16;36;849;747;0;1146.0;9.1;9.0;0;0;0;0;0;0;
2026.08.28;12:45:36.6;-0.05;-0.05;97;97;78;87;10;211;357;357;28;2.72;2.72;2.72;2.72;-3;0;0;0;0;14.1;91;29;4.7;0;-;16;36;849;747;0;1146.0;9.3;9.0;0;0;0;0;0;0;
2026.08.28;12:45:37.1;-0.05;-0.05;97;97;78;87;10;211;357;357;28;2.72;2.72;2.72;2.72;-3;0;0;0;0;14.1;91;29;4.7;0;-;16;36;849;752;0;1459.0;9.3;9.1;0;0;0;0;0;0;
2026.08.28;12:45:37.5;-0.04;-0.04;249;117;78;87;10;211;357;357;28;2.74;2.74;2.74;2.74;1;0;0;0;0;14.1;91;29;4.7;0;-;16;36;849;751;0;1572.0;9.3;9.1;0;0;0;0;0;0;
2026.08.28;12:45:38.0;-0.06;-0.06;678;698;79;87;11;211;357;357;28;2.68;2.68;2.68;2.68;1;0;0;0;0;14.1;91;29;4.7;0;-;16;37;849;751;0;1572.0;9.3;9.1;0;0;0;0;0;0;
2026.08.28;12:45:38.4;-0.06;-0.06;678;698;79;87;11;211;357;357;27;2.68;2.68;2.68;2.68;-2;0;0;0;0;14.1;91;29;4.7;0;-;16;37;849;756;0;1193.0;9.1;9.0;0;0;0;0;0;0;
2026.08.28;12:45:38.9;-0.04;-0.04;107;83;78;86;12;211;357;357;27;2.71;2.71;2.71;2.71;-2;0;0;0;0;14.1;91;29;4.7;0;-;16;37;849;752;0;1717.0;9.1;9.0;0;0;0;0;0;0;
2026.08.28;12:45:39.3;-0.04;-0.04;107;83;78;86;12;211;357;357;27;2.71;2.71;2.71;2.71;-2;0;0;0;0;14.1;91;29;4.7;0;-;16;37;849;752;0;1717.0;9.2;9.1;0;0;0;0;0;0;
2026.08.28;12:45:39.8;-0.06;-0.06;610;634;79;87;12;211;357;357;27;2.64;2.64;2.64;2.64;0;0;0;0;0;14.1;91;29;4.7;0;-;16;37;849;753;0;1173.0;9.2;9.0;0;0;0;0;0;0;
2026.08.28;12:45:40.2;-0.03;-0.03;87;73;79;87;13;211;357;357;27;2.67;2.67;2.67;2.67;0;0;0;0;0;14.1;91;29;4.7;0;-;16;37;849;750;0;1574.0;9.2;9.0;0;0;0;0;0;0;
2026.08.28;12:45:40.7;-0.03;-0.03;87;73;79;87;13;211;357;357;27;2.67;2.67;2.67;2.67;1;0;0;0;0;14.1;91;29;4.7;0;-;16;36;849;750;0;1574.0;9.1;9.0;0;0;0;0;0;0;
2026.08.28;12:45:41.1;-0.05;-0.05;712;654;79;87;13;211;357;357;27;2.64;2.64;2.64;2.64;0;0;0;0;0;14.1;91;29;4.7;0;-;16;36;849;756;0;1496.0;9.1;9.0;0;0;0;0;0;0;
2026.08.28;12:45:41.6;-0.03;-0.03;78;83;80;87;14;211;357;357;27;2.68;2.68;2.68;2.68;0;0;0;0;0;14.1;91;29;4.7;0;-;16;36;849;756;0;1496.0;9.5;9.3;0;0;0;0;0;0;
2026.08.28;12:45:42.0;-0.03;-0.03;78;83;80;87;14;211;357;357;27;2.68;2.68;2.68;2.68;-3;0;0;0;0;14.1;91;29;4.7;0;-;16;37;849;757;0;1670.0;9.1;9.2;0;0;0;0;0;0;
2026.08.28;12:45:42.5;-0.03;-0.03;97;83;80;87;14;211;357;357;27;2.70;2.70;2.70;2.70;-3;0;0;0;0;14.1;91;29;4.7;0;-;16;37;849;746;0;1204.0;9.1;9.2;0;0;0;0;0;0;
2026.08.28;12:45:42.9;-0.02;-0.02;131;102;81;87;15;211;357;357;27;2.69;2.69;2.69;2.69;-3;0;0;0;0;14.1;91;29;4.7;0;-;16;37;849;746;0;1204.0;9.2;9.1;0;0;0;0;0;0;
2026.08.28;12:45:43.4;-0.02;-0.02;131;102;81;87;15;211;357;357;27;2.69;2.69;2.69;2.69;-2;0;0;0;0;14.1;91;29;4.7;0;-;16;37;849;753;0;1290.0;9.3;9.1;0;0;0;0;0;0;
2026.08.28;12:45:43.8;-0.01;-0.01;122;219;80;87;16;211;357;357;27;2.68;2.68;2.68;2.68;-2;0;0;0;0;14.1;91;29;4.7;0;-;16;37;849;752;0;1558.0;9.3;9.1;0;0;0;0;0;0;
2026.08.28;12:45:44.3;-0.03;-0.03;688;668;80;87;16;211;357;357;27;2.61;2.61;2.61;2.61;-2;0;0;0;0;14.1;91;29;4.7;0;-;16;37;849;752;0;1558.0;9.3;9.2;0;0;0;0;0;0;
2026.08.28;12:45:44.7;-0.03;-0.03;688;668;80;87;16;211;357;357;27;2.61;2.61;2.61;2.61;0;0;0;0;0;14.1;91;29;4.7;0;-;16;37;849;747;0;1191.0;9.3;9.1;0;0;0;0;0;0;
2026.08.28;12:45:45.2;-0.01;-0.01;83;78;81;87;17;210;357;357;27;2.67;2.67;2.67;2.67;-3;0;0;0;0;14.1;91;29;4.7;0;-;16;37;849;750;0;1287.0;9.3;9.1;0;0;0;0;0;0;
2026.08.28;12:45:45.6;-0.00;-0.00;97;78;80;86;17;210;378;357;27;2.66;2.66;2.66;2.66;-3;0;0;0;0;14.1;91;29;4.7;0;-;16;37;849;750;0;1287.0;9.4;9.0;0;0;0;0;0;0;
2026.08.28;12:45:46.1;-0.00;-0.00;97;78;80;86;17;210;357;357;27;2.66;2.66;2.66;2.66;-3;0;0;0;0;14.1;91;29;4.7;0;-;16;37;849;751;0;1375.0;9.2;9.2;0;0;0;0;0;0;
2026.08.28;12:45:46.5;0.01;0.01;97;92;81;87;18;210;357;357;27;2.65;2.65;2.65;2.65;-3;0;0;0;0;14.1;91;29;4.8;0;-;16;37;849;750;0;1726.0;9.2;9.2;0;0;0;0;0;0;
2026.08.28;12:45:47.0;0.01;0.01;87;73;81;87;18;210;357;357;27;2.63;2.63;2.63;2.65;-3;0;0;0;0;14.1;91;29;4.8;0;-;16;37;849;750;0;1726.0;9.1;9.0;0;0;0;0;0;0;
2026.08.28;12:45:47.4;0.01;0.01;87;73;81;87;18;210;357;357;27;2.63;2.63;2.63;2.63;0;0;0;0;0;14.1;91;29;4.8;0;-;16;37;849;753;0;1236.0;9.1;9.0;0;0;0;0;0;0;
2026.08.28;12:45:47.9;0.02;0.02;78;68;81;86;19;210;357;357;27;2.64;2.64;2.64;2.64;0;0;0;0;0;14.1;91;29;4.8;0;-;16;37;849;746;0;1857.0;9.1;9.0;0;0;0;0;0;0;
2026.08.28;12:45:48.3;0.02;0.02;78;68;81;86;19;210;378;357;27;2.64;2.64;2.64;2.64;0;0;0;0;0;14.1;91;29;4.8;0;-;16;37;849;746;0;1857.0;9.5;9.2;0;0;0;0;0;0;
2026.08.28;12:45:48.8;0.03;0.03;83;73;81;87;19;210;378;357;27;2.64;2.64;2.64;2.64;-5;0;0;0;0;14.1;91;29;4.8;0;-;16;37;849;746;0;1293.0;9.5;9.2;0;0;0;0;0;0;
2026.08.28;12:45:49.2;0.04;0.04;78;68;83;88;19;210;357;357;27;2.64;2.64;2.64;2.64;-5;0;0;0;0;14.1;91;29;4.8;0;-;16;37;849;746;0;1293.0;9.2;9.0;0;0;0;0;0;0;
2026.08.28;12:45:49.7;0.04;0.04;78;68;83;88;19;210;357;357;27;2.64;2.64;2.64;2.64;-1;0;0;0;0;14.1;91;29;4.8;0;-;16;37;849;746;0;1718.0;9.1;9.2;0;0;0;0;0;0;
2026.08.28;12:45:50.1;0.07;0.07;97;78;82;88;19;210;357;357;27;2.70;2.70;2.70;2.70;-1;0;0;0;0;14.1;91;29;4.8;0;-;16;37;849;753;0;1150.0;9.1;9.2;0;0;0;0;0;0;
2026.08.28;12:45:50.6;0.03;0.03;732;659;81;87;20;210;357;357;27;2.61;2.61;2.61;2.61;-1;0;0;0;0;14.1;91;29;4.8;0;-;16;37;849;753;0;1150.0;9.0;9.1;0;0;0;0;0;0;
2026.08.28;12:45:51.0;0.03;0.03;732;659;81;87;20;210;357;357;28;2.61;2.61;2.61;2.61;-1;0;0;0;0;14.1;91;29;4.8;0;-;16;37;849;744;0;1282.0;9.1;9.1;0;0;0;0;0;0;
2026.08.28;12:45:51.5;0.05;0.05;78;83;83;88;21;210;357;357;28;2.67;2.67;2.67;2.67;-3;0;0;0;0;14.1;91;29;4.8;0;-;16;37;849;755;0;1698.0;9.1;9.1;0;0;0;0;0;0;
2026.08.28;12:45:51.9;0.06;0.06;92;83;82;87;21;210;357;357;28;2.70;2.70;2.70;2.70;-3;0;0;0;0;14.1;91;29;4.8;0;-;16;37;849;755;0;1698.0;9.2;9.1;0;0;0;0;0;0;
2026.08.28;12:45:52.4;0.06;0.06;92;83;82;87;21;210;357;357;28;2.70;2.70;2.70;2.70;-3;0;0;0;0;14.1;91;29;4.8;0;-;16;37;849;756;0;1721.0;9.0;9.2;0;0;0;0;0;0;
2026.08.28;12:45:52.8;0.06;0.06;102;92;82;88;21;210;357;357;28;2.68;2.68;2.68;2.68;-3;0;0;0;0;14.1;91;29;4.8;0;-;16;37;849;748;0;1662.0;9.0;9.2;0;0;0;0;0;0;
2026.08.28;12:45:53.3;0.07;0.07;258;141;82;87;21;210;357;357;28;2.68;2.68;2.68;2.68;-3;0;0;0;0;14.1;91;29;4.8;0;-;16;37;849;748;0;1662.0;9.0;9.2;0;0;0;0;0;0;
2026.08.28;12:45:53.7;0.07;0.07;258;141;82;87;21;210;357;357;28;2.68;2.68;2.68;2.68;-4;0;0;0;0;14.1;91;29;4.8;0;-;16;37;849;758;0;1167.0;9.0;9.0;0;0;0;0;0;0;
2026.08.28;12:45:54.2;0.05;0.05;708;668;82;87;22;210;357;357;28;2.65;2.65;2.65;2.65;-4;0;0;0;0;14.1;91;29;4.8;0;-;16;37;849;746;0;1483.0;9.0;9.0;0;0;0;0;0;0;
2026.08.28;12:45:54.6;0.07;0.07;102;92;82;87;22;210;357;357;28;2.68;2.68;2.68;2.68;-2;0;0;0;0;14.1;91;29;4.8;0;-;16;37;849;746;0;1483.0;8.9;9.2;0;0;0;0;0;0;
2026.08.28;12:45:55.1;0.07;0.07;102;92;82;87;22;210;357;357;28;2.68;2.68;2.68;2.68;-3;0;0;0;0;14.1;91;29;4.8;0;-;16;37;849;753;0;1481.0;8.8;9.1;0;0;0;0;0;0;
2026.08.28;12:45:55.5;0.06;0.06;644;239;82;87;23;210;357;357;28;2.61;2.61;2.61;2.61;-3;0;0;0;0;14.1;91;29;4.8;0;-;16;37;849;749;0;1237.0;8.8;9.1;0;0;0;0;0;0;
2026.08.28;12:45:56.0;0.06;0.06;644;239;82;87;23;210;357;357;28;2.61;2.61;2.61;2.61;-3;0;0;0;0;14.1;91;29;4.8;0;-;16;37;849;749;0;1237.0;8.9;8.8;0;0;0;0;0;0;
2026.08.28;12:45:56.4;0.05;0.05;668;708;82;87;23;210;357;357;28;2.62;2.62;2.62;2.62;1;0;0;0;0;14.1;91;29;4.8;0;-;16;37;849;752;0;1119.0;8.9;8.8;0;0;0;0;0;0;
2026.08.28;12:45:56.9;0.07;0.07;161;87;82;87;23;210;357;357;28;2.66;2.66;2.66;2.66;1;0;0;0;0;14.1;91;29;4.8;0;-;16;37;849;752;0;1119.0;9.1;9.0;0;0;0;0;0;0;
2026.08.28;12:45:57.3;0.07;0.07;161;87;82;87;23;210;357;357;28;2.66;2.66;2.66;2.66;-3;0;0;0;0;14.1;91;29;4.8;0;-;16;37;849;749;0;1615.0;9.0;8.9;0;0;0;0;0;0;
2026.08.28;12:45:57.8;0.05;0.05;717;722;82;87;24;210;357;357;28;2.60;2.60;2.60;2.60;-3;0;0;0;0;14.1;91;29;4.8;0;-;16;37;849;749;0;1615.0;9.0;8.9;0;0;0;0;0;0;
2026.08.28;12:45:58.2;0.05;0.05;717;722;82;87;24;210;357;357;28;2.60;2.60;2.60;2.60;-2;0;0;0;0;14.1;91;29;4.8;0;-;16;37;849;745;0;1116.0;8.8;9.0;0;0;0;0;0;0;
2026.08.28;12:45:58.7;0.06;0.06;107;102;83;88;25;210;357;357;28;2.65;2.65;2.65;2.65;-5;0;0;0;0;14.1;91;29;4.8;0;-;16;37;849;752;0;1434.0;8.8;9.0;0;0;0;0;0;0;
2026.08.28;12:45:59.1;0.07;0.07;502;141;83;88;26;210;357;357;28;2.69;2.69;2.69;2.69;-5;0;0;0;0;14.1;91;29;4.8;0;-;16;37;849;752;0;1434.0;9.1;9.0;0;0;0;0;0;0;
2026.08.28;12:45:59.6;0.07;0.07;502;141;83;88;26;210;357;357;28;2.69;2.69;2.69;2.69;-2;0;0;0;0;14.0;91;29;4.8;0;-;16;37;849;752;0;1737.0;8.8;9.1;0;0;0;0;0;0;
2026.08.28;12:46:00.0;0.05;0.05;678;703;83;88;25;210;357;357;28;2.61;2.61;2.61;2.61;-2;0;0;0;0;14.0;91;29;4.8;0;-;16;37;849;753;0;1607.0;8.8;9.1;0;0;0;0;0;0;
2026.08.28;12:46:00.5;0.06;0.06;107;87;84;89;27;210;357;357;28;2.67;2.67;2.67;2.67;-2;0;0;0;0;14.0;91;29;4.8;0;-;16;37;849;753;0;1607.0;8.8;9.0;0;0;0;0;0;0;
2026.08.28;12:46:00.9;0.06;0.06;107;87;84;89;27;210;357;357;28;2.67;2.67;2.67;2.67;-2;0;0;0;0;14.0;91;29;4.8;0;-;16;37;849;752;0;1380.0;8.7;8.9;0;0;0;0;0;0;
2026.08.28;12:46:01.4;0.05;0.05;751;712;83;88;25;210;357;357;28;2.62;2.62;2.62;2.62;0;0;0;0;0;14.1;91;29;4.8;0;-;16;37;849;754;0;1227.0;8.7;8.9;0;0;0;0;0;0;
2026.08.28;12:46:01.8;0.04;0.04;712;727;83;88;28;210;357;357;28;2.63;2.63;2.63;2.63;0;0;0;0;0;14.1;91;29;4.8;0;-;16;37;849;756;0;1320.0;9.0;9.1;0;0;0;0;0;0;
2026.08.28;12:46:02.3;0.04;0.04;712;727;83;88;28;210;357;357;28;2.63;2.63;2.63;2.63;-1;0;0;0;0;14.1;91;29;4.8;0;-;16;37;849;756;0;1320.0;8.7;9.0;0;0;0;0;0;0;
2026.08.28;12:46:02.7;0.03;0.03;708;727;83;87;25;210;357;357;28;2.63;2.63;2.63;2.63;-4;0;0;0;0;14.1;92;29;4.8;0;-;16;37;849;747;0;1461.0;8.7;9.0;0;0;0;0;0;0;
2026.08.28;12:46:03.2;0.05;0.05;156;151;85;90;28;210;357;357;28;2.72;2.72;2.72;2.72;-4;0;0;0;0;14.1;92;29;4.8;0;-;16;37;849;756;0;1586.0;9.1;9.1;0;0;0;0;0;0;
2026.08.28;12:46:03.7;0.05;0.05;156;151;85;90;28;210;357;357;28;2.72;2.72;2.72;2.72;-6;0;0;0;0;14.1;92;29;4.8;0;-;16;37;849;756;0;1586.0;8.8;9.2;0;0;0;0;0;0;
2026.08.28;12:46:04.1;0.03;0.03;742;698;84;89;26;210;357;357;28;2.65;2.65;2.65;2.65;-3;0;0;0;0;14.1;92;29;4.8;0;-;16;37;849;735;0;1659.0;8.8;9.2;0;0;0;0;0;0;
2026.08.28;12:46:04.6;0.04;0.04;156;502;84;88;25;210;357;357;28;2.73;2.73;2.73;2.73;-3;0;0;0;0;14.1;92;29;4.8;0;-;16;37;849;748;0;1247.0;8.8;9.0;0;0;0;0;0;0;
2026.08.28;12:46:05.0;0.04;0.04;156;502;84;88;25;210;357;357;28;2.73;2.73;2.73;2.73;-2;0;0;0;0;14.1;92;29;4.8;0;-;16;37;849;748;0;1247.0;8.7;9.1;0;0;0;0;0;0;
2026.08.28;12:46:05.5;0.03;0.03;751;708;85;89;25;210;357;357;28;2.68;2.68;2.68;2.68;-2;0;0;0;0;14.1;92;29;4.8;0;-;16;37;849;747;0;1556.0;8.7;9.1;0;0;0;0;0;0;
2026.08.28;12:46:05.9;0.02;0.02;756;766;84;88;25;210;336;357;28;2.65;2.65;2.65;2.65;-2;0;0;0;0;14.1;92;29;4.8;0;-;16;37;849;756;0;1896.0;8.7;9.0;0;0;0;0;0;0;
2026.08.28;12:46:06.4;0.02;0.02;756;766;84;88;25;210;357;357;28;2.65;2.65;2.65;2.65;1;0;0;0;0;14.1;92;29;4.8;0;-;16;37;849;756;0;1896.0;8.9;8.9;0;0;0;0;0;0;
2026.08.28;12:46:06.8;0.01;0.01;761;776;85;88;27;210;357;357;28;2.68;2.68;2.68;2.68;-3;0;0;0;0;14.1;92;29;4.8;0;-;16;37;849;755;0;1358.0;8.9;8.9;0;0;0;0;0;0;
2026.08.28;12:46:07.3;0.01;0.01;742;771;83;87;25;210;357;357;28;2.65;2.65;2.65;2.65;-3;0;0;0;0;14.1;92;29;4.8;0;-;16;37;849;755;0;1358.0;8.8;8.9;0;0;0;0;0;0;
2026.08.28;12:46:07.7;0.01;0.01;742;771;83;87;25;210;336;336;28;2.65;2.65;2.65;2.65;-2;0;0;0;0;14.1;92;29;4.8;0;-;16;37;849;755;0;1528.0;8.6;9.0;0;0;0;0;0;0;
2026.08.28;12:46:08.2;-0.00;-0.00;742;766;84;88;24;210;336;336;28;2.63;2.63;2.63;2.63;-2;0;0;0;0;14.1;92;29;4.8;0;-;16;37;849;748;0;1385.0;8.6;9.0;0;0;0;0;0;0;
2026.08.28;12:46:08.6;-0.00;-0.00;742;766;84;88;24;210;357;357;28;2.63;2.63;2.63;2.63;-3;0;0;0;0;14.1;92;29;4.8;0;-;16;37;849;748;0;1385.0;8.8;9.0;0;0;0;0;0;0;
2026.08.28;12:46:09.1;-0.03;-0.03;727;761;84;88;24;210;357;357;28;2.58;2.58;2.58;2.58;0;0;0;0;0;14.1;92;29;4.8;0;-;16;37;849;751;0;1882.0;8.8;9.0;0;0;0;0;0;0;
2026.08.28;12:46:09.5;0.00;0.00;78;166;84;88;24;210;357;357;28;2.72;2.72;2.72;2.72;0;0;0;0;0;14.1;92;29;4.8;0;-;16;37;849;747;0;1339.0;8.8;9.0;0;0;0;0;0;0;
2026.08.28;12:46:10.0;0.00;0.00;78;166;84;88;24;210;357;357;28;2.72;2.72;2.72;2.72;-4;0;0;0;0;14.1;92;29;4.8;0;-;16;37;849;747;0;1339.0;8.7;9.0;0;0;0;0;0;0;
2026.08.28;12:46:10.4;-0.01;-0.01;756;693;85;89;24;210;357;357;28;2.66;2.66;2.66;2.66;0;0;0;0;0;14.1;92;29;4.8;0;-;16;37;849;751;0;1722.0;8.7;9.0;0;0;0;0;0;0;
2026.08.28;12:46:10.9;-0.02;-0.02;737;756;84;88;24;210;357;357;28;2.65;2.65;2.65;2.65;0;0;0;0;0;14.1;92;29;4.8;0;-;16;37;849;751;0;1722.0;8.7;8.9;0;0;0;0;0;0;
2026.08.28;12:46:11.3;-0.02;-0.02;737;756;84;88;24;210;336;357;28;2.65;2.65;2.65;2.65;-2;0;0;0;0;14.1;92;29;4.8;0;-;16;37;849;750;0;1226.0;8.7;9.0;0;0;0;0;0;0;
2026.08.28;12:46:11.8;-0.02;-0.02;717;732;85;89;24;210;336;357;28;2.63;2.63;2.63;2.63;-3;0;0;0;0;14.1;92;29;4.8;0;-;16;37;849;747;0;1403.0;8.7;9.0;0;0;0;0;0;0;
2026.08.28;12:46:12.2;-0.03;-0.03;698;737;85;89;25;210;357;357;28;2.64;2.64;2.64;2.64;-3;0;0;0;0;14.1;92;29;4.8;0;-;16;37;849;747;0;1403.0;9.0;8.8;0;0;0;0;0;0;
2026.08.28;12:46:12.7;-0.03;-0.03;698;737;85;89;25;210;357;357;28;2.64;2.64;2.64;2.64;-2;0;0;0;0;14.1;92;29;4.8;0;-;16;37;849;748;0;1920.0;8.8;9.0;0;0;0;0;0;0;
2026.08.28;12:46:13.1;-0.02;-0.02;161;522;85;89;24;210;357;357;28;2.64;2.64;2.64;2.64;-2;0;0;0;0;14.1;92;29;4.8;0;-;16;37;849;751;0;1315.0;8.8;9.0;0;0;0;0;0;0;
2026.08.28;12:46:13.6;-0.02;-0.02;161;522;85;89;24;210;357;336;28;2.64;2.64;2.64;2.64;-1;0;0;0;0;14.1;92;29;4.8;0;-;16;37;849;751;0;1315.0;8.7;8.9;0;0;0;0;0;0;
2026.08.28;12:46:14.0;-0.01;-0.01;468;117;85;89;24;210;357;336;28;2.64;2.64;2.64;2.64;0;0;0;0;0;14.1;92;29;4.8;0;-;16;37;849;747;0;1814.0;8.7;8.9;0;0;0;0;0;0;
2026.08.28;12:46:14.5;-0.03;-0.03;581;678;84;88;24;210;357;357;28;2.56;2.56;2.56;2.56;0;0;0;0;0;14.1;92;29;4.8;0;-;16;37;849;745;0;1077.0;8.8;9.0;0;0;0;0;0;0;
2026.08.28;12:46:14.9;-0.03;-0.03;581;678;84;88;24;210;357;357;28;2.56;2.56;2.56;2.56;-2;0;0;0;0;14.1;92;29;4.8;0;-;16;37;849;745;0;1077.0;8.8;9.0;0;0;0;0;0;0;
2026.08.28;12:46:15.4;-0.01;-0.01;92;78;84;88;25;210;357;357;28;2.63;2.63;2.63;2.63;-3;0;0;0;0;14.1;92;29;4.8;0;-;16;37;849;751;0;1877.0;8.8;9.0;0;0;0;0;0;0;
2026.08.28;12:46:15.8;-0.01;-0.01;268;122;85;89;25;210;357;357;28;2.63;2.63;2.63;2.63;-3;0;0;0;0;14.1;92;29;4.8;0;-;16;37;849;750;0;1535.0;8.7;8.9;0;0;0;0;0;0;
2026.08.28;12:46:16.3;-0.01;-0.01;268;122;85;89;25;210;357;357;28;2.63;2.63;2.63;2.63;-3;0;0;0;0;14.1;92;29;4.8;0;-;16;37;849;750;0;1535.0;8.7;8.9;0;0;0;0;0;0;
2026.08.28;12:46:16.7;-0.01;-0.01;180;615;85;89;26;210;357;357;28;2.62;2.62;2.62;2.62;1;0;0;0;0;14.1;92;29;4.8;0;-;16;37;849;744;0;1805.0;8.7;8.9;0;0;0;0;0;0;
2026.08.28;12:46:17.2;-0.00;-0.00;87;78;0;0;25;210;357;357;28;2.62;2.62;2.62;2.62;1;0;0;0;0;14.1;92;29;4.8;0;-;16;37;849;744;0;1805.0;8.8;9.0;0;0;0;0;0;0;
2026.08.28;12:46:17.6;-0.00;-0.00;87;78;0;0;25;210;357;336;28;2.62;2.62;2.62;2.62;-4;0;0;0;0;14.1;92;29;4.8;0;-;16;37;849;757;0;1204.0;8.8;9.0;0;0;0;0;0;0;
2026.08.28;12:46:18.1;0.00;0.00;107;87;85;89;25;210;357;336;28;2.62;2.62;2.62;2.62;1;0;0;0;0;14.1;92;29;4.8;0;-;16;37;849;755;0;1165.0;8.8;9.0;0;0;0;0;0;0;
2026.08.28;12:46:18.5;0.01;0.01;102;92;85;89;26;210;357;336;28;2.64;2.64;2.64;2.64;1;0;0;0;0;14.1;92;29;4.8;0;-;16;37;849;755;0;1165.0;8.9;9.0;0;0;0;0;0;0;
2026.08.28;12:46:19.0;0.01;0.01;102;92;85;89;26;210;357;336;28;2.64;2.64;2.64;2.64;-5;0;0;0;0;14.1;92;29;4.8;0;-;16;37;849;755;0;1458.0;8.7;9.0;0;0;0;0;0;0;
2026.08.28;12:46:19.4;-0.00;-0.00;444;224;85;89;25;210;357;336;28;2.60;2.60;2.60;2.60;-5;0;0;0;0;14.1;92;29;4.8;0;-;16;37;849;752;0;1189.0;8.7;9.0;0;0;0;0;0;0;
2026.08.28;12:46:19.9;-0.00;-0.00;444;224;85;89;25;210;357;336;28;2.60;2.60;2.60;2.60;-1;0;0;0;0;14.1;92;29;4.8;0;-;16;38;849;752;0;1189.0;8.9;9.0;0;0;0;0;0;0;
2026.08.28;12:46:20.3;0.02;0.02;92;78;86;90;26;210;357;336;28;2.64;2.64;2.64;2.64;0;0;0;0;0;14.1;93;29;4.8;0;-;16;38;849;751;0;1209.0;8.9;9.0;0;0;0;0;0;0;
2026.08.28;12:46:20.8;0.03;0.03;141;112;86;89;25;210;357;357;28;2.67;2.67;2.67;2.67;0;0;0;0;0;14.1;93;29;4.8;0;-;16;38;849;751;0;1209.0;8.8;9.0;0;0;0;0;0;0;
2026.08.28;12:46:21.2;0.03;0.03;141;112;86;89;25;210;357;357;28;2.67;2.67;2.67;2.67;-5;0;0;0;0;14.1;93;29;4.8;0;-;16;38;849;750;0;1218.0;8.6;8.9;0;0;0;0;0;0;
2026.08.28;12:46:21.7;0.01;0.01;698;576;85;89;25;210;357;357;28;2.61;2.61;2.61;2.61;-3;0;0;0;0;14.1;93;29;4.8;0;-;16;38;849;754;0;1224.0;8.6;8.9;0;0;0;0;0;0;
2026.08.28;12:46:22.1;0.03;0.03;102;87;85;89;25;210;357;357;28;2.67;2.67;2.67;2.67;-3;0;0;0;0;14.1;93;29;4.8;0;-;16;38;849;754;0;1224.0;8.6;9.0;0;0;0;0;0;0;
2026.08.28;12:46:22.6;0.03;0.03;102;87;85;89;25;210;357;357;28;2.67;2.67;2.67;2.67;-4;0;0;0;0;14.0;93;29;4.9;0;-;16;38;849;753;0;1867.0;8.7;9.0;0;0;0;0;0;0;
2026.08.28;12:46:23.0;0.02;0.02;693;634;86;89;25;210;357;357;28;2.63;2.63;2.63;2.63;-2;0;0;0;0;14.0;93;29;4.9;0;-;16;38;849;744;0;1743.0;8.7;9.0;0;0;0;0;0;0;
2026.08.28;12:46:23.5;0.03;0.03;122;278;85;89;26;210;357;357;28;2.70;2.70;2.70;2.70;-2;0;0;0;0;14.0;93;29;4.9;0;-;16;38;849;744;0;1743.0;8.8;9.1;0;0;0;0;0;0;
2026.08.28;12:46:23.9;0.03;0.03;122;278;85;89;26;210;357;357;28;2.70;2.70;2.70;2.70;-4;0;0;0;0;14.0;93;29;4.9;0;-;16;38;849;755;0;1234.0;8.7;9.0;0;0;0;0;0;0;
2026.08.28;12:46:24.4;0.02;0.02;737;698;86;90;25;210;357;357;28;2.64;2.64;2.64;2.64;-4;0;0;0;0;14.0;93;29;4.9;0;-;16;38;849;750;0;1150.0;8.7;9.0;0;0;0;0;0;0;
2026.08.28;12:46:24.8;0.02;0.02;737;698;86;90;25;210;357;357;28;2.64;2.64;2.64;2.64;-3;0;0;0;0;14.0;93;29;4.9;0;-;16;38;849;750;4;1150.0;8.6;9.0;0;0;0;0;0;0;
2026.08.28;12:46:25.3;0.01;0.01;634;708;85;89;26;210;357;357;28;2.64;2.64;2.64;2.64;-4;0;0;0;0;14.0;93;29;4.9;0;-;16;38;849;753;4;1297.0;8.6;9.0;0;0;0;0;0;0;
2026.08.28;12:46:25.7;-0.01;-0.01;136;205;85;88;74;210;672;357;28;6.38;6.38;6.38;6.38;-4;0;0;0;0;14.0;93;29;4.9;0;-;16;38;849;753;11;1297.0;17.8;9.2;0;0;0;0;0;0;
2026.08.28;12:46:26.2;-0.01;-0.01;136;205;85;88;74;210;210;252;28;6.38;6.38;6.38;6.38;3;0;0;0;0;14.0;93;29;4.9;0;-;16;38;849;2100;11;4378.0;17.3;21.4;0;0;0;0;0;0;
2026.08.28;12:46:26.6;0.03;0.03;43;58;83;89;53;210;210;252;28;1.68;1.68;1.68;1.68;39;0;0;0;0;14.1;93;29;4.9;0;-;16;38;849;2122;13;2927.0;17.3;21.4;0;0;0;0;0;0;
2026.08.28;12:46:27.1;0.09;0.09;122;58;0;0;65;210;252;231;28;2.41;2.41;2.41;2.41;39;0;0;0;0;14.1;93;29;4.9;0;-;16;38;849;2122;18;2927.0;18.4;18.2;0;0;0;0;0;0;
2026.08.28;12:46:27.5;0.09;0.09;122;58;0;0;65;210;252;252;28;2.41;2.41;2.41;2.41;21;0;0;0;0;14.1;93;30;4.9;0;-;16;38;849;2166;18;5000.0;19.9;20.8;0;0;0;0;0;0;
2026.08.28;12:46:28.0;0.06;0.06;102;566;82;90;67;210;252;252;28;2.32;2.32;2.32;2.32;21;0;0;0;0;14.1;93;30;4.9;0;-;16;38;849;2348;20;4048.0;19.9;20.8;0;0;0;0;0;0;
2026.08.28;12:46:28.4;0.06;0.06;102;566;82;90;67;210;252;273;28;2.32;2.32;2.32;2.32;20;0;0;0;0;14.1;93;30;4.9;0;-;16;38;849;2348;23;4048.0;22.0;24.0;0;0;0;0;0;0;
2026.08.28;12:46:28.9;0.01;0.01;493;727;79;89;71;210;252;273;28;2.26;2.26;2.26;2.26;22;0;0;0;0;14.1;93;30;4.9;0;-;16;38;849;2477;23;3595.0;22.0;24.0;0;0;0;0;0;0;
2026.08.28;12:46:29.3;0.05;0.05;73;87;76;89;67;210;252;252;28;2.14;2.14;2.14;2.14;22;0;0;0;0;14.1;93;30;4.9;0;-;16;38;849;2477;23;3595.0;21.7;23.7;0;0;0;0;0;0;
2026.08.28;12:46:29.8;0.05;0.05;73;87;76;89;67;210;252;252;28;2.14;2.14;2.14;2.14;27;0;0;0;0;14.1;93;30;4.9;0;-;16;38;849;2525;23;3524.0;22.6;24.2;0;0;0;0;0;0;
2026.08.28;12:46:30.2;0.04;0.04;78;629;75;89;70;210;252;252;28;2.20;2.20;2.20;2.20;34;0;0;0;0;14.1;93;30;4.9;0;-;16;38;849;2627;24;5000.0;22.6;24.2;0;0;0;0;0;0;
2026.08.28;12:46:30.7;0.03;0.03;664;688;73;90;74;210;273;273;28;2.32;2.32;2.32;2.32;34;0;0;0;0;14.1;93;30;4.9;0;-;16;38;849;2627;27;5000.0;25.4;26.9;0;0;0;0;0;0;
2026.08.28;12:46:31.1;0.03;0.03;664;688;73;90;74;210;273;273;28;2.32;2.32;2.32;2.32;27;0;0;0;0;14.1;93;30;4.9;0;-;16;38;849;2830;27;5000.0;27.5;28.9;0;0;0;0;0;0;
2026.08.28;12:46:31.6;0.03;0.03;756;688;71;89;78;210;273;273;28;2.37;2.37;2.37;2.37;27;0;0;0;0;14.1;93;30;4.9;0;-;16;38;849;3028;29;5000.0;27.5;28.9;0;0;0;0;0;0;
2026.08.28;12:46:32.1;0.06;0.06;175;92;68;89;88;210;294;273;28;2.55;2.55;2.55;2.55;31;0;0;0;0;14.1;93;30;4.9;0;-;16;38;849;3028;31;5000.0;31.8;32.2;0;0;0;0;0;0;
2026.08.28;12:46:32.5;0.06;0.06;175;92;68;89;88;210;294;294;28;2.55;2.55;2.55;2.55;32;0;0;0;0;14.1;93;30;4.9;0;-;16;38;849;3291;31;5000.0;36.4;37.5;0;0;0;0;0;0;
2026.08.28;12:46:33.0;0.01;0.01;727;722;64;89;99;210;294;294;28;2.61;2.61;2.61;2.61;32;0;0;0;0;14.1;93;30;4.9;0;-;16;38;849;3605;33;5000.0;36.4;37.5;0;0;0;0;0;0;
2026.08.28;12:46:33.4;0.01;0.01;727;722;64;89;99;210;294;294;28;2.61;2.61;2.61;2.61;30;0;0;0;0;14.1;93;30;4.9;0;-;16;38;849;3605;37;5000.0;44.8;46.2;0;0;0;0;0;0;
2026.08.28;12:46:33.9;0.03;0.03;87;78;58;88;99;210;294;294;28;3.21;3.21;3.21;3.21;21;0;0;0;0;14.1;93;30;4.9;0;-;16;38;849;4054;37;5000.0;44.8;46.2;0;0;0;0;0;0;
2026.08.28;12:46:34.3;0.02;0.02;810;732;51;89;99;210;294;294;28;3.17;3.17;3.17;3.17;21;0;0;0;0;14.1;93;30;4.9;0;-;16;38;849;4559;40;5000.0;55.6;57.5;0;0;0;0;0;0;
2026.08.28;12:46:34.8;0.02;0.02;810;732;51;89;99;210;273;273;28;3.17;3.17;3.17;3.17;23;0;0;0;0;14.1;93;30;4.9;0;-;16;38;849;4559;42;5000.0;58.0;60.4;0;0;0;0;0;0;
2026.08.28;12:46:35.2;0.12;0.12;751;610;41;88;99;210;273;273;28;3.29;3.29;3.29;3.29;25;0;0;0;0;14.2;93;30;4.9;0;-;16;38;849;4965;42;5000.0;58.0;60.4;0;0;0;0;0;0;
2026.08.28;12:46:35.7;0.08;0.08;776;751;29;88;99;210;252;252;28;2.90;2.90;2.90;2.90;25;0;0;0;0;14.2;93;30;4.9;0;-;16;38;849;4577;32;5000.0;57.2;60.7;0;1;0;0;0;0;
2026.08.28;12:46:36.1;0.08;0.08;776;751;29;88;99;210;231;252;28;2.90;2.90;2.90;2.90;-12;0;0;0;0;14.2;93;30;4.9;0;-;16;38;849;4577;4;5000.0;40.7;45.8;0;0;0;0;0;0;
2026.08.28;12:46:36.6;0.00;0.00;664;112;16;87;68;210;231;252;28;0.00;0.00;0.00;0.00;6;0;0;0;0;14.2;93;30;4.9;0;-;16;38;849;3406;4;5000.0;40.7;45.8;0;0;0;0;0;0;
2026.08.28;12:46:37.0;0.00;0.00;0;0;16;86;0;210;210;231;28;0.00;0.00;0.00;0.00;6;0;0;0;0;14.2;93;30;4.9;0;-;16;38;849;3406;0;5000.0;21.5;23.7;0;0;0;0;0;0;
2026.08.28;12:46:37.5;0.00;0.00;0;0;16;86;0;210;210;231;28;0.00;0.00;0.00;0.00;0;0;0;0;0;14.2;93;30;4.9;0;-;16;38;849;2215;0;3211.0;13.7;15.1;0;0;0;0;0;0;
2026.08.28;12:46:37.9;0.00;0.00;0;0;26;87;0;210;210;231;28;2.61;2.61;2.61;2.61;3;0;0;0;0;14.2;93;30;4.9;0;-;16;38;849;1411;0;2624.0;13.7;15.1;0;0;0;0;0;0;
2026.08.28;12:46:38.4;0.00;0.00;825;83;31;85;0;210;210;210;28;1.92;1.92;1.92;1.92;3;0;0;0;0;14.2;93;30;4.9;0;-;16;38;849;1411;0;2624.0;9.0;9.3;0;0;0;0;0;0;
2026.08.28;12:46:38.8;0.00;0.00;825;83;31;85;0;210;210;210;28;1.92;1.92;1.92;1.92;5;0;0;0;0;14.2;93;30;4.9;0;-;16;38;849;1055;0;2101.0;7.1;6.9;0;0;0;0;0;0;
2026.08.28;12:46:39.3;-0.00;-0.00;844;834;34;85;0;210;210;210;28;1.70;1.70;1.70;1.70;5;0;0;0;0;14.1;93;30;5.0;0;-;16;38;849;854;0;1782.0;7.1;6.9;0;0;0;0;0;0;
2026.08.28;12:46:39.7;-0.01;-0.01;825;815;37;85;0;210;399;294;28;2.96;2.96;2.96;2.96;22;0;0;0;0;14.1;93;30;5.0;0;-;16;38;849;854;0;1782.0;11.0;8.6;0;0;0;0;0;0;
2026.08.28;12:46:40.2;-0.01;-0.01;825;815;37;85;0;210;336;336;28;2.96;2.96;2.96;2.96;-5;0;0;0;0;14.1;93;30;5.0;0;-;16;38;849;798;0;1267.0;9.4;9.3;0;0;0;0;0;0;
2026.08.28;12:46:40.6;-0.02;-0.02;839;839;40;84;0;210;336;336;28;2.81;2.81;2.81;2.81;-5;0;0;0;0;14.1;93;30;5.0;0;-;16;38;849;780;0;1509.0;9.4;9.3;0;0;0;0;0;0;
2026.08.28;12:46:41.1;-0.02;-0.02;839;839;40;84;0;210;336;336;28;2.81;2.81;2.81;2.81;-3;0;0;0;0;14.1;93;30;5.0;0;-;16;38;849;780;0;1509.0;9.0;9.0;0;0;0;0;0;0;
2026.08.28;12:46:41.5;-0.06;-0.06;834;834;41;84;0;205;336;336;28;2.58;2.58;2.58;2.58;1;0;0;0;0;14.1;93;30;5.0;0;-;16;38;849;761;0;1556.0;9.0;9.0;0;0;0;0;0;0;
2026.08.28;12:46:42.0;-0.09;-0.09;712;795;43;84;0;205;336;336;28;2.52;2.52;2.52;2.52;1;0;0;0;0;14.1;93;30;5.0;0;-;16;38;849;761;0;1556.0;8.8;8.7;0;0;0;0;0;0;
2026.08.28;12:46:42.4;-0.09;-0.09;712;795;43;84;0;205;357;336;28;2.52;2.52;2.52;2.52;1;0;0;0;0;14.1;93;30;5.0;0;-;16;38;849;757;0;1460.0;9.2;8.8;0;0;0;0;0;0;
2026.08.28;12:46:42.9;-0.05;-0.05;73;58;46;84;0;205;357;336;28;2.69;2.69;2.69;2.69;1;0;0;0;0;14.1;93;30;5.0;0;-;16;38;849;752;0;1404.0;9.2;8.8;0;0;0;0;0;0;
2026.08.28;12:46:43.3;-0.05;-0.05;73;58;46;84;0;205;336;336;28;2.69;2.69;2.69;2.69;-2;0;0;0;0;14.1;93;30;5.0;0;-;16;38;849;752;0;1404.0;9.0;9.0;0;0;0;0;0;0;
2026.08.28;12:46:43.8;-0.06;-0.06;791;693;47;84;0;205;336;336;28;2.65;2.65;2.65;2.65;-3;0;0;0;0;14.1;93;30;5.0;0;-;16;38;849;744;0;1898.0;9.0;9.0;0;0;0;0;0;0;
2026.08.28;12:46:44.2;-0.07;-0.07;717;737;48;83;0;205;357;336;28;2.64;2.64;2.64;2.64;-3;0;0;0;0;14.1;93;30;5.0;0;-;16;38;849;747;0;1802.0;9.2;8.8;0;0;0;0;0;0;
2026.08.28;12:46:44.7;-0.07;-0.07;717;737;48;83;0;205;357;336;28;2.64;2.64;2.64;2.64;1;0;0;0;0;14.1;93;30;5.0;0;-;16;38;849;747;0;1802.0;9.1;8.9;0;0;0;0;0;0;
2026.08.28;12:46:45.1;-0.06;-0.06;136;371;50;83;0;205;336;336;28;2.68;2.68;2.68;2.68;-2;0;0;0;0;14.1;93;30;5.0;0;-;16;38;849;753;0;1427.0;9.0;8.9;0;0;0;0;0;0;
2026.08.28;12:46:45.6;-0.07;-0.07;737;161;52;84;0;205;336;336;28;2.63;2.63;2.63;2.63;-2;0;0;0;0;14.0;93;30;5.0;0;-;16;38;849;752;0;1276.0;9.0;8.9;0;0;0;0;0;0;
2026.08.28;12:46:46.0;-0.07;-0.07;737;161;52;84;0;205;357;336;28;2.63;2.63;2.63;2.63;-2;0;0;0;0;14.0;93;30;5.0;0;-;16;38;849;752;0;1276.0;9.1;8.8;0;0;0;0;0;0;
2026.08.28;12:46:46.5;-0.08;-0.08;737;732;53;83;0;205;357;336;28;2.62;2.62;2.62;2.62;-3;0;0;0;0;14.0;93;30;5.0;0;-;16;38;849;744;0;1775.0;9.1;8.8;0;0;0;0;0;0;
2026.08.28;12:46:46.9;-0.06;-0.06;87;87;55;83;0;205;357;336;28;2.68;2.68;2.68;2.68;-3;0;0;0;0;14.0;93;30;5.0;0;-;16;38;849;755;0;1441.0;9.0;8.9;0;0;0;0;0;0;
2026.08.28;12:46:47.4;-0.06;-0.06;87;87;55;83;0;205;336;336;28;2.68;2.68;2.68;2.68;-2;0;0;0;0;14.0;93;30;5.0;0;-;16;38;849;755;0;1441.0;9.0;8.9;0;0;0;0;0;0;
2026.08.28;12:46:47.8;-0.07;-0.07;766;498;55;82;0;205;336;336;28;2.62;2.62;2.62;2.62;-2;0;0;0;0;14.1;93;30;5.0;0;-;16;38;849;750;0;1800.0;9.0;8.9;0;0;0;0;0;0;
2026.08.28;12:46:48.3;-0.08;-0.08;664;727;57;83;0;205;357;336;28;2.63;2.63;2.63;2.63;-2;0;0;0;0;14.1;93;30;5.0;0;-;16;38;849;750;0;1800.0;9.2;8.9;0;0;0;0;0;0;
2026.08.28;12:46:48.7;-0.08;-0.08;664;727;57;83;0;205;336;336;28;2.63;2.63;2.63;2.63;-3;0;0;0;0;14.1;93;30;5.0;0;-;16;38;849;758;0;1809.0;9.0;9.0;0;0;0;0;0;0;
2026.08.28;12:46:49.2;-0.06;-0.06;117;83;59;83;0;205;336;336;28;2.67;2.67;2.67;2.67;0;0;0;0;0;14.1;93;30;5.0;0;-;16;38;849;751;0;1965.0;9.0;9.0;0;0;0;0;0;0;
2026.08.28;12:46:49.6;-0.08;-0.08;761;717;60;83;0;205;357;336;28;2.62;2.62;2.62;2.62;0;0;0;0;0;14.1;93;30;5.0;0;-;16;38;849;751;0;1965.0;9.0;8.8;0;0;0;0;0;0;
2026.08.28;12:46:50.1;-0.08;-0.08;761;717;60;83;0;205;357;336;28;2.62;2.62;2.62;2.62;-1;0;0;0;0;14.2;93;30;5.0;0;-;16;38;849;741;0;1319.0;9.2;8.8;0;0;0;0;0;0;
2026.08.28;12:46:50.5;-0.06;-0.06;87;83;61;82;0;205;357;336;28;2.68;2.68;2.68;2.68;-1;0;0;0;0;14.2;93;30;5.0;0;-;16;38;849;754;0;1725.0;9.2;8.8;0;0;0;0;0;0;
2026.08.28;12:46:51.0;-0.07;-0.07;722;332;63;83;0;205;357;336;28;2.64;2.64;2.64;2.64;-1;0;0;0;0;14.2;93;30;5.0;0;-;16;38;849;754;0;1725.0;9.2;9.0;0;0;0;0;0;0;
2026.08.28;12:46:51.4;-0.07;-0.07;722;332;63;83;0;205;357;336;28;2.64;2.64;2.64;2.64;1;0;0;0;0;14.2;93;30;5.0;0;-;16;38;849;749;0;1846.0;9.1;8.9;0;0;0;0;0;0;
2026.08.28;12:46:51.9;-0.06;-0.06;83;146;64;83;0;205;357;336;28;2.67;2.67;2.67;2.67;1;0;0;0;0;14.1;94;37;5.0;0;-;16;38;849;755;0;1386.0;9.1;8.9;0;0;0;0;0;0;
2026.08.28;12:46:52.3;-0.05;-0.05;380;97;64;82;0;205;336;336;28;2.67;2.67;2.67;2.67;1;0;0;0;0;14.1;94;37;5.0;0;-;16;38;849;755;0;1386.0;9.0;8.9;0;0;0;0;0;0;
2026.08.28;12:46:52.8;-0.05;-0.05;380;97;64;82;0;205;336;336;28;2.67;2.67;2.67;2.67;-2;0;0;0;0;14.1;94;37;5.0;0;-;16;38;849;751;0;1256.0;9.0;8.8;0;0;0;0;0;0;
2026.08.28;12:46:53.2;-0.07;-0.07;625;693;66;84;0;205;336;336;28;2.61;2.61;2.61;2.61;-3;0;0;0;0;14.1;94;37;5.0;0;-;16;38;849;756;0;1309.0;9.0;8.8;0;0;0;0;0;0;
2026.08.28;12:46:53.7;-0.07;-0.07;625;693;66;84;0;205;357;336;28;2.61;2.61;2.61;2.61;-3;0;0;0;0;14.1;94;37;5.0;0;-;16;38;849;756;0;1309.0;9.2;8.7;0;0;0;0;0;0;
2026.08.28;12:46:54.1;-0.05;-0.05;83;73;68;84;0;205;336;336;28;2.69;2.69;2.69;2.69;0;0;0;0;0;14.1;94;37;5.0;0;-;16;38;849;763;0;1161.0;9.0;8.9;0;0;0;0;0;0;
2026.08.28;12:46:54.6;-0.06;-0.06;751;419;68;83;0;205;336;336;28;2.63;2.63;2.63;2.63;0;0;0;0;0;14.1;94;37;5.0;0;-;16;38;849;749;0;1539.0;9.0;8.9;0;0;0;0;0;0;
2026.08.28;12:46:55.0;-0.06;-0.06;751;419;68;83;0;205;336;336;28;2.63;2.63;2.63;2.63;-2;0;0;0;0;14.1;94;37;5.0;0;-;16;38;849;749;0;1539.0;8.9;8.8;0;0;0;0;0;0;
2026.08.28;12:46:55.5;-0.07;-0.07;527;722;69;82;0;205;357;336;28;2.63;2.63;2.63;2.63;-2;0;0;0;0;14.1;94;37;5.0;0;-;16;38;849;746;0;2138.0;9.1;8.8;0;0;0;0;0;0;
2026.08.28;12:46:55.9;-0.05;-0.05;214;92;69;82;0;205;357;336;28;2.68;2.68;2.68;2.68;-2;0;0;0;0;14.1;94;37;5.0;0;-;16;38;849;753;0;1298.0;9.1;8.8;0;0;0;0;0;0;
2026.08.28;12:46:56.4;-0.05;-0.05;214;92;69;82;0;205;357;336;28;2.68;2.68;2.68;2.68;-1;0;0;0;0;14.1;94;37;5.0;0;-;16;38;849;753;0;1298.0;9.0;8.8;0;0;0;0;0;0;
2026.08.28;12:46:56.8;-0.07;-0.07;683;717;70;82;0;205;357;336;28;2.63;2.63;2.63;2.63;2;0;0;0;0;14.1;94;37;5.0;0;-;16;38;849;750;0;1241.0;9.1;8.8;0;0;0;0;0;0;
2026.08.28;12:46:57.3;-0.05;-0.05;97;78;0;0;0;205;357;336;28;2.68;2.68;2.68;2.68;2;0;0;0;0;14.1;94;37;5.0;0;-;16;38;849;758;0;1069.0;9.1;8.8;0;0;0;0;0;0;
2026.08.28;12:46:57.7;-0.05;-0.05;97;78;0;0;0;205;357;336;28;2.68;2.68;2.68;2.68;-4;0;0;0;0;14.1;94;37;5.0;0;-;16;38;849;758;0;1069.0;9.1;9.0;0;0;0;0;0;0;
2026.08.28;12:46:58.2;-0.04;-0.04;307;239;70;82;0;205;357;336;28;2.67;2.67;2.67;2.67;2;0;0;0;0;14.1;94;37;5.0;0;-;16;38;849;752;0;1339.0;9.1;9.0;0;0;0;0;0;0;
2026.08.28;12:46:58.6;-0.07;-0.07;688;732;72;83;0;205;357;336;28;2.63;2.63;2.63;2.63;2;0;0;0;0;14.1;94;37;5.0;0;-;16;38;849;750;0;1199.0;9.1;8.8;0;0;0;0;0;0;
2026.08.28;12:46:59.1;-0.07;-0.07;688;732;72;83;0;205;357;336;28;2.63;2.63;2.63;2.63;-2;0;0;0;0;14.1;94;37;5.0;0;-;16;38;849;750;0;1199.0;9.1;8.8;0;0;0;0;0;0;
2026.08.28;12:46:59.6;-0.04;-0.04;97;78;72;83;3;205;357;336;28;2.68;2.68;2.68;2.68;-2;0;0;0;0;14.1;94;37;5.0;0;-;16;38;849;746;0;1327.0;9.1;8.8;0;0;0;0;0;0;
2026.08.28;12:47:00.0;-0.06;-0.06;766;703;72;82;5;205;336;336;28;2.61;2.61;2.61;2.61;-2;0;0;0;0;14.1;94;37;5.0;0;-;16;38;849;746;0;1327.0;8.7;8.8;0;0;0;0;0;0;
2026.08.28;12:47:00.5;-0.06;-0.06;766;703;72;82;5;205;357;336;28;2.61;2.61;2.61;2.61;-2;0;0;0;0;14.0;94;37;5.0;0;-;16;38;849;750;0;1321.0;9.1;9.0;0;0;0;0;0;0;
2026.08.28;12:47:00.9;-0.05;-0.05;97;175;73;83;7;205;357;336;28;2.70;2.70;2.70;2.70;-2;0;0;0;0;14.0;94;37;5.0;0;-;16;38;849;748;0;1908.0;9.1;9.0;0;0;0;0;0;0;
2026.08.28;12:47:01.4;-0.06;-0.06;747;341;73;82;8;205;336;336;28;2.64;2.64;2.64;2.64;-4;0;0;0;0;14.0;94;37;5.0;0;-;16;38;849;748;0;1908.0;8.9;8.8;0;0;0;0;0;0;
2026.08.28;12:47:01.8;-0.06;-0.06;747;341;73;82;8;205;336;336;28;2.64;2.64;2.64;2.64;-5;0;0;0;0;14.0;94;37;5.0;0;-;16;38;849;757;0;1020.0;8.9;8.8;0;0;0;0;0;0;
2026.08.28;12:47:02.3;-0.07;-0.07;400;678;74;83;9;205;336;336;28;2.63;2.63;2.63;2.63;-5;0;0;0;0;14.0;95;37;5.0;0;-;16;38;849;744;0;1720.0;8.9;8.8;0;0;0;0;0;0;
2026.08.28;12:47:02.7;-0.07;-0.07;400;678;74;83;9;205;357;336;28;2.63;2.63;2.63;2.63;0;0;0;0;0;14.0;95;37;5.0;0;-;16;38;849;744;0;1720.0;9.0;9.0;0;0;0;0;0;0;
2026.08.28;12:47:03.2;-0.05;-0.05;585;112;73;82;10;205;357;336;28;2.70;2.70;2.70;2.70;-2;0;0;0;0;14.0;95;37;5.0;0;-;16;38;849;751;0;1153.0;9.0;9.0;0;0;0;0;0;0;
2026.08.28;12:47:03.6;-0.07;-0.07;688;732;74;82;10;205;357;357;28;2.65;2.65;2.65;2.65;-2;0;0;0;0;14.0;95;37;5.0;0;-;16;38;849;751;0;1153.0;9.0;9.0;0;0;0;0;0;0;
2026.08.28;12:47:04.1;-0.07;-0.07;688;732;74;82;10;205;357;357;28;2.65;2.65;2.65;2.65;1;0;0;0;0;14.0;95;37;5.0;0;-;16;38;849;745;0;1277.0;9.0;9.0;0;0;0;0;0;0;
2026.08.28;12:47:04.5;-0.06;-0.06;332;546;75;83;11;205;357;357;28;2.69;2.69;2.69;2.69;-1;0;0;0;0;14.1;95;37;5.0;0;-;16;38;849;745;0;1331.0;9.0;9.0;0;0;0;0;0;0;
2026.08.28;12:47:05.0;-0.05;-0.05;141;83;75;82;12;205;357;357;28;2.68;2.68;2.68;2.68;-1;0;0;0;0;14.1;95;37;5.0;0;-;16;38;849;745;0;1331.0;9.0;9.0;0;0;0;0;0;0;
2026.08.28;12:47:05.4;-0.05;-0.05;141;83;75;82;12;205;357;357;28;2.68;2.68;2.68;2.68;-3;0;0;0;0;14.1;95;37;5.0;0;-;16;38;849;754;0;1171.0;8.9;9.0;0;0;0;0;0;0;
2026.08.28;12:47:05.9;-0.07;-0.07;703;683;75;83;12;205;357;357;28;2.64;2.64;2.64;2.64;-3;0;0;0;0;14.1;95;37;5.0;0;-;16;38;849;747;0;1260.0;8.9;9.0;0;0;0;0;0;0;
2026.08.28;12:47:06.3;-0.07;-0.07;703;683;75;83;12;205;357;357;28;2.64;2.64;2.64;2.64;-1;0;0;0;0;14.1;95;37;5.0;0;-;16;38;849;747;0;1260.0;9.0;9.0;0;0;0;0;0;0;
2026.08.28;12:47:06.8;-0.05;-0.05;92;92;76;82;13;205;357;357;28;2.68;2.68;2.68;2.68;-2;0;0;0;0;14.1;95;37;5.0;0;-;16;38;849;751;0;1058.0;8.9;9.0;0;0;0;0;0;0;
2026.08.28;12:47:07.2;-0.06;-0.06;722;537;0;0;14;205;357;357;28;2.63;2.63;2.63;2.63;-2;0;0;0;0;14.1;95;37;5.0;0;-;16;38;849;753;0;1935.0;8.9;9.0;0;0;0;0;0;0;
2026.08.28;12:47:07.7;-0.06;-0.06;722;537;0;0;14;205;357;357;28;2.63;2.63;2.63;2.63;-2;0;0;0;0;14.1;95;37;5.0;0;-;16;38;849;753;0;1935.0;9.1;9.1;0;0;0;0;0;0;
2026.08.28;12:47:08.1;-0.05;-0.05;161;190;76;82;15;205;357;357;28;2.67;2.67;2.67;2.67;-3;0;0;0;0;14.1;95;37;5.0;0;-;16;38;849;753;0;1287.0;9.1;9.1;0;0;0;0;0;0;
2026.08.28;12:47:08.6;-0.07;-0.07;751;649;77;83;15;205;357;357;28;2.62;2.62;2.62;2.62;-3;0;0;0;0;14.1;95;37;5.0;0;-;16;38;849;744;0;1065.0;9.0;9.1;0;0;0;0;0;0;
2026.08.28;12:47:09.0;-0.07;-0.07;751;649;77;83;15;205;357;357;28;2.62;2.62;2.62;2.62;-4;0;0;0;0;14.1;95;37;5.0;0;-;16;38;849;744;0;1065.0;9.3;9.1;0;0;0;0;0;0;
2026.08.28;12:47:09.5;-0.05;-0.05;92;209;76;82;16;206;357;357;28;2.67;2.67;2.67;2.67;-1;0;0;0;0;14.1;95;37;5.0;0;-;16;38;849;755;0;2005.0;9.3;9.1;0;0;0;0;0;0;
2026.08.28;12:47:09.9;-0.05;-0.05;117;97;77;82;17;206;357;357;28;2.64;2.64;2.64;2.64;-1;0;0;0;0;14.1;95;37;5.0;0;-;16;38;849;755;0;2005.0;9.0;9.1;0;0;0;0;0;0;
2026.08.28;12:47:10.4;-0.05;-0.05;117;97;77;82;17;206;357;357;28;2.64;2.64;2.64;2.64;-4;0;0;0;0;14.1;95;37;5.0;0;-;16;38;849;755;0;1306.0;9.0;9.2;0;0;0;0;0;0;
2026.08.28;12:47:10.8;-0.06;-0.06;678;693;78;83;17;206;357;357;28;2.58;2.58;2.58;2.58;-3;0;0;0;0;14.1;95;37;5.0;0;-;16;38;849;747;0;1487.0;9.0;9.2;0;0;0;0;0;0;
2026.08.28;12:47:11.3;-0.04;-0.04;83;68;77;82;18;206;357;357;28;2.64;2.64;2.64;2.64;-3;0;0;0;0;14.1;95;37;5.0;0;-;16;38;849;747;0;1487.0;9.1;9.1;0;0;0;0;0;0;
2026.08.28;12:47:11.7;-0.04;-0.04;83;68;77;82;18;206;357;357;28;2.64;2.64;2.64;2.64;-3;0;0;0;0;14.1;95;37;5.0;0;-;16;38;849;753;0;1670.0;9.1;9.1;0;0;0;0;0;0;
2026.08.28;12:47:12.2;-0.04;-0.04;107;92;79;84;18;206;357;357;28;2.64;2.64;2.64;2.64;-5;0;0;0;0;14.1;95;37;5.0;0;-;16;38;849;755;0;1812.0;9.1;9.1;0;0;0;0;0;0;
2026.08.28;12:47:12.6;-0.03;-0.03;390;131;78;83;19;206;357;357;28;2.63;2.63;2.63;2.63;-5;0;0;0;0;14.1;95;37;5.0;0;-;16;38;849;755;0;1812.0;9.0;9.2;0;0;0;0;0;0;
2026.08.28;12:47:13.1;-0.03;-0.03;390;131;78;83;19;206;357;357;28;2.63;2.63;2.63;2.63;1;0;0;0;0;14.1;95;37;5.0;0;-;16;38;849;753;0;1313.0;9.1;9.1;0;0;0;0;0;0;
2026.08.28;12:47:13.5;-0.03;-0.03;107;551;78;82;19;206;357;357;28;2.59;2.59;2.59;2.59;0;0;0;0;0;14.1;95;37;5.0;0;-;16;38;849;748;0;1401.0;9.1;9.1;0;0;0;0;0;0;
2026.08.28;12:47:14.0;-0.03;-0.03;83;68;79;83;19;206;357;357;28;2.61;2.61;2.61;2.61;0;0;0;0;0;14.1;95;37;5.0;0;-;16;38;849;748;0;1401.0;9.1;9.2;0;0;0;0;0;0;
2026.08.28;12:47:14.4;-0.03;-0.03;83;68;79;83;19;206;357;357;28;2.61;2.61;2.61;2.61;-4;0;0;0;0;14.1;95;37;5.0;0;-;16;38;849;749;0;1588.0;8.9;9.1;0;0;0;0;0;0;
2026.08.28;12:47:14.9;-0.02;-0.02;92;83;79;83;20;206;357;357;28;2.60;2.60;2.60;2.60;-4;0;0;0;0;14.0;95;37;5.0;0;-;16;38;849;753;0;1124.0;8.9;9.1;0;0;0;0;0;0;
2026.08.28;12:47:15.3;-0.01;-0.01;92;83;80;83;20;206;357;357;28;2.60;2.60;2.60;2.60;-4;0;0;0;0;14.0;95;37;5.0;0;-;16;38;849;753;0;1124.0;8.8;9.1;0;0;0;0;0;0;
2026.08.28;12:47:15.8;-0.01;-0.01;92;83;80;83;20;206;357;357;28;2.60;2.60;2.60;2.60;-4;0;0;0;0;14.0;95;37;5.0;0;-;16;38;849;750;0;1288.0;9.0;9.0;0;0;0;0;0;0;
2026.08.28;12:47:16.2;-0.01;-0.01;97;83;80;82;21;206;357;357;28;2.61;2.61;2.61;2.61;-4;0;0;0;0;14.0;95;37;5.0;0;-;16;38;849;751;0;1383.0;9.0;9.0;0;0;0;0;0;0;
2026.08.28;12:47:16.7;-0.00;-0.00;83;78;80;83;21;206;357;357;28;2.61;2.61;2.61;2.61;-4;0;0;0;0;14.0;95;37;5.0;0;-;16;38;849;751;0;1383.0;9.1;9.2;0;0;0;0;0;0;
2026.08.28;12:47:17.1;-0.00;-0.00;83;78;80;83;21;206;357;357;28;2.61;2.61;2.61;2.61;-2;0;0;0;0;14.1;95;37;5.0;0;-;16;38;849;743;0;1883.0;9.0;9.1;0;0;0;0;0;0;
2026.08.28;12:47:17.6;0.01;0.01;78;73;80;83;21;206;357;357;28;2.60;2.60;2.60;2.60;0;0;0;0;0;14.1;95;37;5.0;0;-;16;38;849;748;0;1878.0;9.0;9.1;0;0;0;0;0;0;
2026.08.28;12:47:18.0;0.01;0.01;73;68;80;83;22;206;357;357;28;2.61;2.61;2.61;2.61;0;0;0;0;0;14.1;95;37;5.0;0;-;16;38;849;748;0;1878.0;9.0;9.1;0;0;0;0;0;0;
2026.08.28;12:47:18.5;0.01;0.01;73;68;80;83;22;206;357;357;28;2.61;2.61;2.61;2.61;-2;0;0;0;0;14.1;95;37;5.0;0;-;16;38;849;747;0;1355.0;9.1;9.2;0;0;0;0;0;0;
2026.08.28;12:47:18.9;0.03;0.03;73;68;80;83;22;206;357;357;28;2.63;2.63;2.63;2.63;-3;0;0;0;0;14.1;95;37;5.0;0;-;16;38;849;754;0;1253.0;9.1;9.2;0;0;0;0;0;0;
2026.08.28;12:47:19.4;0.06;0.06;97;73;80;83;23;206;357;357;28;2.68;2.68;2.68;2.68;-3;0;0;0;0;14.1;95;37;5.0;0;-;16;38;849;754;0;1253.0;9.0;9.2;0;0;0;0;0;0;
2026.08.28;12:47:19.8;0.06;0.06;97;73;80;83;23;206;336;357;28;2.68;2.68;2.68;2.68;-5;0;0;0;0;14.1;95;44;5.0;0;-;16;38;849;762;0;1269.0;8.7;8.9;0;0;0;0;0;0;
2026.08.28;12:47:20.3;0.03;0.03;742;473;81;83;22;206;336;357;28;2.53;2.53;2.53;2.53;-2;0;0;0;0;14.1;95;44;5.0;0;-;16;38;849;751;0;1592.0;8.7;8.9;0;0;0;0;0;0;
2026.08.28;12:47:20.7;0.02;0.02;571;727;81;83;23;206;357;336;28;2.56;2.56;2.56;2.56;-2;0;0;0;0;14.1;95;44;5.0;0;-;16;38;849;751;0;1592.0;8.8;8.8;0;0;0;0;0;0;
2026.08.28;12:47:21.2;0.02;0.02;571;727;81;83;23;206;357;357;28;2.56;2.56;2.56;2.56;-5;0;0;0;0;14.1;95;44;5.0;0;-;16;38;849;747;0;1373.0;8.8;9.1;0;0;0;0;0;0;
2026.08.28;12:47:21.6;0.05;0.05;102;78;82;84;24;206;357;357;28;2.65;2.65;2.65;2.65;-5;0;0;0;0;14.1;95;44;5.0;0;-;16;38;849;755;0;1338.0;8.8;9.1;0;0;0;0;0;0;
2026.08.28;12:47:22.1;0.05;0.05;102;78;82;84;24;206;336;357;28;2.65;2.65;2.65;2.65;-2;0;0;0;0;14.1;95;44;5.0;0;-;16;38;849;755;0;1338.0;8.7;9.0;0;0;0;0;0;0;
2026.08.28;12:47:22.5;0.03;0.03;717;683;82;84;24;206;336;357;28;2.55;2.55;2.55;2.55;-3;0;0;0;0;14.1;95;44;5.0;0;-;16;38;849;753;0;1407.0;8.7;9.0;0;0;0;0;0;0;
2026.08.28;12:47:23.0;0.05;0.05;97;263;81;83;24;206;357;357;28;2.60;2.60;2.60;2.60;-3;0;0;0;0;14.1;95;44;5.0;0;-;16;38;849;757;0;1512.0;8.7;8.9;0;0;0;0;0;0;
2026.08.28;12:47:23.4;0.05;0.05;97;263;81;83;24;206;336;357;28;2.60;2.60;2.60;2.60;-3;0;0;0;0;14.1;95;44;5.0;0;-;16;38;849;757;0;1512.0;8.6;8.9;0;0;0;0;0;0;
2026.08.28;12:47:23.9;0.05;0.05;415;107;82;84;25;206;336;357;28;2.58;2.58;2.58;2.58;0;0;0;0;0;14.1;95;44;5.0;0;-;16;38;849;746;0;1789.0;8.6;8.9;0;0;0;0;0;0;
2026.08.28;12:47:24.3;0.03;0.03;668;708;82;84;25;206;336;357;28;2.54;2.54;2.54;2.54;0;0;0;0;0;14.1;95;44;5.0;0;-;16;38;849;748;0;1497.0;8.6;8.8;0;0;0;0;0;0;
2026.08.28;12:47:24.8;0.03;0.03;668;708;82;84;25;206;336;357;28;2.54;2.54;2.54;2.54;-2;0;0;0;0;14.1;95;44;5.0;0;-;16;38;849;748;0;1497.0;8.6;8.8;0;0;0;0;0;0;
2026.08.28;12:47:25.2;0.04;0.04;473;341;81;83;26;206;336;357;28;2.60;2.60;2.60;2.60;-4;0;0;0;0;14.1;95;44;5.0;0;-;16;38;849;754;0;1326.0;8.6;8.8;0;0;0;0;0;0;
2026.08.28;12:47:25.7;0.05;0.05;146;97;81;83;28;206;357;357;28;2.64;2.64;2.64;2.64;-4;0;0;0;0;14.1;95;44;5.0;0;-;16;38;849;754;0;1326.0;9.0;9.0;0;0;0;0;0;0;
2026.08.28;12:47:26.1;0.05;0.05;146;97;81;83;28;206;357;357;28;2.64;2.64;2.64;2.64;-3;0;0;0;0;14.1;95;44;5.0;0;-;16;38;849;750;0;1214.0;8.7;8.8;0;0;0;0;0;0;
2026.08.28;12:47:26.6;0.03;0.03;742;737;83;84;25;206;357;357;28;2.59;2.59;2.59;2.59;-2;0;0;0;0;14.1;95;44;5.0;0;-;16;38;849;749;0;1229.0;8.7;8.8;0;0;0;0;0;0;
2026.08.28;12:47:27.0;0.02;0.02;683;727;83;84;25;206;357;357;28;2.63;2.63;2.63;2.63;-2;0;0;0;0;14.1;95;44;5.0;0;-;16;38;849;749;0;1229.0;8.7;9.0;0;0;0;0;0;0;
2026.08.28;12:47:27.5;0.02;0.02;683;727;83;84;25;206;357;357;28;2.63;2.63;2.63;2.63;-2;0;0;0;0;14.1;95;44;5.0;0;-;16;38;849;759;0;1782.0;8.7;9.0;0;0;0;0;0;0;
2026.08.28;12:47:28.0;0.01;0.01;708;712;82;83;25;206;357;357;28;2.57;2.57;2.57;2.57;-2;0;0;0;0;14.1;95;44;5.0;0;-;16;38;849;751;0;1295.0;8.7;9.0;0;0;0;0;0;0;
2026.08.28;12:47:28.4;0.01;0.01;708;712;82;83;25;206;357;357;28;2.57;2.57;2.57;2.57;-2;0;0;0;0;14.1;95;44;5.0;0;-;16;38;849;751;0;1295.0;8.7;9.0;0;0;0;0;0;0;
2026.08.28;12:47:28.9;0.04;0.04;161;644;83;85;25;206;357;357;28;2.70;2.70;2.70;2.70;-2;0;0;0;0;14.1;95;44;5.0;0;-;16;38;849;757;0;1721.0;8.7;9.0;0;0;0;0;0;0;
2026.08.28;12:47:29.3;0.02;0.02;776;659;82;84;25;206;357;357;28;2.66;2.66;2.66;2.66;-2;0;0;0;0;14.1;95;44;5.0;0;-;16;38;849;751;0;1263.0;8.7;9.0;0;0;0;0;0;0;
2026.08.28;12:47:29.8;0.02;0.02;776;659;82;84;25;206;336;357;28;2.66;2.66;2.66;2.66;-3;0;0;0;0;14.1;95;44;5.0;0;-;16;38;849;751;0;1263.0;8.6;9.0;0;0;0;0;0;0;
2026.08.28;12:47:30.2;0.01;0.01;776;791;83;85;25;206;336;357;28;2.63;2.63;2.63;2.63;-3;0;0;0;0;14.1;95;44;5.0;0;-;16;38;849;743;0;1478.0;8.6;9.0;0;0;0;0;0;0;
2026.08.28;12:47:30.7;0.01;0.01;766;786;83;84;25;206;357;357;28;2.64;2.64;2.64;2.64;-3;0;0;0;0;14.1;95;44;5.0;0;-;16;38;849;743;0;1478.0;8.6;8.9;0;0;0;0;0;0;
2026.08.28;12:47:31.1;0.01;0.01;766;786;83;84;25;206;357;357;28;2.64;2.64;2.64;2.64;1;0;0;0;0;14.1;95;44;5.0;0;-;16;38;849;754;0;1717.0;8.7;8.9;0;0;0;0;0;0;
2026.08.28;12:47:31.6;-0.00;-0.00;766;786;83;85;25;206;357;357;28;2.62;2.62;2.62;2.62;1;0;0;0;0;14.1;95;44;5.0;0;-;16;38;849;747;0;1636.0;8.7;8.9;0;0;0;0;0;0;
2026.08.28;12:47:32.0;-0.00;-0.00;766;786;83;85;25;206;357;357;28;2.62;2.62;2.62;2.62;-1;0;0;0;0;14.1;95;44;5.0;0;-;16;38;849;747;0;1636.0;9.0;8.9;0;0;0;0;0;0;
2026.08.28;12:47:32.5;-0.01;-0.01;747;776;83;84;27;206;357;357;28;2.65;2.65;2.65;2.65;-1;0;0;0;0;14.1;95;44;5.0;0;-;16;38;849;756;0;1258.0;8.8;9.1;0;0;0;0;0;0;
2026.08.28;12:47:32.9;-0.01;-0.01;751;781;83;84;26;206;357;357;28;2.62;2.62;2.62;2.62;-1;0;0;0;0;14.1;95;44;5.0;0;-;16;38;849;745;0;1606.0;8.8;9.1;0;0;0;0;0;0;
2026.08.28;12:47:33.4;-0.01;-0.01;751;781;83;84;26;206;357;357;28;2.62;2.62;2.62;2.62;-3;0;0;0;0;14.1;95;44;5.0;0;-;16;38;849;745;0;1606.0;8.7;9.0;0;0;0;0;0;0;
2026.08.28;12:47:33.8;-0.02;-0.02;756;776;83;84;24;206;357;357;28;2.61;2.61;2.61;2.61;-4;0;0;0;0;14.1;96;44;5.0;0;-;16;38;849;759;0;1161.0;8.7;9.0;0;0;0;0;0;0;
2026.08.28;12:47:34.3;-0.03;-0.03;742;771;83;84;25;206;357;357;28;2.64;2.64;2.64;2.64;-4;0;0;0;0;14.1;96;44;5.0;0;-;16;38;849;759;0;1161.0;8.8;8.8;0;0;0;0;0;0;
2026.08.28;12:47:34.7;-0.03;-0.03;742;771;83;84;25;206;336;357;28;2.64;2.64;2.64;2.64;-3;0;0;0;0;14.1;96;44;5.0;0;-;16;38;849;752;0;1688.0;8.6;9.0;0;0;0;0;0;0;
2026.08.28;12:47:35.2;-0.03;-0.03;688;751;84;85;25;206;336;357;28;2.61;2.61;2.61;2.61;0;0;0;0;0;14.1;96;44;5.0;0;-;16;38;849;749;0;1644.0;8.6;9.0;0;0;0;0;0;0;
2026.08.28;12:47:35.6;-0.02;-0.02;151;654;83;84;27;206;357;357;28;2.64;2.64;2.64;2.64;0;0;0;0;0;14.1;96;44;5.0;0;-;16;38;849;749;0;1644.0;8.8;9.2;0;0;0;0;0;0;
2026.08.28;12:47:36.1;-0.02;-0.02;151;654;83;84;27;206;357;357;28;2.64;2.64;2.64;2.64;-3;0;0;0;0;14.1;96;44;5.0;0;-;16;38;849;758;0;1956.0;8.7;8.9;0;0;0;0;0;0;
2026.08.28;12:47:36.5;-0.04;-0.04;717;727;84;85;25;206;357;357;28;2.57;2.57;2.57;2.57;-3;0;0;0;0;14.1;96;44;5.0;0;-;16;38;849;748;0;1378.0;8.7;8.9;0;0;0;0;0;0;
2026.08.28;12:47:37.0;-0.02;-0.02;92;83;83;84;26;206;357;357;28;2.60;2.60;2.60;2.60;-3;0;0;0;0;14.1;96;44;5.0;0;-;16;39;849;748;0;1378.0;8.7;9.0;0;0;0;0;0;0;
2026.08.28;12:47:37.4;-0.02;-0.02;92;83;83;84;26;206;357;357;28;2.60;2.60;2.60;2.60;0;0;0;0;0;14.1;96;44;5.0;0;-;16;39;849;744;0;1654.0;8.8;9.1;0;0;0;0;0;0;
2026.08.28;12:47:37.9;-0.01;-0.01;117;83;84;85;26;206;357;357;28;2.61;2.61;2.61;2.61;-2;0;0;0;0;14.0;96;44;5.0;0;-;16;39;849;754;0;1211.0;8.8;9.1;0;0;0;0;0;0;
2026.08.28;12:47:38.3;-0.01;-0.01;122;117;84;85;27;206;357;357;28;2.61;2.61;2.61;2.61;-2;0;0;0;0;14.0;96;44;5.0;0;-;16;38;849;754;0;1211.0;8.9;8.9;0;0;0;0;0;0;
2026.08.28;12:47:38.8;-0.01;-0.01;122;117;84;85;27;206;357;357;28;2.61;2.61;2.61;2.61;0;0;0;0;0;14.0;96;44;5.0;0;-;16;38;849;754;0;1205.0;8.7;9.0;0;0;0;0;0;0;
2026.08.28;12:47:39.2;-0.00;-0.00;292;581;83;84;25;206;357;357;28;2.63;2.63;2.63;2.63;0;0;0;0;0;14.0;96;44;5.0;0;-;16;38;849;758;0;1504.0;8.7;9.0;0;0;0;0;0;0;
2026.08.28;12:47:39.7;-0.00;-0.00;292;581;83;84;25;206;378;357;28;2.63;2.63;2.63;2.63;-3;0;0;0;0;14.0;96;44;5.0;0;-;16;39;849;758;0;1504.0;9.2;9.3;0;0;0;0;0;0;
2026.08.28;12:47:40.1;-0.00;-0.00;292;639;86;87;29;206;420;399;28;2.86;2.86;2.86;2.86;-3;0;0;0;0;14.0;96;44;5.0;0;-;16;39;849;730;0;1348.0;10.4;10.0;0;0;0;0;0;0;
2026.08.28;12:47:40.6;0.01;0.01;68;63;85;86;36;206;420;399;28;3.07;3.07;3.07;3.07;-3;0;0;0;0;14.0;96;51;5.0;0;-;16;39;849;747;0;1334.0;10.4;10.0;0;0;0;0;0;0;
2026.08.28;12:47:41.0;0.01;0.01;68;63;85;86;36;206;420;399;28;3.07;3.07;3.07;3.07;-5;0;0;0;0;14.0;96;51;5.0;0;-;16;39;849;747;0;1334.0;10.6;10.5;0;0;0;0;0;0;
2026.08.28;12:47:41.5;0.01;0.01;58;53;84;85;34;206;399;399;28;3.07;3.07;3.07;3.07;-7;0;0;0;0;14.0;96;51;5.0;0;-;16;39;849;751;0;1604.0;10.2;10.7;0;0;0;0;0;0;
2026.08.28;12:47:41.9;0.02;0.02;63;53;85;86;34;206;399;399;28;3.06;3.06;3.06;3.06;-7;0;0;0;0;14.0;96;51;5.0;0;-;16;39;849;751;0;1604.0;10.2;10.7;0;0;0;0;0;0;
2026.08.28;12:47:42.4;0.02;0.02;63;53;85;86;34;206;378;399;28;3.06;3.06;3.06;3.06;-5;0;0;0;0;13.9;96;51;4.9;0;-;16;39;849;754;0;1338.0;9.5;10.2;0;0;0;0;0;0;
2026.08.28;12:47:42.8;0.03;0.03;78;68;85;86;29;206;378;399;28;2.88;2.88;2.88;2.88;-5;0;0;0;0;13.9;96;51;4.9;0;-;16;39;849;761;0;1761.0;9.5;10.2;0;0;0;0;0;0;
2026.08.28;12:47:43.3;0.01;0.01;541;600;85;86;28;206;357;378;28;2.76;2.76;2.76;2.76;-4;0;0;0;0;13.9;96;51;4.9;0;-;16;39;849;761;0;1761.0;9.3;9.9;0;0;0;0;0;0;
2026.08.28;12:47:43.7;0.01;0.01;541;600;85;86;28;206;378;378;28;2.76;2.76;2.76;2.76;-4;0;0;0;0;13.9;96;51;4.9;0;-;16;39;849;754;0;1288.0;9.3;9.5;0;0;0;0;0;0;
2026.08.28;12:47:44.2;0.03;0.03;102;107;85;86;28;207;378;378;28;2.75;2.75;2.75;2.75;-4;0;0;0;0;14.0;96;51;4.7;0;-;16;39;849;759;0;1709.0;9.3;9.5;0;0;0;0;0;0;
2026.08.28;12:47:44.6;0.03;0.03;102;107;85;86;28;207;357;357;28;2.75;2.75;2.75;2.75;-2;0;0;0;0;14.0;96;51;4.7;0;-;16;39;849;759;0;1709.0;9.1;9.5;0;0;0;0;0;0;
2026.08.28;12:47:45.1;0.04;0.04;415;258;84;85;28;207;357;357;28;2.76;2.76;2.76;2.76;-4;0;0;0;0;14.0;96;51;4.7;0;-;16;39;849;749;0;1307.0;9.1;9.4;0;0;0;0;0;0;
2026.08.28;12:47:45.5;0.02;0.02;610;683;85;87;28;207;357;357;28;2.66;2.66;2.66;2.66;-4;0;0;0;0;14.0;96;51;4.7;0;-;16;39;849;752;0;1374.0;9.1;9.4;0;0;0;0;0;0;
2026.08.28;12:47:46.0;0.02;0.02;610;683;85;87;28;207;378;357;28;2.66;2.66;2.66;2.66;-3;0;0;0;0;14.0;96;51;4.7;0;-;16;39;849;752;0;1374.0;9.2;9.4;0;0;0;0;0;0;
2026.08.28;12:47:46.4;0.03;0.03;102;87;84;85;28;207;378;357;28;2.77;2.77;2.77;2.77;-2;0;0;0;0;14.1;96;51;4.6;0;-;16;39;849;752;0;1358.0;9.2;9.4;0;0;0;0;0;0;
2026.08.28;12:47:46.9;0.02;0.02;732;673;85;86;28;207;357;357;28;2.76;2.76;2.76;2.76;-2;0;0;0;0;14.1;96;51;4.6;0;-;16;39;849;748;0;1474.0;9.2;9.5;0;0;0;0;0;0;
2026.08.28;12:47:47.3;0.02;0.02;732;673;85;86;28;207;357;357;28;2.76;2.76;2.76;2.76;-1;0;0;0;0;14.1;96;51;4.6;0;-;16;39;849;748;0;1474.0;9.1;9.4;0;0;0;0;0;0;
2026.08.28;12:47:47.8;0.01;0.01;688;703;85;86;28;207;357;357;28;2.70;2.70;2.70;2.70;-4;0;0;0;0;14.1;96;51;4.6;0;-;16;39;849;756;0;1560.0;9.1;9.4;0;0;0;0;0;0;
2026.08.28;12:47:48.2;0.01;0.01;571;688;85;86;28;207;357;357;28;2.69;2.69;2.69;2.69;-4;0;0;0;0;14.0;96;51;4.5;0;-;16;39;849;742;0;1587.0;9.1;9.5;0;0;0;0;0;0;
2026.08.28;12:47:48.7;0.01;0.01;571;688;85;86;28;207;378;357;28;2.69;2.69;2.69;2.69;-2;0;0;0;0;14.0;96;51;4.5;0;-;16;39;849;742;0;1587.0;9.2;9.4;0;0;0;0;0;0;
2026.08.28;12:47:49.1;0.01;0.01;678;375;86;87;28;207;378;357;28;2.72;2.72;2.72;2.72;-2;0;0;0;0;14.0;96;51;4.5;0;-;16;39;849;745;0;1303.0;9.2;9.4;0;0;0;0;0;0;
2026.08.28;12:47:49.6;0.01;0.01;678;375;86;87;28;207;357;378;28;2.72;2.72;2.72;2.72;-2;0;0;0;0;14.0;96;51;4.5;0;-;16;39;849;745;0;1303.0;9.1;9.3;0;0;0;0;0;0;
2026.08.28;12:47:50.0;0.00;0.00;654;703;85;86;28;207;357;378;28;2.70;2.70;2.70;2.70;-5;0;0;0;0;14.0;96;51;4.5;0;-;16;39;849;751;0;1334.0;9.1;9.3;0;0;0;0;0;0;
2026.08.28;12:47:50.5;-0.01;-0.01;625;532;86;87;27;207;378;357;28;2.70;2.70;2.70;2.70;-5;0;0;0;0;14.0;96;51;4.5;0;-;16;39;849;751;0;1334.0;9.1;9.4;0;0;0;0;0;0;
2026.08.28;12:47:50.9;-0.01;-0.01;625;532;86;87;27;207;357;357;28;2.70;2.70;2.70;2.70;0;0;0;0;0;14.0;96;51;4.5;0;-;16;39;849;748;0;1778.0;9.1;9.2;0;0;0;0;0;0;
2026.08.28;12:47:51.4;-0.01;-0.01;517;473;85;87;27;207;357;357;28;2.70;2.70;2.70;2.70;-3;0;0;0;0;14.0;96;51;4.5;0;-;16;39;849;745;0;1300.0;9.1;9.2;0;0;0;0;0;0;
2026.08.28;12:47:51.8;-0.01;-0.01;717;263;86;87;27;207;357;357;28;2.71;2.71;2.71;2.71;-3;0;0;0;0;14.0;96;51;4.5;0;-;16;39;849;745;0;1300.0;9.0;9.3;0;0;0;0;0;0;
2026.08.28;12:47:52.3;-0.01;-0.01;717;263;86;87;27;207;357;378;28;2.71;2.71;2.71;2.71;-2;0;0;0;0;14.0;96;51;4.5;0;-;16;39;849;751;0;1598.0;9.0;9.3;0;0;0;0;0;0;
2026.08.28;12:47:52.7;-0.02;-0.02;585;712;85;87;27;207;357;378;28;2.69;2.69;2.69;2.69;-2;0;0;0;0;14.1;96;51;4.5;0;-;16;39;849;750;0;1366.0;9.0;9.3;0;0;0;0;0;0;
2026.08.28;12:47:53.2;-0.02;-0.02;585;712;85;87;27;207;378;357;28;2.69;2.69;2.69;2.69;-4;0;0;0;0;14.1;96;51;4.5;0;-;16;39;849;750;0;1366.0;9.3;9.5;0;0;0;0;0;0;
2026.08.28;12:47:53.6;-0.02;-0.02;708;659;85;87;26;207;378;357;28;2.71;2.71;2.71;2.71;-2;0;0;0;0;14.1;96;51;4.5;0;-;16;39;849;753;0;1246.0;9.3;9.5;0;0;0;0;0;0;
2026.08.28;12:47:54.1;-0.02;-0.02;654;688;86;87;27;207;357;357;28;2.70;2.70;2.70;2.70;-2;0;0;0;0;14.1;96;51;4.5;0;-;16;39;849;743;0;1382.0;8.9;9.3;0;0;0;0;0;0;
2026.08.28;12:47:54.5;-0.02;-0.02;654;688;86;87;27;207;378;357;28;2.70;2.70;2.70;2.70;-4;0;0;0;0;14.1;96;51;4.5;0;-;16;39;849;743;0;1382.0;9.2;9.4;0;0;0;0;0;0;
2026.08.28;12:47:55.0;-0.01;-0.01;92;83;86;87;28;207;378;357;28;2.74;2.74;2.74;2.74;-2;0;0;0;0;14.0;96;51;4.5;0;-;16;39;849;752;0;1360.0;9.2;9.4;0;0;0;0;0;0;
2026.08.28;12:47:55.4;0.00;0.00;297;141;85;86;27;207;357;357;28;2.76;2.76;2.76;2.76;-2;0;0;0;0;14.0;96;51;4.5;0;-;16;39;849;752;0;1360.0;9.0;9.3;0;0;0;0;0;0;
2026.08.28;12:47:55.9;0.00;0.00;297;141;85;86;27;207;357;357;28;2.76;2.76;2.76;2.76;-3;0;0;0;0;14.0;96;51;4.5;0;-;16;39;849;750;0;1173.0;9.0;9.3;0;0;0;0;0;0;
2026.08.28;12:47:56.4;-0.02;-0.02;678;708;86;87;27;207;357;357;28;2.69;2.69;2.69;2.69;1;0;0;0;0;14.0;96;51;4.5;0;-;16;39;849;743;0;1437.0;9.0;9.3;0;0;0;0;0;0;
2026.08.28;12:47:56.8;-0.00;-0.00;83;73;86;87;28;207;378;357;28;2.74;2.74;2.74;2.74;1;0;0;0;0;14.0;96;51;4.5;0;-;16;39;849;743;0;1437.0;9.3;9.3;0;0;0;0;0;0;
2026.08.28;12:47:57.3;-0.00;-0.00;83;73;86;87;28;207;357;357;28;2.74;2.74;2.74;2.74;-4;0;0;0;0;14.1;96;51;4.5;0;-;16;39;849;752;0;1762.0;9.1;9.5;0;0;0;0;0;0;
2026.08.28;12:47:57.7;0.01;0.01;141;185;86;88;26;207;357;357;28;2.73;2.73;2.73;2.73;-4;0;0;0;0;14.1;96;51;4.5;0;-;16;39;849;754;0;1478.0;9.1;9.5;0;0;0;0;0;0;
2026.08.28;12:47:58.2;0.01;0.01;141;185;86;88;26;207;357;357;28;2.73;2.73;2.73;2.73;-2;0;0;0;0;14.1;96;51;4.5;0;-;16;39;849;754;0;1478.0;9.0;9.3;0;0;0;0;0;0;
2026.08.28;12:47:58.6;0.01;0.01;195;190;86;87;28;207;357;357;28;2.75;2.75;2.75;2.75;-2;0;0;0;0;14.1;95;44;4.5;0;-;16;39;849;745;0;1657.0;9.0;9.3;0;0;0;0;0;0;
2026.08.28;12:47:59.1;-0.00;-0.00;664;639;86;88;28;207;357;357;28;2.68;2.68;2.68;2.68;-2;0;0;0;0;14.0;95;44;4.4;0;-;16;39;849;755;0;1395.0;9.0;9.3;0;0;0;0;0;0;
2026.08.28;12:47:59.5;-0.00;-0.00;664;639;86;88;28;207;378;357;28;2.68;2.68;2.68;2.68;-2;0;0;0;0;14.0;95;44;4.4;0;-;16;39;849;755;0;1395.0;9.2;9.4;0;0;0;0;0;0;
2026.08.28;12:48:00.0;0.02;0.02;112;92;85;87;28;207;378;357;28;2.72;2.72;2.72;2.72;-3;0;0;0;0;14.0;95;44;4.4;0;-;16;39;849;754;0;1739.0;9.2;9.4;0;0;0;0;0;0;
2026.08.28;12:48:00.4;0.02;0.02;190;151;86;88;28;207;357;357;28;2.73;2.73;2.73;2.73;-3;0;0;0;0;14.0;95;44;4.4;0;-;16;39;849;754;0;1739.0;8.9;9.3;0;0;0;0;0;0;
2026.08.28;12:48:00.9;0.02;0.02;190;151;86;88;28;207;357;357;28;2.73;2.73;2.73;2.73;-1;0;0;0;0;14.0;95;44;4.4;0;-;16;39;849;755;0;1265.0;9.0;9.2;0;0;0;0;0;0;
2026.08.28;12:48:01.3;0.00;0.00;688;708;86;88;28;207;357;357;28;2.69;2.69;2.69;2.69;-2;0;0;0;0;14.0;95;44;4.4;0;-;16;39;849;749;0;1386.0;9.0;9.2;0;0;0;0;0;0;
2026.08.28;12:48:01.8;0.02;0.02;107;83;86;88;27;207;357;357;28;2.75;2.75;2.75;2.75;-2;0;0;0;0;14.0;95;44;4.4;0;-;16;39;849;749;0;1386.0;9.1;9.3;0;0;0;0;0;0;
2026.08.28;12:48:02.2;0.02;0.02;107;83;86;88;27;207;357;357;28;2.75;2.75;2.75;2.75;-4;0;0;0;0;14.0;95;37;4.4;0;-;16;39;849;753;0;1717.0;8.8;9.3;0;0;0;0;0;0;
2026.08.28;12:48:02.7;0.03;0.03;151;151;86;87;28;207;357;357;28;2.75;2.75;2.75;2.75;1;0;0;0;0;14.0;95;37;4.4;0;-;16;39;849;747;0;1742.0;8.8;9.3;0;0;0;0;0;0;
2026.08.28;12:48:03.1;0.01;0.01;698;688;86;88;29;207;357;357;28;2.70;2.70;2.70;2.70;1;0;0;0;0;14.0;95;37;4.4;0;-;16;39;849;747;0;1742.0;9.0;9.3;0;0;0;0;0;0;
2026.08.28;12:48:03.6;0.01;0.01;698;688;86;88;29;207;357;357;28;2.70;2.70;2.70;2.70;-2;0;0;0;0;14.0;95;37;4.4;0;-;16;39;849;747;0;1691.0;9.1;9.3;0;0;0;0;0;0;
2026.08.28;12:48:04.0;0.02;0.02;131;375;86;88;28;207;357;357;28;2.77;2.77;2.77;2.77;-2;0;0;0;0;14.0;95;37;4.4;0;-;16;39;849;752;0;2028.0;9.1;9.3;0;0;0;0;0;0;
2026.08.28;12:48:04.5;0.01;0.01;712;688;86;88;27;207;357;357;28;2.74;2.74;2.74;2.74;-1;0;0;0;0;14.0;95;37;4.4;0;-;16;39;849;752;0;2028.0;8.8;9.3;0;0;0;0;0;0;
2026.08.28;12:48:04.9;0.01;0.01;712;688;86;88;27;207;357;357;28;2.74;2.74;2.74;2.74;-3;0;0;0;0;14.0;95;37;4.4;0;-;16;39;849;751;0;1230.0;9.0;9.3;0;0;0;0;0;0;
2026.08.28;12:48:05.4;0.00;0.00;688;712;86;88;27;207;357;357;28;2.68;2.68;2.68;2.68;-3;0;0;0;0;14.1;93;30;4.4;0;-;16;39;849;766;0;1347.0;9.0;9.3;0;0;0;0;0;0;
2026.08.28;12:48:05.8;-0.01;-0.01;673;688;86;88;25;207;336;357;28;2.54;2.54;2.54;2.54;-3;0;0;0;0;14.1;93;30;4.4;0;-;16;39;849;766;0;1347.0;8.3;8.8;0;0;0;0;0;0;
2026.08.28;12:48:06.3;-0.01;-0.01;673;688;86;88;25;207;336;336;28;2.54;2.54;2.54;2.54;1;0;0;0;0;14.1;93;30;4.4;0;-;16;39;849;750;0;1292.0;8.4;8.7;0;0;0;0;0;0;
2026.08.28;12:48:06.7;0.01;0.01;190;527;86;87;26;207;336;336;28;2.57;2.57;2.57;2.57;-2;0;0;0;0;14.1;93;30;4.4;0;-;16;39;849;749;0;1530.0;8.4;8.7;0;0;0;0;0;0;
2026.08.28;12:48:07.2;-0.01;-0.01;717;629;0;0;24;207;336;336;28;2.54;2.54;2.54;2.54;-2;0;0;0;0;14.1;93;30;4.4;0;-;16;39;849;749;0;1530.0;8.5;8.7;0;0;0;0;0;0;
2026.08.28;12:48:07.6;-0.01;-0.01;717;629;0;0;24;207;336;336;28;2.54;2.54;2.54;2.54;1;0;0;0;0;14.1;93;30;4.3;0;-;16;39;849;754;0;1498.0;8.4;8.6;0;0;0;0;0;0;
2026.08.28;12:48:08.1;-0.01;-0.01;683;722;85;87;25;207;336;336;28;2.52;2.52;2.52;2.52;1;0;0;0;0;14.1;93;30;4.3;0;-;16;39;849;751;0;1187.0;8.4;8.6;0;0;0;0;0;0;
2026.08.28;12:48:08.5;-0.01;-0.01;683;722;85;87;25;207;357;336;28;2.52;2.52;2.52;2.52;-2;0;0;0;0;14.1;93;30;4.3;0;-;16;39;849;751;0;1187.0;8.7;8.6;0;0;0;0;0;0;
2026.08.28;12:48:09.0;0.00;0.00;97;273;86;88;24;207;357;336;28;2.57;2.57;2.57;2.57;4;0;0;0;0;14.1;93;30;4.3;0;-;16;39;849;751;0;1587.0;8.7;8.8;0;0;0;0;0;0;
2026.08.28;12:48:09.4;-0.01;-0.01;722;322;84;86;25;207;357;336;28;2.53;2.53;2.53;2.53;4;0;0;0;0;14.1;93;30;4.3;0;-;16;39;849;746;0;1408.0;8.7;8.8;0;0;0;0;0;0;
2026.08.28;12:48:09.9;-0.01;-0.01;722;322;84;86;25;207;336;336;28;2.53;2.53;2.53;2.53;0;0;0;0;0;14.1;93;30;4.3;0;-;16;39;849;746;0;1408.0;8.5;8.7;0;0;0;0;0;0;
2026.08.28;12:48:10.3;-0.02;-0.02;615;712;86;88;25;207;336;336;28;2.53;2.53;2.53;2.53;0;0;0;0;0;14.1;93;30;4.3;0;-;16;39;849;747;0;1637.0;8.5;8.7;0;0;0;0;0;0;
2026.08.28;12:48:10.8;0.00;0.00;102;83;85;87;25;207;357;336;28;2.58;2.58;2.58;2.58;0;0;0;0;0;14.1;93;30;4.3;0;-;16;39;849;747;0;1637.0;8.6;8.7;0;0;0;0;0;0;
2026.08.28;12:48:11.2;0.00;0.00;102;83;85;87;25;207;336;336;28;2.58;2.58;2.58;2.58;-1;0;0;0;0;14.1;93;30;4.3;0;-;16;39;849;757;0;1348.0;8.4;8.6;0;0;0;0;0;0;
2026.08.28;12:48:11.7;-0.02;-0.02;708;703;86;88;25;207;336;336;28;2.50;2.50;2.50;2.50;-2;0;0;0;0;14.0;93;30;4.3;0;-;16;39;849;743;0;1460.0;8.4;8.6;0;0;0;0;0;0;
2026.08.28;12:48:12.1;-0.00;-0.00;92;97;86;88;25;207;357;336;28;2.57;2.57;2.57;2.57;-2;0;0;0;0;14.0;93;30;4.3;0;-;16;40;849;743;0;1460.0;8.6;8.6;0;0;0;0;0;0;
2026.08.28;12:48:12.6;-0.00;-0.00;92;97;86;88;25;207;336;336;28;2.57;2.57;2.57;2.57;0;0;0;0;0;14.0;92;29;4.3;0;-;16;40;849;752;0;1273.0;8.4;8.6;0;0;0;0;0;0;
2026.08.28;12:48:13.0;0.01;0.01;537;146;85;87;25;207;336;336;28;2.55;2.55;2.55;2.55;0;0;0;0;0;14.0;92;29;4.3;0;-;16;40;849;756;0;1129.0;8.4;8.6;0;0;0;0;0;0;
2026.08.28;12:48:13.5;0.01;0.01;537;146;85;87;25;207;357;336;28;2.55;2.55;2.55;2.55;-2;0;0;0;0;14.0;92;29;4.3;0;-;16;40;849;756;0;1129.0;8.7;8.6;0;0;0;0;0;0;
2026.08.28;12:48:13.9;-0.02;-0.02;385;673;85;87;25;207;336;336;28;2.52;2.52;2.52;2.52;-3;0;0;0;0;14.0;92;29;4.3;0;-;16;40;849;747;0;1656.0;8.5;8.7;0;0;0;0;0;0;
2026.08.28;12:48:14.4;0.01;0.01;249;112;85;87;25;207;336;336;28;2.56;2.56;2.56;2.56;-3;0;0;0;0;14.0;92;29;4.3;0;-;16;40;849;753;0;1198.0;8.5;8.7;0;0;0;0;0;0;
2026.08.28;12:48:14.8;0.01;0.01;249;112;85;87;25;207;357;336;28;2.56;2.56;2.56;2.56;1;0;0;0;0;14.0;92;29;4.3;0;-;16;40;849;753;0;1198.0;8.5;8.7;0;0;0;0;0;0;
2026.08.28;12:48:15.3;-0.01;-0.01;541;673;87;88;24;207;357;336;28;2.52;2.52;2.52;2.52;-3;0;0;0;0;14.0;92;29;4.3;0;-;16;40;849;746;0;1821.0;8.5;8.7;0;0;0;0;0;0;
2026.08.28;12:48:15.7;-0.01;-0.01;683;141;86;88;25;207;357;336;28;2.51;2.51;2.51;2.51;-3;0;0;0;0;14.0;92;29;4.3;0;-;16;40;849;746;0;1821.0;8.4;8.6;0;0;0;0;0;0;
2026.08.28;12:48:16.2;-0.01;-0.01;683;141;86;88;25;207;588;714;28;2.51;2.51;2.51;2.51;7;0;0;0;0;14.2;91;29;4.3;0;-;16;40;849;750;0;1700.0;22.1;28.0;18;4;95;0;0;0;
2026.08.28;12:48:16.6;0.01;0.01;63;58;86;88;44;207;588;714;28;2.96;2.96;2.96;2.96;17;0;0;0;0;14.2;91;29;4.3;0;-;16;40;849;2119;9;5000.0;22.1;28.0;18;4;95;0;0;0;
2026.08.28;12:48:17.1;0.04;0.04;48;39;0;0;69;207;252;252;28;2.36;2.36;2.36;2.36;17;0;0;0;0;14.2;91;29;4.3;0;-;16;40;849;2119;19;5000.0;18.1;17.9;0;0;0;0;0;0;
2026.08.28;12:48:17.5;0.04;0.04;48;39;0;0;69;207;210;273;28;2.36;2.36;2.36;2.36;12;0;0;0;0;14.2;91;29;4.3;0;-;16;40;849;2126;19;3473.0;15.6;21.8;0;0;0;0;0;0;
2026.08.28;12:48:18.0;0.11;0.11;48;48;83;88;42;207;210;273;28;1.80;1.80;1.80;1.80;12;0;0;0;0;14.1;91;29;4.3;0;-;16;40;849;1728;0;3217.0;15.6;21.8;0;0;0;0;0;0;
2026.08.28;12:48:18.4;0.11;0.11;48;48;83;88;42;207;210;210;28;1.80;1.80;1.80;1.80;4;0;0;0;0;14.1;91;29;4.3;0;-;16;40;849;1728;0;3217.0;10.3;11.2;0;0;0;0;0;0;
2026.08.28;12:48:18.9;0.14;0.14;92;78;81;88;28;207;210;210;28;1.75;1.75;1.75;1.75;6;0;0;0;0;14.1;91;29;4.3;0;-;16;40;849;1128;0;1975.0;10.3;11.2;0;0;0;0;0;0;
2026.08.28;12:48:19.3;0.13;0.13;795;712;81;88;26;207;231;210;28;2.07;2.07;2.07;2.07;6;0;0;0;0;14.1;91;29;4.3;0;-;16;40;849;1128;0;1975.0;7.0;6.9;0;0;0;0;0;0;
2026.08.28;12:48:19.8;0.13;0.13;795;712;81;88;26;208;315;294;28;2.07;2.07;2.07;2.07;11;0;0;0;0;14.1;90;29;4.3;0;-;16;40;849;858;0;2197.0;8.7;8.4;0;0;0;0;0;0;
2026.08.28;12:48:20.2;0.12;0.12;854;830;82;89;25;208;315;294;28;2.73;2.73;2.73;2.73;1;0;0;0;0;14.0;90;29;4.3;0;-;16;40;849;789;0;1403.0;8.7;8.4;0;0;0;0;0;0;
2026.08.28;12:48:20.7;0.11;0.11;874;874;82;89;24;208;315;315;28;2.78;2.78;2.78;2.78;1;0;0;0;0;14.0;90;29;4.3;0;-;16;40;849;789;0;1403.0;8.2;8.4;0;0;0;0;0;0;
2026.08.28;12:48:21.1;0.11;0.11;874;874;82;89;24;208;315;315;28;2.78;2.78;2.78;2.78;-2;0;0;0;0;14.0;90;29;4.3;0;-;16;40;849;769;0;2574.0;8.1;8.4;0;0;0;0;0;0;
2026.08.28;12:48:21.6;0.11;0.11;864;878;82;89;23;208;315;315;28;2.71;2.71;2.71;2.71;-1;0;0;0;0;14.0;90;29;4.3;0;-;16;40;849;758;0;1983.0;8.1;8.4;0;0;0;0;0;0;
2026.08.28;12:48:22.0;0.10;0.10;859;874;82;89;24;208;336;336;28;2.74;2.74;2.74;2.74;-1;0;0;0;0;14.0;90;29;4.3;0;-;16;40;849;753;0;1867.0;8.2;8.4;0;0;0;0;0;0;
2026.08.28;12:48:22.5;0.10;0.10;859;874;82;89;24;208;336;336;28;2.74;2.74;2.74;2.74;-2;0;0;0;0;14.0;90;29;4.3;0;-;16;40;849;753;0;1867.0;8.1;8.4;0;0;0;0;0;0;
2026.08.28;12:48:22.9;0.09;0.09;854;869;82;89;24;208;336;336;28;2.78;2.78;2.78;2.78;-2;0;0;0;0;14.0;90;29;4.3;0;-;16;40;849;755;0;1291.0;8.1;8.4;0;0;0;0;0;0;
2026.08.28;12:48:23.4;0.09;0.09;849;864;82;88;24;208;336;336;28;2.76;2.76;2.76;2.76;-2;0;0;0;0;14.0;90;29;4.3;0;-;16;40;849;754;0;1330.0;8.1;8.5;0;0;0;0;0;0;
2026.08.28;12:48:23.9;0.09;0.09;849;864;82;88;24;208;336;336;28;2.76;2.76;2.76;2.76;-1;0;0;0;0;14.0;90;29;4.3;0;-;16;40;849;754;0;1330.0;8.2;8.4;0;0;0;0;0;0;
2026.08.28;12:48:24.3;0.08;0.08;844;864;82;88;24;208;336;336;28;2.75;2.75;2.75;2.75;0;0;0;0;0;14.1;90;29;4.3;0;-;16;40;849;755;0;1331.0;8.2;8.4;0;0;0;0;0;0;
2026.08.28;12:48:24.8;0.07;0.07;844;864;83;89;24;208;336;336;28;2.73;2.73;2.73;2.73;0;0;0;0;0;14.1;90;29;4.3;0;-;16;40;849;746;0;1639.0;8.2;8.4;0;0;0;0;0;0;
2026.08.28;12:48:25.2;0.07;0.07;844;864;83;89;24;208;336;336;28;2.73;2.73;2.73;2.73;-3;0;0;0;0;14.1;90;29;4.3;0;-;16;40;849;746;0;1639.0;8.1;8.4;0;0;0;0;0;0;
2026.08.28;12:48:25.7;0.07;0.07;844;859;82;88;24;208;336;336;28;2.74;2.74;2.74;2.74;-1;0;0;0;0;14.1;90;29;4.3;0;-;16;40;849;751;0;1737.0;8.1;8.4;0;0;0;0;0;0;
2026.08.28;12:48:26.1;0.06;0.06;839;859;84;89;24;208;336;336;28;2.72;2.72;2.72;2.72;-1;0;0;0;0;14.0;91;29;4.3;0;-;16;40;849;751;0;1209.0;8.1;8.4;0;0;0;0;0;0;
2026.08.28;12:48:26.6;0.06;0.06;839;859;84;89;24;208;336;336;28;2.72;2.72;2.72;2.72;-1;0;0;0;0;14.0;91;29;4.3;0;-;16;40;849;751;0;1209.0;8.2;8.4;0;0;0;0;0;0;
2026.08.28;12:48:27.0;0.05;0.05;839;854;83;88;24;208;336;336;28;2.72;2.72;2.72;2.72;-2;0;0;0;0;14.0;91;29;4.3;0;-;16;40;849;744;0;1792.0;8.2;8.4;0;0;0;0;0;0;
2026.08.28;12:48:27.5;0.05;0.05;834;854;83;89;24;208;336;336;28;2.70;2.70;2.70;2.70;-2;0;0;0;0;14.0;91;29;4.3;0;-;16;40;849;744;0;1792.0;8.2;8.4;0;0;0;0;0;0;
2026.08.28;12:48:27.9;0.05;0.05;834;854;83;89;24;208;336;336;28;2.70;2.70;2.70;2.70;0;0;0;0;0;14.0;91;29;4.3;0;-;16;40;849;751;0;1952.0;8.1;8.4;0;0;0;0;0;0;
2026.08.28;12:48:28.4;0.04;0.04;834;854;83;88;24;208;336;336;28;2.69;2.69;2.69;2.69;-1;0;0;0;0;14.0;91;29;4.4;0;-;16;40;849;756;0;1362.0;8.1;8.4;0;0;0;0;0;0;
2026.08.28;12:48:28.8;0.03;0.03;830;849;83;88;23;208;336;336;28;2.74;2.74;2.74;2.74;-1;0;0;0;0;14.0;91;29;4.4;0;-;16;40;849;753;0;1340.0;8.4;8.6;0;0;0;0;0;0;
2026.08.28;12:48:29.3;0.03;0.03;830;849;83;88;23;208;336;336;28;2.74;2.74;2.74;2.74;-2;0;0;0;0;14.0;91;29;4.4;0;-;16;40;849;753;0;1340.0;8.4;8.5;0;0;0;0;0;0;
2026.08.28;12:48:29.7;0.02;0.02;830;849;85;90;24;208;336;336;28;2.71;2.71;2.71;2.71;-3;0;0;0;0;14.0;91;29;4.4;0;-;16;40;849;753;0;1701.0;8.4;8.5;0;0;0;0;0;0;
2026.08.28;12:48:30.2;-0.01;-0.01;825;844;83;88;24;208;336;336;28;2.63;2.63;2.63;2.63;-3;0;0;0;0;14.0;91;29;4.4;0;-;16;40;849;753;0;1701.0;8.4;8.5;0;0;0;0;0;0;
2026.08.28;12:48:30.6;-0.01;-0.01;825;844;83;88;24;208;336;336;28;2.63;2.63;2.63;2.63;-1;0;0;0;0;14.1;91;29;4.4;0;-;16;40;849;747;0;1755.0;8.2;8.5;0;0;0;0;0;0;
Date;Time;UpMixCorr;DownMixCorr;UpO2Volt;DownO2Volt;UpO2Heat;DownO2Heat;CanisterValve;BrakePress;IntakeAirPressInstr;IntakeAirPress;ExternalTemp;Inj.1Time;Inj.2Time;Inj.3Time;Inj.4Time;Cyl.Adv;Cyl.1AdvCorr;Cyl.2AdvCorr;Cyl.3AdvCorr;Cyl.4AdvCorr;Battery;Coolant;FanSpeed;AirCPress;Speed;Gear;FuelLevel;AirManifold;AtmosphPress;Revs;AccelPedalPos;KnockSensor;AirFlowInstr;AirFlow;InCamDephaserInstr;InCamDephaser;InCamDephaserValve;Errors;BR;CL;
2026.08.28;12:48:52.9;0.01;0.01;141;292;86;90;24;208;336;336;28;2.58;2.58;2.58;2.58;0;0;0;0;0;14.1;92;29;4.4;0;-;16;41;849;754;0;1246.0;8.4;8.6;0;0;0;0;0;0;
2026.08.28;12:48:53.3;0.01;0.01;141;292;86;90;24;208;336;336;28;2.58;2.58;2.58;2.58;-3;0;0;0;0;14.1;92;29;4.4;0;-;16;41;849;754;0;1246.0;8.5;8.7;0;0;0;0;0;0;
2026.08.28;12:48:53.8;-0.01;-0.01;751;693;85;89;23;208;336;336;28;2.54;2.54;2.54;2.54;-2;0;0;0;0;14.1;92;29;4.4;0;-;16;41;849;749;0;1820.0;8.5;8.7;0;0;0;0;0;0;
2026.08.28;12:48:54.2;-0.02;-0.02;605;717;86;90;24;208;336;336;28;2.53;2.53;2.53;2.53;-2;0;0;0;0;14.1;92;29;4.4;0;-;16;41;849;749;0;1820.0;8.4;8.5;0;0;0;0;0;0;
2026.08.28;12:48:54.7;-0.02;-0.02;605;717;86;90;24;208;357;336;28;2.53;2.53;2.53;2.53;-2;0;0;0;0;14.0;92;29;4.4;0;-;16;41;849;745;0;1157.0;8.6;8.7;0;0;0;0;0;0;
2026.08.28;12:48:55.1;-0.01;-0.01;664;122;86;90;24;208;357;336;28;2.56;2.56;2.56;2.56;-2;0;0;0;0;14.0;92;29;4.4;0;-;16;41;849;755;0;1395.0;8.6;8.7;0;0;0;0;0;0;
2026.08.28;12:48:55.6;-0.01;-0.01;664;122;86;90;24;208;336;336;28;2.56;2.56;2.56;2.56;-3;0;0;0;0;14.0;92;29;4.4;0;-;16;41;849;755;0;1395.0;8.4;8.5;0;0;0;0;0;0;
2026.08.28;12:48:56.0;-0.02;-0.02;712;747;86;90;24;208;336;336;28;2.53;2.53;2.53;2.53;-2;0;0;0;0;14.0;92;29;4.4;0;-;16;41;849;747;0;1798.0;8.5;8.6;0;0;0;0;0;0;
2026.08.28;12:48:56.5;-0.00;-0.00;92;83;87;91;24;208;336;336;28;2.60;2.60;2.60;2.60;-2;0;0;0;0;14.1;92;29;4.4;0;-;16;41;849;754;0;2186.0;8.5;8.6;0;0;0;0;0;0;
2026.08.28;12:48:56.9;-0.00;-0.00;92;83;87;91;24;208;336;336;28;2.60;2.60;2.60;2.60;0;0;0;0;0;14.1;92;29;4.4;0;-;16;41;849;754;0;2186.0;8.4;8.6;0;0;0;0;0;0;
2026.08.28;12:48:57.4;-0.02;-0.02;703;483;86;90;24;208;357;336;28;2.51;2.51;2.51;2.51;-2;0;0;0;0;14.1;92;29;4.4;0;-;16;41;849;744;0;1309.0;8.4;8.6;0;0;0;0;0;0;
2026.08.28;12:48:57.8;-0.00;-0.00;102;166;86;90;24;208;357;336;28;2.56;2.56;2.56;2.56;-2;0;0;0;0;14.1;92;29;4.4;0;-;16;41;849;744;0;1309.0;8.5;8.6;0;0;0;0;0;0;
2026.08.28;12:48:58.3;-0.00;-0.00;102;166;86;90;24;208;336;336;28;2.56;2.56;2.56;2.56;0;0;0;0;0;14.1;92;29;4.4;0;-;16;41;849;751;0;1344.0;8.5;8.6;0;0;0;0;0;0;
2026.08.28;12:48:58.7;-0.02;-0.02;712;688;86;90;24;208;336;336;28;2.52;2.52;2.52;2.52;2;0;0;0;0;14.1;92;29;4.4;0;-;16;41;849;747;0;1317.0;8.5;8.6;0;0;0;0;0;0;
2026.08.28;12:48:59.2;-0.00;-0.00;87;83;86;90;25;208;357;336;28;2.60;2.60;2.60;2.60;2;0;0;0;0;14.1;92;29;4.4;0;-;16;41;849;747;0;1317.0;8.6;8.8;0;0;0;0;0;0;
2026.08.28;12:48:59.6;-0.00;-0.00;87;83;86;90;25;209;462;357;28;2.60;2.60;2.60;2.60;-3;0;0;0;0;14.1;93;29;4.4;0;-;16;41;849;748;0;1474.0;11.9;9.9;0;0;0;0;0;0;
2026.08.28;12:49:00.1;0.00;0.00;87;92;87;91;36;209;462;357;28;3.43;3.43;3.43;3.43;-3;0;0;0;0;14.1;93;29;4.4;0;-;16;41;849;755;0;1483.0;11.9;9.9;0;0;0;0;0;0;
2026.08.28;12:49:00.5;0.01;0.01;73;63;87;91;39;209;441;441;28;3.54;3.54;3.54;3.54;-3;0;0;0;0;14.1;93;29;4.4;0;-;16;41;849;755;0;1483.0;12.0;12.3;0;0;0;0;0;0;
2026.08.28;12:49:01.0;0.01;0.01;73;63;87;91;39;209;420;420;28;3.54;3.54;3.54;3.54;-6;0;0;0;0;14.0;93;29;5.0;0;-;16;41;849;824;0;1627.0;11.2;12.0;0;0;0;0;0;0;
2026.08.28;12:49:01.4;0.02;0.02;87;68;87;92;34;209;420;420;28;3.24;3.24;3.24;3.24;-6;0;0;0;0;14.0;93;29;5.0;0;-;16;41;849;821;0;1969.0;11.2;12.0;0;0;0;0;0;0;
2026.08.28;12:49:01.9;0.02;0.02;87;68;87;92;34;209;399;399;28;3.24;3.24;3.24;3.24;-5;0;0;0;0;14.0;93;29;5.0;0;-;16;41;849;821;0;1969.0;10.9;11.3;0;0;0;0;0;0;
2026.08.28;12:49:02.3;0.03;0.03;151;112;87;91;35;209;399;399;28;3.16;3.16;3.16;3.16;-2;0;0;0;0;14.0;93;29;5.0;0;-;16;41;849;816;0;1870.0;10.9;11.3;0;0;0;0;0;0;
2026.08.28;12:49:02.8;0.01;0.01;708;673;88;92;34;209;399;399;28;3.10;3.10;3.10;3.10;-2;0;0;0;0;13.9;93;46;5.4;0;-;16;41;849;800;0;1218.0;11.0;11.3;0;0;0;0;0;0;
2026.08.28;12:49:03.2;0.01;0.01;708;673;88;92;34;209;441;420;28;3.10;3.10;3.10;3.10;3;0;0;0;0;13.9;93;46;5.4;0;-;16;41;849;800;0;1218.0;11.9;11.3;0;0;0;0;0;0;
2026.08.28;12:49:03.7;0.03;0.03;78;68;88;93;41;209;441;420;28;3.63;3.63;3.63;3.63;2;0;0;0;0;13.9;93;46;5.4;0;-;16;41;849;758;0;1400.0;11.9;11.3;0;0;0;0;0;0;
2026.08.28;12:49:04.1;0.04;0.04;58;48;88;93;41;209;546;504;28;4.55;4.55;4.55;4.55;2;0;0;0;0;13.9;93;46;5.4;0;-;16;41;849;758;0;1400.0;14.2;13.6;0;0;0;0;0;0;
2026.08.28;12:49:04.6;0.04;0.04;58;48;88;93;41;209;525;525;28;4.55;4.55;4.55;4.55;-5;0;0;0;0;13.9;93;46;5.4;0;-;16;41;849;770;0;1100.0;14.2;14.7;0;0;0;0;0;0;
2026.08.28;12:49:05.0;0.05;0.05;68;53;87;92;38;209;525;525;28;4.53;4.53;4.53;4.53;-5;0;0;0;0;13.9;93;46;6.1;0;-;16;41;849;797;0;2069.0;14.2;14.7;0;0;0;0;0;0;
2026.08.28;12:49:05.5;0.05;0.05;78;63;91;97;37;209;525;546;28;4.63;4.63;4.63;4.63;-5;0;0;0;0;13.9;93;46;6.1;0;-;16;41;849;797;0;2069.0;14.5;15.1;0;0;0;0;0;0;
2026.08.28;12:49:05.9;0.05;0.05;78;63;91;97;37;209;567;546;28;4.63;4.63;4.63;4.63;-3;0;0;0;0;13.9;93;46;6.1;0;-;16;41;849;786;0;1289.0;15.3;15.5;0;0;0;0;0;0;
2026.08.28;12:49:06.4;0.06;0.06;102;83;89;94;38;209;567;546;28;4.97;4.97;4.97;4.97;-6;0;0;0;0;13.9;93;60;6.1;0;-;16;41;849;798;0;1652.0;15.3;15.5;0;0;0;0;0;0;
2026.08.28;12:49:06.8;0.07;0.07;141;136;88;93;36;209;546;567;28;5.09;5.09;5.09;5.09;-6;0;0;0;0;13.9;93;60;6.1;0;-;16;41;849;798;0;1652.0;15.7;16.4;0;0;0;0;0;0;
2026.08.28;12:49:07.3;0.07;0.07;141;136;88;93;36;209;546;546;28;5.09;5.09;5.09;5.09;-7;0;0;0;0;13.8;93;60;6.4;0;-;16;41;849;819;0;1365.0;15.4;16.2;0;0;0;0;0;0;
2026.08.28;12:49:07.7;0.03;0.03;249;659;87;93;33;209;546;546;28;4.85;4.85;4.85;4.85;-7;0;0;0;0;13.8;93;60;6.4;0;-;16;41;849;807;0;1135.0;15.4;16.2;0;0;0;0;0;0;
2026.08.28;12:49:08.2;0.03;0.03;249;659;87;93;33;209;546;567;28;4.85;4.85;4.85;4.85;-7;0;0;0;0;13.8;93;60;6.4;0;-;16;41;849;807;0;1135.0;15.4;16.5;0;0;0;0;0;0;
2026.08.28;12:49:08.6;0.04;0.04;87;78;87;93;27;209;525;525;28;4.81;4.81;4.81;4.81;-6;0;0;0;0;13.8;93;60;6.4;0;-;16;41;849;812;0;1180.0;14.7;15.2;0;0;0;0;0;0;
2026.08.28;12:49:09.1;0.03;0.03;722;639;87;93;24;209;525;525;28;4.57;4.57;4.57;4.57;-6;0;0;0;0;13.7;93;60;6.6;0;-;16;41;849;803;0;1733.0;14.7;15.2;0;0;0;0;0;0;
2026.08.28;12:49:09.5;0.03;0.03;722;639;87;93;24;209;525;525;28;4.57;4.57;4.57;4.57;-3;0;0;0;0;13.7;93;60;6.6;0;-;16;41;849;803;0;1733.0;14.6;15.0;0;0;0;0;0;0;
2026.08.28;12:49:10.0;0.02;0.02;693;717;87;95;23;209;525;525;28;4.56;4.56;4.56;4.56;-3;0;0;0;0;13.7;93;72;6.6;0;-;16;41;849;803;0;1274.0;14.7;14.9;0;0;0;0;0;0;
2026.08.28;12:49:10.4;0.02;0.02;385;693;87;95;21;209;525;525;28;4.56;4.56;4.56;4.56;-3;0;0;0;0;13.7;93;72;6.6;0;-;16;41;849;799;0;1153.0;14.7;14.9;0;0;0;0;0;0;
2026.08.28;12:49:10.9;0.02;0.02;385;693;87;95;21;209;525;525;28;4.56;4.56;4.56;4.56;-3;0;0;0;0;13.7;93;72;6.6;0;-;16;41;849;799;0;1153.0;14.9;15.2;0;0;0;0;0;0;
2026.08.28;12:49:11.3;0.02;0.02;722;722;87;95;20;209;525;525;28;4.56;4.56;4.56;4.56;-3;0;0;0;0;13.8;93;72;6.7;0;-;16;41;849;797;0;1134.0;14.7;14.9;0;0;0;0;0;0;
2026.08.28;12:49:11.8;0.03;0.03;292;644;86;93;18;209;525;525;28;4.63;4.63;4.63;4.63;-3;0;0;0;0;13.8;93;72;6.7;0;-;16;41;849;801;0;1729.0;14.7;14.9;0;0;0;0;0;0;
2026.08.28;12:49:12.2;0.03;0.03;292;644;86;93;18;209;525;525;28;4.63;4.63;4.63;4.63;-2;0;0;0;0;13.8;93;72;6.7;0;-;16;41;849;801;0;1729.0;14.7;15.0;0;0;0;0;0;0;
2026.08.28;12:49:12.7;0.01;0.01;717;717;87;94;16;209;546;525;28;4.56;4.56;4.56;4.56;-3;0;0;0;0;13.8;93;72;6.7;0;-;16;41;849;803;0;1318.0;15.1;14.8;0;0;0;0;0;0;
2026.08.28;12:49:13.1;0.00;0.00;507;683;87;95;15;209;546;525;28;4.61;4.61;4.61;4.61;-3;0;0;0;0;13.8;93;80;6.8;0;-;16;41;849;801;0;1665.0;15.1;14.8;0;0;0;0;0;0;
2026.08.28;12:49:13.6;0.00;0.00;507;683;87;95;15;209;525;525;28;4.61;4.61;4.61;4.61;-2;0;0;0;0;13.8;93;80;6.8;0;-;16;41;849;801;0;1665.0;14.8;15.1;0;0;0;0;0;0;
2026.08.28;12:49:14.0;0.00;0.00;688;673;87;94;13;209;525;525;28;4.56;4.56;4.56;4.56;-4;0;0;0;0;13.8;93;80;6.8;0;-;16;41;849;804;0;1237.0;14.8;15.1;0;0;0;0;0;0;
2026.08.28;12:49:14.5;-0.00;-0.00;659;703;86;94;11;209;525;525;28;4.51;4.51;4.51;4.51;-4;0;0;0;0;13.8;93;80;6.8;0;-;16;41;849;791;0;1242.0;14.9;14.9;0;0;0;0;0;0;
2026.08.28;12:49:14.9;-0.00;-0.00;659;703;86;94;11;209;525;525;28;4.51;4.51;4.51;4.51;-3;0;0;0;0;13.8;93;80;6.8;0;-;16;41;849;791;0;1242.0;14.9;14.9;0;0;0;0;0;0;
2026.08.28;12:49:15.4;-0.00;-0.00;678;424;86;94;10;209;525;525;28;4.52;4.52;4.52;4.52;-3;0;0;0;0;13.8;93;80;7.0;0;-;16;41;849;810;0;1825.0;14.9;14.9;0;0;0;0;0;0;
2026.08.28;12:49:15.8;-0.01;-0.01;585;712;87;95;8;209;525;525;28;4.52;4.52;4.52;4.52;-3;0;0;0;0;13.8;93;80;7.0;0;-;16;41;849;810;0;1825.0;14.8;14.8;0;0;0;0;0;0;
2026.08.28;12:49:16.3;-0.01;-0.01;585;712;87;95;8;209;525;525;28;4.52;4.52;4.52;4.52;-2;0;0;0;0;13.8;93;80;7.0;0;-;16;41;849;800;0;1194.0;14.8;14.9;0;0;0;0;0;0;
2026.08.28;12:49:16.7;-0.01;-0.01;644;517;87;94;4;209;525;525;28;4.54;4.54;4.54;4.54;-1;0;0;0;0;13.8;93;82;7.0;0;-;16;41;849;799;0;1126.0;14.8;14.9;0;0;0;0;0;0;
2026.08.28;12:49:17.2;-0.01;-0.01;434;698;87;94;0;209;525;504;28;4.46;4.46;4.46;4.46;-1;0;0;0;0;13.8;93;82;7.0;0;-;16;41;849;799;0;1126.0;14.8;14.8;0;0;0;0;0;0;
2026.08.28;12:49:17.6;-0.01;-0.01;434;698;87;94;0;209;525;525;28;4.46;4.46;4.46;4.46;0;0;0;0;0;13.8;93;82;7.1;0;-;16;41;849;799;0;2001.0;15.0;14.8;0;0;0;0;0;0;
2026.08.28;12:49:18.1;-0.01;-0.01;629;620;88;96;0;209;525;525;28;4.49;4.49;4.49;4.49;0;0;0;0;0;13.8;93;82;7.1;0;-;16;41;849;797;0;1181.0;15.0;14.8;0;0;0;0;0;0;
2026.08.28;12:49:18.5;0.01;0.01;112;112;87;95;0;209;525;525;28;4.59;4.59;4.59;4.59;0;0;0;0;0;13.8;93;82;7.1;0;-;16;41;849;797;0;1181.0;14.9;14.7;0;0;0;0;0;0;
2026.08.28;12:49:19.0;0.01;0.01;112;112;87;95;0;209;525;525;28;4.59;4.59;4.59;4.59;-2;0;0;0;0;13.8;93;82;7.1;0;-;16;41;849;797;0;1729.0;14.9;14.8;0;0;0;0;0;0;
2026.08.28;12:49:19.4;-0.01;-0.01;620;683;87;94;4;209;525;525;28;4.48;4.48;4.48;4.48;-3;0;0;0;0;13.9;93;82;7.2;0;-;16;41;849;796;0;1183.0;14.9;14.8;0;0;0;0;0;0;
2026.08.28;12:49:19.9;-0.01;-0.01;620;683;87;94;4;209;525;525;28;4.48;4.48;4.48;4.48;-3;0;0;0;0;13.9;93;82;7.2;0;-;16;41;849;796;0;1183.0;14.8;14.8;0;0;0;0;0;0;
2026.08.28;12:49:20.3;-0.01;-0.01;703;688;88;95;8;209;525;525;28;4.52;4.52;4.52;4.52;-2;0;0;0;0;13.9;93;86;7.2;0;-;16;41;849;796;0;1633.0;14.8;14.8;0;0;0;0;0;0;
2026.08.28;12:49:20.8;-0.01;-0.01;625;195;87;95;10;209;525;525;28;4.51;4.51;4.51;4.51;-2;0;0;0;0;13.9;93;86;7.2;0;-;16;41;849;796;0;1633.0;14.7;14.8;0;0;0;0;0;0;
2026.08.28;12:49:21.2;-0.01;-0.01;625;195;87;95;10;209;525;525;28;4.51;4.51;4.51;4.51;-2;0;0;0;0;13.9;93;86;7.2;0;-;16;41;849;804;0;1827.0;14.6;14.8;0;0;0;0;0;0;
2026.08.28;12:49:21.7;-0.01;-0.01;610;712;87;95;12;209;525;525;28;4.50;4.50;4.50;4.50;-2;0;0;0;0;13.8;93;86;7.2;0;-;16;41;849;797;0;1252.0;14.6;14.8;0;0;0;0;0;0;
2026.08.28;12:49:22.1;0.01;0.01;532;136;87;95;13;209;525;525;28;4.60;4.60;4.60;4.60;-3;0;0;0;0;13.8;93;86;7.2;0;-;16;41;849;797;0;1252.0;14.8;14.9;0;0;0;0;0;0;
2026.08.28;12:49:22.6;0.01;0.01;532;136;87;95;13;209;525;525;28;4.60;4.60;4.60;4.60;-1;0;0;0;0;13.8;93;86;7.2;0;-;16;41;849;791;0;1263.0;14.9;14.9;0;0;0;0;0;0;
2026.08.28;12:49:23.0;-0.01;-0.01;693;678;86;94;15;209;525;525;28;4.51;4.51;4.51;4.51;-1;0;0;0;0;13.8;93;86;7.2;0;-;16;41;849;798;0;1547.0;14.9;14.9;0;0;0;0;0;0;
2026.08.28;12:49:23.5;-0.01;-0.01;693;678;86;94;15;209;525;525;28;4.51;4.51;4.51;4.51;-3;0;0;0;0;13.8;93;86;7.2;0;-;16;41;849;798;0;1547.0;14.6;14.6;0;0;0;0;0;0;
2026.08.28;12:49:23.9;0.01;0.01;122;190;87;95;17;209;525;525;28;4.52;4.52;4.52;4.52;-2;0;0;0;0;13.7;93;88;7.3;0;-;16;41;849;799;0;1658.0;14.6;14.6;0;0;0;0;0;0;
2026.08.28;12:49:24.4;0.00;0.00;156;434;87;94;19;209;525;525;28;4.54;4.54;4.54;4.54;-2;0;0;0;0;13.7;93;88;7.3;0;-;16;41;849;799;0;1658.0;14.6;14.7;0;0;0;0;0;0;
2026.08.28;12:49:24.8;0.00;0.00;156;434;87;94;19;209;504;525;28;4.54;4.54;4.54;4.54;-4;0;0;0;0;13.7;93;88;7.3;0;-;16;41;849;812;0;1180.0;14.4;14.8;0;0;0;0;0;0;
2026.08.28;12:49:25.3;-0.02;-0.02;712;712;86;94;19;209;504;525;28;4.36;4.36;4.36;4.36;-2;0;0;0;0;13.7;93;88;7.3;0;-;16;41;849;797;0;1596.0;14.4;14.8;0;0;0;0;0;0;
2026.08.28;12:49:25.8;-0.00;-0.00;126;195;88;96;21;209;525;504;28;4.45;4.45;4.45;4.45;-2;0;0;0;0;13.7;93;88;7.3;0;-;16;41;849;797;0;1596.0;14.5;14.6;0;0;0;0;0;0;
2026.08.28;12:49:26.2;-0.00;-0.00;126;195;88;96;21;209;504;525;28;4.45;4.45;4.45;4.45;-3;0;0;0;0;13.8;93;88;7.3;0;-;16;41;849;807;0;1199.0;14.3;14.7;0;0;0;0;0;0;
2026.08.28;12:49:26.7;-0.02;-0.02;712;717;87;96;22;209;504;525;28;4.38;4.38;4.38;4.38;-2;0;0;0;0;13.8;93;88;7.3;0;-;16;41;849;796;0;1330.0;14.3;14.7;0;0;0;0;0;0;
2026.08.28;12:49:27.1;-0.00;-0.00;151;107;0;0;23;209;525;525;28;4.43;4.43;4.43;4.43;-2;0;0;0;0;13.8;93;88;7.3;0;-;16;41;849;796;0;1330.0;14.3;14.7;0;0;0;0;0;0;
2026.08.28;12:49:27.6;-0.00;-0.00;151;107;0;0;23;209;525;525;28;4.43;4.43;4.43;4.43;-2;0;0;0;0;13.8;93;88;7.3;0;-;16;41;849;800;0;1163.0;14.3;14.7;0;0;0;0;0;0;
2026.08.28;12:49:28.0;-0.00;-0.00;102;146;87;95;25;209;525;525;28;4.41;4.41;4.41;4.41;-2;0;0;0;0;13.9;93;88;7.2;0;-;16;41;849;797;0;1133.0;14.3;14.7;0;0;0;0;0;0;
2026.08.28;12:49:28.5;-0.00;-0.00;102;146;87;95;25;209;525;525;28;4.41;4.41;4.41;4.41;-3;0;0;0;0;13.9;93;88;7.2;0;-;16;41;849;797;0;1133.0;14.2;14.8;0;0;0;0;0;0;
2026.08.28;12:49:28.9;-0.02;-0.02;708;688;87;95;28;209;525;525;28;4.38;4.38;4.38;4.38;-2;0;0;0;0;13.9;93;88;7.2;0;-;16;41;849;796;0;1104.0;14.2;14.8;0;0;0;0;0;0;
2026.08.28;12:49:29.4;0.00;0.00;112;87;87;96;30;209;525;525;28;4.44;4.44;4.44;4.44;-2;0;0;0;0;13.9;93;88;7.2;0;-;16;41;849;796;0;1104.0;14.3;14.7;0;0;0;0;0;0;
2026.08.28;12:49:29.8;0.00;0.00;112;87;87;96;30;209;504;525;28;4.44;4.44;4.44;4.44;-2;0;0;0;0;13.9;93;88;7.2;0;-;16;41;849;804;0;1708.0;14.2;14.8;0;0;0;0;0;0;
2026.08.28;12:49:30.3;-0.02;-0.02;415;693;87;95;33;209;504;525;28;4.33;4.33;4.33;4.33;-2;0;0;0;0;13.8;93;88;7.2;0;-;16;41;849;795;0;1822.0;14.2;14.8;0;0;0;0;0;0;
2026.08.28;12:49:30.7;0.01;0.01;122;97;87;95;35;209;525;525;28;4.42;4.42;4.42;4.42;-3;0;0;0;0;13.8;93;88;7.2;0;-;16;41;849;795;0;1822.0;14.3;14.9;0;0;0;0;0;0;
2026.08.28;12:49:31.2;0.01;0.01;122;97;87;95;35;209;525;525;28;4.42;4.42;4.42;4.42;-4;0;0;0;0;13.8;92;88;7.2;0;-;16;41;849;809;0;1255.0;14.3;14.9;0;0;0;0;0;0;
2026.08.28;12:49:31.6;-0.00;-0.00;649;219;88;96;36;209;525;525;28;4.33;4.33;4.33;4.33;-4;0;0;0;0;13.8;92;88;7.2;0;-;16;41;849;797;0;1238.0;14.2;14.9;0;0;0;0;0;0;
2026.08.28;12:49:32.1;-0.00;-0.00;649;219;88;96;36;209;525;525;28;4.33;4.33;4.33;4.33;-2;0;0;0;0;13.8;92;88;7.2;0;-;16;41;849;797;0;1238.0;14.2;14.7;0;0;0;0;0;0;
2026.08.28;12:49:32.5;0.01;0.01;92;146;87;95;39;209;525;525;28;4.37;4.37;4.37;4.37;-2;0;0;0;0;13.8;92;88;7.2;0;-;16;41;849;797;0;1657.0;14.2;14.7;0;0;0;0;0;0;
2026.08.28;12:49:33.0;0.02;0.02;122;97;87;95;41;209;525;525;28;4.40;4.40;4.40;4.40;-2;0;0;0;0;13.8;92;88;7.2;0;-;16;41;849;797;0;1657.0;14.2;14.8;0;0;0;0;0;0;
2026.08.28;12:49:33.4;0.02;0.02;122;97;87;95;41;209;525;525;28;4.40;4.40;4.40;4.40;-1;0;0;0;0;13.8;92;88;7.2;0;-;16;41;849;807;0;1738.0;14.0;14.7;0;0;0;0;0;0;
2026.08.28;12:49:33.9;0.02;0.02;112;371;88;96;42;209;525;525;28;4.39;4.39;4.39;4.39;-3;0;0;0;0;13.8;92;88;7.2;0;-;16;41;849;797;0;1898.0;14.0;14.7;0;0;0;0;0;0;
2026.08.28;12:49:34.3;0.02;0.02;112;371;88;96;42;209;525;525;28;4.39;4.39;4.39;4.39;-3;0;0;0;0;13.8;92;88;7.2;0;-;16;41;849;797;0;1898.0;14.3;14.9;0;0;0;0;0;0;
2026.08.28;12:49:34.8;0.03;0.03;180;117;87;95;44;209;525;525;28;4.38;4.38;4.38;4.38;-2;0;0;0;0;13.9;92;88;7.2;0;-;16;41;849;798;0;1584.0;14.3;14.9;0;0;0;0;0;0;
2026.08.28;12:49:35.2;0.01;0.01;634;688;88;97;45;209;504;525;28;4.36;4.36;4.36;4.36;-2;0;0;0;0;13.9;92;88;7.2;0;-;16;41;849;798;0;1235.0;14.0;14.8;0;0;0;0;0;0;
2026.08.28;12:49:35.7;0.01;0.01;634;688;88;97;45;209;525;525;28;4.36;4.36;4.36;4.36;-2;0;0;0;0;13.9;92;88;7.2;0;-;16;41;849;798;0;1235.0;14.1;14.8;0;0;0;0;0;0;
2026.08.28;12:49:36.1;0.03;0.03;297;141;88;96;48;209;525;525;28;4.45;4.45;4.45;4.45;-2;0;0;0;0;13.9;92;88;7.2;0;-;16;41;849;799;0;1832.0;14.0;14.8;0;0;0;0;0;0;
2026.08.28;12:49:36.6;0.03;0.03;151;517;86;95;45;209;525;525;28;4.45;4.45;4.45;4.45;-2;0;0;0;0;13.9;92;88;7.3;0;-;16;41;849;801;0;1234.0;14.0;14.8;0;0;0;0;0;0;
2026.08.28;12:49:37.0;0.03;0.03;151;517;86;95;45;209;525;525;28;4.45;4.45;4.45;4.45;-2;0;0;0;0;13.9;92;88;7.3;0;-;16;41;849;801;0;1234.0;14.2;14.9;0;0;0;0;0;0;
2026.08.28;12:49:37.5;0.01;0.01;571;673;0;0;45;209;525;525;28;4.37;4.37;4.37;4.37;-3;0;0;0;0;13.9;92;88;7.3;0;-;16;41;849;798;0;1086.0;14.2;14.9;0;0;0;0;0;0;
2026.08.28;12:49:37.9;0.02;0.02;717;620;87;96;45;209;525;525;28;4.40;4.40;4.40;4.40;-3;0;0;0;0;13.9;92;88;7.3;0;-;16;41;849;798;0;1086.0;14.0;14.8;0;0;0;0;0;0;
2026.08.28;12:49:38.4;0.02;0.02;717;620;87;96;45;209;504;525;28;4.40;4.40;4.40;4.40;-3;0;0;0;0;13.9;91;88;7.3;0;-;16;41;849;806;0;1558.0;14.0;14.9;0;0;0;0;0;0;
2026.08.28;12:49:38.8;0.01;0.01;444;703;86;95;44;209;504;525;28;4.40;4.40;4.40;4.40;-3;0;0;0;0;13.8;91;88;7.3;0;-;16;41;849;797;0;1747.0;14.0;14.9;0;0;0;0;0;0;
2026.08.28;12:49:39.3;0.01;0.01;444;703;86;95;44;209;525;525;28;4.40;4.40;4.40;4.40;-2;0;0;0;0;13.8;91;88;7.3;0;-;16;41;849;797;0;1747.0;14.0;14.9;0;0;0;0;0;0;
2026.08.28;12:49:39.7;0.01;0.01;727;722;88;97;44;209;525;525;28;4.41;4.41;4.41;4.41;-2;0;0;0;0;13.8;91;88;7.3;0;-;16;41;849;804;0;1817.0;14.0;14.9;0;0;0;0;0;0;
2026.08.28;12:49:40.2;0.00;0.00;356;664;86;95;44;209;504;525;28;4.37;4.37;4.37;4.37;-2;0;0;0;0;13.8;91;88;7.3;0;-;16;41;849;804;0;1817.0;14.0;14.7;0;0;0;0;0;0;
2026.08.28;12:49:40.6;0.00;0.00;356;664;86;95;44;209;504;525;28;4.37;4.37;4.37;4.37;-3;0;0;0;0;13.8;91;88;7.3;0;-;16;41;849;796;0;1577.0;14.0;14.8;0;0;0;0;0;0;
2026.08.28;12:49:41.1;0.00;0.00;756;712;87;96;46;209;504;525;28;4.42;4.42;4.42;4.42;0;0;0;0;0;13.8;91;88;7.4;0;-;16;41;849;801;0;1177.0;14.0;14.8;0;0;0;0;0;0;
2026.08.28;12:49:41.5;-0.00;-0.00;673;683;87;96;47;209;525;525;28;4.41;4.41;4.41;4.41;0;0;0;0;0;13.8;91;88;7.4;0;-;16;41;849;801;0;1177.0;14.2;15.0;0;0;0;0;0;0;
2026.08.28;12:49:42.0;-0.00;-0.00;673;683;87;96;47;209;525;525;28;4.41;4.41;4.41;4.41;-2;0;0;0;0;13.8;91;90;7.4;0;-;16;41;849;792;0;1742.0;14.2;14.9;0;0;0;0;0;0;
2026.08.28;12:49:42.4;0.01;0.01;180;600;87;95;47;209;525;525;28;4.48;4.48;4.48;4.48;-4;0;0;0;0;13.8;91;90;7.4;0;-;16;41;849;808;0;1211.0;14.2;14.9;0;0;0;0;0;0;
2026.08.28;12:49:42.9;-0.01;-0.01;708;708;86;95;44;209;525;525;28;4.38;4.38;4.38;4.38;-4;0;0;0;0;13.8;91;90;7.4;0;-;16;41;849;808;0;1211.0;14.1;14.8;0;0;0;0;0;0;
2026.08.28;12:49:43.3;-0.01;-0.01;708;708;86;95;44;209;504;525;28;4.38;4.38;4.38;4.38;-2;0;0;0;0;13.8;91;90;7.4;0;-;16;41;849;797;0;1279.0;13.9;14.8;0;0;0;0;0;0;
2026.08.28;12:49:43.8;-0.02;-0.02;605;678;87;95;44;209;504;525;28;4.34;4.34;4.34;4.34;-3;0;0;0;0;13.8;91;90;7.4;0;-;16;41;849;801;0;1113.0;13.9;14.8;0;0;0;0;0;0;
2026.08.28;12:49:44.2;0.00;0.00;512;175;87;96;44;209;525;525;28;4.47;4.47;4.47;4.47;-3;0;0;0;0;13.8;91;90;7.4;0;-;16;41;849;801;0;1113.0;14.0;14.8;0;0;0;0;0;0;
2026.08.28;12:49:44.7;0.00;0.00;512;175;87;96;44;209;504;525;28;4.47;4.47;4.47;4.47;-2;0;0;0;0;13.8;91;90;7.4;0;-;16;42;849;796;0;1622.0;14.0;14.7;0;0;0;0;0;0;
2026.08.28;12:49:45.1;-0.02;-0.02;571;688;86;94;44;209;504;525;28;4.32;4.32;4.32;4.32;-2;0;0;0;0;13.8;91;92;7.4;0;-;16;42;849;802;0;1611.0;14.0;14.7;0;0;0;0;0;0;
2026.08.28;12:49:45.6;-0.02;-0.02;668;517;87;95;44;209;525;525;28;4.34;4.34;4.34;4.34;-2;0;0;0;0;13.8;91;92;7.4;0;-;16;42;849;802;0;1611.0;14.0;14.7;0;0;0;0;0;0;
2026.08.28;12:49:46.0;-0.02;-0.02;668;517;87;95;44;209;525;525;28;4.34;4.34;4.34;4.34;-2;0;0;0;0;13.8;91;92;7.4;0;-;16;42;849;797;0;1223.0;14.0;14.8;0;0;0;0;0;0;
2026.08.28;12:49:46.5;-0.00;-0.00;102;141;87;96;45;209;525;525;28;4.47;4.47;4.47;4.47;-2;0;0;0;0;13.8;91;92;7.4;0;-;16;42;849;804;0;1155.0;14.0;14.8;0;0;0;0;0;0;
2026.08.28;12:49:46.9;-0.00;-0.00;102;141;87;96;45;209;525;525;28;4.47;4.47;4.47;4.47;-3;0;0;0;0;13.8;91;92;7.4;0;-;16;42;849;804;0;1155.0;14.0;14.9;0;0;0;0;0;0;
2026.08.28;12:49:47.4;-0.02;-0.02;688;712;86;95;44;209;525;525;28;4.37;4.37;4.37;4.37;-2;0;0;0;0;13.8;91;92;7.4;0;-;16;42;849;798;0;1726.0;14.0;14.9;0;0;0;0;0;0;
2026.08.28;12:49:47.8;-0.00;-0.00;205;107;87;96;44;209;525;525;28;4.43;4.43;4.43;4.43;-2;0;0;0;0;13.8;91;92;7.4;0;-;16;42;849;798;0;1726.0;14.0;14.8;0;0;0;0;0;0;
2026.08.28;12:49:48.3;-0.00;-0.00;205;107;87;96;44;209;525;525;28;4.43;4.43;4.43;4.43;-2;0;0;0;0;13.8;91;92;7.4;0;-;16;42;849;804;0;1247.0;14.1;14.8;0;0;0;0;0;0;
2026.08.28;12:49:48.7;-0.00;-0.00;92;78;87;96;44;210;525;525;28;4.40;4.40;4.40;4.40;-2;0;0;0;0;13.8;90;92;7.4;0;-;16;42;849;803;0;1837.0;14.1;14.8;0;0;0;0;0;0;
2026.08.28;12:49:49.2;-0.00;-0.00;92;78;87;96;44;210;504;525;28;4.40;4.40;4.40;4.40;-3;0;0;0;0;13.8;90;92;7.4;0;-;16;42;849;803;0;1837.0;14.0;14.8;0;0;0;0;0;0;
2026.08.28;12:49:49.6;-0.01;-0.01;683;649;86;95;42;210;504;525;28;4.25;4.25;4.25;4.25;-2;0;0;0;0;13.8;90;92;7.5;0;-;16;42;849;793;0;1810.0;14.0;14.8;0;0;0;0;0;0;
2026.08.28;12:49:50.1;0.00;0.00;112;97;87;95;46;210;525;525;28;4.37;4.37;4.37;4.37;-2;0;0;0;0;13.8;90;92;7.5;0;-;16;42;849;793;0;1810.0;14.1;14.8;0;0;0;0;0;0;
2026.08.28;12:49:50.5;0.00;0.00;112;97;87;95;46;210;525;525;28;4.37;4.37;4.37;4.37;-2;0;0;0;0;13.8;90;92;7.5;0;-;16;42;849;804;0;1117.0;14.1;14.8;0;0;0;0;0;0;
2026.08.28;12:49:51.0;0.01;0.01;170;151;87;96;46;210;525;525;28;4.41;4.41;4.41;4.41;-2;0;0;0;0;13.8;90;92;7.5;0;-;16;42;849;798;0;1165.0;14.1;14.8;0;0;0;0;0;0;
2026.08.28;12:49:51.4;0.01;0.01;170;151;87;96;46;210;525;525;28;4.41;4.41;4.41;4.41;0;0;0;0;0;13.8;90;92;7.5;0;-;16;42;849;798;0;1165.0;14.1;14.9;0;0;0;0;0;0;
2026.08.28;12:49:51.9;0.01;0.01;112;107;86;95;46;210;525;525;28;4.40;4.40;4.40;4.40;-4;0;0;0;0;13.8;90;92;7.5;0;-;16;42;849;795;0;1162.0;14.1;14.9;0;0;0;0;0;0;
2026.08.28;12:49:52.3;0.01;0.01;629;288;88;97;48;210;525;525;28;4.39;4.39;4.39;4.39;-4;0;0;0;0;13.8;90;92;7.5;0;-;16;42;849;796;0;1932.0;14.1;14.7;0;0;0;0;0;0;
2026.08.28;12:49:52.8;0.01;0.01;629;288;88;97;48;210;525;525;28;4.39;4.39;4.39;4.39;-2;0;0;0;0;13.8;90;92;7.5;0;-;16;42;849;796;0;1932.0;14.1;14.8;0;0;0;0;0;0;
2026.08.28;12:49:53.2;0.02;0.02;92;87;87;96;47;210;525;525;28;4.45;4.45;4.45;4.45;-2;0;0;0;0;13.8;90;92;7.5;0;-;16;42;849;805;0;1197.0;14.1;14.8;0;0;0;0;0;0;
2026.08.28;12:49:53.7;0.00;0.00;424;688;86;95;43;210;504;525;28;4.28;4.28;4.28;4.28;-2;0;0;0;0;13.8;90;92;7.5;0;-;16;42;849;805;0;1197.0;13.8;14.8;0;0;0;0;0;0;
2026.08.28;12:49:54.1;0.00;0.00;424;688;86;95;43;210;504;504;28;4.28;4.28;4.28;4.28;-3;0;0;0;0;13.8;90;92;7.5;0;-;16;42;849;803;0;1138.0;14.0;14.7;0;0;0;0;0;0;
2026.08.28;12:49:54.6;0.01;0.01;712;678;86;94;44;210;504;504;28;4.36;4.36;4.36;4.36;-1;0;0;0;0;13.8;90;92;7.5;0;-;16;42;849;794;0;1629.0;14.0;14.7;0;0;0;0;0;0;
2026.08.28;12:49:55.0;0.02;0.02;551;161;87;96;44;210;525;525;28;4.42;4.42;4.42;4.42;-1;0;0;0;0;13.8;90;92;7.5;0;-;16;42;849;794;0;1629.0;14.1;14.7;0;0;0;0;0;0;
2026.08.28;12:49:55.5;0.02;0.02;551;161;87;96;44;210;525;525;28;4.42;4.42;4.42;4.42;-3;0;0;0;0;13.8;90;92;7.5;0;-;16;42;849;803;0;1624.0;14.0;14.5;0;0;0;0;0;0;
2026.08.28;12:49:55.9;-0.00;-0.00;634;708;88;97;44;210;525;525;28;4.30;4.30;4.30;4.30;-3;0;0;0;0;13.9;90;92;7.5;0;-;16;42;849;803;0;1225.0;14.0;14.5;0;0;0;0;0;0;
2026.08.28;12:49:56.4;-0.00;-0.00;634;708;88;97;44;210;525;525;28;4.30;4.30;4.30;4.30;-2;0;0;0;0;13.9;90;92;7.5;0;-;16;42;849;803;0;1225.0;14.0;14.7;0;0;0;0;0;0;
2026.08.28;12:49:56.8;0.00;0.00;727;659;86;95;44;210;525;525;28;4.35;4.35;4.35;4.35;-1;0;0;0;0;13.9;90;92;7.5;0;-;16;42;849;796;0;1764.0;14.0;14.7;0;0;0;0;0;0;
2026.08.28;12:49:57.3;0.02;0.02;131;371;87;96;44;210;525;525;28;4.40;4.40;4.40;4.40;-1;0;0;0;0;13.9;90;92;7.5;0;-;16;42;849;802;0;1815.0;13.9;14.6;0;0;0;0;0;0;
2026.08.28;12:49:57.7;0.02;0.02;131;371;87;96;44;210;504;525;28;4.40;4.40;4.40;4.40;0;0;0;0;0;13.9;90;92;7.5;0;-;16;42;849;802;0;1815.0;14.0;14.7;0;0;0;0;0;0;
2026.08.28;12:49:58.2;-0.01;-0.01;708;737;87;96;44;210;504;525;28;4.35;4.35;4.35;4.35;-1;0;0;0;0;13.8;90;92;7.5;0;-;16;42;849;799;0;1170.0;14.0;14.7;0;0;0;0;0;0;
2026.08.28;12:49:58.7;-0.01;-0.01;703;693;87;95;44;210;525;525;28;4.31;4.31;4.31;4.31;-1;0;0;0;0;13.8;90;92;7.5;0;-;16;42;849;799;0;1170.0;14.0;14.6;0;0;0;0;0;0;
2026.08.28;12:49:59.1;-0.01;-0.01;703;693;87;95;44;210;504;525;28;4.31;4.31;4.31;4.31;0;0;0;0;0;13.8;90;92;7.5;0;-;16;42;849;796;0;1217.0;14.0;14.7;0;0;0;0;0;0;
2026.08.28;12:49:59.6;0.00;0.00;498;634;88;96;43;210;504;525;28;4.43;4.43;4.43;4.43;-2;0;0;0;0;13.8;90;94;7.5;0;-;16;42;849;804;0;1234.0;14.0;14.7;0;0;0;0;0;0;
2026.08.28;12:50:00.0;0.00;0.00;498;634;88;96;43;210;525;504;28;4.43;4.43;4.43;4.43;-2;0;0;0;0;13.8;90;94;7.5;0;-;16;42;849;804;0;1234.0;14.0;14.6;0;0;0;0;0;0;
2026.08.28;12:50:00.5;-0.00;-0.00;415;678;87;95;44;210;525;504;28;4.30;4.30;4.30;4.30;-2;0;0;0;0;13.8;90;94;7.5;0;-;16;42;849;801;0;1762.0;14.0;14.6;0;0;0;0;0;0;
2026.08.28;12:50:00.9;-0.02;-0.02;732;678;88;96;44;210;504;525;28;4.35;4.35;4.35;4.35;-2;0;0;0;0;13.8;90;94;7.5;0;-;16;42;849;800;0;1629.0;13.9;14.7;0;0;0;0;0;0;
2026.08.28;12:50:01.4;-0.02;-0.02;732;678;88;96;44;210;504;525;28;4.35;4.35;4.35;4.35;0;0;0;0;0;13.8;90;94;7.5;0;-;16;42;849;800;0;1629.0;13.9;14.7;0;0;0;0;0;0;
2026.08.28;12:50:01.8;-0.02;-0.02;571;688;87;95;44;210;504;525;28;4.26;4.26;4.26;4.26;-2;0;0;0;0;13.8;90;94;7.5;0;-;16;42;849;797;0;1242.0;13.9;14.7;0;0;0;0;0;0;
2026.08.28;12:50:02.3;-0.02;-0.02;644;522;87;95;44;210;525;504;28;4.29;4.29;4.29;4.29;-2;0;0;0;0;13.8;90;94;7.5;0;-;16;42;849;797;0;1242.0;13.9;14.5;0;0;0;0;0;0;
2026.08.28;12:50:02.7;-0.02;-0.02;644;522;87;95;44;210;525;525;28;4.29;4.29;4.29;4.29;-3;0;0;0;0;13.9;90;94;7.6;0;-;16;42;849;798;0;1683.0;14.0;14.7;0;0;0;0;0;0;
2026.08.28;12:50:03.2;-0.01;-0.01;92;278;87;96;44;210;525;525;28;4.37;4.37;4.37;4.37;-2;0;0;0;0;13.9;90;94;7.6;0;-;16;42;849;801;0;1645.0;14.0;14.7;0;0;0;0;0;0;
2026.08.28;12:50:03.6;0.00;0.00;434;302;87;95;47;210;525;525;28;4.45;4.45;4.45;4.45;-2;0;0;0;0;13.9;90;94;7.6;0;-;16;42;849;801;0;1645.0;14.1;14.9;0;0;0;0;0;0;
2026.08.28;12:50:04.1;0.00;0.00;434;302;87;95;47;210;525;525;28;4.45;4.45;4.45;4.45;-1;0;0;0;0;13.9;90;94;7.6;0;-;16;42;849;798;0;1803.0;14.0;14.6;0;0;0;0;0;0;
2026.08.28;12:50:04.5;0.00;0.00;151;102;87;95;47;210;525;525;28;4.42;4.42;4.42;4.42;-1;0;0;0;0;13.8;90;94;7.5;0;-;16;42;849;801;0;1175.0;14.0;14.6;0;0;0;0;0;0;
2026.08.28;12:50:05.0;0.00;0.00;151;102;87;95;47;210;525;525;28;4.42;4.42;4.42;4.42;-2;0;0;0;0;13.8;90;94;7.5;0;-;16;42;849;801;0;1175.0;14.1;14.8;0;0;0;0;0;0;
2026.08.28;12:50:05.4;0.00;0.00;136;571;87;95;44;210;525;525;28;4.37;4.37;4.37;4.37;-3;0;0;0;0;13.8;90;94;7.5;0;-;16;42;849;805;0;1203.0;14.1;14.8;0;0;0;0;0;0;
2026.08.28;12:50:05.9;0.01;0.01;429;253;87;95;45;210;525;525;28;4.40;4.40;4.40;4.40;-3;0;0;0;0;13.8;90;94;7.5;0;-;16;42;849;798;0;1574.0;13.8;14.7;0;0;0;0;0;0;
2026.08.28;12:50:06.3;0.01;0.01;429;253;87;95;45;210;525;525;28;4.40;4.40;4.40;4.40;-2;0;0;0;0;13.8;90;94;7.5;0;-;16;43;849;798;0;1574.0;13.9;14.7;0;0;0;0;0;0;
2026.08.28;12:50:06.8;0.01;0.01;92;195;87;96;45;210;525;525;28;4.39;4.39;4.39;4.39;0;0;0;0;0;13.8;89;94;7.6;0;-;16;43;849;804;0;1701.0;13.9;14.7;0;0;0;0;0;0;
2026.08.28;12:50:07.2;0.01;0.01;458;346;87;95;46;210;525;525;28;4.40;4.40;4.40;4.40;0;0;0;0;0;13.8;89;94;7.6;0;-;16;43;849;804;0;1701.0;14.1;14.9;0;0;0;0;0;0;
2026.08.28;12:50:07.7;0.01;0.01;458;346;87;95;46;210;546;525;28;4.40;4.40;4.40;4.40;0;0;0;0;0;13.8;89;94;7.6;0;-;16;42;849;804;0;1584.0;14.6;14.7;0;0;0;0;0;0;
2026.08.28;12:50:08.1;0.01;0.01;87;83;87;96;51;210;546;525;28;4.61;4.61;4.61;4.61;-3;0;0;0;0;13.8;89;94;7.6;0;-;16;42;849;789;0;1136.0;14.6;14.7;0;0;0;0;0;0;
2026.08.28;12:50:08.6;0.01;0.01;87;83;87;96;51;210;525;546;28;4.61;4.61;4.61;4.61;-3;0;0;0;0;13.8;89;94;7.6;0;-;16;42;849;789;0;1136.0;14.2;15.1;0;0;0;0;0;0;
2026.08.28;12:50:09.0;0.02;0.02;102;83;88;97;46;210;525;525;28;4.54;4.54;4.54;4.54;-3;0;0;0;0;13.8;89;94;7.6;0;-;16;43;849;803;0;1717.0;14.1;15.0;0;0;0;0;0;0;
2026.08.28;12:50:09.5;0.01;0.01;673;634;87;95;45;210;525;525;28;4.42;4.42;4.42;4.42;-3;0;0;0;0;13.8;89;94;7.6;0;-;16;43;849;803;0;1760.0;14.1;15.0;0;0;0;0;0;0;
2026.08.28;12:50:09.9;0.01;0.01;673;634;87;95;45;210;525;525;28;4.42;4.42;4.42;4.42;0;0;0;0;0;13.8;89;94;7.6;0;-;16;43;849;803;0;1760.0;14.2;14.9;0;0;0;0;0;0;
2026.08.28;12:50:10.4;0.00;0.00;664;654;87;95;48;211;525;525;28;4.38;4.38;4.38;4.38;-2;0;0;0;0;13.8;89;94;7.6;0;-;16;43;849;799;0;1126.0;14.2;14.9;0;0;0;0;0;0;
2026.08.28;12:50:10.8;0.00;0.00;698;654;88;97;46;211;504;525;28;4.40;4.40;4.40;4.40;-2;0;0;0;0;13.8;89;94;7.6;0;-;16;43;849;799;0;1126.0;14.0;14.8;0;0;0;0;0;0;
2026.08.28;12:50:11.3;0.00;0.00;698;654;88;97;46;211;504;525;28;4.40;4.40;4.40;4.40;-2;0;0;0;0;13.8;89;94;7.6;0;-;16;43;849;803;0;1301.0;13.8;14.8;0;0;0;0;0;0;
2026.08.28;12:50:11.7;0.02;0.02;92;180;85;93;43;211;504;525;28;4.33;4.33;4.33;4.33;-16;0;0;0;0;13.8;89;94;7.6;0;-;16;43;849;842;0;1300.0;13.8;14.8;0;0;0;0;0;0;
2026.08.28;12:50:12.2;-0.00;-0.00;795;756;87;96;24;211;336;441;28;3.01;3.01;3.01;3.01;-16;0;0;0;0;13.8;89;94;7.6;0;-;16;43;849;842;0;1300.0;8.8;12.0;0;0;0;0;0;0;
2026.08.28;12:50:12.6;-0.00;-0.00;795;756;87;96;24;211;399;378;28;3.01;3.01;3.01;3.01;-1;0;0;0;0;13.8;89;94;7.6;0;-;16;43;849;728;0;1535.0;9.5;9.8;0;0;0;0;0;0;
2026.08.28;12:50:13.1;-0.01;-0.01;834;834;86;94;30;211;399;378;28;3.10;3.10;3.10;3.10;-1;0;0;0;0;13.9;89;94;6.8;0;-;16;43;849;737;0;1239.0;9.5;9.8;0;0;0;0;0;0;
2026.08.28;12:50:13.5;-0.01;-0.01;834;834;86;94;30;211;399;399;28;3.10;3.10;3.10;3.10;-3;0;0;0;0;13.9;89;94;6.8;0;-;16;43;849;737;0;1239.0;9.8;10.1;0;0;0;0;0;0;
2026.08.28;12:50:14.0;-0.02;-0.02;834;844;87;95;30;211;399;399;28;3.14;3.14;3.14;3.14;-1;0;0;0;0;13.9;89;96;6.8;0;-;16;43;849;750;0;1112.0;9.8;9.9;0;0;0;0;0;0;
2026.08.28;12:50:14.4;-0.02;-0.02;825;839;86;94;31;211;399;399;28;3.03;3.03;3.03;3.03;-1;0;0;0;0;13.9;89;96;6.8;0;-;16;43;849;752;0;1195.0;9.8;9.9;0;0;0;0;0;0;
2026.08.28;12:50:14.9;-0.02;-0.02;825;839;86;94;31;211;420;399;28;3.03;3.03;3.03;3.03;0;0;0;0;0;13.9;89;96;6.8;0;-;16;43;849;752;0;1195.0;10.7;10.4;0;0;0;0;0;0;
2026.08.28;12:50:15.3;-0.03;-0.03;820;839;87;96;32;211;420;399;28;3.18;3.18;3.18;3.18;0;0;0;0;0;13.8;89;96;6.3;0;-;16;43;849;748;0;1519.0;10.7;10.4;0;0;0;0;0;0;
2026.08.28;12:50:15.8;-0.04;-0.04;800;820;85;93;29;211;399;399;28;3.04;3.04;3.04;3.04;0;0;0;0;0;13.8;89;96;6.3;0;-;16;43;849;782;0;1160.0;9.8;10.2;0;0;0;0;0;0;
2026.08.28;12:50:16.2;-0.04;-0.04;800;820;85;93;29;211;357;378;28;3.04;3.04;3.04;3.04;-7;0;0;0;0;13.8;89;96;6.3;0;-;16;43;849;782;0;1160.0;9.0;9.7;0;0;0;0;0;0;
2026.08.28;12:50:16.7;-0.04;-0.04;810;825;85;93;23;211;357;378;28;2.71;2.71;2.71;2.71;-1;0;0;0;0;13.8;89;96;6.3;0;-;16;43;849;753;0;1481.0;9.0;9.7;0;0;0;0;0;0;
2026.08.28;12:50:17.1;-0.04;-0.04;810;825;85;93;23;211;336;357;28;2.71;2.71;2.71;2.71;-1;0;0;0;0;13.8;89;96;6.3;0;-;16;43;849;753;0;1481.0;8.1;8.7;0;0;0;0;0;0;
2026.08.28;12:50:17.6;-0.05;-0.05;815;834;86;93;21;211;357;336;28;2.59;2.59;2.59;2.59;4;0;0;0;0;13.9;88;84;6.1;0;-;16;43;849;737;0;1260.0;8.7;8.6;0;0;0;0;0;0;
2026.08.28;12:50:18.0;-0.06;-0.06;800;825;86;93;21;211;357;336;28;2.68;2.68;2.68;2.68;4;0;0;0;0;13.9;88;84;6.1;0;-;16;43;849;743;0;1321.0;8.7;8.6;0;0;0;0;0;0;
2026.08.28;12:50:18.5;-0.06;-0.06;800;825;86;93;21;211;357;336;28;2.68;2.68;2.68;2.68;-2;0;0;0;0;13.9;88;84;6.1;0;-;16;43;849;743;0;1321.0;8.9;8.9;0;0;0;0;0;0;
2026.08.28;12:50:18.9;-0.07;-0.07;786;805;86;93;20;211;357;336;28;2.62;2.62;2.62;2.62;3;0;0;0;0;13.9;88;84;6.1;0;-;16;43;849;744;0;1625.0;8.9;8.9;0;0;0;0;0;0;
2026.08.28;12:50:19.4;-0.07;-0.07;761;795;87;95;19;211;357;357;28;2.59;2.59;2.59;2.59;3;0;0;0;0;14.0;88;84;6.1;0;-;16;43;849;744;0;1625.0;9.0;8.8;0;0;0;0;0;0;
2026.08.28;12:50:19.8;-0.07;-0.07;761;795;87;95;19;211;357;357;28;2.59;2.59;2.59;2.59;1;0;0;0;0;14.0;88;84;5.8;0;-;16;43;849;744;0;1331.0;8.8;9.0;0;0;0;0;0;0;
2026.08.28;12:50:20.3;-0.08;-0.08;683;756;85;93;19;211;357;357;28;2.63;2.63;2.63;2.63;0;0;0;0;0;14.0;88;84;5.8;0;-;16;43;849;744;0;1129.0;8.8;9.0;0;0;0;0;0;0;
2026.08.28;12:50:20.7;-0.06;-0.06;97;161;86;93;17;211;357;357;28;2.66;2.66;2.66;2.66;0;0;0;0;0;14.0;88;76;5.8;0;-;16;43;849;756;0;1455.0;9.1;9.0;0;0;0;0;0;0;
2026.08.28;12:50:21.2;-0.06;-0.06;97;161;86;93;17;211;357;357;28;2.66;2.66;2.66;2.66;-2;0;0;0;0;14.0;88;76;5.8;0;-;16;43;849;756;0;1455.0;8.9;9.0;0;0;0;0;0;0;
2026.08.28;12:50:21.6;-0.07;-0.07;683;385;86;93;16;211;357;357;28;2.63;2.63;2.63;2.63;1;0;0;0;0;14.0;88;76;5.7;0;-;16;43;849;750;0;1320.0;8.9;9.0;0;0;0;0;0;0;
2026.08.28;12:50:22.1;-0.06;-0.06;112;644;86;93;15;211;378;357;28;2.65;2.65;2.65;2.65;1;0;0;0;0;14.0;88;76;5.7;0;-;16;43;849;744;0;1722.0;9.2;9.0;0;0;0;0;0;0;
2026.08.28;12:50:22.5;-0.06;-0.06;112;644;86;93;15;211;357;357;28;2.65;2.65;2.65;2.65;2;0;0;0;0;14.0;88;76;5.7;0;-;16;43;849;744;0;1722.0;9.2;9.0;0;0;0;0;0;0;
2026.08.28;12:50:23.0;-0.06;-0.06;131;92;87;94;14;211;357;357;28;2.67;2.67;2.67;2.67;0;0;0;0;0;14.0;88;76;5.7;0;-;16;43;849;755;0;1174.0;9.2;9.0;0;0;0;0;0;0;
2026.08.28;12:50:23.4;-0.06;-0.06;131;92;87;94;14;211;378;357;28;2.67;2.67;2.67;2.67;0;0;0;0;0;14.0;88;76;5.7;0;-;16;43;849;755;0;1174.0;9.5;9.0;0;0;0;0;0;0;
Date;Time;UpMixCorr;DownMixCorr;UpO2Volt;DownO2Volt;UpO2Heat;DownO2Heat;CanisterValve;BrakePress;IntakeAirPressInstr;IntakeAirPress;ExternalTemp;Inj.1Time;Inj.2Time;Inj.3Time;Inj.4Time;Cyl.Adv;Cyl.1AdvCorr;Cyl.2AdvCorr;Cyl.3AdvCorr;Cyl.4AdvCorr;Battery;Coolant;FanSpeed;AirCPress;Speed;Gear;FuelLevel;AirManifold;AtmosphPress;Revs;AccelPedalPos;KnockSensor;AirFlowInstr;AirFlow;InCamDephaserInstr;InCamDephaser;InCamDephaserValve;Errors;BR;CL;
2026.08.28;17:34:44.4;0.06;0.06;625;712;96;96;0;206;378;336;25;2.93;2.93;2.93;2.93;2;0;0;0;0;14.2;43;14;3.8;0;-;12;28;853;812;0;2050.0;10.8;9.7;0;0;0;0;0;0;
2026.08.28;17:34:44.8;0.08;0.08;83;92;95;96;0;206;378;336;25;3.05;3.05;3.05;3.05;2;0;0;0;0;14.2;43;14;3.8;0;-;12;28;853;812;0;2205.0;10.8;9.7;0;0;0;0;0;0;
2026.08.28;17:34:45.3;0.08;0.08;83;92;95;96;0;206;378;336;25;3.05;3.05;3.05;3.05;5;0;0;0;0;14.2;43;14;3.8;0;-;12;28;853;812;0;2205.0;10.9;9.7;0;0;0;0;0;0;
2026.08.28;17:34:45.7;0.09;0.09;122;78;96;96;0;206;378;336;25;3.09;3.09;3.09;3.09;2;0;0;0;0;14.2;43;14;3.8;0;-;12;28;853;817;0;2231.0;10.9;9.7;0;0;0;0;0;0;
2026.08.28;17:34:46.2;0.09;0.09;122;78;96;96;0;206;378;336;25;3.09;3.09;3.09;3.09;2;0;0;0;0;14.2;43;14;3.8;0;-;12;28;853;817;0;2231.0;10.7;9.7;0;0;0;0;0;0;
2026.08.28;17:34:46.6;0.09;0.09;117;87;96;96;0;206;378;336;25;3.06;3.06;3.06;3.06;1;0;0;0;0;14.2;43;14;3.8;0;-;12;28;853;818;0;1416.0;10.7;9.7;0;0;0;0;0;0;
2026.08.28;17:34:47.1;0.08;0.08;708;664;96;96;0;206;378;336;25;3.01;3.01;3.01;3.01;1;0;0;0;0;14.2;43;14;3.8;0;-;12;28;853;818;0;1416.0;10.5;9.5;0;0;0;0;0;0;
2026.08.28;17:34:47.5;0.08;0.08;708;664;96;96;0;206;378;336;25;3.01;3.01;3.01;3.01;1;0;0;0;0;14.2;44;14;3.8;0;-;12;28;853;819;0;1660.0;10.7;9.8;0;0;0;0;0;0;
2026.08.28;17:34:48.0;0.07;0.07;473;712;95;96;0;206;378;336;25;3.01;3.01;3.01;3.01;1;0;0;0;0;14.3;44;14;3.8;0;-;12;28;853;808;0;1550.0;10.7;9.8;0;0;0;0;0;0;
2026.08.28;17:34:48.5;0.09;0.09;107;68;95;96;0;206;378;336;25;3.06;3.06;3.06;3.06;1;0;0;0;0;14.3;44;14;3.8;0;-;12;28;853;808;0;1550.0;10.7;9.6;0;0;0;0;0;0;
2026.08.28;17:34:48.9;0.09;0.09;107;68;95;96;0;206;378;336;25;3.06;3.06;3.06;3.06;3;0;0;0;0;14.3;44;14;3.8;0;-;12;28;853;813;0;2163.0;10.6;9.6;0;0;0;0;0;0;
2026.08.28;17:34:49.4;0.08;0.08;703;190;95;96;0;206;378;336;25;3.00;3.00;3.00;3.00;0;0;0;0;0;14.3;44;14;3.8;0;-;12;28;853;818;0;1824.0;10.6;9.6;0;0;0;0;0;0;
2026.08.28;17:34:49.8;0.07;0.07;600;708;96;97;0;206;378;336;25;3.03;3.03;3.03;3.03;0;0;0;0;0;14.3;44;14;3.8;0;-;12;28;853;818;0;1824.0;10.7;9.6;0;0;0;0;0;0;
2026.08.28;17:34:50.3;0.07;0.07;600;708;96;97;0;206;378;336;25;3.03;3.03;3.03;3.03;-2;0;0;0;0;14.2;44;14;3.8;0;-;12;28;853;810;0;2135.0;10.9;9.6;0;0;0;0;0;0;
2026.08.28;17:34:50.7;0.09;0.09;117;87;95;96;0;207;378;336;25;3.09;3.09;3.09;3.09;0;0;0;0;0;14.2;45;14;3.8;0;-;12;28;853;815;0;1513.0;10.9;9.6;0;0;0;0;0;0;
2026.08.28;17:34:51.2;0.07;0.07;712;693;95;96;0;207;378;336;25;3.04;3.04;3.04;3.04;0;0;0;0;0;14.2;45;14;3.8;0;-;12;28;853;815;0;1513.0;10.6;9.6;0;0;0;0;0;0;
2026.08.28;17:34:51.6;0.07;0.07;712;693;95;96;0;207;378;336;25;3.04;3.04;3.04;3.04;0;0;0;0;0;14.2;45;14;3.8;0;-;12;28;853;812;0;2128.0;10.8;9.6;0;0;0;0;0;0;
2026.08.28;17:34:52.1;0.09;0.09;112;649;94;95;0;207;378;336;24;3.07;3.07;3.07;3.07;0;0;0;0;0;14.2;45;14;3.8;0;-;12;28;853;811;0;1703.0;10.8;9.6;0;0;0;0;0;0;
2026.08.28;17:34:52.5;0.07;0.07;717;400;95;96;0;207;378;336;24;3.03;3.03;3.03;3.03;-3;0;0;0;0;14.2;45;14;3.8;0;-;12;28;853;811;0;1703.0;10.6;9.6;0;0;0;0;0;0;
2026.08.28;17:34:53.0;0.07;0.07;717;400;95;96;0;207;378;336;24;3.03;3.03;3.03;3.03;1;0;0;0;0;14.2;45;14;3.8;0;-;12;28;853;817;0;2181.0;10.7;9.7;0;0;0;0;0;0;
2026.08.28;17:34:53.4;0.07;0.07;498;659;94;95;0;207;378;336;24;3.02;3.02;3.02;3.02;0;0;0;0;0;14.2;45;14;3.8;0;-;12;28;853;821;0;1709.0;10.7;9.7;0;0;0;0;0;0;
2026.08.28;17:34:53.9;0.09;0.09;136;83;95;96;0;207;378;336;24;3.09;3.09;3.09;3.09;0;0;0;0;0;14.2;45;14;3.8;0;-;12;28;853;821;0;1709.0;10.5;9.7;0;0;0;0;0;0;
2026.08.28;17:34:54.3;0.09;0.09;136;83;95;96;0;207;378;336;24;3.09;3.09;3.09;3.09;0;0;0;0;0;14.2;45;14;3.8;0;-;12;28;853;809;0;1193.0;10.5;9.6;0;0;0;0;0;0;
2026.08.28;17:34:54.8;0.07;0.07;708;678;95;96;0;207;378;336;24;2.97;2.97;2.97;2.97;1;0;0;0;0;14.2;45;14;3.8;0;-;12;28;853;819;0;1687.0;10.5;9.6;0;0;0;0;0;0;
2026.08.28;17:34:55.2;0.07;0.07;727;703;95;96;0;207;357;336;24;2.88;2.88;2.88;2.88;1;0;0;0;0;14.2;45;14;3.8;0;-;12;28;853;819;0;1687.0;10.3;9.3;0;0;0;0;0;0;
2026.08.28;17:34:55.7;0.07;0.07;727;703;95;96;0;207;357;336;24;2.88;2.88;2.88;2.88;0;0;0;0;0;14.2;45;14;3.8;0;-;12;28;853;814;0;1707.0;10.4;9.2;0;0;0;0;0;0;
2026.08.28;17:34:56.1;0.06;0.06;737;756;94;95;0;207;357;336;24;2.85;2.85;2.85;2.85;1;0;0;0;0;14.3;45;14;3.8;0;-;12;28;853;814;0;1529.0;10.4;9.2;0;0;0;0;0;0;
2026.08.28;17:34:56.6;0.07;0.07;170;722;95;96;0;207;378;336;24;2.96;2.96;2.96;2.96;1;0;0;0;0;14.3;45;14;3.8;0;-;12;28;853;814;0;1529.0;10.7;9.4;0;0;0;0;0;0;
2026.08.28;17:34:57.0;0.07;0.07;170;722;95;96;0;207;378;336;24;2.96;2.96;2.96;2.96;1;0;0;0;0;14.3;45;14;3.8;0;-;12;28;853;806;0;1313.0;10.4;9.5;0;0;0;0;0;0;
2026.08.28;17:34:57.5;0.08;0.08;97;68;94;95;0;207;378;336;24;2.96;2.96;2.96;2.96;1;0;0;0;0;14.3;45;14;3.8;0;-;12;28;853;812;0;1706.0;10.4;9.5;0;0;0;0;0;0;
2026.08.28;17:34:57.9;0.08;0.08;97;68;94;95;0;207;378;336;24;2.96;2.96;2.96;2.96;2;0;0;0;0;14.3;45;14;3.8;0;-;12;28;853;812;0;1706.0;10.5;9.5;0;0;0;0;0;0;
2026.08.28;17:34:58.4;0.07;0.07;683;102;95;96;0;207;378;336;24;2.93;2.93;2.93;2.93;-2;0;0;0;0;14.3;45;14;3.8;0;-;12;28;853;811;0;1646.0;10.5;9.5;0;0;0;0;0;0;
2026.08.28;17:34:58.8;0.06;0.06;629;673;95;96;0;207;378;336;24;2.93;2.93;2.93;2.93;-2;0;0;0;0;14.3;45;14;3.8;0;-;12;28;853;813;0;1613.0;10.6;9.4;0;0;0;0;0;0;
2026.08.28;17:34:59.3;0.06;0.06;629;673;95;96;0;207;378;336;24;2.93;2.93;2.93;2.93;-2;0;0;0;0;14.3;45;14;3.8;0;-;12;28;853;813;0;1613.0;10.8;9.7;0;0;0;0;0;0;
2026.08.28;17:34:59.7;0.07;0.07;87;117;96;97;0;207;378;336;24;3.04;3.04;3.04;3.04;1;0;0;0;0;14.3;45;14;3.8;0;-;12;28;853;809;0;1342.0;10.8;9.7;0;0;0;0;0;0;
2026.08.28;17:35:00.2;0.08;0.08;97;73;98;99;0;207;378;336;24;3.01;3.01;3.01;3.01;1;0;0;0;0;14.3;45;14;3.8;0;-;12;28;853;809;0;1342.0;10.6;9.6;0;0;0;0;0;0;
2026.08.28;17:35:00.6;0.08;0.08;97;73;98;99;0;207;378;336;24;3.01;3.01;3.01;3.01;1;0;0;0;0;14.3;45;14;3.8;0;-;12;28;853;808;0;1843.0;10.4;9.4;0;0;0;0;0;0;
2026.08.28;17:35:01.1;0.07;0.07;693;170;95;96;0;207;378;336;24;2.96;2.96;2.96;2.96;1;0;0;0;0;14.3;46;14;3.8;0;-;12;28;853;810;0;1276.0;10.4;9.4;0;0;0;0;0;0;
2026.08.28;17:35:01.5;0.07;0.07;693;170;95;96;0;207;378;336;24;2.96;2.96;2.96;2.96;1;0;0;0;0;14.3;46;14;3.8;0;-;12;28;853;810;0;1276.0;10.6;9.3;0;0;0;0;0;0;
2026.08.28;17:35:02.0;0.06;0.06;644;708;94;96;0;207;378;336;24;2.93;2.93;2.93;2.93;0;0;0;0;0;14.3;46;14;3.8;0;-;12;28;853;809;0;1260.0;10.6;9.3;0;0;0;0;0;0;
2026.08.28;17:35:02.4;0.08;0.08;156;214;94;96;0;207;357;336;24;2.96;2.96;2.96;2.96;0;0;0;0;0;14.2;46;14;3.8;0;-;12;29;853;812;0;2010.0;10.4;9.3;0;0;0;0;0;0;
2026.08.28;17:35:02.9;0.08;0.08;156;214;94;96;0;207;357;336;24;2.96;2.96;2.96;2.96;2;0;0;0;0;14.2;46;14;3.8;0;-;12;29;853;812;0;2010.0;10.2;9.3;0;0;0;0;0;0;
2026.08.28;17:35:03.3;0.06;0.06;727;693;94;96;0;207;357;336;24;2.91;2.91;2.91;2.91;-2;0;0;0;0;14.2;46;14;3.8;0;-;12;29;853;806;0;1858.0;10.2;9.3;0;0;0;0;0;0;
2026.08.28;17:35:03.8;0.07;0.07;209;693;95;96;0;207;378;336;24;3.03;3.03;3.03;3.03;-2;0;0;0;0;14.2;46;14;3.8;0;-;12;29;853;806;0;1858.0;10.7;9.4;0;0;0;0;0;0;
2026.08.28;17:35:04.2;0.07;0.07;209;693;95;96;0;207;378;336;24;3.03;3.03;3.03;3.03;1;0;0;0;0;14.2;46;14;3.8;0;-;12;29;853;808;0;2027.0;10.5;9.6;0;0;0;0;0;0;
2026.08.28;17:35:04.7;0.08;0.08;92;73;95;96;0;206;378;336;25;2.99;2.99;2.99;2.99;1;0;0;0;0;14.2;46;15;3.8;0;-;12;29;853;809;0;1215.0;10.5;9.6;0;0;0;0;0;0;
2026.08.28;17:35:05.1;0.06;0.06;708;341;96;98;0;206;378;336;25;2.95;2.95;2.95;2.95;-1;0;0;0;0;14.2;46;15;3.8;0;-;12;29;853;809;0;1215.0;10.6;9.3;0;0;0;0;0;0;
2026.08.28;17:35:05.6;0.06;0.06;708;341;96;98;0;206;378;336;25;2.95;2.95;2.95;2.95;2;0;0;0;0;14.2;46;15;3.8;0;-;12;29;853;807;0;1096.0;10.6;9.3;0;0;0;0;0;0;
2026.08.28;17:35:06.0;0.06;0.06;693;737;94;95;0;206;378;336;25;2.93;2.93;2.93;2.93;2;0;0;0;0;14.2;46;15;3.8;0;-;12;29;853;808;0;1833.0;10.6;9.3;0;0;0;0;0;0;
2026.08.28;17:35:06.5;0.06;0.06;693;737;94;95;0;206;378;336;25;2.93;2.93;2.93;2.93;1;0;0;0;0;14.2;46;15;3.8;0;-;12;28;853;808;0;1833.0;10.4;9.3;0;0;0;0;0;0;
2026.08.28;17:35:06.9;0.07;0.07;263;693;95;97;0;206;378;336;25;2.96;2.96;2.96;2.96;0;0;0;0;0;14.3;46;15;3.8;0;-;12;28;853;807;0;1486.0;10.4;9.4;0;0;0;0;0;0;
2026.08.28;17:35:07.4;0.06;0.06;693;122;95;96;0;206;378;336;25;2.94;2.94;2.94;2.94;0;0;0;0;0;14.3;46;15;3.8;0;-;12;28;853;807;0;2001.0;10.4;9.4;0;0;0;0;0;0;
2026.08.28;17:35:07.8;0.06;0.06;693;122;95;96;0;206;378;336;25;2.94;2.94;2.94;2.94;2;0;0;0;0;14.3;46;15;3.8;0;-;12;29;853;807;0;2001.0;10.5;9.3;0;0;0;0;0;0;
2026.08.28;17:35:08.3;0.07;0.07;102;625;94;96;0;206;378;336;25;2.97;2.97;2.97;2.97;0;0;0;0;0;14.3;46;15;3.8;0;-;12;29;853;811;0;2077.0;10.5;9.3;0;0;0;0;0;0;
2026.08.28;17:35:08.7;0.08;0.08;161;92;94;95;0;206;378;336;25;3.00;3.00;3.00;3.00;0;0;0;0;0;14.3;46;15;3.8;0;-;12;29;853;811;0;2077.0;10.6;9.4;0;0;0;0;0;0;
2026.08.28;17:35:09.2;0.08;0.08;161;92;94;95;0;206;378;336;25;3.00;3.00;3.00;3.00;-1;0;0;0;0;14.2;46;15;3.8;0;-;12;29;853;816;0;1413.0;10.4;9.6;0;0;0;0;0;0;
2026.08.28;17:35:09.6;0.07;0.07;629;180;95;97;0;206;378;336;25;2.98;2.98;2.98;2.98;0;0;0;0;0;14.2;46;15;3.8;0;-;12;29;853;809;0;1640.0;10.4;9.6;0;0;0;0;0;0;
2026.08.28;17:35:10.1;0.06;0.06;585;683;95;96;0;206;378;336;25;2.90;2.90;2.90;2.90;0;0;0;0;0;14.2;46;15;3.8;0;-;12;29;853;809;0;1640.0;10.4;9.3;0;0;0;0;0;0;
2026.08.28;17:35:10.5;0.06;0.06;585;683;95;96;0;206;378;336;25;2.90;2.90;2.90;2.90;2;0;0;0;0;14.2;46;15;3.8;0;-;12;29;853;795;0;1289.0;10.6;9.6;0;0;0;0;0;0;
2026.08.28;17:35:11.0;0.08;0.08;92;273;95;96;0;206;378;336;25;3.04;3.04;3.04;3.04;2;0;0;0;0;14.3;46;15;3.8;0;-;12;29;853;808;0;2020.0;10.6;9.6;0;0;0;0;0;0;
2026.08.28;17:35:11.4;0.08;0.08;92;273;95;96;0;206;357;336;25;3.04;3.04;3.04;3.04;0;0;0;0;0;14.3;46;15;3.8;0;-;12;29;853;808;0;2020.0;10.3;9.3;0;0;0;0;0;0;
2026.08.28;17:35:11.9;0.07;0.07;668;97;95;96;0;207;357;336;25;2.93;2.93;2.93;2.93;-3;0;0;0;0;14.3;47;15;3.8;0;-;12;29;853;806;0;1626.0;10.3;9.3;0;0;0;0;0;0;
2026.08.28;17:35:12.3;0.06;0.06;693;727;95;96;0;207;378;336;25;3.04;3.04;3.04;3.04;-3;0;0;0;0;14.3;47;15;3.8;0;-;12;28;853;806;0;1626.0;10.5;9.4;0;0;0;0;0;0;
2026.08.28;17:35:12.8;0.06;0.06;693;727;95;96;0;207;378;357;25;3.04;3.04;3.04;3.04;3;0;0;0;0;14.3;47;15;3.8;0;-;12;28;853;799;0;1171.0;10.6;9.6;0;0;0;0;0;0;
2026.08.28;17:35:13.2;0.08;0.08;83;73;94;96;0;207;378;357;25;3.05;3.05;3.05;3.05;3;0;0;0;0;14.1;47;15;3.8;0;-;12;28;853;814;0;1129.0;10.6;9.6;0;0;0;0;0;0;
2026.08.28;17:35:13.7;0.08;0.08;83;73;94;96;0;207;378;336;25;3.05;3.05;3.05;3.05;3;0;0;0;0;14.1;47;15;3.8;0;-;12;29;853;814;0;1129.0;10.4;9.3;0;0;0;0;0;1;
2026.08.28;17:35:14.1;0.07;0.07;717;102;94;95;0;207;378;336;25;2.96;2.96;2.96;2.96;4;0;0;0;0;14.1;47;15;3.8;0;-;12;29;853;804;0;1928.0;10.4;9.3;0;0;0;0;0;1;
2026.08.28;17:35:14.6;0.06;0.06;688;722;95;97;0;207;399;336;25;3.20;3.20;3.20;3.20;4;0;0;0;0;14.1;47;15;3.8;0;-;12;29;853;804;0;1613.0;11.0;9.5;0;0;0;0;0;1;
2026.08.28;17:35:15.0;0.08;0.08;68;58;94;96;0;207;420;378;25;3.42;3.42;3.42;3.42;0;0;0;0;0;14.1;47;15;3.8;0;-;12;29;853;804;0;1613.0;11.9;10.4;0;0;0;0;0;1;
2026.08.28;17:35:15.5;0.08;0.08;68;58;94;96;0;207;399;378;25;3.42;3.42;3.42;3.42;-5;0;0;0;0;14.3;48;15;3.8;0;-;12;29;853;799;0;1769.0;11.5;10.7;0;0;0;0;0;1;
2026.08.28;17:35:15.9;0.09;0.09;73;63;94;96;0;207;399;378;25;3.38;3.38;3.38;3.38;-5;0;0;0;0;14.3;48;15;3.8;0;-;12;29;853;803;0;1544.0;11.5;10.7;0;0;0;0;0;1;
2026.08.28;17:35:16.4;0.10;0.10;73;63;94;96;0;207;399;357;25;3.38;3.38;3.38;3.38;-3;0;0;0;0;14.3;48;15;3.8;0;-;12;29;853;803;3;1544.0;11.5;10.4;0;0;0;0;0;1;
2026.08.28;17:35:16.8;0.10;0.10;122;87;94;96;0;207;819;630;25;3.43;3.43;3.43;3.43;15;0;0;0;0;14.3;48;15;3.8;0;-;12;29;853;809;3;1879.0;27.9;23.8;0;0;0;0;0;1;
2026.08.28;17:35:17.3;0.08;0.08;815;756;96;98;0;207;819;630;25;5.56;5.56;5.56;5.56;15;0;0;0;0;14.2;48;15;3.8;0;-;12;29;853;2146;12;2167.0;27.9;23.8;0;0;0;0;0;1;
2026.08.28;17:35:17.7;0.08;0.08;815;756;96;98;0;207;315;294;25;5.56;5.56;5.56;5.56;29;0;0;0;0;14.2;48;15;3.8;0;-;12;29;853;2146;22;2167.0;26.3;24.6;0;0;0;0;0;1;
2026.08.28;17:35:18.2;0.11;0.11;48;39;95;98;0;207;546;294;25;4.87;4.87;4.87;4.87;13;0;0;0;0;14.2;48;15;3.8;0;-;12;29;853;1972;22;2266.0;26.3;24.6;0;0;0;0;0;1;
2026.08.28;17:35:18.7;0.09;0.09;825;805;94;98;0;207;546;504;25;7.25;7.25;7.25;7.25;13;0;0;0;0;14.2;48;15;3.8;2;-;12;29;853;1778;24;4146.0;40.8;38.7;0;0;0;0;0;1;
2026.08.28;17:35:19.1;0.09;0.09;825;805;94;98;0;207;252;378;25;7.25;7.25;7.25;7.25;22;0;0;0;0;14.2;48;15;3.8;4;-;12;30;853;1778;0;4146.0;16.4;25.1;0;0;0;0;0;1;
2026.08.28;17:35:19.6;0.08;0.08;92;791;93;98;0;207;252;378;25;1.62;1.62;1.62;1.62;3;0;0;0;0;14.2;48;15;3.8;4;-;12;30;853;1177;0;1645.0;16.4;25.1;0;0;0;0;0;1;
2026.08.28;17:35:20.0;0.07;0.07;805;117;0;0;0;207;357;294;25;2.86;2.86;2.86;2.86;3;0;0;0;0;14.2;48;15;3.8;4;-;12;30;853;1177;0;1645.0;13.0;10.9;0;0;0;0;0;1;
2026.08.28;17:35:20.5;0.07;0.07;805;117;0;0;0;207;441;336;25;2.86;2.86;2.86;2.86;3;0;0;0;0;14.2;48;15;3.8;3;-;12;29;853;911;10;2018.0;14.3;10.8;0;0;0;0;0;1;
2026.08.28;17:35:20.9;0.06;0.06;854;839;90;95;0;207;441;336;25;4.54;4.54;4.54;4.54;8;0;0;0;0;14.2;48;15;3.8;3;-;12;29;853;1038;10;2050.0;14.3;10.8;0;0;0;0;0;1;
2026.08.28;17:35:21.4;0.04;0.04;834;844;90;96;0;207;567;525;25;5.93;5.93;5.93;5.93;8;0;0;0;0;14.2;48;15;3.8;4;-;12;29;853;1038;15;2050.0;24.9;23.3;0;0;0;0;0;1;
2026.08.28;17:35:21.8;0.04;0.04;834;844;90;96;0;207;378;420;25;5.93;5.93;5.93;5.93;23;0;0;0;0;14.3;48;15;3.8;5;-;12;30;853;1432;12;2452.0;23.4;26.1;0;0;0;0;0;1;
2026.08.28;17:35:22.3;-0.01;-0.01;722;810;90;96;0;207;378;420;25;3.16;3.16;3.16;3.16;25;0;0;0;0;14.3;48;15;3.8;5;-;12;30;853;1596;12;3068.0;23.4;26.1;0;0;0;0;0;1;
2026.08.28;17:35:22.7;0.03;0.03;68;53;90;96;0;207;357;357;25;2.99;2.99;2.99;2.99;25;0;0;0;0;14.3;48;15;3.8;5;-;12;30;853;1596;10;3068.0;20.1;19.7;0;0;0;0;0;1;
2026.08.28;17:35:23.2;0.03;0.03;68;53;90;96;0;207;483;378;25;2.99;2.99;2.99;2.99;22;0;0;0;0;14.3;48;15;3.8;5;-;12;29;853;1523;10;3475.0;26.6;21.5;0;0;0;0;0;1;
2026.08.28;17:35:23.6;0.08;0.08;673;92;91;97;0;207;483;378;25;5.64;5.64;5.64;5.64;22;0;0;0;0;14.2;48;15;3.8;5;-;12;29;853;1280;17;1950.0;26.6;21.5;0;0;0;0;0;1;
2026.08.28;17:35:24.1;0.08;0.08;673;92;91;97;0;207;588;567;25;5.64;5.64;5.64;5.64;9;0;0;0;0;14.2;48;15;3.8;7;-;12;29;853;1280;17;1950.0;28.0;26.6;0;0;0;0;0;1;
2026.08.28;17:35:24.5;0.01;0.01;795;795;90;95;0;207;588;567;25;6.47;6.47;6.47;6.47;16;0;0;0;0;14.2;48;15;3.8;7;-;12;29;853;1249;17;1807.0;28.0;26.6;0;0;0;0;0;1;
2026.08.28;17:35:25.0;-0.02;-0.02;68;605;90;96;0;207;504;504;25;4.09;4.09;4.09;4.09;16;0;0;0;0;14.2;48;15;3.8;8;-;12;30;853;1284;11;2365.0;22.6;22.1;0;0;0;0;0;1;
2026.08.28;17:35:25.4;-0.02;-0.02;68;605;90;96;0;207;420;399;25;4.09;4.09;4.09;4.09;17;0;0;0;0;14.2;48;15;3.8;9;-;12;30;853;1284;10;2365.0;19.4;19.1;0;0;0;0;0;0;
2026.08.28;17:35:25.9;0.04;0.04;58;48;90;96;0;207;420;399;25;3.37;3.37;3.37;3.37;9;0;0;0;0;14.3;49;15;3.8;9;-;12;30;853;1224;10;2170.0;19.4;19.1;0;0;0;0;0;0;
2026.08.28;17:35:26.3;0.08;0.08;151;97;90;96;0;207;378;378;25;3.35;3.35;3.35;3.35;9;0;0;0;0;14.3;49;15;3.8;9;-;12;29;853;1175;9;1856.0;17.9;17.1;0;0;0;0;0;0;
2026.08.28;17:35:26.8;0.08;0.08;151;97;90;96;0;207;399;378;25;3.35;3.35;3.35;3.35;14;0;0;0;0;14.3;49;15;3.8;8;-;12;29;853;1175;9;1856.0;17.0;15.6;0;0;0;0;0;0;
2026.08.28;17:35:27.2;0.04;0.04;786;771;91;96;0;207;399;378;25;3.40;3.40;3.40;3.40;16;0;0;0;0;14.3;49;15;3.8;8;-;12;29;853;1102;9;2007.0;17.0;15.6;0;0;0;0;0;0;
2026.08.28;17:35:27.7;0.01;0.01;654;766;93;97;0;207;420;378;25;3.48;3.48;3.48;3.48;16;0;0;0;0;14.3;49;15;3.8;7;-;14;29;853;1102;9;2007.0;16.2;14.7;0;0;0;0;0;0;
2026.08.28;17:35:28.1;0.01;0.01;654;766;93;97;0;207;462;420;25;3.48;3.48;3.48;3.48;17;0;0;0;0;14.2;49;15;3.8;6;-;14;29;853;972;9;1658.0;15.8;14.2;0;0;0;0;0;0;
2026.08.28;17:35:28.6;0.04;0.04;68;63;95;100;0;207;462;420;25;3.94;3.94;3.94;3.94;15;0;0;0;0;14.2;49;15;3.8;6;-;14;29;853;857;9;1676.0;15.8;14.2;0;0;0;0;0;0;
2026.08.28;17:35:29.0;0.07;0.07;78;63;95;99;0;207;504;441;25;4.44;4.44;4.44;4.44;15;0;0;0;0;14.2;49;15;3.8;5;-;14;30;853;857;10;1676.0;14.3;13.0;0;0;0;0;0;0;
2026.08.28;17:35:29.5;0.07;0.07;78;63;95;99;0;207;630;483;25;4.44;4.44;4.44;4.44;12;0;0;0;0;14.2;50;15;3.8;5;-;14;30;853;768;10;1750.0;16.3;12.8;0;0;0;0;0;0;
2026.08.28;17:35:29.9;0.09;0.09;576;117;93;96;0;207;630;483;25;5.52;5.52;5.52;5.52;12;0;0;0;0;14.2;50;15;3.8;5;-;14;30;853;869;0;1375.0;16.3;12.8;0;0;0;0;0;1;
2026.08.28;17:35:30.4;0.09;0.09;576;117;93;96;0;207;399;462;25;5.52;5.52;5.52;5.52;-16;0;0;0;0;14.2;50;15;3.8;2;-;14;30;853;869;2;1375.0;12.1;13.5;0;0;0;0;0;1;
2026.08.28;17:35:30.8;0.06;0.06;761;776;92;96;0;207;399;462;25;3.26;3.26;3.26;3.26;16;0;0;0;0;14.2;50;15;3.8;2;-;14;30;853;953;2;1967.0;12.1;13.5;0;0;0;0;0;1;
2026.08.28;17:35:31.3;0.03;0.03;766;791;92;95;0;207;504;546;25;3.37;3.37;3.37;3.37;16;0;0;0;0;14.2;50;15;3.8;0;-;14;30;853;2023;17;2504.0;29.8;30.5;0;0;0;0;0;1;
2026.08.28;17:35:31.7;0.03;0.03;766;791;92;95;0;207;420;357;25;3.37;3.37;3.37;3.37;28;0;0;0;0;14.2;50;15;3.8;0;-;14;29;853;2023;19;2504.0;28.6;24.3;0;0;0;0;0;1;
2026.08.28;17:35:32.2;0.08;0.08;68;43;91;95;0;207;420;357;25;5.60;5.60;5.60;5.60;22;0;0;0;0;14.3;50;15;3.8;0;-;14;29;853;1625;19;2013.0;28.6;24.3;0;0;0;0;0;1;
2026.08.28;17:35:32.6;0.04;0.04;839;825;90;95;0;207;588;651;25;5.99;5.99;5.99;5.99;22;0;0;0;0;14.3;50;15;3.8;0;-;10;29;853;1625;28;2013.0;51.0;53.6;30;26;0;0;0;1;
2026.08.28;17:35:33.1;0.04;0.04;839;825;90;95;0;207;567;546;25;5.99;5.99;5.99;5.99;21;0;0;0;0;14.3;50;15;3.8;0;-;10;30;853;1783;28;2227.0;37.2;36.0;0;0;0;0;0;1;
2026.08.28;17:35:33.5;0.01;0.01;419;722;89;95;0;207;567;546;25;6.62;6.62;6.62;6.62;21;0;0;0;0;14.3;50;15;3.8;3;-;10;30;853;1357;19;3345.0;37.2;36.0;0;0;0;0;0;1;
2026.08.28;17:35:34.0;0.02;0.02;68;561;90;97;0;207;357;462;25;3.06;3.06;3.06;3.06;7;0;0;0;0;14.3;50;15;3.8;5;-;10;30;853;1357;8;3345.0;18.6;23.5;0;0;0;0;0;1;
2026.08.28;17:35:34.4;0.02;0.02;68;561;90;97;0;207;630;525;25;3.06;3.06;3.06;3.06;15;0;0;0;0;14.3;50;15;3.8;5;-;10;30;853;1032;8;1498.0;21.5;18.3;0;0;0;0;0;1;
2026.08.28;17:35:34.9;0.05;0.05;78;53;90;97;0;207;630;525;25;6.07;6.07;6.07;6.07;15;0;0;0;0;14.3;50;15;3.8;4;-;10;30;853;1100;3;2620.0;21.5;18.3;0;0;0;0;0;1;
2026.08.28;17:35:35.3;0.03;0.03;791;771;100;100;0;207;441;504;25;3.92;3.92;3.92;3.92;-10;0;0;0;0;14.3;50;15;3.8;4;-;10;30;853;1100;2;2620.0;17.5;19.8;0;0;0;0;0;1;
2026.08.28;17:35:35.8;0.03;0.03;791;771;100;100;0;207;525;462;25;3.92;3.92;3.92;3.92;6;0;0;0;0;14.3;50;15;3.8;4;-;10;30;853;936;2;1863.0;17.6;15.4;0;0;0;0;0;1;
2026.08.28;17:35:36.2;0.02;0.02;327;727;91;98;0;207;525;462;25;4.72;4.72;4.72;4.72;6;0;0;0;0;14.0;51;16;3.8;5;-;10;30;853;919;2;1634.0;17.6;15.4;0;0;0;0;0;1;
2026.08.28;17:35:36.7;0.02;0.02;327;727;91;98;0;207;504;504;25;4.72;4.72;4.72;4.72;-2;0;0;0;0;14.0;51;16;3.8;4;-;10;30;853;919;2;1634.0;16.5;16.3;0;0;0;0;0;1;
2026.08.28;17:35:37.1;0.02;0.02;732;737;90;97;0;207;504;504;25;4.49;4.49;4.49;4.49;-2;0;0;0;0;14.0;51;16;3.8;4;-;10;30;853;847;2;1465.0;16.5;16.3;0;0;0;0;0;1;
2026.08.28;17:35:37.6;0.04;0.04;200;92;89;96;0;207;483;525;25;3.65;3.65;3.65;3.65;-2;0;0;0;0;14.0;51;16;3.8;6;-;10;30;853;1002;0;1980.0;17.7;19.3;0;0;0;0;0;1;
2026.08.28;17:35:38.0;0.04;0.04;200;92;89;96;0;207;336;378;25;3.65;3.65;3.65;3.65;-8;0;0;0;0;14.0;51;16;3.8;5;-;10;30;853;1002;0;1980.0;11.5;12.3;0;0;0;0;0;1;
2026.08.28;17:35:38.5;0.01;0.01;346;703;89;96;0;207;336;378;25;2.54;2.54;2.54;2.54;1;0;0;0;0;14.2;51;16;3.8;5;-;10;30;853;915;0;1657.0;11.5;12.3;0;0;0;0;0;1;
2026.08.28;17:35:38.9;0.01;0.01;795;712;90;97;0;207;357;336;25;2.62;2.62;2.62;2.62;1;0;0;0;0;14.2;51;16;3.8;5;-;10;29;853;890;0;1672.0;11.6;11.0;0;0;0;0;0;1;
2026.08.28;17:35:39.4;0.01;0.01;795;712;90;97;0;207;336;315;25;2.62;2.62;2.62;2.62;1;0;0;0;0;14.2;51;16;3.8;5;-;10;29;853;890;0;1672.0;10.8;9.9;0;0;0;0;0;1;
2026.08.28;17:35:39.8;0.00;0.00;830;825;90;97;0;225;336;315;25;2.62;2.62;2.62;2.62;5;0;0;0;0;14.2;51;16;3.8;5;-;10;29;853;869;0;1403.0;10.8;9.9;0;0;0;0;0;1;
2026.08.28;17:35:40.3;-0.00;-0.00;825;834;89;96;0;225;336;315;25;2.63;2.63;2.63;2.63;5;0;0;0;0;14.2;51;16;3.8;6;-;10;29;853;869;0;1403.0;10.4;9.7;0;0;0;0;0;1;
2026.08.28;17:35:40.7;-0.00;-0.00;825;834;89;96;0;225;441;336;25;2.63;2.63;2.63;2.63;4;0;0;0;0;14.2;51;16;3.8;6;-;10;29;853;861;0;1901.0;13.8;10.7;0;0;0;0;0;1;
2026.08.28;17:35:41.2;-0.02;-0.02;805;839;90;97;0;225;441;336;25;3.90;3.90;3.90;3.90;4;0;0;0;0;14.2;51;16;3.8;6;-;10;29;853;933;10;2212.0;13.8;10.7;0;0;0;0;0;1;
2026.08.28;17:35:41.6;-0.02;-0.02;805;839;90;97;0;225;546;462;25;3.90;3.90;3.90;3.90;8;0;0;0;0;14.2;51;16;3.8;7;-;10;29;853;933;14;2212.0;20.6;17.8;0;0;0;0;0;1;
2026.08.28;17:35:42.1;-0.04;-0.04;78;659;89;96;0;225;504;504;25;5.22;5.22;5.22;5.22;16;0;0;0;0;14.2;51;16;3.8;7;-;10;29;853;1183;14;1529.0;23.8;24.2;0;0;0;0;0;1;
2026.08.28;17:35:42.5;-0.01;-0.01;605;92;89;96;0;225;504;504;25;4.72;4.72;4.72;4.72;16;0;0;0;0;14.3;51;16;3.8;9;-;9;29;853;1506;15;3056.0;23.8;24.2;0;0;0;0;0;0;
2026.08.28;17:35:43.0;-0.01;-0.01;605;92;89;96;0;225;525;483;25;4.72;4.72;4.72;4.72;24;0;0;0;0;14.3;51;16;3.8;12;-;9;30;853;1506;20;3056.0;32.7;30.1;0;0;0;0;0;0;
2026.08.28;17:35:43.4;0.03;0.03;63;48;90;96;0;225;525;483;25;5.54;5.54;5.54;5.54;25;0;0;0;0;14.3;51;16;3.8;12;-;9;30;853;1857;20;2060.0;32.7;30.1;0;0;0;0;0;0;
2026.08.28;17:35:43.9;0.01;0.01;629;668;88;96;0;225;567;546;25;5.76;5.76;5.76;5.76;25;0;0;0;0;14.3;51;16;3.8;14;-;9;30;853;2262;24;3184.0;46.4;44.2;0;0;0;0;0;0;
2026.08.28;17:35:44.3;0.01;0.01;629;668;88;96;0;225;231;336;25;5.76;5.76;5.76;5.76;5;0;0;0;0;14.3;51;16;3.8;16;-;9;30;853;2262;0;3184.0;19.2;26.5;0;0;0;0;0;1;
2026.08.28;17:35:44.8;0.04;0.04;14;29;87;96;0;225;231;336;25;1.51;1.51;1.51;1.51;30;0;0;0;0;14.2;51;16;3.8;16;-;9;30;853;1481;0;3061.0;19.2;26.5;0;0;0;0;0;1;
2026.08.28;17:35:45.3;0.04;0.04;834;747;86;96;0;225;567;315;25;6.82;6.82;6.82;6.82;30;0;0;0;0;14.2;51;16;3.8;17;-;9;30;853;1481;20;3061.0;28.5;17.1;0;0;0;0;0;1;
2026.08.28;17:35:45.7;0.04;0.04;834;747;86;96;0;225;609;609;25;6.82;6.82;6.82;6.82;18;0;0;0;0;14.2;51;16;3.8;17;-;9;30;853;1415;20;3403.0;33.1;33.1;7;2;94;0;0;1;
2026.08.28;17:35:46.2;0.02;0.02;830;820;86;96;0;225;609;609;25;6.42;6.42;6.42;6.42;18;0;0;0;0;14.2;51;16;3.8;18;-;9;30;853;1461;20;3016.0;33.1;33.1;7;2;94;0;0;1;
2026.08.28;17:35:46.6;-0.01;-0.01;620;737;85;96;0;225;504;567;25;4.15;4.15;4.15;4.15;18;0;0;0;0;14.2;51;16;3.8;19;-;9;30;853;1461;15;3016.0;28.7;31.5;0;0;0;0;0;0;
2026.08.28;17:35:47.1;-0.01;-0.01;620;737;85;96;0;223;420;420;25;4.15;4.15;4.15;4.15;17;0;0;0;0;14.3;52;16;3.7;20;-;11;30;853;1556;14;3579.0;25.1;25.2;0;0;0;0;0;0;
2026.08.28;17:35:47.5;0.05;0.05;53;43;86;96;0;223;420;420;25;3.65;3.65;3.65;3.65;25;0;0;0;0;14.3;52;16;3.7;20;-;11;30;853;1605;14;3061.0;25.1;25.2;0;0;0;0;0;0;
2026.08.28;17:35:48.0;0.10;0.10;97;78;85;96;0;223;399;399;25;3.78;3.78;3.78;3.78;25;0;0;0;0;14.3;52;16;3.7;21;-;11;30;853;1652;14;3249.0;25.1;24.2;0;0;0;0;0;0;
2026.08.28;17:35:48.4;0.10;0.10;97;78;85;96;0;223;336;357;25;3.78;3.78;3.78;3.78;27;0;0;0;0;14.3;52;16;3.7;22;-;11;29;853;1652;11;3249.0;20.9;22.6;0;0;0;0;0;0;
2026.08.28;17:35:48.9;0.04;0.04;732;722;87;97;0;223;336;357;25;2.85;2.85;2.85;2.85;28;0;0;0;0;14.2;52;16;3.7;22;-;11;29;853;1718;11;2148.0;20.9;22.6;0;0;0;0;0;0;
2026.08.28;17:35:49.3;0.05;0.05;131;146;86;96;0;223;315;315;25;2.71;2.71;2.71;2.71;28;0;0;0;0;14.2;52;16;3.7;22;-;11;29;853;1715;11;3239.0;19.9;20.0;0;0;0;0;0;0;
2026.08.28;17:35:49.8;0.05;0.05;131;146;86;96;0;223;315;315;25;2.71;2.71;2.71;2.71;29;0;0;0;0;14.2;52;16;3.7;22;-;11;29;853;1715;11;3239.0;20.2;20.2;0;0;0;0;0;0;
2026.08.28;17:35:50.2;-0.00;-0.00;766;756;0;0;0;223;315;315;25;2.65;2.65;2.65;2.65;29;0;0;0;0;14.2;53;17;3.7;22;-;11;29;853;1728;11;4470.0;20.2;20.2;0;0;0;0;0;0;
2026.08.28;17:35:50.7;-0.01;-0.01;87;283;86;96;0;223;315;294;24;2.67;2.67;2.67;2.67;29;0;0;0;0;14.2;53;17;3.7;22;-;11;29;853;1733;12;4198.0;20.0;19.8;0;0;0;0;0;0;
2026.08.28;17:35:51.1;-0.01;-0.01;87;283;86;96;0;223;336;315;24;2.67;2.67;2.67;2.67;29;0;0;0;0;14.2;53;17;3.7;22;-;11;29;853;1733;14;4198.0;22.9;21.4;0;0;0;0;0;0;
2026.08.28;17:35:51.6;-0.01;-0.01;58;68;87;97;0;223;336;315;24;3.34;3.34;3.34;3.34;27;0;0;0;0;14.2;53;17;3.7;22;-;11;29;853;1728;14;4304.0;22.9;21.4;0;0;0;0;0;0;
2026.08.28;17:35:52.0;0.00;0.00;756;659;86;96;0;223;399;378;24;3.80;3.80;3.80;3.80;27;0;0;0;0;14.2;53;17;3.7;23;-;6;29;853;1728;15;4304.0;27.4;25.9;0;0;0;0;0;0;
2026.08.28;17:35:52.5;0.00;0.00;756;659;86;96;0;223;399;378;24;3.80;3.80;3.80;3.80;27;0;0;0;0;14.2;53;17;3.7;23;-;6;30;853;1756;15;4673.0;27.5;26.8;0;0;0;0;0;0;
2026.08.28;17:35:52.9;0.02;0.02;117;83;87;96;0;223;399;378;24;3.70;3.70;3.70;3.70;27;0;0;0;0;14.2;53;17;3.7;23;-;6;30;853;1797;15;4081.0;27.5;26.8;0;0;0;0;0;0;
2026.08.28;17:35:53.4;0.02;0.02;68;102;86;96;0;223;399;378;24;3.66;3.66;3.66;3.66;27;0;0;0;0;14.2;53;17;3.7;24;-;6;30;853;1797;15;4081.0;27.9;27.4;0;0;0;0;0;0;
2026.08.28;17:35:53.8;0.02;0.02;68;102;86;96;0;223;399;378;24;3.66;3.66;3.66;3.66;28;0;0;0;0;14.2;53;17;3.7;24;-;6;30;853;1854;15;3661.0;28.6;27.0;0;0;0;0;0;0;
2026.08.28;17:35:54.3;0.00;0.00;244;668;86;96;0;223;399;378;24;3.57;3.57;3.57;3.57;27;0;0;0;0;14.2;53;17;3.7;24;-;6;30;853;1875;17;3907.0;28.6;27.0;0;0;0;0;0;0;
2026.08.28;17:35:54.7;0.04;0.04;791;668;86;96;0;223;378;399;24;2.86;2.86;2.86;2.86;27;0;0;0;0;14.2;53;17;3.7;24;-;6;30;853;1875;12;3907.0;27.4;28.3;0;0;0;0;0;0;
2026.08.28;17:35:55.2;0.04;0.04;791;668;86;96;0;223;252;273;24;2.86;2.86;2.86;2.86;28;0;0;0;0;14.3;53;17;3.7;24;-;6;30;853;1902;12;3547.0;17.9;18.8;0;0;0;0;0;0;
2026.08.28;17:35:55.6;-0.02;-0.02;791;771;85;96;0;223;252;273;24;2.04;2.04;2.04;2.04;36;0;0;0;0;14.3;53;17;3.7;24;-;6;30;853;1875;9;2023.0;17.9;18.8;0;0;0;0;0;0;
2026.08.28;17:35:56.1;-0.07;-0.07;776;791;86;96;0;223;252;252;24;1.85;1.85;1.85;1.85;36;0;0;0;0;14.3;53;17;3.7;24;-;6;30;853;1875;7;2023.0;17.1;17.4;0;0;0;0;0;0;
2026.08.28;17:35:56.5;-0.07;-0.07;776;791;86;96;0;223;210;210;24;1.85;1.85;1.85;1.85;16;0;0;0;0;14.3;53;17;3.7;24;-;6;29;853;1814;7;4053.0;14.6;14.4;0;0;0;0;0;0;
2026.08.28;17:35:57.0;-0.07;-0.07;68;322;85;95;0;223;210;210;24;1.67;1.67;1.67;1.67;16;0;0;0;0;14.2;55;17;3.7;23;-;12;29;853;1759;2;3314.0;14.6;14.4;0;0;0;0;0;0;
2026.08.28;17:35:57.4;-0.07;-0.07;68;322;85;95;0;223;210;210;24;1.67;1.67;1.67;1.67;5;0;0;0;0;14.2;55;17;3.7;22;-;12;29;853;1759;0;3314.0;14.0;13.9;0;0;0;0;0;0;
2026.08.28;17:35:57.9;-0.03;-0.03;73;58;85;96;0;223;210;210;24;1.75;1.75;1.75;1.75;-14;0;0;0;0;14.2;55;17;3.7;22;-;12;29;853;1662;0;4530.0;14.0;13.9;0;0;0;0;0;0;
2026.08.28;17:35:58.3;0.02;0.02;58;29;85;96;0;223;210;231;24;1.84;1.84;1.84;1.84;-14;0;0;0;0;14.2;55;17;3.7;21;-;12;29;853;1560;0;3616.0;13.0;13.2;0;0;0;0;1;0;
2026.08.28;17:35:58.8;0.02;0.02;58;29;85;96;0;223;210;210;24;1.84;1.84;1.84;1.84;7;0;0;0;0;14.2;55;17;3.7;19;-;12;29;853;1560;0;3616.0;11.9;11.5;0;0;0;0;1;0;
2026.08.28;17:35:59.2;-0.02;-0.02;126;693;84;96;0;223;210;210;24;1.63;1.63;1.63;1.63;7;0;0;0;0;14.2;55;17;3.7;19;-;12;29;853;1370;0;2127.0;11.9;11.5;0;0;0;0;1;0;
2026.08.28;17:35:59.7;-0.02;-0.02;791;688;88;100;0;223;210;210;24;1.68;1.68;1.63;1.63;6;0;0;0;0;14.2;55;17;3.7;15;-;12;29;853;1370;0;2127.0;9.4;8.8;0;0;0;0;1;1;
2026.08.28;17:36:00.1;-0.02;-0.02;791;688;88;100;0;223;357;294;24;1.68;1.68;1.68;1.68;19;0;0;0;0;14.2;55;17;3.7;15;-;12;29;853;927;0;2492.0;11.2;9.5;0;0;0;0;1;1;
2026.08.28;17:36:00.6;-0.03;-0.03;781;800;84;95;0;249;357;294;24;2.88;2.88;2.88;2.88;19;0;0;0;0;14.2;55;17;3.7;14;-;12;29;853;830;0;1589.0;11.2;9.5;0;0;0;0;0;1;
2026.08.28;17:36:01.0;-0.03;-0.03;781;800;84;95;0;249;357;315;24;2.88;2.88;2.88;2.88;1;0;0;0;0;14.2;55;17;3.7;13;-;12;30;853;830;2;1589.0;9.9;9.0;0;0;0;0;0;1;
2026.08.28;17:36:01.5;-0.04;-0.04;742;781;87;99;0;249;672;420;24;2.81;2.81;2.81;2.81;8;0;0;0;0;14.2;55;17;3.7;13;-;12;30;853;792;2;1701.0;21.3;14.7;0;0;0;0;0;1;
2026.08.28;17:36:01.9;-0.06;-0.06;732;747;86;97;0;249;672;420;24;8.06;8.06;8.06;8.06;8;0;0;0;0;14.2;55;17;3.7;13;-;9;30;853;1464;18;2407.0;21.3;14.7;0;0;0;0;0;1;
2026.08.28;17:36:02.4;-0.06;-0.06;732;747;86;97;0;249;588;567;24;8.06;8.06;8.06;8.06;12;0;0;0;0;14.2;55;17;3.7;14;-;9;30;853;1464;21;2407.0;38.1;36.8;4;7;40;0;0;1;
2026.08.28;17:36:02.8;0.01;0.01;78;63;85;96;0;249;588;567;24;7.83;7.83;7.83;7.83;-3;0;0;0;0;14.2;55;17;3.7;14;-;9;30;853;1200;21;2459.0;38.1;36.8;4;7;40;0;0;1;
2026.08.28;17:36:03.3;0.02;0.02;83;180;85;97;0;249;609;630;24;6.46;6.46;6.46;6.46;-3;0;0;0;0;14.2;55;17;3.7;16;-;9;30;853;1200;16;2459.0;32.9;33.5;20;23;37;0;0;1;
2026.08.28;17:36:03.7;0.02;0.02;83;180;85;97;0;249;567;567;24;6.46;6.46;6.46;6.46;0;0;0;0;0;14.2;55;17;3.7;16;-;9;30;853;1297;16;2079.0;28.8;29.0;0;0;0;0;0;1;
2026.08.28;17:36:04.2;0.04;0.04;78;58;85;97;0;249;567;567;24;5.10;5.10;5.10;5.10;0;0;0;0;0;14.2;56;17;3.7;17;-;9;30;853;1356;14;1987.0;28.8;29.0;0;0;0;0;0;0;
2026.08.28;17:36:04.6;0.04;0.04;78;58;85;97;0;249;546;504;24;5.10;5.10;5.10;5.10;15;0;0;0;0;14.2;56;17;3.7;18;-;9;30;853;1356;20;1987.0;29.2;26.5;0;0;0;0;0;0;
2026.08.28;17:36:05.1;0.06;0.06;722;551;84;96;0;249;546;504;24;6.80;6.80;6.80;6.80;13;0;0;0;0;14.2;56;17;3.7;18;-;9;30;853;1463;20;3973.0;29.2;26.5;0;0;0;0;0;0;
2026.08.28;17:36:05.5;0.04;0.04;78;327;84;96;0;249;714;693;24;9.13;9.13;9.13;9.13;13;0;0;0;0;14.2;56;17;3.7;20;-;9;30;853;1463;26;3973.0;49.7;48.5;34;30;0;0;0;0;
2026.08.28;17:36:06.0;0.04;0.04;78;327;84;96;0;249;630;630;24;9.13;9.13;9.13;9.13;13;0;0;0;0;14.3;56;17;3.7;23;-;9;30;853;1659;27;3500.0;50.3;51.3;26;28;47;0;0;0;
2026.08.28;17:36:06.4;-0.01;-0.01;546;664;82;96;0;249;630;630;24;7.31;7.31;7.31;7.31;21;0;0;0;0;14.3;56;17;3.7;23;-;9;30;853;1848;27;2185.0;50.3;51.3;26;28;47;0;0;0;
2026.08.28;17:36:06.9;0.08;0.08;97;73;81;96;0;249;609;588;24;7.02;7.02;7.02;7.02;21;0;0;0;0;14.3;56;17;3.7;25;-;14;30;853;1848;27;2185.0;52.5;52.5;19;21;39;0;0;0;
2026.08.28;17:36:07.3;0.08;0.08;97;73;81;96;0;249;567;588;24;7.02;7.02;7.02;7.02;23;0;0;0;0;14.3;56;17;3.7;25;-;14;30;853;2063;27;4541.0;53.4;53.8;12;14;40;0;0;0;
2026.08.28;17:36:07.8;0.05;0.05;92;341;78;95;0;248;567;588;24;6.18;6.18;6.18;6.18;23;0;0;0;0;14.3;56;18;3.7;28;-;14;30;853;2236;27;4968.0;53.4;53.8;12;14;40;0;0;0;
2026.08.28;17:36:08.2;0.05;0.05;92;341;78;95;0;248;504;525;24;6.18;6.18;6.18;6.18;18;0;0;0;0;14.3;56;18;3.7;30;-;14;30;853;2236;23;4968.0;46.6;48.1;0;0;0;0;0;0;
2026.08.28;17:36:08.7;0.05;0.05;117;97;77;95;0;248;504;525;24;4.34;4.34;4.34;4.34;29;0;0;0;0;14.3;56;18;3.7;30;-;14;30;853;2357;23;3844.0;46.6;48.1;0;0;0;0;0;0;
2026.08.28;17:36:09.1;0.03;0.03;771;644;76;95;0;248;378;399;24;3.48;3.48;3.48;3.48;29;0;0;0;0;14.3;56;18;3.7;31;-;14;30;853;2357;21;3844.0;36.8;37.4;0;0;0;0;0;0;
2026.08.28;17:36:09.6;0.03;0.03;771;644;76;95;0;248;378;357;24;3.48;3.48;3.48;3.48;31;0;0;0;0;14.3;56;18;3.7;31;-;14;29;853;2416;21;2399.0;36.9;35.4;0;0;0;0;0;0;
2026.08.28;17:36:10.0;0.04;0.04;122;87;76;95;0;248;378;357;24;3.49;3.49;3.49;3.49;32;0;0;0;0;14.3;56;18;3.7;31;-;14;29;853;2472;21;5000.0;36.9;35.4;0;0;0;0;0;0;
2026.08.28;17:36:10.5;0.04;0.04;87;68;75;95;0;248;336;336;24;3.05;3.05;3.05;3.05;32;0;0;0;0;14.3;56;18;3.7;32;-;14;29;853;2472;19;5000.0;33.3;32.9;0;0;0;0;0;0;
2026.08.28;17:36:10.9;0.04;0.04;87;68;75;95;0;248;252;273;24;3.05;3.05;3.05;3.05;34;0;0;0;0;14.3;56;18;3.7;33;-;14;29;853;2504;15;4708.0;25.2;26.8;0;0;0;0;0;0;
2026.08.28;17:36:11.4;-0.02;-0.02;791;737;75;95;0;248;252;273;24;1.99;1.99;1.99;1.99;27;0;0;0;0;14.3;57;18;3.7;33;-;14;29;853;2514;15;4086.0;25.2;26.8;0;0;0;0;0;0;
2026.08.28;17:36:11.8;-0.00;-0.00;166;136;75;96;0;248;231;231;24;1.87;1.87;1.87;1.87;27;0;0;0;0;14.3;57;18;3.7;33;-;12;29;853;2514;12;4086.0;20.8;21.2;0;0;0;0;0;0;
2026.08.28;17:36:12.3;-0.00;-0.00;166;136;75;96;0;248;210;210;24;1.87;1.87;1.87;1.87;25;0;0;0;0;14.3;57;18;3.7;32;-;12;29;853;2504;9;4995.0;20.3;20.0;0;0;0;0;0;0;
2026.08.28;17:36:12.7;-0.07;-0.07;258;703;73;95;0;248;210;210;24;1.76;1.76;1.76;1.76;14;0;0;0;0;14.3;57;18;3.7;32;-;12;29;853;2456;9;3738.0;20.3;20.0;0;0;0;0;0;0;
2026.08.28;17:36:13.2;0.01;0.01;97;78;72;95;0;248;210;210;24;1.94;1.94;1.94;1.94;14;0;0;0;0;14.3;57;18;3.7;31;-;12;29;853;2456;0;3738.0;20.1;19.6;0;0;0;0;0;0;
2026.08.28;17:36:13.7;0.01;0.01;97;78;72;95;0;248;210;210;24;1.94;1.94;1.94;1.94;-4;0;0;0;0;14.3;57;18;3.7;31;-;12;29;853;2362;0;3368.0;18.8;19.0;0;0;0;0;0;0;
2026.08.28;17:36:14.1;0.00;0.00;39;29;71;95;0;248;210;210;24;0.00;0.00;0.00;0.00;-4;0;0;0;0;14.2;57;18;3.7;29;-;12;29;853;2107;0;4457.0;18.8;19.0;0;0;0;0;1;0;
2026.08.28;17:36:14.6;0.00;0.00;0;0;71;95;0;248;210;231;24;0.00;0.00;0.00;0.00;0;0;0;0;0;14.2;57;18;3.7;25;-;12;29;853;2107;0;4457.0;15.7;16.4;0;0;0;0;1;0;
2026.08.28;17:36:15.0;0.00;0.00;0;0;71;95;0;216;210;231;24;0.00;0.00;0.00;0.00;4;0;0;0;0;14.2;58;18;3.7;25;-;12;29;853;1797;0;5000.0;13.6;14.7;0;0;0;0;1;0;
2026.08.28;17:36:15.5;0.00;0.00;0;0;73;95;0;216;210;231;24;0.00;0.00;0.00;0.00;4;0;0;0;0;14.2;58;18;3.7;22;-;12;29;853;1650;0;3584.0;13.6;14.7;0;0;0;0;0;0;
2026.08.28;17:36:15.9;0.00;0.00;0;0;73;95;0;216;252;231;24;0.00;0.00;0.00;0.00;4;0;0;0;0;14.2;58;18;3.7;21;-;12;29;853;1650;8;3584.0;14.8;13.5;0;0;0;0;0;0;
2026.08.28;17:36:16.4;0.00;0.00;53;0;75;95;0;216;441;357;24;3.28;3.28;3.28;3.28;10;0;0;0;0;14.2;58;18;3.7;21;-;12;30;853;1594;8;3922.0;28.7;23.7;0;0;0;0;0;0;
2026.08.28;17:36:16.8;-0.02;-0.02;63;751;76;95;0;216;441;357;24;4.43;4.43;4.43;4.43;10;0;0;0;0;14.2;58;18;3.7;21;-;4;30;853;1643;17;3317.0;28.7;23.7;0;0;0;0;0;0;
2026.08.28;17:36:17.3;0.06;0.06;102;751;76;95;0;216;567;525;24;4.43;4.43;4.43;4.43;15;0;0;0;0;14.2;58;18;3.7;22;-;4;30;853;1643;24;3317.0;38.0;34.6;0;0;0;0;0;0;
2026.08.28;17:36:17.7;0.06;0.06;102;73;77;95;0;216;735;714;24;8.66;8.66;8.66;8.66;12;0;0;0;0;14.2;58;18;3.7;22;-;4;30;853;1770;24;3532.0;62.0;61.3;36;39;34;0;0;0;
2026.08.28;17:36:18.2;0.04;0.04;68;58;76;95;0;216;735;714;24;11.20;11.20;11.20;11.20;12;0;0;0;0;14.2;59;18;3.7;24;-;4;30;853;2016;34;3016.0;62.0;61.3;36;39;34;0;0;0;
2026.08.28;17:36:18.6;0.04;0.04;68;58;76;95;0;216;840;819;24;11.20;11.20;11.20;11.20;12;0;0;0;0;14.2;59;18;3.7;28;-;4;30;853;2016;39;3016.0;86.2;82.7;37;37;44;0;0;0;
2026.08.28;17:36:19.1;0.06;0.06;190;478;75;95;0;216;840;819;24;11.56;11.56;11.56;11.56;17;0;0;0;0;14.2;59;18;3.7;28;-;4;30;853;2353;39;2844.0;86.2;82.7;37;37;44;0;0;0;
2026.08.28;17:36:19.5;0.08;0.08;454;278;74;94;0;216;840;819;24;11.94;11.94;11.94;11.94;17;0;0;0;0;14.2;59;18;3.7;32;-;4;30;853;2353;45;2844.0;101.4;98.0;38;39;40;0;0;0;
2026.08.28;17:36:20.0;0.08;0.08;454;278;74;94;0;216;840;840;24;11.94;11.94;11.94;11.94;21;0;0;0;0;14.2;59;18;3.7;32;-;4;30;853;2663;45;2396.0;119.0;117.3;38;39;41;0;0;0;
2026.08.28;17:36:20.4;-0.01;-0.01;771;727;72;93;0;216;840;840;24;11.32;11.32;11.32;11.32;21;0;0;0;0;14.3;59;18;3.7;37;-;4;30;853;3012;51;4003.0;119.0;117.3;38;39;41;0;0;0;
2026.08.28;17:36:20.9;-0.01;-0.01;771;727;72;93;0;216;840;840;24;11.32;11.32;11.32;11.32;19;0;0;0;0;14.3;59;18;3.7;41;-;4;30;853;3012;57;4003.0;138.7;138.2;36;37;43;0;0;0;
2026.08.28;17:36:21.3;-0.01;-0.01;73;195;71;93;0;216;504;735;24;11.60;11.60;11.60;11.60;19;0;0;0;0;14.3;59;18;3.7;41;-;4;30;853;3329;57;3957.0;78.4;104.8;37;37;55;0;0;0;
2026.08.28;17:36:21.8;0.00;0.00;522;810;62;93;0;232;504;735;24;0.00;0.00;0.00;0.00;19;0;0;0;0;14.3;60;19;3.7;44;-;12;30;853;2731;9;5000.0;78.4;104.8;37;37;55;0;0;1;
2026.08.28;17:36:22.2;0.00;0.00;522;810;62;93;0;232;231;231;24;0.00;0.00;0.00;0.00;-18;0;0;0;0;14.3;60;19;3.7;45;-;12;29;853;2731;17;5000.0;21.6;21.0;0;0;0;0;0;1;
2026.08.28;17:36:22.7;0.00;0.00;917;800;41;92;0;232;231;231;24;3.83;3.83;3.83;3.83;16;0;0;0;0;14.3;60;19;3.7;45;-;12;29;853;2396;17;3252.0;21.6;21.0;0;0;0;0;0;1;
2026.08.28;17:36:23.1;-0.03;-0.03;810;800;42;93;6;232;546;504;24;5.88;5.88;5.88;5.88;16;0;0;0;0;14.3;60;19;3.7;45;-;12;29;853;2421;23;2415.0;52.9;50.8;0;0;0;0;0;1;
2026.08.28;17:36:23.6;-0.03;-0.03;810;800;42;93;6;232;420;462;24;5.88;5.88;5.88;5.88;14;0;0;0;0;14.3;60;19;3.7;45;-;12;30;853;2421;14;2415.0;40.1;43.8;0;0;0;0;0;0;
2026.08.28;17:36:24.0;-0.07;-0.07;244;693;43;92;7;232;420;462;24;2.64;2.64;2.64;2.64;31;0;0;0;0;14.3;60;19;3.7;45;-;12;30;853;2441;14;4974.0;40.1;43.8;0;0;0;0;0;0;
2026.08.28;17:36:24.5;-0.01;-0.01;683;73;46;91;7;232;315;294;24;1.93;1.93;1.93;1.93;31;0;0;0;0;14.3;60;19;3.7;45;-;12;30;853;2406;8;5000.0;29.2;28.7;0;0;0;0;0;0;
2026.08.28;17:36:24.9;-0.01;-0.01;683;73;46;91;7;232;210;231;24;1.93;1.93;1.93;1.93;22;0;0;0;0;14.3;60;19;3.7;45;-;12;29;853;2406;0;5000.0;19.6;20.3;0;0;0;0;0;0;
2026.08.28;17:36:25.4;-0.03;-0.03;68;190;47;91;8;232;210;231;24;1.82;1.82;1.82;1.82;2;0;0;0;0;14.3;61;19;3.7;45;-;12;29;853;2406;0;5000.0;19.6;20.3;0;0;0;0;0;0;
2026.08.28;17:36:25.8;0.00;0.00;29;39;47;91;0;232;210;210;24;0.00;0.00;0.00;0.00;2;0;0;0;0;14.3;61;19;3.7;44;-;12;29;853;2406;0;5000.0;19.3;19.6;0;0;0;0;1;0;
2026.08.28;17:36:26.3;0.00;0.00;29;39;47;91;0;232;210;231;24;0.00;0.00;0.00;0.00;2;0;0;0;0;14.3;61;19;3.7;44;-;12;29;853;2325;0;5000.0;18.7;19.5;0;0;0;0;1;0;
2026.08.28;17:36:26.7;0.00;0.00;0;0;50;91;0;232;210;231;24;0.00;0.00;0.00;0.00;2;0;0;0;0;14.3;61;19;3.7;43;-;12;29;853;2275;0;4101.0;18.7;19.5;0;0;0;0;0;0;
2026.08.28;17:36:27.2;0.00;0.00;0;0;50;91;0;232;210;231;24;0.00;0.00;0.00;0.00;3;0;0;0;0;14.3;61;19;3.7;42;-;12;29;853;2275;0;4101.0;18.1;18.8;0;0;0;0;0;0;
2026.08.28;17:36:27.6;0.00;0.00;0;0;56;91;0;232;210;231;24;0.00;0.00;0.00;0.00;3;0;0;0;0;14.3;61;19;3.7;42;-;12;29;853;2227;0;5000.0;18.1;18.8;0;0;0;0;0;0;
2026.08.28;17:36:28.1;0.00;0.00;0;0;64;91;0;232;210;210;24;0.00;0.00;0.00;0.00;3;0;0;0;0;14.3;61;19;3.7;41;-;12;29;853;2227;0;5000.0;17.5;18.1;0;0;0;0;0;0;
2026.08.28;17:36:28.5;0.00;0.00;0;0;64;91;0;232;336;252;24;0.00;0.00;0.00;0.00;45;0;0;0;0;14.3;61;19;3.7;41;-;12;29;853;2198;0;3979.0;29.0;21.9;0;0;0;0;0;0;
2026.08.28;17:36:29.0;-0.01;-0.01;893;815;67;90;0;209;336;252;24;3.77;3.77;3.77;3.77;23;0;0;0;0;14.3;61;19;3.7;40;-;12;29;853;2166;16;2648.0;29.0;21.9;0;0;0;0;0;0;
2026.08.28;17:36:29.4;0.06;0.06;195;122;69;92;8;209;672;588;24;8.46;8.46;8.46;8.46;23;0;0;0;0;14.3;61;19;3.7;41;-;12;30;853;2166;25;2648.0;59.3;54.6;5;0;87;0;0;0;
2026.08.28;17:36:29.9;0.06;0.06;195;122;69;92;8;209;630;630;24;8.46;8.46;8.46;8.46;20;0;0;0;0;14.3;61;19;3.7;41;-;12;30;853;2232;25;3728.0;67.7;68.3;29;30;44;0;0;0;
2026.08.28;17:36:30.3;0.09;0.09;107;102;67;90;12;209;630;630;24;8.64;8.64;8.64;8.64;20;0;0;0;0;14.3;61;19;3.7;42;-;12;30;853;2315;27;2800.0;67.7;68.3;29;30;44;0;0;0;
2026.08.28;17:36:30.8;0.09;0.09;107;102;67;90;12;209;630;630;24;8.64;8.64;8.64;8.64;23;0;0;0;0;14.3;61;19;3.7;44;-;12;30;853;2315;27;2800.0;69.3;70.6;29;30;43;0;0;0;
2026.08.28;17:36:31.2;0.07;0.07;717;629;66;89;17;209;630;630;24;8.07;8.07;8.07;8.07;23;0;0;0;0;14.2;61;19;3.7;44;-;12;30;853;2411;27;2896.0;69.3;70.6;29;30;43;0;0;0;
2026.08.28;17:36:31.7;0.09;0.09;805;717;65;90;21;209;630;630;24;8.05;8.05;8.05;8.05;23;0;0;0;0;14.2;61;19;3.7;46;-;0;30;853;2482;28;3318.0;73.2;73.8;31;32;37;0;0;0;
2026.08.28;17:36:32.1;0.09;0.09;805;717;65;90;21;209;609;630;24;8.05;8.05;8.05;8.05;23;0;0;0;0;14.2;61;19;3.7;47;-;0;30;853;2482;28;3318.0;73.4;74.8;29;30;42;0;0;0;
2026.08.28;17:36:32.6;0.07;0.07;781;678;63;88;23;209;630;630;24;7.55;7.55;7.55;7.55;23;0;0;0;0;14.2;63;20;3.7;47;-;0;30;853;2581;28;3366.0;78.1;78.1;29;32;37;0;0;0;
2026.08.28;17:36:33.0;0.12;0.12;278;185;61;88;32;209;630;630;24;8.27;8.27;8.27;8.27;23;0;0;0;0;14.3;63;20;3.7;48;-;0;30;853;2633;29;5000.0;78.1;78.1;29;32;37;0;0;0;
2026.08.28;17:36:33.5;0.12;0.12;278;185;61;88;32;209;630;630;24;8.27;8.27;8.27;8.27;23;0;0;0;0;14.3;63;20;3.7;50;-;0;29;853;2633;29;5000.0;78.8;80.3;31;32;38;0;0;0;
2026.08.28;17:36:33.9;0.06;0.06;732;644;59;87;37;209;630;630;24;7.52;7.52;7.52;7.52;23;0;0;0;0;14.3;63;20;3.7;50;-;0;29;853;2731;29;5000.0;78.8;80.3;31;32;38;0;0;0;
2026.08.28;17:36:34.4;0.04;0.04;737;668;58;87;41;209;609;630;24;7.32;7.32;7.32;7.32;23;0;0;0;0;14.3;63;20;3.7;51;-;0;29;853;2731;29;5000.0;79.5;81.5;29;30;40;0;0;0;
2026.08.28;17:36:34.8;0.04;0.04;737;668;58;87;41;209;588;609;24;7.32;7.32;7.32;7.32;23;0;0;0;0;14.3;63;20;3.7;51;-;0;29;853;2790;29;5000.0;79.8;82.0;26;27;40;0;0;0;
2026.08.28;17:36:35.3;0.03;0.03;97;288;57;86;45;209;588;609;24;7.12;7.12;7.12;7.12;23;0;0;0;0;14.3;63;20;3.7;53;-;0;29;853;2865;29;5000.0;79.8;82.0;26;27;40;0;0;0;
2026.08.28;17:36:35.7;0.03;0.03;97;288;57;86;45;209;567;588;24;7.12;7.12;7.12;7.12;24;0;0;0;0;14.3;63;20;3.7;54;-;0;29;853;2865;29;5000.0;79.2;82.4;26;26;42;0;0;0;
2026.08.28;17:36:36.2;0.01;0.01;454;581;55;86;48;210;567;588;24;6.58;6.58;6.58;6.58;24;0;0;0;0;14.3;63;20;3.7;54;-;0;29;853;2922;29;3817.0;79.2;82.4;26;26;42;0;0;0;
2026.08.28;17:36:36.6;0.06;0.06;190;190;53;85;53;210;567;588;24;6.77;6.77;6.77;6.77;24;0;0;0;0;14.3;63;20;3.7;55;-;10;29;853;2922;29;3817.0;78.3;80.6;22;23;42;0;0;0;
2026.08.28;17:36:37.1;0.06;0.06;190;190;53;85;53;210;546;567;24;6.77;6.77;6.77;6.77;24;0;0;0;0;14.3;63;20;3.7;55;-;10;29;853;2959;29;4997.0;78.0;80.4;22;22;44;0;0;0;
2026.08.28;17:36:37.5;0.03;0.03;766;673;52;84;58;210;546;567;24;6.63;6.63;6.63;6.63;24;0;0;0;0;14.3;63;20;3.7;55;-;10;29;853;2974;29;4838.0;78.0;80.4;22;22;44;0;0;0;
2026.08.28;17:36:38.0;0.03;0.03;766;673;52;84;58;210;399;546;24;6.63;6.63;6.63;6.63;24;0;0;0;0;14.3;63;20;3.7;55;-;10;29;853;2974;0;4838.0;55.2;71.9;16;21;20;0;0;1;
2026.08.28;17:36:38.4;0.00;0.00;14;126;49;83;0;210;399;546;24;0.00;0.00;0.00;0.00;31;0;0;0;0;14.3;63;20;3.7;55;-;10;29;853;2315;0;5000.0;55.2;71.9;16;21;20;0;0;1;
2026.08.28;17:36:38.9;0.00;0.00;908;805;50;83;0;210;399;252;24;8.42;8.42;8.42;8.42;31;0;0;0;0;14.3;63;20;3.7;54;-;10;29;853;2315;23;5000.0;35.2;23.7;0;0;0;0;0;1;
2026.08.28;17:36:39.3;0.00;0.00;908;805;50;83;0;210;798;777;24;8.42;8.42;8.42;8.42;18;0;0;0;0;14.3;63;20;3.7;54;-;10;29;853;2154;32;3465.0;79.8;80.0;37;36;41;0;0;0;
2026.08.28;17:36:39.8;0.02;0.02;78;78;51;82;10;210;798;777;24;10.74;10.74;10.74;10.74;21;0;0;0;0;14.3;65;20;3.7;54;-;10;29;853;2166;32;4252.0;79.8;80.0;37;36;41;0;0;0;
2026.08.28;17:36:40.3;0.08;0.08;556;649;51;82;20;210;798;798;24;10.70;10.70;10.70;10.70;21;0;0;0;0;14.3;65;20;3.7;55;-;10;29;853;2166;32;4252.0;81.7;82.0;37;38;38;0;0;0;
2026.08.28;17:36:40.7;0.08;0.08;556;649;51;82;20;210;819;819;24;10.70;10.70;10.70;10.70;21;0;0;0;0;14.3;65;20;3.7;56;-;10;29;853;2182;33;5000.0;84.7;84.1;37;37;41;0;0;0;
2026.08.28;17:36:41.2;0.07;0.07;693;664;53;82;35;210;819;819;24;10.58;10.58;10.58;10.58;21;0;0;0;0;14.3;65;20;3.7;56;-;10;29;853;2206;33;5000.0;84.7;84.1;37;37;41;0;0;0;
2026.08.28;17:36:41.6;0.04;0.04;791;737;52;81;24;210;798;819;24;8.50;8.50;8.50;8.50;21;0;0;0;0;14.3;65;20;3.7;56;-;10;29;853;2206;31;5000.0;84.2;85.9;37;37;40;0;0;0;
2026.08.28;17:36:42.1;0.04;0.04;791;737;52;81;24;210;546;588;24;8.50;8.50;8.50;8.50;13;0;0;0;0;14.3;65;20;3.7;56;-;10;29;853;2227;22;3167.0;57.6;59.8;19;22;35;0;0;0;
2026.08.28;17:36:42.5;-0.04;-0.04;844;820;51;81;17;210;546;588;24;5.01;5.01;5.01;5.01;17;0;0;0;0;14.3;65;20;3.7;56;-;10;29;853;2219;22;5000.0;57.6;59.8;19;22;35;0;0;0;
2026.08.28;17:36:43.0;-0.12;-0.12;688;742;51;80;16;210;504;504;24;3.81;3.81;3.81;3.81;17;0;0;0;0;14.3;65;20;3.7;56;-;10;29;853;2219;18;5000.0;43.6;44.8;0;0;0;0;0;0;
2026.08.28;17:36:43.4;-0.12;-0.12;688;742;51;80;16;210;441;441;24;3.81;3.81;3.81;3.81;26;0;0;0;0;14.3;65;21;3.7;56;-;10;29;853;2190;18;3918.0;38.7;38.3;0;0;0;0;0;0;
2026.08.28;17:36:43.9;-0.04;-0.04;190;126;55;80;17;210;441;441;24;3.96;3.96;3.96;3.96;26;0;0;0;0;14.3;65;21;3.7;55;-;10;29;853;2146;17;2677.0;38.7;38.3;0;0;0;0;0;0;
2026.08.28;17:36:44.3;-0.03;-0.03;73;78;57;79;18;210;462;441;24;4.09;4.09;4.09;4.09;26;0;0;0;0;14.3;65;21;3.7;54;-;10;29;853;2146;17;2677.0;37.8;36.7;0;0;0;0;0;0;
2026.08.28;17:36:44.8;-0.03;-0.03;73;78;57;79;18;210;462;462;24;4.09;4.09;4.09;4.09;26;0;0;0;0;14.3;65;21;3.7;54;-;10;29;853;2111;17;2487.0;37.7;37.4;0;0;0;0;0;0;
2026.08.28;17:36:45.2;0.01;0.01;83;78;60;78;20;210;462;462;24;4.33;4.33;4.33;4.33;26;0;0;0;0;14.3;65;21;3.7;53;-;10;29;853;2111;17;2487.0;37.7;37.4;0;0;0;0;0;0;
2026.08.28;17:36:45.7;0.01;0.01;83;78;60;78;20;210;462;462;24;4.33;4.33;4.33;4.33;25;0;0;0;0;14.3;65;21;3.7;53;-;10;29;853;2070;17;4826.0;37.6;37.3;0;0;0;0;0;0;
2026.08.28;17:36:46.1;0.02;0.02;68;68;63;78;21;210;462;462;24;4.41;4.41;4.41;4.41;8;0;0;0;0;14.3;65;21;3.7;52;-;10;29;853;2023;17;3469.0;37.6;37.3;0;0;0;0;0;0;
2026.08.28;17:36:46.6;-0.03;-0.03;825;771;64;78;15;210;273;357;24;2.21;2.21;2.21;2.21;8;0;0;0;0;14.3;65;21;3.7;51;-;13;29;853;2023;10;3469.0;19.7;26.8;0;0;0;0;0;0;
2026.08.28;17:36:47.0;-0.03;-0.03;825;771;64;78;15;210;273;273;24;2.21;2.21;2.21;2.21;30;0;0;0;0;14.3;66;21;3.7;51;-;13;29;853;1982;10;5000.0;20.2;20.4;0;0;0;0;0;0;
2026.08.28;17:36:47.5;-0.10;-0.10;815;805;65;77;16;210;273;273;24;2.24;2.24;2.24;2.24;30;0;0;0;0;14.3;66;21;3.7;50;-;13;29;853;1921;11;2131.0;20.2;20.4;0;0;0;0;0;0;
2026.08.28;17:36:47.9;-0.10;-0.10;815;805;65;77;16;210;336;315;24;2.24;2.24;2.24;2.24;25;0;0;0;0;14.3;66;21;3.7;48;-;13;28;853;1921;13;2131.0;23.6;22.9;0;0;0;0;0;0;
2026.08.28;17:36:48.4;-0.08;-0.08;48;48;67;77;19;210;378;357;24;2.75;2.75;2.75;2.75;23;0;0;0;0;14.3;66;21;3.7;48;-;13;28;853;1872;13;3791.0;26.1;26.0;0;0;0;0;0;0;
2026.08.28;17:36:48.8;-0.02;-0.02;63;58;68;77;21;210;378;357;24;3.40;3.40;3.40;3.40;23;0;0;0;0;14.3;66;21;3.7;47;-;13;28;853;1819;13;3940.0;26.1;26.0;0;0;0;0;0;0;
2026.08.28;17:36:49.3;-0.02;-0.02;63;58;68;77;21;210;462;441;24;3.40;3.40;3.40;3.40;25;0;0;0;0;14.3;66;21;3.7;46;-;13;29;853;1819;16;3940.0;33.1;30.8;0;0;0;0;0;0;
2026.08.28;17:36:49.7;0.01;0.01;644;537;69;77;19;210;210;252;24;3.93;3.93;3.93;3.93;8;0;0;0;0;14.3;66;21;3.7;46;-;13;29;853;1772;16;1962.0;12.7;15.8;0;0;0;0;0;0;
2026.08.28;17:36:50.2;-0.04;-0.04;854;825;69;77;14;243;210;252;24;1.61;1.61;1.61;1.61;8;0;0;0;0;14.2;67;21;3.7;44;-;13;29;853;1698;0;2761.0;12.7;15.8;0;0;0;0;1;0;
2026.08.28;17:36:50.6;-0.04;-0.04;854;825;69;77;14;243;210;231;24;1.61;1.61;1.61;1.61;9;0;0;0;0;14.2;67;21;3.7;41;-;13;29;853;1698;0;2761.0;12.1;13.1;0;0;0;0;1;0;
2026.08.28;17:36:51.1;-0.08;-0.08;834;834;69;77;14;243;210;210;24;1.49;1.49;1.49;1.49;-9;0;0;0;0;14.2;67;21;3.7;41;-;13;29;853;1510;0;3712.0;9.9;10.1;0;0;0;0;1;0;
2026.08.28;17:36:51.5;-0.07;-0.07;595;43;70;77;12;243;210;210;24;1.45;1.45;1.45;1.45;-9;0;0;0;0;14.2;67;21;3.7;35;-;10;29;853;1106;0;3023.0;9.9;10.1;0;0;0;0;1;1;
2026.08.28;17:36:52.0;-0.10;-0.10;834;800;72;78;13;243;273;231;24;1.91;1.91;1.91;1.91;18;0;0;0;0;14.2;67;21;3.7;28;-;10;29;853;1106;0;3023.0;9.4;8.5;0;0;0;0;1;1;
2026.08.28;17:36:52.4;-0.10;-0.10;834;800;72;78;13;243;357;315;24;1.91;1.91;1.91;1.91;18;0;0;0;0;14.2;67;21;3.7;28;-;10;29;853;893;0;1851.0;11.5;9.7;0;0;0;0;1;1;
2026.08.28;17:36:52.9;-0.10;-0.10;776;810;73;78;16;243;357;315;24;2.70;2.70;2.70;2.70;18;0;0;0;0;14.2;67;21;3.7;22;-;10;29;853;837;0;1447.0;11.5;9.7;0;0;0;0;1;1;
2026.08.28;17:36:53.3;-0.10;-0.10;776;810;73;78;16;243;357;357;24;2.70;2.70;2.70;2.70;-3;0;0;0;0;14.2;67;21;3.7;20;-;10;29;853;837;2;1447.0;10.2;10.1;0;0;0;0;0;1;
2026.08.28;17:36:53.8;-0.05;-0.05;68;58;72;77;14;243;357;357;24;2.94;2.94;2.94;2.94;7;0;0;0;0;14.2;68;21;3.7;20;-;10;29;853;831;2;1460.0;10.2;10.1;0;0;0;0;0;1;
2026.08.28;17:36:54.2;-0.02;-0.02;53;48;74;78;30;243;609;483;24;4.61;4.61;4.61;4.61;7;0;0;0;0;14.2;68;21;3.7;19;-;10;29;853;1890;15;2543.0;25.5;21.5;0;0;0;0;0;1;
2026.08.28;17:36:54.7;-0.02;-0.02;53;48;74;78;30;243;735;672;24;4.61;4.61;4.61;4.61;22;0;0;0;0;14.2;68;21;3.7;18;-;10;29;853;1890;33;2543.0;57.7;56.2;16;4;94;0;0;1;
2026.08.28;17:36:55.1;-0.01;-0.01;53;112;74;77;99;243;735;672;24;10.24;10.24;10.24;10.24;21;0;0;0;0;14.2;68;21;3.7;18;-;10;29;853;2493;33;4661.0;57.7;56.2;16;4;94;0;0;1;
2026.08.28;17:36:55.6;0.07;0.07;107;107;74;79;99;243;672;693;24;9.45;9.45;9.45;9.45;21;0;0;0;0;14.2;68;21;3.7;19;-;10;29;853;2493;36;4661.0;90.0;92.6;38;39;42;0;0;1;
2026.08.28;17:36:56.0;0.07;0.07;107;107;74;79;99;243;714;735;24;9.45;9.45;9.45;9.45;22;0;0;0;0;14.2;68;21;3.7;19;-;10;29;853;2858;36;4191.0;92.9;93.7;39;39;40;0;0;1;
2026.08.28;17:36:56.5;0.11;0.11;483;292;71;79;99;243;714;735;24;10.92;10.92;10.92;10.92;22;0;0;0;0;14.2;68;21;3.7;22;-;12;29;853;2421;38;4472.0;92.9;93.7;39;39;40;0;0;0;
2026.08.28;17:36:56.9;0.08;0.08;87;151;69;79;99;243;798;798;24;10.33;10.33;10.33;10.33;22;0;0;0;0;14.2;68;21;3.7;25;-;12;29;853;2421;38;4472.0;89.0;88.9;38;38;40;0;0;0;
2026.08.28;17:36:57.4;0.08;0.08;87;151;69;79;99;269;840;819;24;10.33;10.33;10.33;10.33;21;0;0;0;0;14.2;68;22;3.7;25;-;12;29;853;2085;38;3684.0;85.6;82.6;37;38;35;0;0;0;
2026.08.28;17:36:57.8;0.09;0.09;761;664;65;80;99;269;840;819;24;10.88;10.88;10.88;10.88;21;0;0;0;0;14.2;68;22;3.7;28;-;12;29;853;2253;46;5000.0;85.6;82.6;37;38;35;0;0;0;
2026.08.28;17:36:58.3;0.09;0.09;761;664;65;80;99;269;840;819;24;10.88;10.88;10.88;10.88;21;0;0;0;0;14.2;68;22;3.7;30;-;12;29;853;2253;47;5000.0;95.7;93.6;38;38;39;0;0;0;
2026.08.28;17:36:58.7;0.04;0.04;678;683;64;81;99;269;840;819;24;10.77;10.77;10.77;10.77;17;0;0;0;0;14.3;68;22;3.7;30;-;12;29;853;2472;47;5000.0;95.7;93.6;38;38;39;0;0;0;
2026.08.28;17:36:59.2;0.00;0.00;737;703;61;80;99;269;840;840;24;10.88;10.88;10.88;10.88;17;0;0;0;0;14.3;68;22;3.7;33;-;12;29;853;2472;48;5000.0;107.8;106.8;38;39;41;0;0;0;
2026.08.28;17:36:59.6;0.00;0.00;737;703;61;80;99;269;693;840;24;10.88;10.88;10.88;10.88;18;0;0;0;0;14.3;68;22;3.7;33;-;12;29;853;2700;48;4626.0;94.8;116.1;38;39;48;0;0;0;
2026.08.28;17:37:00.1;-0.04;-0.04;834;800;58;80;85;269;693;840;24;2.79;2.79;2.79;2.79;18;0;0;0;0;14.3;68;22;3.7;36;-;12;29;853;2763;27;3306.0;94.8;116.1;38;39;48;0;0;0;
2026.08.28;17:37:00.5;0.04;0.04;43;43;42;79;41;269;273;294;24;1.34;1.34;1.34;1.34;18;0;0;0;0;14.3;68;22;3.7;35;-;12;28;853;2763;17;3306.0;27.7;31.0;0;0;0;0;0;0;
2026.08.28;17:37:01.0;0.04;0.04;43;43;42;79;41;269;210;231;24;1.34;1.34;1.34;1.34;20;0;0;0;0;14.3;70;22;3.7;35;-;12;28;853;2621;17;5000.0;20.7;22.7;0;0;0;0;0;0;
2026.08.28;17:37:01.4;0.10;0.10;214;63;40;79;34;269;210;231;24;1.58;1.58;1.58;1.58;20;0;0;0;0;14.3;70;22;3.7;33;-;10;28;853;2498;12;3528.0;20.7;22.7;0;0;0;0;0;0;
2026.08.28;17:37:01.9;0.05;0.05;825;786;39;78;33;269;210;231;24;1.76;1.76;1.76;1.76;13;0;0;0;0;14.3;70;22;3.7;31;-;10;28;853;2498;4;3528.0;19.4;20.6;0;0;0;0;0;0;
2026.08.28;17:37:02.3;0.05;0.05;825;786;39;78;33;269;210;210;24;1.76;1.76;1.76;1.76;-2;0;0;0;0;14.3;70;22;3.7;31;-;10;28;853;2377;4;2458.0;18.3;18.8;0;0;0;0;0;0;
2026.08.28;17:37:02.8;0.04;0.04;29;73;40;78;32;269;210;210;24;1.81;1.81;1.81;1.81;-2;0;0;0;0;14.3;70;22;3.7;29;-;10;28;853;2166;4;4771.0;18.3;18.8;0;0;0;0;0;0;
2026.08.28;17:37:03.2;0.04;0.04;29;73;40;78;32;269;210;231;24;1.81;1.81;1.81;1.81;-6;0;0;0;0;14.3;70;22;3.7;27;-;10;28;853;2166;0;4771.0;16.3;17.1;0;0;0;0;0;0;
2026.08.28;17:37:03.7;0.00;0.00;0;0;42;77;0;269;210;231;24;0.00;0.00;0.00;0.00;3;0;0;0;0;14.3;70;22;3.7;27;-;10;28;853;1992;0;4719.0;14.8;15.8;0;0;0;0;0;0;
2026.08.28;17:37:04.1;0.00;0.00;0;0;47;77;0;269;210;231;24;0.00;0.00;0.00;0.00;3;0;0;0;0;14.3;70;22;3.7;24;-;10;28;853;1992;0;4719.0;14.8;15.8;0;0;0;0;0;0;
2026.08.28;17:37:04.6;0.00;0.00;0;0;47;77;0;224;210;231;24;0.00;0.00;0.00;0.00;2;0;0;0;0;14.3;71;22;3.7;24;-;10;28;853;1800;0;2207.0;13.3;14.9;0;0;0;0;0;0;
2026.08.28;17:37:05.0;0.00;0.00;0;0;54;77;0;224;210;231;24;0.00;0.00;0.00;0.00;2;0;0;0;0;14.3;71;22;3.7;22;-;10;28;853;1568;0;4682.0;13.3;14.9;0;0;0;0;1;0;
2026.08.28;17:37:05.5;0.00;0.00;0;0;54;77;0;224;210;210;24;0.00;0.00;0.00;0.00;4;0;0;0;0;14.3;71;22;3.7;18;-;10;28;853;1568;0;4682.0;10.7;11.3;0;0;0;0;1;0;
2026.08.28;17:37:06.0;0.00;0.00;0;0;59;76;0;224;210;210;24;2.65;2.65;2.65;2.65;-8;0;0;0;0;14.3;71;22;3.7;18;-;10;28;853;1253;0;2520.0;10.7;11.3;0;0;0;0;1;0;
2026.08.28;17:37:06.4;0.00;0.00;893;795;62;76;0;224;210;210;24;2.09;2.09;2.09;2.09;-8;0;0;0;0;14.3;71;22;3.7;15;-;13;29;853;1253;0;2520.0;8.4;8.5;0;0;0;0;0;0;
2026.08.28;17:37:06.9;0.00;0.00;893;795;62;76;0;224;210;210;24;2.09;2.09;2.09;2.09;12;0;0;0;0;14.3;71;22;3.7;15;-;13;29;853;1093;0;2145.0;7.3;7.6;0;0;0;0;0;0;
2026.08.28;17:37:07.3;-0.01;-0.01;874;874;65;76;3;224;210;210;24;1.64;1.64;1.64;1.64;12;0;0;0;0;14.2;71;22;3.7;13;-;13;29;853;992;4;3149.0;7.3;7.6;0;0;0;0;0;0;
2026.08.28;17:37:07.8;-0.01;-0.01;874;874;65;76;3;224;609;441;24;1.64;1.64;1.64;1.64;0;0;0;0;0;14.2;71;22;3.7;12;-;13;29;853;992;17;3149.0;22.6;17.4;0;0;0;0;0;0;
2026.08.28;17:37:08.2;-0.04;-0.04;297;776;65;75;8;224;462;609;24;6.27;6.27;6.27;6.27;6;0;0;0;0;14.2;71;22;3.7;12;-;13;29;853;962;17;1761.0;15.7;20.4;0;0;0;0;0;0;
2026.08.28;17:37:08.7;0.01;0.01;78;63;68;75;7;224;462;609;24;4.50;4.50;4.50;4.50;6;0;0;0;0;14.2;71;22;3.7;13;-;13;29;853;993;10;2042.0;15.7;20.4;0;0;0;0;0;0;
2026.08.28;17:37:09.1;0.01;0.01;78;63;68;75;7;224;294;399;24;4.50;4.50;4.50;4.50;13;0;0;0;0;14.2;71;22;3.7;13;-;13;29;853;993;4;2042.0;10.3;13.2;0;0;0;0;0;0;
2026.08.28;17:37:09.6;0.04;0.04;87;78;70;76;6;224;294;399;24;2.34;2.34;2.34;2.34;10;0;0;0;0;14.0;71;22;3.7;13;-;13;29;853;948;4;2694.0;10.3;13.2;0;0;0;0;0;0;
2026.08.28;17:37:10.0;0.02;0.02;830;712;0;0;6;224;210;252;24;1.56;1.56;1.56;1.56;10;0;0;0;0;14.0;71;22;3.7;12;-;13;29;853;883;3;2600.0;6.2;7.5;0;0;0;0;0;0;
2026.08.28;17:37:10.5;0.02;0.02;830;712;0;0;6;224;210;210;24;1.56;1.56;1.56;1.56;8;0;0;0;0;14.0;71;22;3.7;11;-;13;29;853;883;1;2600.0;6.1;6.0;0;0;0;0;0;0;
2026.08.28;17:37:10.9;0.01;0.01;839;820;70;74;7;224;315;252;24;1.67;1.67;1.67;1.67;26;0;0;0;0;14.0;71;22;3.7;11;-;13;29;853;820;1;1855.0;8.4;7.1;0;0;0;0;0;0;
2026.08.28;17:37:11.4;0.00;0.00;820;830;74;77;8;253;315;252;24;2.50;2.50;2.50;2.50;26;0;0;0;0;14.2;72;23;3.7;10;-;13;29;853;758;0;1004.0;8.4;7.1;0;0;0;0;1;1;
2026.08.28;17:37:11.8;0.00;0.00;820;830;74;77;8;253;378;336;24;2.50;2.50;2.50;2.50;6;0;0;0;0;14.2;72;23;3.7;8;-;13;29;853;758;0;1004.0;9.9;8.7;0;0;0;0;1;1;
2026.08.28;17:37:12.3;-0.01;-0.01;800;830;73;75;9;253;378;336;24;2.93;2.93;2.93;2.93;-2;0;0;0;0;14.2;72;23;3.7;8;-;13;29;853;734;0;1809.0;9.9;8.7;0;0;0;0;1;1;
2026.08.28;17:37:12.7;-0.01;-0.01;678;708;72;74;9;253;357;336;24;2.88;2.88;2.88;2.88;-2;0;0;0;0;14.2;72;23;3.7;5;-;13;29;853;734;0;1809.0;9.2;8.7;0;0;0;0;1;1;
2026.08.28;17:37:13.2;-0.01;-0.01;678;708;72;74;9;253;357;336;24;2.88;2.88;2.88;2.88;-2;0;0;0;0;14.2;72;23;3.7;1;-;13;29;853;744;0;1845.0;9.3;8.7;0;0;0;0;1;1;
2026.08.28;17:37:13.6;0.00;0.00;87;117;73;73;10;253;357;336;24;2.90;2.90;2.90;2.90;-1;0;0;0;0;14.1;72;23;3.7;1;-;13;29;853;748;0;1458.0;9.3;8.7;0;0;0;0;1;1;
2026.08.28;17:37:14.1;0.01;0.01;83;73;73;73;10;253;357;357;24;2.89;2.89;2.89;2.89;-1;0;0;0;0;14.1;72;23;3.7;0;-;13;29;853;748;0;1458.0;9.3;9.1;0;0;0;0;1;0;
2026.08.28;17:37:14.5;0.01;0.01;83;73;73;73;10;253;357;357;24;2.89;2.89;2.89;2.89;-3;0;0;0;0;14.1;72;23;3.7;0;-;13;29;853;757;0;1806.0;9.3;9.0;0;0;0;0;1;0;
2026.08.28;17:37:15.0;0.02;0.02;73;68;74;73;11;253;357;357;24;2.86;2.86;2.86;2.86;-3;0;0;0;0;14.1;72;23;3.7;0;-;13;29;853;750;0;1510.0;9.3;9.0;0;0;0;0;1;0;
2026.08.28;17:37:15.4;0.02;0.02;92;78;74;73;12;253;357;357;24;2.86;2.86;2.86;2.86;0;0;0;0;0;14.1;72;23;3.7;0;-;13;29;853;750;0;1510.0;9.3;9.1;0;0;0;0;1;0;
2026.08.28;17:37:15.9;0.02;0.02;92;78;74;73;12;253;357;357;24;2.86;2.86;2.86;2.86;-4;0;0;0;0;14.3;72;23;3.7;0;-;13;29;853;756;0;1551.0;9.3;9.1;0;0;0;0;1;0;
2026.08.28;17:37:16.3;0.03;0.03;185;102;75;73;11;253;357;357;24;2.85;2.85;2.85;2.85;-4;0;0;0;0;14.3;72;23;3.7;0;-;13;29;853;751;0;1968.0;9.3;9.1;0;0;0;0;1;0;
2026.08.28;17:37:16.8;0.03;0.03;185;102;75;73;11;253;357;357;24;2.85;2.85;2.85;2.85;-3;0;0;0;0;14.3;72;23;3.7;0;-;13;29;853;751;0;1968.0;9.3;9.1;0;0;0;0;1;0;
2026.08.28;17:37:17.2;0.01;0.01;737;644;75;73;10;253;357;357;24;2.80;2.80;2.80;2.80;-2;0;0;0;0;14.3;72;23;3.7;0;-;13;29;853;751;0;1104.0;9.3;9.1;0;0;0;0;1;0;
2026.08.28;17:37:17.7;0.03;0.03;112;112;78;76;10;253;357;357;24;2.90;2.90;2.90;2.90;-2;0;0;0;0;14.1;72;23;3.7;0;-;13;29;853;757;0;1138.0;9.3;9.1;0;0;0;0;1;0;
2026.08.28;17:37:18.1;0.03;0.03;112;112;78;76;10;253;357;357;24;2.90;2.90;2.90;2.90;0;0;0;0;0;14.1;72;23;3.7;0;-;13;29;853;757;0;1138.0;9.4;9.1;0;0;0;0;1;0;
2026.08.28;17:37:18.6;0.01;0.01;751;693;76;73;10;290;357;357;24;2.81;2.81;2.81;2.81;4;0;0;0;0;14.1;73;23;3.7;0;-;13;29;853;745;0;1741.0;9.4;9.1;0;0;0;0;1;0;
2026.08.28;17:37:19.0;0.02;0.02;97;205;77;73;9;290;378;357;24;2.85;2.85;2.85;2.85;4;0;0;0;0;14.1;73;23;3.7;0;-;13;29;853;745;0;1741.0;9.6;9.1;0;0;0;0;1;0;
2026.08.28;17:37:19.5;0.02;0.02;97;205;77;73;9;290;357;357;24;2.85;2.85;2.85;2.85;-2;0;0;0;0;14.1;73;23;3.7;0;-;13;29;853;756;0;1122.0;9.3;9.0;0;0;0;0;1;0;
2026.08.28;17:37:19.9;0.01;0.01;747;644;77;73;9;290;357;357;24;2.82;2.82;2.82;2.82;2;0;0;0;0;14.1;73;23;3.7;0;-;13;29;853;759;0;1921.0;9.3;9.0;0;0;0;0;1;0;
2026.08.28;17:37:20.4;0.00;0.00;688;712;77;73;8;290;357;336;24;2.80;2.80;2.80;2.80;2;0;0;0;0;14.1;73;23;3.7;0;-;13;29;853;759;0;1921.0;9.3;9.0;0;0;0;0;1;0;
2026.08.28;17:37:20.8;0.00;0.00;688;712;77;73;8;290;357;357;24;2.80;2.80;2.80;2.80;-2;0;0;0;0;14.1;73;23;3.7;0;-;13;29;853;746;0;1169.0;9.3;8.9;0;0;0;0;1;0;
2026.08.28;17:37:21.3;0.02;0.02;122;97;78;74;7;290;357;357;24;2.88;2.88;2.88;2.88;-3;0;0;0;0;14.1;73;23;3.7;0;-;12;29;853;752;0;1500.0;9.3;8.9;0;0;0;0;1;0;
2026.08.28;17:37:21.7;0.01;0.01;727;297;79;74;6;290;357;336;24;2.82;2.82;2.82;2.82;-3;0;0;0;0;14.1;73;23;3.7;0;-;12;29;853;752;0;1500.0;9.2;9.0;0;0;0;0;1;0;
2026.08.28;17:37:22.2;0.01;0.01;727;297;79;74;6;290;357;336;24;2.82;2.82;2.82;2.82;0;0;0;0;0;14.3;73;23;3.7;0;-;12;29;853;744;0;1806.0;9.2;8.9;0;0;0;0;1;0;
2026.08.28;17:37:22.6;0.00;0.00;693;698;79;74;5;290;357;336;24;2.80;2.80;2.80;2.80;0;0;0;0;0;14.3;73;23;3.7;0;-;12;29;853;749;0;1518.0;9.2;8.9;0;0;0;0;1;0;
2026.08.28;17:37:23.1;0.00;0.00;693;698;79;74;5;290;357;336;24;2.80;2.80;2.80;2.80;1;0;0;0;0;14.3;73;23;3.7;0;-;12;29;853;749;0;1518.0;9.3;8.9;0;0;0;0;1;0;
2026.08.28;17:37:23.5;0.02;0.02;92;122;81;76;3;290;357;336;24;2.90;2.90;2.90;2.90;-3;0;0;0;0;14.3;73;23;3.7;0;-;12;29;853;747;0;1716.0;9.3;8.9;0;0;0;0;1;0;
2026.08.28;17:37:24.0;0.02;0.02;112;92;82;76;0;290;357;336;24;2.88;2.88;2.88;2.88;-3;0;0;0;0;14.3;73;23;3.7;0;-;12;29;853;747;0;1716.0;9.5;8.8;0;0;0;0;1;0;
2026.08.28;17:37:24.4;0.02;0.02;112;92;82;76;0;290;357;336;24;2.88;2.88;2.88;2.88;2;0;0;0;0;14.1;73;23;3.7;0;-;12;29;853;746;0;1202.0;9.3;8.8;0;0;0;0;1;0;
2026.08.28;17:37:24.9;0.00;0.00;634;629;79;73;0;290;357;336;24;2.81;2.81;2.81;2.81;4;0;0;0;0;14.1;73;23;3.7;0;-;12;29;853;752;0;1574.0;9.3;8.8;0;0;0;0;1;0;
2026.08.28;17:37:25.3;0.02;0.02;87;78;82;76;0;290;357;336;24;2.90;2.90;2.90;2.90;4;0;0;0;0;14.1;73;23;3.7;0;-;12;29;853;752;0;1574.0;9.5;8.8;0;0;0;0;1;0;
2026.08.28;17:37:25.8;0.02;0.02;87;78;82;76;0;289;357;336;24;2.90;2.90;2.90;2.90;-2;0;0;0;0;14.1;73;23;3.7;0;-;12;29;853;750;0;1809.0;9.3;8.8;0;0;0;0;1;0;
2026.08.28;17:37:26.2;0.03;0.03;151;141;80;74;4;289;357;336;24;2.90;2.90;2.90;2.90;-2;0;0;0;0;14.2;73;23;3.7;0;-;12;29;853;757;0;1472.0;9.3;8.8;0;0;0;0;1;0;
2026.08.28;17:37:26.7;0.01;0.01;708;141;80;74;4;289;357;336;24;2.90;2.90;2.90;2.90;-2;0;0;0;0;14.2;73;23;3.7;0;-;12;29;853;757;0;1472.0;9.2;8.8;0;0;0;0;1;0;
2026.08.28;17:37:27.1;0.01;0.01;708;673;81;74;5;289;357;336;24;2.83;2.83;2.83;2.83;-2;0;0;0;0;14.2;73;23;3.7;0;-;12;29;853;747;0;1882.0;9.3;8.8;0;0;0;0;1;0;
2026.08.28;17:37:27.6;0.00;0.00;664;639;81;75;6;289;357;336;24;2.85;2.85;2.85;2.85;-2;0;0;0;0;14.2;73;23;3.7;0;-;12;29;853;747;0;1520.0;9.3;8.8;0;0;0;0;1;0;
2026.08.28;17:37:28.0;0.00;0.00;664;639;81;75;6;289;357;336;24;2.85;2.85;2.85;2.85;1;0;0;0;0;14.2;73;23;3.7;0;-;12;29;853;747;0;1520.0;9.4;8.9;0;0;0;0;1;0;
2026.08.28;17:37:28.5;0.02;0.02;112;156;82;76;7;289;357;336;24;2.88;2.88;2.88;2.88;-2;0;0;0;0;14.2;73;23;3.7;0;-;12;29;853;752;0;1439.0;9.2;9.0;0;0;0;0;1;0;
2026.08.28;17:37:28.9;0.01;0.01;717;527;82;76;8;289;357;336;24;2.83;2.83;2.83;2.83;-2;0;0;0;0;14.2;73;23;3.7;0;-;12;29;853;755;0;1392.0;9.2;9.0;0;0;0;0;1;0;
2026.08.28;17:37:29.4;-0.00;-0.00;659;693;81;75;9;289;357;336;24;2.81;2.81;2.81;2.81;1;0;0;0;0;14.2;73;23;3.7;0;-;12;29;853;755;0;1392.0;9.5;9.0;0;0;0;0;1;0;
2026.08.28;17:37:29.8;-0.00;-0.00;659;693;81;75;9;289;357;357;24;2.81;2.81;2.81;2.81;-1;0;0;0;0;14.2;73;23;3.7;0;-;12;29;853;747;0;1764.0;9.3;9.1;0;0;0;0;1;0;
2026.08.28;17:37:30.3;0.01;0.01;170;668;82;75;9;289;357;357;24;2.86;2.86;2.86;2.86;-1;0;0;0;0;14.2;73;23;3.7;0;-;12;29;853;749;0;1172.0;9.3;9.1;0;0;0;0;1;0;
2026.08.28;17:37:30.7;-0.00;-0.00;722;493;81;75;10;289;357;357;24;2.84;2.84;2.84;2.84;0;0;0;0;0;14.2;73;23;3.7;0;-;12;29;853;749;0;1172.0;9.3;9.0;0;0;0;0;1;0;
2026.08.28;17:37:31.2;-0.00;-0.00;722;493;81;75;10;289;357;336;24;2.84;2.84;2.84;2.84;-3;0;0;0;0;14.2;73;23;3.7;0;-;12;29;853;746;0;1049.0;9.3;9.1;0;0;0;0;1;0;
2026.08.28;17:37:31.6;-0.01;-0.01;693;717;82;75;10;289;357;336;24;2.82;2.82;2.82;2.82;-3;0;0;0;0;14.2;73;23;3.7;0;-;12;29;853;750;0;1965.0;9.3;9.1;0;0;0;0;1;0;
2026.08.28;17:37:32.1;-0.01;-0.01;693;717;82;75;10;289;357;357;24;2.82;2.82;2.82;2.82;-2;0;0;0;0;14.2;73;23;3.7;0;-;12;29;853;750;0;1965.0;9.3;9.1;0;0;0;0;1;0;
2026.08.28;17:37:32.5;0.01;0.01;185;92;81;75;11;342;357;357;24;2.88;2.88;2.88;2.88;9;0;0;0;0;14.2;74;23;3.7;0;-;12;29;853;757;0;1940.0;9.3;9.1;0;0;0;0;1;1;
2026.08.28;17:37:33.0;-0.02;-0.02;834;781;81;76;22;342;630;840;24;2.73;2.73;2.73;2.73;9;0;0;0;0;14.2;74;23;3.7;0;-;12;29;853;757;21;1940.0;45.8;68.3;36;20;79;0;0;1;
2026.08.28;17:37:33.4;-0.02;-0.02;834;781;81;76;22;342;420;357;24;2.73;2.73;2.73;2.73;29;0;0;0;0;14.2;74;23;3.7;0;-;12;29;853;2431;21;5000.0;31.4;27.1;0;0;0;0;0;1;
2026.08.28;17:37:33.9;0.03;0.03;73;53;79;77;35;342;420;357;24;5.05;5.05;5.05;5.05;-1;0;0;0;0;14.2;74;23;3.7;1;-;12;29;853;1609;21;3647.0;31.4;27.1;0;0;0;0;0;1;
2026.08.28;17:37:34.3;0.01;0.01;737;751;79;78;19;342;336;399;24;3.12;3.12;3.12;3.12;-1;0;0;0;0;14.2;74;23;3.7;2;-;12;29;853;1609;8;3647.0;18.8;22.1;0;0;0;0;0;1;
2026.08.28;17:37:34.8;0.01;0.01;737;751;79;78;19;342;378;378;24;3.12;3.12;3.12;3.12;2;0;0;0;0;14.3;74;23;3.7;2;-;12;29;853;1427;8;4055.0;20.1;20.1;0;0;0;0;0;1;
2026.08.28;17:37:35.3;0.02;0.02;756;639;78;77;21;342;378;378;24;3.21;3.21;3.21;3.21;2;0;0;0;0;14.3;74;23;3.7;2;-;12;29;853;1443;8;1953.0;20.1;20.1;0;0;0;0;0;1;
2026.08.28;17:37:35.7;0.04;0.04;292;688;77;77;19;342;315;315;24;2.64;2.64;2.64;2.64;10;0;0;0;0;14.3;74;23;3.7;2;-;11;29;853;1443;10;1953.0;16.6;17.2;0;0;0;0;0;1;
2026.08.28;17:37:36.2;0.04;0.04;292;688;77;77;19;342;672;525;24;2.64;2.64;2.64;2.64;24;0;0;0;0;14.3;75;23;3.7;2;-;11;29;853;1579;10;2066.0;39.6;33.7;0;0;0;0;0;1;
2026.08.28;17:37:36.6;0.03;0.03;361;292;78;78;60;342;672;525;24;7.15;7.15;7.15;7.15;24;0;0;0;0;14.2;75;23;3.7;3;-;11;29;853;1917;22;3823.0;39.6;33.7;0;0;0;0;0;1;
2026.08.28;17:37:37.1;-0.02;-0.02;756;795;77;78;25;342;273;336;24;2.67;2.67;2.67;2.67;22;0;0;0;0;14.2;75;23;3.7;5;-;11;29;853;1917;14;3823.0;18.6;23.1;0;0;0;0;0;1;
2026.08.28;17:37:37.5;-0.02;-0.02;756;795;77;78;25;342;651;609;24;2.67;2.67;2.67;2.67;22;0;0;0;0;14.2;75;23;3.7;5;-;11;29;853;1554;14;2284.0;37.0;35.6;3;0;41;0;0;1;
2026.08.28;17:37:38.0;-0.01;-0.01;791;761;78;80;46;342;651;609;24;5.16;5.16;5.16;5.16;22;0;0;0;0;14.2;75;23;3.7;7;-;11;29;853;1703;20;3169.0;37.0;35.6;3;0;41;0;0;1;
2026.08.28;17:37:38.4;-0.01;-0.01;791;761;78;80;46;342;231;378;24;5.16;5.16;5.16;5.16;6;0;0;0;0;14.2;75;23;3.7;8;-;11;30;853;1703;0;3169.0;15.2;23.6;0;0;0;0;0;1;
2026.08.28;17:37:38.9;-0.04;-0.04;351;693;77;79;21;342;231;378;24;1.84;1.84;1.84;1.84;4;0;0;0;0;14.2;75;23;3.7;8;-;11;30;853;1603;0;2111.0;15.2;23.6;0;0;0;0;0;1;
2026.08.28;17:37:39.3;-0.02;-0.02;737;341;77;79;17;342;231;252;24;1.73;1.73;1.73;1.73;4;0;0;0;0;14.2;75;23;3.7;6;-;11;30;853;1603;0;2111.0;11.0;12.7;0;0;0;0;1;1;
2026.08.28;17:37:39.8;-0.02;-0.02;737;341;77;79;17;290;336;273;24;1.73;1.73;1.73;1.73;19;0;0;0;0;14.2;75;23;3.7;6;-;11;29;854;1003;0;2084.0;11.3;9.6;0;0;0;0;1;1;
2026.08.28;17:37:40.2;-0.03;-0.03;844;825;77;80;20;290;336;273;24;2.79;2.79;2.79;2.79;19;0;0;0;0;14.2;75;23;3.7;2;-;11;29;854;987;0;1710.0;11.3;9.6;0;0;0;0;0;1;
2026.08.28;17:37:40.7;-0.03;-0.03;844;825;77;80;20;290;336;588;24;2.79;2.79;2.79;2.79;14;0;0;0;0;14.2;75;23;3.7;2;-;10;29;854;987;23;1710.0;29.7;51.4;17;28;0;0;0;1;
2026.08.28;17:37:41.1;-0.06;-0.06;820;834;77;80;42;290;210;273;24;2.85;2.85;2.85;2.85;-18;0;0;0;0;14.2;75;23;3.7;2;-;10;30;854;1905;23;3819.0;10.4;12.8;0;0;0;0;0;1;
2026.08.28;17:37:41.6;-0.04;-0.04;53;29;75;79;36;290;210;273;24;2.97;2.97;2.97;2.97;-18;0;0;0;0;14.2;75;23;3.7;4;-;10;30;854;1362;9;1974.0;10.4;12.8;0;0;0;0;0;1;
2026.08.28;17:37:42.0;-0.03;-0.03;717;551;76;80;44;290;483;483;24;3.82;3.82;3.82;3.82;18;0;0;0;0;14.2;75;23;3.7;4;-;10;30;854;1362;17;1974.0;28.2;28.4;0;0;0;0;0;1;
2026.08.28;17:37:42.5;-0.03;-0.03;717;551;76;80;44;290;504;441;24;3.82;3.82;3.82;3.82;25;0;0;0;0;14.2;75;23;3.7;4;-;10;30;854;1786;17;2399.0;30.9;27.7;0;0;0;0;0;1;
2026.08.28;17:37:42.9;-0.01;-0.01;83;63;76;80;62;290;504;441;24;5.36;5.36;5.36;5.36;25;0;0;0;0;14.2;75;24;3.7;6;-;10;30;854;1284;19;2062.0;30.9;27.7;0;0;0;0;0;1;
2026.08.28;17:37:43.4;-0.01;-0.01;761;712;76;81;73;290;609;630;24;6.08;6.08;6.08;6.08;17;0;0;0;0;14.2;75;24;3.7;9;-;10;30;854;1284;20;2062.0;31.9;33.3;11;9;0;0;0;1;
2026.08.28;17:37:43.8;-0.01;-0.01;761;712;76;81;73;290;588;567;24;6.08;6.08;6.08;6.08;13;0;0;0;0;14.2;75;24;3.7;9;-;10;30;854;1558;20;3085.0;39.0;38.4;0;0;0;0;0;1;
2026.08.28;17:37:44.3;0.03;0.03;83;63;75;81;99;290;588;567;24;6.59;6.59;6.59;6.59;13;0;0;0;0;14.2;75;24;3.7;12;-;10;30;854;1946;24;4201.0;39.0;38.4;0;0;0;0;0;0;
2026.08.28;17:37:44.7;0.03;0.03;83;63;75;81;99;290;588;609;24;6.59;6.59;6.59;6.59;21;0;0;0;0;14.2;75;24;3.7;15;-;10;30;854;1946;30;4201.0;55.8;56.7;17;16;42;0;0;0;
2026.08.28;17:37:45.2;0.01;0.01;747;683;75;83;99;290;588;609;24;7.48;7.48;7.48;7.48;18;0;0;0;0;14.2;75;24;3.7;15;-;10;30;854;2441;30;5000.0;55.8;56.7;17;16;42;0;0;0;
2026.08.28;17:37:45.6;-0.03;-0.03;166;429;71;81;99;290;588;609;24;6.60;6.60;6.60;6.60;18;0;0;0;0;14.2;75;24;3.7;19;-;13;30;854;2981;33;4421.0;73.4;76.9;27;28;43;0;0;0;
2026.08.28;17:37:46.1;-0.03;-0.03;166;429;71;81;99;290;441;525;24;6.60;6.60;6.60;6.60;25;0;0;0;0;14.2;75;24;3.7;22;-;13;30;854;2981;24;4421.0;62.1;70.9;11;15;22;0;0;0;
2026.08.28;17:37:46.5;0.02;0.02;58;58;67;82;69;287;441;525;24;2.39;2.39;2.39;2.39;-19;0;0;0;0;14.2;76;24;3.7;22;-;13;30;854;2966;24;3827.0;62.1;70.9;11;15;22;0;0;0;
2026.08.28;17:37:47.0;0.00;0.00;4;0;56;81;0;287;210;231;24;0.00;0.00;0.00;0.00;-19;0;0;0;0;14.3;76;24;3.7;22;-;13;29;854;1828;0;3238.0;19.7;22.4;0;0;0;0;0;1;
2026.08.28;17:37:47.4;0.00;0.00;4;0;56;81;0;287;210;231;24;0.00;0.00;0.00;0.00;1;0;0;0;0;14.3;76;24;3.7;22;-;13;29;854;1828;0;3238.0;10.8;12.2;0;0;0;0;0;0;
2026.08.28;17:37:47.9;0.00;0.00;4;0;59;81;0;287;210;231;24;2.76;2.76;2.76;2.76;6;0;0;0;0;14.3;76;24;3.7;22;-;13;29;854;1084;0;1426.0;6.4;7.0;0;0;0;0;0;0;
2026.08.28;17:37:48.3;0.00;0.00;888;805;62;82;0;287;210;231;24;2.19;2.19;2.19;2.19;6;0;0;0;0;14.3;76;24;3.7;22;-;13;29;854;797;0;1636.0;6.4;7.0;0;0;0;0;0;0;
2026.08.28;17:37:48.8;0.00;0.00;888;805;62;82;0;287;357;294;24;2.19;2.19;2.19;2.19;20;0;0;0;0;14.3;76;24;3.7;22;-;13;29;854;797;0;1636.0;9.9;8.4;0;0;0;0;0;0;
2026.08.28;17:37:49.2;-0.00;-0.00;893;888;63;81;3;287;357;294;24;2.83;2.83;2.83;2.83;-1;0;0;0;0;14.2;76;24;3.7;22;-;13;29;854;782;0;1083.0;9.9;8.4;0;0;0;0;0;0;
2026.08.28;17:37:49.7;-0.01;-0.01;839;864;64;82;4;287;336;315;24;2.71;2.71;2.71;2.71;-1;0;0;0;0;14.2;76;24;3.7;22;-;13;29;854;782;0;1083.0;8.7;8.5;0;0;0;0;0;0;
2026.08.28;17:37:50.1;-0.01;-0.01;839;864;64;82;4;287;315;315;24;2.71;2.71;2.71;2.71;0;0;0;0;0;14.2;76;24;3.7;22;-;13;29;854;760;0;1793.0;8.5;8.1;0;0;0;0;0;0;
2026.08.28;17:37:50.6;-0.01;-0.01;820;844;65;81;6;287;315;315;24;2.51;2.51;2.51;2.51;0;0;0;0;0;14.2;76;24;3.7;22;-;11;29;854;751;0;1475.0;8.5;8.1;0;0;0;0;0;0;
2026.08.28;17:37:51.0;-0.01;-0.01;820;844;65;81;6;287;336;315;24;2.51;2.51;2.51;2.51;-2;0;0;0;0;14.2;76;24;3.7;22;-;11;29;854;751;0;1475.0;8.6;8.2;0;0;0;0;0;0;
2026.08.28;17:37:51.5;-0.04;-0.04;761;815;66;80;7;287;336;315;24;2.51;2.51;2.51;2.51;2;0;0;0;0;14.2;76;24;3.7;22;-;11;29;854;744;0;1021.0;8.6;8.2;0;0;0;0;0;0;
2026.08.28;17:37:51.9;-0.02;-0.02;131;639;67;81;8;287;357;315;24;2.83;2.83;2.83;2.83;2;0;0;0;0;14.2;76;24;3.7;22;-;11;29;854;732;0;1564.0;9.0;8.1;0;0;0;0;1;0;
2026.08.28;17:37:52.4;-0.02;-0.02;131;639;67;81;8;287;357;357;24;2.83;2.83;2.83;2.83;-3;0;0;0;0;14.2;76;24;3.7;22;-;11;29;854;732;0;1564.0;9.4;9.0;0;0;0;0;1;0;
2026.08.28;17:37:52.8;-0.01;-0.01;63;53;68;81;9;287;357;357;24;2.87;2.87;2.87;2.87;-1;0;0;0;0;14.2;76;24;3.7;22;-;11;29;854;753;0;1479.0;9.4;9.0;0;0;0;0;1;0;
2026.08.28;17:37:53.3;-0.00;-0.00;83;68;69;81;10;287;357;357;24;2.88;2.88;2.88;2.88;-1;0;0;0;0;14.2;76;24;3.7;20;-;11;29;854;753;0;1479.0;9.2;9.1;0;0;0;0;1;0;
2026.08.28;17:37:53.7;-0.00;-0.00;83;68;69;81;10;285;357;357;24;2.88;2.88;2.88;2.88;-2;0;0;0;0;14.2;76;24;3.7;20;-;11;29;854;748;0;1890.0;9.2;9.1;0;0;0;0;1;0;
2026.08.28;17:37:54.2;0.00;0.00;102;78;70;81;10;285;357;357;24;2.88;2.88;2.88;2.88;-4;0;0;0;0;14.2;76;24;3.7;18;-;11;29;854;753;0;1673.0;9.2;9.1;0;0;0;0;1;0;
2026.08.28;17:37:54.6;0.01;0.01;234;112;70;80;10;285;336;336;24;2.77;2.77;2.77;2.77;-4;0;0;0;0;14.2;76;24;3.7;17;-;11;29;854;753;0;1673.0;9.0;9.1;0;0;0;0;1;0;
2026.08.28;17:37:55.1;0.01;0.01;234;112;70;80;10;285;357;336;24;2.77;2.77;2.77;2.77;1;0;0;0;0;14.2;76;24;3.7;17;-;11;29;854;751;0;2032.0;9.1;8.9;0;0;0;0;1;0;
2026.08.28;17:37:55.5;-0.01;-0.01;751;732;71;81;11;285;357;336;24;2.76;2.76;2.76;2.76;-3;0;0;0;0;14.2;76;24;3.7;15;-;10;29;854;759;0;1092.0;9.1;8.9;0;0;0;0;1;0;
2026.08.28;17:37:56.0;-0.00;-0.00;156;683;71;81;12;285;357;336;24;2.83;2.83;2.83;2.83;-3;0;0;0;0;14.2;76;24;3.7;14;-;10;29;854;759;0;1092.0;9.3;8.7;0;0;0;0;1;0;
2026.08.28;17:37:56.4;-0.00;-0.00;156;683;71;81;12;285;357;357;24;2.83;2.83;2.83;2.83;-2;0;0;0;0;14.2;76;24;3.7;14;-;10;29;854;743;0;1483.0;9.2;9.2;0;0;0;0;1;0;
2026.08.28;17:37:56.9;0.01;0.01;107;87;71;80;12;285;357;357;24;2.85;2.85;2.85;2.85;-2;0;0;0;0;14.2;76;24;3.7;12;-;10;29;854;755;0;1450.0;9.2;9.2;0;0;0;0;1;0;
2026.08.28;17:37:57.3;0.01;0.01;107;87;71;80;12;285;336;357;24;2.85;2.85;2.85;2.85;-3;0;0;0;0;14.2;76;24;3.7;11;-;10;29;854;755;0;1450.0;8.9;8.9;0;0;0;0;1;0;
2026.08.28;17:37:57.8;0.01;0.01;141;102;72;80;13;285;336;357;24;2.82;2.82;2.82;2.82;-4;0;0;0;0;14.2;76;24;3.7;11;-;10;29;854;757;0;1390.0;8.9;8.9;0;0;0;0;1;0;
2026.08.28;17:37:58.2;-0.01;-0.01;786;756;74;83;13;285;336;336;24;2.65;2.65;2.65;2.65;-4;0;0;0;0;14.2;76;24;3.7;10;-;10;29;854;757;0;1390.0;8.9;8.7;0;0;0;0;1;0;
2026.08.28;17:37:58.7;-0.01;-0.01;786;756;74;83;13;285;336;336;24;2.65;2.65;2.65;2.65;0;0;0;0;0;14.2;76;24;3.7;8;-;10;29;854;751;0;1034.0;8.8;8.5;0;0;0;0;1;0;
2026.08.28;17:37:59.1;-0.01;-0.01;751;761;73;81;14;285;336;336;24;2.59;2.59;2.59;2.59;-2;0;0;0;0;14.2;76;24;3.7;8;-;10;29;854;755;0;1515.0;8.8;8.5;0;0;0;0;1;0;
2026.08.28;17:37:59.6;-0.02;-0.02;424;703;73;81;14;285;336;336;24;2.56;2.56;2.56;2.56;-2;0;0;0;0;14.2;76;24;3.7;6;-;10;29;854;755;0;1515.0;8.9;8.5;0;0;0;0;1;0;
2026.08.28;17:38:00.0;-0.02;-0.02;424;703;73;81;14;285;336;336;24;2.56;2.56;2.56;2.56;-1;0;0;0;0;14.3;76;24;3.7;6;-;10;29;854;753;0;1784.0;8.8;8.6;0;0;0;0;1;0;
2026.08.28;17:38:00.5;0.00;0.00;161;122;75;83;15;285;336;336;24;2.66;2.66;2.66;2.66;-1;0;0;0;0;14.3;76;24;3.7;3;-;11;29;854;753;0;1784.0;8.8;8.6;0;0;0;0;1;0;
2026.08.28;17:38:01.0;0.00;0.00;161;122;75;83;15;295;336;336;24;2.66;2.66;2.66;2.66;0;0;0;0;0;14.3;77;24;3.7;1;-;11;29;854;746;0;1011.0;8.8;8.6;0;0;0;0;1;0;
2026.08.28;17:38:01.4;-0.01;-0.01;683;654;74;80;16;295;336;336;24;2.57;2.57;2.57;2.57;-2;0;0;0;0;14.3;77;24;3.7;1;-;11;29;854;756;0;1559.0;8.8;8.6;0;0;0;0;1;0;
2026.08.28;17:38:01.9;0.01;0.01;83;73;75;81;17;295;357;336;24;2.64;2.64;2.64;2.64;-2;0;0;0;0;14.3;77;24;3.7;0;-;11;29;854;756;0;1559.0;8.9;8.8;0;0;0;0;1;0;
2026.08.28;17:38:02.3;0.01;0.01;83;73;75;81;17;295;357;336;24;2.64;2.64;2.64;2.64;2;0;0;0;0;14.2;77;24;3.7;0;-;11;29;854;750;0;1672.0;9.1;8.7;0;0;0;0;1;0;
2026.08.28;17:38:02.8;-0.01;-0.01;698;639;74;80;17;295;357;336;24;2.64;2.64;2.64;2.64;1;0;0;0;0;14.2;77;24;3.7;0;-;11;29;854;749;0;1453.0;9.1;8.7;0;0;0;0;1;0;
2026.08.28;17:38:03.2;0.01;0.01;78;68;76;82;18;295;357;336;24;2.69;2.69;2.69;2.69;1;0;0;0;0;14.2;77;24;3.7;0;-;11;29;854;749;0;1453.0;9.0;8.8;0;0;0;0;1;0;
2026.08.28;17:38:03.7;0.01;0.01;78;68;76;82;18;295;336;336;24;2.69;2.69;2.69;2.69;-3;0;0;0;0;14.2;77;24;3.7;0;-;11;29;854;757;0;1480.0;8.8;9.0;0;0;0;0;1;0;
2026.08.28;17:38:04.1;0.02;0.02;200;131;75;80;18;295;336;336;24;2.68;2.68;2.68;2.68;-2;0;0;0;0;14.2;77;24;3.7;0;-;11;29;854;754;0;1572.0;8.8;9.0;0;0;0;0;1;0;
2026.08.28;17:38:04.6;0.00;0.00;727;678;76;81;19;295;336;336;24;2.64;2.64;2.64;2.64;-2;0;0;0;0;14.2;77;24;3.7;0;-;11;29;854;754;0;1572.0;8.8;8.8;0;0;0;0;1;0;
2026.08.28;17:38:05.0;0.00;0.00;727;678;76;81;19;295;357;336;24;2.64;2.64;2.64;2.64;0;0;0;0;0;14.2;77;24;3.7;0;-;11;29;854;741;0;1103.0;9.0;9.0;0;0;0;0;1;0;
2026.08.28;17:38:05.5;0.01;0.01;107;498;77;82;19;295;357;336;24;2.70;2.70;2.70;2.70;-5;0;0;0;0;14.2;77;24;3.7;0;-;12;29;854;749;0;1343.0;9.0;9.0;0;0;0;0;1;0;
2026.08.28;17:38:05.9;0.02;0.02;107;92;76;80;20;295;357;336;24;2.70;2.70;2.70;2.70;-5;0;0;0;0;14.2;77;24;3.7;0;-;12;29;854;749;0;1343.0;8.8;8.8;0;0;0;0;1;0;
2026.08.28;17:38:06.4;0.02;0.02;107;92;76;80;20;295;336;336;24;2.70;2.70;2.70;2.70;-2;0;0;0;0;14.2;77;24;3.7;0;-;12;29;854;753;0;1471.0;8.7;8.9;0;0;0;0;1;0;
2026.08.28;17:38:06.8;0.03;0.03;161;112;77;81;20;295;336;336;24;2.70;2.70;2.70;2.70;-2;0;0;0;0;14.2;77;24;3.7;0;-;12;29;854;748;0;1992.0;8.7;8.9;0;0;0;0;1;0;
2026.08.28;17:38:07.3;0.01;0.01;732;693;77;80;21;295;336;336;24;2.66;2.66;2.66;2.66;-2;0;0;0;0;14.2;77;24;3.7;0;-;12;29;854;748;0;1992.0;8.6;8.8;0;0;0;0;1;0;
2026.08.28;17:38:07.7;0.01;0.01;732;693;77;80;21;309;357;336;24;2.66;2.66;2.66;2.66;1;0;0;0;0;14.2;78;24;3.7;0;-;12;29;854;757;0;1080.0;8.8;8.6;0;0;0;0;1;0;
2026.08.28;17:38:08.2;0.03;0.03;92;78;77;80;21;309;357;336;24;2.63;2.63;2.63;2.63;1;0;0;0;0;14.2;78;24;3.7;0;-;12;29;854;759;0;1222.0;8.8;8.6;0;0;0;0;1;0;
2026.08.28;17:38:08.6;0.02;0.02;654;244;78;81;22;309;336;336;24;2.64;2.64;2.64;2.64;-3;0;0;0;0;14.2;78;24;3.7;0;-;12;29;854;759;0;1222.0;8.6;8.7;0;0;0;0;1;0;
2026.08.28;17:38:09.1;0.02;0.02;654;244;78;81;22;309;357;336;24;2.64;2.64;2.64;2.64;-3;0;0;0;0;14.2;78;24;3.7;0;-;12;29;854;749;0;1625.0;9.0;8.7;0;0;0;0;1;0;
2026.08.28;17:38:09.5;0.03;0.03;83;92;77;80;23;309;357;336;24;2.74;2.74;2.74;2.74;-5;0;0;0;0;14.2;78;24;3.7;0;-;12;29;854;754;0;1319.0;9.0;8.7;0;0;0;0;1;0;
2026.08.28;17:38:10.0;0.04;0.04;151;146;0;0;22;309;336;336;24;2.70;2.70;2.70;2.70;-5;0;0;0;0;14.2;78;24;3.7;0;-;12;29;854;754;0;1319.0;8.7;8.8;0;0;0;0;1;0;
2026.08.28;17:38:10.4;0.04;0.04;151;146;0;0;22;309;336;336;24;2.70;2.70;2.70;2.70;1;0;0;0;0;14.2;78;24;3.7;0;-;12;29;854;756;0;1638.0;8.8;8.8;0;0;0;0;1;0;
2026.08.28;17:38:10.9;0.02;0.02;751;703;79;82;23;309;336;336;24;2.66;2.66;2.66;2.66;0;0;0;0;0;14.2;78;24;3.7;0;-;12;29;854;752;0;1978.0;8.8;8.8;0;0;0;0;1;0;
2026.08.28;17:38:11.3;0.03;0.03;307;585;78;80;23;309;336;336;24;2.67;2.67;2.67;2.67;0;0;0;0;0;14.2;78;24;3.7;0;-;12;29;854;752;0;1978.0;8.6;8.8;0;0;0;0;1;0;
2026.08.28;17:38:11.8;0.03;0.03;307;585;78;80;23;309;336;336;24;2.67;2.67;2.67;2.67;-3;0;0;0;0;14.2;78;24;3.7;0;-;12;29;854;754;0;1398.0;8.5;8.7;0;0;0;0;1;0;
2026.08.28;17:38:12.2;0.02;0.02;708;668;79;81;24;309;336;336;24;2.59;2.59;2.59;2.59;-3;0;0;0;0;14.1;78;24;3.7;0;-;12;29;854;750;0;1336.0;8.5;8.7;0;0;0;0;1;0;
2026.08.28;17:38:12.7;0.02;0.02;708;668;79;81;24;309;336;336;24;2.59;2.59;2.59;2.59;-3;0;0;0;0;14.1;78;24;3.7;0;-;12;29;854;750;0;1336.0;8.5;8.6;0;0;0;0;1;0;
2026.08.28;17:38:13.1;0.03;0.03;107;83;79;81;25;309;336;336;24;2.66;2.66;2.66;2.66;-1;0;0;0;0;14.1;78;24;3.7;0;-;12;29;854;755;0;1303.0;8.5;8.6;0;0;0;0;1;0;
2026.08.28;17:38:13.6;0.02;0.02;756;722;79;80;24;309;336;336;24;2.60;2.60;2.60;2.60;-1;0;0;0;0;14.1;78;24;3.7;0;-;12;29;854;756;0;2035.0;8.6;8.7;0;0;0;0;1;0;
2026.08.28;17:38:14.0;0.02;0.02;756;722;79;80;24;309;336;336;24;2.60;2.60;2.60;2.60;1;0;0;0;0;14.1;78;24;3.7;0;-;12;29;854;756;0;2035.0;8.6;8.6;0;0;0;0;1;0;
2026.08.28;17:38:14.5;0.03;0.03;283;629;79;81;24;309;336;336;24;2.65;2.65;2.65;2.65;-2;0;0;0;0;14.3;78;25;3.7;0;-;12;29;854;751;0;2165.0;8.6;8.6;0;0;0;0;1;0;
2026.08.28;17:38:14.9;0.03;0.03;576;112;80;81;26;309;357;336;24;2.71;2.71;2.71;2.71;-2;0;0;0;0;14.3;78;25;3.7;0;-;12;29;854;751;0;2165.0;8.7;8.8;0;0;0;0;1;0;
2026.08.28;17:38:15.4;0.03;0.03;576;112;80;81;26;309;336;336;24;2.71;2.71;2.71;2.71;-2;0;0;0;0;14.3;78;25;3.7;0;-;12;29;854;753;0;1584.0;8.4;8.7;0;0;0;0;1;0;
2026.08.28;17:38:15.8;0.01;0.01;727;737;79;80;24;309;336;336;24;2.62;2.62;2.62;2.62;-2;0;0;0;0;14.3;78;25;3.7;0;-;12;29;854;748;0;1991.0;8.4;8.7;0;0;0;0;1;0;
2026.08.28;17:38:16.3;0.03;0.03;185;229;80;81;24;309;336;336;24;2.69;2.69;2.69;2.69;-2;0;0;0;0;14.3;78;25;3.7;0;-;12;29;854;748;0;1991.0;8.6;8.7;0;0;0;0;1;0;
2026.08.28;17:38:16.7;0.03;0.03;185;229;80;81;24;309;336;336;24;2.69;2.69;2.69;2.69;0;0;0;0;0;14.3;78;25;3.7;0;-;12;29;854;754;0;1395.0;8.5;8.6;0;0;0;0;1;0;
2026.08.28;17:38:17.2;0.00;0.00;732;747;80;81;26;309;336;336;24;2.67;2.67;2.67;2.67;0;0;0;0;0;14.3;78;25;3.7;0;-;12;29;854;754;0;1561.0;8.5;8.6;0;0;0;0;1;0;
2026.08.28;17:38:17.6;0.00;0.00;732;747;80;81;26;309;336;336;24;2.67;2.67;2.67;2.67;-3;0;0;0;0;14.3;78;25;3.7;0;-;12;29;854;754;0;1561.0;8.6;8.7;0;0;0;0;1;0;
2026.08.28;17:38:18.1;-0.00;-0.00;678;712;80;81;24;309;336;336;24;2.64;2.64;2.64;2.64;-3;0;0;0;0;14.3;78;25;3.7;0;-;12;29;854;754;0;1546.0;8.6;8.7;0;0;0;0;1;0;
2026.08.28;17:38:18.5;-0.01;-0.01;424;668;80;81;25;309;336;336;24;2.62;2.62;2.62;2.62;-3;0;0;0;0;14.2;78;25;3.7;0;-;12;29;854;750;0;1717.0;8.7;8.7;0;0;0;0;1;0;
2026.08.28;17:38:19.0;-0.01;-0.01;424;668;80;81;25;309;357;336;24;2.62;2.62;2.62;2.62;0;0;0;0;0;14.2;78;25;3.7;0;-;12;29;854;750;0;1717.0;8.6;8.6;0;0;0;0;1;0;
2026.08.28;17:38:19.4;-0.01;-0.01;654;703;83;83;25;309;357;336;24;2.62;2.62;2.62;2.62;-2;0;0;0;0;14.2;78;25;3.7;0;-;12;29;854;752;0;1334.0;8.6;8.6;0;0;0;0;1;0;
2026.08.28;17:38:19.9;0.01;0.01;532;166;0;0;24;309;336;336;24;2.70;2.70;2.70;2.70;-2;0;0;0;0;14.2;78;25;3.7;0;-;12;29;854;752;0;1334.0;8.5;8.7;0;0;0;0;1;0;
2026.08.28;17:38:20.3;0.01;0.01;532;166;0;0;24;309;357;336;24;2.70;2.70;2.70;2.70;-4;0;0;0;0;14.2;78;25;3.7;0;-;12;29;854;750;0;1132.0;8.6;8.7;0;0;0;0;1;0;
2026.08.28;17:38:20.8;-0.02;-0.02;751;751;81;82;25;309;357;336;24;2.63;2.63;2.63;2.63;-4;0;0;0;0;14.2;78;25;3.7;0;-;12;29;854;750;0;1132.0;8.6;8.7;0;0;0;0;1;0;
2026.08.28;17:38:21.2;-0.02;-0.02;751;751;81;82;25;309;357;336;24;2.63;2.63;2.63;2.63;-1;0;0;0;0;14.2;78;25;3.7;0;-;12;29;854;750;0;1213.0;8.7;8.6;0;0;0;0;1;0;
2026.08.28;17:38:21.7;-0.03;-0.03;610;712;81;81;25;309;357;336;24;2.64;2.64;2.64;2.64;-3;0;0;0;0;14.2;78;25;3.7;0;-;12;29;854;742;0;1593.0;8.7;8.6;0;0;0;0;1;0;
2026.08.28;17:38:22.1;-0.01;-0.01;112;87;82;82;25;309;357;336;24;2.71;2.71;2.71;2.71;-3;0;0;0;0;14.2;78;25;3.7;0;-;12;29;854;742;0;1593.0;8.7;8.8;0;0;0;0;1;0;
2026.08.28;17:38:22.6;-0.01;-0.01;112;87;82;82;25;309;336;336;24;2.71;2.71;2.71;2.71;-3;0;0;0;0;14.2;78;25;3.7;0;-;12;29;854;751;0;1527.0;8.5;8.7;0;0;0;0;1;0;
2026.08.28;17:38:23.0;-0.03;-0.03;722;727;81;82;24;309;336;336;24;2.63;2.63;2.63;2.63;-3;0;0;0;0;14.2;78;25;3.7;0;-;12;29;854;751;0;1287.0;8.5;8.7;0;0;0;0;1;0;
2026.08.28;17:38:23.5;-0.01;-0.01;131;214;81;82;24;309;336;336;24;2.67;2.67;2.67;2.67;0;0;0;0;0;14.2;78;25;3.7;0;-;12;29;854;751;0;1287.0;8.6;8.7;0;0;0;0;1;0;
2026.08.28;17:38:23.9;-0.01;-0.01;131;214;81;82;24;309;357;336;24;2.67;2.67;2.67;2.67;-2;0;0;0;0;14.2;78;25;3.7;0;-;12;29;854;753;0;1317.0;8.7;8.8;0;0;0;0;1;0;
2026.08.28;17:38:24.4;-0.02;-0.02;717;366;82;82;26;309;357;336;24;2.62;2.62;2.62;2.62;-2;0;0;0;0;14.2;78;25;3.7;0;-;12;29;854;750;0;1741.0;8.7;8.8;0;0;0;0;1;0;
2026.08.28;17:38:24.8;-0.02;-0.02;717;366;82;82;26;309;357;336;24;2.62;2.62;2.62;2.62;2;0;0;0;0;14.2;78;25;3.7;0;-;12;29;854;750;0;1741.0;8.7;8.7;0;0;0;0;1;0;
2026.08.28;17:38:25.3;-0.01;-0.01;97;566;82;82;26;309;357;336;24;2.65;2.65;2.65;2.65;-2;0;0;0;0;14.2;78;25;3.7;0;-;12;29;854;753;0;1542.0;8.7;8.7;0;0;0;0;1;0;
2026.08.28;17:38:25.7;-0.00;-0.00;190;97;82;82;26;309;357;336;24;2.67;2.67;2.67;2.67;-2;0;0;0;0;14.2;78;25;3.7;0;-;12;29;854;753;0;1542.0;8.8;8.7;0;0;0;0;1;0;
2026.08.28;17:38:26.2;-0.00;-0.00;190;97;82;82;26;309;336;336;24;2.67;2.67;2.67;2.67;-2;0;0;0;0;14.2;78;25;3.7;0;-;12;29;854;757;0;1131.0;8.5;8.7;0;0;0;0;1;0;
2026.08.28;17:38:26.6;-0.03;-0.03;668;712;81;81;24;309;336;336;24;2.58;2.58;2.58;2.58;0;0;0;0;0;14.2;78;25;3.7;0;-;12;29;854;740;0;1646.0;8.5;8.7;0;0;0;0;1;0;
2026.08.28;17:38:27.1;-0.00;-0.00;92;73;81;82;24;309;357;336;24;2.58;2.58;2.58;2.58;0;0;0;0;0;14.2;78;25;3.7;0;-;12;29;854;740;0;1646.0;8.7;8.8;0;0;0;0;1;0;
2026.08.28;17:38:27.5;-0.00;-0.00;92;73;81;82;26;309;336;336;24;2.65;2.65;2.65;2.65;-4;0;0;0;0;14.1;78;25;3.7;0;-;12;29;854;746;0;1492.0;8.6;8.7;0;0;0;0;1;0;
2026.08.28;17:38:28.0;0.00;0.00;131;97;82;82;24;309;336;336;24;2.66;2.66;2.66;2.66;-4;0;0;0;0;14.1;78;25;3.7;0;-;12;29;854;752;0;1584.0;8.6;8.7;0;0;0;0;1;0;
2026.08.28;17:38:28.4;0.00;0.00;131;97;82;82;24;309;336;336;24;2.66;2.66;2.66;2.66;0;0;0;0;0;14.1;78;25;3.7;0;-;12;29;854;752;0;1584.0;8.6;8.7;0;0;0;0;1;0;
2026.08.28;17:38:28.9;0.01;0.01;107;97;82;82;24;310;336;336;24;2.65;2.65;2.65;2.65;0;0;0;0;0;14.1;79;25;3.7;0;-;12;29;854;756;0;1278.0;8.6;8.7;0;0;0;0;1;0;
2026.08.28;17:38:29.3;-0.00;-0.00;722;644;83;83;24;310;336;336;24;2.59;2.59;2.59;2.59;-2;0;0;0;0;14.1;79;25;3.7;0;-;12;29;854;756;0;1278.0;8.5;8.7;0;0;0;0;1;0;
2026.08.28;17:38:29.8;-0.00;-0.00;722;644;83;83;24;310;357;336;24;2.59;2.59;2.59;2.59;-2;0;0;0;0;14.2;79;25;3.7;0;-;12;29;854;750;0;1508.0;8.7;8.6;0;0;0;0;1;0;
2026.08.28;17:38:30.3;0.01;0.01;87;122;82;82;26;310;357;336;24;2.63;2.63;2.63;2.63;-2;0;0;0;0;14.2;79;25;3.7;0;-;12;29;854;751;0;1522.0;8.7;8.6;0;0;0;0;1;0;
2026.08.28;17:38:30.7;0.01;0.01;87;122;82;82;26;310;357;336;24;2.63;2.63;2.63;2.63;-2;0;0;0;0;14.2;79;25;3.7;0;-;12;29;854;751;0;1522.0;8.6;8.7;0;0;0;0;1;0;
2026.08.28;17:38:31.2;0.02;0.02;92;78;82;82;24;310;357;336;24;2.62;2.62;2.62;2.62;-2;0;0;0;0;14.2;79;25;3.7;0;-;12;29;854;757;0;1195.0;8.6;8.7;0;0;0;0;1;0;
2026.08.28;17:38:31.6;0.03;0.03;92;78;83;82;26;310;357;336;24;2.64;2.64;2.64;2.64;-2;0;0;0;0;14.2;79;25;3.7;0;-;12;29;854;753;0;1375.0;8.6;8.5;0;0;0;0;1;0;
2026.08.28;17:38:32.1;0.03;0.03;92;78;83;82;26;310;336;336;24;2.64;2.64;2.64;2.64;-2;0;0;0;0;14.2;79;25;3.7;0;-;12;29;854;753;0;1375.0;8.5;8.7;0;0;0;0;1;0;
2026.08.28;17:38:32.5;0.03;0.03;83;78;82;82;24;310;336;336;24;2.63;2.63;2.63;2.63;-2;0;0;0;0;14.2;79;25;3.7;0;-;12;29;854;742;0;1541.0;8.5;8.7;0;0;0;0;1;0;
2026.08.28;17:38:33.0;0.04;0.04;126;117;83;83;24;310;357;336;24;2.66;2.66;2.66;2.66;-2;0;0;0;0;14.2;79;25;3.7;0;-;12;29;854;742;0;1541.0;8.6;8.6;0;0;0;0;1;0;
2026.08.28;17:38:33.4;0.04;0.04;126;117;83;83;24;310;336;336;24;2.66;2.66;2.66;2.66;0;0;0;0;0;14.2;79;25;3.7;0;-;12;29;854;748;0;1169.0;8.5;8.5;0;0;0;0;1;0;
2026.08.28;17:38:33.9;0.02;0.02;708;703;83;83;24;310;336;336;24;2.61;2.61;2.61;2.61;-1;0;0;0;0;14.2;79;25;3.7;0;-;12;29;854;752;0;1286.0;8.5;8.5;0;0;0;0;1;0;
2026.08.28;17:38:34.3;0.04;0.04;97;78;82;82;25;310;336;336;24;2.64;2.64;2.64;2.64;-1;0;0;0;0;14.2;79;25;3.7;0;-;12;29;854;752;0;1286.0;8.6;8.7;0;0;0;0;1;0;
2026.08.28;17:38:34.8;0.04;0.04;97;78;82;82;25;310;357;336;24;2.64;2.64;2.64;2.64;2;0;0;0;0;14.2;79;25;3.7;0;-;12;30;854;760;0;1848.0;8.6;8.6;0;0;0;0;1;0;
2026.08.28;17:38:35.2;0.05;0.05;541;131;83;83;25;310;357;336;24;2.69;2.69;2.69;2.69;-2;0;0;0;0;14.2;79;25;3.7;0;-;12;30;854;748;0;1294.0;8.6;8.6;0;0;0;0;1;0;
2026.08.28;17:38:35.7;0.02;0.02;678;708;86;85;24;310;357;336;24;2.63;2.63;2.63;2.63;-2;0;0;0;0;14.2;79;25;3.7;0;-;12;30;854;748;0;1294.0;8.5;8.5;0;0;0;0;1;0;
2026.08.28;17:38:36.1;0.02;0.02;678;708;86;85;24;312;336;336;24;2.63;2.63;2.63;2.63;0;0;0;0;0;14.2;79;25;3.7;0;-;12;29;854;749;0;1249.0;8.6;8.6;0;0;0;0;1;0;
2026.08.28;17:38:36.6;0.04;0.04;166;117;86;85;24;312;336;336;24;2.68;2.68;2.68;2.68;0;0;0;0;0;14.2;79;25;3.7;0;-;12;29;854;757;0;1415.0;8.6;8.6;0;0;0;0;1;0;
2026.08.28;17:38:37.0;0.02;0.02;708;732;83;83;24;312;336;336;24;2.63;2.63;2.63;2.63;0;0;0;0;0;14.2;79;25;3.7;0;-;12;29;854;750;0;1542.0;8.5;8.6;0;0;0;0;1;0;
2026.08.28;17:38:37.5;0.02;0.02;708;732;83;83;24;312;357;336;24;2.63;2.63;2.63;2.63;-2;0;0;0;0;14.2;79;25;3.7;0;-;12;29;854;750;0;1542.0;8.7;8.6;0;0;0;0;1;0;
2026.08.28;17:38:37.9;0.03;0.03;268;512;84;83;25;312;357;336;24;2.70;2.70;2.70;2.70;-2;0;0;0;0;14.2;79;25;3.7;0;-;12;29;854;747;0;2000.0;8.7;8.6;0;0;0;0;1;0;
2026.08.28;17:38:38.4;0.02;0.02;732;664;84;84;24;312;336;336;24;2.70;2.70;2.70;2.70;-2;0;0;0;0;14.2;79;25;3.7;0;-;12;29;854;747;0;2000.0;8.4;8.5;0;0;0;0;1;0;
2026.08.28;17:38:38.8;0.02;0.02;732;664;84;84;24;312;336;357;24;2.70;2.70;2.70;2.70;-1;0;0;0;0;14.2;79;25;3.7;0;-;12;30;854;751;0;2038.0;8.4;8.8;0;0;0;0;1;0;
2026.08.28;17:38:39.3;0.03;0.03;112;644;82;82;24;312;336;357;24;2.76;2.76;2.76;2.76;-1;0;0;0;0;14.2;80;25;3.7;1;-;12;30;854;759;0;1342.0;8.4;8.8;0;0;0;0;0;1;
2026.08.28;17:38:39.7;0.03;0.03;112;644;82;82;24;312;336;336;24;2.76;2.76;2.76;2.76;-5;0;0;0;0;14.2;80;25;3.7;4;-;12;30;854;759;5;1342.0;8.6;8.7;0;0;0;0;0;1;
2026.08.28;17:38:40.2;0.02;0.02;737;615;83;83;99;312;357;546;24;7.13;7.13;7.13;7.13;-5;0;0;0;0;14.2;80;25;3.7;4;-;12;30;854;1031;5;3098.0;19.7;30.1;0;0;0;0;0;1;
2026.08.28;17:38:40.6;-0.01;-0.01;703;717;82;83;55;312;357;546;24;3.09;3.09;3.09;3.09;-5;0;0;0;0;14.2;80;25;3.7;7;-;12;30;854;1575;12;2283.0;19.7;30.1;0;0;0;0;0;1;
2026.08.28;17:38:41.1;-0.01;-0.01;703;717;82;83;55;312;420;357;24;3.09;3.09;3.09;3.09;20;0;0;0;0;14.2;80;25;3.7;11;-;12;30;854;1575;15;2283.0;22.8;20.3;0;0;0;0;0;1;
2026.08.28;17:38:41.5;0.03;0.03;83;68;82;83;73;312;420;357;24;3.58;3.58;3.58;3.58;23;0;0;0;0;14.2;80;25;3.7;11;-;12;30;854;1860;15;4897.0;22.8;20.3;0;0;0;0;0;1;
2026.08.28;17:38:42.0;0.05;0.05;73;78;80;84;99;312;420;399;24;4.84;4.84;4.84;4.84;23;0;0;0;0;14.2;80;25;3.7;14;-;12;30;854;1860;22;4897.0;29.2;29.3;0;0;0;0;0;0;
2026.08.28;17:38:42.4;0.05;0.05;73;78;80;84;99;312;483;483;24;4.84;4.84;4.84;4.84;24;0;0;0;0;14.2;80;25;3.7;14;-;12;30;854;2266;22;2688.0;44.7;46.6;0;0;0;0;0;0;
2026.08.28;17:38:42.9;0.00;0.00;39;747;77;84;66;318;483;483;24;0.00;0.00;0.00;0.00;-20;0;0;0;0;14.2;80;25;3.7;18;-;12;30;854;2154;10;4408.0;44.7;46.6;0;0;0;0;0;0;
2026.08.28;17:38:43.3;0.00;0.00;0;0;76;85;0;318;210;252;24;2.80;2.80;2.80;2.80;-20;0;0;0;0;14.2;80;25;3.7;19;-;12;30;854;2154;1;4408.0;13.0;15.3;0;0;0;0;0;1;
2026.08.28;17:38:43.8;0.00;0.00;0;0;76;85;0;318;210;210;24;2.80;2.80;2.80;2.80;-15;0;0;0;0;14.2;80;25;3.7;19;-;12;30;854;1417;1;3930.0;11.2;11.4;0;0;0;0;0;1;
2026.08.28;17:38:44.2;0.00;0.00;776;839;76;85;0;318;210;210;25;0.00;0.00;0.00;0.00;-15;0;0;0;0;14.2;80;25;3.7;20;-;12;30;854;1566;4;3559.0;11.2;11.4;0;0;0;0;0;1;
2026.08.28;17:38:44.7;0.00;0.00;776;839;76;85;0;318;210;210;25;0.00;0.00;0.00;0.00;-13;0;0;0;0;14.2;80;25;3.7;20;-;12;30;854;1566;0;3559.0;11.7;11.8;0;0;0;0;0;0;
2026.08.28;17:38:45.1;0.00;0.00;0;0;76;84;0;318;210;210;25;0.00;0.00;0.00;0.00;-17;0;0;0;0;14.2;80;25;3.7;20;-;12;30;854;1512;0;3368.0;10.9;11.1;0;0;0;0;0;0;
2026.08.28;17:38:45.6;0.00;0.00;0;0;78;85;0;318;210;210;25;0.00;0.00;0.00;0.00;-17;0;0;0;0;14.2;80;25;3.7;19;-;12;30;854;1398;0;2892.0;10.9;11.1;0;0;0;0;1;0;
2026.08.28;17:38:46.0;0.00;0.00;0;0;78;85;0;318;210;210;25;0.00;0.00;0.00;0.00;-17;0;0;0;0;14.2;80;25;3.7;17;-;12;30;854;1398;0;2892.0;9.6;9.9;0;0;0;0;1;0;
2026.08.28;17:38:46.5;0.00;0.00;19;0;79;85;0;318;210;210;25;2.29;2.29;2.29;2.29;6;0;0;0;0;14.2;80;25;3.7;17;-;12;30;854;1225;0;2409.0;8.2;9.9;0;0;0;0;1;0;
2026.08.28;17:38:46.9;-0.00;-0.00;874;834;85;91;0;318;210;210;25;1.65;1.65;1.65;1.65;6;0;0;0;0;14.2;80;25;3.7;15;-;12;30;854;1126;0;1154.0;8.2;8.3;0;0;0;0;1;0;
2026.08.28;17:38:47.4;-0.00;-0.00;874;834;85;91;0;318;378;210;25;1.65;1.65;1.65;1.65;6;0;0;0;0;14.2;80;25;3.7;15;-;12;30;854;1126;11;1154.0;15.6;9.1;0;0;0;0;0;0;
2026.08.28;17:38:47.8;-0.02;-0.02;800;830;79;84;6;318;504;441;25;2.82;2.82;2.82;2.82;16;0;0;0;0;14.2;80;25;3.7;15;-;12;30;854;1211;11;2072.0;22.6;19.7;0;0;0;0;0;0;
2026.08.28;17:38:48.3;0.00;0.00;48;39;81;85;10;318;504;441;25;4.69;4.69;4.69;4.69;16;0;0;0;0;14.1;80;25;3.7;16;-;12;30;854;1303;15;2227.0;22.6;19.7;0;0;0;0;0;0;
2026.08.28;17:38:48.7;0.00;0.00;48;39;81;85;10;318;462;483;25;4.69;4.69;4.69;4.69;17;0;0;0;0;14.1;80;25;3.7;18;-;12;30;854;1303;15;2227.0;23.4;24.0;0;0;0;0;0;0;
2026.08.28;17:38:49.2;0.05;0.05;146;87;80;84;12;318;420;420;25;4.53;4.53;4.53;4.53;22;0;0;0;0;14.1;80;25;3.7;18;-;12;30;854;1468;15;2627.0;24.5;24.4;0;0;0;0;0;0;
2026.08.28;17:38:49.6;0.05;0.05;78;92;80;84;18;225;420;420;25;4.70;4.70;4.70;4.70;22;0;0;0;0;14.1;81;25;3.7;20;-;15;30;854;1632;18;4217.0;24.5;24.4;0;0;0;0;0;0;
2026.08.28;17:38:50.1;0.05;0.05;78;92;80;84;18;225;630;567;25;4.70;4.70;4.70;4.70;20;0;0;0;0;14.1;81;25;3.7;22;-;15;30;854;1632;26;4217.0;41.8;39.0;0;0;0;0;0;0;
2026.08.28;17:38:50.5;0.04;0.04;751;688;79;85;35;225;630;567;25;7.47;7.47;7.47;7.47;11;0;0;0;0;14.3;81;25;3.7;22;-;15;30;854;1854;26;3450.0;41.8;39.0;0;0;0;0;0;0;
2026.08.28;17:38:51.0;0.05;0.05;78;68;77;86;99;225;819;798;25;10.50;10.50;10.50;10.50;11;0;0;0;0;14.3;81;25;3.7;26;-;15;30;854;2182;35;5000.0;72.5;70.9;36;38;31;0;0;0;
2026.08.28;17:38:51.4;0.05;0.05;78;68;77;86;99;225;693;735;25;10.50;10.50;10.50;10.50;22;0;0;0;0;14.3;81;25;3.7;31;-;15;30;854;2182;33;5000.0;72.9;76.1;38;38;45;0;0;0;
2026.08.28;17:38:51.9;-0.01;-0.01;747;742;74;86;84;225;693;735;25;7.82;7.82;7.82;7.82;20;0;0;0;0;14.3;81;25;3.7;31;-;15;30;854;2536;33;5000.0;72.9;76.1;38;38;45;0;0;0;
2026.08.28;17:38:52.3;0.08;0.08;214;126;72;87;99;225;798;777;25;10.98;10.98;10.98;10.98;20;0;0;0;0;14.3;81;25;3.7;35;-;15;30;854;2536;48;5000.0;102.9;101.2;39;39;43;0;0;0;
2026.08.28;17:38:52.8;0.08;0.08;214;126;72;87;99;225;840;819;24;10.98;10.98;10.98;10.98;22;0;0;0;0;14.2;81;25;3.7;40;-;15;30;854;2915;49;5000.0;128.6;125.4;36;37;42;0;0;0;
2026.08.28;17:38:53.2;-0.00;-0.00;517;585;70;87;99;225;840;819;24;10.72;10.72;10.72;10.72;24;0;0;0;0;14.2;81;26;3.7;40;-;15;30;854;3338;49;4931.0;128.6;125.4;36;37;42;0;0;0;
2026.08.28;17:38:53.7;0.01;0.01;786;703;66;87;99;225;840;819;24;11.26;11.26;11.26;11.26;24;0;0;0;0;14.2;81;26;3.7;46;-;15;30;854;3338;49;4931.0;151.0;145.4;36;37;39;0;0;0;
2026.08.28;17:38:54.1;0.01;0.01;786;703;66;87;99;225;735;798;24;11.26;11.26;11.26;11.26;20;0;0;0;0;14.2;81;26;3.7;51;-;3;30;854;3744;18;5000.0;146.4;155.7;32;33;39;0;0;0;
2026.08.28;17:38:54.6;0.00;0.00;844;820;54;86;44;225;735;798;24;0.00;0.00;0.00;0.00;-10;0;0;0;0;14.3;81;26;3.7;51;-;3;30;854;3406;18;4605.0;146.4;155.7;32;33;39;0;0;0;
2026.08.28;17:38:55.0;0.00;0.00;0;0;12;86;0;225;210;231;24;0.00;0.00;0.00;0.00;-10;0;0;0;0;14.3;81;26;3.7;52;-;3;30;854;3406;0;4605.0;23.0;25.0;0;0;0;0;0;0;
2026.08.28;17:38:55.5;0.00;0.00;0;0;12;86;0;225;210;231;24;0.00;0.00;0.00;0.00;-2;0;0;0;0;14.3;81;26;3.7;52;-;3;29;854;2236;0;5000.0;14.2;15.8;0;0;0;0;0;0;
2026.08.28;17:38:55.9;0.00;0.00;0;0;15;86;0;225;210;231;24;3.27;3.27;3.27;3.27;1;0;0;0;0;14.3;81;26;3.7;53;-;3;29;854;1452;0;3545.0;14.2;15.8;0;0;0;0;1;0;
2026.08.28;17:38:56.4;0.00;0.00;0;0;15;86;0;225;210;231;24;3.27;3.27;3.27;3.27;1;0;0;0;0;14.3;81;26;3.7;50;-;3;29;854;1452;0;3545.0;9.7;10.2;0;0;0;0;1;0;
2026.08.28;17:38:56.8;0.00;0.00;917;859;22;84;0;212;252;231;25;1.90;1.90;1.90;1.90;4;0;0;0;0;14.2;81;26;3.7;50;-;3;29;854;1154;0;1319.0;9.7;10.2;0;0;0;0;1;0;
2026.08.28;17:38:57.3;-0.00;-0.00;878;883;24;84;4;212;252;231;25;2.05;2.05;2.05;2.05;4;0;0;0;0;14.2;81;26;3.7;48;-;3;29;854;948;0;2250.0;9.0;8.0;0;0;0;0;1;0;
2026.08.28;17:38:57.7;-0.00;-0.00;878;883;24;84;4;212;336;294;25;2.05;2.05;2.05;2.05;1;0;0;0;0;14.2;81;26;3.7;48;-;3;29;854;948;0;2250.0;10.4;9.3;0;0;0;0;1;0;
2026.08.28;17:38:58.2;-0.01;-0.01;825;844;27;84;6;212;336;294;25;2.62;2.62;2.62;2.62;0;0;0;0;0;14.2;81;26;3.7;48;-;3;29;854;864;0;2312.0;10.4;9.3;0;0;0;0;1;0;
2026.08.28;17:38:58.7;-0.03;-0.03;742;786;30;84;7;212;315;315;25;2.61;2.61;2.61;2.61;0;0;0;0;0;14.2;81;26;3.7;47;-;3;30;854;813;0;1807.0;9.3;9.1;0;0;0;0;1;0;
2026.08.28;17:38:59.1;-0.03;-0.03;742;786;30;84;7;212;357;315;25;2.61;2.61;2.61;2.61;-2;0;0;0;0;14.2;81;26;3.7;46;-;12;30;854;813;0;1807.0;9.5;8.8;0;0;0;0;1;0;
2026.08.28;17:38:59.6;-0.01;-0.01;136;668;33;84;8;212;357;315;25;2.78;2.78;2.78;2.78;1;0;0;0;0;14.2;81;26;3.7;46;-;12;30;854;780;0;1114.0;9.5;8.8;0;0;0;0;1;0;
2026.08.28;17:39:00.0;-0.00;-0.00;87;73;0;0;9;212;336;336;25;2.71;2.71;2.71;2.71;1;0;0;0;0;14.2;81;26;3.7;46;-;12;30;854;780;0;1114.0;9.0;8.9;0;0;0;0;1;0;
2026.08.28;17:39:00.5;-0.00;-0.00;87;73;0;0;9;212;336;336;25;2.71;2.71;2.71;2.71;-3;0;0;0;0;14.2;82;26;3.7;44;-;12;30;854;769;0;1763.0;8.6;8.6;0;0;0;0;1;0;
2026.08.28;17:39:00.9;-0.01;-0.01;747;322;38;83;10;212;336;336;25;2.64;2.64;2.64;2.64;2;0;0;0;0;14.1;82;26;3.7;44;-;12;30;854;760;0;1136.0;8.6;8.6;0;0;0;0;1;0;
2026.08.28;17:39:01.4;-0.02;-0.02;703;712;40;82;11;212;336;315;25;2.63;2.63;2.63;2.63;2;0;0;0;0;14.1;82;26;3.7;41;-;12;30;854;748;0;1389.0;8.8;8.4;0;0;0;0;1;0;
2026.08.28;17:39:01.8;-0.02;-0.02;703;712;40;82;11;212;336;336;25;2.63;2.63;2.63;2.63;0;0;0;0;0;14.1;82;26;3.7;37;-;12;30;854;748;0;1389.0;8.7;8.5;0;0;0;0;1;0;
2026.08.28;17:39:02.3;-0.01;-0.01;87;322;42;82;11;212;336;336;25;2.69;2.69;2.69;2.69;-1;0;0;0;0;14.1;82;26;3.7;37;-;12;30;854;753;0;1355.0;8.7;8.5;0;0;0;0;1;0;
2026.08.28;17:39:02.7;-0.02;-0.02;751;200;43;81;12;212;336;336;25;2.68;2.68;2.68;2.68;-1;0;0;0;0;14.1;82;26;3.7;33;-;12;30;854;753;0;1355.0;8.6;8.5;0;0;0;0;1;0;
2026.08.28;17:39:03.2;-0.02;-0.02;751;200;43;81;12;212;336;336;25;2.68;2.68;2.68;2.68;-2;0;0;0;0;14.2;82;26;3.7;29;-;12;30;854;751;0;1357.0;8.7;8.6;0;0;0;0;1;0;
2026.08.28;17:39:03.6;-0.02;-0.02;756;742;45;82;13;282;336;336;25;2.65;2.65;2.65;2.65;-2;0;0;0;0;14.2;82;26;3.7;29;-;12;30;854;751;0;1437.0;8.7;8.6;0;0;0;0;1;0;
2026.08.28;17:39:04.1;-0.03;-0.03;668;698;46;81;14;282;336;336;25;2.66;2.66;2.66;2.66;-2;0;0;0;0;14.2;82;26;3.7;25;-;9;30;854;751;0;1437.0;8.7;8.5;0;0;0;0;1;0;
2026.08.28;17:39:04.5;-0.03;-0.03;668;698;46;81;14;282;336;336;25;2.66;2.66;2.66;2.66;-2;0;0;0;0;14.2;82;26;3.7;25;-;9;30;854;745;0;1485.0;8.7;8.6;0;0;0;0;1;0;
2026.08.28;17:39:05.0;-0.01;-0.01;488;141;48;81;14;282;336;336;25;2.71;2.71;2.71;2.71;1;0;0;0;0;14.2;82;26;3.7;21;-;9;30;854;751;0;1421.0;8.7;8.6;0;0;0;0;1;0;
2026.08.28;17:39:05.4;-0.04;-0.04;761;727;49;81;15;282;336;336;25;2.64;2.64;2.64;2.64;1;0;0;0;0;14.2;82;26;3.7;19;-;9;30;854;751;0;1421.0;8.8;8.6;0;0;0;0;1;0;
2026.08.28;17:39:05.9;-0.04;-0.04;761;727;49;81;15;282;336;336;25;2.64;2.64;2.64;2.64;1;0;0;0;0;14.2;82;26;3.7;19;-;9;30;854;742;0;1768.0;8.8;8.7;0;0;0;0;1;0;
2026.08.28;17:39:06.3;-0.02;-0.02;102;112;52;82;17;282;336;336;25;2.78;2.78;2.78;2.78;1;0;0;0;0;14.2;82;26;3.7;16;-;9;30;854;748;0;1521.0;8.8;8.7;0;0;0;0;1;0;
2026.08.28;17:39:06.8;-0.02;-0.02;102;112;52;82;17;282;357;357;25;2.78;2.78;2.78;2.78;-2;0;0;0;0;14.2;82;26;3.7;12;-;9;30;854;748;0;1521.0;9.0;9.0;0;0;0;0;1;0;
2026.08.28;17:39:07.2;-0.04;-0.04;727;629;53;81;16;282;357;357;25;2.71;2.71;2.71;2.71;-3;0;0;0;0;14.1;82;26;3.7;12;-;9;30;854;748;0;1862.0;9.0;9.0;0;0;0;0;1;0;
2026.08.28;17:39:07.7;-0.02;-0.02;107;87;54;81;17;282;357;357;25;2.74;2.74;2.74;2.74;-2;0;0;0;0;14.1;82;26;3.7;10;-;9;30;854;748;0;983.0;9.0;9.0;0;0;0;0;1;0;
2026.08.28;17:39:08.1;-0.04;-0.04;761;693;56;81;17;282;336;357;25;2.68;2.68;2.68;2.68;-2;0;0;0;0;14.1;82;26;3.7;8;-;9;30;854;748;0;983.0;8.7;9.0;0;0;0;0;1;0;
2026.08.28;17:39:08.6;-0.04;-0.04;761;693;56;81;17;282;336;336;25;2.68;2.68;2.68;2.68;-4;0;0;0;0;14.1;82;26;3.7;8;-;9;30;854;749;0;1223.0;8.7;8.9;0;0;0;0;1;0;
2026.08.28;17:39:09.0;-0.05;-0.05;522;683;57;80;18;282;336;336;24;2.64;2.64;2.64;2.64;-4;0;0;0;0;14.2;82;26;3.7;6;-;12;30;854;751;0;1410.0;8.7;8.9;0;0;0;0;1;0;
2026.08.28;17:39:09.5;-0.05;-0.05;522;683;57;80;18;282;336;336;24;2.64;2.64;2.64;2.64;-1;0;0;0;0;14.2;82;26;3.7;5;-;12;30;854;751;0;1410.0;8.8;9.0;0;0;0;0;1;0;
2026.08.28;17:39:09.9;-0.02;-0.02;136;97;57;80;19;282;336;336;24;2.69;2.69;2.69;2.69;-2;0;0;0;0;14.2;82;26;3.7;5;-;12;30;854;751;0;1072.0;8.8;8.8;0;0;0;0;1;0;
2026.08.28;17:39:10.4;-0.04;-0.04;756;693;59;80;19;344;336;336;24;2.64;2.64;2.64;2.64;-2;0;0;0;0;14.2;82;26;3.7;3;-;12;30;854;749;0;1242.0;8.8;8.8;0;0;0;0;1;0;
2026.08.28;17:39:10.8;-0.04;-0.04;756;693;59;80;19;344;336;357;24;2.64;2.64;2.64;2.64;-1;0;0;0;0;14.2;82;26;3.7;0;-;12;30;854;749;0;1242.0;8.8;9.0;0;0;0;0;1;0;
2026.08.28;17:39:11.3;-0.02;-0.02;73;68;60;80;19;344;336;357;24;2.69;2.69;2.69;2.69;-2;0;0;0;0;14.3;82;26;3.7;0;-;12;30;854;744;0;1974.0;8.8;9.0;0;0;0;0;1;0;
2026.08.28;17:39:11.7;-0.01;-0.01;87;78;61;80;20;344;357;357;24;2.70;2.70;2.70;2.70;-2;0;0;0;0;14.3;82;26;3.7;0;-;12;30;854;744;0;1974.0;8.9;9.0;0;0;0;0;1;0;
2026.08.28;17:39:12.2;-0.01;-0.01;87;78;61;80;20;344;357;357;24;2.70;2.70;2.70;2.70;-5;0;0;0;0;14.3;82;26;3.7;0;-;12;30;854;742;0;1352.0;9.0;9.0;0;0;0;0;1;0;
2026.08.28;17:39:12.6;-0.01;-0.01;87;83;62;80;21;344;357;357;24;2.73;2.73;2.73;2.73;-5;0;0;0;0;14.3;82;26;3.7;0;-;12;30;854;751;0;1159.0;9.0;9.0;0;0;0;0;1;0;
2026.08.28;17:39:13.1;-0.01;-0.01;87;83;62;80;21;344;336;357;24;2.73;2.73;2.73;2.73;-1;0;0;0;0;14.3;82;26;3.7;0;-;12;30;854;751;0;1159.0;8.8;9.0;0;0;0;0;1;0;
2026.08.28;17:39:13.5;-0.00;-0.00;97;87;64;81;21;344;357;357;25;2.70;2.70;2.70;2.70;-2;0;0;0;0;14.1;82;26;3.7;0;-;12;30;854;747;0;1199.0;8.8;8.9;0;0;0;0;1;0;
2026.08.28;17:39:14.0;0.01;0.01;87;83;65;80;21;344;357;357;25;2.67;2.67;2.67;2.67;-2;0;0;0;0;14.1;83;26;3.7;0;-;13;30;854;757;0;1286.0;8.8;8.9;0;0;0;0;1;0;
2026.08.28;17:39:14.4;0.01;0.01;107;102;65;79;22;344;357;357;25;2.70;2.70;2.70;2.70;0;0;0;0;0;14.1;83;26;3.7;0;-;13;30;854;757;0;1286.0;9.0;9.0;0;0;0;0;1;0;
2026.08.28;17:39:14.9;0.01;0.01;107;102;65;79;22;344;357;357;25;2.70;2.70;2.70;2.70;-4;0;0;0;0;14.1;83;26;3.7;0;-;13;30;854;744;0;1480.0;8.8;8.9;0;0;0;0;1;0;
2026.08.28;17:39:15.3;0.02;0.02;92;87;67;80;22;344;357;357;25;2.68;2.68;2.68;2.68;-3;0;0;0;0;14.1;83;26;3.7;0;-;13;30;854;748;0;1255.0;8.8;8.9;0;0;0;0;1;0;
2026.08.28;17:39:15.8;0.03;0.03;107;97;67;79;23;344;357;357;25;2.67;2.67;2.67;2.67;-3;0;0;0;0;14.1;83;26;3.7;0;-;13;30;854;748;0;1255.0;8.8;9.0;0;0;0;0;1;0;
2026.08.28;17:39:16.2;0.03;0.03;107;97;67;79;23;344;336;357;25;2.67;2.67;2.67;2.67;-2;0;0;0;0;14.1;83;26;3.7;0;-;13;30;854;754;0;1982.0;8.7;9.0;0;0;0;0;1;0;
2026.08.28;17:39:16.7;0.03;0.03;102;102;68;79;23;344;336;357;25;2.69;2.69;2.69;2.69;-2;0;0;0;0;14.1;83;26;3.7;0;-;13;30;854;748;0;1153.0;8.7;9.0;0;0;0;0;1;0;
2026.08.28;17:39:17.1;0.04;0.04;102;87;69;80;23;344;357;357;25;2.73;2.73;2.73;2.73;-4;0;0;0;0;14.1;83;26;3.7;0;-;13;30;854;748;0;1153.0;8.7;8.9;0;0;0;0;1;0;
2026.08.28;17:39:17.6;0.04;0.04;102;87;69;80;23;337;336;357;25;2.73;2.73;2.73;2.73;-5;0;0;0;0;14.2;83;26;3.7;0;-;13;30;854;752;0;1242.0;8.8;9.1;0;0;0;0;1;0;
2026.08.28;17:39:18.0;0.01;0.01;708;380;69;80;24;337;336;357;25;2.63;2.63;2.63;2.63;-5;0;0;0;0;14.2;83;26;3.7;0;-;13;30;854;744;0;1270.0;8.8;9.1;0;0;0;0;1;0;
2026.08.28;17:39:18.5;0.01;0.01;708;380;69;80;24;337;357;357;25;2.63;2.63;2.63;2.63;-3;0;0;0;0;14.2;83;26;3.7;0;-;12;30;854;744;0;1270.0;8.8;9.0;0;0;0;0;1;0;
2026.08.28;17:39:18.9;0.02;0.02;78;83;69;79;25;337;357;357;25;2.70;2.70;2.70;2.70;-2;0;0;0;0;14.2;83;26;3.7;0;-;12;30;854;752;0;1639.0;8.8;9.0;0;0;0;0;1;0;
2026.08.28;17:39:19.4;0.03;0.03;92;83;70;79;25;337;357;357;25;2.70;2.70;2.70;2.70;-2;0;0;0;0;14.2;83;26;3.7;0;-;12;30;854;752;0;1639.0;8.8;9.0;0;0;0;0;1;0;
2026.08.28;17:39:19.8;0.03;0.03;92;83;70;79;25;337;357;357;25;2.70;2.70;2.70;2.70;0;0;0;0;0;14.2;83;26;3.7;0;-;12;30;854;757;0;1117.0;8.8;9.1;0;0;0;0;1;0;
2026.08.28;17:39:20.3;0.03;0.03;195;141;70;79;26;337;357;357;25;2.72;2.72;2.72;2.72;-4;0;0;0;0;14.2;83;26;3.7;0;-;12;30;854;751;0;1067.0;8.8;9.1;0;0;0;0;1;0;
2026.08.28;17:39:20.7;0.01;0.01;683;688;71;80;26;337;336;357;25;2.68;2.68;2.68;2.68;-4;0;0;0;0;14.2;83;26;3.7;0;-;12;30;854;749;0;1326.0;8.7;9.0;0;0;0;0;1;0;
2026.08.28;17:39:21.2;0.01;0.01;683;688;71;80;26;337;357;336;25;2.68;2.68;2.68;2.68;-3;0;0;0;0;14.2;83;26;3.7;0;-;12;30;854;749;0;1326.0;8.7;8.8;0;0;0;0;1;0;
2026.08.28;17:39:21.6;0.02;0.02;708;200;72;80;25;337;357;336;25;2.65;2.65;2.65;2.65;-4;0;0;0;0;14.3;83;26;3.7;0;-;12;30;854;748;0;1854.0;8.7;8.8;0;0;0;0;1;0;
2026.08.28;17:39:22.1;0.01;0.01;771;751;72;80;24;337;336;336;25;2.66;2.66;2.66;2.66;-4;0;0;0;0;14.3;83;26;3.7;0;-;12;30;854;748;0;1854.0;8.5;8.8;0;0;0;0;1;0;
2026.08.28;17:39:22.5;0.01;0.01;771;751;72;80;24;337;336;336;25;2.66;2.66;2.66;2.66;1;0;0;0;0;14.3;83;26;3.7;0;-;12;30;854;750;0;1305.0;8.7;8.8;0;0;0;0;1;0;
2026.08.28;17:39:23.0;0.02;0.02;454;566;72;79;26;337;336;336;25;2.69;2.69;2.69;2.69;1;0;0;0;0;14.3;83;26;3.7;0;-;12;30;854;750;0;1630.0;8.7;8.8;0;0;0;0;1;0;
2026.08.28;17:39:23.4;0.02;0.02;161;273;72;80;26;337;357;336;25;2.70;2.70;2.70;2.70;-2;0;0;0;0;14.3;83;26;3.7;0;-;12;30;854;750;0;1630.0;8.7;8.8;0;0;0;0;1;1;
2026.08.28;17:39:23.9;0.02;0.02;161;273;72;80;26;337;357;357;25;2.70;2.70;2.70;2.70;-3;0;0;0;0;14.2;83;26;3.7;0;-;12;30;854;751;0;1103.0;8.8;9.1;0;0;0;0;1;1;
2026.08.28;17:39:24.3;0.00;0.00;766;712;73;80;26;337;357;357;25;2.82;2.82;2.82;2.82;-3;0;0;0;0;14.2;83;26;3.7;0;-;12;30;854;751;0;1103.0;8.8;9.1;0;0;0;0;1;1;
2026.08.28;17:39:24.8;0.00;0.00;766;712;73;80;26;350;378;378;25;2.82;2.82;2.82;2.82;-6;0;0;0;0;14.2;83;26;3.7;0;-;12;30;854;740;0;1290.0;9.7;9.7;0;0;0;0;0;1;
2026.08.28;17:39:25.2;0.02;0.02;78;78;73;79;27;350;378;378;25;3.01;3.01;3.01;3.01;-8;0;0;0;0;14.2;83;26;3.7;0;-;12;30;854;755;0;1297.0;9.7;9.7;0;0;0;0;0;1;
2026.08.28;17:39:25.7;0.02;0.02;87;78;74;80;26;350;378;378;25;3.17;3.17;3.17;3.17;-8;0;0;0;0;14.2;83;26;3.7;1;-;12;30;854;755;0;1297.0;9.5;10.0;0;0;0;0;1;1;
2026.08.28;17:39:26.2;0.02;0.02;87;78;74;80;26;350;378;399;25;3.17;3.17;3.17;3.17;-8;0;0;0;0;14.2;83;26;3.7;1;-;12;30;854;745;0;1472.0;9.6;10.1;0;0;0;0;1;1;
2026.08.28;17:39:26.6;0.03;0.03;102;83;74;80;25;350;378;399;25;3.19;3.19;3.19;3.19;-8;0;0;0;0;14.2;83;26;3.7;0;-;12;30;854;749;0;1361.0;9.6;10.1;0;0;0;0;1;1;
2026.08.28;17:39:27.1;0.03;0.03;102;83;74;80;25;350;378;378;25;3.19;3.19;3.19;3.19;-8;0;0;0;0;14.2;83;26;3.7;1;-;12;30;854;749;10;1361.0;9.5;10.1;0;0;0;0;0;1;
2026.08.28;17:39:27.5;0.00;0.00;805;781;74;80;99;350;378;378;25;8.56;8.56;8.56;8.56;26;0;0;0;0;14.2;83;26;3.7;1;-;12;30;854;1930;10;2806.0;9.5;10.1;0;0;0;0;0;1;
2026.08.28;17:39:28.0;0.04;0.04;63;73;75;81;71;350;252;294;25;3.70;3.70;3.70;3.70;26;0;0;0;0;14.2;84;26;3.7;3;-;12;30;854;1439;20;2302.0;20.1;24.3;0;0;0;0;0;1;
2026.08.28;17:39:28.4;0.04;0.04;63;73;75;81;71;350;609;693;25;3.70;3.70;3.70;3.70;15;0;0;0;0;14.2;84;26;3.7;9;-;11;30;854;1439;27;2302.0;47.9;53.3;32;31;21;0;0;1;
2026.08.28;17:39:28.9;0.01;0.01;805;786;73;80;99;350;609;693;25;6.36;6.36;6.36;6.36;1;0;0;0;0;14.2;84;26;3.7;9;-;11;30;854;1730;27;2808.0;47.9;53.3;32;31;21;0;0;1;
2026.08.28;17:39:29.3;-0.02;-0.02;727;678;71;81;99;350;756;714;25;9.25;9.25;9.25;9.25;1;0;0;0;0;14.2;84;26;3.7;14;-;11;30;854;1730;36;2808.0;65.3;63.5;36;36;29;0;0;0;
2026.08.28;17:39:29.8;-0.02;-0.02;727;678;71;81;99;350;840;798;25;9.25;9.25;9.25;9.25;9;0;0;0;0;14.2;84;26;3.7;20;-;11;30;854;2411;57;4272.0;112.7;107.7;38;40;37;0;0;0;
2026.08.28;17:39:30.2;0.00;0.00;722;698;0;0;99;350;840;798;25;10.62;10.62;10.62;10.62;18;0;0;0;0;14.2;84;26;3.7;20;-;11;30;854;3426;57;5000.0;112.7;107.7;38;40;37;0;0;0;
2026.08.28;17:39:30.7;0.00;0.00;151;815;68;83;0;350;756;819;25;0.00;0.00;0.00;0.00;18;0;0;0;0;14.2;84;26;3.7;27;-;11;30;854;3426;13;5000.0;152.5;164.5;33;34;41;0;0;0;
2026.08.28;17:39:31.1;0.00;0.00;151;815;68;83;0;350;210;252;25;0.00;0.00;0.00;0.00;-9;0;0;0;0;14.2;84;26;3.7;27;-;11;30;854;3348;13;5000.0;22.1;25.2;0;0;0;0;0;0;
2026.08.28;17:39:31.6;0.00;0.00;14;0;32;82;0;277;210;252;25;2.65;2.65;2.65;2.65;-9;0;0;0;0;14.2;85;27;3.7;29;-;11;30;854;2553;8;2361.0;22.1;25.2;0;0;0;0;0;1;
2026.08.28;17:39:32.0;-0.02;-0.02;68;717;28;81;4;277;336;273;25;3.18;3.18;3.18;3.18;37;0;0;0;0;14.2;85;27;3.7;31;-;11;30;854;2553;21;2361.0;31.1;26.5;0;0;0;0;0;1;
2026.08.28;17:39:32.5;-0.02;-0.02;68;717;28;81;4;277;399;357;25;3.18;3.18;3.18;3.18;26;0;0;0;0;14.2;85;27;3.7;31;-;11;30;854;2461;21;5000.0;39.1;34.6;0;0;0;0;0;1;
2026.08.28;17:39:32.9;0.09;0.09;156;131;30;81;10;277;399;357;25;4.42;4.42;4.42;4.42;26;0;0;0;0;14.2;85;27;3.7;33;-;11;30;854;2621;24;2475.0;39.1;34.6;0;0;0;0;0;0;
2026.08.28;17:39:33.4;0.07;0.07;805;703;33;81;20;277;588;546;25;7.27;7.27;7.27;7.27;26;0;0;0;0;14.2;85;27;3.7;35;-;13;30;854;2621;32;2475.0;65.2;61.4;0;0;0;0;0;0;
2026.08.28;17:39:33.8;0.07;0.07;805;703;33;81;20;277;546;546;25;7.27;7.27;7.27;7.27;16;0;0;0;0;14.2;85;27;3.7;35;-;13;30;854;2830;32;3369.0;70.8;71.4;11;13;38;0;0;0;
2026.08.28;17:39:34.3;0.02;0.02;73;146;32;79;25;277;546;546;25;6.04;6.04;6.04;6.04;16;0;0;0;0;14.3;85;27;3.7;38;-;13;30;854;3067;32;5000.0;70.8;71.4;11;13;38;0;0;0;
2026.08.28;17:39:34.7;-0.00;-0.00;791;742;30;79;21;277;462;483;25;3.59;3.59;3.59;3.59;13;0;0;0;0;14.3;85;27;3.7;41;-;13;30;854;3067;27;5000.0;58.8;59.9;0;0;0;0;0;0;
2026.08.28;17:39:35.2;-0.00;-0.00;791;742;30;79;21;277;210;231;25;3.59;3.59;3.59;3.59;-17;0;0;0;0;14.3;85;27;3.7;41;-;13;30;854;3116;27;5000.0;20.4;23.7;0;0;0;0;0;0;
2026.08.28;17:39:35.6;0.00;0.00;0;0;28;78;0;277;210;231;25;0.00;0.00;0.00;0.00;-17;0;0;0;0;14.3;85;27;3.7;42;-;13;30;854;2010;0;2206.0;20.4;23.7;0;0;0;0;0;1;
2026.08.28;17:39:36.1;0.00;0.00;849;468;33;78;0;277;273;231;25;2.88;2.88;2.88;2.88;21;0;0;0;0;14.3;85;27;3.7;43;-;13;30;854;2010;12;2206.0;18.7;16.9;0;0;0;0;0;1;
2026.08.28;17:39:36.5;0.00;0.00;849;468;33;78;0;277;378;357;25;2.88;2.88;2.88;2.88;27;0;0;0;0;14.3;85;27;3.7;43;-;13;30;854;2249;12;4727.0;34.9;33.5;0;0;0;0;0;1;
2026.08.28;17:39:37.0;0.04;0.04;53;53;37;79;7;277;378;357;25;4.23;4.23;4.23;4.23;27;0;0;0;0;14.3;85;27;3.7;44;-;13;30;854;2431;19;3798.0;34.9;33.5;0;0;0;0;0;1;
2026.08.28;17:39:37.4;0.03;0.03;815;742;39;77;10;277;441;420;25;3.41;3.41;3.41;3.41;28;0;0;0;0;14.3;85;27;3.7;46;-;13;30;854;2431;17;3798.0;42.6;41.6;0;0;0;0;0;0;
2026.08.28;17:39:37.9;0.03;0.03;815;742;39;77;10;277;231;294;25;3.41;3.41;3.41;3.41;30;0;0;0;0;14.3;85;27;3.7;46;-;13;30;854;2504;17;3631.0;21.8;27.0;0;0;0;0;0;0;
2026.08.28;17:39:38.3;-0.02;-0.02;810;761;40;77;10;233;231;294;25;1.86;1.86;1.86;1.86;30;0;0;0;0;14.3;86;27;3.7;47;-;12;30;854;2569;5;3305.0;21.8;27.0;0;0;0;0;0;0;
2026.08.28;17:39:38.8;-0.02;-0.02;810;761;40;77;10;233;210;210;25;1.86;1.86;1.86;1.86;16;0;0;0;0;14.3;86;27;3.7;48;-;12;30;854;2569;0;3305.0;19.8;20.4;0;0;0;0;0;0;
2026.08.28;17:39:39.2;0.05;0.05;224;92;39;76;11;233;210;210;25;1.92;1.92;1.92;1.92;-4;0;0;0;0;14.3;86;27;3.7;48;-;12;30;854;2598;0;3738.0;19.8;20.4;0;0;0;0;0;0;
2026.08.28;17:39:39.7;0.00;0.00;9;14;37;76;0;233;210;210;25;0.00;0.00;0.00;0.00;-4;0;0;0;0;14.3;86;27;3.7;49;-;12;30;854;2627;0;2665.0;19.8;20.9;0;0;0;0;0;0;
2026.08.28;17:39:40.1;0.00;0.00;9;14;37;76;0;233;210;210;25;0.00;0.00;0.00;0.00;6;0;0;0;0;14.3;86;27;3.7;49;-;12;30;854;2627;0;2665.0;20.1;20.5;0;0;0;0;0;0;
2026.08.28;17:39:40.6;0.00;0.00;0;0;41;76;0;233;210;210;25;0.00;0.00;0.00;0.00;6;0;0;0;0;14.3;86;27;3.7;49;-;12;30;854;2651;0;5000.0;20.1;20.5;0;0;0;0;0;0;
2026.08.28;17:39:41.0;0.00;0.00;0;0;48;75;0;233;210;210;25;0.00;0.00;0.00;0.00;6;0;0;0;0;14.3;86;27;3.7;50;-;12;30;854;2669;0;3262.0;20.1;20.4;0;0;0;0;0;0;
2026.08.28;17:39:41.5;0.00;0.00;0;0;48;75;0;233;210;210;25;0.00;0.00;0.00;0.00;6;0;0;0;0;14.3;86;27;3.7;50;-;12;30;854;2669;0;3262.0;20.1;20.5;0;0;0;0;0;0;
2026.08.28;17:39:41.9;0.00;0.00;0;0;56;75;0;233;210;210;25;0.00;0.00;0.00;0.00;6;0;0;0;0;14.3;86;27;3.7;50;-;12;30;854;2687;0;5000.0;20.1;20.5;0;0;0;0;0;0;
2026.08.28;17:39:42.4;0.00;0.00;0;0;62;75;0;233;210;210;25;0.00;0.00;0.00;0.00;6;0;0;0;0;14.3;86;27;3.7;50;-;12;30;854;2687;0;5000.0;20.1;20.5;0;0;0;0;0;0;
2026.08.28;17:39:42.8;0.00;0.00;0;0;62;75;0;233;210;210;25;0.00;0.00;0.00;0.00;7;0;0;0;0;14.3;86;27;3.7;51;-;13;30;854;2706;0;2831.0;20.2;20.5;0;0;0;0;0;0;
2026.08.28;17:39:43.3;0.00;0.00;0;0;68;75;0;233;210;210;25;0.00;0.00;0.00;0.00;7;0;0;0;0;14.3;86;27;3.7;51;-;13;30;854;2725;0;5000.0;20.2;20.5;0;0;0;0;0;0;
2026.08.28;17:39:43.7;0.00;0.00;0;0;72;75;0;233;210;210;25;0.00;0.00;0.00;0.00;7;0;0;0;0;14.3;86;27;3.7;51;-;13;30;854;2725;0;5000.0;20.2;20.6;0;0;0;0;0;0;
2026.08.28;17:39:44.2;0.00;0.00;0;0;72;75;0;233;210;210;25;0.00;0.00;0.00;0.00;7;0;0;0;0;14.3;86;27;3.7;51;-;13;30;854;2744;0;5000.0;20.3;20.7;0;0;0;0;0;0;
2026.08.28;17:39:44.6;0.00;0.00;0;0;75;75;0;233;210;210;25;0.00;0.00;0.00;0.00;7;0;0;0;0;14.3;86;27;3.7;51;-;13;30;854;2763;0;5000.0;20.3;20.7;0;0;0;0;0;0;
2026.08.28;17:39:45.1;0.00;0.00;0;0;78;75;0;233;210;210;25;0.00;0.00;0.00;0.00;7;0;0;0;0;14.3;86;27;3.7;52;-;13;30;854;2763;0;5000.0;20.3;20.8;0;0;0;0;0;0;
2026.08.28;17:39:45.5;0.00;0.00;0;0;78;75;0;201;210;210;25;0.00;0.00;0.00;0.00;7;0;0;0;0;14.3;87;27;3.7;52;-;13;30;854;2790;0;3865.0;20.4;20.8;0;0;0;0;0;0;
2026.08.28;17:39:46.0;0.00;0.00;0;0;81;76;0;201;210;210;25;0.00;0.00;0.00;0.00;7;0;0;0;0;14.3;87;27;3.7;52;-;13;30;854;2810;0;5000.0;20.4;20.8;0;0;0;0;0;0;
2026.08.28;17:39:46.4;0.00;0.00;0;0;81;76;0;201;210;210;25;0.00;0.00;0.00;0.00;7;0;0;0;0;14.3;87;27;3.7;52;-;13;30;854;2810;0;5000.0;20.5;20.9;0;0;0;0;0;0;
2026.08.28;17:39:46.9;0.00;0.00;0;0;82;75;0;201;210;210;25;0.00;0.00;0.00;0.00;7;0;0;0;0;14.3;87;27;3.7;52;-;13;30;854;2817;0;5000.0;20.5;20.9;0;0;0;0;0;0;
2026.08.28;17:39:47.3;0.00;0.00;0;0;84;76;0;201;210;210;25;0.00;0.00;0.00;0.00;7;0;0;0;0;14.3;87;27;3.7;53;-;13;30;854;2844;0;5000.0;20.5;20.9;0;0;0;0;0;0;
2026.08.28;17:39:47.8;0.00;0.00;0;0;84;76;0;201;210;210;25;0.00;0.00;0.00;0.00;7;0;0;0;0;14.3;87;27;3.7;53;-;13;30;854;2844;0;5000.0;20.7;21.2;0;0;0;0;0;0;
2026.08.28;17:39:48.2;0.00;0.00;0;0;87;77;0;201;210;210;25;0.00;0.00;0.00;0.00;7;0;0;0;0;14.3;87;27;3.7;53;-;13;30;854;2851;0;3575.0;20.7;21.2;0;0;0;0;0;0;
2026.08.28;17:39:48.7;0.00;0.00;0;0;89;77;0;201;210;210;25;0.00;0.00;0.00;0.00;7;0;0;0;0;14.3;87;27;3.7;54;-;13;30;854;2851;0;3575.0;20.7;21.2;0;0;0;0;1;0;
2026.08.28;17:39:49.1;0.00;0.00;0;0;89;77;0;201;210;210;25;0.00;0.00;0.00;0.00;7;0;0;0;0;14.3;87;28;3.7;53;-;13;30;854;2879;0;5000.0;20.5;21.3;0;0;0;0;1;0;
2026.08.28;17:39:49.6;0.00;0.00;0;0;89;77;0;201;210;210;25;0.00;0.00;0.00;0.00;8;0;0;0;0;14.3;87;28;3.7;53;-;13;30;854;2823;0;4869.0;20.5;21.3;0;0;0;0;1;0;
2026.08.28;17:39:50.0;0.00;0.00;0;0;91;77;0;201;210;210;25;0.00;0.00;0.00;0.00;8;0;0;0;0;14.3;87;28;3.7;52;-;13;30;854;2823;0;4869.0;20.2;20.3;0;0;0;0;1;0;
2026.08.28;17:39:50.5;0.00;0.00;0;0;91;77;0;201;210;210;25;0.00;0.00;0.00;0.00;7;0;0;0;0;14.3;87;28;3.7;51;-;13;30;854;2763;0;5000.0;19.7;19.9;0;0;0;0;1;0;
2026.08.28;17:39:51.0;0.00;0.00;0;0;92;78;0;201;210;210;25;0.00;0.00;0.00;0.00;8;0;0;0;0;14.3;87;28;3.8;51;-;13;30;854;2700;0;4767.0;19.7;19.9;0;0;0;0;1;0;
2026.08.28;17:39:51.4;0.00;0.00;0;0;94;78;0;201;210;210;25;0.00;0.00;0.00;0.00;8;0;0;0;0;14.3;87;28;3.8;50;-;13;30;854;2700;0;4767.0;19.3;19.0;0;0;0;0;1;0;
2026.08.28;17:39:51.9;0.00;0.00;0;0;94;78;0;201;210;210;25;0.00;0.00;0.00;0.00;7;0;0;0;0;14.3;87;28;3.8;50;-;13;30;854;2592;0;4399.0;18.8;18.6;0;0;0;0;1;0;
2026.08.28;17:39:52.3;0.00;0.00;0;0;96;79;0;196;210;210;25;0.00;0.00;0.00;0.00;7;0;0;0;0;14.3;86;28;3.8;47;-;13;30;854;2461;0;4131.0;18.8;18.6;0;0;0;0;1;0;
2026.08.28;17:39:52.8;0.00;0.00;0;0;96;79;0;196;210;210;25;0.00;0.00;0.00;0.00;6;0;0;0;0;14.3;86;28;3.8;45;-;12;30;854;2461;0;4131.0;18.3;18.2;0;0;0;0;1;0;
2026.08.28;17:39:53.2;0.00;0.00;0;0;96;79;0;196;210;210;25;0.00;0.00;0.00;0.00;5;0;0;0;0;14.2;86;28;3.8;45;-;12;30;854;2334;0;5000.0;17.3;17.5;0;0;0;0;1;0;
2026.08.28;17:39:53.7;0.00;0.00;0;0;96;79;0;196;210;210;25;0.00;0.00;0.00;0.00;5;0;0;0;0;14.2;86;28;3.8;42;-;12;30;854;2240;0;2259.0;17.3;17.5;0;0;0;0;1;0;
2026.08.28;17:39:54.1;0.00;0.00;0;0;96;79;0;196;210;210;25;0.00;0.00;0.00;0.00;4;0;0;0;0;14.2;86;28;3.8;41;-;12;30;854;2240;0;2259.0;16.5;16.9;0;0;0;0;1;0;
2026.08.28;17:39:54.6;0.00;0.00;0;0;96;80;0;196;210;210;25;0.00;0.00;0.00;0.00;5;0;0;0;0;14.2;86;28;3.8;41;-;12;30;854;2182;0;5000.0;16.5;16.9;0;0;0;0;1;0;
2026.08.28;17:39:55.0;0.00;0.00;0;0;96;80;0;196;210;210;25;0.00;0.00;0.00;0.00;5;0;0;0;0;14.2;86;28;3.8;40;-;12;30;854;2182;0;5000.0;15.9;15.9;0;0;0;0;1;0;
2026.08.28;17:39:55.5;0.00;0.00;0;0;96;80;0;196;210;210;25;0.00;0.00;0.00;0.00;5;0;0;0;0;14.2;86;28;3.8;40;-;12;30;854;2119;0;3655.0;15.6;15.8;0;0;0;0;1;0;
2026.08.28;17:39:55.9;0.00;0.00;0;0;96;81;0;196;210;210;25;0.00;0.00;0.00;0.00;5;0;0;0;0;14.2;85;28;3.8;40;-;12;30;854;2126;0;3927.0;15.6;15.8;0;0;0;0;1;0;
2026.08.28;17:39:56.4;0.00;0.00;0;0;96;81;0;196;210;210;25;0.00;0.00;0.00;0.00;5;0;0;0;0;14.2;85;28;3.8;40;-;12;30;854;2126;0;3927.0;15.7;15.7;0;0;0;0;1;0;
2026.08.28;17:39:56.8;0.00;0.00;0;0;96;81;0;196;210;210;25;0.00;0.00;0.00;0.00;6;0;0;0;0;14.2;85;28;3.8;40;-;12;30;854;2122;0;3818.0;15.7;15.8;0;0;0;0;1;0;
2026.08.28;17:39:57.3;0.00;0.00;0;0;96;81;0;196;210;210;25;0.00;0.00;0.00;0.00;6;0;0;0;0;14.3;85;28;3.8;40;-;12;30;854;2146;0;3518.0;15.7;15.8;0;0;0;0;0;0;
2026.08.28;17:39:57.7;0.00;0.00;0;0;96;81;0;196;210;210;25;0.00;0.00;0.00;0.00;6;0;0;0;0;14.3;85;28;3.8;40;-;12;30;854;2146;0;3518.0;15.7;15.6;0;0;0;0;0;0;
2026.08.28;17:39:58.2;0.00;0.00;0;0;96;81;0;196;210;210;25;0.00;0.00;0.00;0.00;6;0;0;0;0;14.3;85;28;3.8;40;-;12;30;854;2170;0;4079.0;15.9;15.7;0;0;0;0;0;0;
2026.08.28;17:39:58.6;0.00;0.00;0;0;96;82;0;196;210;210;25;0.00;0.00;0.00;0.00;6;0;0;0;0;14.3;85;28;3.8;41;-;12;30;854;2202;0;4952.0;15.9;15.7;0;0;0;0;0;0;
2026.08.28;17:39:59.1;0.00;0.00;0;0;96;82;0;196;210;210;25;0.00;0.00;0.00;0.00;6;0;0;0;0;14.3;85;28;3.8;41;-;12;30;854;2202;0;4952.0;16.3;16.2;0;0;0;0;0;0;
2026.08.28;17:39:59.5;0.00;0.00;0;0;96;82;0;197;210;210;25;0.00;0.00;0.00;0.00;6;0;0;0;0;14.3;82;26;3.8;41;-;12;30;854;2227;0;5000.0;16.3;16.2;0;0;0;0;0;0;
2026.08.28;17:40:00.0;0.00;0.00;0;0;0;0;0;197;210;210;25;0.00;0.00;0.00;0.00;6;0;0;0;0;14.3;82;26;3.8;42;-;12;30;854;2219;0;2817.0;16.5;16.3;0;0;0;0;1;0;
2026.08.28;17:40:00.4;0.00;0.00;0;0;0;0;0;197;210;210;25;0.00;0.00;0.00;0.00;6;0;0;0;0;14.3;82;26;3.8;42;-;12;30;854;2219;0;2817.0;16.4;16.4;0;0;0;0;1;0;
2026.08.28;17:40:00.9;0.00;0.00;0;0;96;83;0;197;210;210;25;0.00;0.00;0.00;0.00;6;0;0;0;0;14.3;82;26;3.8;41;-;12;30;854;2134;0;2446.0;16.4;16.4;0;0;0;0;1;0;
2026.08.28;17:40:01.3;0.00;0.00;0;0;97;85;0;197;210;210;25;0.00;0.00;0.00;0.00;6;0;0;0;0;14.3;82;26;3.8;39;-;12;30;854;2134;0;2446.0;15.1;15.0;0;0;0;0;1;0;
2026.08.28;17:40:01.8;0.00;0.00;0;0;97;85;0;197;210;210;25;0.00;0.00;0.00;0.00;7;0;0;0;0;14.2;82;26;3.8;39;-;12;30;854;1969;0;4470.0;13.5;13.5;0;0;0;0;1;0;
2026.08.28;17:40:02.2;0.00;0.00;0;0;97;85;0;197;210;210;25;0.00;0.00;0.00;0.00;7;0;0;0;0;14.2;82;26;3.8;35;-;12;30;854;1749;0;3562.0;13.5;13.5;0;0;0;0;1;0;
2026.08.28;17:40:02.7;0.00;0.00;0;0;96;84;0;197;210;210;25;0.00;0.00;0.00;0.00;7;0;0;0;0;14.2;82;26;3.8;30;-;10;30;854;1749;0;3562.0;12.0;12.2;0;0;0;0;1;0;
2026.08.28;17:40:03.1;0.00;0.00;0;0;96;84;0;197;210;210;25;0.00;0.00;0.00;0.00;7;0;0;0;0;14.2;80;25;3.8;30;-;10;30;854;1448;0;2785.0;9.2;9.0;0;0;0;0;1;0;
2026.08.28;17:40:03.6;0.00;0.00;874;102;97;85;0;197;210;210;25;2.22;2.22;2.22;2.22;7;0;0;0;0;14.2;80;25;3.8;26;-;10;30;854;1081;0;1525.0;9.2;9.0;0;0;0;0;1;1;
2026.08.28;17:40:04.0;0.00;0.00;874;102;97;85;0;197;336;231;25;2.22;2.22;2.22;2.22;21;0;0;0;0;14.2;80;25;3.8;24;-;10;30;854;1081;0;1525.0;10.9;7.6;0;0;0;0;1;1;
2026.08.28;17:40:04.5;-0.01;-0.01;874;874;96;84;4;197;357;336;25;2.55;2.55;2.55;2.55;18;0;0;0;0;14.2;80;25;3.8;24;-;10;30;854;897;0;1718.0;11.7;10.4;0;0;0;0;1;1;
2026.08.28;17:40:04.9;0.01;0.01;53;249;98;87;5;197;357;336;25;2.82;2.82;2.82;2.82;18;0;0;0;0;14.2;80;25;3.8;21;-;10;30;854;901;0;1516.0;11.7;10.4;0;0;0;0;1;0;
2026.08.28;17:40:05.4;0.01;0.01;53;249;98;87;5;197;336;315;25;2.82;2.82;2.82;2.82;4;0;0;0;0;14.2;80;25;3.8;19;-;10;30;854;901;0;1516.0;9.8;9.4;0;0;0;0;1;0;
2026.08.28;17:40:05.8;0.02;0.02;53;48;96;85;7;197;336;315;25;2.60;2.60;2.60;2.60;5;0;0;0;0;14.2;80;25;3.8;19;-;10;30;854;861;0;1631.0;9.6;9.0;0;0;0;0;1;0;
2026.08.28;17:40:06.3;0.02;0.02;58;53;97;86;8;214;336;315;25;2.61;2.61;2.61;2.61;5;0;0;0;0;14.2;79;25;3.8;16;-;10;30;854;791;0;1337.0;9.6;9.0;0;0;0;0;1;0;
2026.08.28;17:40:06.7;0.02;0.02;58;53;97;86;8;214;357;336;25;2.61;2.61;2.61;2.61;4;0;0;0;0;14.2;79;25;3.8;13;-;10;30;854;791;0;1337.0;9.3;8.6;0;0;0;0;1;0;
2026.08.28;17:40:07.2;0.03;0.03;58;53;97;86;9;214;357;336;25;2.74;2.74;2.74;2.74;1;0;0;0;0;14.2;79;25;3.8;13;-;10;30;854;761;0;1602.0;9.1;8.6;0;0;0;0;1;0;
2026.08.28;17:40:07.6;0.04;0.04;58;48;96;85;9;214;357;336;25;2.81;2.81;2.81;2.81;1;0;0;0;0;14.2;79;25;3.8;13;-;11;30;854;743;0;1383.0;9.1;8.6;0;0;0;0;1;0;
2026.08.28;17:40:08.1;0.04;0.04;58;48;96;85;9;214;357;336;25;2.81;2.81;2.81;2.81;0;0;0;0;0;14.2;79;25;3.8;11;-;11;30;854;743;0;1383.0;9.2;8.5;0;0;0;0;1;0;
2026.08.28;17:40:08.5;0.04;0.04;63;58;97;86;10;214;357;357;25;2.85;2.85;2.85;2.85;2;0;0;0;0;14.2;79;25;3.8;11;-;11;30;854;752;0;1306.0;9.1;8.6;0;0;0;0;1;0;
2026.08.28;17:40:09.0;0.05;0.05;68;58;97;86;10;214;357;357;25;2.89;2.89;2.89;2.89;2;0;0;0;0;14.2;79;25;3.8;10;-;11;30;854;753;0;1486.0;9.1;8.6;0;0;0;0;1;0;
2026.08.28;17:40:09.4;0.05;0.05;68;58;97;86;10;214;357;357;25;2.89;2.89;2.89;2.89;0;0;0;0;0;14.2;79;25;3.8;10;-;11;30;854;753;0;1486.0;9.0;8.6;0;0;0;0;1;0;
2026.08.28;17:40:09.9;0.06;0.06;83;68;96;86;11;214;357;357;25;2.81;2.81;2.81;2.81;-1;0;0;0;0;14.2;79;25;3.8;10;-;11;30;854;756;0;2232.0;9.0;8.6;0;0;0;0;1;0;
2026.08.28;17:40:10.3;0.04;0.04;761;703;99;88;12;214;357;336;25;2.74;2.74;2.74;2.74;-1;0;0;0;0;14.2;79;25;3.8;8;-;11;30;854;756;0;2232.0;8.7;8.3;0;0;0;0;1;0;
2026.08.28;17:40:10.8;0.04;0.04;761;703;99;88;12;214;336;336;25;2.74;2.74;2.74;2.74;0;0;0;0;0;14.2;79;25;3.8;6;-;11;30;854;764;0;1390.0;8.7;8.3;0;0;0;0;1;0;
2026.08.28;17:40:11.2;0.03;0.03;737;737;97;87;12;214;336;336;25;2.72;2.72;2.72;2.72;0;0;0;0;0;14.2;79;25;3.8;6;-;11;30;854;751;0;1562.0;8.7;8.3;0;0;0;0;1;0;
2026.08.28;17:40:11.7;0.03;0.03;717;717;98;87;13;214;357;336;25;2.72;2.72;2.72;2.72;0;0;0;0;0;14.2;79;25;3.8;6;-;11;30;854;751;0;1562.0;8.7;8.3;0;0;0;0;1;0;
2026.08.28;17:40:12.1;0.03;0.03;717;717;98;87;13;214;336;336;25;2.72;2.72;2.72;2.72;2;0;0;0;0;14.2;79;25;3.8;7;-;12;30;854;755;0;2054.0;8.7;8.4;0;0;0;0;1;0;
2026.08.28;17:40:12.6;0.02;0.02;693;708;97;87;14;214;336;336;25;2.71;2.71;2.71;2.71;1;0;0;0;0;14.2;79;25;3.8;7;-;12;30;854;755;0;1532.0;8.7;8.4;0;0;0;0;1;0;
2026.08.28;17:40:13.0;0.01;0.01;722;717;97;87;14;309;357;336;25;2.71;2.71;2.71;2.71;1;0;0;0;0;14.2;79;25;3.8;6;-;12;30;854;754;0;1400.0;8.7;8.4;0;0;0;0;1;0;
2026.08.28;17:40:13.5;0.01;0.01;722;717;97;87;14;309;357;336;25;2.71;2.71;2.71;2.71;1;0;0;0;0;14.2;79;25;3.8;4;-;12;30;854;754;0;1400.0;8.7;8.4;0;0;0;0;1;0;
2026.08.28;17:40:13.9;0.01;0.01;698;698;97;87;15;309;357;336;25;2.68;2.68;2.68;2.68;0;0;0;0;0;14.2;79;25;3.8;4;-;12;30;854;754;0;1490.0;8.7;8.4;0;0;0;0;1;0;
2026.08.28;17:40:14.4;0.00;0.00;659;698;98;88;16;309;357;336;25;2.69;2.69;2.69;2.69;0;0;0;0;0;14.2;79;25;3.8;1;-;12;30;854;753;0;1437.0;8.6;8.3;0;0;0;0;1;0;
2026.08.28;17:40:14.8;0.00;0.00;659;698;98;88;16;309;357;336;25;2.69;2.69;2.69;2.69;1;0;0;0;0;14.2;79;25;3.8;0;-;12;30;854;753;0;1437.0;8.7;8.5;0;0;0;0;1;0;
2026.08.28;17:40:15.3;0.02;0.02;151;146;96;87;17;309;357;336;25;2.71;2.71;2.71;2.71;1;0;0;0;0;14.2;79;25;3.8;0;-;12;30;854;752;0;1416.0;8.7;8.5;0;0;0;0;1;0;
2026.08.28;17:40:15.7;-0.00;-0.00;727;708;97;88;17;309;336;336;25;2.65;2.65;2.65;2.65;1;0;0;0;0;14.2;79;25;3.8;0;-;12;30;854;752;0;1416.0;8.6;8.5;0;0;0;0;1;0;
2026.08.28;17:40:16.2;-0.00;-0.00;727;708;97;88;17;309;336;336;25;2.65;2.65;2.65;2.65;1;0;0;0;0;14.2;79;25;3.8;0;-;12;30;854;753;0;2029.0;8.6;8.5;0;0;0;0;1;0;
2026.08.28;17:40:16.6;-0.01;-0.01;410;634;98;88;18;309;357;336;25;2.66;2.66;2.66;2.66;1;0;0;0;0;14.2;79;25;3.8;0;-;12;30;854;753;0;2029.0;8.7;8.4;0;0;0;0;1;0;
2026.08.28;17:40:17.1;-0.01;-0.01;410;634;98;88;18;309;357;336;25;2.66;2.66;2.66;2.66;3;0;0;0;0;14.2;79;25;3.8;0;-;12;30;854;749;0;2029.0;8.7;8.5;0;0;0;0;1;0;
2026.08.28;17:40:17.5;-0.01;-0.01;717;659;97;88;19;309;357;336;25;2.66;2.66;2.66;2.66;0;0;0;0;0;14.2;79;25;3.8;0;-;11;30;854;752;0;1335.0;8.7;8.5;0;0;0;0;1;0;
2026.08.28;17:40:18.0;-0.02;-0.02;527;620;97;88;19;309;357;336;25;2.64;2.64;2.64;2.64;0;0;0;0;0;14.2;79;25;3.8;0;-;11;30;854;752;0;1335.0;8.7;8.5;0;0;0;0;1;0;
2026.08.28;17:40:18.4;-0.02;-0.02;527;620;97;88;19;309;357;336;25;2.64;2.64;2.64;2.64;3;0;0;0;0;14.2;79;25;3.8;0;-;11;30;854;750;0;1360.0;8.8;8.5;0;0;0;0;1;0;
2026.08.28;17:40:18.9;0.00;0.00;156;102;97;88;20;309;357;336;25;2.71;2.71;2.71;2.71;3;0;0;0;0;14.2;79;25;3.8;0;-;11;30;854;751;0;1618.0;8.8;8.5;0;0;0;0;1;0;
2026.08.28;17:40:19.4;0.00;0.00;156;102;97;88;20;309;336;336;25;2.71;2.71;2.71;2.71;-3;0;0;0;0;14.2;79;25;3.8;0;-;11;30;854;751;0;1618.0;8.6;8.5;0;0;0;0;1;0;
2026.08.28;17:40:19.8;-0.02;-0.02;722;717;96;88;21;309;336;336;25;2.64;2.64;2.64;2.64;0;0;0;0;0;14.2;79;25;3.8;0;-;11;30;854;753;0;1890.0;8.6;8.5;0;0;0;0;1;0;
2026.08.28;17:40:20.3;-0.01;-0.01;112;458;96;89;21;309;357;336;25;2.70;2.70;2.70;2.70;0;0;0;0;0;14.2;79;25;3.8;0;-;11;30;854;753;0;1890.0;8.6;8.4;0;0;0;0;1;0;
2026.08.28;17:40:20.7;-0.01;-0.01;112;458;96;89;21;324;336;336;25;2.70;2.70;2.70;2.70;-2;0;0;0;0;14.2;79;25;3.8;0;-;11;30;854;749;0;1968.0;8.6;8.5;0;0;0;0;1;0;
2026.08.28;17:40:21.2;-0.02;-0.02;737;659;96;88;21;324;336;336;25;2.62;2.62;2.62;2.62;-2;0;0;0;0;14.2;79;25;3.8;0;-;11;30;854;751;0;1461.0;8.6;8.5;0;0;0;0;1;0;
2026.08.28;17:40:21.6;-0.02;-0.02;737;659;96;88;21;324;357;336;25;2.62;2.62;2.62;2.62;-2;0;0;0;0;14.2;79;25;3.8;0;-;11;30;854;751;0;1461.0;8.6;8.4;0;0;0;0;1;0;
2026.08.28;17:40:22.1;-0.01;-0.01;180;644;95;89;23;324;357;336;25;2.67;2.67;2.67;2.67;-3;0;0;0;0;14.2;79;25;3.8;0;-;11;30;854;749;0;1992.0;8.6;8.4;0;0;0;0;1;0;
2026.08.28;17:40:22.5;-0.02;-0.02;693;273;97;90;23;324;336;336;25;2.63;2.63;2.63;2.63;-3;0;0;0;0;14.2;79;25;3.8;0;-;12;30;854;749;0;1992.0;8.5;8.5;0;0;0;0;1;0;
2026.08.28;17:40:23.0;-0.02;-0.02;693;273;97;90;23;324;336;336;25;2.63;2.63;2.63;2.63;0;0;0;0;0;14.2;79;25;3.8;0;-;12;30;854;750;0;1467.0;8.5;8.5;0;0;0;0;1;0;
2026.08.28;17:40:23.4;-0.01;-0.01;112;634;95;89;23;324;336;336;25;2.67;2.67;2.67;2.67;1;0;0;0;0;14.2;79;25;3.8;0;-;12;30;854;748;0;1975.0;8.5;8.5;0;0;0;0;1;0;
2026.08.28;17:40:23.9;-0.00;-0.00;346;92;95;89;24;324;357;336;25;2.69;2.69;2.69;2.69;1;0;0;0;0;14.2;80;25;3.8;0;-;12;30;854;752;0;1373.0;8.8;8.7;0;0;0;0;1;0;
2026.08.28;17:40:24.3;-0.00;-0.00;346;92;95;89;24;324;357;336;25;2.69;2.69;2.69;2.69;1;0;0;0;0;14.2;80;25;3.8;0;-;12;30;854;752;0;1373.0;8.6;8.5;0;0;0;0;1;0;
2026.08.28;17:40:24.8;-0.03;-0.03;302;693;95;90;24;324;357;336;25;2.59;2.59;2.59;2.59;1;0;0;0;0;14.1;80;25;3.8;0;-;12;30;854;747;0;1412.0;8.6;8.5;0;0;0;0;1;0;
2026.08.28;17:40:25.2;-0.00;-0.00;102;78;94;89;26;324;357;336;25;2.67;2.67;2.67;2.67;1;0;0;0;0;14.1;80;25;3.8;0;-;12;30;854;753;0;1212.0;8.7;8.5;0;0;0;0;1;0;
2026.08.28;17:40:25.7;-0.00;-0.00;102;78;94;89;26;324;336;336;25;2.67;2.67;2.67;2.67;-2;0;0;0;0;14.1;80;25;3.8;0;-;12;30;854;753;0;1212.0;8.5;8.6;0;0;0;0;1;0;
2026.08.28;17:40:26.1;-0.02;-0.02;683;395;94;89;24;324;336;336;25;2.63;2.63;2.63;2.63;-2;0;0;0;0;14.1;80;25;3.8;0;-;12;30;854;748;0;2044.0;8.5;8.6;0;0;0;0;1;0;
2026.08.28;17:40:26.6;-0.00;-0.00;83;78;94;89;26;324;357;336;25;2.69;2.69;2.69;2.69;-2;0;0;0;0;14.1;80;25;3.8;0;-;12;30;854;748;0;2044.0;8.6;8.6;0;0;0;0;1;0;
2026.08.28;17:40:27.0;-0.00;-0.00;83;78;94;89;26;324;357;336;25;2.69;2.69;2.69;2.69;-3;0;0;0;0;14.1;80;25;3.8;0;-;12;30;854;753;0;1341.0;8.7;8.6;0;0;0;0;1;0;
2026.08.28;17:40:27.5;0.01;0.01;102;87;93;90;26;324;357;336;25;2.67;2.67;2.67;2.67;-3;0;0;0;0;14.1;80;25;3.8;0;-;12;30;854;749;0;1802.0;8.7;8.6;0;0;0;0;1;0;
2026.08.28;17:40:27.9;0.01;0.01;97;92;93;90;26;324;357;336;25;2.65;2.65;2.65;2.65;1;0;0;0;0;14.1;80;25;3.8;0;-;12;30;854;749;0;1802.0;8.7;8.6;0;0;0;0;1;0;
2026.08.28;17:40:28.4;0.01;0.01;97;92;93;90;26;324;357;336;25;2.65;2.65;2.65;2.65;0;0;0;0;0;14.1;80;25;3.8;0;-;12;30;854;747;0;1432.0;8.8;8.7;0;0;0;0;1;0;
2026.08.28;17:40:28.8;0.02;0.02;102;87;92;89;26;324;357;336;25;2.68;2.68;2.68;2.68;0;0;0;0;0;14.2;80;25;3.8;0;-;12;30;854;753;0;1315.0;8.8;8.7;0;0;0;0;1;0;
2026.08.28;17:40:29.3;0.02;0.02;102;87;92;89;26;324;357;336;25;2.68;2.68;2.68;2.68;-1;0;0;0;0;14.2;80;25;3.8;0;-;12;30;854;753;0;1315.0;8.8;8.7;0;0;0;0;1;0;
2026.08.28;17:40:29.7;0.03;0.03;156;122;92;89;26;324;357;336;25;2.70;2.70;2.70;2.70;-1;0;0;0;0;14.2;80;25;3.8;0;-;12;30;854;747;0;1770.0;8.8;8.7;0;0;0;0;1;0;
2026.08.28;17:40:30.2;0.01;0.01;688;639;93;90;24;324;336;336;25;2.61;2.61;2.61;2.61;-1;0;0;0;0;14.2;80;25;3.8;0;-;12;30;854;751;0;1198.0;8.5;8.6;0;0;0;0;1;0;
2026.08.28;17:40:30.6;0.01;0.01;688;639;93;90;24;324;357;336;25;2.61;2.61;2.61;2.61;0;0;0;0;0;14.2;80;25;3.8;0;-;12;30;854;751;0;1198.0;9.0;8.6;0;0;0;0;1;0;
2026.08.28;17:40:31.1;0.03;0.03;83;73;92;90;26;324;357;336;25;2.66;2.66;2.66;2.66;-2;0;0;0;0;14.2;80;25;3.8;0;-;12;30;854;754;0;1521.0;9.0;8.6;0;0;0;0;1;0;
2026.08.28;17:40:31.5;0.04;0.04;112;92;92;90;26;324;357;336;25;2.70;2.70;2.70;2.70;-2;0;0;0;0;14.2;80;25;3.8;0;-;12;30;854;754;0;1521.0;8.6;8.7;0;0;0;0;1;0;
2026.08.28;17:40:32.0;0.04;0.04;112;92;92;90;26;324;357;336;25;2.70;2.70;2.70;2.70;-3;0;0;0;0;14.2;80;25;3.8;0;-;12;30;854;754;0;1201.0;8.8;8.5;0;0;0;0;1;0;
2026.08.28;17:40:32.4;0.04;0.04;112;97;91;90;26;324;357;336;25;2.68;2.68;2.68;2.68;-3;0;0;0;0;14.2;80;25;3.8;0;-;11;30;854;753;0;1331.0;8.8;8.5;0;0;0;0;1;0;
2026.08.28;17:40:32.9;0.04;0.04;112;97;91;90;26;324;336;336;25;2.68;2.68;2.68;2.68;0;0;0;0;0;14.2;80;25;3.8;0;-;11;30;854;753;0;1331.0;8.5;8.5;0;0;0;0;1;0;
2026.08.28;17:40:33.3;0.03;0.03;654;703;92;90;24;324;336;336;25;2.60;2.60;2.60;2.60;0;0;0;0;0;14.2;80;25;3.8;0;-;11;30;854;748;0;1113.0;8.5;8.5;0;0;0;0;1;0;
2026.08.28;17:40:33.8;0.05;0.05;97;78;92;91;24;324;336;336;25;2.69;2.69;2.69;2.69;0;0;0;0;0;14.2;80;25;3.8;0;-;11;30;854;755;0;1488.0;8.6;8.5;0;0;0;0;1;0;
2026.08.28;17:40:34.2;0.05;0.05;97;78;92;91;24;324;357;336;25;2.69;2.69;2.69;2.69;-3;0;0;0;0;14.2;80;25;3.8;0;-;11;30;854;755;0;1488.0;8.6;8.7;0;0;0;0;1;0;
2026.08.28;17:40:34.7;0.03;0.03;673;693;91;90;24;343;336;336;25;2.72;2.72;2.72;2.72;-2;0;0;0;0;14.2;80;25;3.8;0;-;11;30;854;745;0;1372.0;8.6;8.8;0;0;0;0;1;0;
2026.08.28;17:40:35.1;0.04;0.04;112;175;91;90;25;343;336;336;25;2.76;2.76;2.76;2.76;-2;0;0;0;0;14.2;80;25;3.8;0;-;11;30;854;753;0;1191.0;8.6;8.8;0;0;0;0;1;0;
2026.08.28;17:40:35.6;0.04;0.04;112;175;91;90;25;343;336;336;25;2.76;2.76;2.76;2.76;-2;0;0;0;0;14.2;80;25;3.8;1;-;11;30;854;753;0;1191.0;8.4;8.7;0;0;0;0;1;0;
2026.08.28;17:40:36.0;0.03;0.03;747;732;91;90;24;343;336;336;25;2.71;2.71;2.71;2.71;-2;0;0;0;0;14.2;80;25;3.8;1;-;11;30;854;750;0;1404.0;8.4;8.7;0;0;0;0;1;0;
2026.08.28;17:40:36.5;0.02;0.02;708;737;91;91;25;343;357;336;25;2.73;2.73;2.73;2.73;-2;0;0;0;0;14.2;80;25;3.8;2;-;11;30;854;745;0;1890.0;8.6;8.8;0;0;0;0;1;0;
2026.08.28;17:40:36.9;0.02;0.02;708;737;91;91;25;343;357;357;25;2.73;2.73;2.73;2.73;-2;0;0;0;0;14.2;80;25;3.8;2;-;12;30;854;745;0;1890.0;8.6;8.8;0;0;0;0;1;0;
2026.08.28;17:40:37.4;0.01;0.01;693;693;90;90;24;343;357;357;25;2.71;2.71;2.71;2.71;-3;0;0;0;0;14.2;80;25;3.8;2;-;12;30;854;746;0;1109.0;8.6;8.8;0;0;0;0;1;0;
2026.08.28;17:40:37.8;0.01;0.01;649;649;90;91;25;343;336;336;25;2.74;2.74;2.74;2.74;-3;0;0;0;0;14.2;80;25;3.8;1;-;12;30;854;746;0;1109.0;8.5;8.8;0;0;0;0;1;0;
2026.08.28;17:40:38.3;0.01;0.01;649;649;90;91;25;343;357;336;25;2.74;2.74;2.74;2.74;-3;0;0;0;0;14.2;80;25;3.8;1;-;12;30;854;747;0;1228.0;8.6;8.7;0;0;0;0;1;0;
2026.08.28;17:40:38.7;-0.00;-0.00;693;673;89;90;24;343;357;336;25;2.67;2.67;2.67;2.67;-3;0;0;0;0;14.2;80;25;3.8;1;-;12;30;854;748;0;1300.0;8.6;8.7;0;0;0;0;1;0;
2026.08.28;17:40:39.2;-0.00;-0.00;693;673;89;90;24;343;357;357;25;2.67;2.67;2.67;2.67;-3;0;0;0;0;14.2;80;25;3.8;0;-;12;30;854;748;0;1300.0;8.8;8.7;0;0;0;0;1;0;
2026.08.28;17:40:39.6;-0.01;-0.01;668;668;91;91;25;343;357;336;25;2.72;2.72;2.72;2.72;-4;0;0;0;0;14.2;80;25;3.8;0;-;12;30;854;752;0;1103.0;8.6;8.7;0;0;0;0;1;0;
2026.08.28;17:40:40.1;0.00;0.00;141;449;0;0;24;343;357;336;25;8.41;8.41;8.41;8.41;-4;0;0;0;0;14.2;80;25;3.8;1;-;12;30;854;1025;2;1245.0;8.6;8.7;0;0;0;0;0;1;
2026.08.28;17:40:40.5;-0.03;-0.03;776;791;89;91;99;343;315;525;25;3.76;3.76;3.76;3.76;15;0;0;0;0;14.2;80;25;3.8;3;-;12;30;854;1025;25;1245.0;26.5;43.6;6;20;0;0;0;1;
2026.08.28;17:40:41.0;-0.03;-0.03;776;791;89;91;99;343;630;672;25;3.76;3.76;3.76;3.76;18;0;0;0;0;14.2;80;25;3.8;3;-;12;30;854;1917;25;4437.0;61.0;64.7;32;29;40;0;0;1;
2026.08.28;17:40:41.4;-0.03;-0.03;678;688;86;92;99;338;630;672;25;7.80;7.80;7.80;7.80;18;0;0;0;0;14.2;80;25;3.9;8;-;12;30;854;2115;34;4178.0;61.0;64.7;32;29;40;0;0;1;
2026.08.28;17:40:41.9;0.03;0.03;258;131;82;92;99;338;693;693;25;8.28;8.28;8.28;8.28;22;0;0;0;0;14.2;80;25;3.9;15;-;5;31;854;2115;34;4178.0;64.2;65.4;35;35;39;0;0;1;
2026.08.28;17:40:42.3;0.03;0.03;258;131;82;92;99;338;567;609;25;8.28;8.28;8.28;8.28;23;0;0;0;0;14.2;80;25;3.9;15;-;5;31;854;2482;34;5000.0;75.3;79.2;24;26;33;0;0;1;
2026.08.28;17:40:42.8;0.04;0.04;244;185;79;93;99;338;567;609;25;6.99;6.99;6.99;6.99;23;0;0;0;0;14.2;80;25;3.9;20;-;5;31;854;3193;34;5000.0;75.3;79.2;24;26;33;0;0;0;
2026.08.28;17:40:43.2;0.04;0.04;244;185;79;93;99;338;462;546;25;6.99;6.99;6.99;6.99;25;0;0;0;0;14.2;80;25;3.9;24;-;5;30;854;3193;17;5000.0;72.0;86.4;21;23;34;0;0;1;
2026.08.28;17:40:43.7;0.00;0.00;849;825;71;92;73;338;210;231;25;0.00;0.00;0.00;0.00;-18;0;0;0;0;14.2;80;25;3.8;24;-;5;30;854;2922;17;3638.0;19.6;22.1;0;0;0;0;0;1;
2026.08.28;17:40:44.1;0.00;0.00;14;0;62;92;0;338;210;231;25;2.51;2.51;2.51;2.51;-18;0;0;0;0;14.2;80;25;3.8;25;-;5;30;854;2206;8;3562.0;19.6;22.1;0;0;0;0;0;1;
2026.08.28;17:40:44.6;0.00;0.00;14;0;62;92;0;338;315;273;25;2.51;2.51;2.51;2.51;38;0;0;0;0;14.2;80;25;3.8;27;-;5;30;854;2206;17;3562.0;24.5;21.5;0;0;0;0;0;1;
2026.08.28;17:40:45.0;-0.02;-0.02;664;766;60;91;4;338;315;273;25;2.88;2.88;2.88;2.88;25;0;0;0;0;14.2;81;26;3.8;27;-;5;30;854;2130;17;5000.0;24.5;21.5;0;0;0;0;0;1;
2026.08.28;17:40:45.5;0.01;0.01;717;683;60;91;8;338;336;336;25;2.96;2.96;2.96;2.96;25;0;0;0;0;14.2;81;26;3.8;28;-;5;30;854;2130;18;5000.0;27.5;27.0;0;0;0;0;0;0;
2026.08.28;17:40:45.9;0.01;0.01;717;683;60;91;8;338;315;315;25;2.96;2.96;2.96;2.96;27;0;0;0;0;14.2;81;26;3.8;29;-;5;30;854;2227;18;2729.0;27.5;27.9;0;0;0;0;0;0;
2026.08.28;17:40:46.4;0.03;0.03;776;678;60;91;10;338;315;315;25;2.93;2.93;2.93;2.93;28;0;0;0;0;14.2;81;26;3.8;29;-;5;30;854;2343;18;2631.0;27.5;27.9;0;0;0;0;0;0;
2026.08.28;17:40:46.8;0.05;0.05;63;53;60;91;20;338;441;357;25;5.12;5.12;5.12;5.12;28;0;0;0;0;14.2;81;26;3.8;31;-;11;30;854;2343;26;2631.0;41.3;35.2;0;0;0;0;0;0;
2026.08.28;17:40:47.3;0.05;0.05;63;53;60;91;20;338;567;588;25;5.12;5.12;5.12;5.12;23;0;0;0;0;14.2;81;26;3.8;33;-;11;30;854;2488;32;3832.0;67.2;69.3;20;23;27;0;0;0;
2026.08.28;17:40:47.8;0.04;0.04;791;766;59;91;33;338;567;588;25;6.89;6.89;6.89;6.89;25;0;0;0;0;14.2;81;26;3.8;33;-;11;30;854;2731;32;5000.0;67.2;69.3;20;23;27;0;0;0;
2026.08.28;17:40:48.2;0.04;0.04;791;766;59;91;33;338;546;567;25;6.89;6.89;6.89;6.89;25;0;0;0;0;14.2;81;26;3.8;37;-;11;30;854;2731;32;5000.0;66.6;69.1;11;11;43;0;0;0;
2026.08.28;17:40:48.7;0.04;0.04;639;507;52;89;40;268;546;567;25;5.79;5.79;5.79;5.79;28;0;0;0;0;14.2;81;26;3.8;37;-;11;30;854;3012;32;5000.0;66.6;69.1;11;11;43;0;0;0;
2026.08.28;17:40:49.1;0.07;0.07;668;346;48;89;46;268;525;525;25;5.44;5.44;5.44;5.44;28;0;0;0;0;14.2;81;26;3.8;40;-;11;30;854;3228;32;4511.0;65.4;66.1;3;3;48;0;0;0;
2026.08.28;17:40:49.6;0.07;0.07;668;346;48;89;46;268;504;504;25;5.44;5.44;5.44;5.44;28;0;0;0;0;14.2;81;26;3.8;43;-;11;30;854;3228;29;4511.0;65.3;67.0;0;0;0;0;0;0;
2026.08.28;17:40:50.0;0.00;0.00;791;722;43;88;34;268;504;504;25;3.68;3.68;3.68;3.68;-13;0;0;0;0;14.2;81;26;3.8;43;-;11;30;854;3237;29;4976.0;65.3;67.0;0;0;0;0;0;0;
2026.08.28;17:40:50.5;0.00;0.00;0;0;40;87;0;268;210;231;25;0.00;0.00;0.00;0.00;-13;0;0;0;0;14.2;81;26;3.8;44;-;11;30;854;2150;0;5000.0;21.2;24.1;0;0;0;0;0;1;
2026.08.28;17:40:50.9;0.00;0.00;0;0;40;87;0;268;252;231;25;0.00;0.00;0.00;0.00;1;0;0;0;0;14.2;81;26;3.8;44;-;11;30;854;2150;13;5000.0;18.1;16.4;0;0;0;0;0;1;
2026.08.28;17:40:51.4;0.00;0.00;854;141;43;87;0;268;252;231;25;3.04;3.04;3.04;3.04;28;0;0;0;0;14.2;81;26;3.8;44;-;11;30;854;2451;13;5000.0;18.1;16.4;0;0;0;0;0;1;
2026.08.28;17:40:51.8;0.04;0.04;78;63;44;87;6;268;294;294;25;2.89;2.89;2.89;2.89;28;0;0;0;0;14.3;83;26;3.8;45;-;13;30;854;2436;15;3397.0;28.4;28.2;0;0;0;0;0;1;
2026.08.28;17:40:52.3;0.04;0.04;78;63;44;87;6;268;294;294;25;2.89;2.89;2.89;2.89;28;0;0;0;0;14.3;83;26;3.8;46;-;13;30;854;2436;14;3397.0;28.2;28.6;0;0;0;0;0;0;
2026.08.28;17:40:52.7;0.02;0.02;712;703;45;86;9;268;231;273;25;2.76;2.76;2.76;2.76;17;0;0;0;0;14.3;83;26;3.8;46;-;13;30;854;2482;14;5000.0;22.2;24.8;0;0;0;0;0;0;
2026.08.28;17:40:53.2;0.01;0.01;815;766;46;86;9;268;231;273;25;2.03;2.03;2.03;2.03;17;0;0;0;0;14.3;83;26;3.8;47;-;13;30;854;2553;11;5000.0;22.2;24.8;0;0;0;0;0;0;
2026.08.28;17:40:53.6;0.05;0.05;78;766;46;86;9;268;210;210;25;2.03;2.03;2.03;2.03;18;0;0;0;0;14.3;83;26;3.8;47;-;13;30;854;2553;8;5000.0;19.3;19.8;0;0;0;0;0;0;
2026.08.28;17:40:54.1;0.05;0.05;78;73;44;85;11;268;210;210;25;1.89;1.89;1.89;1.89;17;0;0;0;0;14.2;83;26;3.8;47;-;13;30;854;2553;8;5000.0;19.5;19.8;0;0;0;0;0;0;
2026.08.28;17:40:54.5;0.04;0.04;78;478;43;85;12;268;210;210;25;1.88;1.88;1.88;1.88;17;0;0;0;0;14.2;83;26;3.8;48;-;13;30;854;2575;8;5000.0;19.5;19.8;0;0;0;0;0;0;
2026.08.28;17:40:55.0;0.04;0.04;78;478;43;85;12;268;210;210;25;1.88;1.88;1.88;1.88;14;0;0;0;0;14.2;83;26;3.8;48;-;13;30;854;2575;6;5000.0;19.6;19.8;0;0;0;0;0;0;
2026.08.28;17:40:55.4;0.05;0.05;63;678;41;85;14;198;210;210;25;1.87;1.87;1.87;1.87;6;0;0;0;0;14.2;83;26;3.8;48;-;13;30;854;2598;6;5000.0;19.6;19.8;0;0;0;0;0;0;
2026.08.28;17:40:55.9;0.00;0.00;9;14;39;84;0;198;210;210;25;0.00;0.00;0.00;0.00;6;0;0;0;0;14.2;83;26;3.8;49;-;13;30;854;2598;4;5000.0;19.6;20.3;0;0;0;0;0;0;
2026.08.28;17:40:56.3;0.00;0.00;9;14;39;84;0;198;210;210;25;0.00;0.00;0.00;0.00;6;0;0;0;0;14.2;83;26;3.8;49;-;13;30;854;2604;4;5000.0;19.7;20.4;0;0;0;0;0;0;
2026.08.28;17:40:56.8;0.00;0.00;0;0;43;84;0;198;210;210;25;0.00;0.00;0.00;0.00;6;0;0;0;0;14.2;83;26;3.8;49;-;13;30;854;2609;4;5000.0;19.7;20.4;0;0;0;0;0;0;
2026.08.28;17:40:57.2;0.00;0.00;0;0;49;83;0;198;210;210;25;0.00;0.00;0.00;0.00;6;0;0;0;0;14.2;83;26;3.8;49;-;13;30;854;2609;4;5000.0;19.7;20.3;0;0;0;0;0;0;
2026.08.28;17:40:57.7;0.00;0.00;0;0;49;83;0;198;210;210;25;0.00;0.00;0.00;0.00;6;0;0;0;0;14.2;83;26;3.8;49;-;13;30;854;2604;4;3990.0;19.6;19.9;0;0;0;0;0;0;
2026.08.28;17:40:58.1;0.00;0.00;0;0;56;83;0;198;210;210;25;0.00;0.00;0.00;0.00;6;0;0;0;0;14.3;83;26;3.8;49;-;13;30;854;2621;4;5000.0;19.6;19.9;0;0;0;0;0;0;
2026.08.28;17:40:58.6;0.00;0.00;0;0;56;83;0;198;210;210;25;0.00;0.00;0.00;0.00;6;0;0;0;0;14.3;83;26;3.8;49;-;13;30;854;2621;4;5000.0;19.6;19.9;0;0;0;0;0;0;
2026.08.28;17:40:59.0;0.00;0.00;0;0;63;83;0;198;210;210;25;0.00;0.00;0.00;0.00;7;0;0;0;0;14.3;84;27;3.8;49;-;13;30;854;2639;4;4394.0;19.6;19.9;0;0;0;0;0;0;
2026.08.28;17:40:59.5;0.00;0.00;0;0;69;83;0;198;210;210;25;0.00;0.00;0.00;0.00;7;0;0;0;0;14.3;84;27;3.8;49;-;13;30;854;2639;4;4394.0;19.6;19.9;0;0;0;0;0;0;
2026.08.28;17:40:59.9;0.00;0.00;0;0;69;83;0;198;210;210;25;0.00;0.00;0.00;0.00;7;0;0;0;0;14.3;84;27;3.8;49;-;13;30;854;2645;0;5000.0;19.6;19.8;0;0;0;0;0;0;
2026.08.28;17:41:00.4;0.00;0.00;0;0;72;82;0;198;210;210;25;0.00;0.00;0.00;0.00;7;0;0;0;0;14.2;84;27;3.8;49;-;13;30;854;2657;0;2594.0;19.6;19.8;0;0;0;0;0;0;
2026.08.28;17:41:00.8;0.00;0.00;0;0;76;83;0;198;210;210;25;0.00;0.00;0.00;0.00;7;0;0;0;0;14.2;84;27;3.8;50;-;13;30;854;2663;0;5000.0;19.6;19.8;0;0;0;0;0;0;
2026.08.28;17:41:01.3;0.00;0.00;0;0;76;83;0;198;210;210;25;0.00;0.00;0.00;0.00;7;0;0;0;0;14.2;84;27;3.8;50;-;13;30;854;2663;0;5000.0;19.6;19.8;0;0;0;0;1;0;
2026.08.28;17:41:01.7;0.00;0.00;0;0;78;83;0;198;210;210;25;0.00;0.00;0.00;0.00;7;0;0;0;0;14.2;84;27;3.8;50;-;13;30;854;2639;0;5000.0;19.6;19.8;0;0;0;0;1;0;
2026.08.28;17:41:02.2;0.00;0.00;0;0;81;83;0;198;210;210;25;0.00;0.00;0.00;0.00;7;0;0;0;0;14.2;84;27;3.8;48;-;13;30;854;2639;0;5000.0;19.2;19.7;0;0;0;0;1;0;
2026.08.28;17:41:02.6;0.00;0.00;0;0;81;83;0;205;210;210;25;0.00;0.00;0.00;0.00;5;0;0;0;0;14.2;85;27;3.8;48;-;13;30;854;2493;0;5000.0;18.2;18.7;0;0;0;0;1;0;
2026.08.28;17:41:03.1;0.00;0.00;0;0;84;83;0;205;210;210;25;0.00;0.00;0.00;0.00;5;0;0;0;0;14.2;85;27;3.8;44;-;13;30;854;2223;0;5000.0;18.2;18.7;0;0;0;0;1;0;
2026.08.28;17:41:03.5;0.00;0.00;0;0;84;83;0;205;210;210;25;0.00;0.00;0.00;0.00;4;0;0;0;0;14.2;85;27;3.8;39;-;13;30;854;2223;0;5000.0;15.6;16.1;0;0;0;0;1;0;
2026.08.28;17:41:04.0;0.00;0.00;0;0;86;84;0;205;210;210;25;0.00;0.00;0.00;0.00;4;0;0;0;0;14.2;85;27;3.8;39;-;13;30;854;1949;0;5000.0;15.6;16.1;0;0;0;0;1;0;
2026.08.28;17:41:04.4;0.00;0.00;0;0;87;84;0;205;210;210;25;0.00;0.00;0.00;0.00;4;0;0;0;0;14.2;85;27;3.8;35;-;13;30;854;1884;0;4619.0;13.7;14.3;0;0;0;0;1;0;
2026.08.28;17:41:04.9;0.00;0.00;0;0;87;84;0;205;210;210;25;0.00;0.00;0.00;0.00;4;0;0;0;0;14.2;85;27;3.8;35;-;13;30;854;1884;3;4619.0;13.6;14.7;0;0;0;0;0;0;
2026.08.28;17:41:05.3;0.00;0.00;0;0;88;84;0;205;210;210;25;2.78;2.78;2.78;2.78;22;0;0;0;0;14.2;85;27;3.8;35;-;13;30;854;1946;3;3347.0;13.6;14.7;0;0;0;0;0;0;
2026.08.28;17:41:05.8;-0.02;-0.02;756;825;88;84;4;205;420;294;25;4.35;4.35;4.35;4.35;22;0;0;0;0;14.2;85;27;3.8;36;-;13;30;854;1946;18;3347.0;29.9;22.0;0;0;0;0;0;0;
2026.08.28;17:41:06.2;-0.02;-0.02;756;825;88;84;4;205;630;609;25;4.35;4.35;4.35;4.35;16;0;0;0;0;14.2;85;27;3.8;36;-;13;30;854;1936;18;3294.0;47.8;46.8;3;0;50;0;0;0;
2026.08.28;17:41:06.7;0.06;0.06;73;63;86;85;10;205;630;609;25;6.32;6.32;6.32;6.32;16;0;0;0;0;14.2;85;27;3.8;37;-;9;30;854;2052;22;2700.0;47.8;46.8;3;0;50;0;0;0;
2026.08.28;17:41:07.1;0.06;0.06;87;229;83;85;16;205;609;588;25;6.65;6.65;6.65;6.65;22;0;0;0;0;14.2;85;27;3.8;39;-;9;31;854;2052;23;2700.0;51.0;51.4;8;6;39;0;0;0;
2026.08.28;17:41:07.6;0.06;0.06;87;229;83;85;16;205;567;567;25;6.65;6.65;6.65;6.65;24;0;0;0;0;14.2;85;27;3.8;39;-;9;31;854;2162;23;2084.0;53.0;53.5;8;7;44;0;0;0;
2026.08.28;17:41:08.0;0.07;0.07;107;97;79;85;21;205;567;567;25;6.27;6.27;6.27;6.27;24;0;0;0;0;14.2;85;27;3.8;41;-;9;31;854;2262;23;5000.0;53.0;53.5;8;7;44;0;0;0;
2026.08.28;17:41:08.5;0.07;0.07;107;97;79;85;21;205;567;567;25;6.27;6.27;6.27;6.27;26;0;0;0;0;14.2;85;27;3.8;43;-;9;31;854;2262;23;5000.0;53.1;53.2;2;0;0;0;0;0;
2026.08.28;17:41:08.9;0.09;0.09;239;117;76;86;24;205;651;588;25;6.08;6.08;6.08;6.08;27;0;0;0;0;14.2;85;27;3.8;43;-;9;31;854;2353;23;4759.0;64.4;61.6;8;4;52;0;0;0;
2026.08.28;17:41:09.4;0.05;0.05;791;703;73;86;61;217;651;588;25;9.27;9.27;9.27;9.27;27;0;0;0;0;14.2;84;27;3.8;45;-;9;31;854;2509;29;5000.0;64.4;61.6;8;4;52;0;0;0;
2026.08.28;17:41:09.8;0.05;0.05;791;703;73;86;61;217;756;756;25;9.27;9.27;9.27;9.27;22;0;0;0;0;14.2;84;27;3.8;49;-;9;31;854;2509;33;5000.0;91.9;94.3;38;39;40;0;0;0;
2026.08.28;17:41:10.3;0.04;0.04;766;683;72;87;99;217;756;756;25;9.67;9.67;9.67;9.67;22;0;0;0;0;14.2;84;27;3.8;49;-;9;31;854;2681;33;2720.0;91.9;94.3;38;39;40;0;0;0;
2026.08.28;17:41:10.7;0.05;0.05;87;185;69;86;99;217;735;756;25;9.22;9.22;9.22;9.22;22;0;0;0;0;14.2;84;27;3.8;52;-;9;31;854;2681;33;2720.0;94.7;97.9;38;39;41;0;0;0;
2026.08.28;17:41:11.2;0.05;0.05;87;185;69;86;99;217;693;714;25;9.22;9.22;9.22;9.22;23;0;0;0;0;14.2;84;27;3.8;52;-;9;30;854;2844;33;5000.0;95.4;99.8;38;37;50;0;0;0;
2026.08.28;17:41:11.6;0.03;0.03;737;659;68;87;99;217;693;714;25;8.19;8.19;8.19;8.19;23;0;0;0;0;14.2;84;27;3.8;55;-;10;30;854;2989;33;5000.0;95.4;99.8;38;37;50;0;0;0;
2026.08.28;17:41:12.1;0.03;0.03;156;317;61;86;99;217;630;630;25;7.21;7.21;7.21;7.21;23;0;0;0;0;14.2;84;27;3.8;57;-;10;30;854;2989;31;5000.0;88.0;91.6;30;31;42;0;0;0;
2026.08.28;17:41:12.5;0.03;0.03;156;317;61;86;99;217;210;252;25;7.21;7.21;7.21;7.21;-21;0;0;0;0;14.2;84;27;3.8;57;-;10;30;854;3083;31;5000.0;19.3;23.5;0;0;0;0;0;0;
2026.08.28;17:41:13.0;0.00;0.00;4;0;36;86;0;217;210;252;25;0.00;0.00;0.00;0.00;-21;0;0;0;0;14.2;82;26;3.8;58;-;10;30;854;1979;0;5000.0;19.3;23.5;0;0;0;0;0;1;
2026.08.28;17:41:13.4;0.00;0.00;4;0;36;86;0;217;210;231;25;0.00;0.00;0.00;0.00;3;0;0;0;0;14.2;82;26;3.8;58;-;10;30;854;1979;0;5000.0;11.9;13.2;0;0;0;0;0;0;
2026.08.28;17:41:13.9;0.00;0.00;0;0;36;85;0;217;210;231;25;2.48;2.48;2.48;2.48;12;0;0;0;0;14.2;82;26;3.8;58;-;10;30;854;1154;0;1861.0;11.9;13.2;0;0;0;0;0;0;
2026.08.28;17:41:14.4;0.00;0.00;903;717;40;85;0;217;210;210;25;2.01;2.01;2.01;2.01;12;0;0;0;0;14.2;82;26;3.8;59;-;10;30;854;919;0;1585.0;7.2;7.6;0;0;0;0;0;0;
2026.08.28;17:41:14.8;0.00;0.00;903;717;40;85;0;217;273;231;25;2.01;2.01;2.01;2.01;24;0;0;0;0;14.2;82;26;3.8;59;-;10;30;854;919;0;1585.0;8.1;7.2;0;0;0;0;0;0;
2026.08.28;17:41:15.3;-0.00;-0.00;903;883;42;85;3;217;273;231;25;2.08;2.08;2.08;2.08;9;0;0;0;0;14.2;82;26;3.8;59;-;10;30;854;816;0;1393.0;8.1;7.2;0;0;0;0;0;0;
2026.08.28;17:41:15.7;-0.01;-0.01;878;874;44;85;5;217;273;273;25;2.13;2.13;2.13;2.13;9;0;0;0;0;14.2;82;26;3.8;59;-;10;30;854;778;0;1048.0;7.4;7.2;0;0;0;0;0;0;
2026.08.28;17:41:16.2;-0.01;-0.01;878;874;44;85;5;217;294;273;25;2.13;2.13;2.13;2.13;9;0;0;0;0;14.2;82;26;3.8;59;-;10;30;854;778;0;1048.0;7.4;7.1;0;0;0;0;0;0;
2026.08.28;17:41:16.6;-0.02;-0.02;859;859;46;84;6;229;294;273;25;2.23;2.23;2.23;2.23;9;0;0;0;0;14.2;81;26;3.8;59;-;0;30;854;756;0;1164.0;7.4;7.1;0;0;0;0;0;0;
2026.08.28;17:41:17.1;-0.02;-0.02;859;859;46;84;6;229;294;294;25;2.23;2.23;2.23;2.23;6;0;0;0;0;14.2;81;26;3.8;60;-;0;30;854;756;0;1164.0;7.5;7.4;0;0;0;0;1;0;
2026.08.28;17:41:17.5;-0.04;-0.04;839;844;48;84;8;229;315;315;25;2.31;2.31;2.31;2.31;4;0;0;0;0;14.1;81;26;3.8;60;-;0;30;854;743;0;1312.0;7.9;7.8;0;0;0;0;1;0;
2026.08.28;17:41:18.0;-0.08;-0.08;810;820;49;83;9;229;315;315;25;2.46;2.46;2.46;2.46;4;0;0;0;0;14.1;81;26;3.8;58;-;0;30;854;724;0;1370.0;7.9;7.8;0;0;0;0;1;0;
2026.08.28;17:41:18.4;-0.08;-0.08;810;820;49;83;9;229;357;336;25;2.46;2.46;2.46;2.46;1;0;0;0;0;14.1;81;26;3.8;55;-;0;30;854;724;0;1370.0;9.1;8.6;0;0;0;0;1;0;
2026.08.28;17:41:18.9;-0.04;-0.04;53;58;50;84;10;229;357;336;25;2.75;2.75;2.75;2.75;-2;0;0;0;0;14.1;81;26;3.8;55;-;0;30;854;741;0;1584.0;9.1;8.6;0;0;0;0;1;0;
2026.08.28;17:41:19.3;-0.03;-0.03;63;53;51;83;10;229;336;336;25;2.73;2.73;2.73;2.73;-2;0;0;0;0;14.1;81;26;3.8;51;-;0;30;854;741;0;1584.0;8.8;8.8;0;0;0;0;1;0;
2026.08.28;17:41:19.8;-0.03;-0.03;63;53;51;83;10;229;357;336;25;2.73;2.73;2.73;2.73;-6;0;0;0;0;14.2;81;26;3.8;51;-;0;30;854;749;0;1348.0;8.8;8.7;0;0;0;0;1;0;
2026.08.28;17:41:20.2;-0.02;-0.02;87;78;0;0;11;229;357;336;25;2.73;2.73;2.73;2.73;-4;0;0;0;0;14.2;81;25;3.8;45;-;0;30;854;745;0;1972.0;8.8;8.7;0;0;0;0;1;0;
2026.08.28;17:41:20.7;-0.04;-0.04;620;146;55;84;12;229;336;336;25;2.69;2.69;2.69;2.69;-4;0;0;0;0;14.2;81;25;3.8;36;-;0;30;854;745;0;1972.0;8.6;8.8;0;0;0;0;1;0;
2026.08.28;17:41:21.1;-0.04;-0.04;620;146;55;84;12;229;336;336;25;2.69;2.69;2.69;2.69;-1;0;0;0;0;14.2;81;25;3.8;29;-;3;30;854;741;0;1204.0;8.8;8.7;0;0;0;0;1;0;
2026.08.28;17:41:21.6;-0.04;-0.04;693;683;56;83;13;229;336;336;25;2.64;2.64;2.64;2.64;2;0;0;0;0;14.0;81;25;3.8;29;-;3;30;854;751;0;1296.0;8.8;8.7;0;0;0;0;1;0;
2026.08.28;17:41:22.0;-0.02;-0.02;102;97;57;82;14;229;336;336;25;2.72;2.72;2.72;2.72;2;0;0;0;0;14.0;81;25;3.8;22;-;3;30;854;751;0;1296.0;8.7;8.6;0;0;0;0;1;0;
2026.08.28;17:41:22.5;-0.02;-0.02;102;97;57;82;14;229;357;336;25;2.72;2.72;2.72;2.72;1;0;0;0;0;14.0;81;25;3.8;22;-;3;30;854;753;0;1498.0;9.0;8.8;0;0;0;0;1;0;
2026.08.28;17:41:22.9;-0.04;-0.04;688;673;60;83;15;229;357;336;25;2.73;2.73;2.73;2.73;1;0;0;0;0;14.0;81;25;3.8;15;-;3;30;854;742;0;1245.0;9.0;8.8;0;0;0;0;1;0;
2026.08.28;17:41:23.4;-0.04;-0.04;688;673;60;83;15;229;357;357;25;2.73;2.73;2.73;2.73;-2;0;0;0;0;14.0;81;25;3.8;12;-;3;30;854;742;0;1245.0;9.0;9.0;0;0;0;0;1;0;
2026.08.28;17:41:23.8;-0.03;-0.03;83;78;59;81;16;340;336;357;25;2.80;2.80;2.80;2.80;-2;0;0;0;0;14.1;81;25;3.8;12;-;3;30;854;757;0;1770.0;8.7;9.0;0;0;0;0;1;0;
2026.08.28;17:41:24.3;-0.02;-0.02;483;161;61;82;16;340;336;357;25;2.77;2.77;2.77;2.77;-2;0;0;0;0;14.1;81;25;3.8;10;-;3;30;854;753;0;1162.0;8.7;9.0;0;0;0;0;1;0;
2026.08.28;17:41:24.7;-0.02;-0.02;483;161;61;82;16;340;336;336;25;2.77;2.77;2.77;2.77;-3;0;0;0;0;14.1;81;25;3.8;7;-;3;30;854;753;0;1162.0;8.7;9.0;0;0;0;0;1;0;
2026.08.28;17:41:25.2;-0.04;-0.04;751;722;62;82;17;340;336;357;25;2.70;2.70;2.70;2.70;-5;0;0;0;0;14.1;81;25;3.8;7;-;3;30;854;752;0;1124.0;8.9;9.1;0;0;0;0;1;0;
2026.08.28;17:41:25.6;-0.05;-0.05;698;698;64;83;17;340;336;357;25;2.71;2.71;2.71;2.71;-5;0;0;0;0;14.1;81;25;3.8;4;-;3;30;854;743;0;1359.0;8.9;9.1;0;0;0;0;1;0;
2026.08.28;17:41:26.1;-0.05;-0.05;698;698;64;83;17;340;357;357;25;2.71;2.71;2.71;2.71;-3;0;0;0;0;14.1;81;25;3.8;3;-;11;30;854;743;0;1359.0;8.9;9.0;0;0;0;0;1;0;
2026.08.28;17:41:26.5;-0.03;-0.03;102;87;64;81;18;340;336;357;25;2.73;2.73;2.73;2.73;-3;0;0;0;0;14.1;81;25;3.8;3;-;11;30;854;757;0;1359.0;8.7;8.9;0;0;0;0;1;0;
2026.08.28;17:41:27.0;-0.05;-0.05;727;673;65;81;18;340;336;357;25;2.65;2.65;2.65;2.65;-3;0;0;0;0;14.1;81;26;3.8;2;-;11;30;854;752;0;1579.0;8.7;8.9;0;0;0;0;1;0;
2026.08.28;17:41:27.4;-0.03;-0.03;87;122;65;81;19;340;357;357;25;2.68;2.68;2.68;2.68;-2;0;0;0;0;14.1;81;26;3.8;2;-;11;30;854;752;0;1579.0;9.0;9.0;0;0;0;0;0;1;
2026.08.28;17:41:27.9;-0.03;-0.03;87;122;65;81;19;340;336;336;25;2.68;2.68;2.68;2.68;-3;0;0;0;0;14.1;81;26;3.8;2;-;11;30;854;756;0;1631.0;8.5;8.8;0;0;0;0;0;1;
2026.08.28;17:41:28.3;-0.03;-0.03;107;97;67;81;19;340;336;336;25;5.73;5.73;5.73;5.73;-3;0;0;0;0;14.1;81;26;3.8;1;-;11;30;854;856;3;1203.0;8.5;8.8;0;0;0;0;0;1;
2026.08.28;17:41:28.8;-0.03;-0.03;107;97;67;81;19;340;252;546;25;5.73;5.73;5.73;5.73;13;0;0;0;0;14.1;81;26;3.8;1;-;11;30;854;856;14;1203.0;17.2;34.8;0;6;0;0;0;1;
2026.08.28;17:41:29.2;-0.04;-0.04;742;683;68;81;35;340;756;777;25;2.47;2.47;2.47;2.47;15;0;0;0;0;14.1;81;26;3.8;1;-;11;31;854;1508;14;1594.0;41.7;44.7;36;12;91;0;0;1;
2026.08.28;17:41:29.7;-0.03;-0.03;800;742;68;81;72;340;756;777;25;5.01;5.01;5.01;5.01;15;0;0;0;0;14.2;81;26;3.8;3;-;11;31;854;1671;20;4012.0;41.7;44.7;36;12;91;0;0;1;
2026.08.28;17:41:30.1;-0.03;-0.03;800;742;68;81;72;340;462;504;25;5.01;5.01;5.01;5.01;19;0;0;0;0;14.2;81;26;3.8;7;-;11;31;854;1671;10;4012.0;23.0;26.3;0;0;0;0;0;1;
2026.08.28;17:41:30.6;0.02;0.02;58;53;69;81;36;330;462;504;25;3.28;3.28;3.28;3.28;4;0;0;0;0;14.2;81;26;3.8;7;-;11;31;854;1408;10;4524.0;23.0;26.3;0;0;0;0;0;1;
2026.08.28;17:41:31.0;0.03;0.03;805;639;69;81;20;330;210;273;25;1.78;1.78;1.78;1.78;4;0;0;0;0;14.2;81;26;3.8;7;-;9;31;854;1408;4;4524.0;8.8;12.2;0;0;0;0;0;1;
2026.08.28;17:41:31.5;0.03;0.03;805;639;69;81;20;330;294;294;25;1.78;1.78;1.78;1.78;7;0;0;0;0;14.2;81;26;3.8;7;-;9;31;854;1074;4;1625.0;10.9;11.0;0;0;0;0;0;1;
2026.08.28;17:41:31.9;0.02;0.02;839;820;70;81;24;330;294;294;25;2.37;2.37;2.37;2.37;2;0;0;0;0;14.1;81;26;3.8;7;-;9;31;854;994;4;1578.0;10.9;11.0;0;0;0;0;0;1;
2026.08.28;17:41:32.4;0.01;0.01;825;825;71;81;23;330;294;294;25;2.28;2.28;2.28;2.28;2;0;0;0;0;14.1;81;26;3.8;7;-;9;31;854;994;4;1578.0;9.5;9.6;0;0;0;0;0;1;
2026.08.28;17:41:32.8;0.01;0.01;825;825;71;81;23;330;294;294;25;2.28;2.28;2.28;2.28;0;0;0;0;0;14.1;81;26;3.8;6;-;9;31;854;926;0;1925.0;8.8;8.9;0;0;0;0;0;1;
2026.08.28;17:41:33.3;0.00;0.00;786;805;71;81;23;330;294;294;25;2.27;2.27;2.27;2.27;1;0;0;0;0;14.1;81;26;3.8;6;-;9;31;854;865;0;2021.0;8.8;8.9;0;0;0;0;0;1;
2026.08.28;17:41:33.7;-0.00;-0.00;747;776;72;82;22;330;315;315;25;2.34;2.34;2.34;2.34;1;0;0;0;0;14.2;81;26;3.8;5;-;9;31;854;814;0;1339.0;8.6;9.0;0;0;0;0;0;0;
2026.08.28;17:41:34.2;-0.00;-0.00;747;776;72;82;22;330;357;336;25;2.34;2.34;2.34;2.34;1;0;0;0;0;14.2;81;26;3.8;4;-;9;31;854;814;0;1339.0;9.3;9.4;0;0;0;0;1;0;
2026.08.28;17:41:34.6;0.01;0.01;68;317;72;81;24;330;357;336;25;2.63;2.63;2.63;2.63;-1;0;0;0;0;14.2;81;26;3.8;4;-;9;31;854;789;0;1873.0;9.3;9.4;0;0;0;0;1;0;
2026.08.28;17:41:35.1;0.02;0.02;58;53;74;83;24;330;357;357;25;2.64;2.64;2.64;2.64;-1;0;0;0;0;14.2;81;26;3.8;3;-;9;31;854;789;0;1042.0;9.3;9.9;0;0;0;0;1;0;
2026.08.28;17:41:35.5;0.02;0.02;58;53;74;83;24;330;336;336;25;2.64;2.64;2.64;2.64;-1;0;0;0;0;14.2;81;26;3.8;3;-;9;31;854;789;0;1042.0;8.9;9.2;0;1;0;0;1;0;
2026.08.28;17:41:36.0;0.03;0.03;87;73;73;82;25;330;336;336;25;2.63;2.63;2.63;2.63;-3;0;0;0;0;14.1;81;26;3.8;2;-;12;31;854;764;0;1345.0;8.9;9.2;0;1;0;0;1;0;
2026.08.28;17:41:36.4;0.03;0.03;112;117;73;81;25;330;336;336;25;2.67;2.67;2.67;2.67;-3;0;0;0;0;14.1;81;26;3.8;1;-;12;31;854;764;0;1345.0;8.7;8.8;0;0;0;0;1;0;
2026.08.28;17:41:36.9;0.03;0.03;112;117;73;81;25;330;336;336;25;2.67;2.67;2.67;2.67;-1;0;0;0;0;14.1;81;26;3.8;1;-;12;31;854;761;0;1146.0;8.6;8.6;0;0;0;0;1;0;
2026.08.28;17:41:37.3;0.04;0.04;175;112;75;82;24;325;336;336;25;2.62;2.62;2.62;2.62;-3;0;0;0;0;14.1;82;26;3.8;0;-;12;31;854;760;0;845.0;8.6;8.6;0;0;0;0;1;0;
2026.08.28;17:41:37.8;0.02;0.02;766;742;74;81;24;325;336;336;25;2.58;2.58;2.58;2.58;-3;0;0;0;0;14.1;82;26;3.8;0;-;12;31;854;760;0;845.0;8.3;8.6;0;0;0;0;0;1;
2026.08.28;17:41:38.2;0.02;0.02;766;742;74;81;24;325;840;441;25;2.58;2.58;2.58;2.58;13;0;0;0;0;14.1;82;26;3.8;0;-;12;31;854;752;0;1934.0;20.9;14.7;0;0;0;0;0;1;
2026.08.28;17:41:38.7;0.01;0.01;737;712;75;82;99;325;840;441;25;7.72;7.72;7.72;7.72;22;0;0;0;0;14.1;82;26;3.8;0;-;12;31;854;1708;8;2547.0;20.9;14.7;0;0;0;0;0;1;
2026.08.28;17:41:39.1;0.01;0.01;68;141;75;81;67;325;231;315;25;2.67;2.67;2.67;2.67;22;0;0;0;0;14.1;82;26;3.8;0;-;12;31;854;1708;15;2547.0;15.8;21.7;0;0;0;0;0;1;
2026.08.28;17:41:39.6;0.01;0.01;68;141;75;81;67;325;693;588;25;2.67;2.67;2.67;2.67;17;0;0;0;0;14.1;82;26;3.8;0;-;12;31;854;1436;15;1994.0;31.9;29.1;0;0;0;0;0;1;
2026.08.28;17:41:40.0;0.06;0.06;625;141;75;81;56;325;693;588;25;4.08;4.08;4.08;4.08;17;0;0;0;0;14.2;82;26;3.8;2;-;12;31;854;1324;11;2666.0;31.9;29.1;0;0;0;0;0;1;
2026.08.28;17:41:40.5;0.06;0.06;625;141;75;81;56;325;441;294;25;4.08;4.08;4.08;4.08;-11;0;0;0;0;14.2;82;26;3.8;2;-;11;31;854;1324;8;2666.0;15.7;11.2;0;0;0;0;0;1;
2026.08.28;17:41:40.9;0.03;0.03;859;825;76;83;67;325;273;378;25;4.31;4.31;4.31;4.31;5;0;0;0;0;14.2;82;26;3.8;2;-;11;31;854;1096;8;1589.0;10.6;14.0;0;0;0;0;0;1;
2026.08.28;17:41:41.4;0.04;0.04;458;73;81;88;41;325;273;378;25;3.40;3.40;3.40;3.40;5;0;0;0;0;14.2;82;26;3.8;2;-;11;31;854;940;0;1328.0;10.6;14.0;0;0;0;0;0;1;
2026.08.28;17:41:41.8;0.04;0.04;458;73;81;88;41;325;420;441;25;3.40;3.40;3.40;3.40;3;0;0;0;0;14.2;82;26;3.8;2;-;11;31;854;940;0;1328.0;13.6;14.6;0;0;0;0;0;1;
2026.08.28;17:41:42.3;0.02;0.02;664;488;77;83;36;325;420;441;25;3.43;3.43;3.43;3.43;-9;0;0;0;0;13.8;82;26;3.8;2;-;11;31;854;902;0;1337.0;13.6;14.6;0;0;0;0;0;1;
2026.08.28;17:41:42.8;0.01;0.01;791;751;76;82;24;325;336;378;25;2.66;2.66;2.66;2.66;-9;0;0;0;0;13.8;82;26;3.8;1;-;11;31;854;902;0;1337.0;9.5;10.7;0;0;0;0;1;1;
2026.08.28;17:41:43.2;0.01;0.01;791;751;76;82;24;325;315;336;25;2.66;2.66;2.66;2.66;-5;0;0;0;0;13.8;82;26;3.8;1;-;11;31;854;830;0;1484.0;8.5;9.3;0;0;0;0;1;1;
2026.08.28;17:41:43.7;0.01;0.01;820;810;77;82;24;325;315;336;25;2.64;2.64;2.64;2.64;-5;0;0;0;0;13.8;82;26;3.8;0;-;11;31;854;795;0;1762.0;8.5;9.3;0;0;0;0;1;1;
2026.08.28;17:41:44.1;0.01;0.01;820;810;77;82;24;325;336;336;25;2.64;2.64;2.64;2.64;-2;0;0;0;0;13.8;82;26;3.8;0;-;11;31;854;795;0;1762.0;8.8;8.8;0;0;0;0;1;1;
2026.08.28;17:41:44.6;-0.00;-0.00;825;825;77;82;26;324;336;336;25;2.70;2.70;2.70;2.70;-3;0;0;0;0;14.2;83;26;3.8;0;-;11;31;854;771;0;1692.0;8.8;8.8;0;0;0;0;1;1;
2026.08.28;17:41:45.0;-0.01;-0.01;800;820;77;82;25;324;357;357;25;2.82;2.82;2.82;2.82;-3;0;0;0;0;14.2;83;26;3.8;0;-;11;31;854;758;0;1178.0;9.0;9.2;0;0;0;0;1;1;
2026.08.28;17:41:45.5;-0.01;-0.01;800;820;77;82;25;324;378;357;25;2.82;2.82;2.82;2.82;-5;0;0;0;0;14.2;83;26;3.8;0;-;10;31;854;758;0;1178.0;9.3;9.5;0;0;0;0;1;1;
2026.08.28;17:41:45.9;-0.02;-0.02;751;786;78;83;25;324;378;357;25;2.89;2.89;2.89;2.89;-3;0;0;0;0;14.2;83;26;3.8;0;-;10;31;854;751;0;1841.0;9.3;9.5;0;0;0;0;1;1;
2026.08.28;17:41:46.4;-0.02;-0.02;712;722;79;84;25;324;378;357;25;2.92;2.92;2.92;2.92;-3;0;0;0;0;14.2;83;26;3.8;0;-;10;31;854;751;0;1841.0;9.4;9.5;0;0;0;0;1;1;
2026.08.28;17:41:46.8;-0.02;-0.02;712;722;79;84;25;324;378;378;25;2.92;2.92;2.92;2.92;-5;0;0;0;0;14.2;83;26;3.8;0;-;10;31;854;748;0;1053.0;9.5;9.6;0;0;0;0;1;1;
2026.08.28;17:41:47.3;-0.03;-0.03;546;688;79;83;25;324;378;378;25;7.70;7.70;7.70;7.70;-5;0;0;0;0;14.2;83;26;3.8;0;-;10;31;854;814;2;1175.0;9.5;9.6;0;0;0;0;0;1;
2026.08.28;17:41:47.7;-0.03;-0.03;546;688;79;83;25;324;336;609;25;7.70;7.70;7.70;7.70;13;0;0;0;0;14.2;83;26;3.8;0;-;10;31;854;814;14;1175.0;23.0;43.2;21;28;6;0;0;1;
2026.08.28;17:41:48.2;-0.01;-0.01;800;766;77;82;53;324;210;273;25;2.61;2.61;2.61;2.61;18;0;0;0;0;14.2;83;26;3.8;0;-;10;31;854;1762;14;1531.0;9.9;14.8;0;0;0;0;0;1;
2026.08.28;17:41:48.6;-0.04;-0.04;761;771;77;82;24;324;210;273;25;3.01;3.01;3.01;3.01;18;0;0;0;0;14.1;83;26;3.8;1;-;10;31;854;1059;3;1539.0;9.9;14.8;0;0;0;0;0;1;
2026.08.28;17:41:49.1;-0.04;-0.04;761;771;77;82;24;324;567;588;25;3.01;3.01;3.01;3.01;13;0;0;0;0;14.1;83;26;3.8;2;-;10;31;854;1059;17;1539.0;24.0;26.3;0;0;0;0;0;1;
2026.08.28;17:41:49.5;-0.02;-0.02;73;58;77;82;99;324;567;588;25;6.09;6.09;6.09;6.09;22;0;0;0;0;14.1;83;26;3.8;2;-;10;31;854;1746;17;3302.0;24.0;26.3;0;0;0;0;0;1;
2026.08.28;17:41:50.0;-0.01;-0.01;786;751;0;0;99;324;714;651;25;7.62;7.62;7.62;7.62;22;0;0;0;0;14.1;83;26;3.8;4;-;10;31;854;1746;31;3302.0;51.0;50.2;20;12;41;0;0;1;
2026.08.28;17:41:50.4;-0.01;-0.01;786;751;0;0;99;324;609;651;25;7.62;7.62;7.62;7.62;19;0;0;0;0;14.1;83;26;3.8;4;-;10;31;854;1872;31;2491.0;48.3;51.6;26;27;37;0;0;1;
2026.08.28;17:41:50.9;-0.02;-0.02;722;722;76;84;99;324;609;651;25;6.49;6.49;6.49;6.49;0;0;0;0;0;14.2;83;26;3.8;9;-;9;31;854;1575;24;2332.0;48.3;51.6;26;27;37;0;0;1;
2026.08.28;17:41:51.3;0.03;0.03;87;63;73;84;91;324;483;546;25;4.28;4.28;4.28;4.28;0;0;0;0;0;14.2;83;26;3.8;12;-;9;31;854;1575;19;2332.0;33.3;39.0;2;7;0;0;0;1;
2026.08.28;17:41:51.8;0.03;0.03;87;63;73;84;91;308;588;504;25;4.28;4.28;4.28;4.28;21;0;0;0;0;14.2;83;26;3.8;14;-;9;31;854;1878;27;3319.0;42.8;40.1;0;0;0;0;0;0;
2026.08.28;17:41:52.2;0.04;0.04;87;68;72;84;99;308;588;504;25;6.35;6.35;6.35;6.35;21;0;0;0;0;14.2;83;26;3.8;14;-;9;31;854;2158;27;4377.0;42.8;40.1;0;0;0;0;0;0;
2026.08.28;17:41:52.7;0.02;0.02;73;68;70;84;99;308;546;588;25;5.45;5.45;5.45;5.45;21;0;0;0;0;14.2;83;26;3.8;16;-;9;31;854;2158;28;4377.0;54.1;57.5;12;11;62;0;0;0;
2026.08.28;17:41:53.1;0.02;0.02;73;68;70;84;99;308;609;567;25;5.45;5.45;5.45;5.45;27;0;0;0;0;14.1;83;26;3.8;16;-;9;31;854;2525;28;5000.0;63.5;61.1;2;0;0;0;0;0;
2026.08.28;17:41:53.6;0.07;0.07;678;576;68;84;99;308;609;567;25;9.52;9.52;9.52;9.52;27;0;0;0;0;14.1;83;26;3.8;19;-;9;31;854;2997;36;4351.0;63.5;61.1;2;0;0;0;0;0;
2026.08.28;17:41:54.0;0.07;0.07;678;576;68;84;99;308;735;756;25;9.52;9.52;9.52;9.52;15;0;0;0;0;14.1;83;26;3.8;23;-;9;31;854;2997;41;4351.0;115.6;117.4;36;37;41;0;0;0;
2026.08.28;17:41:54.5;0.02;0.02;766;668;66;85;99;308;210;315;25;8.96;8.96;8.96;8.96;12;0;0;0;0;14.1;83;26;3.8;23;-;9;31;854;3685;41;3404.0;33.9;48.3;0;21;0;0;0;0;
2026.08.28;17:41:54.9;0.00;0.00;4;0;47;84;0;308;210;315;25;0.00;0.00;0.00;0.00;12;0;0;0;0;14.2;84;26;3.8;26;-;9;31;854;2900;0;4261.0;33.9;48.3;0;21;0;0;1;1;
2026.08.28;17:41:55.4;0.00;0.00;4;0;47;84;0;308;189;231;25;0.00;0.00;0.00;0.00;3;0;0;0;0;14.2;84;26;3.8;13;-;9;31;854;2900;0;4261.0;17.9;20.5;0;0;0;0;1;1;
2026.08.28;17:41:55.8;0.00;0.00;0;0;41;84;0;308;189;231;25;0.00;0.00;0.00;0.00;1;0;0;0;0;14.2;84;26;3.8;13;-;9;31;854;1764;0;1694.0;17.9;20.5;0;0;0;0;1;1;
2026.08.28;17:41:56.3;0.00;0.00;97;4;45;83;0;308;189;231;25;2.39;2.39;2.39;2.39;1;0;0;0;0;14.2;84;26;3.8;5;-;9;31;854;1764;0;1694.0;9.5;11.9;0;0;0;0;1;1;
2026.08.28;17:41:56.7;0.00;0.00;97;4;45;83;0;308;588;483;25;2.39;2.39;2.39;2.39;-2;0;0;0;0;14.2;84;26;3.8;4;-;9;31;854;1337;23;2930.0;32.2;28.1;0;0;0;0;0;1;
2026.08.28;17:41:57.2;-0.01;-0.01;708;781;47;83;4;308;588;483;25;5.99;5.99;5.99;5.99;21;0;0;0;0;14.2;84;26;3.9;4;-;9;31;854;2293;23;3854.0;32.2;28.1;0;0;0;0;0;1;
2026.08.28;17:41:57.6;0.00;0.00;253;673;48;83;0;308;546;546;25;0.00;0.00;0.00;0.00;21;0;0;0;0;14.2;84;26;3.9;5;-;9;31;854;2293;22;3854.0;59.2;60.3;0;0;0;0;0;1;
2026.08.28;17:41:58.1;0.00;0.00;253;673;48;83;0;308;189;231;25;0.00;0.00;0.00;0.00;-18;0;0;0;0;14.2;84;26;3.9;4;-;9;31;854;2564;0;4685.0;15.3;18.4;0;0;0;0;0;1;
2026.08.28;17:41:58.5;0.00;0.00;0;0;49;82;0;267;189;231;25;0.00;0.00;0.00;0.00;42;0;0;0;0;14.2;83;26;3.9;4;-;9;31;854;1527;0;3875.0;15.3;18.4;0;0;0;0;0;1;
2026.08.28;17:41:59.0;0.00;0.00;888;815;53;82;0;267;609;378;25;6.38;6.38;6.38;6.38;42;0;0;0;0;14.2;83;26;3.9;4;-;9;31;854;1527;24;3875.0;35.9;23.9;0;0;0;0;0;1;
2026.08.28;17:41:59.4;0.00;0.00;888;815;53;82;0;267;462;483;25;6.38;6.38;6.38;6.38;25;0;0;0;0;14.3;83;26;3.9;4;-;9;31;854;2115;24;3377.0;39.9;41.0;0;0;0;0;0;1;
2026.08.28;17:41:59.9;0.00;0.00;73;131;56;82;7;267;462;483;25;3.69;3.69;3.69;3.69;25;0;0;0;0;14.3;83;26;3.9;5;-;9;31;854;1956;20;3705.0;39.9;41.0;0;0;0;0;0;1;
2026.08.28;17:42:00.3;0.00;0.00;73;131;56;82;7;267;189;294;25;3.69;3.69;3.69;3.69;25;0;0;0;0;14.3;83;26;3.9;6;-;11;31;854;1956;0;3705.0;12.3;18.5;0;0;0;0;0;1;
2026.08.28;17:42:00.8;0.02;0.02;800;131;57;82;6;267;189;294;25;1.87;1.87;1.87;1.87;1;0;0;0;0;14.3;83;26;3.9;6;-;11;31;854;1266;0;2052.0;12.3;18.5;0;0;0;0;0;1;
2026.08.28;17:42:01.2;0.01;0.01;844;800;61;86;6;267;189;231;25;1.78;1.78;1.78;1.78;1;0;0;0;0;14.2;83;26;3.9;3;-;11;31;854;880;0;1514.0;6.7;7.9;0;0;0;0;1;1;
2026.08.28;17:42:01.7;0.01;0.01;844;800;61;86;6;267;798;273;25;1.78;1.78;1.78;1.78;21;0;0;0;0;14.2;83;26;3.9;2;-;11;31;854;880;15;1514.0;24.1;12.1;0;0;0;0;0;1;
2026.08.28;17:42:02.1;-0.00;-0.00;854;854;59;81;30;267;798;273;25;9.01;9.01;9.01;9.01;22;0;0;0;0;14.2;82;26;3.9;2;-;11;31;854;1896;15;2405.0;24.1;12.1;0;0;0;0;0;1;
2026.08.28;17:42:02.6;0.01;0.01;78;63;60;81;29;267;504;420;25;6.07;6.07;6.07;6.07;22;0;0;0;0;14.2;82;26;3.9;2;-;11;31;854;1896;32;2405.0;46.0;38.7;0;0;0;0;0;1;
2026.08.28;17:42:03.0;0.01;0.01;78;63;60;81;29;267;189;273;25;6.07;6.07;6.07;6.07;-26;0;0;0;0;14.2;82;26;3.9;2;-;11;31;854;2142;32;3153.0;11.1;15.8;0;0;0;0;0;1;
2026.08.28;17:42:03.5;-0.00;-0.00;727;63;60;81;10;267;189;273;25;1.69;1.69;1.69;1.69;-26;0;0;0;0;14.2;82;26;3.9;4;-;11;31;854;1137;0;2073.0;11.1;15.8;0;0;0;0;0;1;
2026.08.28;17:42:03.9;-0.00;-0.00;727;63;60;81;10;267;210;231;25;1.69;1.69;1.69;1.69;4;0;0;0;0;14.2;82;26;3.9;3;-;11;31;854;1137;0;2073.0;6.3;7.1;0;0;0;0;1;1;
2026.08.28;17:42:04.4;-0.01;-0.01;849;810;60;80;10;267;315;294;25;1.87;1.87;1.87;1.87;13;0;0;0;0;14.2;82;26;3.9;3;-;11;31;854;831;0;1378.0;8.6;7.9;0;0;0;0;1;1;
2026.08.28;17:42:04.8;-0.02;-0.02;859;849;61;80;83;267;315;294;25;8.96;8.96;8.96;8.96;13;0;0;0;0;14.2;82;26;3.9;1;-;11;31;854;1746;14;3415.0;8.6;7.9;0;0;0;0;0;1;
2026.08.28;17:42:05.3;-0.02;-0.02;859;849;61;80;83;267;357;441;25;8.96;8.96;8.96;8.96;19;0;0;0;0;14.2;82;26;3.9;2;-;10;31;854;1746;23;3415.0;32.1;39.7;0;0;0;0;0;1;
2026.08.28;17:42:05.7;-0.02;-0.02;712;786;61;80;22;269;357;441;25;2.98;2.98;2.98;2.98;21;0;0;0;0;14.3;82;26;3.9;2;-;10;31;854;1634;23;2759.0;32.1;39.7;0;0;0;0;0;1;
2026.08.28;17:42:06.2;-0.01;-0.01;68;78;62;80;99;269;840;756;25;10.53;10.53;10.53;10.53;21;0;0;0;0;14.3;82;26;3.9;5;-;10;31;854;2055;32;2143.0;35.9;35.7;24;1;94;0;0;1;
2026.08.28;17:42:06.6;-0.01;-0.01;68;78;62;80;99;269;567;609;25;10.53;10.53;10.53;10.53;20;0;0;0;0;14.3;82;26;3.9;8;-;10;31;854;2055;35;2143.0;63.9;68.3;23;25;40;0;0;1;
2026.08.28;17:42:07.1;-0.01;-0.01;58;68;60;80;87;269;210;294;25;7.08;7.08;7.08;7.08;5;0;0;0;0;14.3;82;26;3.9;8;-;10;32;854;2426;35;3593.0;15.4;23.4;0;0;0;0;0;1;
2026.08.28;17:42:07.5;-0.04;-0.04;766;771;56;80;21;269;210;294;25;1.51;1.51;1.51;1.51;5;0;0;0;0;14.2;82;26;3.9;11;-;10;32;854;2081;0;2506.0;15.4;23.4;0;0;0;0;0;1;
2026.08.28;17:42:08.0;-0.04;-0.04;766;771;56;80;21;269;189;210;25;1.51;1.51;1.51;1.51;24;0;0;0;0;14.2;82;26;3.9;11;-;10;32;854;2081;0;2506.0;13.7;15.1;0;0;0;0;0;0;
2026.08.28;17:42:08.4;-0.03;-0.03;825;727;55;80;19;269;189;210;25;1.63;1.63;1.63;1.63;2;0;0;0;0;14.2;82;26;3.9;11;-;10;31;854;1681;0;2854.0;10.1;10.9;0;0;0;0;0;0;
2026.08.28;17:42:08.9;-0.06;-0.06;161;815;55;80;15;269;189;210;25;1.62;1.62;1.62;1.62;2;0;0;0;0;14.2;81;26;3.9;10;-;10;31;854;1027;0;1668.0;10.1;10.9;0;0;0;0;1;0;
2026.08.28;17:42:09.3;-0.06;-0.06;161;815;55;80;15;269;273;231;25;1.62;1.62;1.62;1.62;29;0;0;0;0;14.2;81;26;3.9;7;-;10;31;854;1027;0;1668.0;8.4;7.3;0;0;0;0;1;0;
2026.08.28;17:42:09.8;-0.06;-0.06;844;820;56;80;16;269;273;231;25;2.09;2.09;2.09;2.09;6;0;0;0;0;14.2;81;26;3.9;7;-;10;31;854;820;0;1411.0;8.4;7.3;0;0;0;0;1;0;
2026.08.28;17:42:10.2;-0.07;-0.07;849;849;57;80;16;269;315;294;25;2.45;2.45;2.45;2.45;6;0;0;0;0;14.2;81;26;3.9;3;-;9;31;854;773;0;1269.0;8.6;8.4;0;0;0;0;1;0;
2026.08.28;17:42:10.7;-0.07;-0.07;849;849;57;80;16;269;315;315;25;2.45;2.45;2.45;2.45;1;0;0;0;0;14.2;81;26;3.9;2;-;9;31;854;773;0;1269.0;8.2;8.2;0;0;0;0;1;1;
2026.08.28;17:42:11.1;-0.07;-0.07;825;834;59;80;17;269;315;315;25;2.48;2.48;2.48;2.48;1;0;0;0;0;14.2;81;26;3.9;2;-;9;31;854;761;0;1684.0;8.2;8.2;0;0;0;0;1;1;
2026.08.28;17:42:11.6;-0.09;-0.09;795;815;60;79;92;269;546;315;25;7.03;7.03;7.03;7.03;1;0;0;0;0;14.2;81;26;3.9;1;-;9;31;854;761;7;1684.0;14.8;8.4;0;0;0;0;0;1;
2026.08.28;17:42:12.1;-0.09;-0.09;795;815;60;79;92;269;273;378;25;7.03;7.03;7.03;7.03;21;0;0;0;0;14.2;81;26;3.9;1;-;9;31;854;1629;7;4815.0;19.6;27.5;0;0;0;0;0;1;
2026.08.28;17:42:12.5;-0.01;-0.01;122;92;61;79;42;262;273;378;25;2.83;2.83;2.83;2.83;21;0;0;0;0;14.2;81;26;3.9;0;-;9;31;854;1627;15;3453.0;19.6;27.5;0;0;0;0;0;1;
2026.08.28;17:42:13.0;-0.01;-0.01;122;92;61;79;42;262;210;273;25;2.83;2.83;2.83;2.83;-15;0;0;0;0;14.2;81;26;3.9;1;-;9;32;854;1627;0;3453.0;8.5;11.5;0;0;0;0;0;1;
2026.08.28;17:42:13.4;-0.03;-0.03;820;776;62;79;19;262;210;273;25;1.77;1.77;1.77;1.77;4;0;0;0;0;14.2;81;26;3.9;1;-;9;32;854;973;0;2345.0;8.5;11.5;0;0;0;0;0;1;
2026.08.28;17:42:13.9;-0.04;-0.04;834;815;63;79;20;262;294;273;25;2.29;2.29;2.29;2.29;4;0;0;0;0;14.1;81;26;3.9;0;-;9;32;854;810;0;1419.0;8.8;8.4;0;0;0;0;0;1;
2026.08.28;17:42:14.3;-0.04;-0.04;834;815;63;79;20;262;357;315;25;2.29;2.29;2.29;2.29;0;0;0;0;0;14.1;81;26;3.9;0;-;9;32;854;810;0;1419.0;9.3;8.6;0;0;0;0;1;1;
2026.08.28;17:42:14.8;-0.04;-0.04;810;820;65;80;22;262;357;315;25;2.62;2.62;2.62;2.62;-3;0;0;0;0;14.1;81;26;3.9;0;-;9;32;854;754;0;1163.0;9.3;8.6;0;0;0;0;1;1;
2026.08.28;17:42:15.2;-0.03;-0.03;78;488;67;80;24;262;420;357;25;3.10;3.10;3.10;3.10;-3;0;0;0;0;14.1;81;26;3.9;0;-;11;32;854;754;0;1163.0;10.7;9.2;0;0;0;0;1;1;
2026.08.28;17:42:15.7;-0.03;-0.03;78;488;67;80;24;262;399;399;25;3.10;3.10;3.10;3.10;-7;0;0;0;0;14.1;81;26;3.9;0;-;11;32;854;736;0;1232.0;10.2;10.1;0;0;0;0;1;1;
2026.08.28;17:42:16.1;-0.02;-0.02;63;58;68;80;21;262;399;399;25;3.01;3.01;3.01;3.01;-7;0;0;0;0;14.1;82;26;3.9;0;-;11;32;854;743;0;1241.0;10.2;10.1;0;0;0;0;1;0;
2026.08.28;17:42:16.6;-0.01;-0.01;63;58;68;80;21;262;357;378;25;3.01;3.01;3.01;3.01;-6;0;0;0;0;14.1;82;26;3.9;0;-;11;32;854;743;0;1241.0;9.2;9.7;0;0;0;0;1;1;
2026.08.28;17:42:17.0;-0.01;-0.01;78;68;69;80;23;262;357;357;25;2.86;2.86;2.86;2.86;-6;0;0;0;0;14.1;82;26;3.9;0;-;11;32;854;748;0;1202.0;9.3;9.5;0;0;0;0;1;1;
2026.08.28;17:42:17.5;-0.01;-0.01;454;131;69;79;23;262;357;357;25;6.13;6.13;6.13;6.13;-6;0;0;0;0;14.1;82;26;3.9;0;-;11;32;854;891;0;1544.0;9.3;9.5;0;0;0;0;0;1;
2026.08.28;17:42:17.9;-0.04;-0.04;756;761;68;79;99;262;504;714;25;6.14;6.14;6.14;6.14;11;0;0;0;0;14.1;82;26;3.9;0;-;11;32;854;891;36;1544.0;52.1;67.8;38;33;65;0;0;1;
2026.08.28;17:42:18.4;-0.04;-0.04;756;761;68;79;99;262;756;756;25;6.14;6.14;6.14;6.14;22;0;0;0;0;14.2;82;26;3.9;0;-;11;32;854;2633;36;4467.0;107.1;108.9;37;37;39;0;0;1;
2026.08.28;17:42:18.8;-0.01;-0.01;766;678;67;80;99;262;756;756;25;10.12;10.12;10.12;10.12;25;0;0;0;0;14.2;82;26;3.9;3;-;11;32;854;3367;54;5000.0;107.1;108.9;37;37;39;0;0;1;
2026.08.28;17:42:19.3;-0.01;-0.01;766;678;67;80;99;262;798;798;25;10.12;10.12;10.12;10.12;25;0;0;0;0;14.2;82;26;3.9;10;-;11;32;854;3367;54;5000.0;131.2;131.6;36;37;42;0;0;1;
2026.08.28;17:42:19.7;0.06;0.06;517;561;65;82;99;352;861;819;25;11.09;11.09;11.09;11.09;21;0;0;0;0;14.2;82;26;3.9;10;-;11;32;861;3301;54;3409.0;140.8;135.2;36;37;44;0;0;1;
2026.08.28;17:42:20.2;0.00;0.00;742;708;59;81;99;352;861;819;25;10.95;10.95;10.95;10.95;21;0;0;0;0;14.2;82;26;3.9;17;-;6;32;861;3456;54;4181.0;140.8;135.2;36;37;44;0;0;1;
2026.08.28;17:42:20.6;0.00;0.00;742;708;59;81;99;352;399;546;25;10.95;10.95;10.95;10.95;7;0;0;0;0;14.2;82;26;3.9;23;-;6;32;861;3456;0;4181.0;57.6;77.4;18;32;0;0;0;1;
2026.08.28;17:42:21.1;0.02;0.02;53;717;36;80;75;352;210;252;25;1.24;1.24;1.24;1.24;13;0;0;0;0;14.2;82;26;3.9;23;-;6;31;861;3035;0;2203.0;21.4;24.5;0;0;0;0;0;1;
2026.08.28;17:42:21.5;0.00;0.00;19;34;11;80;0;352;210;252;25;0.00;0.00;0.00;0.00;13;0;0;0;0;14.2;82;26;3.9;23;-;6;31;861;2126;0;3138.0;21.4;24.5;0;0;0;0;0;0;
2026.08.28;17:42:22.0;0.00;0.00;19;34;11;80;0;352;210;252;25;0.00;0.00;0.00;0.00;-3;0;0;0;0;14.2;82;26;3.9;22;-;6;31;861;2126;0;3138.0;14.0;15.9;0;0;0;0;0;0;
2026.08.28;17:42:22.4;0.00;0.00;0;0;10;80;0;352;210;252;25;3.04;3.04;3.04;3.04;0;0;0;0;0;14.2;82;26;3.9;22;-;6;31;861;1450;0;3804.0;14.0;15.9;0;0;0;0;0;0;
2026.08.28;17:42:22.9;0.00;0.00;908;864;14;79;0;352;210;231;25;1.82;1.82;1.82;1.82;0;0;0;0;0;14.2;83;26;3.9;21;-;6;31;861;1098;0;1044.0;9.9;10.7;0;0;0;0;0;0;
2026.08.28;17:42:23.3;0.00;0.00;908;864;14;79;0;352;294;231;25;1.82;1.82;1.82;1.82;3;0;0;0;0;14.2;83;26;3.9;20;-;6;31;861;1098;0;1044.0;9.9;8.2;0;0;0;0;1;0;
2026.08.28;17:42:23.8;-0.00;-0.00;864;869;18;79;4;352;294;231;25;2.61;2.61;2.61;2.61;0;0;0;0;0;14.2;83;26;3.9;20;-;6;31;861;909;0;1460.0;9.9;8.2;0;0;0;0;1;0;
2026.08.28;17:42:24.2;-0.01;-0.01;849;849;22;79;5;352;315;294;25;2.52;2.52;2.52;2.52;0;0;0;0;0;14.2;83;26;3.9;18;-;6;31;861;909;0;1460.0;9.0;9.0;0;0;0;0;1;0;
2026.08.28;17:42:24.7;-0.01;-0.01;849;849;22;79;5;352;315;315;25;2.52;2.52;2.52;2.52;1;0;0;0;0;14.2;83;26;3.9;18;-;6;31;861;804;0;2045.0;8.7;8.4;0;0;0;0;1;0;
2026.08.28;17:42:25.1;-0.04;-0.04;844;839;25;78;6;352;315;315;25;2.51;2.51;2.51;2.51;1;0;0;0;0;14.2;83;26;3.9;15;-;12;31;861;771;0;1110.0;8.7;8.4;0;0;0;0;0;0;
2026.08.28;17:42:25.6;-0.04;-0.04;844;839;25;78;6;352;420;336;25;2.51;2.51;2.51;2.51;2;0;0;0;0;14.2;83;26;3.9;14;-;12;31;861;771;7;1110.0;11.2;8.8;0;0;0;0;0;1;
2026.08.28;17:42:26.0;-0.09;-0.09;791;815;28;78;9;352;420;336;25;4.21;4.21;4.21;4.21;15;0;0;0;0;14.2;83;26;3.9;14;-;12;31;861;1150;7;1333.0;11.2;8.8;0;0;0;0;0;1;
2026.08.28;17:42:26.5;-0.06;-0.06;43;34;33;78;14;352;441;420;25;4.28;4.28;4.28;4.28;15;0;0;0;0;14.2;83;26;3.9;13;-;12;31;861;1150;16;1333.0;20.2;19.4;0;0;0;0;0;1;
2026.08.28;17:42:26.9;-0.06;-0.06;43;34;33;78;14;298;588;588;25;4.28;4.28;4.28;4.28;11;0;0;0;0;14.2;83;26;3.9;13;-;12;32;861;1351;16;1410.0;32.0;32.4;0;0;0;0;0;1;
2026.08.28;17:42:27.4;-0.00;-0.00;78;63;38;77;20;298;588;588;25;5.46;5.46;5.46;5.46;11;0;0;0;0;14.2;83;26;3.9;13;-;12;32;861;1568;20;3764.0;32.0;32.4;0;0;0;0;0;1;
2026.08.28;17:42:27.8;-0.00;-0.00;78;63;38;77;20;298;210;315;25;5.46;5.46;5.46;5.46;-21;0;0;0;0;14.2;83;26;3.9;13;-;12;32;861;1568;0;3764.0;8.3;11.9;0;0;0;0;0;1;
2026.08.28;17:42:28.3;-0.00;-0.00;834;585;43;78;9;298;294;273;25;2.02;2.02;2.02;2.02;0;0;0;0;0;14.2;83;26;3.9;13;-;12;31;861;887;0;1301.0;8.0;7.9;0;0;0;0;0;1;
2026.08.28;17:42:28.7;-0.01;-0.01;874;839;44;76;10;298;294;273;25;2.32;2.32;2.32;2.32;0;0;0;0;0;14.0;83;26;3.9;13;-;12;31;861;792;0;1120.0;8.0;7.9;0;0;0;0;0;0;
2026.08.28;17:42:29.2;-0.01;-0.01;874;839;44;76;10;298;315;315;25;2.32;2.32;2.32;2.32;3;0;0;0;0;14.0;83;26;3.9;12;-;12;31;861;792;0;1120.0;8.5;8.0;0;0;0;0;1;0;
2026.08.28;17:42:29.6;-0.01;-0.01;874;859;46;76;11;298;336;336;25;2.57;2.57;2.57;2.57;-2;0;0;0;0;14.0;83;26;3.9;12;-;12;31;861;757;0;1124.0;8.9;8.6;0;0;0;0;1;0;
2026.08.28;17:42:30.1;-0.02;-0.02;834;839;0;0;12;298;336;336;25;2.66;2.66;2.66;2.66;-2;0;0;0;0;14.0;84;26;3.9;10;-;12;31;861;753;0;1549.0;8.9;8.6;0;0;0;0;1;0;
2026.08.28;17:42:30.5;-0.02;-0.02;834;839;0;0;12;298;336;336;25;2.66;2.66;2.66;2.66;-2;0;0;0;0;14.0;84;26;3.9;8;-;12;31;861;753;0;1549.0;8.7;8.7;0;0;0;0;1;0;
2026.08.28;17:42:31.0;-0.02;-0.02;805;805;49;74;12;298;336;336;25;2.67;2.67;2.67;2.67;-3;0;0;0;0;14.1;84;26;3.9;8;-;12;31;861;749;0;1084.0;8.7;8.7;0;0;0;0;1;0;
2026.08.28;17:42:31.4;-0.03;-0.03;791;791;50;75;12;298;357;336;25;2.64;2.64;2.64;2.64;-3;0;0;0;0;14.1;84;26;3.9;6;-;12;31;861;752;0;1174.0;8.9;8.7;0;0;0;0;1;1;
2026.08.28;17:42:31.9;-0.03;-0.03;791;791;50;75;12;298;357;357;25;2.64;2.64;2.64;2.64;-2;0;0;0;0;14.1;84;26;3.9;5;-;12;31;861;752;0;1174.0;9.0;9.0;0;0;0;0;0;1;
2026.08.28;17:42:32.3;-0.04;-0.04;664;703;52;75;13;298;357;357;25;2.64;2.64;2.64;2.64;-5;0;0;0;0;14.1;84;26;3.9;5;-;12;31;861;744;0;1253.0;9.0;9.0;0;0;0;0;0;1;
2026.08.28;17:42:32.8;-0.04;-0.04;97;122;52;72;16;298;399;336;25;2.71;2.71;2.71;2.71;-5;0;0;0;0;14.2;84;26;3.9;4;-;12;31;861;876;5;1363.0;10.7;8.9;0;0;0;0;0;1;
2026.08.28;17:42:33.2;-0.04;-0.04;97;122;52;72;16;298;567;399;25;2.71;2.71;2.71;2.71;4;0;0;0;0;14.2;84;26;3.9;4;-;12;31;861;876;17;1363.0;20.0;15.0;0;0;0;0;0;1;
2026.08.28;17:42:33.7;0.01;0.01;53;48;55;74;44;328;567;399;25;5.60;5.60;5.60;5.60;18;0;0;0;0;14.2;85;27;3.9;4;-;12;31;861;1271;17;1226.0;20.0;15.0;0;0;0;0;0;1;
2026.08.28;17:42:34.1;0.05;0.05;87;102;56;73;45;328;504;567;25;4.41;4.41;4.41;4.41;18;0;0;0;0;14.2;85;27;3.9;4;-;12;32;861;2048;20;1882.0;36.1;39.1;3;9;26;0;0;1;
2026.08.28;17:42:34.6;0.05;0.05;87;102;56;73;45;328;210;273;25;4.41;4.41;4.41;4.41;27;0;0;0;0;14.2;85;27;3.9;5;-;12;32;861;2048;7;1882.0;14.8;18.4;0;0;0;0;0;1;
2026.08.28;17:42:35.0;0.02;0.02;732;717;58;73;20;328;210;273;25;1.89;1.89;1.89;1.89;33;0;0;0;0;14.2;85;27;3.9;5;-;12;32;861;1683;7;1791.0;14.8;18.4;0;0;0;0;0;1;
2026.08.28;17:42:35.5;-0.00;-0.00;712;722;59;73;21;328;231;252;25;1.98;1.98;1.98;1.98;33;0;0;0;0;14.2;85;27;3.9;5;-;12;31;861;1683;7;1791.0;14.0;15.1;0;0;0;0;0;1;
2026.08.28;17:42:35.9;-0.00;-0.00;712;722;59;73;21;328;294;252;25;1.98;1.98;1.98;1.98;31;0;0;0;0;14.2;85;27;3.9;5;-;12;31;861;1570;15;2602.0;16.3;14.3;0;0;0;0;0;1;
2026.08.28;17:42:36.4;0.01;0.01;664;253;61;73;34;328;294;252;25;3.32;3.32;3.32;3.32;4;0;0;0;0;14.2;85;27;3.9;5;-;12;31;861;1346;15;2168.0;16.3;14.3;0;0;0;0;0;1;
2026.08.28;17:42:36.8;0.06;0.06;600;346;62;74;77;328;693;714;25;6.96;6.96;6.96;6.96;4;0;0;0;0;14.2;85;27;3.9;6;-;12;32;861;1346;25;2168.0;40.4;42.5;24;11;94;0;0;1;
2026.08.28;17:42:37.3;0.06;0.06;600;346;62;74;77;328;252;357;25;6.96;6.96;6.96;6.96;13;0;0;0;0;14.2;85;27;3.9;7;-;12;32;861;1905;11;2766.0;16.7;25.1;0;0;0;0;0;1;
2026.08.28;17:42:37.7;0.03;0.03;820;751;61;74;27;328;252;357;25;2.09;2.09;2.09;2.09;26;0;0;0;0;14.2;85;27;3.9;7;-;12;32;861;1831;11;2922.0;16.7;25.1;0;0;0;0;0;1;
2026.08.28;17:42:38.2;0.00;0.00;830;810;62;74;29;328;273;273;25;2.34;2.34;2.34;2.34;26;0;0;0;0;14.2;85;27;3.9;7;-;12;32;861;1831;11;2922.0;17.0;16.8;0;0;0;0;0;1;
2026.08.28;17:42:38.7;0.00;0.00;830;810;62;74;29;328;399;357;25;2.34;2.34;2.34;2.34;18;0;0;0;0;14.2;85;27;3.9;7;-;12;32;861;1388;11;1394.0;16.5;14.8;0;0;0;0;0;1;
2026.08.28;17:42:39.1;0.01;0.01;58;58;64;73;35;328;399;357;25;3.53;3.53;3.53;3.53;18;0;0;0;0;14.2;85;27;3.9;8;-;12;32;861;1138;12;2382.0;16.5;14.8;0;0;0;0;0;1;
2026.08.28;17:42:39.6;0.04;0.04;58;53;66;74;44;328;462;462;25;4.34;4.34;4.34;4.34;0;0;0;0;0;14.2;85;27;3.9;8;-;13;32;861;1138;15;2382.0;19.4;19.0;0;0;0;0;0;1;
2026.08.28;17:42:40.0;0.04;0.04;58;53;66;74;44;328;546;567;25;4.34;4.34;4.34;4.34;8;0;0;0;0;14.2;85;27;3.9;8;-;13;32;861;1210;15;1471.0;25.4;26.3;0;0;0;0;0;1;
2026.08.28;17:42:40.5;0.11;0.11;117;83;67;74;50;328;546;567;25;5.01;5.01;5.01;5.01;8;0;0;0;0;14.2;85;27;3.9;9;-;13;32;861;1210;16;1471.0;25.4;26.3;0;0;0;0;0;0;
2026.08.28;17:42:40.9;0.11;0.11;117;83;67;74;50;260;273;357;25;5.01;5.01;5.01;5.01;21;0;0;0;0;14.2;83;27;3.9;10;-;13;32;861;1420;9;1403.0;14.8;19.2;0;0;0;0;0;0;
2026.08.28;17:42:41.4;0.03;0.03;732;712;69;74;30;260;273;357;25;2.43;2.43;2.43;2.43;26;0;0;0;0;14.2;83;27;3.9;10;-;13;32;861;1494;9;1720.0;14.8;19.2;0;0;0;0;0;0;
2026.08.28;17:42:41.8;-0.01;-0.01;805;786;69;74;28;260;252;273;25;1.99;1.99;1.99;1.99;26;0;0;0;0;14.2;83;27;3.9;10;-;13;32;861;1459;7;1929.0;13.6;14.8;0;0;0;0;0;0;
2026.08.28;17:42:42.3;-0.01;-0.01;805;786;69;74;28;260;252;273;25;1.99;1.99;1.99;1.99;30;0;0;0;0;14.2;83;27;3.9;10;-;13;32;861;1459;6;1929.0;13.3;13.6;0;0;0;0;0;0;
2026.08.28;17:42:42.7;-0.05;-0.05;708;737;70;74;27;260;252;273;25;1.94;1.94;1.94;1.94;31;0;0;0;0;14.2;83;27;3.9;10;-;13;32;861;1395;6;2043.0;13.3;13.6;0;0;0;0;0;0;
2026.08.28;17:42:43.2;-0.01;-0.01;83;63;71;74;29;260;252;252;25;2.08;2.08;2.08;2.08;31;0;0;0;0;14.2;83;27;3.9;10;-;13;32;861;1395;6;2043.0;12.6;12.9;0;0;0;0;0;0;
2026.08.28;17:42:43.6;-0.01;-0.01;83;63;71;74;29;260;273;273;25;2.08;2.08;2.08;2.08;27;0;0;0;0;14.2;83;27;3.9;9;-;13;32;861;1336;6;2058.0;12.7;13.0;0;0;0;0;0;0;
2026.08.28;17:42:44.1;-0.04;-0.04;747;732;71;74;29;260;273;273;25;2.10;2.10;2.10;2.10;25;0;0;0;0;14.2;82;26;3.9;9;-;13;32;861;1312;6;1288.0;12.7;13.0;0;0;0;0;0;0;
2026.08.28;17:42:44.5;-0.02;-0.02;73;63;72;74;24;260;273;273;25;1.73;1.73;1.73;1.73;25;0;0;0;0;14.2;82;26;3.9;9;-;12;32;861;1312;0;1288.0;11.6;12.9;0;0;0;0;0;1;
2026.08.28;17:42:45.0;-0.02;-0.02;73;63;72;74;24;260;273;252;25;1.73;1.73;1.73;1.73;7;0;0;0;0;14.2;82;26;3.9;9;-;12;32;861;1022;0;1146.0;7.7;7.5;0;0;0;0;0;1;
2026.08.28;17:42:45.4;-0.02;-0.02;97;78;73;74;23;260;273;252;25;1.90;1.90;1.90;1.90;4;0;0;0;0;14.2;82;26;4.0;8;-;12;32;861;818;0;1410.0;7.7;7.5;0;0;0;0;0;1;
2026.08.28;17:42:45.9;-0.04;-0.04;698;551;73;74;30;260;378;315;25;2.58;2.58;2.58;2.58;4;0;0;0;0;14.2;82;26;4.0;7;-;12;32;861;818;5;1410.0;10.4;8.3;0;0;0;0;0;1;
2026.08.28;17:42:46.3;-0.04;-0.04;698;551;73;74;30;260;399;315;25;2.58;2.58;2.58;2.58;17;0;0;0;0;14.2;82;26;4.0;7;-;12;32;861;929;5;1231.0;14.7;12.5;0;0;0;0;0;1;
2026.08.28;17:42:46.8;-0.01;-0.01;58;53;74;73;41;260;399;315;25;2.83;2.83;2.83;2.83;22;0;0;0;0;14.2;82;26;4.0;6;-;12;32;861;1370;9;3236.0;14.7;12.5;0;0;0;0;0;1;
2026.08.28;17:42:47.2;0.04;0.04;58;48;75;75;99;260;462;420;25;4.23;4.23;4.23;4.23;22;0;0;0;0;14.2;82;26;4.0;5;-;12;32;861;1370;18;3236.0;28.4;25.9;0;0;0;0;0;1;
2026.08.28;17:42:47.7;0.04;0.04;58;48;75;75;99;244;273;378;25;4.23;4.23;4.23;4.23;25;0;0;0;0;14.2;81;26;4.0;5;-;12;32;861;1845;18;2647.0;17.1;25.2;0;0;0;0;0;1;
2026.08.28;17:42:48.1;0.03;0.03;541;664;76;76;44;244;273;378;25;2.19;2.19;2.19;2.19;25;0;0;0;0;14.2;81;26;4.0;6;-;12;32;861;1455;9;2030.0;17.1;25.2;0;0;0;0;0;1;
2026.08.28;17:42:48.6;0.03;0.03;541;664;76;76;44;244;294;273;25;2.19;2.19;2.19;2.19;29;0;0;0;0;14.2;81;26;4.0;7;-;12;32;861;1455;7;2030.0;12.7;12.5;0;0;0;0;0;1;
2026.08.28;17:42:49.0;0.02;0.02;83;78;76;76;41;244;462;420;25;2.54;2.54;2.54;2.54;9;0;0;0;0;14.2;81;26;4.0;7;-;12;32;861;1015;7;1128.0;17.4;16.4;0;0;0;0;0;1;
2026.08.28;17:42:49.5;0.03;0.03;53;53;76;75;52;244;462;420;25;3.79;3.79;3.79;3.79;9;0;0;0;0;14.1;81;26;4.0;7;-;12;32;861;1034;7;1230.0;17.4;16.4;0;0;0;0;0;1;
2026.08.28;17:42:49.9;0.03;0.03;53;53;76;75;52;244;378;420;25;3.79;3.79;3.79;3.79;5;0;0;0;0;14.1;81;26;4.0;7;-;12;32;861;1034;9;1230.0;14.0;15.4;0;0;0;0;0;1;
2026.08.28;17:42:50.4;0.06;0.06;68;58;76;76;42;244;378;378;25;3.23;3.23;3.23;3.23;11;0;0;0;0;14.1;81;26;4.0;7;-;12;32;861;1068;9;1079.0;14.0;14.9;0;0;0;0;0;1;
2026.08.28;17:42:50.8;0.13;0.13;126;92;77;76;41;244;378;378;25;3.29;3.29;3.29;3.29;11;0;0;0;0;14.1;81;26;4.0;7;-;12;32;861;1117;8;1605.0;14.0;14.9;0;0;0;0;0;0;
2026.08.28;17:42:51.3;0.06;0.06;791;766;78;77;32;244;294;357;25;2.46;2.46;2.46;2.46;19;0;0;0;0;14.1;81;26;4.0;8;-;12;32;861;1117;5;1605.0;11.4;13.7;0;0;0;0;0;0;
2026.08.28;17:42:51.7;0.06;0.06;791;766;78;77;32;244;294;294;25;2.46;2.46;2.46;2.46;20;0;0;0;0;14.2;81;26;4.0;8;-;12;32;861;1112;5;1543.0;11.1;12.0;0;0;0;0;0;0;
2026.08.28;17:42:52.2;0.03;0.03;795;795;79;77;21;244;294;294;25;1.85;1.85;1.85;1.85;20;0;0;0;0;14.2;81;26;4.0;8;-;12;32;861;1056;4;2388.0;11.1;12.0;0;0;0;0;0;0;
2026.08.28;17:42:52.6;0.03;0.03;795;795;79;77;21;244;210;231;25;1.85;1.85;1.85;1.85;13;0;0;0;0;14.2;81;26;4.0;7;-;12;32;861;1056;3;2388.0;6.7;7.6;0;0;0;0;0;0;
2026.08.28;17:42:53.1;0.00;0.00;815;815;81;78;19;244;210;231;25;1.56;1.56;1.56;1.56;11;0;0;0;0;14.2;81;26;4.0;7;-;12;32;861;922;3;1403.0;6.7;7.6;0;0;0;0;0;0;
2026.08.28;17:42:53.5;-0.01;-0.01;766;805;80;77;22;244;252;231;25;1.91;1.91;1.91;1.91;11;0;0;0;0;14.2;81;26;4.0;6;-;12;32;861;786;0;1153.0;6.8;6.3;0;0;0;0;0;0;
2026.08.28;17:42:54.0;-0.01;-0.01;766;805;80;77;22;244;399;315;25;1.91;1.91;1.91;1.91;20;0;0;0;0;14.2;81;26;4.0;5;-;11;32;861;786;6;1153.0;9.7;7.8;0;0;0;0;0;0;
2026.08.28;17:42:54.4;-0.02;-0.02;795;800;81;77;33;227;399;315;25;3.33;3.33;3.33;3.33;11;0;0;0;0;14.2;81;26;4.0;5;-;11;32;861;699;6;1124.0;9.7;7.8;0;0;0;0;0;0;
2026.08.28;17:42:54.9;0.00;0.00;58;63;80;77;35;227;567;483;25;4.46;4.46;4.46;4.46;11;0;0;0;0;14.2;81;26;4.0;5;-;11;32;861;699;10;1124.0;13.6;12.4;0;0;0;0;0;0;
2026.08.28;17:42:55.3;0.00;0.00;58;63;80;77;35;227;525;504;25;4.46;4.46;4.46;4.46;3;0;0;0;0;14.2;81;26;4.0;5;-;11;32;861;756;10;878.0;14.8;14.7;0;0;0;0;0;0;
2026.08.28;17:42:55.8;0.03;0.03;63;58;82;78;43;227;525;504;25;4.81;4.81;4.81;4.81;5;0;0;0;0;14.2;81;26;4.0;5;-;11;32;861;907;13;1171.0;14.8;14.7;0;0;0;0;0;0;
2026.08.28;17:42:56.2;0.07;0.07;102;78;82;78;32;227;420;504;25;3.76;3.76;3.76;3.76;5;0;0;0;0;14.2;81;26;4.0;7;-;11;32;861;907;9;1171.0;14.0;16.6;0;0;0;0;0;0;
2026.08.28;17:42:56.7;0.07;0.07;102;78;82;78;32;227;378;399;25;3.76;3.76;3.76;3.76;15;0;0;0;0;14.2;81;26;4.0;7;-;11;32;861;1053;9;1250.0;14.1;15.3;0;0;0;0;0;0;
2026.08.28;17:42:57.1;0.01;0.01;371;712;82;77;31;227;378;399;25;3.09;3.09;3.09;3.09;15;0;0;0;0;14.2;81;26;4.0;7;-;11;32;861;1113;9;1604.0;14.1;15.3;0;0;0;0;0;0;
2026.08.28;17:42:57.6;0.05;0.05;102;73;83;78;27;227;357;378;25;3.01;3.01;3.01;3.01;12;0;0;0;0;14.2;81;26;4.0;8;-;11;32;861;1113;7;1604.0;13.9;15.1;0;0;0;0;0;0;
2026.08.28;17:42:58.0;0.05;0.05;102;73;83;78;27;227;315;336;25;3.01;3.01;3.01;3.01;20;0;0;0;0;14.2;81;26;4.0;8;-;11;32;861;1152;7;2108.0;12.9;13.6;0;0;0;0;0;0;
2026.08.28;17:42:58.5;0.01;0.01;810;791;83;78;23;227;315;336;25;2.57;2.57;2.57;2.57;21;0;0;0;0;14.2;81;26;4.0;8;-;11;32;861;1144;6;1600.0;12.9;13.6;0;0;0;0;0;0;
2026.08.28;17:42:58.9;-0.02;-0.02;795;810;83;78;23;227;315;315;25;2.42;2.42;2.42;2.42;21;0;0;0;0;14.2;81;26;4.0;8;-;12;32;861;1144;5;1600.0;11.9;11.9;0;0;0;0;0;0;
2026.08.28;17:42:59.4;-0.02;-0.02;795;810;83;78;23;227;294;294;25;2.42;2.42;2.42;2.42;20;0;0;0;0;14.2;81;26;4.0;8;-;12;32;861;1121;5;1721.0;11.1;11.4;0;0;0;0;0;0;
2026.08.28;17:42:59.8;-0.05;-0.05;761;776;84;79;16;227;294;294;25;1.99;1.99;1.99;1.99;12;0;0;0;0;14.1;81;26;4.0;8;-;12;32;861;1037;4;1724.0;11.1;11.4;0;0;0;0;0;0;
2026.08.28;17:43:00.3;-0.08;-0.08;800;800;85;79;14;227;210;252;25;1.50;1.50;1.50;1.50;12;0;0;0;0;14.1;81;26;4.0;7;-;12;32;861;1037;3;1724.0;6.8;7.8;0;0;0;0;0;0;
2026.08.28;17:43:00.7;-0.08;-0.08;800;800;85;79;14;227;252;231;25;1.50;1.50;1.50;1.50;10;0;0;0;0;14.1;81;26;4.0;7;-;12;32;861;911;3;1483.0;6.8;5.9;0;0;0;0;0;0;
2026.08.28;17:43:01.2;-0.08;-0.08;683;781;85;79;17;222;252;231;25;1.92;1.92;1.92;1.92;18;0;0;0;0;14.1;82;26;4.0;5;-;12;32;861;767;3;1081.0;6.8;5.9;0;0;0;0;0;0;
2026.08.28;17:43:01.6;-0.09;-0.09;708;722;86;80;24;222;441;336;25;3.67;3.67;3.67;3.67;18;0;0;0;0;14.1;82;26;4.0;5;-;12;32;861;767;6;1081.0;11.5;8.8;0;0;0;0;0;0;
2026.08.28;17:43:02.1;-0.09;-0.09;708;722;86;80;24;222;567;483;25;3.67;3.67;3.67;3.67;11;0;0;0;0;14.2;82;26;4.0;5;-;12;32;861;733;6;1202.0;13.6;11.9;0;0;0;0;0;0;
2026.08.28;17:43:02.5;-0.07;-0.07;43;43;87;80;27;222;567;483;25;4.68;4.68;4.68;4.68;10;0;0;0;0;14.2;82;26;4.0;5;-;12;32;861;774;12;1293.0;13.6;11.9;0;0;0;0;0;0;
2026.08.28;17:43:03.0;-0.03;-0.03;48;39;85;79;67;222;756;672;25;7.93;7.93;7.93;7.93;10;0;0;0;0;14.2;82;26;4.0;6;-;12;33;861;774;21;1293.0;22.7;21.6;0;0;0;0;0;0;
2026.08.28;17:43:03.4;-0.03;-0.03;48;39;85;79;67;222;651;672;25;7.93;7.93;7.93;7.93;9;0;0;0;0;14.2;82;26;4.0;6;-;12;33;861;1143;21;1797.0;35.7;37.8;26;28;39;0;0;0;
2026.08.28;17:43:03.9;0.02;0.02;122;112;84;80;62;222;651;672;25;7.18;7.18;7.18;7.18;9;0;0;0;0;14.1;82;26;4.0;9;-;10;33;861;1570;23;4054.0;35.7;37.8;26;28;39;0;0;0;
2026.08.28;17:43:04.3;0.02;0.02;58;48;82;80;59;222;588;588;25;5.86;5.86;5.86;5.86;15;0;0;0;0;14.1;82;26;4.0;12;-;10;33;861;1570;24;4054.0;42.2;42.5;9;12;37;0;0;0;
2026.08.28;17:43:04.8;0.02;0.02;58;48;82;80;59;222;546;567;25;5.86;5.86;5.86;5.86;21;0;0;0;0;14.1;82;26;4.0;12;-;10;33;861;1933;24;3402.0;42.9;45.3;0;0;0;0;0;0;
2026.08.28;17:43:05.2;0.02;0.02;737;708;80;81;52;222;546;567;25;5.12;5.12;5.12;5.12;21;0;0;0;0;14.1;82;26;4.0;14;-;10;33;861;2223;24;2295.0;42.9;45.3;0;0;0;0;0;0;
2026.08.28;17:43:05.7;0.00;0.00;122;424;77;80;45;222;483;483;25;4.27;4.27;5.12;5.12;27;0;0;0;0;14.1;82;26;4.0;16;-;10;32;861;2223;24;2295.0;43.1;44.6;0;0;0;0;0;0;
2026.08.28;17:43:06.1;0.00;0.00;122;424;77;80;45;222;378;378;25;4.27;4.27;4.27;4.27;29;0;0;0;0;14.2;82;26;4.0;16;-;10;32;861;2461;24;5000.0;35.5;37.7;0;0;0;0;0;0;
2026.08.28;17:43:06.6;0.02;0.02;112;268;75;81;30;222;378;378;25;2.91;2.91;2.91;2.91;29;0;0;0;0;14.2;82;26;4.0;18;-;10;32;861;2542;19;2722.0;35.5;37.7;0;0;0;0;0;0;
2026.08.28;17:43:07.1;0.02;0.02;112;268;75;81;30;222;231;252;25;2.91;2.91;2.91;2.91;17;0;0;0;0;14.2;82;26;4.0;18;-;10;32;861;2542;13;2722.0;20.8;22.9;0;0;0;0;0;0;
2026.08.28;17:43:07.5;-0.03;-0.03;141;693;72;81;19;222;210;231;25;1.84;1.84;1.84;1.84;27;0;0;0;0;14.2;82;26;4.0;18;-;10;32;861;2441;13;1809.0;19.8;20.4;0;0;0;0;0;0;
2026.08.28;17:43:08.0;-0.01;-0.01;78;585;70;81;17;222;210;231;25;1.95;1.95;1.95;1.95;27;0;0;0;0;14.2;82;26;4.0;16;-;10;32;861;2441;12;1809.0;19.8;20.4;0;0;0;0;0;0;
2026.08.28;17:43:08.4;-0.01;-0.01;78;585;70;81;17;215;210;231;25;1.95;1.95;1.95;1.95;22;0;0;0;0;14.2;83;26;4.0;16;-;10;32;861;2253;12;5000.0;17.9;18.2;0;0;0;0;0;0;
2026.08.28;17:43:08.9;-0.02;-0.02;708;717;69;81;15;215;210;231;25;1.86;1.86;1.86;1.86;19;0;0;0;0;14.2;83;26;4.0;15;-;10;32;861;2115;8;5000.0;17.9;18.2;0;0;0;0;0;0;
2026.08.28;17:43:09.3;-0.03;-0.03;756;708;68;81;13;215;210;210;25;1.74;1.74;1.74;1.74;19;0;0;0;0;14.2;83;26;4.0;14;-;10;32;861;2115;6;5000.0;15.6;15.7;0;0;0;0;0;0;
2026.08.28;17:43:09.8;-0.03;-0.03;756;708;68;81;13;215;210;210;25;1.74;1.74;1.74;1.74;15;0;0;0;0;14.2;83;26;4.0;14;-;10;32;861;1921;6;3176.0;14.6;14.6;0;0;0;0;0;0;
2026.08.28;17:43:10.2;-0.01;-0.01;668;122;67;81;11;215;210;210;25;1.86;1.86;1.86;1.86;19;0;0;0;0;14.2;83;26;4.0;13;-;10;32;861;1762;6;4206.0;14.6;14.6;0;0;0;0;0;0;
2026.08.28;17:43:10.7;-0.08;-0.08;742;771;67;81;10;215;210;231;25;1.75;1.75;1.75;1.75;19;0;0;0;0;14.2;83;26;4.0;12;-;10;32;861;1762;6;4206.0;13.4;13.7;0;0;0;0;0;0;
2026.08.28;17:43:11.1;-0.08;-0.08;742;771;67;81;10;215;252;231;25;1.75;1.75;1.75;1.75;34;0;0;0;0;14.2;83;26;4.0;12;-;10;32;861;1623;6;1463.0;13.5;13.1;0;0;0;0;0;0;
2026.08.28;17:43:11.6;-0.06;-0.06;63;53;67;81;9;215;252;231;25;1.92;1.92;1.92;1.92;34;0;0;0;0;14.2;83;26;4.0;11;-;10;32;861;1474;6;2198.0;13.5;13.1;0;0;0;0;0;0;
2026.08.28;17:43:12.0;-0.06;-0.06;63;53;67;81;9;215;252;252;25;1.92;1.92;1.92;1.92;30;0;0;0;0;14.2;83;26;4.0;10;-;10;32;861;1474;5;2198.0;13.0;13.3;0;0;0;0;0;0;
2026.08.28;17:43:12.5;-0.05;-0.05;751;478;68;81;7;215;252;252;25;1.96;1.96;1.96;1.96;20;0;0;0;0;14.2;83;26;4.0;10;-;10;32;861;1373;5;3416.0;13.0;13.3;0;0;0;0;0;0;
2026.08.28;17:43:12.9;-0.09;-0.09;742;761;68;80;5;215;210;231;25;1.65;1.65;1.65;1.65;20;0;0;0;0;14.2;83;26;4.0;9;-;10;32;861;1373;1;3416.0;9.8;10.9;0;0;0;0;0;0;
2026.08.28;17:43:13.4;-0.09;-0.09;742;761;68;80;5;215;210;210;25;1.65;1.65;1.65;1.65;12;0;0;0;0;14.2;83;26;4.0;8;-;11;32;861;1181;1;2140.0;8.6;8.4;0;0;0;0;0;0;
2026.08.28;17:43:13.8;-0.09;-0.09;58;68;70;81;3;215;210;210;25;1.49;1.49;1.49;1.49;27;0;0;0;0;14.2;83;26;4.0;8;-;11;32;861;1037;1;1172.0;8.6;8.4;0;0;0;0;0;0;
2026.08.28;17:43:14.3;-0.08;-0.08;63;53;70;81;0;215;294;231;25;2.05;2.05;2.05;2.05;27;0;0;0;0;14.2;83;26;4.0;6;-;11;32;861;1037;1;1172.0;9.6;7.8;0;0;0;0;0;0;
2026.08.28;17:43:14.7;-0.08;-0.08;63;53;70;81;0;215;357;294;25;2.05;2.05;2.05;2.05;7;0;0;0;0;14.2;83;26;4.0;6;-;11;32;861;901;1;2257.0;10.4;8.5;0;0;0;0;0;0;
2026.08.28;17:43:15.2;-0.07;-0.07;107;87;71;81;4;207;357;294;25;2.73;2.73;2.73;2.73;-1;0;0;0;0;14.2;84;27;4.0;6;-;11;32;861;798;0;1358.0;10.4;8.5;0;0;0;0;0;1;
2026.08.28;17:43:15.6;-0.06;-0.06;73;63;72;82;5;207;378;357;25;2.82;2.82;2.82;2.82;-1;0;0;0;0;14.2;84;27;4.0;5;-;11;33;861;798;0;1358.0;10.1;9.4;0;1;0;0;0;1;
2026.08.28;17:43:16.1;-0.06;-0.06;73;63;72;82;5;207;420;357;25;2.82;2.82;2.82;2.82;-3;0;0;0;0;14.2;84;27;4.0;5;-;11;33;861;774;0;1972.0;11.4;9.6;0;0;0;0;0;1;
2026.08.28;17:43:16.5;-0.03;-0.03;78;68;72;81;8;207;420;357;25;3.22;3.22;3.22;3.22;3;0;0;0;0;14.2;84;27;4.0;4;-;11;33;861;966;7;2323.0;11.4;9.6;0;0;0;0;0;1;
2026.08.28;17:43:17.0;0.05;0.05;131;78;73;81;11;207;462;420;25;4.34;4.34;4.34;4.34;3;0;0;0;0;14.2;84;27;4.0;3;-;11;33;861;966;13;2323.0;18.8;16.6;0;0;0;0;0;1;
2026.08.28;17:43:17.4;0.05;0.05;131;78;73;81;11;207;420;441;25;4.34;4.34;4.34;4.34;24;0;0;0;0;14.2;84;27;4.0;3;-;11;33;861;1537;13;3440.0;28.6;30.3;0;0;0;0;0;1;
2026.08.28;17:43:17.9;0.00;0.00;732;410;73;81;14;207;420;441;25;3.58;3.58;3.58;3.58;24;0;0;0;0;14.2;84;27;4.0;3;-;11;33;861;2006;17;3564.0;28.6;30.3;0;0;0;0;0;1;
2026.08.28;17:43:18.3;-0.04;-0.04;48;756;73;81;10;207;231;273;25;1.84;1.84;1.84;1.84;1;0;0;0;0;14.2;84;27;4.0;4;-;10;33;861;2006;0;3564.0;14.2;17.1;0;0;0;0;0;1;
2026.08.28;17:43:18.8;-0.04;-0.04;48;756;73;81;10;207;231;231;25;1.84;1.84;1.84;1.84;-4;0;0;0;0;14.1;85;27;4.0;4;-;10;33;861;1173;0;1418.0;7.3;7.6;0;0;0;0;0;1;
2026.08.28;17:43:19.2;-0.04;-0.04;766;97;73;81;9;207;231;231;25;1.82;1.82;1.82;1.82;-4;0;0;0;0;14.1;85;27;4.0;3;-;10;33;861;837;1;1258.0;7.3;7.6;0;0;0;0;0;1;
2026.08.28;17:43:19.7;-0.04;-0.04;766;97;73;81;9;207;357;294;25;1.82;1.82;1.82;1.82;18;0;0;0;0;14.1;85;27;4.0;2;-;10;33;861;837;3;1258.0;9.6;8.1;0;0;0;0;0;1;
2026.08.28;17:43:20.1;-0.04;-0.04;830;810;74;82;10;207;357;294;25;4.16;4.16;4.16;4.16;9;0;0;0;0;14.1;85;27;4.0;2;-;10;33;861;833;3;1320.0;9.6;8.1;0;0;0;0;0;1;
2026.08.28;17:43:20.6;-0.01;-0.01;473;87;73;81;18;207;546;714;25;3.11;3.11;3.11;3.11;9;0;0;0;0;14.2;85;27;4.0;2;-;10;33;861;2206;16;3603.0;31.2;38.2;25;12;31;0;0;1;
2026.08.28;17:43:21.0;-0.01;-0.01;473;87;73;81;18;207;315;294;25;3.11;3.11;3.11;3.11;28;0;0;0;0;14.2;85;27;4.0;2;-;10;33;861;2206;18;3603.0;22.3;20.3;0;0;0;0;0;1;
2026.08.28;17:43:21.5;0.00;0.00;87;73;73;81;23;207;315;294;25;4.01;4.01;4.01;4.01;19;0;0;0;0;14.2;85;27;4.0;2;-;10;33;861;1357;18;3714.0;22.3;20.3;0;0;0;0;0;1;
2026.08.28;17:43:21.9;0.01;0.01;747;717;74;81;18;208;441;588;25;3.36;3.36;3.36;3.36;19;0;0;0;0;14.2;85;27;4.0;4;-;10;33;861;1770;14;1834.0;28.4;37.2;11;9;25;0;0;1;
2026.08.28;17:43:22.4;0.01;0.01;747;717;74;81;18;208;231;273;25;3.36;3.36;3.36;3.36;23;0;0;0;0;14.2;85;27;4.0;5;-;10;33;861;1770;8;1834.0;14.1;15.8;0;0;0;0;0;1;
2026.08.28;17:43:22.8;-0.02;-0.02;825;820;74;81;17;208;231;273;25;2.09;2.09;2.09;2.09;22;0;0;0;0;14.2;85;27;4.0;5;-;10;33;861;1325;8;2115.0;14.1;15.8;0;0;0;0;0;1;
2026.08.28;17:43:23.3;-0.04;-0.04;795;800;75;82;11;208;231;294;25;1.80;1.80;1.80;1.80;22;0;0;0;0;14.2;85;27;4.0;5;-;9;33;861;1325;0;2115.0;9.1;11.4;0;0;0;0;0;1;
2026.08.28;17:43:23.7;-0.04;-0.04;795;800;75;82;11;208;420;315;25;1.80;1.80;1.80;1.80;19;0;0;0;0;14.2;85;27;4.0;4;-;9;33;861;875;2;1540.0;12.0;9.2;0;0;0;0;0;1;
2026.08.28;17:43:24.2;-0.04;-0.04;805;815;76;82;17;208;420;315;25;2.96;2.96;2.96;2.96;-1;0;0;0;0;14.2;85;27;4.0;4;-;9;33;861;828;2;1254.0;12.0;9.2;0;0;0;0;0;1;
2026.08.28;17:43:24.6;-0.05;-0.05;53;83;76;82;46;208;630;441;25;6.91;6.91;6.91;6.91;-1;0;0;0;0;14.2;85;27;4.0;4;-;9;33;861;828;19;1254.0;19.5;14.8;0;0;0;0;0;1;
2026.08.28;17:43:25.1;-0.05;-0.05;53;83;76;82;46;208;588;651;25;6.91;6.91;6.91;6.91;-2;0;0;0;0;14.2;85;27;4.1;4;-;9;33;861;1069;19;1236.0;36.5;39.2;20;20;31;0;0;1;
2026.08.28;17:43:25.5;0.02;0.02;234;131;75;82;50;208;588;651;25;5.23;5.23;5.23;5.23;23;0;0;0;0;14.2;85;27;4.1;5;-;9;33;861;1839;22;4510.0;36.5;39.2;20;20;31;0;0;1;
2026.08.28;17:43:26.0;0.08;0.08;146;166;74;82;50;208;525;546;25;5.51;5.51;5.51;5.51;23;0;0;0;0;14.2;85;27;4.1;7;-;9;33;861;1839;21;4510.0;35.9;37.0;0;0;0;0;0;1;
2026.08.28;17:43:26.4;0.08;0.08;146;166;74;82;50;208;567;567;25;5.51;5.51;5.51;5.51;19;0;0;0;0;14.2;85;27;4.1;7;-;9;33;861;1496;21;1792.0;29.7;29.8;0;0;0;0;0;1;
2026.08.28;17:43:26.9;0.09;0.09;361;141;74;82;46;208;567;567;25;5.25;5.25;5.25;5.25;19;0;0;0;0;14.2;85;27;4.1;10;-;9;33;861;1616;18;2669.0;29.7;29.8;0;0;0;0;0;1;
2026.08.28;17:43:27.3;0.09;0.09;361;141;74;82;46;208;483;504;25;5.25;5.25;5.25;5.25;22;0;0;0;0;14.2;85;27;4.1;12;-;9;33;861;1616;18;2669.0;31.1;32.7;0;0;0;0;0;0;
2026.08.28;17:43:27.8;0.08;0.08;747;668;75;83;48;208;336;399;25;4.43;4.43;4.43;4.43;25;0;0;0;0;14.2;85;27;4.1;12;-;9;33;861;1842;18;3615.0;24.1;28.2;0;0;0;0;0;0;
2026.08.28;17:43:28.2;0.01;0.01;649;722;73;82;36;208;336;399;25;2.84;2.84;2.84;2.84;25;0;0;0;0;14.2;85;27;4.1;13;-;10;33;861;1943;15;2569.0;24.1;28.2;0;0;0;0;0;0;
2026.08.28;17:43:28.7;0.01;0.01;649;722;73;82;36;208;315;336;25;2.84;2.84;2.84;2.84;28;0;0;0;0;14.2;85;27;4.1;14;-;10;33;861;1943;14;2569.0;23.1;24.3;0;0;0;0;0;0;
2026.08.28;17:43:29.1;0.00;0.00;717;712;74;83;39;209;315;336;25;2.74;2.74;2.74;2.74;28;0;0;0;0;14.2;84;27;4.1;14;-;10;33;861;1972;14;2889.0;23.1;24.3;0;0;0;0;0;0;
2026.08.28;17:43:29.6;-0.01;-0.01;756;712;73;83;38;209;315;336;25;2.59;2.59;2.59;2.59;28;0;0;0;0;14.2;84;27;4.1;14;-;10;33;861;1986;13;3421.0;22.5;23.9;0;0;0;0;0;0;
2026.08.28;17:43:30.0;-0.01;-0.01;756;712;73;83;38;209;273;294;25;2.59;2.59;2.59;2.59;30;0;0;0;0;14.2;84;27;4.1;14;-;10;33;861;1986;13;3421.0;20.0;21.3;0;0;0;0;0;0;
2026.08.28;17:43:30.5;-0.04;-0.04;83;288;74;83;36;209;273;294;25;2.28;2.28;2.28;2.28;30;0;0;0;0;14.2;84;27;4.1;14;-;10;33;861;1966;13;4631.0;20.0;21.3;0;0;0;0;0;0;
2026.08.28;17:43:30.9;-0.04;-0.04;253;581;73;83;38;209;273;294;25;2.31;2.31;2.31;2.31;30;0;0;0;0;14.2;84;27;4.0;14;-;10;33;861;1936;13;3190.0;20.1;20.5;0;0;0;0;0;0;
2026.08.28;17:43:31.4;-0.04;-0.04;253;581;73;83;38;209;357;315;25;2.31;2.31;2.31;2.31;29;0;0;0;0;14.2;84;27;4.0;14;-;10;33;861;1936;18;3190.0;25.5;23.6;0;0;0;0;0;0;
2026.08.28;17:43:31.8;0.03;0.03;78;78;74;83;56;209;357;315;25;3.43;3.43;3.43;3.43;25;0;0;0;0;14.2;84;27;4.0;14;-;10;33;861;1979;18;3877.0;25.5;23.6;0;0;0;0;0;0;
2026.08.28;17:43:32.3;0.03;0.03;791;732;73;83;44;209;336;399;25;2.88;2.88;2.88;2.88;25;0;0;0;0;14.2;84;27;4.0;14;-;10;33;861;2027;14;3254.0;25.0;29.1;0;0;0;0;0;0;
2026.08.28;17:43:32.7;0.03;0.03;791;732;73;83;44;209;210;252;25;2.88;2.88;2.88;2.88;31;0;0;0;0;14.2;84;27;4.0;14;-;9;33;861;2027;9;3254.0;15.2;17.9;0;0;0;0;0;0;
2026.08.28;17:43:33.2;-0.03;-0.03;776;791;74;84;32;209;210;252;25;1.71;1.71;1.71;1.71;40;0;0;0;0;14.2;84;27;4.0;14;-;9;33;861;1976;9;2873.0;15.2;17.9;0;0;0;0;0;0;
2026.08.28;17:43:33.7;-0.08;-0.08;341;717;73;83;34;209;231;231;25;1.73;1.73;1.73;1.73;40;0;0;0;0;14.2;84;27;4.0;13;-;9;33;861;1872;9;3335.0;15.3;15.9;0;0;0;0;0;0;
2026.08.28;17:43:34.1;-0.08;-0.08;341;717;73;83;34;209;231;231;25;1.73;1.73;1.73;1.73;37;0;0;0;0;14.2;84;27;4.0;13;-;9;33;861;1872;7;3335.0;14.7;15.6;0;0;0;0;0;0;
2026.08.28;17:43:34.6;-0.01;-0.01;117;107;73;83;33;209;231;231;25;1.88;1.88;1.88;1.88;37;0;0;0;0;14.2;84;27;4.0;13;-;9;33;861;1775;7;4792.0;14.7;15.6;0;0;0;0;0;0;
2026.08.28;17:43:35.0;-0.07;-0.07;405;678;73;83;31;209;231;231;25;1.72;1.72;1.72;1.72;37;0;0;0;0;14.2;84;27;4.0;12;-;9;33;861;1683;6;4549.0;13.7;14.8;0;0;0;0;0;0;
2026.08.28;17:43:35.5;-0.07;-0.07;405;678;73;83;31;209;210;231;25;1.72;1.72;1.72;1.72;36;0;0;0;0;14.2;84;27;4.0;12;-;9;33;861;1683;6;4549.0;12.1;13.5;0;0;0;0;0;0;
2026.08.28;17:43:35.9;-0.00;-0.00;43;58;74;84;25;236;210;231;25;1.65;1.65;1.65;1.65;36;0;0;0;0;14.2;84;26;4.0;11;-;9;33;861;1184;0;1548.0;12.1;13.5;0;0;0;0;0;1;
2026.08.28;17:43:36.4;-0.00;-0.00;43;58;74;84;25;236;231;231;25;1.65;1.65;1.65;1.65;6;0;0;0;0;14.2;84;26;4.0;9;-;9;33;861;1184;0;1548.0;7.3;7.4;0;0;0;0;1;1;
2026.08.28;17:43:36.8;0.00;0.00;102;48;75;84;21;236;336;294;25;1.77;1.77;1.77;1.77;8;0;0;0;0;14.2;84;26;4.0;9;-;9;33;861;856;0;2585.0;9.1;8.0;0;0;0;0;1;1;
2026.08.28;17:43:37.3;-0.01;-0.01;781;737;76;84;24;236;336;294;25;2.44;2.44;2.44;2.44;8;0;0;0;0;14.1;84;26;4.1;4;-;9;33;861;779;0;1145.0;9.1;8.0;0;0;0;0;1;1;
2026.08.28;17:43:37.7;-0.01;-0.01;781;737;76;84;24;236;336;315;25;2.44;2.44;2.44;2.44;-2;0;0;0;0;14.1;84;26;4.1;2;-;2;33;861;779;0;1145.0;8.5;8.3;0;0;0;0;0;1;
2026.08.28;17:43:38.2;-0.02;-0.02;698;747;75;83;23;236;336;315;25;2.44;2.44;2.44;2.44;10;0;0;0;0;14.1;84;26;4.1;2;-;2;33;861;833;0;1192.0;8.5;8.3;0;0;0;0;0;1;
2026.08.28;17:43:38.6;0.02;0.02;502;107;75;82;56;236;357;588;25;2.60;2.60;2.60;2.60;10;0;0;0;0;14.1;84;26;4.1;1;-;2;33;861;2186;17;3073.0;23.8;40.1;6;9;35;0;0;1;
2026.08.28;17:43:39.1;0.02;0.02;502;107;75;82;56;236;504;399;25;2.60;2.60;2.60;2.60;26;0;0;0;0;14.1;84;26;4.1;2;-;2;33;861;2186;25;3073.0;35.2;29.5;0;0;0;0;0;1;
2026.08.28;17:43:39.5;0.05;0.05;53;43;74;83;99;236;504;399;25;5.77;5.77;5.77;5.77;24;0;0;0;0;14.2;84;27;4.1;2;-;2;33;861;1914;25;4300.0;35.2;29.5;0;0;0;0;0;1;
2026.08.28;17:43:40.0;0.08;0.08;68;68;0;0;99;236;462;504;25;4.77;4.77;4.77;4.77;24;0;0;0;0;14.2;84;27;4.1;5;-;2;33;861;1914;26;4300.0;35.9;38.7;0;0;0;0;0;1;
2026.08.28;17:43:40.4;0.08;0.08;68;68;0;0;99;236;588;588;25;4.77;4.77;4.77;4.77;23;0;0;0;0;14.2;84;27;4.1;7;-;2;33;861;1887;26;1514.0;42.7;43.7;2;0;0;0;0;1;
2026.08.28;17:43:40.9;0.08;0.08;747;717;72;83;99;236;588;588;25;5.70;5.70;5.70;5.70;23;0;0;0;0;14.2;84;27;4.1;7;-;2;33;861;1969;26;3049.0;42.7;43.7;2;0;0;0;0;1;
2026.08.28;17:43:41.3;0.07;0.07;673;678;72;83;99;236;609;609;25;5.89;5.89;5.89;5.89;23;0;0;0;0;14.2;84;27;4.1;11;-;2;33;861;1969;26;3049.0;45.4;47.3;5;2;49;0;0;1;
2026.08.28;17:43:41.8;0.07;0.07;673;678;72;83;99;236;588;588;25;5.89;5.89;5.89;5.89;22;0;0;0;0;14.2;84;27;4.1;11;-;2;33;861;1979;26;2794.0;47.9;49.6;8;9;43;0;0;1;
2026.08.28;17:43:42.2;0.08;0.08;776;722;71;84;99;236;588;588;25;5.77;5.77;5.77;5.77;22;0;0;0;0;14.2;84;27;4.1;15;-;2;33;861;2266;26;4112.0;47.9;49.6;8;9;43;0;0;1;
2026.08.28;17:43:42.7;0.08;0.08;776;722;71;84;99;236;504;525;25;5.77;5.77;5.77;5.77;26;0;0;0;0;14.2;84;27;4.1;17;-;8;33;861;2266;26;4112.0;48.3;50.3;0;0;0;0;0;0;
2026.08.28;17:43:43.1;0.10;0.10;117;107;69;84;99;280;504;525;25;4.79;4.79;4.79;4.79;28;0;0;0;0;14.2;85;27;4.1;17;-;8;33;861;2581;26;3255.0;48.3;50.3;0;0;0;0;0;0;
2026.08.28;17:43:43.6;0.04;0.04;659;693;65;84;87;280;357;420;25;2.48;2.48;2.48;2.48;28;0;0;0;0;14.2;85;27;4.1;19;-;8;33;861;2581;19;3255.0;35.2;42.7;0;0;0;0;0;0;
2026.08.28;17:43:44.0;0.04;0.04;659;693;65;84;87;280;210;231;25;2.48;2.48;2.48;2.48;21;0;0;0;0;14.2;85;27;4.1;19;-;8;33;861;2700;19;4584.0;20.1;23.1;0;0;0;0;0;0;
2026.08.28;17:43:44.5;0.10;0.10;97;73;62;83;62;280;210;231;25;1.90;1.90;1.90;1.90;27;0;0;0;0;14.2;85;27;4.1;19;-;8;33;861;2627;13;4117.0;20.1;23.1;0;0;0;0;0;0;
2026.08.28;17:43:44.9;0.05;0.05;776;73;62;83;62;280;210;231;25;1.90;1.90;1.90;1.90;27;0;0;0;0;14.2;85;27;4.1;18;-;8;33;861;2627;12;4117.0;19.5;21.3;0;0;0;0;0;0;
2026.08.28;17:43:45.4;0.05;0.05;776;771;59;83;61;280;210;210;25;1.91;1.91;1.91;1.91;24;0;0;0;0;14.2;85;27;4.1;18;-;8;33;861;2451;12;5000.0;18.8;20.0;0;0;0;0;0;0;
2026.08.28;17:43:45.8;0.07;0.07;126;78;57;83;60;280;210;210;25;1.94;1.94;1.94;1.94;24;0;0;0;0;14.2;85;27;4.1;17;-;8;33;861;2357;11;5000.0;18.8;20.0;0;0;0;0;0;0;
2026.08.28;17:43:46.3;0.09;0.09;63;78;57;83;60;280;210;231;25;1.94;1.94;1.94;1.94;9;0;0;0;0;14.2;85;27;4.1;16;-;8;33;861;2357;0;5000.0;17.6;19.1;0;0;0;0;0;0;
2026.08.28;17:43:46.7;0.09;0.09;63;63;55;83;51;280;210;231;25;1.92;1.92;1.92;1.92;-1;0;0;0;0;14.2;85;27;4.1;16;-;8;33;861;2170;0;4222.0;15.1;16.3;0;0;0;0;0;0;
2026.08.28;17:43:47.2;0.10;0.10;53;180;54;84;44;280;210;231;25;1.89;1.89;1.89;1.89;-1;0;0;0;0;14.2;85;27;4.1;14;-;8;33;861;1884;0;1545.0;15.1;16.3;0;0;0;0;0;0;
2026.08.28;17:43:47.6;0.10;0.10;53;180;54;84;44;280;210;231;25;1.89;1.89;1.89;1.89;-14;0;0;0;0;14.2;85;27;4.1;12;-;10;33;861;1884;1;1545.0;13.8;14.8;0;0;0;0;0;0;
2026.08.28;17:43:48.1;0.00;0.00;4;4;53;82;0;280;210;231;25;0.00;0.00;0.00;0.00;15;0;0;0;0;14.2;85;27;4.1;12;-;10;33;861;1695;1;1875.0;13.8;14.8;0;0;0;0;0;0;
2026.08.28;17:43:48.5;0.00;0.00;849;776;55;83;0;280;210;210;25;1.84;1.84;1.84;1.84;15;0;0;0;0;14.2;85;27;4.1;11;-;10;33;861;1519;4;2467.0;12.5;12.8;0;0;0;0;0;0;
2026.08.28;17:43:49.0;0.00;0.00;849;776;55;83;0;280;210;210;25;1.84;1.84;1.84;1.84;18;0;0;0;0;14.2;85;27;4.1;10;-;10;33;861;1519;0;2467.0;10.7;10.7;0;0;0;0;0;0;
2026.08.28;17:43:49.4;-0.03;-0.03;742;786;56;82;0;280;210;210;25;1.55;1.55;1.55;1.55;1;0;0;0;0;14.2;85;27;4.1;10;-;10;33;861;1351;0;2098.0;10.7;10.7;0;0;0;0;0;0;
2026.08.28;17:43:49.9;-0.00;-0.00;48;34;56;82;0;201;210;210;25;1.63;1.63;1.63;1.63;1;0;0;0;0;14.2;85;27;4.1;9;-;10;33;861;1144;0;1502.0;9.3;9.1;0;0;0;0;0;0;
2026.08.28;17:43:50.3;-0.00;-0.00;48;34;56;82;0;201;210;210;25;1.63;1.63;1.63;1.63;3;0;0;0;0;14.2;85;27;4.1;7;-;10;33;861;1144;0;1502.0;7.4;7.4;0;0;0;0;0;0;
2026.08.28;17:43:50.8;0.01;0.01;419;68;58;83;3;201;210;210;25;1.57;1.57;1.57;1.57;14;0;0;0;0;14.2;85;27;4.1;7;-;10;33;861;938;0;1336.0;7.4;7.4;0;0;0;0;0;0;
2026.08.28;17:43:51.2;-0.01;-0.01;800;776;59;81;5;201;231;210;25;1.91;1.91;1.91;1.91;14;0;0;0;0;14.2;85;27;4.1;6;-;10;33;861;938;0;1336.0;6.7;6.2;0;0;0;0;0;0;
2026.08.28;17:43:51.7;-0.01;-0.01;800;776;59;81;5;201;336;294;25;1.91;1.91;1.91;1.91;22;0;0;0;0;14.2;85;27;4.1;5;-;10;33;861;813;0;1231.0;9.3;8.1;0;0;0;0;0;0;
2026.08.28;17:43:52.1;-0.02;-0.02;834;820;64;87;7;201;336;294;25;2.73;2.73;2.73;2.73;13;0;0;0;0;13.9;85;27;4.1;5;-;10;33;861;731;0;1704.0;9.3;8.1;0;0;0;0;0;0;
2026.08.28;17:43:52.6;-0.03;-0.03;820;830;62;82;9;201;420;357;25;3.43;3.43;3.43;3.43;13;0;0;0;0;13.9;85;27;4.1;5;-;9;33;861;731;0;1704.0;11.0;9.2;0;0;0;0;0;0;
2026.08.28;17:43:53.0;-0.03;-0.03;820;830;62;82;9;201;483;420;25;3.43;3.43;3.43;3.43;-1;0;0;0;0;13.9;85;27;4.1;5;-;9;33;861;728;10;1136.0;12.5;11.1;0;0;0;0;0;0;
2026.08.28;17:43:53.5;0.01;0.01;87;458;63;81;11;201;483;420;25;4.25;4.25;4.25;4.25;11;0;0;0;0;13.9;85;27;4.1;5;-;9;33;861;760;10;985.0;12.5;11.1;0;0;0;0;0;0;
2026.08.28;17:43:53.9;0.04;0.04;78;73;64;81;18;201;651;546;25;6.50;6.50;6.50;6.50;11;0;0;0;0;14.1;85;27;4.1;5;-;9;33;861;965;17;2501.0;19.2;16.6;0;0;0;0;0;0;
2026.08.28;17:43:54.4;0.04;0.04;78;73;64;81;18;201;420;567;25;6.50;6.50;6.50;6.50;-6;0;0;0;0;14.1;85;27;4.1;7;-;9;33;861;965;10;2501.0;15.1;19.7;0;0;0;0;0;0;
2026.08.28;17:43:54.8;0.02;0.02;800;761;66;81;14;201;420;567;25;3.98;3.98;3.98;3.98;15;0;0;0;0;14.1;85;27;4.1;7;-;9;33;861;1145;10;1335.0;15.1;19.7;0;0;0;0;0;0;
2026.08.28;17:43:55.3;-0.01;-0.01;68;87;68;81;17;201;420;399;25;3.63;3.63;3.63;3.63;15;0;0;0;0;14.1;85;27;4.1;8;-;9;33;861;1145;13;1335.0;19.1;17.9;0;0;0;0;0;0;
2026.08.28;17:43:55.7;-0.01;-0.01;68;87;68;81;17;201;420;420;25;3.63;3.63;3.63;3.63;13;0;0;0;0;14.1;85;27;4.1;9;-;9;33;861;1294;17;1570.0;20.4;20.7;0;0;0;0;0;0;
2026.08.28;17:43:56.2;0.02;0.02;751;629;69;81;22;201;420;420;25;4.31;4.31;4.31;4.31;12;0;0;0;0;14.2;85;27;4.1;9;-;9;33;861;1432;17;1585.0;20.4;20.7;0;0;0;0;0;0;
2026.08.28;17:43:56.6;0.03;0.03;92;83;70;81;21;201;441;483;25;3.88;3.88;3.88;3.88;12;0;0;0;0;14.2;85;27;4.1;11;-;9;33;861;1432;14;1585.0;24.9;27.0;0;0;0;0;0;0;
2026.08.28;17:43:57.1;0.03;0.03;92;83;70;81;21;203;273;357;25;3.88;3.88;3.88;3.88;24;0;0;0;0;14.2;86;27;4.1;11;-;9;33;861;1607;14;1735.0;16.1;21.9;0;0;0;0;0;0;
2026.08.28;17:43:57.5;-0.04;-0.04;756;712;71;82;18;203;273;357;25;2.15;2.15;2.15;2.15;24;0;0;0;0;14.2;86;27;4.1;12;-;9;33;861;1691;9;2610.0;16.1;21.9;0;0;0;0;0;0;
2026.08.28;17:43:58.0;-0.09;-0.09;727;756;71;82;19;203;252;273;25;2.06;2.06;2.06;2.06;29;0;0;0;0;14.2;86;27;4.1;12;-;9;33;861;1691;9;2610.0;16.0;16.4;0;0;0;0;0;0;
2026.08.28;17:43:58.5;-0.09;-0.09;727;756;71;82;19;203;273;273;25;2.06;2.06;2.06;2.06;29;0;0;0;0;14.1;86;27;4.1;12;-;9;33;861;1669;9;2745.0;16.3;16.2;0;0;0;0;0;0;
2026.08.28;17:43:58.9;-0.05;-0.05;327;126;72;81;21;203;273;273;25;2.22;2.22;2.22;2.22;29;0;0;0;0;14.1;86;27;4.1;12;-;9;33;861;1655;10;3728.0;16.3;16.2;0;0;0;0;0;0;
2026.08.28;17:43:59.4;-0.05;-0.05;327;126;72;81;21;203;273;273;25;2.22;2.22;2.22;2.22;28;0;0;0;0;14.1;86;27;4.1;11;-;9;33;861;1655;10;3728.0;16.4;16.3;0;0;0;0;0;0;
2026.08.28;17:43:59.8;-0.06;-0.06;68;63;72;81;22;203;273;273;25;2.16;2.16;2.16;2.16;28;0;0;0;0;14.1;86;27;4.1;11;-;9;33;861;1643;10;2895.0;16.4;16.3;0;0;0;0;0;0;
2026.08.28;17:44:00.3;-0.05;-0.05;698;483;73;81;22;203;273;273;25;2.22;2.22;2.22;2.22;28;0;0;0;0;14.2;86;27;4.1;11;-;9;33;861;1636;10;2934.0;16.3;16.3;0;0;0;0;0;0;
2026.08.28;17:44:00.7;-0.05;-0.05;698;483;73;81;22;203;252;273;25;2.22;2.22;2.22;2.22;28;0;0;0;0;14.2;86;27;4.1;11;-;9;33;861;1636;6;2934.0;15.2;15.9;0;0;0;0;0;0;
2026.08.28;17:44:01.2;-0.03;-0.03;83;68;74;82;19;203;252;273;25;1.92;1.92;1.92;1.92;35;0;0;0;0;14.2;86;27;4.1;11;-;9;33;861;1627;6;4332.0;15.2;15.9;0;0;0;0;0;0;
2026.08.28;17:44:01.6;0.01;0.01;92;87;73;81;16;203;210;231;25;1.71;1.71;1.71;1.71;35;0;0;0;0;14.2;86;27;4.1;11;-;9;33;861;1627;3;4332.0;11.9;12.7;0;0;0;0;0;0;
2026.08.28;17:44:02.1;0.01;0.01;92;87;73;81;16;203;210;210;25;1.71;1.71;1.71;1.71;10;0;0;0;0;14.2;86;27;4.1;11;-;9;33;861;1508;3;1991.0;10.6;10.6;0;0;0;0;0;0;
2026.08.28;17:44:02.5;0.05;0.05;63;58;73;81;14;203;210;210;25;1.73;1.73;1.73;1.73;-12;0;0;0;0;14.2;86;27;4.1;10;-;10;33;861;1300;0;1827.0;10.6;10.6;0;0;0;0;0;0;
2026.08.28;17:44:03.0;0.05;0.05;63;58;73;81;14;203;210;210;25;1.73;1.73;1.73;1.73;-12;0;0;0;0;14.2;86;27;4.1;8;-;10;33;861;1300;0;1827.0;8.8;8.8;0;0;0;0;0;0;
2026.08.28;17:44:03.4;0.08;0.08;78;53;73;81;12;203;210;210;25;1.69;1.69;1.69;1.69;6;0;0;0;0;14.2;86;27;4.1;8;-;10;33;861;1097;0;2169.0;7.3;7.3;0;0;0;0;0;0;
2026.08.28;17:44:03.9;0.06;0.06;825;776;75;83;10;203;210;210;25;1.67;1.67;1.67;1.67;6;0;0;0;0;14.2;86;27;4.1;7;-;10;33;861;1097;0;2169.0;7.3;7.3;0;0;0;0;0;0;
2026.08.28;17:44:04.3;0.06;0.06;825;776;75;83;10;203;231;210;25;1.67;1.67;1.67;1.67;9;0;0;0;0;14.2;86;27;4.1;7;-;10;33;861;899;0;1544.0;6.5;5.9;0;0;0;0;0;0;
2026.08.28;17:44:04.8;0.05;0.05;830;830;75;82;10;203;231;210;25;1.97;1.97;1.97;1.97;9;0;0;0;0;14.2;86;27;4.1;5;-;10;33;861;789;0;1545.0;6.5;5.9;0;0;0;0;0;0;
2026.08.28;17:44:05.2;0.04;0.04;839;844;76;83;10;203;336;294;25;2.66;2.66;2.66;2.66;22;0;0;0;0;14.2;86;27;4.1;5;-;10;33;861;789;0;1545.0;9.2;8.0;0;0;0;0;0;0;
2026.08.28;17:44:05.7;0.04;0.04;839;844;76;83;10;203;378;336;25;2.66;2.66;2.66;2.66;14;0;0;0;0;14.2;86;27;4.1;5;-;10;33;861;722;0;1625.0;9.8;9.0;0;0;0;0;0;0;
2026.08.28;17:44:06.1;0.03;0.03;834;849;75;81;11;203;378;336;25;3.29;3.29;3.29;3.29;14;0;0;0;0;14.2;86;27;4.1;5;-;10;33;861;711;0;1032.0;9.8;9.0;0;0;0;0;0;0;
2026.08.28;17:44:06.6;0.03;0.03;834;849;75;81;11;203;357;378;25;3.29;3.29;3.29;3.29;-1;0;0;0;0;14.2;86;27;4.1;5;-;10;33;861;711;0;1032.0;9.2;9.6;0;0;0;0;0;0;
2026.08.28;17:44:07.0;0.03;0.03;805;830;77;83;9;203;357;378;25;3.02;3.02;3.02;3.02;-1;0;0;0;0;14.1;86;27;4.2;5;-;10;33;861;728;0;1246.0;9.2;9.6;0;0;0;0;0;0;
2026.08.28;17:44:07.5;0.02;0.02;795;815;76;82;9;203;378;357;25;2.96;2.96;2.96;2.96;-1;0;0;0;0;14.1;86;27;4.2;5;-;10;33;861;719;0;1201.0;9.2;8.9;0;0;0;0;0;0;
2026.08.28;17:44:07.9;0.02;0.02;795;815;76;82;9;203;378;357;25;2.96;2.96;2.96;2.96;0;0;0;0;0;14.1;86;27;4.2;5;-;10;33;861;719;0;1201.0;9.2;8.8;0;1;0;0;0;0;
2026.08.28;17:44:08.4;0.01;0.01;795;815;77;82;8;203;378;357;25;2.95;2.95;2.95;2.95;-4;0;0;0;0;14.1;86;27;4.2;5;-;10;33;861;726;0;932.0;9.2;8.8;0;1;0;0;0;0;
2026.08.28;17:44:08.8;0.01;0.01;786;810;78;83;7;203;378;357;25;2.94;2.94;2.94;2.94;-4;0;0;0;0;14.1;86;27;4.2;5;-;10;33;861;726;0;932.0;9.6;9.3;0;0;0;0;1;1;
2026.08.28;17:44:09.3;0.01;0.01;786;810;78;83;7;203;357;357;25;2.94;2.94;2.94;2.94;-4;0;0;0;0;14.1;86;27;4.2;5;-;10;33;861;751;0;1132.0;9.4;9.2;0;0;0;0;1;1;
2026.08.28;17:44:09.7;0.00;0.00;771;795;78;82;5;203;357;357;25;2.88;2.88;2.88;2.88;-4;0;0;0;0;14.1;86;27;4.2;4;-;10;33;861;748;0;1133.0;9.4;9.2;0;0;0;0;1;1;
2026.08.28;17:44:10.2;-0.01;-0.01;791;805;78;82;3;203;357;357;25;2.81;2.81;2.81;2.81;-4;0;0;0;0;14.1;86;27;4.2;1;-;10;33;861;748;0;1133.0;9.3;8.9;0;0;0;0;1;1;
2026.08.28;17:44:10.6;-0.01;-0.01;791;805;78;82;3;203;357;336;25;2.81;2.81;2.81;2.81;-3;0;0;0;0;14.1;86;27;4.2;1;-;10;33;861;750;0;1142.0;9.1;8.9;0;0;0;0;1;1;
2026.08.28;17:44:11.1;-0.01;-0.01;795;810;78;82;0;259;357;336;25;2.76;2.76;2.76;2.76;-3;0;0;0;0;14.1;86;27;4.2;0;-;10;33;861;744;0;1625.0;9.1;8.9;0;0;0;0;1;1;
2026.08.28;17:44:11.5;-0.01;-0.01;795;810;78;82;0;259;378;336;25;2.76;2.76;2.76;2.76;-3;0;0;0;0;14.1;86;27;4.2;0;-;10;33;861;744;0;1625.0;9.7;9.0;0;0;0;0;0;1;
2026.08.28;17:44:12.0;-0.02;-0.02;781;800;78;81;0;259;378;336;25;2.83;2.83;2.83;2.83;-4;0;0;0;0;14.1;86;27;4.2;0;-;10;33;861;750;0;1040.0;9.7;9.0;0;0;0;0;0;1;
2026.08.28;17:44:12.4;-0.00;-0.00;190;649;77;81;0;259;798;462;25;6.55;6.55;6.55;6.55;-4;0;0;0;0;14.1;86;27;4.2;0;-;10;33;861;750;10;1040.0;22.7;16.3;0;0;0;0;0;1;
2026.08.28;17:44:12.9;-0.00;-0.00;190;649;77;81;0;259;441;378;25;6.55;6.55;6.55;6.55;24;0;0;0;0;14.1;86;27;4.2;0;-;10;34;861;2107;10;4101.0;32.9;28.0;0;0;0;0;0;1;
2026.08.28;17:44:13.3;0.01;0.01;195;53;78;82;0;259;441;378;25;9.21;9.21;9.21;9.21;19;0;0;0;0;14.2;86;27;4.2;0;-;10;34;861;1902;27;2291.0;32.9;28.0;0;0;0;0;0;1;
2026.08.28;17:44:13.8;-0.01;-0.01;761;620;76;82;0;259;588;567;25;4.15;4.15;4.15;4.15;19;0;0;0;0;14.2;86;27;4.2;5;-;10;34;861;1902;18;2291.0;44.1;41.6;0;0;0;0;0;1;
2026.08.28;17:44:14.2;-0.01;-0.01;761;620;76;82;0;259;420;483;25;4.15;4.15;4.15;4.15;12;0;0;0;0;14.2;86;27;4.2;7;-;10;34;861;1477;12;1547.0;22.6;25.3;0;0;0;0;0;1;
2026.08.28;17:44:14.7;-0.00;-0.00;678;336;75;82;0;259;420;483;25;3.84;3.84;3.84;3.84;12;0;0;0;0;14.2;87;27;4.2;7;-;10;34;861;1306;12;1422.0;22.6;25.3;0;0;0;0;0;1;
2026.08.28;17:44:15.1;0.02;0.02;581;107;75;82;0;259;357;420;25;2.40;2.40;2.40;2.40;9;0;0;0;0;14.2;87;27;4.2;8;-;10;34;861;1306;0;1422.0;16.2;19.8;0;0;0;0;0;1;
2026.08.28;17:44:15.6;0.02;0.02;581;107;75;82;0;259;231;252;25;2.40;2.40;2.40;2.40;9;0;0;0;0;14.2;87;27;4.2;8;-;10;33;861;1337;0;3846.0;10.2;11.4;0;0;0;0;0;1;
2026.08.28;17:44:16.0;-0.04;-0.04;815;815;75;82;0;259;231;252;25;1.73;1.73;1.73;1.73;9;0;0;0;0;14.2;87;27;4.2;8;-;10;33;861;1176;0;1429.0;10.2;11.4;0;0;0;0;0;1;
2026.08.28;17:44:16.5;-0.04;-0.04;815;815;75;82;0;259;378;231;25;1.73;1.73;1.73;1.73;9;0;0;0;0;14.2;87;27;4.2;8;-;10;33;861;1176;9;1429.0;13.7;9.1;0;0;0;0;0;1;
2026.08.28;17:44:16.9;-0.06;-0.06;830;815;76;82;0;259;378;231;25;2.79;2.79;2.79;2.79;3;0;0;0;0;14.2;87;27;4.2;8;-;10;33;861;1079;9;2152.0;13.7;9.1;0;0;0;0;0;1;
2026.08.28;17:44:17.4;-0.06;-0.06;48;48;76;82;0;259;504;420;25;4.63;4.63;4.63;4.63;3;0;0;0;0;14.2;87;27;4.2;7;-;11;34;861;1079;16;2152.0;22.6;18.8;0;0;0;0;0;1;
2026.08.28;17:44:17.8;-0.06;-0.06;48;48;76;82;0;259;483;504;25;4.63;4.63;4.63;4.63;17;0;0;0;0;14.1;87;27;4.2;7;-;11;34;861;1340;16;3414.0;26.2;27.0;0;0;0;0;0;1;
2026.08.28;17:44:18.3;-0.01;-0.01;87;78;77;83;0;244;483;504;25;4.67;4.67;4.67;4.67;21;0;0;0;0;14.1;87;28;4.2;9;-;11;34;861;1436;17;1746.0;26.2;27.0;0;0;0;0;0;1;
2026.08.28;17:44:18.7;-0.02;-0.02;576;659;76;83;0;244;462;462;25;4.13;4.13;4.13;4.13;21;0;0;0;0;14.1;87;28;4.2;11;-;11;34;861;1436;17;1746.0;26.9;27.6;0;0;0;0;0;1;
2026.08.28;17:44:19.2;-0.02;-0.02;576;659;76;83;0;244;399;420;25;4.13;4.13;4.13;4.13;24;0;0;0;0;14.1;87;28;4.2;11;-;11;34;861;1662;17;3073.0;25.7;26.9;0;0;0;0;0;1;
2026.08.28;17:44:19.6;0.01;0.01;712;590;76;83;0;244;399;420;25;4.22;4.22;4.22;4.22;21;0;0;0;0;14.2;87;28;4.2;12;-;11;34;861;1857;19;2305.0;25.7;26.9;0;0;0;0;0;1;
2026.08.28;17:44:20.1;0.02;0.02;810;732;76;83;0;244;693;588;25;7.25;7.25;7.25;7.25;21;0;0;0;0;14.2;87;28;4.2;14;-;11;34;861;1857;29;2305.0;52.8;46.2;0;0;0;0;0;0;
2026.08.28;17:44:20.5;0.02;0.02;810;732;76;83;0;244;525;546;25;7.25;7.25;7.25;7.25;13;0;0;0;0;14.2;87;28;4.2;14;-;11;34;861;2211;29;2301.0;52.1;55.1;4;7;34;0;0;0;
2026.08.28;17:44:21.0;-0.01;-0.01;63;53;72;84;0;244;525;546;25;4.22;4.22;4.22;4.22;13;0;0;0;0;14.2;87;28;4.2;17;-;11;34;861;2536;24;2002.0;52.1;55.1;4;7;34;0;0;0;
2026.08.28;17:44:21.4;0.08;0.08;141;83;70;85;0;244;273;315;25;2.32;2.32;2.32;2.32;27;0;0;0;0;14.2;87;28;4.2;18;-;11;33;861;2536;17;2002.0;27.1;29.4;0;0;0;0;0;0;
2026.08.28;17:44:21.9;0.08;0.08;141;83;70;85;0;244;252;252;25;2.32;2.32;2.32;2.32;25;0;0;0;0;14.1;87;28;4.2;18;-;11;33;861;2627;17;5000.0;24.1;24.1;0;0;0;0;0;0;
2026.08.28;17:44:22.3;0.06;0.06;141;458;67;84;0;244;252;252;25;2.20;2.20;2.20;2.20;25;0;0;0;0;14.1;87;28;4.2;18;-;10;33;861;2627;16;5000.0;24.1;24.1;0;0;0;0;0;0;
2026.08.28;17:44:22.8;0.06;0.06;141;458;67;84;0;244;252;252;25;2.20;2.20;2.20;2.20;25;0;0;0;0;14.1;87;28;4.2;18;-;10;33;861;2581;15;4583.0;23.8;23.4;0;0;0;0;0;0;
2026.08.28;17:44:23.2;-0.02;-0.02;771;771;64;84;0;244;252;252;25;2.11;2.11;2.11;2.11;23;0;0;0;0;14.1;87;28;4.2;18;-;10;33;861;2520;15;3912.0;23.8;23.4;0;0;0;0;0;0;
2026.08.28;17:44:23.7;-0.00;-0.00;102;83;62;84;0;244;252;252;25;2.25;2.25;2.25;2.25;23;0;0;0;0;14.1;87;28;4.2;17;-;10;33;861;2520;15;3912.0;23.2;23.6;0;0;0;0;0;0;
2026.08.28;17:44:24.1;-0.00;-0.00;102;83;62;84;0;244;252;252;25;2.25;2.25;2.25;2.25;22;0;0;0;0;14.2;87;28;4.2;17;-;10;33;861;2416;15;4111.0;22.9;23.5;0;0;0;0;0;0;
2026.08.28;17:44:24.6;-0.02;-0.02;78;78;60;83;0;244;252;252;25;2.23;2.23;2.23;2.23;22;0;0;0;0;14.2;87;28;4.2;17;-;10;33;861;2367;15;5000.0;22.9;23.5;0;0;0;0;0;0;
2026.08.28;17:44:25.0;-0.02;-0.02;78;87;58;83;7;244;273;252;25;2.96;2.96;2.96;2.96;22;0;0;0;0;14.2;87;28;4.2;16;-;10;33;861;2367;19;5000.0;24.4;23.2;0;0;0;0;0;0;
2026.08.28;17:44:25.5;-0.02;-0.02;78;87;58;83;7;236;399;378;25;2.96;2.96;2.96;2.96;30;0;0;0;0;14.2;87;28;4.2;16;-;10;33;861;2391;19;2997.0;37.4;35.9;0;0;0;0;0;0;
2026.08.28;17:44:25.9;0.02;0.02;756;659;59;84;10;236;399;378;25;3.94;3.94;3.94;3.94;30;0;0;0;0;14.2;87;28;4.2;17;-;10;33;861;2509;23;5000.0;37.4;35.9;0;0;0;0;0;0;
2026.08.28;17:44:26.4;0.02;0.02;756;659;59;84;10;236;420;420;25;3.94;3.94;3.94;3.94;28;0;0;0;0;14.2;87;28;4.2;18;-;10;33;861;2509;24;5000.0;43.5;43.1;0;0;0;0;0;0;
2026.08.28;17:44:26.8;0.02;0.02;122;483;57;83;14;236;420;420;25;3.90;3.90;3.90;3.90;18;0;0;0;0;14.2;87;28;4.2;18;-;10;33;861;2712;24;3977.0;43.5;43.1;0;0;0;0;0;0;
2026.08.28;17:44:27.3;-0.03;-0.03;732;732;56;83;13;236;294;336;25;2.44;2.44;2.44;2.44;18;0;0;0;0;14.2;87;28;4.2;19;-;10;34;861;2763;18;5000.0;31.3;34.8;0;0;0;0;0;0;
2026.08.28;17:44:27.8;-0.03;-0.03;732;732;56;83;13;236;252;273;25;2.44;2.44;2.44;2.44;33;0;0;0;0;14.2;87;28;4.2;19;-;10;34;861;2763;18;5000.0;26.2;27.9;0;0;0;0;0;0;
2026.08.28;17:44:28.2;-0.00;-0.00;107;566;54;83;14;236;252;273;25;2.07;2.07;2.07;2.07;28;0;0;0;0;14.2;87;28;4.2;19;-;10;34;861;2725;16;5000.0;26.2;27.9;0;0;0;0;0;0;
2026.08.28;17:44:28.7;0.02;0.02;795;688;52;82;14;236;231;231;25;1.97;1.97;1.97;1.97;28;0;0;0;0;14.2;87;28;4.2;19;-;10;33;861;2725;14;5000.0;22.2;22.7;0;0;0;0;0;0;
2026.08.28;17:44:29.1;0.02;0.02;795;688;52;82;14;236;210;231;25;1.97;1.97;1.97;1.97;3;0;0;0;0;14.2;88;28;4.2;19;-;10;33;861;2621;14;2876.0;19.3;20.2;0;0;0;0;0;0;
2026.08.28;17:44:29.6;0.00;0.00;4;0;51;82;0;236;210;231;25;0.00;0.00;0.00;0.00;0;0;0;0;0;14.2;88;28;4.2;18;-;10;33;861;1705;0;4253.0;19.3;20.2;0;0;0;0;0;1;
2026.08.28;17:44:30.0;0.00;0.00;58;9;0;0;0;236;210;231;25;2.17;2.17;2.17;2.17;0;0;0;0;0;14.2;88;28;4.2;17;-;10;33;861;1705;0;4253.0;11.2;12.0;0;0;0;0;0;1;
2026.08.28;17:44:30.5;0.00;0.00;58;9;0;0;0;236;315;273;25;2.17;2.17;2.17;2.17;15;0;0;0;0;14.2;88;28;4.2;17;-;10;33;861;1336;0;3636.0;15.3;13.5;0;0;0;0;0;1;
2026.08.28;17:44:30.9;-0.01;-0.01;869;854;56;83;3;236;315;273;25;2.60;2.60;2.60;2.60;4;0;0;0;0;14.2;88;28;4.2;16;-;10;33;861;1531;11;4192.0;15.3;13.5;0;0;0;0;0;1;
2026.08.28;17:44:31.4;0.02;0.02;78;58;56;82;9;236;483;399;25;4.47;4.47;4.47;4.47;4;0;0;0;0;14.2;88;28;4.2;15;-;10;34;861;1531;21;4192.0;32.1;27.5;0;0;0;0;0;1;
2026.08.28;17:44:31.8;0.02;0.02;78;58;56;82;9;236;483;399;25;4.47;4.47;4.47;4.47;28;0;0;0;0;14.2;88;28;4.2;15;-;10;34;861;2520;21;4393.0;48.3;40.0;0;0;0;0;0;1;
2026.08.28;17:44:32.3;0.04;0.04;92;73;57;82;19;233;483;399;25;7.60;7.60;7.60;7.60;28;0;0;0;0;14.2;88;28;4.2;16;-;11;34;861;2514;30;3593.0;48.3;40.0;0;0;0;0;0;1;
2026.08.28;17:44:32.7;0.04;0.04;92;73;57;82;19;233;567;588;25;7.60;7.60;7.60;7.60;11;0;0;0;0;14.2;88;28;4.2;19;-;11;34;861;2514;32;3593.0;67.4;69.8;14;15;42;0;0;0;
2026.08.28;17:44:33.2;0.01;0.01;92;141;51;81;23;233;567;588;25;6.54;6.54;6.54;6.54;26;0;0;0;0;14.2;88;28;4.2;19;-;11;34;861;2951;32;2572.0;67.4;69.8;14;15;42;0;0;0;
2026.08.28;17:44:33.6;0.03;0.03;791;693;48;82;33;233;588;567;25;6.40;6.40;6.40;6.40;26;0;0;0;0;14.2;88;28;4.2;22;-;11;34;861;2951;34;2572.0;78.2;76.8;11;11;53;0;0;0;
2026.08.28;17:44:34.1;0.03;0.03;791;693;48;82;33;233;525;546;25;6.40;6.40;6.40;6.40;24;0;0;0;0;14.2;88;28;4.2;25;-;11;34;861;3338;35;5000.0;87.2;92.5;23;23;44;0;0;0;
2026.08.28;17:44:34.5;-0.04;-0.04;771;751;47;81;43;233;525;546;25;5.95;5.95;5.95;5.95;27;0;0;0;0;14.2;88;28;4.2;25;-;11;34;861;3780;35;5000.0;87.2;92.5;23;23;44;0;0;0;
2026.08.28;17:44:35.0;-0.06;-0.06;844;805;42;80;21;233;441;483;25;2.45;2.45;2.45;2.45;27;0;0;0;0;14.2;88;28;4.2;27;-;11;34;861;3780;28;5000.0;87.5;93.6;11;13;42;0;0;0;
2026.08.28;17:44:35.4;-0.06;-0.06;844;805;42;80;21;233;210;231;25;2.45;2.45;2.45;2.45;-14;0;0;0;0;14.2;88;28;4.2;27;-;11;33;861;3628;28;5000.0;23.5;25.7;0;0;0;0;0;0;
2026.08.28;17:44:35.9;0.00;0.00;0;0;28;80;0;233;210;231;25;0.00;0.00;0.00;0.00;-14;0;0;0;0;14.2;88;28;4.2;27;-;11;33;861;2421;0;5000.0;23.5;25.7;0;0;0;0;0;1;
2026.08.28;17:44:36.3;0.00;0.00;0;0;28;80;0;233;210;210;25;0.00;0.00;0.00;0.00;19;0;0;0;0;14.2;88;28;4.2;27;-;11;33;861;2421;15;5000.0;19.0;19.6;0;0;0;0;0;1;
2026.08.28;17:44:36.8;-0.00;-0.00;854;795;30;80;0;233;378;315;25;2.06;2.06;2.06;2.06;27;0;0;0;0;14.2;88;28;4.2;27;-;11;34;861;2288;15;2212.0;29.6;24.8;0;0;0;0;0;1;
2026.08.28;17:44:37.2;0.01;0.01;73;68;33;80;7;233;378;315;25;3.58;3.58;3.58;3.58;27;0;0;0;0;14.2;88;28;4.2;27;-;11;34;861;2077;20;2998.0;29.6;24.8;0;0;0;0;0;1;
2026.08.28;17:44:37.7;0.01;0.01;73;68;33;80;7;233;420;420;25;3.58;3.58;3.58;3.58;25;0;0;0;0;14.2;88;28;4.2;27;-;11;34;861;2077;15;2998.0;33.8;33.8;0;0;0;0;0;0;
2026.08.28;17:44:38.1;-0.00;-0.00;800;742;37;79;8;233;420;420;25;3.04;3.04;3.04;3.04;29;0;0;0;0;14.2;88;28;4.2;27;-;11;34;861;2077;15;1615.0;33.8;33.8;0;0;0;0;0;0;
2026.08.28;17:44:38.6;-0.06;-0.06;805;820;39;78;9;233;210;231;25;1.79;1.79;1.79;1.79;29;0;0;0;0;14.2;88;28;4.1;26;-;11;34;861;2003;11;3165.0;16.0;17.7;0;0;0;0;0;0;
2026.08.28;17:44:39.0;-0.06;-0.06;805;820;39;78;9;233;210;210;25;1.79;1.79;1.79;1.79;41;0;0;0;0;14.2;88;28;4.1;26;-;11;34;861;2003;8;3165.0;14.8;15.2;0;0;0;0;0;0;
2026.08.28;17:44:39.5;-0.04;-0.04;78;63;41;78;10;209;210;210;25;1.71;1.71;1.71;1.71;24;0;0;0;0;14.2;88;28;4.1;26;-;11;34;861;1972;8;3270.0;14.8;15.2;0;0;0;0;0;0;
2026.08.28;17:44:39.9;-0.02;-0.02;766;644;43;79;10;209;210;210;25;1.76;1.76;1.76;1.76;24;0;0;0;0;14.2;88;28;4.1;25;-;11;34;861;1972;0;3270.0;14.5;14.9;0;0;0;0;0;0;
2026.08.28;17:44:40.4;-0.02;-0.02;766;644;43;79;10;209;210;210;25;1.76;1.76;1.76;1.76;5;0;0;0;0;14.2;88;28;4.1;25;-;11;34;861;1896;0;2012.0;13.9;14.5;0;0;0;0;0;0;
2026.08.28;17:44:40.8;0.01;0.01;48;48;43;78;11;209;210;210;25;1.88;1.88;1.88;1.88;5;0;0;0;0;14.2;88;28;4.1;24;-;11;34;861;1786;0;2507.0;13.9;14.5;0;0;0;0;1;0;
2026.08.28;17:44:41.3;0.01;0.01;48;48;43;78;11;209;210;210;25;1.88;1.88;1.88;1.88;-16;0;0;0;0;14.2;88;28;4.1;22;-;11;34;861;1786;3;2507.0;13.2;13.8;0;0;0;0;0;0;
2026.08.28;17:44:41.7;0.00;0.00;4;4;43;77;0;209;210;210;25;2.42;2.42;2.42;2.42;19;0;0;0;0;14.2;88;28;4.1;22;-;11;34;861;1723;3;3192.0;13.2;13.8;0;0;0;0;0;0;
2026.08.28;17:44:42.2;-0.01;-0.01;844;820;46;77;3;209;294;252;25;2.87;2.87;2.87;2.87;19;0;0;0;0;14.2;88;28;4.1;21;-;10;34;861;1723;15;3192.0;18.2;15.6;0;0;0;0;0;0;
2026.08.28;17:44:42.6;-0.01;-0.01;844;820;46;77;3;209;399;378;25;2.87;2.87;2.87;2.87;6;0;0;0;0;14.2;88;28;4.1;21;-;10;34;861;1600;16;2821.0;24.4;23.5;0;0;0;0;0;0;
2026.08.28;17:44:43.1;0.02;0.02;73;68;48;77;7;209;399;378;25;3.82;3.82;3.82;3.82;12;0;0;0;0;14.2;89;28;4.1;21;-;10;34;861;1643;16;1802.0;24.4;23.5;0;0;0;0;0;0;
2026.08.28;17:44:43.5;0.02;0.02;92;366;51;77;10;209;399;399;25;3.90;3.90;3.90;3.90;12;0;0;0;0;14.2;89;28;4.1;21;-;10;34;861;1643;17;1802.0;25.0;25.1;0;0;0;0;0;0;
2026.08.28;17:44:44.0;0.02;0.02;92;366;51;77;10;209;420;420;25;3.90;3.90;3.90;3.90;24;0;0;0;0;14.2;89;28;4.1;21;-;10;34;861;1671;17;3540.0;26.8;26.6;0;0;0;0;0;0;
2026.08.28;17:44:44.4;0.01;0.01;771;712;54;77;11;209;420;420;25;3.89;3.89;3.89;3.89;8;0;0;0;0;14.2;89;28;4.1;22;-;10;34;861;1715;17;4455.0;26.8;26.6;0;0;0;0;0;0;
2026.08.28;17:44:44.9;-0.02;-0.02;747;668;55;75;11;209;336;378;25;2.95;2.95;2.95;2.95;8;0;0;0;0;14.2;89;28;4.1;22;-;10;34;861;1715;13;4455.0;21.9;24.6;0;0;0;0;0;0;
2026.08.28;17:44:45.3;-0.02;-0.02;747;668;55;75;11;209;252;294;25;2.95;2.95;2.95;2.95;18;0;0;0;0;14.1;89;28;4.1;22;-;10;34;861;1713;13;4672.0;16.2;17.9;0;0;0;0;0;0;
2026.08.28;17:44:45.8;-0.07;-0.07;815;786;57;75;11;209;252;294;25;2.11;2.11;2.11;2.11;30;0;0;0;0;14.1;89;28;4.1;22;-;10;34;861;1681;10;4053.0;16.2;17.9;0;0;0;0;0;0;
2026.08.28;17:44:46.2;-0.12;-0.12;639;742;59;76;10;209;252;252;25;1.65;1.65;1.65;1.65;30;0;0;0;0;14.1;89;28;4.1;21;-;10;34;861;1681;0;4053.0;14.9;15.5;0;0;0;0;0;0;
2026.08.28;17:44:46.7;-0.12;-0.12;639;742;59;76;10;215;252;252;25;1.65;1.65;1.65;1.65;11;0;0;0;0;14.1;89;28;4.1;21;-;10;34;861;1590;0;4107.0;14.9;15.5;0;0;0;0;0;0;
2026.08.28;17:44:47.1;-0.07;-0.07;34;29;60;75;11;215;210;210;25;1.59;1.59;1.59;1.59;11;0;0;0;0;14.2;89;28;4.1;20;-;10;34;861;1550;0;3913.0;11.8;11.9;0;0;0;0;0;0;
2026.08.28;17:44:47.6;-0.07;-0.07;34;29;60;75;11;215;210;210;25;1.59;1.59;1.59;1.59;-15;0;0;0;0;14.2;89;28;4.1;19;-;10;34;861;1550;0;3913.0;10.8;10.9;0;0;0;0;0;0;
2026.08.28;17:44:48.0;-0.03;-0.03;34;29;60;75;12;215;210;210;25;1.62;1.62;1.62;1.62;4;0;0;0;0;14.2;89;28;4.1;19;-;10;34;861;1425;0;3295.0;10.8;10.9;0;0;0;0;0;0;
2026.08.28;17:44:48.5;-0.00;-0.00;73;48;61;75;10;215;210;210;25;1.64;1.64;1.64;1.64;4;0;0;0;0;14.2;89;28;4.1;18;-;10;34;861;1425;0;3295.0;9.6;9.9;0;0;0;0;1;1;
2026.08.28;17:44:48.9;-0.00;-0.00;73;48;61;75;10;215;273;231;25;1.64;1.64;1.64;1.64;11;0;0;0;0;14.2;89;28;4.1;18;-;10;34;861;1074;0;1492.0;8.4;7.0;0;0;0;0;1;1;
2026.08.28;17:44:49.4;-0.02;-0.02;810;693;61;74;12;215;273;231;25;2.06;2.06;2.06;2.06;11;0;0;0;0;14.1;89;28;4.1;13;-;10;34;861;840;0;1243.0;8.4;7.0;0;0;0;0;1;1;
2026.08.28;17:44:49.8;-0.03;-0.03;854;830;63;75;11;215;294;294;25;2.32;2.32;2.32;2.32;7;0;0;0;0;14.1;89;28;4.1;8;-;10;34;861;840;0;1243.0;8.3;8.0;0;0;0;0;1;1;
2026.08.28;17:44:50.3;-0.03;-0.03;854;830;63;75;11;215;294;294;25;2.32;2.32;2.32;2.32;0;0;0;0;0;14.1;89;28;4.1;8;-;10;34;861;798;0;1114.0;7.9;7.9;0;0;0;0;1;1;
2026.08.28;17:44:50.7;-0.03;-0.03;849;849;63;74;12;215;294;294;25;2.32;2.32;2.32;2.32;0;0;0;0;0;14.1;89;28;4.1;6;-;10;34;861;769;0;1775.0;7.9;7.9;0;0;0;0;1;1;
2026.08.28;17:44:51.2;-0.03;-0.03;849;849;63;74;12;215;294;294;25;2.32;2.32;2.32;2.32;-1;0;0;0;0;14.1;89;28;4.1;5;-;10;34;861;769;0;1775.0;7.5;7.8;0;0;0;0;0;1;
2026.08.28;17:44:51.6;-0.04;-0.04;830;839;64;74;12;215;315;294;25;2.26;2.26;2.26;2.26;5;0;0;0;0;14.1;89;28;4.2;5;-;10;34;861;752;0;1226.0;8.3;7.9;0;0;0;0;0;1;
2026.08.28;17:44:52.1;-0.05;-0.05;815;830;66;74;13;215;315;294;25;2.27;2.27;2.27;2.27;5;0;0;0;0;14.1;89;28;4.2;5;-;11;34;861;769;0;1351.0;8.3;7.9;0;0;0;0;0;1;
2026.08.28;17:44:52.5;-0.09;-0.09;761;810;66;74;26;215;441;336;25;3.69;3.69;3.69;3.69;14;0;0;0;0;14.1;89;28;4.2;4;-;11;34;861;769;13;1351.0;12.6;9.7;0;0;0;0;0;1;
2026.08.28;17:44:53.0;-0.09;-0.09;761;810;66;74;26;215;672;693;25;3.69;3.69;3.69;3.69;-3;0;0;0;0;14.1;89;28;4.2;4;-;11;34;861;1084;13;1540.0;43.5;44.4;26;16;54;0;0;1;
2026.08.28;17:44:53.5;-0.01;-0.01;53;58;67;74;87;259;672;693;25;6.57;6.57;6.57;6.57;-3;0;0;0;0;14.1;89;28;4.2;4;-;11;34;861;2750;28;4726.0;43.5;44.4;26;16;54;0;0;1;
2026.08.28;17:44:53.9;0.06;0.06;63;58;64;75;58;259;441;462;25;4.36;4.36;4.36;4.36;27;0;0;0;0;14.1;89;28;4.2;6;-;11;35;861;2750;24;4726.0;44.4;48.0;0;0;0;0;0;1;
2026.08.28;17:44:54.4;0.06;0.06;63;58;64;75;58;259;588;567;25;4.36;4.36;4.36;4.36;22;0;0;0;0;14.1;89;28;4.2;6;-;11;35;861;1943;24;4235.0;38.1;37.2;0;0;0;0;0;1;
2026.08.28;17:44:54.8;0.10;0.10;693;502;63;75;58;259;588;567;25;5.94;5.94;5.94;5.94;22;0;0;0;0;14.1;89;28;4.2;9;-;11;35;861;1587;22;2081.0;38.1;37.2;0;0;0;0;0;1;
2026.08.28;17:44:55.3;0.08;0.08;776;659;64;76;59;259;567;588;25;5.15;5.15;5.15;5.15;20;0;0;0;0;14.1;89;28;4.2;12;-;11;35;861;1587;22;2081.0;37.5;39.3;0;0;0;0;0;1;
2026.08.28;17:44:55.7;0.08;0.08;776;659;64;76;59;259;567;546;25;5.15;5.15;5.15;5.15;21;0;0;0;0;14.2;89;28;4.2;12;-;11;35;861;1946;22;3610.0;44.8;43.2;0;0;0;0;0;1;
2026.08.28;17:44:56.2;0.11;0.11;527;224;65;77;91;259;567;546;25;6.00;6.00;6.00;6.00;21;0;0;0;0;14.2;89;28;4.2;15;-;11;35;861;2306;27;2017.0;44.8;43.2;0;0;0;0;0;0;
2026.08.28;17:44:56.6;0.11;0.11;527;224;65;77;91;259;609;588;25;6.00;6.00;6.00;6.00;25;0;0;0;0;14.2;89;28;4.2;18;-;12;34;861;2306;32;2017.0;65.3;65.2;14;14;42;0;0;0;
2026.08.28;17:44:57.1;0.08;0.08;756;664;63;77;99;259;588;609;25;6.79;6.79;6.79;6.79;23;0;0;0;0;14.2;89;28;4.2;18;-;12;34;861;2790;32;2515.0;78.9;81.9;22;22;43;0;0;0;
2026.08.28;17:44:57.5;0.03;0.03;478;620;61;78;99;259;588;609;25;6.09;6.09;6.09;6.09;23;0;0;0;0;14.1;89;28;4.2;21;-;12;34;861;3273;34;5000.0;78.9;81.9;22;22;43;0;0;0;
2026.08.28;17:44:58.0;0.03;0.03;478;620;61;78;99;259;525;546;25;6.09;6.09;6.09;6.09;25;0;0;0;0;14.1;89;28;4.2;24;-;12;34;861;3273;30;5000.0;78.9;81.4;11;11;41;0;0;0;
2026.08.28;17:44:58.4;0.00;0.00;805;761;56;78;91;259;525;546;25;3.64;3.64;3.64;3.64;-3;0;0;0;0;14.1;89;28;4.2;24;-;12;34;861;3426;30;3641.0;78.9;81.4;11;11;41;0;0;0;
2026.08.28;17:44:58.9;0.00;0.00;4;9;43;77;0;259;210;231;25;0.00;0.00;0.00;0.00;-3;0;0;0;0;14.1;89;28;4.2;24;-;12;34;861;2509;2;3053.0;22.3;25.1;0;0;0;0;0;1;
2026.08.28;17:44:59.3;0.00;0.00;4;9;43;77;0;259;210;210;25;0.00;0.00;0.00;0.00;19;0;0;0;0;14.1;89;28;4.2;24;-;12;34;861;2509;16;3053.0;19.6;19.7;0;0;0;0;0;1;
2026.08.28;17:44:59.8;-0.01;-0.01;678;747;40;78;3;259;210;210;25;2.05;2.05;2.05;2.05;31;0;0;0;0;14.1;89;28;4.1;24;-;12;34;861;2343;16;1988.0;19.6;19.7;0;0;0;0;0;1;
2026.08.28;17:45:00.2;-0.02;-0.01;678;747;40;78;3;259;315;273;25;2.05;2.05;2.05;2.05;31;0;0;0;0;14.1;89;28;4.1;24;-;12;34;861;2343;16;1988.0;23.9;21.3;0;0;0;0;0;1;
2026.08.28;17:45:00.7;-0.02;-0.02;751;742;41;77;7;224;357;357;25;3.15;3.15;3.15;3.15;24;0;0;0;0;14.1;89;28;4.1;24;-;12;34;861;1851;16;3312.0;24.2;24.7;0;0;0;0;0;1;
2026.08.28;17:45:01.1;-0.01;-0.01;776;717;43;76;8;224;357;357;25;2.84;2.84;2.84;2.84;24;0;0;0;0;14.1;89;28;4.1;24;-;12;34;861;1845;13;3981.0;24.2;24.7;0;0;0;0;0;0;
2026.08.28;17:45:01.6;-0.01;-0.01;776;717;43;76;8;224;252;273;25;2.84;2.84;2.84;2.84;22;0;0;0;0;14.1;89;28;4.1;24;-;11;34;861;1845;11;3981.0;17.6;18.7;0;0;0;0;0;0;
2026.08.28;17:45:02.0;-0.05;-0.05;820;805;46;76;9;224;252;273;25;2.08;2.08;2.08;2.08;35;0;0;0;0;14.2;89;28;4.1;24;-;11;34;861;1819;11;1392.0;17.6;18.7;0;0;0;0;0;0;
2026.08.28;17:45:02.5;-0.10;-0.10;732;786;48;75;9;224;210;231;25;1.68;1.68;1.68;1.68;35;0;0;0;0;14.2;89;28;4.1;23;-;11;34;861;1764;7;1610.0;13.4;14.8;0;0;0;0;0;0;
2026.08.28;17:45:02.9;-0.10;-0.10;732;786;48;75;9;224;210;210;25;1.68;1.68;1.68;1.68;39;0;0;0;0;14.2;89;28;4.1;23;-;11;34;861;1764;6;1610.0;13.2;13.7;0;0;0;0;0;0;
2026.08.28;17:45:03.4;-0.05;-0.05;73;63;50;75;10;224;210;210;25;1.73;1.73;1.73;1.73;38;0;0;0;0;14.2;89;28;4.1;23;-;11;34;861;1728;6;3307.0;12.6;13.2;0;0;0;0;0;0;
2026.08.28;17:45:03.8;-0.01;-0.01;136;117;51;74;10;224;210;210;25;1.74;1.74;1.74;1.74;38;0;0;0;0;14.2;90;28;4.1;22;-;11;34;861;1691;5;2557.0;12.6;13.2;0;0;0;0;0;0;
2026.08.28;17:45:04.3;-0.01;-0.01;136;117;51;74;10;224;210;210;25;1.74;1.74;1.74;1.74;31;0;0;0;0;14.2;90;28;4.1;21;-;11;34;861;1691;5;2557.0;12.3;12.7;0;0;0;0;0;0;
2026.08.28;17:45:04.7;-0.02;-0.02;78;156;53;74;11;224;210;210;25;1.72;1.72;1.72;1.72;31;0;0;0;0;14.2;90;28;4.1;21;-;11;34;861;1609;5;2652.0;12.3;12.7;0;0;0;0;0;0;
2026.08.28;17:45:05.2;-0.02;-0.02;78;156;53;74;11;224;210;231;25;1.72;1.72;1.72;1.72;36;0;0;0;0;14.2;90;28;4.1;20;-;11;34;861;1609;4;2652.0;11.7;12.5;0;0;0;0;0;0;
2026.08.28;17:45:05.6;0.03;0.03;87;73;55;74;11;224;210;210;25;1.71;1.71;1.71;1.71;14;0;0;0;0;14.2;90;28;4.1;20;-;11;34;861;1554;4;3142.0;10.9;11.0;0;0;0;0;0;0;
2026.08.28;17:45:06.1;0.07;0.07;53;92;56;74;12;224;210;210;25;1.79;1.79;1.79;1.79;14;0;0;0;0;14.1;90;28;4.1;19;-;11;34;861;1238;0;3353.0;10.9;11.0;0;0;0;0;1;1;
2026.08.28;17:45:06.5;0.07;0.07;53;92;56;74;12;224;210;210;25;1.79;1.79;1.79;1.79;4;0;0;0;0;14.1;90;28;4.1;15;-;11;34;861;1238;0;3353.0;7.6;8.0;0;0;0;0;1;1;
2026.08.28;17:45:07.0;0.05;0.05;830;683;57;74;10;224;210;210;25;1.70;1.70;1.70;1.70;14;0;0;0;0;14.1;90;28;4.1;15;-;11;34;861;927;0;1283.0;7.6;8.0;0;0;0;0;1;1;
2026.08.28;17:45:07.4;0.05;0.05;854;834;58;73;11;240;273;252;25;2.31;2.31;2.31;2.31;14;0;0;0;0;14.1;89;28;4.1;11;-;11;34;861;817;0;1210.0;8.2;7.6;0;0;0;0;1;1;
2026.08.28;17:45:07.9;0.05;0.05;854;834;58;73;11;240;294;294;25;2.31;2.31;2.31;2.31;3;0;0;0;0;14.1;89;28;4.1;8;-;11;35;861;817;0;1210.0;7.8;8.1;0;0;0;0;1;0;
2026.08.28;17:45:08.3;0.04;0.04;864;864;59;73;11;240;294;294;25;2.43;2.43;2.43;2.43;1;0;0;0;0;14.2;89;28;4.2;8;-;11;35;861;818;0;2052.0;7.8;8.1;0;0;0;0;1;0;
2026.08.28;17:45:08.8;0.03;0.03;859;864;61;73;11;240;273;294;25;2.27;2.27;2.27;2.27;1;0;0;0;0;14.2;89;28;4.2;7;-;11;35;861;818;0;2052.0;7.6;8.1;0;0;0;0;1;0;
2026.08.28;17:45:09.2;0.03;0.03;859;864;61;73;11;240;294;294;25;2.27;2.27;2.27;2.27;3;0;0;0;0;14.2;89;28;4.2;7;-;11;35;861;793;0;1303.0;7.6;7.6;0;0;0;0;1;0;
2026.08.28;17:45:09.7;0.02;0.02;854;864;61;72;12;240;294;294;25;2.31;2.31;2.31;2.31;1;0;0;0;0;14.2;89;28;4.2;6;-;11;35;861;774;0;1197.0;7.6;7.6;0;0;0;0;0;1;
2026.08.28;17:45:10.1;0.01;0.01;844;854;62;72;16;240;294;294;25;2.58;2.58;2.58;2.58;1;0;0;0;0;14.2;89;28;4.2;5;-;11;35;861;774;4;1197.0;7.2;7.4;0;0;0;0;0;1;
2026.08.28;17:45:10.6;0.01;0.01;844;854;62;72;16;240;462;378;26;2.58;2.58;2.58;2.58;2;0;0;0;0;14.1;89;28;4.2;5;-;11;35;861;804;4;1033.0;15.3;12.6;0;0;0;0;0;1;
2026.08.28;17:45:11.0;-0.05;-0.05;629;810;63;72;24;240;462;378;26;3.64;3.64;3.64;3.64;7;0;0;0;0;14.1;90;28;4.2;4;-;11;35;861;1188;13;3075.0;15.3;12.6;0;0;0;0;0;1;
2026.08.28;17:45:11.5;0.04;0.04;78;63;65;72;34;240;462;462;26;4.12;4.12;4.12;4.12;7;0;0;0;0;14.1;90;28;4.2;4;-;12;35;861;1188;16;3075.0;24.4;24.1;0;0;0;0;0;1;
2026.08.28;17:45:11.9;0.04;0.04;78;63;65;72;34;240;210;294;26;4.12;4.12;4.12;4.12;-27;0;0;0;0;14.1;90;28;4.2;4;-;12;35;861;1811;0;1601.0;11.5;15.0;0;0;0;0;0;1;
2026.08.28;17:45:12.4;0.04;0.04;693;380;65;72;16;240;210;294;26;1.85;1.85;1.85;1.85;0;0;0;0;0;14.2;90;28;4.2;4;-;12;35;861;1099;0;1381.0;11.5;15.0;0;0;0;0;0;1;
2026.08.28;17:45:12.8;0.04;0.04;815;776;66;72;13;240;231;252;26;1.83;1.83;1.83;1.83;0;0;0;0;0;14.2;90;28;4.2;4;-;12;35;861;835;0;1640.0;6.8;7.5;0;0;0;0;0;1;
2026.08.28;17:45:13.3;0.04;0.04;815;776;66;72;13;240;294;273;26;1.83;1.83;1.83;1.83;12;0;0;0;0;14.2;90;28;4.2;3;-;12;35;861;835;0;1640.0;7.8;7.3;0;0;0;0;1;1;
2026.08.28;17:45:13.7;0.04;0.04;849;830;69;75;15;240;294;273;26;2.19;2.19;2.19;2.19;7;0;0;0;0;14.2;90;28;4.2;3;-;12;35;861;778;0;1243.0;7.8;7.3;0;0;0;0;1;1;
2026.08.28;17:45:14.2;0.03;0.03;849;854;68;72;16;240;294;294;26;2.27;2.27;2.27;2.27;7;0;0;0;0;14.2;90;28;4.2;2;-;12;35;861;778;0;1243.0;7.9;7.6;0;1;0;0;0;1;
2026.08.28;17:45:14.6;0.03;0.03;849;854;68;72;16;281;294;294;26;2.27;2.27;2.27;2.27;0;0;0;0;0;14.2;90;28;4.2;1;-;12;35;861;769;5;1582.0;7.6;7.8;0;0;0;0;0;1;
2026.08.28;17:45:15.1;0.02;0.02;839;854;69;73;19;281;294;294;26;4.89;4.89;4.89;4.89;16;0;0;0;0;14.2;90;28;4.2;1;-;12;35;861;1084;5;2193.0;7.6;7.8;0;0;0;0;0;1;
2026.08.28;17:45:15.5;0.03;0.03;781;507;70;72;13;281;273;378;26;2.31;2.31;2.31;2.31;16;0;0;0;0;14.2;90;28;4.2;1;-;12;35;861;1084;12;2193.0;16.0;23.1;0;0;0;0;0;1;
2026.08.28;17:45:16.0;0.03;0.03;781;507;70;72;13;281;273;273;26;2.31;2.31;2.31;2.31;29;0;0;0;0;14.2;90;28;4.2;0;-;13;35;861;1890;15;3751.0;18.7;18.8;0;0;0;0;0;1;
2026.08.28;17:45:16.4;0.00;0.00;791;781;70;73;12;281;273;273;26;2.50;2.50;2.50;2.50;25;0;0;0;0;14.2;90;28;4.2;0;-;13;35;861;1662;15;2112.0;18.7;18.8;0;0;0;0;0;1;
2026.08.28;17:45:16.9;-0.00;-0.00;34;136;71;74;8;281;210;273;26;1.92;1.92;1.92;1.92;25;0;0;0;0;14.2;90;28;4.2;1;-;13;35;861;1662;0;2112.0;12.0;14.0;0;0;0;0;0;1;
2026.08.28;17:45:17.3;-0.00;-0.00;34;136;71;74;8;281;252;231;26;1.92;1.92;1.92;1.92;4;0;0;0;0;14.2;90;28;4.2;0;-;13;35;861;1069;4;1519.0;7.7;7.4;0;0;0;0;0;1;
2026.08.28;17:45:17.8;0.01;0.01;410;58;70;73;10;281;252;231;26;3.16;3.16;3.16;3.16;13;0;0;0;0;14.2;90;28;4.2;0;-;13;35;861;942;4;1447.0;7.7;7.4;0;0;0;0;0;1;
2026.08.28;17:45:18.2;-0.01;-0.01;63;68;71;73;10;281;504;441;26;4.42;4.42;4.42;4.42;13;0;0;0;0;14.2;90;28;4.2;0;-;13;35;861;1736;13;2034.0;23.5;20.1;0;0;0;0;0;1;
2026.08.28;17:45:18.7;-0.01;-0.01;63;68;71;73;10;281;462;462;26;4.42;4.42;4.42;4.42;7;0;0;0;0;14.2;90;28;4.2;0;-;13;35;861;1736;25;2034.0;34.1;33.0;0;0;0;0;0;1;
2026.08.28;17:45:19.1;-0.01;-0.01;727;693;71;74;10;281;462;462;26;4.51;4.51;4.51;4.51;21;0;0;0;0;14.2;90;28;4.2;0;-;13;35;861;1956;25;2032.0;34.1;33.0;0;0;0;0;0;1;
2026.08.28;17:45:19.6;-0.01;-0.01;825;771;71;74;4;281;420;504;26;2.94;2.94;2.94;2.94;21;0;0;0;0;14.2;90;28;4.2;2;-;13;35;861;1956;14;2032.0;29.9;35.7;0;0;0;0;0;1;
2026.08.28;17:45:20.1;-0.01;-0.01;825;771;71;74;4;281;315;315;26;2.94;2.94;2.94;2.94;5;0;0;0;0;14.2;90;28;4.2;2;-;13;35;861;1527;14;1754.0;17.3;16.8;0;0;0;0;0;1;
2026.08.28;17:45:20.5;-0.05;-0.05;766;795;70;74;0;281;315;315;26;2.64;2.64;2.64;2.64;3;0;0;0;0;14.1;90;28;4.2;3;-;13;35;861;1464;8;2152.0;17.3;16.8;0;0;0;0;0;1;
2026.08.28;17:45:21.0;-0.03;-0.03;97;78;70;75;0;281;294;315;26;2.32;2.32;2.32;2.32;3;0;0;0;0;14.1;90;28;4.2;3;-;11;35;861;1464;8;2152.0;15.3;16.0;0;0;0;0;0;1;
2026.08.28;17:45:21.4;-0.03;-0.03;97;78;70;75;0;248;231;252;26;2.32;2.32;2.32;2.32;31;0;0;0;0;14.1;90;28;4.2;3;-;11;35;861;1558;8;4152.0;13.4;14.3;0;0;0;0;0;1;
2026.08.28;17:45:21.9;-0.06;-0.06;78;566;71;75;0;248;231;252;26;1.78;1.78;1.78;1.78;36;0;0;0;0;14.1;90;28;4.2;2;-;11;35;861;1625;8;4375.0;13.4;14.3;0;0;0;0;0;1;
2026.08.28;17:45:22.3;0.00;0.00;87;68;71;75;0;248;231;231;26;2.00;2.00;2.00;2.00;36;0;0;0;0;14.1;90;28;4.2;1;-;11;35;861;1625;9;4375.0;13.7;13.6;0;0;0;0;0;1;
2026.08.28;17:45:22.8;0.00;0.00;87;68;71;75;0;248;252;231;26;2.00;2.00;2.00;2.00;35;0;0;0;0;14.2;90;28;4.2;1;-;11;35;861;1609;9;2473.0;14.2;13.4;0;0;0;0;0;1;
2026.08.28;17:45:23.2;-0.02;-0.02;747;727;72;75;0;248;252;231;26;3.09;3.09;3.09;3.09;35;0;0;0;0;14.2;90;28;4.2;1;-;11;35;861;1406;14;2433.0;14.2;13.4;0;0;0;0;0;1;
2026.08.28;17:45:23.7;-0.02;-0.02;747;727;72;75;0;248;210;357;26;3.09;3.09;3.09;3.09;21;0;0;0;0;14.2;90;28;4.2;2;-;11;35;861;1406;0;2433.0;10.1;17.0;0;0;0;0;0;1;
2026.08.28;17:45:24.1;0.00;0.00;68;34;72;75;0;248;210;357;26;2.26;2.26;2.26;2.26;-3;0;0;0;0;14.2;90;28;4.2;2;-;11;35;861;1017;0;1407.0;10.1;17.0;0;0;0;0;0;1;
2026.08.28;17:45:24.6;-0.02;-0.02;844;815;73;76;0;248;252;252;26;2.00;2.00;2.00;2.00;-3;0;0;0;0;14.2;90;28;4.2;1;-;11;35;861;823;0;1079.0;7.8;7.9;0;1;0;0;0;1;
2026.08.28;17:45:25.0;-0.02;-0.02;844;815;73;76;0;248;294;273;26;2.00;2.00;2.00;2.00;9;0;0;0;0;14.2;90;28;4.2;1;-;11;35;861;823;0;1079.0;8.1;7.5;0;0;0;0;1;0;
2026.08.28;17:45:25.5;-0.02;-0.02;844;844;74;76;0;248;294;273;26;2.24;2.24;2.24;2.24;3;0;0;0;0;14.2;90;28;4.2;1;-;11;35;861;771;0;1271.0;8.1;7.5;0;0;0;0;1;0;
2026.08.28;17:45:25.9;-0.03;-0.03;834;849;73;75;0;248;315;294;26;5.55;5.55;5.55;5.55;3;0;0;0;0;14.2;90;28;4.2;0;-;11;35;861;771;0;1271.0;8.2;7.7;0;0;0;0;0;1;
2026.08.28;17:45:26.4;-0.03;-0.03;834;849;73;75;0;248;231;462;26;5.55;5.55;5.55;5.55;15;0;0;0;0;14.2;90;28;4.2;0;-;11;35;861;940;0;1977.0;18.9;35.2;0;4;0;0;0;1;
2026.08.28;17:45:26.8;-0.03;-0.03;791;786;73;76;0;248;231;462;26;2.27;2.27;2.27;2.27;15;0;0;0;0;14.1;90;28;4.2;0;-;11;35;861;2023;18;2572.0;18.9;35.2;0;4;0;0;0;1;
2026.08.28;17:45:27.3;-0.03;-0.03;791;786;73;76;0;248;714;630;26;2.27;2.27;2.27;2.27;22;0;0;0;0;14.1;90;28;4.2;1;-;11;35;861;2023;28;2572.0;49.1;45.9;8;0;91;0;0;1;
2026.08.28;17:45:27.7;0.00;0.00;629;600;73;77;0;248;714;630;26;5.19;5.19;5.19;5.19;6;0;0;0;0;14.1;90;28;4.2;1;-;11;35;861;1996;28;3374.0;49.1;45.9;8;0;91;0;0;1;
2026.08.28;17:45:28.2;0.00;0.00;629;600;73;77;0;248;315;420;26;5.19;5.19;5.19;5.19;6;0;0;0;0;14.1;90;28;4.2;4;-;11;35;861;1996;8;3374.0;20.0;27.2;0;0;0;0;0;1;
2026.08.28;17:45:28.6;-0.01;-0.01;820;795;71;77;0;259;273;273;26;2.32;2.32;2.32;2.32;8;0;0;0;0;14.1;90;29;4.2;4;-;11;35;861;1443;8;3418.0;13.7;13.4;0;1;0;0;0;1;
2026.08.28;17:45:29.1;-0.04;-0.04;786;805;71;77;0;259;273;273;26;2.11;2.11;2.11;2.11;8;0;0;0;0;14.2;90;29;4.2;4;-;11;35;861;1546;8;2848.0;13.7;13.4;0;1;0;0;0;1;
2026.08.28;17:45:29.5;-0.04;-0.04;786;805;71;77;0;259;252;252;26;2.11;2.11;2.11;2.11;33;0;0;0;0;14.2;90;29;4.2;3;-;11;35;861;1546;8;2848.0;14.1;14.5;0;0;0;0;0;1;
2026.08.28;17:45:30.0;-0.03;-0.03;68;58;72;77;0;259;210;231;26;2.04;2.04;2.04;2.04;-19;0;0;0;0;14.2;90;29;4.2;3;-;11;35;861;1698;8;3276.0;11.5;14.5;0;0;0;0;0;1;
2026.08.28;17:45:30.4;-0.02;-0.02;48;29;72;77;0;259;210;231;26;1.76;1.76;1.76;1.76;-19;0;0;0;0;14.2;90;29;4.2;3;-;11;35;861;1083;0;2064.0;11.5;12.4;0;0;0;0;0;1;
2026.08.28;17:45:30.9;-0.02;-0.02;48;29;72;77;0;259;252;231;26;1.76;1.76;1.76;1.76;5;0;0;0;0;14.2;90;29;4.2;2;-;12;35;861;1083;0;2064.0;7.8;7.0;0;0;0;0;0;1;
2026.08.28;17:45:31.3;-0.03;-0.03;703;73;72;78;0;259;252;231;26;1.80;1.80;1.80;1.80;10;0;0;0;0;14.1;90;29;4.3;2;-;12;35;861;830;0;1247.0;7.8;7.0;0;0;0;0;0;1;
2026.08.28;17:45:31.8;-0.04;-0.04;820;786;73;78;0;259;336;294;26;2.48;2.48;2.48;2.48;10;0;0;0;0;14.1;90;29;4.3;1;-;12;35;861;830;0;1247.0;9.3;8.1;0;0;0;0;0;0;
2026.08.28;17:45:32.2;-0.04;-0.04;820;786;73;78;0;259;315;294;26;2.48;2.48;2.48;2.48;1;0;0;0;0;14.1;90;29;4.3;0;-;12;35;861;777;0;1750.0;8.5;8.0;0;0;0;0;1;0;
2026.08.28;17:45:32.7;-0.05;-0.05;820;830;73;77;0;259;315;294;26;2.36;2.36;2.36;2.36;2;0;0;0;0;14.1;90;29;4.3;0;-;12;35;861;758;0;1343.0;8.5;8.0;0;0;0;0;1;0;
2026.08.28;17:45:33.1;-0.05;-0.05;800;825;74;78;0;259;336;315;26;2.40;2.40;2.40;2.40;2;0;0;0;0;14.1;90;29;4.3;0;-;12;35;861;758;0;1343.0;8.5;7.9;0;0;0;0;1;0;
2026.08.28;17:45:33.6;-0.05;-0.05;800;825;74;78;0;259;336;315;26;2.40;2.40;2.40;2.40;3;0;0;0;0;14.1;90;29;4.3;0;-;12;35;861;752;0;1240.0;8.8;8.3;0;1;0;0;1;0;
2026.08.28;17:45:34.0;-0.06;-0.06;766;805;75;78;0;259;336;315;26;2.51;2.51;2.51;2.51;-1;0;0;0;0;14.1;90;29;4.3;0;-;12;35;861;742;0;1377.0;8.8;8.3;0;1;0;0;1;0;
2026.08.28;17:45:34.5;-0.07;-0.07;380;678;74;77;0;259;336;336;26;2.54;2.54;2.54;2.54;-1;0;0;0;0;14.1;90;29;4.3;0;-;12;35;861;742;0;1377.0;8.7;8.4;0;0;0;0;1;0;
2026.08.28;17:45:34.9;-0.07;-0.07;380;678;74;77;0;259;357;357;26;2.54;2.54;2.54;2.54;0;0;0;0;0;14.1;90;29;4.3;0;-;12;35;861;746;0;1703.0;9.2;8.8;0;0;0;0;1;0;
2026.08.28;17:45:35.4;-0.04;-0.04;92;78;75;78;3;267;357;357;26;2.67;2.67;2.67;2.67;-5;0;0;0;0;14.1;90;29;4.3;0;-;12;35;861;751;0;1094.0;9.2;8.8;0;0;0;0;1;0;
2026.08.28;17:45:35.8;-0.06;-0.06;698;620;76;78;5;267;336;336;26;2.55;2.55;2.55;2.55;-5;0;0;0;0;14.1;90;29;4.3;0;-;12;35;861;751;0;1094.0;8.9;8.6;0;0;0;0;1;0;
2026.08.28;17:45:36.3;-0.06;-0.06;698;620;76;78;5;267;357;336;26;2.55;2.55;2.55;2.55;-1;0;0;0;0;14.1;90;29;4.3;0;-;12;35;861;753;0;1664.0;8.9;8.5;0;0;0;0;1;0;
2026.08.28;17:45:36.7;-0.06;-0.06;571;683;77;79;6;267;357;336;26;2.56;2.56;2.56;2.56;-1;0;0;0;0;14.1;90;29;4.3;0;-;12;35;861;751;0;1124.0;8.9;8.5;0;0;0;0;1;0;
2026.08.28;17:45:37.2;-0.06;-0.06;571;683;77;79;6;267;357;336;26;2.56;2.56;2.56;2.56;-2;0;0;0;0;14.1;90;29;4.3;0;-;12;35;861;751;0;1124.0;8.9;8.6;0;0;0;0;1;0;
2026.08.28;17:45:37.6;-0.04;-0.04;166;87;76;77;7;267;336;336;26;2.57;2.57;2.57;2.57;0;0;0;0;0;14.1;90;29;4.3;0;-;12;35;861;749;0;1442.0;8.8;8.5;0;0;0;0;1;0;
2026.08.28;17:45:38.1;-0.06;-0.06;737;742;77;78;8;267;336;336;26;2.52;2.52;2.52;2.52;0;0;0;0;0;14.1;90;29;4.3;0;-;12;35;861;753;0;1640.0;8.8;8.5;0;0;0;0;1;0;
2026.08.28;17:45:38.5;-0.06;-0.06;737;742;77;78;8;267;357;336;26;2.52;2.52;2.52;2.52;0;0;0;0;0;14.1;90;29;4.3;0;-;12;35;861;753;0;1640.0;8.9;8.5;0;0;0;0;1;0;
2026.08.28;17:45:39.0;-0.05;-0.05;107;126;76;78;9;267;357;336;26;2.56;2.56;2.56;2.56;-2;0;0;0;0;14.1;91;29;4.3;0;-;12;35;861;752;0;934.0;8.9;8.5;0;0;0;0;1;0;
2026.08.28;17:45:39.4;-0.04;-0.04;512;200;77;78;9;267;336;336;26;2.62;2.62;2.62;2.62;-2;0;0;0;0;14.1;91;29;4.3;0;-;12;35;861;749;0;1638.0;8.8;8.6;0;0;0;0;1;0;
2026.08.28;17:45:39.9;-0.04;-0.04;512;200;77;78;9;267;357;336;26;2.62;2.62;2.62;2.62;-2;0;0;0;0;14.1;91;29;4.3;0;-;12;35;861;749;0;1638.0;9.3;8.7;0;0;0;0;1;0;
2026.08.28;17:45:40.3;-0.04;-0.04;92;131;78;78;10;267;357;336;26;2.70;2.70;2.70;2.70;-4;0;0;0;0;14.1;91;29;4.3;0;-;12;35;861;744;0;1199.0;9.3;8.7;0;0;0;0;1;0;
2026.08.28;17:45:40.8;-0.03;-0.03;102;87;78;78;10;267;357;336;26;2.67;2.67;2.67;2.67;-4;0;0;0;0;14.1;91;29;4.3;0;-;12;35;861;744;0;1199.0;9.0;8.8;0;1;0;0;1;0;
2026.08.28;17:45:41.2;-0.03;-0.03;102;87;78;78;10;267;357;336;26;2.67;2.67;2.67;2.67;-6;0;0;0;0;14.1;91;29;4.3;0;-;12;35;861;752;0;1539.0;9.0;9.0;0;0;0;0;1;0;
2026.08.28;17:45:41.7;-0.03;-0.03;166;117;78;78;11;267;357;336;26;2.64;2.64;2.64;2.64;-6;0;0;0;0;14.2;91;29;4.3;0;-;12;35;861;755;0;891.0;9.0;9.0;0;0;0;0;1;0;
2026.08.28;17:45:42.1;-0.03;-0.03;166;117;78;78;11;267;336;336;26;2.64;2.64;2.64;2.64;-5;0;0;0;0;14.2;91;29;4.3;0;-;12;35;861;755;0;891.0;8.8;8.6;0;0;0;0;1;0;
2026.08.28;17:45:42.6;-0.05;-0.05;742;712;77;78;11;266;336;336;26;2.52;2.52;2.52;2.52;-2;0;0;0;0;14.2;91;29;4.3;0;-;12;35;861;747;0;1530.0;8.8;8.6;0;0;0;0;1;0;
2026.08.28;17:45:43.0;-0.05;-0.05;512;693;78;78;12;266;336;336;26;2.49;2.49;2.49;2.49;-2;0;0;0;0;14.2;91;29;4.3;0;-;12;35;861;747;0;1530.0;8.8;8.5;0;0;0;0;1;1;
2026.08.28;17:45:43.5;-0.05;-0.05;512;693;78;78;12;266;861;840;26;2.49;2.49;2.49;2.49;8;0;0;0;0;14.2;91;29;4.3;0;-;12;35;861;758;0;1644.0;32.5;32.2;17;0;95;0;1;1;
2026.08.28;17:45:43.9;0.00;0.00;795;693;79;79;28;266;861;840;26;5.71;5.71;5.71;5.71;8;0;0;0;0;14.2;91;29;4.3;0;-;12;35;861;2362;18;2482.0;32.5;32.2;17;0;95;0;0;1;
2026.08.28;17:45:44.4;0.01;0.01;63;43;76;79;81;266;588;483;26;7.50;7.50;7.50;7.50;25;0;0;0;0;14.2;91;29;4.3;1;-;12;35;861;2362;30;2482.0;44.5;38.1;0;0;0;0;0;1;
2026.08.28;17:45:44.8;0.01;0.01;63;43;76;79;81;266;693;651;26;7.50;7.50;7.50;7.50;21;0;0;0;0;14.2;91;29;4.3;1;-;12;35;861;2045;30;3573.0;52.4;50.8;10;3;68;0;0;1;
2026.08.28;17:45:45.3;0.05;0.05;683;625;74;79;56;266;693;651;26;5.78;5.78;5.78;5.78;21;0;0;0;0;14.2;91;29;4.3;5;-;12;35;861;1872;29;4606.0;52.4;50.8;10;3;68;0;0;1;
2026.08.28;17:45:45.7;0.05;0.05;683;625;74;79;56;266;630;651;26;5.78;5.78;5.78;5.78;21;0;0;0;0;14.2;91;29;4.3;10;-;10;35;861;1872;25;4606.0;47.8;49.6;23;20;29;0;0;1;
2026.08.28;17:45:46.2;0.06;0.06;556;659;73;80;50;266;630;651;26;5.49;5.49;5.49;5.49;5;0;0;0;0;14.2;91;29;4.3;10;-;10;35;861;1688;25;1627.0;47.8;49.6;23;20;29;0;0;1;
2026.08.28;17:45:46.6;0.06;0.06;781;747;72;80;37;266;462;525;26;3.92;3.92;3.92;3.92;5;0;0;0;0;14.2;91;29;4.3;13;-;10;35;861;1688;18;1627.0;32.4;36.9;0;0;0;0;0;1;
2026.08.28;17:45:47.1;0.06;0.06;781;747;72;80;37;266;399;420;26;3.92;3.92;3.92;3.92;16;0;0;0;0;14.2;91;29;4.3;13;-;10;35;861;1956;18;1924.0;30.5;31.5;0;0;0;0;0;1;
2026.08.28;17:45:47.5;0.08;0.08;141;97;71;80;40;266;399;420;26;3.52;3.52;3.52;3.52;16;0;0;0;0;14.2;91;29;4.3;14;-;10;35;861;2119;18;2757.0;30.5;31.5;0;0;0;0;0;0;
2026.08.28;17:45:48.0;0.08;0.08;126;97;71;81;78;266;525;462;26;5.81;5.81;5.81;5.81;26;0;0;0;0;14.2;91;29;4.3;15;-;10;35;861;2119;27;2757.0;45.0;41.4;0;0;0;0;0;0;
2026.08.28;17:45:48.5;0.08;0.08;126;97;71;81;78;266;588;567;26;5.81;5.81;5.81;5.81;25;0;0;0;0;14.1;91;29;4.3;15;-;10;35;861;2386;27;2096.0;58.2;56.7;0;0;0;0;0;0;
2026.08.28;17:45:48.9;0.11;0.11;307;156;70;81;99;266;588;567;26;5.97;5.97;5.97;5.97;26;0;0;0;0;14.1;91;29;4.3;18;-;10;35;861;2757;30;3989.0;58.2;56.7;0;0;0;0;0;0;
2026.08.28;17:45:49.4;0.13;0.13;600;424;65;81;99;266;546;567;26;5.47;5.47;5.47;5.47;26;0;0;0;0;14.1;91;29;4.3;20;-;10;35;861;2757;31;3989.0;63.5;65.8;3;0;39;0;0;0;
2026.08.28;17:45:49.8;0.13;0.13;600;424;65;81;99;290;504;525;26;5.47;5.47;5.47;5.47;28;0;0;0;0;14.1;91;29;4.3;20;-;10;35;861;3125;31;2619.0;65.2;67.2;0;0;0;0;0;0;
2026.08.28;17:45:50.3;0.07;0.07;732;610;58;81;99;290;504;525;26;4.78;4.78;4.78;4.78;28;0;0;0;0;14.2;91;29;4.3;23;-;10;35;861;3357;31;5000.0;65.2;67.2;0;0;0;0;0;0;
2026.08.28;17:45:50.7;0.07;0.07;732;610;58;81;99;290;210;252;26;4.78;4.78;4.78;4.78;5;0;0;0;0;14.2;91;29;4.3;23;-;12;35;861;3357;7;5000.0;24.6;29.5;0;0;0;0;0;1;
2026.08.28;17:45:51.2;0.03;0.03;43;43;49;80;37;290;210;252;26;1.91;1.91;1.91;1.91;-3;0;0;0;0;14.2;91;29;4.3;23;-;12;35;861;2575;7;2114.0;24.6;29.5;0;0;0;0;0;1;
2026.08.28;17:45:51.6;0.09;0.09;117;78;44;81;41;290;210;231;26;2.40;2.40;2.40;2.40;-3;0;0;0;0;14.2;91;29;4.3;23;-;12;35;861;2240;15;2418.0;17.8;19.2;0;0;0;0;0;1;
2026.08.28;17:45:52.1;0.09;0.09;117;78;44;81;41;290;483;420;26;2.40;2.40;2.40;2.40;23;0;0;0;0;14.2;91;29;4.3;23;-;12;35;861;2240;22;2418.0;36.7;33.3;0;0;0;0;0;1;
2026.08.28;17:45:52.5;0.09;0.09;78;83;45;80;68;290;483;420;26;4.94;4.94;4.94;4.94;6;0;0;0;0;14.2;91;29;4.2;23;-;12;35;861;1808;22;2630.0;36.7;33.3;0;0;0;0;0;1;
2026.08.28;17:45:53.0;0.07;0.07;737;712;47;80;60;290;462;504;26;4.14;4.14;4.14;4.14;6;0;0;0;0;14.2;91;29;4.2;24;-;12;35;861;1808;19;2630.0;32.1;34.9;0;0;0;0;0;0;
2026.08.28;17:45:53.4;0.07;0.07;737;712;47;80;60;290;294;357;26;4.14;4.14;4.14;4.14;20;0;0;0;0;14.2;91;29;4.2;24;-;12;35;861;1857;19;3745.0;19.2;24.3;0;0;0;0;0;0;
2026.08.28;17:45:53.9;0.01;0.01;820;805;49;80;35;290;294;357;26;2.35;2.35;2.35;2.35;34;0;0;0;0;14.2;91;29;4.2;24;-;12;35;861;1863;12;3812.0;19.2;24.3;0;0;0;0;0;0;
2026.08.28;17:45:54.3;-0.05;-0.05;810;825;50;79;27;290;210;252;26;1.77;1.77;1.77;1.77;34;0;0;0;0;14.2;91;29;4.2;24;-;12;35;861;1863;8;3812.0;13.9;15.9;0;0;0;0;0;0;
2026.08.28;17:45:54.8;-0.05;-0.05;810;825;50;79;27;290;231;231;26;1.77;1.77;1.77;1.77;37;0;0;0;0;14.2;91;29;4.2;24;-;12;35;861;1822;8;4531.0;14.4;15.6;0;0;0;0;0;0;
2026.08.28;17:45:55.2;-0.09;-0.09;73;610;52;79;30;290;231;231;26;1.74;1.74;1.74;1.74;37;0;0;0;0;14.2;91;29;4.2;23;-;12;35;861;1778;8;1650.0;14.4;15.6;0;0;0;0;0;0;
2026.08.28;17:45:55.7;-0.09;-0.09;73;610;52;79;30;290;231;231;26;1.74;1.74;1.74;1.74;36;0;0;0;0;14.2;91;29;4.2;23;-;12;35;861;1778;8;1650.0;14.0;15.1;0;0;0;0;0;0;
2026.08.28;17:45:56.1;-0.01;-0.01;87;78;54;79;29;290;231;252;26;1.87;1.87;1.87;1.87;36;0;0;0;0;14.2;91;29;4.2;23;-;12;35;861;1730;8;2788.0;13.8;14.8;0;0;0;0;0;0;
2026.08.28;17:45:56.6;-0.03;-0.03;708;703;56;79;31;290;231;252;26;1.85;1.85;1.85;1.85;36;0;0;0;0;14.2;91;29;4.2;22;-;12;35;861;1730;8;2788.0;13.8;14.8;0;0;0;0;0;0;
2026.08.28;17:45:57.0;-0.03;-0.03;708;703;56;79;31;230;357;294;26;1.85;1.85;1.85;1.85;27;0;0;0;0;14.2;91;29;4.2;22;-;12;35;861;1674;8;2624.0;22.1;18.8;0;0;0;0;0;0;
2026.08.28;17:45:57.5;0.02;0.02;83;73;58;79;44;230;357;294;26;3.25;3.25;3.25;3.25;27;0;0;0;0;14.2;91;29;4.2;21;-;12;35;861;1645;16;1667.0;22.1;18.8;0;0;0;0;0;0;
2026.08.28;17:45:57.9;0.02;0.02;83;73;58;79;44;230;567;525;26;3.25;3.25;3.25;3.25;15;0;0;0;0;14.2;91;29;4.2;21;-;12;35;861;1645;23;1667.0;36.4;34.5;0;0;0;0;0;0;
2026.08.28;17:45:58.4;0.08;0.08;73;63;60;79;78;230;567;525;26;6.05;6.05;6.05;6.05;20;0;0;0;0;14.2;91;29;4.2;21;-;12;35;861;1728;23;2091.0;36.4;34.5;0;0;0;0;0;0;
2026.08.28;17:45:58.8;0.07;0.07;781;654;61;79;46;230;483;567;26;4.14;4.14;4.14;4.14;20;0;0;0;0;14.2;91;29;4.2;23;-;12;36;861;1728;18;2091.0;31.8;37.6;0;1;0;0;0;0;
2026.08.28;17:45:59.3;0.07;0.07;781;654;61;79;46;230;315;357;26;4.14;4.14;4.14;4.14;21;0;0;0;0;14.2;91;29;4.2;23;-;12;36;861;1800;18;2377.0;20.8;24.5;0;0;0;0;0;0;
2026.08.28;17:45:59.7;0.01;0.01;810;786;61;79;23;230;315;357;26;2.21;2.21;2.21;2.21;33;0;0;0;0;14.2;91;29;4.2;23;-;12;36;861;1814;11;4308.0;20.8;24.5;0;0;0;0;0;0;
2026.08.28;17:46:00.2;-0.04;-0.04;781;810;62;79;23;230;231;252;26;1.92;1.92;1.92;1.92;33;0;0;0;0;14.2;91;29;4.2;23;-;12;35;861;1814;9;4308.0;15.2;16.4;0;0;0;0;0;0;
2026.08.28;17:46:00.6;-0.04;-0.04;781;810;62;79;23;230;231;252;26;1.92;1.92;1.92;1.92;34;0;0;0;0;14.2;91;29;4.2;23;-;12;35;861;1759;9;4441.0;15.1;15.6;0;0;0;0;0;0;
2026.08.28;17:46:01.1;-0.08;-0.08;78;649;64;79;23;230;231;252;26;1.87;1.87;1.87;1.87;21;0;0;0;0;14.2;91;29;4.2;22;-;12;35;861;1725;9;2789.0;15.1;15.6;0;0;0;0;0;0;
2026.08.28;17:46:01.5;-0.01;-0.01;78;78;64;79;19;230;210;231;26;1.73;1.73;1.73;1.73;21;0;0;0;0;14.2;91;29;4.2;22;-;12;35;861;1725;0;2789.0;12.3;13.8;0;0;0;0;0;0;
2026.08.28;17:46:02.0;-0.01;-0.01;78;78;64;79;19;230;210;210;26;1.73;1.73;1.73;1.73;9;0;0;0;0;14.2;91;29;4.2;21;-;12;35;861;1671;0;3997.0;11.9;12.7;0;0;0;0;1;0;
2026.08.28;17:46:02.4;0.03;0.03;68;58;64;78;18;230;210;210;26;1.65;1.65;1.65;1.65;-14;0;0;0;0;14.2;91;29;4.2;21;-;12;35;861;1543;0;2816.0;11.9;12.7;0;0;0;0;1;0;
2026.08.28;17:46:02.9;0.07;0.07;78;58;65;79;15;230;210;210;26;1.69;1.69;1.69;1.69;-14;0;0;0;0;14.2;91;29;4.2;19;-;12;36;861;1543;0;2816.0;10.7;10.9;0;0;0;0;0;0;
2026.08.28;17:46:03.3;0.07;0.07;78;58;65;79;15;230;210;210;26;1.69;1.69;1.69;1.69;4;0;0;0;0;14.2;91;29;4.2;19;-;12;36;861;1429;0;4545.0;9.8;10.1;0;0;0;0;0;0;
2026.08.28;17:46:03.8;0.05;0.05;761;732;65;79;13;228;210;210;26;1.68;1.68;1.68;1.68;4;0;0;0;0;14.2;91;29;4.2;18;-;12;36;861;1148;0;1852.0;9.8;10.1;0;0;0;0;1;1;
2026.08.28;17:46:04.2;0.05;0.05;761;732;65;79;13;228;210;210;26;1.68;1.68;1.68;1.68;5;0;0;0;0;14.2;91;29;4.2;14;-;12;36;861;1148;0;1852.0;6.8;7.3;0;0;0;0;1;1;
2026.08.28;17:46:04.7;0.04;0.04;810;791;66;79;12;228;315;273;26;1.80;1.80;1.80;1.80;12;0;0;0;0;14.2;91;29;4.2;14;-;12;36;861;877;0;2089.0;8.6;7.9;0;0;0;0;1;1;
2026.08.28;17:46:05.1;0.04;0.04;849;834;67;78;12;228;315;273;26;2.31;2.31;2.31;2.31;12;0;0;0;0;14.1;91;29;4.2;9;-;12;36;861;838;0;1377.0;8.6;7.9;0;0;0;0;1;0;
2026.08.28;17:46:05.6;0.03;0.03;854;859;68;79;12;228;315;294;26;2.48;2.48;2.48;2.48;3;0;0;0;0;14.1;91;29;4.2;5;-;4;36;861;838;0;1377.0;9.0;8.8;0;0;0;0;1;0;
2026.08.28;17:46:06.0;0.03;0.03;854;859;68;79;12;228;294;294;26;2.48;2.48;2.48;2.48;1;0;0;0;0;14.1;91;29;4.2;5;-;4;36;861;801;0;1689.0;7.9;8.0;0;0;0;0;1;0;
2026.08.28;17:46:06.5;0.02;0.02;844;854;69;79;11;228;294;294;26;2.35;2.35;2.35;2.35;2;0;0;0;0;14.1;91;29;4.2;2;-;4;36;861;773;0;1210.0;7.9;8.0;0;0;0;0;1;0;
2026.08.28;17:46:06.9;0.01;0.01;830;849;70;79;10;228;294;294;26;2.40;2.40;2.40;2.40;2;0;0;0;0;14.1;91;29;4.2;0;-;4;36;861;773;0;1210.0;7.8;7.8;0;0;0;0;1;0;
2026.08.28;17:46:07.4;0.01;0.01;830;849;70;79;10;228;315;315;26;2.40;2.40;2.40;2.40;1;0;0;0;0;14.1;91;29;4.2;0;-;4;36;861;757;0;1545.0;7.8;7.8;0;0;0;0;1;0;
2026.08.28;17:46:07.8;0.01;0.01;830;844;70;78;10;228;315;315;26;2.41;2.41;2.41;2.41;2;0;0;0;0;14.1;91;29;4.2;0;-;4;36;861;747;0;1359.0;7.8;7.8;0;0;0;0;1;0;
2026.08.28;17:46:08.3;0.00;0.00;820;839;70;79;9;228;315;315;26;2.40;2.40;2.40;2.40;2;0;0;0;0;14.1;91;29;4.2;0;-;4;36;861;747;0;1359.0;7.9;7.9;0;0;0;0;1;0;
2026.08.28;17:46:08.7;0.00;0.00;820;839;70;79;9;228;315;315;26;2.40;2.40;2.40;2.40;1;0;0;0;0;14.1;91;29;4.2;0;-;4;36;861;752;0;1074.0;7.8;7.8;0;0;0;0;1;0;
2026.08.28;17:46:09.2;-0.01;-0.01;815;834;70;78;9;228;315;315;26;2.39;2.39;2.39;2.39;1;0;0;0;0;14.1;91;29;4.2;0;-;4;36;861;749;0;1347.0;7.8;7.8;0;0;0;0;1;0;
2026.08.28;17:46:09.6;-0.01;-0.01;815;834;70;78;9;228;315;315;26;2.39;2.39;2.39;2.39;1;0;0;0;0;14.1;91;29;4.2;0;-;4;36;861;749;0;1347.0;7.8;7.8;0;1;0;0;1;0;
2026.08.28;17:46:10.1;-0.01;-0.01;815;834;71;79;8;228;315;315;26;2.38;2.38;2.38;2.38;1;0;0;0;0;14.1;91;29;4.2;0;-;4;36;861;749;0;1081.0;7.9;7.8;0;0;0;0;1;0;
2026.08.28;17:46:10.5;-0.02;-0.02;815;834;72;79;7;263;315;315;26;2.38;2.38;2.38;2.38;1;0;0;0;0;14.1;91;29;4.2;0;-;11;36;861;748;0;1211.0;7.9;7.8;0;0;0;0;1;0;
2026.08.28;17:46:11.0;-0.02;-0.02;815;834;72;79;7;263;315;315;26;2.38;2.38;2.38;2.38;2;0;0;0;0;14.1;91;29;4.2;0;-;11;36;861;748;0;1211.0;7.9;7.8;0;0;0;0;1;0;
2026.08.28;17:46:11.4;-0.03;-0.03;800;825;72;78;6;263;315;315;26;2.38;2.38;2.38;2.38;3;0;0;0;0;14.1;91;29;4.2;0;-;11;36;861;749;0;1336.0;7.9;7.8;0;0;0;0;1;0;
2026.08.28;17:46:11.9;-0.03;-0.03;795;820;72;78;5;263;315;315;26;2.34;2.34;2.34;2.34;3;0;0;0;0;14.1;91;29;4.2;0;-;11;36;861;753;0;1693.0;7.9;7.8;0;0;0;0;1;0;
2026.08.28;17:46:12.3;-0.03;-0.03;795;820;72;78;5;263;315;315;26;2.34;2.34;2.34;2.34;4;0;0;0;0;14.1;91;29;4.2;0;-;11;36;861;753;0;1693.0;8.0;7.8;0;0;0;0;1;0;
2026.08.28;17:46:12.8;-0.04;-0.04;786;810;73;79;4;263;315;315;26;2.34;2.34;2.34;2.34;3;0;0;0;0;14.1;91;29;4.2;0;-;11;36;861;750;0;1167.0;8.0;7.8;0;0;0;0;1;0;
2026.08.28;17:46:13.2;-0.05;-0.05;781;805;73;78;0;263;315;315;26;2.32;2.32;2.32;2.32;3;0;0;0;0;14.1;91;29;4.2;0;-;11;36;861;750;0;1167.0;8.0;7.8;0;0;0;0;1;0;
2026.08.28;17:46:13.7;-0.05;-0.05;781;805;73;78;0;263;315;315;26;2.32;2.32;2.32;2.32;6;0;0;0;0;14.2;91;29;4.3;0;-;11;36;861;747;0;1673.0;8.0;7.7;0;0;0;0;1;0;
2026.08.28;17:46:14.1;-0.05;-0.05;742;786;74;79;0;263;315;315;26;2.32;2.32;2.32;2.32;6;0;0;0;0;14.2;91;29;4.3;0;-;11;36;861;751;0;1079.0;8.0;7.7;0;0;0;0;1;0;
2026.08.28;17:46:14.6;-0.07;-0.07;732;766;74;79;0;263;315;315;26;2.29;2.29;2.29;2.29;3;0;0;0;0;14.2;91;29;4.3;0;-;11;36;861;751;0;1079.0;8.0;7.7;0;0;0;0;1;0;
2026.08.28;17:46:15.1;-0.07;-0.07;732;766;74;79;0;263;315;315;26;2.29;2.29;2.29;2.29;6;0;0;0;0;14.2;91;29;4.3;0;-;11;36;861;746;0;1431.0;8.2;7.8;0;0;0;0;1;0;
2026.08.28;17:46:15.5;-0.10;-0.10;600;703;74;78;0;263;315;315;26;2.26;2.26;2.26;2.26;6;0;0;0;0;14.0;91;29;4.3;0;-;11;36;861;744;0;1013.0;8.2;7.8;0;0;0;0;1;0;
2026.08.28;17:46:16.0;-0.10;-0.10;600;703;74;78;0;263;357;315;26;2.26;2.26;2.26;2.26;3;0;0;0;0;14.0;91;29;4.3;0;-;11;36;861;744;0;1013.0;8.7;7.9;0;0;0;0;1;0;
2026.08.28;17:46:16.4;-0.05;-0.05;83;68;75;79;0;263;357;315;26;2.49;2.49;2.49;2.49;2;0;0;0;0;14.0;91;29;4.3;0;-;11;36;861;750;0;1057.0;8.7;7.9;0;0;0;0;1;0;
2026.08.28;17:46:16.9;-0.04;-0.04;102;87;75;78;0;263;336;315;26;2.45;2.45;2.45;2.45;2;0;0;0;0;14.0;91;29;4.3;0;-;11;36;861;748;0;1344.0;8.6;8.2;0;1;0;0;1;0;
2026.08.28;17:46:17.3;-0.04;-0.04;102;87;75;78;0;263;336;315;26;2.45;2.45;2.45;2.45;2;0;0;0;0;14.0;91;29;4.3;0;-;11;36;861;748;0;1344.0;8.4;8.0;0;0;0;0;1;0;
2026.08.28;17:46:17.8;-0.03;-0.03;214;136;76;79;0;263;336;315;26;2.48;2.48;2.48;2.48;4;0;0;0;0;14.1;91;29;4.3;0;-;11;36;861;756;0;1041.0;8.4;8.0;0;0;0;0;1;0;
2026.08.28;17:46:18.2;-0.05;-0.05;703;722;75;78;0;263;336;315;26;2.39;2.39;2.39;2.39;4;0;0;0;0;14.1;91;29;4.3;0;-;11;36;861;744;0;1089.0;8.4;7.9;0;0;0;0;1;0;
2026.08.28;17:46:18.7;-0.05;-0.05;703;722;75;78;0;263;336;315;26;2.39;2.39;2.39;2.39;0;0;0;0;0;14.1;91;29;4.3;0;-;11;36;861;744;0;1089.0;8.4;8.0;0;1;0;0;1;0;
2026.08.28;17:46:19.1;-0.04;-0.04;97;83;76;78;0;263;336;315;26;2.44;2.44;2.44;2.44;3;0;0;0;0;14.1;91;29;4.3;0;-;11;36;861;750;0;1729.0;8.4;8.0;0;1;0;0;1;0;
2026.08.28;17:46:19.6;-0.03;-0.03;136;117;77;79;0;263;315;315;26;2.47;2.47;2.47;2.47;3;0;0;0;0;14.1;91;29;4.3;0;-;11;36;861;750;0;1729.0;8.3;8.0;0;0;0;0;1;0;
2026.08.28;17:46:20.0;-0.03;-0.03;136;117;77;79;0;263;336;315;26;2.47;2.47;2.47;2.47;3;0;0;0;0;14.1;91;29;4.3;0;-;11;36;861;757;0;1545.0;8.5;8.0;0;0;0;0;1;0;
2026.08.28;17:46:20.5;-0.05;-0.05;693;703;77;78;0;263;336;315;26;2.41;2.41;2.41;2.41;3;0;0;0;0;14.1;91;29;4.3;0;-;12;36;861;751;0;1663.0;8.5;8.0;0;0;0;0;1;0;
2026.08.28;17:46:20.9;-0.03;-0.03;97;117;77;78;0;263;336;315;26;2.46;2.46;2.46;2.46;4;0;0;0;0;14.1;91;29;4.3;0;-;12;36;861;751;0;1663.0;8.5;8.0;0;0;0;0;1;0;
2026.08.28;17:46:21.4;-0.03;-0.03;97;117;77;78;0;263;336;315;26;2.46;2.46;2.46;2.46;0;0;0;0;0;14.1;91;29;4.3;0;-;12;36;861;750;0;1112.0;8.5;8.0;0;0;0;0;1;0;
2026.08.28;17:46:21.8;-0.05;-0.05;576;512;77;78;0;263;357;315;26;2.50;2.50;2.50;2.50;0;0;0;0;0;14.1;91;29;4.3;0;-;12;36;861;742;0;1662.0;8.8;7.9;0;0;0;0;1;0;
2026.08.28;17:46:22.3;-0.05;-0.05;576;512;77;78;0;263;336;315;26;2.50;2.50;2.50;2.50;0;0;0;0;0;14.1;91;29;4.3;0;-;12;36;861;742;0;1662.0;8.7;8.0;0;0;0;0;1;0;
2026.08.28;17:46:22.7;-0.03;-0.03;87;83;78;79;0;263;336;315;26;2.56;2.56;2.56;2.56;0;0;0;0;0;14.1;91;29;4.3;0;-;12;36;861;753;0;997.0;8.7;8.0;0;0;0;0;1;0;
2026.08.28;17:46:23.2;-0.02;-0.02;146;117;78;79;0;263;336;315;26;2.53;2.53;2.53;2.53;0;0;0;0;0;14.1;91;29;4.3;0;-;12;36;861;753;0;997.0;8.4;8.1;0;0;0;0;1;0;
2026.08.28;17:46:23.6;-0.02;-0.02;146;117;78;79;0;263;336;315;26;2.53;2.53;2.53;2.53;-1;0;0;0;0;14.1;91;29;4.3;0;-;12;36;861;749;0;1386.0;8.4;8.1;0;0;0;0;1;0;
2026.08.28;17:46:24.1;-0.04;-0.04;717;703;78;79;0;263;336;315;26;2.51;2.51;2.51;2.51;1;0;0;0;0;14.1;91;29;4.3;0;-;12;36;861;751;0;997.0;8.4;8.1;0;0;0;0;1;0;
2026.08.28;17:46:24.5;-0.04;-0.04;717;703;78;79;0;263;336;315;26;2.51;2.51;2.51;2.51;1;0;0;0;0;14.1;91;29;4.3;0;-;12;36;861;751;0;997.0;8.6;8.1;0;0;0;0;1;0;
2026.08.28;17:46:25.0;-0.03;-0.03;97;97;79;79;0;263;336;315;26;2.55;2.55;2.55;2.55;0;0;0;0;0;14.1;92;29;4.3;0;-;12;36;861;752;0;1682.0;8.6;8.1;0;0;0;0;1;0;
2026.08.28;17:46:25.4;-0.04;-0.04;688;488;78;79;0;263;336;315;26;2.50;2.50;2.50;2.50;0;0;0;0;0;14.1;92;29;4.3;0;-;12;36;861;747;0;1311.0;8.4;8.1;0;0;0;0;1;0;
2026.08.28;17:46:25.9;-0.04;-0.04;688;488;78;79;0;263;336;336;26;2.50;2.50;2.50;2.50;-1;0;0;0;0;14.1;92;29;4.3;0;-;12;36;861;747;0;1311.0;8.6;8.1;0;0;0;0;1;0;
2026.08.28;17:46:26.3;-0.04;-0.04;610;688;79;79;0;263;336;336;26;2.49;2.49;2.49;2.49;1;0;0;0;0;14.1;92;29;4.3;0;-;12;36;861;745;0;1241.0;8.6;8.1;0;0;0;0;1;0;
2026.08.28;17:46:26.8;-0.02;-0.02;107;92;80;80;0;263;336;315;26;2.55;2.55;2.55;2.55;1;0;0;0;0;14.1;92;29;4.3;0;-;12;36;861;745;0;1241.0;8.5;8.2;0;0;0;0;1;0;
2026.08.28;17:46:27.2;-0.02;-0.02;107;92;80;80;0;263;336;315;26;2.55;2.55;2.55;2.55;-1;0;0;0;0;14.1;92;29;4.3;0;-;12;36;861;752;0;1094.0;8.5;8.2;0;0;0;0;1;0;
2026.08.28;17:46:27.7;-0.04;-0.04;708;610;80;79;3;263;336;315;26;2.50;2.50;2.50;2.50;0;0;0;0;0;14.1;92;29;4.3;0;-;12;36;861;748;0;1238.0;8.5;8.2;0;0;0;0;1;0;
2026.08.28;17:46:28.1;-0.02;-0.02;122;454;80;79;4;263;336;315;26;2.55;2.55;2.55;2.55;0;0;0;0;0;14.1;92;29;4.3;0;-;12;36;861;748;0;1238.0;8.5;8.2;0;0;0;0;1;0;
2026.08.28;17:46:28.6;-0.02;-0.02;122;454;80;79;4;263;336;315;26;2.55;2.55;2.55;2.55;-2;0;0;0;0;14.1;92;29;4.3;0;-;12;36;861;757;0;1092.0;8.5;8.2;0;0;0;0;1;0;
2026.08.28;17:46:29.0;-0.04;-0.04;673;200;80;79;6;263;336;315;26;2.51;2.51;2.51;2.51;-2;0;0;0;0;14.1;92;29;4.3;0;-;12;36;861;756;0;1150.0;8.5;8.2;0;0;0;0;1;0;
2026.08.28;17:46:29.5;-0.04;-0.04;688;717;81;80;7;263;336;315;26;2.49;2.49;2.49;2.49;0;0;0;0;0;14.1;92;29;4.3;0;-;12;36;861;756;0;1150.0;8.4;8.3;0;0;0;0;1;0;
2026.08.28;17:46:29.9;-0.04;-0.04;688;717;81;80;7;263;336;315;26;2.49;2.49;2.49;2.49;1;0;0;0;0;14.1;92;29;4.3;0;-;12;36;861;756;0;1226.0;8.6;8.2;0;1;0;0;1;0;
2026.08.28;17:46:30.4;-0.03;-0.03;161;419;80;80;8;263;336;315;26;2.53;2.53;2.53;2.53;1;0;0;0;0;14.1;92;29;4.3;0;-;12;36;861;751;0;1572.0;8.6;8.2;0;1;0;0;1;0;
2026.08.28;17:46:30.8;-0.03;-0.03;512;180;80;79;8;263;336;336;26;2.55;2.55;2.55;2.55;1;0;0;0;0;14.1;92;29;4.3;0;-;12;36;861;751;0;1572.0;8.5;8.2;0;1;0;0;1;0;
2026.08.28;17:46:31.3;-0.03;-0.03;512;180;80;79;8;263;336;336;26;2.55;2.55;2.55;2.55;-1;0;0;0;0;14.1;92;29;4.3;0;-;12;36;861;752;0;1572.0;8.6;8.2;0;0;0;0;1;0;
2026.08.28;17:46:31.7;-0.05;-0.05;581;708;81;80;9;263;336;336;26;2.48;2.48;2.48;2.48;-1;0;0;0;0;14.1;93;29;4.3;0;-;12;36;861;748;0;1023.0;8.6;8.2;0;0;0;0;1;0;
2026.08.28;17:46:32.2;-0.03;-0.03;112;87;80;80;10;263;336;336;26;2.52;2.52;2.52;2.52;0;0;0;0;0;14.1;93;29;4.3;0;-;12;36;861;748;0;1023.0;8.4;8.3;0;0;0;0;1;0;
2026.08.28;17:46:32.6;-0.03;-0.03;112;87;80;80;10;263;336;336;26;2.52;2.52;2.52;2.52;-2;0;0;0;0;14.1;93;29;4.3;0;-;12;36;861;752;0;1294.0;8.4;8.3;0;0;0;0;1;0;
2026.08.28;17:46:33.1;-0.04;-0.04;615;209;81;80;10;263;336;336;26;2.49;2.49;2.49;2.49;-2;0;0;0;0;14.1;93;29;4.3;0;-;12;36;861;750;0;1534.0;8.4;8.3;0;0;0;0;1;0;
2026.08.28;17:46:33.5;-0.04;-0.04;615;209;81;80;10;263;336;336;26;2.49;2.49;2.49;2.49;-1;0;0;0;0;14.1;93;29;4.3;0;-;12;36;861;750;0;1534.0;8.4;8.3;0;0;0;0;1;0;
2026.08.28;17:46:34.0;-0.02;-0.02;107;214;81;80;10;263;336;336;26;2.53;2.53;2.53;2.53;-3;0;0;0;0;14.1;93;29;4.3;0;-;12;36;861;745;0;1125.0;8.4;8.4;0;0;0;0;1;0;
2026.08.28;17:46:34.4;-0.01;-0.01;126;97;81;80;11;263;336;336;26;2.52;2.52;2.52;2.52;-3;0;0;0;0;14.1;93;29;4.4;0;-;12;36;861;747;0;1242.0;8.4;8.4;0;0;0;0;1;0;
2026.08.28;17:46:34.9;-0.01;-0.01;126;97;81;80;11;263;336;336;26;2.52;2.52;2.52;2.52;0;0;0;0;0;14.1;93;29;4.4;0;-;12;36;861;747;0;1242.0;8.5;8.4;0;1;0;0;1;0;
2026.08.28;17:46:35.3;-0.01;-0.01;117;102;81;80;12;263;336;336;26;2.52;2.52;2.52;2.52;-2;0;0;0;0;14.1;93;30;4.4;0;-;12;36;861;748;0;1619.0;8.5;8.4;0;1;0;0;1;0;
2026.08.28;17:46:35.8;-0.00;-0.00;405;146;82;80;12;263;336;336;26;2.52;2.52;2.52;2.52;-2;0;0;0;0;14.1;93;30;4.4;0;-;12;36;861;748;0;1619.0;8.6;8.2;0;0;0;0;1;0;
2026.08.28;17:46:36.2;-0.00;-0.00;405;146;82;80;12;263;336;336;26;2.52;2.52;2.52;2.52;-2;0;0;0;0;14.1;93;30;4.4;0;-;12;36;861;756;0;1269.0;8.4;8.3;0;0;0;0;1;0;
2026.08.28;17:46:36.7;-0.00;-0.00;190;678;81;80;12;263;336;336;26;2.50;2.50;2.50;2.50;-2;0;0;0;0;14.0;93;30;4.4;0;-;12;36;861;746;0;1261.0;8.4;8.3;0;0;0;0;1;0;
2026.08.28;17:46:37.1;0.00;0.00;131;97;82;81;13;263;336;336;26;2.52;2.52;2.52;2.52;-2;0;0;0;0;14.0;93;30;4.4;0;-;12;36;861;746;0;1261.0;8.5;8.5;0;1;0;0;1;0;
2026.08.28;17:46:37.6;0.00;0.00;131;97;82;81;13;263;336;336;26;2.52;2.52;2.52;2.52;-2;0;0;0;0;14.0;93;30;4.4;0;-;12;36;861;754;0;1107.0;8.5;8.4;0;0;0;0;1;0;
2026.08.28;17:46:38.0;-0.02;-0.02;595;673;82;80;13;263;336;336;26;2.43;2.43;2.43;2.43;-2;0;0;0;0;14.0;93;30;4.4;0;-;12;36;861;749;0;1233.0;8.5;8.4;0;0;0;0;1;0;
2026.08.28;17:46:38.5;0.01;0.01;107;78;82;80;14;263;336;336;26;2.48;2.48;2.48;2.48;-2;0;0;0;0;14.0;93;30;4.4;0;-;12;36;861;749;0;1233.0;8.5;8.4;0;0;0;0;1;0;
2026.08.28;17:46:38.9;0.01;0.01;107;78;82;80;14;263;336;336;26;2.48;2.48;2.48;2.48;2;0;0;0;0;14.1;93;30;4.4;0;-;12;36;861;752;0;1393.0;8.5;8.4;0;1;0;0;1;0;
2026.08.28;17:46:39.4;0.01;0.01;102;102;82;80;14;263;336;336;26;2.46;2.46;2.46;2.46;2;0;0;0;0;14.1;93;30;4.4;0;-;12;36;861;749;0;1013.0;8.5;8.4;0;1;0;0;1;0;
2026.08.28;17:46:39.8;0.02;0.02;97;78;83;80;15;263;336;336;26;2.48;2.48;2.48;2.48;-2;0;0;0;0;14.1;93;30;4.4;0;-;12;36;861;749;0;1013.0;8.6;8.4;0;0;0;0;1;0;
2026.08.28;17:46:40.3;0.02;0.02;97;78;83;80;15;263;336;336;26;2.48;2.48;2.48;2.48;-2;0;0;0;0;14.1;93;30;4.4;0;-;12;36;861;748;0;1286.0;8.6;8.4;0;0;0;0;1;0;
2026.08.28;17:46:40.7;0.03;0.03;102;87;82;80;16;263;336;336;26;2.49;2.49;2.49;2.49;-2;0;0;0;0;14.1;93;30;4.4;0;-;12;36;861;750;0;1449.0;8.6;8.4;0;0;0;0;1;0;
2026.08.28;17:46:41.2;0.03;0.03;92;87;82;80;16;263;336;336;26;2.49;2.49;2.49;2.49;0;0;0;0;0;14.1;93;30;4.4;0;-;12;36;861;750;0;1449.0;8.5;8.4;0;0;0;0;1;0;
2026.08.28;17:46:41.6;0.03;0.03;92;78;82;80;16;263;336;336;26;2.47;2.47;2.47;2.47;1;0;0;0;0;14.1;93;30;4.4;0;-;12;36;861;759;0;1483.0;8.6;8.5;0;0;0;0;1;0;
2026.08.28;17:46:42.1;0.04;0.04;92;83;83;81;16;263;336;336;26;2.48;2.48;2.48;2.48;1;0;0;0;0;14.1;93;30;4.4;0;-;12;36;861;747;0;949.0;8.6;8.5;0;0;0;0;1;0;
2026.08.28;17:46:42.5;0.05;0.05;83;73;83;80;17;263;336;336;26;2.48;2.48;2.48;2.48;-1;0;0;0;0;14.1;93;30;4.4;0;-;12;36;861;747;0;949.0;8.5;8.4;0;0;0;0;1;0;
2026.08.28;17:46:43.0;0.05;0.05;83;73;83;80;17;263;336;336;26;2.48;2.48;2.48;2.48;-3;0;0;0;0;14.1;93;30;4.5;0;-;12;36;861;753;0;1232.0;8.6;8.5;0;1;0;0;1;0;
2026.08.28;17:46:43.4;0.08;0.08;92;78;83;80;17;263;336;336;26;2.50;2.50;2.50;2.50;-3;0;0;0;0;14.1;93;30;4.5;0;-;12;36;861;757;0;1670.0;8.6;8.5;0;1;0;0;1;0;
2026.08.28;17:46:43.9;0.08;0.08;92;78;83;80;17;263;336;336;26;2.50;2.50;2.50;2.50;-2;0;0;0;0;14.1;93;30;4.5;0;-;12;36;861;757;0;1670.0;8.3;8.5;0;0;0;0;1;0;
2026.08.28;17:46:44.4;0.11;0.11;346;107;83;80;17;263;336;315;26;2.56;2.56;2.56;2.56;2;0;0;0;0;14.1;93;30;4.5;0;-;12;36;861;760;0;1075.0;8.5;8.1;0;0;0;0;1;0;
2026.08.28;17:46:44.8;0.05;0.05;639;717;83;80;18;263;336;315;26;2.37;2.37;2.37;2.37;2;0;0;0;0;14.0;93;30;4.5;0;-;12;36;861;751;0;1243.0;8.5;8.1;0;0;0;0;1;0;
2026.08.28;17:46:45.3;0.05;0.05;639;717;83;80;18;263;336;315;26;2.37;2.37;2.37;2.37;1;0;0;0;0;14.0;93;30;4.5;0;-;12;36;861;751;0;1243.0;8.4;8.2;0;1;0;0;1;0;
2026.08.28;17:46:45.7;0.07;0.07;112;87;83;80;18;263;336;315;26;2.39;2.39;2.39;2.39;-3;0;0;0;0;14.0;93;30;4.5;0;-;12;36;861;749;0;1578.0;8.4;8.2;0;1;0;0;1;0;
2026.08.28;17:46:46.2;0.08;0.08;141;136;83;81;18;263;336;315;26;2.38;2.38;2.38;2.38;-3;0;0;0;0;14.0;93;30;4.5;0;-;12;36;861;749;0;1578.0;8.3;8.1;0;0;0;0;1;0;
2026.08.28;17:46:46.6;0.08;0.08;141;136;83;81;18;263;315;315;26;2.38;2.38;2.38;2.38;-1;0;0;0;0;14.0;93;30;4.5;0;-;12;36;861;752;0;1198.0;8.2;8.2;0;1;0;0;1;0;
2026.08.28;17:46:47.1;0.08;0.08;166;117;83;81;19;263;315;315;26;2.40;2.40;2.40;2.40;-1;0;0;0;0;14.0;93;30;4.5;0;-;12;36;861;747;0;1749.0;8.2;8.2;0;1;0;0;1;0;
2026.08.28;17:46:47.5;0.08;0.08;166;117;83;81;19;263;336;336;26;2.40;2.40;2.40;2.40;-2;0;0;0;0;14.0;93;30;4.5;0;-;12;36;861;747;0;1749.0;8.4;8.0;0;0;0;0;1;1;
2026.08.28;17:46:48.0;0.07;0.07;639;664;83;81;19;263;336;336;26;2.37;2.37;2.37;2.37;6;0;0;0;0;14.0;93;30;4.5;0;-;12;36;861;756;0;1246.0;8.4;8.0;0;0;0;0;1;1;
2026.08.28;17:46:48.4;0.07;0.07;815;742;83;81;62;263;861;840;26;5.14;5.14;5.14;5.14;6;0;0;0;0;14.0;93;30;4.5;0;-;12;36;861;2377;21;4113.0;37.0;36.9;26;1;95;0;0;1;
2026.08.28;17:46:48.9;0.07;0.07;815;742;83;81;62;263;630;483;26;5.14;5.14;5.14;5.14;25;0;0;0;0;14.0;93;30;4.5;1;-;12;36;861;2377;33;4113.0;46.8;38.5;0;0;0;0;0;1;
2026.08.28;17:46:49.3;0.05;0.05;581;561;81;82;99;263;630;483;26;8.25;8.25;8.25;8.25;18;0;0;0;0;14.1;93;30;4.5;1;-;12;36;861;2066;33;4374.0;46.8;38.5;0;0;0;0;0;1;
2026.08.28;17:46:49.8;0.12;0.12;234;229;78;82;99;263;714;693;26;8.75;8.75;8.75;8.75;18;0;0;0;0;14.1;93;30;4.5;7;-;9;36;861;2066;34;4374.0;59.1;58.7;30;29;26;0;0;1;
2026.08.28;17:46:50.2;0.12;0.12;234;229;78;82;99;263;735;714;26;8.75;8.75;8.75;8.75;17;0;0;0;0;14.1;93;30;4.5;7;-;9;36;861;1986;34;3084.0;62.2;62.1;35;34;57;0;0;1;
2026.08.28;17:46:50.7;0.12;0.12;522;478;74;83;99;263;735;714;26;8.93;8.93;8.93;8.93;22;0;0;0;0;14.1;93;30;4.5;12;-;9;36;861;2162;34;3119.0;62.2;62.1;35;34;57;0;0;1;
2026.08.28;17:46:51.1;0.10;0.10;107;107;73;85;99;263;672;672;26;8.76;8.76;8.76;8.76;22;0;0;0;0;14.1;93;30;4.5;17;-;9;36;861;2162;36;3119.0;73.0;73.0;32;32;52;0;0;0;
2026.08.28;17:46:51.6;0.10;0.10;107;107;73;85;99;263;840;798;26;8.76;8.76;8.76;8.76;16;0;0;0;0;14.1;93;30;4.5;17;-;9;36;861;2783;36;2995.0;127.8;121.7;36;37;44;0;0;0;
2026.08.28;17:46:52.0;0.04;0.04;717;732;70;84;99;263;840;798;26;10.28;10.28;10.28;10.28;16;0;0;0;0;14.1;93;30;4.5;22;-;9;36;861;3583;44;5000.0;127.8;121.7;36;37;44;0;0;0;
2026.08.28;17:46:52.5;0.04;0.04;717;732;70;84;99;263;672;693;26;10.28;10.28;10.28;10.28;18;0;0;0;0;14.1;93;30;4.5;28;-;9;36;861;3583;33;5000.0;133.0;141.1;33;34;43;0;0;0;
2026.08.28;17:46:52.9;-0.00;-0.00;87;336;64;84;99;291;672;693;26;2.51;2.51;2.51;2.51;-4;0;0;0;0;14.1;93;30;4.5;28;-;9;36;861;3732;33;3546.0;133.0;141.1;33;34;43;0;0;0;
2026.08.28;17:46:53.4;0.00;0.00;19;0;27;85;0;291;210;231;26;2.40;2.40;2.40;2.40;-4;0;0;0;0;14.1;93;30;4.5;28;-;9;36;861;3732;8;3546.0;25.2;27.7;0;0;0;0;0;1;
2026.08.28;17:46:53.8;0.00;0.00;19;0;27;85;0;291;336;273;26;2.40;2.40;2.40;2.40;37;0;0;0;0;14.2;93;30;4.4;28;-;9;36;861;2712;8;2428.0;28.1;22.5;0;0;0;0;0;1;
2026.08.28;17:46:54.3;0.02;0.02;68;68;22;84;6;291;336;273;26;3.78;3.78;3.78;3.78;37;0;0;0;0;14.2;93;30;4.4;28;-;9;36;861;2198;22;5000.0;28.1;22.5;0;0;0;0;0;1;
2026.08.28;17:46:54.7;-0.00;-0.00;737;708;25;83;10;291;462;441;26;4.26;4.26;4.26;4.26;25;0;0;0;0;14.2;93;30;4.4;29;-;11;36;861;2198;23;5000.0;38.8;37.4;0;0;0;0;0;0;
2026.08.28;17:46:55.2;-0.00;-0.00;737;708;25;83;10;291;462;462;26;4.26;4.26;4.26;4.26;25;0;0;0;0;14.2;93;30;4.4;29;-;11;36;861;2244;23;5000.0;41.5;40.9;0;0;0;0;0;0;
2026.08.28;17:46:55.6;0.02;0.02;87;175;30;82;13;291;462;462;26;4.40;4.40;4.40;4.40;25;0;0;0;0;14.2;93;30;4.4;29;-;11;36;861;2320;24;1636.0;41.5;40.9;0;0;0;0;0;0;
2026.08.28;17:46:56.1;0.02;0.02;87;175;30;82;13;291;462;441;26;4.40;4.40;4.40;4.40;26;0;0;0;0;14.2;93;30;4.4;30;-;11;36;861;2320;24;1636.0;41.5;41.6;0;0;0;0;0;0;
2026.08.28;17:46:56.5;0.04;0.04;146;97;34;81;17;291;462;441;26;4.33;4.33;4.33;4.33;13;0;0;0;0;14.2;94;37;4.4;30;-;11;36;861;2372;24;3006.0;41.5;41.6;0;0;0;0;0;0;
2026.08.28;17:46:57.0;-0.00;-0.00;751;712;39;80;17;291;357;399;26;3.32;3.32;3.32;3.32;13;0;0;0;0;14.2;94;37;4.4;31;-;11;36;861;2372;20;3006.0;33.7;37.4;0;0;0;0;0;0;
2026.08.28;17:46:57.4;-0.00;-0.00;751;712;39;80;17;291;294;336;26;3.32;3.32;3.32;3.32;28;0;0;0;0;14.2;94;37;4.4;31;-;11;36;861;2396;16;1957.0;26.5;30.5;0;0;0;0;0;0;
2026.08.28;17:46:57.9;-0.02;-0.02;781;732;41;81;15;291;294;336;26;2.44;2.44;2.44;2.44;31;0;0;0;0;14.2;94;37;4.3;31;-;11;36;861;2391;16;2023.0;26.5;30.5;0;0;0;0;0;0;
2026.08.28;17:46:58.3;0.01;0.01;507;195;42;80;16;291;252;273;26;2.14;2.14;2.14;2.14;31;0;0;0;0;14.2;94;37;4.3;31;-;11;36;861;2391;14;2023.0;23.3;24.4;0;0;0;0;0;0;
2026.08.28;17:46:58.8;0.01;0.01;507;195;42;80;16;291;210;231;26;2.14;2.14;2.14;2.14;25;0;0;0;0;14.2;94;37;4.3;31;-;11;36;861;2348;14;4133.0;18.0;18.9;0;0;0;0;0;0;
2026.08.28;17:46:59.2;0.04;0.04;63;53;42;80;16;291;210;231;26;1.91;1.91;1.91;1.91;25;0;0;0;0;14.2;94;37;4.3;30;-;11;36;861;2271;6;5000.0;18.0;18.9;0;0;0;0;0;0;
2026.08.28;17:46:59.7;0.10;0.10;97;78;42;80;16;291;210;210;26;1.94;1.94;1.94;1.94;10;0;0;0;0;14.2;94;37;4.3;29;-;12;36;861;2271;4;5000.0;17.5;18.1;0;0;0;0;0;0;
2026.08.28;17:47:00.1;0.10;0.10;97;78;42;80;16;210;210;210;26;1.94;1.94;1.94;1.94;-8;0;0;0;0;14.1;94;37;4.3;29;-;12;36;861;2211;4;2417.0;16.6;16.9;0;0;0;0;0;0;
2026.08.28;17:47:00.6;0.00;0.00;9;14;41;79;0;210;210;210;26;0.00;0.00;0.00;0.00;-8;0;0;0;0;14.1;94;37;4.3;28;-;12;36;861;2003;0;4651.0;16.6;16.9;0;0;0;0;0;0;
2026.08.28;17:47:01.0;0.00;0.00;9;14;41;79;0;210;210;231;26;0.00;0.00;0.00;0.00;2;0;0;0;0;14.1;94;37;4.3;27;-;12;36;861;2003;0;4651.0;12.6;14.0;0;0;0;0;1;1;
2026.08.28;17:47:01.5;0.00;0.00;0;0;44;79;0;210;210;231;26;2.32;2.32;2.32;2.32;1;0;0;0;0;14.1;94;37;4.3;27;-;12;36;861;1321;0;1388.0;12.6;14.0;0;0;0;0;1;1;
2026.08.28;17:47:01.9;0.00;0.00;854;781;47;79;0;210;210;210;26;1.76;1.76;1.76;1.76;1;0;0;0;0;14.0;94;37;4.3;24;-;12;36;861;970;0;1682.0;8.5;8.7;0;0;0;0;1;1;
2026.08.28;17:47:02.4;0.00;0.00;854;781;47;79;0;210;273;231;26;1.76;1.76;1.76;1.76;12;0;0;0;0;14.0;94;37;4.3;20;-;12;36;861;970;0;1682.0;8.4;6.9;0;1;0;0;1;0;
2026.08.28;17:47:02.8;-0.01;-0.01;834;834;49;80;4;210;315;315;26;2.31;2.31;2.31;2.31;1;0;0;0;0;14.0;94;37;4.3;20;-;12;36;861;857;0;1237.0;9.6;9.7;0;1;0;0;1;0;
2026.08.28;17:47:03.3;-0.01;-0.01;854;844;50;79;5;210;315;315;26;2.54;2.54;2.54;2.54;1;0;0;0;0;14.0;94;37;4.3;18;-;12;36;861;853;0;1589.0;9.6;9.7;0;1;0;0;1;0;
2026.08.28;17:47:03.7;-0.01;-0.01;854;844;50;79;5;210;315;315;26;2.54;2.54;2.54;2.54;-1;0;0;0;0;14.0;94;37;4.3;16;-;12;36;861;853;0;1589.0;8.6;8.6;0;0;0;0;1;0;
2026.08.28;17:47:04.2;-0.03;-0.03;849;844;53;80;6;210;315;315;26;2.39;2.39;2.39;2.39;3;0;0;0;0;14.1;94;37;4.3;16;-;12;36;861;788;0;1383.0;8.6;8.2;0;1;0;0;1;0;
2026.08.28;17:47:04.6;-0.06;-0.06;834;839;54;79;8;210;315;315;26;2.35;2.35;2.35;2.35;3;0;0;0;0;14.1;94;37;4.3;13;-;10;36;861;762;0;1727.0;8.6;8.2;0;1;0;0;1;0;
2026.08.28;17:47:05.1;-0.06;-0.06;834;839;54;79;8;210;315;315;26;2.35;2.35;2.35;2.35;-2;0;0;0;0;14.1;94;37;4.3;10;-;10;36;861;762;0;1727.0;8.3;8.1;0;0;0;0;1;0;
2026.08.28;17:47:05.5;-0.09;-0.09;815;825;55;79;8;210;336;336;26;2.35;2.35;2.35;2.35;-2;0;0;0;0;14.1;94;37;4.3;10;-;10;36;861;745;0;1199.0;8.6;8.3;0;0;0;0;1;0;
2026.08.28;17:47:06.0;-0.12;-0.12;751;791;56;79;9;210;336;336;26;2.30;2.30;2.30;2.30;-2;0;0;0;0;14.1;94;37;4.3;6;-;10;36;861;749;0;1578.0;8.6;8.3;0;0;0;0;0;0;
2026.08.28;17:47:06.4;-0.12;-0.12;751;791;56;79;9;210;336;336;26;2.30;2.30;2.30;2.30;0;0;0;0;0;14.1;94;37;4.3;6;-;10;36;861;749;6;1578.0;8.7;8.3;0;1;0;0;0;1;
2026.08.28;17:47:06.9;-0.08;-0.08;73;83;57;78;11;273;336;336;26;2.82;2.82;2.82;2.82;5;0;0;0;0;14.1;94;37;4.3;6;-;10;36;861;990;6;2222.0;8.7;8.3;0;1;0;0;0;1;
2026.08.28;17:47:07.3;-0.03;-0.03;83;68;58;77;50;273;798;651;26;7.74;7.74;7.74;7.74;5;0;0;0;0;14.1;94;37;4.3;5;-;10;37;861;990;27;2222.0;36.0;32.7;8;1;94;0;0;1;
2026.08.28;17:47:07.8;-0.03;-0.03;83;68;58;77;50;273;630;651;26;7.74;7.74;7.74;7.74;19;0;0;0;0;14.1;94;37;4.3;7;-;10;37;861;2115;34;3303.0;78.4;81.1;28;31;38;0;0;1;
2026.08.28;17:47:08.2;-0.02;-0.02;493;517;57;78;72;273;630;651;26;6.64;6.64;6.64;6.64;22;0;0;0;0;14.1;94;37;4.3;7;-;10;37;861;2731;34;2959.0;78.4;81.1;28;31;38;0;0;1;
2026.08.28;17:47:08.7;0.03;0.03;683;659;54;79;76;273;609;630;26;7.21;7.21;7.21;7.21;22;0;0;0;0;14.1;94;37;4.3;12;-;10;37;861;2731;32;2959.0;74.3;75.8;26;26;38;0;0;1;
2026.08.28;17:47:09.1;0.03;0.03;683;659;54;79;76;273;630;630;26;7.21;7.21;7.21;7.21;19;0;0;0;0;14.1;94;37;4.3;12;-;10;37;861;2426;32;4197.0;66.7;68.6;26;27;45;0;0;1;
2026.08.28;17:47:09.6;0.04;0.04;683;688;48;78;78;273;630;630;26;6.84;6.84;6.84;6.84;19;0;0;0;0;14.1;94;37;4.3;16;-;9;37;861;2581;31;5000.0;66.7;68.6;26;27;45;0;0;1;
2026.08.28;17:47:10.0;0.09;0.09;214;327;43;79;78;273;588;588;26;5.58;5.58;5.58;5.58;15;0;0;0;0;14.1;94;37;4.3;19;-;9;37;861;2581;31;5000.0;66.6;67.6;8;10;43;0;0;0;
2026.08.28;17:47:10.5;0.09;0.09;214;327;43;79;78;273;378;420;26;5.58;5.58;5.58;5.58;16;0;0;0;0;14.1;94;37;4.3;19;-;9;37;861;2922;31;5000.0;42.3;47.9;0;0;0;0;0;0;
2026.08.28;17:47:10.9;0.03;0.03;791;771;37;77;46;273;378;420;26;3.04;3.04;3.04;3.04;16;0;0;0;0;14.1;94;37;4.3;21;-;9;37;861;3092;24;5000.0;42.3;47.9;0;0;0;0;0;0;
2026.08.28;17:47:11.4;0.03;0.03;791;771;37;77;46;273;210;252;26;3.04;3.04;3.04;3.04;3;0;0;0;0;14.1;94;37;4.3;21;-;9;36;861;3092;0;5000.0;21.3;24.6;0;0;0;0;0;1;
2026.08.28;17:47:11.8;0.00;0.00;4;0;35;77;0;273;210;231;26;0.00;0.00;0.00;0.00;0;0;0;0;0;14.1;94;37;4.3;21;-;9;36;861;2111;0;3143.0;13.2;14.8;0;0;0;0;0;1;
2026.08.28;17:47:12.3;0.00;0.00;0;0;41;76;0;273;210;231;26;0.00;0.00;0.00;0.00;0;0;0;0;0;14.1;94;37;4.3;20;-;9;36;861;1213;0;1922.0;13.2;14.8;0;0;0;0;1;0;
2026.08.28;17:47:12.8;0.00;0.00;0;0;41;76;0;273;210;231;26;0.00;0.00;0.00;0.00;-8;0;0;0;0;14.1;94;37;4.3;17;-;9;36;861;1213;0;1922.0;7.7;8.4;0;0;0;0;1;0;
2026.08.28;17:47:13.2;0.00;0.00;234;9;45;76;0;273;231;231;26;2.02;2.02;2.02;2.02;10;0;0;0;0;14.1;94;37;4.3;17;-;9;36;861;999;0;1997.0;7.1;6.6;0;0;0;0;1;0;
2026.08.28;17:47:13.7;-0.00;-0.00;878;834;48;77;3;222;231;231;26;1.89;1.89;1.89;1.89;10;0;0;0;0;14.1;94;37;4.3;12;-;9;36;861;811;0;1575.0;7.1;6.6;0;0;0;0;1;0;
2026.08.28;17:47:14.1;-0.00;-0.00;878;834;48;77;3;222;315;273;26;1.89;1.89;1.89;1.89;8;0;0;0;0;14.1;94;37;4.3;5;-;9;36;861;811;0;1575.0;8.3;7.8;0;0;0;0;1;0;
2026.08.28;17:47:14.6;-0.01;-0.01;854;854;49;75;4;222;315;273;26;2.33;2.33;2.33;2.33;1;0;0;0;0;14.1;94;37;4.3;5;-;9;36;861;778;0;1255.0;8.3;7.8;0;0;0;0;1;0;
2026.08.28;17:47:15.0;-0.02;-0.02;859;854;50;75;5;222;294;294;26;2.28;2.28;2.28;2.28;1;0;0;0;0;14.1;94;37;4.3;2;-;9;36;861;763;0;1357.0;7.6;7.5;0;0;0;0;1;0;
2026.08.28;17:47:15.5;-0.02;-0.02;859;854;50;75;5;222;294;294;26;2.28;2.28;2.28;2.28;4;0;0;0;0;14.1;94;37;4.3;0;-;9;36;861;763;0;1357.0;7.7;7.5;0;0;0;0;1;0;
2026.08.28;17:47:15.9;-0.03;-0.03;849;849;51;74;7;222;294;294;26;2.30;2.30;2.30;2.30;3;0;0;0;0;14.1;94;37;4.3;0;-;9;36;861;747;0;1983.0;7.7;7.5;0;0;0;0;1;0;
2026.08.28;17:47:16.4;-0.06;-0.06;834;839;53;74;8;222;315;294;26;2.33;2.33;2.33;2.33;3;0;0;0;0;14.1;94;37;4.3;0;-;9;36;861;742;0;1196.0;7.9;7.7;0;0;0;0;1;0;
2026.08.28;17:47:16.8;-0.06;-0.06;834;839;53;74;8;222;315;315;26;2.33;2.33;2.33;2.33;5;0;0;0;0;14.1;94;37;4.3;0;-;9;37;861;742;0;1196.0;8.2;7.9;0;0;0;0;1;0;
2026.08.28;17:47:17.3;-0.09;-0.09;795;815;54;74;9;222;315;315;26;2.29;2.29;2.29;2.29;-1;0;0;0;0;14.1;95;37;4.3;0;-;9;37;861;748;0;1407.0;8.2;7.9;0;0;0;0;1;0;
2026.08.28;17:47:17.7;-0.13;-0.13;625;737;56;74;9;222;336;336;26;2.31;2.31;2.31;2.31;-1;0;0;0;0;14.1;95;37;4.3;0;-;9;37;861;748;0;1407.0;8.4;8.2;0;1;0;0;1;0;
2026.08.28;17:47:18.2;-0.13;-0.13;625;737;56;74;9;222;357;336;26;2.31;2.31;2.31;2.31;0;0;0;0;0;14.1;95;37;4.3;0;-;9;37;861;740;0;1648.0;8.8;8.4;0;1;0;0;1;0;
2026.08.28;17:47:18.6;-0.07;-0.07;63;53;57;74;10;222;357;336;26;2.46;2.46;2.46;2.46;0;0;0;0;0;14.0;95;37;4.3;0;-;9;37;861;738;0;1175.0;8.8;8.4;0;1;0;0;1;0;
2026.08.28;17:47:19.1;-0.07;-0.07;63;53;57;74;10;222;357;336;26;2.46;2.46;2.46;2.46;-3;0;0;0;0;14.0;95;37;4.3;0;-;11;37;861;738;0;1175.0;8.8;8.5;0;0;0;0;1;0;
2026.08.28;17:47:19.5;-0.07;-0.07;68;63;58;73;11;222;336;336;26;2.49;2.49;2.49;2.49;-3;0;0;0;0;14.0;95;37;4.3;0;-;11;37;861;749;0;1813.0;8.6;8.6;0;0;0;0;1;0;
2026.08.28;17:47:20.0;-0.06;-0.06;73;63;59;73;12;222;336;336;26;2.45;2.45;2.45;2.45;-3;0;0;0;0;14.0;95;37;4.3;0;-;11;37;861;739;0;1684.0;8.6;8.6;0;0;0;0;1;0;
2026.08.28;17:47:20.4;-0.06;-0.06;73;63;59;73;12;222;336;336;26;2.45;2.45;2.45;2.45;-3;0;0;0;0;14.0;95;37;4.3;0;-;11;37;861;739;0;1684.0;8.8;8.5;0;0;0;0;1;0;
2026.08.28;17:47:20.9;-0.05;-0.05;68;63;60;73;12;273;336;336;26;2.48;2.48;2.48;2.48;-3;0;0;0;0;14.1;95;37;4.3;0;-;11;37;861;754;0;1326.0;8.8;8.5;0;0;0;0;1;0;
2026.08.28;17:47:21.3;-0.05;-0.05;73;68;62;73;13;273;336;336;26;2.47;2.47;2.47;2.47;-1;0;0;0;0;14.1;95;37;4.3;0;-;11;37;861;754;0;1326.0;8.6;8.6;0;0;0;0;1;0;
2026.08.28;17:47:21.8;-0.05;-0.05;73;68;62;73;13;273;336;336;26;2.47;2.47;2.47;2.47;-2;0;0;0;0;14.1;95;37;4.3;0;-;11;37;861;752;0;1489.0;8.6;8.5;0;0;0;0;1;0;
2026.08.28;17:47:22.2;-0.04;-0.04;92;78;64;73;13;273;336;336;26;2.47;2.47;2.47;2.47;-2;0;0;0;0;14.1;95;37;4.3;0;-;11;37;861;755;0;1317.0;8.6;8.5;0;0;0;0;1;0;
2026.08.28;17:47:22.7;-0.03;-0.04;92;78;64;73;13;273;336;336;26;2.47;2.47;2.47;2.47;-1;0;0;0;0;14.1;95;37;4.3;0;-;11;37;861;755;0;1317.0;8.5;8.5;0;0;0;0;1;0;
2026.08.28;17:47:23.1;-0.03;-0.03;102;107;64;73;13;273;336;336;26;2.43;2.43;2.43;2.43;-2;0;0;0;0;14.1;95;37;4.3;0;-;11;37;861;757;0;1201.0;8.5;8.5;0;1;0;0;1;0;
2026.08.28;17:47:23.6;-0.02;-0.02;156;131;66;73;14;273;336;336;26;2.44;2.44;2.44;2.44;-2;0;0;0;0;14.1;95;37;4.3;0;-;11;37;861;748;0;1786.0;8.5;8.5;0;1;0;0;1;0;
2026.08.28;17:47:24.0;-0.02;-0.02;156;131;66;73;14;273;336;336;26;2.44;2.44;2.44;2.44;1;0;0;0;0;14.1;95;37;4.3;0;-;12;37;861;748;0;1786.0;8.4;8.4;0;0;0;0;1;0;
2026.08.28;17:47:24.5;-0.04;-0.04;722;703;66;72;14;273;336;336;26;2.36;2.36;2.36;2.36;0;0;0;0;0;14.1;95;37;4.3;0;-;12;37;861;752;0;1285.0;8.4;8.4;0;0;0;0;1;0;
2026.08.28;17:47:24.9;-0.02;-0.02;83;78;68;73;16;273;336;336;26;2.40;2.40;2.40;2.40;0;0;0;0;0;14.1;95;37;4.3;0;-;12;37;861;752;0;1285.0;8.6;8.5;0;1;0;0;1;0;
2026.08.28;17:47:25.4;-0.02;-0.02;83;78;68;73;16;273;336;336;26;2.40;2.40;2.40;2.40;-2;0;0;0;0;14.1;95;37;4.4;0;-;12;37;861;756;0;1603.0;8.5;8.5;0;0;0;0;1;0;
2026.08.28;17:47:25.8;-0.02;-0.02;87;83;68;72;15;273;336;336;26;2.40;2.40;2.40;2.40;-2;0;0;0;0;14.1;95;37;4.4;0;-;12;37;861;749;0;1298.0;8.5;8.5;0;0;0;0;1;0;
2026.08.28;17:47:26.3;-0.01;-0.01;83;73;69;72;16;273;357;336;26;2.39;2.39;2.39;2.39;-2;0;0;0;0;14.1;95;37;4.4;0;-;12;37;861;749;0;1298.0;8.9;8.4;0;0;0;0;1;0;
2026.08.28;17:47:26.7;-0.01;-0.01;83;73;69;72;16;273;336;336;26;2.39;2.39;2.39;2.39;-1;0;0;0;0;14.1;95;37;4.4;0;-;12;37;861;756;0;1379.0;8.7;8.5;0;0;0;0;1;0;
2026.08.28;17:47:27.2;-0.00;-0.00;87;83;69;73;17;273;336;336;26;2.41;2.41;2.41;2.41;1;0;0;0;0;14.1;95;37;4.4;0;-;12;37;861;742;0;1807.0;8.7;8.5;0;0;0;0;1;0;
2026.08.28;17:47:27.6;0.00;0.00;78;73;70;73;17;273;336;336;26;2.39;2.39;2.39;2.39;1;0;0;0;0;14.1;95;37;4.4;0;-;12;37;861;742;0;1807.0;8.7;8.6;0;0;0;0;1;0;
2026.08.28;17:47:28.1;0.00;0.00;78;73;70;73;17;273;336;336;26;2.39;2.39;2.39;2.39;0;0;0;0;0;14.1;95;37;4.4;0;-;12;37;861;756;0;1616.0;8.5;8.6;0;0;0;0;1;0;
2026.08.28;17:47:28.5;0.01;0.01;78;73;70;72;17;273;336;336;26;2.35;2.35;2.35;2.35;0;0;0;0;0;14.1;95;37;4.4;0;-;12;37;861;753;0;1102.0;8.5;8.6;0;0;0;0;1;0;
2026.08.28;17:47:29.0;0.02;0.02;73;68;71;73;17;273;336;336;26;2.36;2.36;2.36;2.36;0;0;0;0;0;14.1;95;37;4.4;0;-;12;37;861;753;0;1102.0;8.6;8.5;0;0;0;0;1;0;
2026.08.28;17:47:29.4;0.02;0.02;73;68;71;73;17;273;336;336;26;2.36;2.36;2.36;2.36;0;0;0;0;0;14.1;95;37;4.4;0;-;12;38;861;754;0;1381.0;8.6;8.5;0;0;0;0;1;0;
2026.08.28;17:47:29.9;0.02;0.02;68;63;72;73;18;273;336;336;26;2.36;2.36;2.36;2.36;0;0;0;0;0;14.1;95;37;4.4;0;-;12;38;861;744;0;1065.0;8.6;8.5;0;0;0;0;1;0;
2026.08.28;17:47:30.3;0.02;0.02;68;63;72;73;18;273;336;336;26;2.36;2.36;2.36;2.36;1;0;0;0;0;14.1;95;37;4.4;0;-;12;38;861;744;0;1065.0;8.6;8.5;0;0;0;0;1;0;
2026.08.28;17:47:30.8;0.03;0.03;68;58;72;73;19;273;336;336;26;2.38;2.38;2.38;2.38;-1;0;0;0;0;14.1;95;37;4.4;0;-;12;38;861;749;0;1380.0;8.6;8.5;0;0;0;0;1;0;
2026.08.28;17:47:31.2;0.04;0.04;63;53;72;73;19;273;336;336;26;2.38;2.38;2.38;2.38;-1;0;0;0;0;14.1;95;37;4.4;0;-;12;37;861;749;0;1380.0;8.7;8.5;0;0;0;0;1;0;
2026.08.28;17:47:31.7;0.04;0.04;63;53;72;73;19;273;357;336;26;2.38;2.38;2.38;2.38;0;0;0;0;0;14.0;95;37;4.4;0;-;12;37;861;750;0;1185.0;8.7;8.7;0;0;0;0;1;0;
2026.08.28;17:47:32.1;0.04;0.04;58;53;74;74;20;273;357;336;26;2.42;2.42;2.42;2.42;0;0;0;0;0;14.0;95;37;4.4;0;-;12;37;861;750;0;1309.0;8.7;8.7;0;0;0;0;1;0;
2026.08.28;17:47:32.6;0.05;0.05;58;48;73;73;20;273;357;336;26;2.42;2.42;2.42;2.42;-2;0;0;0;0;14.0;95;37;4.4;0;-;12;38;861;750;0;1309.0;8.8;8.7;0;0;0;0;1;0;
2026.08.28;17:47:33.0;0.05;0.05;58;48;73;73;20;273;357;357;26;2.42;2.42;2.42;2.42;0;0;0;0;0;14.0;95;37;4.4;0;-;12;38;861;749;0;1048.0;8.9;8.8;0;0;0;0;1;0;
2026.08.28;17:47:33.5;0.06;0.06;58;48;74;73;21;273;357;357;26;2.44;2.44;2.44;2.44;0;0;0;0;0;14.1;95;37;4.4;0;-;12;38;861;758;0;1124.0;8.9;8.8;0;0;0;0;1;0;
2026.08.28;17:47:33.9;0.06;0.06;58;48;74;73;21;273;357;357;26;2.44;2.44;2.44;2.44;-3;0;0;0;0;14.1;95;37;4.4;0;-;12;38;861;758;0;1124.0;9.0;9.0;0;1;0;0;1;0;
2026.08.28;17:47:34.4;0.07;0.07;58;48;75;73;21;273;357;357;26;2.47;2.47;2.47;2.47;-2;0;0;0;0;14.1;95;37;4.4;0;-;12;38;861;750;0;1787.0;9.0;9.0;0;1;0;0;1;0;
2026.08.28;17:47:34.8;0.09;0.09;58;48;74;73;21;273;357;357;26;2.48;2.48;2.48;2.48;-2;0;0;0;0;14.1;95;37;4.4;0;-;12;38;861;750;0;1787.0;8.8;8.8;0;0;0;0;1;0;
2026.08.28;17:47:35.3;0.09;0.09;58;48;74;73;21;281;357;357;26;2.48;2.48;2.48;2.48;-4;0;0;0;0;14.1;95;44;4.4;0;-;12;38;861;751;0;1266.0;9.0;8.8;0;0;0;0;1;0;
2026.08.28;17:47:35.7;0.12;0.12;63;58;75;73;22;281;357;357;26;2.56;2.56;2.56;2.56;-4;0;0;0;0;14.1;95;44;4.4;0;-;12;38;861;749;0;1835.0;9.0;8.8;0;0;0;0;1;0;
2026.08.28;17:47:36.2;0.15;0.15;83;68;76;74;22;281;336;357;26;2.61;2.61;2.61;2.61;-4;0;0;0;0;14.1;95;44;4.4;0;-;12;38;861;749;0;1835.0;8.6;8.9;0;0;0;0;1;0;
2026.08.28;17:47:36.6;0.15;0.15;83;68;76;74;22;281;336;336;26;2.61;2.61;2.61;2.61;-1;0;0;0;0;14.1;95;44;4.4;0;-;12;38;861;763;0;1273.0;8.4;8.6;0;0;0;0;1;0;
2026.08.28;17:47:37.1;0.12;0.12;751;668;76;73;21;281;336;336;26;2.40;2.40;2.40;2.40;-3;0;0;0;0;14.1;95;44;4.4;0;-;12;38;861;758;0;1139.0;8.4;8.6;0;0;0;0;1;0;
2026.08.28;17:47:37.5;0.11;0.11;664;732;76;73;21;281;336;336;26;2.40;2.40;2.40;2.40;-3;0;0;0;0;14.1;95;44;4.4;0;-;12;38;861;749;0;1359.0;8.3;8.4;0;0;0;0;1;0;
2026.08.28;17:47:38.0;0.11;0.11;664;732;76;73;21;281;336;336;26;2.40;2.40;2.40;2.40;0;0;0;0;0;14.1;95;44;4.4;0;-;12;38;861;749;0;1359.0;8.6;8.5;0;1;0;0;1;0;
2026.08.28;17:47:38.4;0.13;0.13;92;83;77;74;23;281;336;336;26;2.49;2.49;2.49;2.49;-2;0;0;0;0;14.1;95;44;4.4;0;-;12;38;861;752;0;1178.0;8.6;8.5;0;1;0;0;1;0;
2026.08.28;17:47:38.9;0.14;0.14;117;92;77;73;23;281;336;336;26;2.50;2.50;2.50;2.50;-2;0;0;0;0;14.1;95;44;4.4;0;-;12;38;861;753;0;1029.0;8.3;8.5;0;0;0;0;1;0;
2026.08.28;17:47:39.3;0.14;0.14;117;92;77;73;23;281;336;336;26;2.50;2.50;2.50;2.50;1;0;0;0;0;14.1;95;44;4.4;0;-;12;38;861;753;0;1029.0;8.5;8.6;0;0;0;0;1;0;
2026.08.28;17:47:39.8;0.13;0.13;708;556;77;74;23;281;336;336;26;2.44;2.44;2.44;2.44;-1;0;0;0;0;14.0;95;44;4.4;0;-;12;38;861;746;0;1147.0;8.5;8.6;0;0;0;0;1;0;
2026.08.28;17:47:40.2;0.14;0.14;102;307;78;75;23;281;336;336;26;2.49;2.49;2.49;2.49;-1;0;0;0;0;14.0;95;44;4.4;0;-;12;38;861;755;0;1317.0;8.4;8.4;0;0;0;0;1;0;
2026.08.28;17:47:40.7;0.14;0.14;102;307;78;75;23;281;336;336;26;2.49;2.49;2.49;2.49;-1;0;0;0;0;14.0;95;44;4.4;0;-;12;38;861;755;0;1317.0;8.3;8.5;0;0;0;0;1;0;
2026.08.28;17:47:41.2;0.15;0.15;434;195;77;74;23;281;336;336;26;2.45;2.45;2.45;2.45;0;0;0;0;0;14.0;95;44;4.4;0;-;12;38;861;758;0;1327.0;8.3;8.5;0;0;0;0;1;0;
2026.08.28;17:47:41.6;0.13;0.13;732;732;78;74;24;281;336;336;26;2.41;2.41;2.41;2.41;0;0;0;0;0;14.0;95;44;4.4;0;-;12;38;861;758;0;1327.0;8.4;8.3;0;0;0;0;1;0;
2026.08.28;17:47:42.1;0.13;0.13;732;732;78;74;24;281;336;336;26;2.41;2.41;2.41;2.41;-3;0;0;0;0;14.0;96;44;4.4;0;-;12;38;861;750;0;1266.0;8.3;8.5;0;1;0;0;1;0;
2026.08.28;17:47:42.5;0.12;0.12;361;683;78;74;24;281;336;336;26;2.41;2.41;2.41;2.41;-3;0;0;0;0;14.0;96;44;4.4;0;-;12;38;861;746;0;1556.0;8.3;8.5;0;1;0;0;1;0;
2026.08.28;17:47:43.0;0.14;0.14;122;92;79;75;25;281;336;336;26;2.46;2.46;2.46;2.46;-1;0;0;0;0;14.0;96;44;4.4;0;-;12;38;861;746;0;1556.0;8.2;8.6;0;0;0;0;1;0;
2026.08.28;17:47:43.4;0.14;0.14;122;92;79;75;25;281;336;336;26;2.46;2.46;2.46;2.46;-5;0;0;0;0;14.0;96;44;4.4;0;-;12;38;861;752;0;1028.0;8.1;8.5;0;0;0;0;1;0;
2026.08.28;17:47:43.9;0.15;0.15;341;498;78;74;25;281;336;336;26;2.49;2.49;2.49;2.49;-5;0;0;0;0;13.9;96;44;4.4;0;-;12;38;861;753;0;1301.0;8.1;8.5;0;0;0;0;1;0;
2026.08.28;17:47:44.3;0.14;0.14;385;605;79;75;25;281;336;336;26;2.45;2.45;2.45;2.49;-3;0;0;0;0;13.9;96;44;4.4;0;-;12;38;861;753;0;1301.0;8.1;8.4;0;0;0;0;1;0;
2026.08.28;17:47:44.8;0.14;0.14;385;605;79;75;25;281;336;336;26;2.45;2.45;2.45;2.45;-2;0;0;0;0;13.9;96;44;4.4;0;-;12;38;861;752;0;1276.0;8.1;8.3;0;0;0;0;1;0;
2026.08.28;17:47:45.2;0.13;0.13;727;634;80;76;26;281;336;336;26;2.40;2.40;2.40;2.40;-2;0;0;0;0;13.9;96;44;4.4;0;-;12;38;861;745;0;1163.0;8.1;8.3;0;0;0;0;1;0;
2026.08.28;17:47:45.7;0.13;0.13;727;634;80;76;26;281;336;336;26;2.40;2.40;2.40;2.40;-1;0;0;0;0;13.9;96;44;4.4;0;-;12;38;861;745;0;1163.0;8.2;8.4;0;1;0;0;1;0;
2026.08.28;17:47:46.1;0.14;0.14;385;639;79;75;26;281;336;336;26;2.49;2.49;2.49;2.49;-3;0;0;0;0;14.1;96;44;4.4;0;-;12;38;861;740;0;1049.0;8.2;8.4;0;1;0;0;1;0;
2026.08.28;17:47:46.6;0.14;0.14;385;639;79;75;26;281;357;357;26;2.49;2.49;2.49;2.49;-3;0;0;0;0;14.1;96;44;4.4;0;-;12;38;861;740;0;1049.0;9.1;8.7;0;0;0;0;1;0;
2026.08.28;17:47:47.0;0.14;0.14;97;87;81;76;29;281;357;357;26;2.67;2.67;2.67;2.67;-2;0;0;0;0;14.1;96;44;4.4;0;-;12;38;861;736;0;1885.0;9.1;8.7;0;0;0;0;1;0;
2026.08.28;17:47:47.5;0.15;0.15;117;102;81;77;33;281;399;378;26;2.89;2.89;2.89;2.89;-2;0;0;0;0;14.1;96;44;4.4;0;-;12;38;861;736;0;1885.0;9.7;9.5;0;0;0;0;1;0;
2026.08.28;17:47:47.9;0.15;0.15;117;102;81;77;33;281;399;378;26;2.89;2.89;2.89;2.89;-5;0;0;0;0;14.1;96;44;4.4;0;-;12;38;861;750;0;1217.0;9.8;9.7;0;1;0;0;1;0;
2026.08.28;17:47:48.4;0.16;0.16;117;97;80;76;33;281;399;378;26;2.96;2.96;2.96;2.96;-7;0;0;0;0;14.0;96;44;4.4;0;-;12;38;861;755;0;1710.0;9.8;9.7;0;1;0;0;1;0;
2026.08.28;17:47:48.8;0.16;0.16;117;97;80;76;33;281;378;378;26;2.96;2.96;2.96;2.96;-7;0;0;0;0;14.0;96;44;4.4;0;-;12;38;861;755;0;1710.0;9.3;9.7;0;1;0;0;1;0;
2026.08.28;17:47:49.3;0.14;0.14;688;693;81;76;29;281;357;357;26;2.88;2.88;2.88;2.88;-8;0;0;0;0;14.0;96;51;4.4;0;-;12;38;861;748;0;1819.0;8.8;9.2;0;0;0;0;1;0;
2026.08.28;17:47:49.7;0.13;0.13;742;737;81;76;27;281;357;357;26;2.71;2.71;2.71;2.71;-8;0;0;0;0;14.0;96;51;4.4;0;-;12;38;861;757;0;1649.0;8.8;9.2;0;0;0;0;1;0;
2026.08.28;17:47:50.2;0.13;0.13;766;781;81;77;26;281;357;357;26;2.69;2.69;2.69;2.69;0;0;0;0;0;14.0;96;51;4.4;0;-;12;38;861;757;0;1649.0;8.8;9.1;0;0;0;0;1;0;
2026.08.28;17:47:50.6;0.13;0.13;766;781;81;77;26;281;357;357;26;2.69;2.69;2.69;2.69;-3;0;0;0;0;14.0;96;51;4.4;0;-;12;38;861;753;0;1098.0;8.7;9.0;0;0;0;0;1;0;
2026.08.28;17:47:51.1;0.12;0.12;776;786;81;76;26;281;357;357;26;2.69;2.69;2.69;2.69;-3;0;0;0;0;14.0;96;51;4.4;0;-;12;38;861;757;0;1222.0;8.7;9.0;0;0;0;0;1;0;
2026.08.28;17:47:51.5;0.11;0.11;786;800;81;77;25;281;336;357;26;2.60;2.60;2.60;2.60;-3;0;0;0;0;14.0;96;51;4.4;0;-;12;38;861;757;0;1222.0;8.5;8.8;0;0;0;0;1;0;
2026.08.28;17:47:52.0;0.11;0.11;786;800;81;77;25;281;357;357;26;2.60;2.60;2.60;2.60;-3;0;0;0;0;14.0;96;51;4.4;0;-;12;38;861;747;0;1665.0;8.6;8.8;0;1;0;0;1;0;
2026.08.28;17:47:52.4;0.11;0.11;771;800;82;77;25;281;357;357;26;2.68;2.68;2.68;2.68;-4;0;0;0;0;14.0;96;51;4.4;0;-;12;38;861;746;0;1768.0;8.6;8.8;0;1;0;0;1;0;
2026.08.28;17:47:52.9;0.10;0.10;766;791;82;78;25;281;357;357;26;2.69;2.69;2.69;2.69;-4;0;0;0;0;14.0;96;51;4.4;0;-;12;38;861;746;0;1768.0;8.8;9.0;0;0;0;0;1;0;
2026.08.28;17:47:53.3;0.10;0.10;766;791;82;78;25;281;336;357;26;2.69;2.69;2.69;2.69;-2;0;0;0;0;14.0;96;51;4.4;0;-;12;38;861;752;0;1666.0;8.5;9.0;0;0;0;0;1;0;
2026.08.28;17:47:53.8;0.08;0.08;776;795;81;77;25;281;336;357;26;2.61;2.61;2.61;2.61;-2;0;0;0;0;14.0;96;51;4.4;0;-;12;38;861;747;0;1017.0;8.5;9.0;0;0;0;0;1;0;
2026.08.28;17:47:54.2;0.05;0.05;751;791;83;78;25;281;357;357;26;2.57;2.57;2.57;2.57;-2;0;0;0;0;14.0;96;51;4.4;0;-;12;38;861;747;0;1017.0;8.6;8.8;0;0;0;0;1;0;
2026.08.28;17:47:54.7;0.05;0.05;751;791;83;78;25;281;357;357;26;2.57;2.57;2.57;2.57;-1;0;0;0;0;14.0;96;51;4.3;0;-;12;38;861;743;0;1281.0;8.9;8.8;0;0;0;0;1;0;
2026.08.28;17:47:55.1;0.07;0.07;131;678;82;78;25;281;357;357;26;2.63;2.63;2.63;2.63;-2;0;0;0;0;14.0;96;51;4.3;0;-;12;38;861;752;0;1267.0;8.9;8.8;0;0;0;0;1;0;
2026.08.28;17:47:55.6;0.08;0.08;439;107;82;78;25;281;357;336;26;2.66;2.66;2.66;2.66;-2;0;0;0;0;14.0;96;51;4.3;0;-;12;38;861;752;0;1267.0;8.6;8.8;0;1;0;0;1;0;
2026.08.28;17:47:56.0;0.08;0.08;439;107;82;78;25;281;336;336;26;2.66;2.66;2.66;2.66;-3;0;0;0;0;14.0;96;51;4.3;0;-;12;38;861;749;0;1295.0;8.5;8.6;0;0;0;0;1;0;
2026.08.28;17:47:56.5;0.06;0.06;771;776;82;78;26;281;336;336;26;2.59;2.59;2.59;2.59;-3;0;0;0;0;14.0;96;51;4.3;0;-;12;38;861;760;0;1176.0;8.5;8.6;0;0;0;0;1;0;
2026.08.28;17:47:56.9;0.06;0.06;771;776;82;78;26;281;357;336;26;2.59;2.59;2.59;2.59;-3;0;0;0;0;14.0;96;51;4.3;0;-;12;38;861;760;0;1176.0;8.7;8.7;0;0;0;0;1;0;
2026.08.28;17:47:57.4;0.05;0.05;761;781;83;79;25;281;357;336;26;2.61;2.61;2.61;2.61;-1;0;0;0;0;14.0;96;51;4.3;0;-;12;38;861;750;0;1686.0;8.7;8.7;0;0;0;0;1;0;
2026.08.28;17:47:57.8;0.04;0.04;747;771;83;79;24;281;336;357;26;2.62;2.62;2.62;2.62;-1;0;0;0;0;14.0;96;51;4.3;0;-;12;38;861;759;0;1204.0;8.6;8.8;0;0;0;0;1;0;
2026.08.28;17:47:58.3;0.04;0.04;747;771;83;79;24;281;336;336;26;2.62;2.62;2.62;2.62;-3;0;0;0;0;14.0;96;51;4.3;0;-;12;38;861;759;0;1204.0;8.5;8.7;0;0;0;0;1;0;
2026.08.28;17:47:58.7;0.03;0.03;737;766;83;79;24;281;336;336;26;2.58;2.58;2.58;2.58;0;0;0;0;0;14.0;96;51;4.3;0;-;12;38;861;745;0;1196.0;8.5;8.7;0;0;0;0;1;0;
2026.08.28;17:47:59.2;0.03;0.03;742;766;83;79;24;281;357;336;26;2.60;2.60;2.60;2.60;0;0;0;0;0;14.0;96;51;4.3;0;-;12;38;861;745;0;1196.0;8.7;8.7;0;0;0;0;1;0;
2026.08.28;17:47:59.6;0.03;0.03;742;766;83;79;24;281;336;336;26;2.60;2.60;2.60;2.60;1;0;0;0;0;14.0;96;51;4.3;0;-;12;38;861;757;0;960.0;8.6;8.7;0;0;0;0;1;0;
2026.08.28;17:48:00.1;0.02;0.02;747;771;84;80;24;281;336;336;26;2.61;2.61;2.61;2.61;-2;0;0;0;0;14.0;96;51;4.3;0;-;12;38;861;753;0;1282.0;8.6;8.7;0;0;0;0;1;0;
2026.08.28;17:48:00.5;0.01;0.01;732;771;83;79;24;281;336;336;26;2.60;2.60;2.60;2.60;-2;0;0;0;0;14.0;96;51;4.3;0;-;12;38;861;753;0;1282.0;8.6;8.8;0;1;0;0;1;0;
2026.08.28;17:48:01.0;0.01;0.01;732;771;83;79;24;281;357;336;26;2.60;2.60;2.60;2.60;-4;0;0;0;0;13.9;96;51;4.3;0;-;12;38;861;742;0;1362.0;8.7;8.7;0;0;0;0;1;0;
2026.08.28;17:48:01.4;0.01;0.01;742;766;83;79;24;281;357;336;26;2.59;2.59;2.59;2.59;-2;0;0;0;0;13.9;96;51;4.3;0;-;12;38;861;750;0;1682.0;8.7;8.7;0;0;0;0;1;0;
2026.08.28;17:48:01.9;0.00;0.00;722;756;84;79;24;281;336;336;26;2.62;2.62;2.62;2.62;-2;0;0;0;0;13.9;96;51;4.3;0;-;12;38;861;750;0;1682.0;8.6;8.7;0;0;0;0;1;0;
2026.08.28;17:48:02.3;0.00;0.00;722;756;84;79;24;281;336;336;26;2.62;2.62;2.62;2.62;-1;0;0;0;0;13.9;96;51;4.3;0;-;12;38;861;750;0;1091.0;8.6;8.8;0;0;0;0;1;0;
2026.08.28;17:48:02.8;-0.01;-0.01;737;766;84;80;24;281;336;336;26;2.58;2.58;2.58;2.58;-2;0;0;0;0;14.0;96;51;4.3;0;-;12;38;861;752;0;1085.0;8.6;8.8;0;0;0;0;1;0;
2026.08.28;17:48:03.2;-0.04;-0.04;722;756;84;80;24;281;357;357;26;2.53;2.53;2.53;2.53;-2;0;0;0;0;14.0;96;51;4.3;0;-;12;38;861;752;0;1085.0;8.6;8.7;0;1;0;0;1;0;
2026.08.28;17:48:03.7;-0.04;-0.04;722;756;84;80;24;281;357;336;26;2.53;2.53;2.53;2.53;2;0;0;0;0;14.0;96;51;4.3;0;-;12;38;861;745;0;1773.0;8.8;8.8;0;0;0;0;1;0;
2026.08.28;17:48:04.1;0.00;0.00;92;92;84;80;24;281;357;336;26;2.64;2.64;2.64;2.64;2;0;0;0;0;14.0;96;51;4.3;0;-;12;38;861;758;0;1291.0;8.8;8.8;0;0;0;0;1;0;
2026.08.28;17:48:04.6;0.00;0.00;92;92;84;80;24;281;357;357;26;2.64;2.64;2.64;2.64;0;0;0;0;0;14.0;96;51;4.3;0;-;12;38;861;758;0;1291.0;8.8;8.7;0;0;0;0;1;0;
2026.08.28;17:48:05.0;-0.01;-0.01;761;737;84;80;24;281;357;357;26;2.60;2.60;2.60;2.60;-3;0;0;0;0;14.0;96;51;4.3;0;-;12;38;861;747;0;1339.0;8.8;8.7;0;0;0;0;1;0;
2026.08.28;17:48:05.5;-0.02;-0.02;732;742;85;81;24;281;357;336;26;2.58;2.58;2.58;2.58;-3;0;0;0;0;14.0;96;51;4.3;0;-;12;38;861;747;0;1339.0;8.6;8.8;0;0;0;0;1;0;
2026.08.28;17:48:05.9;-0.02;-0.02;732;742;85;81;24;281;336;336;26;2.58;2.58;2.58;2.58;-2;0;0;0;0;14.0;96;51;4.3;0;-;12;38;861;752;0;1375.0;8.6;8.8;0;0;0;0;1;0;
2026.08.28;17:48:06.4;-0.03;-0.03;537;673;84;80;24;281;336;336;26;2.56;2.56;2.56;2.56;1;0;0;0;0;14.0;95;44;4.3;0;-;12;38;861;751;0;1755.0;8.6;8.8;0;0;0;0;1;0;
2026.08.28;17:48:06.8;-0.01;-0.01;112;92;84;80;24;281;357;336;26;2.59;2.59;2.59;2.59;1;0;0;0;0;14.0;95;44;4.3;0;-;12;38;861;751;0;1755.0;8.7;8.8;0;0;0;0;1;0;
2026.08.28;17:48:07.3;-0.01;-0.01;112;92;84;80;24;281;336;357;26;2.59;2.59;2.59;2.59;-1;0;0;0;0;14.0;95;44;4.4;0;-;12;38;861;754;0;980.0;8.5;8.7;0;0;0;0;1;0;
2026.08.28;17:48:07.7;-0.02;-0.02;673;600;84;80;24;281;336;357;26;2.53;2.53;2.53;2.53;-2;0;0;0;0;14.0;95;44;4.4;0;-;12;38;861;751;0;1383.0;8.5;8.7;0;0;0;0;1;0;
2026.08.28;17:48:08.2;-0.00;-0.00;102;136;84;80;25;281;357;336;26;2.59;2.59;2.59;2.59;-2;0;0;0;0;14.0;95;44;4.4;0;-;12;38;861;751;0;1383.0;8.7;8.8;0;0;0;0;1;0;
2026.08.28;17:48:08.6;-0.00;-0.00;102;136;84;80;25;281;336;336;26;2.59;2.59;2.59;2.59;0;0;0;0;0;14.0;95;44;4.4;0;-;12;38;861;755;0;1273.0;8.6;8.8;0;1;0;0;1;0;
2026.08.28;17:48:09.1;0.00;0.00;419;131;85;81;25;281;336;336;26;2.60;2.60;2.60;2.60;-2;0;0;0;0;14.1;95;44;4.4;0;-;12;38;861;752;0;1478.0;8.6;8.8;0;1;0;0;1;0;
2026.08.28;17:48:09.5;0.00;0.00;146;605;85;81;25;281;357;357;26;2.57;2.57;2.57;2.57;-2;0;0;0;0;14.1;95;44;4.4;0;-;12;38;861;752;0;1478.0;8.8;8.7;0;1;0;0;1;0;
2026.08.28;17:48:10.0;0.00;0.00;146;605;85;81;25;282;336;357;26;2.57;2.57;2.57;2.57;-3;0;0;0;0;14.1;95;37;4.4;0;-;12;38;861;747;0;1686.0;8.6;8.7;0;0;0;0;1;0;
2026.08.28;17:48:10.5;0.01;0.01;97;78;86;82;25;282;336;357;26;2.57;2.57;2.57;2.57;-3;0;0;0;0;14.1;95;37;4.4;0;-;12;38;861;750;0;1365.0;8.6;8.7;0;0;0;0;1;0;
2026.08.28;17:48:10.9;0.01;0.01;107;112;86;82;25;282;357;336;26;2.58;2.58;2.58;2.58;-3;0;0;0;0;14.1;95;37;4.4;0;-;12;38;861;750;0;1365.0;8.7;8.8;0;1;0;0;1;0;
2026.08.28;17:48:11.4;0.01;0.01;107;112;86;82;25;282;336;357;26;2.58;2.58;2.58;2.58;0;0;0;0;0;14.0;95;37;4.4;0;-;12;38;861;749;0;1771.0;8.5;8.7;0;0;0;0;1;0;
2026.08.28;17:48:11.8;0.02;0.02;156;107;85;81;25;282;336;357;26;2.57;2.57;2.57;2.57;0;0;0;0;0;14.0;95;37;4.4;0;-;12;38;861;751;0;1027.0;8.5;8.7;0;0;0;0;1;0;
2026.08.28;17:48:12.3;0.02;0.02;156;107;85;81;25;282;357;336;26;2.57;2.57;2.57;2.57;-2;0;0;0;0;14.0;95;37;4.4;0;-;12;38;861;751;0;1027.0;8.7;8.6;0;0;0;0;1;0;
2026.08.28;17:48:12.7;0.04;0.04;214;141;85;81;25;282;357;336;26;2.62;2.62;2.62;2.62;-4;0;0;0;0;14.0;95;37;4.4;0;-;12;38;861;746;0;1204.0;8.7;8.6;0;0;0;0;1;0;
2026.08.28;17:48:13.2;0.01;0.01;117;610;85;81;25;282;357;357;26;2.54;2.54;2.54;2.54;-4;0;0;0;0;14.0;93;37;4.4;0;-;12;38;861;747;0;1538.0;8.9;8.7;0;0;0;0;1;0;
2026.08.28;17:48:13.6;0.01;0.01;117;610;85;81;25;282;357;357;26;2.54;2.54;2.54;2.54;-1;0;0;0;0;14.0;93;37;4.4;0;-;12;38;861;747;0;1538.0;8.9;9.0;0;0;0;0;1;0;
2026.08.28;17:48:14.1;0.01;0.01;78;63;85;81;25;282;357;357;26;2.55;2.55;2.55;2.55;-5;0;0;0;0;14.0;93;37;4.4;0;-;12;38;861;762;0;1379.0;8.9;9.0;0;0;0;0;1;0;
2026.08.28;17:48:14.5;0.02;0.02;78;63;85;81;26;282;336;357;26;2.48;2.48;2.48;2.48;-5;0;0;0;0;14.0;93;37;4.4;0;-;12;38;861;762;0;1379.0;8.5;8.7;0;0;0;0;1;0;
2026.08.28;17:48:15.0;0.02;0.02;78;63;85;81;26;282;336;336;26;2.48;2.48;2.48;2.48;-2;0;0;0;0;14.0;93;37;4.4;0;-;12;38;861;753;0;1564.0;8.2;8.5;0;0;0;0;1;0;
2026.08.28;17:48:15.4;0.03;0.03;83;73;84;80;25;282;336;336;26;2.47;2.47;2.47;2.47;-1;0;0;0;0;14.1;93;37;4.4;0;-;12;38;861;755;0;1096.0;8.2;8.5;0;0;0;0;1;0;
2026.08.28;17:48:15.9;0.03;0.03;92;78;85;81;25;282;336;336;26;2.45;2.45;2.45;2.45;-1;0;0;0;0;14.1;93;37;4.4;0;-;12;38;861;755;0;1096.0;8.1;8.5;0;1;0;0;1;0;
2026.08.28;17:48:16.3;0.03;0.03;92;78;85;81;25;282;336;336;26;2.45;2.45;2.45;2.45;0;0;0;0;0;14.1;93;37;4.4;0;-;12;38;861;743;0;1574.0;8.2;8.4;0;0;0;0;1;0;
2026.08.28;17:48:16.8;0.04;0.04;107;92;85;82;25;282;336;336;26;2.44;2.44;2.44;2.44;0;0;0;0;0;14.1;93;37;4.4;0;-;12;38;861;743;0;1574.0;8.2;8.4;0;0;0;0;1;0;
2026.08.28;17:48:17.2;0.04;0.04;107;92;85;82;25;281;336;336;26;2.44;2.44;2.44;2.44;0;0;0;0;0;14.1;93;30;4.4;0;-;12;38;861;754;0;1006.0;8.1;8.3;0;0;0;0;1;0;
2026.08.28;17:48:17.7;0.05;0.05;146;112;85;81;25;281;336;336;26;2.43;2.43;2.43;2.43;-3;0;0;0;0;14.0;93;30;4.4;0;-;12;38;861;750;0;1316.0;8.1;8.3;0;0;0;0;1;0;
2026.08.28;17:48:18.1;0.03;0.03;512;615;85;81;25;281;336;336;26;2.41;2.41;2.41;2.41;-3;0;0;0;0;14.0;93;30;4.4;0;-;12;38;861;750;0;1316.0;8.1;8.4;0;1;0;0;1;0;
2026.08.28;17:48:18.6;0.03;0.03;512;615;85;81;25;281;336;336;26;2.41;2.41;2.41;2.41;0;0;0;0;0;14.0;93;30;4.4;0;-;12;38;861;756;0;922.0;8.1;8.2;0;0;0;0;1;0;
2026.08.28;17:48:19.0;0.06;0.06;166;356;85;81;25;281;336;336;26;2.48;2.48;2.48;2.48;0;0;0;0;0;14.0;93;30;4.4;0;-;12;38;861;752;0;1197.0;8.1;8.2;0;0;0;0;1;0;
2026.08.28;17:48:19.5;0.06;0.06;166;356;85;81;25;281;336;336;26;2.48;2.48;2.48;2.48;-2;0;0;0;0;14.0;93;30;4.4;0;-;12;38;861;752;0;1197.0;8.1;8.2;0;0;0;0;1;0;
2026.08.28;17:48:19.9;0.04;0.04;683;717;85;81;25;281;336;336;26;2.42;2.42;2.42;2.42;-3;0;0;0;0;14.1;93;30;4.4;0;-;12;38;861;753;0;1264.0;8.1;8.2;0;0;0;0;1;0;
2026.08.28;17:48:20.4;0.05;0.05;180;190;85;81;25;281;336;336;26;2.47;2.47;2.47;2.47;-3;0;0;0;0;14.1;93;30;4.4;0;-;12;39;861;753;0;1264.0;8.4;8.4;0;0;0;0;1;0;
2026.08.28;17:48:20.8;0.05;0.05;180;190;85;81;25;281;336;336;26;2.47;2.47;2.47;2.47;-2;0;0;0;0;14.1;92;29;4.4;0;-;12;39;861;753;0;1354.0;8.1;8.3;0;0;0;0;1;0;
2026.08.28;17:48:21.3;0.03;0.03;629;698;85;82;26;281;336;336;26;2.44;2.44;2.44;2.44;0;0;0;0;0;14.1;92;29;4.4;0;-;12;39;861;749;0;1428.0;8.1;8.3;0;0;0;0;1;0;
2026.08.28;17:48:21.7;0.05;0.05;141;102;85;82;25;281;336;336;26;2.49;2.49;2.49;2.49;0;0;0;0;0;14.1;92;29;4.4;0;-;12;38;861;749;0;1428.0;8.2;8.4;0;0;0;0;1;0;
2026.08.28;17:48:22.2;0.05;0.05;141;102;85;82;25;281;336;336;26;2.49;2.49;2.49;2.49;0;0;0;0;0;14.1;92;29;4.4;0;-;12;38;861;756;0;1355.0;8.2;8.4;0;1;0;0;1;0;
2026.08.28;17:48:22.6;0.03;0.03;717;703;85;82;24;281;336;336;26;2.46;2.46;2.46;2.46;0;0;0;0;0;14.1;92;29;4.4;0;-;12;38;861;745;0;1610.0;8.2;8.4;0;1;0;0;1;0;
2026.08.28;17:48:23.1;0.03;0.03;717;703;85;82;24;281;336;336;26;2.46;2.46;2.46;2.46;1;0;0;0;0;14.1;92;29;4.4;0;-;12;38;861;745;0;1610.0;8.2;8.4;0;0;0;0;1;0;
2026.08.28;17:48:23.5;0.02;0.02;659;688;85;81;24;281;336;336;26;2.46;2.46;2.46;2.46;-2;0;0;0;0;14.1;92;29;4.4;0;-;12;38;861;750;0;1250.0;8.2;8.2;0;0;0;0;1;0;
2026.08.28;17:48:24.0;0.02;0.02;620;693;85;81;24;282;336;336;26;2.44;2.44;2.44;2.44;-2;0;0;0;0;14.1;91;29;4.5;0;-;12;38;861;754;0;1600.0;8.2;8.2;0;0;0;0;1;0;
2026.08.28;17:48:24.4;0.02;0.02;620;693;85;81;24;282;336;336;26;2.44;2.44;2.44;2.44;-3;0;0;0;0;14.1;91;29;4.5;0;-;12;39;861;754;0;1600.0;8.2;8.2;0;0;0;0;1;0;
2026.08.28;17:48:24.9;0.04;0.04;234;117;85;81;24;282;336;336;26;2.52;2.52;2.52;2.52;0;0;0;0;0;14.1;91;29;4.5;0;-;12;39;861;752;0;1001.0;8.2;8.2;0;0;0;0;1;0;
2026.08.28;17:48:25.3;0.02;0.02;698;712;85;82;24;282;336;336;26;2.46;2.46;2.46;2.46;0;0;0;0;0;14.1;91;29;4.5;0;-;12;39;861;752;0;1001.0;8.1;8.2;0;0;0;0;1;0;
2026.08.28;17:48:25.8;0.02;0.02;698;712;85;82;24;282;336;336;26;2.46;2.46;2.46;2.46;-2;0;0;0;0;14.1;91;29;4.5;0;-;12;39;861;742;0;1690.0;8.2;8.3;0;1;0;0;1;0;
2026.08.28;17:48:26.2;0.01;0.01;659;688;85;82;24;282;336;336;26;2.46;2.46;2.46;2.46;-3;0;0;0;0;14.1;91;29;4.5;0;-;12;39;861;749;0;1064.0;8.2;8.3;0;1;0;0;1;0;
2026.08.28;17:48:26.7;0.00;0.00;581;678;86;82;24;282;336;336;26;2.48;2.48;2.48;2.48;-3;0;0;0;0;14.1;91;29;4.5;0;-;12;39;861;749;0;1064.0;8.2;8.2;0;0;0;0;1;0;
2026.08.28;17:48:27.1;0.00;0.00;581;678;86;82;24;282;336;336;26;2.48;2.48;2.48;2.48;1;0;0;0;0;14.1;91;29;4.5;0;-;12;39;861;745;0;1211.0;8.2;8.4;0;0;0;0;1;0;
2026.08.28;17:48:27.6;0.00;0.00;708;615;86;82;24;282;336;336;26;2.48;2.48;2.48;2.48;-2;0;0;0;0;14.1;91;29;4.5;0;-;12;39;861;754;0;1332.0;8.2;8.4;0;0;0;0;1;1;
2026.08.28;17:48:28.0;-0.00;-0.00;654;727;86;82;25;282;357;336;26;2.59;2.59;2.59;2.59;-2;0;0;0;0;14.1;91;29;4.5;0;-;12;39;861;754;0;1332.0;8.9;8.5;0;0;0;0;1;1;
2026.08.28;17:48:28.5;-0.00;-0.00;654;727;86;82;25;282;357;357;26;2.59;2.59;2.59;2.59;-5;0;0;0;0;14.1;91;29;4.5;0;-;12;39;861;749;0;962.0;8.9;8.8;0;0;0;0;1;1;
2026.08.28;17:48:28.9;0.02;0.02;170;166;85;82;26;282;357;357;26;2.69;2.69;2.69;2.69;-5;0;0;0;0;14.1;91;29;4.5;0;-;12;39;861;752;0;1306.0;8.9;8.8;0;0;0;0;1;1;
2026.08.28;17:48:29.4;0.02;0.02;170;166;85;82;26;282;357;357;26;2.69;2.69;2.69;2.69;-6;0;0;0;0;14.1;91;29;4.5;0;-;12;39;861;752;2;1306.0;8.8;8.9;0;1;0;0;0;1;
2026.08.28;17:48:29.8;-0.01;-0.01;698;737;85;82;24;282;819;588;26;2.67;2.67;2.67;2.67;12;0;0;0;0;14.1;91;29;4.5;0;-;12;39;861;741;2;1491.0;23.1;20.2;0;0;0;0;0;1;
2026.08.28;17:48:30.3;-0.02;-0.02;58;63;85;82;96;282;819;588;26;5.67;5.67;5.67;5.67;12;0;0;0;0;14.1;91;29;4.5;0;-;12;39;861;1930;11;2459.0;23.1;20.2;0;0;0;0;0;1;
2026.08.28;17:48:30.7;-0.02;-0.02;58;63;85;82;96;282;336;336;26;5.67;5.67;5.67;5.67;16;0;0;0;0;14.1;91;29;4.5;0;-;12;39;861;1930;21;2459.0;23.7;25.1;0;0;0;0;0;1;
2026.08.28;17:48:31.2;-0.02;-0.02;229;722;84;83;99;338;630;630;26;3.43;3.43;3.43;3.43;19;0;0;0;0;14.1;91;29;4.5;0;-;12;39;861;1708;21;1480.0;40.6;42.7;8;3;55;0;0;1;
2026.08.28;17:48:31.6;0.02;0.02;776;717;83;83;87;338;630;630;26;4.02;4.02;4.02;4.02;19;0;0;0;0;14.1;91;29;4.5;2;-;12;39;861;1730;21;4410.0;40.6;42.7;8;3;55;0;0;1;
2026.08.28;17:48:32.1;-0.01;-0.01;815;839;83;84;41;338;252;294;26;2.39;2.39;2.39;2.39;-3;0;0;0;0;14.1;91;29;4.5;4;-;12;39;861;1730;5;4410.0;12.6;14.6;0;0;0;0;0;1;
2026.08.28;17:48:32.5;-0.01;-0.01;815;839;83;84;41;338;210;273;26;2.39;2.39;2.39;2.39;-11;0;0;0;0;14.1;91;29;4.5;4;-;12;39;861;1227;5;1887.0;7.9;10.6;0;0;0;0;0;1;
2026.08.28;17:48:33.0;-0.02;-0.02;805;825;82;84;20;338;210;273;26;1.79;1.79;1.79;1.79;10;0;0;0;0;14.1;91;29;4.5;4;-;11;39;861;912;4;1435.0;7.9;10.6;0;0;0;0;0;1;
2026.08.28;17:48:33.4;-0.03;-0.03;786;791;82;84;37;338;399;294;26;2.82;2.82;2.82;2.82;10;0;0;0;0;14.1;91;29;4.5;4;-;11;39;861;912;6;1435.0;12.0;9.6;0;1;0;0;0;1;
2026.08.28;17:48:33.9;-0.03;-0.03;786;791;82;84;37;338;399;357;26;2.82;2.82;2.82;2.82;4;0;0;0;0;14.1;91;29;4.5;4;-;11;39;861;970;6;1435.0;14.6;13.9;0;0;0;0;0;1;
2026.08.28;17:48:34.3;-0.06;-0.06;795;825;82;84;66;338;399;357;26;3.71;3.71;3.71;3.71;20;0;0;0;0;14.1;91;29;4.5;3;-;11;39;861;1350;13;3485.0;14.6;13.9;0;0;0;0;0;1;
2026.08.28;17:48:34.8;-0.02;-0.02;68;58;82;84;99;338;609;546;26;5.49;5.49;5.49;5.49;20;0;0;0;0;14.1;91;29;4.5;4;-;11;39;861;1350;23;3485.0;34.5;32.8;0;0;0;0;0;1;
2026.08.28;17:48:35.2;-0.02;-0.02;68;58;82;84;99;338;483;504;26;5.49;5.49;5.49;5.49;25;0;0;0;0;14.1;91;29;4.5;4;-;11;40;861;2027;23;2360.0;38.3;40.8;0;0;0;0;0;1;
2026.08.28;17:48:35.7;-0.01;-0.01;92;87;81;84;99;338;483;504;26;4.70;4.70;4.70;4.70;24;0;0;0;0;14.1;91;29;4.5;6;-;11;40;861;2066;23;2267.0;38.3;40.8;0;0;0;0;0;1;
2026.08.28;17:48:36.1;-0.01;-0.01;92;87;81;84;99;338;504;546;26;4.70;4.70;4.70;4.70;24;0;0;0;0;14.1;91;29;4.5;9;-;11;40;861;2066;19;2267.0;40.2;44.0;0;0;0;0;0;1;
2026.08.28;17:48:36.6;-0.05;-0.05;532;610;78;84;76;338;378;357;26;3.48;3.48;3.48;3.48;25;0;0;0;0;14.1;91;29;4.5;9;-;11;39;861;1959;19;4220.0;22.2;22.7;0;0;0;0;0;1;
2026.08.28;17:48:37.0;-0.06;-0.06;83;112;77;85;67;338;378;357;26;3.28;3.28;3.28;3.28;25;0;0;0;0;14.1;91;29;4.5;11;-;11;39;861;1669;15;2832.0;22.2;22.7;0;0;0;0;0;1;
2026.08.28;17:48:37.5;-0.06;-0.06;83;112;77;85;67;338;378;378;26;3.28;3.28;3.28;3.28;24;0;0;0;0;14.1;91;29;4.5;12;-;11;39;861;1669;12;2832.0;23.0;24.6;0;0;0;0;0;1;
2026.08.28;17:48:38.0;-0.03;-0.03;742;610;77;85;53;281;378;378;26;2.39;2.39;2.39;2.39;15;0;0;0;0;14.1;91;29;4.5;12;-;11;39;861;1908;12;2972.0;23.0;24.6;0;0;0;0;0;1;
2026.08.28;17:48:38.4;-0.02;-0.02;53;48;76;85;37;281;210;231;26;1.82;1.82;1.82;1.82;15;0;0;0;0;14.1;91;29;4.5;11;-;11;39;861;1590;0;3057.0;13.3;15.6;0;1;0;0;0;1;
2026.08.28;17:48:38.9;-0.02;-0.02;53;48;76;85;37;281;210;231;26;1.82;1.82;1.82;1.82;4;0;0;0;0;14.1;91;29;4.5;11;-;11;39;861;1590;0;3057.0;9.6;10.6;0;0;0;0;1;0;
2026.08.28;17:48:39.3;0.01;0.01;68;58;77;86;23;281;210;231;26;1.71;1.71;1.71;1.71;14;0;0;0;0;14.1;91;29;4.5;11;-;11;39;861;975;0;1734.0;9.6;10.6;0;0;0;0;1;0;
2026.08.28;17:48:39.8;-0.00;-0.00;761;483;77;85;25;281;252;231;26;2.12;2.12;2.12;2.12;14;0;0;0;0;14.1;91;29;4.5;9;-;11;39;861;975;0;1734.0;7.1;7.1;0;0;0;0;1;0;
2026.08.28;17:48:40.2;-0.00;-0.00;761;483;77;85;25;281;315;294;26;2.12;2.12;2.12;2.12;4;0;0;0;0;14.1;91;29;4.5;9;-;11;39;861;815;0;1601.0;8.1;8.2;0;1;0;0;1;0;
2026.08.28;17:48:40.7;-0.01;-0.01;839;825;77;86;24;281;315;294;26;2.41;2.41;2.41;2.41;0;0;0;0;0;14.1;91;29;4.5;7;-;11;39;861;769;0;1299.0;8.1;8.2;0;1;0;0;1;0;
2026.08.28;17:48:41.1;-0.02;-0.02;839;849;78;86;24;281;315;315;26;2.35;2.35;2.35;2.35;0;0;0;0;0;14.1;91;29;4.5;4;-;11;39;861;769;0;1299.0;7.9;8.0;0;0;0;0;1;0;
2026.08.28;17:48:41.6;-0.02;-0.02;839;849;78;86;24;281;315;315;26;2.35;2.35;2.35;2.35;0;0;0;0;0;14.1;92;29;4.5;4;-;11;39;861;753;0;1660.0;7.9;8.0;0;0;0;0;1;0;
2026.08.28;17:48:42.0;-0.02;-0.02;830;844;78;85;24;281;315;315;26;2.40;2.40;2.40;2.40;1;0;0;0;0;14.1;92;29;4.5;2;-;11;39;861;737;0;1557.0;7.9;8.0;0;0;0;0;1;0;
2026.08.28;17:48:42.5;-0.03;-0.03;825;839;77;85;24;281;336;315;26;2.41;2.41;2.41;2.41;1;0;0;0;0;14.1;92;29;4.5;1;-;12;40;861;737;0;1557.0;7.9;8.0;0;0;0;0;1;0;
2026.08.28;17:48:42.9;-0.03;-0.03;825;839;77;85;24;281;336;315;26;2.41;2.41;2.41;2.41;0;0;0;0;0;14.0;92;29;4.5;1;-;12;40;861;749;0;1215.0;7.9;8.1;0;0;0;0;1;0;
2026.08.28;17:48:43.4;-0.04;-0.04;820;834;79;86;24;281;336;315;26;2.37;2.37;2.37;2.37;0;0;0;0;0;14.0;92;29;4.5;0;-;12;40;861;742;0;1531.0;7.9;8.1;0;0;0;0;1;0;
2026.08.28;17:48:43.8;-0.04;-0.04;820;834;79;86;24;281;336;315;26;2.37;2.37;2.37;2.37;-3;0;0;0;0;14.0;92;29;4.5;0;-;12;40;861;742;0;1531.0;8.1;8.2;0;0;0;0;1;0;
2026.08.28;17:48:44.3;-0.04;-0.04;805;825;78;84;23;281;336;336;26;2.39;2.39;2.39;2.39;-1;0;0;0;0;14.0;92;29;4.5;0;-;12;40;861;747;0;924.0;8.1;8.2;0;0;0;0;1;0;
2026.08.28;17:48:44.7;-0.05;-0.05;786;810;78;85;24;281;336;336;26;2.38;2.38;2.38;2.38;-1;0;0;0;0;14.0;92;29;4.5;0;-;12;40;861;747;0;924.0;8.1;8.2;0;0;0;0;1;0;
2026.08.28;17:48:45.2;-0.05;-0.05;786;810;78;85;24;267;336;336;26;2.38;2.38;2.38;2.38;-3;0;0;0;0;14.1;92;29;4.5;0;-;12;40;861;750;0;1025.0;8.1;8.3;0;0;0;0;1;0;
2026.08.28;17:48:45.6;-0.06;-0.06;751;781;79;86;24;267;336;336;26;2.36;2.36;2.36;2.36;-3;0;0;0;0;14.1;92;29;4.5;0;-;12;40;861;755;0;1527.0;8.1;8.3;0;0;0;0;1;0;
2026.08.28;17:48:46.1;-0.06;-0.06;605;698;79;85;24;267;336;336;26;2.35;2.35;2.35;2.35;-3;0;0;0;0;14.1;92;29;4.5;0;-;12;40;861;755;0;1527.0;8.2;8.4;0;0;0;0;1;0;
2026.08.28;17:48:46.5;-0.06;-0.06;605;698;79;85;24;267;336;336;26;2.35;2.35;2.35;2.35;3;0;0;0;0;14.1;92;29;4.5;0;-;12;40;861;742;0;1616.0;8.6;8.4;0;1;0;0;1;0;
2026.08.28;17:48:47.0;-0.04;-0.04;87;78;80;86;24;267;336;336;26;2.38;2.38;2.38;2.38;3;0;0;0;0;14.0;92;29;4.6;0;-;12;40;861;753;0;1160.0;8.6;8.4;0;1;0;0;1;0;
2026.08.28;17:48:47.4;-0.04;-0.04;87;78;80;86;24;267;336;336;26;2.38;2.38;2.38;2.38;-3;0;0;0;0;14.0;92;29;4.6;0;-;12;40;861;753;0;1160.0;8.5;8.7;0;1;0;0;1;0;
2026.08.28;17:48:47.9;-0.04;-0.04;78;73;80;86;25;267;336;336;26;2.40;2.40;2.40;2.40;-2;0;0;0;0;14.0;92;29;4.6;0;-;12;40;861;747;0;1729.0;8.5;8.5;0;0;0;0;1;0;
2026.08.28;17:48:48.3;-0.03;-0.03;78;68;80;86;25;267;336;336;26;2.39;2.39;2.39;2.39;-2;0;0;0;0;14.0;93;29;4.6;0;-;12;40;861;743;0;898.0;8.5;8.5;0;0;0;0;1;0;
2026.08.28;17:48:48.8;-0.03;-0.03;78;68;80;86;25;267;336;336;26;2.39;2.39;2.39;2.39;0;0;0;0;0;14.0;93;29;4.6;0;-;12;40;861;743;0;898.0;8.4;8.3;0;0;0;0;1;0;
2026.08.28;17:48:49.2;-0.02;-0.02;92;78;79;85;25;267;336;336;26;2.37;2.37;2.37;2.37;-3;0;0;0;0;14.0;93;29;4.6;0;-;12;40;861;751;0;1278.0;8.4;8.3;0;0;0;0;1;0;
2026.08.28;17:48:49.7;-0.01;-0.01;87;73;81;86;25;267;336;336;26;2.40;2.40;2.40;2.40;-3;0;0;0;0;14.0;93;29;4.6;0;-;12;40;861;751;0;1278.0;8.4;8.4;0;1;0;0;1;0;
2026.08.28;17:48:50.1;-0.01;-0.01;87;73;81;86;25;267;336;336;26;2.40;2.40;2.40;2.40;0;0;0;0;0;14.0;93;29;4.6;0;-;12;40;861;752;0;1039.0;8.3;8.4;0;0;0;0;1;0;
2026.08.28;17:48:50.6;0.02;0.02;97;78;80;85;25;267;336;336;26;2.45;2.45;2.45;2.45;-2;0;0;0;0;14.0;93;29;4.6;0;-;12;40;861;747;0;1041.0;8.3;8.4;0;0;0;0;1;0;
2026.08.28;17:48:51.0;0.05;0.05;341;141;81;86;25;267;336;336;26;2.54;2.54;2.54;2.54;-2;0;0;0;0;14.0;93;29;4.6;0;-;12;40;861;747;0;1041.0;8.4;8.4;0;0;0;0;1;0;
2026.08.28;17:48:51.5;0.05;0.05;341;141;81;86;25;267;336;336;26;2.54;2.54;2.54;2.54;-3;0;0;0;0;14.0;93;29;4.6;0;-;12;40;861;761;0;1347.0;8.2;8.4;0;0;0;0;1;0;
2026.08.28;17:48:51.9;-0.01;-0.01;620;732;81;85;25;269;336;336;26;2.41;2.41;2.41;2.41;-4;0;0;0;0;14.0;93;30;4.6;0;-;12;40;861;742;0;1709.0;8.2;8.4;0;0;0;0;1;0;
2026.08.28;17:48:52.4;0.01;0.01;83;73;83;87;25;269;336;336;26;2.47;2.47;2.47;2.47;-4;0;0;0;0;14.0;93;30;4.6;0;-;12;40;861;744;0;1688.0;8.5;8.4;0;0;0;0;1;0;
2026.08.28;17:48:52.8;0.01;0.01;83;73;83;87;25;269;336;336;26;2.47;2.47;2.47;2.47;-3;0;0;0;0;14.0;93;30;4.6;0;-;12;40;861;744;0;1688.0;8.4;8.5;0;1;0;0;1;0;
2026.08.28;17:48:53.3;0.02;0.02;92;78;82;86;25;269;336;336;26;2.48;2.48;2.48;2.48;-2;0;0;0;0;14.0;93;30;4.6;0;-;12;40;861;747;0;1846.0;8.4;8.5;0;1;0;0;1;0;
2026.08.28;17:48:53.7;0.03;0.03;102;92;81;85;25;269;336;336;26;2.50;2.50;2.50;2.50;-2;0;0;0;0;14.0;93;30;4.6;0;-;12;40;861;748;0;995.0;8.3;8.4;0;0;0;0;1;0;
2026.08.28;17:48:54.2;0.03;0.03;102;92;81;85;25;269;336;336;26;2.50;2.50;2.50;2.50;-1;0;0;0;0;14.0;93;30;4.6;0;-;12;40;861;748;0;995.0;8.3;8.4;0;1;0;0;1;0;
2026.08.28;17:48:54.6;0.03;0.03;92;83;81;85;25;269;336;336;26;2.48;2.48;2.48;2.48;-2;0;0;0;0;14.0;93;30;4.6;0;-;12;40;861;753;0;1240.0;8.3;8.4;0;1;0;0;1;0;
2026.08.28;17:48:55.1;0.04;0.04;122;97;82;86;25;269;336;336;26;2.50;2.50;2.50;2.50;-2;0;0;0;0;14.1;93;30;4.6;0;-;12;40;861;759;0;1460.0;8.3;8.4;0;0;0;0;1;0;
2026.08.28;17:48:55.5;0.04;0.04;122;97;82;86;25;269;336;336;26;2.50;2.50;2.50;2.50;-4;0;0;0;0;14.1;93;30;4.6;0;-;12;40;861;759;0;1460.0;8.2;8.6;0;0;0;0;1;0;
2026.08.28;17:48:56.0;0.03;0.03;502;473;81;85;25;269;336;336;26;2.48;2.48;2.48;2.48;-3;0;0;0;0;14.1;93;30;4.6;0;-;12;40;861;744;0;1189.0;8.2;8.6;0;0;0;0;1;0;
2026.08.28;17:48:56.4;0.05;0.05;317;244;83;87;25;269;336;336;26;2.53;2.53;2.53;2.53;-3;0;0;0;0;14.1;93;30;4.6;0;-;12;40;861;744;0;1189.0;8.2;8.4;0;0;0;0;1;0;
2026.08.28;17:48:56.9;0.05;0.05;317;244;83;87;25;269;336;336;26;2.53;2.53;2.53;2.53;-3;0;0;0;0;14.1;93;30;4.6;0;-;12;40;861;746;0;1105.0;8.2;8.4;0;0;0;0;1;0;
2026.08.28;17:48:57.3;0.03;0.03;712;708;83;87;25;269;336;336;26;2.51;2.51;2.51;2.51;-2;0;0;0;0;14.0;93;30;4.7;0;-;12;40;861;744;0;1441.0;8.2;8.4;0;0;0;0;1;0;
2026.08.28;17:48:57.8;0.04;0.04;136;566;84;87;25;269;357;336;26;2.59;2.59;2.59;2.59;-2;0;0;0;0;14.0;93;30;4.7;0;-;12;40;861;744;0;1441.0;8.6;8.6;0;1;0;0;1;0;
2026.08.28;17:48:58.2;0.04;0.04;136;566;84;87;25;269;336;336;26;2.59;2.59;2.59;2.59;-3;0;0;0;0;14.0;93;30;4.7;0;-;12;40;861;748;0;1852.0;8.3;8.5;0;0;0;0;1;0;
2026.08.28;17:48:58.7;0.03;0.03;561;146;82;85;25;270;336;336;26;2.52;2.52;2.52;2.52;-3;0;0;0;0;14.0;93;30;4.7;0;-;12;40;861;749;0;1713.0;8.3;8.5;0;0;0;0;1;0;
2026.08.28;17:48:59.1;0.03;0.03;703;717;82;85;25;270;336;336;26;2.54;2.54;2.54;2.54;-3;0;0;0;0;14.0;93;30;4.7;0;-;12;40;861;749;0;1713.0;8.4;8.5;0;0;0;0;1;0;
2026.08.28;17:48:59.6;0.03;0.03;703;717;82;85;25;270;336;336;26;2.54;2.54;2.54;2.54;-2;0;0;0;0;14.1;93;30;4.7;0;-;12;40;861;756;0;917.0;8.2;8.5;0;0;0;0;1;0;
2026.08.28;17:49:00.0;0.02;0.02;600;664;83;86;24;270;336;336;26;2.49;2.49;2.49;2.49;-3;0;0;0;0;14.1;93;30;4.7;0;-;12;40;861;759;0;1522.0;8.2;8.5;0;0;0;0;1;0;
2026.08.28;17:49:00.5;0.01;0.01;625;688;82;85;23;270;336;336;26;2.41;2.41;2.41;2.41;-3;0;0;0;0;14.1;93;30;4.7;0;-;12;40;861;759;0;1522.0;8.1;8.5;0;1;0;0;1;0;
2026.08.28;17:49:00.9;0.01;0.01;625;688;82;85;23;270;336;336;26;2.41;2.41;2.41;2.41;-1;0;0;0;0;14.1;93;30;4.7;0;-;12;40;861;748;0;856.0;8.2;8.4;0;0;0;0;1;0;
2026.08.28;17:49:01.4;0.01;0.01;551;185;83;86;24;270;336;336;26;2.46;2.46;2.46;2.46;-1;0;0;0;0;14.0;93;30;4.7;0;-;12;40;861;751;0;1395.0;8.2;8.4;0;0;0;0;1;0;
2026.08.28;17:49:01.8;0.01;0.01;551;185;83;86;24;270;336;336;26;2.46;2.46;2.46;2.46;-4;0;0;0;0;14.0;93;30;4.7;0;-;12;40;861;751;0;1395.0;8.4;8.6;0;0;0;0;1;0;
2026.08.28;17:49:02.3;0.01;0.01;688;698;83;86;24;270;336;336;26;2.52;2.52;2.52;2.52;0;0;0;0;0;14.0;93;30;4.7;0;-;12;40;861;751;0;1041.0;8.4;8.6;0;0;0;0;1;0;
2026.08.28;17:49:02.7;0.02;0.02;253;415;86;88;24;270;336;336;26;2.57;2.57;2.57;2.57;0;0;0;0;0;14.0;93;30;4.7;0;-;12;40;861;753;0;1380.0;8.5;8.6;0;0;0;0;1;0;
2026.08.28;17:49:03.2;0.02;0.02;253;415;86;88;24;270;336;336;26;2.57;2.57;2.57;2.57;-3;0;0;0;0;14.0;93;30;4.7;0;-;12;40;861;753;0;1380.0;8.3;8.6;0;0;0;0;1;0;
2026.08.28;17:49:03.6;0.01;0.01;727;639;83;86;24;270;336;336;26;2.54;2.54;2.54;2.54;-2;0;0;0;0;13.9;93;30;4.7;0;-;12;40;861;756;0;1117.0;8.3;8.6;0;0;0;0;1;0;
2026.08.28;17:49:04.1;0.00;0.00;698;722;84;86;24;270;336;336;26;2.54;2.54;2.54;2.54;-2;0;0;0;0;13.9;93;30;4.7;0;-;12;40;861;754;0;1243.0;8.2;8.6;0;1;0;0;1;0;
2026.08.28;17:49:04.5;0.00;0.00;698;722;84;86;24;270;336;336;26;2.54;2.54;2.54;2.54;-2;0;0;0;0;13.9;93;30;4.7;0;-;12;40;861;754;0;1243.0;8.3;8.5;0;1;0;0;1;0;
2026.08.28;17:49:05.0;-0.00;-0.00;693;703;83;86;24;270;336;336;26;2.52;2.52;2.52;2.52;-3;0;0;0;0;13.9;93;30;4.7;0;-;12;40;861;749;0;1585.0;8.2;8.5;0;0;0;0;1;0;
2026.08.28;17:49:05.5;-0.01;-0.01;375;620;84;86;24;271;336;336;26;2.49;2.49;2.49;2.49;-3;0;0;0;0;14.1;94;37;4.7;0;-;12;40;861;752;0;1420.0;8.2;8.5;0;0;0;0;1;0;
2026.08.28;17:49:05.9;-0.01;-0.01;375;620;84;86;24;271;336;336;26;2.49;2.49;2.49;2.49;-2;0;0;0;0;14.1;94;37;4.7;0;-;12;40;861;752;0;1420.0;8.3;8.6;0;0;0;0;1;0;
2026.08.28;17:49:06.4;-0.01;-0.01;722;595;85;87;24;271;336;336;26;2.50;2.50;2.50;2.50;-4;0;0;0;0;14.1;94;37;4.7;0;-;12;40;861;744;0;1368.0;8.3;8.6;0;0;0;0;1;0;
2026.08.28;17:49:06.8;-0.01;-0.01;712;737;84;86;23;271;336;336;26;2.50;2.50;2.50;2.50;-4;0;0;0;0;14.1;94;37;4.7;0;-;12;40;861;739;0;1121.0;8.2;8.4;0;0;0;0;1;0;
2026.08.28;17:49:07.3;-0.01;-0.01;712;737;84;86;23;271;336;336;26;2.50;2.50;2.50;2.50;-2;0;0;0;0;14.1;94;37;4.7;0;-;12;40;861;739;0;1121.0;8.4;8.6;0;0;0;0;1;0;
2026.08.28;17:49:07.7;-0.02;-0.02;561;654;84;86;24;271;336;336;26;2.50;2.50;2.50;2.50;-2;0;0;0;0;14.0;94;37;4.7;0;-;12;40;861;745;0;1100.0;8.4;8.6;0;0;0;0;1;0;
2026.08.28;17:49:08.2;-0.02;-0.02;668;434;84;86;24;271;336;336;26;2.53;2.53;2.53;2.53;-2;0;0;0;0;14.0;94;37;4.7;0;-;12;40;861;750;0;1386.0;8.2;8.5;0;1;0;0;1;0;
2026.08.28;17:49:08.6;-0.02;-0.02;668;434;84;86;24;271;336;336;26;2.53;2.53;2.53;2.53;1;0;0;0;0;14.0;94;37;4.7;0;-;12;40;861;750;0;1386.0;8.2;8.4;0;1;0;0;1;0;
2026.08.28;17:49:09.1;-0.02;-0.02;703;722;84;85;24;271;336;336;26;2.48;2.48;2.48;2.48;2;0;0;0;0;14.0;94;37;4.7;0;-;12;40;861;749;0;1874.0;8.2;8.4;0;1;0;0;1;0;
2026.08.28;17:49:09.5;-0.01;-0.01;180;659;84;86;24;271;357;336;26;2.51;2.51;2.51;2.51;2;0;0;0;0;14.0;94;37;4.7;0;-;12;40;861;749;0;1874.0;8.5;8.4;0;0;0;0;1;0;
2026.08.28;17:49:10.0;-0.01;-0.01;180;659;84;86;24;271;336;336;26;2.51;2.51;2.51;2.51;-2;0;0;0;0;14.1;94;37;4.7;0;-;12;40;861;748;0;1218.0;8.3;8.4;0;0;0;0;1;0;
2026.08.28;17:49:10.4;-0.01;-0.01;380;180;84;86;24;271;336;336;26;2.53;2.53;2.53;2.53;-2;0;0;0;0;14.1;94;37;4.7;0;-;12;40;861;756;0;1220.0;8.3;8.4;0;0;0;0;1;0;
2026.08.28;17:49:10.9;-0.03;-0.03;673;722;86;88;24;271;336;336;26;2.46;2.46;2.46;2.46;-2;0;0;0;0;14.1;94;37;4.7;0;-;12;40;861;756;0;1220.0;8.1;8.5;0;1;0;0;1;0;
2026.08.28;17:49:11.3;-0.03;-0.03;673;722;86;88;24;271;336;336;26;2.46;2.46;2.46;2.46;0;0;0;0;0;14.1;94;37;4.7;0;-;12;40;861;748;0;1249.0;8.3;8.3;0;0;0;0;1;0;
2026.08.28;17:49:11.8;-0.02;-0.02;258;639;85;87;24;271;336;336;26;2.48;2.48;2.48;2.48;0;0;0;0;0;14.1;94;37;4.8;0;-;12;40;861;746;0;1253.0;8.3;8.3;0;0;0;0;1;0;
2026.08.28;17:49:12.2;-0.02;-0.02;258;639;85;87;24;271;336;336;26;2.48;2.48;2.48;2.48;-4;0;0;0;0;14.1;94;37;4.8;0;-;12;40;861;746;0;1253.0;8.4;8.3;0;1;0;0;1;0;
2026.08.28;17:49:12.7;-0.03;-0.03;683;561;85;87;24;273;336;336;26;2.41;2.41;2.41;2.41;-1;0;0;0;0;14.1;95;37;4.8;0;-;12;40;861;749;0;1446.0;8.4;8.3;0;1;0;0;1;0;
2026.08.28;17:49:13.1;-0.02;-0.02;102;126;86;88;24;273;336;336;26;2.47;2.47;2.47;2.47;-1;0;0;0;0;14.1;95;37;4.8;0;-;12;40;861;749;0;1446.0;8.3;8.4;0;0;0;0;1;0;
2026.08.28;17:49:13.6;-0.02;-0.02;102;126;86;88;24;273;336;336;26;2.47;2.47;2.47;2.47;1;0;0;0;0;14.1;95;37;4.8;0;-;12;40;861;746;0;1429.0;8.3;8.4;0;0;0;0;1;0;
2026.08.28;17:49:14.0;-0.01;-0.01;195;112;85;86;24;273;336;336;26;2.47;2.47;2.47;2.47;-2;0;0;0;0;13.9;95;37;4.8;0;-;12;40;861;746;0;1207.0;8.3;8.4;0;0;0;0;1;0;
2026.08.28;17:49:14.5;-0.01;-0.01;307;576;86;87;25;273;357;336;26;2.50;2.50;2.50;2.50;-2;0;0;0;0;13.9;95;37;4.8;0;-;12;40;861;746;0;1207.0;8.6;8.2;0;0;0;0;1;0;
2026.08.28;17:49:14.9;-0.01;-0.01;307;576;86;87;25;273;336;336;26;2.50;2.50;2.50;2.50;-2;0;0;0;0;13.9;95;37;4.8;0;-;12;40;861;753;0;1276.0;8.4;8.4;0;0;0;0;1;0;
Date;Time;UpMixCorr;DownMixCorr;UpO2Volt;DownO2Volt;UpO2Heat;DownO2Heat;CanisterValve;BrakePress;IntakeAirPressInstr;IntakeAirPress;ExternalTemp;Inj.1Time;Inj.2Time;Inj.3Time;Inj.4Time;Cyl.Adv;Cyl.1AdvCorr;Cyl.2AdvCorr;Cyl.3AdvCorr;Cyl.4AdvCorr;Battery;Coolant;FanSpeed;AirCPress;Speed;Gear;FuelLevel;AirManifold;AtmosphPress;Revs;AccelPedalPos;KnockSensor;AirFlowInstr;AirFlow;InCamDephaserInstr;InCamDephaser;InCamDephaserValve;Errors;BR;CL;
