time_ms,iso,ETAT_VERROUILLAGE_DEVERROUILLAGE_CALCULTATEUR,ETAT_PROGRAMMATION_ANTI_DEMARRAGE,PB_TRANSMISSION_CODE_DEVERROUILLAGE,OPTION_APPAIRAGE_CHOISIE,REGIME_MOTEUR,TENSION_ALIMENTATION_CALCULATEUR_CONTROLE_MOTEUR,TEMPERATURE_D_EAU_MOTEUR_d,TEMPS_INJECTION_CYLINDRE_01,TEMPS_INJECTION_CYLINDRE_02,TEMPS_INJECTION_CYLINDRE_03,TEMPS_INJECTION_CYLINDRE_04,ETAT_SONDE_A_OXYGENE_AMONT,ETAT_REGULATION_SONDE_A_OXYGENE_AMONT,TENSION_SONDE_A_OXYGENE_AMONT,ETAT_SONDE_A_OXYGENE_AVAL,ETAT_REGULATION_SONDE_A_OXYGENE_AVAL,TENSION_SONDE_A_OXYGENE_AVAL,RCOAMONT,RCOAVAL,FACTEUR_CORRECTION_RICHESSE_AMONT,FACTEUR_CORRECTION_RICHESSE_AVAL,CHARGE_ESTIMEE_CANISTER,CON_RICHESSE,CDERCOELECPURGE,AVANCE_ALLUMAGE_OPTIMAL,AVANCE_ALLUMAGE_MAXIMUM,AVANCE_ALLUMAGE_MINIMUM,AVANCE_ALLUMAGE_APPLIQUEE_A_CHAQUE_CYLINDRE,AVANCE_APPLIQUEE_CYL_2,AVANCE_APPLIQUEE_CYL_3,AVANCE_APPLIQUEE_CYL_4,RETRAIT_AVANCE_ALLUMAGE_CYLINDRE_01,RETRAIT_AVANCE_ALLUMAGE_CYLINDRE_02,RETRAIT_AVANCE_ALLUMAGE_CYLINDRE_03,RETRAIT_AVANCE_ALLUMAGE_CYLINDRE_04,TEMP_AIR_ADMISSION_SUP,REMPLISSAGE_DE_CONSIGNE,REMPLISSAGE_MESURE,DEBIT_AIR,CONSIGNE_PRESSION_ADMISSION,PRESSIONTUBULURE,ANGLE_PAPILLON_CONSIGNE,ANGLE_PAPILLON_MESURE,TENSION_RECOPIE_POSITION_PAPILLON_01,TENSION_RECOPIE_POSITION_PAPILLON_02,CONSIGNE_POSITION_DEPHASEUR_AAC_ADMISSION,POS_DEPHASEUR_ACC_1,RCO_ELECTROVANNE_DEPHASEUR_ACC_1,ETAT_COH_POSITION_AAC_ADMI_VIL,COMPTDEMMOT,DEBAIRCONS,DEPASSEMENT_SEUIL_ENCRASSEMENT_MOTEUR,COMPTEUR_NB_DEMARRAGE_A_FROID,APP_POS_MINI_PEDALE_1,APP_POS_MINI_PEDALE_2,APP_POS_MAXI_PEDALE_1,APP_POS_MAXI_PEDALE_2,ETAT_APP_BUTEES_PAPILLON_MOTORISE,BESOIN_APPRENTISSAGE_BUTEES_PAPILLON,VALEUR_APP_LIMP_HOME_BPM_SIGNAL_1,VALEUR_APP_LIMP_HOME_BPM_SIGNAL_2,APPRENTISSAGE_BUTE_MINI_PAPILLON_PISTE_01,APPRENTISSAGE_BUTE_MINI_PAPILLON_PISTE_02,ETAT_APP_DEPH_AAC_ADM,VALEUR_APPRENTISSAGE_BUTEE_BASSE_DEPHASEUR_AAC_ADMISSION,STATUS_PREMIER_APP_DEPH_AAC_ADM,COUPLE_MOTEUR_EFFECTIF_AIR,COUPLE_MOTEUR_EFFECTIF_AVANCE,COUPLE_MOTEUR_AVANCE,COUPLE_RESISTANT_MOTEUR_ESTIME,COUPLE_VOLONTE_CONDUCTEUR,REGMOTRALENTI,VITESSE_VEHICULE,PEDALE_ACCELERATEUR_1,PEDALE_ACCELERATEUR_2,POSPEDACC1,POSPEDACC2,VITESSE_CONSIGNE_REGULATION_VITESSE,ETAT_RVV,VITESSE_CONSIGNE_LIMITATION_DE_VITESSE,ETAT_LVV,ETAT_CONTACTEUR_FREIN_PRINCIPAL,ETAT_CONTACTEUR_PEDALE_FREIN,INFORMATION_CAPTEUR_EMBRAYAGE,INFORMATION_POINT_DUR_PEDALE_ACCELERATEUR,RAPPORT_ENGAGE,TYPE_BOITE_VITESSES,ETAT_MTH,ETAT_FONCTIONNEMENT_MOTEUR_THERMIQUE,ETAT_REVEIL_CALCULATEUR,POSITION_PEDALE_EMBRAYAGE,NIVEAU_CARBURANT_AFFICHE,TEMPS_ARRET_MOTEUR,TEMPERATURE_EAU_DERNIER_ARRET_MOTEUR,AUTORISATION_DEMARRAGE_CALCULATEURS_BV,ETAT_GMP,ETAT_REL_GMV_C5,ETAT_GMV_PTIT_C5,CONSIGNE_VITESSE_GMV_C5,ETAT_RELAIS_GMV,ESTIMATION_PUISSANCE_CONSO_COMPRESSEUR_REFRI,PRESSION_CIRCUIT_REFRIGERANT_a,TENSION_ALIMENTATION_CAPTEURS_01,TENSION_ALIMENTATION_CAPTEURS_02,TENSION_ALIMENTATION_CAPTEURS_03,PRESSION_HUILE_MOTEUR,COMMANDE_RELAIS_PUISSANCE,ETATCDEDEM,TEMPERATURE_AIR_EXTERIEUR,BRUIT_CAPTEUR_CLIQUETIS,INFO_DETECTION_CHOC,ETAT_COMMANDE_POMPE_VIDE_ELECTRIQUE,PRESSION_ATMOSPHERIQUE,PRESSION_MASTERVAC,ZAPVNUMBER,SIGNATURE,DATE,MILEAGE,ERASETYPE,NUMBERINTERVENTION,DONNES_ADAPT
1788528093709,2026-09-04T17:21:33.709,0.0,4.0,0.0,1.0,831.0,14.3,37.0,2.82,2.82,2.82,2.82,1.0,0.0,478.0,1.0,0.0,454.0,7.5,7.5,1.9839999999993196E-5,1.9839999999993196E-5,32.0,1.071,0.0,19.0,19.0,-11.0,1.0,1.0,1.0,1.0,0.0,0.0,0.0,0.0,35.0,20.0,20.0,9.200000000000001,357.0,315.0,2.0,2.0,620.0,4370.0,0.0,0.0,0.0,1.0,19475.0,10.200000000000001,0.0,0.0,,,,,,,,,,,,,,-28.75,-2.0,-1.375,28.5625,-28.75,830.0,0.0,390.0,200.0,0.0,0.0,254.0,20.0,0.0,8.0,0.0,0.0,0.0,0.0,8.0,0.0,5.0,1.0,4.0,0.0,10.0,28488.0,101.0,0.0,0.0,0.0,0.0,12.0,0.0,0.0,4.3,5000.0,4990.0,4990.0,1.0,1.0,0.0,31.0,1454.0,0.0,255.0,850.0,317.0,0.0,0.0,1245716.0,3.008,3.0,50.0,
1788528094266,2026-09-04T17:21:34.266,0.0,4.0,0.0,1.0,834.0,14.3,37.0,2.79,2.79,2.79,2.79,1.0,0.0,473.0,1.0,0.0,454.0,7.5,7.5,1.9839999999993196E-5,1.9839999999993196E-5,32.0,1.071,0.0,19.0,19.0,-10.0,3.0,3.0,3.0,3.0,0.0,0.0,0.0,0.0,35.0,21.0,20.0,9.3,357.0,315.0,3.0,3.0,620.0,4370.0,0.0,0.0,0.0,1.0,19475.0,10.5,0.0,0.0,,,,,,,,,,,,,,-28.9375,-0.8125,-1.25,28.75,-28.9375,830.0,0.0,390.0,200.0,0.0,0.0,254.0,20.0,0.0,8.0,0.0,0.0,0.0,0.0,8.0,0.0,5.0,1.0,4.0,0.0,10.0,28488.0,101.0,0.0,0.0,0.0,0.0,12.0,0.0,0.0,4.3,5000.0,4990.0,4980.0,1.0,1.0,0.0,31.0,1472.0,0.0,255.0,850.0,317.0,0.0,0.0,1245716.0,3.008,3.0,50.0,
1788528094700,2026-09-04T17:21:34.700,0.0,4.0,0.0,1.0,826.0,14.3,37.0,2.86,2.86,2.86,2.86,1.0,0.0,478.0,1.0,0.0,454.0,7.5,7.5,1.9839999999993196E-5,1.9839999999993196E-5,32.0,1.071,0.0,19.0,19.0,-12.0,2.0,2.0,2.0,2.0,0.0,0.0,0.0,0.0,35.0,20.0,21.0,9.4,357.0,336.0,3.0,3.0,620.0,4360.0,0.0,0.0,0.0,1.0,19475.0,10.4,1.0,0.0,,,,,,,,,,,,,,-28.875,-2.75,-1.4375,28.6875,-28.875,830.0,0.0,390.0,200.0,0.0,0.0,254.0,20.0,0.0,8.0,0.0,0.0,0.0,0.0,8.0,0.0,5.0,1.0,4.0,0.0,10.0,28488.0,101.0,0.0,0.0,0.0,0.0,12.0,0.0,0.0,4.3,5000.0,4990.0,4980.0,1.0,1.0,0.0,31.0,1642.0,0.0,255.0,850.0,317.0,0.0,0.0,1245716.0,3.008,3.0,50.0,
1788528095253,2026-09-04T17:21:35.253,0.0,4.0,0.0,1.0,824.0,14.3,37.0,2.87,2.87,2.87,2.87,1.0,0.0,478.0,1.0,0.0,458.0,7.5,7.5,1.9839999999993196E-5,1.9839999999993196E-5,32.0,1.07,0.0,19.0,19.0,-12.0,1.0,1.0,1.0,1.0,0.0,0.0,0.0,0.0,35.0,21.0,21.0,9.3,357.0,336.0,3.0,3.0,620.0,4360.0,0.0,0.0,0.0,1.0,19475.0,10.5,1.0,0.0,,,,,,,,,,,,,,-29.0,1.375,0.75,28.8125,-29.0,830.0,0.0,390.0,200.0,0.0,0.0,254.0,20.0,0.0,8.0,0.0,0.0,0.0,0.0,8.0,0.0,5.0,1.0,4.0,0.0,10.0,28488.0,101.0,0.0,0.0,0.0,0.0,12.0,0.0,0.0,4.3,5000.0,4990.0,4990.0,1.0,1.0,0.0,31.0,1763.0,0.0,255.0,850.0,317.0,0.0,0.0,1245716.0,3.008,3.0,50.0,
1788528095805,2026-09-04T17:21:35.805,0.0,4.0,0.0,1.0,835.0,14.3,37.0,2.94,2.94,2.94,2.94,1.0,0.0,478.0,1.0,0.0,454.0,7.5,7.5,1.9839999999993196E-5,1.9839999999993196E-5,32.0,1.07,0.0,18.0,18.0,-14.0,1.0,1.0,1.0,1.0,0.0,0.0,0.0,0.0,35.0,21.0,21.0,9.600000000000001,357.0,336.0,3.0,3.0,620.0,4370.0,0.0,0.0,0.0,1.0,19475.0,10.600000000000001,0.0,0.0,,,,,,,,,,,,,,-29.0625,2.375,0.6875,28.875,-29.0625,830.0,0.0,390.0,200.0,0.0,0.0,254.0,20.0,0.0,8.0,0.0,0.0,0.0,0.0,8.0,0.0,5.0,1.0,4.0,0.0,10.0,28488.0,101.0,0.0,0.0,0.0,0.0,12.0,0.0,0.0,4.3,5000.0,4990.0,4980.0,1.0,1.0,0.0,31.0,1651.0,0.0,255.0,850.0,317.0,0.0,0.0,1245716.0,3.008,3.0,50.0,
1788528096341,2026-09-04T17:21:36.341,0.0,4.0,0.0,1.0,828.0,14.3,37.0,2.9,2.9,2.9,2.9,1.0,0.0,473.0,1.0,0.0,449.0,7.5,7.5,1.9839999999993196E-5,1.9839999999993196E-5,32.0,1.07,0.0,19.0,19.0,-13.0,0.0,0.0,0.0,0.0,0.0,0.0,0.0,0.0,35.0,20.0,21.0,9.5,357.0,336.0,3.0,3.0,620.0,4370.0,0.0,0.0,0.0,1.0,19475.0,10.4,1.0,0.0,,,,,,,,,,,,,,-28.875,-2.3125,-2.125,28.6875,-28.875,830.0,0.0,390.0,200.0,0.0,0.0,254.0,20.0,0.0,8.0,0.0,0.0,0.0,0.0,8.0,0.0,5.0,1.0,4.0,0.0,10.0,28488.0,101.0,0.0,0.0,0.0,0.0,12.0,0.0,0.0,4.3,5000.0,4990.0,4980.0,1.0,1.0,0.0,31.0,1857.0,0.0,255.0,850.0,317.0,0.0,0.0,1245716.0,3.008,3.0,50.0,
1788528097025,2026-09-04T17:21:37.025,0.0,4.0,0.0,1.0,836.0,14.3,37.0,2.84,2.84,2.84,2.84,1.0,0.0,478.0,0.0,0.0,444.0,7.5,7.5,1.9839999999993196E-5,1.9839999999993196E-5,32.0,1.07,0.0,19.0,19.0,-11.0,4.0,4.0,4.0,4.0,0.0,0.0,0.0,0.0,35.0,20.0,20.0,9.200000000000001,357.0,315.0,2.0,2.0,620.0,4370.0,0.0,0.0,0.0,1.0,19475.0,10.3,1.0,0.0,,,,,,,,,,,,,,-29.0,-0.5625,-1.125,28.8125,-29.0,830.0,0.0,390.0,200.0,0.0,0.0,254.0,20.0,0.0,8.0,0.0,0.0,0.0,0.0,8.0,0.0,5.0,1.0,4.0,0.0,10.0,28488.0,101.0,0.0,0.0,0.0,0.0,12.0,0.0,0.0,4.3,5000.0,4990.0,4980.0,1.0,1.0,0.0,31.0,1556.0,0.0,255.0,850.0,317.0,0.0,0.0,1245716.0,3.008,3.0,50.0,
1788528097583,2026-09-04T17:21:37.583,0.0,4.0,0.0,1.0,824.0,14.3,37.0,2.8000000000000003,2.8000000000000003,2.8000000000000003,2.8000000000000003,1.0,0.0,473.0,1.0,0.0,449.0,7.5,7.5,1.9839999999993196E-5,1.9839999999993196E-5,32.0,1.07,0.0,19.0,19.0,-11.0,3.0,3.0,3.0,3.0,0.0,0.0,0.0,0.0,35.0,21.0,20.0,9.1,357.0,315.0,3.0,2.0,620.0,4370.0,0.0,0.0,0.0,1.0,19475.0,10.4,0.0,0.0,,,,,,,,,,,,,,-29.0625,-1.75,-2.125,28.875,-29.0625,829.0,0.0,390.0,200.0,0.0,0.0,254.0,20.0,0.0,8.0,0.0,0.0,0.0,0.0,8.0,0.0,5.0,1.0,4.0,0.0,10.0,28488.0,101.0,0.0,0.0,0.0,0.0,12.0,0.0,0.0,4.3,5000.0,4990.0,4990.0,1.0,1.0,0.0,31.0,1599.0,0.0,255.0,850.0,317.0,0.0,0.0,1245716.0,3.008,3.0,50.0,
1788528098108,2026-09-04T17:21:38.108,0.0,4.0,0.0,1.0,830.0,14.3,38.0,2.82,2.82,2.82,2.82,1.0,0.0,473.0,1.0,0.0,454.0,7.5,7.5,1.9839999999993196E-5,1.9839999999993196E-5,32.0,1.07,0.0,19.0,19.0,-11.0,-1.0,-1.0,-1.0,-1.0,0.0,0.0,0.0,0.0,35.0,20.0,20.0,9.200000000000001,357.0,315.0,2.0,2.0,620.0,4370.0,0.0,0.0,0.0,1.0,19475.0,10.200000000000001,0.0,0.0,,,,,,,,,,,,,,-29.0,-1.0625,-1.6875,28.8125,-29.0,829.0,0.0,390.0,200.0,0.0,0.0,254.0,20.0,0.0,8.0,0.0,0.0,0.0,0.0,8.0,0.0,5.0,1.0,4.0,0.0,10.0,28488.0,101.0,0.0,0.0,0.0,0.0,12.0,0.0,0.0,4.3,5000.0,4990.0,4990.0,1.0,1.0,0.0,31.0,2088.0,0.0,255.0,850.0,317.0,0.0,0.0,1245716.0,3.008,3.0,50.0,
1788528098594,2026-09-04T17:21:38.594,0.0,4.0,0.0,1.0,828.0,14.3,38.0,2.83,2.83,2.83,2.83,1.0,0.0,473.0,1.0,0.0,458.0,7.5,7.5,1.9839999999993196E-5,1.9839999999993196E-5,32.0,1.07,0.0,19.0,19.0,-11.0,2.0,2.0,2.0,2.0,0.0,0.0,0.0,0.0,35.0,20.0,20.0,9.200000000000001,357.0,315.0,2.0,2.0,620.0,4370.0,0.0,0.0,0.0,1.0,19475.0,10.3,1.0,0.0,,,,,,,,,,,,,,-29.0,0.1875,-1.9375,28.8125,-29.0,829.0,0.0,390.0,200.0,0.0,0.0,254.0,20.0,0.0,8.0,0.0,0.0,0.0,0.0,8.0,0.0,5.0,1.0,4.0,0.0,10.0,28488.0,101.0,0.0,0.0,0.0,0.0,12.0,0.0,0.0,4.3,5000.0,4990.0,4970.0,1.0,1.0,0.0,31.0,1431.0,0.0,255.0,850.0,317.0,0.0,0.0,1245716.0,3.008,3.0,50.0,
1788528099056,2026-09-04T17:21:39.056,0.0,4.0,0.0,1.0,825.0,14.3,38.0,2.84,2.84,2.84,2.84,1.0,0.0,478.0,1.0,0.0,454.0,7.5,7.5,1.9839999999993196E-5,1.9839999999993196E-5,32.0,1.07,0.0,19.0,19.0,-11.0,0.0,0.0,0.0,0.0,0.0,0.0,0.0,0.0,35.0,20.0,20.0,9.200000000000001,357.0,315.0,2.0,2.0,620.0,4360.0,0.0,0.0,0.0,1.0,19475.0,10.200000000000001,1.0,0.0,,,,,,,,,,,,,,-28.875,-0.3125,-1.25,28.6875,-28.875,829.0,0.0,390.0,200.0,0.0,0.0,254.0,20.0,0.0,8.0,0.0,0.0,0.0,0.0,8.0,0.0,5.0,1.0,4.0,0.0,10.0,28488.0,101.0,0.0,0.0,0.0,0.0,12.0,0.0,0.0,4.3,5000.0,4990.0,4980.0,1.0,1.0,0.0,31.0,1529.0,0.0,255.0,850.0,317.0,0.0,0.0,1245716.0,3.008,3.0,50.0,
1788528099626,2026-09-04T17:21:39.626,0.0,4.0,0.0,1.0,824.0,14.3,38.0,2.83,2.83,2.83,2.83,1.0,0.0,478.0,1.0,0.0,454.0,7.5,7.5,1.9839999999993196E-5,1.9839999999993196E-5,32.0,1.07,0.0,19.0,19.0,-11.0,2.0,2.0,2.0,2.0,0.0,0.0,0.0,0.0,35.0,20.0,20.0,9.200000000000001,357.0,315.0,2.0,2.0,620.0,4370.0,0.0,0.0,0.0,1.0,19475.0,10.200000000000001,0.0,0.0,,,,,,,,,,,,,,-29.0625,-0.375,-1.125,28.875,-29.0625,828.0,0.0,390.0,200.0,0.0,0.0,254.0,20.0,0.0,8.0,0.0,0.0,0.0,0.0,8.0,0.0,5.0,1.0,4.0,0.0,10.0,28488.0,101.0,0.0,0.0,0.0,0.0,12.0,0.0,0.0,4.3,5000.0,4990.0,4980.0,1.0,1.0,0.0,31.0,1752.0,0.0,255.0,850.0,317.0,0.0,0.0,1245716.0,3.008,3.0,50.0,
1788528100162,2026-09-04T17:21:40.162,0.0,4.0,0.0,1.0,827.0,14.3,38.0,2.83,2.83,2.83,2.83,1.0,0.0,473.0,1.0,0.0,449.0,7.5,7.5,1.9839999999993196E-5,1.9839999999993196E-5,32.0,1.07,0.0,19.0,19.0,-11.0,1.0,1.0,1.0,1.0,0.0,0.0,0.0,0.0,35.0,20.0,20.0,9.3,357.0,315.0,2.0,3.0,620.0,4370.0,0.0,0.0,0.0,1.0,19475.0,10.3,0.0,0.0,,,,,,,,,,,,,,-29.0,-1.75,-1.875,28.8125,-29.0,828.0,0.0,390.0,200.0,0.0,0.0,254.0,20.0,0.0,8.0,0.0,0.0,0.0,0.0,8.0,0.0,5.0,1.0,4.0,0.0,10.0,28488.0,101.0,0.0,0.0,0.0,0.0,12.0,0.0,0.0,4.3,5000.0,4990.0,4980.0,1.0,1.0,0.0,31.0,1362.0,0.0,255.0,850.0,317.0,0.0,0.0,1245716.0,3.008,3.0,50.0,
1788528100768,2026-09-04T17:21:40.768,0.0,4.0,0.0,1.0,831.0,14.200000000000001,38.0,2.83,2.83,2.83,2.83,1.0,0.0,473.0,1.0,0.0,454.0,7.5,7.5,1.9839999999993196E-5,1.9839999999993196E-5,33.0,1.07,0.0,19.0,19.0,-11.0,0.0,0.0,0.0,0.0,0.0,0.0,0.0,0.0,35.0,20.0,21.0,9.200000000000001,357.0,336.0,2.0,2.0,620.0,4370.0,0.0,0.0,0.0,1.0,19475.0,10.100000000000001,1.0,0.0,,,,,,,,,,,,,,-28.875,0.125,-1.5,28.6875,-28.875,828.0,0.0,390.0,200.0,0.0,0.0,254.0,20.0,0.0,8.0,0.0,0.0,0.0,0.0,8.0,0.0,5.0,1.0,4.0,0.0,10.0,28488.0,101.0,0.0,0.0,0.0,0.0,12.0,0.0,0.0,4.3,5000.0,4990.0,4990.0,1.0,1.0,0.0,31.0,1492.0,0.0,255.0,850.0,317.0,0.0,0.0,1245716.0,3.008,3.0,50.0,
1788528101241,2026-09-04T17:21:41.241,0.0,4.0,0.0,1.0,824.0,14.3,38.0,2.84,2.84,2.84,2.84,1.0,0.0,478.0,1.0,0.0,454.0,7.5,7.5,1.9839999999993196E-5,1.9839999999993196E-5,33.0,1.069,0.0,19.0,19.0,-12.0,1.0,1.0,1.0,1.0,0.0,0.0,0.0,0.0,35.0,20.0,21.0,9.3,357.0,315.0,2.0,2.0,620.0,4370.0,0.0,0.0,0.0,1.0,19475.0,10.3,1.0,0.0,,,,,,,,,,,,,,-29.0,-1.3125,-1.125,28.8125,-29.0,828.0,0.0,390.0,200.0,0.0,0.0,254.0,20.0,0.0,8.0,0.0,0.0,0.0,0.0,8.0,0.0,5.0,1.0,4.0,0.0,10.0,28488.0,101.0,0.0,0.0,0.0,0.0,12.0,0.0,0.0,4.3,5000.0,4990.0,4990.0,1.0,1.0,0.0,31.0,1691.0,0.0,255.0,850.0,317.0,0.0,0.0,1245716.0,3.008,3.0,50.0,
1788528101723,2026-09-04T17:21:41.723,0.0,4.0,0.0,1.0,826.0,14.3,38.0,2.84,2.84,2.84,2.84,1.0,0.0,478.0,0.0,0.0,444.0,7.5,7.5,1.9839999999993196E-5,1.9839999999993196E-5,33.0,1.069,0.0,19.0,19.0,-11.0,0.0,0.0,0.0,0.0,0.0,0.0,0.0,0.0,35.0,20.0,20.0,9.3,357.0,315.0,2.0,2.0,620.0,4360.0,0.0,0.0,0.0,1.0,19475.0,10.200000000000001,0.0,0.0,,,,,,,,,,,,,,-29.0625,-0.6875,-0.875,28.875,-29.0625,828.0,0.0,390.0,200.0,0.0,0.0,254.0,20.0,0.0,8.0,0.0,0.0,0.0,0.0,8.0,0.0,5.0,1.0,4.0,0.0,10.0,28488.0,101.0,0.0,0.0,0.0,0.0,12.0,0.0,0.0,4.3,5000.0,4990.0,4980.0,1.0,1.0,0.0,31.0,1699.0,0.0,255.0,850.0,317.0,0.0,0.0,1245716.0,3.008,3.0,50.0,
1788528102351,2026-09-04T17:21:42.351,0.0,4.0,0.0,1.0,824.0,14.3,38.0,2.84,2.84,2.84,2.84,1.0,0.0,478.0,1.0,0.0,449.0,7.5,7.5,1.9839999999993196E-5,1.9839999999993196E-5,33.0,1.069,0.0,19.0,19.0,-11.0,1.0,1.0,1.0,1.0,0.0,0.0,0.0,0.0,35.0,20.0,21.0,9.3,357.0,315.0,2.0,2.0,620.0,4370.0,0.0,0.0,0.0,1.0,19475.0,10.3,0.0,0.0,,,,,,,,,,,,,,-29.0,-0.25,-0.875,28.8125,-29.0,828.0,0.0,390.0,200.0,0.0,0.0,254.0,20.0,0.0,8.0,0.0,0.0,0.0,0.0,8.0,0.0,5.0,1.0,4.0,0.0,10.0,28488.0,101.0,0.0,0.0,0.0,0.0,12.0,0.0,0.0,4.3,5000.0,4990.0,4990.0,1.0,1.0,0.0,31.0,1643.0,0.0,255.0,850.0,317.0,0.0,0.0,1245716.0,3.008,3.0,50.0,
1788528102847,2026-09-04T17:21:42.847,0.0,4.0,0.0,1.0,842.0,14.200000000000001,38.0,2.84,2.84,2.84,2.84,1.0,0.0,483.0,1.0,0.0,458.0,7.5,7.5,1.9839999999993196E-5,1.9839999999993196E-5,33.0,1.069,0.0,19.0,19.0,-11.0,0.0,0.0,0.0,0.0,0.0,0.0,0.0,0.0,35.0,20.0,20.0,9.3,357.0,315.0,2.0,3.0,620.0,4370.0,0.0,0.0,0.0,1.0,19475.0,10.200000000000001,1.0,0.0,,,,,,,,,,,,,,-29.0,-1.8125,-0.8125,28.8125,-29.0,828.0,0.0,390.0,200.0,0.0,0.0,254.0,20.0,0.0,8.0,0.0,0.0,0.0,0.0,8.0,0.0,5.0,1.0,4.0,0.0,10.0,28488.0,101.0,0.0,0.0,0.0,0.0,12.0,0.0,0.0,4.3,5000.0,4990.0,4980.0,1.0,1.0,0.0,31.0,1438.0,0.0,255.0,850.0,317.0,0.0,0.0,1245716.0,3.008,3.0,50.0,
1788528103393,2026-09-04T17:21:43.393,0.0,4.0,0.0,1.0,822.0,14.3,38.0,2.84,2.84,2.84,2.84,1.0,0.0,478.0,1.0,0.0,458.0,7.5,7.5,1.9839999999993196E-5,1.9839999999993196E-5,33.0,1.069,0.0,19.0,19.0,-12.0,1.0,1.0,1.0,1.0,0.0,0.0,0.0,0.0,35.0,20.0,21.0,9.200000000000001,357.0,336.0,2.0,3.0,620.0,4360.0,0.0,0.0,0.0,1.0,19475.0,10.3,0.0,0.0,,,,,,,,,,,,,,-28.9375,-1.5625,-0.9375,28.75,-28.9375,827.0,0.0,390.0,200.0,0.0,0.0,254.0,20.0,0.0,8.0,0.0,0.0,0.0,0.0,8.0,0.0,5.0,1.0,4.0,0.0,10.0,28488.0,101.0,0.0,0.0,0.0,0.0,12.0,0.0,0.0,4.3,5000.0,4990.0,4970.0,1.0,1.0,0.0,31.0,1717.0,0.0,255.0,850.0,318.0,0.0,0.0,1245716.0,3.008,3.0,50.0,
1788528103839,2026-09-04T17:21:43.839,0.0,4.0,0.0,1.0,830.0,14.3,38.0,2.84,2.84,2.84,2.84,1.0,0.0,478.0,1.0,0.0,449.0,7.5,7.5,1.9839999999993196E-5,1.9839999999993196E-5,33.0,1.069,0.0,19.0,19.0,-11.0,1.0,1.0,1.0,1.0,0.0,0.0,0.0,0.0,35.0,20.0,21.0,9.200000000000001,357.0,315.0,2.0,2.0,620.0,4370.0,0.0,0.0,0.0,1.0,19475.0,10.200000000000001,0.0,0.0,,,,,,,,,,,,,,-28.75,-1.6875,-2.125,28.5625,-28.75,827.0,0.0,390.0,200.0,0.0,0.0,254.0,20.0,0.0,8.0,0.0,0.0,0.0,0.0,8.0,0.0,5.0,1.0,4.0,0.0,10.0,28488.0,101.0,0.0,0.0,0.0,0.0,12.0,0.0,0.0,4.3,5000.0,4990.0,4990.0,1.0,1.0,0.0,31.0,1566.0,0.0,255.0,850.0,318.0,0.0,0.0,1245716.0,3.008,3.0,50.0,
1788528104384,2026-09-04T17:21:44.384,0.0,4.0,0.0,1.0,827.0,14.200000000000001,38.0,2.84,2.84,2.84,2.84,1.0,0.0,473.0,1.0,0.0,449.0,7.5,7.5,1.9839999999993196E-5,1.9839999999993196E-5,33.0,1.069,0.0,19.0,19.0,-12.0,2.0,2.0,2.0,2.0,0.0,0.0,0.0,0.0,35.0,21.0,21.0,9.200000000000001,357.0,315.0,3.0,2.0,620.0,4370.0,0.0,0.0,0.0,1.0,19475.0,10.4,1.0,0.0,,,,,,,,,,,,,,-28.9375,-1.1875,-1.0,28.75,-28.9375,827.0,0.0,390.0,200.0,0.0,0.0,254.0,20.0,0.0,8.0,0.0,0.0,0.0,0.0,8.0,0.0,5.0,1.0,4.0,0.0,10.0,28488.0,101.0,0.0,0.0,0.0,0.0,12.0,0.0,0.0,4.3,5000.0,4990.0,4980.0,1.0,1.0,0.0,31.0,1591.0,0.0,255.0,850.0,318.0,0.0,0.0,1245716.0,3.008,3.0,50.0,
1788528104819,2026-09-04T17:21:44.819,0.0,4.0,0.0,1.0,829.0,14.3,38.0,2.87,2.87,2.87,2.87,1.0,0.0,478.0,1.0,0.0,454.0,7.5,7.5,1.9839999999993196E-5,1.9839999999993196E-5,33.0,1.069,0.0,19.0,19.0,-12.0,1.0,1.0,1.0,1.0,0.0,0.0,0.0,0.0,35.0,20.0,21.0,9.3,357.0,336.0,2.0,2.0,620.0,4370.0,0.0,0.0,0.0,1.0,19475.0,10.3,1.0,0.0,,,,,,,,,,,,,,-29.0,-1.9375,-1.875,28.8125,-29.0,827.0,0.0,390.0,200.0,0.0,0.0,254.0,20.0,0.0,8.0,0.0,0.0,0.0,0.0,8.0,0.0,5.0,1.0,4.0,0.0,10.0,28488.0,101.0,0.0,0.0,0.0,0.0,12.0,0.0,0.0,4.3,5000.0,4990.0,4980.0,1.0,1.0,0.0,31.0,1559.0,0.0,255.0,850.0,318.0,0.0,0.0,1245716.0,3.008,3.0,50.0,
1788528105303,2026-09-04T17:21:45.303,0.0,4.0,0.0,1.0,828.0,14.3,38.0,2.85,2.85,2.85,2.85,1.0,0.0,478.0,1.0,0.0,454.0,7.5,7.5,1.9839999999993196E-5,1.9839999999993196E-5,33.0,1.069,0.0,19.0,19.0,-12.0,1.0,1.0,1.0,1.0,0.0,0.0,0.0,0.0,35.0,20.0,21.0,9.200000000000001,357.0,315.0,2.0,2.0,620.0,4360.0,0.0,0.0,0.0,1.0,19475.0,10.100000000000001,0.0,0.0,,,,,,,,,,,,,,-29.0,-1.4375,0.125,28.8125,-29.0,827.0,0.0,390.0,200.0,0.0,0.0,254.0,20.0,0.0,8.0,0.0,0.0,0.0,0.0,8.0,0.0,5.0,1.0,4.0,0.0,10.0,28488.0,101.0,0.0,0.0,0.0,0.0,12.0,0.0,0.0,4.3,5000.0,4990.0,4980.0,1.0,1.0,0.0,31.0,2193.0,0.0,255.0,850.0,318.0,0.0,0.0,1245716.0,3.008,3.0,50.0,
1788528105840,2026-09-04T17:21:45.840,0.0,4.0,0.0,1.0,827.0,14.3,38.0,2.88,2.88,2.88,2.88,1.0,0.0,478.0,1.0,0.0,458.0,7.5,7.5,1.9839999999993196E-5,1.9839999999993196E-5,33.0,1.069,0.0,19.0,19.0,-12.0,-1.0,-1.0,-1.0,-1.0,0.0,0.0,0.0,0.0,35.0,20.0,21.0,9.3,357.0,315.0,2.0,3.0,620.0,4370.0,0.0,0.0,0.0,1.0,19475.0,10.3,0.0,0.0,,,,,,,,,,,,,,-28.9375,-0.9375,-1.25,28.75,-28.9375,827.0,0.0,390.0,200.0,0.0,0.0,254.0,20.0,0.0,8.0,0.0,0.0,0.0,0.0,8.0,0.0,5.0,1.0,4.0,0.0,10.0,28488.0,101.0,0.0,0.0,0.0,0.0,12.0,0.0,0.0,4.3,5000.0,4990.0,4980.0,1.0,1.0,0.0,31.0,1480.0,0.0,255.0,850.0,318.0,0.0,0.0,1245716.0,3.008,3.0,50.0,
1788528106426,2026-09-04T17:21:46.426,0.0,4.0,0.0,1.0,826.0,14.3,38.0,2.85,2.85,2.85,2.85,1.0,0.0,478.0,1.0,0.0,454.0,7.5,7.5,1.9839999999993196E-5,1.9839999999993196E-5,33.0,1.068,0.0,19.0,19.0,-12.0,-1.0,-1.0,-1.0,-1.0,0.0,0.0,0.0,0.0,35.0,20.0,21.0,9.200000000000001,357.0,315.0,2.0,2.0,620.0,4360.0,0.0,0.0,0.0,1.0,19475.0,10.200000000000001,1.0,0.0,,,,,,,,,,,,,,-29.0,-1.125,-1.0,28.8125,-29.0,827.0,0.0,390.0,200.0,0.0,0.0,254.0,20.0,0.0,8.0,0.0,0.0,0.0,0.0,8.0,0.0,5.0,1.0,4.0,0.0,10.0,28488.0,101.0,0.0,0.0,0.0,0.0,12.0,0.0,0.0,4.3,5000.0,4990.0,4980.0,1.0,1.0,0.0,31.0,1378.0,0.0,255.0,850.0,317.0,0.0,0.0,1245716.0,3.008,3.0,50.0,
1788528106923,2026-09-04T17:21:46.923,0.0,4.0,0.0,1.0,825.0,14.3,38.0,2.84,2.84,2.84,2.84,1.0,0.0,478.0,1.0,0.0,449.0,7.5,7.5,1.9839999999993196E-5,1.9839999999993196E-5,33.0,1.068,0.0,19.0,19.0,-11.0,3.0,3.0,3.0,3.0,0.0,0.0,0.0,0.0,35.0,20.0,21.0,9.200000000000001,357.0,315.0,2.0,2.0,620.0,4370.0,0.0,0.0,0.0,1.0,19475.0,10.200000000000001,1.0,0.0,,,,,,,,,,,,,,-29.0,-2.6875,-1.4375,28.8125,-29.0,826.0,0.0,390.0,200.0,0.0,0.0,254.0,20.0,0.0,8.0,0.0,0.0,0.0,0.0,8.0,0.0,5.0,1.0,4.0,0.0,10.0,28488.0,101.0,0.0,0.0,0.0,0.0,12.0,0.0,0.0,4.3,5000.0,4990.0,4990.0,1.0,1.0,0.0,31.0,1914.0,0.0,255.0,850.0,317.0,0.0,0.0,1245716.0,3.008,3.0,50.0,
1788528107579,2026-09-04T17:21:47.579,0.0,4.0,0.0,1.0,826.0,14.3,39.0,2.84,2.84,2.84,2.84,1.0,0.0,478.0,1.0,0.0,449.0,7.5,7.5,1.9839999999993196E-5,1.9839999999993196E-5,33.0,1.068,0.0,19.0,19.0,-12.0,4.0,4.0,4.0,4.0,0.0,0.0,0.0,0.0,35.0,20.0,21.0,9.200000000000001,357.0,315.0,2.0,2.0,620.0,4370.0,0.0,0.0,0.0,1.0,19475.0,10.3,0.0,0.0,,,,,,,,,,,,,,-28.875,0.6875,-1.5625,28.6875,-28.875,826.0,0.0,390.0,200.0,0.0,0.0,254.0,20.0,0.0,8.0,0.0,0.0,0.0,0.0,8.0,0.0,5.0,1.0,4.0,0.0,10.0,28488.0,101.0,0.0,0.0,0.0,0.0,12.0,0.0,0.0,4.3,5000.0,4990.0,4980.0,1.0,1.0,0.0,31.0,1974.0,0.0,255.0,850.0,317.0,0.0,0.0,1245716.0,3.008,3.0,50.0,
1788528108079,2026-09-04T17:21:48.079,0.0,4.0,0.0,1.0,819.0,14.3,39.0,2.84,2.84,2.84,2.84,1.0,0.0,473.0,1.0,0.0,454.0,7.5,7.5,1.9839999999993196E-5,1.9839999999993196E-5,33.0,1.068,0.0,19.0,19.0,-11.0,0.0,0.0,0.0,0.0,0.0,0.0,0.0,0.0,35.0,20.0,20.0,9.200000000000001,357.0,315.0,2.0,2.0,620.0,4370.0,0.0,0.0,0.0,1.0,19475.0,10.3,0.0,0.0,,,,,,,,,,,,,,-29.0625,-0.375,-1.3125,28.875,-29.0625,826.0,0.0,390.0,200.0,0.0,0.0,254.0,20.0,0.0,8.0,0.0,0.0,0.0,0.0,8.0,0.0,5.0,1.0,4.0,0.0,10.0,28488.0,101.0,0.0,0.0,0.0,0.0,12.0,0.0,0.0,4.3,5000.0,4990.0,4990.0,1.0,1.0,0.0,31.0,1867.0,0.0,255.0,850.0,317.0,0.0,0.0,1245716.0,3.008,3.0,50.0,
1788528108549,2026-09-04T17:21:48.549,0.0,4.0,0.0,1.0,829.0,14.200000000000001,39.0,2.83,2.83,2.83,2.83,1.0,0.0,478.0,0.0,0.0,439.0,7.5,7.5,1.9839999999993196E-5,1.9839999999993196E-5,33.0,1.068,0.0,19.0,19.0,-11.0,2.0,2.0,2.0,2.0,0.0,0.0,0.0,0.0,35.0,20.0,20.0,9.200000000000001,357.0,315.0,2.0,2.0,620.0,4370.0,0.0,0.0,0.0,1.0,19475.0,10.200000000000001,1.0,0.0,,,,,,,,,,,,,,-29.0,-2.0,-2.125,28.8125,-29.0,826.0,0.0,390.0,200.0,0.0,0.0,254.0,20.0,0.0,8.0,0.0,0.0,0.0,0.0,8.0,0.0,5.0,1.0,4.0,0.0,10.0,28488.0,101.0,0.0,0.0,0.0,0.0,12.0,0.0,0.0,4.3,5000.0,4990.0,4980.0,1.0,1.0,0.0,31.0,1590.0,0.0,255.0,850.0,317.0,0.0,0.0,1245716.0,3.008,3.0,50.0,
1788528108999,2026-09-04T17:21:48.999,0.0,4.0,0.0,1.0,831.0,14.3,39.0,2.8000000000000003,2.8000000000000003,2.8000000000000003,2.8000000000000003,1.0,0.0,473.0,1.0,0.0,454.0,7.5,7.5,1.9839999999993196E-5,1.9839999999993196E-5,33.0,1.068,0.0,19.0,19.0,-11.0,3.0,3.0,3.0,3.0,0.0,0.0,0.0,0.0,35.0,20.0,20.0,9.200000000000001,357.0,315.0,2.0,2.0,620.0,4370.0,0.0,0.0,0.0,1.0,19475.0,10.200000000000001,1.0,0.0,,,,,,,,,,,,,,-29.0,-3.375,-2.3125,28.8125,-29.0,826.0,0.0,390.0,200.0,0.0,0.0,254.0,20.0,0.0,8.0,0.0,0.0,0.0,0.0,8.0,0.0,5.0,1.0,4.0,0.0,10.0,28488.0,101.0,0.0,0.0,0.0,0.0,12.0,0.0,0.0,4.3,5000.0,4990.0,4980.0,1.0,1.0,0.0,31.0,1602.0,0.0,255.0,850.0,317.0,0.0,0.0,1245716.0,3.008,3.0,50.0,
1788528109504,2026-09-04T17:21:49.504,0.0,4.0,0.0,1.0,834.0,14.3,39.0,2.82,2.82,2.82,2.82,1.0,0.0,478.0,1.0,0.0,463.0,7.5,7.5,1.9839999999993196E-5,1.9839999999993196E-5,33.0,1.068,0.0,19.0,19.0,-11.0,0.0,0.0,0.0,0.0,0.0,0.0,0.0,0.0,35.0,20.0,20.0,9.200000000000001,357.0,336.0,2.0,3.0,620.0,4370.0,0.0,0.0,0.0,1.0,19475.0,10.200000000000001,0.0,0.0,,,,,,,,,,,,,,-28.9375,-1.875,-2.1875,28.75,-28.9375,825.0,0.0,390.0,200.0,0.0,0.0,254.0,20.0,0.0,8.0,0.0,0.0,0.0,0.0,8.0,0.0,5.0,1.0,4.0,0.0,10.0,28488.0,101.0,0.0,0.0,0.0,0.0,12.0,0.0,0.0,4.3,5000.0,4990.0,4980.0,1.0,1.0,0.0,31.0,1769.0,0.0,255.0,850.0,317.0,0.0,0.0,1245716.0,3.008,3.0,50.0,
1788528109966,2026-09-04T17:21:49.966,0.0,4.0,0.0,1.0,828.0,14.3,39.0,2.81,2.81,2.81,2.81,1.0,0.0,473.0,1.0,0.0,454.0,7.5,7.5,1.9839999999993196E-5,1.9839999999993196E-5,33.0,1.066,0.0,19.0,19.0,-11.0,1.0,1.0,1.0,1.0,0.0,0.0,0.0,0.0,35.0,21.0,20.0,9.1,357.0,315.0,2.0,2.0,620.0,4360.0,0.0,0.0,0.0,1.0,19475.0,10.200000000000001,0.0,0.0,,,,,,,,,,,,,,-28.875,-0.25,0.125,28.6875,-28.875,825.0,0.0,390.0,200.0,0.0,0.0,254.0,20.0,0.0,8.0,0.0,0.0,0.0,0.0,8.0,0.0,5.0,1.0,4.0,0.0,10.0,28488.0,101.0,0.0,0.0,0.0,0.0,12.0,0.0,0.0,4.3,5000.0,4990.0,4990.0,1.0,1.0,0.0,31.0,1888.0,0.0,255.0,850.0,317.0,0.0,0.0,1245716.0,3.008,3.0,50.0,
1788528110439,2026-09-04T17:21:50.439,0.0,4.0,0.0,1.0,829.0,14.3,39.0,2.82,2.82,2.82,2.82,1.0,0.0,478.0,1.0,0.0,449.0,7.5,7.5,1.9839999999993196E-5,1.9839999999993196E-5,33.0,1.066,0.0,19.0,19.0,-11.0,2.0,2.0,2.0,2.0,0.0,0.0,0.0,0.0,35.0,20.0,20.0,9.200000000000001,357.0,315.0,2.0,2.0,620.0,4370.0,0.0,0.0,0.0,1.0,19475.0,10.100000000000001,1.0,0.0,,,,,,,,,,,,,,-28.9375,-1.0,-1.5625,28.75,-28.9375,825.0,0.0,390.0,200.0,0.0,0.0,254.0,20.0,0.0,8.0,0.0,0.0,0.0,0.0,8.0,0.0,5.0,1.0,4.0,0.0,10.0,28488.0,101.0,0.0,0.0,0.0,0.0,12.0,0.0,0.0,4.3,5000.0,4990.0,4980.0,1.0,1.0,0.0,31.0,1477.0,0.0,255.0,850.0,317.0,0.0,0.0,1245716.0,3.008,3.0,50.0,
1788528110951,2026-09-04T17:21:50.951,0.0,4.0,0.0,1.0,826.0,14.3,40.0,2.82,2.82,2.82,2.82,1.0,0.0,478.0,1.0,0.0,454.0,7.5,7.5,1.9839999999993196E-5,1.9839999999993196E-5,33.0,1.066,0.0,19.0,19.0,-11.0,0.0,0.0,0.0,0.0,0.0,0.0,0.0,0.0,35.0,20.0,20.0,9.200000000000001,357.0,315.0,2.0,2.0,620.0,4370.0,0.0,0.0,0.0,1.0,19475.0,10.200000000000001,1.0,0.0,,,,,,,,,,,,,,-29.0,-2.0625,-1.9375,28.8125,-29.0,825.0,0.0,390.0,200.0,0.0,0.0,254.0,20.0,0.0,8.0,0.0,0.0,0.0,0.0,8.0,0.0,5.0,1.0,4.0,0.0,10.0,28488.0,101.0,0.0,0.0,0.0,0.0,12.0,0.0,0.0,4.3,5000.0,4990.0,4980.0,1.0,1.0,0.0,31.0,1521.0,0.0,255.0,850.0,317.0,0.0,0.0,1245716.0,3.008,3.0,50.0,
1788528111504,2026-09-04T17:21:51.504,0.0,4.0,0.0,1.0,830.0,14.3,39.0,2.82,2.82,2.82,2.82,1.0,0.0,468.0,1.0,0.0,454.0,7.5,7.5,1.9839999999993196E-5,1.9839999999993196E-5,33.0,1.066,0.0,19.0,19.0,-11.0,4.0,4.0,4.0,4.0,0.0,0.0,0.0,0.0,35.0,20.0,20.0,9.200000000000001,357.0,315.0,2.0,2.0,620.0,4360.0,0.0,0.0,0.0,1.0,19475.0,10.3,0.0,0.0,,,,,,,,,,,,,,-29.0,-0.9375,-2.5625,28.8125,-29.0,825.0,0.0,390.0,200.0,0.0,0.0,254.0,20.0,0.0,8.0,0.0,0.0,0.0,0.0,8.0,0.0,5.0,1.0,4.0,0.0,10.0,28488.0,101.0,0.0,0.0,0.0,0.0,12.0,0.0,0.0,4.3,5000.0,4990.0,4980.0,1.0,1.0,0.0,31.0,1463.0,0.0,255.0,850.0,317.0,0.0,0.0,1245716.0,3.008,3.0,50.0,
1788528112028,2026-09-04T17:21:52.028,0.0,4.0,0.0,1.0,822.0,14.3,40.0,2.81,2.81,2.81,2.81,1.0,0.0,478.0,1.0,0.0,454.0,7.5,7.5,1.9839999999993196E-5,1.9839999999993196E-5,33.0,1.066,0.0,19.0,19.0,-11.0,2.0,2.0,2.0,2.0,0.0,0.0,0.0,0.0,35.0,20.0,20.0,9.1,357.0,315.0,2.0,2.0,620.0,4360.0,0.0,0.0,0.0,1.0,19475.0,10.100000000000001,0.0,0.0,,,,,,,,,,,,,,-29.125,-1.875,-2.625,28.9375,-29.125,825.0,0.0,390.0,200.0,0.0,0.0,254.0,20.0,0.0,8.0,0.0,0.0,0.0,0.0,8.0,0.0,5.0,1.0,4.0,0.0,10.0,28488.0,101.0,0.0,0.0,0.0,0.0,12.0,0.0,0.0,4.3,5000.0,4990.0,4980.0,1.0,1.0,0.0,31.0,1474.0,0.0,255.0,850.0,317.0,0.0,0.0,1245716.0,3.008,3.0,50.0,
1788528112651,2026-09-04T17:21:52.651,0.0,4.0,0.0,1.0,828.0,14.3,40.0,2.81,2.81,2.81,2.81,1.0,0.0,463.0,1.0,0.0,458.0,7.5,7.5,1.9839999999993196E-5,1.9839999999993196E-5,33.0,1.066,0.0,19.0,19.0,-11.0,1.0,1.0,1.0,1.0,0.0,0.0,0.0,0.0,35.0,20.0,20.0,9.200000000000001,357.0,315.0,2.0,2.0,620.0,4370.0,0.0,0.0,0.0,1.0,19475.0,9.9,1.0,0.0,,,,,,,,,,,,,,-29.0,-0.1875,-1.5,28.8125,-29.0,825.0,0.0,390.0,200.0,0.0,0.0,254.0,20.0,0.0,8.0,0.0,0.0,0.0,0.0,8.0,0.0,5.0,1.0,4.0,0.0,10.0,28488.0,101.0,0.0,0.0,0.0,0.0,12.0,0.0,0.0,4.3,5000.0,4990.0,4980.0,1.0,1.0,0.0,31.0,1218.0,0.0,255.0,850.0,317.0,0.0,0.0,1245716.0,3.008,3.0,50.0,
1788528113123,2026-09-04T17:21:53.123,0.0,4.0,0.0,1.0,831.0,14.200000000000001,40.0,2.8000000000000003,2.8000000000000003,2.8000000000000003,2.8000000000000003,1.0,0.0,478.0,1.0,0.0,449.0,7.5,7.5,1.9839999999993196E-5,1.9839999999993196E-5,33.0,1.066,0.0,19.0,19.0,-11.0,3.0,3.0,3.0,3.0,0.0,0.0,0.0,0.0,35.0,20.0,20.0,9.1,357.0,315.0,2.0,2.0,620.0,4370.0,0.0,0.0,0.0,1.0,19475.0,10.200000000000001,1.0,0.0,,,,,,,,,,,,,,-29.0625,-3.0625,-3.0,28.875,-29.0625,825.0,0.0,390.0,200.0,0.0,0.0,254.0,20.0,0.0,8.0,0.0,0.0,0.0,0.0,8.0,0.0,5.0,1.0,4.0,0.0,10.0,28488.0,101.0,0.0,0.0,0.0,0.0,12.0,0.0,0.0,4.3,5000.0,4990.0,4980.0,1.0,1.0,0.0,31.0,1446.0,0.0,255.0,850.0,317.0,0.0,0.0,1245716.0,3.008,3.0,50.0,
1788528113639,2026-09-04T17:21:53.639,0.0,4.0,0.0,1.0,829.0,14.3,40.0,2.8000000000000003,2.8000000000000003,2.8000000000000003,2.8000000000000003,1.0,0.0,478.0,1.0,0.0,454.0,7.5,7.5,1.9839999999993196E-5,1.9839999999993196E-5,33.0,1.066,0.0,19.0,19.0,-11.0,1.0,1.0,1.0,1.0,0.0,0.0,0.0,0.0,35.0,20.0,20.0,9.1,357.0,315.0,2.0,2.0,620.0,4370.0,0.0,0.0,0.0,1.0,19475.0,10.0,0.0,0.0,,,,,,,,,,,,,,-29.0625,-1.125,-1.25,28.875,-29.0625,824.0,0.0,390.0,200.0,0.0,0.0,254.0,20.0,0.0,8.0,0.0,0.0,0.0,0.0,8.0,0.0,5.0,1.0,4.0,0.0,10.0,28488.0,101.0,0.0,0.0,0.0,0.0,12.0,0.0,0.0,4.3,5000.0,4990.0,4980.0,1.0,1.0,0.0,31.0,1361.0,0.0,255.0,850.0,317.0,0.0,0.0,1245716.0,3.008,3.0,50.0,
1788528114153,2026-09-04T17:21:54.153,0.0,4.0,0.0,1.0,825.0,14.3,40.0,2.73,2.73,2.73,2.73,1.0,0.0,473.0,1.0,0.0,458.0,7.5,7.5,1.9839999999993196E-5,1.9839999999993196E-5,33.0,1.065,0.0,19.0,19.0,-9.0,0.0,0.0,0.0,0.0,0.0,0.0,0.0,0.0,35.0,19.0,20.0,9.0,336.0,315.0,2.0,2.0,620.0,4370.0,0.0,0.0,0.0,1.0,19475.0,9.9,0.0,0.0,,,,,,,,,,,,,,-29.125,-1.1875,-1.3125,28.9375,-29.125,823.0,0.0,390.0,200.0,0.0,0.0,254.0,20.0,0.0,8.0,0.0,0.0,0.0,0.0,8.0,0.0,5.0,1.0,4.0,0.0,10.0,28488.0,101.0,0.0,0.0,0.0,0.0,12.0,0.0,0.0,4.3,5000.0,4990.0,4980.0,1.0,1.0,0.0,31.0,1829.0,0.0,255.0,850.0,317.0,0.0,0.0,1245716.0,3.008,3.0,50.0,
1788528114741,2026-09-04T17:21:54.741,0.0,4.0,0.0,1.0,825.0,14.200000000000001,40.0,2.7600000000000002,2.7600000000000002,2.7600000000000002,2.7600000000000002,1.0,0.0,478.0,1.0,0.0,449.0,7.5,7.5,1.9839999999993196E-5,1.9839999999993196E-5,33.0,1.065,0.0,19.0,19.0,-9.0,2.0,2.0,2.0,2.0,0.0,0.0,0.0,0.0,35.0,20.0,20.0,9.0,357.0,315.0,2.0,2.0,620.0,4360.0,0.0,0.0,0.0,1.0,19475.0,9.9,1.0,0.0,,,,,,,,,,,,,,-29.0625,-1.625,-2.125,28.875,-29.0625,824.0,0.0,390.0,200.0,0.0,0.0,254.0,20.0,0.0,8.0,0.0,0.0,0.0,0.0,8.0,0.0,5.0,1.0,4.0,0.0,10.0,28488.0,101.0,0.0,0.0,0.0,0.0,12.0,0.0,0.0,4.3,5000.0,4990.0,4980.0,1.0,1.0,0.0,31.0,1573.0,0.0,255.0,850.0,317.0,0.0,0.0,1245716.0,3.008,3.0,50.0,
1788528115241,2026-09-04T17:21:55.241,0.0,4.0,0.0,1.0,825.0,14.3,40.0,2.7800000000000002,2.7800000000000002,2.7800000000000002,2.7800000000000002,1.0,0.0,483.0,1.0,0.0,454.0,95.5,7.5,1.9839999999993196E-5,1.9839999999993196E-5,33.0,1.065,0.0,19.0,19.0,-10.0,3.0,3.0,3.0,3.0,0.0,0.0,0.0,0.0,35.0,20.0,20.0,9.0,357.0,315.0,2.0,2.0,620.0,4370.0,0.0,0.0,0.0,1.0,19475.0,10.200000000000001,1.0,0.0,,,,,,,,,,,,,,-29.125,-1.6875,-1.75,28.9375,-29.125,823.0,0.0,390.0,200.0,0.0,0.0,254.0,20.0,0.0,8.0,0.0,0.0,0.0,0.0,8.0,0.0,5.0,1.0,4.0,0.0,10.0,28488.0,101.0,0.0,0.0,0.0,0.0,12.0,0.0,0.0,4.3,5000.0,4990.0,4990.0,1.0,1.0,0.0,31.0,1570.0,0.0,255.0,850.0,317.0,0.0,0.0,1245716.0,3.008,3.0,50.0,
1788528115759,2026-09-04T17:21:55.759,0.0,4.0,0.0,1.0,827.0,14.3,40.0,2.77,2.77,2.77,2.77,1.0,0.0,498.0,1.0,0.0,454.0,95.5,7.5,1.9839999999993196E-5,1.9839999999993196E-5,33.0,1.065,0.0,19.0,19.0,-10.0,1.0,1.0,1.0,1.0,0.0,0.0,0.0,0.0,35.0,20.0,20.0,9.0,357.0,315.0,2.0,2.0,620.0,4370.0,0.0,0.0,0.0,1.0,19475.0,10.100000000000001,0.0,0.0,,,,,,,,,,,,,,-29.125,-1.5625,-1.5625,28.9375,-29.125,823.0,0.0,390.0,200.0,0.0,0.0,254.0,20.0,0.0,8.0,0.0,0.0,0.0,0.0,8.0,0.0,5.0,1.0,4.0,0.0,10.0,28488.0,101.0,0.0,0.0,0.0,0.0,13.0,0.0,0.0,4.3,5000.0,4990.0,4990.0,1.0,1.0,0.0,31.0,1603.0,0.0,255.0,850.0,317.0,0.0,0.0,1245716.0,3.008,3.0,50.0,
1788528116198,2026-09-04T17:21:56.198,0.0,4.0,0.0,1.0,825.0,14.3,40.0,2.77,2.77,2.77,2.77,1.0,0.0,541.0,1.0,0.0,454.0,95.5,7.5,1.9839999999993196E-5,1.9839999999993196E-5,33.0,1.065,0.0,19.0,19.0,-10.0,4.0,4.0,4.0,4.0,0.0,0.0,0.0,0.0,35.0,21.0,20.0,9.1,357.0,315.0,3.0,2.0,620.0,4370.0,0.0,0.0,0.0,1.0,19475.0,10.4,0.0,0.0,,,,,,,,,,,,,,-29.25,-0.4375,-1.875,29.0625,-29.25,823.0,0.0,390.0,200.0,0.0,0.0,254.0,20.0,0.0,8.0,0.0,0.0,0.0,0.0,8.0,0.0,5.0,1.0,4.0,0.0,10.0,28488.0,101.0,0.0,0.0,0.0,0.0,13.0,0.0,0.0,4.3,5000.0,4990.0,4990.0,1.0,1.0,0.0,31.0,1677.0,0.0,255.0,850.0,317.0,0.0,0.0,1245716.0,3.008,3.0,50.0,
1788528116761,2026-09-04T17:21:56.761,0.0,4.0,0.0,1.0,825.0,14.3,40.0,2.7800000000000002,2.7800000000000002,2.7800000000000002,2.7800000000000002,1.0,0.0,590.0,1.0,0.0,454.0,95.5,7.5,1.9839999999993196E-5,1.9839999999993196E-5,33.0,1.065,0.0,19.0,19.0,-10.0,2.0,2.0,2.0,2.0,0.0,0.0,0.0,0.0,35.0,20.0,20.0,9.1,357.0,315.0,2.0,2.0,620.0,4370.0,0.0,0.0,0.0,1.0,19475.0,10.100000000000001,1.0,0.0,,,,,,,,,,,,,,-29.3125,-1.6875,-1.4375,29.125,-29.3125,823.0,0.0,390.0,200.0,0.0,0.0,254.0,20.0,0.0,8.0,0.0,0.0,0.0,0.0,8.0,0.0,5.0,1.0,4.0,0.0,10.0,28488.0,101.0,0.0,0.0,0.0,0.0,13.0,0.0,0.0,4.3,5000.0,4990.0,4980.0,1.0,1.0,0.0,31.0,1778.0,0.0,255.0,850.0,317.0,0.0,0.0,1245716.0,3.008,3.0,50.0,
1788528117304,2026-09-04T17:21:57.304,0.0,4.0,0.0,1.0,825.0,14.3,40.0,2.79,2.79,2.79,2.79,1.0,0.0,668.0,1.0,0.0,454.0,95.0,7.5,1.9839999999993196E-5,1.9839999999993196E-5,33.0,1.065,0.0,19.0,19.0,-10.0,1.0,1.0,1.0,1.0,0.0,0.0,0.0,0.0,35.0,20.0,20.0,9.1,357.0,315.0,2.0,2.0,620.0,4370.0,0.0,0.0,0.0,1.0,19475.0,10.100000000000001,1.0,0.0,,,,,,,,,,,,,,-29.1875,-1.75,-1.1875,29.0,-29.1875,823.0,0.0,390.0,200.0,0.0,0.0,254.0,20.0,0.0,8.0,0.0,0.0,0.0,0.0,8.0,0.0,5.0,1.0,4.0,0.0,10.0,28488.0,101.0,0.0,0.0,0.0,0.0,13.0,0.0,0.0,4.3,5000.0,4990.0,4980.0,1.0,1.0,0.0,31.0,1620.0,0.0,255.0,850.0,317.0,0.0,0.0,1245716.0,3.008,3.0,50.0,
1788528117943,2026-09-04T17:21:57.943,0.0,4.0,0.0,1.0,824.0,14.200000000000001,40.0,2.79,2.79,2.79,2.79,1.0,0.0,727.0,1.0,0.0,454.0,95.0,7.5,1.9839999999993196E-5,1.9839999999993196E-5,33.0,1.065,0.0,19.0,19.0,-11.0,2.0,2.0,2.0,2.0,0.0,0.0,0.0,0.0,35.0,20.0,20.0,9.1,357.0,315.0,2.0,2.0,620.0,4370.0,0.0,0.0,0.0,1.0,19475.0,10.100000000000001,0.0,0.0,,,,,,,,,,,,,,-28.9375,-0.9375,-1.0,28.75,-28.9375,823.0,0.0,390.0,200.0,0.0,0.0,254.0,20.0,0.0,8.0,0.0,0.0,0.0,0.0,8.0,0.0,5.0,1.0,4.0,0.0,10.0,28488.0,101.0,0.0,0.0,0.0,0.0,13.0,0.0,0.0,4.3,5000.0,4990.0,4990.0,1.0,1.0,0.0,31.0,1546.0,0.0,255.0,850.0,317.0,0.0,0.0,1245716.0,3.008,3.0,50.0,
1788528118474,2026-09-04T17:21:58.474,0.0,4.0,0.0,1.0,823.0,14.3,40.0,2.8000000000000003,2.8000000000000003,2.8000000000000003,2.8000000000000003,1.0,0.0,742.0,1.0,0.0,449.0,95.0,7.5,1.9839999999993196E-5,1.9839999999993196E-5,33.0,1.065,0.0,19.0,19.0,-11.0,3.0,3.0,3.0,3.0,0.0,0.0,0.0,0.0,35.0,20.0,20.0,9.200000000000001,357.0,315.0,2.0,2.0,620.0,4360.0,0.0,0.0,0.0,1.0,19475.0,10.100000000000001,1.0,0.0,,,,,,,,,,,,,,-28.9375,-0.3125,-2.0,28.75,-28.9375,823.0,0.0,390.0,200.0,0.0,0.0,254.0,20.0,0.0,8.0,0.0,0.0,0.0,0.0,8.0,0.0,5.0,1.0,4.0,0.0,10.0,28488.0,101.0,0.0,0.0,0.0,0.0,13.0,0.0,0.0,4.3,5000.0,4990.0,4980.0,1.0,1.0,0.0,31.0,1622.0,0.0,255.0,850.0,318.0,0.0,0.0,1245716.0,3.008,3.0,50.0,
1788528118939,2026-09-04T17:21:58.939,0.0,4.0,0.0,1.0,822.0,14.3,40.0,2.79,2.79,2.79,2.79,1.0,0.0,664.0,1.0,0.0,454.0,95.5,7.5,1.9839999999993196E-5,1.9839999999993196E-5,33.0,1.064,0.0,19.0,19.0,-11.0,2.0,2.0,2.0,2.0,0.0,0.0,0.0,0.0,35.0,20.0,20.0,9.1,357.0,315.0,2.0,2.0,620.0,4370.0,0.0,0.0,0.0,1.0,19475.0,10.100000000000001,1.0,0.0,,,,,,,,,,,,,,-29.0,-1.1875,-2.1875,28.8125,-29.0,822.0,0.0,390.0,200.0,0.0,0.0,254.0,20.0,0.0,8.0,0.0,0.0,0.0,0.0,8.0,0.0,5.0,1.0,4.0,0.0,10.0,28488.0,101.0,0.0,0.0,0.0,0.0,13.0,0.0,0.0,4.3,5000.0,4990.0,4980.0,1.0,1.0,0.0,31.0,1732.0,0.0,255.0,850.0,318.0,0.0,0.0,1245716.0,3.008,3.0,50.0,
1788528119382,2026-09-04T17:21:59.382,0.0,4.0,0.0,1.0,821.0,14.3,40.0,2.81,2.81,2.81,2.81,1.0,0.0,488.0,1.0,0.0,454.0,95.0,7.5,1.9839999999993196E-5,1.9839999999993196E-5,33.0,1.064,0.0,18.0,18.0,-11.0,5.0,5.0,5.0,5.0,0.0,0.0,0.0,0.0,35.0,21.0,20.0,9.1,357.0,315.0,2.0,2.0,620.0,4370.0,0.0,0.0,0.0,1.0,19475.0,10.3,0.0,0.0,,,,,,,,,,,,,,-29.1875,-1.0,-2.0,29.0,-29.1875,822.0,0.0,390.0,200.0,0.0,0.0,254.0,20.0,0.0,8.0,0.0,0.0,0.0,0.0,8.0,0.0,5.0,1.0,4.0,0.0,10.0,28488.0,101.0,0.0,0.0,0.0,0.0,13.0,0.0,0.0,4.3,5000.0,4990.0,4980.0,1.0,1.0,0.0,31.0,1681.0,0.0,255.0,850.0,318.0,0.0,0.0,1245716.0,3.008,3.0,50.0,
1788528119857,2026-09-04T17:21:59.857,0.0,4.0,0.0,1.0,828.0,14.3,40.0,2.7800000000000002,2.7800000000000002,2.7800000000000002,2.7800000000000002,0.0,0.0,341.0,1.0,0.0,454.0,96.5,7.5,1.9839999999993196E-5,1.9839999999993196E-5,33.0,1.064,0.0,19.0,19.0,-10.0,3.0,3.0,3.0,3.0,0.0,0.0,0.0,0.0,35.0,21.0,20.0,9.0,357.0,315.0,2.0,2.0,620.0,4370.0,0.0,0.0,0.0,1.0,19475.0,10.200000000000001,0.0,0.0,,,,,,,,,,,,,,-29.125,-1.875,-1.125,28.9375,-29.125,822.0,0.0,390.0,200.0,0.0,0.0,254.0,20.0,0.0,8.0,0.0,0.0,0.0,0.0,8.0,0.0,5.0,1.0,4.0,0.0,10.0,28488.0,101.0,0.0,0.0,0.0,0.0,13.0,0.0,0.0,4.3,5000.0,4990.0,4990.0,1.0,1.0,0.0,31.0,1423.0,0.0,255.0,850.0,318.0,0.0,0.0,1245716.0,3.008,3.0,50.0,
1788528120329,2026-09-04T17:22:00.329,0.0,4.0,0.0,1.0,822.0,14.3,40.0,2.7800000000000002,2.7800000000000002,2.7800000000000002,2.7800000000000002,0.0,0.0,239.0,1.0,0.0,449.0,94.5,7.5,1.9839999999993196E-5,1.9839999999993196E-5,33.0,1.064,0.0,19.0,19.0,-10.0,1.0,1.0,1.0,1.0,0.0,0.0,0.0,0.0,35.0,20.0,20.0,9.1,357.0,315.0,2.0,2.0,620.0,4370.0,0.0,0.0,0.0,1.0,19475.0,10.100000000000001,1.0,0.0,,,,,,,,,,,,,,-29.0625,-1.9375,-1.5625,28.875,-29.0625,822.0,0.0,390.0,200.0,0.0,0.0,254.0,20.0,0.0,8.0,0.0,0.0,0.0,0.0,8.0,0.0,5.0,1.0,4.0,0.0,10.0,28488.0,101.0,0.0,0.0,0.0,0.0,13.0,0.0,0.0,4.3,5000.0,4990.0,4980.0,1.0,1.0,0.0,31.0,1487.0,0.0,255.0,850.0,318.0,0.0,0.0,1245716.0,3.008,3.0,50.0,
1788528120781,2026-09-04T17:22:00.781,0.0,4.0,0.0,1.0,819.0,14.200000000000001,40.0,2.7800000000000002,2.7800000000000002,2.7800000000000002,2.7800000000000002,0.0,0.0,190.0,1.0,0.0,449.0,95.5,7.5,1.9839999999993196E-5,1.9839999999993196E-5,33.0,1.064,0.0,19.0,19.0,-10.0,3.0,3.0,3.0,3.0,0.0,0.0,0.0,0.0,35.0,20.0,20.0,9.0,357.0,315.0,2.0,2.0,620.0,4370.0,0.0,0.0,0.0,1.0,19475.0,10.100000000000001,1.0,0.0,,,,,,,,,,,,,,-29.0,-0.9375,-1.3125,28.8125,-29.0,822.0,0.0,390.0,200.0,0.0,0.0,254.0,20.0,0.0,8.0,0.0,0.0,0.0,0.0,8.0,0.0,5.0,1.0,4.0,0.0,10.0,28488.0,101.0,0.0,0.0,0.0,0.0,13.0,0.0,0.0,4.3,5000.0,4990.0,4970.0,1.0,1.0,0.0,31.0,1689.0,0.0,255.0,850.0,318.0,0.0,0.0,1245716.0,3.008,3.0,50.0,
1788528121308,2026-09-04T17:22:01.308,0.0,4.0,0.0,1.0,818.0,14.200000000000001,40.0,2.8000000000000003,2.8000000000000003,2.8000000000000003,2.8000000000000003,0.0,1.0,156.0,1.0,0.0,449.0,95.5,7.5,0.00468940000000001,0.00468940000000001,33.0,1.061,0.0,19.0,19.0,-11.0,0.0,0.0,0.0,0.0,0.0,0.0,0.0,0.0,35.0,20.0,20.0,9.1,357.0,315.0,2.0,2.0,620.0,4370.0,0.0,0.0,0.0,1.0,19475.0,10.200000000000001,1.0,0.0,,,,,,,,,,,,,,-29.25,-3.3125,-1.25,29.0625,-29.25,822.0,0.0,390.0,200.0,0.0,0.0,254.0,20.0,0.0,8.0,0.0,0.0,0.0,0.0,8.0,0.0,5.0,1.0,4.0,0.0,10.0,28488.0,101.0,0.0,0.0,0.0,0.0,13.0,0.0,0.0,4.3,5000.0,4990.0,4980.0,1.0,1.0,0.0,31.0,1870.0,0.0,255.0,850.0,318.0,0.0,0.0,1245716.0,3.008,3.0,50.0,
1788528121789,2026-09-04T17:22:01.789,0.0,4.0,0.0,1.0,826.0,14.3,41.0,2.84,2.84,2.84,2.84,0.0,1.0,126.0,1.0,0.0,454.0,95.0,7.5,0.010137220000000002,0.010137220000000002,33.0,1.061,0.0,18.0,18.0,-12.0,0.0,0.0,0.0,0.0,0.0,0.0,0.0,0.0,35.0,20.0,21.0,9.3,357.0,336.0,2.0,3.0,620.0,4360.0,0.0,0.0,0.0,1.0,19475.0,10.200000000000001,0.0,0.0,,,,,,,,,,,,,,-29.0625,-0.875,-1.625,28.875,-29.0625,822.0,0.0,390.0,200.0,0.0,0.0,254.0,20.0,0.0,8.0,0.0,0.0,0.0,0.0,8.0,0.0,5.0,1.0,4.0,0.0,10.0,28488.0,101.0,0.0,0.0,0.0,0.0,13.0,0.0,0.0,4.3,5000.0,4990.0,4980.0,1.0,1.0,0.0,31.0,1435.0,0.0,255.0,850.0,318.0,0.0,0.0,1245716.0,3.008,3.0,50.0,
1788528122261,2026-09-04T17:22:02.261,0.0,4.0,0.0,1.0,825.0,14.200000000000001,40.0,2.85,2.85,2.85,2.85,0.0,1.0,107.0,1.0,0.0,454.0,95.0,7.5,0.01519590999999998,0.01519590999999998,33.0,1.058,0.0,18.0,18.0,-12.0,1.0,1.0,1.0,1.0,0.0,0.0,0.0,0.0,35.0,20.0,20.0,9.200000000000001,357.0,336.0,2.0,2.0,620.0,4370.0,0.0,0.0,0.0,1.0,19475.0,10.200000000000001,0.0,0.0,,,,,,,,,,,,,,-28.875,-2.4375,-1.625,28.6875,-28.875,822.0,0.0,390.0,200.0,0.0,0.0,254.0,20.0,0.0,8.0,0.0,0.0,0.0,0.0,8.0,0.0,5.0,1.0,4.0,0.0,10.0,28488.0,101.0,0.0,0.0,0.0,0.0,13.0,0.0,0.0,4.3,5000.0,4990.0,4990.0,1.0,1.0,0.0,31.0,1582.0,0.0,255.0,850.0,318.0,0.0,0.0,1245716.0,3.008,3.0,50.0,
1788528122887,2026-09-04T17:22:02.887,0.0,4.0,0.0,1.0,826.0,14.3,41.0,2.86,2.86,2.86,2.86,0.0,1.0,92.0,1.0,0.0,454.0,95.5,7.5,0.021032859999999987,0.021032859999999987,33.0,1.058,0.0,19.0,19.0,-11.0,1.0,1.0,1.0,1.0,0.0,0.0,0.0,0.0,35.0,20.0,20.0,9.200000000000001,357.0,315.0,2.0,2.0,620.0,4370.0,0.0,0.0,0.0,1.0,19475.0,10.100000000000001,1.0,0.0,,,,,,,,,,,,,,-29.0,-1.4375,-1.9375,28.8125,-29.0,822.0,0.0,390.0,200.0,0.0,0.0,254.0,20.0,0.0,8.0,0.0,0.0,0.0,0.0,8.0,0.0,5.0,1.0,4.0,0.0,10.0,28488.0,101.0,0.0,0.0,0.0,0.0,13.0,0.0,0.0,4.3,5000.0,4990.0,4980.0,1.0,1.0,0.0,31.0,1445.0,0.0,255.0,850.0,318.0,0.0,0.0,1245716.0,3.008,3.0,50.0,
1788528123359,2026-09-04T17:22:03.359,0.0,4.0,0.0,1.0,821.0,14.3,41.0,2.86,2.86,2.86,2.86,0.0,1.0,92.0,0.0,0.0,439.0,96.5,7.5,0.026869809999999994,0.026869809999999994,33.0,1.055,0.0,19.0,19.0,-11.0,3.0,3.0,3.0,3.0,0.0,0.0,0.0,0.0,35.0,20.0,20.0,9.200000000000001,357.0,315.0,2.0,2.0,620.0,4370.0,0.0,0.0,0.0,1.0,19475.0,10.200000000000001,0.0,0.0,,,,,,,,,,,,,,-28.9375,-2.0,-2.25,28.75,-28.9375,821.0,0.0,390.0,200.0,0.0,0.0,254.0,20.0,0.0,8.0,0.0,0.0,0.0,0.0,8.0,0.0,5.0,1.0,4.0,0.0,10.0,28488.0,101.0,0.0,0.0,0.0,0.0,13.0,0.0,0.0,4.3,5000.0,4990.0,4970.0,1.0,1.0,0.0,31.0,1475.0,0.0,255.0,850.0,318.0,0.0,0.0,1245716.0,3.008,3.0,50.0,
1788528123848,2026-09-04T17:22:03.848,0.0,4.0,0.0,1.0,824.0,14.3,41.0,2.86,2.86,2.86,2.86,0.0,1.0,92.0,1.0,0.0,458.0,96.0,7.5,0.03192849999999997,0.03192849999999997,33.0,1.055,0.0,19.0,19.0,-11.0,1.0,1.0,1.0,1.0,0.0,0.0,0.0,0.0,35.0,20.0,20.0,9.200000000000001,357.0,315.0,2.0,2.0,620.0,4360.0,0.0,0.0,0.0,1.0,19475.0,10.200000000000001,0.0,0.0,,,,,,,,,,,,,,-28.875,-1.3125,-2.0,28.6875,-28.875,821.0,0.0,390.0,200.0,0.0,0.0,254.0,20.0,0.0,8.0,0.0,0.0,0.0,0.0,8.0,0.0,5.0,1.0,4.0,0.0,10.0,28488.0,101.0,0.0,0.0,0.0,0.0,13.0,0.0,0.0,4.3,5000.0,4990.0,4980.0,1.0,1.0,0.0,31.0,1600.0,0.0,255.0,850.0,318.0,0.0,0.0,1245716.0,3.008,3.0,50.0,
1788528124275,2026-09-04T17:22:04.275,0.0,4.0,0.0,1.0,826.0,14.200000000000001,41.0,2.86,2.86,2.86,2.86,0.0,1.0,102.0,1.0,0.0,449.0,96.5,7.5,0.03737632000000002,0.03737632000000002,33.0,1.052,0.0,19.0,19.0,-11.0,0.0,0.0,0.0,0.0,0.0,0.0,0.0,0.0,35.0,20.0,20.0,9.0,357.0,315.0,2.0,2.0,620.0,4370.0,0.0,0.0,0.0,1.0,19475.0,9.9,1.0,0.0,,,,,,,,,,,,,,-29.125,-2.375,-1.1875,28.9375,-29.125,821.0,0.0,390.0,200.0,0.0,0.0,254.0,20.0,0.0,8.0,0.0,0.0,0.0,0.0,8.0,0.0,5.0,1.0,4.0,0.0,10.0,28488.0,101.0,0.0,0.0,0.0,0.0,13.0,0.0,0.0,4.3,5000.0,4990.0,4980.0,1.0,1.0,0.0,31.0,1418.0,0.0,255.0,850.0,318.0,0.0,0.0,1245716.0,3.008,3.0,50.0,
1788528124717,2026-09-04T17:22:04.717,0.0,4.0,0.0,1.0,832.0,14.3,41.0,2.84,2.84,2.84,2.84,0.0,1.0,190.0,1.0,0.0,454.0,95.0,7.5,0.041656749999999965,0.041656749999999965,33.0,1.052,0.0,19.0,19.0,-10.0,-1.0,-1.0,-1.0,-1.0,0.0,0.0,0.0,0.0,35.0,20.0,20.0,9.0,357.0,315.0,2.0,2.0,620.0,4370.0,0.0,0.0,0.0,1.0,19475.0,9.9,1.0,0.0,,,,,,,,,,,,,,-29.25,-3.0,-1.6875,29.0625,-29.25,820.0,0.0,390.0,200.0,0.0,0.0,254.0,20.0,0.0,8.0,0.0,0.0,0.0,0.0,8.0,0.0,5.0,1.0,4.0,0.0,10.0,28488.0,101.0,0.0,0.0,0.0,0.0,13.0,0.0,0.0,4.3,5000.0,4990.0,4990.0,1.0,1.0,0.0,31.0,1612.0,0.0,255.0,850.0,318.0,0.0,0.0,1245716.0,3.008,3.0,50.0,
1788528125151,2026-09-04T17:22:05.151,0.0,4.0,0.0,1.0,826.0,14.3,41.0,2.7800000000000002,2.7800000000000002,2.7800000000000002,2.7800000000000002,1.0,1.0,751.0,1.0,0.0,458.0,95.0,7.5,0.02268857000000002,0.02268857000000002,33.0,1.049,0.0,19.0,19.0,-10.0,0.0,0.0,0.0,0.0,0.0,0.0,0.0,0.0,35.0,20.0,20.0,9.0,357.0,315.0,2.0,2.0,620.0,4370.0,0.0,0.0,0.0,1.0,19475.0,9.9,1.0,0.0,,,,,,,,,,,,,,-29.0625,-1.9375,-1.875,28.875,-29.0625,820.0,0.0,390.0,200.0,0.0,0.0,254.0,20.0,0.0,8.0,0.0,0.0,0.0,0.0,8.0,0.0,5.0,1.0,4.0,0.0,10.0,28488.0,101.0,0.0,0.0,0.0,0.0,13.0,0.0,0.0,4.3,5000.0,4990.0,4980.0,1.0,1.0,0.0,31.0,1622.0,0.0,255.0,850.0,318.0,0.0,0.0,1245716.0,3.008,3.0,50.0,
1788528125721,2026-09-04T17:22:05.721,0.0,4.0,0.0,1.0,826.0,14.3,41.0,2.7800000000000002,2.7800000000000002,2.7800000000000002,2.7800000000000002,1.0,1.0,664.0,0.0,0.0,444.0,95.5,7.5,0.018019010000000002,0.018019010000000002,33.0,1.049,0.0,19.0,19.0,-11.0,1.0,1.0,1.0,1.0,0.0,0.0,0.0,0.0,35.0,20.0,20.0,9.0,357.0,315.0,2.0,2.0,620.0,4370.0,0.0,0.0,0.0,1.0,19475.0,9.9,0.0,0.0,,,,,,,,,,,,,,-29.1875,-0.5625,-1.5,29.0,-29.1875,820.0,0.0,390.0,200.0,0.0,0.0,254.0,20.0,0.0,8.0,0.0,0.0,0.0,0.0,8.0,0.0,5.0,1.0,4.0,0.0,10.0,28488.0,101.0,0.0,0.0,0.0,0.0,13.0,0.0,0.0,4.3,5000.0,4990.0,4980.0,1.0,1.0,0.0,31.0,1359.0,0.0,255.0,850.0,318.0,0.0,0.0,1245716.0,3.008,3.0,50.0,
1788528126222,2026-09-04T17:22:06.222,0.0,4.0,0.0,1.0,832.0,14.200000000000001,41.0,2.84,2.84,2.84,2.84,0.0,1.0,83.0,1.0,0.0,454.0,95.5,7.5,0.03776544999999998,0.03776544999999998,33.0,1.046,0.0,19.0,19.0,-11.0,5.0,5.0,5.0,5.0,0.0,0.0,0.0,0.0,35.0,20.0,20.0,9.1,357.0,315.0,2.0,2.0,620.0,4370.0,0.0,0.0,0.0,1.0,19475.0,10.200000000000001,0.0,0.0,,,,,,,,,,,,,,-29.25,-2.25,-2.5,29.0625,-29.25,820.0,0.0,390.0,200.0,0.0,0.0,254.0,20.0,0.0,8.0,0.0,0.0,0.0,0.0,8.0,0.0,5.0,1.0,4.0,0.0,10.0,28488.0,101.0,0.0,0.0,0.0,0.0,13.0,0.0,0.0,4.3,5000.0,4990.0,4980.0,1.0,1.0,0.0,31.0,1553.0,0.0,255.0,850.0,318.0,0.0,0.0,1245716.0,3.008,3.0,50.0,
1788528126745,2026-09-04T17:22:06.745,0.0,4.0,0.0,1.0,825.0,14.3,41.0,2.86,2.86,2.86,2.86,1.0,1.0,546.0,1.0,0.0,454.0,95.0,7.5,0.04321326999999997,0.04321326999999997,33.0,1.046,0.0,19.0,19.0,-11.0,1.0,1.0,1.0,1.0,0.0,0.0,0.0,0.0,35.0,20.0,20.0,9.1,357.0,315.0,2.0,2.0,620.0,4370.0,0.0,0.0,0.0,1.0,19475.0,10.0,1.0,0.0,,,,,,,,,,,,,,-29.3125,-2.3125,-2.5,29.125,-29.3125,820.0,0.0,390.0,200.0,0.0,0.0,254.0,20.0,0.0,8.0,0.0,0.0,0.0,0.0,8.0,0.0,5.0,1.0,4.0,0.0,10.0,28488.0,101.0,0.0,0.0,0.0,0.0,13.0,0.0,0.0,4.3,5000.0,4990.0,4980.0,1.0,1.0,0.0,31.0,1511.0,0.0,255.0,850.0,318.0,0.0,0.0,1245716.0,3.008,3.0,50.0,
1788528127200,2026-09-04T17:22:07.200,0.0,4.0,0.0,1.0,820.0,14.3,41.0,2.77,2.77,2.77,2.77,1.0,1.0,537.0,1.0,0.0,454.0,95.5,7.5,0.021132050000000013,0.021132050000000013,33.0,1.043,0.0,19.0,19.0,-11.0,1.0,1.0,1.0,1.0,0.0,0.0,0.0,0.0,35.0,19.0,20.0,9.0,336.0,315.0,2.0,2.0,620.0,4370.0,0.0,0.0,0.0,1.0,19475.0,9.8,1.0,0.0,,,,,,,,,,,,,,-29.0625,-2.8125,-2.0,28.875,-29.0625,820.0,0.0,390.0,200.0,0.0,0.0,254.0,20.0,0.0,8.0,0.0,0.0,0.0,0.0,8.0,0.0,5.0,1.0,4.0,0.0,10.0,28488.0,101.0,0.0,0.0,0.0,0.0,13.0,0.0,0.0,4.3,5000.0,4990.0,4980.0,1.0,1.0,0.0,31.0,1596.0,0.0,255.0,850.0,318.0,0.0,0.0,1245716.0,3.008,3.0,50.0,
1788528127893,2026-09-04T17:22:07.893,0.0,4.0,0.0,1.0,822.0,14.3,41.0,2.83,2.83,2.83,2.83,0.0,1.0,97.0,0.0,0.0,434.0,95.0,7.5,0.04282414000000001,0.04282414000000001,34.0,1.043,0.0,18.0,18.0,-10.0,3.0,3.0,3.0,3.0,0.0,0.0,0.0,0.0,35.0,20.0,20.0,9.0,357.0,315.0,2.0,2.0,620.0,4370.0,0.0,0.0,0.0,1.0,19475.0,9.9,0.0,0.0,,,,,,,,,,,,,,-29.0625,-1.625,-0.625,28.875,-29.0625,820.0,0.0,390.0,200.0,0.0,0.0,254.0,20.0,0.0,8.0,0.0,0.0,0.0,0.0,8.0,0.0,5.0,1.0,4.0,0.0,10.0,28488.0,101.0,0.0,0.0,0.0,0.0,13.0,0.0,0.0,4.3,5000.0,4990.0,4980.0,1.0,1.0,0.0,31.0,1511.0,0.0,255.0,850.0,318.0,0.0,0.0,1245716.0,3.008,3.0,50.0,
1788528128387,2026-09-04T17:22:08.387,0.0,4.0,0.0,1.0,824.0,14.3,41.0,2.86,2.86,2.86,2.86,0.0,1.0,346.0,0.0,0.0,444.0,95.5,7.5,0.04905021999999998,0.04905021999999998,34.0,1.04,0.0,18.0,18.0,-11.0,1.0,1.0,1.0,1.0,0.0,0.0,0.0,0.0,35.0,20.0,20.0,9.1,357.0,336.0,2.0,2.0,620.0,4370.0,0.0,0.0,0.0,1.0,19475.0,9.9,1.0,0.0,,,,,,,,,,,,,,-29.0,-1.9375,-1.875,28.8125,-29.0,819.0,0.0,390.0,200.0,0.0,0.0,254.0,20.0,0.0,8.0,0.0,0.0,0.0,0.0,8.0,0.0,5.0,1.0,4.0,0.0,10.0,28488.0,101.0,0.0,0.0,0.0,0.0,13.0,0.0,0.0,4.3,5000.0,4990.0,4980.0,1.0,1.0,0.0,31.0,1539.0,0.0,255.0,850.0,318.0,0.0,0.0,1245716.0,3.008,3.0,50.0,
1788528128913,2026-09-04T17:22:08.913,0.0,4.0,0.0,1.0,821.0,14.3,41.0,2.7800000000000002,2.7800000000000002,2.7800000000000002,2.7800000000000002,1.0,1.0,756.0,1.0,0.0,449.0,95.0,7.5,0.027747259999999996,0.027747259999999996,34.0,1.037,0.0,18.0,18.0,-11.0,3.0,3.0,3.0,3.0,0.0,0.0,0.0,0.0,35.0,20.0,20.0,9.0,357.0,315.0,2.0,2.0,620.0,4370.0,0.0,0.0,0.0,1.0,19475.0,10.100000000000001,1.0,0.0,,,,,,,,,,,,,,-29.125,-1.3125,-1.8125,28.9375,-29.125,819.0,0.0,390.0,200.0,0.0,0.0,254.0,20.0,0.0,8.0,0.0,0.0,0.0,0.0,8.0,0.0,5.0,1.0,4.0,0.0,10.0,28488.0,101.0,0.0,0.0,0.0,0.0,13.0,0.0,0.0,4.3,5000.0,4990.0,4980.0,1.0,1.0,0.0,31.0,1315.0,0.0,255.0,850.0,318.0,0.0,0.0,1245716.0,3.008,3.0,50.0,
1788528129450,2026-09-04T17:22:09.450,0.0,4.0,0.0,1.0,828.0,14.200000000000001,41.0,2.7800000000000002,2.7800000000000002,2.7800000000000002,2.7800000000000002,1.0,1.0,634.0,1.0,0.0,454.0,94.5,7.5,0.022299440000000004,0.022299440000000004,34.0,1.037,0.0,18.0,18.0,-11.0,2.0,2.0,2.0,2.0,0.0,0.0,0.0,0.0,35.0,20.0,20.0,9.1,357.0,315.0,2.0,2.0,620.0,4370.0,0.0,0.0,0.0,1.0,19475.0,10.100000000000001,0.0,0.0,,,,,,,,,,,,,,-29.0,-0.5625,-1.5,28.8125,-29.0,818.0,0.0,390.0,200.0,0.0,0.0,254.0,20.0,0.0,8.0,0.0,0.0,0.0,0.0,8.0,0.0,5.0,1.0,4.0,0.0,10.0,28488.0,101.0,0.0,0.0,0.0,0.0,13.0,0.0,0.0,4.3,5000.0,4990.0,4980.0,1.0,1.0,0.0,31.0,1682.0,0.0,255.0,850.0,318.0,0.0,0.0,1245716.0,3.008,3.0,50.0,
1788528129883,2026-09-04T17:22:09.883,0.0,4.0,0.0,1.0,820.0,14.3,41.0,2.84,2.84,2.84,2.84,0.0,1.0,78.0,1.0,0.0,454.0,94.0,7.5,0.041656749999999965,0.041656749999999965,34.0,1.034,0.0,18.0,18.0,-11.0,1.0,1.0,1.0,1.0,0.0,0.0,0.0,0.0,35.0,20.0,20.0,9.0,357.0,315.0,2.0,2.0,620.0,4370.0,0.0,0.0,0.0,1.0,19475.0,9.9,0.0,0.0,,,,,,,,,,,,,,-29.125,-1.1875,-2.8125,28.9375,-29.125,818.0,0.0,390.0,200.0,0.0,0.0,254.0,20.0,0.0,8.0,0.0,0.0,0.0,0.0,8.0,0.0,5.0,1.0,4.0,0.0,10.0,28488.0,101.0,0.0,0.0,0.0,0.0,13.0,0.0,0.0,4.3,5000.0,4990.0,4980.0,1.0,1.0,0.0,31.0,1725.0,0.0,255.0,850.0,318.0,0.0,0.0,1245716.0,3.008,3.0,50.0,
1788528130362,2026-09-04T17:22:10.362,0.0,4.0,0.0,1.0,823.0,14.3,41.0,2.84,2.84,2.84,2.84,0.0,1.0,102.0,0.0,0.0,434.0,94.5,7.5,0.04632630999999998,0.04632630999999998,34.0,1.034,0.0,18.0,18.0,-11.0,2.0,2.0,2.0,2.0,0.0,0.0,0.0,0.0,35.0,20.0,20.0,9.1,357.0,315.0,2.0,2.0,620.0,4360.0,0.0,0.0,0.0,1.0,19475.0,10.200000000000001,1.0,0.0,,,,,,,,,,,,,,-29.25,-0.625,-3.0625,29.0625,-29.25,818.0,0.0,390.0,200.0,0.0,0.0,254.0,20.0,0.0,8.0,0.0,0.0,0.0,0.0,8.0,0.0,5.0,1.0,4.0,0.0,10.0,28488.0,101.0,0.0,0.0,0.0,0.0,13.0,0.0,0.0,4.3,5000.0,4990.0,4990.0,1.0,1.0,0.0,31.0,1378.0,0.0,255.0,850.0,318.0,0.0,0.0,1245716.0,3.008,3.0,50.0,
1788528130843,2026-09-04T17:22:10.843,0.0,4.0,0.0,1.0,827.0,14.3,41.0,2.85,2.85,2.85,2.85,0.0,1.0,102.0,1.0,0.0,454.0,95.5,7.5,0.051385000000000014,0.051385000000000014,34.0,1.034,0.0,19.0,19.0,-11.0,-2.0,-2.0,-2.0,-2.0,0.0,0.0,0.0,0.0,35.0,20.0,20.0,9.1,336.0,315.0,2.0,2.0,620.0,4370.0,0.0,0.0,0.0,1.0,19475.0,9.8,1.0,0.0,,,,,,,,,,,,,,-29.0625,-2.125,-2.4375,28.875,-29.0625,818.0,0.0,390.0,200.0,0.0,0.0,254.0,20.0,0.0,8.0,0.0,0.0,0.0,0.0,8.0,0.0,5.0,1.0,4.0,0.0,10.0,28488.0,101.0,0.0,0.0,0.0,0.0,13.0,0.0,0.0,4.3,5000.0,4990.0,4990.0,1.0,1.0,0.0,31.0,1527.0,0.0,255.0,850.0,318.0,0.0,0.0,1245716.0,3.008,3.0,50.0,
1788528131305,2026-09-04T17:22:11.305,0.0,4.0,0.0,1.0,820.0,14.3,42.0,2.83,2.83,2.83,2.83,0.0,1.0,175.0,1.0,0.0,454.0,95.0,7.5,0.05644368999999999,0.05644368999999999,34.0,1.031,0.0,19.0,19.0,-11.0,-1.0,-1.0,-1.0,-1.0,0.0,0.0,0.0,0.0,35.0,20.0,20.0,9.0,357.0,315.0,2.0,2.0,620.0,4370.0,0.0,0.0,0.0,1.0,19475.0,9.9,0.0,0.0,,,,,,,,,,,,,,-29.25,-2.9375,-2.375,29.0625,-29.25,818.0,0.0,390.0,200.0,0.0,0.0,254.0,20.0,0.0,8.0,0.0,0.0,0.0,0.0,8.0,0.0,5.0,1.0,4.0,0.0,10.0,28488.0,101.0,0.0,0.0,0.0,0.0,13.0,0.0,0.0,4.3,5000.0,4990.0,4980.0,1.0,1.0,0.0,31.0,1633.0,0.0,255.0,850.0,318.0,0.0,0.0,1245716.0,3.008,3.0,50.0,
1788528131781,2026-09-04T17:22:11.781,0.0,4.0,0.0,1.0,817.0,14.3,42.0,2.7800000000000002,2.7800000000000002,2.7800000000000002,2.7800000000000002,1.0,1.0,737.0,1.0,0.0,458.0,94.5,7.5,0.037086379999999974,0.037086379999999974,34.0,1.031,0.0,19.0,19.0,-10.0,-1.0,-1.0,-1.0,-1.0,0.0,0.0,0.0,0.0,35.0,20.0,20.0,9.0,336.0,315.0,2.0,2.0,620.0,4370.0,0.0,0.0,0.0,1.0,19475.0,9.8,0.0,0.0,,,,,,,,,,,,,,-29.3125,-1.5625,-3.3125,29.125,-29.3125,818.0,0.0,390.0,200.0,0.0,0.0,254.0,20.0,0.0,8.0,0.0,0.0,0.0,0.0,8.0,0.0,5.0,1.0,4.0,0.0,10.0,28488.0,101.0,0.0,0.0,0.0,0.0,13.0,0.0,0.0,4.3,5000.0,4990.0,4980.0,1.0,1.0,0.0,31.0,1559.0,0.0,255.0,850.0,318.0,0.0,0.0,1245716.0,3.008,3.0,50.0,
1788528132278,2026-09-04T17:22:12.278,0.0,4.0,0.0,1.0,806.0,14.200000000000001,42.0,2.82,2.82,2.82,2.82,0.0,1.0,288.0,1.0,0.0,454.0,95.5,7.5,0.04943934999999999,0.04943934999999999,34.0,1.028,0.0,18.0,18.0,-11.0,1.0,1.0,1.0,1.0,0.0,0.0,0.0,0.0,35.0,20.0,20.0,9.1,357.0,315.0,2.0,2.0,620.0,4360.0,0.0,0.0,0.0,1.0,19475.0,10.200000000000001,0.0,0.0,,,,,,,,,,,,,,-29.25,-1.75,-2.5625,29.0625,-29.25,818.0,0.0,390.0,200.0,0.0,0.0,254.0,20.0,0.0,8.0,0.0,0.0,0.0,0.0,8.0,0.0,5.0,1.0,4.0,0.0,10.0,28488.0,101.0,0.0,0.0,0.0,0.0,13.0,0.0,0.0,4.3,5000.0,4990.0,4990.0,1.0,1.0,0.0,31.0,1357.0,0.0,255.0,850.0,318.0,0.0,0.0,1245716.0,3.008,3.0,50.0,
1788528132846,2026-09-04T17:22:12.846,0.0,4.0,0.0,1.0,816.0,14.3,42.0,2.86,2.86,2.86,2.86,0.0,1.0,87.0,0.0,0.0,444.0,95.0,7.5,0.0552763,0.0552763,34.0,1.028,0.0,18.0,18.0,-11.0,1.0,1.0,1.0,1.0,0.0,0.0,0.0,0.0,35.0,20.0,20.0,9.1,357.0,336.0,2.0,2.0,620.0,4370.0,0.0,0.0,0.0,1.0,19475.0,10.0,1.0,0.0,,,,,,,,,,,,,,-29.25,-0.8125,-2.5,29.0625,-29.25,817.0,0.0,390.0,200.0,0.0,0.0,254.0,20.0,0.0,8.0,0.0,0.0,0.0,0.0,8.0,0.0,5.0,1.0,4.0,0.0,10.0,28488.0,101.0,0.0,0.0,0.0,0.0,13.0,0.0,0.0,4.3,5000.0,4990.0,4990.0,1.0,1.0,0.0,31.0,1657.0,0.0,255.0,850.0,318.0,0.0,0.0,1245716.0,3.008,3.0,50.0,
1788528133398,2026-09-04T17:22:13.398,0.0,4.0,0.0,1.0,820.0,14.3,42.0,2.85,2.85,2.85,2.85,0.0,1.0,156.0,1.0,0.0,449.0,94.5,7.5,0.06072411999999999,0.06072411999999999,34.0,1.025,0.0,18.0,18.0,-11.0,1.0,1.0,1.0,1.0,0.0,0.0,0.0,0.0,35.0,20.0,20.0,9.0,357.0,315.0,2.0,2.0,620.0,4370.0,0.0,0.0,0.0,1.0,19475.0,9.9,0.0,0.0,,,,,,,,,,,,,,-29.1875,-3.1875,-2.5625,29.0,-29.1875,817.0,0.0,390.0,200.0,0.0,0.0,254.0,20.0,0.0,8.0,0.0,0.0,0.0,0.0,8.0,0.0,5.0,1.0,4.0,0.0,10.0,28488.0,101.0,0.0,0.0,0.0,0.0,13.0,0.0,0.0,4.3,5000.0,4990.0,4990.0,1.0,1.0,0.0,31.0,1947.0,0.0,255.0,850.0,318.0,0.0,0.0,1245716.0,3.008,3.0,50.0,
1788528133822,2026-09-04T17:22:13.822,0.0,4.0,0.0,1.0,814.0,14.3,42.0,2.8000000000000003,2.8000000000000003,2.8000000000000003,2.8000000000000003,1.0,1.0,683.0,0.0,0.0,444.0,95.0,7.5,0.041366809999999976,0.041366809999999976,34.0,1.022,0.0,18.0,18.0,-11.0,-1.0,-1.0,-1.0,-1.0,0.0,0.0,0.0,0.0,35.0,20.0,20.0,9.1,357.0,315.0,2.0,2.0,620.0,4370.0,0.0,0.0,0.0,1.0,19475.0,9.9,0.0,0.0,,,,,,,,,,,,,,-28.9375,-1.6875,-3.25,28.75,-28.9375,817.0,0.0,390.0,200.0,0.0,0.0,254.0,20.0,0.0,8.0,0.0,0.0,0.0,0.0,8.0,0.0,5.0,1.0,4.0,0.0,10.0,28488.0,101.0,0.0,0.0,0.0,0.0,13.0,0.0,0.0,4.3,5000.0,4990.0,4980.0,1.0,1.0,0.0,31.0,1718.0,0.0,255.0,850.0,318.0,0.0,0.0,1245716.0,3.008,3.0,50.0,
1788528134372,2026-09-04T17:22:14.372,0.0,4.0,0.0,1.0,816.0,14.3,42.0,2.85,2.85,2.85,2.85,0.0,1.0,131.0,1.0,0.0,454.0,94.5,7.5,0.058000209999999996,0.058000209999999996,34.0,1.022,0.0,18.0,18.0,-11.0,1.0,1.0,1.0,1.0,0.0,0.0,0.0,0.0,35.0,20.0,20.0,9.0,357.0,315.0,2.0,2.0,620.0,4370.0,0.0,0.0,0.0,1.0,19475.0,9.9,1.0,0.0,,,,,,,,,,,,,,-29.1875,-1.5625,-2.8125,29.0,-29.1875,817.0,0.0,390.0,200.0,0.0,0.0,254.0,20.0,0.0,8.0,0.0,0.0,0.0,0.0,8.0,0.0,5.0,1.0,4.0,0.0,10.0,28488.0,101.0,0.0,0.0,0.0,0.0,13.0,0.0,0.0,4.3,5000.0,4990.0,4980.0,1.0,1.0,0.0,31.0,1238.0,0.0,255.0,850.0,318.0,0.0,0.0,1245716.0,3.008,3.0,50.0,
1788528134881,2026-09-04T17:22:14.881,0.0,4.0,0.0,1.0,817.0,14.3,43.0,2.86,2.86,2.86,2.86,0.0,1.0,117.0,1.0,0.0,449.0,94.5,7.5,0.06383716,0.06383716,34.0,1.022,0.0,18.0,18.0,-11.0,0.0,0.0,0.0,0.0,0.0,0.0,0.0,0.0,35.0,20.0,20.0,9.0,357.0,336.0,2.0,2.0,620.0,4370.0,0.0,0.0,0.0,1.0,19475.0,9.9,1.0,0.0,,,,,,,,,,,,,,-29.0625,-1.25,-2.6875,28.875,-29.0625,817.0,0.0,390.0,200.0,0.0,0.0,254.0,20.0,0.0,8.0,0.0,0.0,0.0,0.0,8.0,0.0,5.0,1.0,4.0,0.0,10.0,28488.0,101.0,0.0,0.0,0.0,0.0,13.0,0.0,0.0,4.3,5000.0,4990.0,4980.0,1.0,1.0,0.0,31.0,1693.0,0.0,255.0,850.0,318.0,0.0,0.0,1245716.0,3.008,3.0,50.0,
1788528135364,2026-09-04T17:22:15.364,0.0,4.0,0.0,1.0,822.0,14.3,43.0,2.79,2.79,2.79,2.79,1.0,1.0,722.0,0.0,0.0,429.0,95.5,7.5,0.04564723999999998,0.04564723999999998,34.0,1.0190000000000001,0.0,18.0,18.0,-11.0,1.0,1.0,1.0,1.0,0.0,0.0,0.0,0.0,35.0,20.0,20.0,9.0,336.0,315.0,2.0,2.0,620.0,4370.0,0.0,0.0,0.0,1.0,19475.0,9.8,0.0,0.0,,,,,,,,,,,,,,-29.1875,0.125,-1.5625,29.0,-29.1875,817.0,0.0,390.0,200.0,0.0,0.0,254.0,20.0,0.0,8.0,0.0,0.0,0.0,0.0,8.0,0.0,5.0,1.0,4.0,0.0,10.0,28488.0,101.0,0.0,0.0,0.0,0.0,13.0,0.0,0.0,4.3,5000.0,4990.0,4980.0,1.0,1.0,0.0,31.0,1391.0,0.0,255.0,850.0,318.0,0.0,0.0,1245716.0,3.008,3.0,50.0,
1788528135849,2026-09-04T17:22:15.849,0.0,4.0,0.0,1.0,813.0,14.3,43.0,2.79,2.79,2.79,2.79,1.0,1.0,693.0,1.0,0.0,454.0,94.5,7.5,0.04058855,0.04058855,34.0,1.0190000000000001,0.0,18.0,18.0,-12.0,3.0,3.0,3.0,3.0,0.0,0.0,0.0,0.0,35.0,20.0,20.0,9.1,357.0,336.0,2.0,2.0,620.0,4370.0,0.0,0.0,0.0,1.0,19475.0,10.100000000000001,0.0,0.0,,,,,,,,,,,,,,-29.0625,-1.8125,-1.875,28.875,-29.0625,817.0,0.0,390.0,200.0,0.0,0.0,254.0,20.0,0.0,8.0,0.0,0.0,0.0,0.0,8.0,0.0,5.0,1.0,4.0,0.0,10.0,28488.0,101.0,0.0,0.0,0.0,0.0,13.0,0.0,0.0,4.3,5000.0,4990.0,4990.0,1.0,1.0,0.0,31.0,1452.0,0.0,255.0,850.0,318.0,0.0,0.0,1245716.0,3.008,3.0,50.0,
1788528136421,2026-09-04T17:22:16.421,0.0,4.0,0.0,1.0,816.0,14.3,43.0,2.84,2.84,2.84,2.84,0.0,1.0,97.0,1.0,0.0,454.0,94.5,7.5,0.05994586000000002,0.05994586000000002,34.0,1.016,0.0,18.0,18.0,-11.0,2.0,2.0,2.0,2.0,0.0,0.0,0.0,0.0,35.0,20.0,20.0,9.0,357.0,315.0,2.0,2.0,620.0,4370.0,0.0,0.0,0.0,1.0,19475.0,10.0,1.0,0.0,,,,,,,,,,,,,,-29.25,-2.0,-2.0,29.0625,-29.25,817.0,0.0,390.0,200.0,0.0,0.0,254.0,20.0,0.0,8.0,0.0,0.0,0.0,0.0,8.0,0.0,5.0,1.0,4.0,0.0,10.0,28488.0,101.0,0.0,0.0,0.0,0.0,13.0,0.0,0.0,4.3,5000.0,4990.0,4990.0,1.0,1.0,0.0,31.0,1446.0,0.0,255.0,850.0,318.0,0.0,0.0,1245716.0,3.008,3.0,50.0,
1788528136983,2026-09-04T17:22:16.983,0.0,4.0,0.0,1.0,818.0,14.3,43.0,2.7800000000000002,2.7800000000000002,2.7800000000000002,2.7800000000000002,1.0,1.0,688.0,0.0,0.0,444.0,94.5,7.5,0.047203759999999984,0.047203759999999984,34.0,1.0130000000000001,0.0,18.0,18.0,-11.0,-1.0,-1.0,-1.0,-1.0,0.0,0.0,0.0,0.0,35.0,20.0,20.0,9.0,357.0,315.0,2.0,2.0,620.0,4370.0,0.0,0.0,0.0,1.0,19475.0,9.9,1.0,0.0,,,,,,,,,,,,,,-29.125,-1.125,-2.0,28.9375,-29.125,816.0,0.0,390.0,200.0,0.0,0.0,254.0,20.0,0.0,8.0,0.0,0.0,0.0,0.0,8.0,0.0,5.0,1.0,4.0,0.0,10.0,28488.0,101.0,0.0,0.0,0.0,0.0,13.0,0.0,0.0,4.3,5000.0,4990.0,4990.0,1.0,1.0,0.0,31.0,1482.0,0.0,255.0,850.0,318.0,0.0,0.0,1245716.0,3.008,3.0,50.0,
1788528137585,2026-09-04T17:22:17.585,0.0,4.0,0.0,1.0,816.0,14.200000000000001,43.0,2.81,2.81,2.81,2.81,0.0,1.0,156.0,1.0,0.0,454.0,93.5,7.5,0.05955673,0.05955673,34.0,1.0130000000000001,0.0,18.0,18.0,-11.0,0.0,0.0,0.0,0.0,0.0,0.0,0.0,0.0,35.0,20.0,20.0,9.1,357.0,315.0,2.0,2.0,620.0,4370.0,0.0,0.0,0.0,1.0,19475.0,10.0,0.0,0.0,,,,,,,,,,,,,,-29.25,-1.9375,-2.4375,29.0625,-29.25,816.0,0.0,390.0,200.0,0.0,0.0,254.0,20.0,0.0,8.0,0.0,0.0,0.0,0.0,8.0,0.0,5.0,1.0,4.0,0.0,10.0,28488.0,101.0,0.0,0.0,0.0,0.0,13.0,0.0,0.0,4.3,5000.0,4990.0,4980.0,1.0,1.0,0.0,31.0,1346.0,0.0,255.0,850.0,318.0,0.0,0.0,1245716.0,3.008,3.0,50.0,
1788528138244,2026-09-04T17:22:18.244,0.0,4.0,0.0,1.0,822.0,14.3,43.0,2.82,2.82,2.82,2.82,1.0,1.0,522.0,0.0,0.0,439.0,94.0,7.5,0.06695020000000002,0.06695020000000002,34.0,1.01,0.0,18.0,18.0,-11.0,0.0,0.0,0.0,0.0,0.0,0.0,0.0,0.0,35.0,19.0,20.0,9.0,336.0,315.0,2.0,2.0,620.0,4370.0,0.0,0.0,0.0,1.0,19475.0,9.700000000000001,0.0,0.0,,,,,,,,,,,,,,-29.125,-1.125,-1.9375,28.9375,-29.125,816.0,0.0,390.0,200.0,0.0,0.0,254.0,20.0,0.0,8.0,0.0,0.0,0.0,0.0,8.0,0.0,5.0,1.0,4.0,0.0,10.0,28488.0,101.0,0.0,0.0,0.0,0.0,13.0,0.0,0.0,4.3,5000.0,4990.0,4980.0,1.0,1.0,0.0,31.0,1467.0,0.0,255.0,850.0,318.0,0.0,0.0,1245716.0,3.008,3.0,50.0,
1788528138705,2026-09-04T17:22:18.705,0.0,4.0,0.0,1.0,814.0,14.3,43.0,2.77,2.77,2.77,2.77,0.0,1.0,375.0,1.0,0.0,454.0,94.5,7.5,0.04447984999999999,0.04447984999999999,34.0,1.01,0.0,18.0,18.0,-11.0,2.0,2.0,2.0,2.0,0.0,0.0,0.0,0.0,35.0,20.0,20.0,9.1,357.0,315.0,2.0,2.0,620.0,4370.0,0.0,0.0,0.0,1.0,19475.0,10.0,1.0,0.0,,,,,,,,,,,,,,-29.25,-1.0,-2.0625,29.0625,-29.25,815.0,0.0,390.0,200.0,0.0,0.0,254.0,20.0,0.0,8.0,0.0,0.0,0.0,0.0,8.0,0.0,5.0,1.0,4.0,0.0,10.0,28488.0,101.0,0.0,0.0,0.0,0.0,14.0,0.0,0.0,4.3,5000.0,4990.0,4980.0,1.0,1.0,0.0,31.0,2038.0,0.0,255.0,850.0,318.0,0.0,0.0,1245716.0,3.008,3.0,50.0,
1788528139206,2026-09-04T17:22:19.206,0.0,4.0,0.0,1.0,817.0,14.3,43.0,2.84,2.84,2.84,2.84,0.0,1.0,102.0,1.0,0.0,454.0,96.0,7.5,0.06617193999999998,0.06617193999999998,34.0,1.0070000000000001,0.0,18.0,18.0,-11.0,0.0,0.0,0.0,0.0,0.0,0.0,0.0,0.0,35.0,20.0,20.0,9.1,357.0,315.0,2.0,2.0,620.0,4370.0,0.0,0.0,0.0,1.0,19475.0,9.9,1.0,0.0,,,,,,,,,,,,,,-29.25,-2.1875,-2.6875,29.0625,-29.25,815.0,0.0,390.0,200.0,0.0,0.0,254.0,20.0,0.0,8.0,0.0,0.0,0.0,0.0,8.0,0.0,5.0,1.0,4.0,0.0,10.0,28488.0,101.0,0.0,0.0,0.0,0.0,14.0,0.0,0.0,4.3,5000.0,4990.0,4990.0,1.0,1.0,0.0,31.0,1475.0,0.0,255.0,850.0,318.0,0.0,0.0,1245716.0,3.008,3.0,50.0,
1788528139667,2026-09-04T17:22:19.667,0.0,4.0,0.0,1.0,819.0,14.200000000000001,43.0,2.82,2.82,2.82,2.82,0.0,1.0,112.0,1.0,0.0,449.0,94.0,7.5,0.07123063000000002,0.07123063000000002,34.0,1.0070000000000001,0.0,18.0,18.0,-11.0,-1.0,-1.0,-1.0,-1.0,0.0,0.0,0.0,0.0,35.0,19.0,20.0,9.0,336.0,315.0,2.0,2.0,620.0,4370.0,0.0,0.0,0.0,1.0,19475.0,9.700000000000001,0.0,0.0,,,,,,,,,,,,,,-29.0,-3.1875,-2.125,28.8125,-29.0,815.0,0.0,390.0,200.0,0.0,0.0,254.0,20.0,0.0,8.0,0.0,0.0,0.0,0.0,8.0,0.0,5.0,1.0,4.0,0.0,10.0,28488.0,101.0,0.0,0.0,0.0,0.0,14.0,0.0,0.0,4.3,5000.0,4990.0,4990.0,1.0,1.0,0.0,31.0,1490.0,0.0,255.0,850.0,318.0,0.0,0.0,1245716.0,3.008,3.0,50.0,
1788528140088,2026-09-04T17:22:20.088,0.0,4.0,0.0,1.0,821.0,14.3,43.0,2.82,2.82,2.82,2.82,0.0,1.0,405.0,1.0,0.0,454.0,95.0,7.5,0.07628932,0.07628932,34.0,1.0030000000000001,0.0,18.0,18.0,-11.0,0.0,0.0,0.0,0.0,0.0,0.0,0.0,0.0,35.0,19.0,20.0,9.0,336.0,315.0,2.0,2.0,620.0,4370.0,0.0,0.0,0.0,1.0,19475.0,9.600000000000001,0.0,0.0,,,,,,,,,,,,,,-28.8125,-2.25,-2.6875,28.625,-28.8125,815.0,0.0,390.0,200.0,0.0,0.0,254.0,20.0,0.0,8.0,0.0,0.0,0.0,0.0,8.0,0.0,5.0,1.0,4.0,0.0,10.0,28488.0,101.0,0.0,0.0,0.0,0.0,14.0,0.0,0.0,4.3,5000.0,4990.0,4990.0,1.0,1.0,0.0,31.0,1502.0,0.0,255.0,850.0,318.0,0.0,0.0,1245716.0,3.008,3.0,50.0,
1788528140540,2026-09-04T17:22:20.540,0.0,4.0,0.0,1.0,814.0,14.3,43.0,2.73,2.73,2.73,2.73,1.0,1.0,693.0,0.0,0.0,444.0,94.5,7.5,0.05615375,0.05615375,34.0,1.0030000000000001,0.0,18.0,18.0,-9.0,0.0,0.0,0.0,0.0,0.0,0.0,0.0,0.0,35.0,20.0,20.0,9.0,357.0,315.0,2.0,2.0,620.0,4370.0,0.0,0.0,0.0,1.0,19475.0,9.9,1.0,0.0,,,,,,,,,,,,,,-29.0,-2.3125,-2.25,28.8125,-29.0,815.0,0.0,390.0,200.0,0.0,0.0,254.0,20.0,0.0,8.0,0.0,0.0,0.0,0.0,8.0,0.0,5.0,1.0,4.0,0.0,10.0,28488.0,101.0,0.0,0.0,0.0,0.0,14.0,0.0,0.0,4.3,5000.0,4990.0,4990.0,1.0,1.0,0.0,31.0,1450.0,0.0,255.0,850.0,318.0,0.0,0.0,1245716.0,3.008,3.0,50.0,
1788528141009,2026-09-04T17:22:21.009,0.0,4.0,0.0,1.0,815.0,14.3,43.0,2.8000000000000003,2.8000000000000003,2.8000000000000003,2.8000000000000003,0.0,1.0,112.0,0.0,0.0,444.0,94.5,7.5,0.07200888999999999,0.07200888999999999,34.0,1.0,0.0,18.0,18.0,-11.0,-1.0,-1.0,-1.0,-1.0,0.0,0.0,0.0,0.0,35.0,20.0,20.0,9.0,357.0,315.0,2.0,2.0,620.0,4370.0,0.0,0.0,0.0,1.0,19475.0,9.8,1.0,0.0,,,,,,,,,,,,,,-29.125,-2.4375,-1.8125,28.9375,-29.125,815.0,0.0,390.0,200.0,0.0,0.0,254.0,20.0,0.0,8.0,0.0,0.0,0.0,0.0,8.0,0.0,5.0,1.0,4.0,0.0,10.0,28488.0,101.0,0.0,0.0,0.0,0.0,14.0,0.0,0.0,4.3,5000.0,4990.0,4980.0,1.0,1.0,0.0,31.0,1369.0,0.0,255.0,850.0,318.0,0.0,0.0,1245716.0,3.008,3.0,50.0,
1788528141506,2026-09-04T17:22:21.506,0.0,4.0,0.0,1.0,814.0,14.3,43.0,2.82,2.82,2.82,2.82,0.0,1.0,97.0,0.0,0.0,444.0,94.5,7.5,0.07706757999999997,0.07706757999999997,34.0,1.0,0.0,18.0,18.0,-11.0,1.0,1.0,1.0,1.0,0.0,0.0,0.0,0.0,35.0,20.0,20.0,8.9,357.0,315.0,2.0,2.0,620.0,4370.0,0.0,0.0,0.0,1.0,19475.0,9.8,0.0,0.0,,,,,,,,,,,,,,-29.3125,-2.0,-1.8125,29.125,-29.3125,815.0,0.0,390.0,200.0,0.0,0.0,254.0,20.0,0.0,8.0,0.0,0.0,0.0,0.0,8.0,0.0,5.0,1.0,4.0,0.0,10.0,28488.0,101.0,0.0,0.0,0.0,0.0,14.0,0.0,0.0,4.3,5000.0,4990.0,4990.0,1.0,1.0,0.0,31.0,1654.0,0.0,255.0,850.0,318.0,0.0,0.0,1245716.0,3.008,3.0,50.0,
1788528142040,2026-09-04T17:22:22.040,0.0,4.0,0.0,1.0,818.0,14.3,43.0,2.82,2.82,2.82,2.82,0.0,1.0,151.0,1.0,0.0,454.0,95.0,7.5,0.08251540000000002,0.08251540000000002,34.0,0.999,0.0,18.0,18.0,-11.0,1.0,1.0,1.0,1.0,0.0,0.0,0.0,0.0,35.0,20.0,20.0,9.0,357.0,336.0,2.0,2.0,620.0,4370.0,0.0,0.0,0.0,1.0,19475.0,9.9,0.0,0.0,,,,,,,,,,,,,,-29.3125,-1.5,-2.625,29.125,-29.3125,815.0,0.0,390.0,200.0,0.0,0.0,254.0,20.0,0.0,8.0,0.0,0.0,0.0,0.0,8.0,0.0,5.0,1.0,4.0,0.0,10.0,28488.0,101.0,0.0,0.0,0.0,0.0,14.0,0.0,0.0,4.3,5000.0,4990.0,4980.0,1.0,1.0,0.0,31.0,1609.0,0.0,255.0,850.0,318.0,0.0,0.0,1245716.0,3.008,3.0,50.0,
1788528142479,2026-09-04T17:22:22.479,0.0,4.0,0.0,1.0,817.0,14.3,43.0,2.77,2.77,2.77,2.77,1.0,1.0,678.0,1.0,0.0,449.0,94.5,7.5,0.06354722000000002,0.06354722000000002,34.0,0.999,0.0,18.0,18.0,-11.0,0.0,0.0,0.0,0.0,0.0,0.0,0.0,0.0,35.0,20.0,20.0,9.0,336.0,315.0,2.0,2.0,620.0,4370.0,0.0,0.0,0.0,1.0,19475.0,9.700000000000001,1.0,0.0,,,,,,,,,,,,,,-29.3125,-2.0,-2.8125,29.125,-29.3125,814.0,0.0,390.0,200.0,0.0,0.0,254.0,20.0,0.0,8.0,0.0,0.0,0.0,0.0,8.0,0.0,5.0,1.0,4.0,0.0,10.0,28488.0,101.0,0.0,0.0,0.0,0.0,14.0,0.0,0.0,4.3,5000.0,4990.0,4990.0,1.0,1.0,0.0,31.0,1541.0,0.0,255.0,850.0,318.0,0.0,0.0,1245716.0,3.008,3.0,50.0,
1788528143115,2026-09-04T17:22:23.115,0.0,4.0,0.0,1.0,813.0,14.3,43.0,2.77,2.77,2.77,2.77,1.0,1.0,673.0,1.0,0.0,454.0,95.0,7.5,0.05809939999999997,0.05809939999999997,34.0,0.999,0.0,18.0,18.0,-11.0,1.0,1.0,1.0,1.0,0.0,0.0,0.0,0.0,35.0,20.0,20.0,9.0,357.0,315.0,2.0,2.0,620.0,4370.0,0.0,0.0,0.0,1.0,19475.0,9.9,1.0,0.0,,,,,,,,,,,,,,-29.3125,-2.0625,-3.0625,29.125,-29.3125,815.0,0.0,390.0,200.0,0.0,0.0,254.0,20.0,0.0,8.0,0.0,0.0,0.0,0.0,8.0,0.0,5.0,1.0,4.0,0.0,10.0,28488.0,101.0,0.0,0.0,0.0,0.0,14.0,0.0,0.0,4.3,5000.0,4990.0,4980.0,1.0,1.0,0.0,31.0,1471.0,0.0,255.0,850.0,318.0,0.0,0.0,1245716.0,3.008,3.0,50.0,
1788528143586,2026-09-04T17:22:23.586,0.0,4.0,0.0,1.0,816.0,14.3,43.0,2.81,2.81,2.81,2.81,0.0,1.0,112.0,1.0,0.0,454.0,94.5,7.5,0.07706757999999997,0.07706757999999997,34.0,0.999,0.0,18.0,18.0,-11.0,-1.0,-1.0,-1.0,-1.0,0.0,0.0,0.0,0.0,35.0,20.0,20.0,9.0,336.0,315.0,2.0,2.0,620.0,4370.0,0.0,0.0,0.0,1.0,19475.0,9.8,0.0,0.0,,,,,,,,,,,,,,-28.9375,-2.1875,-3.0,28.75,-28.9375,814.0,0.0,390.0,200.0,0.0,0.0,254.0,20.0,0.0,8.0,0.0,0.0,0.0,0.0,8.0,0.0,5.0,1.0,4.0,0.0,10.0,28488.0,101.0,0.0,0.0,0.0,0.0,14.0,0.0,0.0,4.3,5000.0,4990.0,4990.0,1.0,1.0,0.0,31.0,2084.0,0.0,255.0,850.0,318.0,0.0,0.0,1245716.0,3.008,3.0,50.0,
1788528144080,2026-09-04T17:22:24.080,0.0,4.0,0.0,1.0,814.0,14.3,44.0,2.84,2.84,2.84,2.84,0.0,1.0,131.0,1.0,0.0,454.0,95.0,7.5,0.08212627,0.08212627,34.0,0.999,0.0,18.0,18.0,-11.0,0.0,0.0,0.0,0.0,0.0,0.0,0.0,0.0,35.0,20.0,20.0,9.0,357.0,315.0,2.0,2.0,620.0,4370.0,0.0,0.0,0.0,1.0,19475.0,9.8,0.0,0.0,,,,,,,,,,,,,,-29.1875,-4.125,-2.0,29.0,-29.1875,813.0,0.0,390.0,200.0,0.0,0.0,254.0,20.0,0.0,8.0,0.0,0.0,0.0,0.0,8.0,0.0,5.0,1.0,4.0,0.0,10.0,28488.0,101.0,0.0,0.0,0.0,0.0,14.0,0.0,0.0,4.3,5000.0,4990.0,4990.0,1.0,1.0,0.0,31.0,1425.0,0.0,255.0,850.0,318.0,0.0,0.0,1245716.0,3.008,3.0,50.0,
1788528144635,2026-09-04T17:22:24.635,0.0,4.0,0.0,1.0,810.0,14.3,44.0,2.8000000000000003,2.8000000000000003,2.8000000000000003,2.8000000000000003,1.0,1.0,708.0,1.0,0.0,458.0,94.5,7.5,0.06549286999999998,0.06549286999999998,34.0,0.999,0.0,18.0,18.0,-11.0,1.0,1.0,1.0,1.0,0.0,0.0,0.0,0.0,35.0,20.0,20.0,9.0,357.0,315.0,2.0,2.0,620.0,4370.0,0.0,0.0,0.0,1.0,19475.0,9.8,1.0,0.0,,,,,,,,,,,,,,-29.25,-1.5625,-2.9375,29.0625,-29.25,814.0,0.0,390.0,200.0,0.0,0.0,254.0,20.0,0.0,8.0,0.0,0.0,0.0,0.0,8.0,0.0,5.0,1.0,4.0,0.0,10.0,28488.0,101.0,0.0,0.0,0.0,0.0,14.0,0.0,0.0,4.3,5000.0,4990.0,4990.0,1.0,1.0,0.0,31.0,1897.0,0.0,255.0,850.0,318.0,0.0,0.0,1245716.0,3.008,3.0,50.0,
1788528145139,2026-09-04T17:22:25.139,0.0,4.0,0.0,1.0,809.0,14.3,44.0,2.79,2.79,2.79,2.79,1.0,1.0,473.0,1.0,0.0,454.0,94.5,7.5,0.06004504999999999,0.06004504999999999,34.0,0.999,0.0,18.0,18.0,-11.0,-1.0,-1.0,-1.0,-1.0,0.0,0.0,0.0,0.0,35.0,20.0,20.0,9.1,357.0,315.0,2.0,2.0,620.0,4370.0,0.0,0.0,0.0,1.0,19475.0,9.9,1.0,0.0,,,,,,,,,,,,,,-29.1875,-3.0,-2.875,29.0,-29.1875,813.0,0.0,390.0,200.0,0.0,0.0,254.0,20.0,0.0,8.0,0.0,0.0,0.0,0.0,8.0,0.0,5.0,1.0,4.0,0.0,10.0,28488.0,101.0,0.0,0.0,0.0,0.0,14.0,0.0,0.0,4.3,5000.0,4990.0,4990.0,1.0,1.0,0.0,31.0,1556.0,0.0,255.0,850.0,318.0,0.0,0.0,1245716.0,3.008,3.0,50.0,
1788528145606,2026-09-04T17:22:25.606,0.0,4.0,0.0,1.0,815.0,14.3,44.0,2.84,2.84,2.84,2.84,0.0,1.0,112.0,0.0,0.0,444.0,94.5,7.5,0.08095888000000001,0.08095888000000001,34.0,0.999,0.0,18.0,18.0,-11.0,1.0,1.0,1.0,1.0,0.0,0.0,0.0,0.0,35.0,20.0,20.0,9.0,357.0,315.0,2.0,2.0,620.0,4370.0,0.0,0.0,0.0,1.0,19475.0,9.8,0.0,0.0,,,,,,,,,,,,,,-29.25,-2.0625,-2.75,29.0625,-29.25,813.0,0.0,390.0,200.0,0.0,0.0,254.0,20.0,0.0,8.0,0.0,0.0,0.0,0.0,8.0,0.0,5.0,1.0,4.0,0.0,10.0,28488.0,101.0,0.0,0.0,0.0,0.0,14.0,0.0,0.0,4.3,5000.0,4990.0,4990.0,1.0,1.0,0.0,31.0,1874.0,0.0,255.0,850.0,318.0,0.0,0.0,1245716.0,3.008,3.0,50.0,
1788528146114,2026-09-04T17:22:26.114,0.0,4.0,0.0,1.0,814.0,14.3,44.0,2.86,2.86,2.86,2.86,0.0,1.0,200.0,1.0,0.0,458.0,94.5,7.5,0.08601756999999999,0.08601756999999999,34.0,0.999,0.0,18.0,18.0,-11.0,1.0,1.0,1.0,1.0,0.0,0.0,0.0,0.0,35.0,20.0,20.0,9.0,336.0,315.0,2.0,2.0,620.0,4370.0,0.0,0.0,0.0,1.0,19475.0,9.8,0.0,0.0,,,,,,,,,,,,,,-29.25,-3.25,-3.75,29.0625,-29.25,813.0,0.0,390.0,200.0,0.0,0.0,254.0,20.0,0.0,8.0,0.0,0.0,0.0,0.0,8.0,0.0,5.0,1.0,4.0,0.0,10.0,28488.0,101.0,0.0,0.0,0.0,0.0,14.0,0.0,0.0,4.3,5000.0,4990.0,4980.0,1.0,1.0,0.0,31.0,1350.0,0.0,255.0,850.0,318.0,0.0,0.0,1245716.0,3.008,3.0,50.0,
1788528146643,2026-09-04T17:22:26.643,0.0,4.0,0.0,1.0,815.0,14.3,44.0,2.8000000000000003,2.8000000000000003,2.8000000000000003,2.8000000000000003,1.0,1.0,698.0,1.0,0.0,458.0,94.5,7.5,0.06821677999999998,0.06821677999999998,34.0,0.999,0.0,18.0,18.0,-11.0,0.0,0.0,0.0,0.0,0.0,0.0,0.0,0.0,35.0,20.0,20.0,8.9,357.0,336.0,2.0,2.0,620.0,4370.0,0.0,0.0,0.0,1.0,19475.0,9.8,1.0,0.0,,,,,,,,,,,,,,-29.3125,-2.0,-1.5625,29.125,-29.3125,813.0,0.0,390.0,200.0,0.0,0.0,254.0,20.0,0.0,8.0,0.0,0.0,0.0,0.0,8.0,0.0,5.0,1.0,4.0,0.0,10.0,28488.0,101.0,0.0,0.0,0.0,0.0,14.0,0.0,0.0,4.3,5000.0,4990.0,4980.0,1.0,1.0,0.0,31.0,1584.0,0.0,255.0,850.0,318.0,0.0,0.0,1245716.0,3.008,3.0,50.0,
1788528147148,2026-09-04T17:22:27.148,0.0,4.0,0.0,1.0,810.0,14.200000000000001,44.0,2.83,2.83,2.83,2.83,0.0,1.0,161.0,1.0,0.0,449.0,95.0,7.5,0.08173713999999999,0.08173713999999999,34.0,0.999,0.0,18.0,18.0,-11.0,2.0,2.0,2.0,2.0,0.0,0.0,0.0,0.0,35.0,20.0,20.0,8.9,357.0,315.0,2.0,2.0,620.0,4370.0,0.0,0.0,0.0,1.0,19475.0,9.8,1.0,0.0,,,,,,,,,,,,,,-29.375,-2.5625,-2.8125,29.1875,-29.375,813.0,0.0,390.0,200.0,0.0,0.0,254.0,20.0,0.0,8.0,0.0,0.0,0.0,0.0,8.0,0.0,5.0,1.0,4.0,0.0,10.0,28488.0,101.0,0.0,0.0,0.0,0.0,14.0,0.0,0.0,4.3,5000.0,4990.0,4980.0,1.0,1.0,0.0,31.0,1466.0,0.0,255.0,850.0,318.0,0.0,0.0,1245716.0,3.008,3.0,50.0,
1788528147640,2026-09-04T17:22:27.640,0.0,4.0,0.0,1.0,813.0,14.3,44.0,2.82,2.82,2.82,2.82,0.0,1.0,180.0,1.0,0.0,454.0,95.0,7.5,0.08679583000000002,0.08679583000000002,34.0,0.999,0.0,18.0,18.0,-11.0,1.0,1.0,1.0,1.0,0.0,0.0,0.0,0.0,35.0,19.0,20.0,8.9,336.0,315.0,2.0,2.0,620.0,4370.0,0.0,0.0,0.0,1.0,19475.0,9.600000000000001,0.0,0.0,,,,,,,,,,,,,,-29.125,-1.5625,-2.8125,28.9375,-29.125,813.0,0.0,390.0,200.0,0.0,0.0,254.0,20.0,0.0,8.0,0.0,0.0,0.0,0.0,8.0,0.0,5.0,1.0,4.0,0.0,10.0,28488.0,101.0,0.0,0.0,0.0,0.0,14.0,0.0,0.0,4.3,5000.0,4990.0,4990.0,1.0,1.0,0.0,31.0,1544.0,0.0,255.0,850.0,318.0,0.0,0.0,1245716.0,3.008,3.0,50.0,
1788528148301,2026-09-04T17:22:28.301,0.0,4.0,0.0,1.0,821.0,14.3,44.0,2.77,2.77,2.77,2.77,1.0,1.0,727.0,1.0,0.0,454.0,95.0,7.5,0.06704938999999999,0.06704938999999999,34.0,0.999,0.0,18.0,18.0,-11.0,4.0,4.0,4.0,4.0,0.0,0.0,0.0,0.0,35.0,20.0,20.0,9.0,357.0,315.0,2.0,2.0,620.0,4370.0,0.0,0.0,0.0,1.0,19475.0,10.100000000000001,0.0,0.0,,,,,,,,,,,,,,-29.25,-2.125,-2.5,29.0625,-29.25,812.0,0.0,390.0,200.0,0.0,0.0,254.0,20.0,0.0,8.0,0.0,0.0,1.0,0.0,8.0,0.0,5.0,1.0,4.0,100.0,10.0,28488.0,101.0,0.0,0.0,0.0,0.0,14.0,0.0,0.0,4.3,5000.0,4990.0,4970.0,1.0,1.0,0.0,31.0,1523.0,0.0,255.0,850.0,318.0,0.0,0.0,1245716.0,3.008,3.0,50.0,
1788528148852,2026-09-04T17:22:28.852,0.0,4.0,0.0,1.0,808.0,14.3,44.0,2.83,2.83,2.83,2.83,0.0,1.0,214.0,1.0,0.0,454.0,94.5,7.5,0.07901322999999999,0.07901322999999999,34.0,0.999,0.0,18.0,18.0,-11.0,0.0,0.0,0.0,0.0,0.0,0.0,0.0,0.0,35.0,20.0,20.0,9.0,357.0,315.0,2.0,2.0,620.0,4370.0,0.0,0.0,0.0,1.0,19475.0,10.200000000000001,1.0,0.0,,,,,,,,,,,,,,-29.1875,-1.375,-2.8125,29.0,-29.1875,812.0,0.0,560.0,260.0,4.7,3.7,254.0,20.0,0.0,8.0,0.0,0.0,1.0,0.0,8.0,0.0,5.0,1.0,4.0,100.0,10.0,28488.0,101.0,0.0,0.0,0.0,0.0,14.0,0.0,0.0,4.3,5000.0,4990.0,4990.0,1.0,1.0,0.0,31.0,1976.0,0.0,255.0,850.0,318.0,0.0,0.0,1245716.0,3.008,3.0,50.0,
1788528149282,2026-09-04T17:22:29.282,0.0,4.0,0.0,1.0,847.0,14.4,44.0,6.75,6.75,6.75,6.75,0.0,1.0,117.0,1.0,0.0,454.0,95.0,7.5,0.08745200999999997,0.08745200999999997,34.0,0.999,0.0,16.0,16.0,-35.0,14.0,14.0,14.0,14.0,0.0,0.0,0.0,0.0,35.0,29.0,36.0,21.3,462.0,525.0,5.0,6.0,770.0,4220.0,0.0,0.0,0.0,1.0,19475.0,19.200000000000003,0.0,0.0,,,,,,,,,,,,,,8.875,21.9375,23.75,29.8125,8.875,812.0,0.0,690.0,330.0,8.700000000000001,7.800000000000001,254.0,20.0,0.0,8.0,0.0,0.0,1.0,0.0,8.0,0.0,5.0,2.0,4.0,100.0,10.0,28488.0,101.0,0.0,0.0,0.0,0.0,14.0,0.0,0.0,4.3,5000.0,4990.0,4990.0,1.0,1.0,0.0,31.0,2896.0,0.0,255.0,850.0,318.0,0.0,0.0,1245716.0,3.008,3.0,50.0,
1788528149744,2026-09-04T17:22:29.744,0.0,4.0,0.0,1.0,1664.0,14.3,45.0,3.65,3.65,3.65,3.65,1.0,1.0,815.0,0.0,0.0,439.0,94.5,7.5,0.059282049999999975,0.059282049999999975,34.0,0.999,0.0,28.0,28.0,-36.0,11.0,11.0,11.0,11.0,0.0,0.0,0.0,0.0,35.0,24.0,24.0,23.1,378.0,357.0,7.0,7.0,800.0,4180.0,0.0,0.0,0.0,1.0,19475.0,25.0,0.0,0.0,,,,,,,,,,,,,,10.375,9.8125,9.375,27.75,10.375,812.0,0.0,960.0,460.0,16.6,15.4,254.0,20.0,0.0,8.0,0.0,0.0,1.0,0.0,8.0,0.0,5.0,2.0,4.0,100.0,10.0,28488.0,101.0,0.0,0.0,0.0,0.0,14.0,0.0,0.0,4.3,5000.0,4990.0,4980.0,1.0,1.0,0.0,31.0,3025.0,0.0,255.0,850.0,318.0,0.0,0.0,1245716.0,3.008,3.0,50.0,
1788528150247,2026-09-04T17:22:30.247,0.0,4.0,0.0,1.0,1627.0,14.200000000000001,45.0,4.57,4.57,4.57,4.57,0.0,1.0,63.0,1.0,0.0,454.0,95.0,7.5,0.04416702,0.04416702,34.0,0.999,0.0,23.0,23.0,-33.0,20.0,20.0,20.0,20.0,0.0,0.0,0.0,0.0,35.0,51.0,43.0,41.300000000000004,735.0,609.0,15.0,16.0,1170.0,3800.0,5.0,0.0,95.0,1.0,19475.0,45.2,0.0,0.0,,,,,,,,,,,,,,54.6875,64.8125,64.9375,25.625,54.6875,812.0,0.0,1230.0,590.0,24.8,23.5,254.0,20.0,0.0,8.0,0.0,0.0,1.0,0.0,8.0,0.0,5.0,2.0,4.0,100.0,10.0,28488.0,101.0,0.0,0.0,0.0,0.0,14.0,0.0,0.0,4.3,5000.0,4990.0,4980.0,1.0,1.0,0.0,31.0,3146.0,0.0,255.0,850.0,318.0,0.0,0.0,1245716.0,3.008,3.0,50.0,
1788528150736,2026-09-04T17:22:30.736,0.0,4.0,0.0,1.0,2096.0,14.200000000000001,45.0,5.53,5.53,5.53,5.53,1.0,1.0,815.0,1.0,0.0,449.0,94.5,7.5,0.06554628000000001,0.06554628000000001,34.0,0.999,0.0,27.0,27.0,-33.0,24.0,24.0,24.0,24.0,0.0,0.0,0.0,0.0,36.0,33.0,35.0,38.5,504.0,483.0,10.0,10.0,940.0,4030.0,0.0,0.0,0.0,1.0,19475.0,40.2,1.0,0.0,,,,,,,,,,,,,,12.875,20.1875,24.1875,26.6875,12.875,812.0,1.0,930.0,450.0,16.5,15.100000000000001,254.0,20.0,0.0,8.0,0.0,0.0,1.0,0.0,8.0,0.0,5.0,2.0,4.0,100.0,10.0,28488.0,101.0,0.0,0.0,0.0,0.0,14.0,0.0,0.0,4.3,5000.0,4990.0,4970.0,1.0,1.0,0.0,31.0,3251.0,0.0,255.0,850.0,318.0,0.0,0.0,1245716.0,3.008,3.0,50.0,
1788528151253,2026-09-04T17:22:31.253,0.0,4.0,0.0,1.0,1587.0,14.3,45.0,3.64,3.64,3.64,3.64,1.0,1.0,751.0,0.0,0.0,439.0,92.0,7.5,0.043152230000000014,0.043152230000000014,34.0,0.999,0.0,25.0,25.0,-30.0,21.0,21.0,21.0,21.0,0.0,0.0,0.0,0.0,35.0,32.0,31.0,26.6,483.0,441.0,8.0,8.0,850.0,4140.0,0.0,0.0,0.0,1.0,19475.0,29.400000000000002,1.0,0.0,,,,,,,,,,,,,,22.8125,22.3125,21.5625,25.875,22.8125,812.0,2.0,940.0,450.0,16.2,15.100000000000001,254.0,20.0,0.0,8.0,0.0,0.0,1.0,0.0,8.0,0.0,5.0,2.0,4.0,100.0,10.0,28488.0,101.0,0.0,0.0,0.0,0.0,14.0,0.0,0.0,4.3,5000.0,4990.0,4980.0,1.0,1.0,0.0,31.0,2554.0,0.0,255.0,850.0,318.0,0.0,0.0,1245716.0,3.008,3.0,50.0,
1788528151739,2026-09-04T17:22:31.739,0.0,4.0,0.0,1.0,1502.0,14.3,45.0,4.92,4.92,4.92,4.92,0.0,1.0,53.0,1.0,0.0,454.0,91.5,7.5,0.0769455,0.0769455,34.0,0.999,0.0,22.0,22.0,-33.0,16.0,16.0,16.0,16.0,0.0,0.0,0.0,0.0,35.0,35.0,35.0,27.8,546.0,504.0,8.0,8.0,860.0,4120.0,0.0,0.0,0.0,1.0,19475.0,30.1,0.0,0.0,,,,,,,,,,,,,,13.3125,15.5,22.4375,24.625,13.3125,811.0,3.0,660.0,310.0,8.4,7.2,254.0,20.0,0.0,8.0,0.0,0.0,1.0,0.0,8.0,0.0,5.0,2.0,4.0,100.0,10.0,28488.0,101.0,0.0,0.0,0.0,0.0,14.0,0.0,0.0,4.3,5000.0,4990.0,4980.0,1.0,1.0,0.0,31.0,1898.0,0.0,255.0,850.0,318.0,0.0,0.0,1245716.0,3.008,3.0,50.0,
1788528152245,2026-09-04T17:22:32.245,0.0,4.0,0.0,1.0,1200.0,14.3,45.0,3.74,3.74,3.74,3.74,1.0,1.0,483.0,1.0,0.0,449.0,91.0,7.5,0.10965531,0.10965531,34.0,0.999,0.0,19.0,19.0,-36.0,8.0,8.0,8.0,8.0,0.0,0.0,0.0,0.0,35.0,26.0,28.0,18.5,420.0,399.0,5.0,5.0,750.0,4240.0,0.0,0.0,0.0,1.0,19475.0,19.1,0.0,0.0,,,,,,,,,,,,,,17.75,17.9375,17.4375,27.3125,17.75,811.0,3.0,830.0,390.0,12.5,11.3,254.0,20.0,0.0,8.0,0.0,0.0,1.0,0.0,8.0,0.0,5.0,2.0,4.0,100.0,9.0,28488.0,101.0,0.0,0.0,0.0,0.0,14.0,0.0,0.0,4.3,5000.0,4990.0,4980.0,1.0,1.0,0.0,31.0,2609.0,0.0,255.0,850.0,318.0,0.0,0.0,1245716.0,3.008,3.0,50.0,
1788528152749,2026-09-04T17:22:32.749,0.0,4.0,0.0,1.0,1377.0,14.3,45.0,5.86,5.86,5.86,5.86,1.0,1.0,605.0,1.0,0.0,454.0,91.5,7.5,0.07201651999999997,0.07201651999999997,34.0,0.999,0.0,21.0,21.0,-34.0,18.0,18.0,18.0,18.0,0.0,0.0,0.0,0.0,35.0,40.0,41.0,34.5,588.0,588.0,10.0,11.0,960.0,4010.0,0.0,0.0,0.0,1.0,19475.0,34.9,1.0,0.0,,,,,,,,,,,,,,32.6875,43.6875,43.0625,24.1875,32.6875,810.0,4.0,960.0,460.0,17.2,16.3,254.0,20.0,0.0,8.0,0.0,0.0,1.0,0.0,8.0,0.0,5.0,2.0,4.0,100.0,10.0,28488.0,101.0,0.0,0.0,0.0,0.0,14.0,0.0,0.0,4.3,5000.0,4990.0,4980.0,1.0,1.0,0.0,31.0,3137.0,0.0,255.0,850.0,318.0,0.0,0.0,1245716.0,3.008,3.0,50.0,
1788528153479,2026-09-04T17:22:33.479,0.0,4.0,0.0,1.0,1914.0,14.3,45.0,2.8000000000000003,2.8000000000000003,2.8000000000000003,2.8000000000000003,1.0,1.0,825.0,1.0,0.0,454.0,90.5,7.5,0.08217205,0.08217205,35.0,0.999,0.0,30.0,30.0,-14.0,30.0,30.0,30.0,30.0,0.0,0.0,0.0,0.0,35.0,15.0,20.0,19.6,252.0,294.0,5.0,5.0,720.0,4270.0,0.0,0.0,0.0,1.0,19475.0,17.900000000000002,0.0,0.0,,,,,,,,,,,,,,2.3125,6.0,5.625,24.9375,2.3125,810.0,4.0,800.0,380.0,12.200000000000001,11.0,254.0,20.0,0.0,8.0,0.0,0.0,1.0,0.0,8.0,0.0,5.0,2.0,4.0,100.0,11.0,28488.0,101.0,0.0,0.0,0.0,0.0,14.0,0.0,0.0,4.3,5000.0,4990.0,4980.0,1.0,1.0,0.0,31.0,2484.0,0.0,255.0,850.0,306.0,0.0,0.0,1245716.0,3.008,3.0,50.0,
1788528154047,2026-09-04T17:22:34.047,0.0,4.0,0.0,1.0,1556.0,14.200000000000001,45.0,3.0,3.0,3.0,3.0,0.0,1.0,73.0,0.0,0.0,434.0,90.5,7.5,0.08446868000000002,0.08446868000000002,35.0,0.999,0.0,26.0,26.0,-15.0,26.0,26.0,26.0,26.0,0.0,0.0,0.0,0.0,35.0,26.0,23.0,18.5,420.0,336.0,6.0,6.0,770.0,4210.0,0.0,0.0,0.0,1.0,19475.0,22.400000000000002,0.0,0.0,,,,,,,,,,,,,,18.6875,12.1875,12.1875,28.0,18.6875,810.0,5.0,800.0,380.0,12.200000000000001,11.0,254.0,20.0,0.0,8.0,0.0,0.0,1.0,0.0,8.0,0.0,5.0,2.0,4.0,100.0,11.0,28488.0,101.0,0.0,0.0,0.0,0.0,14.0,0.0,0.0,4.3,5000.0,4990.0,4980.0,1.0,1.0,0.0,31.0,2197.0,0.0,255.0,850.0,306.0,0.0,0.0,1245716.0,3.008,3.0,50.0,
1788528154544,2026-09-04T17:22:34.544,0.0,4.0,0.0,1.0,1197.0,14.200000000000001,45.0,4.76,4.76,4.76,4.76,1.0,1.0,805.0,1.0,0.0,454.0,90.5,7.5,0.051560490000000014,0.051560490000000014,35.0,0.999,0.0,18.0,18.0,-34.0,15.0,15.0,15.0,15.0,0.0,0.0,0.0,0.0,35.0,32.0,32.0,20.8,504.0,462.0,6.0,6.0,780.0,4210.0,0.0,0.0,0.0,1.0,19475.0,22.1,1.0,0.0,,,,,,,,,,,,,,20.4375,22.625,21.4375,29.4375,20.4375,810.0,6.0,790.0,380.0,11.9,10.700000000000001,254.0,20.0,0.0,8.0,0.0,0.0,1.0,0.0,8.0,0.0,5.0,2.0,4.0,100.0,9.0,28488.0,101.0,0.0,0.0,0.0,0.0,14.0,0.0,0.0,4.3,5000.0,4990.0,4980.0,1.0,1.0,0.0,31.0,2477.0,0.0,255.0,850.0,307.0,0.0,0.0,1245716.0,3.008,3.0,50.0,
1788528155009,2026-09-04T17:22:35.009,0.0,4.0,0.0,1.0,1189.0,14.3,45.0,4.97,4.97,4.97,4.97,1.0,1.0,839.0,1.0,0.0,454.0,90.5,7.5,0.023978039999999978,0.023978039999999978,35.0,0.999,0.0,18.0,18.0,-36.0,8.0,8.0,8.0,8.0,0.0,0.0,0.0,0.0,36.0,29.0,32.0,20.700000000000003,462.0,462.0,6.0,6.0,770.0,4230.0,0.0,0.0,0.0,1.0,19475.0,20.400000000000002,1.0,0.0,,,,,,,,,,,,,,14.4375,21.5,20.875,30.125,14.4375,810.0,7.0,740.0,350.0,10.4,9.200000000000001,254.0,20.0,0.0,8.0,0.0,0.0,1.0,0.0,8.0,0.0,5.0,2.0,4.0,100.0,9.0,28488.0,101.0,0.0,0.0,0.0,0.0,14.0,0.0,0.0,4.3,5000.0,4990.0,4980.0,1.0,1.0,0.0,31.0,1952.0,0.0,255.0,850.0,307.0,0.0,0.0,1245716.0,3.008,3.0,50.0,
1788528155525,2026-09-04T17:22:35.525,0.0,4.0,0.0,1.0,1190.0,14.3,45.0,3.95,3.95,3.95,3.95,1.0,1.0,712.0,1.0,0.0,454.0,91.0,7.5,-0.00334499000000002,-0.00334499000000002,35.0,0.999,0.0,19.0,19.0,-36.0,16.0,16.0,16.0,16.0,0.0,0.0,0.0,0.0,35.0,27.0,28.0,18.0,420.0,420.0,5.0,5.0,730.0,4250.0,0.0,0.0,0.0,1.0,19475.0,18.3,0.0,0.0,,,,,,,,,,,,,,13.1875,15.3125,15.3125,29.9375,13.1875,810.0,8.0,750.0,350.0,10.5,9.200000000000001,254.0,20.0,0.0,8.0,0.0,0.0,1.0,0.0,8.0,0.0,5.0,2.0,4.0,100.0,9.0,28488.0,101.0,0.0,0.0,0.0,0.0,14.0,0.0,0.0,4.3,5000.0,4990.0,4980.0,1.0,1.0,0.0,31.0,2249.0,0.0,255.0,850.0,307.0,0.0,0.0,1245716.0,3.008,3.0,50.0,
1788528156032,2026-09-04T17:22:36.032,0.0,4.0,0.0,1.0,1302.0,14.3,45.0,3.43,3.43,3.43,3.43,0.0,1.0,68.0,1.0,0.0,449.0,91.0,7.5,0.00908428,0.00908428,35.0,0.999,0.0,21.0,21.0,-28.0,21.0,21.0,21.0,21.0,0.0,0.0,0.0,0.0,35.0,24.0,26.0,18.6,378.0,378.0,5.0,5.0,740.0,4240.0,0.0,0.0,0.0,1.0,19475.0,18.7,0.0,0.0,,,,,,,,,,,,,,10.5625,13.5625,13.5625,28.625,10.5625,810.0,9.0,760.0,360.0,10.8,9.8,254.0,20.0,0.0,8.0,0.0,0.0,1.0,0.0,8.0,0.0,5.0,2.0,4.0,100.0,6.0,28488.0,101.0,0.0,0.0,0.0,0.0,14.0,0.0,0.0,4.3,5000.0,4990.0,4980.0,1.0,1.0,0.0,31.0,2414.0,0.0,255.0,850.0,307.0,0.0,0.0,1245716.0,3.008,3.0,50.0,
1788528156543,2026-09-04T17:22:36.543,0.0,4.0,0.0,1.0,1391.0,14.3,45.0,3.2800000000000002,3.2800000000000002,3.2800000000000002,3.2800000000000002,0.0,1.0,327.0,1.0,0.0,454.0,91.0,7.5,0.03823087999999997,0.03823087999999997,35.0,0.999,0.0,23.0,23.0,-24.0,23.0,23.0,23.0,23.0,0.0,0.0,0.0,0.0,35.0,23.0,25.0,19.0,378.0,357.0,5.0,5.0,750.0,4230.0,0.0,0.0,0.0,1.0,19475.0,19.5,1.0,0.0,,,,,,,,,,,,,,14.1875,13.0625,13.0625,26.8125,14.1875,809.0,10.0,840.0,410.0,13.3,12.200000000000001,254.0,20.0,0.0,8.0,0.0,0.0,1.0,0.0,8.0,0.0,5.0,2.0,4.0,100.0,4.0,28488.0,101.0,0.0,0.0,0.0,0.0,14.0,0.0,0.0,4.3,5000.0,4990.0,4980.0,1.0,1.0,0.0,31.0,2796.0,0.0,255.0,850.0,308.0,0.0,0.0,1245716.0,3.008,3.0,50.0,
1788528157037,2026-09-04T17:22:37.037,0.0,4.0,0.0,1.0,1504.0,14.3,45.0,3.37,3.37,3.37,3.37,1.0,1.0,620.0,1.0,0.0,449.0,90.5,7.5,-0.013538670000000003,-0.013538670000000003,35.0,0.999,0.0,24.0,24.0,-25.0,24.0,24.0,24.0,24.0,0.0,0.0,0.0,0.0,35.0,27.0,26.0,22.1,420.0,378.0,7.0,7.0,790.0,4180.0,0.0,0.0,0.0,1.0,19475.0,24.400000000000002,1.0,0.0,,,,,,,,,,,,,,22.5625,18.1875,18.1875,25.0625,22.5625,809.0,11.0,950.0,450.0,16.400000000000002,15.4,254.0,20.0,0.0,8.0,0.0,0.0,1.0,0.0,8.0,0.0,5.0,2.0,4.0,100.0,3.0,28488.0,101.0,0.0,0.0,0.0,0.0,14.0,0.0,0.0,4.3,5000.0,4990.0,4980.0,1.0,1.0,0.0,31.0,3129.0,0.0,255.0,850.0,308.0,0.0,0.0,1245716.0,3.008,3.0,50.0,
1788528157535,2026-09-04T17:22:37.535,0.0,4.0,0.0,1.0,1629.0,14.3,46.0,4.25,4.25,4.25,4.25,0.0,1.0,73.0,1.0,0.0,454.0,91.0,7.5,0.03362236000000002,0.03362236000000002,35.0,0.999,0.0,26.0,26.0,-35.0,22.0,22.0,22.0,22.0,0.0,0.0,0.0,0.0,35.0,35.0,31.0,29.6,504.0,441.0,9.0,9.0,890.0,4080.0,0.0,0.0,0.0,1.0,19475.0,34.1,0.0,0.0,,,,,,,,,,,,,,41.9375,31.8125,31.75,23.4375,41.9375,809.0,12.0,1200.0,580.0,24.1,22.6,254.0,20.0,0.0,8.0,0.0,0.0,0.0,0.0,8.0,0.0,5.0,2.0,4.0,0.0,4.0,28488.0,101.0,0.0,0.0,0.0,0.0,14.0,0.0,0.0,4.3,5000.0,4990.0,4970.0,1.0,1.0,0.0,31.0,3200.0,0.0,255.0,850.0,308.0,0.0,0.0,1245716.0,3.008,3.0,50.0,
1788528157984,2026-09-04T17:22:37.984,0.0,4.0,0.0,1.0,1878.0,14.3,46.0,7.33,7.33,7.33,7.33,1.0,1.0,498.0,0.0,0.0,444.0,91.0,7.5,0.027121599999999968,0.027121599999999968,35.0,0.999,0.0,23.0,23.0,-35.0,12.0,12.0,12.0,12.0,0.0,0.0,0.0,0.0,36.0,42.0,46.0,49.0,546.0,588.0,12.0,12.0,1020.0,3950.0,11.0,12.0,41.0,1.0,19475.0,47.400000000000006,0.0,0.0,,,,,,,,,,,,,,48.875,52.5,51.625,22.0,48.875,809.0,14.0,1260.0,610.0,25.6,24.400000000000002,254.0,20.0,0.0,8.0,0.0,0.0,0.0,0.0,8.0,0.0,5.0,2.0,4.0,0.0,5.0,28488.0,101.0,0.0,0.0,0.0,0.0,14.0,0.0,0.0,4.3,5000.0,4990.0,4980.0,1.0,1.0,0.0,31.0,3271.0,0.0,255.0,850.0,308.0,0.0,0.0,1245716.0,3.008,3.0,50.0,
1788528158599,2026-09-04T17:22:38.599,0.0,4.0,0.0,1.0,2271.0,14.3,46.0,7.62,7.62,7.62,7.62,1.0,1.0,766.0,0.0,0.0,434.0,92.0,7.5,0.0026903400000000133,0.0026903400000000133,35.0,0.999,0.0,25.0,25.0,-36.0,17.0,17.0,17.0,17.0,0.0,0.0,0.0,0.0,36.0,40.0,40.0,50.300000000000004,567.0,525.0,13.0,13.0,1040.0,3930.0,0.0,0.0,0.0,1.0,19475.0,53.900000000000006,1.0,0.0,,,,,,,,,,,,,,46.9375,49.1875,47.375,22.3125,46.9375,809.0,17.0,1280.0,620.0,26.5,25.200000000000003,254.0,20.0,0.0,8.0,0.0,0.0,0.0,0.0,8.0,0.0,5.0,2.0,4.0,0.0,5.0,28488.0,101.0,0.0,0.0,0.0,0.0,14.0,0.0,0.0,4.3,5000.0,4990.0,4980.0,1.0,1.0,0.0,31.0,5000.0,0.0,255.0,850.0,308.0,0.0,0.0,1245716.0,3.008,3.0,50.0,
1788528159114,2026-09-04T17:22:39.114,0.0,4.0,0.0,1.0,2569.0,14.200000000000001,46.0,4.73,4.73,4.73,4.73,0.0,1.0,68.0,0.0,0.0,444.0,88.0,7.5,0.03185982999999998,0.03185982999999998,35.0,0.999,0.0,30.0,30.0,-36.0,6.0,6.0,6.0,6.0,0.0,0.0,0.0,0.0,35.0,13.0,25.0,33.2,231.0,357.0,6.0,6.0,790.0,4190.0,0.0,0.0,0.0,1.0,19475.0,21.6,1.0,0.0,,,,,,,,,,,,,,-21.5625,-19.5625,-12.625,22.1875,-21.5625,808.0,18.0,390.0,200.0,0.0,0.0,254.0,20.0,0.0,8.0,0.0,0.0,1.0,0.0,8.0,0.0,5.0,2.0,4.0,100.0,5.0,28488.0,101.0,0.0,0.0,0.0,0.0,14.0,0.0,0.0,4.3,5000.0,4990.0,4980.0,1.0,1.0,0.0,31.0,4374.0,0.0,255.0,850.0,301.0,0.0,0.0,1245716.0,3.008,3.0,50.0,
1788528159643,2026-09-04T17:22:39.643,0.0,4.0,0.0,1.0,2010.0,14.3,46.0,1.54,1.54,1.54,1.54,0.0,1.0,14.0,1.0,0.0,458.0,86.0,7.5,0.08675768,0.08675768,35.0,0.999,0.0,36.0,36.0,-21.0,-18.0,-18.0,-18.0,-18.0,0.0,0.0,0.0,0.0,35.0,14.0,17.0,15.700000000000001,231.0,252.0,4.0,4.0,680.0,4300.0,0.0,0.0,0.0,1.0,19475.0,14.200000000000001,0.0,0.0,,,,,,,,,,,,,,-23.0625,-23.0625,-20.125,22.875,-23.0625,808.0,19.0,390.0,200.0,0.0,0.0,254.0,20.0,0.0,8.0,0.0,0.0,1.0,0.0,8.0,0.0,5.0,2.0,4.0,100.0,5.0,28488.0,101.0,0.0,0.0,0.0,0.0,14.0,0.0,0.0,4.3,5000.0,4990.0,4980.0,1.0,1.0,0.0,31.0,2340.0,0.0,255.0,850.0,277.0,0.0,0.0,1245716.0,3.008,3.0,50.0,
1788528160149,2026-09-04T17:22:40.149,0.0,4.0,0.0,1.0,1268.0,14.3,46.0,1.72,1.72,1.72,1.72,0.0,1.0,48.0,1.0,0.0,458.0,83.5,7.5,0.11933014999999997,0.11933014999999997,35.0,0.999,0.0,31.0,31.0,-21.0,14.0,14.0,14.0,14.0,0.0,0.0,0.0,0.0,35.0,19.0,18.0,13.100000000000001,294.0,273.0,4.0,4.0,680.0,4290.0,0.0,0.0,0.0,1.0,19475.0,14.3,0.0,0.0,,,,,,,,,,,,,,0.4375,0.5625,1.125,26.625,0.4375,808.0,19.0,400.0,200.0,0.0,0.0,254.0,20.0,0.0,8.0,0.0,0.0,1.0,0.0,8.0,0.0,5.0,2.0,4.0,100.0,5.0,28488.0,101.0,0.0,0.0,0.0,0.0,15.0,0.0,0.0,4.3,5000.0,4990.0,4980.0,1.0,1.0,0.0,31.0,2553.0,0.0,255.0,850.0,270.0,0.0,0.0,1245716.0,3.008,3.0,50.0,
1788528160574,2026-09-04T17:22:40.574,0.0,4.0,0.0,1.0,1313.0,14.3,46.0,1.95,1.95,1.95,1.95,1.0,1.0,888.0,1.0,0.0,454.0,83.5,7.5,0.09759227999999998,0.09759227999999998,35.0,0.999,0.0,31.0,31.0,-17.0,-17.0,-17.0,-17.0,-17.0,0.0,0.0,0.0,0.0,35.0,13.0,15.0,9.600000000000001,231.0,231.0,2.0,2.0,610.0,4380.0,0.0,0.0,0.0,1.0,19475.0,9.1,1.0,0.0,,,,,,,,,,,,,,-27.75,-18.75,-20.4375,27.5625,-27.75,807.0,19.0,390.0,200.0,0.0,0.0,254.0,20.0,0.0,8.0,0.0,0.0,1.0,0.0,8.0,0.0,5.0,1.0,4.0,100.0,6.0,28488.0,101.0,0.0,0.0,0.0,0.0,15.0,0.0,0.0,4.3,5000.0,4990.0,4990.0,1.0,1.0,0.0,31.0,1946.0,0.0,255.0,850.0,278.0,0.0,0.0,1245716.0,3.008,3.0,50.0,
1788528161051,2026-09-04T17:22:41.051,0.0,4.0,0.0,1.0,984.0,13.600000000000001,46.0,1.86,1.86,1.86,1.86,1.0,1.0,795.0,1.0,0.0,449.0,92.0,8.0,0.09454027999999998,0.09454027999999998,35.0,0.999,0.0,30.0,30.0,5.0,13.0,13.0,13.0,13.0,0.0,0.0,0.0,0.0,35.0,15.0,14.0,7.4,273.0,231.0,2.0,1.0,580.0,4400.0,0.0,0.0,0.0,1.0,19475.0,8.4,1.0,0.0,,,,,,,,,,,,,,-29.0,-6.8125,-7.5,28.8125,-29.0,807.0,18.0,390.0,200.0,0.0,0.0,254.0,20.0,0.0,8.0,0.0,1.0,1.0,0.0,8.0,0.0,5.0,1.0,4.0,100.0,8.0,28488.0,101.0,0.0,0.0,0.0,0.0,15.0,0.0,0.0,4.3,5000.0,4990.0,4990.0,1.0,1.0,0.0,31.0,1529.0,0.0,255.0,850.0,283.0,0.0,0.0,1245716.0,3.008,3.0,50.0,
1788528161569,2026-09-04T17:22:41.569,0.0,4.0,0.0,1.0,847.0,14.0,46.0,2.77,2.77,2.77,2.77,1.0,1.0,834.0,1.0,0.0,454.0,89.5,8.0,0.09186978000000001,0.09186978000000001,35.0,0.999,0.0,19.0,19.0,-5.0,18.0,18.0,18.0,18.0,0.0,0.0,0.0,0.0,35.0,22.0,19.0,9.0,357.0,294.0,3.0,3.0,630.0,4350.0,0.0,0.0,0.0,1.0,19475.0,10.8,0.0,0.0,,,,,,,,,,,,,,-29.5625,-0.5,-1.3125,29.375,-29.5625,807.0,16.0,390.0,200.0,0.0,0.0,254.0,20.0,0.0,8.0,0.0,1.0,1.0,0.0,8.0,0.0,5.0,1.0,4.0,100.0,7.0,28488.0,101.0,0.0,0.0,0.0,0.0,15.0,0.0,0.0,4.3,5000.0,4990.0,4990.0,1.0,1.0,0.0,31.0,1241.0,0.0,255.0,850.0,287.0,0.0,0.0,1245716.0,3.008,3.0,50.0,
1788528162052,2026-09-04T17:22:42.052,0.0,4.0,0.0,1.0,825.0,14.200000000000001,46.0,3.31,3.31,3.31,3.31,1.0,1.0,869.0,0.0,0.0,444.0,84.5,7.5,0.08900852999999997,0.08900852999999997,35.0,0.999,0.0,17.0,17.0,-13.0,0.0,0.0,0.0,0.0,0.0,0.0,0.0,0.0,35.0,20.0,21.0,9.200000000000001,336.0,336.0,2.0,2.0,620.0,4370.0,0.0,0.0,0.0,1.0,19475.0,9.9,0.0,0.0,,,,,,,,,,,,,,-29.6875,-2.25,-2.75,29.5,-29.6875,807.0,13.0,390.0,200.0,0.0,0.0,254.0,20.0,0.0,8.0,0.0,1.0,1.0,0.0,8.0,0.0,5.0,1.0,4.0,100.0,4.0,28488.0,101.0,0.0,0.0,0.0,0.0,15.0,0.0,0.0,4.3,5000.0,4990.0,4980.0,1.0,1.0,0.0,31.0,1774.0,0.0,255.0,850.0,288.0,0.0,0.0,1245716.0,3.008,3.0,50.0,
1788528162508,2026-09-04T17:22:42.508,0.0,4.0,0.0,1.0,818.0,14.200000000000001,46.0,3.14,3.14,3.14,3.14,1.0,1.0,883.0,1.0,0.0,449.0,84.5,7.5,0.08394984,0.08394984,35.0,0.999,0.0,17.0,17.0,-12.0,-3.0,-3.0,-3.0,-3.0,0.0,0.0,0.0,0.0,35.0,20.0,20.0,9.0,336.0,315.0,2.0,2.0,610.0,4370.0,0.0,0.0,0.0,1.0,19475.0,9.5,1.0,0.0,,,,,,,,,,,,,,-29.875,-3.1875,-3.1875,29.6875,-29.875,807.0,10.0,390.0,200.0,0.0,0.0,254.0,20.0,0.0,8.0,0.0,1.0,1.0,0.0,8.0,0.0,5.0,1.0,4.0,100.0,2.0,28488.0,101.0,0.0,0.0,0.0,0.0,15.0,0.0,0.0,4.3,5000.0,4990.0,4980.0,1.0,1.0,0.0,31.0,1450.0,0.0,255.0,850.0,295.0,0.0,0.0,1245716.0,3.008,3.0,50.0,
1788528162977,2026-09-04T17:22:42.977,0.0,4.0,0.0,1.0,812.0,14.3,46.0,2.89,2.89,2.89,2.89,1.0,1.0,883.0,1.0,0.0,454.0,84.5,7.5,0.07928027999999998,0.07928027999999998,35.0,0.999,0.0,17.0,17.0,-9.0,2.0,2.0,2.0,2.0,0.0,0.0,0.0,0.0,35.0,20.0,20.0,8.8,336.0,315.0,2.0,2.0,610.0,4370.0,0.0,0.0,0.0,1.0,19475.0,9.5,1.0,0.0,,,,,,,,,,,,,,-29.8125,-2.625,-4.125,29.625,-29.8125,807.0,7.0,390.0,200.0,0.0,0.0,254.0,20.0,0.0,8.0,0.0,1.0,1.0,0.0,8.0,0.0,5.0,1.0,4.0,100.0,3.0,28488.0,101.0,0.0,0.0,0.0,0.0,15.0,0.0,0.0,4.3,5000.0,4990.0,4990.0,1.0,1.0,0.0,31.0,1617.0,0.0,255.0,850.0,306.0,0.0,0.0,1245716.0,3.008,3.0,50.0,
1788528163654,2026-09-04T17:22:43.654,0.0,4.0,0.0,1.0,808.0,14.3,46.0,2.81,2.81,2.81,2.81,1.0,1.0,878.0,1.0,0.0,454.0,84.5,7.5,0.07383245999999999,0.07383245999999999,35.0,0.999,0.0,17.0,17.0,-9.0,0.0,0.0,0.0,0.0,0.0,0.0,0.0,0.0,35.0,20.0,20.0,8.700000000000001,336.0,315.0,2.0,2.0,610.0,4370.0,0.0,0.0,0.0,1.0,19475.0,9.4,0.0,0.0,,,,,,,,,,,,,,-30.0625,-4.3125,-3.6875,29.875,-30.0625,807.0,4.0,390.0,200.0,0.0,0.0,254.0,20.0,0.0,8.0,0.0,1.0,1.0,0.0,8.0,0.0,5.0,1.0,4.0,100.0,7.0,28488.0,101.0,0.0,0.0,0.0,0.0,15.0,0.0,0.0,4.3,5000.0,4990.0,4980.0,1.0,1.0,0.0,31.0,1426.0,0.0,255.0,850.0,328.0,0.0,0.0,1245716.0,3.008,3.0,50.0,
1788528164085,2026-09-04T17:22:44.085,0.0,4.0,0.0,1.0,803.0,14.200000000000001,46.0,2.74,2.74,2.74,2.74,1.0,1.0,869.0,1.0,0.0,454.0,85.0,7.5,0.06721725,0.06721725,35.0,0.999,0.0,17.0,17.0,-10.0,0.0,0.0,0.0,0.0,0.0,0.0,0.0,0.0,35.0,20.0,20.0,8.700000000000001,336.0,315.0,2.0,2.0,610.0,4370.0,0.0,0.0,0.0,1.0,19475.0,9.5,0.0,0.0,,,,,,,,,,,,,,-30.0,-2.6875,-2.875,29.8125,-30.0,806.0,3.0,390.0,200.0,0.0,0.0,254.0,20.0,0.0,8.0,0.0,0.0,1.0,0.0,8.0,0.0,5.0,1.0,4.0,100.0,9.0,28488.0,101.0,0.0,0.0,0.0,0.0,15.0,0.0,0.0,4.3,5000.0,4990.0,4980.0,1.0,1.0,0.0,31.0,1492.0,0.0,255.0,850.0,330.0,0.0,0.0,1245716.0,3.008,3.0,50.0,
1788528164651,2026-09-04T17:22:44.651,0.0,4.0,0.0,1.0,792.0,14.200000000000001,46.0,2.7800000000000002,2.7800000000000002,2.7800000000000002,2.7800000000000002,1.0,1.0,859.0,0.0,0.0,434.0,85.0,7.5,0.06254768999999999,0.06254768999999999,35.0,0.999,0.0,17.0,17.0,-11.0,5.0,5.0,5.0,5.0,0.0,0.0,0.0,0.0,35.0,26.0,21.0,8.9,420.0,315.0,3.0,3.0,620.0,4360.0,0.0,0.0,0.0,1.0,19475.0,11.600000000000001,1.0,0.0,,,,,,,,,,,,,,13.375,0.3125,1.3125,30.125,13.375,806.0,3.0,710.0,330.0,9.0,8.1,254.0,20.0,0.0,8.0,0.0,0.0,1.0,0.0,8.0,0.0,5.0,2.0,4.0,100.0,10.0,28488.0,101.0,0.0,0.0,0.0,0.0,15.0,0.0,0.0,4.3,5000.0,4990.0,4980.0,1.0,1.0,0.0,31.0,1806.0,0.0,255.0,850.0,328.0,0.0,0.0,1245716.0,3.008,3.0,50.0,
1788528165201,2026-09-04T17:22:45.201,0.0,4.0,0.0,1.0,862.0,14.200000000000001,46.0,4.22,4.22,4.22,4.22,1.0,1.0,849.0,1.0,0.0,454.0,85.0,7.5,0.04633394000000002,0.04633394000000002,35.0,0.999,0.0,16.0,16.0,-31.0,5.0,5.0,5.0,5.0,0.0,0.0,0.0,0.0,35.0,42.0,30.0,15.9,630.0,441.0,7.0,7.0,790.0,4190.0,0.0,0.0,0.0,1.0,19475.0,21.8,1.0,0.0,,,,,,,,,,,,,,43.8125,22.9375,22.75,29.5625,43.8125,806.0,3.0,1020.0,480.0,18.2,17.1,254.0,20.0,0.0,8.0,0.0,0.0,1.0,0.0,8.0,0.0,5.0,2.0,4.0,100.0,10.0,28488.0,101.0,0.0,0.0,0.0,0.0,15.0,0.0,0.0,4.3,5000.0,4990.0,4970.0,1.0,1.0,0.0,31.0,2009.0,0.0,255.0,850.0,327.0,0.0,0.0,1245716.0,3.008,3.0,50.0,
1788528165709,2026-09-04T17:22:45.709,0.0,4.0,0.0,1.0,1286.0,14.200000000000001,46.0,9.700000000000001,9.700000000000001,9.700000000000001,9.700000000000001,1.0,1.0,585.0,1.0,0.0,454.0,87.0,7.5,0.016256480000000018,0.016256480000000018,35.0,0.999,0.0,17.0,17.0,-36.0,15.0,15.0,15.0,15.0,0.0,0.0,0.0,0.0,36.0,50.0,52.0,50.7,609.0,630.0,13.0,13.0,1060.0,3900.0,23.0,24.0,29.0,1.0,19475.0,48.6,0.0,0.0,,,,,,,,,,,,,,50.625,57.9375,57.875,27.375,50.625,806.0,5.0,1250.0,610.0,25.6,24.400000000000002,254.0,20.0,0.0,8.0,0.0,0.0,1.0,0.0,8.0,0.0,5.0,2.0,4.0,100.0,9.0,28488.0,101.0,0.0,0.0,0.0,0.0,15.0,0.0,0.0,4.3,5000.0,4990.0,4980.0,1.0,1.0,0.0,31.0,4966.0,0.0,255.0,850.0,327.0,0.0,0.0,1245716.0,3.008,3.0,50.0,
1788528166184,2026-09-04T17:22:46.184,0.0,4.0,0.0,1.0,2271.0,14.3,47.0,6.24,6.24,6.24,6.24,1.0,1.0,795.0,1.0,0.0,454.0,85.5,7.5,-0.010349330000000018,-0.010349330000000018,35.0,0.999,0.0,27.0,27.0,-35.0,27.0,27.0,27.0,27.0,0.0,0.0,0.0,0.0,36.0,41.0,41.0,50.0,567.0,546.0,13.0,13.0,1050.0,3930.0,0.0,0.0,0.0,1.0,19475.0,51.6,0.0,0.0,,,,,,,,,,,,,,45.4375,45.375,45.375,25.3125,45.4375,806.0,7.0,1260.0,610.0,25.8,24.400000000000002,254.0,20.0,0.0,8.0,0.0,0.0,1.0,0.0,8.0,0.0,5.0,2.0,4.0,100.0,7.0,28488.0,101.0,0.0,0.0,0.0,0.0,15.0,0.0,0.0,4.3,5000.0,4990.0,4980.0,1.0,1.0,0.0,31.0,3215.0,0.0,255.0,850.0,327.0,0.0,0.0,1245716.0,3.008,3.0,50.0,
1788528166770,2026-09-04T17:22:46.770,0.0,4.0,0.0,1.0,2081.0,14.3,47.0,6.98,6.98,6.98,6.98,0.0,1.0,78.0,0.0,0.0,434.0,84.5,7.5,0.027129230000000004,0.027129230000000004,35.0,0.999,0.0,24.0,24.0,-35.0,24.0,24.0,24.0,24.0,0.0,0.0,0.0,0.0,36.0,43.0,44.0,48.1,567.0,567.0,12.0,12.0,1040.0,3950.0,6.0,9.0,35.0,1.0,19475.0,49.2,1.0,0.0,,,,,,,,,,,,,,51.5625,50.1875,50.125,23.6875,51.5625,806.0,11.0,1260.0,610.0,25.8,24.400000000000002,254.0,20.0,0.0,8.0,0.0,0.0,1.0,0.0,8.0,0.0,5.0,2.0,4.0,100.0,5.0,28488.0,101.0,0.0,0.0,0.0,0.0,15.0,0.0,0.0,4.3,5000.0,4990.0,4980.0,1.0,1.0,0.0,31.0,3285.0,0.0,255.0,850.0,327.0,0.0,0.0,1245716.0,3.008,3.0,50.0,
1788528167227,2026-09-04T17:22:47.227,0.0,4.0,0.0,1.0,1775.0,14.3,47.0,7.83,7.83,7.83,7.83,1.0,1.0,693.0,0.0,0.0,439.0,84.5,7.5,0.05900737,0.05900737,35.0,0.999,0.0,20.0,20.0,-35.0,20.0,20.0,20.0,20.0,0.0,0.0,0.0,0.0,36.0,48.0,49.0,48.6,588.0,588.0,13.0,13.0,1040.0,3930.0,17.0,18.0,43.0,1.0,19475.0,48.900000000000006,1.0,0.0,,,,,,,,,,,,,,54.125,57.1875,57.125,24.4375,54.125,806.0,13.0,1260.0,610.0,25.8,24.400000000000002,254.0,20.0,0.0,8.0,0.0,0.0,1.0,0.0,8.0,0.0,5.0,2.0,4.0,100.0,8.0,28488.0,101.0,0.0,0.0,0.0,0.0,15.0,0.0,0.0,4.3,5000.0,4990.0,4980.0,1.0,1.0,0.0,31.0,3053.0,0.0,255.0,850.0,327.0,0.0,0.0,1245716.0,3.008,3.0,50.0,
1788528167710,2026-09-04T17:22:47.710,0.0,4.0,0.0,1.0,2048.0,14.3,47.0,6.62,6.62,6.62,6.62,0.0,1.0,83.0,0.0,0.0,434.0,83.5,7.5,0.06234930999999999,0.06234930999999999,35.0,0.999,0.0,24.0,24.0,-35.0,24.0,24.0,24.0,24.0,0.0,0.0,0.0,0.0,36.0,42.0,44.0,51.2,546.0,567.0,13.0,13.0,1040.0,3930.0,6.0,8.0,39.0,1.0,19475.0,51.0,0.0,0.0,,,,,,,,,,,,,,45.25,49.0,49.0,24.1875,45.25,805.0,15.0,1250.0,600.0,25.5,24.1,254.0,20.0,0.0,8.0,0.0,0.0,0.0,0.0,8.0,0.0,5.0,2.0,4.0,0.0,10.0,28488.0,101.0,0.0,0.0,0.0,0.0,15.0,0.0,0.0,4.3,5000.0,4990.0,4980.0,1.0,1.0,0.0,31.0,3465.0,0.0,255.0,850.0,327.0,0.0,0.0,1245716.0,3.008,3.0,50.0,
1788528168204,2026-09-04T17:22:48.204,0.0,4.0,0.0,1.0,2348.0,14.200000000000001,47.0,5.64,5.64,5.64,5.64,1.0,1.0,761.0,1.0,0.0,468.0,82.5,7.5,0.07402321,0.07402321,35.0,0.999,0.0,27.0,27.0,-35.0,27.0,27.0,27.0,27.0,0.0,0.0,0.0,0.0,36.0,36.0,38.0,51.0,504.0,525.0,12.0,12.0,1030.0,3950.0,0.0,0.0,0.0,1.0,19475.0,50.7,0.0,0.0,,,,,,,,,,,,,,38.0,40.8125,40.5625,22.6875,38.0,805.0,17.0,1250.0,600.0,25.3,24.1,254.0,20.0,0.0,8.0,0.0,0.0,0.0,0.0,8.0,0.0,5.0,2.0,4.0,0.0,9.0,28488.0,101.0,0.0,0.0,0.0,0.0,15.0,0.0,0.0,4.3,5000.0,4990.0,4980.0,1.0,1.0,0.0,31.0,3283.0,0.0,255.0,850.0,327.0,0.0,0.0,1245716.0,3.008,3.0,50.0,
1788528168883,2026-09-04T17:22:48.883,0.0,4.0,0.0,1.0,2675.0,14.3,48.0,4.58,4.58,4.58,4.58,1.0,1.0,776.0,1.0,0.0,449.0,81.0,7.5,0.03343161,0.03343161,35.0,0.999,0.0,28.0,28.0,-29.0,28.0,28.0,28.0,28.0,0.0,0.0,0.0,0.0,35.0,32.0,32.0,48.0,462.0,441.0,12.0,12.0,1000.0,3970.0,0.0,0.0,0.0,1.0,19475.0,49.1,1.0,0.0,,,,,,,,,,,,,,32.75,34.1875,34.125,21.1875,32.75,804.0,19.0,1240.0,600.0,25.200000000000003,23.8,254.0,20.0,0.0,8.0,0.0,0.0,0.0,0.0,8.0,0.0,5.0,2.0,4.0,0.0,5.0,28488.0,101.0,0.0,0.0,0.0,0.0,15.0,0.0,0.0,4.3,5000.0,4990.0,4970.0,1.0,1.0,0.0,31.0,5000.0,0.0,255.0,850.0,327.0,0.0,0.0,1245716.0,3.008,3.0,50.0,
1788528169395,2026-09-04T17:22:49.395,0.0,4.0,0.0,1.0,2604.0,14.3,48.0,0.0,0.0,0.0,0.0,1.0,0.0,805.0,0.0,0.0,434.0,79.0,7.5,1.9839999999993196E-5,1.9839999999993196E-5,35.0,0.999,0.0,32.0,32.0,-24.0,-21.0,-21.0,-21.0,-21.0,0.0,0.0,0.0,0.0,35.0,14.0,18.0,22.200000000000003,231.0,252.0,5.0,6.0,760.0,4220.0,0.0,0.0,0.0,1.0,19475.0,19.200000000000003,0.0,0.0,,,,,,,,,,,,,,-21.5625,-21.5625,-21.8125,21.5625,-21.5625,803.0,20.0,390.0,200.0,0.0,0.0,254.0,20.0,0.0,8.0,0.0,0.0,1.0,0.0,8.0,0.0,5.0,0.0,4.0,100.0,0.0,28488.0,101.0,0.0,0.0,0.0,0.0,15.0,0.0,0.0,4.3,5000.0,4990.0,4970.0,1.0,1.0,0.0,31.0,3556.0,0.0,255.0,850.0,298.0,0.0,0.0,1245716.0,3.008,3.0,50.0,
1788528169883,2026-09-04T17:22:49.883,0.0,4.0,0.0,1.0,1650.0,14.3,48.0,3.85,3.85,3.85,3.85,0.0,0.0,0.0,1.0,0.0,454.0,78.5,7.5,1.9839999999993196E-5,1.9839999999993196E-5,35.0,1.34,0.0,38.0,38.0,-9.0,26.0,26.0,26.0,26.0,0.0,0.0,0.0,0.0,35.0,18.0,16.0,14.0,273.0,252.0,4.0,4.0,680.0,4300.0,0.0,0.0,0.0,1.0,19475.0,16.1,0.0,0.0,,,,,,,,,,,,,,5.0,3.5625,2.625,24.375,5.0,803.0,20.0,740.0,350.0,10.200000000000001,9.200000000000001,254.0,20.0,0.0,8.0,0.0,0.0,1.0,0.0,8.0,0.0,5.0,2.0,4.0,100.0,0.0,28488.0,101.0,0.0,0.0,0.0,0.0,15.0,0.0,0.0,4.3,5000.0,4990.0,4980.0,1.0,1.0,0.0,31.0,2736.0,0.0,255.0,850.0,281.0,0.0,0.0,1245716.0,3.008,3.0,50.0,
1788528170449,2026-09-04T17:22:50.449,0.0,4.0,0.0,1.0,1543.0,14.3,48.0,2.88,2.88,2.88,2.88,1.0,0.0,903.0,0.0,0.0,444.0,78.5,7.5,1.9839999999993196E-5,1.9839999999993196E-5,35.0,1.106,0.0,28.0,28.0,-24.0,25.0,25.0,25.0,25.0,0.0,0.0,0.0,0.0,35.0,19.0,18.0,15.4,294.0,273.0,5.0,5.0,710.0,4280.0,0.0,0.0,0.0,1.0,19475.0,17.0,1.0,0.0,,,,,,,,,,,,,,6.25,3.4375,3.3125,25.5625,6.25,803.0,20.0,760.0,360.0,10.8,9.5,254.0,20.0,0.0,8.0,0.0,0.0,1.0,0.0,8.0,0.0,5.0,2.0,4.0,100.0,1.0,28488.0,101.0,0.0,0.0,0.0,0.0,15.0,0.0,0.0,4.3,5000.0,4990.0,4980.0,1.0,1.0,0.0,31.0,2484.0,0.0,255.0,850.0,283.0,0.0,0.0,1245716.0,3.008,3.0,50.0,
1788528170950,2026-09-04T17:22:50.950,0.0,4.0,0.0,1.0,1535.0,14.3,48.0,2.6,2.6,2.6,2.6,1.0,1.0,874.0,0.0,0.0,444.0,79.5,7.5,-0.008350269999999993,-0.008350269999999993,35.0,0.999,0.0,26.0,26.0,-7.0,22.0,22.0,22.0,22.0,0.0,0.0,0.0,0.0,35.0,26.0,22.0,18.5,378.0,315.0,6.0,6.0,770.0,4210.0,0.0,0.0,0.0,1.0,19475.0,22.400000000000002,1.0,0.0,,,,,,,,,,,,,,16.4375,11.75,11.75,25.25,16.4375,802.0,20.0,830.0,400.0,13.100000000000001,12.200000000000001,254.0,20.0,0.0,8.0,0.0,0.0,0.0,0.0,8.0,0.0,5.0,2.0,4.0,0.0,4.0,28488.0,101.0,0.0,0.0,0.0,0.0,15.0,0.0,0.0,4.3,5000.0,4990.0,4980.0,1.0,1.0,0.0,31.0,2406.0,0.0,255.0,850.0,284.0,0.0,0.0,1245716.0,3.008,3.0,50.0,
1788528171380,2026-09-04T17:22:51.380,0.0,4.0,0.0,1.0,1502.0,14.3,48.0,3.2800000000000002,3.2800000000000002,3.2800000000000002,3.2800000000000002,1.0,1.0,834.0,1.0,0.0,454.0,79.5,7.5,-0.024235930000000017,-0.024235930000000017,35.0,0.999,0.0,24.0,24.0,-36.0,13.0,13.0,13.0,13.0,0.0,0.0,0.0,0.0,35.0,19.0,22.0,18.1,294.0,336.0,5.0,5.0,710.0,4270.0,0.0,0.0,0.0,1.0,19475.0,16.900000000000002,0.0,0.0,,,,,,,,,,,,,,5.375,9.1875,9.25,24.8125,5.375,802.0,19.0,690.0,330.0,9.0,7.800000000000001,254.0,20.0,0.0,8.0,0.0,0.0,0.0,0.0,8.0,0.0,5.0,2.0,4.0,0.0,6.0,28488.0,101.0,0.0,0.0,0.0,0.0,15.0,0.0,0.0,4.3,5000.0,4990.0,4980.0,1.0,1.0,0.0,31.0,3232.0,0.0,255.0,850.0,285.0,0.0,0.0,1245716.0,3.008,3.0,50.0,
1788528171805,2026-09-04T17:22:51.805,0.0,4.0,0.0,1.0,1523.0,14.3,48.0,2.36,2.36,2.36,2.36,1.0,1.0,815.0,1.0,0.0,449.0,80.5,7.5,-0.03706959000000001,-0.03706959000000001,35.0,0.999,0.0,27.0,27.0,-25.0,18.0,18.0,18.0,18.0,0.0,0.0,0.0,0.0,35.0,13.0,18.0,14.5,231.0,273.0,3.0,3.0,650.0,4320.0,0.0,0.0,0.0,1.0,19475.0,12.100000000000001,0.0,0.0,,,,,,,,,,,,,,-13.3125,-1.1875,-2.4375,25.1875,-25.375,802.0,20.0,390.0,200.0,0.0,0.0,254.0,20.0,0.0,8.0,0.0,0.0,0.0,0.0,8.0,0.0,5.0,2.0,4.0,0.0,9.0,28488.0,101.0,0.0,0.0,0.0,0.0,15.0,0.0,0.0,4.3,5000.0,4990.0,4980.0,1.0,1.0,0.0,31.0,2329.0,0.0,255.0,850.0,276.0,0.0,0.0,1245716.0,3.008,3.0,50.0,
1788528172282,2026-09-04T17:22:52.282,0.0,4.0,0.0,1.0,1466.0,14.3,48.0,1.6600000000000001,1.6600000000000001,1.6600000000000001,1.6600000000000001,1.0,1.0,615.0,1.0,0.0,449.0,80.0,7.5,-0.058013940000000014,-0.058013940000000014,35.0,0.999,0.0,37.0,37.0,-16.0,9.0,9.0,9.0,9.0,0.0,0.0,0.0,0.0,35.0,13.0,14.0,11.9,210.0,231.0,3.0,3.0,640.0,4340.0,0.0,0.0,0.0,1.0,19475.0,11.9,0.0,0.0,,,,,,,,,,,,,,-22.4375,-10.5,-10.5,25.75,-25.9375,802.0,19.0,400.0,200.0,0.1,0.0,254.0,20.0,0.0,8.0,0.0,0.0,0.0,0.0,8.0,0.0,5.0,2.0,4.0,0.0,10.0,28488.0,101.0,0.0,0.0,0.0,0.0,15.0,0.0,0.0,4.3,5000.0,4990.0,4990.0,1.0,1.0,0.0,31.0,3138.0,0.0,255.0,850.0,255.0,0.0,0.0,1245716.0,3.008,3.0,50.0,
1788528172826,2026-09-04T17:22:52.826,0.0,4.0,0.0,1.0,1492.0,14.3,48.0,1.6600000000000001,1.6600000000000001,1.6600000000000001,1.6600000000000001,0.0,1.0,58.0,0.0,0.0,439.0,80.5,7.5,-0.024739509999999992,-0.024739509999999992,35.0,0.999,0.0,38.0,38.0,-14.0,3.0,3.0,3.0,3.0,0.0,0.0,0.0,0.0,35.0,13.0,14.0,11.200000000000001,210.0,210.0,3.0,3.0,640.0,4340.0,0.0,0.0,0.0,1.0,19475.0,11.5,1.0,0.0,,,,,,,,,,,,,,-26.4375,-21.8125,-20.625,26.25,-26.4375,802.0,19.0,390.0,200.0,0.0,0.0,254.0,20.0,0.0,8.0,0.0,0.0,0.0,0.0,8.0,0.0,5.0,2.0,4.0,0.0,9.0,28488.0,101.0,0.0,0.0,0.0,0.0,15.0,0.0,0.0,4.3,5000.0,4990.0,4980.0,1.0,1.0,0.0,31.0,2849.0,0.0,255.0,850.0,239.0,0.0,0.0,1245716.0,3.008,3.0,50.0,
1788528173431,2026-09-04T17:22:53.431,0.0,4.0,0.0,1.0,1420.0,14.3,48.0,1.75,1.75,1.75,1.75,0.0,1.0,24.0,1.0,0.0,454.0,80.5,7.5,0.004223969999999966,0.004223969999999966,35.0,0.999,0.0,38.0,38.0,-15.0,-15.0,-15.0,-15.0,-15.0,0.0,0.0,0.0,0.0,35.0,13.0,14.0,10.5,210.0,210.0,3.0,3.0,630.0,4350.0,0.0,0.0,0.0,1.0,19475.0,10.8,0.0,0.0,,,,,,,,,,,,,,-26.8125,-26.8125,-21.75,26.625,-26.8125,802.0,18.0,390.0,200.0,0.0,0.0,254.0,20.0,0.0,8.0,0.0,0.0,0.0,0.0,8.0,0.0,5.0,2.0,4.0,0.0,10.0,28488.0,101.0,0.0,0.0,0.0,0.0,15.0,0.0,0.0,4.3,5000.0,4990.0,4980.0,1.0,1.0,0.0,31.0,2972.0,0.0,255.0,850.0,230.0,0.0,0.0,1245716.0,3.008,3.0,50.0,
1788528174103,2026-09-04T17:22:54.103,0.0,4.0,0.0,1.0,1362.0,14.200000000000001,49.0,1.78,1.78,1.78,1.78,0.0,1.0,68.0,1.0,0.0,454.0,81.0,7.5,0.03987132999999998,0.03987132999999998,35.0,0.999,0.0,36.0,36.0,6.0,6.0,6.0,6.0,6.0,0.0,0.0,0.0,0.0,35.0,13.0,13.0,9.700000000000001,210.0,210.0,2.0,3.0,620.0,4370.0,0.0,0.0,0.0,1.0,19475.0,10.3,0.0,0.0,,,,,,,,,,,,,,-27.5625,-27.5625,-17.25,27.375,-27.5625,801.0,17.0,390.0,200.0,0.0,0.0,254.0,20.0,0.0,8.0,0.0,0.0,0.0,0.0,8.0,0.0,5.0,2.0,4.0,0.0,11.0,28488.0,101.0,0.0,0.0,0.0,0.0,15.0,0.0,0.0,4.3,5000.0,4990.0,4990.0,1.0,1.0,0.0,31.0,2492.0,0.0,255.0,850.0,225.0,0.0,0.0,1245716.0,3.008,3.0,50.0,
1788528174612,2026-09-04T17:22:54.612,0.0,4.0,0.0,1.0,1289.0,14.3,49.0,1.79,1.79,1.79,1.79,0.0,1.0,278.0,1.0,0.0,458.0,81.5,7.5,0.06857539000000001,0.06857539000000001,35.0,0.999,0.0,34.0,34.0,6.0,6.0,6.0,6.0,6.0,0.0,0.0,0.0,0.0,35.0,13.0,13.0,9.1,210.0,210.0,2.0,2.0,610.0,4370.0,0.0,0.0,0.0,1.0,19475.0,9.8,1.0,0.0,,,,,,,,,,,,,,-28.125,-28.125,-17.0625,27.9375,-28.125,801.0,17.0,390.0,200.0,0.0,0.0,254.0,20.0,0.0,8.0,0.0,0.0,0.0,0.0,8.0,0.0,5.0,2.0,4.0,0.0,11.0,28488.0,101.0,0.0,0.0,0.0,0.0,15.0,0.0,0.0,4.3,5000.0,4990.0,4980.0,1.0,1.0,0.0,31.0,2473.0,0.0,255.0,850.0,236.0,0.0,0.0,1245716.0,3.008,3.0,50.0,
1788528175204,2026-09-04T17:22:55.204,0.0,4.0,0.0,1.0,1250.0,14.3,49.0,1.7,1.7,1.7,1.7,1.0,1.0,717.0,1.0,0.0,449.0,81.0,7.5,0.02979972999999997,0.02979972999999997,35.0,0.999,0.0,33.0,33.0,7.0,7.0,7.0,7.0,7.0,0.0,0.0,0.0,0.0,35.0,13.0,13.0,8.200000000000001,210.0,210.0,2.0,2.0,610.0,4380.0,0.0,0.0,0.0,1.0,19475.0,8.700000000000001,1.0,0.0,,,,,,,,,,,,,,-28.5,-12.75,-14.3125,28.3125,-28.5,800.0,15.0,390.0,200.0,0.0,0.0,254.0,20.0,0.0,8.0,0.0,1.0,1.0,0.0,8.0,0.0,5.0,1.0,4.0,100.0,11.0,28488.0,101.0,0.0,0.0,0.0,0.0,15.0,0.0,0.0,4.3,5000.0,4990.0,4980.0,1.0,1.0,0.0,31.0,1817.0,0.0,255.0,850.0,240.0,0.0,0.0,1245716.0,3.008,3.0,50.0,
1788528175754,2026-09-04T17:22:55.754,0.0,4.0,0.0,1.0,920.0,14.200000000000001,49.0,2.29,2.29,2.29,2.29,0.0,1.0,87.0,1.0,0.0,458.0,81.5,7.5,0.050324429999999976,0.050324429999999976,35.0,0.999,0.0,23.0,23.0,-2.0,21.0,21.0,21.0,21.0,0.0,0.0,0.0,0.0,35.0,23.0,18.0,9.200000000000001,357.0,294.0,3.0,3.0,650.0,4340.0,0.0,0.0,0.0,1.0,19475.0,11.700000000000001,0.0,0.0,,,,,,,,,,,,,,-29.125,-1.6875,-2.3125,28.9375,-29.125,800.0,13.0,390.0,200.0,0.0,0.0,254.0,20.0,0.0,8.0,0.0,1.0,1.0,0.0,8.0,0.0,5.0,1.0,4.0,100.0,10.0,28488.0,101.0,0.0,0.0,0.0,0.0,15.0,0.0,0.0,4.2,5000.0,4990.0,4980.0,1.0,1.0,0.0,31.0,1446.0,0.0,255.0,850.0,245.0,0.0,0.0,1245716.0,3.008,3.0,50.0,
1788528176310,2026-09-04T17:22:56.310,0.0,4.0,0.0,1.0,869.0,14.200000000000001,49.0,3.1,3.1,3.1,3.1,1.0,1.0,849.0,1.0,0.0,454.0,82.5,7.5,0.03291276999999998,0.03291276999999998,35.0,0.999,0.0,17.0,17.0,-11.0,0.0,0.0,0.0,0.0,0.0,0.0,0.0,0.0,35.0,20.0,20.0,9.3,336.0,315.0,2.0,2.0,620.0,4370.0,0.0,0.0,0.0,1.0,19475.0,9.9,0.0,0.0,,,,,,,,,,,,,,-29.375,-1.875,-2.5,29.1875,-29.375,800.0,10.0,390.0,200.0,0.0,0.0,254.0,20.0,0.0,8.0,0.0,1.0,1.0,0.0,8.0,0.0,5.0,1.0,4.0,100.0,9.0,28488.0,101.0,0.0,0.0,0.0,0.0,15.0,0.0,0.0,4.3,5000.0,4990.0,4980.0,1.0,1.0,0.0,31.0,1353.0,0.0,255.0,850.0,292.0,0.0,0.0,1245716.0,3.008,3.0,50.0,
1788528176826,2026-09-04T17:22:56.826,0.0,4.0,0.0,1.0,835.0,14.3,49.0,2.84,2.84,2.84,2.84,1.0,1.0,874.0,1.0,0.0,454.0,83.0,7.5,0.027075819999999973,0.027075819999999973,35.0,0.999,0.0,17.0,17.0,-10.0,0.0,0.0,0.0,0.0,0.0,0.0,0.0,0.0,35.0,20.0,20.0,9.0,336.0,315.0,2.0,2.0,620.0,4370.0,0.0,0.0,0.0,1.0,19475.0,9.700000000000001,1.0,0.0,,,,,,,,,,,,,,-29.875,-3.5,-2.375,29.6875,-29.875,800.0,9.0,390.0,200.0,0.0,0.0,254.0,20.0,0.0,8.0,0.0,0.0,1.0,0.0,8.0,0.0,5.0,1.0,4.0,100.0,6.0,28488.0,101.0,0.0,0.0,0.0,0.0,15.0,0.0,0.0,4.3,5000.0,4990.0,4990.0,1.0,1.0,0.0,31.0,1611.0,0.0,255.0,850.0,290.0,0.0,0.0,1245716.0,3.008,3.0,50.0,
1788528177351,2026-09-04T17:22:57.351,0.0,4.0,0.0,1.0,813.0,14.200000000000001,50.0,2.87,2.87,2.87,2.87,1.0,1.0,864.0,1.0,0.0,454.0,0.0,0.0,0.021238869999999965,0.021238869999999965,35.0,0.999,0.0,16.0,16.0,-11.0,14.0,14.0,14.0,14.0,0.0,0.0,0.0,0.0,36.0,27.0,20.0,9.3,420.0,315.0,3.0,3.0,650.0,4330.0,0.0,0.0,0.0,1.0,19475.0,12.100000000000001,1.0,0.0,,,,,,,,,,,,,,16.4375,2.5,1.8125,29.25,16.4375,800.0,9.0,740.0,350.0,10.100000000000001,8.9,254.0,20.0,0.0,8.0,0.0,0.0,1.0,0.0,8.0,0.0,5.0,2.0,4.0,100.0,6.0,28488.0,101.0,0.0,0.0,0.0,0.0,15.0,0.0,0.0,4.3,5000.0,4990.0,4980.0,1.0,1.0,0.0,31.0,1644.0,0.0,255.0,850.0,289.0,0.0,0.0,1245716.0,3.008,3.0,50.0,
1788528177848,2026-09-04T17:22:57.848,0.0,4.0,0.0,1.0,973.0,14.3,50.0,4.07,4.07,4.07,4.07,1.0,1.0,844.0,1.0,0.0,454.0,83.5,7.5,0.0030871000000000093,0.0030871000000000093,35.0,0.999,0.0,17.0,17.0,-30.0,-1.0,-1.0,-1.0,-1.0,0.0,0.0,0.0,0.0,36.0,37.0,29.0,18.2,546.0,420.0,7.0,6.0,780.0,4200.0,0.0,0.0,0.0,1.0,19475.0,23.5,0.0,0.0,,,,,,,,,,,,,,30.125,20.3125,20.125,30.25,30.125,800.0,8.0,950.0,450.0,16.6,15.4,254.0,20.0,0.0,8.0,0.0,0.0,1.0,0.0,8.0,0.0,5.0,2.0,4.0,100.0,8.0,28488.0,101.0,0.0,0.0,0.0,0.0,15.0,0.0,0.0,4.3,5000.0,4990.0,4980.0,1.0,1.0,0.0,31.0,2759.0,0.0,255.0,850.0,288.0,0.0,0.0,1245716.0,3.008,3.0,50.0,
1788528178327,2026-09-04T17:22:58.327,0.0,4.0,0.0,1.0,1579.0,14.200000000000001,50.0,5.18,5.18,5.18,5.18,1.0,1.0,507.0,1.0,0.0,454.0,83.5,7.5,-0.017468120000000004,-0.017468120000000004,35.0,0.999,0.0,23.0,23.0,-36.0,20.0,20.0,20.0,20.0,0.0,0.0,0.0,0.0,36.0,36.0,34.0,28.1,525.0,483.0,8.0,8.0,850.0,4130.0,0.0,0.0,0.0,1.0,19475.0,30.6,1.0,0.0,,,,,,,,,,,,,,40.4375,46.0,29.5,27.375,40.4375,800.0,9.0,1100.0,530.0,20.8,19.8,254.0,20.0,0.0,8.0,0.0,0.0,1.0,0.0,8.0,0.0,5.0,2.0,4.0,100.0,9.0,28488.0,101.0,0.0,0.0,0.0,0.0,15.0,0.0,0.0,4.3,5000.0,4990.0,4980.0,1.0,1.0,0.0,31.0,2209.0,0.0,255.0,850.0,288.0,0.0,0.0,1245716.0,3.008,3.0,50.0,
1788528178863,2026-09-04T17:22:58.863,0.0,4.0,0.0,1.0,1444.0,14.3,50.0,8.72,8.72,8.72,8.72,0.0,1.0,68.0,0.0,0.0,444.0,83.5,7.5,0.03298143999999997,0.03298143999999997,35.0,0.999,0.0,17.0,17.0,-36.0,-3.0,-3.0,-3.0,-3.0,0.0,0.0,0.0,0.0,36.0,47.0,49.0,41.400000000000006,609.0,609.0,11.0,11.0,980.0,3980.0,17.0,16.0,49.0,1.0,19475.0,41.2,1.0,0.0,,,,,,,,,,,,,,53.0625,55.3125,54.375,23.5625,53.0625,800.0,11.0,1200.0,580.0,23.8,22.6,254.0,20.0,0.0,8.0,0.0,0.0,1.0,0.0,8.0,0.0,5.0,2.0,4.0,100.0,8.0,28488.0,101.0,0.0,0.0,0.0,0.0,15.0,0.0,0.0,4.2,5000.0,4990.0,4990.0,1.0,1.0,0.0,31.0,3164.0,0.0,255.0,850.0,287.0,0.0,0.0,1245716.0,3.008,3.0,50.0,
1788528179519,2026-09-04T17:22:59.519,0.0,4.0,0.0,1.0,1814.0,14.200000000000001,50.0,10.21,10.21,10.21,10.21,0.0,1.0,234.0,1.0,0.0,454.0,83.0,7.5,0.003277849999999971,0.003277849999999971,36.0,0.999,0.0,20.0,20.0,-36.0,7.0,7.0,7.0,7.0,0.0,0.0,0.0,0.0,36.0,63.0,66.0,70.9,756.0,777.0,24.0,24.0,1530.0,3450.0,36.0,36.0,42.0,1.0,19475.0,69.4,0.0,0.0,,,,,,,,,,,,,,83.875,88.3125,87.5625,21.375,83.875,799.0,14.0,1500.0,720.0,33.0,31.400000000000002,254.0,20.0,0.0,8.0,0.0,0.0,0.0,0.0,8.0,0.0,5.0,2.0,4.0,0.0,9.0,28488.0,101.0,0.0,0.0,0.0,0.0,15.0,0.0,0.0,4.2,5000.0,4990.0,4990.0,1.0,1.0,0.0,31.0,3507.0,0.0,255.0,850.0,287.0,0.0,0.0,1245716.0,3.008,3.0,50.0,
1788528180007,2026-09-04T17:23:00.007,0.0,4.0,0.0,1.0,2329.0,14.3,50.0,9.51,9.51,9.51,9.51,1.0,1.0,756.0,0.0,0.0,439.0,82.0,7.5,0.02429087000000002,0.02429087000000002,36.0,0.999,0.0,24.0,21.0,-36.0,16.0,16.0,16.0,16.0,0.0,0.0,0.0,0.0,36.0,56.0,59.0,78.7,651.0,672.0,19.0,19.0,1300.0,3670.0,38.0,39.0,43.0,1.0,19475.0,76.4,0.0,0.0,,,,,,,,,,,,,,71.0,75.8125,75.0,21.6875,71.0,799.0,18.0,1500.0,720.0,33.0,31.400000000000002,254.0,20.0,0.0,8.0,0.0,0.0,0.0,0.0,8.0,0.0,5.0,2.0,4.0,0.0,8.0,28488.0,101.0,0.0,0.0,0.0,0.0,15.0,0.0,0.0,4.3,5000.0,4990.0,4980.0,1.0,1.0,0.0,31.0,4675.0,0.0,255.0,850.0,287.0,0.0,0.0,1245716.0,3.008,3.0,50.0,
1788528180547,2026-09-04T17:23:00.547,0.0,4.0,0.0,1.0,2738.0,14.3,50.0,7.76,7.76,7.76,7.76,0.0,1.0,73.0,1.0,0.0,449.0,80.5,7.5,0.04652468999999998,0.04652468999999998,36.0,0.999,0.0,24.0,24.0,-36.0,12.0,12.0,12.0,12.0,0.0,0.0,0.0,0.0,36.0,42.0,45.0,68.5,504.0,525.0,15.0,15.0,1140.0,3820.0,11.0,17.0,26.0,1.0,19475.0,66.9,1.0,0.0,,,,,,,,,,,,,,45.75,54.5625,49.5,21.1875,45.75,798.0,20.0,1340.0,640.0,28.5,27.0,254.0,20.0,0.0,8.0,0.0,0.0,0.0,0.0,8.0,0.0,5.0,2.0,4.0,0.0,6.0,28488.0,101.0,0.0,0.0,0.0,0.0,15.0,0.0,0.0,4.2,5000.0,4990.0,4990.0,1.0,1.0,0.0,31.0,4109.0,0.0,255.0,850.0,287.0,0.0,0.0,1245716.0,3.008,3.0,50.0,
1788528181007,2026-09-04T17:23:01.007,0.0,4.0,0.0,1.0,2989.0,14.3,50.0,3.47,3.47,3.47,3.47,0.0,1.0,73.0,1.0,0.0,449.0,76.5,7.5,0.08325550999999998,0.08325550999999998,36.0,0.999,0.0,32.0,32.0,-35.0,-1.0,-1.0,-1.0,-1.0,0.0,0.0,0.0,0.0,36.0,13.0,20.0,28.700000000000003,231.0,294.0,6.0,6.0,770.0,4210.0,0.0,0.0,0.0,1.0,19475.0,22.400000000000002,1.0,0.0,,,,,,,,,,,,,,-21.375,-21.375,-21.5625,21.5625,-21.375,798.0,21.0,390.0,200.0,0.0,0.0,254.0,20.0,0.0,8.0,0.0,0.0,1.0,0.0,8.0,0.0,5.0,0.0,4.0,100.0,5.0,28488.0,101.0,0.0,0.0,0.0,0.0,16.0,0.0,0.0,4.2,5000.0,4990.0,4980.0,1.0,1.0,0.0,31.0,3940.0,0.0,255.0,850.0,280.0,0.0,0.0,1245716.0,3.008,3.0,50.0,
1788528181506,2026-09-04T17:23:01.506,0.0,4.0,0.0,1.0,2190.0,14.3,50.0,0.0,0.0,0.0,0.0,0.0,0.0,4.0,1.0,0.0,449.0,73.0,7.5,1.9839999999993196E-5,1.9839999999993196E-5,36.0,0.999,0.0,36.0,36.0,-21.0,-19.0,-19.0,-19.0,-19.0,0.0,0.0,0.0,0.0,35.0,14.0,16.0,17.3,210.0,252.0,4.0,4.0,700.0,4290.0,0.0,0.0,0.0,1.0,19475.0,15.4,0.0,0.0,,,,,,,,,,,,,,-22.0625,-22.0625,-22.25,21.9375,-22.0625,797.0,21.0,390.0,200.0,0.0,0.0,254.0,20.0,0.0,8.0,0.0,0.0,1.0,0.0,8.0,0.0,5.0,2.0,4.0,100.0,5.0,28488.0,101.0,0.0,0.0,0.0,0.0,16.0,0.0,0.0,4.2,5000.0,4990.0,4980.0,1.0,1.0,0.0,31.0,2920.0,0.0,255.0,850.0,264.0,0.0,0.0,1245716.0,3.008,3.0,50.0,
1788528182027,2026-09-04T17:23:02.027,0.0,4.0,0.0,1.0,1556.0,14.3,50.0,2.79,2.79,2.79,2.79,0.0,0.0,4.0,1.0,0.0,454.0,72.5,7.5,1.9839999999993196E-5,1.9839999999993196E-5,36.0,1.313,0.0,43.0,43.0,4.0,4.0,4.0,4.0,4.0,0.0,0.0,0.0,0.0,35.0,13.0,14.0,11.700000000000001,210.0,231.0,3.0,3.0,640.0,4340.0,0.0,0.0,0.0,1.0,19475.0,11.3,0.0,0.0,,,,,,,,,,,,,,-24.875,-24.875,-18.375,24.6875,-24.875,797.0,20.0,390.0,200.0,0.0,0.0,254.0,20.0,0.0,8.0,0.0,0.0,0.0,0.0,8.0,0.0,5.0,2.0,4.0,0.0,6.0,28488.0,101.0,0.0,0.0,0.0,0.0,16.0,0.0,0.0,4.2,5000.0,4990.0,4980.0,1.0,1.0,0.0,31.0,2616.0,0.0,255.0,850.0,246.0,0.0,0.0,1245716.0,3.008,3.0,50.0,
1788528182589,2026-09-04T17:23:02.589,0.0,4.0,0.0,1.0,1286.0,14.3,50.0,1.93,1.93,1.93,1.93,1.0,0.0,898.0,1.0,0.0,454.0,73.5,7.5,1.9839999999993196E-5,1.9839999999993196E-5,36.0,1.097,0.0,33.0,33.0,5.0,5.0,5.0,5.0,5.0,0.0,0.0,0.0,0.0,35.0,13.0,14.0,8.700000000000001,210.0,210.0,2.0,2.0,600.0,4380.0,0.0,0.0,0.0,1.0,19475.0,8.5,1.0,0.0,,,,,,,,,,,,,,-28.0625,-22.625,-15.75,27.875,-28.0625,797.0,20.0,390.0,200.0,0.0,0.0,254.0,20.0,0.0,8.0,0.0,1.0,0.0,0.0,8.0,0.0,5.0,1.0,4.0,0.0,7.0,28488.0,101.0,0.0,0.0,0.0,0.0,16.0,0.0,0.0,4.2,5000.0,4990.0,4990.0,1.0,1.0,0.0,31.0,1670.0,0.0,255.0,850.0,257.0,0.0,0.0,1245716.0,3.008,3.0,50.0,
1788528183128,2026-09-04T17:23:03.128,0.0,4.0,0.0,1.0,922.0,13.8,50.0,1.76,1.76,1.76,1.76,1.0,1.0,888.0,0.0,0.0,444.0,78.5,8.0,-0.002650659999999999,-0.002650659999999999,36.0,0.999,0.0,27.0,27.0,3.0,26.0,26.0,26.0,26.0,0.0,0.0,0.0,0.0,35.0,24.0,16.0,8.0,378.0,252.0,3.0,3.0,630.0,4350.0,0.0,0.0,0.0,1.0,19475.0,11.4,1.0,0.0,,,,,,,,,,,,,,-29.25,-2.1875,-2.125,29.0625,-29.25,797.0,18.0,390.0,200.0,0.0,0.0,254.0,20.0,0.0,8.0,0.0,1.0,0.0,0.0,8.0,0.0,5.0,1.0,4.0,0.0,6.0,28488.0,101.0,0.0,0.0,0.0,0.0,16.0,0.0,0.0,4.2,5000.0,4990.0,4970.0,1.0,1.0,0.0,31.0,1902.0,0.0,255.0,850.0,263.0,0.0,0.0,1245716.0,3.008,3.0,50.0,
1788528183671,2026-09-04T17:23:03.671,0.0,4.0,0.0,1.0,793.0,14.100000000000001,51.0,3.62,3.62,3.62,3.62,1.0,1.0,878.0,1.0,0.0,458.0,76.0,7.5,-0.005511910000000009,-0.005511910000000009,36.0,0.999,0.0,15.0,15.0,-24.0,-3.0,-3.0,-3.0,-3.0,0.0,0.0,0.0,0.0,35.0,27.0,24.0,10.9,420.0,378.0,3.0,3.0,660.0,4310.0,0.0,0.0,0.0,1.0,19475.0,12.4,0.0,0.0,,,,,,,,,,,,,,-28.875,1.125,3.1875,28.6875,-28.875,797.0,16.0,390.0,200.0,0.0,0.0,254.0,20.0,0.0,8.0,0.0,1.0,0.0,0.0,8.0,0.0,5.0,1.0,4.0,0.0,3.0,28488.0,101.0,0.0,0.0,0.0,0.0,16.0,0.0,0.0,4.2,5000.0,4990.0,4980.0,1.0,1.0,0.0,31.0,1434.0,0.0,255.0,850.0,265.0,0.0,0.0,1245716.0,3.008,3.0,50.0,
1788528184167,2026-09-04T17:23:04.167,0.0,4.0,0.0,1.0,828.0,14.200000000000001,51.0,3.5500000000000003,3.5500000000000003,3.5500000000000003,3.5500000000000003,1.0,1.0,878.0,1.0,0.0,454.0,75.5,7.5,-0.009372690000000017,-0.009372690000000017,36.0,0.999,0.0,15.0,15.0,-26.0,-7.0,-7.0,-7.0,-7.0,0.0,0.0,0.0,0.0,36.0,23.0,24.0,10.5,357.0,378.0,3.0,2.0,620.0,4370.0,0.0,0.0,0.0,1.0,19475.0,10.5,0.0,0.0,,,,,,,,,,,,,,-29.75,-0.8125,-1.625,29.5625,-29.75,796.0,14.0,390.0,200.0,0.0,0.0,254.0,20.0,0.0,8.0,0.0,1.0,0.0,0.0,8.0,0.0,5.0,1.0,4.0,0.0,0.0,28488.0,101.0,0.0,0.0,0.0,0.0,16.0,0.0,0.0,4.2,5000.0,4990.0,4990.0,1.0,1.0,0.0,31.0,1473.0,0.0,255.0,850.0,296.0,0.0,0.0,1245716.0,3.008,3.0,50.0,
1788528184781,2026-09-04T17:23:04.781,0.0,4.0,0.0,1.0,810.0,14.200000000000001,51.0,2.99,2.99,2.99,2.99,1.0,1.0,874.0,1.0,0.0,454.0,75.5,7.5,-0.015598770000000012,-0.015598770000000012,36.0,0.999,0.0,16.0,16.0,-20.0,-4.0,-4.0,-4.0,-4.0,0.0,0.0,0.0,0.0,36.0,22.0,22.0,9.5,357.0,336.0,2.0,2.0,610.0,4370.0,0.0,0.0,0.0,1.0,19475.0,9.700000000000001,1.0,0.0,,,,,,,,,,,,,,-29.875,-0.5625,-1.125,29.6875,-29.875,796.0,13.0,390.0,200.0,0.0,0.0,254.0,20.0,0.0,8.0,0.0,0.0,1.0,0.0,8.0,0.0,5.0,1.0,4.0,100.0,0.0,28488.0,101.0,0.0,0.0,0.0,0.0,16.0,0.0,0.0,4.2,5000.0,4990.0,4980.0,1.0,1.0,0.0,31.0,1585.0,0.0,255.0,850.0,300.0,0.0,0.0,1245716.0,3.008,3.0,50.0,
1788528185329,2026-09-04T17:23:05.329,0.0,4.0,0.0,1.0,808.0,14.100000000000001,51.0,2.77,2.77,2.77,2.77,1.0,1.0,864.0,1.0,0.0,454.0,76.5,7.5,-0.022320800000000002,-0.022320800000000002,36.0,0.999,0.0,16.0,16.0,-21.0,14.0,14.0,14.0,14.0,0.0,0.0,0.0,0.0,35.0,33.0,25.0,12.3,504.0,378.0,5.0,5.0,710.0,4280.0,0.0,0.0,0.0,1.0,19475.0,16.2,1.0,0.0,,,,,,,,,,,,,,24.25,10.375,11.375,30.5625,24.25,796.0,13.0,810.0,390.0,12.5,11.3,254.0,20.0,0.0,8.0,0.0,0.0,1.0,0.0,8.0,0.0,5.0,2.0,4.0,100.0,3.0,28488.0,101.0,0.0,0.0,0.0,0.0,16.0,0.0,0.0,4.2,5000.0,4990.0,4990.0,1.0,1.0,0.0,31.0,1827.0,0.0,255.0,850.0,300.0,0.0,0.0,1245716.0,3.008,3.0,50.0,
1788528185766,2026-09-04T17:23:05.766,0.0,4.0,0.0,1.0,1013.0,14.100000000000001,51.0,4.43,4.43,4.43,4.43,1.0,1.0,805.0,1.0,0.0,454.0,78.5,7.5,-0.03979350000000001,-0.03979350000000001,36.0,0.999,0.0,16.0,16.0,-35.0,16.0,16.0,16.0,16.0,0.0,0.0,0.0,0.0,36.0,32.0,32.0,18.0,483.0,462.0,5.0,6.0,770.0,4210.0,0.0,0.0,0.0,1.0,19475.0,18.6,0.0,0.0,,,,,,,,,,,,,,21.75,22.1875,19.0625,30.1875,21.75,796.0,13.0,750.0,360.0,10.8,9.8,254.0,20.0,0.0,8.0,0.0,0.0,1.0,0.0,8.0,0.0,5.0,2.0,4.0,100.0,6.0,28488.0,101.0,0.0,0.0,0.0,0.0,16.0,0.0,0.0,4.2,5000.0,4990.0,4970.0,1.0,1.0,0.0,31.0,1574.0,0.0,255.0,850.0,299.0,0.0,0.0,1245716.0,3.008,3.0,50.0,
1788528186292,2026-09-04T17:23:06.292,0.0,4.0,0.0,1.0,1036.0,14.200000000000001,51.0,4.71,4.71,4.71,4.71,0.0,1.0,102.0,1.0,0.0,454.0,77.5,7.5,-0.029714270000000015,-0.029714270000000015,36.0,0.999,0.0,16.0,16.0,-35.0,-1.0,-1.0,-1.0,-1.0,0.0,0.0,0.0,0.0,36.0,31.0,33.0,19.900000000000002,483.0,483.0,6.0,6.0,760.0,4220.0,0.0,0.0,0.0,1.0,19475.0,19.700000000000003,0.0,0.0,,,,,,,,,,,,,,-13.5625,6.1875,7.8125,30.25,-30.4375,796.0,13.0,390.0,200.0,0.0,0.0,254.0,20.0,0.0,8.0,0.0,0.0,1.0,0.0,8.0,0.0,5.0,1.0,4.0,100.0,5.0,28488.0,101.0,0.0,0.0,0.0,0.0,16.0,0.0,0.0,4.2,5000.0,4990.0,4980.0,1.0,1.0,0.0,31.0,2016.0,0.0,255.0,850.0,323.0,0.0,0.0,1245716.0,3.008,3.0,50.0,
1788528186796,2026-09-04T17:23:06.796,0.0,4.0,0.0,1.0,1211.0,14.200000000000001,51.0,3.42,3.42,3.42,3.42,0.0,1.0,78.0,0.0,0.0,439.0,79.0,7.5,-0.021931670000000014,-0.021931670000000014,36.0,0.999,0.0,19.0,19.0,-36.0,-7.0,-7.0,-7.0,-7.0,0.0,0.0,0.0,0.0,36.0,20.0,24.0,14.5,315.0,378.0,3.0,3.0,660.0,4320.0,0.0,0.0,0.0,1.0,19475.0,12.8,1.0,0.0,,,,,,,,,,,,,,-25.125,-2.0625,-3.375,30.875,-31.0625,796.0,13.0,390.0,200.0,0.0,0.0,254.0,20.0,0.0,8.0,0.0,1.0,1.0,0.0,8.0,0.0,5.0,1.0,4.0,100.0,1.0,28488.0,101.0,0.0,0.0,0.0,0.0,16.0,0.0,0.0,4.2,5000.0,4990.0,4980.0,1.0,1.0,0.0,31.0,2570.0,0.0,255.0,850.0,346.0,0.0,0.0,1245716.0,3.008,3.0,50.0,
1788528187252,2026-09-04T17:23:07.252,0.0,4.0,0.0,1.0,1032.0,14.200000000000001,51.0,2.59,2.59,2.59,2.59,0.0,1.0,122.0,1.0,0.0,454.0,79.5,7.5,-0.014927330000000016,-0.014927330000000016,36.0,0.999,0.0,18.0,18.0,-18.0,6.0,6.0,6.0,6.0,0.0,0.0,0.0,0.0,35.0,23.0,22.0,12.600000000000001,357.0,336.0,4.0,4.0,670.0,4310.0,0.0,0.0,0.0,1.0,19475.0,13.700000000000001,1.0,0.0,,,,,,,,,,,,,,-31.5625,1.8125,2.1875,31.375,-31.5625,796.0,12.0,390.0,200.0,0.0,0.0,254.0,20.0,0.0,8.0,0.0,1.0,1.0,0.0,8.0,0.0,5.0,1.0,4.0,100.0,0.0,28488.0,101.0,0.0,0.0,0.0,0.0,16.0,0.0,0.0,4.2,5000.0,4990.0,4990.0,1.0,1.0,0.0,31.0,2144.0,0.0,255.0,850.0,347.0,0.0,0.0,1245716.0,3.008,3.0,50.0,
1788528187752,2026-09-04T17:23:07.752,0.0,4.0,0.0,1.0,1063.0,14.0,51.0,2.79,2.79,2.79,2.79,1.0,1.0,761.0,1.0,0.0,463.0,82.0,7.5,-0.030973219999999996,-0.030973219999999996,36.0,0.999,0.0,18.0,18.0,-20.0,0.0,0.0,0.0,0.0,0.0,0.0,0.0,0.0,35.0,21.0,22.0,12.700000000000001,336.0,336.0,3.0,3.0,660.0,4320.0,0.0,0.0,0.0,1.0,19475.0,13.0,0.0,0.0,,,,,,,,,,,,,,-31.3125,-1.1875,-1.8125,31.125,-31.3125,795.0,11.0,390.0,200.0,0.0,0.0,254.0,20.0,0.0,8.0,0.0,1.0,1.0,0.0,8.0,0.0,5.0,1.0,4.0,100.0,0.0,28488.0,101.0,0.0,0.0,0.0,0.0,16.0,0.0,0.0,4.2,5000.0,4990.0,4990.0,1.0,1.0,0.0,31.0,1631.0,0.0,255.0,850.0,346.0,0.0,0.0,1245716.0,3.008,3.0,50.0,
1788528188247,2026-09-04T17:23:08.247,0.0,4.0,0.0,1.0,1007.0,14.200000000000001,51.0,2.59,2.59,2.59,2.59,1.0,1.0,703.0,1.0,0.0,454.0,80.0,7.5,-0.037588430000000006,-0.037588430000000006,36.0,0.999,0.0,18.0,18.0,-15.0,3.0,3.0,3.0,3.0,0.0,0.0,0.0,0.0,35.0,22.0,21.0,11.8,336.0,336.0,3.0,3.0,650.0,4340.0,0.0,0.0,0.0,1.0,19475.0,12.4,0.0,0.0,,,,,,,,,,,,,,-30.5,0.5,-0.625,30.3125,-30.5,795.0,10.0,390.0,200.0,0.0,0.0,254.0,20.0,0.0,8.0,0.0,0.0,1.0,0.0,8.0,0.0,5.0,1.0,4.0,100.0,1.0,28488.0,101.0,0.0,0.0,0.0,0.0,16.0,0.0,0.0,4.2,5000.0,4990.0,4980.0,1.0,1.0,0.0,31.0,1634.0,0.0,255.0,850.0,353.0,0.0,0.0,1245716.0,3.008,3.0,50.0,
1788528188707,2026-09-04T17:23:08.707,0.0,4.0,0.0,1.0,983.0,14.200000000000001,51.0,2.7,2.7,2.7,2.7,0.0,1.0,175.0,0.0,0.0,444.0,80.0,7.5,-0.02484633,-0.02484633,36.0,0.999,0.0,18.0,18.0,-16.0,0.0,0.0,0.0,0.0,0.0,0.0,0.0,0.0,35.0,21.0,21.0,11.3,336.0,336.0,3.0,3.0,640.0,4350.0,0.0,0.0,0.0,1.0,19475.0,11.8,1.0,0.0,,,,,,,,,,,,,,-29.6875,0.0625,0.25,29.5,-29.6875,795.0,10.0,430.0,200.0,0.9,0.0,254.0,20.0,0.0,8.0,0.0,0.0,1.0,0.0,8.0,0.0,5.0,1.0,4.0,100.0,4.0,28488.0,101.0,0.0,0.0,0.0,0.0,16.0,0.0,0.0,4.2,5000.0,4990.0,4980.0,1.0,1.0,0.0,31.0,1871.0,0.0,255.0,850.0,343.0,0.0,0.0,1245716.0,3.008,3.0,50.0,
1788528189145,2026-09-04T17:23:09.145,0.0,4.0,0.0,1.0,999.0,14.3,51.0,2.62,2.62,2.62,2.62,1.0,1.0,761.0,1.0,0.0,454.0,80.0,7.5,-0.04186886000000001,-0.04186886000000001,36.0,0.999,0.0,18.0,18.0,-14.0,-3.0,-3.0,-3.0,-3.0,0.0,0.0,0.0,0.0,35.0,25.0,21.0,12.100000000000001,399.0,336.0,4.0,4.0,680.0,4310.0,0.0,0.0,0.0,1.0,19475.0,14.3,1.0,0.0,,,,,,,,,,,,,,12.625,0.0625,-1.0,29.9375,12.625,795.0,10.0,740.0,350.0,10.200000000000001,8.9,254.0,20.0,0.0,8.0,0.0,0.0,1.0,0.0,8.0,0.0,5.0,2.0,4.0,100.0,5.0,28488.0,101.0,0.0,0.0,0.0,0.0,16.0,0.0,0.0,4.2,5000.0,4990.0,4980.0,1.0,1.0,0.0,31.0,1850.0,0.0,255.0,850.0,339.0,0.0,0.0,1245716.0,3.008,3.0,50.0,
1788528189745,2026-09-04T17:23:09.745,0.0,4.0,0.0,1.0,1177.0,14.3,51.0,3.34,3.34,3.34,3.34,1.0,1.0,751.0,1.0,0.0,454.0,80.0,7.5,-0.060974379999999995,-0.060974379999999995,36.0,0.999,0.0,20.0,20.0,-36.0,17.0,17.0,17.0,17.0,0.0,0.0,0.0,0.0,35.0,28.0,26.0,19.900000000000002,420.0,378.0,6.0,6.0,770.0,4200.0,0.0,0.0,0.0,1.0,19475.0,22.6,0.0,0.0,,,,,,,,,,,,,,15.5625,15.0,14.9375,27.5,15.5625,795.0,9.0,830.0,400.0,13.100000000000001,12.200000000000001,254.0,20.0,0.0,8.0,0.0,0.0,1.0,0.0,8.0,0.0,5.0,2.0,4.0,100.0,6.0,28488.0,101.0,0.0,0.0,0.0,0.0,16.0,0.0,0.0,4.2,5000.0,4990.0,4990.0,1.0,1.0,0.0,31.0,2260.0,0.0,255.0,850.0,339.0,0.0,0.0,1245716.0,3.008,3.0,50.0,
1788528190263,2026-09-04T17:23:10.263,0.0,4.0,0.0,1.0,1348.0,14.3,51.0,3.69,3.69,3.69,3.69,0.0,1.0,58.0,1.0,0.0,454.0,80.0,7.5,-0.02619684,-0.02619684,36.0,0.999,0.0,21.0,21.0,-36.0,1.0,1.0,1.0,1.0,0.0,0.0,0.0,0.0,35.0,31.0,27.0,21.3,462.0,399.0,7.0,7.0,800.0,4190.0,0.0,0.0,0.0,1.0,19475.0,24.400000000000002,0.0,0.0,,,,,,,,,,,,,,28.3125,16.375,14.5,25.5625,28.3125,795.0,10.0,960.0,460.0,16.7,15.700000000000001,254.0,20.0,0.0,8.0,0.0,0.0,1.0,0.0,8.0,0.0,5.0,2.0,4.0,100.0,7.0,28488.0,101.0,0.0,0.0,0.0,0.0,16.0,0.0,0.0,4.2,5000.0,4990.0,4990.0,1.0,1.0,0.0,31.0,2395.0,0.0,255.0,850.0,339.0,0.0,0.0,1245716.0,3.008,3.0,50.0,
1788528190839,2026-09-04T17:23:10.839,0.0,4.0,0.0,1.0,1475.0,14.3,51.0,4.79,4.79,4.79,4.79,0.0,1.0,78.0,1.0,0.0,449.0,81.0,7.5,0.007565910000000009,0.007565910000000009,36.0,0.999,0.0,22.0,22.0,-36.0,14.0,14.0,14.0,14.0,0.0,0.0,0.0,0.0,36.0,31.0,32.0,26.6,462.0,462.0,7.0,7.0,830.0,4160.0,0.0,0.0,0.0,1.0,19475.0,27.0,1.0,0.0,,,,,,,,,,,,,,26.0,24.625,23.875,23.8125,26.0,794.0,11.0,960.0,460.0,16.900000000000002,15.700000000000001,254.0,20.0,0.0,8.0,0.0,0.0,0.0,0.0,8.0,0.0,5.0,2.0,4.0,0.0,7.0,28488.0,101.0,0.0,0.0,0.0,0.0,16.0,0.0,0.0,4.2,5000.0,4990.0,4980.0,1.0,1.0,0.0,31.0,2558.0,0.0,255.0,850.0,339.0,0.0,0.0,1245716.0,3.008,3.0,50.0,
1788528191371,2026-09-04T17:23:11.371,0.0,4.0,0.0,1.0,1645.0,14.3,51.0,4.33,4.33,4.33,4.33,0.0,1.0,131.0,1.0,0.0,454.0,81.0,7.5,0.04189327999999998,0.04189327999999998,36.0,0.999,0.0,25.0,25.0,-36.0,15.0,15.0,15.0,15.0,0.0,0.0,0.0,0.0,36.0,28.0,29.0,27.200000000000003,399.0,399.0,7.0,7.0,820.0,4160.0,0.0,0.0,0.0,1.0,19475.0,26.8,0.0,0.0,,,,,,,,,,,,,,20.25,24.4375,24.0625,23.1875,20.25,794.0,12.0,910.0,430.0,15.5,14.200000000000001,254.0,20.0,0.0,8.0,0.0,0.0,0.0,0.0,8.0,0.0,5.0,2.0,4.0,0.0,8.0,28488.0,101.0,0.0,0.0,0.0,0.0,16.0,0.0,0.0,4.2,5000.0,4990.0,4980.0,1.0,1.0,0.0,31.0,2921.0,0.0,255.0,850.0,339.0,0.0,0.0,1245716.0,3.008,3.0,50.0,
1788528191888,2026-09-04T17:23:11.888,0.0,4.0,0.0,1.0,1786.0,14.3,51.0,3.6,3.6,3.6,3.6,1.0,1.0,664.0,1.0,0.0,449.0,81.5,7.5,0.024283239999999984,0.024283239999999984,36.0,0.999,0.0,26.0,26.0,-24.0,26.0,26.0,26.0,26.0,0.0,0.0,0.0,0.0,35.0,24.0,26.0,25.6,357.0,378.0,7.0,7.0,810.0,4180.0,0.0,0.0,0.0,1.0,19475.0,25.200000000000003,0.0,0.0,,,,,,,,,,,,,,16.375,18.5,18.5,23.125,16.375,793.0,13.0,900.0,430.0,15.200000000000001,13.9,254.0,20.0,0.0,8.0,0.0,0.0,0.0,0.0,8.0,0.0,5.0,2.0,4.0,0.0,9.0,28488.0,101.0,0.0,0.0,0.0,0.0,16.0,0.0,0.0,4.2,5000.0,4990.0,4990.0,1.0,1.0,0.0,31.0,3203.0,0.0,255.0,850.0,339.0,0.0,0.0,1245716.0,3.008,3.0,50.0,
1788528192411,2026-09-04T17:23:12.411,0.0,4.0,0.0,1.0,1905.0,14.3,51.0,3.11,3.11,3.11,3.11,1.0,1.0,659.0,0.0,0.0,434.0,81.5,7.5,-0.018994120000000003,-0.018994120000000003,36.0,0.999,0.0,28.0,28.0,-21.0,28.0,28.0,28.0,28.0,0.0,0.0,0.0,0.0,36.0,23.0,24.0,24.900000000000002,336.0,336.0,7.0,7.0,800.0,4180.0,0.0,0.0,0.0,1.0,19475.0,25.1,1.0,0.0,,,,,,,,,,,,,,14.75,16.0625,16.0625,22.8125,14.75,793.0,13.0,900.0,430.0,15.200000000000001,13.9,254.0,20.0,0.0,8.0,0.0,0.0,0.0,0.0,8.0,0.0,5.0,2.0,4.0,0.0,9.0,28488.0,101.0,0.0,0.0,0.0,0.0,16.0,0.0,0.0,4.2,5000.0,4990.0,4990.0,1.0,1.0,0.0,31.0,3747.0,0.0,255.0,850.0,339.0,0.0,0.0,1245716.0,3.008,3.0,50.0,
1788528192990,2026-09-04T17:23:12.990,0.0,4.0,0.0,1.0,1966.0,14.200000000000001,52.0,3.11,3.11,3.11,3.11,0.0,1.0,112.0,0.0,0.0,444.0,82.5,7.5,0.03142491999999997,0.03142491999999997,36.0,0.999,0.0,29.0,29.0,-18.0,29.0,29.0,29.0,29.0,0.0,0.0,0.0,0.0,36.0,27.0,24.0,26.0,399.0,336.0,8.0,8.0,830.0,4150.0,0.0,0.0,0.0,1.0,19475.0,30.200000000000003,1.0,0.0,,,,,,,,,,,,,,27.6875,18.5,18.4375,22.8125,27.6875,793.0,14.0,1120.0,540.0,21.6,20.3,254.0,20.0,0.0,8.0,0.0,0.0,0.0,0.0,8.0,0.0,5.0,2.0,4.0,0.0,10.0,28488.0,101.0,0.0,0.0,0.0,0.0,16.0,0.0,0.0,4.2,5000.0,4990.0,4990.0,1.0,1.0,0.0,31.0,3150.0,0.0,255.0,850.0,339.0,0.0,0.0,1245716.0,3.008,3.0,50.0,
1788528193550,2026-09-04T17:23:13.550,0.0,4.0,0.0,1.0,2111.0,14.3,52.0,5.3100000000000005,5.3100000000000005,5.3100000000000005,5.3100000000000005,0.0,1.0,78.0,1.0,0.0,458.0,83.0,7.5,0.05451329999999999,0.05451329999999999,36.0,0.999,0.0,26.0,26.0,-33.0,23.0,23.0,23.0,23.0,0.0,0.0,0.0,0.0,36.0,38.0,38.0,43.800000000000004,546.0,525.0,11.0,12.0,1000.0,3980.0,0.0,0.0,0.0,1.0,19475.0,45.5,0.0,0.0,,,,,,,,,,,,,,53.5,44.75,45.3125,21.4375,53.5,793.0,15.0,1390.0,670.0,29.6,28.200000000000003,254.0,20.0,0.0,8.0,0.0,0.0,0.0,0.0,8.0,0.0,5.0,2.0,4.0,0.0,10.0,28488.0,101.0,0.0,0.0,0.0,0.0,16.0,0.0,0.0,4.2,5000.0,4990.0,4990.0,1.0,1.0,0.0,31.0,4305.0,0.0,255.0,850.0,339.0,0.0,0.0,1245716.0,3.008,3.0,50.0,
1788528194037,2026-09-04T17:23:14.037,0.0,4.0,0.0,1.0,2386.0,14.3,52.0,8.5,8.5,8.5,8.5,0.0,1.0,97.0,1.0,0.0,449.0,81.5,7.5,0.04572354000000001,0.04572354000000001,36.0,0.999,0.0,23.0,23.0,-36.0,21.0,21.0,21.0,21.0,0.0,0.0,0.0,0.0,36.0,52.0,53.0,72.4,609.0,609.0,17.0,17.0,1240.0,3750.0,25.0,26.0,43.0,1.0,19475.0,71.4,0.0,0.0,,,,,,,,,,,,,,73.25,67.5,68.125,21.0625,73.25,792.0,18.0,1570.0,760.0,34.800000000000004,33.4,254.0,20.0,0.0,8.0,0.0,0.0,0.0,0.0,8.0,0.0,5.0,2.0,4.0,0.0,8.0,28488.0,101.0,0.0,0.0,0.0,0.0,16.0,0.0,0.0,4.2,5000.0,4990.0,4980.0,1.0,1.0,0.0,31.0,5000.0,0.0,255.0,850.0,339.0,0.0,0.0,1245716.0,3.008,3.0,50.0,
1788528194466,2026-09-04T17:23:14.466,0.0,4.0,0.0,1.0,2757.0,14.3,52.0,9.86,9.86,9.86,9.86,0.0,1.0,53.0,0.0,0.0,444.0,80.5,7.5,0.028647599999999995,0.028647599999999995,36.0,0.999,0.0,24.0,21.0,-35.0,16.0,16.0,16.0,16.0,0.0,0.0,0.0,0.0,36.0,61.0,63.0,98.80000000000001,714.0,714.0,24.0,24.0,1520.0,3440.0,38.0,39.0,37.0,1.0,19475.0,97.10000000000001,1.0,0.0,,,,,,,,,,,,,,83.5625,88.5,87.1875,20.8125,83.5625,792.0,20.0,1650.0,800.0,37.4,35.800000000000004,254.0,20.0,0.0,8.0,0.0,0.0,0.0,0.0,8.0,0.0,5.0,2.0,4.0,0.0,4.0,28488.0,101.0,0.0,0.0,0.0,0.0,16.0,0.0,0.0,4.2,5000.0,4990.0,4970.0,1.0,1.0,0.0,31.0,5000.0,0.0,255.0,850.0,339.0,0.0,0.0,1245716.0,3.008,3.0,50.0,
1788528195059,2026-09-04T17:23:15.059,0.0,4.0,0.0,1.0,3237.0,14.3,53.0,8.78,8.78,8.78,8.78,1.0,1.0,766.0,0.0,0.0,439.0,80.0,7.5,0.03565193999999999,0.03565193999999999,36.0,0.999,0.0,25.0,25.0,-31.0,22.0,22.0,22.0,22.0,0.0,0.0,0.0,0.0,36.0,54.0,57.0,103.2,630.0,651.0,22.0,22.0,1440.0,3530.0,38.0,39.0,37.0,1.0,19475.0,100.30000000000001,1.0,0.0,,,,,,,,,,,,,,66.6875,73.375,74.375,23.3125,66.6875,792.0,24.0,1400.0,680.0,30.900000000000002,29.3,254.0,20.0,0.0,8.0,0.0,0.0,0.0,0.0,8.0,0.0,5.0,2.0,4.0,0.0,1.0,28488.0,101.0,0.0,0.0,0.0,0.0,16.0,0.0,0.0,4.2,5000.0,4990.0,4980.0,1.0,1.0,0.0,31.0,5000.0,0.0,255.0,850.0,339.0,0.0,0.0,1245716.0,3.008,3.0,50.0,
1788528195619,2026-09-04T17:23:15.619,0.0,4.0,0.0,1.0,3255.0,14.3,53.0,0.91,0.91,0.91,0.91,1.0,1.0,751.0,1.0,0.0,454.0,75.0,7.5,-0.008502869999999996,-0.008502869999999996,36.0,0.999,0.0,42.0,42.0,-13.0,-1.0,-1.0,-1.0,-1.0,0.0,0.0,0.0,0.0,36.0,13.0,17.0,26.5,231.0,252.0,6.0,6.0,790.0,4190.0,0.0,0.0,0.0,1.0,19475.0,23.3,0.0,0.0,,,,,,,,,,,,,,-21.25,-21.25,-21.5625,21.5,-21.25,791.0,25.0,410.0,200.0,0.6000000000000001,0.0,254.0,20.0,0.0,8.0,0.0,0.0,1.0,0.0,8.0,0.0,5.0,0.0,4.0,100.0,0.0,28488.0,101.0,0.0,0.0,0.0,0.0,16.0,0.0,0.0,4.2,5000.0,4990.0,4980.0,1.0,1.0,0.0,31.0,4274.0,0.0,255.0,850.0,298.0,0.0,0.0,1245716.0,3.008,3.0,50.0,
1788528196148,2026-09-04T17:23:16.148,0.0,4.0,0.0,1.0,2190.0,14.3,53.0,3.39,3.39,3.39,3.39,0.0,0.0,0.0,1.0,0.0,454.0,66.5,7.5,1.9839999999993196E-5,1.9839999999993196E-5,36.0,1.328,0.0,43.0,43.0,0.0,20.0,20.0,20.0,20.0,0.0,0.0,0.0,0.0,35.0,14.0,15.0,17.7,210.0,231.0,5.0,5.0,710.0,4270.0,0.0,0.0,0.0,1.0,19475.0,16.8,0.0,0.0,,,,,,,,,,,,,,0.0625,-0.1875,-1.0625,22.125,0.0625,791.0,24.0,790.0,380.0,11.700000000000001,10.700000000000001,254.0,20.0,0.0,8.0,0.0,0.0,1.0,0.0,8.0,0.0,5.0,2.0,4.0,100.0,2.0,28488.0,101.0,0.0,0.0,0.0,0.0,17.0,0.0,0.0,4.2,5000.0,4990.0,4980.0,1.0,1.0,0.0,31.0,3448.0,0.0,255.0,850.0,270.0,0.0,0.0,1245716.0,3.008,3.0,50.0,
1788528196692,2026-09-04T17:23:16.692,0.0,4.0,0.0,1.0,1884.0,14.3,53.0,2.24,2.24,2.24,2.24,1.0,0.0,898.0,1.0,0.0,454.0,64.0,7.5,1.9839999999993196E-5,1.9839999999993196E-5,36.0,1.0050000000000001,0.0,33.0,33.0,-4.0,30.0,30.0,30.0,30.0,0.0,0.0,0.0,0.0,35.0,17.0,18.0,18.7,252.0,252.0,5.0,5.0,740.0,4240.0,0.0,0.0,0.0,1.0,19475.0,18.8,1.0,0.0,,,,,,,,,,,,,,7.1875,6.1875,6.1875,22.6875,7.1875,790.0,24.0,830.0,400.0,13.100000000000001,12.200000000000001,254.0,20.0,0.0,8.0,0.0,0.0,1.0,0.0,8.0,0.0,5.0,2.0,4.0,100.0,7.0,28488.0,101.0,0.0,0.0,0.0,0.0,17.0,0.0,0.0,4.2,5000.0,4990.0,4980.0,1.0,1.0,0.0,31.0,3711.0,0.0,255.0,850.0,269.0,0.0,0.0,1245716.0,3.008,3.0,50.0,
1788528197163,2026-09-04T17:23:17.163,0.0,4.0,0.0,1.0,1896.0,14.3,53.0,2.5,2.5,2.5,2.5,1.0,1.0,864.0,0.0,0.0,439.0,65.5,7.5,-0.018887299999999996,-0.018887299999999996,36.0,0.999,0.0,28.0,28.0,-6.0,25.0,25.0,25.0,25.0,0.0,0.0,0.0,0.0,35.0,19.0,19.0,19.900000000000002,294.0,273.0,6.0,6.0,750.0,4230.0,0.0,0.0,0.0,1.0,19475.0,20.3,1.0,0.0,,,,,,,,,,,,,,8.0,8.0,8.0625,22.9375,8.0,790.0,24.0,840.0,400.0,13.4,12.200000000000001,254.0,20.0,0.0,8.0,0.0,0.0,1.0,0.0,8.0,0.0,5.0,2.0,4.0,100.0,9.0,28488.0,101.0,0.0,0.0,0.0,0.0,17.0,0.0,0.0,4.2,5000.0,4990.0,4990.0,1.0,1.0,0.0,31.0,3516.0,0.0,255.0,850.0,271.0,0.0,0.0,1245716.0,3.008,3.0,50.0,
1788528197723,2026-09-04T17:23:17.723,0.0,4.0,0.0,1.0,1887.0,14.200000000000001,53.0,2.52,2.52,2.52,2.52,1.0,1.0,844.0,1.0,0.0,458.0,66.0,7.5,-0.038122530000000016,-0.038122530000000016,36.0,0.999,0.0,28.0,28.0,-8.0,22.0,22.0,22.0,22.0,0.0,0.0,0.0,0.0,35.0,20.0,20.0,20.200000000000003,294.0,294.0,6.0,6.0,760.0,4230.0,0.0,0.0,0.0,1.0,19475.0,20.6,0.0,0.0,,,,,,,,,,,,,,10.0625,8.9375,9.0,23.3125,10.0625,790.0,24.0,880.0,420.0,14.5,13.3,254.0,20.0,0.0,8.0,0.0,0.0,0.0,0.0,8.0,0.0,5.0,2.0,4.0,0.0,9.0,28488.0,101.0,0.0,0.0,0.0,0.0,17.0,0.0,0.0,4.2,5000.0,4990.0,4980.0,1.0,1.0,0.0,31.0,2719.0,0.0,255.0,850.0,273.0,0.0,0.0,1245716.0,3.008,3.0,50.0,
1788528198275,2026-09-04T17:23:18.275,0.0,4.0,0.0,1.0,1872.0,14.200000000000001,53.0,2.7800000000000002,2.7800000000000002,2.7800000000000002,2.7800000000000002,1.0,1.0,791.0,1.0,0.0,454.0,68.5,7.5,-0.06276743000000001,-0.06276743000000001,36.0,0.999,0.0,27.0,27.0,-15.0,23.0,23.0,23.0,23.0,0.0,0.0,0.0,0.0,35.0,27.0,23.0,24.700000000000003,378.0,336.0,7.0,7.0,830.0,4160.0,0.0,0.0,0.0,1.0,19475.0,28.3,0.0,0.0,,,,,,,,,,,,,,24.5,18.125,18.25,22.9375,24.5,790.0,24.0,1000.0,480.0,18.1,16.8,254.0,20.0,0.0,8.0,0.0,0.0,0.0,0.0,8.0,0.0,5.0,2.0,4.0,0.0,9.0,28488.0,101.0,0.0,0.0,0.0,0.0,17.0,0.0,0.0,4.2,5000.0,4990.0,4990.0,1.0,1.0,0.0,31.0,3657.0,0.0,255.0,850.0,274.0,0.0,0.0,1245716.0,3.008,3.0,50.0,
1788528198766,2026-09-04T17:23:18.766,0.0,4.0,0.0,1.0,1890.0,14.3,53.0,3.7800000000000002,3.7800000000000002,3.7800000000000002,3.7800000000000002,0.0,1.0,63.0,1.0,0.0,458.0,68.0,7.5,-0.07347995000000002,-0.07347995000000002,36.0,0.999,0.0,25.0,25.0,-27.0,25.0,25.0,25.0,25.0,0.0,0.0,0.0,0.0,36.0,29.0,28.0,29.200000000000003,420.0,399.0,8.0,8.0,840.0,4130.0,0.0,0.0,0.0,1.0,19475.0,30.200000000000003,1.0,0.0,,,,,,,,,,,,,,24.4375,23.5625,23.625,22.4375,24.4375,789.0,25.0,1000.0,480.0,17.900000000000002,16.8,254.0,20.0,0.0,8.0,0.0,0.0,0.0,0.0,8.0,0.0,5.0,2.0,4.0,0.0,9.0,28488.0,101.0,0.0,0.0,0.0,0.0,17.0,0.0,0.0,4.2,5000.0,4990.0,4980.0,1.0,1.0,0.0,31.0,3995.0,0.0,255.0,850.0,275.0,0.0,0.0,1245716.0,3.008,3.0,50.0,
1788528199364,2026-09-04T17:23:19.364,0.0,4.0,0.0,1.0,1924.0,14.3,53.0,3.75,3.75,3.75,3.75,0.0,1.0,73.0,1.0,0.0,463.0,69.0,7.5,-0.027303190000000005,-0.027303190000000005,36.0,0.999,0.0,25.0,25.0,-27.0,25.0,25.0,25.0,25.0,0.0,0.0,0.0,0.0,36.0,21.0,27.0,27.400000000000002,315.0,378.0,6.0,7.0,790.0,4190.0,0.0,0.0,0.0,1.0,19475.0,23.0,1.0,0.0,,,,,,,,,,,,,,6.4375,16.8125,15.9375,22.5625,6.4375,789.0,25.0,760.0,360.0,11.100000000000001,9.8,254.0,20.0,0.0,8.0,0.0,0.0,0.0,0.0,8.0,0.0,5.0,2.0,4.0,0.0,7.0,28488.0,101.0,0.0,0.0,0.0,0.0,17.0,0.0,0.0,4.2,5000.0,4990.0,4980.0,1.0,1.0,0.0,31.0,3853.0,0.0,255.0,850.0,276.0,0.0,0.0,1245716.0,3.008,3.0,50.0,
1788528199832,2026-09-04T17:23:19.832,0.0,4.0,0.0,1.0,1869.0,14.3,53.0,1.78,1.78,1.78,1.78,1.0,1.0,688.0,1.0,0.0,454.0,70.0,7.5,-0.03513920000000001,-0.03513920000000001,36.0,0.999,0.0,36.0,36.0,1.0,18.0,18.0,18.0,18.0,0.0,0.0,0.0,0.0,35.0,14.0,16.0,16.1,210.0,231.0,4.0,4.0,680.0,4300.0,0.0,0.0,0.0,1.0,19475.0,15.100000000000001,0.0,0.0,,,,,,,,,,,,,,-13.125,-5.25,-6.4375,23.125,-23.25,789.0,25.0,390.0,200.0,0.0,0.0,254.0,20.0,0.0,8.0,0.0,1.0,0.0,0.0,8.0,0.0,5.0,2.0,4.0,0.0,7.0,28488.0,101.0,0.0,0.0,0.0,0.0,17.0,0.0,0.0,4.2,5000.0,4990.0,4990.0,1.0,1.0,0.0,31.0,3737.0,0.0,255.0,850.0,283.0,0.0,0.0,1245716.0,3.008,3.0,50.0,
1788528200463,2026-09-04T17:23:20.463,0.0,4.0,0.0,1.0,1881.0,14.3,54.0,1.8,1.8,1.8,1.8,0.0,1.0,43.0,0.0,0.0,444.0,70.5,7.5,0.011472470000000012,0.011472470000000012,36.0,0.999,0.0,39.0,39.0,-16.0,13.0,13.0,13.0,13.0,0.0,0.0,0.0,0.0,35.0,14.0,15.0,14.9,210.0,231.0,4.0,4.0,670.0,4310.0,0.0,0.0,0.0,1.0,19475.0,14.5,1.0,0.0,,,,,,,,,,,,,,-23.875,-13.8125,-12.8125,23.6875,-23.875,788.0,23.0,390.0,200.0,0.0,0.0,254.0,20.0,0.0,8.0,0.0,1.0,0.0,0.0,8.0,0.0,5.0,2.0,4.0,0.0,9.0,28488.0,101.0,0.0,0.0,0.0,0.0,17.0,0.0,0.0,4.2,5000.0,4990.0,4970.0,1.0,1.0,0.0,31.0,2529.0,0.0,255.0,850.0,264.0,0.0,0.0,1245716.0,3.008,3.0,50.0,
1788528200990,2026-09-04T17:23:20.990,0.0,4.0,0.0,1.0,1708.0,14.3,54.0,2.0100000000000002,2.0100000000000002,2.0100000000000002,2.0100000000000002,0.0,1.0,48.0,0.0,0.0,444.0,71.0,7.5,0.052552390000000004,0.052552390000000004,36.0,0.999,0.0,37.0,37.0,-14.0,-7.0,-7.0,-7.0,-7.0,0.0,0.0,0.0,0.0,35.0,14.0,15.0,13.0,210.0,231.0,3.0,3.0,660.0,4330.0,0.0,0.0,0.0,1.0,19475.0,12.600000000000001,1.0,0.0,,,,,,,,,,,,,,-24.8125,-23.5625,-22.6875,24.625,-24.8125,788.0,20.0,390.0,190.0,0.0,0.0,254.0,20.0,0.0,8.0,0.0,1.0,1.0,0.0,8.0,0.0,5.0,2.0,4.0,100.0,10.0,28488.0,101.0,0.0,0.0,0.0,0.0,17.0,0.0,0.0,4.2,5000.0,4990.0,4980.0,1.0,1.0,0.0,31.0,3199.0,0.0,255.0,850.0,292.0,0.0,0.0,1245716.0,3.008,3.0,50.0,
1788528201515,2026-09-04T17:23:21.515,0.0,4.0,0.0,1.0,1496.0,14.3,54.0,1.95,1.95,1.95,1.95,0.0,1.0,48.0,1.0,0.0,454.0,71.0,7.5,0.08348441000000001,0.08348441000000001,36.0,0.999,0.0,37.0,37.0,5.0,13.0,13.0,13.0,13.0,0.0,0.0,0.0,0.0,35.0,34.0,17.0,17.0,483.0,252.0,8.0,8.0,830.0,4150.0,0.0,0.0,0.0,1.0,19475.0,28.700000000000003,0.0,0.0,,,,,,,,,,,,,,34.8125,2.375,3.8125,25.125,34.8125,788.0,19.0,1130.0,540.0,21.6,20.3,254.0,20.0,0.0,8.0,0.0,0.0,0.0,0.0,8.0,0.0,5.0,2.0,4.0,0.0,8.0,28488.0,101.0,0.0,0.0,0.0,0.0,17.0,0.0,0.0,4.2,5000.0,4990.0,4980.0,1.0,1.0,0.0,31.0,2776.0,0.0,255.0,850.0,275.0,0.0,0.0,1245716.0,3.008,3.0,50.0,
1788528202058,2026-09-04T17:23:22.058,0.0,4.0,0.0,1.0,1533.0,14.200000000000001,54.0,10.56,10.56,10.56,10.56,1.0,1.0,883.0,1.0,0.0,458.0,70.5,7.5,0.06378374999999997,0.06378374999999997,36.0,0.999,0.0,17.0,17.0,-36.0,1.0,1.0,1.0,1.0,0.0,0.0,0.0,0.0,36.0,61.0,64.0,52.6,714.0,756.0,17.0,16.0,1180.0,3800.0,36.0,25.0,30.0,1.0,19475.0,52.6,0.0,0.0,,,,,,,,,,,,,,81.6875,82.75,81.5,22.0625,81.6875,787.0,21.0,1480.0,720.0,32.2,30.8,254.0,20.0,0.0,8.0,0.0,0.0,0.0,0.0,8.0,0.0,5.0,2.0,4.0,0.0,5.0,28488.0,101.0,0.0,0.0,0.0,0.0,17.0,0.0,0.0,4.2,5000.0,4990.0,4980.0,1.0,1.0,0.0,31.0,3414.0,0.0,255.0,850.0,275.0,0.0,0.0,1245716.0,3.008,3.0,50.0,
1788528202507,2026-09-04T17:23:22.507,0.0,4.0,0.0,1.0,1710.0,14.3,55.0,12.3,12.3,12.3,12.3,1.0,1.0,844.0,0.0,0.0,444.0,71.5,7.5,0.037048230000000015,0.037048230000000015,36.0,0.999,0.0,18.0,17.0,-35.0,9.0,9.0,9.0,9.0,0.0,0.0,0.0,0.0,36.0,73.0,70.0,66.60000000000001,840.0,819.0,27.0,26.0,1620.0,3350.0,36.0,36.0,37.0,1.0,19475.0,69.8,1.0,0.0,,,,,,,,,,,,,,117.5625,97.625,96.1875,20.75,117.5625,787.0,23.0,1760.0,850.0,40.800000000000004,39.0,254.0,20.0,0.0,8.0,0.0,0.0,0.0,0.0,8.0,0.0,5.0,2.0,4.0,0.0,5.0,28488.0,101.0,0.0,0.0,0.0,0.0,17.0,0.0,0.0,4.2,5000.0,4990.0,4980.0,1.0,1.0,0.0,31.0,3238.0,0.0,255.0,850.0,275.0,0.0,0.0,1245716.0,3.008,3.0,50.0,
1788528202968,2026-09-04T17:23:22.968,0.0,4.0,0.0,1.0,1893.0,14.3,55.0,11.39,11.39,11.39,11.39,1.0,1.0,708.0,1.0,0.0,449.0,71.0,7.5,0.012388069999999973,0.012388069999999973,36.0,0.999,0.0,19.0,19.0,-31.0,13.0,13.0,13.0,13.0,0.0,0.0,0.0,0.0,36.0,72.0,71.0,74.8,840.0,819.0,31.0,31.0,1790.0,3180.0,36.0,37.0,43.0,1.0,19475.0,77.10000000000001,1.0,0.0,,,,,,,,,,,,,,120.625,100.5625,100.625,21.0,120.625,787.0,26.0,1710.0,830.0,39.800000000000004,38.1,254.0,20.0,0.0,8.0,0.0,0.0,0.0,0.0,8.0,0.0,5.0,2.0,4.0,0.0,7.0,28488.0,101.0,0.0,0.0,0.0,0.0,17.0,0.0,0.0,4.2,5000.0,4990.0,4980.0,1.0,1.0,0.0,31.0,4362.0,0.0,255.0,850.0,275.0,0.0,0.0,1245716.0,3.008,3.0,50.0,
1788528203470,2026-09-04T17:23:23.470,0.0,4.0,0.0,1.0,2081.0,14.3,55.0,11.17,11.17,11.17,11.17,0.0,1.0,107.0,0.0,0.0,439.0,70.0,7.5,0.06635505999999997,0.06635505999999997,36.0,0.999,0.0,21.0,21.0,-36.0,-1.0,-1.0,-1.0,-1.0,0.0,0.0,0.0,0.0,36.0,37.0,49.0,54.7,462.0,588.0,11.0,11.0,960.0,4010.0,18.0,28.0,15.0,1.0,19475.0,43.2,0.0,0.0,,,,,,,,,,,,,,30.5,32.5,31.625,21.25,30.5,787.0,28.0,1020.0,490.0,18.7,17.400000000000002,254.0,20.0,0.0,8.0,0.0,0.0,0.0,0.0,8.0,0.0,5.0,2.0,4.0,0.0,7.0,28488.0,101.0,0.0,0.0,0.0,0.0,17.0,0.0,0.0,4.2,5000.0,4990.0,4980.0,1.0,1.0,0.0,31.0,3800.0,0.0,255.0,850.0,276.0,0.0,0.0,1245716.0,3.008,3.0,50.0,
1788528203987,2026-09-04T17:23:23.987,0.0,4.0,0.0,1.0,2162.0,14.3,55.0,2.47,2.47,2.47,2.47,1.0,1.0,859.0,1.0,0.0,458.0,69.5,7.5,0.03092897,0.03092897,36.0,0.999,0.0,28.0,28.0,-36.0,15.0,15.0,15.0,15.0,0.0,0.0,0.0,0.0,36.0,17.0,22.0,25.1,273.0,315.0,6.0,6.0,770.0,4210.0,0.0,0.0,0.0,1.0,19475.0,21.400000000000002,0.0,0.0,,,,,,,,,,,,,,5.0625,11.0625,11.0625,22.1875,5.0625,787.0,28.0,810.0,390.0,12.5,11.3,254.0,20.0,0.0,8.0,0.0,0.0,0.0,0.0,8.0,0.0,5.0,2.0,4.0,0.0,9.0,28488.0,101.0,0.0,0.0,0.0,0.0,17.0,0.0,0.0,4.2,5000.0,4990.0,4980.0,1.0,1.0,0.0,31.0,3939.0,0.0,255.0,850.0,276.0,0.0,0.0,1245716.0,3.008,3.0,50.0,
1788528204471,2026-09-04T17:23:24.471,0.0,4.0,0.0,1.0,2170.0,14.3,55.0,1.55,1.55,1.55,1.55,1.0,1.0,815.0,0.0,0.0,444.0,68.0,7.5,0.0057270799999999955,0.0057270799999999955,36.0,0.999,0.0,37.0,37.0,-2.0,37.0,37.0,37.0,37.0,0.0,0.0,0.0,0.0,35.0,15.0,16.0,19.0,231.0,231.0,5.0,5.0,730.0,4250.0,0.0,0.0,0.0,1.0,19475.0,18.6,1.0,0.0,,,,,,,,,,,,,,2.125,3.375,3.375,22.375,2.125,787.0,28.0,800.0,380.0,12.0,10.700000000000001,254.0,20.0,0.0,8.0,0.0,0.0,0.0,0.0,8.0,0.0,5.0,2.0,4.0,0.0,10.0,28488.0,101.0,0.0,0.0,0.0,0.0,17.0,0.0,0.0,4.2,5000.0,4990.0,4990.0,1.0,1.0,0.0,31.0,3661.0,0.0,255.0,850.0,259.0,0.0,0.0,1245716.0,3.008,3.0,50.0,
1788528204984,2026-09-04T17:23:24.984,0.0,4.0,0.0,1.0,2150.0,14.3,55.0,1.7,1.7,1.7,1.7,1.0,1.0,834.0,1.0,0.0,449.0,68.0,7.5,-0.015675070000000013,-0.015675070000000013,36.0,0.999,0.0,39.0,39.0,1.0,39.0,39.0,39.0,39.0,0.0,0.0,0.0,0.0,35.0,16.0,16.0,19.200000000000003,252.0,231.0,6.0,6.0,750.0,4230.0,0.0,0.0,0.0,1.0,19475.0,20.200000000000003,1.0,0.0,,,,,,,,,,,,,,6.125,4.5625,4.5625,22.375,6.125,786.0,28.0,880.0,420.0,14.3,13.3,254.0,20.0,0.0,8.0,0.0,0.0,0.0,0.0,8.0,0.0,5.0,2.0,4.0,0.0,9.0,28488.0,101.0,0.0,0.0,0.0,0.0,17.0,0.0,0.0,4.2,5000.0,4980.0,4990.0,1.0,1.0,0.0,31.0,3736.0,0.0,255.0,850.0,252.0,0.0,0.0,1245716.0,3.008,3.0,50.0,
1788528205742,2026-09-04T17:23:25.742,0.0,4.0,0.0,1.0,2182.0,14.3,55.0,2.25,2.25,2.25,2.25,1.0,1.0,815.0,0.0,0.0,439.0,68.5,7.5,-0.04392896000000002,-0.04392896000000002,37.0,0.999,0.0,33.0,33.0,-6.0,33.0,33.0,33.0,33.0,0.0,0.0,0.0,0.0,35.0,20.0,19.0,23.5,294.0,273.0,7.0,7.0,800.0,4190.0,0.0,0.0,0.0,1.0,19475.0,24.400000000000002,0.0,0.0,,,,,,,,,,,,,,10.4375,10.5,10.5,22.1875,10.4375,785.0,28.0,920.0,440.0,15.8,14.5,254.0,20.0,0.0,8.0,0.0,0.0,0.0,0.0,8.0,0.0,5.0,2.0,4.0,0.0,6.0,28488.0,101.0,0.0,0.0,0.0,0.0,17.0,0.0,0.0,4.2,5000.0,4990.0,4970.0,1.0,1.0,0.0,31.0,3920.0,0.0,255.0,850.0,253.0,0.0,0.0,1245716.0,3.008,3.0,50.0,
1788528206269,2026-09-04T17:23:26.269,0.0,4.0,0.0,1.0,2178.0,14.3,55.0,2.37,2.37,2.37,2.37,1.0,1.0,468.0,1.0,0.0,449.0,69.5,7.5,-0.10797518,-0.10797518,37.0,0.999,0.0,31.0,31.0,-10.0,31.0,31.0,31.0,31.0,0.0,0.0,0.0,0.0,35.0,20.0,20.0,24.200000000000003,294.0,294.0,7.0,7.0,800.0,4180.0,0.0,0.0,0.0,1.0,19475.0,24.700000000000003,0.0,0.0,,,,,,,,,,,,,,11.3125,11.3125,11.375,22.1875,11.3125,785.0,28.0,930.0,440.0,15.9,14.8,254.0,20.0,0.0,8.0,0.0,0.0,0.0,0.0,8.0,0.0,5.0,2.0,4.0,0.0,2.0,28488.0,101.0,0.0,0.0,0.0,0.0,17.0,0.0,0.0,4.2,5000.0,4990.0,4980.0,1.0,1.0,0.0,31.0,2997.0,0.0,255.0,850.0,254.0,0.0,0.0,1245716.0,3.008,3.0,50.0,
1788528206792,2026-09-04T17:23:26.792,0.0,4.0,0.0,1.0,2182.0,14.3,55.0,2.5300000000000002,2.5300000000000002,2.5300000000000002,2.5300000000000002,0.0,1.0,68.0,1.0,0.0,458.0,70.0,7.5,-0.04481404,-0.04481404,37.0,0.999,0.0,31.0,31.0,-11.0,19.0,19.0,19.0,19.0,0.0,0.0,0.0,0.0,35.0,18.0,20.0,23.900000000000002,273.0,294.0,6.0,6.0,780.0,4200.0,0.0,0.0,0.0,1.0,19475.0,22.400000000000002,1.0,0.0,,,,,,,,,,,,,,6.6875,10.25,10.125,22.1875,6.6875,785.0,28.0,830.0,390.0,12.8,11.9,254.0,20.0,0.0,8.0,0.0,0.0,0.0,0.0,8.0,0.0,5.0,2.0,4.0,0.0,5.0,28488.0,101.0,0.0,0.0,0.0,0.0,17.0,0.0,0.0,4.2,5000.0,4990.0,4980.0,1.0,1.0,0.0,31.0,3682.0,0.0,255.0,850.0,254.0,0.0,0.0,1245716.0,3.008,3.0,50.0,
1788528207332,2026-09-04T17:23:27.332,0.0,4.0,0.0,1.0,2170.0,14.3,55.0,1.99,1.99,1.99,1.99,0.0,1.0,83.0,1.0,0.0,454.0,71.5,7.5,0.00525401999999997,0.00525401999999997,37.0,0.999,0.0,39.0,39.0,-18.0,32.0,32.0,32.0,32.0,0.0,0.0,0.0,0.0,35.0,14.0,15.0,17.7,210.0,231.0,5.0,5.0,720.0,4280.0,0.0,0.0,0.0,1.0,19475.0,17.1,1.0,0.0,,,,,,,,,,,,,,-11.625,-4.625,-4.0625,22.625,-22.625,784.0,28.0,390.0,200.0,0.0,0.0,254.0,20.0,0.0,8.0,0.0,0.0,0.0,0.0,8.0,0.0,5.0,2.0,4.0,0.0,10.0,28488.0,101.0,0.0,0.0,0.0,0.0,17.0,0.0,0.0,4.2,5000.0,4990.0,4990.0,1.0,1.0,0.0,31.0,3995.0,0.0,255.0,850.0,240.0,0.0,0.0,1245716.0,3.008,3.0,50.0,
1788528207827,2026-09-04T17:23:27.827,0.0,4.0,0.0,1.0,2166.0,14.3,56.0,1.8800000000000001,1.8800000000000001,1.8800000000000001,1.8800000000000001,0.0,1.0,78.0,1.0,0.0,454.0,70.5,7.5,0.05301019000000001,0.05301019000000001,37.0,0.999,0.0,42.0,42.0,-15.0,15.0,15.0,15.0,15.0,0.0,0.0,0.0,0.0,35.0,14.0,14.0,17.0,210.0,210.0,5.0,5.0,720.0,4260.0,0.0,0.0,0.0,1.0,19475.0,17.5,0.0,0.0,,,,,,,,,,,,,,-22.125,-11.8125,-11.125,22.875,-22.875,784.0,28.0,390.0,200.0,0.0,0.0,254.0,20.0,0.0,8.0,0.0,0.0,0.0,0.0,8.0,0.0,5.0,2.0,4.0,0.0,9.0,28488.0,101.0,0.0,0.0,0.0,0.0,17.0,0.0,0.0,4.2,5000.0,4990.0,4980.0,1.0,1.0,0.0,31.0,3444.0,0.0,255.0,850.0,229.0,0.0,0.0,1245716.0,3.008,3.0,50.0,
1788528208391,2026-09-04T17:23:28.391,0.0,4.0,0.0,1.0,2158.0,14.3,56.0,1.95,1.95,1.95,1.95,1.0,1.0,727.0,1.0,0.0,458.0,70.0,7.5,0.07168842999999997,0.07168842999999997,37.0,0.999,0.0,42.0,42.0,-15.0,0.0,0.0,0.0,0.0,0.0,0.0,0.0,0.0,35.0,14.0,14.0,16.6,210.0,210.0,5.0,5.0,720.0,4260.0,0.0,0.0,0.0,1.0,19475.0,17.3,1.0,0.0,,,,,,,,,,,,,,-22.8125,-21.3125,-20.6875,22.8125,-22.8125,783.0,27.0,390.0,190.0,0.0,0.0,254.0,20.0,0.0,8.0,0.0,0.0,0.0,0.0,8.0,0.0,5.0,0.0,4.0,0.0,7.0,28488.0,101.0,0.0,0.0,0.0,0.0,17.0,0.0,0.0,4.2,5000.0,4990.0,4970.0,1.0,1.0,0.0,31.0,4881.0,0.0,255.0,850.0,226.0,0.0,0.0,1245716.0,3.008,3.0,50.0,
1788528208889,2026-09-04T17:23:28.889,0.0,4.0,0.0,1.0,2096.0,14.3,56.0,0.0,0.0,0.0,0.0,0.0,0.0,9.0,1.0,0.0,449.0,70.0,7.5,1.9839999999993196E-5,1.9839999999993196E-5,37.0,0.999,0.0,41.0,41.0,4.0,4.0,4.0,4.0,4.0,0.0,0.0,0.0,0.0,35.0,14.0,15.0,17.0,210.0,210.0,5.0,4.0,700.0,4280.0,0.0,0.0,0.0,1.0,19475.0,16.7,1.0,0.0,,,,,,,,,,,,,,-22.9375,-22.9375,-23.1875,22.875,-22.9375,783.0,27.0,390.0,200.0,0.0,0.0,254.0,20.0,0.0,8.0,0.0,0.0,0.0,0.0,8.0,0.0,5.0,0.0,4.0,0.0,6.0,28488.0,101.0,0.0,0.0,0.0,0.0,18.0,0.0,0.0,4.2,5000.0,4990.0,5000.0,1.0,1.0,0.0,31.0,4095.0,0.0,255.0,850.0,228.0,0.0,0.0,1245716.0,3.008,3.0,50.0,
1788528209427,2026-09-04T17:23:29.427,0.0,4.0,0.0,1.0,2074.0,14.200000000000001,56.0,0.0,0.0,0.0,0.0,0.0,0.0,0.0,0.0,0.0,429.0,69.5,7.5,1.9839999999993196E-5,1.9839999999993196E-5,37.0,0.999,0.0,41.0,41.0,3.0,3.0,3.0,3.0,3.0,0.0,0.0,0.0,0.0,35.0,14.0,15.0,16.8,210.0,231.0,4.0,4.0,700.0,4280.0,0.0,0.0,0.0,1.0,19475.0,16.2,0.0,0.0,,,,,,,,,,,,,,-22.9375,-22.9375,-23.1875,22.875,-22.9375,783.0,26.0,390.0,200.0,0.0,0.0,254.0,20.0,0.0,8.0,0.0,0.0,0.0,0.0,8.0,0.0,5.0,0.0,4.0,0.0,3.0,28488.0,101.0,0.0,0.0,0.0,0.0,18.0,0.0,0.0,4.2,5000.0,4990.0,4980.0,1.0,1.0,0.0,31.0,3943.0,0.0,255.0,850.0,229.0,0.0,0.0,1245716.0,3.008,3.0,50.0,
1788528209940,2026-09-04T17:23:29.940,0.0,4.0,0.0,1.0,2041.0,14.3,56.0,0.0,0.0,0.0,0.0,0.0,0.0,0.0,1.0,0.0,454.0,72.0,7.5,1.9839999999993196E-5,1.9839999999993196E-5,37.0,0.999,0.0,42.0,42.0,4.0,4.0,4.0,4.0,4.0,0.0,0.0,0.0,0.0,35.0,14.0,14.0,16.1,210.0,210.0,4.0,4.0,690.0,4280.0,0.0,0.0,0.0,1.0,19475.0,15.700000000000001,0.0,0.0,,,,,,,,,,,,,,-23.0625,-23.0625,-23.25,23.0,-23.0625,783.0,26.0,420.0,200.0,0.7000000000000001,0.0,254.0,20.0,0.0,8.0,0.0,0.0,0.0,0.0,8.0,0.0,5.0,0.0,4.0,0.0,2.0,28488.0,101.0,0.0,0.0,0.0,0.0,18.0,0.0,0.0,4.2,5000.0,4990.0,4970.0,1.0,1.0,0.0,31.0,4631.0,0.0,255.0,850.0,229.0,0.0,0.0,1245716.0,3.008,3.0,50.0,
1788528210471,2026-09-04T17:23:30.471,0.0,4.0,0.0,1.0,2003.0,14.200000000000001,56.0,0.0,0.0,0.0,0.0,0.0,0.0,0.0,1.0,0.0,449.0,74.5,7.5,1.9839999999993196E-5,1.9839999999993196E-5,37.0,0.999,0.0,41.0,41.0,4.0,4.0,4.0,4.0,4.0,0.0,0.0,0.0,0.0,35.0,14.0,14.0,15.8,210.0,231.0,4.0,4.0,690.0,4290.0,0.0,0.0,0.0,1.0,19475.0,15.3,1.0,0.0,,,,,,,,,,,,,,-23.0,-23.0,-23.3125,22.9375,-23.0,782.0,25.0,510.0,230.0,3.4000000000000004,2.2,254.0,20.0,0.0,8.0,0.0,0.0,0.0,0.0,8.0,0.0,5.0,0.0,4.0,0.0,6.0,28488.0,101.0,0.0,0.0,0.0,0.0,18.0,0.0,0.0,4.2,5000.0,4990.0,4970.0,1.0,1.0,0.0,31.0,2820.0,0.0,255.0,850.0,230.0,0.0,0.0,1245716.0,3.008,3.0,50.0,
1788528211123,2026-09-04T17:23:31.123,0.0,4.0,0.0,1.0,1946.0,14.3,56.0,0.0,0.0,0.0,0.0,0.0,0.0,0.0,1.0,0.0,454.0,76.0,7.5,1.9839999999993196E-5,1.9839999999993196E-5,37.0,0.999,0.0,40.0,40.0,5.0,5.0,5.0,5.0,5.0,0.0,0.0,0.0,0.0,36.0,14.0,14.0,15.3,210.0,210.0,4.0,4.0,690.0,4300.0,0.0,0.0,0.0,1.0,19475.0,15.0,1.0,0.0,,,,,,,,,,,,,,-16.5,-18.625,-16.4375,23.125,-16.5,782.0,25.0,540.0,250.0,4.4,3.1,254.0,20.0,0.0,8.0,0.0,0.0,0.0,0.0,8.0,0.0,5.0,2.0,4.0,0.0,10.0,28488.0,101.0,0.0,0.0,0.0,0.0,18.0,0.0,0.0,4.2,5000.0,4990.0,4990.0,1.0,1.0,0.0,31.0,3893.0,0.0,255.0,850.0,230.0,0.0,0.0,1245716.0,3.008,3.0,50.0,
1788528211689,2026-09-04T17:23:31.689,0.0,4.0,0.0,1.0,1946.0,14.3,56.0,2.29,2.29,2.29,2.29,1.0,0.0,776.0,0.0,0.0,439.0,76.5,7.5,1.9839999999993196E-5,1.9839999999993196E-5,37.0,1.311,0.0,47.0,47.0,-14.0,9.0,9.0,9.0,9.0,0.0,0.0,0.0,0.0,35.0,14.0,14.0,14.5,210.0,210.0,4.0,4.0,690.0,4300.0,0.0,0.0,0.0,1.0,19475.0,15.0,0.0,0.0,,,,,,,,,,,,,,-16.5625,-16.5625,-16.75,23.3125,-16.5625,781.0,25.0,540.0,250.0,4.2,3.1,254.0,20.0,0.0,8.0,0.0,0.0,0.0,0.0,8.0,0.0,5.0,2.0,4.0,0.0,10.0,28488.0,101.0,0.0,0.0,0.0,0.0,18.0,0.0,0.0,4.2,5000.0,4990.0,4990.0,1.0,1.0,0.0,31.0,3987.0,0.0,255.0,850.0,224.0,0.0,0.0,1245716.0,3.008,3.0,50.0,
1788528212160,2026-09-04T17:23:32.160,0.0,4.0,0.0,1.0,1924.0,14.3,56.0,1.8,1.8,1.8,1.8,0.0,1.0,29.0,0.0,0.0,444.0,77.0,7.5,0.013280779999999992,0.013280779999999992,37.0,0.999,0.0,40.0,40.0,-12.0,3.0,3.0,3.0,3.0,0.0,0.0,0.0,0.0,35.0,14.0,14.0,14.9,210.0,210.0,4.0,4.0,680.0,4280.0,0.0,0.0,0.0,1.0,19475.0,14.9,0.0,0.0,,,,,,,,,,,,,,-16.5,-16.5,-16.5,23.25,-16.5,781.0,25.0,540.0,250.0,4.2,3.1,254.0,20.0,0.0,8.0,0.0,0.0,0.0,0.0,8.0,0.0,5.0,2.0,4.0,0.0,10.0,28488.0,101.0,0.0,0.0,0.0,0.0,18.0,0.0,0.0,4.2,5000.0,4990.0,4980.0,1.0,1.0,0.0,31.0,3815.0,0.0,255.0,850.0,224.0,0.0,0.0,1245716.0,3.008,3.0,50.0,
1788528212714,2026-09-04T17:23:32.714,0.0,4.0,0.0,1.0,1921.0,14.3,56.0,1.87,1.87,1.87,1.87,0.0,1.0,34.0,1.0,0.0,449.0,76.0,7.5,0.050133680000000014,0.050133680000000014,37.0,0.999,0.0,40.0,40.0,6.0,6.0,6.0,6.0,6.0,0.0,0.0,0.0,0.0,36.0,14.0,14.0,14.600000000000001,210.0,210.0,4.0,4.0,680.0,4300.0,0.0,0.0,0.0,1.0,19475.0,14.9,1.0,0.0,,,,,,,,,,,,,,-16.5625,-16.5625,-14.75,23.625,-16.5625,781.0,25.0,540.0,250.0,4.2,3.1,254.0,20.0,0.0,8.0,0.0,0.0,0.0,0.0,8.0,0.0,5.0,2.0,4.0,0.0,10.0,28488.0,101.0,0.0,0.0,0.0,0.0,18.0,0.0,0.0,4.2,5000.0,4990.0,4980.0,1.0,1.0,0.0,31.0,3565.0,0.0,255.0,850.0,224.0,0.0,0.0,1245716.0,3.008,3.0,50.0,
1788528213227,2026-09-04T17:23:33.227,0.0,4.0,0.0,1.0,1899.0,14.3,57.0,1.94,1.94,1.94,1.94,0.0,1.0,34.0,1.0,0.0,458.0,75.5,7.5,0.09312872999999999,0.09312872999999999,37.0,0.999,0.0,40.0,40.0,6.0,6.0,6.0,6.0,6.0,0.0,0.0,0.0,0.0,36.0,14.0,14.0,14.3,210.0,210.0,4.0,4.0,680.0,4300.0,0.0,0.0,0.0,1.0,19475.0,14.8,1.0,0.0,,,,,,,,,,,,,,-16.4375,-16.4375,-14.5,23.6875,-16.4375,781.0,24.0,540.0,250.0,4.2,3.1,254.0,20.0,0.0,8.0,0.0,0.0,0.0,0.0,8.0,0.0,5.0,2.0,4.0,0.0,10.0,28488.0,101.0,0.0,0.0,0.0,0.0,18.0,0.0,0.0,4.2,5000.0,4990.0,4980.0,1.0,1.0,0.0,31.0,3868.0,0.0,255.0,850.0,224.0,0.0,0.0,1245716.0,3.008,3.0,50.0,
1788528213758,2026-09-04T17:23:33.758,0.0,4.0,0.0,1.0,1893.0,14.3,57.0,2.0,2.0,2.0,2.0,0.0,1.0,53.0,1.0,0.0,458.0,75.0,7.5,0.13366691999999997,0.13366691999999997,37.0,0.999,0.0,40.0,40.0,6.0,6.0,6.0,6.0,6.0,0.0,0.0,0.0,0.0,36.0,14.0,14.0,14.3,210.0,210.0,4.0,4.0,680.0,4300.0,0.0,0.0,0.0,1.0,19475.0,14.700000000000001,0.0,0.0,,,,,,,,,,,,,,-16.125,-16.125,-14.25,23.5,-16.125,781.0,24.0,540.0,250.0,4.2,3.1,254.0,20.0,0.0,8.0,0.0,0.0,0.0,0.0,8.0,0.0,5.0,2.0,4.0,0.0,10.0,28488.0,101.0,0.0,0.0,0.0,0.0,18.0,0.0,0.0,4.2,5000.0,4990.0,4980.0,1.0,1.0,0.0,31.0,3576.0,0.0,255.0,850.0,222.0,0.0,0.0,1245716.0,3.008,3.0,50.0,
1788528214253,2026-09-04T17:23:34.253,0.0,4.0,0.0,1.0,1908.0,14.3,57.0,2.05,2.05,2.05,2.05,0.0,1.0,170.0,1.0,0.0,449.0,75.0,7.5,0.17535723999999997,0.17535723999999997,37.0,0.999,0.0,40.0,40.0,7.0,7.0,7.0,7.0,7.0,0.0,0.0,0.0,0.0,35.0,14.0,14.0,14.200000000000001,210.0,210.0,4.0,4.0,680.0,4300.0,0.0,0.0,0.0,1.0,19475.0,14.700000000000001,0.0,0.0,,,,,,,,,,,,,,-16.1875,-16.1875,-14.3125,23.5625,-16.1875,780.0,24.0,530.0,250.0,4.2,3.1,254.0,20.0,0.0,8.0,0.0,0.0,0.0,0.0,8.0,0.0,5.0,2.0,4.0,0.0,8.0,28488.0,101.0,0.0,0.0,0.0,0.0,18.0,0.0,0.0,4.2,5000.0,4990.0,4990.0,1.0,1.0,0.0,31.0,3394.0,0.0,255.0,850.0,221.0,0.0,0.0,1245716.0,3.008,3.0,50.0,
1788528214720,2026-09-04T17:23:34.720,0.0,4.0,0.0,1.0,1884.0,14.3,57.0,0.0,0.0,0.0,0.0,1.0,0.0,703.0,1.0,0.0,449.0,74.5,7.5,1.9839999999993196E-5,1.9839999999993196E-5,37.0,0.999,0.0,40.0,40.0,-13.0,-13.0,-13.0,-13.0,-13.0,0.0,0.0,0.0,0.0,36.0,14.0,14.0,14.4,210.0,210.0,4.0,4.0,680.0,4310.0,0.0,0.0,0.0,1.0,19475.0,14.700000000000001,1.0,0.0,,,,,,,,,,,,,,-23.75,-23.6875,-24.0,23.625,-23.75,780.0,24.0,390.0,200.0,0.0,0.0,254.0,20.0,0.0,8.0,0.0,0.0,0.0,0.0,8.0,0.0,5.0,0.0,4.0,0.0,8.0,28488.0,101.0,0.0,0.0,0.0,0.0,18.0,0.0,0.0,4.2,5000.0,4990.0,4980.0,1.0,1.0,0.0,31.0,3841.0,0.0,255.0,850.0,219.0,0.0,0.0,1245716.0,3.008,3.0,50.0,
1788528215217,2026-09-04T17:23:35.217,0.0,4.0,0.0,1.0,1875.0,14.3,57.0,0.0,0.0,0.0,0.0,0.0,0.0,4.0,1.0,0.0,463.0,74.5,7.5,1.9839999999993196E-5,1.9839999999993196E-5,37.0,0.999,0.0,40.0,40.0,-15.0,-15.0,-15.0,-15.0,-15.0,0.0,0.0,0.0,0.0,36.0,14.0,14.0,14.9,210.0,210.0,4.0,4.0,680.0,4300.0,0.0,0.0,0.0,1.0,19475.0,14.5,1.0,0.0,,,,,,,,,,,,,,-23.625,-23.625,-23.75,23.5,-23.625,780.0,24.0,390.0,200.0,0.0,0.0,254.0,20.0,0.0,8.0,0.0,0.0,0.0,0.0,8.0,0.0,5.0,0.0,4.0,0.0,10.0,28488.0,101.0,0.0,0.0,0.0,0.0,18.0,0.0,0.0,4.2,5000.0,4990.0,4990.0,1.0,1.0,0.0,31.0,3386.0,0.0,255.0,850.0,220.0,0.0,0.0,1245716.0,3.008,3.0,50.0,
1788528215740,2026-09-04T17:23:35.740,0.0,4.0,0.0,1.0,1831.0,14.3,57.0,0.0,0.0,0.0,0.0,0.0,0.0,0.0,0.0,0.0,444.0,75.5,7.5,1.9839999999993196E-5,1.9839999999993196E-5,37.0,0.999,0.0,39.0,39.0,5.0,5.0,5.0,5.0,5.0,0.0,0.0,0.0,0.0,35.0,14.0,15.0,14.700000000000001,210.0,210.0,4.0,4.0,670.0,4310.0,0.0,0.0,0.0,1.0,19475.0,14.200000000000001,0.0,0.0,,,,,,,,,,,,,,-23.9375,-23.9375,-24.1875,23.8125,-23.9375,780.0,24.0,390.0,200.0,0.0,0.0,254.0,20.0,0.0,8.0,0.0,0.0,0.0,0.0,8.0,0.0,5.0,0.0,4.0,0.0,10.0,28488.0,101.0,0.0,0.0,0.0,0.0,18.0,0.0,0.0,4.2,5000.0,4990.0,4990.0,1.0,1.0,0.0,31.0,3642.0,0.0,255.0,850.0,235.0,0.0,0.0,1245716.0,3.008,3.0,50.0,
1788528216457,2026-09-04T17:23:36.457,0.0,4.0,0.0,1.0,1828.0,14.3,57.0,0.0,0.0,0.0,0.0,0.0,0.0,0.0,1.0,0.0,449.0,77.5,7.5,1.9839999999993196E-5,1.9839999999993196E-5,37.0,0.999,0.0,39.0,39.0,5.0,5.0,5.0,5.0,5.0,0.0,0.0,0.0,0.0,36.0,14.0,15.0,14.8,210.0,231.0,4.0,4.0,670.0,4310.0,0.0,0.0,0.0,1.0,19475.0,14.100000000000001,1.0,0.0,,,,,,,,,,,,,,-24.4375,-24.4375,-24.6875,24.25,-24.4375,780.0,23.0,390.0,200.0,0.0,0.0,254.0,20.0,0.0,8.0,0.0,1.0,0.0,0.0,8.0,0.0,5.0,0.0,4.0,0.0,9.0,28488.0,101.0,0.0,0.0,0.0,0.0,18.0,0.0,0.0,4.2,5000.0,4990.0,4980.0,1.0,1.0,0.0,31.0,2720.0,0.0,255.0,850.0,244.0,0.0,0.0,1245716.0,3.008,3.0,50.0,
1788528216944,2026-09-04T17:23:36.944,0.0,4.0,0.0,1.0,1751.0,14.3,58.0,0.0,0.0,0.0,0.0,0.0,0.0,0.0,1.0,0.0,449.0,79.5,7.5,1.9839999999993196E-5,1.9839999999993196E-5,37.0,0.999,0.0,38.0,38.0,6.0,6.0,6.0,6.0,6.0,0.0,0.0,0.0,0.0,35.0,14.0,15.0,13.8,210.0,231.0,3.0,3.0,660.0,4320.0,0.0,0.0,0.0,1.0,19475.0,13.100000000000001,1.0,0.0,,,,,,,,,,,,,,-25.1875,-25.1875,-17.6875,25.0,-25.1875,779.0,21.0,390.0,200.0,0.0,0.0,254.0,20.0,0.0,8.0,0.0,1.0,1.0,0.0,8.0,0.0,5.0,1.0,4.0,100.0,6.0,28488.0,101.0,0.0,0.0,0.0,0.0,18.0,0.0,0.0,4.2,5000.0,4990.0,4980.0,1.0,1.0,0.0,31.0,2759.0,0.0,255.0,850.0,242.0,0.0,0.0,1245716.0,3.008,3.0,50.0,
1788528217472,2026-09-04T17:23:37.472,0.0,4.0,0.0,1.0,1372.0,14.3,58.0,2.61,2.61,2.61,2.61,0.0,0.0,0.0,1.0,0.0,449.0,81.0,7.5,1.9839999999993196E-5,1.9839999999993196E-5,37.0,1.504,0.0,40.0,40.0,5.0,5.0,5.0,5.0,5.0,0.0,0.0,0.0,0.0,36.0,13.0,13.0,9.3,210.0,210.0,2.0,2.0,610.0,4370.0,0.0,0.0,0.0,1.0,19475.0,9.200000000000001,0.0,0.0,,,,,,,,,,,,,,-27.6875,-9.0625,-19.5,27.5,-27.6875,779.0,19.0,390.0,200.0,0.0,0.0,254.0,20.0,0.0,8.0,0.0,1.0,1.0,0.0,8.0,0.0,5.0,1.0,4.0,100.0,3.0,28488.0,101.0,0.0,0.0,0.0,0.0,18.0,0.0,0.0,4.2,5000.0,4990.0,4990.0,1.0,1.0,0.0,31.0,2270.0,0.0,255.0,850.0,230.0,0.0,0.0,1245716.0,3.008,3.0,50.0,
1788528218016,2026-09-04T17:23:38.016,0.0,4.0,0.0,1.0,1073.0,14.3,58.0,2.35,2.35,2.35,2.35,1.0,0.0,820.0,1.0,0.0,458.0,81.0,7.5,1.9839999999993196E-5,1.9839999999993196E-5,37.0,1.316,0.0,38.0,38.0,5.0,23.0,23.0,23.0,23.0,0.0,0.0,0.0,0.0,35.0,17.0,14.0,8.1,273.0,231.0,2.0,2.0,610.0,4370.0,0.0,0.0,0.0,1.0,19475.0,9.600000000000001,0.0,0.0,,,,,,,,,,,,,,-29.1875,-10.125,-10.25,29.0,-29.1875,779.0,16.0,390.0,200.0,0.0,0.0,254.0,20.0,0.0,8.0,0.0,1.0,1.0,0.0,8.0,0.0,5.0,1.0,4.0,100.0,1.0,28488.0,101.0,0.0,0.0,0.0,0.0,18.0,0.0,0.0,4.2,5000.0,4990.0,4980.0,1.0,1.0,0.0,31.0,1698.0,0.0,255.0,850.0,231.0,0.0,0.0,1245716.0,3.008,3.0,50.0,
1788528218559,2026-09-04T17:23:38.559,0.0,4.0,0.0,1.0,924.0,14.3,58.0,2.19,2.19,2.19,2.19,1.0,1.0,864.0,1.0,0.0,463.0,82.5,7.5,-0.0020784100000000028,-0.0020784100000000028,37.0,1.163,0.0,23.0,23.0,-2.0,21.0,21.0,21.0,21.0,0.0,0.0,0.0,0.0,35.0,21.0,17.0,8.9,336.0,273.0,3.0,2.0,620.0,4360.0,0.0,0.0,0.0,1.0,19475.0,10.8,1.0,0.0,,,,,,,,,,,,,,-29.3125,-1.0,-1.0625,29.125,-29.3125,779.0,13.0,390.0,200.0,0.0,0.0,254.0,20.0,0.0,8.0,0.0,1.0,1.0,0.0,8.0,0.0,5.0,1.0,4.0,100.0,3.0,28488.0,101.0,0.0,0.0,0.0,0.0,18.0,0.0,0.0,4.2,5000.0,4990.0,4990.0,1.0,1.0,0.0,31.0,1626.0,0.0,255.0,850.0,237.0,0.0,0.0,1245716.0,3.008,3.0,50.0,
1788528219078,2026-09-04T17:23:39.078,0.0,4.0,0.0,1.0,910.0,14.200000000000001,58.0,2.75,2.75,2.75,2.75,1.0,1.0,786.0,1.0,0.0,458.0,83.0,7.5,-0.005321160000000019,-0.005321160000000019,37.0,1.0110000000000001,0.0,18.0,18.0,-10.0,0.0,0.0,0.0,0.0,0.0,0.0,0.0,0.0,35.0,20.0,20.0,9.600000000000001,336.0,315.0,2.0,2.0,620.0,4370.0,0.0,0.0,0.0,1.0,19475.0,10.3,1.0,0.0,,,,,,,,,,,,,,-29.0,-1.8125,-3.375,28.8125,-29.0,778.0,11.0,390.0,200.0,0.0,0.0,254.0,20.0,0.0,8.0,0.0,1.0,1.0,0.0,8.0,0.0,5.0,1.0,4.0,100.0,6.0,28488.0,101.0,0.0,0.0,0.0,0.0,18.0,0.0,0.0,4.2,5000.0,4990.0,4980.0,1.0,1.0,0.0,31.0,1579.0,0.0,255.0,850.0,255.0,0.0,0.0,1245716.0,3.008,3.0,50.0,
1788528219628,2026-09-04T17:23:39.628,0.0,4.0,0.0,1.0,831.0,14.3,58.0,2.65,2.65,2.65,2.65,1.0,1.0,825.0,0.0,0.0,434.0,83.0,7.5,-0.010356959999999998,-0.010356959999999998,37.0,0.999,0.0,17.0,17.0,-11.0,0.0,0.0,0.0,0.0,0.0,0.0,0.0,0.0,36.0,21.0,20.0,8.9,336.0,315.0,2.0,2.0,620.0,4370.0,0.0,0.0,0.0,1.0,19475.0,9.700000000000001,0.0,0.0,,,,,,,,,,,,,,-29.4375,-2.4375,-2.1875,29.25,-29.4375,778.0,10.0,390.0,200.0,0.0,0.0,254.0,20.0,0.0,8.0,0.0,1.0,1.0,0.0,8.0,0.0,5.0,1.0,4.0,100.0,6.0,28488.0,101.0,0.0,0.0,0.0,0.0,18.0,0.0,0.0,4.2,5000.0,4990.0,4980.0,1.0,1.0,0.0,31.0,1716.0,0.0,255.0,850.0,257.0,0.0,0.0,1245716.0,3.008,3.0,50.0,
1788528220129,2026-09-04T17:23:40.129,0.0,4.0,0.0,1.0,793.0,14.3,58.0,2.64,2.64,2.64,2.64,1.0,1.0,815.0,0.0,0.0,444.0,83.0,7.5,-0.015804780000000018,-0.015804780000000018,37.0,0.999,0.0,16.0,16.0,-12.0,2.0,2.0,2.0,2.0,0.0,0.0,0.0,0.0,36.0,21.0,20.0,8.8,357.0,315.0,2.0,2.0,620.0,4380.0,0.0,0.0,0.0,1.0,19475.0,9.700000000000001,0.0,0.0,,,,,,,,,,,,,,-29.5625,-0.75,-0.9375,29.375,-29.5625,778.0,9.0,390.0,200.0,0.0,0.0,254.0,20.0,0.0,8.0,0.0,1.0,1.0,0.0,8.0,0.0,5.0,1.0,4.0,100.0,7.0,28488.0,101.0,0.0,0.0,0.0,0.0,18.0,0.0,0.0,4.2,5000.0,4990.0,4990.0,1.0,1.0,0.0,31.0,1372.0,0.0,255.0,850.0,267.0,0.0,0.0,1245716.0,3.008,3.0,50.0,
1788528220613,2026-09-04T17:23:40.613,0.0,4.0,0.0,1.0,788.0,14.3,58.0,2.66,2.66,2.66,2.66,1.0,1.0,791.0,1.0,0.0,458.0,83.0,7.5,-0.020863469999999995,-0.020863469999999995,37.0,0.999,0.0,16.0,16.0,-13.0,0.0,0.0,0.0,0.0,0.0,0.0,0.0,0.0,36.0,21.0,21.0,8.8,357.0,315.0,2.0,2.0,610.0,4370.0,0.0,0.0,0.0,1.0,19475.0,9.600000000000001,1.0,0.0,,,,,,,,,,,,,,-29.625,-1.125,-1.5625,29.4375,-29.625,778.0,9.0,390.0,200.0,0.0,0.0,254.0,20.0,0.0,8.0,0.0,1.0,1.0,0.0,8.0,0.0,5.0,1.0,4.0,100.0,9.0,28488.0,101.0,0.0,0.0,0.0,0.0,18.0,0.0,0.0,4.2,5000.0,4990.0,4980.0,1.0,1.0,0.0,31.0,1665.0,0.0,255.0,850.0,268.0,0.0,0.0,1245716.0,3.008,3.0,50.0,
1788528221126,2026-09-04T17:23:41.126,0.0,4.0,0.0,1.0,779.0,14.200000000000001,58.0,2.67,2.67,2.67,2.67,1.0,1.0,766.0,1.0,0.0,449.0,83.5,7.5,-0.02592216,-0.02592216,37.0,0.999,0.0,16.0,16.0,-14.0,2.0,2.0,2.0,2.0,0.0,0.0,0.0,0.0,36.0,21.0,21.0,8.8,336.0,336.0,2.0,2.0,610.0,4360.0,0.0,0.0,0.0,1.0,19475.0,9.4,1.0,0.0,,,,,,,,,,,,,,-29.4375,1.3125,-0.4375,29.25,-29.4375,778.0,9.0,390.0,200.0,0.0,0.0,254.0,20.0,0.0,8.0,0.0,1.0,1.0,0.0,8.0,0.0,5.0,1.0,4.0,100.0,9.0,28488.0,101.0,0.0,0.0,0.0,0.0,18.0,0.0,0.0,4.2,5000.0,4990.0,4980.0,1.0,1.0,0.0,31.0,1568.0,0.0,255.0,850.0,271.0,0.0,0.0,1245716.0,3.008,3.0,50.0,
1788528221740,2026-09-04T17:23:41.740,0.0,4.0,0.0,1.0,776.0,14.3,58.0,2.82,2.82,2.82,2.82,1.0,1.0,678.0,0.0,0.0,444.0,83.5,7.5,-0.032148239999999995,-0.032148239999999995,37.0,0.999,0.0,15.0,15.0,-18.0,4.0,4.0,4.0,4.0,0.0,0.0,0.0,0.0,36.0,23.0,22.0,9.200000000000001,378.0,336.0,2.0,2.0,620.0,4370.0,0.0,0.0,0.0,1.0,19475.0,10.100000000000001,0.0,0.0,,,,,,,,,,,,,,-29.375,1.125,-0.125,29.1875,-29.375,778.0,9.0,390.0,200.0,0.0,0.0,254.0,20.0,0.0,8.0,0.0,1.0,1.0,0.0,8.0,0.0,5.0,1.0,4.0,100.0,10.0,28488.0,101.0,0.0,0.0,0.0,0.0,18.0,0.0,0.0,4.2,5000.0,4990.0,4990.0,1.0,1.0,0.0,31.0,1559.0,0.0,255.0,850.0,281.0,0.0,0.0,1245716.0,3.008,3.0,50.0,
1788528222207,2026-09-04T17:23:42.207,0.0,4.0,0.0,1.0,762.0,14.200000000000001,58.0,2.99,2.99,2.99,2.99,1.0,1.0,537.0,1.0,0.0,454.0,84.0,7.5,-0.03720693,-0.03720693,37.0,0.999,0.0,15.0,15.0,-23.0,-4.0,-4.0,-4.0,-4.0,0.0,0.0,0.0,0.0,36.0,24.0,23.0,9.9,399.0,357.0,3.0,3.0,630.0,4350.0,0.0,0.0,0.0,1.0,19475.0,10.8,0.0,0.0,,,,,,,,,,,,,,-29.5625,3.375,2.9375,29.375,-29.5625,778.0,9.0,390.0,200.0,0.0,0.0,254.0,20.0,0.0,8.0,0.0,1.0,1.0,0.0,8.0,0.0,5.0,1.0,4.0,100.0,8.0,28488.0,101.0,0.0,0.0,0.0,0.0,18.0,0.0,0.0,4.2,5000.0,4990.0,4980.0,1.0,1.0,0.0,31.0,1621.0,0.0,255.0,850.0,285.0,0.0,0.0,1245716.0,3.008,3.0,50.0,
1788528222728,2026-09-04T17:23:42.728,0.0,4.0,0.0,1.0,776.0,14.200000000000001,58.0,3.02,3.02,3.02,3.02,0.0,1.0,73.0,1.0,0.0,449.0,84.0,7.5,-0.017460489999999995,-0.017460489999999995,37.0,0.999,0.0,15.0,15.0,-23.0,-2.0,-2.0,-2.0,-2.0,0.0,0.0,0.0,0.0,36.0,22.0,23.0,9.600000000000001,357.0,357.0,2.0,3.0,620.0,4370.0,0.0,0.0,0.0,1.0,19475.0,9.9,1.0,0.0,,,,,,,,,,,,,,-29.5,1.125,0.5,29.3125,-29.5,778.0,9.0,390.0,200.0,0.0,0.0,254.0,20.0,0.0,8.0,0.0,1.0,0.0,0.0,8.0,0.0,5.0,1.0,4.0,0.0,7.0,28488.0,101.0,0.0,0.0,0.0,0.0,18.0,0.0,0.0,4.2,5000.0,4990.0,4980.0,1.0,1.0,0.0,31.0,1489.0,0.0,255.0,850.0,291.0,0.0,0.0,1245716.0,3.008,3.0,50.0,
1788528223252,2026-09-04T17:23:43.252,0.0,4.0,0.0,1.0,795.0,14.3,58.0,2.79,2.79,2.79,2.79,0.0,1.0,87.0,1.0,0.0,454.0,84.5,7.5,-0.012012670000000003,-0.012012670000000003,37.0,0.999,0.0,16.0,16.0,-18.0,-1.0,-1.0,-1.0,-1.0,0.0,0.0,0.0,0.0,35.0,21.0,22.0,9.200000000000001,336.0,336.0,2.0,2.0,620.0,4380.0,0.0,0.0,0.0,1.0,19475.0,9.600000000000001,1.0,0.0,,,,,,,,,,,,,,-29.3125,0.125,-0.5625,29.125,-29.3125,778.0,9.0,390.0,200.0,0.0,0.0,254.0,20.0,0.0,8.0,0.0,1.0,0.0,0.0,8.0,0.0,5.0,1.0,4.0,0.0,9.0,28488.0,101.0,0.0,0.0,0.0,0.0,18.0,0.0,0.0,4.2,5000.0,4990.0,4980.0,1.0,1.0,0.0,31.0,1556.0,0.0,255.0,850.0,304.0,0.0,0.0,1245716.0,3.008,3.0,50.0,
1788528223806,2026-09-04T17:23:43.806,0.0,4.0,0.0,1.0,775.0,14.200000000000001,58.0,2.72,2.72,2.72,2.72,0.0,1.0,107.0,1.0,0.0,454.0,85.5,27.0,-0.0069539799999999985,-0.0069539799999999985,37.0,0.999,0.0,16.0,16.0,-16.0,3.0,3.0,3.0,3.0,0.0,0.0,0.0,0.0,36.0,21.0,21.0,8.9,357.0,336.0,2.0,2.0,610.0,4370.0,0.0,0.0,0.0,1.0,19475.0,9.5,0.0,0.0,,,,,,,,,,,,,,-29.625,0.5625,0.5625,29.4375,-29.625,778.0,9.0,390.0,200.0,0.0,0.0,254.0,20.0,0.0,8.0,0.0,0.0,0.0,0.0,8.0,0.0,5.0,1.0,4.0,0.0,10.0,28488.0,101.0,0.0,0.0,0.0,0.0,18.0,0.0,0.0,4.2,5000.0,4990.0,4980.0,1.0,1.0,0.0,31.0,1522.0,0.0,255.0,850.0,322.0,0.0,0.0,1245716.0,3.008,3.0,50.0,
1788528224320,2026-09-04T17:23:44.320,0.0,4.0,0.0,1.0,796.0,14.200000000000001,58.0,2.68,2.68,2.68,2.68,0.0,1.0,102.0,1.0,0.0,449.0,84.5,95.5,-0.0011170300000000188,-0.0011170300000000188,37.0,0.999,0.0,16.0,16.0,-15.0,1.0,1.0,1.0,1.0,0.0,0.0,0.0,0.0,36.0,20.0,20.0,8.700000000000001,336.0,315.0,2.0,2.0,600.0,4380.0,0.0,0.0,0.0,1.0,19475.0,9.200000000000001,1.0,0.0,,,,,,,,,,,,,,-29.625,-2.0625,-2.125,29.4375,-29.625,778.0,9.0,390.0,200.0,0.0,0.0,254.0,20.0,0.0,8.0,0.0,0.0,0.0,0.0,8.0,0.0,5.0,1.0,4.0,0.0,10.0,28488.0,101.0,0.0,0.0,0.0,0.0,18.0,0.0,0.0,4.2,5000.0,4990.0,4980.0,1.0,1.0,0.0,31.0,1603.0,0.0,255.0,850.0,320.0,0.0,0.0,1245716.0,3.008,3.0,50.0,
1788528224811,2026-09-04T17:23:44.811,0.0,4.0,0.0,1.0,781.0,14.3,58.0,2.59,2.59,2.59,2.59,0.0,1.0,136.0,1.0,0.0,458.0,86.5,97.0,0.0039416600000000135,0.0039416600000000135,37.0,0.999,0.0,16.0,16.0,-12.0,3.0,3.0,3.0,3.0,0.0,0.0,0.0,0.0,35.0,20.0,20.0,8.4,336.0,315.0,2.0,2.0,610.0,4380.0,0.0,0.0,0.0,1.0,19475.0,9.200000000000001,1.0,0.0,,,,,,,,,,,,,,9.75,-0.4375,-0.4375,29.3125,9.75,778.0,9.0,690.0,330.0,9.200000000000001,8.1,254.0,20.0,0.0,8.0,0.0,0.0,1.0,0.0,8.0,0.0,5.0,1.0,4.0,100.0,11.0,28488.0,101.0,0.0,0.0,0.0,0.0,18.0,0.0,0.0,4.2,5000.0,4990.0,4990.0,1.0,1.0,0.0,31.0,1797.0,0.0,255.0,850.0,319.0,0.0,0.0,1245716.0,3.008,3.0,50.0,
1788528225318,2026-09-04T17:23:45.318,0.0,4.0,0.0,1.0,834.0,14.200000000000001,58.0,3.74,3.74,3.74,3.74,1.0,1.0,737.0,1.0,0.0,468.0,84.0,91.5,-0.016911129999999996,-0.016911129999999996,37.0,0.999,0.0,16.0,16.0,-30.0,-2.0,-2.0,-2.0,-2.0,0.0,0.0,0.0,0.0,36.0,17.0,24.0,11.8,294.0,378.0,2.0,2.0,620.0,4370.0,0.0,0.0,0.0,1.0,19475.0,9.5,0.0,0.0,,,,,,,,,,,,,,-28.875,-15.3125,-13.8125,28.6875,-28.875,778.0,9.0,560.0,260.0,4.800000000000001,3.7,254.0,20.0,0.0,8.0,0.0,0.0,1.0,0.0,8.0,0.0,5.0,2.0,4.0,100.0,10.0,28488.0,101.0,0.0,0.0,0.0,0.0,18.0,0.0,0.0,4.2,5000.0,4990.0,4980.0,1.0,1.0,0.0,31.0,1546.0,0.0,255.0,850.0,318.0,0.0,0.0,1245716.0,3.008,3.0,50.0,
1788528225834,2026-09-04T17:23:45.834,0.0,4.0,0.0,1.0,945.0,14.100000000000001,58.0,2.89,2.89,2.89,2.89,1.0,1.0,795.0,1.0,0.0,493.0,91.5,100.0,-0.035711450000000006,-0.035711450000000006,37.0,0.999,0.0,18.0,18.0,-24.0,15.0,15.0,15.0,15.0,0.0,0.0,0.0,0.0,36.0,29.0,24.0,13.700000000000001,441.0,378.0,5.0,5.0,710.0,4280.0,0.0,0.0,0.0,1.0,19475.0,16.5,0.0,0.0,,,,,,,,,,,,,,15.6875,10.4375,10.375,29.25,15.6875,778.0,10.0,750.0,350.0,10.5,9.200000000000001,254.0,20.0,0.0,8.0,0.0,0.0,1.0,0.0,8.0,0.0,5.0,2.0,4.0,100.0,10.0,28488.0,101.0,0.0,0.0,0.0,0.0,18.0,0.0,0.0,4.2,5000.0,4990.0,4970.0,1.0,1.0,0.0,31.0,2452.0,0.0,255.0,850.0,318.0,0.0,0.0,1245716.0,3.008,3.0,50.0,
1788528226372,2026-09-04T17:23:46.372,0.0,4.0,0.0,1.0,1273.0,14.3,58.0,3.75,3.75,3.75,3.75,1.0,1.0,791.0,1.0,0.0,527.0,85.5,92.5,-0.05088751999999999,-0.05088751999999999,37.0,0.999,0.0,20.0,20.0,-36.0,16.0,16.0,16.0,16.0,0.0,0.0,0.0,0.0,36.0,43.0,32.0,24.400000000000002,630.0,483.0,10.0,9.0,910.0,4070.0,0.0,0.0,0.0,1.0,19475.0,31.6,1.0,0.0,,,,,,,,,,,,,,51.875,39.4375,37.8125,26.3125,51.875,778.0,11.0,1210.0,580.0,24.400000000000002,22.900000000000002,254.0,20.0,0.0,8.0,0.0,0.0,1.0,0.0,8.0,0.0,5.0,2.0,4.0,100.0,10.0,28488.0,101.0,0.0,0.0,0.0,0.0,18.0,0.0,0.0,4.2,5000.0,4990.0,4980.0,1.0,1.0,0.0,31.0,2785.0,0.0,255.0,850.0,318.0,0.0,0.0,1245716.0,3.008,3.0,50.0,
1788528227090,2026-09-04T17:23:47.090,0.0,4.0,0.0,1.0,1600.0,14.3,58.0,9.36,9.36,9.36,9.36,0.0,1.0,87.0,1.0,0.0,483.0,85.5,92.0,-0.007335480000000005,-0.007335480000000005,37.0,0.999,0.0,19.0,19.0,-36.0,19.0,19.0,19.0,19.0,0.0,0.0,0.0,0.0,36.0,51.0,55.0,54.7,609.0,651.0,14.0,14.0,1090.0,3880.0,26.0,28.0,46.0,1.0,19475.0,52.7,1.0,0.0,,,,,,,,,,,,,,73.1875,66.8125,66.8125,22.5625,73.1875,778.0,13.0,1450.0,700.0,31.3,29.900000000000002,254.0,20.0,0.0,8.0,0.0,0.0,1.0,0.0,8.0,0.0,5.0,2.0,4.0,100.0,9.0,28488.0,101.0,0.0,0.0,0.0,0.0,18.0,0.0,0.0,4.2,5000.0,4990.0,4990.0,1.0,1.0,0.0,31.0,3781.0,0.0,255.0,850.0,317.0,0.0,0.0,1245716.0,3.008,3.0,50.0,
1788528227528,2026-09-04T17:23:47.528,0.0,4.0,0.0,1.0,2074.0,14.3,58.0,10.56,10.56,10.56,10.56,1.0,1.0,356.0,1.0,0.0,571.0,86.0,93.5,0.006383260000000002,0.006383260000000002,37.0,0.999,0.0,21.0,21.0,-36.0,15.0,15.0,15.0,15.0,0.0,0.0,0.0,0.0,36.0,61.0,64.0,72.60000000000001,714.0,735.0,21.0,21.0,1380.0,3590.0,37.0,38.0,36.0,1.0,19475.0,71.4,0.0,0.0,,,,,,,,,,,,,,82.0625,87.0,87.5625,20.25,82.0625,778.0,16.0,1500.0,720.0,33.0,31.400000000000002,254.0,20.0,0.0,8.0,0.0,0.0,1.0,0.0,8.0,0.0,5.0,2.0,4.0,100.0,10.0,28488.0,101.0,0.0,0.0,0.0,0.0,18.0,0.0,0.0,4.2,5000.0,4990.0,4980.0,1.0,1.0,0.0,31.0,4840.0,0.0,255.0,850.0,317.0,0.0,0.0,1245716.0,3.008,3.0,50.0,
1788528228047,2026-09-04T17:23:48.047,0.0,4.0,0.0,1.0,2013.0,14.3,58.0,10.07,10.07,10.07,10.07,1.0,1.0,737.0,1.0,0.0,620.0,83.0,92.0,0.03750602999999997,0.03750602999999997,37.0,0.999,0.0,20.0,19.0,-36.0,18.0,18.0,18.0,18.0,0.0,0.0,0.0,0.0,36.0,65.0,68.0,65.9,777.0,798.0,24.0,24.0,1500.0,3470.0,36.0,37.0,37.0,1.0,19475.0,65.5,0.0,0.0,,,,,,,,,,,,,,92.9375,95.5,95.25,20.9375,92.9375,777.0,19.0,1500.0,720.0,33.0,31.400000000000002,254.0,20.0,0.0,8.0,0.0,0.0,1.0,0.0,8.0,0.0,5.0,2.0,4.0,100.0,9.0,28488.0,101.0,0.0,0.0,0.0,0.0,18.0,0.0,0.0,4.2,5000.0,4990.0,4990.0,1.0,1.0,0.0,31.0,2593.0,0.0,255.0,850.0,317.0,0.0,0.0,1245716.0,3.008,3.0,50.0,
1788528228511,2026-09-04T17:23:48.511,0.0,4.0,0.0,1.0,1596.0,14.3,58.0,11.06,11.06,11.06,11.06,1.0,1.0,761.0,1.0,0.0,659.0,80.5,92.0,0.058648759999999966,0.058648759999999966,37.0,0.999,0.0,18.0,16.0,-36.0,16.0,16.0,16.0,16.0,0.0,0.0,0.0,0.0,36.0,68.0,70.0,64.9,798.0,819.0,26.0,26.0,1600.0,3380.0,36.0,37.0,36.0,1.0,19475.0,64.4,1.0,0.0,,,,,,,,,,,,,,93.5,98.0,98.0,21.4375,93.5,777.0,22.0,1500.0,720.0,33.0,31.400000000000002,254.0,20.0,0.0,8.0,0.0,0.0,1.0,0.0,8.0,0.0,5.0,2.0,4.0,100.0,8.0,28488.0,101.0,0.0,0.0,0.0,0.0,18.0,0.0,0.0,4.2,5000.0,4990.0,4980.0,1.0,1.0,0.0,31.0,3357.0,0.0,255.0,850.0,317.0,0.0,0.0,1245716.0,3.008,3.0,50.0,
1788528229011,2026-09-04T17:23:49.011,0.0,4.0,0.0,1.0,1842.0,14.3,58.0,10.88,10.88,10.88,10.88,0.0,1.0,102.0,1.0,0.0,634.0,78.0,92.0,0.08270614999999998,0.08270614999999998,37.0,0.999,0.0,19.0,19.0,-34.0,19.0,19.0,19.0,19.0,0.0,0.0,0.0,0.0,36.0,63.0,67.0,68.0,756.0,777.0,22.0,22.0,1430.0,3540.0,36.0,37.0,48.0,1.0,19475.0,66.3,1.0,0.0,,,,,,,,,,,,,,85.0625,89.9375,89.875,20.8125,85.0625,777.0,25.0,1460.0,700.0,31.900000000000002,30.5,254.0,20.0,0.0,8.0,0.0,0.0,0.0,0.0,8.0,0.0,5.0,2.0,4.0,0.0,8.0,28488.0,101.0,0.0,0.0,0.0,0.0,18.0,0.0,0.0,4.2,5000.0,4990.0,4990.0,1.0,1.0,0.0,31.0,4539.0,0.0,255.0,850.0,317.0,0.0,0.0,1245716.0,3.008,3.0,50.0,
1788528229515,2026-09-04T17:23:49.515,0.0,4.0,0.0,1.0,2038.0,14.3,58.0,8.700000000000001,8.700000000000001,8.700000000000001,8.700000000000001,0.0,1.0,78.0,1.0,0.0,654.0,76.5,92.0,0.08105806999999998,0.08105806999999998,37.0,0.999,0.0,21.0,21.0,-36.0,11.0,11.0,11.0,11.0,0.0,0.0,0.0,0.0,36.0,56.0,59.0,67.4,672.0,693.0,17.0,18.0,1250.0,3720.0,37.0,37.0,41.0,1.0,19475.0,65.4,0.0,0.0,,,,,,,,,,,,,,66.8125,82.375,77.625,19.875,66.8125,776.0,27.0,1370.0,660.0,29.1,27.900000000000002,254.0,20.0,0.0,8.0,0.0,0.0,0.0,0.0,8.0,0.0,5.0,2.0,4.0,0.0,9.0,28488.0,101.0,0.0,0.0,0.0,0.0,18.0,0.0,0.0,4.2,5000.0,4990.0,4980.0,1.0,1.0,0.0,31.0,5000.0,0.0,255.0,850.0,317.0,0.0,0.0,1245716.0,3.008,3.0,50.0,
1788528229993,2026-09-04T17:23:49.993,0.0,4.0,0.0,1.0,2211.0,14.3,59.0,7.13,7.13,7.13,7.13,1.0,1.0,732.0,1.0,0.0,717.0,75.0,92.0,0.08314105999999999,0.08314105999999999,37.0,0.999,0.0,22.0,22.0,-36.0,13.0,13.0,13.0,13.0,0.0,0.0,0.0,0.0,36.0,44.0,48.0,58.300000000000004,525.0,567.0,13.0,13.0,1050.0,3920.0,16.0,21.0,24.0,1.0,19475.0,55.0,0.0,0.0,,,,,,,,,,,,,,50.625,60.3125,54.9375,20.6875,50.625,776.0,29.0,1280.0,620.0,26.400000000000002,25.0,254.0,20.0,0.0,8.0,0.0,0.0,0.0,0.0,8.0,0.0,5.0,2.0,4.0,0.0,9.0,28488.0,101.0,0.0,0.0,0.0,0.0,18.0,0.0,0.0,4.2,5000.0,4990.0,4980.0,1.0,1.0,0.0,31.0,3693.0,0.0,255.0,850.0,317.0,0.0,0.0,1245716.0,3.008,3.0,50.0,
1788528230488,2026-09-04T17:23:50.488,0.0,4.0,0.0,1.0,2315.0,14.200000000000001,59.0,4.91,4.91,4.91,4.91,0.0,1.0,58.0,1.0,0.0,581.0,69.5,88.0,0.08246198999999999,0.08246198999999999,37.0,0.999,0.0,26.0,26.0,-36.0,23.0,23.0,23.0,23.0,0.0,0.0,0.0,0.0,35.0,37.0,38.0,47.7,504.0,504.0,12.0,12.0,1000.0,3980.0,0.0,0.0,0.0,1.0,19475.0,47.800000000000004,1.0,0.0,,,,,,,,,,,,,,41.3125,42.1875,42.75,20.75,41.3125,775.0,30.0,1230.0,590.0,25.0,23.5,254.0,20.0,0.0,8.0,0.0,0.0,0.0,0.0,8.0,0.0,5.0,2.0,4.0,0.0,10.0,28488.0,101.0,0.0,0.0,0.0,0.0,18.0,0.0,0.0,4.2,5000.0,4990.0,4980.0,1.0,1.0,0.0,31.0,3537.0,0.0,255.0,850.0,317.0,0.0,0.0,1245716.0,3.008,3.0,50.0,
1788528230953,2026-09-04T17:23:50.953,0.0,4.0,0.0,1.0,2377.0,14.3,59.0,4.89,4.89,4.89,4.89,1.0,1.0,595.0,1.0,0.0,634.0,72.5,92.5,0.14194546999999996,0.14194546999999996,37.0,0.999,0.0,27.0,27.0,-34.0,27.0,27.0,27.0,27.0,0.0,0.0,0.0,0.0,35.0,35.0,36.0,47.0,483.0,483.0,12.0,12.0,1000.0,3970.0,0.0,0.0,0.0,1.0,19475.0,47.800000000000004,1.0,0.0,,,,,,,,,,,,,,39.3125,40.375,40.375,20.625,39.3125,775.0,31.0,1190.0,570.0,23.900000000000002,22.6,254.0,20.0,0.0,8.0,0.0,0.0,0.0,0.0,8.0,0.0,5.0,2.0,4.0,0.0,10.0,28488.0,101.0,0.0,0.0,0.0,0.0,19.0,0.0,0.0,4.2,5000.0,4990.0,4980.0,1.0,1.0,0.0,31.0,4440.0,0.0,255.0,850.0,317.0,0.0,0.0,1245716.0,3.008,3.0,50.0,
1788528231453,2026-09-04T17:23:51.453,0.0,4.0,0.0,1.0,2431.0,14.3,59.0,3.73,3.73,3.73,3.73,1.0,1.0,761.0,1.0,0.0,756.0,72.0,92.5,0.06250953999999997,0.06250953999999997,38.0,0.999,0.0,29.0,29.0,-28.0,20.0,20.0,20.0,20.0,0.0,0.0,0.0,0.0,35.0,25.0,29.0,38.1,357.0,399.0,9.0,9.0,910.0,4060.0,0.0,0.0,0.0,1.0,19475.0,35.5,0.0,0.0,,,,,,,,,,,,,,20.125,24.0625,24.3125,21.5625,20.125,775.0,32.0,1040.0,500.0,19.3,18.0,254.0,20.0,0.0,8.0,0.0,0.0,0.0,0.0,8.0,0.0,5.0,2.0,4.0,0.0,9.0,28488.0,101.0,0.0,0.0,0.0,0.0,19.0,0.0,0.0,4.2,5000.0,4990.0,4990.0,1.0,1.0,0.0,31.0,4313.0,0.0,255.0,850.0,317.0,0.0,0.0,1245716.0,3.008,3.0,50.0,
1788528232126,2026-09-04T17:23:52.126,0.0,4.0,0.0,1.0,2498.0,14.3,59.0,2.57,2.57,2.57,2.57,0.0,1.0,83.0,1.0,0.0,468.0,71.0,92.0,0.08394984,0.08394984,38.0,0.999,0.0,31.0,31.0,-24.0,31.0,31.0,31.0,31.0,0.0,0.0,0.0,0.0,35.0,20.0,22.0,29.1,294.0,315.0,8.0,8.0,830.0,4140.0,0.0,0.0,0.0,1.0,19475.0,29.0,0.0,0.0,,,,,,,,,,,,,,9.875,13.0,13.0,22.0625,9.875,775.0,32.0,930.0,440.0,15.9,14.8,254.0,20.0,0.0,8.0,0.0,0.0,0.0,0.0,8.0,0.0,5.0,2.0,4.0,0.0,7.0,28488.0,101.0,0.0,0.0,0.0,0.0,19.0,0.0,0.0,4.2,5000.0,4990.0,4980.0,1.0,1.0,0.0,31.0,4332.0,0.0,255.0,850.0,311.0,0.0,0.0,1245716.0,3.008,3.0,50.0,
1788528232608,2026-09-04T17:23:52.608,0.0,4.0,0.0,1.0,2456.0,14.3,60.0,2.19,2.19,2.19,2.19,1.0,1.0,766.0,1.0,0.0,737.0,71.5,92.0,0.09149591000000001,0.09149591000000001,38.0,0.999,0.0,35.0,35.0,-4.0,35.0,35.0,35.0,35.0,0.0,0.0,0.0,0.0,35.0,15.0,18.0,24.400000000000002,231.0,252.0,6.0,6.0,790.0,4180.0,0.0,0.0,0.0,1.0,19475.0,22.6,1.0,0.0,,,,,,,,,,,,,,-2.6875,3.25,2.6875,22.3125,-2.6875,774.0,32.0,670.0,320.0,8.3,7.2,254.0,20.0,0.0,8.0,0.0,0.0,0.0,0.0,8.0,0.0,5.0,2.0,4.0,0.0,8.0,28488.0,101.0,0.0,0.0,0.0,0.0,19.0,0.0,0.0,4.2,5000.0,4990.0,4980.0,1.0,1.0,0.0,31.0,4538.0,0.0,255.0,850.0,282.0,0.0,0.0,1245716.0,3.008,3.0,50.0,
1788528233170,2026-09-04T17:23:53.170,0.0,4.0,0.0,1.0,2446.0,14.3,60.0,1.75,1.75,1.75,1.75,0.0,1.0,117.0,1.0,0.0,732.0,71.0,91.5,0.04853138000000001,0.04853138000000001,38.0,0.999,0.0,40.0,40.0,-17.0,22.0,22.0,22.0,22.0,0.0,0.0,0.0,0.0,35.0,14.0,15.0,20.5,210.0,231.0,6.0,6.0,750.0,4230.0,0.0,0.0,0.0,1.0,19475.0,20.200000000000003,1.0,0.0,,,,,,,,,,,,,,-10.4375,-5.4375,-6.75,22.3125,-10.4375,773.0,31.0,640.0,300.0,7.5,6.300000000000001,254.0,20.0,0.0,8.0,0.0,0.0,0.0,0.0,8.0,0.0,5.0,2.0,4.0,0.0,11.0,28488.0,101.0,0.0,0.0,0.0,0.0,19.0,0.0,0.0,4.2,5000.0,4990.0,4980.0,1.0,1.0,0.0,31.0,5000.0,0.0,255.0,850.0,257.0,0.0,0.0,1245716.0,3.008,3.0,50.0,
1788528233688,2026-09-04T17:23:53.688,0.0,4.0,0.0,1.0,2426.0,14.200000000000001,60.0,1.97,1.97,1.97,1.97,0.0,1.0,117.0,0.0,0.0,258.0,70.5,91.5,0.12048990999999998,0.12048990999999998,38.0,0.999,3.0,42.0,42.0,-16.0,15.0,15.0,15.0,15.0,0.0,0.0,0.0,0.0,35.0,14.0,15.0,19.900000000000002,210.0,210.0,5.0,5.0,750.0,4230.0,0.0,0.0,0.0,1.0,19475.0,20.1,0.0,0.0,,,,,,,,,,,,,,-8.0,-7.125,-6.9375,22.5,-8.0,773.0,31.0,710.0,330.0,9.200000000000001,8.1,254.0,20.0,0.0,8.0,0.0,0.0,0.0,0.0,8.0,0.0,5.0,2.0,4.0,0.0,11.0,28488.0,101.0,0.0,0.0,0.0,0.0,19.0,0.0,0.0,4.2,5000.0,4990.0,4980.0,1.0,1.0,0.0,31.0,4092.0,0.0,255.0,850.0,241.0,0.0,0.0,1245716.0,3.008,3.0,50.0,
1788528234192,2026-09-04T17:23:54.192,0.0,4.0,0.0,1.0,2386.0,14.3,60.0,2.0,2.0,2.0,2.0,1.0,1.0,756.0,1.0,0.0,751.0,71.0,93.5,0.06705701999999997,0.06705701999999997,38.0,0.999,4.0,41.0,41.0,1.0,21.0,21.0,21.0,21.0,0.0,0.0,0.0,0.0,35.0,14.0,15.0,19.700000000000003,210.0,231.0,5.0,5.0,750.0,4230.0,0.0,0.0,0.0,1.0,19475.0,19.700000000000003,0.0,0.0,,,,,,,,,,,,,,-3.3125,-3.3125,-3.625,23.875,-3.3125,773.0,30.0,740.0,350.0,10.4,9.200000000000001,254.0,20.0,0.0,8.0,0.0,0.0,0.0,0.0,8.0,0.0,5.0,2.0,4.0,0.0,11.0,28488.0,101.0,0.0,0.0,0.0,0.0,19.0,0.0,0.0,4.2,5000.0,4990.0,4980.0,1.0,1.0,0.0,31.0,3226.0,0.0,255.0,850.0,235.0,0.0,0.0,1245716.0,3.008,3.0,50.0,
1788528234695,2026-09-04T17:23:54.695,0.0,4.0,0.0,1.0,2343.0,14.200000000000001,60.0,1.98,1.98,1.98,1.98,1.0,1.0,791.0,1.0,0.0,771.0,69.5,92.0,0.022421519999999973,0.022421519999999973,38.0,0.999,5.0,42.0,42.0,4.0,25.0,25.0,25.0,25.0,0.0,0.0,0.0,0.0,35.0,14.0,15.0,19.200000000000003,210.0,210.0,5.0,5.0,740.0,4240.0,0.0,0.0,0.0,1.0,19475.0,19.400000000000002,1.0,0.0,,,,,,,,,,,,,,-2.375,-2.375,-2.8125,24.4375,-2.375,773.0,30.0,770.0,360.0,11.100000000000001,9.8,254.0,20.0,0.0,8.0,0.0,0.0,0.0,0.0,8.0,0.0,5.0,2.0,4.0,0.0,10.0,28488.0,101.0,0.0,0.0,0.0,0.0,19.0,0.0,0.0,4.2,5000.0,4990.0,4980.0,1.0,1.0,0.0,31.0,3648.0,0.0,255.0,850.0,231.0,0.0,0.0,1245716.0,3.008,3.0,50.0,
1788528235152,2026-09-04T17:23:55.152,0.0,4.0,0.0,1.0,2311.0,14.200000000000001,60.0,1.85,1.85,1.85,1.85,1.0,1.0,654.0,1.0,0.0,761.0,69.5,92.5,-0.02285490000000001,-0.02285490000000001,38.0,0.999,7.0,42.0,42.0,4.0,35.0,35.0,35.0,35.0,0.0,0.0,0.0,0.0,35.0,15.0,15.0,18.8,231.0,210.0,6.0,5.0,740.0,4250.0,0.0,0.0,0.0,1.0,19475.0,20.200000000000003,1.0,0.0,,,,,,,,,,,,,,2.125,0.4375,0.0,24.0625,2.125,773.0,29.0,850.0,410.0,13.600000000000001,12.5,254.0,20.0,0.0,8.0,0.0,0.0,0.0,0.0,8.0,0.0,5.0,2.0,4.0,0.0,10.0,28488.0,101.0,0.0,0.0,0.0,0.0,19.0,0.0,0.0,4.2,5000.0,4990.0,4980.0,1.0,1.0,0.0,31.0,3093.0,0.0,255.0,850.0,230.0,0.0,0.0,1245716.0,3.008,3.0,50.0,
1788528235647,2026-09-04T17:23:55.647,0.0,4.0,0.0,1.0,2288.0,14.3,60.0,2.27,2.27,2.27,2.27,0.0,1.0,97.0,0.0,0.0,229.0,69.0,91.5,0.024809709999999985,0.024809709999999985,38.0,0.999,8.0,35.0,35.0,-4.0,32.0,32.0,32.0,32.0,0.0,0.0,0.0,0.0,35.0,21.0,19.0,24.6,294.0,273.0,7.0,7.0,820.0,4160.0,0.0,0.0,0.0,1.0,19475.0,27.5,0.0,0.0,,,,,,,,,,,,,,15.9375,10.6875,10.6875,22.3125,15.9375,773.0,29.0,1020.0,490.0,18.7,17.400000000000002,254.0,20.0,0.0,8.0,0.0,0.0,0.0,0.0,8.0,0.0,5.0,2.0,4.0,0.0,9.0,28488.0,101.0,0.0,0.0,0.0,0.0,19.0,0.0,0.0,4.2,5000.0,4990.0,4960.0,1.0,1.0,0.0,31.0,4462.0,0.0,255.0,850.0,231.0,0.0,0.0,1245716.0,3.008,3.0,50.0,
1788528236170,2026-09-04T17:23:56.170,0.0,4.0,0.0,1.0,2306.0,14.3,60.0,3.5100000000000002,3.5100000000000002,3.5100000000000002,3.5100000000000002,1.0,1.0,825.0,1.0,0.0,781.0,69.0,91.5,0.005772859999999991,0.005772859999999991,38.0,0.999,10.0,30.0,30.0,-34.0,30.0,30.0,30.0,30.0,0.0,0.0,0.0,0.0,35.0,30.0,28.0,34.9,420.0,378.0,9.0,10.0,920.0,4060.0,0.0,0.0,0.0,1.0,19475.0,38.6,0.0,0.0,,,,,,,,,,,,,,28.1875,26.8125,26.75,21.75,28.1875,772.0,30.0,1140.0,550.0,22.200000000000003,20.8,254.0,20.0,0.0,8.0,0.0,0.0,0.0,0.0,8.0,0.0,5.0,2.0,4.0,0.0,10.0,28488.0,101.0,0.0,0.0,0.0,0.0,19.0,0.0,0.0,4.2,5000.0,4990.0,4990.0,1.0,1.0,0.0,31.0,3765.0,0.0,255.0,850.0,232.0,0.0,0.0,1245716.0,3.008,3.0,50.0,
1788528236668,2026-09-04T17:23:56.668,0.0,4.0,0.0,1.0,2302.0,14.3,60.0,3.96,3.96,3.96,3.96,0.0,1.0,185.0,1.0,0.0,688.0,69.5,92.0,-0.023434780000000016,-0.023434780000000016,37.0,0.999,12.0,28.0,28.0,-30.0,25.0,25.0,25.0,25.0,0.0,0.0,0.0,0.0,35.0,31.0,30.0,38.6,441.0,420.0,10.0,10.0,930.0,4050.0,0.0,0.0,0.0,1.0,19475.0,40.2,1.0,0.0,,,,,,,,,,,,,,29.9375,29.5,29.625,22.1875,29.9375,772.0,30.0,1150.0,550.0,22.5,21.1,254.0,20.0,0.0,8.0,0.0,0.0,0.0,0.0,8.0,0.0,5.0,2.0,4.0,0.0,11.0,28488.0,101.0,0.0,0.0,0.0,0.0,19.0,0.0,0.0,4.2,5000.0,4990.0,4980.0,1.0,1.0,0.0,31.0,3665.0,0.0,255.0,850.0,233.0,0.0,0.0,1245716.0,3.008,3.0,50.0,
1788528237280,2026-09-04T17:23:57.280,0.0,4.0,0.0,1.0,2339.0,14.3,60.0,4.09,4.09,4.09,4.09,1.0,1.0,732.0,1.0,0.0,708.0,69.0,91.0,0.015279839999999989,0.015279839999999989,37.0,0.999,14.0,28.0,28.0,-30.0,28.0,28.0,28.0,28.0,0.0,0.0,0.0,0.0,35.0,30.0,30.0,38.1,420.0,420.0,10.0,10.0,920.0,4060.0,0.0,0.0,0.0,1.0,19475.0,39.2,1.0,0.0,,,,,,,,,,,,,,29.25,29.125,29.0625,21.3125,29.25,772.0,30.0,1150.0,550.0,22.6,21.1,254.0,20.0,0.0,8.0,0.0,0.0,0.0,0.0,8.0,0.0,5.0,2.0,4.0,0.0,12.0,28488.0,101.0,0.0,0.0,0.0,0.0,19.0,0.0,0.0,4.2,5000.0,4990.0,4980.0,1.0,1.0,0.0,31.0,4293.0,0.0,255.0,850.0,234.0,0.0,0.0,1245716.0,3.008,3.0,50.0,
1788528237793,2026-09-04T17:23:57.793,0.0,4.0,0.0,1.0,2367.0,14.3,61.0,3.94,3.94,3.94,3.94,1.0,1.0,737.0,1.0,0.0,639.0,69.5,91.0,0.040977680000000016,0.040977680000000016,36.0,0.999,15.0,29.0,29.0,-29.0,29.0,29.0,29.0,29.0,0.0,0.0,0.0,0.0,35.0,30.0,29.0,38.2,420.0,399.0,10.0,10.0,920.0,4060.0,0.0,0.0,0.0,1.0,19475.0,39.6,0.0,0.0,,,,,,,,,,,,,,30.0,28.5,28.5625,21.375,30.0,771.0,31.0,1160.0,560.0,22.900000000000002,21.400000000000002,254.0,20.0,0.0,8.0,0.0,0.0,0.0,0.0,8.0,0.0,5.0,2.0,4.0,0.0,12.0,28488.0,101.0,0.0,0.0,0.0,0.0,19.0,0.0,0.0,4.2,5000.0,4990.0,4980.0,1.0,1.0,0.0,31.0,3053.0,0.0,255.0,850.0,234.0,0.0,0.0,1245716.0,3.008,3.0,50.0,
1788528238293,2026-09-04T17:23:58.293,0.0,4.0,0.0,1.0,2362.0,14.3,61.0,3.88,3.88,3.88,3.88,1.0,1.0,766.0,1.0,0.0,737.0,70.0,91.5,0.03125706,0.03125706,36.0,0.999,17.0,28.0,28.0,-30.0,28.0,28.0,28.0,28.0,0.0,0.0,0.0,0.0,35.0,31.0,30.0,39.2,441.0,420.0,10.0,10.0,930.0,4030.0,0.0,0.0,0.0,1.0,19475.0,41.300000000000004,0.0,0.0,,,,,,,,,,,,,,38.4375,31.875,31.8125,21.1875,38.4375,771.0,31.0,1290.0,620.0,26.700000000000003,25.200000000000003,254.0,20.0,0.0,8.0,0.0,0.0,0.0,0.0,8.0,0.0,5.0,2.0,4.0,0.0,12.0,28488.0,101.0,0.0,0.0,0.0,0.0,19.0,0.0,0.0,4.2,5000.0,4990.0,4980.0,1.0,1.0,0.0,31.0,3295.0,0.0,255.0,850.0,234.0,0.0,0.0,1245716.0,3.008,3.0,50.0,
1788528238810,2026-09-04T17:23:58.810,0.0,4.0,0.0,1.0,2396.0,14.3,61.0,5.04,5.04,5.04,5.04,0.0,1.0,97.0,1.0,0.0,673.0,70.5,91.5,-0.023297440000000003,-0.023297440000000003,35.0,0.999,22.0,27.0,27.0,-36.0,27.0,27.0,27.0,27.0,0.0,0.0,0.0,0.0,35.0,45.0,42.0,56.5,609.0,567.0,15.0,15.0,1140.0,3830.0,2.0,0.0,0.0,1.0,19475.0,59.800000000000004,1.0,0.0,,,,,,,,,,,,,,56.8125,57.75,59.625,20.625,56.8125,770.0,31.0,1400.0,670.0,29.900000000000002,28.5,254.0,20.0,0.0,8.0,0.0,0.0,0.0,0.0,8.0,0.0,5.0,2.0,4.0,0.0,12.0,28488.0,101.0,0.0,0.0,0.0,0.0,19.0,0.0,0.0,4.2,5000.0,4990.0,4980.0,1.0,1.0,0.0,31.0,5000.0,0.0,255.0,850.0,234.0,0.0,0.0,1245716.0,3.008,3.0,50.0,
1788528239329,2026-09-04T17:23:59.329,0.0,4.0,0.0,1.0,2482.0,14.200000000000001,61.0,6.0,6.0,6.0,6.0,1.0,1.0,747.0,1.0,0.0,737.0,69.5,90.5,-0.044676700000000014,-0.044676700000000014,35.0,0.999,30.0,23.0,23.0,-36.0,13.0,13.0,13.0,13.0,0.0,0.0,0.0,0.0,35.0,50.0,50.0,68.60000000000001,588.0,588.0,16.0,16.0,1170.0,3800.0,20.0,23.0,29.0,1.0,19475.0,69.0,0.0,0.0,,,,,,,,,,,,,,66.375,66.625,65.0,20.4375,66.375,770.0,33.0,1490.0,720.0,32.7,31.1,254.0,20.0,0.0,8.0,0.0,0.0,0.0,0.0,8.0,0.0,5.0,2.0,4.0,0.0,9.0,28488.0,101.0,0.0,0.0,0.0,0.0,19.0,0.0,0.0,4.2,5000.0,4990.0,4990.0,1.0,1.0,0.0,31.0,5000.0,0.0,255.0,850.0,234.0,0.0,0.0,1245716.0,3.008,3.0,50.0,
1788528239815,2026-09-04T17:23:59.815,0.0,4.0,0.0,1.0,2604.0,14.200000000000001,61.0,6.88,6.88,6.88,6.88,0.0,1.0,185.0,1.0,0.0,664.0,69.5,91.5,-0.08279618,-0.08279618,34.0,0.999,41.0,23.0,23.0,-35.0,23.0,23.0,23.0,23.0,0.0,0.0,0.0,0.0,36.0,59.0,59.0,86.7,693.0,693.0,22.0,22.0,1430.0,3550.0,39.0,41.0,45.0,1.0,19475.0,86.2,0.0,0.0,,,,,,,,,,,,,,82.3125,84.9375,84.9375,19.8125,82.3125,770.0,34.0,1580.0,770.0,35.4,34.0,254.0,20.0,0.0,8.0,0.0,0.0,0.0,0.0,8.0,0.0,5.0,2.0,4.0,0.0,7.0,28488.0,101.0,0.0,0.0,0.0,0.0,19.0,0.0,0.0,4.2,5000.0,4990.0,4970.0,1.0,1.0,0.0,31.0,5000.0,0.0,255.0,850.0,234.0,0.0,0.0,1245716.0,3.008,3.0,50.0,
1788528240286,2026-09-04T17:24:00.286,0.0,4.0,0.0,1.0,2731.0,14.3,61.0,7.9,7.9,7.9,7.9,1.0,1.0,688.0,1.0,0.0,581.0,68.5,91.0,-0.01679668000000001,-0.01679668000000001,34.0,0.999,58.0,24.0,22.0,-28.0,22.0,22.0,22.0,22.0,0.0,0.0,0.0,0.0,36.0,59.0,61.0,92.10000000000001,693.0,693.0,22.0,22.0,1450.0,3510.0,38.0,40.0,40.0,1.0,19475.0,90.4,0.0,0.0,,,,,,,,,,,,,,85.0,86.125,86.125,20.0625,85.0,770.0,36.0,1620.0,790.0,36.6,35.2,254.0,20.0,0.0,8.0,0.0,0.0,0.0,0.0,8.0,0.0,5.0,2.0,4.0,0.0,6.0,28488.0,101.0,0.0,0.0,0.0,0.0,19.0,0.0,0.0,4.2,5000.0,4990.0,4990.0,1.0,1.0,0.0,31.0,5000.0,0.0,255.0,850.0,235.0,0.0,0.0,1245716.0,3.008,3.0,50.0,
1788528240775,2026-09-04T17:24:00.775,0.0,4.0,0.0,1.0,2851.0,14.3,61.0,8.120000000000001,8.120000000000001,8.120000000000001,8.120000000000001,1.0,1.0,673.0,1.0,0.0,546.0,68.5,91.5,0.013837769999999971,0.013837769999999971,35.0,0.999,68.0,23.0,23.0,-22.0,23.0,23.0,23.0,23.0,0.0,0.0,0.0,0.0,35.0,60.0,62.0,97.5,693.0,693.0,23.0,23.0,1470.0,3490.0,38.0,39.0,35.0,1.0,19475.0,95.80000000000001,1.0,0.0,,,,,,,,,,,,,,83.3125,87.1875,87.9375,20.375,83.3125,770.0,38.0,1650.0,800.0,37.4,35.800000000000004,254.0,20.0,0.0,8.0,0.0,0.0,0.0,0.0,8.0,0.0,5.0,2.0,4.0,0.0,7.0,28488.0,101.0,0.0,0.0,0.0,0.0,19.0,0.0,0.0,4.2,5000.0,4990.0,4980.0,1.0,1.0,0.0,31.0,5000.0,0.0,255.0,850.0,235.0,0.0,0.0,1245716.0,3.008,3.0,50.0,
1788528241292,2026-09-04T17:24:01.292,0.0,4.0,0.0,1.0,3012.0,14.3,61.0,8.17,8.17,8.17,8.17,1.0,1.0,659.0,1.0,0.0,620.0,67.0,91.0,0.006818170000000012,0.006818170000000012,35.0,0.999,74.0,23.0,23.0,-17.0,23.0,23.0,23.0,23.0,0.0,0.0,0.0,0.0,35.0,62.0,63.0,104.0,693.0,714.0,25.0,24.0,1520.0,3450.0,36.0,37.0,39.0,1.0,19475.0,103.2,1.0,0.0,,,,,,,,,,,,,,89.875,89.5625,89.6875,20.9375,89.875,769.0,40.0,1740.0,840.0,40.2,38.7,254.0,20.0,0.0,8.0,0.0,0.0,0.0,0.0,8.0,0.0,5.0,2.0,4.0,0.0,9.0,28488.0,101.0,0.0,0.0,0.0,0.0,19.0,0.0,0.0,4.2,5000.0,4990.0,4990.0,1.0,1.0,0.0,31.0,5000.0,0.0,255.0,850.0,235.0,0.0,0.0,1245716.0,3.008,3.0,50.0,
1788528241754,2026-09-04T17:24:01.754,0.0,4.0,0.0,1.0,3175.0,14.3,61.0,8.64,8.64,8.64,8.64,1.0,1.0,737.0,1.0,0.0,673.0,66.5,90.5,-0.029157280000000008,-0.029157280000000008,36.0,0.999,99.0,23.0,23.0,-12.0,23.0,23.0,23.0,23.0,0.0,0.0,0.0,0.0,35.0,66.0,67.0,117.7,735.0,756.0,28.0,29.0,1710.0,3260.0,36.0,37.0,40.0,1.0,19475.0,115.0,0.0,0.0,,,,,,,,,,,,,,94.1875,97.5,97.5,21.75,94.1875,769.0,42.0,1760.0,850.0,40.800000000000004,39.0,254.0,20.0,0.0,8.0,0.0,0.0,0.0,0.0,8.0,0.0,5.0,2.0,4.0,0.0,9.0,28488.0,101.0,0.0,0.0,0.0,0.0,19.0,0.0,0.0,4.2,5000.0,4990.0,4990.0,1.0,1.0,0.0,31.0,5000.0,0.0,255.0,850.0,235.0,0.0,0.0,1245716.0,3.008,3.0,50.0,
1788528242380,2026-09-04T17:24:02.380,0.0,4.0,0.0,1.0,3357.0,14.3,61.0,7.88,7.88,7.88,7.88,0.0,1.0,83.0,0.0,0.0,312.0,64.0,90.5,-0.03377342999999999,-0.03377342999999999,36.0,0.999,99.0,24.0,24.0,-9.0,24.0,24.0,24.0,24.0,0.0,0.0,0.0,0.0,35.0,63.0,65.0,119.30000000000001,714.0,714.0,27.0,27.0,1640.0,3330.0,37.0,37.0,43.0,1.0,19475.0,117.10000000000001,1.0,0.0,,,,,,,,,,,,,,83.1875,87.8125,87.5,23.0,83.1875,768.0,44.0,1660.0,800.0,37.9,36.4,254.0,20.0,0.0,8.0,0.0,0.0,0.0,0.0,8.0,0.0,5.0,2.0,4.0,0.0,9.0,28488.0,101.0,0.0,0.0,0.0,0.0,19.0,0.0,0.0,4.2,5000.0,4990.0,4980.0,1.0,1.0,0.0,31.0,5000.0,0.0,255.0,850.0,235.0,0.0,0.0,1245716.0,3.008,3.0,50.0,
1788528242870,2026-09-04T17:24:02.870,0.0,4.0,0.0,1.0,3477.0,14.3,62.0,4.8,4.8,4.8,4.8,1.0,1.0,834.0,1.0,0.0,756.0,62.0,89.5,-0.05079596,-0.05079596,37.0,0.999,65.0,25.0,25.0,-36.0,8.0,8.0,8.0,8.0,0.0,0.0,0.0,0.0,35.0,31.0,34.0,62.5,420.0,441.0,13.0,13.0,1060.0,3910.0,0.0,1.0,0.0,1.0,19475.0,59.7,1.0,0.0,,,,,,,,,,,,,,24.6875,30.375,31.8125,23.5625,24.6875,768.0,45.0,1250.0,600.0,25.6,24.400000000000002,254.0,20.0,0.0,8.0,0.0,0.0,0.0,0.0,8.0,0.0,5.0,2.0,4.0,0.0,9.0,28488.0,101.0,0.0,0.0,0.0,0.0,20.0,0.0,0.0,4.2,5000.0,4990.0,4980.0,1.0,1.0,0.0,31.0,5000.0,0.0,255.0,850.0,235.0,0.0,0.0,1245716.0,3.008,3.0,50.0,
1788528243371,2026-09-04T17:24:03.371,0.0,4.0,0.0,1.0,3498.0,14.3,62.0,1.85,1.85,1.85,1.85,1.0,1.0,820.0,1.0,0.0,786.0,48.5,90.0,-0.13619855,-0.13619855,37.0,0.999,31.0,32.0,32.0,-22.0,21.0,21.0,21.0,21.0,0.0,0.0,0.0,0.0,35.0,19.0,20.0,38.400000000000006,273.0,294.0,9.0,9.0,900.0,4080.0,0.0,0.0,0.0,1.0,19475.0,36.5,0.0,0.0,,,,,,,,,,,,,,8.625,11.5,11.4375,23.8125,8.625,767.0,45.0,1110.0,530.0,21.400000000000002,20.3,254.0,20.0,0.0,8.0,0.0,0.0,0.0,0.0,8.0,0.0,5.0,2.0,4.0,0.0,9.0,28488.0,101.0,0.0,0.0,0.0,0.0,20.0,0.0,0.0,4.2,5000.0,4990.0,4970.0,1.0,1.0,0.0,31.0,5000.0,0.0,255.0,850.0,235.0,0.0,0.0,1245716.0,3.008,3.0,50.0,
1788528243873,2026-09-04T17:24:03.873,0.0,4.0,0.0,1.0,3446.0,14.3,62.0,1.46,1.46,1.46,1.46,0.0,1.0,78.0,0.0,0.0,185.0,41.0,89.5,-0.1230368,-0.1230368,38.0,0.999,23.0,36.0,36.0,-2.0,25.0,25.0,25.0,25.0,0.0,0.0,0.0,0.0,35.0,15.0,16.0,30.900000000000002,231.0,231.0,8.0,8.0,840.0,4130.0,0.0,0.0,0.0,1.0,19475.0,29.1,0.0,0.0,,,,,,,,,,,,,,0.5,-0.5,-1.6875,23.875,0.5,767.0,45.0,920.0,440.0,16.2,15.100000000000001,254.0,20.0,0.0,8.0,0.0,0.0,0.0,0.0,8.0,0.0,5.0,2.0,4.0,0.0,9.0,28488.0,101.0,0.0,0.0,0.0,0.0,20.0,0.0,0.0,4.2,5000.0,4990.0,4990.0,1.0,1.0,0.0,31.0,5000.0,0.0,255.0,850.0,234.0,0.0,0.0,1245716.0,3.008,3.0,50.0,
1788528244312,2026-09-04T17:24:04.312,0.0,4.0,0.0,1.0,3396.0,14.4,63.0,1.46,1.46,1.46,1.46,0.0,1.0,517.0,0.0,0.0,117.0,38.0,88.0,-0.062301999999999996,-0.062301999999999996,38.0,0.999,22.0,41.0,41.0,-11.0,17.0,17.0,17.0,17.0,0.0,0.0,0.0,0.0,35.0,14.0,14.0,26.8,210.0,210.0,7.0,7.0,820.0,4160.0,0.0,0.0,0.0,1.0,19475.0,27.0,1.0,0.0,,,,,,,,,,,,,,-8.6875,-6.3125,-6.1875,23.5625,-8.6875,767.0,44.0,830.0,400.0,13.100000000000001,11.9,254.0,20.0,0.0,8.0,0.0,0.0,0.0,0.0,8.0,0.0,5.0,2.0,4.0,0.0,11.0,28488.0,101.0,0.0,0.0,0.0,0.0,20.0,0.0,0.0,4.2,5000.0,4990.0,4980.0,1.0,1.0,0.0,31.0,4858.0,0.0,255.0,850.0,227.0,0.0,0.0,1245716.0,3.008,3.0,50.0,
1788528244806,2026-09-04T17:24:04.806,0.0,4.0,0.0,1.0,3338.0,14.3,63.0,1.45,1.45,1.45,1.45,1.0,1.0,795.0,1.0,0.0,712.0,36.0,87.5,-0.06510221,-0.06510221,39.0,0.999,21.0,42.0,42.0,-9.0,16.0,16.0,16.0,16.0,0.0,0.0,0.0,0.0,35.0,14.0,14.0,25.5,210.0,210.0,7.0,7.0,810.0,4170.0,0.0,0.0,0.0,1.0,19475.0,25.900000000000002,1.0,0.0,,,,,,,,,,,,,,-7.625,-7.625,-7.75,23.375,-7.625,766.0,43.0,870.0,420.0,14.3,13.3,254.0,20.0,0.0,8.0,0.0,0.0,0.0,0.0,8.0,0.0,5.0,2.0,4.0,0.0,12.0,28488.0,101.0,0.0,0.0,0.0,0.0,20.0,0.0,0.0,4.2,5000.0,4990.0,4980.0,1.0,1.0,0.0,31.0,5000.0,0.0,255.0,850.0,223.0,0.0,0.0,1245716.0,3.008,3.0,50.0,
1788528245338,2026-09-04T17:24:05.338,0.0,4.0,0.0,1.0,3246.0,14.3,63.0,1.52,1.52,1.52,1.52,1.0,1.0,644.0,0.0,0.0,102.0,35.0,87.0,-0.03510868,-0.03510868,39.0,0.999,21.0,43.0,43.0,9.0,43.0,43.0,43.0,43.0,0.0,0.0,0.0,0.0,35.0,15.0,15.0,26.400000000000002,231.0,231.0,7.0,7.0,820.0,4150.0,0.0,0.0,0.0,1.0,19475.0,28.1,0.0,0.0,,,,,,,,,,,,,,4.6875,4.1875,4.1875,23.0625,4.6875,766.0,42.0,1050.0,500.0,19.6,18.3,254.0,20.0,0.0,8.0,0.0,0.0,0.0,0.0,8.0,0.0,5.0,2.0,4.0,0.0,11.0,28488.0,101.0,0.0,0.0,0.0,0.0,20.0,0.0,0.0,4.2,5000.0,4990.0,4980.0,1.0,1.0,0.0,31.0,5000.0,0.0,255.0,850.0,223.0,0.0,0.0,1245716.0,3.008,3.0,50.0,
1788528245854,2026-09-04T17:24:05.854,0.0,4.0,0.0,1.0,3237.0,14.3,63.0,1.72,1.72,1.72,1.72,0.0,1.0,87.0,0.0,0.0,156.0,35.5,87.0,-0.041014300000000004,-0.041014300000000004,40.0,0.999,24.0,40.0,40.0,5.0,40.0,40.0,40.0,40.0,0.0,0.0,0.0,0.0,35.0,16.0,16.0,27.700000000000003,252.0,231.0,8.0,7.0,830.0,4160.0,0.0,0.0,0.0,1.0,19475.0,28.900000000000002,0.0,0.0,,,,,,,,,,,,,,6.875,5.9375,5.875,22.625,6.875,765.0,41.0,1060.0,510.0,20.0,18.6,254.0,20.0,0.0,8.0,0.0,0.0,0.0,0.0,8.0,0.0,5.0,2.0,4.0,0.0,9.0,28488.0,101.0,0.0,0.0,0.0,0.0,20.0,0.0,0.0,4.2,5000.0,4990.0,4990.0,1.0,1.0,0.0,31.0,4155.0,0.0,255.0,850.0,224.0,0.0,0.0,1245716.0,3.008,3.0,50.0,
1788528246407,2026-09-04T17:24:06.407,0.0,4.0,0.0,1.0,3193.0,14.3,63.0,1.84,1.84,1.84,1.84,0.0,1.0,112.0,0.0,0.0,239.0,36.5,86.5,-0.025624590000000003,-0.025624590000000003,40.0,0.999,26.0,39.0,39.0,2.0,34.0,34.0,34.0,34.0,0.0,0.0,0.0,0.0,35.0,17.0,17.0,29.1,252.0,252.0,8.0,8.0,840.0,4140.0,0.0,0.0,0.0,1.0,19475.0,30.1,1.0,0.0,,,,,,,,,,,,,,8.125,8.0625,8.0625,22.3125,8.125,765.0,40.0,1060.0,510.0,19.900000000000002,18.6,254.0,20.0,0.0,8.0,0.0,0.0,0.0,0.0,8.0,0.0,5.0,2.0,4.0,0.0,7.0,28488.0,101.0,0.0,0.0,0.0,0.0,20.0,0.0,0.0,4.2,5000.0,4990.0,4980.0,1.0,1.0,0.0,31.0,3312.0,0.0,255.0,850.0,224.0,0.0,0.0,1245716.0,3.008,3.0,50.0,
1788528246973,2026-09-04T17:24:06.973,0.0,4.0,0.0,1.0,3125.0,14.3,63.0,1.81,1.81,1.81,1.81,1.0,1.0,708.0,1.0,0.0,683.0,38.0,86.0,-0.05429049999999999,-0.05429049999999999,41.0,0.999,27.0,40.0,40.0,2.0,28.0,28.0,28.0,28.0,0.0,0.0,0.0,0.0,35.0,15.0,16.0,27.6,231.0,252.0,7.0,7.0,820.0,4160.0,0.0,0.0,0.0,1.0,19475.0,26.1,1.0,0.0,,,,,,,,,,,,,,3.5625,3.5625,3.5625,22.25,3.5625,765.0,40.0,980.0,470.0,17.3,16.3,254.0,20.0,0.0,8.0,0.0,0.0,0.0,0.0,8.0,0.0,5.0,2.0,4.0,0.0,2.0,28488.0,101.0,0.0,0.0,0.0,0.0,20.0,0.0,0.0,4.2,5000.0,4990.0,4980.0,1.0,1.0,0.0,31.0,4393.0,0.0,255.0,850.0,224.0,0.0,0.0,1245716.0,3.008,3.0,50.0,
1788528247631,2026-09-04T17:24:07.631,0.0,4.0,0.0,1.0,3028.0,14.3,63.0,1.5,1.5,1.5,1.5,0.0,1.0,92.0,0.0,0.0,336.0,39.0,85.5,-0.03702381000000002,-0.03702381000000002,41.0,0.999,22.0,45.0,45.0,-9.0,24.0,24.0,24.0,24.0,0.0,0.0,0.0,0.0,35.0,13.0,14.0,23.1,210.0,210.0,6.0,6.0,780.0,4200.0,0.0,0.0,0.0,1.0,19475.0,22.700000000000003,0.0,0.0,,,,,,,,,,,,,,-16.5,-6.375,-6.1875,22.1875,-21.9375,764.0,39.0,390.0,200.0,0.0,0.0,254.0,20.0,0.0,8.0,0.0,1.0,0.0,0.0,8.0,0.0,5.0,2.0,4.0,0.0,0.0,28488.0,101.0,0.0,0.0,0.0,0.0,20.0,0.0,0.0,4.2,5000.0,4990.0,4980.0,1.0,1.0,0.0,31.0,4083.0,0.0,255.0,850.0,258.0,0.0,0.0,1245716.0,3.008,3.0,50.0,
1788528248170,2026-09-04T17:24:08.170,0.0,4.0,0.0,1.0,2858.0,14.3,64.0,0.0,0.0,0.0,0.0,0.0,0.0,29.0,0.0,0.0,87.0,39.0,85.0,1.9839999999993196E-5,1.9839999999993196E-5,42.0,0.999,0.0,42.0,42.0,3.0,3.0,3.0,3.0,3.0,0.0,0.0,0.0,0.0,35.0,14.0,16.0,22.1,210.0,231.0,6.0,6.0,750.0,4210.0,0.0,0.0,0.0,1.0,19475.0,20.400000000000002,0.0,0.0,,,,,,,,,,,,,,-20.875,-20.875,-21.125,21.0,-20.875,763.0,35.0,390.0,200.0,0.0,0.0,254.0,20.0,0.0,8.0,0.0,1.0,1.0,0.0,8.0,0.0,5.0,0.0,4.0,100.0,0.0,28488.0,101.0,0.0,0.0,0.0,0.0,20.0,0.0,0.0,4.2,5000.0,4990.0,4990.0,1.0,1.0,0.0,31.0,3388.0,0.0,255.0,850.0,245.0,0.0,0.0,1245716.0,3.008,3.0,50.0,
1788528248671,2026-09-04T17:24:08.671,0.0,4.0,0.0,1.0,1930.0,14.3,64.0,0.0,0.0,0.0,0.0,0.0,0.0,0.0,0.0,0.0,4.0,41.0,84.5,1.9839999999993196E-5,1.9839999999993196E-5,42.0,0.999,0.0,36.0,36.0,-2.0,-2.0,-2.0,-2.0,-2.0,0.0,0.0,0.0,0.0,35.0,14.0,16.0,14.3,210.0,231.0,3.0,3.0,660.0,4320.0,0.0,0.0,0.0,1.0,19475.0,12.9,1.0,0.0,,,,,,,,,,,,,,-23.0,-23.0,-15.25,22.8125,-23.0,763.0,30.0,390.0,200.0,0.0,0.0,254.0,20.0,0.0,8.0,0.0,1.0,1.0,0.0,8.0,0.0,5.0,2.0,4.0,100.0,2.0,28488.0,101.0,0.0,0.0,0.0,0.0,20.0,0.0,0.0,4.2,5000.0,4990.0,4990.0,1.0,1.0,0.0,31.0,2833.0,0.0,255.0,850.0,240.0,0.0,0.0,1245716.0,3.008,3.0,50.0,
1788528249201,2026-09-04T17:24:09.201,0.0,4.0,0.0,1.0,1411.0,14.3,64.0,2.2600000000000002,2.2600000000000002,2.2600000000000002,2.2600000000000002,0.0,0.0,14.0,0.0,0.0,0.0,44.0,84.0,1.9839999999993196E-5,1.9839999999993196E-5,42.0,1.2610000000000001,0.0,40.0,40.0,4.0,4.0,4.0,4.0,4.0,0.0,0.0,0.0,0.0,35.0,13.0,14.0,9.9,210.0,210.0,2.0,2.0,610.0,4370.0,0.0,0.0,0.0,1.0,19475.0,9.700000000000001,1.0,0.0,,,,,,,,,,,,,,-25.8125,-16.5625,-15.25,25.625,-25.8125,763.0,26.0,390.0,200.0,0.0,0.0,254.0,20.0,0.0,8.0,0.0,1.0,1.0,0.0,8.0,0.0,5.0,1.0,4.0,100.0,5.0,28488.0,101.0,0.0,0.0,0.0,0.0,20.0,0.0,0.0,4.2,5000.0,4990.0,4990.0,1.0,1.0,0.0,31.0,2657.0,0.0,255.0,850.0,243.0,0.0,0.0,1245716.0,3.008,3.0,50.0,
1788528249789,2026-09-04T17:24:09.789,0.0,4.0,0.0,1.0,1161.0,14.3,64.0,1.79,1.79,1.79,1.79,1.0,0.0,839.0,1.0,0.0,717.0,47.0,84.0,1.9839999999993196E-5,1.9839999999993196E-5,42.0,1.064,0.0,33.0,33.0,6.0,6.0,6.0,6.0,6.0,0.0,0.0,0.0,0.0,35.0,16.0,13.0,8.1,252.0,210.0,2.0,2.0,600.0,4390.0,0.0,0.0,0.0,1.0,19475.0,9.5,0.0,0.0,,,,,,,,,,,,,,-27.8125,-7.625,-13.9375,27.625,-27.8125,762.0,22.0,390.0,200.0,0.0,0.0,254.0,20.0,0.0,8.0,0.0,1.0,0.0,0.0,8.0,0.0,5.0,1.0,4.0,0.0,6.0,28488.0,101.0,0.0,0.0,0.0,0.0,20.0,0.0,0.0,4.2,5000.0,4990.0,4980.0,1.0,1.0,0.0,31.0,1853.0,0.0,255.0,850.0,247.0,0.0,0.0,1245716.0,3.008,3.0,50.0,
1788528250312,2026-09-04T17:24:10.312,0.0,4.0,0.0,1.0,1004.0,14.3,64.0,2.68,2.68,2.68,2.68,1.0,1.0,786.0,1.0,0.0,795.0,49.0,84.0,-0.003032160000000006,-0.003032160000000006,42.0,0.999,3.0,20.0,20.0,-9.0,10.0,10.0,10.0,10.0,0.0,0.0,0.0,0.0,35.0,22.0,20.0,11.9,357.0,315.0,3.0,4.0,670.0,4320.0,0.0,0.0,0.0,1.0,19475.0,13.200000000000001,1.0,0.0,,,,,,,,,,,,,,-29.3125,-12.25,-10.0625,29.125,-29.3125,762.0,19.0,390.0,200.0,0.0,0.0,254.0,20.0,0.0,8.0,0.0,1.0,0.0,0.0,8.0,0.0,5.0,1.0,4.0,0.0,8.0,28488.0,101.0,0.0,0.0,0.0,0.0,20.0,0.0,0.0,4.2,5000.0,4990.0,4980.0,1.0,1.0,0.0,31.0,1775.0,0.0,255.0,850.0,251.0,0.0,0.0,1245716.0,3.008,3.0,50.0,
1788528250827,2026-09-04T17:24:10.827,0.0,4.0,0.0,1.0,933.0,14.100000000000001,65.0,2.73,2.73,2.73,2.73,1.0,1.0,883.0,1.0,0.0,854.0,52.0,85.5,-0.006274909999999995,-0.006274909999999995,42.0,0.999,4.0,17.0,17.0,-11.0,-6.0,-6.0,-6.0,-6.0,0.0,0.0,0.0,0.0,35.0,19.0,19.0,9.3,294.0,294.0,2.0,2.0,610.0,4370.0,0.0,0.0,0.0,1.0,19475.0,9.3,1.0,0.0,,,,,,,,,,,,,,-28.875,-4.875,-5.9375,28.6875,-28.875,762.0,17.0,390.0,200.0,0.0,0.0,254.0,20.0,0.0,8.0,0.0,1.0,0.0,0.0,8.0,0.0,5.0,1.0,4.0,0.0,8.0,28488.0,101.0,0.0,0.0,0.0,0.0,20.0,0.0,0.0,4.2,5000.0,4990.0,4980.0,1.0,1.0,0.0,31.0,1501.0,0.0,255.0,850.0,255.0,0.0,0.0,1245716.0,3.008,3.0,50.0,
1788528251370,2026-09-04T17:24:11.370,0.0,4.0,0.0,1.0,831.0,14.3,65.0,2.48,2.48,2.48,2.48,1.0,1.0,878.0,1.0,0.0,859.0,52.0,82.5,-0.011119960000000012,-0.011119960000000012,42.0,0.999,5.0,18.0,18.0,-8.0,-1.0,-1.0,-1.0,-1.0,0.0,0.0,0.0,0.0,35.0,19.0,19.0,8.5,294.0,294.0,2.0,2.0,600.0,4380.0,0.0,0.0,0.0,1.0,19475.0,8.700000000000001,0.0,0.0,,,,,,,,,,,,,,-29.625,-5.5,-6.0625,29.4375,-29.625,762.0,15.0,390.0,200.0,0.0,0.0,254.0,20.0,0.0,8.0,0.0,1.0,0.0,0.0,8.0,0.0,5.0,1.0,4.0,0.0,9.0,28488.0,101.0,0.0,0.0,0.0,0.0,20.0,0.0,0.0,4.2,5000.0,4990.0,4980.0,1.0,1.0,0.0,31.0,1417.0,0.0,255.0,850.0,259.0,0.0,0.0,1245716.0,3.008,3.0,50.0,
1788528251891,2026-09-04T17:24:11.891,0.0,4.0,0.0,1.0,798.0,14.200000000000001,65.0,2.42,2.42,2.42,2.42,1.0,1.0,874.0,1.0,0.0,859.0,54.5,84.0,-0.03629133000000001,-0.03629133000000001,42.0,0.999,5.0,18.0,18.0,-9.0,0.0,0.0,0.0,0.0,0.0,0.0,0.0,0.0,35.0,19.0,19.0,8.4,315.0,294.0,2.0,2.0,600.0,4390.0,0.0,0.0,0.0,1.0,19475.0,8.5,0.0,0.0,,,,,,,,,,,,,,-29.8125,-3.1875,-5.125,29.625,-29.8125,762.0,12.0,390.0,200.0,0.0,0.0,254.0,20.0,0.0,8.0,0.0,1.0,0.0,0.0,8.0,0.0,5.0,1.0,4.0,0.0,9.0,28488.0,101.0,0.0,0.0,0.0,0.0,20.0,0.0,0.0,4.2,5000.0,4990.0,4980.0,1.0,1.0,0.0,31.0,1330.0,0.0,255.0,850.0,263.0,0.0,0.0,1245716.0,3.008,3.0,50.0,
1788528252458,2026-09-04T17:24:12.458,0.0,4.0,0.0,1.0,781.0,14.200000000000001,65.0,2.34,2.34,2.34,2.34,1.0,1.0,864.0,1.0,0.0,859.0,55.0,83.0,-0.061073569999999994,-0.061073569999999994,42.0,0.999,6.0,17.0,17.0,-9.0,-1.0,-1.0,-1.0,-1.0,0.0,0.0,0.0,0.0,35.0,19.0,19.0,8.1,315.0,294.0,2.0,2.0,600.0,4390.0,0.0,0.0,0.0,1.0,19475.0,8.5,1.0,0.0,,,,,,,,,,,,,,-30.0625,-5.3125,-4.5,29.875,-30.0625,762.0,9.0,390.0,200.0,0.0,0.0,254.0,20.0,0.0,8.0,0.0,1.0,0.0,0.0,8.0,0.0,5.0,1.0,4.0,0.0,9.0,28488.0,101.0,0.0,0.0,0.0,0.0,20.0,0.0,0.0,4.2,5000.0,4990.0,4980.0,1.0,1.0,0.0,31.0,1256.0,0.0,255.0,850.0,264.0,0.0,0.0,1245716.0,3.008,3.0,50.0,
1788528253145,2026-09-04T17:24:13.145,0.0,4.0,0.0,1.0,771.0,14.3,65.0,2.24,2.24,2.24,2.24,1.0,1.0,849.0,1.0,0.0,849.0,56.5,82.5,-0.08939613000000002,-0.08939613000000002,42.0,0.999,7.0,16.0,16.0,-10.0,-2.0,-2.0,-2.0,-2.0,0.0,0.0,0.0,0.0,35.0,19.0,20.0,8.200000000000001,315.0,315.0,2.0,2.0,600.0,4390.0,0.0,0.0,0.0,1.0,19475.0,8.200000000000001,1.0,0.0,,,,,,,,,,,,,,-29.6875,-4.75,-4.25,29.5,-29.6875,762.0,4.0,390.0,200.0,0.0,0.0,254.0,20.0,0.0,8.0,0.0,1.0,0.0,0.0,8.0,0.0,5.0,1.0,4.0,0.0,8.0,28488.0,101.0,0.0,0.0,0.0,0.0,20.0,0.0,0.0,4.2,5000.0,4990.0,4990.0,1.0,1.0,0.0,31.0,1253.0,0.0,255.0,850.0,280.0,0.0,0.0,1245716.0,3.008,3.0,50.0,
1788528253595,2026-09-04T17:24:13.595,0.0,4.0,0.0,1.0,767.0,14.200000000000001,65.0,2.17,2.17,2.17,2.17,1.0,1.0,839.0,1.0,0.0,839.0,58.0,83.0,-0.11771869000000001,-0.11771869000000001,42.0,0.999,7.0,16.0,16.0,-11.0,-1.0,-1.0,-1.0,-1.0,0.0,0.0,0.0,0.0,35.0,19.0,20.0,8.200000000000001,315.0,315.0,2.0,2.0,600.0,4380.0,0.0,0.0,0.0,1.0,19475.0,8.200000000000001,0.0,0.0,,,,,,,,,,,,,,-29.5625,-3.25,-3.875,29.375,-29.5625,762.0,1.0,390.0,200.0,0.0,0.0,254.0,20.0,0.0,8.0,0.0,1.0,0.0,0.0,8.0,0.0,5.0,1.0,4.0,0.0,8.0,28488.0,101.0,0.0,0.0,0.0,0.0,20.0,0.0,0.0,4.2,5000.0,4990.0,4980.0,1.0,1.0,0.0,31.0,1315.0,0.0,255.0,850.0,299.0,0.0,0.0,1245716.0,3.008,3.0,50.0,
1788528254030,2026-09-04T17:24:14.030,0.0,4.0,0.0,1.0,759.0,14.3,65.0,2.12,2.12,2.12,2.12,1.0,1.0,830.0,1.0,0.0,834.0,59.0,82.5,-0.13719045000000002,-0.13719045000000002,43.0,0.999,7.0,16.0,16.0,-12.0,-1.0,-1.0,-1.0,-1.0,0.0,0.0,0.0,0.0,35.0,20.0,20.0,8.200000000000001,315.0,315.0,2.0,2.0,600.0,4390.0,0.0,0.0,0.0,1.0,19475.0,8.4,0.0,0.0,,,,,,,,,,,,,,-29.5,-2.6875,-3.5625,29.3125,-29.5,762.0,1.0,390.0,200.0,0.0,0.0,254.0,20.0,0.0,8.0,0.0,1.0,0.0,0.0,8.0,0.0,5.0,1.0,4.0,0.0,9.0,28488.0,101.0,0.0,0.0,0.0,0.0,20.0,0.0,0.0,4.2,5000.0,4990.0,4980.0,1.0,1.0,0.0,31.0,1494.0,0.0,255.0,850.0,299.0,0.0,0.0,1245716.0,3.008,3.0,50.0,
1788528254511,2026-09-04T17:24:14.511,0.0,4.0,0.0,1.0,759.0,14.3,65.0,2.06,2.06,2.06,2.06,1.0,1.0,805.0,1.0,0.0,820.0,60.0,82.0,-0.15666221,-0.15666221,43.0,0.999,7.0,16.0,16.0,-12.0,-2.0,-2.0,-2.0,-2.0,0.0,0.0,0.0,0.0,35.0,20.0,20.0,8.200000000000001,315.0,315.0,2.0,2.0,600.0,4380.0,0.0,0.0,0.0,1.0,19475.0,8.6,1.0,0.0,,,,,,,,,,,,,,-29.8125,-1.625,-2.1875,29.625,-29.8125,762.0,0.0,390.0,200.0,0.0,0.0,254.0,20.0,0.0,8.0,0.0,1.0,0.0,0.0,8.0,0.0,5.0,1.0,4.0,0.0,9.0,28488.0,101.0,0.0,0.0,0.0,0.0,20.0,0.0,0.0,4.2,5000.0,4990.0,4980.0,1.0,1.0,0.0,31.0,1516.0,0.0,255.0,850.0,304.0,0.0,0.0,1245716.0,3.008,3.0,50.0,
1788528254979,2026-09-04T17:24:14.979,0.0,4.0,0.0,1.0,759.0,14.3,65.0,2.0300000000000002,2.0300000000000002,2.0300000000000002,2.0300000000000002,1.0,1.0,781.0,1.0,0.0,805.0,61.0,82.5,-0.17790413,-0.17790413,44.0,0.999,7.0,16.0,16.0,-12.0,2.0,2.0,2.0,2.0,0.0,0.0,0.0,0.0,35.0,21.0,20.0,8.200000000000001,336.0,315.0,2.0,2.0,600.0,4380.0,0.0,0.0,0.0,1.0,19475.0,8.700000000000001,1.0,0.0,,,,,,,,,,,,,,-29.5625,-0.75,-2.75,29.375,-29.5625,762.0,0.0,390.0,200.0,0.0,0.0,254.0,20.0,0.0,8.0,0.0,1.0,0.0,0.0,8.0,0.0,5.0,1.0,4.0,0.0,9.0,28488.0,101.0,0.0,0.0,0.0,0.0,20.0,0.0,0.0,4.2,5000.0,4990.0,4990.0,1.0,1.0,0.0,31.0,1464.0,0.0,255.0,850.0,308.0,0.0,0.0,1245716.0,3.008,3.0,50.0,
1788528255507,2026-09-04T17:24:15.507,0.0,4.0,0.0,1.0,766.0,14.200000000000001,65.0,2.02,2.02,2.02,2.02,1.0,1.0,600.0,1.0,0.0,781.0,62.5,82.0,-0.19914605,-0.19914605,44.0,0.999,7.0,16.0,16.0,-14.0,1.0,1.0,1.0,1.0,0.0,0.0,0.0,0.0,35.0,21.0,21.0,8.6,336.0,336.0,2.0,2.0,610.0,4380.0,0.0,0.0,0.0,1.0,19475.0,8.9,0.0,0.0,,,,,,,,,,,,,,-29.5625,1.5625,-1.0625,29.375,-29.5625,762.0,0.0,390.0,200.0,0.0,0.0,254.0,20.0,0.0,8.0,0.0,1.0,1.0,0.0,8.0,0.0,5.0,1.0,4.0,100.0,9.0,28488.0,101.0,0.0,0.0,0.0,0.0,20.0,0.0,0.0,4.2,5000.0,4980.0,4990.0,1.0,1.0,0.0,31.0,1276.0,0.0,255.0,850.0,319.0,0.0,0.0,1245716.0,3.008,3.0,50.0,
1788528256060,2026-09-04T17:24:16.060,0.0,4.0,0.0,1.0,756.0,14.200000000000001,65.0,2.24,2.24,2.24,2.24,0.0,1.0,63.0,0.0,0.0,73.0,63.0,81.5,-0.14977995,-0.14977995,45.0,0.999,8.0,15.0,15.0,-17.0,-2.0,-2.0,-2.0,-2.0,0.0,0.0,0.0,0.0,35.0,22.0,21.0,8.700000000000001,357.0,336.0,2.0,2.0,610.0,4370.0,0.0,0.0,0.0,1.0,19475.0,9.200000000000001,0.0,0.0,,,,,,,,,,,,,,-29.3125,-0.9375,0.125,29.125,-29.3125,762.0,0.0,390.0,200.0,0.0,0.0,254.0,20.0,0.0,8.0,0.0,1.0,1.0,0.0,8.0,0.0,5.0,1.0,4.0,100.0,8.0,28488.0,101.0,0.0,0.0,0.0,0.0,20.0,0.0,0.0,4.2,5000.0,4990.0,4980.0,1.0,1.0,0.0,31.0,1468.0,0.0,255.0,850.0,319.0,0.0,0.0,1245716.0,3.008,3.0,50.0,
1788528256573,2026-09-04T17:24:16.573,0.0,4.0,0.0,1.0,755.0,14.3,65.0,2.36,2.36,2.36,2.36,0.0,1.0,68.0,0.0,0.0,58.0,64.5,82.0,-0.14472126000000002,-0.14472126000000002,45.0,0.999,7.0,15.0,15.0,-20.0,-4.0,-4.0,-4.0,-4.0,0.0,0.0,0.0,0.0,35.0,24.0,22.0,9.1,378.0,336.0,2.0,2.0,620.0,4370.0,0.0,0.0,0.0,1.0,19475.0,10.0,1.0,0.0,,,,,,,,,,,,,,-28.8125,0.875,0.6875,28.625,-28.8125,762.0,0.0,390.0,200.0,0.0,0.0,254.0,20.0,0.0,8.0,0.0,0.0,1.0,0.0,8.0,0.0,5.0,1.0,4.0,100.0,10.0,28488.0,101.0,0.0,0.0,0.0,0.0,20.0,0.0,0.0,4.2,5000.0,4990.0,4990.0,1.0,1.0,0.0,31.0,1275.0,0.0,255.0,850.0,335.0,0.0,0.0,1245716.0,3.008,3.0,50.0,
1788528257093,2026-09-04T17:24:17.093,0.0,4.0,0.0,1.0,741.0,14.3,65.0,2.48,2.48,2.48,2.48,0.0,1.0,58.0,0.0,0.0,58.0,65.0,81.5,-0.13966256999999999,-0.13966256999999999,45.0,0.999,7.0,14.0,14.0,-24.0,1.0,1.0,1.0,1.0,0.0,0.0,0.0,0.0,35.0,44.0,23.0,9.9,672.0,357.0,6.0,4.0,680.0,4300.0,0.0,0.0,0.0,1.0,19475.0,17.900000000000002,1.0,0.0,,,,,,,,,,,,,,54.875,20.625,19.75,26.8125,54.875,762.0,0.0,660.0,310.0,7.6000000000000005,6.6000000000000005,254.0,20.0,0.0,8.0,0.0,0.0,1.0,0.0,8.0,0.0,5.0,2.0,4.0,100.0,10.0,28488.0,101.0,0.0,0.0,0.0,0.0,20.0,0.0,0.0,4.2,5000.0,4990.0,4990.0,1.0,1.0,0.0,31.0,1385.0,0.0,255.0,850.0,334.0,0.0,0.0,1245716.0,3.008,3.0,50.0,
1788528257633,2026-09-04T17:24:17.633,0.0,4.0,0.0,1.0,1186.0,14.3,65.0,8.14,8.14,8.14,8.14,0.0,1.0,58.0,0.0,0.0,58.0,66.5,82.0,-0.11851221,-0.11851221,46.0,0.999,22.0,17.0,17.0,-36.0,15.0,15.0,15.0,15.0,0.0,0.0,0.0,0.0,36.0,37.0,43.0,38.800000000000004,504.0,567.0,9.0,9.0,880.0,4100.0,5.0,11.0,23.0,1.0,19475.0,36.300000000000004,0.0,0.0,,,,,,,,,,,,,,26.375,35.875,35.5625,26.875,26.375,761.0,0.0,1180.0,570.0,23.3,22.0,254.0,20.0,0.0,8.0,0.0,0.0,1.0,0.0,8.0,0.0,5.0,2.0,4.0,100.0,9.0,28488.0,101.0,0.0,0.0,0.0,0.0,20.0,0.0,0.0,4.2,5000.0,4990.0,4990.0,1.0,1.0,0.0,31.0,3031.0,0.0,255.0,850.0,333.0,0.0,0.0,1245716.0,3.008,3.0,50.0,
1788528258330,2026-09-04T17:24:18.330,0.0,4.0,0.0,1.0,1908.0,14.3,65.0,4.15,4.15,4.15,4.15,0.0,1.0,48.0,0.0,0.0,43.0,67.5,81.0,-0.007175249999999994,-0.007175249999999994,46.0,0.999,16.0,24.0,24.0,-33.0,21.0,21.0,21.0,21.0,0.0,0.0,0.0,0.0,36.0,37.0,35.0,35.2,525.0,483.0,10.0,10.0,920.0,4060.0,0.0,0.0,0.0,1.0,19475.0,37.4,0.0,0.0,,,,,,,,,,,,,,38.125,37.5625,37.5625,23.3125,38.125,761.0,1.0,960.0,460.0,17.3,16.3,254.0,20.0,0.0,8.0,0.0,0.0,1.0,0.0,8.0,0.0,5.0,2.0,4.0,100.0,9.0,28488.0,101.0,0.0,0.0,0.0,0.0,20.0,0.0,0.0,4.2,5000.0,4990.0,4980.0,1.0,1.0,0.0,31.0,3369.0,0.0,255.0,850.0,333.0,0.0,0.0,1245716.0,3.008,3.0,50.0,
1788528258854,2026-09-04T17:24:18.854,0.0,4.0,0.0,1.0,1587.0,14.3,65.0,2.31,2.31,2.31,2.31,1.0,1.0,800.0,1.0,0.0,664.0,68.5,81.0,0.027365760000000017,0.027365760000000017,47.0,0.999,10.0,23.0,23.0,-33.0,1.0,1.0,1.0,1.0,0.0,0.0,0.0,0.0,36.0,13.0,19.0,13.600000000000001,231.0,294.0,3.0,3.0,620.0,4360.0,0.0,0.0,0.0,1.0,19475.0,10.4,1.0,0.0,,,,,,,,,,,,,,-24.5625,-3.3125,-16.1875,24.375,-24.5625,761.0,2.0,390.0,200.0,0.0,0.0,254.0,20.0,0.0,8.0,0.0,0.0,1.0,0.0,8.0,0.0,5.0,1.0,4.0,100.0,9.0,28488.0,101.0,0.0,0.0,0.0,0.0,21.0,0.0,0.0,4.2,5000.0,4990.0,4990.0,1.0,1.0,0.0,31.0,1776.0,0.0,255.0,850.0,313.0,0.0,0.0,1245716.0,3.008,3.0,50.0,
1788528259377,2026-09-04T17:24:19.377,0.0,4.0,0.0,1.0,1011.0,14.3,65.0,2.11,2.11,2.11,2.11,1.0,1.0,834.0,1.0,0.0,810.0,69.0,81.0,0.01920166000000001,0.01920166000000001,47.0,0.999,9.0,20.0,20.0,-8.0,-8.0,-8.0,-8.0,-8.0,0.0,0.0,0.0,0.0,35.0,19.0,19.0,9.8,315.0,294.0,3.0,2.0,620.0,4360.0,0.0,0.0,0.0,1.0,19475.0,10.4,0.0,0.0,,,,,,,,,,,,,,-27.125,-8.4375,-8.75,26.9375,-27.125,760.0,2.0,390.0,200.0,0.0,0.0,254.0,20.0,0.0,8.0,0.0,0.0,1.0,0.0,8.0,0.0,5.0,1.0,4.0,100.0,9.0,28488.0,101.0,0.0,0.0,0.0,0.0,21.0,0.0,0.0,4.2,5000.0,4990.0,4980.0,1.0,1.0,0.0,31.0,1324.0,0.0,255.0,850.0,309.0,0.0,0.0,1245716.0,3.008,3.0,50.0,
1788528259811,2026-09-04T17:24:19.811,0.0,4.0,0.0,1.0,864.0,14.3,65.0,2.36,2.36,2.36,2.36,1.0,1.0,874.0,1.0,0.0,834.0,69.5,81.5,0.01614966000000001,0.01614966000000001,48.0,0.999,9.0,17.0,17.0,-9.0,-6.0,-6.0,-6.0,-6.0,0.0,0.0,0.0,0.0,35.0,18.0,19.0,8.700000000000001,294.0,315.0,2.0,2.0,600.0,4370.0,0.0,0.0,0.0,1.0,19475.0,8.6,0.0,0.0,,,,,,,,,,,,,,-27.8125,-5.25,-4.9375,27.625,-27.8125,760.0,1.0,390.0,200.0,0.0,0.0,254.0,20.0,0.0,8.0,0.0,0.0,1.0,0.0,8.0,0.0,5.0,1.0,4.0,100.0,8.0,28488.0,101.0,0.0,0.0,0.0,0.0,21.0,0.0,0.0,4.2,5000.0,4990.0,4970.0,1.0,1.0,0.0,31.0,1431.0,0.0,255.0,850.0,310.0,0.0,0.0,1245716.0,3.008,3.0,50.0,
1788528260296,2026-09-04T17:24:20.296,0.0,4.0,0.0,1.0,809.0,14.3,65.0,2.2600000000000002,2.2600000000000002,2.2600000000000002,2.2600000000000002,1.0,1.0,888.0,1.0,0.0,864.0,70.5,82.0,0.013860659999999969,0.013860659999999969,48.0,0.999,9.0,18.0,18.0,-8.0,-2.0,-2.0,-2.0,-2.0,0.0,0.0,0.0,0.0,35.0,18.0,19.0,8.200000000000001,294.0,294.0,2.0,2.0,590.0,4390.0,0.0,0.0,0.0,1.0,19475.0,8.4,0.0,0.0,,,,,,,,,,,,,,-28.5,-5.5625,-5.9375,28.3125,-28.5,760.0,1.0,450.0,200.0,1.6,0.4,254.0,20.0,0.0,8.0,0.0,0.0,1.0,0.0,8.0,0.0,5.0,1.0,4.0,100.0,8.0,28488.0,101.0,0.0,0.0,0.0,0.0,21.0,0.0,0.0,4.2,5000.0,4990.0,4970.0,1.0,1.0,0.0,31.0,1632.0,0.0,255.0,850.0,310.0,0.0,0.0,1245716.0,3.008,3.0,50.0,
1788528260812,2026-09-04T17:24:20.812,0.0,4.0,0.0,1.0,789.0,14.3,65.0,2.24,2.24,2.24,2.24,1.0,1.0,893.0,1.0,0.0,878.0,71.0,81.5,0.011380909999999966,0.011380909999999966,47.0,0.999,9.0,19.0,19.0,-8.0,1.0,1.0,1.0,1.0,0.0,0.0,0.0,0.0,35.0,18.0,19.0,7.9,294.0,294.0,2.0,2.0,590.0,4390.0,0.0,0.0,0.0,1.0,19475.0,8.1,1.0,0.0,,,,,,,,,,,,,,-28.5625,-5.5625,-6.3125,28.375,-28.5625,759.0,0.0,540.0,250.0,4.1000000000000005,3.1,254.0,20.0,0.0,8.0,0.0,0.0,1.0,0.0,8.0,0.0,5.0,1.0,4.0,100.0,9.0,28488.0,101.0,0.0,0.0,0.0,0.0,21.0,0.0,0.0,4.2,5000.0,4990.0,4990.0,1.0,1.0,0.0,31.0,1337.0,0.0,255.0,850.0,309.0,0.0,0.0,1245716.0,3.008,3.0,50.0,
1788528261390,2026-09-04T17:24:21.390,0.0,4.0,0.0,1.0,801.0,14.3,65.0,8.34,8.34,8.34,8.34,1.0,1.0,893.0,1.0,0.0,888.0,70.5,80.5,0.005345580000000016,0.005345580000000016,47.0,0.999,29.0,13.0,11.0,-36.0,9.0,9.0,9.0,9.0,0.0,0.0,0.0,0.0,35.0,42.0,54.0,33.7,588.0,735.0,8.0,9.0,890.0,4100.0,25.0,6.0,80.0,1.0,19475.0,27.6,0.0,0.0,,,,,,,,,,,,,,7.1875,51.375,51.25,27.75,7.1875,759.0,0.0,820.0,390.0,12.5,11.3,254.0,20.0,0.0,8.0,0.0,0.0,1.0,0.0,8.0,0.0,5.0,2.0,4.0,100.0,9.0,28488.0,101.0,0.0,0.0,0.0,0.0,21.0,0.0,0.0,4.2,5000.0,4990.0,4980.0,1.0,1.0,0.0,31.0,2632.0,0.0,255.0,850.0,309.0,0.0,0.0,1245716.0,3.008,3.0,50.0,
1788528261866,2026-09-04T17:24:21.866,0.0,4.0,0.0,1.0,2146.0,14.3,66.0,1.9000000000000001,1.9000000000000001,1.9000000000000001,1.9000000000000001,1.0,1.0,859.0,1.0,0.0,864.0,72.0,82.0,-0.02026833,-0.02026833,46.0,0.999,14.0,31.0,31.0,-29.0,28.0,28.0,28.0,28.0,0.0,0.0,0.0,0.0,36.0,22.0,20.0,22.6,336.0,294.0,7.0,7.0,810.0,4170.0,0.0,0.0,0.0,1.0,19475.0,25.8,0.0,0.0,,,,,,,,,,,,,,11.0,8.5,8.8125,25.5,11.0,758.0,0.0,1160.0,560.0,22.3,20.8,254.0,20.0,0.0,8.0,0.0,0.0,1.0,0.0,8.0,0.0,5.0,2.0,4.0,100.0,9.0,28488.0,101.0,0.0,0.0,0.0,0.0,21.0,0.0,0.0,4.2,5000.0,4990.0,4990.0,1.0,1.0,0.0,31.0,2787.0,0.0,255.0,850.0,305.0,0.0,0.0,1245716.0,3.008,3.0,50.0,
1788528262312,2026-09-04T17:24:22.312,0.0,4.0,0.0,1.0,1822.0,14.3,66.0,4.47,4.47,4.47,4.47,0.0,1.0,73.0,0.0,0.0,244.0,71.5,81.0,-0.004176659999999999,-0.004176659999999999,46.0,0.999,25.0,24.0,24.0,-34.0,21.0,21.0,21.0,21.0,0.0,0.0,0.0,0.0,36.0,48.0,40.0,41.300000000000004,672.0,567.0,14.0,13.0,1080.0,3900.0,0.0,0.0,0.0,1.0,19475.0,47.900000000000006,1.0,0.0,,,,,,,,,,,,,,60.0,53.9375,56.0,21.25,60.0,758.0,0.0,1350.0,650.0,28.5,27.0,254.0,20.0,0.0,8.0,0.0,0.0,1.0,0.0,8.0,0.0,5.0,2.0,4.0,100.0,8.0,28488.0,101.0,0.0,0.0,0.0,0.0,21.0,0.0,0.0,4.2,5000.0,4990.0,4970.0,1.0,1.0,0.0,31.0,2922.0,0.0,255.0,850.0,305.0,0.0,0.0,1245716.0,3.008,3.0,50.0,
1788528262833,2026-09-04T17:24:22.833,0.0,4.0,0.0,1.0,2130.0,14.3,66.0,4.21,4.21,4.21,4.21,1.0,1.0,805.0,1.0,0.0,708.0,71.0,80.5,0.00369750000000002,0.00369750000000002,45.0,0.999,22.0,26.0,26.0,-29.0,14.0,14.0,14.0,14.0,0.0,0.0,0.0,0.0,36.0,13.0,24.0,23.5,210.0,357.0,4.0,4.0,690.0,4290.0,0.0,0.0,0.0,1.0,19475.0,14.9,1.0,0.0,,,,,,,,,,,,,,-4.125,-4.5625,-4.5625,22.3125,-4.125,758.0,2.0,580.0,270.0,5.9,4.5,254.0,20.0,0.0,8.0,0.0,0.0,1.0,0.0,8.0,0.0,5.0,2.0,4.0,100.0,7.0,28488.0,101.0,0.0,0.0,0.0,0.0,21.0,0.0,0.0,4.2,5000.0,4990.0,4980.0,1.0,1.0,0.0,31.0,3021.0,0.0,255.0,850.0,304.0,0.0,0.0,1245716.0,3.008,3.0,50.0,
1788528263473,2026-09-04T17:24:23.473,0.0,4.0,0.0,1.0,1266.0,14.3,66.0,1.57,1.57,1.57,1.57,1.0,1.0,864.0,1.0,0.0,839.0,71.5,81.0,-0.01813956,-0.01813956,45.0,0.999,13.0,27.0,27.0,-26.0,-8.0,-8.0,-8.0,-8.0,0.0,0.0,0.0,0.0,36.0,13.0,17.0,10.5,210.0,252.0,2.0,2.0,600.0,4380.0,0.0,0.0,0.0,1.0,19475.0,9.0,0.0,0.0,,,,,,,,,,,,,,-25.0,-12.4375,-14.4375,24.8125,-25.0,758.0,2.0,440.0,200.0,1.3,0.1,254.0,20.0,0.0,8.0,0.0,0.0,1.0,0.0,8.0,0.0,5.0,1.0,4.0,100.0,8.0,28488.0,101.0,0.0,0.0,0.0,0.0,21.0,0.0,0.0,4.2,5000.0,4990.0,4970.0,1.0,1.0,0.0,31.0,2033.0,0.0,255.0,850.0,280.0,0.0,0.0,1245716.0,3.008,3.0,50.0,
1788528264049,2026-09-04T17:24:24.049,0.0,4.0,0.0,1.0,966.0,14.3,66.0,1.47,1.47,1.47,1.47,1.0,1.0,825.0,1.0,0.0,834.0,72.5,81.5,-0.024815809999999994,-0.024815809999999994,44.0,0.999,10.0,27.0,27.0,0.0,0.0,0.0,0.0,0.0,0.0,0.0,0.0,0.0,36.0,15.0,16.0,7.800000000000001,252.0,252.0,2.0,2.0,600.0,4380.0,0.0,0.0,0.0,1.0,19475.0,7.9,0.0,0.0,,,,,,,,,,,,,,-27.125,-7.0625,-8.0625,26.9375,-27.125,758.0,1.0,470.0,220.0,2.2,1.0,254.0,20.0,0.0,8.0,0.0,0.0,1.0,0.0,8.0,0.0,5.0,1.0,4.0,100.0,8.0,28488.0,101.0,0.0,0.0,0.0,0.0,21.0,0.0,0.0,4.2,5000.0,4990.0,4980.0,1.0,1.0,0.0,31.0,1471.0,0.0,255.0,850.0,272.0,0.0,0.0,1245716.0,3.008,3.0,50.0,
1788528264551,2026-09-04T17:24:24.551,0.0,4.0,0.0,1.0,820.0,14.3,66.0,1.72,1.72,1.72,1.72,1.0,1.0,854.0,1.0,0.0,834.0,73.0,82.0,-0.027867809999999993,-0.027867809999999993,44.0,0.999,10.0,24.0,24.0,-2.0,22.0,22.0,22.0,22.0,0.0,0.0,0.0,0.0,36.0,44.0,22.0,12.0,651.0,336.0,7.0,7.0,820.0,4160.0,0.0,0.0,0.0,1.0,19475.0,19.700000000000003,1.0,0.0,,,,,,,,,,,,,,45.9375,13.9375,13.5625,26.4375,45.9375,757.0,0.0,600.0,280.0,6.0,4.800000000000001,254.0,20.0,0.0,8.0,0.0,0.0,1.0,0.0,8.0,0.0,5.0,2.0,4.0,100.0,8.0,28488.0,101.0,0.0,0.0,0.0,0.0,21.0,0.0,0.0,4.2,5000.0,4990.0,4980.0,1.0,1.0,0.0,31.0,1725.0,0.0,255.0,850.0,274.0,0.0,0.0,1245716.0,3.008,3.0,50.0,
1788528265047,2026-09-04T17:24:25.047,0.0,4.0,0.0,1.0,1265.0,14.3,66.0,4.2700000000000005,4.2700000000000005,4.2700000000000005,4.2700000000000005,1.0,1.0,883.0,1.0,0.0,878.0,73.0,81.0,-0.03766473000000001,-0.03766473000000001,44.0,0.999,19.0,20.0,20.0,-36.0,7.0,7.0,7.0,7.0,0.0,0.0,0.0,0.0,36.0,16.0,27.0,21.8,252.0,378.0,4.0,4.0,680.0,4310.0,0.0,0.0,0.0,1.0,19475.0,14.700000000000001,1.0,0.0,,,,,,,,,,,,,,-3.25,6.5625,5.8125,27.125,-3.25,757.0,0.0,720.0,340.0,9.5,8.3,254.0,20.0,0.0,8.0,0.0,0.0,1.0,0.0,8.0,0.0,5.0,2.0,4.0,100.0,9.0,28488.0,101.0,0.0,0.0,0.0,0.0,21.0,0.0,0.0,4.2,5000.0,4990.0,4990.0,1.0,1.0,0.0,31.0,2795.0,0.0,255.0,850.0,275.0,0.0,0.0,1245716.0,3.008,3.0,50.0,
1788528265499,2026-09-04T17:24:25.499,0.0,4.0,0.0,1.0,1674.0,14.3,66.0,2.0,2.0,2.0,2.0,1.0,1.0,854.0,1.0,0.0,859.0,73.5,81.0,-0.05445073,-0.05445073,44.0,0.999,17.0,26.0,26.0,-31.0,22.0,22.0,22.0,22.0,0.0,0.0,0.0,0.0,36.0,29.0,21.0,19.8,420.0,315.0,7.0,7.0,790.0,4190.0,0.0,0.0,0.0,1.0,19475.0,25.900000000000002,0.0,0.0,,,,,,,,,,,,,,27.5625,13.6875,13.6875,24.75,27.5625,757.0,0.0,1040.0,500.0,19.1,18.0,254.0,20.0,0.0,8.0,0.0,0.0,1.0,0.0,8.0,0.0,5.0,2.0,4.0,100.0,9.0,28488.0,101.0,0.0,0.0,0.0,0.0,21.0,0.0,0.0,4.2,5000.0,4990.0,4980.0,1.0,1.0,0.0,31.0,2293.0,0.0,255.0,850.0,275.0,0.0,0.0,1245716.0,3.008,3.0,50.0,
1788528266104,2026-09-04T17:24:26.104,0.0,4.0,0.0,1.0,1572.0,14.3,66.0,4.75,4.75,4.75,4.75,1.0,1.0,766.0,1.0,0.0,820.0,74.0,81.5,-0.06973362,-0.06973362,45.0,0.999,35.0,21.0,21.0,-36.0,21.0,21.0,21.0,21.0,0.0,0.0,0.0,0.0,36.0,47.0,51.0,48.300000000000004,588.0,630.0,12.0,12.0,1010.0,3950.0,20.0,15.0,65.0,1.0,19475.0,46.400000000000006,0.0,0.0,,,,,,,,,,,,,,40.5625,52.625,52.6875,21.1875,40.5625,757.0,0.0,1380.0,660.0,29.3,27.900000000000002,254.0,20.0,0.0,8.0,0.0,0.0,1.0,0.0,8.0,0.0,5.0,2.0,4.0,100.0,8.0,28488.0,101.0,0.0,0.0,0.0,0.0,21.0,0.0,0.0,4.2,5000.0,4990.0,4970.0,1.0,1.0,0.0,31.0,3444.0,0.0,255.0,850.0,276.0,0.0,0.0,1245716.0,3.008,3.0,50.0,
1788528266856,2026-09-04T17:24:26.856,0.0,4.0,0.0,1.0,2154.0,14.3,66.0,4.2,4.2,4.2,4.2,1.0,1.0,805.0,1.0,0.0,722.0,74.0,81.0,-0.04675968999999999,-0.04675968999999999,45.0,0.999,44.0,25.0,25.0,-36.0,25.0,25.0,25.0,25.0,0.0,0.0,0.0,0.0,36.0,39.0,39.0,44.6,546.0,546.0,11.0,12.0,1000.0,3980.0,0.0,0.0,0.0,1.0,19475.0,45.2,1.0,0.0,,,,,,,,,,,,,,18.0625,39.0,39.0,20.75,18.0625,757.0,2.0,1040.0,500.0,19.400000000000002,18.0,254.0,20.0,0.0,8.0,0.0,0.0,1.0,0.0,8.0,0.0,5.0,2.0,4.0,100.0,6.0,28488.0,101.0,0.0,0.0,0.0,0.0,21.0,0.0,0.0,4.2,5000.0,4990.0,4980.0,1.0,1.0,0.0,31.0,2654.0,0.0,255.0,850.0,277.0,0.0,0.0,1245716.0,3.008,3.0,50.0,
1788528267480,2026-09-04T17:24:27.480,0.0,4.0,0.0,1.0,1625.0,14.3,66.0,1.84,1.84,1.84,1.84,1.0,1.0,815.0,1.0,0.0,751.0,0.0,0.0,-0.03613873000000001,-0.03613873000000001,46.0,0.999,19.0,25.0,25.0,-9.0,-9.0,-9.0,-9.0,-9.0,0.0,0.0,0.0,0.0,36.0,14.0,17.0,10.3,252.0,273.0,2.0,2.0,610.0,4380.0,0.0,0.0,0.0,1.0,19475.0,9.5,0.0,0.0,,,,,,,,,,,,,,-24.4375,-7.9375,-5.8125,24.25,-24.4375,757.0,4.0,390.0,200.0,0.0,0.0,254.0,20.0,0.0,8.0,0.0,0.0,1.0,0.0,8.0,0.0,5.0,1.0,4.0,100.0,7.0,28488.0,101.0,0.0,0.0,0.0,0.0,21.0,0.0,0.0,4.2,5000.0,4990.0,4980.0,1.0,1.0,0.0,31.0,1671.0,0.0,255.0,850.0,277.0,0.0,0.0,1245716.0,3.008,3.0,50.0,
1788528268211,2026-09-04T17:24:28.211,0.0,4.0,0.0,1.0,963.0,14.3,66.0,1.73,1.73,1.73,1.73,0.0,1.0,107.0,0.0,0.0,63.0,75.0,83.0,-0.021031330000000015,-0.021031330000000015,47.0,0.999,15.0,20.0,20.0,-7.0,-7.0,-7.0,-7.0,-7.0,0.0,0.0,0.0,0.0,35.0,17.0,18.0,9.1,294.0,294.0,2.0,2.0,610.0,4380.0,0.0,0.0,0.0,1.0,19475.0,9.0,0.0,0.0,,,,,,,,,,,,,,-27.5,-6.125,-6.8125,27.3125,-27.5,757.0,3.0,390.0,200.0,0.0,0.0,254.0,20.0,0.0,8.0,0.0,0.0,1.0,0.0,8.0,0.0,5.0,1.0,4.0,100.0,8.0,28488.0,101.0,0.0,0.0,0.0,0.0,21.0,0.0,0.0,4.2,5000.0,4990.0,4980.0,1.0,1.0,0.0,31.0,1376.0,0.0,255.0,850.0,277.0,0.0,0.0,1245716.0,3.008,3.0,50.0,
1788528268998,2026-09-04T17:24:28.998,0.0,4.0,0.0,1.0,824.0,14.200000000000001,66.0,1.74,1.74,1.74,1.74,1.0,1.0,854.0,1.0,0.0,795.0,76.0,83.0,-0.0407091,-0.0407091,47.0,0.999,12.0,19.0,19.0,-7.0,0.0,0.0,0.0,0.0,0.0,0.0,0.0,0.0,35.0,18.0,18.0,8.0,294.0,294.0,2.0,2.0,600.0,4380.0,0.0,0.0,0.0,1.0,19475.0,8.1,1.0,0.0,,,,,,,,,,,,,,-28.5,-5.1875,-6.1875,28.3125,-28.5,756.0,2.0,390.0,200.0,0.0,0.0,254.0,20.0,0.0,8.0,0.0,0.0,1.0,0.0,8.0,0.0,5.0,1.0,4.0,100.0,8.0,28488.0,101.0,0.0,0.0,0.0,0.0,21.0,0.0,0.0,4.2,5000.0,4990.0,4990.0,1.0,1.0,0.0,31.0,1595.0,0.0,255.0,850.0,277.0,0.0,0.0,1245716.0,3.008,3.0,50.0,
1788528270032,2026-09-04T17:24:30.032,0.0,4.0,0.0,1.0,780.0,14.3,67.0,1.8,1.8,1.8,1.8,1.0,1.0,874.0,1.0,0.0,864.0,75.5,82.0,-0.0452871,-0.0452871,48.0,0.999,12.0,20.0,20.0,-7.0,0.0,0.0,0.0,0.0,0.0,0.0,0.0,0.0,36.0,18.0,18.0,7.6000000000000005,294.0,294.0,2.0,2.0,590.0,4400.0,0.0,0.0,0.0,1.0,19475.0,7.7,0.0,0.0,,,,,,,,,,,,,,-29.125,-6.375,-7.25,28.9375,-29.125,756.0,0.0,500.0,230.0,3.0,1.9000000000000001,254.0,20.0,0.0,8.0,0.0,0.0,1.0,0.0,8.0,0.0,5.0,1.0,4.0,100.0,8.0,28488.0,101.0,0.0,0.0,0.0,0.0,21.0,0.0,0.0,4.2,5000.0,4990.0,4980.0,1.0,1.0,0.0,31.0,1356.0,0.0,255.0,850.0,277.0,0.0,0.0,1245716.0,3.008,3.0,50.0,
1788528270836,2026-09-04T17:24:30.836,0.0,4.0,0.0,1.0,1180.0,14.3,67.0,7.34,7.34,7.34,7.34,1.0,1.0,854.0,1.0,0.0,869.0,76.0,81.0,-0.09031173,-0.09031173,49.0,0.999,83.0,18.0,18.0,-36.0,16.0,16.0,16.0,16.0,0.0,0.0,0.0,0.0,36.0,18.0,31.0,32.4,294.0,441.0,6.0,6.0,770.0,4220.0,0.0,0.0,0.0,1.0,19475.0,20.900000000000002,1.0,0.0,,,,,,,,,,,,,,4.0,13.9375,13.375,26.8125,4.0,756.0,0.0,1100.0,530.0,21.0,19.8,254.0,20.0,0.0,8.0,0.0,0.0,1.0,0.0,8.0,0.0,5.0,2.0,4.0,100.0,7.0,28488.0,101.0,0.0,0.0,0.0,0.0,21.0,0.0,0.0,4.2,5000.0,4990.0,4990.0,1.0,1.0,0.0,31.0,3495.0,0.0,255.0,850.0,277.0,0.0,0.0,1245716.0,3.008,3.0,50.0,
1788528271684,2026-09-04T17:24:31.684,0.0,4.0,0.0,1.0,1756.0,14.3,67.0,4.6000000000000005,4.6000000000000005,4.6000000000000005,4.6000000000000005,0.0,1.0,39.0,0.0,0.0,43.0,76.0,81.5,-0.02780677000000001,-0.02780677000000001,50.0,0.999,56.0,21.0,21.0,-36.0,21.0,21.0,21.0,21.0,0.0,0.0,0.0,0.0,36.0,35.0,41.0,44.1,483.0,546.0,10.0,10.0,940.0,4040.0,0.0,9.0,0.0,1.0,19475.0,39.7,0.0,0.0,,,,,,,,,,,,,,32.75,39.75,39.1875,21.375,32.75,756.0,2.0,1230.0,590.0,25.0,23.8,254.0,20.0,0.0,8.0,0.0,0.0,1.0,0.0,8.0,0.0,5.0,2.0,4.0,100.0,7.0,28488.0,101.0,0.0,0.0,0.0,0.0,21.0,0.0,0.0,4.2,5000.0,4990.0,4980.0,1.0,1.0,0.0,31.0,2294.0,0.0,255.0,850.0,278.0,0.0,0.0,1245716.0,3.008,3.0,50.0,
1788528272548,2026-09-04T17:24:32.548,0.0,4.0,0.0,1.0,1659.0,14.3,67.0,2.43,2.43,2.43,2.43,0.0,1.0,68.0,0.0,0.0,63.0,76.0,82.0,0.04233581999999997,0.04233581999999997,50.0,0.999,30.0,23.0,23.0,-26.0,-1.0,-1.0,-1.0,-1.0,0.0,0.0,0.0,0.0,36.0,22.0,23.0,16.2,336.0,357.0,4.0,4.0,690.0,4290.0,0.0,0.0,0.0,1.0,19475.0,16.3,0.0,0.0,,,,,,,,,,,,,,6.4375,5.8125,5.0,25.1875,6.4375,755.0,3.0,620.0,290.0,6.6000000000000005,5.4,254.0,20.0,0.0,8.0,0.0,0.0,1.0,0.0,8.0,0.0,5.0,2.0,4.0,100.0,7.0,28488.0,101.0,0.0,0.0,0.0,0.0,21.0,0.0,0.0,4.2,5000.0,4990.0,4980.0,1.0,1.0,0.0,31.0,2305.0,0.0,255.0,850.0,278.0,0.0,0.0,1245716.0,3.008,3.0,50.0,
1788528273368,2026-09-04T17:24:33.368,0.0,4.0,0.0,1.0,1316.0,14.200000000000001,67.0,2.61,2.61,2.61,2.61,0.0,1.0,73.0,0.0,0.0,63.0,76.0,82.0,0.05803836000000001,0.05803836000000001,51.0,0.999,25.0,21.0,21.0,-32.0,18.0,18.0,18.0,18.0,0.0,0.0,0.0,0.0,36.0,50.0,35.0,32.1,693.0,504.0,13.0,13.0,1050.0,3920.0,0.0,0.0,0.0,1.0,19475.0,40.6,1.0,0.0,,,,,,,,,,,,,,48.0,56.625,58.5625,21.25,48.0,755.0,3.0,1270.0,620.0,26.200000000000003,24.700000000000003,254.0,20.0,0.0,8.0,0.0,0.0,1.0,0.0,8.0,0.0,5.0,2.0,4.0,100.0,7.0,28488.0,101.0,0.0,0.0,0.0,0.0,21.0,0.0,0.0,4.2,5000.0,4990.0,4990.0,1.0,1.0,0.0,31.0,3168.0,0.0,255.0,850.0,278.0,0.0,0.0,1245716.0,3.008,3.0,50.0,
1788528274143,2026-09-04T17:24:34.143,0.0,4.0,0.0,1.0,2240.0,14.3,67.0,2.91,2.91,2.91,2.91,1.0,1.0,781.0,1.0,0.0,722.0,76.0,82.0,0.046662029999999965,0.046662029999999965,51.0,0.999,48.0,27.0,27.0,-36.0,24.0,24.0,24.0,24.0,0.0,0.0,0.0,0.0,36.0,36.0,30.0,34.4,504.0,441.0,10.0,10.0,930.0,4040.0,0.0,0.0,0.0,1.0,19475.0,39.7,0.0,0.0,,,,,,,,,,,,,,54.625,44.6875,46.5625,20.625,54.625,755.0,5.0,1190.0,570.0,24.1,22.6,254.0,20.0,0.0,8.0,0.0,0.0,1.0,0.0,8.0,0.0,5.0,2.0,4.0,100.0,6.0,28488.0,101.0,0.0,0.0,0.0,0.0,21.0,0.0,0.0,4.2,5000.0,4990.0,4980.0,1.0,1.0,0.0,31.0,2527.0,0.0,255.0,850.0,278.0,0.0,0.0,1245716.0,3.008,3.0,50.0,
1788528274912,2026-09-04T17:24:34.912,0.0,4.0,0.0,1.0,1962.0,14.3,68.0,2.94,2.94,2.94,2.94,0.0,1.0,102.0,0.0,0.0,68.0,76.0,83.0,0.12461773999999998,0.12461773999999998,50.0,0.999,39.0,25.0,25.0,-27.0,25.0,25.0,25.0,25.0,0.0,0.0,0.0,0.0,36.0,22.0,24.0,24.8,336.0,357.0,7.0,6.0,780.0,4180.0,0.0,0.0,0.0,1.0,19475.0,23.900000000000002,1.0,0.0,,,,,,,,,,,,,,19.4375,17.8125,18.25,22.125,19.4375,754.0,7.0,970.0,460.0,17.0,16.0,254.0,20.0,0.0,8.0,0.0,0.0,1.0,0.0,8.0,0.0,5.0,2.0,4.0,100.0,7.0,28488.0,101.0,0.0,0.0,0.0,0.0,21.0,0.0,0.0,4.2,5000.0,4990.0,5000.0,1.0,1.0,0.0,31.0,2678.0,0.0,255.0,850.0,278.0,0.0,0.0,1245716.0,3.008,3.0,50.0,
1788528275704,2026-09-04T17:24:35.704,0.0,4.0,0.0,1.0,1527.0,14.3,68.0,3.5,3.5,3.5,3.5,0.0,1.0,161.0,0.0,0.0,68.0,76.5,83.0,0.14903373999999997,0.14903373999999997,49.0,0.999,41.0,22.0,22.0,-34.0,22.0,22.0,22.0,22.0,0.0,0.0,0.0,0.0,36.0,32.0,32.0,25.5,462.0,462.0,7.0,7.0,820.0,4160.0,0.0,0.0,0.0,1.0,19475.0,26.3,0.0,0.0,,,,,,,,,,,,,,27.5,29.0,28.9375,23.875,27.5,753.0,9.0,840.0,400.0,13.600000000000001,12.5,254.0,20.0,0.0,8.0,0.0,0.0,1.0,0.0,8.0,0.0,5.0,2.0,4.0,100.0,7.0,28488.0,101.0,0.0,0.0,0.0,0.0,21.0,0.0,0.0,4.2,5000.0,4990.0,4980.0,1.0,1.0,0.0,31.0,2153.0,0.0,255.0,850.0,278.0,0.0,0.0,1245716.0,3.008,3.0,50.0,
1788528276471,2026-09-04T17:24:36.471,0.0,4.0,0.0,1.0,1408.0,14.200000000000001,68.0,2.77,2.77,2.77,2.77,1.0,1.0,761.0,1.0,0.0,703.0,77.0,82.5,0.14331124,0.14331124,49.0,0.999,32.0,22.0,22.0,-29.0,22.0,22.0,22.0,22.0,0.0,0.0,0.0,0.0,36.0,21.0,25.0,19.8,336.0,378.0,5.0,5.0,730.0,4250.0,0.0,0.0,0.0,1.0,19475.0,17.7,0.0,0.0,,,,,,,,,,,,,,4.25,13.25,13.25,24.75,4.25,753.0,10.0,660.0,310.0,7.9,6.9,254.0,20.0,0.0,8.0,0.0,0.0,1.0,0.0,8.0,0.0,5.0,2.0,4.0,100.0,7.0,28488.0,101.0,0.0,0.0,0.0,0.0,21.0,0.0,0.0,4.2,5000.0,4990.0,4970.0,1.0,1.0,0.0,31.0,2460.0,0.0,255.0,850.0,278.0,0.0,0.0,1245716.0,3.008,3.0,50.0,
1788528277206,2026-09-04T17:24:37.206,0.0,4.0,0.0,1.0,1489.0,14.3,68.0,1.51,1.51,1.51,1.51,0.0,1.0,102.0,1.0,0.0,610.0,78.0,83.0,0.12245082000000002,0.12245082000000002,48.0,0.999,24.0,28.0,28.0,-6.0,28.0,28.0,28.0,28.0,0.0,0.0,0.0,0.0,35.0,17.0,18.0,14.4,273.0,273.0,4.0,4.0,680.0,4300.0,0.0,0.0,0.0,1.0,19475.0,14.5,1.0,0.0,,,,,,,,,,,,,,3.125,3.375,3.375,24.625,3.125,753.0,10.0,650.0,310.0,7.800000000000001,6.6000000000000005,254.0,20.0,0.0,8.0,0.0,0.0,0.0,0.0,8.0,0.0,5.0,2.0,4.0,0.0,7.0,28488.0,101.0,0.0,0.0,0.0,0.0,21.0,0.0,0.0,4.2,5000.0,4990.0,4980.0,1.0,1.0,0.0,31.0,2852.0,0.0,255.0,850.0,278.0,0.0,0.0,1245716.0,3.008,3.0,50.0,
1788528278249,2026-09-04T17:24:38.249,0.0,4.0,0.0,1.0,1434.0,14.3,68.0,1.77,1.77,1.77,1.77,1.0,1.0,576.0,0.0,0.0,102.0,79.0,83.0,0.18896153,0.18896153,47.0,0.999,25.0,28.0,28.0,-6.0,28.0,28.0,28.0,28.0,0.0,0.0,0.0,0.0,35.0,18.0,18.0,14.5,294.0,273.0,4.0,4.0,690.0,4290.0,0.0,0.0,0.0,1.0,19475.0,14.9,0.0,0.0,,,,,,,,,,,,,,3.5625,3.4375,3.5,25.8125,3.5625,753.0,10.0,660.0,310.0,7.9,6.6000000000000005,254.0,20.0,0.0,8.0,0.0,0.0,0.0,0.0,8.0,0.0,5.0,2.0,4.0,0.0,7.0,28488.0,101.0,0.0,0.0,0.0,0.0,22.0,0.0,0.0,4.2,5000.0,4990.0,4990.0,1.0,1.0,0.0,31.0,2370.0,0.0,255.0,850.0,278.0,0.0,0.0,1245716.0,3.008,3.0,50.0,
1788528279079,2026-09-04T17:24:39.079,0.0,4.0,0.0,1.0,1429.0,14.3,68.0,1.84,1.84,1.84,1.84,1.0,1.0,805.0,1.0,0.0,781.0,80.0,83.0,0.11372972999999997,0.11372972999999997,47.0,0.999,25.0,27.0,27.0,-8.0,27.0,27.0,27.0,27.0,0.0,0.0,0.0,0.0,35.0,21.0,19.0,15.4,315.0,294.0,5.0,5.0,710.0,4260.0,0.0,0.0,0.0,1.0,19475.0,17.0,1.0,0.0,,,,,,,,,,,,,,9.0625,7.0625,7.125,25.125,9.0625,752.0,10.0,770.0,370.0,11.100000000000001,10.100000000000001,254.0,20.0,0.0,8.0,0.0,0.0,0.0,0.0,8.0,0.0,5.0,2.0,4.0,0.0,9.0,28488.0,101.0,0.0,0.0,0.0,0.0,22.0,0.0,0.0,4.2,5000.0,4990.0,4980.0,1.0,1.0,0.0,31.0,2958.0,0.0,255.0,850.0,278.0,0.0,0.0,1245716.0,3.008,3.0,50.0,
1788528279848,2026-09-04T17:24:39.848,0.0,4.0,0.0,1.0,1319.0,14.200000000000001,68.0,1.51,1.51,1.51,1.51,1.0,1.0,771.0,1.0,0.0,786.0,81.0,83.5,0.06663736999999997,0.06663736999999997,46.0,0.999,23.0,28.0,28.0,-18.0,-1.0,-1.0,-1.0,-1.0,0.0,0.0,0.0,0.0,35.0,12.0,15.0,8.8,210.0,252.0,2.0,2.0,590.0,4390.0,0.0,0.0,0.0,1.0,19475.0,7.6000000000000005,0.0,0.0,,,,,,,,,,,,,,-27.3125,-10.8125,-10.4375,27.125,-27.3125,752.0,9.0,390.0,200.0,0.0,0.0,254.0,20.0,0.0,8.0,0.0,1.0,1.0,0.0,8.0,0.0,5.0,1.0,4.0,100.0,9.0,28488.0,101.0,0.0,0.0,0.0,0.0,22.0,0.0,0.0,4.2,5000.0,4990.0,4990.0,1.0,1.0,0.0,31.0,2028.0,0.0,255.0,850.0,298.0,0.0,0.0,1245716.0,3.008,3.0,50.0,
1788528280651,2026-09-04T17:24:40.651,0.0,4.0,0.0,1.0,868.0,14.200000000000001,68.0,1.71,1.71,1.71,1.71,0.0,1.0,83.0,0.0,0.0,48.0,81.5,83.5,0.09066424000000001,0.09066424000000001,45.0,0.999,16.0,21.0,21.0,-5.0,7.0,7.0,7.0,7.0,0.0,0.0,0.0,0.0,35.0,18.0,17.0,8.0,294.0,294.0,2.0,2.0,600.0,4370.0,0.0,0.0,0.0,1.0,19475.0,8.6,1.0,0.0,,,,,,,,,,,,,,-28.75,-3.25,-3.4375,28.5625,-28.75,752.0,7.0,390.0,200.0,0.0,0.0,254.0,20.0,0.0,8.0,0.0,1.0,1.0,0.0,8.0,0.0,5.0,1.0,4.0,100.0,6.0,28488.0,101.0,0.0,0.0,0.0,0.0,22.0,0.0,0.0,4.2,5000.0,4990.0,4980.0,1.0,1.0,0.0,31.0,1456.0,0.0,255.0,850.0,294.0,0.0,0.0,1245716.0,3.008,3.0,50.0,
1788528281432,2026-09-04T17:24:41.432,0.0,4.0,0.0,1.0,801.0,14.100000000000001,68.0,1.8,1.8,1.8,1.8,1.0,1.0,830.0,1.0,0.0,766.0,82.5,84.0,0.07130692999999999,0.07130692999999999,45.0,0.999,19.0,18.0,18.0,-9.0,-1.0,-1.0,-1.0,-1.0,0.0,0.0,0.0,0.0,35.0,19.0,19.0,8.200000000000001,315.0,315.0,2.0,2.0,600.0,4380.0,0.0,0.0,0.0,1.0,19475.0,8.4,1.0,0.0,,,,,,,,,,,,,,-29.375,-4.8125,-5.75,29.1875,-29.375,751.0,3.0,390.0,200.0,0.0,0.0,254.0,20.0,0.0,8.0,0.0,1.0,1.0,0.0,8.0,0.0,5.0,1.0,4.0,100.0,4.0,28488.0,101.0,0.0,0.0,0.0,0.0,22.0,0.0,0.0,4.2,5000.0,4990.0,4990.0,1.0,1.0,0.0,31.0,1314.0,0.0,255.0,850.0,308.0,0.0,0.0,1245716.0,3.008,3.0,50.0,
1788528282151,2026-09-04T17:24:42.151,0.0,4.0,0.0,1.0,760.0,14.3,69.0,1.8,1.8,1.8,1.8,1.0,1.0,830.0,1.0,0.0,834.0,81.0,82.5,0.06352433000000002,0.06352433000000002,44.0,0.999,18.0,17.0,17.0,-10.0,-1.0,-1.0,-1.0,-1.0,0.0,0.0,0.0,0.0,36.0,19.0,19.0,8.1,315.0,315.0,2.0,2.0,600.0,4390.0,0.0,0.0,0.0,1.0,19475.0,8.200000000000001,0.0,0.0,,,,,,,,,,,,,,-29.8125,-5.0625,-5.8125,29.625,-29.8125,751.0,1.0,390.0,200.0,0.0,0.0,254.0,20.0,0.0,8.0,0.0,0.0,1.0,0.0,8.0,0.0,5.0,1.0,4.0,100.0,5.0,28488.0,101.0,0.0,0.0,0.0,0.0,22.0,0.0,0.0,4.2,5000.0,4990.0,4980.0,1.0,1.0,0.0,31.0,1471.0,0.0,255.0,850.0,324.0,0.0,0.0,1245716.0,3.008,3.0,50.0,
1788528282973,2026-09-04T17:24:42.973,0.0,4.0,0.0,1.0,765.0,14.200000000000001,69.0,1.76,1.76,1.76,1.76,1.0,1.0,825.0,1.0,0.0,834.0,82.5,83.5,0.056130860000000005,0.056130860000000005,44.0,0.999,18.0,18.0,18.0,-9.0,0.0,0.0,0.0,0.0,0.0,0.0,0.0,0.0,35.0,19.0,19.0,8.0,315.0,315.0,2.0,2.0,600.0,4390.0,0.0,0.0,0.0,1.0,19475.0,8.0,1.0,0.0,,,,,,,,,,,,,,49.9375,-0.3125,-4.3125,29.125,49.9375,751.0,0.0,650.0,310.0,7.6000000000000005,6.300000000000001,254.0,20.0,0.0,8.0,0.0,0.0,1.0,0.0,8.0,0.0,5.0,2.0,4.0,100.0,9.0,28488.0,101.0,0.0,0.0,0.0,0.0,22.0,0.0,0.0,4.2,5000.0,4990.0,4980.0,1.0,1.0,0.0,31.0,1551.0,0.0,255.0,850.0,323.0,0.0,0.0,1245716.0,3.008,3.0,50.0,
1788528283612,2026-09-04T17:24:43.612,0.0,4.0,0.0,1.0,1444.0,14.3,69.0,6.48,6.48,6.48,6.48,1.0,1.0,703.0,1.0,0.0,820.0,83.0,83.5,0.015478219999999987,0.015478219999999987,43.0,0.999,99.0,20.0,20.0,-36.0,17.0,17.0,17.0,17.0,0.0,0.0,0.0,0.0,36.0,19.0,31.0,31.6,294.0,462.0,6.0,6.0,770.0,4210.0,0.0,0.0,0.0,1.0,19475.0,21.0,0.0,0.0,,,,,,,,,,,,,,-1.375,15.4375,14.9375,28.375,-1.375,751.0,0.0,880.0,420.0,14.600000000000001,13.3,254.0,20.0,0.0,8.0,0.0,0.0,1.0,0.0,8.0,0.0,5.0,2.0,4.0,100.0,8.0,28488.0,101.0,0.0,0.0,0.0,0.0,22.0,0.0,0.0,4.2,5000.0,4990.0,4980.0,1.0,1.0,0.0,31.0,3892.0,0.0,255.0,850.0,322.0,0.0,0.0,1245716.0,3.008,3.0,50.0,
1788528284341,2026-09-04T17:24:44.341,0.0,4.0,0.0,1.0,1718.0,14.200000000000001,69.0,1.55,1.55,1.55,1.55,0.0,1.0,126.0,1.0,0.0,732.0,82.0,83.5,0.047348730000000006,0.047348730000000006,43.0,0.999,36.0,27.0,27.0,-18.0,-8.0,-8.0,-8.0,-8.0,0.0,0.0,0.0,0.0,36.0,15.0,16.0,9.8,252.0,273.0,2.0,2.0,600.0,4380.0,0.0,0.0,0.0,1.0,19475.0,9.8,0.0,0.0,,,,,,,,,,,,,,-28.25,-13.5625,-12.375,28.0625,-28.25,751.0,1.0,510.0,230.0,3.4000000000000004,2.2,254.0,20.0,0.0,8.0,0.0,0.0,1.0,0.0,8.0,0.0,5.0,1.0,4.0,100.0,7.0,28488.0,101.0,0.0,0.0,0.0,0.0,22.0,0.0,0.0,4.2,5000.0,4990.0,4980.0,1.0,1.0,0.0,31.0,1545.0,0.0,255.0,850.0,299.0,0.0,0.0,1245716.0,3.008,3.0,50.0,
1788528285151,2026-09-04T17:24:45.151,0.0,4.0,0.0,1.0,912.0,13.9,69.0,1.83,1.83,1.83,1.83,0.0,1.0,53.0,0.0,0.0,34.0,86.0,88.0,0.08568947999999998,0.08568947999999998,42.0,0.999,22.0,17.0,17.0,-30.0,15.0,15.0,15.0,15.0,0.0,0.0,0.0,0.0,36.0,52.0,47.0,27.900000000000002,756.0,693.0,12.0,13.0,1050.0,3920.0,11.0,1.0,93.0,1.0,19475.0,29.0,1.0,0.0,,,,,,,,,,,,,,48.25,64.5625,64.625,25.5,48.25,750.0,0.0,1190.0,570.0,23.6,22.3,254.0,20.0,0.0,8.0,0.0,0.0,1.0,0.0,8.0,0.0,5.0,2.0,4.0,100.0,7.0,28488.0,101.0,0.0,0.0,0.0,0.0,22.0,0.0,0.0,4.3,5000.0,4990.0,4980.0,1.0,1.0,0.0,31.0,3812.0,0.0,255.0,850.0,301.0,0.0,0.0,1245716.0,3.008,3.0,50.0,
1788528286176,2026-09-04T17:24:46.176,0.0,4.0,0.0,1.0,1927.0,14.200000000000001,69.0,1.09,1.09,1.09,1.09,1.0,1.0,747.0,1.0,0.0,751.0,82.0,84.0,0.05792390999999997,0.05792390999999997,41.0,0.999,38.0,32.0,32.0,-21.0,7.0,7.0,7.0,7.0,0.0,0.0,0.0,0.0,36.0,18.0,16.0,13.200000000000001,273.0,252.0,4.0,3.0,660.0,4330.0,0.0,0.0,0.0,1.0,19475.0,14.700000000000001,0.0,0.0,,,,,,,,,,,,,,-0.0625,-0.25,-1.1875,25.9375,-0.0625,750.0,0.0,600.0,280.0,6.2,4.800000000000001,254.0,20.0,0.0,8.0,0.0,0.0,1.0,0.0,8.0,0.0,5.0,2.0,4.0,100.0,7.0,28488.0,101.0,0.0,0.0,0.0,0.0,22.0,0.0,0.0,4.2,5000.0,4990.0,4980.0,1.0,1.0,0.0,31.0,2111.0,0.0,255.0,850.0,286.0,0.0,0.0,1245716.0,3.008,3.0,50.0,
1788528286989,2026-09-04T17:24:46.989,0.0,4.0,0.0,1.0,1252.0,14.3,69.0,2.15,2.15,2.15,2.15,0.0,1.0,58.0,0.0,0.0,43.0,80.5,84.0,0.11673594999999998,0.11673594999999998,41.0,0.999,37.0,21.0,21.0,-21.0,7.0,7.0,7.0,7.0,0.0,0.0,0.0,0.0,36.0,26.0,24.0,17.3,399.0,357.0,5.0,5.0,730.0,4250.0,0.0,0.0,0.0,1.0,19475.0,19.0,1.0,0.0,,,,,,,,,,,,,,11.9375,10.8125,10.1875,26.125,11.9375,750.0,0.0,750.0,360.0,10.5,9.5,254.0,20.0,0.0,8.0,0.0,0.0,1.0,0.0,8.0,0.0,5.0,2.0,4.0,100.0,7.0,28488.0,101.0,0.0,0.0,0.0,0.0,22.0,0.0,0.0,4.3,5000.0,4990.0,4980.0,1.0,1.0,0.0,31.0,2332.0,0.0,255.0,850.0,288.0,0.0,0.0,1245716.0,3.008,3.0,50.0,
1788528287780,2026-09-04T17:24:47.780,0.0,4.0,0.0,1.0,1510.0,14.3,70.0,2.92,2.92,2.92,2.92,1.0,1.0,742.0,1.0,0.0,727.0,81.0,84.0,0.10891519999999999,0.10891519999999999,40.0,0.999,53.0,23.0,23.0,-29.0,4.0,4.0,4.0,4.0,0.0,0.0,0.0,0.0,36.0,26.0,27.0,22.6,399.0,399.0,6.0,6.0,770.0,4190.0,0.0,0.0,0.0,1.0,19475.0,22.6,0.0,0.0,,,,,,,,,,,,,,12.9375,13.1875,13.0,23.375,12.9375,750.0,0.0,840.0,410.0,13.4,12.5,254.0,20.0,0.0,8.0,0.0,0.0,1.0,0.0,8.0,0.0,5.0,2.0,4.0,100.0,8.0,28488.0,101.0,0.0,0.0,0.0,0.0,22.0,0.0,0.0,4.3,5000.0,4990.0,4980.0,1.0,1.0,0.0,31.0,2973.0,0.0,255.0,850.0,289.0,0.0,0.0,1245716.0,3.008,3.0,50.0,
1788528288577,2026-09-04T17:24:48.577,0.0,4.0,0.0,1.0,1572.0,14.3,70.0,2.72,2.72,2.72,2.72,0.0,1.0,78.0,0.0,0.0,78.0,80.5,84.5,0.1294399,0.1294399,40.0,0.999,56.0,24.0,24.0,-28.0,7.0,7.0,7.0,7.0,0.0,0.0,0.0,0.0,36.0,26.0,27.0,24.1,399.0,399.0,6.0,7.0,800.0,4180.0,0.0,0.0,0.0,1.0,19475.0,23.400000000000002,1.0,0.0,,,,,,,,,,,,,,14.1875,14.125,13.5,22.625,14.1875,750.0,0.0,860.0,410.0,14.0,12.700000000000001,254.0,20.0,0.0,8.0,0.0,0.0,1.0,0.0,8.0,0.0,5.0,2.0,4.0,100.0,8.0,28488.0,101.0,0.0,0.0,0.0,0.0,22.0,0.0,0.0,4.2,5000.0,4990.0,4990.0,1.0,1.0,0.0,31.0,2423.0,0.0,255.0,850.0,290.0,0.0,0.0,1245716.0,3.008,3.0,50.0,
1788528289361,2026-09-04T17:24:49.361,0.0,4.0,0.0,1.0,1616.0,14.3,70.0,2.87,2.87,2.87,2.87,0.0,1.0,92.0,0.0,0.0,87.0,80.0,84.5,0.18422329999999998,0.18422329999999998,39.0,0.999,56.0,24.0,24.0,-28.0,6.0,6.0,6.0,6.0,0.0,0.0,0.0,0.0,36.0,27.0,27.0,24.0,399.0,399.0,7.0,7.0,790.0,4190.0,0.0,0.0,0.0,1.0,19475.0,23.900000000000002,1.0,0.0,,,,,,,,,,,,,,14.5625,14.5625,14.3125,23.125,14.5625,750.0,0.0,740.0,350.0,11.100000000000001,10.100000000000001,254.0,20.0,0.0,8.0,0.0,0.0,1.0,0.0,8.0,0.0,5.0,2.0,4.0,100.0,8.0,28488.0,101.0,0.0,0.0,0.0,0.0,22.0,0.0,0.0,4.2,5000.0,4990.0,4980.0,1.0,1.0,0.0,31.0,3267.0,0.0,255.0,850.0,290.0,0.0,0.0,1245716.0,3.008,3.0,50.0,
1788528290131,2026-09-04T17:24:50.131,0.0,4.0,0.0,1.0,1380.0,14.3,70.0,1.61,1.61,1.61,1.61,1.0,1.0,771.0,1.0,0.0,722.0,79.5,84.5,0.18358238,0.18358238,39.0,0.999,21.0,24.0,24.0,-30.0,2.0,2.0,2.0,2.0,0.0,0.0,0.0,0.0,36.0,19.0,19.0,13.5,315.0,294.0,4.0,4.0,670.0,4310.0,0.0,0.0,0.0,1.0,19475.0,14.100000000000001,0.0,0.0,,,,,,,,,,,,,,2.1875,1.75,1.0,26.25,2.1875,750.0,0.0,580.0,270.0,5.6000000000000005,4.2,254.0,20.0,0.0,8.0,0.0,0.0,1.0,0.0,8.0,0.0,5.0,2.0,4.0,100.0,8.0,28488.0,101.0,0.0,0.0,0.0,0.0,22.0,0.0,0.0,4.3,5000.0,4990.0,4990.0,1.0,1.0,0.0,31.0,2058.0,0.0,255.0,850.0,290.0,0.0,0.0,1245716.0,3.008,3.0,50.0,
1788528290991,2026-09-04T17:24:50.991,0.0,4.0,0.0,1.0,1234.0,14.3,70.0,3.0100000000000002,3.0100000000000002,3.0100000000000002,3.0100000000000002,1.0,1.0,732.0,0.0,0.0,175.0,79.0,84.0,0.16301952999999997,0.16301952999999997,38.0,0.999,23.0,19.0,19.0,-26.0,6.0,6.0,6.0,6.0,0.0,0.0,0.0,0.0,36.0,29.0,25.0,18.0,441.0,378.0,6.0,6.0,750.0,4230.0,0.0,0.0,0.0,1.0,19475.0,21.0,1.0,0.0,,,,,,,,,,,,,,35.8125,18.6875,18.5625,25.3125,35.8125,750.0,0.0,1000.0,480.0,17.8,16.6,254.0,20.0,0.0,8.0,0.0,0.0,1.0,0.0,8.0,0.0,5.0,2.0,4.0,100.0,8.0,28488.0,101.0,0.0,0.0,0.0,0.0,22.0,0.0,0.0,4.3,5000.0,4990.0,4970.0,1.0,1.0,0.0,31.0,2972.0,0.0,255.0,850.0,291.0,0.0,0.0,1245716.0,3.008,3.0,50.0,
1788528291837,2026-09-04T17:24:51.837,0.0,4.0,0.0,1.0,1762.0,14.200000000000001,70.0,5.53,5.53,5.53,5.53,1.0,1.0,795.0,1.0,0.0,805.0,80.5,84.5,0.11089136999999999,0.11089136999999999,38.0,0.999,47.0,24.0,24.0,-34.0,21.0,21.0,21.0,21.0,0.0,0.0,0.0,0.0,36.0,29.0,33.0,31.6,441.0,462.0,8.0,8.0,840.0,4140.0,0.0,0.0,0.0,1.0,19475.0,29.8,0.0,0.0,,,,,,,,,,,,,,29.375,29.25,29.25,23.25,29.375,750.0,1.0,1050.0,500.0,19.900000000000002,18.6,254.0,20.0,0.0,8.0,0.0,0.0,1.0,0.0,8.0,0.0,5.0,2.0,4.0,100.0,8.0,28488.0,101.0,0.0,0.0,0.0,0.0,22.0,0.0,0.0,4.3,5000.0,4990.0,4970.0,1.0,1.0,0.0,31.0,3580.0,0.0,255.0,850.0,291.0,0.0,0.0,1245716.0,3.008,3.0,50.0,
1788528292592,2026-09-04T17:24:52.592,0.0,4.0,0.0,1.0,1691.0,14.100000000000001,70.0,2.56,2.56,2.56,2.56,1.0,1.0,698.0,1.0,0.0,766.0,81.5,86.5,0.07598411999999999,0.07598411999999999,37.0,0.999,17.0,24.0,24.0,-35.0,-28.0,-28.0,-28.0,-28.0,0.0,0.0,0.0,0.0,36.0,13.0,18.0,12.600000000000001,231.0,294.0,2.0,2.0,620.0,4370.0,0.0,0.0,0.0,1.0,19475.0,9.9,1.0,0.0,,,,,,,,,,,,,,-27.0,-19.25,-18.1875,26.9375,-27.0,750.0,1.0,390.0,200.0,0.0,0.0,254.0,20.0,0.0,8.0,0.0,0.0,1.0,0.0,8.0,0.0,5.0,1.0,4.0,100.0,7.0,28488.0,101.0,0.0,0.0,0.0,0.0,22.0,0.0,0.0,4.3,5000.0,4990.0,4990.0,1.0,1.0,0.0,31.0,1680.0,0.0,255.0,850.0,298.0,0.0,0.0,1245716.0,3.008,3.0,50.0,
1788528293365,2026-09-04T17:24:53.365,0.0,4.0,0.0,1.0,920.0,13.9,70.0,1.71,1.71,1.71,1.71,0.0,1.0,78.0,0.0,0.0,73.0,84.0,89.5,0.09762280000000001,0.09762280000000001,36.0,0.999,12.0,21.0,21.0,-5.0,1.0,1.0,1.0,1.0,0.0,0.0,0.0,0.0,35.0,18.0,18.0,8.6,294.0,294.0,2.0,2.0,610.0,4370.0,0.0,0.0,0.0,1.0,19475.0,8.9,1.0,0.0,,,,,,,,,,,,,,-28.0625,-5.75,-5.8125,28.1875,-28.0625,750.0,0.0,390.0,200.0,0.0,0.0,254.0,20.0,0.0,8.0,0.0,1.0,1.0,0.0,8.0,0.0,5.0,1.0,4.0,100.0,8.0,28488.0,101.0,0.0,0.0,0.0,0.0,22.0,0.0,0.0,4.2,5000.0,4990.0,4990.0,1.0,1.0,0.0,31.0,1402.0,0.0,255.0,850.0,307.0,0.0,0.0,1245716.0,3.008,3.0,50.0,
1788528294460,2026-09-04T17:24:54.460,0.0,4.0,0.0,1.0,798.0,14.3,70.0,2.15,2.15,2.15,2.15,1.0,1.0,849.0,1.0,0.0,776.0,80.0,85.0,0.08298083,0.08298083,36.0,0.999,14.0,19.0,19.0,-8.0,-1.0,-1.0,-1.0,-1.0,0.0,0.0,0.0,0.0,36.0,18.0,18.0,8.0,315.0,294.0,2.0,2.0,600.0,4390.0,0.0,0.0,0.0,1.0,19475.0,8.4,0.0,0.0,,,,,,,,,,,,,,-29.125,-6.25,-6.875,29.25,-29.125,750.0,0.0,390.0,200.0,0.0,0.0,254.0,20.0,0.0,8.0,0.0,1.0,1.0,0.0,8.0,0.0,5.0,1.0,4.0,100.0,9.0,28488.0,101.0,0.0,0.0,0.0,0.0,22.0,0.0,0.0,4.3,5000.0,4990.0,4980.0,1.0,1.0,0.0,31.0,1328.0,0.0,255.0,850.0,313.0,0.0,0.0,1245716.0,3.008,3.0,50.0,
1788528295240,2026-09-04T17:24:55.240,0.0,4.0,0.0,1.0,757.0,14.3,70.0,2.33,2.33,2.33,2.33,1.0,1.0,864.0,1.0,0.0,869.0,81.5,86.0,0.07563313999999999,0.07563313999999999,35.0,0.999,16.0,16.0,16.0,-14.0,-5.0,-5.0,-5.0,-5.0,0.0,0.0,0.0,0.0,36.0,21.0,21.0,8.4,357.0,336.0,2.0,2.0,600.0,4380.0,0.0,0.0,0.0,1.0,19475.0,8.9,1.0,0.0,,,,,,,,,,,,,,-28.875,-1.3125,-2.9375,29.0,-28.875,750.0,0.0,390.0,200.0,0.0,0.0,254.0,20.0,0.0,8.0,0.0,1.0,1.0,0.0,8.0,0.0,5.0,1.0,4.0,100.0,9.0,28488.0,101.0,0.0,0.0,0.0,0.0,22.0,0.0,0.0,4.3,5000.0,4990.0,4980.0,1.0,1.0,0.0,31.0,1478.0,0.0,255.0,850.0,313.0,0.0,0.0,1245716.0,3.008,3.0,50.0,
1788528295990,2026-09-04T17:24:55.990,0.0,4.0,0.0,1.0,749.0,14.200000000000001,71.0,2.43,2.43,2.43,2.43,1.0,1.0,849.0,1.0,0.0,864.0,82.0,86.0,0.06823966999999997,0.06823966999999997,35.0,0.999,17.0,15.0,15.0,-19.0,-9.0,-9.0,-9.0,-9.0,0.0,0.0,0.0,0.0,36.0,22.0,22.0,8.8,357.0,357.0,2.0,2.0,600.0,4380.0,0.0,0.0,0.0,1.0,19475.0,9.200000000000001,0.0,0.0,,,,,,,,,,,,,,-28.875,-0.5625,-2.875,29.0,-28.875,750.0,0.0,390.0,200.0,0.0,0.0,254.0,20.0,0.0,8.0,0.0,1.0,1.0,0.0,8.0,0.0,5.0,1.0,4.0,100.0,8.0,28488.0,101.0,0.0,0.0,0.0,0.0,22.0,0.0,0.0,4.3,5000.0,4990.0,4980.0,1.0,1.0,0.0,31.0,1281.0,0.0,255.0,850.0,313.0,0.0,0.0,1245716.0,3.008,3.0,50.0,
1788528296672,2026-09-04T17:24:56.672,0.0,4.0,0.0,1.0,752.0,14.3,71.0,2.45,2.45,2.45,2.45,1.0,1.0,830.0,1.0,0.0,849.0,81.5,85.0,0.06084620000000002,0.06084620000000002,34.0,0.999,16.0,15.0,15.0,-20.0,-6.0,-6.0,-6.0,-6.0,0.0,0.0,0.0,0.0,36.0,22.0,22.0,9.1,357.0,357.0,2.0,2.0,610.0,4370.0,0.0,0.0,0.0,1.0,19475.0,9.4,1.0,0.0,,,,,,,,,,,,,,-28.9375,-3.3125,-4.5625,29.0625,-28.9375,750.0,0.0,390.0,200.0,0.0,0.0,254.0,20.0,0.0,8.0,0.0,1.0,1.0,0.0,8.0,0.0,5.0,1.0,4.0,100.0,8.0,28488.0,101.0,0.0,0.0,0.0,0.0,22.0,0.0,0.0,4.3,5000.0,4990.0,4990.0,1.0,1.0,0.0,31.0,1426.0,0.0,255.0,850.0,313.0,0.0,0.0,1245716.0,3.008,3.0,50.0,
1788528297488,2026-09-04T17:24:57.488,0.0,4.0,0.0,1.0,748.0,14.200000000000001,71.0,2.46,2.46,2.46,2.46,1.0,1.0,825.0,1.0,0.0,844.0,81.5,85.0,0.05384186000000002,0.05384186000000002,34.0,0.999,16.0,15.0,15.0,-20.0,-5.0,-5.0,-5.0,-5.0,0.0,0.0,0.0,0.0,36.0,21.0,22.0,9.1,357.0,357.0,2.0,2.0,610.0,4380.0,0.0,0.0,0.0,1.0,19475.0,9.3,0.0,0.0,,,,,,,,,,,,,,-28.75,-3.125,-4.3125,28.875,-28.75,750.0,0.0,390.0,200.0,0.0,0.0,254.0,20.0,0.0,8.0,0.0,1.0,1.0,0.0,8.0,0.0,5.0,1.0,4.0,100.0,9.0,28488.0,101.0,0.0,0.0,0.0,0.0,22.0,0.0,0.0,4.3,5000.0,4990.0,4980.0,1.0,1.0,0.0,31.0,1243.0,0.0,255.0,850.0,313.0,0.0,0.0,1245716.0,3.008,3.0,50.0,
1788528298266,2026-09-04T17:24:58.266,0.0,4.0,0.0,1.0,748.0,14.200000000000001,71.0,2.47,2.47,2.47,2.47,1.0,1.0,820.0,1.0,0.0,839.0,81.5,85.0,0.046448390000000006,0.046448390000000006,33.0,0.999,15.0,15.0,15.0,-20.0,-4.0,-4.0,-4.0,-4.0,0.0,0.0,0.0,0.0,36.0,22.0,22.0,9.0,357.0,357.0,2.0,2.0,610.0,4380.0,0.0,0.0,0.0,1.0,19475.0,9.3,0.0,0.0,,,,,,,,,,,,,,76.0,8.75,2.375,27.125,76.0,750.0,0.0,860.0,410.0,13.700000000000001,12.700000000000001,254.0,20.0,0.0,8.0,0.0,0.0,1.0,0.0,8.0,0.0,5.0,2.0,4.0,100.0,8.0,28488.0,101.0,0.0,0.0,0.0,0.0,22.0,0.0,0.0,4.3,5000.0,4990.0,4980.0,1.0,1.0,0.0,31.0,2269.0,0.0,255.0,857.0,340.0,0.0,0.0,1245716.0,3.008,3.0,50.0,
1788528299088,2026-09-04T17:24:59.088,0.0,4.0,0.0,1.0,1603.0,14.200000000000001,71.0,8.040000000000001,8.040000000000001,8.040000000000001,8.040000000000001,0.0,1.0,244.0,0.0,0.0,166.0,83.0,86.0,0.08637617999999997,0.08637617999999997,33.0,0.999,99.0,21.0,21.0,-36.0,18.0,18.0,18.0,18.0,0.0,0.0,0.0,0.0,36.0,15.0,29.0,28.0,252.0,420.0,5.0,5.0,730.0,4250.0,0.0,0.0,0.0,1.0,19475.0,17.1,1.0,0.0,,,,,,,,,,,,,,-7.4375,9.6875,9.0,28.5625,-7.4375,750.0,1.0,660.0,310.0,7.800000000000001,6.6000000000000005,254.0,20.0,0.0,8.0,0.0,0.0,1.0,0.0,8.0,0.0,5.0,2.0,4.0,100.0,8.0,28488.0,101.0,0.0,0.0,0.0,0.0,22.0,0.0,0.0,4.3,5000.0,4990.0,4990.0,1.0,1.0,0.0,31.0,2562.0,0.0,255.0,857.0,330.0,0.0,0.0,1245716.0,3.008,3.0,50.0,
1788528299953,2026-09-04T17:24:59.953,0.0,4.0,0.0,1.0,1322.0,14.200000000000001,71.0,2.75,2.75,2.75,2.75,1.0,1.0,742.0,1.0,0.0,820.0,81.5,85.5,0.03418697999999998,0.03418697999999998,32.0,0.999,24.0,19.0,19.0,-32.0,16.0,16.0,16.0,16.0,0.0,0.0,0.0,0.0,36.0,42.0,34.0,24.200000000000003,630.0,504.0,9.0,9.0,890.0,4090.0,0.0,0.0,0.0,1.0,19475.0,29.200000000000003,0.0,0.0,,,,,,,,,,,,,,43.5625,42.4375,42.25,27.0625,43.5625,750.0,2.0,1000.0,480.0,17.8,16.6,254.0,20.0,0.0,8.0,0.0,0.0,1.0,0.0,8.0,0.0,5.0,2.0,4.0,100.0,7.0,28488.0,101.0,0.0,0.0,0.0,0.0,22.0,0.0,0.0,4.3,5000.0,4990.0,4980.0,1.0,1.0,0.0,31.0,2529.0,0.0,255.0,857.0,329.0,0.0,0.0,1245716.0,3.008,3.0,50.0,
1788528300686,2026-09-04T17:25:00.686,0.0,4.0,0.0,1.0,1917.0,14.200000000000001,71.0,6.08,6.08,6.08,6.08,1.0,1.0,756.0,1.0,0.0,698.0,82.0,85.5,0.05658866000000001,0.05658866000000001,32.0,0.999,53.0,21.0,21.0,-36.0,21.0,21.0,21.0,21.0,0.0,0.0,0.0,0.0,36.0,47.0,52.0,58.400000000000006,588.0,609.0,14.0,14.0,1090.0,3890.0,21.0,22.0,39.0,1.0,19475.0,55.900000000000006,1.0,0.0,,,,,,,,,,,,,,56.8125,61.1875,61.125,23.1875,56.8125,750.0,6.0,1490.0,720.0,32.7,31.1,254.0,20.0,0.0,8.0,0.0,0.0,1.0,0.0,8.0,0.0,5.0,2.0,4.0,100.0,7.0,28488.0,101.0,0.0,0.0,0.0,0.0,22.0,0.0,0.0,4.3,5000.0,4990.0,4980.0,1.0,1.0,0.0,31.0,4107.0,0.0,255.0,857.0,330.0,0.0,0.0,1245716.0,3.008,3.0,50.0,
1788528301471,2026-09-04T17:25:01.471,0.0,4.0,0.0,1.0,2100.0,14.3,71.0,6.97,6.97,6.97,6.97,1.0,1.0,673.0,1.0,0.0,712.0,80.5,86.5,0.037345799999999985,0.037345799999999985,31.0,0.999,67.0,22.0,22.0,-36.0,22.0,22.0,22.0,22.0,0.0,0.0,0.0,0.0,36.0,52.0,53.0,60.5,630.0,630.0,15.0,15.0,1150.0,3820.0,23.0,23.0,27.0,1.0,19475.0,60.300000000000004,1.0,0.0,,,,,,,,,,,,,,69.375,72.5625,72.5,21.5625,69.375,750.0,11.0,1450.0,700.0,31.6,30.200000000000003,254.0,20.0,0.0,8.0,0.0,0.0,1.0,0.0,8.0,0.0,5.0,2.0,4.0,100.0,7.0,28488.0,101.0,0.0,0.0,0.0,0.0,22.0,0.0,0.0,4.3,5000.0,4990.0,4980.0,1.0,1.0,0.0,31.0,3828.0,0.0,255.0,857.0,330.0,0.0,0.0,1245716.0,3.008,3.0,50.0,
1788528302589,2026-09-04T17:25:02.589,0.0,4.0,0.0,1.0,1982.0,14.0,71.0,8.63,8.63,8.63,8.63,0.0,1.0,83.0,0.0,0.0,68.0,79.0,89.0,0.07994408999999997,0.07994408999999997,30.0,0.999,88.0,21.0,21.0,-36.0,21.0,21.0,21.0,21.0,0.0,0.0,0.0,0.0,36.0,53.0,57.0,69.10000000000001,651.0,651.0,17.0,17.0,1220.0,3750.0,32.0,33.0,42.0,1.0,19475.0,67.4,0.0,0.0,,,,,,,,,,,,,,65.4375,69.5,69.5,24.625,65.4375,750.0,17.0,1410.0,680.0,30.3,28.8,254.0,20.0,0.0,8.0,0.0,0.0,1.0,0.0,8.0,0.0,5.0,2.0,4.0,100.0,8.0,28488.0,101.0,0.0,0.0,0.0,0.0,22.0,0.0,0.0,4.3,5000.0,4990.0,4990.0,1.0,1.0,0.0,31.0,4933.0,0.0,255.0,857.0,330.0,0.0,0.0,1245716.0,3.008,3.0,50.0,
1788528303355,2026-09-04T17:25:03.355,0.0,4.0,0.0,1.0,2693.0,14.3,71.0,5.72,5.72,5.72,5.72,0.0,1.0,73.0,0.0,0.0,92.0,73.0,87.0,0.06240271999999997,0.06240271999999997,30.0,0.999,58.0,25.0,25.0,-27.0,25.0,25.0,25.0,25.0,0.0,0.0,0.0,0.0,35.0,42.0,42.0,65.3,546.0,546.0,15.0,15.0,1140.0,3840.0,4.0,8.0,33.0,1.0,19475.0,67.0,1.0,0.0,,,,,,,,,,,,,,50.375,50.75,51.375,22.0,50.375,750.0,21.0,1480.0,720.0,32.5,31.1,254.0,20.0,0.0,8.0,0.0,0.0,0.0,0.0,8.0,0.0,5.0,2.0,4.0,0.0,1.0,28488.0,101.0,0.0,0.0,0.0,0.0,22.0,0.0,0.0,4.3,5000.0,4990.0,4980.0,1.0,1.0,0.0,31.0,5000.0,0.0,255.0,857.0,330.0,0.0,0.0,1245716.0,3.008,3.0,50.0,
1788528304117,2026-09-04T17:25:04.117,0.0,4.0,0.0,1.0,3100.0,14.3,71.0,5.64,5.64,5.64,5.64,1.0,1.0,703.0,1.0,0.0,644.0,69.5,88.0,0.07002509000000001,0.07002509000000001,29.0,0.999,53.0,27.0,27.0,-24.0,27.0,27.0,27.0,27.0,0.0,0.0,0.0,0.0,35.0,43.0,45.0,78.30000000000001,546.0,546.0,17.0,17.0,1220.0,3750.0,13.0,12.0,54.0,1.0,19475.0,77.60000000000001,0.0,0.0,,,,,,,,,,,,,,58.8125,57.0625,57.0,22.5,58.8125,750.0,24.0,1630.0,790.0,36.9,35.2,254.0,20.0,0.0,8.0,0.0,0.0,0.0,0.0,8.0,0.0,5.0,2.0,4.0,0.0,0.0,28488.0,101.0,0.0,0.0,0.0,0.0,22.0,0.0,0.0,4.3,5000.0,4990.0,4980.0,1.0,1.0,0.0,31.0,5000.0,0.0,255.0,857.0,330.0,0.0,0.0,1245716.0,3.008,3.0,50.0,
1788528304998,2026-09-04T17:25:04.998,0.0,4.0,0.0,1.0,3628.0,14.200000000000001,72.0,7.36,7.36,7.36,7.36,1.0,1.0,722.0,1.0,0.0,639.0,67.0,87.5,0.09488363,0.09488363,29.0,1.0030000000000001,66.0,25.0,25.0,-9.0,25.0,25.0,25.0,25.0,0.0,0.0,0.0,0.0,35.0,36.0,46.0,88.5,420.0,504.0,16.0,15.0,1160.0,3820.0,17.0,31.0,0.0,1.0,19475.0,76.10000000000001,1.0,0.0,,,,,,,,,,,,,,-5.4375,-2.1875,-1.125,24.0625,-5.4375,750.0,27.0,390.0,200.0,0.0,0.0,254.0,20.0,0.0,8.0,0.0,0.0,1.0,0.0,8.0,0.0,5.0,0.0,4.0,100.0,0.0,28488.0,101.0,0.0,0.0,0.0,0.0,23.0,0.0,0.0,4.2,5000.0,4990.0,4980.0,1.0,1.0,0.0,31.0,4873.0,0.0,255.0,857.0,312.0,0.0,0.0,1245716.0,3.008,3.0,50.0,
1788528305732,2026-09-04T17:25:05.732,0.0,4.0,0.0,1.0,3028.0,14.3,72.0,0.0,0.0,0.0,0.0,0.0,0.0,4.0,0.0,0.0,19.0,52.0,86.5,1.9839999999993196E-5,1.9839999999993196E-5,28.0,0.999,0.0,39.0,39.0,-18.0,-18.0,-18.0,-18.0,-18.0,0.0,0.0,0.0,0.0,35.0,14.0,16.0,23.700000000000003,231.0,252.0,6.0,6.0,770.0,4210.0,0.0,0.0,0.0,1.0,19475.0,21.6,0.0,0.0,,,,,,,,,,,,,,20.75,8.125,8.1875,21.375,20.75,750.0,27.0,1290.0,620.0,26.200000000000003,24.700000000000003,254.0,20.0,0.0,8.0,0.0,0.0,1.0,0.0,8.0,0.0,5.0,2.0,4.0,100.0,2.0,28488.0,101.0,0.0,0.0,0.0,0.0,23.0,0.0,0.0,4.2,5000.0,4990.0,4990.0,1.0,1.0,0.0,31.0,2388.0,0.0,255.0,857.0,285.0,0.0,0.0,1245716.0,3.008,3.0,50.0,
1788528306513,2026-09-04T17:25:06.513,0.0,4.0,0.0,1.0,2150.0,14.3,73.0,7.8100000000000005,7.8100000000000005,7.8100000000000005,7.8100000000000005,1.0,1.0,834.0,1.0,0.0,791.0,48.0,86.5,-0.0040316900000000044,-0.0040316900000000044,28.0,0.999,0.0,21.0,21.0,-36.0,18.0,18.0,18.0,18.0,0.0,0.0,0.0,0.0,36.0,53.0,54.0,62.400000000000006,651.0,630.0,16.0,16.0,1170.0,3800.0,24.0,23.0,44.0,1.0,19475.0,62.7,1.0,0.0,,,,,,,,,,,,,,72.875,70.8125,69.1875,19.625,72.875,750.0,28.0,1450.0,700.0,31.3,29.900000000000002,254.0,20.0,0.0,8.0,0.0,0.0,1.0,0.0,8.0,0.0,5.0,2.0,4.0,100.0,7.0,28488.0,101.0,0.0,0.0,0.0,0.0,23.0,0.0,0.0,4.2,5000.0,4990.0,4980.0,1.0,1.0,0.0,31.0,3330.0,0.0,255.0,857.0,287.0,0.0,0.0,1245716.0,3.008,3.0,50.0,
1788528307293,2026-09-04T17:25:07.293,0.0,4.0,0.0,1.0,2253.0,14.3,73.0,8.18,8.18,8.18,8.18,0.0,1.0,117.0,0.0,0.0,97.0,48.0,86.0,0.06655343999999996,0.06655343999999996,28.0,0.999,0.0,22.0,22.0,-36.0,13.0,13.0,13.0,13.0,0.0,0.0,0.0,0.0,35.0,48.0,53.0,65.10000000000001,567.0,609.0,14.0,15.0,1120.0,3850.0,24.0,26.0,36.0,1.0,19475.0,62.0,1.0,0.0,,,,,,,,,,,,,,43.625,56.8125,50.1875,20.4375,43.625,750.0,30.0,1170.0,560.0,23.3,22.0,254.0,20.0,0.0,8.0,0.0,0.0,0.0,0.0,8.0,0.0,5.0,2.0,4.0,0.0,8.0,28488.0,101.0,0.0,0.0,0.0,0.0,23.0,0.0,0.0,4.2,5000.0,4990.0,4980.0,1.0,1.0,0.0,31.0,3301.0,0.0,255.0,857.0,288.0,0.0,0.0,1245716.0,3.008,3.0,50.0,
1788528308012,2026-09-04T17:25:08.012,0.0,4.0,0.0,1.0,2348.0,14.3,73.0,3.64,3.64,3.64,3.64,1.0,1.0,830.0,1.0,0.0,795.0,47.5,85.0,0.019743389999999972,0.019743389999999972,28.0,0.999,0.0,28.0,28.0,-36.0,16.0,16.0,16.0,16.0,0.0,0.0,0.0,0.0,35.0,17.0,22.0,26.900000000000002,252.0,294.0,6.0,7.0,790.0,4200.0,0.0,0.0,0.0,1.0,19475.0,23.5,0.0,0.0,,,,,,,,,,,,,,8.5,11.5625,12.5625,21.1875,8.5,750.0,30.0,910.0,430.0,15.5,14.200000000000001,254.0,20.0,0.0,8.0,0.0,0.0,0.0,0.0,8.0,0.0,5.0,2.0,4.0,0.0,8.0,28488.0,101.0,0.0,0.0,0.0,0.0,23.0,0.0,0.0,4.2,5000.0,4990.0,4980.0,1.0,1.0,0.0,31.0,3740.0,0.0,255.0,857.0,288.0,0.0,0.0,1245716.0,3.008,3.0,50.0,
1788528308852,2026-09-04T17:25:08.852,0.0,4.0,0.0,1.0,2334.0,14.3,73.0,2.33,2.33,2.33,2.33,1.0,1.0,830.0,1.0,0.0,834.0,47.5,84.0,-0.03958749,-0.03958749,29.0,0.999,0.0,31.0,31.0,-13.0,31.0,31.0,31.0,31.0,0.0,0.0,0.0,0.0,35.0,18.0,19.0,24.1,273.0,273.0,7.0,7.0,790.0,4190.0,0.0,0.0,0.0,1.0,19475.0,24.0,1.0,0.0,,,,,,,,,,,,,,8.8125,10.375,10.375,21.5625,8.8125,750.0,29.0,850.0,410.0,13.600000000000001,12.5,254.0,20.0,0.0,8.0,0.0,0.0,0.0,0.0,8.0,0.0,5.0,2.0,4.0,0.0,10.0,28488.0,101.0,0.0,0.0,0.0,0.0,23.0,0.0,0.0,4.2,5000.0,4990.0,4990.0,1.0,1.0,0.0,31.0,2578.0,0.0,255.0,857.0,279.0,0.0,0.0,1245716.0,3.008,3.0,50.0,
1788528309672,2026-09-04T17:25:09.672,0.0,4.0,0.0,1.0,2232.0,14.200000000000001,73.0,1.97,1.97,1.97,1.97,0.0,1.0,58.0,0.0,0.0,58.0,49.5,83.5,-0.05948653000000001,-0.05948653000000001,29.0,0.999,0.0,38.0,38.0,-1.0,38.0,38.0,38.0,38.0,0.0,0.0,0.0,0.0,35.0,14.0,15.0,18.5,210.0,231.0,5.0,5.0,720.0,4260.0,0.0,0.0,0.0,1.0,19475.0,17.7,0.0,0.0,,,,,,,,,,,,,,0.5,2.9375,3.0,22.25,0.5,750.0,28.0,760.0,360.0,11.0,9.8,254.0,20.0,0.0,8.0,0.0,0.0,0.0,0.0,8.0,0.0,5.0,2.0,4.0,0.0,8.0,28488.0,101.0,0.0,0.0,0.0,0.0,23.0,0.0,0.0,4.2,5000.0,4990.0,4980.0,1.0,1.0,0.0,31.0,3587.0,0.0,255.0,857.0,250.0,0.0,0.0,1245716.0,3.008,3.0,50.0,
1788528310812,2026-09-04T17:25:10.812,0.0,4.0,0.0,1.0,2081.0,14.3,73.0,1.83,1.83,1.83,1.83,1.0,1.0,649.0,0.0,0.0,112.0,51.5,84.0,-0.0073965200000000175,-0.0073965200000000175,29.0,0.999,0.0,42.0,42.0,-17.0,24.0,24.0,24.0,24.0,0.0,0.0,0.0,0.0,35.0,14.0,14.0,16.1,210.0,210.0,4.0,4.0,700.0,4280.0,0.0,0.0,0.0,1.0,19475.0,16.1,1.0,0.0,,,,,,,,,,,,,,-19.0,-10.5625,-9.6875,22.375,-19.0,750.0,26.0,490.0,220.0,2.8000000000000003,1.6,254.0,20.0,0.0,8.0,0.0,0.0,0.0,0.0,8.0,0.0,5.0,2.0,4.0,0.0,7.0,28488.0,101.0,0.0,0.0,0.0,0.0,23.0,0.0,0.0,4.2,5000.0,4990.0,4980.0,1.0,1.0,0.0,31.0,3306.0,0.0,255.0,857.0,231.0,0.0,0.0,1245716.0,3.008,3.0,50.0,
1788528311692,2026-09-04T17:25:11.692,0.0,4.0,0.0,1.0,1863.0,14.3,74.0,1.9000000000000001,1.9000000000000001,1.9000000000000001,1.9000000000000001,0.0,1.0,58.0,0.0,0.0,43.0,51.5,83.5,0.04112264999999998,0.04112264999999998,29.0,0.999,0.0,40.0,40.0,-17.0,-9.0,-9.0,-9.0,-9.0,0.0,0.0,0.0,0.0,35.0,14.0,15.0,14.3,210.0,210.0,4.0,4.0,670.0,4310.0,0.0,0.0,0.0,1.0,19475.0,14.100000000000001,0.0,0.0,,,,,,,,,,,,,,-23.3125,-22.8125,-22.25,24.25,-23.3125,750.0,23.0,450.0,210.0,1.8,0.7000000000000001,254.0,20.0,0.0,8.0,0.0,0.0,0.0,0.0,8.0,0.0,5.0,0.0,4.0,0.0,5.0,28488.0,101.0,0.0,0.0,0.0,0.0,23.0,0.0,0.0,4.2,5000.0,4990.0,4980.0,1.0,1.0,0.0,31.0,4119.0,0.0,255.0,857.0,230.0,0.0,0.0,1245716.0,3.008,3.0,50.0,
1788528312443,2026-09-04T17:25:12.443,0.0,4.0,0.0,1.0,1698.0,14.3,74.0,0.0,0.0,0.0,0.0,0.0,0.0,9.0,0.0,0.0,14.0,52.0,83.0,1.9839999999993196E-5,1.9839999999993196E-5,29.0,0.999,0.0,36.0,36.0,3.0,3.0,3.0,3.0,3.0,0.0,0.0,0.0,0.0,35.0,14.0,15.0,13.600000000000001,210.0,231.0,3.0,3.0,650.0,4340.0,0.0,0.0,0.0,1.0,19475.0,13.0,1.0,0.0,,,,,,,,,,,,,,-23.75,-23.75,-23.9375,24.9375,-23.75,750.0,21.0,390.0,200.0,0.0,0.0,254.0,20.0,0.0,8.0,0.0,1.0,1.0,0.0,8.0,0.0,5.0,0.0,4.0,100.0,0.0,28488.0,101.0,0.0,0.0,0.0,0.0,23.0,0.0,0.0,4.2,5000.0,4990.0,4990.0,1.0,1.0,0.0,31.0,3056.0,0.0,255.0,857.0,254.0,0.0,0.0,1245716.0,3.008,3.0,50.0,
1788528313313,2026-09-04T17:25:13.313,0.0,4.0,0.0,1.0,1472.0,14.3,74.0,2.64,2.64,2.64,2.64,0.0,0.0,0.0,0.0,0.0,0.0,56.0,83.0,1.9839999999993196E-5,1.9839999999993196E-5,29.0,1.3880000000000001,0.0,43.0,43.0,1.0,1.0,1.0,1.0,1.0,0.0,0.0,0.0,0.0,35.0,13.0,14.0,10.200000000000001,210.0,231.0,2.0,2.0,620.0,4370.0,0.0,0.0,0.0,1.0,19475.0,9.8,1.0,0.0,,,,,,,,,,,,,,-26.75,-24.8125,-19.625,27.9375,-26.75,750.0,18.0,390.0,200.0,0.0,0.0,254.0,20.0,0.0,8.0,0.0,1.0,1.0,0.0,8.0,0.0,5.0,1.0,4.0,100.0,3.0,28488.0,101.0,0.0,0.0,0.0,0.0,23.0,0.0,0.0,4.2,5000.0,4990.0,4970.0,1.0,1.0,0.0,31.0,1756.0,0.0,255.0,857.0,245.0,0.0,0.0,1245716.0,3.008,3.0,50.0,
1788528314072,2026-09-04T17:25:14.072,0.0,4.0,0.0,1.0,999.0,14.200000000000001,74.0,1.9000000000000001,1.9000000000000001,1.9000000000000001,1.9000000000000001,1.0,0.0,864.0,1.0,0.0,761.0,59.5,83.0,1.9839999999993196E-5,1.9839999999993196E-5,29.0,1.083,0.0,30.0,30.0,3.0,22.0,22.0,22.0,22.0,0.0,0.0,0.0,0.0,35.0,17.0,15.0,7.5,273.0,231.0,2.0,2.0,600.0,4390.0,0.0,0.0,0.0,1.0,19475.0,8.6,0.0,0.0,,,,,,,,,,,,,,-27.6875,-4.9375,-5.5625,28.875,-27.6875,750.0,10.0,390.0,200.0,0.0,0.0,254.0,20.0,0.0,8.0,0.0,1.0,1.0,0.0,8.0,0.0,5.0,1.0,4.0,100.0,2.0,28488.0,101.0,0.0,0.0,0.0,0.0,23.0,0.0,0.0,4.2,5000.0,4990.0,4980.0,1.0,1.0,0.0,31.0,1459.0,0.0,255.0,857.0,267.0,0.0,0.0,1245716.0,3.008,3.0,50.0,
1788528314848,2026-09-04T17:25:14.848,0.0,4.0,0.0,1.0,845.0,14.200000000000001,75.0,2.29,2.29,2.29,2.29,1.0,1.0,830.0,1.0,0.0,839.0,60.5,81.5,-0.007762760000000007,-0.007762760000000007,29.0,0.999,0.0,21.0,21.0,-6.0,4.0,4.0,4.0,4.0,0.0,0.0,0.0,0.0,35.0,18.0,17.0,7.9,294.0,273.0,2.0,2.0,600.0,4390.0,0.0,0.0,0.0,1.0,19475.0,8.4,1.0,0.0,,,,,,,,,,,,,,-28.0625,-5.1875,-4.9375,29.25,-28.0625,750.0,6.0,390.0,200.0,0.0,0.0,254.0,20.0,0.0,8.0,0.0,1.0,1.0,0.0,8.0,0.0,5.0,1.0,4.0,100.0,0.0,28488.0,101.0,0.0,0.0,0.0,0.0,23.0,0.0,0.0,4.2,5000.0,4990.0,4980.0,1.0,1.0,0.0,31.0,1465.0,0.0,255.0,857.0,276.0,0.0,0.0,1245716.0,3.008,3.0,50.0,
1788528315613,2026-09-04T17:25:15.613,0.0,4.0,0.0,1.0,796.0,14.200000000000001,75.0,2.31,2.31,2.31,2.31,1.0,1.0,854.0,1.0,0.0,849.0,62.0,82.0,-0.01632362000000001,-0.01632362000000001,29.0,0.999,0.0,21.0,21.0,-7.0,4.0,4.0,4.0,4.0,0.0,0.0,0.0,0.0,35.0,18.0,18.0,7.7,294.0,294.0,2.0,2.0,590.0,4380.0,0.0,0.0,0.0,1.0,19475.0,7.9,0.0,0.0,,,,,,,,,,,,,,-28.1875,-2.8125,-4.875,29.375,-28.1875,750.0,4.0,390.0,200.0,0.0,0.0,254.0,20.0,0.0,8.0,0.0,1.0,1.0,0.0,8.0,0.0,5.0,1.0,4.0,100.0,10.0,28488.0,101.0,0.0,0.0,0.0,0.0,23.0,0.0,0.0,4.2,5000.0,4990.0,4980.0,1.0,1.0,0.0,31.0,1553.0,0.0,255.0,857.0,299.0,0.0,0.0,1245716.0,3.008,3.0,50.0,
1788528316423,2026-09-04T17:25:16.423,0.0,4.0,0.0,1.0,779.0,14.100000000000001,75.0,2.31,2.31,2.31,2.31,1.0,1.0,839.0,1.0,0.0,844.0,64.5,83.5,-0.04067857999999999,-0.04067857999999999,29.0,0.999,0.0,19.0,19.0,-9.0,0.0,0.0,0.0,0.0,0.0,0.0,0.0,0.0,35.0,24.0,18.0,7.6000000000000005,378.0,294.0,2.0,2.0,590.0,4410.0,0.0,0.0,0.0,1.0,19475.0,10.100000000000001,0.0,0.0,,,,,,,,,,,,,,14.375,-2.75,0.5,29.0625,14.375,750.0,3.0,760.0,360.0,10.700000000000001,9.5,254.0,20.0,0.0,8.0,0.0,0.0,1.0,0.0,8.0,0.0,5.0,2.0,4.0,100.0,9.0,28488.0,101.0,0.0,0.0,0.0,0.0,23.0,0.0,0.0,4.2,5000.0,4990.0,4980.0,1.0,1.0,0.0,31.0,1330.0,0.0,255.0,857.0,296.0,0.0,0.0,1245716.0,3.008,3.0,50.0,
1788528317199,2026-09-04T17:25:17.199,0.0,4.0,0.0,1.0,831.0,14.3,75.0,4.49,4.49,4.49,4.49,1.0,1.0,786.0,1.0,0.0,820.0,64.0,80.5,-0.09115866,-0.09115866,29.0,0.999,0.0,13.0,12.0,-36.0,9.0,9.0,9.0,9.0,0.0,0.0,0.0,0.0,36.0,46.0,40.0,20.900000000000002,672.0,588.0,8.0,8.0,860.0,4120.0,0.0,0.0,0.0,1.0,19475.0,23.400000000000002,1.0,0.0,,,,,,,,,,,,,,53.0625,35.25,38.4375,27.5,53.0625,750.0,4.0,1080.0,520.0,20.3,19.200000000000003,254.0,20.0,0.0,8.0,0.0,0.0,1.0,0.0,8.0,0.0,5.0,2.0,4.0,100.0,10.0,28488.0,101.0,0.0,0.0,0.0,0.0,23.0,0.0,0.0,4.2,5000.0,4990.0,4980.0,1.0,1.0,0.0,31.0,2201.0,0.0,255.0,857.0,295.0,0.0,0.0,1245716.0,3.008,3.0,50.0,
1788528317920,2026-09-04T17:25:17.920,0.0,4.0,0.0,1.0,1828.0,14.3,75.0,5.3,5.3,5.3,5.3,0.0,1.0,73.0,0.0,0.0,58.0,65.5,81.0,-0.007167620000000013,-0.007167620000000013,29.0,0.999,0.0,24.0,24.0,-31.0,24.0,24.0,24.0,24.0,0.0,0.0,0.0,0.0,36.0,13.0,23.0,24.3,231.0,336.0,4.0,4.0,700.0,4270.0,0.0,0.0,0.0,1.0,19475.0,16.1,0.0,0.0,,,,,,,,,,,,,,1.125,9.6875,9.75,24.5,1.125,750.0,5.0,800.0,380.0,12.0,11.0,254.0,20.0,0.0,8.0,0.0,0.0,1.0,0.0,8.0,0.0,5.0,2.0,4.0,100.0,10.0,28488.0,101.0,0.0,0.0,0.0,0.0,23.0,0.0,0.0,4.2,5000.0,4990.0,4980.0,1.0,1.0,0.0,31.0,3272.0,0.0,255.0,857.0,290.0,0.0,0.0,1245716.0,3.008,3.0,50.0,
1788528318905,2026-09-04T17:25:18.905,0.0,4.0,0.0,1.0,1686.0,14.3,75.0,1.9100000000000001,1.9100000000000001,1.9100000000000001,1.9100000000000001,0.0,1.0,48.0,0.0,0.0,39.0,67.0,81.0,0.024618959999999968,0.024618959999999968,29.0,0.999,0.0,34.0,34.0,-22.0,-22.0,-22.0,-22.0,-22.0,0.0,0.0,0.0,0.0,35.0,13.0,15.0,10.200000000000001,210.0,231.0,2.0,2.0,610.0,4370.0,0.0,0.0,0.0,1.0,19475.0,9.1,1.0,0.0,,,,,,,,,,,,,,-23.5,-17.5625,-16.5,24.6875,-23.5,750.0,6.0,390.0,200.0,0.0,0.0,254.0,20.0,0.0,8.0,0.0,1.0,1.0,0.0,8.0,0.0,5.0,1.0,4.0,100.0,10.0,28488.0,101.0,0.0,0.0,0.0,0.0,23.0,0.0,0.0,4.2,5000.0,4990.0,4990.0,1.0,1.0,0.0,31.0,1595.0,0.0,255.0,857.0,294.0,0.0,0.0,1245716.0,3.008,3.0,50.0,
1788528319806,2026-09-04T17:25:19.806,0.0,4.0,0.0,1.0,856.0,14.200000000000001,75.0,1.77,1.77,1.77,1.77,0.0,1.0,48.0,0.0,0.0,24.0,68.5,82.0,0.04777600999999998,0.04777600999999998,29.0,0.999,0.0,28.0,28.0,0.0,27.0,27.0,27.0,27.0,0.0,0.0,0.0,0.0,35.0,23.0,16.0,7.2,357.0,252.0,2.0,2.0,610.0,4380.0,0.0,0.0,0.0,1.0,19475.0,9.9,0.0,0.0,,,,,,,,,,,,,,-26.3125,0.4375,0.5,27.6875,-26.3125,750.0,2.0,390.0,200.0,0.0,0.0,254.0,20.0,0.0,8.0,0.0,1.0,1.0,0.0,8.0,0.0,5.0,1.0,4.0,100.0,10.0,28488.0,101.0,0.0,0.0,0.0,0.0,23.0,0.0,0.0,4.2,5000.0,4990.0,4980.0,1.0,1.0,0.0,31.0,1414.0,0.0,255.0,857.0,295.0,0.0,0.0,1245716.0,3.008,3.0,50.0,
1788528320589,2026-09-04T17:25:20.589,0.0,4.0,0.0,1.0,877.0,14.200000000000001,75.0,3.6,3.6,3.6,3.6,1.0,1.0,859.0,1.0,0.0,742.0,68.5,80.5,0.03559089999999998,0.03559089999999998,29.0,0.999,0.0,16.0,16.0,-30.0,-13.0,-13.0,-13.0,-13.0,0.0,0.0,0.0,0.0,36.0,22.0,24.0,11.200000000000001,357.0,378.0,3.0,3.0,620.0,4360.0,0.0,0.0,0.0,1.0,19475.0,10.600000000000001,1.0,0.0,,,,,,,,,,,,,,-26.0625,-4.1875,-4.875,27.4375,-26.0625,750.0,1.0,390.0,200.0,0.0,0.0,254.0,20.0,0.0,8.0,0.0,1.0,1.0,0.0,8.0,0.0,5.0,1.0,4.0,100.0,10.0,28488.0,101.0,0.0,0.0,0.0,0.0,23.0,0.0,0.0,4.2,5000.0,4990.0,4980.0,1.0,1.0,0.0,31.0,1326.0,0.0,255.0,857.0,300.0,0.0,0.0,1245716.0,3.008,3.0,50.0,
1788528321412,2026-09-04T17:25:21.412,0.0,4.0,0.0,1.0,798.0,14.0,75.0,2.7600000000000002,2.7600000000000002,2.7600000000000002,2.7600000000000002,1.0,1.0,864.0,1.0,0.0,854.0,71.5,83.5,0.02912829,0.02912829,29.0,0.999,0.0,16.0,16.0,-15.0,-2.0,-2.0,-2.0,-2.0,0.0,0.0,0.0,0.0,36.0,20.0,20.0,8.4,315.0,315.0,2.0,2.0,600.0,4380.0,0.0,0.0,0.0,1.0,19475.0,8.5,1.0,0.0,,,,,,,,,,,,,,-27.125,-1.4375,-2.375,28.5,-27.125,750.0,0.0,390.0,200.0,0.0,0.0,254.0,20.0,0.0,8.0,0.0,1.0,1.0,0.0,8.0,0.0,5.0,1.0,4.0,100.0,11.0,28488.0,101.0,0.0,0.0,0.0,0.0,24.0,0.0,0.0,4.2,5000.0,4990.0,4970.0,1.0,1.0,0.0,31.0,1328.0,0.0,255.0,857.0,308.0,0.0,0.0,1245716.0,3.008,3.0,50.0,
1788528322112,2026-09-04T17:25:22.112,0.0,4.0,0.0,1.0,764.0,14.100000000000001,75.0,2.5500000000000003,2.5500000000000003,2.5500000000000003,2.5500000000000003,1.0,1.0,854.0,1.0,0.0,859.0,71.5,82.0,0.020956560000000013,0.020956560000000013,29.0,0.999,0.0,18.0,18.0,-10.0,0.0,0.0,0.0,0.0,0.0,0.0,0.0,0.0,35.0,20.0,19.0,8.0,315.0,294.0,2.0,2.0,590.0,4390.0,0.0,0.0,0.0,1.0,19475.0,8.5,0.0,0.0,,,,,,,,,,,,,,-27.5,-3.75,-3.5,28.875,-27.5,750.0,0.0,520.0,240.0,3.7,2.5,254.0,20.0,0.0,8.0,0.0,0.0,1.0,0.0,8.0,0.0,5.0,1.0,4.0,100.0,11.0,28488.0,101.0,0.0,0.0,0.0,0.0,24.0,0.0,0.0,4.2,5000.0,4990.0,4980.0,1.0,1.0,0.0,31.0,1235.0,0.0,255.0,857.0,310.0,0.0,0.0,1245716.0,3.008,3.0,50.0,
1788528322866,2026-09-04T17:25:22.866,0.0,4.0,0.0,1.0,855.0,14.200000000000001,75.0,7.1000000000000005,7.1000000000000005,7.1000000000000005,7.1000000000000005,1.0,1.0,844.0,1.0,0.0,849.0,70.5,80.5,0.0025911499999999865,0.0025911499999999865,29.0,0.999,0.0,14.0,14.0,-36.0,10.0,10.0,10.0,10.0,0.0,0.0,0.0,0.0,36.0,20.0,37.0,30.700000000000003,315.0,525.0,5.0,5.0,730.0,4250.0,0.0,0.0,0.0,1.0,19475.0,18.1,1.0,0.0,,,,,,,,,,,,,,1.5625,26.8125,26.0625,27.3125,1.5625,750.0,0.0,790.0,380.0,12.200000000000001,11.0,254.0,20.0,0.0,8.0,0.0,0.0,1.0,0.0,8.0,0.0,5.0,2.0,4.0,100.0,11.0,28488.0,101.0,0.0,0.0,0.0,0.0,24.0,0.0,0.0,4.2,5000.0,4990.0,4980.0,1.0,1.0,0.0,31.0,2978.0,0.0,255.0,857.0,309.0,0.0,0.0,1245716.0,3.008,3.0,50.0,
1788528323639,2026-09-04T17:25:23.639,0.0,4.0,0.0,1.0,1715.0,14.3,75.0,1.97,1.97,1.97,1.97,1.0,1.0,747.0,1.0,0.0,659.0,71.0,80.5,-0.019161979999999995,-0.019161979999999995,29.0,0.999,0.0,31.0,31.0,-23.0,7.0,7.0,7.0,7.0,0.0,0.0,0.0,0.0,36.0,16.0,16.0,12.9,252.0,252.0,3.0,3.0,660.0,4320.0,0.0,0.0,0.0,1.0,19475.0,13.3,0.0,0.0,,,,,,,,,,,,,,-24.9375,-18.0625,-10.1875,26.3125,-24.9375,750.0,1.0,390.0,200.0,0.0,0.0,254.0,20.0,0.0,8.0,0.0,0.0,1.0,0.0,8.0,0.0,5.0,1.0,4.0,100.0,11.0,28488.0,101.0,0.0,0.0,0.0,0.0,24.0,0.0,0.0,4.2,5000.0,4990.0,4980.0,1.0,1.0,0.0,31.0,1698.0,0.0,255.0,857.0,277.0,0.0,0.0,1245716.0,3.008,3.0,50.0,
1788528324416,2026-09-04T17:25:24.416,0.0,4.0,0.0,1.0,974.0,14.3,75.0,2.0,2.0,2.0,2.0,0.0,1.0,48.0,0.0,0.0,39.0,71.0,80.5,0.009511559999999974,0.009511559999999974,29.0,0.999,0.0,24.0,24.0,-3.0,1.0,1.0,1.0,1.0,0.0,0.0,0.0,0.0,36.0,19.0,17.0,8.3,315.0,273.0,2.0,2.0,610.0,4370.0,0.0,0.0,0.0,1.0,19475.0,9.5,0.0,0.0,,,,,,,,,,,,,,-25.8125,-3.25,-4.25,27.375,-25.8125,750.0,1.0,390.0,200.0,0.0,0.0,254.0,20.0,0.0,8.0,0.0,0.0,1.0,0.0,8.0,0.0,5.0,1.0,4.0,100.0,11.0,28488.0,101.0,0.0,0.0,0.0,0.0,24.0,0.0,0.0,4.2,5000.0,4990.0,4970.0,1.0,1.0,0.0,31.0,1512.0,0.0,255.0,857.0,275.0,0.0,0.0,1245716.0,3.008,3.0,50.0,
1788528325146,2026-09-04T17:25:25.146,0.0,4.0,0.0,1.0,814.0,14.200000000000001,75.0,2.42,2.42,2.42,2.42,1.0,1.0,742.0,0.0,0.0,63.0,71.5,81.0,0.0010498899999999978,0.0010498899999999978,29.0,0.999,0.0,18.0,18.0,-9.0,-3.0,-3.0,-3.0,-3.0,0.0,0.0,0.0,0.0,36.0,20.0,19.0,8.3,315.0,294.0,2.0,2.0,610.0,4380.0,0.0,0.0,0.0,1.0,19475.0,9.0,1.0,0.0,,,,,,,,,,,,,,-26.3125,-1.4375,-3.0,27.875,-26.3125,750.0,1.0,390.0,200.0,0.0,0.0,254.0,20.0,0.0,8.0,0.0,0.0,1.0,0.0,8.0,0.0,5.0,1.0,4.0,100.0,11.0,28488.0,101.0,0.0,0.0,0.0,0.0,24.0,0.0,0.0,4.2,5000.0,4990.0,4970.0,1.0,1.0,0.0,31.0,1059.0,0.0,255.0,857.0,276.0,0.0,0.0,1245716.0,3.008,3.0,50.0,
1788528326044,2026-09-04T17:25:26.044,0.0,4.0,0.0,1.0,766.0,14.200000000000001,75.0,2.58,2.58,2.58,2.58,1.0,1.0,830.0,1.0,0.0,810.0,72.5,81.5,-0.003215280000000015,-0.003215280000000015,29.0,0.999,3.0,16.0,16.0,-14.0,-4.0,-4.0,-4.0,-4.0,0.0,0.0,0.0,0.0,36.0,22.0,20.0,8.4,357.0,315.0,2.0,2.0,610.0,4380.0,0.0,0.0,0.0,1.0,19475.0,9.4,0.0,0.0,,,,,,,,,,,,,,-26.5625,-1.8125,-1.75,28.125,-26.5625,750.0,1.0,390.0,200.0,0.0,0.0,254.0,20.0,0.0,8.0,0.0,0.0,1.0,0.0,8.0,0.0,5.0,1.0,4.0,100.0,11.0,28488.0,101.0,0.0,0.0,0.0,0.0,24.0,0.0,0.0,4.2,5000.0,4990.0,4980.0,1.0,1.0,0.0,31.0,1108.0,0.0,255.0,857.0,277.0,0.0,0.0,1245716.0,3.008,3.0,50.0,
1788528327188,2026-09-04T17:25:27.188,0.0,4.0,0.0,1.0,752.0,14.3,75.0,2.71,2.71,2.71,2.71,1.0,1.0,810.0,1.0,0.0,815.0,72.5,80.5,-0.012554399999999993,-0.012554399999999993,29.0,0.999,5.0,15.0,15.0,-18.0,-5.0,-5.0,-5.0,-5.0,0.0,0.0,0.0,0.0,36.0,22.0,21.0,8.6,357.0,336.0,2.0,2.0,610.0,4380.0,0.0,0.0,0.0,1.0,19475.0,9.3,1.0,0.0,,,,,,,,,,,,,,-26.5625,-1.5625,-0.9375,28.125,-26.5625,750.0,1.0,390.0,200.0,0.0,0.0,254.0,20.0,0.0,8.0,0.0,0.0,1.0,0.0,8.0,0.0,5.0,1.0,4.0,100.0,11.0,28488.0,101.0,0.0,0.0,0.0,0.0,24.0,0.0,0.0,4.2,5000.0,4990.0,4990.0,1.0,1.0,0.0,31.0,1130.0,0.0,255.0,857.0,278.0,0.0,0.0,1245716.0,3.008,3.0,50.0,
1788528327990,2026-09-04T17:25:27.990,0.0,4.0,0.0,1.0,748.0,14.3,75.0,2.66,2.66,2.66,2.66,1.0,1.0,805.0,1.0,0.0,810.0,74.0,81.5,-0.023060910000000018,-0.023060910000000018,29.0,0.999,7.0,15.0,15.0,-19.0,-5.0,-5.0,-5.0,-5.0,0.0,0.0,0.0,0.0,36.0,22.0,21.0,8.700000000000001,357.0,336.0,2.0,2.0,610.0,4380.0,0.0,0.0,0.0,1.0,19475.0,9.200000000000001,0.0,0.0,,,,,,,,,,,,,,-26.625,-0.3125,-0.6875,28.1875,-26.625,750.0,1.0,410.0,200.0,0.1,0.0,254.0,20.0,0.0,8.0,0.0,0.0,1.0,0.0,8.0,0.0,5.0,1.0,4.0,100.0,11.0,28488.0,101.0,0.0,0.0,0.0,0.0,24.0,0.0,0.0,4.2,5000.0,4990.0,4980.0,1.0,1.0,0.0,31.0,1103.0,0.0,255.0,857.0,278.0,0.0,0.0,1245716.0,3.008,3.0,50.0,
1788528328892,2026-09-04T17:25:28.892,0.0,4.0,0.0,1.0,749.0,13.9,75.0,2.64,2.64,2.64,2.64,1.0,1.0,805.0,1.0,0.0,810.0,76.0,83.5,-0.03084351000000002,-0.03084351000000002,29.0,0.999,8.0,15.0,15.0,-20.0,-2.0,-2.0,-2.0,-2.0,0.0,0.0,0.0,0.0,36.0,23.0,22.0,9.0,378.0,357.0,2.0,2.0,620.0,4370.0,0.0,0.0,0.0,1.0,19475.0,9.700000000000001,1.0,0.0,,,,,,,,,,,,,,-26.875,1.5625,0.3125,28.4375,-26.875,750.0,1.0,390.0,200.0,0.0,0.0,254.0,20.0,0.0,8.0,0.0,0.0,1.0,0.0,8.0,0.0,5.0,1.0,4.0,100.0,11.0,28488.0,101.0,0.0,0.0,0.0,0.0,24.0,0.0,0.0,4.2,5000.0,4990.0,4970.0,1.0,1.0,0.0,31.0,1307.0,0.0,255.0,857.0,278.0,0.0,0.0,1245716.0,3.008,3.0,50.0,
1788528329669,2026-09-04T17:25:29.669,0.0,4.0,0.0,1.0,746.0,14.200000000000001,75.0,2.69,2.69,2.69,2.69,1.0,1.0,791.0,1.0,0.0,805.0,74.5,81.0,-0.03979350000000001,-0.03979350000000001,30.0,0.999,9.0,15.0,15.0,-23.0,-5.0,-5.0,-5.0,-5.0,0.0,0.0,0.0,0.0,36.0,23.0,23.0,9.200000000000001,378.0,357.0,2.0,2.0,620.0,4370.0,0.0,0.0,0.0,1.0,19475.0,9.700000000000001,0.0,0.0,,,,,,,,,,,,,,47.0,0.5625,0.3125,28.0,47.0,750.0,2.0,750.0,360.0,10.200000000000001,9.200000000000001,254.0,20.0,0.0,8.0,0.0,0.0,1.0,0.0,8.0,0.0,5.0,2.0,4.0,100.0,11.0,28488.0,101.0,0.0,0.0,0.0,0.0,24.0,0.0,0.0,4.2,5000.0,4990.0,4980.0,1.0,1.0,0.0,31.0,1852.0,0.0,255.0,857.0,278.0,0.0,0.0,1245716.0,3.008,3.0,50.0,
1788528330458,2026-09-04T17:25:30.458,0.0,4.0,0.0,1.0,1579.0,14.3,75.0,7.2,7.2,7.2,7.2,0.0,1.0,156.0,1.0,0.0,522.0,74.5,81.0,-0.020665089999999997,-0.020665089999999997,30.0,0.999,19.0,25.0,25.0,-36.0,-27.0,-27.0,-27.0,-27.0,0.0,0.0,0.0,0.0,36.0,13.0,22.0,20.200000000000003,210.0,315.0,4.0,4.0,670.0,4300.0,0.0,0.0,0.0,1.0,19475.0,14.100000000000001,1.0,0.0,,,,,,,,,,,,,,0.1875,-4.4375,-18.4375,27.125,0.1875,750.0,3.0,990.0,470.0,17.5,16.3,254.0,20.0,0.0,8.0,0.0,0.0,1.0,0.0,8.0,0.0,5.0,2.0,4.0,100.0,11.0,28488.0,101.0,0.0,0.0,0.0,0.0,24.0,0.0,0.0,4.2,5000.0,4990.0,4980.0,1.0,1.0,0.0,31.0,2397.0,0.0,255.0,857.0,278.0,0.0,0.0,1245716.0,3.008,3.0,50.0,
1788528331212,2026-09-04T17:25:31.212,0.0,4.0,0.0,1.0,1629.0,14.3,75.0,2.86,2.86,2.86,2.86,1.0,1.0,761.0,0.0,0.0,156.0,74.0,81.0,0.025938950000000016,0.025938950000000016,31.0,0.999,18.0,24.0,24.0,-26.0,-4.0,-4.0,-4.0,-4.0,0.0,0.0,0.0,0.0,36.0,45.0,22.0,21.0,651.0,336.0,11.0,10.0,930.0,4040.0,0.0,0.0,0.0,1.0,19475.0,36.300000000000004,1.0,0.0,,,,,,,,,,,,,,73.25,48.0625,47.9375,23.5625,73.25,750.0,4.0,1210.0,580.0,24.200000000000003,22.900000000000002,254.0,20.0,0.0,8.0,0.0,0.0,1.0,0.0,8.0,0.0,5.0,2.0,4.0,100.0,11.0,28488.0,101.0,0.0,0.0,0.0,0.0,24.0,0.0,0.0,4.2,5000.0,4990.0,4980.0,1.0,1.0,0.0,31.0,3245.0,0.0,255.0,857.0,278.0,0.0,0.0,1245716.0,3.008,3.0,50.0,
1788528332033,2026-09-04T17:25:32.033,0.0,4.0,0.0,1.0,2386.0,14.3,76.0,2.59,2.59,2.59,2.59,1.0,1.0,844.0,1.0,0.0,751.0,73.5,81.0,0.003171030000000019,0.003171030000000019,31.0,0.999,18.0,31.0,31.0,-33.0,6.0,6.0,6.0,6.0,0.0,0.0,0.0,0.0,36.0,16.0,18.0,18.8,252.0,273.0,5.0,5.0,720.0,4260.0,0.0,0.0,0.0,1.0,19475.0,18.400000000000002,0.0,0.0,,,,,,,,,,,,,,-0.375,-1.25,-0.625,22.4375,-0.375,750.0,6.0,710.0,340.0,9.3,8.1,254.0,20.0,0.0,8.0,0.0,0.0,1.0,0.0,8.0,0.0,5.0,2.0,4.0,100.0,10.0,28488.0,101.0,0.0,0.0,0.0,0.0,24.0,0.0,0.0,4.2,5000.0,4990.0,4990.0,1.0,1.0,0.0,31.0,2452.0,0.0,255.0,857.0,271.0,0.0,0.0,1245716.0,3.008,3.0,50.0,
1788528332806,2026-09-04T17:25:32.806,0.0,4.0,0.0,1.0,1427.0,14.3,76.0,2.66,2.66,2.66,2.66,0.0,1.0,78.0,0.0,0.0,63.0,72.5,81.0,0.032943290000000014,0.032943290000000014,32.0,0.999,19.0,22.0,22.0,-21.0,9.0,9.0,9.0,9.0,0.0,0.0,0.0,0.0,36.0,28.0,27.0,21.8,420.0,378.0,6.0,6.0,790.0,4190.0,0.0,0.0,0.0,1.0,19475.0,23.200000000000003,1.0,0.0,,,,,,,,,,,,,,33.8125,19.875,19.0625,23.25,33.8125,750.0,8.0,1040.0,500.0,19.3,18.0,254.0,20.0,0.0,8.0,0.0,0.0,1.0,0.0,8.0,0.0,5.0,2.0,4.0,100.0,10.0,28488.0,101.0,0.0,0.0,0.0,0.0,24.0,0.0,0.0,4.2,5000.0,4990.0,4980.0,1.0,1.0,0.0,31.0,2976.0,0.0,255.0,857.0,271.0,0.0,0.0,1245716.0,3.008,3.0,50.0,
1788528333640,2026-09-04T17:25:33.640,0.0,4.0,0.0,1.0,1643.0,14.200000000000001,76.0,4.39,4.39,4.39,4.39,1.0,1.0,751.0,1.0,0.0,761.0,72.5,81.0,-0.004283480000000006,-0.004283480000000006,32.0,0.999,27.0,23.0,23.0,-36.0,16.0,16.0,16.0,16.0,0.0,0.0,0.0,0.0,36.0,32.0,33.0,30.3,462.0,462.0,8.0,8.0,840.0,4130.0,0.0,0.0,0.0,1.0,19475.0,30.200000000000003,0.0,0.0,,,,,,,,,,,,,,31.0,32.375,32.1875,21.875,31.0,750.0,11.0,1040.0,500.0,19.3,18.0,254.0,20.0,0.0,8.0,0.0,0.0,1.0,0.0,8.0,0.0,5.0,2.0,4.0,100.0,10.0,28488.0,101.0,0.0,0.0,0.0,0.0,24.0,0.0,0.0,4.2,5000.0,4990.0,4970.0,1.0,1.0,0.0,31.0,2986.0,0.0,255.0,857.0,271.0,0.0,0.0,1245716.0,3.008,3.0,50.0,
1788528334401,2026-09-04T17:25:34.401,0.0,4.0,0.0,1.0,1819.0,14.200000000000001,76.0,3.7600000000000002,3.7600000000000002,3.7600000000000002,3.7600000000000002,1.0,1.0,717.0,1.0,0.0,454.0,73.0,82.0,2.4110999999998883E-4,2.4110999999998883E-4,31.0,0.999,31.0,24.0,24.0,-31.0,24.0,24.0,24.0,24.0,0.0,0.0,0.0,0.0,36.0,30.0,30.0,31.5,441.0,441.0,8.0,8.0,850.0,4110.0,0.0,0.0,0.0,1.0,19475.0,32.0,0.0,0.0,,,,,,,,,,,,,,26.125,27.25,27.25,23.1875,26.125,750.0,14.0,1040.0,500.0,19.3,18.0,254.0,20.0,0.0,8.0,0.0,0.0,1.0,0.0,8.0,0.0,5.0,2.0,4.0,100.0,9.0,28488.0,101.0,0.0,0.0,0.0,0.0,24.0,0.0,0.0,4.2,5000.0,4990.0,4980.0,1.0,1.0,0.0,31.0,3132.0,0.0,255.0,857.0,272.0,0.0,0.0,1245716.0,3.008,3.0,50.0,
1788528335505,2026-09-04T17:25:35.505,0.0,4.0,0.0,1.0,2142.0,14.200000000000001,76.0,1.75,1.75,1.75,1.75,1.0,1.0,815.0,1.0,0.0,703.0,73.5,83.5,0.00852729000000002,0.00852729000000002,31.0,0.999,19.0,39.0,39.0,-21.0,27.0,27.0,27.0,27.0,0.0,0.0,0.0,0.0,36.0,13.0,15.0,16.900000000000002,210.0,231.0,4.0,5.0,710.0,4270.0,0.0,0.0,0.0,1.0,19475.0,16.1,1.0,0.0,,,,,,,,,,,,,,-19.875,-5.0,-5.3125,24.5,-23.25,750.0,15.0,390.0,190.0,0.0,0.0,254.0,20.0,0.0,8.0,0.0,0.0,1.0,0.0,8.0,0.0,5.0,2.0,4.0,100.0,4.0,28488.0,101.0,0.0,0.0,0.0,0.0,24.0,0.0,0.0,4.2,5000.0,4990.0,4990.0,1.0,1.0,0.0,31.0,3734.0,0.0,255.0,857.0,261.0,0.0,0.0,1245716.0,3.008,3.0,50.0,
1788528336413,2026-09-04T17:25:36.413,0.0,4.0,0.0,1.0,1623.0,14.200000000000001,76.0,0.0,0.0,0.0,0.0,1.0,0.0,756.0,0.0,0.0,161.0,71.5,82.0,1.9839999999993196E-5,1.9839999999993196E-5,31.0,0.999,0.0,43.0,43.0,-2.0,-2.0,-2.0,-2.0,-2.0,0.0,0.0,0.0,0.0,36.0,13.0,14.0,10.3,210.0,231.0,2.0,2.0,620.0,4370.0,0.0,0.0,0.0,1.0,19475.0,9.9,0.0,0.0,,,,,,,,,,,,,,-24.8125,-21.0625,-14.6875,26.5,-24.8125,750.0,15.0,390.0,200.0,0.0,0.0,254.0,20.0,0.0,8.0,0.0,1.0,1.0,0.0,8.0,0.0,5.0,1.0,4.0,100.0,0.0,28488.0,101.0,0.0,0.0,0.0,0.0,24.0,0.0,0.0,4.2,5000.0,4990.0,4980.0,1.0,1.0,0.0,31.0,1542.0,0.0,255.0,857.0,269.0,0.0,0.0,1245716.0,3.008,3.0,50.0,
1788528337164,2026-09-04T17:25:37.164,0.0,4.0,0.0,1.0,958.0,14.100000000000001,76.0,1.6600000000000001,1.6600000000000001,1.6600000000000001,1.6600000000000001,1.0,0.0,815.0,1.0,0.0,722.0,73.0,84.0,1.9839999999993196E-5,1.9839999999993196E-5,31.0,1.006,0.0,30.0,30.0,3.0,28.0,28.0,28.0,28.0,0.0,0.0,0.0,0.0,36.0,59.0,58.0,32.1,840.0,840.0,37.0,38.0,2090.0,2870.0,15.0,0.0,70.0,1.0,19475.0,31.5,1.0,0.0,,,,,,,,,,,,,,100.3125,81.75,81.4375,26.0625,100.3125,750.0,14.0,1510.0,730.0,33.300000000000004,32.0,254.0,20.0,0.0,8.0,0.0,0.0,1.0,0.0,8.0,0.0,5.0,2.0,4.0,100.0,1.0,28488.0,101.0,0.0,0.0,0.0,0.0,24.0,0.0,0.0,4.2,5000.0,4990.0,4980.0,1.0,1.0,0.0,31.0,5000.0,0.0,255.0,857.0,262.0,0.0,0.0,1245716.0,3.008,3.0,50.0,
1788528338007,2026-09-04T17:25:38.007,0.0,4.0,0.0,1.0,3467.0,14.200000000000001,76.0,6.7700000000000005,6.7700000000000005,6.7700000000000005,6.7700000000000005,1.0,1.0,830.0,1.0,0.0,776.0,71.5,82.0,-0.007098949999999993,-0.007098949999999993,31.0,0.999,10.0,27.0,27.0,-34.0,15.0,15.0,15.0,15.0,0.0,0.0,0.0,0.0,36.0,39.0,41.0,81.9,483.0,483.0,17.0,17.0,1210.0,3760.0,5.0,5.0,41.0,1.0,19475.0,80.7,0.0,0.0,,,,,,,,,,,,,,14.75,34.75,31.0625,24.875,10.125,750.0,17.0,800.0,380.0,12.0,10.700000000000001,254.0,20.0,0.0,8.0,0.0,0.0,1.0,0.0,8.0,0.0,5.0,2.0,4.0,100.0,5.0,28488.0,101.0,0.0,0.0,0.0,0.0,24.0,0.0,0.0,4.3,5000.0,4990.0,4990.0,1.0,1.0,0.0,31.0,5000.0,0.0,255.0,857.0,261.0,0.0,0.0,1245716.0,3.008,3.0,50.0,
1788528338786,2026-09-04T17:25:38.786,0.0,4.0,0.0,1.0,2974.0,14.100000000000001,76.0,1.3800000000000001,1.3800000000000001,1.3800000000000001,1.3800000000000001,0.0,1.0,39.0,0.0,0.0,63.0,63.5,83.0,-0.03344534000000002,-0.03344534000000002,31.0,0.999,9.0,43.0,43.0,-14.0,43.0,43.0,43.0,43.0,0.0,0.0,0.0,0.0,36.0,14.0,15.0,21.0,210.0,231.0,5.0,6.0,750.0,4230.0,0.0,0.0,0.0,1.0,19475.0,20.200000000000003,1.0,0.0,,,,,,,,,,,,,,-2.375,-7.625,-6.25,24.125,-2.375,750.0,18.0,770.0,370.0,11.3,10.100000000000001,254.0,20.0,0.0,8.0,0.0,0.0,1.0,0.0,8.0,0.0,5.0,2.0,4.0,100.0,7.0,28488.0,101.0,0.0,0.0,0.0,0.0,24.0,0.0,0.0,4.3,5000.0,4990.0,4980.0,1.0,1.0,0.0,31.0,3589.0,0.0,255.0,857.0,236.0,0.0,0.0,1245716.0,3.008,3.0,50.0,
1788528339476,2026-09-04T17:25:39.476,0.0,4.0,0.0,1.0,2520.0,14.200000000000001,77.0,1.76,1.76,1.76,1.76,0.0,1.0,48.0,0.0,0.0,29.0,56.0,83.0,0.03658279999999997,0.03658279999999997,31.0,0.999,10.0,43.0,43.0,-15.0,29.0,29.0,29.0,29.0,0.0,0.0,0.0,0.0,36.0,14.0,15.0,20.200000000000003,210.0,210.0,5.0,5.0,750.0,4220.0,0.0,0.0,0.0,1.0,19475.0,19.700000000000003,0.0,0.0,,,,,,,,,,,,,,-2.1875,-1.6875,-2.0625,26.0,-2.1875,750.0,17.0,780.0,370.0,11.600000000000001,10.4,254.0,20.0,0.0,8.0,0.0,0.0,1.0,0.0,8.0,0.0,5.0,2.0,4.0,100.0,1.0,28488.0,101.0,0.0,0.0,0.0,0.0,24.0,0.0,0.0,4.3,5000.0,4990.0,4980.0,1.0,1.0,0.0,31.0,2898.0,0.0,255.0,857.0,228.0,0.0,0.0,1245716.0,3.008,3.0,50.0,
1788528340335,2026-09-04T17:25:40.335,0.0,4.0,0.0,1.0,2441.0,14.200000000000001,77.0,1.93,1.93,1.93,1.93,1.0,1.0,791.0,1.0,0.0,629.0,53.0,82.5,0.06175417,0.06175417,31.0,0.999,12.0,43.0,43.0,-3.0,32.0,32.0,32.0,32.0,0.0,0.0,0.0,0.0,36.0,15.0,15.0,19.700000000000003,231.0,210.0,6.0,5.0,750.0,4240.0,0.0,0.0,0.0,1.0,19475.0,21.0,0.0,0.0,,,,,,,,,,,,,,5.75,1.375,1.625,24.6875,5.75,750.0,17.0,1010.0,480.0,18.1,16.8,254.0,20.0,0.0,8.0,0.0,0.0,1.0,0.0,8.0,0.0,5.0,2.0,4.0,100.0,9.0,28488.0,101.0,0.0,0.0,0.0,0.0,24.0,0.0,0.0,4.3,5000.0,4990.0,4980.0,1.0,1.0,0.0,31.0,4426.0,0.0,255.0,857.0,227.0,0.0,0.0,1245716.0,3.008,3.0,50.0,
1788528341137,2026-09-04T17:25:41.137,0.0,4.0,0.0,1.0,2362.0,14.200000000000001,77.0,3.46,3.46,3.46,3.46,1.0,1.0,830.0,1.0,0.0,805.0,52.5,82.0,0.010221150000000012,0.010221150000000012,31.0,0.999,19.0,28.0,28.0,-29.0,25.0,25.0,25.0,25.0,0.0,0.0,0.0,0.0,36.0,41.0,35.0,47.7,546.0,483.0,13.0,13.0,1040.0,3930.0,0.0,0.0,0.0,1.0,19475.0,55.1,1.0,0.0,,,,,,,,,,,,,,49.25,46.0,46.0,22.0625,49.25,750.0,17.0,1340.0,640.0,28.3,26.700000000000003,254.0,20.0,0.0,8.0,0.0,0.0,0.0,0.0,8.0,0.0,5.0,2.0,4.0,0.0,10.0,28488.0,101.0,0.0,0.0,0.0,0.0,24.0,0.0,0.0,4.3,5000.0,4990.0,4970.0,1.0,1.0,0.0,31.0,3757.0,0.0,255.0,857.0,228.0,0.0,0.0,1245716.0,3.008,3.0,50.0,
1788528341957,2026-09-04T17:25:41.957,0.0,4.0,0.0,1.0,2621.0,14.3,78.0,5.19,5.19,5.19,5.19,1.0,1.0,727.0,1.0,0.0,620.0,52.5,81.5,0.03049405999999999,0.03049405999999999,30.0,0.999,36.0,26.0,26.0,-35.0,26.0,26.0,26.0,26.0,0.0,0.0,0.0,0.0,36.0,36.0,37.0,56.0,504.0,504.0,13.0,13.0,1050.0,3930.0,0.0,0.0,0.0,1.0,19475.0,54.6,0.0,0.0,,,,,,,,,,,,,,40.9375,42.6875,42.625,19.75,40.9375,750.0,20.0,1340.0,640.0,28.200000000000003,26.700000000000003,254.0,20.0,0.0,8.0,0.0,0.0,0.0,0.0,8.0,0.0,5.0,2.0,4.0,0.0,11.0,28488.0,101.0,0.0,0.0,0.0,0.0,24.0,0.0,0.0,4.2,5000.0,4990.0,4990.0,1.0,1.0,0.0,31.0,5000.0,0.0,255.0,857.0,229.0,0.0,0.0,1245716.0,3.008,3.0,50.0,
1788528342691,2026-09-04T17:25:42.691,0.0,4.0,0.0,1.0,2951.0,14.3,78.0,4.2,4.2,4.2,4.2,1.0,1.0,678.0,0.0,0.0,151.0,50.5,81.0,0.027129230000000004,0.027129230000000004,29.0,0.999,39.0,28.0,28.0,-26.0,28.0,28.0,28.0,28.0,0.0,0.0,0.0,0.0,36.0,32.0,33.0,53.7,441.0,462.0,12.0,12.0,1030.0,3950.0,0.0,0.0,0.0,1.0,19475.0,53.2,1.0,0.0,,,,,,,,,,,,,,35.75,36.3125,36.3125,20.5625,35.75,750.0,21.0,1340.0,650.0,28.3,26.700000000000003,254.0,20.0,0.0,8.0,0.0,0.0,0.0,0.0,8.0,0.0,5.0,2.0,4.0,0.0,11.0,28488.0,101.0,0.0,0.0,0.0,0.0,24.0,0.0,0.0,4.2,5000.0,4990.0,4980.0,1.0,1.0,0.0,31.0,4599.0,0.0,255.0,857.0,229.0,0.0,0.0,1245716.0,3.008,3.0,50.0,
1788528343661,2026-09-04T17:25:43.661,0.0,4.0,0.0,1.0,3193.0,14.200000000000001,78.0,4.18,4.18,4.18,4.18,0.0,1.0,68.0,0.0,0.0,73.0,48.5,81.5,0.032317629999999986,0.032317629999999986,29.0,0.999,51.0,27.0,27.0,-24.0,27.0,27.0,27.0,27.0,0.0,0.0,0.0,0.0,36.0,44.0,41.0,74.8,588.0,546.0,18.0,17.0,1250.0,3730.0,5.0,0.0,79.0,1.0,19475.0,78.5,0.0,0.0,,,,,,,,,,,,,,65.75,66.875,67.25,22.125,65.75,750.0,24.0,1630.0,790.0,36.9,35.2,254.0,20.0,0.0,8.0,0.0,0.0,0.0,0.0,8.0,0.0,5.0,2.0,4.0,0.0,11.0,28488.0,101.0,0.0,0.0,0.0,0.0,24.0,0.0,0.0,4.2,5000.0,4990.0,4990.0,1.0,1.0,0.0,31.0,5000.0,0.0,255.0,857.0,229.0,0.0,0.0,1245716.0,3.008,3.0,50.0,
1788528344412,2026-09-04T17:25:44.412,0.0,4.0,0.0,1.0,3756.0,14.200000000000001,78.0,8.620000000000001,8.620000000000001,8.620000000000001,8.620000000000001,0.0,1.0,107.0,0.0,0.0,107.0,47.0,80.5,0.07886062999999999,0.07886062999999999,28.0,1.0230000000000001,99.0,27.0,27.0,-20.0,27.0,27.0,27.0,27.0,0.0,0.0,0.0,0.0,36.0,67.0,68.0,147.20000000000002,693.0,693.0,29.0,29.0,1730.0,3240.0,32.0,32.0,42.0,1.0,19475.0,145.5,0.0,0.0,,,,,,,,,,,,,,96.5625,95.9375,96.0,25.0,96.5625,750.0,29.0,1940.0,940.0,46.1,44.5,254.0,20.0,0.0,8.0,0.0,0.0,0.0,0.0,8.0,0.0,5.0,2.0,4.0,0.0,6.0,28488.0,101.0,0.0,0.0,0.0,0.0,25.0,0.0,0.0,4.2,5000.0,4990.0,4970.0,1.0,1.0,0.0,31.0,5000.0,0.0,255.0,857.0,229.0,0.0,0.0,1245716.0,3.008,3.0,50.0,
1788528345197,2026-09-04T17:25:45.197,0.0,4.0,0.0,1.0,4542.0,14.200000000000001,78.0,9.27,9.27,9.27,9.27,1.0,1.0,791.0,1.0,0.0,732.0,45.5,80.5,0.02729708999999997,0.02729708999999997,28.0,1.099,99.0,28.0,28.0,0.0,28.0,28.0,28.0,28.0,0.0,0.0,0.0,0.0,36.0,65.0,66.0,171.8,651.0,651.0,30.0,30.0,1780.0,3190.0,30.0,30.0,40.0,1.0,19475.0,167.8,1.0,0.0,,,,,,,,,,,,,,82.0,85.25,85.0,29.4375,82.0,750.0,35.0,1490.0,720.0,34.1,32.6,254.0,20.0,0.0,8.0,0.0,0.0,0.0,0.0,8.0,0.0,5.0,2.0,4.0,0.0,4.0,28488.0,101.0,0.0,0.0,0.0,0.0,25.0,0.0,0.0,4.2,5000.0,4990.0,4990.0,1.0,1.0,0.0,31.0,5000.0,0.0,255.0,857.0,229.0,0.0,0.0,1245716.0,3.008,3.0,50.0,
1788528345996,2026-09-04T17:25:45.996,0.0,4.0,0.0,1.0,4542.0,14.3,78.0,2.34,2.34,2.34,2.34,1.0,1.0,830.0,1.0,0.0,791.0,29.0,79.5,-0.03149969,-0.03149969,28.0,0.999,5.0,34.0,34.0,-32.0,-20.0,-20.0,-20.0,-20.0,0.0,0.0,0.0,0.0,35.0,18.0,20.0,42.1,231.0,252.0,10.0,10.0,930.0,4040.0,0.0,0.0,0.0,1.0,19475.0,40.1,0.0,0.0,,,,,,,,,,,,,,-23.6875,-23.6875,-24.0,23.9375,-23.6875,750.0,34.0,940.0,450.0,15.8,14.5,254.0,20.0,0.0,8.0,0.0,0.0,1.0,0.0,8.0,0.0,5.0,2.0,4.0,100.0,7.0,28488.0,101.0,0.0,0.0,0.0,0.0,25.0,0.0,0.0,4.2,5000.0,4990.0,4980.0,1.0,1.0,0.0,31.0,4648.0,0.0,255.0,857.0,230.0,0.0,0.0,1245716.0,3.008,3.0,50.0,
1788528346757,2026-09-04T17:25:46.757,0.0,4.0,0.0,1.0,2893.0,14.3,78.0,4.99,4.99,4.99,4.99,1.0,0.0,898.0,1.0,0.0,786.0,0.0,79.0,1.9839999999993196E-5,1.9839999999993196E-5,28.0,1.123,0.0,22.0,22.0,-36.0,19.0,19.0,19.0,19.0,0.0,0.0,0.0,0.0,36.0,69.0,67.0,99.10000000000001,777.0,756.0,29.0,28.0,1680.0,3290.0,39.0,33.0,27.0,1.0,19475.0,99.80000000000001,1.0,0.0,,,,,,,,,,,,,,111.4375,97.4375,97.8125,18.5625,111.4375,750.0,35.0,1840.0,890.0,43.0,41.300000000000004,254.0,20.0,0.0,8.0,0.0,0.0,1.0,0.0,8.0,0.0,5.0,2.0,4.0,100.0,6.0,28488.0,101.0,0.0,0.0,0.0,0.0,25.0,0.0,0.0,4.2,5000.0,4990.0,4990.0,1.0,1.0,0.0,31.0,3932.0,0.0,255.0,857.0,230.0,0.0,0.0,1245716.0,3.008,3.0,50.0,
1788528347570,2026-09-04T17:25:47.570,0.0,4.0,0.0,1.0,2790.0,14.3,78.0,11.3,11.3,11.3,11.3,0.0,1.0,390.0,0.0,0.0,400.0,0.0,77.5,0.08983257,0.08983257,28.0,0.999,24.0,21.0,21.0,-28.0,18.0,18.0,18.0,18.0,0.0,0.0,0.0,0.0,36.0,77.0,74.0,115.7,840.0,819.0,39.0,39.0,2140.0,2830.0,38.0,38.0,56.0,1.0,19475.0,119.2,0.0,0.0,,,,,,,,,,,,,,117.75,112.5625,112.5625,19.0,117.75,750.0,38.0,1910.0,930.0,45.2,43.6,254.0,20.0,0.0,8.0,0.0,0.0,0.0,0.0,8.0,0.0,5.0,2.0,4.0,0.0,2.0,28488.0,101.0,0.0,0.0,0.0,0.0,25.0,0.0,0.0,4.2,5000.0,4990.0,4980.0,1.0,1.0,0.0,31.0,5000.0,0.0,255.0,857.0,230.0,0.0,0.0,1245716.0,3.008,3.0,50.0,
1788528348283,2026-09-04T17:25:48.283,0.0,4.0,0.0,1.0,3012.0,14.200000000000001,79.0,11.1,11.1,11.1,11.1,1.0,1.0,756.0,1.0,0.0,708.0,0.0,74.5,0.040748779999999984,0.040748779999999984,28.0,0.999,85.0,21.0,21.0,-12.0,21.0,21.0,21.0,21.0,0.0,0.0,0.0,0.0,36.0,81.0,80.0,131.3,840.0,819.0,51.0,51.0,2630.0,2330.0,36.0,37.0,38.0,1.0,19475.0,135.6,0.0,0.0,,,,,,,,,,,,,,130.1875,121.1875,121.25,20.0,130.1875,750.0,40.0,2030.0,990.0,48.800000000000004,47.1,254.0,20.0,0.0,8.0,0.0,0.0,0.0,0.0,8.0,0.0,5.0,2.0,4.0,0.0,5.0,28488.0,101.0,0.0,0.0,0.0,0.0,25.0,0.0,0.0,4.2,5000.0,4990.0,4980.0,1.0,1.0,0.0,31.0,5000.0,0.0,255.0,857.0,230.0,0.0,0.0,1245716.0,3.008,3.0,50.0,
1788528349042,2026-09-04T17:25:49.042,0.0,4.0,0.0,1.0,3255.0,14.3,79.0,11.120000000000001,11.120000000000001,11.120000000000001,11.120000000000001,0.0,1.0,83.0,0.0,0.0,190.0,0.0,70.5,0.03389703999999999,0.03389703999999999,27.0,1.0,99.0,22.0,22.0,-7.0,22.0,22.0,22.0,22.0,0.0,0.0,0.0,0.0,35.0,81.0,80.0,144.6,840.0,840.0,62.0,62.0,3110.0,1850.0,36.0,37.0,40.0,1.0,19475.0,146.3,1.0,0.0,,,,,,,,,,,,,,127.875,121.5,121.625,21.5625,127.875,750.0,44.0,2030.0,990.0,49.0,47.400000000000006,254.0,20.0,0.0,8.0,0.0,0.0,0.0,0.0,8.0,0.0,5.0,2.0,4.0,0.0,6.0,28488.0,101.0,0.0,0.0,0.0,0.0,25.0,0.0,0.0,4.2,5000.0,4990.0,4980.0,1.0,1.0,0.0,31.0,5000.0,0.0,255.0,857.0,230.0,0.0,0.0,1245716.0,3.008,3.0,50.0,
1788528349844,2026-09-04T17:25:49.844,0.0,4.0,0.0,1.0,3487.0,14.200000000000001,79.0,11.16,11.16,11.16,11.16,1.0,1.0,766.0,1.0,0.0,683.0,0.0,66.5,0.01812583000000001,0.01812583000000001,27.0,1.002,99.0,24.0,24.0,-3.0,24.0,24.0,24.0,24.0,0.0,0.0,0.0,0.0,35.0,82.0,81.0,160.10000000000002,840.0,840.0,77.0,76.0,3680.0,1280.0,35.0,35.0,46.0,1.0,19475.0,159.60000000000002,0.0,0.0,,,,,,,,,,,,,,123.625,124.0625,124.0625,23.0,123.625,750.0,47.0,2030.0,990.0,49.0,47.400000000000006,254.0,20.0,0.0,8.0,0.0,0.0,0.0,0.0,8.0,0.0,5.0,2.0,4.0,0.0,7.0,28488.0,101.0,0.0,0.0,0.0,0.0,25.0,0.0,0.0,4.2,5000.0,4990.0,4970.0,1.0,1.0,0.0,31.0,5000.0,0.0,255.0,857.0,230.0,0.0,0.0,1245716.0,3.008,3.0,50.0,
1788528350666,2026-09-04T17:25:50.666,0.0,4.0,0.0,1.0,3756.0,14.200000000000001,80.0,11.68,11.68,11.68,11.68,0.0,1.0,107.0,0.0,0.0,234.0,0.0,62.0,0.017706180000000016,0.017706180000000016,27.0,1.066,99.0,25.0,24.0,0.0,24.0,24.0,24.0,24.0,0.0,0.0,0.0,0.0,35.0,81.0,84.0,176.9,819.0,840.0,120.0,89.0,4230.0,720.0,33.0,34.0,37.0,1.0,19475.0,170.4,1.0,0.0,,,,,,,,,,,,,,103.1875,115.3125,114.9375,23.875,103.1875,750.0,50.0,1770.0,850.0,41.6,39.900000000000006,254.0,20.0,0.0,8.0,0.0,0.0,0.0,0.0,8.0,0.0,5.0,2.0,4.0,0.0,7.0,28488.0,101.0,0.0,0.0,0.0,0.0,25.0,0.0,0.0,4.2,5000.0,4990.0,4990.0,1.0,1.0,0.0,31.0,5000.0,0.0,255.0,857.0,230.0,0.0,0.0,1245716.0,3.008,3.0,50.0,
1788528351599,2026-09-04T17:25:51.599,0.0,4.0,0.0,1.0,3880.0,14.3,80.0,3.09,3.09,3.09,3.09,1.0,1.0,908.0,1.0,0.0,820.0,0.0,59.0,-0.04945308000000001,-0.04945308000000001,27.0,0.999,39.0,31.0,31.0,-32.0,10.0,10.0,10.0,10.0,0.0,0.0,0.0,0.0,35.0,17.0,18.0,37.4,231.0,231.0,9.0,9.0,890.0,4090.0,0.0,0.0,0.0,1.0,19475.0,36.300000000000004,0.0,0.0,,,,,,,,,,,,,,-4.625,3.1875,0.5625,23.9375,-4.625,750.0,49.0,840.0,400.0,13.600000000000001,12.5,254.0,20.0,0.0,8.0,0.0,0.0,0.0,0.0,8.0,0.0,5.0,2.0,4.0,0.0,9.0,28488.0,101.0,0.0,0.0,0.0,0.0,25.0,0.0,0.0,4.2,5000.0,4990.0,4980.0,1.0,1.0,0.0,31.0,3953.0,0.0,255.0,857.0,230.0,0.0,0.0,1245716.0,3.008,3.0,50.0,
1788528352425,2026-09-04T17:25:52.425,0.0,4.0,0.0,1.0,3720.0,14.3,80.0,1.71,1.71,1.71,1.71,1.0,1.0,454.0,1.0,0.0,698.0,0.0,56.0,-0.11546021000000001,-0.11546021000000001,27.0,0.999,25.0,37.0,37.0,-19.0,3.0,3.0,3.0,3.0,0.0,0.0,0.0,0.0,35.0,15.0,16.0,31.400000000000002,210.0,210.0,8.0,8.0,850.0,4130.0,0.0,0.0,0.0,1.0,19475.0,31.1,0.0,0.0,,,,,,,,,,,,,,-18.25,-18.25,-18.1875,23.3125,-18.25,750.0,46.0,670.0,320.0,8.200000000000001,7.2,254.0,20.0,0.0,8.0,0.0,0.0,0.0,0.0,8.0,0.0,5.0,2.0,4.0,0.0,9.0,28488.0,101.0,0.0,0.0,0.0,0.0,25.0,0.0,0.0,4.2,5000.0,4980.0,4990.0,1.0,1.0,0.0,31.0,4969.0,0.0,255.0,857.0,230.0,0.0,0.0,1245716.0,3.008,3.0,50.0,
1788528353344,2026-09-04T17:25:53.344,0.0,4.0,0.0,1.0,3487.0,14.3,80.0,1.77,1.77,1.77,1.77,0.0,1.0,73.0,0.0,0.0,53.0,0.0,53.5,0.010884959999999999,0.010884959999999999,28.0,0.999,23.0,40.0,40.0,7.0,7.0,7.0,7.0,7.0,0.0,0.0,0.0,0.0,35.0,14.0,14.0,26.6,210.0,210.0,7.0,7.0,820.0,4170.0,0.0,0.0,0.0,1.0,19475.0,26.8,1.0,0.0,,,,,,,,,,,,,,-17.0,-17.0625,-11.6875,22.875,-17.0,750.0,43.0,650.0,310.0,7.800000000000001,6.6000000000000005,254.0,20.0,0.0,8.0,0.0,0.0,0.0,0.0,8.0,0.0,5.0,2.0,4.0,0.0,9.0,28488.0,101.0,0.0,0.0,0.0,0.0,25.0,0.0,0.0,4.2,5000.0,4990.0,4980.0,1.0,1.0,0.0,31.0,5000.0,0.0,255.0,857.0,224.0,0.0,0.0,1245716.0,3.008,3.0,50.0,
1788528354112,2026-09-04T17:25:54.112,0.0,4.0,0.0,1.0,3273.0,14.3,81.0,1.84,1.84,1.84,1.84,0.0,1.0,170.0,0.0,0.0,317.0,0.0,50.5,0.10085791999999999,0.10085791999999999,28.0,0.999,24.0,43.0,43.0,8.0,8.0,8.0,8.0,8.0,0.0,0.0,0.0,0.0,35.0,14.0,14.0,24.900000000000002,210.0,210.0,7.0,7.0,800.0,4160.0,0.0,0.0,0.0,1.0,19475.0,25.1,0.0,0.0,,,,,,,,,,,,,,-15.9375,-16.0,-12.5,22.25,-15.9375,750.0,41.0,670.0,320.0,8.3,7.2,254.0,20.0,0.0,8.0,0.0,0.0,0.0,0.0,8.0,0.0,5.0,2.0,4.0,0.0,8.0,28488.0,101.0,0.0,0.0,0.0,0.0,25.0,0.0,0.0,4.2,5000.0,4990.0,4990.0,1.0,1.0,0.0,31.0,4440.0,0.0,255.0,857.0,224.0,0.0,0.0,1245716.0,3.008,3.0,50.0,
1788528354836,2026-09-04T17:25:54.836,0.0,4.0,0.0,1.0,3116.0,14.3,81.0,1.82,1.82,1.82,1.82,0.0,1.0,63.0,0.0,0.0,126.0,0.0,48.5,0.1141799,0.1141799,28.0,0.999,25.0,45.0,45.0,7.0,7.0,7.0,7.0,7.0,0.0,0.0,0.0,0.0,35.0,13.0,14.0,23.5,210.0,210.0,6.0,6.0,780.0,4180.0,0.0,0.0,0.0,1.0,19475.0,23.5,1.0,0.0,,,,,,,,,,,,,,-12.875,-12.9375,-13.0,21.6875,-12.875,750.0,39.0,730.0,350.0,9.9,8.6,254.0,20.0,0.0,8.0,0.0,0.0,0.0,0.0,8.0,0.0,5.0,2.0,4.0,0.0,9.0,28488.0,101.0,0.0,0.0,0.0,0.0,25.0,0.0,0.0,4.2,5000.0,4990.0,4980.0,1.0,1.0,0.0,31.0,3967.0,0.0,255.0,857.0,224.0,0.0,0.0,1245716.0,3.008,3.0,50.0,
1788528355608,2026-09-04T17:25:55.608,0.0,4.0,0.0,1.0,2974.0,14.3,81.0,1.87,1.87,1.87,1.87,0.0,1.0,97.0,0.0,0.0,214.0,0.0,47.5,0.11826957999999999,0.11826957999999999,27.0,0.999,25.0,44.0,44.0,7.0,10.0,10.0,10.0,10.0,0.0,0.0,0.0,0.0,35.0,14.0,14.0,23.0,210.0,210.0,6.0,6.0,780.0,4210.0,0.0,0.0,0.0,1.0,19475.0,22.400000000000002,0.0,0.0,,,,,,,,,,,,,,-8.0625,-8.0625,-8.375,21.125,-8.0625,750.0,37.0,790.0,370.0,11.700000000000001,10.4,254.0,20.0,0.0,8.0,0.0,0.0,0.0,0.0,8.0,0.0,5.0,2.0,4.0,0.0,10.0,28488.0,101.0,0.0,0.0,0.0,0.0,25.0,0.0,0.0,4.2,5000.0,4990.0,4980.0,1.0,1.0,0.0,31.0,3904.0,0.0,255.0,857.0,224.0,0.0,0.0,1245716.0,3.008,3.0,50.0,
1788528356383,2026-09-04T17:25:56.383,0.0,4.0,0.0,1.0,2817.0,14.3,81.0,1.76,1.76,1.76,1.76,1.0,1.0,800.0,1.0,0.0,742.0,0.0,44.5,0.05537548999999997,0.05537548999999997,27.0,0.999,26.0,43.0,43.0,5.0,18.0,18.0,18.0,18.0,0.0,0.0,0.0,0.0,35.0,14.0,15.0,22.3,210.0,210.0,6.0,6.0,760.0,4220.0,0.0,0.0,0.0,1.0,19475.0,21.200000000000003,0.0,0.0,,,,,,,,,,,,,,-3.9375,-3.9375,-4.0,21.0,-3.9375,750.0,35.0,810.0,390.0,12.3,11.0,254.0,20.0,0.0,8.0,0.0,0.0,0.0,0.0,8.0,0.0,5.0,2.0,4.0,0.0,12.0,28488.0,101.0,0.0,0.0,0.0,0.0,26.0,0.0,0.0,4.2,5000.0,4990.0,4980.0,1.0,1.0,0.0,31.0,5000.0,0.0,255.0,857.0,225.0,0.0,0.0,1245716.0,3.008,3.0,50.0,
1788528357256,2026-09-04T17:25:57.256,0.0,4.0,0.0,1.0,2687.0,14.200000000000001,81.0,1.7,1.7,1.7,1.7,1.0,1.0,810.0,1.0,0.0,693.0,0.0,42.0,0.02941822999999999,0.02941822999999999,26.0,0.999,27.0,43.0,43.0,6.0,16.0,16.0,16.0,16.0,0.0,0.0,0.0,0.0,35.0,14.0,14.0,21.0,210.0,210.0,6.0,5.0,750.0,4230.0,0.0,0.0,0.0,1.0,19475.0,20.5,1.0,0.0,,,,,,,,,,,,,,-7.8125,-7.625,-7.375,21.125,-7.8125,750.0,34.0,700.0,330.0,9.200000000000001,8.1,254.0,20.0,0.0,8.0,0.0,0.0,0.0,0.0,8.0,0.0,5.0,2.0,4.0,0.0,9.0,28488.0,101.0,0.0,0.0,0.0,0.0,26.0,0.0,0.0,4.2,5000.0,4990.0,4970.0,1.0,1.0,0.0,31.0,3894.0,0.0,255.0,857.0,225.0,0.0,0.0,1245716.0,3.008,3.0,50.0,
1788528357947,2026-09-04T17:25:57.947,0.0,4.0,0.0,1.0,2525.0,14.200000000000001,82.0,1.76,1.76,1.76,1.76,0.0,1.0,87.0,0.0,0.0,83.0,0.0,39.5,0.05289573999999997,0.05289573999999997,26.0,0.999,28.0,42.0,42.0,-17.0,-2.0,-2.0,-2.0,-2.0,0.0,0.0,0.0,0.0,35.0,14.0,14.0,19.8,210.0,210.0,5.0,5.0,740.0,4240.0,0.0,0.0,0.0,1.0,19475.0,19.6,0.0,0.0,,,,,,,,,,,,,,-20.0625,-18.375,-18.375,21.0625,-20.0625,750.0,32.0,530.0,250.0,3.9000000000000004,2.5,254.0,20.0,0.0,8.0,0.0,0.0,0.0,0.0,8.0,0.0,5.0,2.0,4.0,0.0,4.0,28488.0,101.0,0.0,0.0,0.0,0.0,26.0,0.0,0.0,4.2,5000.0,4990.0,4980.0,1.0,1.0,0.0,31.0,2602.0,0.0,255.0,857.0,225.0,0.0,0.0,1245716.0,3.008,3.0,50.0,
1788528358797,2026-09-04T17:25:58.797,0.0,4.0,0.0,1.0,2377.0,14.3,82.0,1.84,1.84,1.84,1.84,1.0,1.0,791.0,0.0,0.0,219.0,0.0,38.0,0.08307239,0.08307239,25.0,0.999,28.0,42.0,42.0,2.0,18.0,18.0,18.0,18.0,0.0,0.0,0.0,0.0,35.0,14.0,15.0,19.5,210.0,210.0,5.0,5.0,730.0,4250.0,0.0,0.0,0.0,1.0,19475.0,18.8,1.0,0.0,,,,,,,,,,,,,,2.75,2.8125,2.5625,21.125,2.75,750.0,30.0,850.0,410.0,13.600000000000001,12.5,254.0,20.0,0.0,8.0,0.0,0.0,0.0,0.0,8.0,0.0,5.0,2.0,4.0,0.0,0.0,28488.0,101.0,0.0,0.0,0.0,0.0,26.0,0.0,0.0,4.2,5000.0,4990.0,4980.0,1.0,1.0,0.0,31.0,3299.0,0.0,255.0,857.0,225.0,0.0,0.0,1245716.0,3.008,3.0,50.0,
1788528359810,2026-09-04T17:25:59.810,0.0,4.0,0.0,1.0,2262.0,14.3,82.0,1.67,1.67,1.67,1.67,1.0,1.0,810.0,1.0,0.0,756.0,0.0,35.5,0.0031252499999999683,0.0031252499999999683,24.0,0.999,28.0,42.0,42.0,3.0,35.0,35.0,35.0,35.0,0.0,0.0,0.0,0.0,35.0,15.0,15.0,18.2,210.0,210.0,5.0,5.0,720.0,4270.0,0.0,0.0,0.0,1.0,19475.0,18.1,0.0,0.0,,,,,,,,,,,,,,4.75,4.75,4.75,21.25,4.75,750.0,28.0,880.0,420.0,14.3,13.3,254.0,20.0,0.0,8.0,0.0,0.0,0.0,0.0,8.0,0.0,5.0,2.0,4.0,0.0,2.0,28488.0,101.0,0.0,0.0,0.0,0.0,26.0,0.0,0.0,4.2,5000.0,4990.0,4990.0,1.0,1.0,0.0,31.0,3560.0,0.0,255.0,857.0,225.0,0.0,0.0,1245716.0,3.008,3.0,50.0,
1788528360623,2026-09-04T17:26:00.623,0.0,4.0,0.0,1.0,2134.0,14.200000000000001,83.0,2.5300000000000002,2.5300000000000002,2.5300000000000002,2.5300000000000002,0.0,1.0,87.0,0.0,0.0,87.0,0.0,34.0,0.0020417899999999878,0.0020417899999999878,24.0,0.999,47.0,26.0,26.0,-25.0,26.0,26.0,26.0,26.0,0.0,0.0,0.0,0.0,36.0,34.0,28.0,33.2,462.0,399.0,10.0,9.0,910.0,4060.0,0.0,0.0,0.0,1.0,19475.0,38.6,1.0,0.0,,,,,,,,,,,,,,50.125,36.8125,36.8125,20.5625,50.125,750.0,27.0,1330.0,640.0,27.700000000000003,26.1,254.0,20.0,0.0,8.0,0.0,0.0,0.0,0.0,8.0,0.0,5.0,2.0,4.0,0.0,9.0,28488.0,101.0,0.0,0.0,0.0,0.0,26.0,0.0,0.0,4.2,5000.0,4990.0,4980.0,1.0,1.0,0.0,31.0,3655.0,0.0,255.0,857.0,225.0,0.0,0.0,1245716.0,3.008,3.0,50.0,
1788528361392,2026-09-04T17:26:01.392,0.0,4.0,0.0,1.0,2134.0,14.3,83.0,6.29,6.29,6.29,6.29,0.0,1.0,48.0,0.0,0.0,48.0,1.5,32.5,0.030967120000000015,0.030967120000000015,23.0,0.999,99.0,22.0,22.0,-36.0,19.0,19.0,19.0,19.0,0.0,0.0,0.0,0.0,36.0,46.0,46.0,53.2,588.0,588.0,13.0,13.0,1060.0,3910.0,9.0,9.0,56.0,1.0,19475.0,52.7,1.0,0.0,,,,,,,,,,,,,,60.4375,60.9375,61.625,20.0,60.4375,750.0,28.0,1400.0,670.0,29.900000000000002,28.5,254.0,20.0,0.0,8.0,0.0,0.0,0.0,0.0,8.0,0.0,5.0,2.0,4.0,0.0,10.0,28488.0,101.0,0.0,0.0,0.0,0.0,26.0,0.0,0.0,4.2,5000.0,4990.0,4980.0,1.0,1.0,0.0,31.0,5000.0,0.0,255.0,857.0,225.0,0.0,0.0,1245716.0,3.008,3.0,50.0,
1788528362115,2026-09-04T17:26:02.115,0.0,4.0,0.0,1.0,2236.0,14.4,83.0,6.4,6.4,6.4,6.4,0.0,1.0,92.0,0.0,0.0,214.0,10.0,32.0,0.06498166,0.06498166,23.0,0.999,99.0,21.0,21.0,-36.0,12.0,12.0,12.0,12.0,0.0,0.0,0.0,0.0,36.0,51.0,53.0,64.7,588.0,609.0,15.0,15.0,1140.0,3840.0,23.0,24.0,35.0,1.0,19475.0,62.400000000000006,0.0,0.0,,,,,,,,,,,,,,67.9375,69.4375,69.4375,19.5625,67.9375,750.0,30.0,1440.0,690.0,31.0,29.6,254.0,20.0,0.0,8.0,0.0,0.0,0.0,0.0,8.0,0.0,5.0,2.0,4.0,0.0,10.0,28488.0,101.0,0.0,0.0,0.0,0.0,26.0,0.0,0.0,4.2,5000.0,4990.0,4980.0,1.0,1.0,0.0,31.0,5000.0,0.0,255.0,857.0,225.0,0.0,0.0,1245716.0,3.008,3.0,50.0,
1788528362898,2026-09-04T17:26:02.898,0.0,4.0,0.0,1.0,2353.0,14.200000000000001,83.0,6.47,6.47,6.47,6.47,0.0,1.0,83.0,0.0,0.0,229.0,16.5,32.5,0.07288634,0.07288634,22.0,0.999,99.0,22.0,22.0,-34.0,22.0,22.0,22.0,22.0,0.0,0.0,0.0,0.0,35.0,51.0,52.0,67.4,588.0,609.0,16.0,16.0,1170.0,3810.0,22.0,23.0,40.0,1.0,19475.0,66.3,1.0,0.0,,,,,,,,,,,,,,69.0625,70.5625,70.5625,19.4375,69.0625,750.0,31.0,1470.0,710.0,32.1,30.5,254.0,20.0,0.0,8.0,0.0,0.0,0.0,0.0,8.0,0.0,5.0,2.0,4.0,0.0,8.0,28488.0,101.0,0.0,0.0,0.0,0.0,26.0,0.0,0.0,4.2,5000.0,4990.0,4980.0,1.0,1.0,0.0,31.0,4045.0,0.0,255.0,857.0,225.0,0.0,0.0,1245716.0,3.008,3.0,50.0,
1788528363686,2026-09-04T17:26:03.686,0.0,4.0,0.0,1.0,2482.0,14.200000000000001,83.0,6.47,6.47,6.47,6.47,0.0,1.0,161.0,0.0,0.0,283.0,21.5,32.5,0.07554158,0.07554158,22.0,0.999,99.0,22.0,22.0,-33.0,22.0,22.0,22.0,22.0,0.0,0.0,0.0,0.0,35.0,50.0,51.0,69.0,588.0,588.0,16.0,16.0,1170.0,3810.0,20.0,22.0,39.0,1.0,19475.0,67.4,0.0,0.0,,,,,,,,,,,,,,65.6875,67.1875,67.125,19.5625,65.6875,750.0,33.0,1470.0,710.0,32.1,30.5,254.0,20.0,0.0,8.0,0.0,0.0,0.0,0.0,8.0,0.0,5.0,2.0,4.0,0.0,7.0,28488.0,101.0,0.0,0.0,0.0,0.0,26.0,0.0,0.0,4.2,5000.0,4990.0,4990.0,1.0,1.0,0.0,31.0,5000.0,0.0,255.0,857.0,225.0,0.0,0.0,1245716.0,3.008,3.0,50.0,
1788528364473,2026-09-04T17:26:04.473,0.0,4.0,0.0,1.0,2604.0,14.200000000000001,83.0,6.51,6.51,6.51,6.51,0.0,1.0,141.0,0.0,0.0,151.0,25.5,33.5,0.10148358000000002,0.10148358000000002,21.0,0.999,99.0,23.0,23.0,-33.0,23.0,23.0,23.0,23.0,0.0,0.0,0.0,0.0,35.0,48.0,49.0,70.4,567.0,588.0,16.0,16.0,1170.0,3810.0,16.0,17.0,34.0,1.0,19475.0,68.0,0.0,0.0,,,,,,,,,,,,,,62.5625,63.625,63.625,19.5,62.5625,750.0,34.0,1470.0,710.0,32.1,30.5,254.0,20.0,0.0,8.0,0.0,0.0,0.0,0.0,8.0,0.0,5.0,2.0,4.0,0.0,8.0,28488.0,101.0,0.0,0.0,0.0,0.0,26.0,0.0,0.0,4.2,5000.0,4990.0,4980.0,1.0,1.0,0.0,31.0,3781.0,0.0,255.0,857.0,225.0,0.0,0.0,1245716.0,3.008,3.0,50.0,
1788528365211,2026-09-04T17:26:05.211,0.0,4.0,0.0,1.0,2712.0,14.3,83.0,6.0600000000000005,6.0600000000000005,6.0600000000000005,6.0600000000000005,1.0,1.0,703.0,1.0,0.0,629.0,27.5,34.5,0.07013190999999996,0.07013190999999996,21.0,0.999,99.0,23.0,23.0,-32.0,23.0,23.0,23.0,23.0,0.0,0.0,0.0,0.0,35.0,46.0,47.0,70.2,567.0,567.0,16.0,15.0,1160.0,3810.0,12.0,13.0,29.0,1.0,19475.0,68.4,1.0,0.0,,,,,,,,,,,,,,59.5,61.75,61.6875,19.5625,59.5,750.0,36.0,1460.0,700.0,31.8,30.200000000000003,254.0,20.0,0.0,8.0,0.0,0.0,0.0,0.0,8.0,0.0,5.0,2.0,4.0,0.0,7.0,28488.0,101.0,0.0,0.0,0.0,0.0,26.0,0.0,0.0,4.2,5000.0,4990.0,4980.0,1.0,1.0,0.0,31.0,4855.0,0.0,255.0,857.0,225.0,0.0,0.0,1245716.0,3.008,3.0,50.0,
1788528365962,2026-09-04T17:26:05.962,0.0,4.0,0.0,1.0,2810.0,14.3,84.0,5.74,5.74,5.74,5.74,1.0,1.0,751.0,1.0,0.0,668.0,28.5,35.5,0.03247022999999999,0.03247022999999999,21.0,0.999,99.0,24.0,24.0,-30.0,24.0,24.0,24.0,24.0,0.0,0.0,0.0,0.0,35.0,45.0,45.0,69.9,567.0,567.0,15.0,15.0,1150.0,3820.0,10.0,10.0,39.0,1.0,19475.0,68.2,0.0,0.0,,,,,,,,,,,,,,57.0625,58.25,58.25,19.625,57.0625,750.0,37.0,1460.0,710.0,31.900000000000002,30.5,254.0,20.0,0.0,8.0,0.0,0.0,0.0,0.0,8.0,0.0,5.0,2.0,4.0,0.0,3.0,28488.0,101.0,0.0,0.0,0.0,0.0,26.0,0.0,0.0,4.2,5000.0,4990.0,4990.0,1.0,1.0,0.0,31.0,5000.0,0.0,255.0,857.0,225.0,0.0,0.0,1245716.0,3.008,3.0,50.0,
1788528366819,2026-09-04T17:26:06.819,0.0,4.0,0.0,1.0,2907.0,14.200000000000001,84.0,5.53,5.53,5.53,5.53,0.0,1.0,78.0,0.0,0.0,170.0,28.5,36.5,0.04193905999999997,0.04193905999999997,20.0,0.999,99.0,25.0,25.0,-36.0,22.0,22.0,22.0,22.0,0.0,0.0,0.0,0.0,35.0,55.0,56.0,88.0,630.0,630.0,20.0,20.0,1330.0,3630.0,31.0,27.0,25.0,1.0,19475.0,87.80000000000001,1.0,0.0,,,,,,,,,,,,,,80.3125,78.75,79.0,19.625,80.3125,750.0,38.0,1690.0,820.0,38.7,37.0,254.0,20.0,0.0,8.0,0.0,0.0,0.0,0.0,8.0,0.0,5.0,2.0,4.0,0.0,0.0,28488.0,101.0,0.0,0.0,0.0,0.0,27.0,0.0,0.0,4.2,5000.0,4990.0,4980.0,1.0,1.0,0.0,31.0,5000.0,0.0,255.0,857.0,225.0,0.0,0.0,1245716.0,3.008,3.0,50.0,
1788528367757,2026-09-04T17:26:07.757,0.0,4.0,0.0,1.0,3067.0,14.3,85.0,8.85,8.85,8.85,8.85,1.0,1.0,795.0,1.0,0.0,703.0,0.0,0.0,0.053536660000000014,0.053536660000000014,20.0,0.999,99.0,22.0,22.0,-16.0,22.0,22.0,22.0,22.0,0.0,0.0,0.0,0.0,35.0,62.0,63.0,106.5,714.0,714.0,25.0,25.0,1550.0,3420.0,36.0,37.0,40.0,1.0,19475.0,103.9,0.0,0.0,,,,,,,,,,,,,,87.875,89.25,88.875,20.3125,87.875,750.0,41.0,1700.0,830.0,39.2,37.5,254.0,20.0,0.0,8.0,0.0,0.0,0.0,0.0,8.0,0.0,5.0,2.0,4.0,0.0,4.0,28488.0,101.0,0.0,0.0,0.0,0.0,27.0,0.0,0.0,4.2,5000.0,4990.0,4980.0,1.0,1.0,0.0,31.0,3766.0,0.0,255.0,857.0,225.0,0.0,0.0,1245716.0,3.008,3.0,50.0,
1788528368505,2026-09-04T17:26:08.505,0.0,4.0,0.0,1.0,3264.0,14.3,85.0,8.28,8.28,8.28,8.28,0.0,1.0,83.0,0.0,0.0,151.0,27.5,40.5,0.05693200999999998,0.05693200999999998,19.0,0.999,99.0,23.0,23.0,-14.0,23.0,23.0,23.0,23.0,0.0,0.0,0.0,0.0,35.0,59.0,61.0,108.7,672.0,693.0,24.0,24.0,1520.0,3460.0,38.0,38.0,51.0,1.0,19475.0,105.5,1.0,0.0,,,,,,,,,,,,,,83.25,85.8125,85.875,21.4375,83.25,750.0,43.0,1700.0,830.0,39.2,37.5,254.0,20.0,0.0,8.0,0.0,0.0,0.0,0.0,8.0,0.0,5.0,2.0,4.0,0.0,7.0,28488.0,101.0,0.0,0.0,0.0,0.0,27.0,0.0,0.0,4.2,5000.0,4990.0,4980.0,1.0,1.0,0.0,31.0,5000.0,0.0,255.0,857.0,225.0,0.0,0.0,1245716.0,3.008,3.0,50.0,
1788528369340,2026-09-04T17:26:09.340,0.0,4.0,0.0,1.0,3416.0,14.3,85.0,7.75,7.75,7.75,7.75,1.0,1.0,747.0,1.0,0.0,639.0,26.0,41.0,0.029486899999999983,0.029486899999999983,18.0,0.999,99.0,23.0,23.0,-10.0,23.0,23.0,23.0,23.0,0.0,0.0,0.0,0.0,35.0,57.0,58.0,108.80000000000001,651.0,672.0,23.0,23.0,1480.0,3480.0,40.0,40.0,46.0,1.0,19475.0,105.9,1.0,0.0,,,,,,,,,,,,,,79.0,82.25,82.0,22.25,79.0,750.0,46.0,1660.0,810.0,38.2,36.7,254.0,20.0,0.0,8.0,0.0,0.0,0.0,0.0,8.0,0.0,5.0,2.0,4.0,0.0,9.0,28488.0,101.0,0.0,0.0,0.0,0.0,27.0,0.0,0.0,4.2,5000.0,4990.0,4980.0,1.0,1.0,0.0,31.0,5000.0,0.0,255.0,857.0,225.0,0.0,0.0,1245716.0,3.008,3.0,50.0,
1788528370117,2026-09-04T17:26:10.117,0.0,4.0,0.0,1.0,3529.0,14.200000000000001,85.0,6.61,6.61,6.61,6.61,1.0,1.0,805.0,1.0,0.0,717.0,24.0,43.0,0.008313650000000006,0.008313650000000006,18.0,1.0,99.0,23.0,23.0,-12.0,23.0,23.0,23.0,23.0,0.0,0.0,0.0,0.0,35.0,49.0,51.0,98.10000000000001,525.0,567.0,19.0,19.0,1310.0,3660.0,29.0,27.0,51.0,1.0,19475.0,92.80000000000001,0.0,0.0,,,,,,,,,,,,,,62.0625,65.1875,65.1875,22.875,62.0625,750.0,47.0,1580.0,760.0,35.4,33.7,254.0,20.0,0.0,8.0,0.0,0.0,0.0,0.0,8.0,0.0,5.0,2.0,4.0,0.0,8.0,28488.0,101.0,0.0,0.0,0.0,0.0,27.0,0.0,0.0,4.2,5000.0,4990.0,4990.0,1.0,1.0,0.0,31.0,5000.0,0.0,255.0,857.0,225.0,0.0,0.0,1245716.0,3.008,3.0,50.0,
1788528370891,2026-09-04T17:26:10.891,0.0,4.0,0.0,1.0,3639.0,14.3,85.0,5.2700000000000005,5.2700000000000005,5.2700000000000005,5.2700000000000005,1.0,1.0,805.0,1.0,0.0,722.0,20.5,42.5,-0.032873089999999994,-0.032873089999999994,17.0,0.999,99.0,27.0,27.0,-36.0,23.0,23.0,23.0,23.0,0.0,0.0,0.0,0.0,35.0,28.0,32.0,63.1,378.0,420.0,12.0,12.0,1030.0,3930.0,0.0,0.0,0.0,1.0,19475.0,55.2,1.0,0.0,,,,,,,,,,,,,,21.0,27.75,28.0625,22.9375,21.0,750.0,47.0,1210.0,580.0,24.5,23.200000000000003,254.0,20.0,0.0,8.0,0.0,0.0,0.0,0.0,8.0,0.0,5.0,2.0,4.0,0.0,9.0,28488.0,101.0,0.0,0.0,0.0,0.0,27.0,0.0,0.0,4.2,5000.0,4990.0,4970.0,1.0,1.0,0.0,31.0,4129.0,0.0,255.0,857.0,225.0,0.0,0.0,1245716.0,3.008,3.0,50.0,
1788528371630,2026-09-04T17:26:11.630,0.0,4.0,0.0,1.0,3561.0,14.3,86.0,1.7,1.7,1.7,1.7,1.0,1.0,859.0,1.0,0.0,800.0,9.5,41.0,-0.10939436,-0.10939436,17.0,0.999,96.0,37.0,37.0,-11.0,20.0,20.0,20.0,20.0,0.0,0.0,0.0,0.0,34.0,14.0,15.0,29.200000000000003,210.0,231.0,7.0,7.0,810.0,4160.0,0.0,0.0,0.0,1.0,19475.0,26.5,0.0,0.0,,,,,,,,,,,,,,-1.75,-1.75,-1.625,22.9375,-1.75,750.0,45.0,980.0,470.0,17.3,16.3,254.0,20.0,0.0,8.0,0.0,0.0,0.0,0.0,8.0,0.0,5.0,2.0,4.0,0.0,10.0,28488.0,101.0,0.0,0.0,0.0,0.0,27.0,0.0,0.0,4.2,5000.0,4990.0,4970.0,1.0,1.0,0.0,31.0,4683.0,0.0,255.0,857.0,225.0,0.0,0.0,1245716.0,3.008,3.0,50.0,
1788528372496,2026-09-04T17:26:12.496,0.0,4.0,0.0,1.0,3456.0,14.3,86.0,1.36,1.36,1.36,1.36,0.0,1.0,48.0,0.0,0.0,83.0,4.5,39.5,-0.07118332,-0.07118332,17.0,0.999,78.0,41.0,41.0,7.0,18.0,18.0,18.0,18.0,0.0,0.0,0.0,0.0,35.0,14.0,14.0,25.700000000000003,210.0,210.0,7.0,7.0,800.0,4180.0,0.0,0.0,0.0,1.0,19475.0,24.400000000000002,0.0,0.0,,,,,,,,,,,,,,-8.1875,-7.6875,-7.5625,22.5,-8.1875,750.0,43.0,800.0,380.0,12.200000000000001,11.0,254.0,20.0,0.0,8.0,0.0,0.0,0.0,0.0,8.0,0.0,5.0,2.0,4.0,0.0,10.0,28488.0,101.0,0.0,0.0,0.0,0.0,27.0,0.0,0.0,4.2,5000.0,4990.0,4980.0,1.0,1.0,0.0,31.0,5000.0,0.0,255.0,857.0,222.0,0.0,0.0,1245716.0,3.008,3.0,50.0,
1788528373316,2026-09-04T17:26:13.316,0.0,4.0,0.0,1.0,3175.0,14.200000000000001,86.0,0.0,0.0,0.0,0.0,0.0,0.0,29.0,0.0,0.0,48.0,2.0,37.0,1.9839999999993196E-5,1.9839999999993196E-5,18.0,0.999,0.0,44.0,44.0,3.0,3.0,3.0,3.0,3.0,0.0,0.0,0.0,0.0,35.0,13.0,15.0,23.0,210.0,231.0,6.0,6.0,770.0,4210.0,0.0,0.0,0.0,1.0,19475.0,20.8,1.0,0.0,,,,,,,,,,,,,,-19.3125,-19.3125,-19.5625,20.0,-19.3125,750.0,41.0,390.0,200.0,0.0,0.0,254.0,20.0,0.0,8.0,0.0,1.0,1.0,0.0,8.0,0.0,5.0,0.0,4.0,100.0,9.0,28488.0,101.0,0.0,0.0,0.0,0.0,27.0,0.0,0.0,4.2,5000.0,4990.0,4980.0,1.0,1.0,0.0,31.0,3477.0,0.0,255.0,857.0,253.0,0.0,0.0,1245716.0,3.008,3.0,50.0,
1788528374011,2026-09-04T17:26:14.011,0.0,4.0,0.0,1.0,1930.0,14.3,86.0,0.0,0.0,0.0,0.0,0.0,0.0,4.0,0.0,0.0,19.0,7.0,35.0,1.9839999999993196E-5,1.9839999999993196E-5,18.0,0.999,0.0,37.0,37.0,2.0,2.0,2.0,2.0,2.0,0.0,0.0,0.0,0.0,35.0,14.0,15.0,14.0,210.0,231.0,3.0,3.0,650.0,4320.0,0.0,0.0,0.0,1.0,19475.0,12.4,0.0,0.0,,,,,,,,,,,,,,-19.125,-19.125,-19.375,21.75,-19.125,750.0,37.0,390.0,200.0,0.0,0.0,254.0,20.0,0.0,8.0,0.0,1.0,0.0,0.0,8.0,0.0,5.0,2.0,4.0,0.0,10.0,28488.0,101.0,0.0,0.0,0.0,0.0,27.0,0.0,0.0,4.2,5000.0,4990.0,4980.0,1.0,1.0,0.0,31.0,2581.0,0.0,255.0,857.0,241.0,0.0,0.0,1245716.0,3.008,3.0,50.0,
1788528374796,2026-09-04T17:26:14.796,0.0,4.0,0.0,1.0,1304.0,14.3,86.0,2.08,2.08,2.08,2.08,0.0,0.0,24.0,0.0,0.0,14.0,16.5,33.5,1.9839999999993196E-5,1.9839999999993196E-5,18.0,1.237,0.0,33.0,33.0,2.0,2.0,2.0,2.0,2.0,0.0,0.0,0.0,0.0,35.0,13.0,13.0,8.700000000000001,210.0,210.0,2.0,2.0,600.0,4380.0,0.0,0.0,0.0,1.0,19475.0,8.4,1.0,0.0,,,,,,,,,,,,,,-22.4375,-13.6875,-11.5,25.0625,-22.4375,750.0,32.0,390.0,190.0,0.0,0.0,254.0,20.0,0.0,8.0,0.0,1.0,0.0,0.0,8.0,0.0,5.0,1.0,4.0,0.0,10.0,28488.0,101.0,0.0,0.0,0.0,0.0,27.0,0.0,0.0,4.2,5000.0,4990.0,4980.0,1.0,1.0,0.0,31.0,1949.0,0.0,255.0,857.0,226.0,0.0,0.0,1245716.0,3.008,3.0,50.0,
1788528375920,2026-09-04T17:26:15.920,0.0,4.0,0.0,1.0,959.0,14.200000000000001,87.0,1.95,1.95,1.95,1.95,1.0,1.0,825.0,1.0,0.0,791.0,22.5,32.0,-0.003413660000000013,-0.003413660000000013,18.0,0.999,3.0,25.0,25.0,-3.0,6.0,6.0,6.0,6.0,0.0,0.0,0.0,0.0,35.0,22.0,17.0,8.9,336.0,273.0,3.0,2.0,620.0,4370.0,0.0,0.0,0.0,1.0,19475.0,10.9,0.0,0.0,,,,,,,,,,,,,,-24.875,-6.5,-5.625,27.5,-24.875,750.0,22.0,390.0,200.0,0.0,0.0,254.0,20.0,0.0,8.0,0.0,1.0,0.0,0.0,8.0,0.0,5.0,1.0,4.0,0.0,6.0,28488.0,101.0,0.0,0.0,0.0,0.0,28.0,0.0,0.0,4.2,5000.0,4990.0,4980.0,1.0,1.0,0.0,31.0,1597.0,0.0,255.0,857.0,225.0,0.0,0.0,1245716.0,3.008,3.0,50.0,
1788528376665,2026-09-04T17:26:16.665,0.0,4.0,0.0,1.0,827.0,14.200000000000001,87.0,2.35,2.35,2.35,2.35,1.0,1.0,878.0,1.0,0.0,825.0,25.5,30.5,-0.011837180000000003,-0.011837180000000003,18.0,0.999,5.0,20.0,20.0,-8.0,0.0,0.0,0.0,0.0,0.0,0.0,0.0,0.0,35.0,18.0,18.0,7.9,294.0,294.0,2.0,2.0,590.0,4400.0,0.0,0.0,0.0,1.0,19475.0,7.9,1.0,0.0,,,,,,,,,,,,,,-25.9375,-4.3125,-4.5,28.5625,-25.9375,750.0,14.0,390.0,200.0,0.0,0.0,254.0,20.0,0.0,8.0,0.0,1.0,0.0,0.0,8.0,0.0,5.0,1.0,4.0,0.0,7.0,28488.0,101.0,0.0,0.0,0.0,0.0,28.0,0.0,0.0,4.2,5000.0,4990.0,4990.0,1.0,1.0,0.0,31.0,1676.0,0.0,255.0,857.0,227.0,0.0,0.0,1245716.0,3.008,3.0,50.0,
1788528377470,2026-09-04T17:26:17.470,0.0,4.0,0.0,1.0,779.0,14.200000000000001,87.0,2.21,2.21,2.21,2.21,1.0,1.0,878.0,1.0,0.0,849.0,28.5,29.5,-0.03934333000000001,-0.03934333000000001,18.0,0.999,7.0,21.0,21.0,-8.0,0.0,0.0,0.0,0.0,0.0,0.0,0.0,0.0,35.0,17.0,18.0,7.5,273.0,294.0,1.0,1.0,580.0,4410.0,0.0,0.0,0.0,1.0,19475.0,7.4,1.0,0.0,,,,,,,,,,,,,,-26.3125,-4.5625,-4.625,28.9375,-26.3125,750.0,7.0,390.0,200.0,0.0,0.0,254.0,20.0,0.0,8.0,0.0,1.0,0.0,0.0,8.0,0.0,5.0,1.0,4.0,0.0,7.0,28488.0,101.0,0.0,0.0,0.0,0.0,28.0,0.0,0.0,4.2,5000.0,4990.0,4980.0,1.0,1.0,0.0,31.0,1706.0,0.0,255.0,857.0,269.0,0.0,0.0,1245716.0,3.008,3.0,50.0,
1788528378220,2026-09-04T17:26:18.220,0.0,4.0,0.0,1.0,761.0,14.200000000000001,87.0,2.07,2.07,2.07,2.07,1.0,1.0,854.0,1.0,0.0,839.0,31.5,28.5,-0.07474653,-0.07474653,18.0,0.999,8.0,22.0,22.0,-7.0,5.0,5.0,5.0,5.0,0.0,0.0,0.0,0.0,35.0,17.0,18.0,7.300000000000001,273.0,273.0,1.0,1.0,580.0,4400.0,0.0,0.0,0.0,1.0,19475.0,7.1000000000000005,0.0,0.0,,,,,,,,,,,,,,-26.25,-2.6875,-4.375,28.875,-26.25,750.0,3.0,390.0,200.0,0.0,0.0,254.0,20.0,0.0,8.0,0.0,1.0,0.0,0.0,8.0,0.0,5.0,1.0,4.0,0.0,5.0,28488.0,101.0,0.0,0.0,0.0,0.0,28.0,0.0,0.0,4.2,5000.0,4990.0,4980.0,1.0,1.0,0.0,31.0,1394.0,0.0,255.0,857.0,277.0,0.0,0.0,1245716.0,3.008,3.0,50.0,
1788528379037,2026-09-04T17:26:19.037,0.0,4.0,0.0,1.0,746.0,14.200000000000001,87.0,2.0100000000000002,2.0100000000000002,2.0100000000000002,2.0100000000000002,1.0,1.0,800.0,1.0,0.0,815.0,34.0,27.5,-0.10837957000000001,-0.10837957000000001,18.0,0.999,8.0,21.0,21.0,-7.0,6.0,6.0,6.0,6.0,0.0,0.0,0.0,0.0,35.0,18.0,18.0,7.300000000000001,294.0,294.0,1.0,1.0,580.0,4410.0,0.0,0.0,0.0,1.0,19475.0,7.4,1.0,0.0,,,,,,,,,,,,,,-25.9375,-0.5625,-1.75,28.5625,-25.9375,750.0,1.0,390.0,200.0,0.0,0.0,254.0,20.0,0.0,8.0,0.0,1.0,0.0,0.0,8.0,0.0,5.0,1.0,4.0,0.0,6.0,28488.0,101.0,0.0,0.0,0.0,0.0,28.0,0.0,0.0,4.2,5000.0,4990.0,4990.0,1.0,1.0,0.0,31.0,1362.0,0.0,255.0,857.0,281.0,0.0,0.0,1245716.0,3.008,3.0,50.0,
1788528379678,2026-09-04T17:26:19.678,0.0,4.0,0.0,1.0,740.0,14.200000000000001,87.0,2.16,2.16,2.16,2.16,0.0,1.0,102.0,1.0,0.0,615.0,36.5,26.5,-0.08690875,-0.08690875,18.0,0.999,10.0,19.0,19.0,-9.0,2.0,2.0,2.0,2.0,0.0,0.0,0.0,0.0,35.0,18.0,18.0,7.5,294.0,294.0,1.0,1.0,580.0,4400.0,0.0,0.0,0.0,1.0,19475.0,7.5,0.0,0.0,,,,,,,,,,,,,,-26.0,-2.1875,-2.0,28.625,-26.0,750.0,0.0,390.0,200.0,0.0,0.0,254.0,20.0,0.0,8.0,0.0,1.0,0.0,0.0,8.0,0.0,5.0,1.0,4.0,0.0,7.0,28488.0,101.0,0.0,0.0,0.0,0.0,28.0,0.0,0.0,4.2,5000.0,4990.0,4980.0,1.0,1.0,0.0,31.0,1582.0,0.0,255.0,857.0,287.0,0.0,0.0,1245716.0,3.008,3.0,50.0,
1788528380503,2026-09-04T17:26:20.503,0.0,4.0,0.0,1.0,749.0,14.200000000000001,87.0,2.13,2.13,2.13,2.13,0.0,1.0,92.0,0.0,0.0,87.0,38.5,26.0,-0.08068267000000001,-0.08068267000000001,19.0,0.999,10.0,20.0,20.0,-8.0,1.0,1.0,1.0,1.0,0.0,0.0,0.0,0.0,35.0,18.0,18.0,7.5,294.0,294.0,1.0,1.0,580.0,4400.0,0.0,0.0,0.0,1.0,19475.0,7.4,0.0,0.0,,,,,,,,,,,,,,-26.125,-2.875,-3.6875,28.75,-26.125,750.0,0.0,390.0,200.0,0.0,0.0,254.0,20.0,0.0,8.0,0.0,1.0,0.0,0.0,8.0,0.0,5.0,1.0,4.0,0.0,8.0,28488.0,101.0,0.0,0.0,0.0,0.0,28.0,0.0,0.0,4.2,5000.0,4990.0,4970.0,1.0,1.0,0.0,31.0,1498.0,0.0,255.0,857.0,294.0,0.0,0.0,1245716.0,3.008,3.0,50.0,
1788528381273,2026-09-04T17:26:21.273,0.0,4.0,0.0,1.0,751.0,14.200000000000001,87.0,2.0,2.0,2.0,2.0,1.0,1.0,776.0,1.0,0.0,683.0,40.0,25.5,-0.09614868000000001,-0.09614868000000001,19.0,0.999,10.0,21.0,21.0,-7.0,4.0,4.0,4.0,4.0,0.0,0.0,0.0,0.0,35.0,19.0,18.0,7.4,294.0,294.0,1.0,1.0,580.0,4390.0,0.0,0.0,0.0,1.0,19475.0,7.6000000000000005,1.0,0.0,,,,,,,,,,,,,,-26.1875,-2.0,-2.5625,28.8125,-26.1875,750.0,0.0,390.0,200.0,0.0,0.0,254.0,20.0,0.0,8.0,0.0,1.0,0.0,0.0,8.0,0.0,5.0,1.0,4.0,0.0,7.0,28488.0,101.0,0.0,0.0,0.0,0.0,28.0,0.0,0.0,4.2,5000.0,4990.0,4980.0,1.0,1.0,0.0,31.0,1350.0,0.0,255.0,857.0,293.0,0.0,0.0,1245716.0,3.008,3.0,50.0,
1788528382020,2026-09-04T17:26:22.020,0.0,4.0,0.0,1.0,744.0,14.200000000000001,87.0,2.07,2.07,2.07,2.07,0.0,1.0,83.0,0.0,0.0,190.0,41.5,25.0,-0.08340658000000001,-0.08340658000000001,20.0,0.999,11.0,21.0,21.0,-8.0,3.0,3.0,3.0,3.0,0.0,0.0,0.0,0.0,35.0,18.0,18.0,7.5,294.0,294.0,1.0,1.0,580.0,4410.0,0.0,0.0,0.0,1.0,19475.0,7.5,0.0,0.0,,,,,,,,,,,,,,-26.0625,-2.6875,-3.0625,28.6875,-26.0625,750.0,0.0,390.0,200.0,0.0,0.0,254.0,20.0,0.0,8.0,0.0,1.0,0.0,0.0,8.0,0.0,5.0,1.0,4.0,0.0,7.0,28488.0,101.0,0.0,0.0,0.0,0.0,28.0,0.0,0.0,4.2,5000.0,4990.0,4980.0,1.0,1.0,0.0,31.0,1826.0,0.0,255.0,857.0,293.0,0.0,0.0,1245716.0,3.008,3.0,50.0,
1788528382852,2026-09-04T17:26:22.852,0.0,4.0,0.0,1.0,752.0,14.200000000000001,88.0,2.05,2.05,2.05,2.05,0.0,1.0,97.0,0.0,0.0,83.0,43.5,24.5,-0.07640224000000001,-0.07640224000000001,20.0,0.999,12.0,21.0,21.0,-8.0,4.0,4.0,4.0,4.0,0.0,0.0,0.0,0.0,35.0,18.0,18.0,7.5,294.0,294.0,1.0,1.0,580.0,4400.0,0.0,0.0,0.0,1.0,19475.0,7.300000000000001,1.0,0.0,,,,,,,,,,,,,,-26.125,-3.1875,-3.5625,28.75,-26.125,750.0,0.0,390.0,200.0,0.0,0.0,254.0,20.0,0.0,8.0,0.0,1.0,0.0,0.0,8.0,0.0,5.0,1.0,4.0,0.0,7.0,28488.0,101.0,0.0,0.0,0.0,0.0,28.0,0.0,0.0,4.2,5000.0,4990.0,4990.0,1.0,1.0,0.0,31.0,1358.0,0.0,255.0,857.0,293.0,0.0,0.0,1245716.0,3.008,3.0,50.0,
1788528383901,2026-09-04T17:26:23.901,0.0,4.0,0.0,1.0,750.0,14.200000000000001,88.0,1.98,1.98,1.98,1.98,1.0,1.0,776.0,1.0,0.0,590.0,46.0,24.0,-0.08875521,-0.08875521,21.0,0.999,12.0,21.0,21.0,-7.0,4.0,4.0,4.0,4.0,0.0,0.0,0.0,0.0,35.0,18.0,18.0,7.4,294.0,294.0,1.0,1.0,580.0,4410.0,0.0,0.0,0.0,1.0,19475.0,7.5,0.0,0.0,,,,,,,,,,,,,,-26.125,-2.5625,-3.0625,28.75,-26.125,750.0,0.0,390.0,200.0,0.0,0.0,254.0,20.0,0.0,8.0,0.0,1.0,0.0,0.0,8.0,0.0,5.0,1.0,4.0,0.0,8.0,28488.0,101.0,0.0,0.0,0.0,0.0,28.0,0.0,0.0,4.2,5000.0,4990.0,4990.0,1.0,1.0,0.0,31.0,1322.0,0.0,255.0,857.0,292.0,0.0,0.0,1245716.0,3.008,3.0,50.0,
1788528384656,2026-09-04T17:26:24.656,0.0,4.0,0.0,1.0,751.0,14.200000000000001,88.0,1.95,1.95,1.95,1.95,1.0,1.0,712.0,1.0,0.0,688.0,47.5,24.0,-0.09809433000000001,-0.09809433000000001,22.0,0.999,12.0,21.0,21.0,-8.0,5.0,5.0,5.0,5.0,0.0,0.0,0.0,0.0,35.0,18.0,18.0,7.4,294.0,294.0,1.0,1.0,580.0,4410.0,0.0,0.0,0.0,1.0,19475.0,7.5,1.0,0.0,,,,,,,,,,,,,,-26.25,-1.4375,-2.9375,28.875,-26.25,750.0,0.0,390.0,200.0,0.0,0.0,254.0,20.0,0.0,8.0,0.0,1.0,0.0,0.0,8.0,0.0,5.0,1.0,4.0,0.0,7.0,28488.0,101.0,0.0,0.0,0.0,0.0,28.0,0.0,0.0,4.2,5000.0,4990.0,4980.0,1.0,1.0,0.0,31.0,1462.0,0.0,255.0,857.0,292.0,0.0,0.0,1245716.0,3.008,3.0,50.0,
1788528385511,2026-09-04T17:26:25.511,0.0,4.0,0.0,1.0,749.0,14.200000000000001,88.0,2.04,2.04,2.04,2.04,0.0,1.0,92.0,0.0,0.0,244.0,49.0,24.0,-0.08185006,-0.08185006,22.0,0.999,12.0,19.0,19.0,-9.0,2.0,2.0,2.0,2.0,0.0,0.0,0.0,0.0,35.0,19.0,19.0,7.5,294.0,294.0,1.0,1.0,580.0,4400.0,0.0,0.0,0.0,1.0,19475.0,7.6000000000000005,1.0,0.0,,,,,,,,,,,,,,-25.9375,-1.75,-1.375,28.5625,-25.9375,750.0,0.0,390.0,200.0,0.0,0.0,254.0,20.0,0.0,8.0,0.0,1.0,0.0,0.0,8.0,0.0,5.0,1.0,4.0,0.0,8.0,28488.0,101.0,0.0,0.0,0.0,0.0,28.0,0.0,0.0,4.2,5000.0,4990.0,4980.0,1.0,1.0,0.0,31.0,1385.0,0.0,255.0,857.0,292.0,0.0,0.0,1245716.0,3.008,3.0,50.0,
1788528386180,2026-09-04T17:26:26.180,0.0,4.0,0.0,1.0,756.0,14.200000000000001,88.0,2.0,2.0,2.0,2.0,0.0,1.0,102.0,0.0,0.0,131.0,50.5,23.5,-0.07367833000000001,-0.07367833000000001,23.0,0.999,11.0,21.0,21.0,-8.0,4.0,4.0,4.0,4.0,0.0,0.0,0.0,0.0,35.0,18.0,18.0,7.4,294.0,294.0,1.0,1.0,580.0,4400.0,0.0,0.0,0.0,1.0,19475.0,7.5,0.0,0.0,,,,,,,,,,,,,,-26.1875,-2.1875,-3.375,28.8125,-26.1875,750.0,0.0,390.0,200.0,0.0,0.0,254.0,20.0,0.0,8.0,0.0,1.0,0.0,0.0,8.0,0.0,5.0,1.0,4.0,0.0,8.0,28488.0,101.0,0.0,0.0,0.0,0.0,28.0,0.0,0.0,4.2,5000.0,4990.0,4980.0,1.0,1.0,0.0,31.0,1355.0,0.0,255.0,857.0,292.0,0.0,0.0,1245716.0,3.008,3.0,50.0,
1788528386864,2026-09-04T17:26:26.864,0.0,4.0,0.0,1.0,749.0,14.200000000000001,88.0,2.07,2.07,2.07,2.07,0.0,1.0,87.0,0.0,0.0,141.0,52.0,23.5,-0.06706312,-0.06706312,23.0,0.999,11.0,20.0,20.0,-8.0,2.0,2.0,2.0,2.0,0.0,0.0,0.0,0.0,35.0,18.0,18.0,7.4,294.0,294.0,1.0,1.0,580.0,4400.0,0.0,0.0,0.0,1.0,19475.0,7.5,1.0,0.0,,,,,,,,,,,,,,-26.125,-2.9375,-2.375,28.75,-26.125,750.0,0.0,390.0,200.0,0.0,0.0,254.0,20.0,0.0,8.0,0.0,1.0,0.0,0.0,8.0,0.0,5.0,1.0,4.0,0.0,8.0,28488.0,101.0,0.0,0.0,0.0,0.0,28.0,0.0,0.0,4.2,5000.0,4990.0,4980.0,1.0,1.0,0.0,31.0,1455.0,0.0,255.0,857.0,293.0,0.0,0.0,1245716.0,3.008,3.0,50.0,
1788528387662,2026-09-04T17:26:27.662,0.0,4.0,0.0,1.0,751.0,14.200000000000001,88.0,2.08,2.08,2.08,2.08,0.0,1.0,97.0,0.0,0.0,131.0,0.0,0.0,-0.060447909999999994,-0.060447909999999994,24.0,0.999,10.0,20.0,20.0,-8.0,3.0,3.0,3.0,3.0,0.0,0.0,0.0,0.0,35.0,18.0,18.0,7.5,294.0,294.0,1.0,1.0,580.0,4400.0,0.0,0.0,0.0,1.0,19475.0,7.5,0.0,0.0,,,,,,,,,,,,,,-26.125,-1.9375,-2.6875,28.75,-26.125,750.0,0.0,390.0,200.0,0.0,0.0,254.0,20.0,0.0,8.0,0.0,1.0,0.0,0.0,8.0,0.0,5.0,1.0,4.0,0.0,8.0,28488.0,101.0,0.0,0.0,0.0,0.0,28.0,0.0,0.0,4.2,5000.0,4990.0,4980.0,1.0,1.0,0.0,31.0,1157.0,0.0,255.0,857.0,293.0,0.0,0.0,1245716.0,3.008,3.0,50.0,
1788528388396,2026-09-04T17:26:28.396,0.0,4.0,0.0,1.0,745.0,14.200000000000001,88.0,2.09,2.09,2.09,2.09,0.0,1.0,141.0,0.0,0.0,180.0,54.5,23.5,-0.05266530999999999,-0.05266530999999999,25.0,0.999,10.0,20.0,20.0,-8.0,3.0,3.0,3.0,3.0,0.0,0.0,0.0,0.0,35.0,19.0,18.0,7.5,294.0,294.0,2.0,1.0,580.0,4400.0,0.0,0.0,0.0,1.0,19475.0,7.6000000000000005,0.0,0.0,,,,,,,,,,,,,,-26.1875,-3.125,-2.25,28.8125,-26.1875,750.0,0.0,390.0,200.0,0.0,0.0,254.0,20.0,0.0,8.0,0.0,1.0,0.0,0.0,8.0,0.0,5.0,1.0,4.0,0.0,8.0,28488.0,101.0,0.0,0.0,0.0,0.0,28.0,0.0,0.0,4.2,5000.0,4990.0,4980.0,1.0,1.0,0.0,31.0,1576.0,0.0,255.0,857.0,293.0,0.0,0.0,1245716.0,3.008,3.0,50.0,
1788528389163,2026-09-04T17:26:29.163,0.0,4.0,0.0,1.0,755.0,14.200000000000001,88.0,2.11,2.11,2.11,2.11,1.0,1.0,478.0,0.0,0.0,317.0,56.0,23.5,-0.045660969999999995,-0.045660969999999995,25.0,0.999,10.0,20.0,20.0,-9.0,3.0,3.0,3.0,3.0,0.0,0.0,0.0,0.0,35.0,18.0,18.0,7.5,294.0,294.0,1.0,1.0,580.0,4400.0,0.0,0.0,0.0,1.0,19475.0,7.6000000000000005,1.0,0.0,,,,,,,,,,,,,,-26.375,-2.375,-2.5625,29.0,-26.375,750.0,0.0,390.0,200.0,0.0,0.0,254.0,20.0,0.0,8.0,0.0,1.0,0.0,0.0,8.0,0.0,5.0,1.0,4.0,0.0,8.0,28488.0,101.0,0.0,0.0,0.0,0.0,28.0,0.0,0.0,4.2,5000.0,4990.0,4990.0,1.0,1.0,0.0,31.0,1440.0,0.0,255.0,857.0,293.0,0.0,0.0,1245716.0,3.008,3.0,50.0,
1788528389921,2026-09-04T17:26:29.921,0.0,4.0,0.0,1.0,752.0,14.200000000000001,88.0,2.1,2.1,2.1,2.1,0.0,1.0,288.0,1.0,0.0,664.0,56.5,24.0,-0.052276180000000005,-0.052276180000000005,26.0,0.999,9.0,20.0,20.0,-8.0,3.0,3.0,3.0,3.0,0.0,0.0,0.0,0.0,35.0,19.0,18.0,7.4,294.0,294.0,1.0,1.0,580.0,4400.0,0.0,0.0,0.0,1.0,19475.0,7.6000000000000005,0.0,0.0,,,,,,,,,,,,,,-26.375,-2.375,-2.875,29.0,-26.375,750.0,0.0,390.0,200.0,0.0,0.0,254.0,20.0,0.0,8.0,0.0,1.0,0.0,0.0,8.0,0.0,5.0,1.0,4.0,0.0,8.0,28488.0,101.0,0.0,0.0,0.0,0.0,28.0,0.0,0.0,4.2,5000.0,4990.0,4980.0,1.0,1.0,0.0,31.0,1409.0,0.0,255.0,857.0,293.0,0.0,0.0,1245716.0,3.008,3.0,50.0,
1788528390742,2026-09-04T17:26:30.742,0.0,4.0,0.0,1.0,750.0,14.200000000000001,88.0,2.12,2.12,2.12,2.12,0.0,1.0,87.0,0.0,0.0,141.0,58.0,24.0,-0.044493580000000005,-0.044493580000000005,26.0,0.999,8.0,21.0,21.0,-8.0,3.0,3.0,3.0,3.0,0.0,0.0,0.0,0.0,35.0,18.0,18.0,7.4,294.0,294.0,1.0,1.0,580.0,4400.0,0.0,0.0,0.0,1.0,19475.0,7.5,1.0,0.0,,,,,,,,,,,,,,-26.25,-2.5625,-2.5,28.875,-26.25,750.0,0.0,390.0,200.0,0.0,0.0,254.0,20.0,0.0,8.0,0.0,1.0,0.0,0.0,8.0,0.0,5.0,1.0,4.0,0.0,8.0,28488.0,101.0,0.0,0.0,0.0,0.0,28.0,0.0,0.0,4.2,5000.0,4990.0,4980.0,1.0,1.0,0.0,31.0,1144.0,0.0,255.0,857.0,293.0,0.0,0.0,1245716.0,3.008,3.0,50.0,
1788528391752,2026-09-04T17:26:31.752,0.0,4.0,0.0,1.0,754.0,14.200000000000001,87.0,2.15,2.15,2.15,2.15,1.0,1.0,522.0,0.0,0.0,180.0,59.5,24.0,-0.03593272,-0.03593272,27.0,0.999,8.0,21.0,21.0,-8.0,4.0,4.0,4.0,4.0,0.0,0.0,0.0,0.0,35.0,18.0,18.0,7.4,294.0,294.0,1.0,1.0,580.0,4400.0,0.0,0.0,0.0,1.0,19475.0,7.5,0.0,0.0,,,,,,,,,,,,,,-26.125,-1.8125,-3.3125,28.75,-26.125,750.0,0.0,390.0,200.0,0.0,0.0,254.0,20.0,0.0,8.0,0.0,1.0,0.0,0.0,8.0,0.0,5.0,1.0,4.0,0.0,8.0,28488.0,101.0,0.0,0.0,0.0,0.0,28.0,0.0,0.0,4.2,5000.0,4990.0,4980.0,1.0,1.0,0.0,31.0,1400.0,0.0,255.0,857.0,293.0,0.0,0.0,1245716.0,3.008,3.0,50.0,
1788528392529,2026-09-04T17:26:32.529,0.0,4.0,0.0,1.0,746.0,14.200000000000001,87.0,2.19,2.19,2.19,2.19,0.0,1.0,92.0,1.0,0.0,498.0,61.0,24.0,-0.04021315,-0.04021315,28.0,0.999,6.0,20.0,20.0,-8.0,4.0,4.0,4.0,4.0,0.0,0.0,0.0,0.0,35.0,19.0,18.0,7.5,294.0,294.0,2.0,2.0,590.0,4400.0,0.0,0.0,0.0,1.0,19475.0,7.7,1.0,0.0,,,,,,,,,,,,,,-26.4375,-2.9375,-1.9375,29.0625,-26.4375,750.0,0.0,390.0,200.0,0.0,0.0,254.0,20.0,0.0,8.0,0.0,1.0,0.0,0.0,8.0,0.0,5.0,1.0,4.0,0.0,8.0,28488.0,101.0,0.0,0.0,0.0,0.0,28.0,0.0,0.0,4.2,5000.0,4990.0,4980.0,1.0,1.0,0.0,31.0,1194.0,0.0,255.0,857.0,293.0,0.0,0.0,1245716.0,3.008,3.0,50.0,
1788528393325,2026-09-04T17:26:33.325,0.0,4.0,0.0,1.0,757.0,14.200000000000001,86.0,2.18,2.18,2.18,2.18,0.0,1.0,107.0,0.0,0.0,166.0,62.0,24.5,-0.03243055,-0.03243055,28.0,0.999,5.0,21.0,21.0,-8.0,3.0,3.0,3.0,3.0,0.0,0.0,0.0,0.0,35.0,18.0,18.0,7.4,294.0,294.0,1.0,1.0,580.0,4400.0,0.0,0.0,0.0,1.0,19475.0,7.5,1.0,0.0,,,,,,,,,,,,,,-26.375,-2.375,-2.1875,29.0625,-26.375,750.0,0.0,390.0,200.0,0.0,0.0,254.0,20.0,0.0,8.0,0.0,1.0,0.0,0.0,8.0,0.0,5.0,1.0,4.0,0.0,8.0,28488.0,101.0,0.0,0.0,0.0,0.0,27.0,0.0,0.0,4.2,5000.0,4990.0,4980.0,1.0,1.0,0.0,31.0,1276.0,0.0,255.0,857.0,293.0,0.0,0.0,1245716.0,3.008,3.0,50.0,
1788528394161,2026-09-04T17:26:34.161,0.0,4.0,0.0,1.0,751.0,14.200000000000001,86.0,2.22,2.22,2.22,2.22,0.0,1.0,107.0,0.0,0.0,224.0,63.5,24.5,-0.024647950000000002,-0.024647950000000002,28.0,0.999,4.0,21.0,21.0,-8.0,6.0,6.0,6.0,6.0,0.0,0.0,0.0,0.0,35.0,18.0,18.0,7.4,294.0,294.0,1.0,2.0,590.0,4400.0,0.0,0.0,0.0,1.0,19475.0,7.6000000000000005,0.0,0.0,,,,,,,,,,,,,,-26.375,-2.625,-3.0625,29.0625,-26.375,750.0,0.0,390.0,190.0,0.0,0.0,254.0,20.0,0.0,8.0,0.0,1.0,0.0,0.0,8.0,0.0,5.0,1.0,4.0,0.0,8.0,28488.0,101.0,0.0,0.0,0.0,0.0,27.0,0.0,0.0,4.2,5000.0,4990.0,4980.0,1.0,1.0,0.0,31.0,1614.0,0.0,255.0,857.0,293.0,0.0,0.0,1245716.0,3.008,3.0,50.0,
1788528394959,2026-09-04T17:26:34.959,0.0,4.0,0.0,1.0,744.0,14.100000000000001,86.0,2.24,2.24,2.24,2.24,0.0,1.0,122.0,0.0,0.0,283.0,66.0,25.5,-0.016476220000000014,-0.016476220000000014,28.0,0.999,0.0,21.0,21.0,-7.0,4.0,4.0,4.0,4.0,0.0,0.0,0.0,0.0,35.0,18.0,18.0,7.300000000000001,294.0,294.0,2.0,2.0,590.0,4400.0,0.0,0.0,0.0,1.0,19475.0,7.6000000000000005,1.0,0.0,,,,,,,,,,,,,,-26.0625,-2.375,-3.4375,28.75,-26.0625,750.0,0.0,390.0,200.0,0.0,0.0,254.0,20.0,0.0,8.0,0.0,1.0,0.0,0.0,8.0,0.0,5.0,1.0,4.0,0.0,8.0,28488.0,101.0,0.0,0.0,0.0,0.0,27.0,0.0,0.0,4.2,5000.0,4990.0,4980.0,1.0,1.0,0.0,31.0,1396.0,0.0,255.0,857.0,293.0,0.0,0.0,1245716.0,3.008,3.0,50.0,
1788528395715,2026-09-04T17:26:35.715,0.0,4.0,0.0,1.0,756.0,14.200000000000001,85.0,2.2,2.2,2.2,2.2,1.0,1.0,708.0,1.0,0.0,595.0,65.5,25.5,-0.028829190000000005,-0.028829190000000005,28.0,0.999,0.0,22.0,22.0,-7.0,7.0,7.0,7.0,7.0,0.0,0.0,0.0,0.0,35.0,18.0,18.0,7.300000000000001,294.0,294.0,1.0,1.0,580.0,4390.0,0.0,0.0,0.0,1.0,19475.0,7.5,0.0,0.0,,,,,,,,,,,,,,-26.0625,-2.5625,-2.4375,28.75,-26.0625,750.0,0.0,390.0,200.0,0.0,0.0,254.0,20.0,0.0,8.0,0.0,1.0,0.0,0.0,8.0,0.0,5.0,1.0,4.0,0.0,8.0,28488.0,101.0,0.0,0.0,0.0,0.0,27.0,0.0,0.0,4.2,5000.0,4990.0,4980.0,1.0,1.0,0.0,31.0,1143.0,0.0,255.0,857.0,293.0,0.0,0.0,1245716.0,3.008,3.0,50.0,
1788528396443,2026-09-04T17:26:36.443,0.0,4.0,0.0,1.0,754.0,14.200000000000001,85.0,2.27,2.27,2.27,2.27,0.0,1.0,92.0,1.0,0.0,463.0,66.5,25.5,-0.012195790000000012,-0.012195790000000012,28.0,0.999,0.0,21.0,21.0,-8.0,5.0,5.0,5.0,5.0,0.0,0.0,0.0,0.0,35.0,18.0,18.0,7.4,294.0,294.0,2.0,2.0,590.0,4400.0,0.0,0.0,0.0,1.0,19475.0,7.6000000000000005,1.0,0.0,,,,,,,,,,,,,,-26.375,-2.9375,-3.0625,29.0625,-26.375,750.0,0.0,390.0,200.0,0.0,0.0,254.0,20.0,0.0,8.0,0.0,1.0,0.0,0.0,8.0,0.0,5.0,1.0,4.0,0.0,8.0,28488.0,101.0,0.0,0.0,0.0,0.0,27.0,0.0,0.0,4.2,5000.0,4990.0,4980.0,1.0,1.0,0.0,31.0,1107.0,0.0,255.0,857.0,293.0,0.0,0.0,1245716.0,3.008,3.0,50.0,
1788528397240,2026-09-04T17:26:37.240,0.0,4.0,0.0,1.0,755.0,14.200000000000001,84.0,2.27,2.27,2.27,2.27,0.0,1.0,146.0,0.0,0.0,307.0,67.0,25.5,-0.005191450000000014,-0.005191450000000014,28.0,0.999,3.0,22.0,22.0,-7.0,10.0,10.0,10.0,10.0,0.0,0.0,0.0,0.0,35.0,19.0,18.0,7.300000000000001,294.0,294.0,2.0,2.0,590.0,4400.0,0.0,0.0,0.0,1.0,19475.0,7.800000000000001,1.0,0.0,,,,,,,,,,,,,,-26.375,-2.4375,-2.4375,29.0625,-26.375,750.0,0.0,390.0,200.0,0.0,0.0,254.0,20.0,0.0,8.0,0.0,1.0,0.0,0.0,8.0,0.0,5.0,1.0,4.0,0.0,8.0,28488.0,101.0,0.0,0.0,0.0,0.0,27.0,0.0,0.0,4.2,5000.0,4990.0,4970.0,1.0,1.0,0.0,31.0,1180.0,0.0,255.0,857.0,293.0,0.0,0.0,1245716.0,3.008,3.0,50.0,
1788528398080,2026-09-04T17:26:38.080,0.0,4.0,0.0,1.0,747.0,14.3,83.0,2.27,2.27,2.27,2.27,1.0,1.0,727.0,1.0,0.0,654.0,67.0,26.0,-0.02143572000000002,-0.02143572000000002,28.0,0.999,5.0,21.0,21.0,-8.0,5.0,5.0,5.0,5.0,0.0,0.0,0.0,0.0,35.0,19.0,18.0,7.4,294.0,294.0,2.0,2.0,590.0,4400.0,0.0,0.0,0.0,1.0,19475.0,7.7,0.0,0.0,,,,,,,,,,,,,,-26.25,-2.625,-1.875,28.9375,-26.25,750.0,0.0,390.0,200.0,0.0,0.0,254.0,20.0,0.0,8.0,0.0,1.0,0.0,0.0,8.0,0.0,5.0,1.0,4.0,0.0,8.0,28488.0,101.0,0.0,0.0,0.0,0.0,26.0,0.0,0.0,4.3,5000.0,4990.0,4980.0,1.0,1.0,0.0,31.0,1336.0,0.0,255.0,857.0,293.0,0.0,0.0,1245716.0,3.008,3.0,50.0,
1788528398715,2026-09-04T17:26:38.715,0.0,4.0,0.0,1.0,754.0,14.200000000000001,83.0,2.27,2.27,2.27,2.27,1.0,1.0,751.0,1.0,0.0,727.0,67.5,26.5,-0.029607450000000007,-0.029607450000000007,28.0,0.999,6.0,21.0,21.0,-8.0,4.0,4.0,4.0,4.0,0.0,0.0,0.0,0.0,35.0,19.0,18.0,7.4,315.0,294.0,2.0,2.0,590.0,4390.0,0.0,0.0,0.0,1.0,19475.0,7.800000000000001,1.0,0.0,,,,,,,,,,,,,,-26.1875,-2.6875,-2.5625,28.875,-26.1875,750.0,0.0,390.0,200.0,0.0,0.0,254.0,20.0,0.0,8.0,0.0,1.0,0.0,0.0,8.0,0.0,5.0,1.0,4.0,0.0,8.0,28488.0,101.0,0.0,0.0,0.0,0.0,26.0,0.0,0.0,4.3,5000.0,4990.0,4990.0,1.0,1.0,0.0,31.0,1335.0,0.0,255.0,857.0,293.0,0.0,0.0,1245716.0,3.008,3.0,50.0,
1788528399706,2026-09-04T17:26:39.706,0.0,4.0,0.0,1.0,746.0,14.200000000000001,82.0,2.24,2.24,2.24,2.24,1.0,1.0,766.0,1.0,0.0,751.0,68.5,26.5,-0.03739005000000001,-0.03739005000000001,29.0,0.999,7.0,20.0,20.0,-8.0,5.0,5.0,5.0,5.0,0.0,0.0,0.0,0.0,35.0,18.0,18.0,7.5,294.0,294.0,2.0,2.0,590.0,4410.0,0.0,0.0,0.0,1.0,19475.0,7.7,0.0,0.0,,,,,,,,,,,,,,-26.25,-3.1875,-3.4375,28.9375,-26.25,750.0,0.0,390.0,200.0,0.0,0.0,254.0,20.0,0.0,8.0,0.0,1.0,0.0,0.0,8.0,0.0,5.0,1.0,4.0,0.0,8.0,28488.0,101.0,0.0,0.0,0.0,0.0,26.0,0.0,0.0,4.3,5000.0,4990.0,5000.0,1.0,1.0,0.0,31.0,1042.0,0.0,255.0,857.0,293.0,0.0,0.0,1245716.0,3.008,3.0,50.0,
1788528400513,2026-09-04T17:26:40.513,0.0,4.0,0.0,1.0,748.0,14.200000000000001,81.0,2.2,2.2,2.2,2.2,1.0,1.0,747.0,1.0,0.0,766.0,69.0,27.0,-0.045561779999999996,-0.045561779999999996,30.0,0.999,8.0,21.0,21.0,-8.0,2.0,2.0,2.0,2.0,0.0,0.0,0.0,0.0,35.0,19.0,18.0,7.5,315.0,294.0,2.0,2.0,590.0,4400.0,0.0,0.0,0.0,1.0,19475.0,7.800000000000001,1.0,0.0,,,,,,,,,,,,,,-26.375,-2.875,-1.5625,29.0625,-26.375,750.0,0.0,390.0,200.0,0.0,0.0,254.0,20.0,0.0,8.0,0.0,1.0,0.0,0.0,8.0,0.0,5.0,1.0,4.0,0.0,8.0,28488.0,101.0,0.0,0.0,0.0,0.0,26.0,0.0,0.0,4.3,5000.0,4990.0,4980.0,1.0,1.0,0.0,31.0,1564.0,0.0,255.0,857.0,293.0,0.0,0.0,1245716.0,3.008,3.0,50.0,
1788528401269,2026-09-04T17:26:41.269,0.0,4.0,0.0,1.0,753.0,14.200000000000001,81.0,2.17,2.17,2.17,2.17,1.0,1.0,766.0,1.0,0.0,776.0,70.0,28.5,-0.05373351000000001,-0.05373351000000001,30.0,0.999,9.0,21.0,21.0,-8.0,4.0,4.0,4.0,4.0,0.0,0.0,0.0,0.0,35.0,19.0,18.0,7.5,294.0,294.0,2.0,2.0,590.0,4400.0,0.0,0.0,0.0,1.0,19475.0,7.7,1.0,0.0,,,,,,,,,,,,,,-26.25,-2.5,-1.9375,28.9375,-26.25,750.0,0.0,390.0,200.0,0.0,0.0,254.0,20.0,0.0,8.0,0.0,1.0,0.0,0.0,8.0,0.0,5.0,1.0,4.0,0.0,8.0,28488.0,101.0,0.0,0.0,0.0,0.0,26.0,0.0,0.0,4.3,5000.0,4990.0,4980.0,1.0,1.0,0.0,31.0,1234.0,0.0,255.0,857.0,293.0,0.0,0.0,1245716.0,3.008,3.0,50.0,
1788528402164,2026-09-04T17:26:42.164,0.0,4.0,0.0,1.0,748.0,14.3,81.0,2.14,2.14,2.14,2.14,1.0,1.0,688.0,1.0,0.0,756.0,70.5,28.0,-0.06073785000000001,-0.06073785000000001,31.0,0.999,9.0,19.0,19.0,-9.0,4.0,4.0,4.0,4.0,0.0,0.0,0.0,0.0,35.0,19.0,18.0,7.5,315.0,294.0,2.0,2.0,590.0,4400.0,0.0,0.0,0.0,1.0,19475.0,7.800000000000001,0.0,0.0,,,,,,,,,,,,,,-26.1875,-0.375,-2.125,28.875,-26.1875,750.0,0.0,390.0,200.0,0.0,0.0,254.0,20.0,0.0,8.0,0.0,1.0,0.0,0.0,8.0,0.0,5.0,1.0,4.0,0.0,8.0,28488.0,101.0,0.0,0.0,0.0,0.0,25.0,0.0,0.0,4.3,5000.0,4990.0,4980.0,1.0,1.0,0.0,31.0,1424.0,0.0,255.0,857.0,293.0,0.0,0.0,1245716.0,3.008,3.0,50.0,
1788528402876,2026-09-04T17:26:42.876,0.0,4.0,0.0,1.0,754.0,14.100000000000001,80.0,2.19,2.19,2.19,2.19,0.0,1.0,107.0,1.0,0.0,742.0,71.5,29.5,-0.047606620000000016,-0.047606620000000016,32.0,0.999,10.0,19.0,19.0,-9.0,3.0,3.0,3.0,3.0,0.0,0.0,0.0,0.0,35.0,19.0,19.0,7.7,315.0,315.0,2.0,2.0,590.0,4400.0,0.0,0.0,0.0,1.0,19475.0,7.800000000000001,1.0,0.0,,,,,,,,,,,,,,-26.1875,-0.625,-2.4375,28.875,-26.1875,750.0,0.0,390.0,200.0,0.0,0.0,254.0,20.0,0.0,8.0,0.0,1.0,0.0,0.0,8.0,0.0,5.0,1.0,4.0,0.0,8.0,28488.0,101.0,0.0,0.0,0.0,0.0,25.0,0.0,0.0,4.3,5000.0,4990.0,4980.0,1.0,1.0,0.0,31.0,1168.0,0.0,255.0,857.0,293.0,0.0,0.0,1245716.0,3.008,3.0,50.0,
1788528403651,2026-09-04T17:26:43.651,0.0,4.0,0.0,1.0,747.0,14.200000000000001,80.0,2.18,2.18,2.18,2.18,0.0,1.0,278.0,1.0,0.0,737.0,71.0,29.0,-0.04060228000000002,-0.04060228000000002,32.0,0.999,10.0,19.0,19.0,-9.0,3.0,3.0,3.0,3.0,0.0,0.0,0.0,0.0,35.0,19.0,18.0,7.5,315.0,294.0,2.0,2.0,590.0,4390.0,0.0,0.0,0.0,1.0,19475.0,7.800000000000001,0.0,0.0,,,,,,,,,,,,,,-25.9375,-0.75,-1.8125,28.625,-25.9375,750.0,0.0,390.0,200.0,0.0,0.0,254.0,20.0,0.0,8.0,0.0,1.0,0.0,0.0,8.0,0.0,5.0,1.0,4.0,0.0,8.0,28488.0,101.0,0.0,0.0,0.0,0.0,25.0,0.0,0.0,4.3,5000.0,4990.0,4990.0,1.0,1.0,0.0,31.0,1132.0,0.0,255.0,857.0,293.0,0.0,0.0,1245716.0,3.008,3.0,50.0,
1788528404379,2026-09-04T17:26:44.379,0.0,4.0,0.0,1.0,753.0,14.200000000000001,80.0,2.15,2.15,2.15,2.15,0.0,1.0,141.0,1.0,0.0,747.0,71.5,29.5,-0.033208810000000005,-0.033208810000000005,33.0,0.999,10.0,20.0,20.0,-9.0,5.0,5.0,5.0,5.0,0.0,0.0,0.0,0.0,35.0,18.0,18.0,7.5,294.0,294.0,2.0,2.0,590.0,4400.0,0.0,0.0,0.0,1.0,19475.0,7.7,0.0,0.0,,,,,,,,,,,,,,-26.0,-2.125,-3.4375,28.6875,-26.0,750.0,0.0,390.0,200.0,0.0,0.0,254.0,20.0,0.0,8.0,0.0,1.0,0.0,0.0,8.0,0.0,5.0,1.0,4.0,0.0,8.0,28488.0,101.0,0.0,0.0,0.0,0.0,25.0,0.0,0.0,4.3,5000.0,4990.0,4980.0,1.0,1.0,0.0,31.0,1513.0,0.0,255.0,857.0,293.0,0.0,0.0,1245716.0,3.008,3.0,50.0,
1788528405139,2026-09-04T17:26:45.139,0.0,4.0,0.0,1.0,758.0,14.200000000000001,79.0,2.0300000000000002,2.0300000000000002,2.0300000000000002,2.0300000000000002,1.0,1.0,659.0,1.0,0.0,756.0,72.5,30.5,-0.04517265000000001,-0.04517265000000001,34.0,0.999,10.0,21.0,21.0,-7.0,7.0,7.0,7.0,7.0,0.0,0.0,0.0,0.0,36.0,19.0,18.0,7.4,294.0,294.0,2.0,2.0,590.0,4400.0,0.0,0.0,0.0,1.0,19475.0,7.800000000000001,1.0,0.0,,,,,,,,,,,,,,-26.0625,-2.9375,-3.5625,28.5625,-26.0625,750.0,0.0,390.0,200.0,0.0,0.0,254.0,20.0,0.0,8.0,0.0,1.0,0.0,0.0,8.0,0.0,5.0,1.0,4.0,0.0,8.0,28488.0,101.0,0.0,0.0,0.0,0.0,25.0,0.0,0.0,4.3,5000.0,4990.0,4980.0,1.0,1.0,0.0,31.0,1283.0,0.0,255.0,857.0,293.0,0.0,0.0,1245716.0,3.008,3.0,50.0,
1788528406003,2026-09-04T17:26:46.003,0.0,4.0,0.0,1.0,750.0,14.200000000000001,79.0,2.07,2.07,2.07,2.07,0.0,1.0,107.0,1.0,0.0,756.0,73.0,31.0,-0.03126316000000001,-0.03126316000000001,34.0,0.999,11.0,21.0,21.0,-8.0,6.0,6.0,6.0,6.0,0.0,0.0,0.0,0.0,36.0,19.0,18.0,7.5,294.0,294.0,2.0,1.0,580.0,4400.0,0.0,0.0,0.0,1.0,19475.0,7.7,0.0,0.0,,,,,,,,,,,,,,-26.0625,-2.125,-2.25,28.5625,-26.0625,750.0,0.0,390.0,200.0,0.0,0.0,254.0,20.0,0.0,8.0,0.0,1.0,0.0,0.0,8.0,0.0,5.0,1.0,4.0,0.0,8.0,28488.0,101.0,0.0,0.0,0.0,0.0,25.0,0.0,0.0,4.3,5000.0,4990.0,4990.0,1.0,1.0,0.0,31.0,1333.0,0.0,255.0,857.0,293.0,0.0,0.0,1245716.0,3.008,3.0,50.0,
1788528406688,2026-09-04T17:26:46.688,0.0,4.0,0.0,1.0,747.0,14.200000000000001,78.0,2.0300000000000002,2.0300000000000002,2.0300000000000002,2.0300000000000002,1.0,1.0,717.0,1.0,0.0,756.0,74.0,31.5,-0.04167048000000001,-0.04167048000000001,35.0,0.999,12.0,21.0,21.0,-8.0,4.0,4.0,4.0,4.0,0.0,0.0,0.0,0.0,36.0,19.0,18.0,7.5,294.0,294.0,2.0,2.0,590.0,4400.0,0.0,0.0,0.0,1.0,19475.0,7.7,1.0,0.0,,,,,,,,,,,,,,-26.125,-0.75,-2.625,28.625,-26.125,750.0,0.0,390.0,200.0,0.0,0.0,254.0,20.0,0.0,8.0,0.0,1.0,0.0,0.0,8.0,0.0,5.0,1.0,4.0,0.0,8.0,28488.0,101.0,0.0,0.0,0.0,0.0,25.0,0.0,0.0,4.3,5000.0,4990.0,4990.0,1.0,1.0,0.0,31.0,1325.0,0.0,255.0,857.0,293.0,0.0,0.0,1245716.0,3.008,3.0,50.0,
1788528407641,2026-09-04T17:26:47.641,0.0,4.0,0.0,1.0,753.0,14.200000000000001,78.0,2.0300000000000002,2.0300000000000002,2.0300000000000002,2.0300000000000002,0.0,1.0,273.0,1.0,0.0,761.0,73.5,31.5,-0.030874029999999997,-0.030874029999999997,36.0,0.999,12.0,20.0,20.0,-8.0,4.0,4.0,4.0,4.0,0.0,0.0,0.0,0.0,36.0,19.0,19.0,7.7,315.0,294.0,2.0,2.0,600.0,4390.0,0.0,0.0,0.0,1.0,19475.0,7.9,0.0,0.0,,,,,,,,,,,,,,-26.25,-1.4375,-0.8125,28.5625,-26.25,750.0,0.0,390.0,200.0,0.0,0.0,254.0,20.0,0.0,8.0,0.0,1.0,0.0,0.0,8.0,0.0,5.0,1.0,4.0,0.0,8.0,28488.0,101.0,0.0,0.0,0.0,0.0,25.0,0.0,0.0,4.3,5000.0,4990.0,4980.0,1.0,1.0,0.0,31.0,1301.0,0.0,255.0,857.0,293.0,0.0,0.0,1245716.0,3.008,3.0,50.0,
1788528408479,2026-09-04T17:26:48.479,0.0,4.0,0.0,1.0,742.0,14.0,78.0,2.08,2.08,2.08,2.08,0.0,1.0,102.0,1.0,0.0,712.0,75.5,33.5,-0.02270230000000001,-0.02270230000000001,36.0,0.999,12.0,18.0,18.0,-10.0,6.0,6.0,6.0,6.0,0.0,0.0,0.0,0.0,35.0,20.0,19.0,7.800000000000001,315.0,294.0,2.0,2.0,590.0,4390.0,0.0,0.0,0.0,1.0,19475.0,8.1,0.0,0.0,,,,,,,,,,,,,,-26.375,-0.625,-1.0,28.6875,-26.375,750.0,0.0,390.0,200.0,0.0,0.0,254.0,20.0,0.0,8.0,0.0,1.0,0.0,0.0,8.0,0.0,5.0,1.0,4.0,0.0,8.0,28488.0,101.0,0.0,0.0,0.0,0.0,25.0,0.0,0.0,4.3,5000.0,4990.0,4990.0,1.0,1.0,0.0,31.0,1461.0,0.0,255.0,857.0,293.0,0.0,0.0,1245716.0,3.008,3.0,50.0,
1788528409247,2026-09-04T17:26:49.247,0.0,4.0,0.0,1.0,748.0,14.200000000000001,78.0,2.11,2.11,2.11,2.11,0.0,1.0,107.0,1.0,0.0,717.0,74.5,33.0,-0.014530569999999993,-0.014530569999999993,37.0,0.999,13.0,18.0,18.0,-10.0,4.0,4.0,4.0,4.0,0.0,0.0,0.0,0.0,35.0,20.0,19.0,7.9,315.0,315.0,2.0,2.0,590.0,4390.0,0.0,0.0,0.0,1.0,19475.0,8.200000000000001,1.0,0.0,,,,,,,,,,,,,,-26.4375,-0.25,-0.375,28.75,-26.4375,750.0,0.0,390.0,200.0,0.0,0.0,254.0,20.0,0.0,8.0,0.0,1.0,0.0,0.0,8.0,0.0,5.0,1.0,4.0,0.0,8.0,28488.0,101.0,0.0,0.0,0.0,0.0,25.0,0.0,0.0,4.3,5000.0,4990.0,4980.0,1.0,1.0,0.0,31.0,1115.0,0.0,255.0,857.0,293.0,0.0,0.0,1245716.0,3.008,3.0,50.0,
1788528410096,2026-09-04T17:26:50.096,0.0,4.0,0.0,1.0,748.0,14.200000000000001,78.0,2.12,2.12,2.12,2.12,0.0,1.0,87.0,1.0,0.0,727.0,75.0,33.5,-0.00674797000000002,-0.00674797000000002,38.0,0.999,14.0,17.0,17.0,-11.0,4.0,4.0,4.0,4.0,0.0,0.0,0.0,0.0,35.0,20.0,19.0,7.9,315.0,315.0,2.0,2.0,590.0,4390.0,0.0,0.0,0.0,1.0,19475.0,8.200000000000001,0.0,0.0,,,,,,,,,,,,,,-26.5,-1.1875,-0.5625,28.8125,-26.5,750.0,0.0,390.0,200.0,0.0,0.0,254.0,20.0,0.0,8.0,0.0,1.0,0.0,0.0,8.0,0.0,5.0,1.0,4.0,0.0,8.0,28488.0,101.0,0.0,0.0,0.0,0.0,24.0,0.0,0.0,4.3,5000.0,4990.0,4980.0,1.0,1.0,0.0,31.0,1379.0,0.0,255.0,857.0,293.0,0.0,0.0,1245716.0,3.008,3.0,50.0,
1788528410912,2026-09-04T17:26:50.912,0.0,4.0,0.0,1.0,752.0,14.200000000000001,78.0,2.11,2.11,2.11,2.11,0.0,1.0,92.0,1.0,0.0,668.0,75.0,34.5,0.0014237599999999961,0.0014237599999999961,38.0,0.999,14.0,17.0,17.0,-11.0,0.0,0.0,0.0,0.0,0.0,0.0,0.0,0.0,35.0,20.0,19.0,7.9,336.0,315.0,2.0,2.0,590.0,4390.0,0.0,0.0,0.0,1.0,19475.0,8.3,1.0,0.0,,,,,,,,,,,,,,-26.8125,-1.1875,-1.0625,28.9375,-26.8125,750.0,0.0,390.0,200.0,0.0,0.0,254.0,20.0,0.0,8.0,0.0,1.0,0.0,0.0,8.0,0.0,5.0,1.0,4.0,0.0,8.0,28488.0,101.0,0.0,0.0,0.0,0.0,24.0,0.0,0.0,4.3,5000.0,4990.0,4980.0,1.0,1.0,0.0,31.0,1412.0,0.0,255.0,857.0,293.0,0.0,0.0,1245716.0,3.008,3.0,50.0,
1788528411738,2026-09-04T17:26:51.738,0.0,4.0,0.0,1.0,754.0,14.200000000000001,78.0,2.1,2.1,2.1,2.1,0.0,1.0,83.0,1.0,0.0,600.0,76.0,35.0,0.009595489999999984,0.009595489999999984,39.0,0.999,14.0,17.0,17.0,-11.0,3.0,3.0,3.0,3.0,0.0,0.0,0.0,0.0,36.0,21.0,20.0,8.0,336.0,315.0,2.0,2.0,590.0,4380.0,0.0,0.0,0.0,1.0,19475.0,8.5,0.0,0.0,,,,,,,,,,,,,,-26.5,0.375,-0.375,28.625,-26.5,750.0,0.0,390.0,200.0,0.0,0.0,254.0,20.0,0.0,8.0,0.0,1.0,0.0,0.0,8.0,0.0,5.0,1.0,4.0,0.0,8.0,28488.0,101.0,0.0,0.0,0.0,0.0,24.0,0.0,0.0,4.3,5000.0,4990.0,4990.0,1.0,1.0,0.0,31.0,1659.0,0.0,255.0,857.0,294.0,0.0,0.0,1245716.0,3.008,3.0,50.0,
1788528412556,2026-09-04T17:26:52.556,0.0,4.0,0.0,1.0,749.0,14.200000000000001,78.0,2.1,2.1,2.1,2.1,0.0,1.0,83.0,1.0,0.0,537.0,76.0,35.5,0.017378090000000013,0.017378090000000013,39.0,0.999,15.0,16.0,16.0,-12.0,3.0,3.0,3.0,3.0,0.0,0.0,0.0,0.0,35.0,20.0,20.0,8.1,315.0,315.0,2.0,2.0,600.0,4380.0,0.0,0.0,0.0,1.0,19475.0,8.3,1.0,0.0,,,,,,,,,,,,,,-26.5,0.5,-0.4375,28.625,-26.5,750.0,0.0,390.0,200.0,0.0,0.0,254.0,20.0,0.0,8.0,0.0,1.0,0.0,0.0,8.0,0.0,5.0,1.0,4.0,0.0,8.0,28488.0,101.0,0.0,0.0,0.0,0.0,24.0,0.0,0.0,4.3,5000.0,4990.0,4980.0,1.0,1.0,0.0,31.0,1340.0,0.0,255.0,857.0,295.0,0.0,0.0,1245716.0,3.008,3.0,50.0,
1788528413350,2026-09-04T17:26:53.350,0.0,4.0,0.0,1.0,752.0,14.200000000000001,78.0,2.08,2.08,2.08,2.08,0.0,1.0,78.0,1.0,0.0,449.0,76.5,36.5,0.02554982,0.02554982,39.0,0.999,16.0,17.0,17.0,-11.0,2.0,2.0,2.0,2.0,0.0,0.0,0.0,0.0,35.0,20.0,19.0,8.0,315.0,315.0,2.0,2.0,590.0,4390.0,0.0,0.0,0.0,1.0,19475.0,8.1,1.0,0.0,,,,,,,,,,,,,,-26.3125,0.75,0.6875,28.4375,-26.3125,750.0,0.0,390.0,200.0,0.0,0.0,254.0,20.0,0.0,8.0,0.0,1.0,1.0,0.0,8.0,0.0,5.0,1.0,4.0,100.0,8.0,28488.0,101.0,0.0,0.0,0.0,0.0,24.0,0.0,0.0,4.3,5000.0,4990.0,4980.0,1.0,1.0,0.0,31.0,1462.0,0.0,255.0,857.0,341.0,0.0,0.0,1245716.0,3.008,3.0,50.0,
1788528414139,2026-09-04T17:26:54.139,0.0,4.0,0.0,1.0,752.0,14.200000000000001,78.0,2.09,2.09,2.09,2.09,0.0,1.0,68.0,0.0,0.0,273.0,76.5,37.0,0.032943290000000014,0.032943290000000014,39.0,0.999,16.0,11.0,9.0,-36.0,7.0,7.0,7.0,7.0,0.0,0.0,0.0,0.0,36.0,59.0,59.0,29.400000000000002,861.0,861.0,36.0,34.0,1920.0,3050.0,8.0,0.0,61.0,1.0,19475.0,30.1,0.0,0.0,,,,,,,,,,,,,,102.5,83.75,83.4375,26.875,102.5,750.0,0.0,1690.0,820.0,38.900000000000006,37.300000000000004,254.0,20.0,0.0,8.0,0.0,0.0,1.0,0.0,8.0,0.0,5.0,2.0,4.0,100.0,8.0,28488.0,101.0,0.0,0.0,0.0,0.0,24.0,0.0,0.0,4.3,5000.0,4990.0,4980.0,1.0,1.0,0.0,31.0,3695.0,0.0,255.0,857.0,339.0,0.0,0.0,1245716.0,3.008,3.0,50.0,
1788528414892,2026-09-04T17:26:54.892,0.0,4.0,0.0,1.0,2731.0,14.3,78.0,6.6000000000000005,6.6000000000000005,6.6000000000000005,6.6000000000000005,1.0,1.0,839.0,1.0,0.0,781.0,75.5,42.0,0.02117783000000001,0.02117783000000001,38.0,0.999,99.0,25.0,25.0,-36.0,25.0,25.0,25.0,25.0,0.0,0.0,0.0,0.0,36.0,44.0,43.0,60.300000000000004,609.0,588.0,15.0,15.0,1130.0,3840.0,3.0,0.0,70.0,1.0,19475.0,61.7,1.0,0.0,,,,,,,,,,,,,,60.1875,60.125,62.0625,22.75,60.1875,750.0,3.0,1630.0,790.0,36.9,35.2,254.0,20.0,0.0,8.0,0.0,0.0,1.0,0.0,8.0,0.0,5.0,2.0,4.0,100.0,6.0,28488.0,101.0,0.0,0.0,0.0,0.0,24.0,0.0,0.0,4.3,5000.0,4990.0,4970.0,1.0,1.0,0.0,31.0,4029.0,0.0,255.0,857.0,339.0,0.0,0.0,1245716.0,3.008,3.0,50.0,
1788528415896,2026-09-04T17:26:55.896,0.0,4.0,0.0,1.0,1917.0,14.200000000000001,78.0,5.4,5.4,5.4,5.4,0.0,1.0,48.0,0.0,0.0,87.0,71.5,47.5,0.08716970000000002,0.08716970000000002,38.0,0.999,99.0,19.0,19.0,-36.0,19.0,19.0,19.0,19.0,0.0,0.0,0.0,0.0,36.0,48.0,51.0,52.300000000000004,609.0,630.0,13.0,13.0,1060.0,3920.0,20.0,20.0,36.0,1.0,19475.0,50.800000000000004,0.0,0.0,,,,,,,,,,,,,,44.5,58.125,56.9375,20.375,44.5,750.0,8.0,1100.0,530.0,21.1,20.0,254.0,20.0,0.0,8.0,0.0,0.0,1.0,0.0,8.0,0.0,5.0,2.0,4.0,100.0,4.0,28488.0,101.0,0.0,0.0,0.0,0.0,24.0,0.0,0.0,4.3,5000.0,4990.0,4980.0,1.0,1.0,0.0,31.0,2116.0,0.0,255.0,857.0,338.0,0.0,0.0,1245716.0,3.008,3.0,50.0,
1788528416640,2026-09-04T17:26:56.640,0.0,4.0,0.0,1.0,1474.0,14.200000000000001,77.0,3.04,3.04,3.04,3.04,0.0,1.0,68.0,0.0,0.0,68.0,69.0,50.0,0.17051982,0.17051982,37.0,0.999,43.0,21.0,21.0,-36.0,18.0,18.0,18.0,18.0,0.0,0.0,0.0,0.0,35.0,24.0,27.0,19.900000000000002,378.0,399.0,5.0,5.0,730.0,4260.0,0.0,0.0,0.0,1.0,19475.0,18.6,1.0,0.0,,,,,,,,,,,,,,16.4375,12.75,12.125,23.8125,16.4375,750.0,10.0,800.0,380.0,12.0,11.0,254.0,20.0,0.0,8.0,0.0,0.0,1.0,0.0,8.0,0.0,5.0,2.0,4.0,100.0,5.0,28488.0,101.0,0.0,0.0,0.0,0.0,24.0,0.0,0.0,4.3,5000.0,4990.0,4980.0,1.0,1.0,0.0,31.0,2336.0,0.0,255.0,857.0,338.0,0.0,0.0,1245716.0,3.008,3.0,50.0,
1788528417363,2026-09-04T17:26:57.363,0.0,4.0,0.0,1.0,1393.0,14.3,78.0,2.54,2.54,2.54,2.54,0.0,1.0,117.0,0.0,0.0,83.0,69.5,51.0,0.21664317,0.21664317,37.0,0.999,32.0,22.0,22.0,-36.0,18.0,18.0,18.0,18.0,0.0,0.0,0.0,0.0,35.0,14.0,21.0,15.3,231.0,336.0,3.0,3.0,640.0,4350.0,0.0,0.0,0.0,1.0,19475.0,10.9,1.0,0.0,,,,,,,,,,,,,,-15.625,0.8125,-4.0625,25.1875,-23.0625,750.0,9.0,390.0,200.0,0.0,0.0,254.0,20.0,0.0,8.0,0.0,0.0,1.0,0.0,8.0,0.0,5.0,2.0,4.0,100.0,7.0,28488.0,101.0,0.0,0.0,0.0,0.0,24.0,0.0,0.0,4.3,5000.0,4990.0,4990.0,1.0,1.0,0.0,31.0,2070.0,0.0,255.0,857.0,319.0,0.0,0.0,1245716.0,3.008,3.0,50.0,
1788528418214,2026-09-04T17:26:58.214,0.0,4.0,0.0,1.0,1154.0,14.200000000000001,78.0,1.49,1.49,1.49,1.49,1.0,1.0,688.0,1.0,0.0,737.0,70.0,51.0,0.17755467999999996,0.17755467999999996,36.0,0.999,14.0,31.0,31.0,-5.0,4.0,4.0,4.0,4.0,0.0,0.0,0.0,0.0,35.0,13.0,15.0,8.6,231.0,231.0,2.0,2.0,590.0,4400.0,0.0,0.0,0.0,1.0,19475.0,8.200000000000001,0.0,0.0,,,,,,,,,,,,,,-25.3125,-7.6875,-7.8125,27.4375,-25.3125,750.0,7.0,390.0,200.0,0.0,0.0,254.0,20.0,0.0,8.0,0.0,0.0,1.0,0.0,8.0,0.0,5.0,1.0,4.0,100.0,7.0,28488.0,101.0,0.0,0.0,0.0,0.0,24.0,0.0,0.0,4.3,5000.0,4990.0,4980.0,1.0,1.0,0.0,31.0,1898.0,0.0,255.0,857.0,275.0,0.0,0.0,1245716.0,3.008,3.0,50.0,
1788528418973,2026-09-04T17:26:58.973,0.0,4.0,0.0,1.0,1021.0,14.200000000000001,78.0,1.85,1.85,1.85,1.85,0.0,1.0,97.0,0.0,0.0,92.0,71.0,51.5,0.20278709,0.20278709,36.0,0.999,12.0,29.0,29.0,0.0,8.0,8.0,8.0,8.0,0.0,0.0,0.0,0.0,35.0,15.0,15.0,8.1,252.0,252.0,2.0,2.0,590.0,4400.0,0.0,0.0,0.0,1.0,19475.0,8.1,1.0,0.0,,,,,,,,,,,,,,-25.5625,-5.4375,-6.0625,27.6875,-25.5625,750.0,6.0,390.0,200.0,0.0,0.0,254.0,20.0,0.0,8.0,0.0,0.0,1.0,0.0,8.0,0.0,5.0,1.0,4.0,100.0,7.0,28488.0,101.0,0.0,0.0,0.0,0.0,24.0,0.0,0.0,4.3,5000.0,4990.0,4980.0,1.0,1.0,0.0,31.0,1675.0,0.0,255.0,857.0,267.0,0.0,0.0,1245716.0,3.008,3.0,50.0,
1788528419788,2026-09-04T17:26:59.788,0.0,4.0,0.0,1.0,875.0,14.200000000000001,78.0,2.17,2.17,2.17,2.17,1.0,1.0,825.0,1.0,0.0,771.0,71.5,51.5,0.18070587,0.18070587,35.0,0.999,10.0,21.0,21.0,-5.0,7.0,7.0,7.0,7.0,0.0,0.0,0.0,0.0,35.0,20.0,18.0,8.6,315.0,294.0,2.0,2.0,620.0,4370.0,0.0,0.0,0.0,1.0,19475.0,9.5,0.0,0.0,,,,,,,,,,,,,,11.3125,1.25,0.0625,27.8125,11.3125,750.0,4.0,700.0,330.0,9.0,7.800000000000001,254.0,20.0,0.0,8.0,0.0,0.0,1.0,0.0,8.0,0.0,5.0,2.0,4.0,100.0,8.0,28488.0,101.0,0.0,0.0,0.0,0.0,24.0,0.0,0.0,4.3,5000.0,4990.0,4980.0,1.0,1.0,0.0,31.0,1519.0,0.0,255.0,857.0,270.0,0.0,0.0,1245716.0,3.008,3.0,50.0,
1788528420555,2026-09-04T17:27:00.555,0.0,4.0,0.0,1.0,859.0,14.100000000000001,78.0,3.59,3.59,3.59,3.59,1.0,1.0,864.0,1.0,0.0,830.0,72.0,51.5,0.16174531999999997,0.16174531999999997,35.0,0.999,10.0,16.0,16.0,-31.0,-2.0,-2.0,-2.0,-2.0,0.0,0.0,0.0,0.0,35.0,39.0,28.0,15.3,588.0,441.0,6.0,6.0,770.0,4210.0,0.0,0.0,0.0,1.0,19475.0,20.1,1.0,0.0,,,,,,,,,,,,,,40.4375,23.875,25.1875,26.0625,40.4375,750.0,3.0,930.0,440.0,16.1,14.8,254.0,20.0,0.0,8.0,0.0,0.0,1.0,0.0,8.0,0.0,5.0,2.0,4.0,100.0,8.0,28488.0,101.0,0.0,0.0,0.0,0.0,24.0,0.0,0.0,4.3,5000.0,4990.0,4980.0,1.0,1.0,0.0,31.0,1960.0,0.0,255.0,857.0,272.0,0.0,0.0,1245716.0,3.008,3.0,50.0,
1788528421327,2026-09-04T17:27:01.327,0.0,4.0,0.0,1.0,1249.0,14.200000000000001,78.0,5.42,5.42,5.42,5.42,1.0,1.0,810.0,1.0,0.0,825.0,73.5,52.5,0.09862996000000002,0.09862996000000002,34.0,0.999,13.0,18.0,18.0,-36.0,6.0,6.0,6.0,6.0,0.0,0.0,0.0,0.0,36.0,24.0,35.0,25.3,378.0,504.0,5.0,6.0,770.0,4210.0,0.0,0.0,0.0,1.0,19475.0,19.0,1.0,0.0,,,,,,,,,,,,,,7.625,27.3125,26.75,23.3125,7.625,750.0,3.0,690.0,330.0,9.0,7.800000000000001,254.0,20.0,0.0,8.0,0.0,0.0,1.0,0.0,8.0,0.0,5.0,2.0,4.0,100.0,8.0,28488.0,101.0,0.0,0.0,0.0,0.0,24.0,0.0,0.0,4.3,5000.0,4990.0,4980.0,1.0,1.0,0.0,31.0,2125.0,0.0,255.0,857.0,273.0,0.0,0.0,1245716.0,3.008,3.0,50.0,
1788528422114,2026-09-04T17:27:02.114,0.0,4.0,0.0,1.0,1299.0,14.200000000000001,78.0,2.15,2.15,2.15,2.15,1.0,1.0,781.0,1.0,0.0,815.0,73.0,52.5,-0.009777079999999994,-0.009777079999999994,33.0,0.999,10.0,22.0,22.0,-11.0,22.0,22.0,22.0,22.0,0.0,0.0,0.0,0.0,35.0,18.0,19.0,11.9,294.0,294.0,3.0,3.0,640.0,4340.0,0.0,0.0,0.0,1.0,19475.0,11.9,0.0,0.0,,,,,,,,,,,,,,6.625,6.625,6.5625,26.6875,6.625,750.0,4.0,600.0,280.0,6.0,4.800000000000001,254.0,20.0,0.0,8.0,0.0,0.0,1.0,0.0,8.0,0.0,5.0,1.0,4.0,100.0,7.0,28488.0,101.0,0.0,0.0,0.0,0.0,24.0,0.0,0.0,4.3,5000.0,4990.0,4980.0,1.0,1.0,0.0,31.0,1379.0,0.0,255.0,857.0,274.0,0.0,0.0,1245716.0,3.008,3.0,50.0,
1788528422884,2026-09-04T17:27:02.884,0.0,4.0,0.0,1.0,827.0,14.200000000000001,78.0,3.41,3.41,3.41,3.41,1.0,1.0,502.0,1.0,0.0,737.0,74.0,53.5,-0.07087812000000002,-0.07087812000000002,33.0,0.999,12.0,14.0,14.0,-34.0,13.0,13.0,13.0,13.0,0.0,0.0,0.0,0.0,36.0,30.0,29.0,15.200000000000001,483.0,441.0,4.0,5.0,710.0,4290.0,0.0,0.0,0.0,1.0,19475.0,16.0,1.0,0.0,,,,,,,,,,,,,,-15.3125,5.125,10.0625,25.9375,-23.625,750.0,3.0,390.0,200.0,0.0,0.0,254.0,20.0,0.0,8.0,0.0,0.0,1.0,0.0,8.0,0.0,5.0,1.0,4.0,100.0,7.0,28488.0,101.0,0.0,0.0,0.0,0.0,24.0,0.0,0.0,4.3,5000.0,4990.0,4980.0,1.0,1.0,0.0,31.0,1171.0,0.0,255.0,857.0,274.0,0.0,0.0,1245716.0,3.008,3.0,50.0,
1788528423929,2026-09-04T17:27:03.929,0.0,4.0,0.0,1.0,942.0,14.200000000000001,78.0,2.68,2.68,2.68,2.68,0.0,1.0,419.0,0.0,0.0,92.0,75.0,53.5,-0.011356489999999997,-0.011356489999999997,33.0,0.999,11.0,16.0,16.0,-23.0,-11.0,-11.0,-11.0,-11.0,0.0,0.0,0.0,0.0,36.0,19.0,22.0,10.200000000000001,315.0,357.0,2.0,2.0,610.0,4380.0,0.0,0.0,0.0,1.0,19475.0,9.4,0.0,0.0,,,,,,,,,,,,,,-24.125,1.125,0.0,26.4375,-24.125,750.0,1.0,390.0,200.0,0.0,0.0,254.0,20.0,0.0,8.0,0.0,0.0,1.0,0.0,8.0,0.0,5.0,1.0,4.0,100.0,8.0,28488.0,101.0,0.0,0.0,0.0,0.0,25.0,0.0,0.0,4.3,5000.0,4990.0,4990.0,1.0,1.0,0.0,31.0,1706.0,0.0,255.0,857.0,292.0,0.0,0.0,1245716.0,3.008,3.0,50.0,
1788528424709,2026-09-04T17:27:04.709,0.0,4.0,0.0,1.0,795.0,14.100000000000001,78.0,2.32,2.32,2.32,2.32,1.0,1.0,776.0,1.0,0.0,756.0,75.5,54.5,-0.037329009999999996,-0.037329009999999996,33.0,0.999,11.0,16.0,16.0,-15.0,-3.0,-3.0,-3.0,-3.0,0.0,0.0,0.0,0.0,35.0,20.0,20.0,8.700000000000001,336.0,315.0,2.0,2.0,610.0,4380.0,0.0,0.0,0.0,1.0,19475.0,8.8,1.0,0.0,,,,,,,,,,,,,,-25.8125,0.6875,0.375,28.125,-25.8125,750.0,0.0,390.0,200.0,0.0,0.0,254.0,20.0,0.0,8.0,0.0,1.0,0.0,0.0,8.0,0.0,5.0,1.0,4.0,0.0,8.0,28488.0,101.0,0.0,0.0,0.0,0.0,25.0,0.0,0.0,4.3,5000.0,4990.0,4980.0,1.0,1.0,0.0,31.0,1358.0,0.0,255.0,857.0,334.0,0.0,0.0,1245716.0,3.008,3.0,50.0,
1788528425485,2026-09-04T17:27:05.485,0.0,4.0,0.0,1.0,770.0,14.200000000000001,78.0,2.24,2.24,2.24,2.24,1.0,1.0,791.0,1.0,0.0,795.0,76.0,54.5,-0.045111609999999996,-0.045111609999999996,34.0,0.999,11.0,16.0,16.0,-12.0,-1.0,-1.0,-1.0,-1.0,0.0,0.0,0.0,0.0,35.0,19.0,20.0,8.200000000000001,315.0,315.0,2.0,2.0,600.0,4390.0,0.0,0.0,0.0,1.0,19475.0,8.5,1.0,0.0,,,,,,,,,,,,,,-26.25,-0.25,-1.0,28.5625,-26.25,750.0,0.0,390.0,200.0,0.0,0.0,254.0,20.0,0.0,8.0,0.0,1.0,0.0,0.0,8.0,0.0,5.0,1.0,4.0,0.0,7.0,28488.0,101.0,0.0,0.0,0.0,0.0,25.0,0.0,0.0,4.3,5000.0,4990.0,4980.0,1.0,1.0,0.0,31.0,1429.0,0.0,255.0,857.0,329.0,0.0,0.0,1245716.0,3.008,3.0,50.0,
1788528426265,2026-09-04T17:27:06.265,0.0,4.0,0.0,1.0,746.0,14.200000000000001,78.0,2.21,2.21,2.21,2.21,1.0,1.0,781.0,1.0,0.0,805.0,76.0,54.5,-0.05289421,-0.05289421,34.0,0.999,12.0,16.0,16.0,-12.0,-1.0,-1.0,-1.0,-1.0,0.0,0.0,0.0,0.0,35.0,20.0,20.0,8.1,336.0,315.0,2.0,2.0,600.0,4380.0,0.0,0.0,0.0,1.0,19475.0,8.6,0.0,0.0,,,,,,,,,,,,,,-26.375,1.0,-0.8125,28.6875,-26.375,750.0,0.0,390.0,200.0,0.0,0.0,254.0,20.0,0.0,8.0,0.0,1.0,1.0,0.0,8.0,0.0,5.0,1.0,4.0,100.0,7.0,28488.0,101.0,0.0,0.0,0.0,0.0,25.0,0.0,0.0,4.3,5000.0,4990.0,4980.0,1.0,1.0,0.0,31.0,1513.0,0.0,255.0,857.0,366.0,0.0,0.0,1245716.0,3.008,3.0,50.0,
1788528427104,2026-09-04T17:27:07.104,0.0,4.0,0.0,1.0,747.0,14.0,78.0,4.72,4.72,4.72,4.72,1.0,1.0,727.0,1.0,0.0,791.0,76.0,54.0,-0.06157715,-0.06157715,35.0,0.999,12.0,11.0,11.0,-36.0,8.0,8.0,8.0,8.0,0.0,0.0,0.0,0.0,36.0,66.0,66.0,43.0,861.0,840.0,44.0,44.0,2330.0,2640.0,32.0,14.0,94.0,1.0,19475.0,41.0,1.0,0.0,,,,,,,,,,,,,,98.5,98.5625,97.875,25.875,98.5,750.0,0.0,1350.0,650.0,29.1,27.900000000000002,254.0,20.0,0.0,8.0,0.0,0.0,1.0,0.0,8.0,0.0,5.0,2.0,4.0,100.0,7.0,28488.0,101.0,0.0,0.0,0.0,0.0,25.0,0.0,0.0,4.3,5000.0,4990.0,4990.0,1.0,1.0,0.0,31.0,3890.0,0.0,255.0,857.0,358.0,0.0,0.0,1245716.0,3.008,3.0,50.0,
1788528427926,2026-09-04T17:27:07.926,0.0,4.0,0.0,1.0,1927.0,14.200000000000001,78.0,2.34,2.34,2.34,2.34,1.0,1.0,834.0,1.0,0.0,781.0,76.5,57.5,-0.027005620000000008,-0.027005620000000008,35.0,0.999,21.0,26.0,26.0,-36.0,22.0,22.0,22.0,22.0,0.0,0.0,0.0,0.0,36.0,47.0,31.0,29.0,651.0,441.0,11.0,11.0,990.0,3970.0,0.0,0.0,0.0,1.0,19475.0,38.1,0.0,0.0,,,,,,,,,,,,,,65.4375,54.6875,54.6875,24.125,65.4375,750.0,1.0,1150.0,550.0,22.5,21.1,254.0,20.0,0.0,8.0,0.0,0.0,1.0,0.0,8.0,0.0,5.0,2.0,4.0,100.0,6.0,28488.0,101.0,0.0,0.0,0.0,0.0,25.0,0.0,0.0,4.3,5000.0,4990.0,4990.0,1.0,1.0,0.0,31.0,2667.0,0.0,255.0,857.0,353.0,0.0,0.0,1245716.0,3.008,3.0,50.0,
1788528428691,2026-09-04T17:27:08.691,0.0,4.0,0.0,1.0,1730.0,14.200000000000001,78.0,4.11,4.11,4.11,4.11,0.0,1.0,53.0,0.0,0.0,68.0,74.0,58.5,0.00317866,0.00317866,35.0,0.999,36.0,22.0,22.0,-36.0,6.0,6.0,6.0,6.0,0.0,0.0,0.0,0.0,36.0,26.0,31.0,23.6,399.0,462.0,6.0,6.0,770.0,4220.0,0.0,0.0,0.0,1.0,19475.0,20.6,1.0,0.0,,,,,,,,,,,,,,22.625,22.8125,21.375,25.5625,22.625,750.0,3.0,720.0,340.0,9.600000000000001,8.6,254.0,20.0,0.0,8.0,0.0,0.0,1.0,0.0,8.0,0.0,5.0,2.0,4.0,100.0,6.0,28488.0,101.0,0.0,0.0,0.0,0.0,25.0,0.0,0.0,4.3,5000.0,4990.0,4990.0,1.0,1.0,0.0,31.0,2269.0,0.0,255.0,857.0,353.0,0.0,0.0,1245716.0,3.008,3.0,50.0,
1788528429546,2026-09-04T17:27:09.546,0.0,4.0,0.0,1.0,1307.0,14.200000000000001,78.0,6.11,6.11,6.11,6.11,0.0,1.0,58.0,0.0,0.0,53.0,72.5,58.0,0.052643949999999995,0.052643949999999995,36.0,0.999,28.0,19.0,19.0,-36.0,16.0,16.0,16.0,16.0,0.0,0.0,0.0,0.0,36.0,26.0,38.0,33.7,378.0,525.0,7.0,7.0,810.0,4180.0,0.0,2.0,0.0,1.0,19475.0,25.900000000000002,1.0,0.0,,,,,,,,,,,,,,14.5,28.0625,28.0,22.4375,14.5,750.0,4.0,770.0,370.0,11.4,10.100000000000001,254.0,20.0,0.0,8.0,0.0,0.0,1.0,0.0,8.0,0.0,5.0,2.0,4.0,100.0,5.0,28488.0,101.0,0.0,0.0,0.0,0.0,25.0,0.0,0.0,4.3,5000.0,4990.0,4980.0,1.0,1.0,0.0,31.0,4431.0,0.0,255.0,857.0,349.0,0.0,0.0,1245716.0,3.008,3.0,50.0,
1788528430383,2026-09-04T17:27:10.383,0.0,4.0,0.0,1.0,1300.0,14.200000000000001,78.0,1.67,1.67,1.67,1.67,1.0,1.0,659.0,0.0,0.0,126.0,72.5,59.5,0.05583328999999998,0.05583328999999998,36.0,0.999,17.0,20.0,20.0,-14.0,16.0,16.0,16.0,16.0,0.0,0.0,0.0,0.0,36.0,27.0,21.0,12.0,420.0,336.0,4.0,4.0,680.0,4300.0,0.0,0.0,0.0,1.0,19475.0,14.700000000000001,0.0,0.0,,,,,,,,,,,,,,29.125,17.4375,15.3125,25.5625,29.125,750.0,4.0,640.0,300.0,7.1000000000000005,6.0,254.0,20.0,0.0,8.0,0.0,0.0,1.0,0.0,8.0,0.0,5.0,1.0,4.0,100.0,6.0,28488.0,101.0,0.0,0.0,0.0,0.0,25.0,0.0,0.0,4.3,5000.0,4990.0,4990.0,1.0,1.0,0.0,31.0,1288.0,0.0,255.0,857.0,333.0,0.0,0.0,1245716.0,3.008,3.0,50.0,
1788528431157,2026-09-04T17:27:11.157,0.0,4.0,0.0,1.0,884.0,14.200000000000001,78.0,6.99,6.99,6.99,6.99,0.0,1.0,302.0,0.0,0.0,83.0,74.0,60.5,0.08046292999999999,0.08046292999999999,36.0,0.999,67.0,13.0,12.0,-36.0,-2.0,-2.0,-2.0,-2.0,0.0,0.0,0.0,0.0,36.0,44.0,49.0,29.6,588.0,651.0,8.0,8.0,850.0,4140.0,15.0,15.0,41.0,1.0,19475.0,28.1,1.0,0.0,,,,,,,,,,,,,,40.375,47.5625,45.375,26.25,40.375,750.0,5.0,780.0,370.0,12.5,11.3,254.0,20.0,0.0,8.0,0.0,0.0,1.0,0.0,8.0,0.0,5.0,2.0,4.0,100.0,5.0,28488.0,101.0,0.0,0.0,0.0,0.0,25.0,0.0,0.0,4.3,5000.0,4990.0,4980.0,1.0,1.0,0.0,31.0,1887.0,0.0,255.0,857.0,334.0,0.0,0.0,1245716.0,3.008,3.0,50.0,
1788528432167,2026-09-04T17:27:12.167,0.0,4.0,0.0,1.0,1178.0,14.200000000000001,79.0,2.0,2.0,2.0,2.0,0.0,1.0,136.0,0.0,0.0,63.0,73.0,60.5,0.11038778999999999,0.11038778999999999,35.0,0.999,17.0,20.0,20.0,-14.0,-14.0,-14.0,-14.0,-14.0,0.0,0.0,0.0,0.0,36.0,12.0,18.0,9.5,210.0,294.0,1.0,1.0,580.0,4400.0,0.0,0.0,0.0,1.0,19475.0,7.1000000000000005,0.0,0.0,,,,,,,,,,,,,,-24.5625,-8.5,-9.3125,27.0625,-24.5625,750.0,4.0,390.0,200.0,0.0,0.0,254.0,20.0,0.0,8.0,0.0,0.0,1.0,0.0,8.0,0.0,5.0,1.0,4.0,100.0,5.0,28488.0,101.0,0.0,0.0,0.0,0.0,25.0,0.0,0.0,4.3,5000.0,4990.0,4980.0,1.0,1.0,0.0,31.0,1134.0,0.0,255.0,857.0,325.0,0.0,0.0,1245716.0,3.008,3.0,50.0,
1788528432948,2026-09-04T17:27:12.948,0.0,4.0,0.0,1.0,882.0,14.200000000000001,79.0,2.04,2.04,2.04,2.04,1.0,1.0,761.0,1.0,0.0,761.0,73.5,61.0,0.08885592999999997,0.08885592999999997,35.0,0.999,17.0,19.0,19.0,-8.0,2.0,2.0,2.0,2.0,0.0,0.0,0.0,0.0,36.0,19.0,19.0,9.5,315.0,315.0,2.0,2.0,620.0,4370.0,0.0,0.0,0.0,1.0,19475.0,9.5,1.0,0.0,,,,,,,,,,,,,,-25.25,-2.6875,-2.625,27.75,-25.25,750.0,2.0,390.0,200.0,0.0,0.0,254.0,20.0,0.0,8.0,0.0,1.0,0.0,0.0,8.0,0.0,5.0,1.0,4.0,0.0,7.0,28488.0,101.0,0.0,0.0,0.0,0.0,25.0,0.0,0.0,4.3,5000.0,4990.0,4990.0,1.0,1.0,0.0,31.0,1262.0,0.0,255.0,857.0,318.0,0.0,0.0,1245716.0,3.008,3.0,50.0,
1788528433703,2026-09-04T17:27:13.703,0.0,4.0,0.0,1.0,852.0,14.100000000000001,79.0,2.08,2.08,2.08,2.08,1.0,1.0,834.0,1.0,0.0,830.0,74.5,61.5,0.07990594000000001,0.07990594000000001,34.0,0.999,17.0,18.0,18.0,-9.0,-2.0,-2.0,-2.0,-2.0,0.0,0.0,0.0,0.0,36.0,18.0,18.0,8.200000000000001,294.0,294.0,2.0,2.0,600.0,4390.0,0.0,0.0,0.0,1.0,19475.0,8.200000000000001,0.0,0.0,,,,,,,,,,,,,,-25.875,-4.25,-4.4375,28.375,-25.875,750.0,0.0,390.0,200.0,0.0,0.0,254.0,20.0,0.0,8.0,0.0,1.0,0.0,0.0,8.0,0.0,5.0,1.0,4.0,0.0,7.0,28488.0,101.0,0.0,0.0,0.0,0.0,25.0,0.0,0.0,4.3,5000.0,4990.0,5000.0,1.0,1.0,0.0,31.0,1002.0,0.0,255.0,857.0,318.0,0.0,0.0,1245716.0,3.008,3.0,50.0,
1788528434457,2026-09-04T17:27:14.457,0.0,4.0,0.0,1.0,788.0,14.200000000000001,79.0,2.06,2.06,2.06,2.06,1.0,1.0,820.0,1.0,0.0,839.0,74.5,61.0,0.07212333999999998,0.07212333999999998,34.0,0.999,17.0,19.0,19.0,-9.0,-1.0,-1.0,-1.0,-1.0,0.0,0.0,0.0,0.0,36.0,18.0,19.0,7.9,294.0,315.0,2.0,1.0,580.0,4400.0,0.0,0.0,0.0,1.0,19475.0,7.800000000000001,0.0,0.0,,,,,,,,,,,,,,-26.3125,-2.5,-2.875,28.8125,-26.3125,750.0,0.0,390.0,200.0,0.0,0.0,254.0,20.0,0.0,8.0,0.0,1.0,0.0,0.0,8.0,0.0,5.0,1.0,4.0,0.0,7.0,28488.0,101.0,0.0,0.0,0.0,0.0,25.0,0.0,0.0,4.4,5000.0,4990.0,4980.0,1.0,1.0,0.0,31.0,989.0,0.0,255.0,857.0,317.0,0.0,0.0,1245716.0,3.008,3.0,50.0,
1788528435224,2026-09-04T17:27:15.224,0.0,4.0,0.0,1.0,760.0,14.100000000000001,79.0,2.0,2.0,2.0,2.0,1.0,1.0,810.0,1.0,0.0,839.0,77.5,63.0,0.06434074000000001,0.06434074000000001,33.0,0.999,17.0,20.0,20.0,-8.0,2.0,2.0,2.0,2.0,0.0,0.0,0.0,0.0,36.0,18.0,18.0,7.5,294.0,294.0,1.0,2.0,590.0,4400.0,0.0,0.0,0.0,1.0,19475.0,7.6000000000000005,1.0,0.0,,,,,,,,,,,,,,-26.125,-2.9375,-3.5,28.8125,-26.125,750.0,0.0,390.0,200.0,0.0,0.0,254.0,20.0,0.0,8.0,0.0,1.0,0.0,0.0,8.0,0.0,5.0,1.0,4.0,0.0,4.0,28488.0,101.0,0.0,0.0,0.0,0.0,25.0,0.0,0.0,4.4,5000.0,4990.0,4980.0,1.0,1.0,0.0,31.0,1032.0,0.0,255.0,857.0,313.0,0.0,0.0,1245716.0,3.008,3.0,50.0,
1788528436175,2026-09-04T17:27:16.175,0.0,4.0,0.0,1.0,751.0,14.200000000000001,79.0,1.98,1.98,1.98,1.98,1.0,1.0,791.0,1.0,0.0,825.0,75.5,61.5,0.056947269999999994,0.056947269999999994,33.0,0.999,17.0,21.0,21.0,-8.0,3.0,3.0,3.0,3.0,0.0,0.0,0.0,0.0,36.0,18.0,18.0,7.5,294.0,294.0,1.0,1.0,580.0,4400.0,0.0,0.0,0.0,1.0,19475.0,7.6000000000000005,0.0,0.0,,,,,,,,,,,,,,-26.3125,-3.1875,-2.375,29.0,-26.3125,750.0,0.0,390.0,200.0,0.0,0.0,254.0,20.0,0.0,8.0,0.0,1.0,0.0,0.0,8.0,0.0,5.0,1.0,4.0,0.0,7.0,28488.0,101.0,0.0,0.0,0.0,0.0,25.0,0.0,0.0,4.4,5000.0,4990.0,4980.0,1.0,1.0,0.0,31.0,1033.0,0.0,255.0,857.0,313.0,0.0,0.0,1245716.0,3.008,3.0,50.0,
1788528437018,2026-09-04T17:27:17.018,0.0,4.0,0.0,1.0,748.0,14.200000000000001,79.0,1.94,1.94,1.94,1.94,1.0,1.0,771.0,1.0,0.0,820.0,75.5,61.5,0.047997279999999976,0.047997279999999976,32.0,0.999,18.0,20.0,20.0,-9.0,3.0,3.0,3.0,3.0,0.0,0.0,0.0,0.0,36.0,18.0,18.0,7.5,315.0,294.0,2.0,1.0,580.0,4400.0,0.0,0.0,0.0,1.0,19475.0,7.6000000000000005,1.0,0.0,,,,,,,,,,,,,,-26.3125,-3.375,-3.75,29.0,-26.3125,750.0,0.0,390.0,200.0,0.0,0.0,254.0,20.0,0.0,8.0,0.0,1.0,0.0,0.0,8.0,0.0,5.0,1.0,4.0,0.0,7.0,28488.0,101.0,0.0,0.0,0.0,0.0,25.0,0.0,0.0,4.4,5000.0,4990.0,4980.0,1.0,1.0,0.0,31.0,952.0,0.0,255.0,857.0,313.0,0.0,0.0,1245716.0,3.008,3.0,50.0,
1788528437728,2026-09-04T17:27:17.728,0.0,4.0,0.0,1.0,749.0,14.200000000000001,79.0,1.9100000000000001,1.9100000000000001,1.9100000000000001,1.9100000000000001,1.0,1.0,703.0,1.0,0.0,795.0,75.5,61.0,0.03982554999999999,0.03982554999999999,32.0,0.999,18.0,20.0,20.0,-9.0,4.0,4.0,4.0,4.0,0.0,0.0,0.0,0.0,36.0,19.0,18.0,7.4,315.0,294.0,2.0,2.0,590.0,4400.0,0.0,0.0,0.0,1.0,19475.0,7.9,0.0,0.0,,,,,,,,,,,,,,-26.0,-2.3125,-0.8125,28.6875,-26.0,750.0,0.0,390.0,200.0,0.0,0.0,254.0,20.0,0.0,8.0,0.0,1.0,0.0,0.0,8.0,0.0,5.0,1.0,4.0,0.0,7.0,28488.0,101.0,0.0,0.0,0.0,0.0,25.0,0.0,0.0,4.4,5000.0,4990.0,4980.0,1.0,1.0,0.0,31.0,1574.0,0.0,255.0,857.0,314.0,0.0,0.0,1245716.0,3.008,3.0,50.0,
1788528438544,2026-09-04T17:27:18.544,0.0,4.0,0.0,1.0,738.0,14.200000000000001,79.0,1.95,1.95,1.95,1.95,1.0,1.0,668.0,1.0,0.0,771.0,76.5,62.0,0.03282120999999999,0.03282120999999999,31.0,0.999,19.0,18.0,18.0,-10.0,2.0,2.0,2.0,2.0,0.0,0.0,0.0,0.0,36.0,19.0,19.0,7.800000000000001,336.0,315.0,2.0,2.0,590.0,4390.0,0.0,0.0,0.0,1.0,19475.0,8.0,1.0,0.0,,,,,,,,,,,,,,-25.875,0.625,-0.5625,28.5625,-25.875,750.0,0.0,390.0,200.0,0.0,0.0,254.0,20.0,0.0,8.0,0.0,1.0,0.0,0.0,8.0,0.0,5.0,1.0,4.0,0.0,7.0,28488.0,101.0,0.0,0.0,0.0,0.0,25.0,0.0,0.0,4.4,5000.0,4990.0,4980.0,1.0,1.0,0.0,31.0,1484.0,0.0,255.0,857.0,314.0,0.0,0.0,1245716.0,3.008,3.0,50.0,
1788528439396,2026-09-04T17:27:19.396,0.0,4.0,0.0,1.0,742.0,14.200000000000001,79.0,2.02,2.02,2.02,2.02,0.0,1.0,97.0,1.0,0.0,615.0,77.5,62.0,0.04984373999999997,0.04984373999999997,31.0,0.999,19.0,17.0,17.0,-11.0,0.0,0.0,0.0,0.0,0.0,0.0,0.0,0.0,36.0,19.0,19.0,7.9,336.0,315.0,2.0,2.0,590.0,4390.0,0.0,0.0,0.0,1.0,19475.0,8.1,1.0,0.0,,,,,,,,,,,,,,-26.0625,-1.8125,-1.5625,28.75,-26.0625,750.0,0.0,390.0,200.0,0.0,0.0,254.0,20.0,0.0,8.0,0.0,1.0,0.0,0.0,8.0,0.0,5.0,1.0,4.0,0.0,8.0,28488.0,101.0,0.0,0.0,0.0,0.0,25.0,0.0,0.0,4.4,5000.0,4990.0,4980.0,1.0,1.0,0.0,31.0,1235.0,0.0,255.0,857.0,314.0,0.0,0.0,1245716.0,3.008,3.0,50.0,
1788528440364,2026-09-04T17:27:20.364,0.0,4.0,0.0,1.0,749.0,14.200000000000001,80.0,1.96,1.96,1.96,1.96,1.0,1.0,722.0,1.0,0.0,561.0,77.5,62.0,0.037879899999999966,0.037879899999999966,30.0,0.999,20.0,17.0,17.0,-11.0,0.0,0.0,0.0,0.0,0.0,0.0,0.0,0.0,36.0,19.0,19.0,7.9,315.0,315.0,2.0,2.0,590.0,4400.0,0.0,0.0,0.0,1.0,19475.0,7.9,0.0,0.0,,,,,,,,,,,,,,-26.0625,-1.375,-1.0,28.6875,-26.0625,750.0,0.0,390.0,200.0,0.0,0.0,254.0,20.0,0.0,8.0,0.0,1.0,0.0,0.0,8.0,0.0,5.0,1.0,4.0,0.0,8.0,28488.0,101.0,0.0,0.0,0.0,0.0,25.0,0.0,0.0,4.4,5000.0,4990.0,4980.0,1.0,1.0,0.0,31.0,1098.0,0.0,255.0,857.0,314.0,0.0,0.0,1245716.0,3.008,3.0,50.0,
1788528441144,2026-09-04T17:27:21.144,0.0,4.0,0.0,1.0,750.0,14.200000000000001,80.0,2.0,2.0,2.0,2.0,0.0,1.0,102.0,0.0,0.0,297.0,77.5,62.5,0.050232869999999985,0.050232869999999985,30.0,0.999,21.0,17.0,17.0,-11.0,-1.0,-1.0,-1.0,-1.0,0.0,0.0,0.0,0.0,36.0,19.0,19.0,7.800000000000001,315.0,315.0,2.0,2.0,590.0,4400.0,0.0,0.0,0.0,1.0,19475.0,8.0,1.0,0.0,,,,,,,,,,,,,,-26.0625,-1.625,-1.3125,28.6875,-26.0625,750.0,0.0,390.0,200.0,0.0,0.0,254.0,20.0,0.0,8.0,0.0,1.0,0.0,0.0,8.0,0.0,5.0,1.0,4.0,0.0,8.0,28488.0,101.0,0.0,0.0,0.0,0.0,25.0,0.0,0.0,4.4,5000.0,4990.0,4980.0,1.0,1.0,0.0,31.0,1180.0,0.0,255.0,857.0,314.0,0.0,0.0,1245716.0,3.008,3.0,50.0,
1788528441936,2026-09-04T17:27:21.936,0.0,4.0,0.0,1.0,751.0,14.200000000000001,80.0,1.98,1.98,1.98,1.98,0.0,1.0,156.0,0.0,0.0,117.0,78.0,62.5,0.05762634,0.05762634,30.0,0.999,21.0,18.0,18.0,-11.0,0.0,0.0,0.0,0.0,0.0,0.0,0.0,0.0,36.0,19.0,19.0,7.9,315.0,315.0,2.0,2.0,590.0,4390.0,0.0,0.0,0.0,1.0,19475.0,7.9,0.0,0.0,,,,,,,,,,,,,,-26.125,-0.9375,-1.5625,28.75,-26.125,750.0,0.0,390.0,200.0,0.0,0.0,254.0,20.0,0.0,8.0,0.0,1.0,0.0,0.0,8.0,0.0,5.0,1.0,4.0,0.0,8.0,28488.0,101.0,0.0,0.0,0.0,0.0,25.0,0.0,0.0,4.4,5000.0,4990.0,4980.0,1.0,1.0,0.0,31.0,1121.0,0.0,255.0,857.0,315.0,0.0,0.0,1245716.0,3.008,3.0,50.0,
1788528442641,2026-09-04T17:27:22.641,0.0,4.0,0.0,1.0,747.0,14.200000000000001,80.0,1.93,1.93,1.93,1.93,0.0,1.0,400.0,1.0,0.0,668.0,78.0,63.0,0.03943641999999997,0.03943641999999997,29.0,0.999,21.0,17.0,17.0,-11.0,1.0,1.0,1.0,1.0,0.0,0.0,0.0,0.0,36.0,19.0,19.0,7.800000000000001,315.0,315.0,2.0,2.0,590.0,4390.0,0.0,0.0,0.0,1.0,19475.0,8.0,1.0,0.0,,,,,,,,,,,,,,-26.0625,-0.8125,-1.4375,28.6875,-26.0625,750.0,0.0,390.0,200.0,0.0,0.0,254.0,20.0,0.0,8.0,0.0,1.0,0.0,0.0,8.0,0.0,5.0,1.0,4.0,0.0,8.0,28488.0,101.0,0.0,0.0,0.0,0.0,25.0,0.0,0.0,4.4,5000.0,4990.0,4980.0,1.0,1.0,0.0,31.0,1208.0,0.0,255.0,857.0,315.0,0.0,0.0,1245716.0,3.008,3.0,50.0,
1788528443495,2026-09-04T17:27:23.495,0.0,4.0,0.0,1.0,750.0,14.200000000000001,80.0,1.98,1.98,1.98,1.98,0.0,1.0,107.0,0.0,0.0,83.0,77.5,62.5,0.06268502999999997,0.06268502999999997,29.0,0.999,21.0,17.0,17.0,-11.0,0.0,0.0,0.0,0.0,0.0,0.0,0.0,0.0,36.0,19.0,19.0,7.9,336.0,315.0,2.0,2.0,590.0,4390.0,0.0,0.0,0.0,1.0,19475.0,8.1,0.0,0.0,,,,,,,,,,,,,,-26.1875,-2.5,-2.25,28.8125,-26.1875,750.0,0.0,390.0,200.0,0.0,0.0,254.0,20.0,0.0,8.0,0.0,1.0,0.0,0.0,8.0,0.0,5.0,1.0,4.0,0.0,8.0,28488.0,101.0,0.0,0.0,0.0,0.0,25.0,0.0,0.0,4.4,5000.0,4990.0,4970.0,1.0,1.0,0.0,31.0,1160.0,0.0,255.0,857.0,315.0,0.0,0.0,1245716.0,3.008,3.0,50.0,
1788528444300,2026-09-04T17:27:24.300,0.0,4.0,0.0,1.0,747.0,14.200000000000001,80.0,1.94,1.94,1.94,1.94,1.0,1.0,654.0,1.0,0.0,654.0,77.5,62.0,0.047608150000000016,0.047608150000000016,28.0,0.999,22.0,17.0,17.0,-11.0,1.0,1.0,1.0,1.0,0.0,0.0,0.0,0.0,36.0,19.0,19.0,7.9,336.0,315.0,2.0,2.0,590.0,4390.0,0.0,0.0,0.0,1.0,19475.0,8.1,0.0,0.0,,,,,,,,,,,,,,-26.125,-0.1875,-1.8125,28.75,-26.125,750.0,0.0,390.0,200.0,0.0,0.0,254.0,20.0,0.0,8.0,0.0,1.0,0.0,0.0,8.0,0.0,5.0,1.0,4.0,0.0,8.0,28488.0,101.0,0.0,0.0,0.0,0.0,25.0,0.0,0.0,4.4,5000.0,4990.0,4970.0,1.0,1.0,0.0,31.0,1104.0,0.0,255.0,857.0,316.0,0.0,0.0,1245716.0,3.008,3.0,50.0,
1788528445040,2026-09-04T17:27:25.040,0.0,4.0,0.0,1.0,751.0,14.200000000000001,80.0,1.97,1.97,1.97,1.97,0.0,1.0,102.0,0.0,0.0,83.0,78.5,63.0,0.06813284999999997,0.06813284999999997,28.0,0.999,22.0,18.0,18.0,-11.0,1.0,1.0,1.0,1.0,0.0,0.0,0.0,0.0,36.0,19.0,19.0,7.9,336.0,315.0,2.0,2.0,590.0,4400.0,0.0,0.0,0.0,1.0,19475.0,8.1,1.0,0.0,,,,,,,,,,,,,,-26.0,-0.6875,-0.25,28.5625,-26.0,750.0,0.0,390.0,200.0,0.0,0.0,254.0,20.0,0.0,8.0,0.0,1.0,0.0,0.0,8.0,0.0,5.0,1.0,4.0,0.0,8.0,28488.0,101.0,0.0,0.0,0.0,0.0,25.0,0.0,0.0,4.4,5000.0,4990.0,4990.0,1.0,1.0,0.0,31.0,1226.0,0.0,255.0,857.0,316.0,0.0,0.0,1245716.0,3.008,3.0,50.0,
1788528445905,2026-09-04T17:27:25.905,0.0,4.0,0.0,1.0,754.0,14.200000000000001,80.0,1.98,1.98,1.98,1.98,0.0,1.0,102.0,0.0,0.0,83.0,78.5,63.0,0.07552631999999998,0.07552631999999998,27.0,0.999,23.0,17.0,17.0,-11.0,-2.0,-2.0,-2.0,-2.0,0.0,0.0,0.0,0.0,36.0,19.0,19.0,7.9,315.0,315.0,2.0,2.0,590.0,4400.0,0.0,0.0,0.0,1.0,19475.0,7.9,0.0,0.0,,,,,,,,,,,,,,-26.0,-0.875,-1.0625,28.5625,-26.0,750.0,0.0,390.0,200.0,0.0,0.0,254.0,20.0,0.0,8.0,0.0,1.0,0.0,0.0,8.0,0.0,5.0,1.0,4.0,0.0,8.0,28488.0,101.0,0.0,0.0,0.0,0.0,25.0,0.0,0.0,4.4,5000.0,4990.0,4980.0,1.0,1.0,0.0,31.0,1007.0,0.0,255.0,857.0,316.0,0.0,0.0,1245716.0,3.008,3.0,50.0,
1788528446668,2026-09-04T17:27:26.668,0.0,4.0,0.0,1.0,754.0,14.200000000000001,80.0,1.97,1.97,1.97,1.97,0.0,1.0,126.0,0.0,0.0,112.0,79.0,63.0,0.08369804999999997,0.08369804999999997,27.0,0.999,23.0,18.0,18.0,-10.0,0.0,0.0,0.0,0.0,0.0,0.0,0.0,0.0,36.0,19.0,19.0,7.9,315.0,315.0,2.0,2.0,590.0,4390.0,0.0,0.0,0.0,1.0,19475.0,7.9,1.0,0.0,,,,,,,,,,,,,,-26.125,-0.0625,-0.875,28.6875,-26.125,750.0,0.0,390.0,200.0,0.0,0.0,254.0,20.0,0.0,8.0,0.0,1.0,0.0,0.0,8.0,0.0,5.0,1.0,4.0,0.0,8.0,28488.0,101.0,0.0,0.0,0.0,0.0,25.0,0.0,0.0,4.4,5000.0,4990.0,4980.0,1.0,1.0,0.0,31.0,1324.0,0.0,255.0,857.0,317.0,0.0,0.0,1245716.0,3.008,3.0,50.0,
1788528447521,2026-09-04T17:27:27.521,0.0,4.0,0.0,1.0,754.0,14.200000000000001,80.0,1.92,1.92,1.92,1.92,1.0,1.0,649.0,0.0,0.0,239.0,79.5,64.0,0.07251247,0.07251247,27.0,0.999,23.0,18.0,18.0,-10.0,0.0,0.0,0.0,0.0,0.0,0.0,0.0,0.0,36.0,19.0,19.0,7.800000000000001,315.0,315.0,2.0,2.0,590.0,4390.0,0.0,0.0,0.0,1.0,19475.0,7.800000000000001,0.0,0.0,,,,,,,,,,,,,,-26.0625,0.5,-1.875,28.625,-26.0625,750.0,0.0,390.0,190.0,0.0,0.0,254.0,20.0,0.0,8.0,0.0,1.0,0.0,0.0,8.0,0.0,5.0,1.0,4.0,0.0,8.0,28488.0,101.0,0.0,0.0,0.0,0.0,25.0,0.0,0.0,4.4,5000.0,4990.0,4980.0,1.0,1.0,0.0,31.0,1427.0,0.0,255.0,857.0,317.0,0.0,0.0,1245716.0,3.008,3.0,50.0,
1788528448553,2026-09-04T17:27:28.553,0.0,4.0,0.0,1.0,752.0,14.100000000000001,80.0,1.97,1.97,1.97,1.97,0.0,1.0,102.0,0.0,0.0,92.0,80.5,65.0,0.08797847999999997,0.08797847999999997,26.0,0.999,24.0,18.0,18.0,-10.0,-1.0,-1.0,-1.0,-1.0,0.0,0.0,0.0,0.0,36.0,19.0,19.0,7.800000000000001,315.0,315.0,2.0,2.0,590.0,4390.0,0.0,0.0,0.0,1.0,19475.0,7.800000000000001,0.0,0.0,,,,,,,,,,,,,,-26.125,-1.6875,-1.9375,28.6875,-26.125,750.0,0.0,390.0,200.0,0.0,0.0,254.0,20.0,0.0,8.0,0.0,1.0,0.0,0.0,8.0,0.0,5.0,1.0,4.0,0.0,8.0,28488.0,101.0,0.0,0.0,0.0,0.0,25.0,0.0,0.0,4.4,5000.0,4990.0,4990.0,1.0,1.0,0.0,31.0,1194.0,0.0,255.0,857.0,317.0,0.0,0.0,1245716.0,3.008,3.0,50.0,
1788528449415,2026-09-04T17:27:29.415,0.0,4.0,0.0,1.0,752.0,14.100000000000001,80.0,1.96,1.96,1.96,1.96,0.0,1.0,170.0,0.0,0.0,136.0,80.5,64.5,0.09653933999999997,0.09653933999999997,26.0,0.999,24.0,18.0,18.0,-10.0,1.0,1.0,1.0,1.0,0.0,0.0,0.0,0.0,36.0,19.0,19.0,7.800000000000001,315.0,315.0,2.0,2.0,590.0,4390.0,0.0,0.0,0.0,1.0,19475.0,7.800000000000001,1.0,0.0,,,,,,,,,,,,,,-26.125,-1.1875,-2.625,28.6875,-26.125,750.0,0.0,390.0,200.0,0.0,0.0,254.0,20.0,0.0,8.0,0.0,1.0,0.0,0.0,8.0,0.0,5.0,1.0,4.0,0.0,8.0,28488.0,101.0,0.0,0.0,0.0,0.0,25.0,0.0,0.0,4.4,5000.0,4990.0,4990.0,1.0,1.0,0.0,31.0,1128.0,0.0,255.0,857.0,317.0,0.0,0.0,1245716.0,3.008,3.0,50.0,
1788528450312,2026-09-04T17:27:30.312,0.0,4.0,0.0,1.0,758.0,14.0,80.0,1.9000000000000001,1.9000000000000001,1.9000000000000001,1.9000000000000001,1.0,1.0,698.0,1.0,0.0,664.0,82.5,66.5,0.08068419999999998,0.08068419999999998,25.0,0.999,24.0,19.0,19.0,-9.0,1.0,1.0,1.0,1.0,0.0,0.0,0.0,0.0,36.0,19.0,19.0,7.7,315.0,315.0,2.0,2.0,590.0,4400.0,0.0,0.0,0.0,1.0,19475.0,7.9,0.0,0.0,,,,,,,,,,,,,,-26.0625,0.0625,-2.625,28.625,-26.0625,750.0,0.0,390.0,200.0,0.0,0.0,254.0,20.0,0.0,8.0,0.0,1.0,0.0,0.0,8.0,0.0,5.0,1.0,4.0,0.0,8.0,28488.0,101.0,0.0,0.0,0.0,0.0,25.0,0.0,0.0,4.4,5000.0,4990.0,4980.0,1.0,1.0,0.0,31.0,1311.0,0.0,255.0,857.0,317.0,0.0,0.0,1245716.0,3.008,3.0,50.0,
1788528451148,2026-09-04T17:27:31.148,0.0,4.0,0.0,1.0,752.0,14.200000000000001,81.0,1.93,1.93,1.93,1.93,0.0,1.0,92.0,0.0,0.0,87.0,80.0,64.5,0.09809585999999998,0.09809585999999998,25.0,0.999,25.0,19.0,19.0,-10.0,1.0,1.0,1.0,1.0,0.0,0.0,0.0,0.0,36.0,19.0,19.0,7.800000000000001,315.0,315.0,2.0,2.0,590.0,4390.0,0.0,0.0,0.0,1.0,19475.0,7.800000000000001,1.0,0.0,,,,,,,,,,,,,,-26.125,-0.8125,-1.5625,28.6875,-26.125,750.0,0.0,390.0,200.0,0.0,0.0,254.0,20.0,0.0,8.0,0.0,1.0,0.0,0.0,8.0,0.0,5.0,1.0,4.0,0.0,8.0,28488.0,101.0,0.0,0.0,0.0,0.0,25.0,0.0,0.0,4.4,5000.0,4990.0,4980.0,1.0,1.0,0.0,31.0,1175.0,0.0,255.0,857.0,317.0,0.0,0.0,1245716.0,3.008,3.0,50.0,
1788528451933,2026-09-04T17:27:31.933,0.0,4.0,0.0,1.0,749.0,14.200000000000001,81.0,1.93,1.93,1.93,1.93,1.0,1.0,698.0,0.0,0.0,317.0,80.0,64.5,0.08729940999999997,0.08729940999999997,24.0,0.999,25.0,18.0,18.0,-10.0,2.0,2.0,2.0,2.0,0.0,0.0,0.0,0.0,36.0,19.0,19.0,7.800000000000001,315.0,315.0,2.0,2.0,590.0,4390.0,0.0,0.0,0.0,1.0,19475.0,7.7,0.0,0.0,,,,,,,,,,,,,,-26.0,-2.4375,-1.5625,28.5625,-26.0,750.0,0.0,390.0,200.0,0.0,0.0,254.0,20.0,0.0,8.0,0.0,1.0,0.0,0.0,8.0,0.0,5.0,1.0,4.0,0.0,8.0,28488.0,101.0,0.0,0.0,0.0,0.0,26.0,0.0,0.0,4.4,5000.0,4990.0,4980.0,1.0,1.0,0.0,31.0,1711.0,0.0,255.0,857.0,317.0,0.0,0.0,1245716.0,3.008,3.0,50.0,
1788528452741,2026-09-04T17:27:32.741,0.0,4.0,0.0,1.0,752.0,14.100000000000001,81.0,1.92,1.92,1.92,1.92,1.0,1.0,561.0,1.0,0.0,698.0,80.5,65.0,0.07951681,0.07951681,24.0,0.999,25.0,18.0,18.0,-10.0,-2.0,-2.0,-2.0,-2.0,0.0,0.0,0.0,0.0,36.0,19.0,19.0,7.800000000000001,315.0,315.0,2.0,2.0,590.0,4390.0,0.0,0.0,0.0,1.0,19475.0,7.9,1.0,0.0,,,,,,,,,,,,,,-26.125,-2.5,-1.6875,28.6875,-26.125,750.0,0.0,390.0,200.0,0.0,0.0,254.0,20.0,0.0,8.0,0.0,1.0,0.0,0.0,8.0,0.0,5.0,1.0,4.0,0.0,8.0,28488.0,101.0,0.0,0.0,0.0,0.0,26.0,0.0,0.0,4.4,5000.0,4990.0,4990.0,1.0,1.0,0.0,31.0,1588.0,0.0,255.0,857.0,317.0,0.0,0.0,1245716.0,3.008,3.0,50.0,
1788528453506,2026-09-04T17:27:33.506,0.0,4.0,0.0,1.0,754.0,14.200000000000001,81.0,1.94,1.94,1.94,1.94,0.0,1.0,131.0,0.0,0.0,92.0,80.5,65.5,0.10198715999999997,0.10198715999999997,23.0,0.999,25.0,18.0,18.0,-10.0,-2.0,-2.0,-2.0,-2.0,0.0,0.0,0.0,0.0,36.0,19.0,19.0,7.800000000000001,315.0,315.0,2.0,2.0,590.0,4390.0,0.0,0.0,0.0,1.0,19475.0,7.6000000000000005,1.0,0.0,,,,,,,,,,,,,,-26.1875,-0.8125,-1.375,28.75,-26.1875,750.0,0.0,390.0,200.0,0.0,0.0,254.0,20.0,0.0,8.0,0.0,1.0,0.0,0.0,8.0,0.0,5.0,1.0,4.0,0.0,8.0,28488.0,101.0,0.0,0.0,0.0,0.0,26.0,0.0,0.0,4.4,5000.0,4990.0,4970.0,1.0,1.0,0.0,31.0,1366.0,0.0,255.0,857.0,317.0,0.0,0.0,1245716.0,3.008,3.0,50.0,
1788528454357,2026-09-04T17:27:34.357,0.0,4.0,0.0,1.0,744.0,14.200000000000001,81.0,1.93,1.93,1.93,1.93,1.0,1.0,615.0,1.0,0.0,678.0,80.0,65.0,0.08379724,0.08379724,23.0,0.999,25.0,18.0,18.0,-10.0,1.0,1.0,1.0,1.0,0.0,0.0,0.0,0.0,36.0,19.0,19.0,7.800000000000001,315.0,315.0,2.0,2.0,590.0,4390.0,0.0,0.0,0.0,1.0,19475.0,7.800000000000001,0.0,0.0,,,,,,,,,,,,,,-26.3125,-1.4375,-1.75,28.8125,-26.3125,750.0,0.0,390.0,200.0,0.0,0.0,254.0,20.0,0.0,8.0,0.0,1.0,0.0,0.0,8.0,0.0,5.0,1.0,4.0,0.0,8.0,28488.0,101.0,0.0,0.0,0.0,0.0,26.0,0.0,0.0,4.4,5000.0,4990.0,4980.0,1.0,1.0,0.0,31.0,1637.0,0.0,255.0,857.0,317.0,0.0,0.0,1245716.0,3.008,3.0,50.0,
1788528455201,2026-09-04T17:27:35.201,0.0,4.0,0.0,1.0,751.0,14.200000000000001,81.0,1.98,1.98,1.98,1.98,1.0,1.0,556.0,0.0,0.0,117.0,81.0,65.5,0.10626758999999997,0.10626758999999997,22.0,0.999,25.0,19.0,19.0,-10.0,3.0,3.0,3.0,3.0,0.0,0.0,0.0,0.0,36.0,19.0,19.0,7.800000000000001,315.0,315.0,2.0,2.0,590.0,4400.0,0.0,0.0,0.0,1.0,19475.0,7.7,1.0,0.0,,,,,,,,,,,,,,-26.3125,-0.9375,-2.125,28.8125,-26.3125,750.0,0.0,390.0,200.0,0.0,0.0,254.0,20.0,0.0,8.0,0.0,1.0,0.0,0.0,8.0,0.0,5.0,1.0,4.0,0.0,8.0,28488.0,101.0,0.0,0.0,0.0,0.0,26.0,0.0,0.0,4.4,5000.0,4990.0,4980.0,1.0,1.0,0.0,31.0,1127.0,0.0,255.0,857.0,317.0,0.0,0.0,1245716.0,3.008,3.0,50.0,
1788528455983,2026-09-04T17:27:35.983,0.0,4.0,0.0,1.0,747.0,14.200000000000001,81.0,1.94,1.94,1.94,1.94,1.0,1.0,698.0,1.0,0.0,742.0,81.5,66.5,0.08146246000000001,0.08146246000000001,22.0,0.999,25.0,18.0,18.0,-10.0,0.0,0.0,0.0,0.0,0.0,0.0,0.0,0.0,36.0,19.0,19.0,7.800000000000001,315.0,315.0,2.0,2.0,590.0,4390.0,0.0,0.0,0.0,1.0,19475.0,7.800000000000001,0.0,0.0,,,,,,,,,,,,,,-26.3125,-1.25,-1.625,28.8125,-26.3125,750.0,0.0,390.0,200.0,0.0,0.0,254.0,20.0,0.0,8.0,0.0,1.0,0.0,0.0,8.0,0.0,5.0,1.0,4.0,0.0,8.0,28488.0,101.0,0.0,0.0,0.0,0.0,26.0,0.0,0.0,4.4,5000.0,4990.0,4980.0,1.0,1.0,0.0,31.0,1018.0,0.0,255.0,857.0,317.0,0.0,0.0,1245716.0,3.008,3.0,50.0,
1788528457064,2026-09-04T17:27:37.064,0.0,4.0,0.0,1.0,748.0,14.100000000000001,81.0,1.93,1.93,1.93,1.93,1.0,1.0,649.0,1.0,0.0,698.0,81.5,66.5,0.07251247,0.07251247,22.0,0.999,25.0,19.0,19.0,-10.0,1.0,1.0,1.0,1.0,0.0,0.0,0.0,0.0,36.0,19.0,19.0,7.7,315.0,315.0,2.0,2.0,590.0,4390.0,0.0,0.0,0.0,1.0,19475.0,7.800000000000001,1.0,0.0,,,,,,,,,,,,,,-26.1875,-2.8125,-1.375,28.6875,-26.1875,750.0,0.0,390.0,200.0,0.0,0.0,254.0,20.0,0.0,8.0,0.0,1.0,0.0,0.0,8.0,0.0,5.0,1.0,4.0,0.0,8.0,28488.0,101.0,0.0,0.0,0.0,0.0,26.0,0.0,0.0,4.4,5000.0,4990.0,4980.0,1.0,1.0,0.0,31.0,1368.0,0.0,255.0,857.0,317.0,0.0,0.0,1245716.0,3.008,3.0,50.0,
1788528457872,2026-09-04T17:27:37.872,0.0,4.0,0.0,1.0,753.0,14.200000000000001,81.0,1.96,1.96,1.96,1.96,1.0,1.0,600.0,0.0,0.0,107.0,81.5,66.5,0.07406899,0.07406899,21.0,0.999,25.0,18.0,18.0,-10.0,0.0,0.0,0.0,0.0,0.0,0.0,0.0,0.0,36.0,19.0,19.0,7.7,315.0,315.0,2.0,2.0,590.0,4390.0,0.0,0.0,0.0,1.0,19475.0,7.6000000000000005,0.0,0.0,,,,,,,,,,,,,,-26.0625,-1.5625,-1.1875,28.5625,-26.0625,750.0,0.0,390.0,200.0,0.0,0.0,254.0,20.0,0.0,8.0,0.0,1.0,0.0,0.0,8.0,0.0,5.0,1.0,4.0,0.0,8.0,28488.0,101.0,0.0,0.0,0.0,0.0,26.0,0.0,0.0,4.4,5000.0,4990.0,4980.0,1.0,1.0,0.0,31.0,1468.0,0.0,255.0,857.0,317.0,0.0,0.0,1245716.0,3.008,3.0,50.0,
1788528458679,2026-09-04T17:27:38.679,0.0,4.0,0.0,1.0,744.0,14.200000000000001,81.0,1.99,1.99,1.99,1.99,1.0,1.0,703.0,1.0,0.0,737.0,81.5,66.5,0.06628638999999997,0.06628638999999997,21.0,0.999,25.0,18.0,18.0,-10.0,0.0,0.0,0.0,0.0,0.0,0.0,0.0,0.0,36.0,19.0,19.0,7.800000000000001,315.0,315.0,2.0,2.0,590.0,4400.0,0.0,0.0,0.0,1.0,19475.0,7.800000000000001,1.0,0.0,,,,,,,,,,,,,,-26.25,-0.875,-1.5,28.75,-26.25,750.0,0.0,390.0,200.0,0.0,0.0,254.0,20.0,0.0,8.0,0.0,1.0,0.0,0.0,8.0,0.0,5.0,1.0,4.0,0.0,8.0,28488.0,101.0,0.0,0.0,0.0,0.0,26.0,0.0,0.0,4.4,5000.0,4990.0,4980.0,1.0,1.0,0.0,31.0,1114.0,0.0,255.0,857.0,317.0,0.0,0.0,1245716.0,3.008,3.0,50.0,
1788528459545,2026-09-04T17:27:39.545,0.0,4.0,0.0,1.0,751.0,14.200000000000001,81.0,1.98,1.98,1.98,1.98,1.0,1.0,703.0,1.0,0.0,732.0,81.0,66.0,0.05850379,0.05850379,20.0,0.999,24.0,18.0,18.0,-10.0,-1.0,-1.0,-1.0,-1.0,0.0,0.0,0.0,0.0,36.0,19.0,19.0,7.9,315.0,315.0,2.0,2.0,590.0,4390.0,0.0,0.0,0.0,1.0,19475.0,7.9,1.0,0.0,,,,,,,,,,,,,,-26.25,-1.1875,-1.875,28.75,-26.25,750.0,0.0,390.0,200.0,0.0,0.0,254.0,20.0,0.0,8.0,0.0,1.0,0.0,0.0,8.0,0.0,5.0,1.0,4.0,0.0,8.0,28488.0,101.0,0.0,0.0,0.0,0.0,26.0,0.0,0.0,4.4,5000.0,4990.0,4980.0,1.0,1.0,0.0,31.0,1141.0,0.0,255.0,857.0,317.0,0.0,0.0,1245716.0,3.008,3.0,50.0,
1788528460448,2026-09-04T17:27:40.448,0.0,4.0,0.0,1.0,746.0,14.200000000000001,81.0,1.98,1.98,1.98,1.98,1.0,1.0,698.0,1.0,0.0,717.0,82.0,67.0,0.049942929999999996,0.049942929999999996,20.0,0.999,24.0,18.0,18.0,-10.0,0.0,0.0,0.0,0.0,0.0,0.0,0.0,0.0,36.0,19.0,19.0,7.800000000000001,315.0,315.0,2.0,2.0,590.0,4390.0,0.0,0.0,0.0,1.0,19475.0,7.800000000000001,0.0,0.0,,,,,,,,,,,,,,-26.125,-0.3125,-1.75,28.625,-26.125,750.0,0.0,390.0,200.0,0.0,0.0,254.0,20.0,0.0,8.0,0.0,1.0,0.0,0.0,8.0,0.0,5.0,1.0,4.0,0.0,8.0,28488.0,101.0,0.0,0.0,0.0,0.0,26.0,0.0,0.0,4.5,5000.0,4990.0,4990.0,1.0,1.0,0.0,31.0,1188.0,0.0,255.0,857.0,317.0,0.0,0.0,1245716.0,3.008,3.0,50.0,
1788528461327,2026-09-04T17:27:41.327,0.0,4.0,0.0,1.0,752.0,14.200000000000001,81.0,1.98,1.98,1.98,1.98,1.0,1.0,693.0,1.0,0.0,732.0,82.5,68.0,0.04099293999999998,0.04099293999999998,19.0,0.999,24.0,18.0,18.0,-11.0,0.0,0.0,0.0,0.0,0.0,0.0,0.0,0.0,36.0,19.0,19.0,7.800000000000001,315.0,315.0,2.0,2.0,590.0,4390.0,0.0,0.0,0.0,1.0,19475.0,7.7,1.0,0.0,,,,,,,,,,,,,,-26.3125,-0.1875,-2.6875,28.8125,-26.3125,750.0,0.0,390.0,200.0,0.0,0.0,254.0,20.0,0.0,8.0,0.0,1.0,0.0,0.0,8.0,0.0,5.0,1.0,4.0,0.0,8.0,28488.0,101.0,0.0,0.0,0.0,0.0,26.0,0.0,0.0,4.5,5000.0,4990.0,4980.0,1.0,1.0,0.0,31.0,1425.0,0.0,255.0,857.0,317.0,0.0,0.0,1245716.0,3.008,3.0,50.0,
1788528462067,2026-09-04T17:27:42.067,0.0,4.0,0.0,1.0,746.0,14.200000000000001,81.0,1.95,1.95,1.95,1.95,1.0,1.0,678.0,1.0,0.0,732.0,82.0,67.5,0.019010909999999992,0.019010909999999992,19.0,0.999,25.0,17.0,17.0,-11.0,1.0,1.0,1.0,1.0,0.0,0.0,0.0,0.0,36.0,19.0,19.0,7.9,336.0,315.0,2.0,2.0,590.0,4390.0,0.0,0.0,0.0,1.0,19475.0,7.9,0.0,0.0,,,,,,,,,,,,,,-26.25,-0.375,-0.9375,28.75,-26.25,750.0,0.0,390.0,200.0,0.0,0.0,254.0,20.0,0.0,8.0,0.0,1.0,0.0,0.0,8.0,0.0,5.0,1.0,4.0,0.0,8.0,28488.0,101.0,0.0,0.0,0.0,0.0,26.0,0.0,0.0,4.5,5000.0,4990.0,4980.0,1.0,1.0,0.0,31.0,1186.0,0.0,255.0,857.0,317.0,0.0,0.0,1245716.0,3.008,3.0,50.0,
1788528462867,2026-09-04T17:27:42.867,0.0,4.0,0.0,1.0,753.0,14.200000000000001,81.0,2.06,2.06,2.06,2.06,0.0,1.0,112.0,0.0,0.0,83.0,83.5,69.5,0.05952620999999997,0.05952620999999997,18.0,0.999,27.0,18.0,18.0,-11.0,-3.0,-3.0,-3.0,-3.0,0.0,0.0,0.0,0.0,36.0,19.0,19.0,7.9,315.0,315.0,2.0,2.0,590.0,4390.0,0.0,0.0,0.0,1.0,19475.0,7.800000000000001,1.0,0.0,,,,,,,,,,,,,,-26.125,-1.8125,-2.125,28.625,-26.125,750.0,0.0,390.0,200.0,0.0,0.0,254.0,20.0,0.0,8.0,0.0,1.0,0.0,0.0,8.0,0.0,5.0,1.0,4.0,0.0,8.0,28488.0,101.0,0.0,0.0,0.0,0.0,26.0,0.0,0.0,4.5,5000.0,4990.0,4980.0,1.0,1.0,0.0,31.0,1338.0,0.0,255.0,857.0,317.0,0.0,0.0,1245716.0,3.008,3.0,50.0,
1788528463632,2026-09-04T17:27:43.632,0.0,4.0,0.0,1.0,754.0,14.200000000000001,81.0,2.0100000000000002,2.0100000000000002,2.0100000000000002,2.0100000000000002,1.0,1.0,776.0,1.0,0.0,776.0,82.5,68.5,0.038223249999999986,0.038223249999999986,18.0,0.999,24.0,18.0,18.0,-10.0,1.0,1.0,1.0,1.0,0.0,0.0,0.0,0.0,36.0,19.0,19.0,7.800000000000001,315.0,315.0,2.0,2.0,590.0,4390.0,0.0,0.0,0.0,1.0,19475.0,7.9,0.0,0.0,,,,,,,,,,,,,,-26.375,-1.5,-2.125,28.875,-26.375,750.0,0.0,390.0,200.0,0.0,0.0,254.0,20.0,0.0,8.0,0.0,1.0,0.0,0.0,8.0,0.0,5.0,1.0,4.0,0.0,8.0,28488.0,101.0,0.0,0.0,0.0,0.0,26.0,0.0,0.0,4.5,5000.0,4990.0,4990.0,1.0,1.0,0.0,31.0,1354.0,0.0,255.0,857.0,317.0,0.0,0.0,1245716.0,3.008,3.0,50.0,
1788528464383,2026-09-04T17:27:44.383,0.0,4.0,0.0,1.0,748.0,14.200000000000001,81.0,2.0100000000000002,2.0100000000000002,2.0100000000000002,2.0100000000000002,1.0,1.0,742.0,1.0,0.0,781.0,83.0,69.0,0.030440650000000014,0.030440650000000014,18.0,0.999,24.0,18.0,18.0,-10.0,0.0,0.0,0.0,0.0,0.0,0.0,0.0,0.0,36.0,19.0,19.0,7.800000000000001,315.0,315.0,2.0,2.0,590.0,4400.0,0.0,0.0,0.0,1.0,19475.0,7.6000000000000005,0.0,0.0,,,,,,,,,,,,,,-26.125,-0.6875,-1.0,28.625,-26.125,750.0,0.0,390.0,200.0,0.0,0.0,254.0,20.0,0.0,8.0,0.0,1.0,0.0,0.0,8.0,0.0,5.0,1.0,4.0,0.0,8.0,28488.0,101.0,0.0,0.0,0.0,0.0,26.0,0.0,0.0,4.5,5000.0,4990.0,4980.0,1.0,1.0,0.0,31.0,1144.0,0.0,255.0,857.0,317.0,0.0,0.0,1245716.0,3.008,3.0,50.0,
1788528465469,2026-09-04T17:27:45.469,0.0,4.0,0.0,1.0,748.0,14.200000000000001,81.0,2.02,2.02,2.02,2.02,1.0,1.0,722.0,1.0,0.0,771.0,82.5,69.0,0.022658049999999985,0.022658049999999985,17.0,0.999,24.0,18.0,18.0,-10.0,-2.0,-2.0,-2.0,-2.0,0.0,0.0,0.0,0.0,36.0,19.0,19.0,7.800000000000001,315.0,315.0,2.0,2.0,590.0,4400.0,0.0,0.0,0.0,1.0,19475.0,7.800000000000001,1.0,0.0,,,,,,,,,,,,,,-26.3125,-1.5625,-2.25,28.75,-26.3125,750.0,0.0,390.0,200.0,0.0,0.0,254.0,20.0,0.0,8.0,0.0,1.0,0.0,0.0,8.0,0.0,5.0,1.0,4.0,0.0,8.0,28488.0,101.0,0.0,0.0,0.0,0.0,26.0,0.0,0.0,4.5,5000.0,4990.0,4990.0,1.0,1.0,0.0,31.0,1110.0,0.0,255.0,857.0,317.0,0.0,0.0,1245716.0,3.008,3.0,50.0,
1788528466236,2026-09-04T17:27:46.236,0.0,4.0,0.0,1.0,748.0,14.200000000000001,82.0,2.02,2.02,2.02,2.02,1.0,1.0,727.0,1.0,0.0,761.0,82.0,68.5,0.012929799999999991,0.012929799999999991,17.0,0.999,24.0,17.0,17.0,-11.0,-1.0,-1.0,-1.0,-1.0,0.0,0.0,0.0,0.0,36.0,19.0,19.0,7.800000000000001,315.0,315.0,2.0,2.0,590.0,4400.0,0.0,0.0,0.0,1.0,19475.0,7.9,0.0,0.0,,,,,,,,,,,,,,-26.3125,-1.5625,-2.1875,28.75,-26.3125,750.0,0.0,390.0,200.0,0.0,0.0,254.0,20.0,0.0,8.0,0.0,1.0,0.0,0.0,8.0,0.0,5.0,1.0,4.0,0.0,8.0,28488.0,101.0,0.0,0.0,0.0,0.0,26.0,0.0,0.0,4.5,5000.0,4990.0,4980.0,1.0,1.0,0.0,31.0,1242.0,0.0,255.0,857.0,317.0,0.0,0.0,1245716.0,3.008,3.0,50.0,
1788528467104,2026-09-04T17:27:47.104,0.0,4.0,0.0,1.0,744.0,14.200000000000001,82.0,2.0300000000000002,2.0300000000000002,2.0300000000000002,2.0300000000000002,1.0,1.0,698.0,1.0,0.0,747.0,82.0,69.0,0.005536329999999978,0.005536329999999978,16.0,0.999,25.0,17.0,17.0,-11.0,1.0,1.0,1.0,1.0,0.0,0.0,0.0,0.0,36.0,19.0,19.0,7.9,336.0,315.0,2.0,2.0,590.0,4390.0,0.0,0.0,0.0,1.0,19475.0,7.9,1.0,0.0,,,,,,,,,,,,,,-26.25,1.0625,-1.9375,28.6875,-26.25,750.0,0.0,390.0,200.0,0.0,0.0,254.0,20.0,0.0,8.0,0.0,1.0,0.0,0.0,8.0,0.0,5.0,1.0,4.0,0.0,8.0,28488.0,101.0,0.0,0.0,0.0,0.0,26.0,0.0,0.0,4.5,5000.0,4990.0,4990.0,1.0,1.0,0.0,31.0,1353.0,0.0,255.0,857.0,317.0,0.0,0.0,1245716.0,3.008,3.0,50.0,
1788528467984,2026-09-04T17:27:47.984,0.0,4.0,0.0,1.0,754.0,14.200000000000001,82.0,2.0100000000000002,2.0100000000000002,2.0100000000000002,2.0100000000000002,1.0,1.0,708.0,1.0,0.0,727.0,83.0,70.0,-0.0030245299999999975,-0.0030245299999999975,16.0,0.999,26.0,17.0,17.0,-11.0,1.0,1.0,1.0,1.0,0.0,0.0,0.0,0.0,36.0,19.0,19.0,7.9,315.0,315.0,2.0,2.0,590.0,4400.0,0.0,0.0,0.0,1.0,19475.0,7.9,0.0,0.0,,,,,,,,,,,,,,-26.1875,0.0,-2.0,28.625,-26.1875,750.0,0.0,390.0,200.0,0.0,0.0,254.0,20.0,0.0,8.0,0.0,1.0,0.0,0.0,8.0,0.0,5.0,1.0,4.0,0.0,8.0,28488.0,101.0,0.0,0.0,0.0,0.0,26.0,0.0,0.0,4.5,5000.0,4990.0,4990.0,1.0,1.0,0.0,31.0,1412.0,0.0,255.0,857.0,317.0,0.0,0.0,1245716.0,3.008,3.0,50.0,
1788528468848,2026-09-04T17:27:48.848,0.0,4.0,0.0,1.0,754.0,14.200000000000001,82.0,2.0,2.0,2.0,2.0,1.0,1.0,708.0,1.0,0.0,751.0,83.5,70.0,-0.011974520000000016,-0.011974520000000016,16.0,0.999,24.0,18.0,18.0,-10.0,-2.0,-2.0,-2.0,-2.0,0.0,0.0,0.0,0.0,36.0,20.0,19.0,7.800000000000001,336.0,315.0,2.0,2.0,590.0,4390.0,0.0,0.0,0.0,1.0,19475.0,8.0,1.0,0.0,,,,,,,,,,,,,,-26.4375,-1.75,-2.1875,28.875,-26.4375,750.0,0.0,390.0,200.0,0.0,0.0,254.0,20.0,0.0,8.0,0.0,1.0,0.0,0.0,8.0,0.0,5.0,1.0,4.0,0.0,8.0,28488.0,101.0,0.0,0.0,0.0,0.0,26.0,0.0,0.0,4.5,5000.0,4990.0,4980.0,1.0,1.0,0.0,31.0,1413.0,0.0,255.0,857.0,317.0,0.0,0.0,1245716.0,3.008,3.0,50.0,
1788528469688,2026-09-04T17:27:49.688,0.0,4.0,0.0,1.0,754.0,14.200000000000001,82.0,2.0,2.0,2.0,2.0,1.0,1.0,639.0,1.0,0.0,722.0,82.5,70.0,-0.020146250000000004,-0.020146250000000004,16.0,0.999,26.0,18.0,18.0,-10.0,2.0,2.0,2.0,2.0,0.0,0.0,0.0,0.0,36.0,19.0,19.0,7.800000000000001,315.0,315.0,2.0,2.0,590.0,4400.0,0.0,0.0,0.0,1.0,19475.0,7.800000000000001,0.0,0.0,,,,,,,,,,,,,,-26.375,-0.125,-2.5,28.8125,-26.375,750.0,0.0,390.0,200.0,0.0,0.0,254.0,20.0,0.0,8.0,0.0,1.0,0.0,0.0,8.0,0.0,5.0,1.0,4.0,0.0,8.0,28488.0,101.0,0.0,0.0,0.0,0.0,26.0,0.0,0.0,4.5,5000.0,4990.0,4990.0,1.0,1.0,0.0,31.0,1600.0,0.0,255.0,857.0,317.0,0.0,0.0,1245716.0,3.008,3.0,50.0,
1788528470472,2026-09-04T17:27:50.472,0.0,4.0,0.0,1.0,748.0,14.200000000000001,82.0,1.99,1.99,1.99,1.99,1.0,1.0,615.0,1.0,0.0,668.0,83.0,70.5,-0.028317979999999993,-0.028317979999999993,16.0,0.999,24.0,18.0,18.0,-10.0,0.0,0.0,0.0,0.0,0.0,0.0,0.0,0.0,36.0,19.0,19.0,7.800000000000001,315.0,315.0,2.0,2.0,590.0,4400.0,0.0,0.0,0.0,1.0,19475.0,7.6000000000000005,0.0,0.0,,,,,,,,,,,,,,-26.25,-1.1875,-1.25,28.6875,-26.25,750.0,0.0,390.0,200.0,0.0,0.0,254.0,20.0,0.0,8.0,0.0,1.0,0.0,0.0,8.0,0.0,5.0,1.0,4.0,0.0,8.0,28488.0,101.0,0.0,0.0,0.0,0.0,26.0,0.0,0.0,4.5,5000.0,4990.0,4980.0,1.0,1.0,0.0,31.0,1535.0,0.0,255.0,857.0,317.0,0.0,0.0,1245716.0,3.008,3.0,50.0,
1788528471243,2026-09-04T17:27:51.243,0.0,4.0,0.0,1.0,744.0,14.200000000000001,82.0,2.05,2.05,2.05,2.05,0.0,1.0,97.0,0.0,0.0,83.0,83.0,71.0,-0.0077932800000000135,-0.0077932800000000135,17.0,0.999,25.0,18.0,18.0,-10.0,-1.0,-1.0,-1.0,-1.0,0.0,0.0,0.0,0.0,36.0,19.0,19.0,7.9,315.0,315.0,2.0,2.0,590.0,4390.0,0.0,0.0,0.0,1.0,19475.0,7.9,1.0,0.0,,,,,,,,,,,,,,-26.25,-1.5625,-1.3125,28.6875,-26.25,750.0,0.0,390.0,200.0,0.0,0.0,254.0,20.0,0.0,8.0,0.0,1.0,0.0,0.0,8.0,0.0,5.0,1.0,4.0,0.0,8.0,28488.0,101.0,0.0,0.0,0.0,0.0,26.0,0.0,0.0,4.5,5000.0,4990.0,4990.0,1.0,1.0,0.0,31.0,1322.0,0.0,255.0,857.0,317.0,0.0,0.0,1245716.0,3.008,3.0,50.0,
1788528472095,2026-09-04T17:27:52.095,0.0,4.0,0.0,1.0,748.0,14.200000000000001,82.0,1.99,1.99,1.99,1.99,1.0,1.0,708.0,1.0,0.0,673.0,83.0,71.5,-0.023259290000000016,-0.023259290000000016,17.0,0.999,24.0,17.0,17.0,-11.0,-2.0,-2.0,-2.0,-2.0,0.0,0.0,0.0,0.0,36.0,20.0,19.0,7.9,336.0,315.0,2.0,2.0,590.0,4400.0,0.0,0.0,0.0,1.0,19475.0,8.1,0.0,0.0,,,,,,,,,,,,,,-26.3125,-1.375,-0.375,28.75,-26.3125,750.0,0.0,390.0,200.0,0.0,0.0,254.0,20.0,0.0,8.0,0.0,1.0,0.0,0.0,8.0,0.0,5.0,1.0,4.0,0.0,8.0,28488.0,101.0,0.0,0.0,0.0,0.0,26.0,0.0,0.0,4.5,5000.0,4990.0,4980.0,1.0,1.0,0.0,31.0,1521.0,0.0,255.0,857.0,317.0,0.0,0.0,1245716.0,3.008,3.0,50.0,
1788528472888,2026-09-04T17:27:52.888,0.0,4.0,0.0,1.0,749.0,14.200000000000001,83.0,1.97,1.97,1.97,1.97,0.0,1.0,400.0,1.0,0.0,678.0,83.5,71.5,-0.031431020000000004,-0.031431020000000004,17.0,0.999,26.0,17.0,17.0,-11.0,0.0,0.0,0.0,0.0,0.0,0.0,0.0,0.0,36.0,19.0,19.0,7.9,315.0,315.0,2.0,2.0,590.0,4400.0,0.0,0.0,0.0,1.0,19475.0,7.800000000000001,1.0,0.0,,,,,,,,,,,,,,-26.1875,-2.0625,-1.8125,28.625,-26.1875,750.0,0.0,390.0,200.0,0.0,0.0,254.0,20.0,0.0,8.0,0.0,1.0,0.0,0.0,8.0,0.0,5.0,1.0,4.0,0.0,8.0,28488.0,101.0,0.0,0.0,0.0,0.0,26.0,0.0,0.0,4.5,5000.0,4990.0,4980.0,1.0,1.0,0.0,31.0,1425.0,0.0,255.0,857.0,317.0,0.0,0.0,1245716.0,3.008,3.0,50.0,
1788528473809,2026-09-04T17:27:53.809,0.0,4.0,0.0,1.0,751.0,14.200000000000001,83.0,1.97,1.97,1.97,1.97,1.0,1.0,712.0,1.0,0.0,659.0,83.5,71.5,-0.029096239999999995,-0.029096239999999995,18.0,0.999,26.0,17.0,17.0,-11.0,-2.0,-2.0,-2.0,-2.0,0.0,0.0,0.0,0.0,36.0,20.0,19.0,7.9,336.0,315.0,2.0,2.0,590.0,4390.0,0.0,0.0,0.0,1.0,19475.0,8.0,0.0,0.0,,,,,,,,,,,,,,-26.1875,-0.25,-1.1875,28.5625,-26.1875,750.0,0.0,390.0,200.0,0.0,0.0,254.0,20.0,0.0,8.0,0.0,1.0,0.0,0.0,8.0,0.0,5.0,1.0,4.0,0.0,8.0,28488.0,101.0,0.0,0.0,0.0,0.0,26.0,0.0,0.0,4.5,5000.0,4990.0,4980.0,1.0,1.0,0.0,31.0,1191.0,0.0,255.0,857.0,317.0,0.0,0.0,1245716.0,3.008,3.0,50.0,
1788528474714,2026-09-04T17:27:54.714,0.0,4.0,0.0,1.0,755.0,14.200000000000001,83.0,2.0,2.0,2.0,2.0,0.0,1.0,92.0,0.0,0.0,78.0,83.5,72.0,-0.01051719000000001,-0.01051719000000001,18.0,0.999,27.0,17.0,17.0,-11.0,-2.0,-2.0,-2.0,-2.0,0.0,0.0,0.0,0.0,36.0,19.0,19.0,7.9,315.0,315.0,2.0,2.0,590.0,4390.0,0.0,0.0,0.0,1.0,19475.0,7.9,1.0,0.0,,,,,,,,,,,,,,-26.125,-0.8125,-1.6875,28.5,-26.125,750.0,0.0,390.0,200.0,0.0,0.0,254.0,20.0,0.0,8.0,0.0,1.0,0.0,0.0,8.0,0.0,5.0,1.0,4.0,0.0,8.0,28488.0,101.0,0.0,0.0,0.0,0.0,26.0,0.0,0.0,4.5,5000.0,4990.0,4980.0,1.0,1.0,0.0,31.0,1170.0,0.0,255.0,857.0,318.0,0.0,0.0,1245716.0,3.008,3.0,50.0,
1788528475474,2026-09-04T17:27:55.474,0.0,4.0,0.0,1.0,750.0,14.200000000000001,83.0,1.93,1.93,1.93,1.93,1.0,1.0,610.0,1.0,0.0,688.0,83.5,72.0,-0.02637233,-0.02637233,19.0,0.999,24.0,18.0,18.0,-11.0,2.0,2.0,2.0,2.0,0.0,0.0,0.0,0.0,36.0,19.0,19.0,7.800000000000001,336.0,315.0,2.0,2.0,590.0,4400.0,0.0,0.0,0.0,1.0,19475.0,8.0,1.0,0.0,,,,,,,,,,,,,,-26.25,-1.75,-0.4375,28.625,-26.25,750.0,0.0,390.0,200.0,0.0,0.0,254.0,20.0,0.0,8.0,0.0,1.0,0.0,0.0,8.0,0.0,5.0,1.0,4.0,0.0,8.0,28488.0,101.0,0.0,0.0,0.0,0.0,26.0,0.0,0.0,4.5,5000.0,4990.0,4980.0,1.0,1.0,0.0,31.0,1152.0,0.0,255.0,857.0,318.0,0.0,0.0,1245716.0,3.008,3.0,50.0,
1788528476204,2026-09-04T17:27:56.204,0.0,4.0,0.0,1.0,752.0,14.200000000000001,83.0,2.0100000000000002,2.0100000000000002,2.0100000000000002,2.0100000000000002,0.0,1.0,87.0,0.0,0.0,73.0,83.5,72.0,-0.003512850000000012,-0.003512850000000012,19.0,0.999,27.0,17.0,17.0,-11.0,1.0,1.0,1.0,1.0,0.0,0.0,0.0,0.0,36.0,19.0,19.0,8.0,315.0,315.0,2.0,2.0,590.0,4390.0,0.0,0.0,0.0,1.0,19475.0,7.9,0.0,0.0,,,,,,,,,,,,,,-26.25,-1.625,-2.25,28.625,-26.25,750.0,0.0,390.0,200.0,0.0,0.0,254.0,20.0,0.0,8.0,0.0,1.0,0.0,0.0,8.0,0.0,5.0,1.0,4.0,0.0,8.0,28488.0,101.0,0.0,0.0,0.0,0.0,26.0,0.0,0.0,4.5,5000.0,4990.0,4980.0,1.0,1.0,0.0,31.0,1146.0,0.0,255.0,857.0,318.0,0.0,0.0,1245716.0,3.008,3.0,50.0,
1788528477042,2026-09-04T17:27:57.042,0.0,4.0,0.0,1.0,749.0,14.200000000000001,83.0,1.98,1.98,1.98,1.98,0.0,1.0,131.0,0.0,0.0,87.0,84.0,73.5,0.0031023599999999707,0.0031023599999999707,19.0,0.999,24.0,18.0,18.0,-11.0,0.0,0.0,0.0,0.0,0.0,0.0,0.0,0.0,36.0,19.0,19.0,7.800000000000001,315.0,315.0,2.0,2.0,590.0,4380.0,0.0,0.0,0.0,1.0,19475.0,7.800000000000001,1.0,0.0,,,,,,,,,,,,,,-26.1875,-1.4375,-1.5625,28.5625,-26.1875,750.0,0.0,390.0,200.0,0.0,0.0,254.0,20.0,0.0,8.0,0.0,1.0,0.0,0.0,8.0,0.0,5.0,1.0,4.0,0.0,8.0,28488.0,101.0,0.0,0.0,0.0,0.0,26.0,0.0,0.0,4.5,5000.0,4990.0,4970.0,1.0,1.0,0.0,31.0,1673.0,0.0,255.0,857.0,318.0,0.0,0.0,1245716.0,3.008,3.0,50.0,
1788528477818,2026-09-04T17:27:57.818,0.0,4.0,0.0,1.0,746.0,14.200000000000001,83.0,2.0,2.0,2.0,2.0,0.0,1.0,122.0,0.0,0.0,219.0,84.0,72.5,0.011663219999999974,0.011663219999999974,20.0,0.999,25.0,18.0,18.0,-10.0,0.0,0.0,0.0,0.0,0.0,0.0,0.0,0.0,36.0,19.0,19.0,7.800000000000001,315.0,315.0,2.0,2.0,590.0,4390.0,0.0,0.0,0.0,1.0,19475.0,7.9,0.0,0.0,,,,,,,,,,,,,,-26.4375,-1.875,-1.6875,28.8125,-26.4375,750.0,0.0,390.0,200.0,0.0,0.0,254.0,20.0,0.0,8.0,0.0,1.0,1.0,0.0,8.0,0.0,5.0,1.0,4.0,100.0,8.0,28488.0,101.0,0.0,0.0,0.0,0.0,26.0,0.0,0.0,4.5,5000.0,4990.0,4990.0,1.0,1.0,0.0,31.0,1411.0,0.0,255.0,857.0,339.0,0.0,0.0,1245716.0,3.008,3.0,50.0,
1788528478580,2026-09-04T17:27:58.580,0.0,4.0,0.0,1.0,749.0,14.200000000000001,83.0,2.02,2.02,2.02,2.02,0.0,1.0,102.0,0.0,0.0,87.0,83.5,73.0,0.019445820000000003,0.019445820000000003,20.0,0.999,27.0,16.0,16.0,-15.0,14.0,14.0,14.0,14.0,0.0,0.0,0.0,0.0,36.0,56.0,56.0,23.1,840.0,840.0,31.0,31.0,1800.0,3170.0,0.0,0.0,0.0,1.0,19475.0,23.5,1.0,0.0,,,,,,,,,,,,,,93.75,72.125,72.1875,25.25,93.75,750.0,0.0,1270.0,610.0,27.700000000000003,26.400000000000002,254.0,20.0,0.0,8.0,0.0,0.0,1.0,0.0,8.0,0.0,5.0,2.0,4.0,100.0,8.0,28488.0,101.0,0.0,0.0,0.0,0.0,26.0,0.0,0.0,4.5,5000.0,4990.0,4980.0,1.0,1.0,0.0,31.0,2885.0,0.0,255.0,857.0,353.0,0.0,0.0,1245716.0,3.008,3.0,50.0,
1788528479320,2026-09-04T17:27:59.320,0.0,4.0,0.0,1.0,1825.0,14.200000000000001,83.0,3.5700000000000003,3.5700000000000003,3.5700000000000003,3.5700000000000003,1.0,1.0,810.0,1.0,0.0,737.0,83.0,73.5,0.029662389999999983,0.029662389999999983,20.0,0.999,57.0,24.0,24.0,-36.0,9.0,9.0,9.0,9.0,0.0,0.0,0.0,0.0,36.0,42.0,27.0,22.6,609.0,399.0,9.0,9.0,870.0,4110.0,0.0,0.0,0.0,1.0,19475.0,32.4,1.0,0.0,,,,,,,,,,,,,,83.9375,60.75,60.5625,24.25,83.9375,750.0,1.0,1320.0,640.0,27.6,26.1,254.0,20.0,0.0,8.0,0.0,0.0,1.0,0.0,8.0,0.0,5.0,2.0,4.0,100.0,7.0,28488.0,101.0,0.0,0.0,0.0,0.0,26.0,0.0,0.0,4.5,5000.0,4990.0,4980.0,1.0,1.0,0.0,31.0,2919.0,0.0,255.0,857.0,353.0,0.0,0.0,1245716.0,3.008,3.0,50.0,
1788528480087,2026-09-04T17:28:00.087,0.0,4.0,0.0,1.0,2158.0,14.200000000000001,83.0,5.32,5.32,5.32,5.32,0.0,1.0,68.0,0.0,0.0,58.0,80.5,76.0,0.03960427999999999,0.03960427999999999,20.0,0.999,99.0,25.0,25.0,-36.0,22.0,22.0,22.0,22.0,0.0,0.0,0.0,0.0,36.0,43.0,39.0,42.900000000000006,609.0,546.0,12.0,12.0,1010.0,3960.0,0.0,0.0,0.0,1.0,19475.0,45.900000000000006,0.0,0.0,,,,,,,,,,,,,,75.5625,61.1875,65.0625,19.625,75.5625,750.0,3.0,1490.0,720.0,32.800000000000004,31.400000000000002,254.0,20.0,0.0,8.0,0.0,0.0,1.0,0.0,8.0,0.0,5.0,2.0,4.0,100.0,6.0,28488.0,101.0,0.0,0.0,0.0,0.0,26.0,0.0,0.0,4.5,5000.0,4990.0,4990.0,1.0,1.0,0.0,31.0,4219.0,0.0,255.0,857.0,352.0,0.0,0.0,1245716.0,3.008,3.0,50.0,
1788528480959,2026-09-04T17:28:00.959,0.0,4.0,0.0,1.0,1860.0,14.200000000000001,83.0,7.24,7.24,7.24,7.24,0.0,1.0,58.0,0.0,0.0,48.0,78.0,77.0,0.05592484999999997,0.05592484999999997,20.0,0.999,99.0,19.0,19.0,-36.0,19.0,19.0,19.0,19.0,0.0,0.0,0.0,0.0,36.0,59.0,60.0,59.300000000000004,714.0,714.0,17.0,18.0,1250.0,3730.0,36.0,35.0,45.0,1.0,19475.0,58.6,1.0,0.0,,,,,,,,,,,,,,78.5625,83.3125,82.9375,19.625,78.5625,750.0,9.0,1290.0,620.0,27.3,25.8,254.0,20.0,0.0,8.0,0.0,0.0,1.0,0.0,8.0,0.0,5.0,2.0,4.0,100.0,3.0,28488.0,101.0,0.0,0.0,0.0,0.0,26.0,0.0,0.0,4.5,5000.0,4990.0,4980.0,1.0,1.0,0.0,31.0,3012.0,0.0,255.0,857.0,352.0,0.0,0.0,1245716.0,3.008,3.0,50.0,
1788528481960,2026-09-04T17:28:01.960,0.0,4.0,0.0,1.0,1678.0,14.200000000000001,83.0,3.62,3.62,3.62,3.62,1.0,1.0,795.0,1.0,0.0,756.0,74.0,78.0,0.08527745999999997,0.08527745999999997,19.0,0.999,85.0,23.0,23.0,-36.0,19.0,19.0,19.0,19.0,0.0,0.0,0.0,0.0,36.0,16.0,23.0,19.1,252.0,336.0,4.0,4.0,670.0,4320.0,0.0,0.0,0.0,1.0,19475.0,14.0,0.0,0.0,,,,,,,,,,,,,,6.0625,5.8125,5.3125,23.375,6.0625,750.0,11.0,760.0,360.0,10.8,9.5,254.0,20.0,0.0,8.0,0.0,0.0,1.0,0.0,8.0,0.0,5.0,2.0,4.0,100.0,4.0,28488.0,101.0,0.0,0.0,0.0,0.0,26.0,0.0,0.0,4.5,5000.0,4990.0,4980.0,1.0,1.0,0.0,31.0,2804.0,0.0,255.0,857.0,330.0,0.0,0.0,1245716.0,3.008,3.0,50.0,
1788528482691,2026-09-04T17:28:02.691,0.0,4.0,0.0,1.0,1500.0,14.200000000000001,83.0,1.86,1.86,1.86,1.86,1.0,1.0,844.0,1.0,0.0,864.0,72.5,78.0,0.04363292000000002,0.04363292000000002,19.0,0.999,45.0,29.0,29.0,-26.0,17.0,17.0,17.0,17.0,0.0,0.0,0.0,0.0,36.0,16.0,17.0,13.700000000000001,252.0,273.0,3.0,3.0,650.0,4330.0,0.0,0.0,0.0,1.0,19475.0,12.8,1.0,0.0,,,,,,,,,,,,,,3.375,4.9375,4.8125,24.3125,3.375,750.0,10.0,650.0,310.0,7.800000000000001,6.6000000000000005,254.0,20.0,0.0,8.0,0.0,0.0,1.0,0.0,8.0,0.0,5.0,2.0,4.0,100.0,6.0,28488.0,101.0,0.0,0.0,0.0,0.0,26.0,0.0,0.0,4.5,5000.0,4990.0,4980.0,1.0,1.0,0.0,31.0,2443.0,0.0,255.0,857.0,293.0,0.0,0.0,1245716.0,3.008,3.0,50.0,
1788528483616,2026-09-04T17:28:03.616,0.0,4.0,0.0,1.0,1380.0,14.200000000000001,83.0,1.81,1.81,1.81,1.81,1.0,1.0,805.0,1.0,0.0,834.0,73.0,78.0,0.003758539999999977,0.003758539999999977,19.0,0.999,41.0,28.0,28.0,-7.0,28.0,28.0,28.0,28.0,0.0,0.0,0.0,0.0,36.0,18.0,18.0,13.0,273.0,273.0,3.0,3.0,650.0,4340.0,0.0,0.0,0.0,1.0,19475.0,12.600000000000001,0.0,0.0,,,,,,,,,,,,,,5.625,5.3125,5.3125,25.6875,5.625,750.0,9.0,650.0,310.0,7.800000000000001,6.6000000000000005,254.0,20.0,0.0,8.0,0.0,0.0,0.0,0.0,8.0,0.0,5.0,2.0,4.0,0.0,7.0,28488.0,101.0,0.0,0.0,0.0,0.0,26.0,0.0,0.0,4.5,5000.0,4990.0,4980.0,1.0,1.0,0.0,31.0,1836.0,0.0,255.0,857.0,290.0,0.0,0.0,1245716.0,3.008,3.0,50.0,
1788528484392,2026-09-04T17:28:04.392,0.0,4.0,0.0,1.0,1210.0,14.200000000000001,83.0,1.85,1.85,1.85,1.85,0.0,1.0,156.0,1.0,0.0,693.0,74.0,78.0,-0.03989269000000001,-0.03989269000000001,18.0,0.999,41.0,23.0,23.0,-10.0,23.0,23.0,23.0,23.0,0.0,0.0,0.0,0.0,36.0,20.0,19.0,12.3,315.0,294.0,3.0,3.0,650.0,4330.0,0.0,0.0,0.0,1.0,19475.0,12.5,0.0,0.0,,,,,,,,,,,,,,7.5625,6.1875,6.125,27.0,7.5625,750.0,8.0,440.0,200.0,2.2,1.0,254.0,20.0,0.0,8.0,0.0,0.0,1.0,0.0,8.0,0.0,5.0,2.0,4.0,100.0,8.0,28488.0,101.0,0.0,0.0,0.0,0.0,26.0,0.0,0.0,4.5,5000.0,4990.0,4980.0,1.0,1.0,0.0,31.0,1266.0,0.0,255.0,857.0,293.0,0.0,0.0,1245716.0,3.008,3.0,50.0,
1788528485169,2026-09-04T17:28:05.169,0.0,4.0,0.0,1.0,996.0,14.200000000000001,83.0,2.15,2.15,2.15,2.15,0.0,1.0,73.0,0.0,0.0,63.0,75.0,78.5,6.302400000000041E-4,6.302400000000041E-4,18.0,0.999,41.0,17.0,17.0,-14.0,-9.0,-9.0,-9.0,-9.0,0.0,0.0,0.0,0.0,36.0,20.0,20.0,10.100000000000001,336.0,336.0,2.0,2.0,610.0,4380.0,0.0,0.0,0.0,1.0,19475.0,10.0,1.0,0.0,,,,,,,,,,,,,,-24.75,-1.0,-0.8125,27.125,-24.75,750.0,6.0,390.0,200.0,0.0,0.0,254.0,20.0,0.0,8.0,0.0,1.0,1.0,0.0,8.0,0.0,5.0,1.0,4.0,100.0,10.0,28488.0,101.0,0.0,0.0,0.0,0.0,26.0,0.0,0.0,4.5,5000.0,4990.0,4980.0,1.0,1.0,0.0,31.0,1185.0,0.0,255.0,857.0,343.0,0.0,0.0,1245716.0,3.008,3.0,50.0,
1788528486017,2026-09-04T17:28:06.017,0.0,4.0,0.0,1.0,829.0,14.100000000000001,83.0,2.08,2.08,2.08,2.08,0.0,1.0,87.0,0.0,0.0,78.0,76.0,79.5,0.009580229999999967,0.009580229999999967,18.0,0.999,28.0,16.0,16.0,-14.0,-5.0,-5.0,-5.0,-5.0,0.0,0.0,0.0,0.0,36.0,20.0,20.0,8.9,336.0,336.0,2.0,2.0,600.0,4370.0,0.0,0.0,0.0,1.0,19475.0,8.6,0.0,0.0,,,,,,,,,,,,,,-25.375,-0.9375,-0.0625,27.75,-25.375,750.0,2.0,390.0,200.0,0.0,0.0,254.0,20.0,0.0,8.0,0.0,1.0,1.0,0.0,8.0,0.0,5.0,1.0,4.0,100.0,9.0,28488.0,101.0,0.0,0.0,0.0,0.0,26.0,0.0,0.0,4.5,5000.0,4990.0,4980.0,1.0,1.0,0.0,31.0,1688.0,0.0,255.0,857.0,341.0,0.0,0.0,1245716.0,3.008,3.0,50.0,
1788528486872,2026-09-04T17:28:06.872,0.0,4.0,0.0,1.0,790.0,14.200000000000001,83.0,2.06,2.06,2.06,2.06,0.0,1.0,112.0,0.0,0.0,87.0,76.0,78.5,0.01814108999999997,0.01814108999999997,19.0,0.999,27.0,16.0,16.0,-12.0,-3.0,-3.0,-3.0,-3.0,0.0,0.0,0.0,0.0,36.0,19.0,20.0,8.3,315.0,315.0,2.0,2.0,590.0,4390.0,0.0,0.0,0.0,1.0,19475.0,8.1,1.0,0.0,,,,,,,,,,,,,,-26.0,-2.375,-1.875,28.375,-26.0,750.0,0.0,390.0,200.0,0.0,0.0,254.0,20.0,0.0,8.0,0.0,1.0,1.0,0.0,8.0,0.0,5.0,1.0,4.0,100.0,9.0,28488.0,101.0,0.0,0.0,0.0,0.0,26.0,0.0,0.0,4.5,5000.0,4990.0,4990.0,1.0,1.0,0.0,31.0,1469.0,0.0,255.0,857.0,341.0,0.0,0.0,1245716.0,3.008,3.0,50.0,
1788528487701,2026-09-04T17:28:07.701,0.0,4.0,0.0,1.0,757.0,14.3,83.0,2.04,2.04,2.04,2.04,0.0,1.0,112.0,0.0,0.0,97.0,0.0,0.0,0.02709107999999999,0.02709107999999999,19.0,0.999,24.0,17.0,17.0,-11.0,-2.0,-2.0,-2.0,-2.0,0.0,0.0,0.0,0.0,36.0,20.0,19.0,8.1,336.0,315.0,2.0,2.0,590.0,4390.0,0.0,0.0,0.0,1.0,19475.0,8.0,0.0,0.0,,,,,,,,,,,,,,-26.125,-2.5,-2.375,28.5,-26.125,750.0,0.0,510.0,230.0,0.0,0.0,254.0,20.0,0.0,8.0,0.0,0.0,1.0,0.0,8.0,0.0,5.0,1.0,4.0,100.0,9.0,28488.0,101.0,0.0,0.0,0.0,0.0,26.0,0.0,0.0,4.5,5000.0,4990.0,4980.0,1.0,1.0,0.0,31.0,1101.0,0.0,255.0,857.0,356.0,0.0,0.0,1245716.0,3.008,3.0,50.0,
1788528488556,2026-09-04T17:28:08.556,0.0,4.0,0.0,1.0,851.0,14.200000000000001,83.0,8.17,8.17,8.17,8.17,0.0,1.0,434.0,1.0,0.0,673.0,76.5,79.0,0.007680359999999997,0.007680359999999997,19.0,0.999,99.0,13.0,12.0,-36.0,9.0,9.0,9.0,9.0,0.0,0.0,0.0,0.0,36.0,73.0,73.0,63.400000000000006,840.0,840.0,57.0,57.0,2900.0,2060.0,36.0,25.0,49.0,1.0,19475.0,60.400000000000006,0.0,0.0,,,,,,,,,,,,,,-1.5,46.75,46.6875,26.0,-1.5,750.0,0.0,1120.0,540.0,21.6,20.3,254.0,20.0,0.0,8.0,0.0,0.0,1.0,0.0,8.0,0.0,5.0,2.0,4.0,100.0,8.0,28488.0,101.0,0.0,0.0,0.0,0.0,26.0,0.0,0.0,4.5,5000.0,4990.0,4980.0,1.0,1.0,0.0,31.0,3300.0,0.0,255.0,857.0,350.0,0.0,0.0,1245716.0,3.008,3.0,50.0,
1788528489282,2026-09-04T17:28:09.282,0.0,4.0,0.0,1.0,2103.0,14.200000000000001,82.0,3.27,3.27,3.27,3.27,1.0,1.0,786.0,1.0,0.0,805.0,75.0,80.0,0.01724074999999997,0.01724074999999997,19.0,0.999,99.0,25.0,25.0,-33.0,22.0,22.0,22.0,22.0,0.0,0.0,0.0,0.0,36.0,50.0,44.0,52.2,693.0,609.0,16.0,15.0,1160.0,3820.0,5.0,0.0,86.0,1.0,19475.0,56.400000000000006,1.0,0.0,,,,,,,,,,,,,,58.875,69.6875,69.1875,22.125,58.875,750.0,1.0,1610.0,780.0,36.300000000000004,34.9,254.0,20.0,0.0,8.0,0.0,0.0,1.0,0.0,8.0,0.0,5.0,2.0,4.0,100.0,9.0,28488.0,101.0,0.0,0.0,0.0,0.0,26.0,0.0,0.0,4.5,5000.0,4990.0,4990.0,1.0,1.0,0.0,31.0,3077.0,0.0,255.0,857.0,349.0,0.0,0.0,1245716.0,3.008,3.0,50.0,
1788528490334,2026-09-04T17:28:10.334,0.0,4.0,0.0,1.0,2253.0,14.200000000000001,82.0,6.08,6.08,6.08,6.08,0.0,1.0,83.0,0.0,0.0,68.0,71.5,79.5,0.09422744999999999,0.09422744999999999,19.0,0.999,99.0,23.0,23.0,-36.0,23.0,23.0,23.0,23.0,0.0,0.0,0.0,0.0,36.0,33.0,38.0,42.900000000000006,462.0,525.0,9.0,10.0,920.0,4040.0,0.0,0.0,0.0,1.0,19475.0,37.6,0.0,0.0,,,,,,,,,,,,,,33.375,39.0,38.6875,20.25,33.375,750.0,5.0,1150.0,550.0,22.900000000000002,21.400000000000002,254.0,20.0,0.0,8.0,0.0,0.0,1.0,0.0,8.0,0.0,5.0,2.0,4.0,100.0,8.0,28488.0,101.0,0.0,0.0,0.0,0.0,26.0,0.0,0.0,4.5,5000.0,4990.0,4980.0,1.0,1.0,0.0,31.0,2752.0,0.0,255.0,857.0,349.0,0.0,0.0,1245716.0,3.008,3.0,50.0,
1788528491164,2026-09-04T17:28:11.164,0.0,4.0,0.0,1.0,1691.0,14.200000000000001,82.0,3.69,3.69,3.69,3.69,1.0,1.0,766.0,1.0,0.0,761.0,69.5,80.5,0.06294444999999999,0.06294444999999999,19.0,0.999,80.0,24.0,24.0,-30.0,24.0,24.0,24.0,24.0,0.0,0.0,0.0,0.0,36.0,22.0,25.0,23.200000000000003,336.0,378.0,5.0,5.0,750.0,4230.0,0.0,0.0,0.0,1.0,19475.0,20.0,1.0,0.0,,,,,,,,,,,,,,18.25,20.4375,20.4375,22.1875,18.25,750.0,7.0,850.0,410.0,14.0,12.700000000000001,254.0,20.0,0.0,8.0,0.0,0.0,1.0,0.0,8.0,0.0,5.0,2.0,4.0,100.0,7.0,28488.0,101.0,0.0,0.0,0.0,0.0,26.0,0.0,0.0,4.5,5000.0,4990.0,4980.0,1.0,1.0,0.0,31.0,2627.0,0.0,255.0,857.0,349.0,0.0,0.0,1245716.0,3.008,3.0,50.0,
1788528491910,2026-09-04T17:28:11.910,0.0,4.0,0.0,1.0,1504.0,14.200000000000001,82.0,2.18,2.18,2.18,2.18,1.0,1.0,771.0,1.0,0.0,800.0,69.5,79.5,0.029280890000000004,0.029280890000000004,18.0,0.999,52.0,23.0,23.0,-16.0,23.0,23.0,23.0,23.0,0.0,0.0,0.0,0.0,36.0,21.0,21.0,15.9,336.0,315.0,4.0,4.0,690.0,4290.0,0.0,0.0,0.0,1.0,19475.0,15.9,0.0,0.0,,,,,,,,,,,,,,12.125,12.6875,13.0,24.4375,12.125,750.0,7.0,760.0,360.0,11.0,9.8,254.0,20.0,0.0,8.0,0.0,0.0,1.0,0.0,8.0,0.0,5.0,2.0,4.0,100.0,9.0,28488.0,101.0,0.0,0.0,0.0,0.0,26.0,0.0,0.0,4.5,5000.0,4990.0,4990.0,1.0,1.0,0.0,31.0,1852.0,0.0,255.0,857.0,339.0,0.0,0.0,1245716.0,3.008,3.0,50.0,
1788528492572,2026-09-04T17:28:12.572,0.0,4.0,0.0,1.0,1171.0,14.200000000000001,81.0,2.33,2.33,2.33,2.33,1.0,1.0,786.0,1.0,0.0,791.0,70.0,79.5,0.006245920000000016,0.006245920000000016,18.0,0.999,49.0,19.0,19.0,-21.0,19.0,19.0,19.0,19.0,0.0,0.0,0.0,0.0,36.0,27.0,23.0,13.9,420.0,357.0,4.0,4.0,680.0,4300.0,0.0,0.0,0.0,1.0,19475.0,16.1,1.0,0.0,,,,,,,,,,,,,,17.375,14.75,14.6875,26.625,17.375,750.0,7.0,760.0,360.0,10.8,9.8,254.0,20.0,0.0,8.0,0.0,0.0,1.0,0.0,8.0,0.0,5.0,1.0,4.0,100.0,9.0,28488.0,101.0,0.0,0.0,0.0,0.0,26.0,0.0,0.0,4.5,5000.0,4990.0,4980.0,1.0,1.0,0.0,31.0,1578.0,0.0,255.0,857.0,340.0,0.0,0.0,1245716.0,3.008,3.0,50.0,
1788528493375,2026-09-04T17:28:13.375,0.0,4.0,0.0,1.0,1027.0,14.200000000000001,81.0,3.44,3.44,3.44,3.44,0.0,1.0,63.0,0.0,0.0,78.0,72.0,80.0,0.01695844000000002,0.01695844000000002,18.0,0.999,61.0,15.0,15.0,-36.0,-1.0,-1.0,-1.0,-1.0,0.0,0.0,0.0,0.0,36.0,31.0,31.0,16.6,483.0,483.0,4.0,5.0,710.0,4270.0,0.0,0.0,0.0,1.0,19475.0,16.0,1.0,0.0,,,,,,,,,,,,,,16.3125,18.75,18.75,25.625,16.3125,750.0,7.0,720.0,340.0,9.600000000000001,8.6,254.0,20.0,0.0,8.0,0.0,0.0,1.0,0.0,8.0,0.0,5.0,1.0,4.0,100.0,9.0,28488.0,101.0,0.0,0.0,0.0,0.0,26.0,0.0,0.0,4.5,5000.0,4990.0,4990.0,1.0,1.0,0.0,31.0,1330.0,0.0,255.0,857.0,340.0,0.0,0.0,1245716.0,3.008,3.0,50.0,
1788528494168,2026-09-04T17:28:14.168,0.0,4.0,0.0,1.0,952.0,14.100000000000001,81.0,3.21,3.21,3.21,3.21,0.0,1.0,58.0,0.0,0.0,48.0,72.5,80.5,0.027075819999999973,0.027075819999999973,18.0,0.999,48.0,15.0,15.0,-36.0,0.0,0.0,0.0,0.0,0.0,0.0,0.0,0.0,36.0,26.0,28.0,14.4,420.0,441.0,3.0,3.0,660.0,4320.0,0.0,0.0,0.0,1.0,19475.0,13.3,0.0,0.0,,,,,,,,,,,,,,14.875,19.8125,19.0625,26.1875,14.875,750.0,6.0,640.0,300.0,7.6000000000000005,6.6000000000000005,254.0,20.0,0.0,8.0,0.0,0.0,1.0,0.0,8.0,0.0,5.0,2.0,4.0,100.0,9.0,28488.0,101.0,0.0,0.0,0.0,0.0,26.0,0.0,0.0,4.5,5000.0,4990.0,4980.0,1.0,1.0,0.0,31.0,2094.0,0.0,255.0,857.0,341.0,0.0,0.0,1245716.0,3.008,3.0,50.0,
1788528495075,2026-09-04T17:28:15.075,0.0,4.0,0.0,1.0,966.0,14.200000000000001,81.0,2.71,2.71,2.71,2.71,0.0,1.0,63.0,0.0,0.0,53.0,73.5,80.0,0.0735883,0.0735883,17.0,0.999,41.0,16.0,16.0,-26.0,8.0,8.0,8.0,8.0,0.0,0.0,0.0,0.0,36.0,19.0,23.0,11.9,315.0,357.0,2.0,3.0,620.0,4360.0,0.0,0.0,0.0,1.0,19475.0,10.200000000000001,1.0,0.0,,,,,,,,,,,,,,5.25,9.0,8.9375,27.625,5.25,750.0,6.0,570.0,260.0,5.300000000000001,4.2,254.0,20.0,0.0,8.0,0.0,0.0,1.0,0.0,8.0,0.0,5.0,2.0,4.0,100.0,9.0,28488.0,101.0,0.0,0.0,0.0,0.0,26.0,0.0,0.0,4.5,5000.0,4990.0,4990.0,1.0,1.0,0.0,31.0,1593.0,0.0,255.0,857.0,340.0,0.0,0.0,1245716.0,3.008,3.0,50.0,
1788528495912,2026-09-04T17:28:15.912,0.0,4.0,0.0,1.0,934.0,14.0,81.0,1.8,1.8,1.8,1.8,1.0,1.0,795.0,1.0,0.0,747.0,75.5,81.5,0.05199539999999997,0.05199539999999997,17.0,0.999,23.0,21.0,21.0,-6.0,-1.0,-1.0,-1.0,-1.0,0.0,0.0,0.0,0.0,36.0,17.0,17.0,8.200000000000001,273.0,294.0,2.0,2.0,590.0,4390.0,0.0,0.0,0.0,1.0,19475.0,7.9,0.0,0.0,,,,,,,,,,,,,,-19.1875,-0.0625,-0.75,27.25,-24.875,750.0,4.0,390.0,200.0,0.0,0.0,254.0,20.0,0.0,8.0,0.0,1.0,1.0,0.0,8.0,0.0,5.0,1.0,4.0,100.0,10.0,28488.0,101.0,0.0,0.0,0.0,0.0,26.0,0.0,0.0,4.5,5000.0,4990.0,4980.0,1.0,1.0,0.0,31.0,1821.0,0.0,255.0,857.0,328.0,0.0,0.0,1245716.0,3.008,3.0,50.0,
1788528496695,2026-09-04T17:28:16.695,0.0,4.0,0.0,1.0,861.0,14.200000000000001,81.0,2.06,2.06,2.06,2.06,0.0,1.0,332.0,1.0,0.0,717.0,75.0,80.0,0.056222419999999995,0.056222419999999995,17.0,0.999,29.0,18.0,18.0,-9.0,0.0,0.0,0.0,0.0,0.0,0.0,0.0,0.0,36.0,18.0,19.0,8.8,294.0,315.0,2.0,2.0,600.0,4390.0,0.0,0.0,0.0,1.0,19475.0,8.200000000000001,1.0,0.0,,,,,,,,,,,,,,-25.75,-1.625,-1.8125,28.125,-25.75,750.0,2.0,390.0,200.0,0.0,0.0,254.0,20.0,0.0,8.0,0.0,1.0,1.0,0.0,8.0,0.0,5.0,1.0,4.0,100.0,9.0,28488.0,101.0,0.0,0.0,0.0,0.0,26.0,0.0,0.0,4.5,5000.0,4990.0,4980.0,1.0,1.0,0.0,31.0,1225.0,0.0,255.0,857.0,317.0,0.0,0.0,1245716.0,3.008,3.0,50.0,
1788528497444,2026-09-04T17:28:17.444,0.0,4.0,0.0,1.0,817.0,14.100000000000001,81.0,1.99,1.99,1.99,1.99,1.0,1.0,771.0,1.0,0.0,742.0,76.5,81.0,0.03764337000000001,0.03764337000000001,16.0,0.999,26.0,19.0,19.0,-8.0,0.0,0.0,0.0,0.0,0.0,0.0,0.0,0.0,36.0,18.0,18.0,8.1,294.0,294.0,2.0,2.0,590.0,4390.0,0.0,0.0,0.0,1.0,19475.0,7.800000000000001,1.0,0.0,,,,,,,,,,,,,,-25.8125,-2.1875,-3.1875,28.1875,-25.8125,750.0,0.0,390.0,200.0,0.0,0.0,254.0,20.0,0.0,8.0,0.0,1.0,0.0,0.0,8.0,0.0,5.0,1.0,4.0,0.0,9.0,28488.0,101.0,0.0,0.0,0.0,0.0,25.0,0.0,0.0,4.5,5000.0,4990.0,4990.0,1.0,1.0,0.0,31.0,1491.0,0.0,255.0,857.0,323.0,0.0,0.0,1245716.0,3.008,3.0,50.0,
1788528498510,2026-09-04T17:28:18.510,0.0,4.0,0.0,1.0,777.0,14.200000000000001,81.0,1.99,1.99,1.99,1.99,1.0,1.0,751.0,1.0,0.0,771.0,76.0,81.0,0.02869337999999999,0.02869337999999999,16.0,0.999,23.0,19.0,19.0,-8.0,1.0,1.0,1.0,1.0,0.0,0.0,0.0,0.0,36.0,18.0,18.0,7.7,294.0,315.0,1.0,1.0,580.0,4400.0,0.0,0.0,0.0,1.0,19475.0,7.5,0.0,0.0,,,,,,,,,,,,,,-26.1875,-2.0,-2.75,28.5625,-26.1875,750.0,0.0,390.0,200.0,0.0,0.0,254.0,20.0,0.0,8.0,0.0,1.0,0.0,0.0,8.0,0.0,5.0,1.0,4.0,0.0,10.0,28488.0,101.0,0.0,0.0,0.0,0.0,25.0,0.0,0.0,4.5,5000.0,4990.0,4980.0,1.0,1.0,0.0,31.0,1303.0,0.0,255.0,857.0,318.0,0.0,0.0,1245716.0,3.008,3.0,50.0,
1788528499224,2026-09-04T17:28:19.224,0.0,4.0,0.0,1.0,750.0,14.200000000000001,81.0,2.02,2.02,2.02,2.02,1.0,1.0,673.0,1.0,0.0,712.0,76.5,81.0,0.019354260000000012,0.019354260000000012,16.0,0.999,24.0,19.0,19.0,-9.0,5.0,5.0,5.0,5.0,0.0,0.0,0.0,0.0,36.0,19.0,19.0,7.6000000000000005,315.0,294.0,1.0,1.0,580.0,4400.0,0.0,0.0,0.0,1.0,19475.0,7.6000000000000005,1.0,0.0,,,,,,,,,,,,,,-26.5,-1.0,-2.375,28.875,-26.5,750.0,0.0,390.0,200.0,0.0,0.0,254.0,20.0,0.0,8.0,0.0,1.0,0.0,0.0,8.0,0.0,5.0,1.0,4.0,0.0,9.0,28488.0,101.0,0.0,0.0,0.0,0.0,25.0,0.0,0.0,4.5,5000.0,4990.0,4990.0,1.0,1.0,0.0,31.0,997.0,0.0,255.0,857.0,316.0,0.0,0.0,1245716.0,3.008,3.0,50.0,
1788528500067,2026-09-04T17:28:20.067,0.0,4.0,0.0,1.0,758.0,14.100000000000001,81.0,1.98,1.98,1.98,1.98,1.0,1.0,620.0,1.0,0.0,659.0,77.5,81.0,0.012349920000000014,0.012349920000000014,15.0,0.999,24.0,19.0,19.0,-9.0,3.0,3.0,3.0,3.0,0.0,0.0,0.0,0.0,36.0,19.0,19.0,7.6000000000000005,315.0,315.0,2.0,2.0,590.0,4400.0,0.0,0.0,0.0,1.0,19475.0,7.6000000000000005,0.0,0.0,,,,,,,,,,,,,,-26.5,-2.5,-1.625,28.875,-26.5,750.0,0.0,390.0,200.0,0.0,0.0,254.0,20.0,0.0,8.0,0.0,1.0,0.0,0.0,8.0,0.0,5.0,1.0,4.0,0.0,8.0,28488.0,101.0,0.0,0.0,0.0,0.0,25.0,0.0,0.0,4.5,5000.0,4990.0,4980.0,1.0,1.0,0.0,31.0,1444.0,0.0,255.0,857.0,317.0,0.0,0.0,1245716.0,3.008,3.0,50.0,
1788528500839,2026-09-04T17:28:20.839,0.0,4.0,0.0,1.0,750.0,14.200000000000001,81.0,2.04,2.04,2.04,2.04,0.0,1.0,390.0,1.0,0.0,625.0,77.0,81.0,0.021589849999999966,0.021589849999999966,15.0,0.999,24.0,19.0,19.0,-9.0,2.0,2.0,2.0,2.0,0.0,0.0,0.0,0.0,36.0,19.0,19.0,7.6000000000000005,315.0,294.0,2.0,2.0,590.0,4390.0,0.0,0.0,0.0,1.0,19475.0,7.7,1.0,0.0,,,,,,,,,,,,,,-26.5,-1.25,-2.125,28.875,-26.5,750.0,0.0,390.0,200.0,0.0,0.0,254.0,20.0,0.0,8.0,0.0,1.0,0.0,0.0,8.0,0.0,5.0,1.0,4.0,0.0,9.0,28488.0,101.0,0.0,0.0,0.0,0.0,25.0,0.0,0.0,4.5,5000.0,4990.0,4980.0,1.0,1.0,0.0,31.0,1107.0,0.0,255.0,857.0,317.0,0.0,0.0,1245716.0,3.008,3.0,50.0,
1788528501644,2026-09-04T17:28:21.644,0.0,4.0,0.0,1.0,749.0,14.200000000000001,81.0,2.0,2.0,2.0,2.0,1.0,1.0,683.0,1.0,0.0,698.0,77.0,80.5,-0.0016587600000000091,-0.0016587600000000091,15.0,0.999,23.0,19.0,19.0,-9.0,-2.0,-2.0,-2.0,-2.0,0.0,0.0,0.0,0.0,36.0,20.0,19.0,7.6000000000000005,315.0,315.0,2.0,2.0,590.0,4400.0,0.0,0.0,0.0,1.0,19475.0,7.800000000000001,0.0,0.0,,,,,,,,,,,,,,-26.25,-1.125,-1.375,28.625,-26.25,750.0,0.0,390.0,200.0,0.0,0.0,254.0,20.0,0.0,8.0,0.0,1.0,0.0,0.0,8.0,0.0,5.0,1.0,4.0,0.0,9.0,28488.0,101.0,0.0,0.0,0.0,0.0,25.0,0.0,0.0,4.5,5000.0,4990.0,4990.0,1.0,1.0,0.0,31.0,1025.0,0.0,255.0,857.0,317.0,0.0,0.0,1245716.0,3.008,3.0,50.0,
1788528502476,2026-09-04T17:28:22.476,0.0,4.0,0.0,1.0,752.0,14.100000000000001,81.0,2.0,2.0,2.0,2.0,1.0,1.0,668.0,0.0,0.0,439.0,78.0,81.0,-0.00944136000000001,-0.00944136000000001,14.0,0.999,23.0,19.0,19.0,-9.0,0.0,0.0,0.0,0.0,0.0,0.0,0.0,0.0,36.0,20.0,19.0,7.6000000000000005,315.0,294.0,2.0,2.0,590.0,4400.0,0.0,0.0,0.0,1.0,19475.0,7.800000000000001,0.0,0.0,,,,,,,,,,,,,,-26.5,-1.9375,-2.625,28.875,-26.5,750.0,0.0,390.0,200.0,0.0,0.0,254.0,20.0,0.0,8.0,0.0,1.0,0.0,0.0,8.0,0.0,5.0,1.0,4.0,0.0,9.0,28488.0,101.0,0.0,0.0,0.0,0.0,26.0,0.0,0.0,4.5,5000.0,4990.0,4980.0,1.0,1.0,0.0,31.0,1269.0,0.0,255.0,857.0,317.0,0.0,0.0,1245716.0,3.008,3.0,50.0,
1788528503315,2026-09-04T17:28:23.315,0.0,4.0,0.0,1.0,751.0,14.200000000000001,81.0,1.98,1.98,1.98,1.98,1.0,1.0,717.0,1.0,0.0,698.0,78.0,81.0,-0.017613089999999998,-0.017613089999999998,14.0,0.999,23.0,19.0,19.0,-9.0,3.0,3.0,3.0,3.0,0.0,0.0,0.0,0.0,36.0,18.0,18.0,7.6000000000000005,315.0,294.0,1.0,1.0,580.0,4400.0,0.0,0.0,0.0,1.0,19475.0,7.4,1.0,0.0,,,,,,,,,,,,,,-26.4375,-2.8125,-2.125,28.8125,-26.4375,750.0,0.0,390.0,200.0,0.0,0.0,254.0,20.0,0.0,8.0,0.0,1.0,0.0,0.0,8.0,0.0,5.0,1.0,4.0,0.0,9.0,28488.0,101.0,0.0,0.0,0.0,0.0,26.0,0.0,0.0,4.5,5000.0,4990.0,4980.0,1.0,1.0,0.0,31.0,1104.0,0.0,255.0,857.0,316.0,0.0,0.0,1245716.0,3.008,3.0,50.0,
1788528504159,2026-09-04T17:28:24.159,0.0,4.0,0.0,1.0,758.0,14.100000000000001,81.0,1.96,1.96,1.96,1.96,1.0,1.0,644.0,1.0,0.0,678.0,78.5,81.0,-0.02617395,-0.02617395,14.0,0.999,23.0,19.0,19.0,-9.0,2.0,2.0,2.0,2.0,0.0,0.0,0.0,0.0,36.0,18.0,18.0,7.5,294.0,294.0,1.0,1.0,580.0,4410.0,0.0,0.0,0.0,1.0,19475.0,7.4,0.0,0.0,,,,,,,,,,,,,,-26.375,-1.75,-1.9375,28.75,-26.375,750.0,0.0,390.0,200.0,0.0,0.0,254.0,20.0,0.0,8.0,0.0,1.0,0.0,0.0,8.0,0.0,5.0,1.0,4.0,0.0,9.0,28488.0,101.0,0.0,0.0,0.0,0.0,26.0,0.0,0.0,4.5,5000.0,4990.0,4980.0,1.0,1.0,0.0,31.0,960.0,0.0,255.0,857.0,314.0,0.0,0.0,1245716.0,3.008,3.0,50.0,
1788528505024,2026-09-04T17:28:25.024,0.0,4.0,0.0,1.0,752.0,14.100000000000001,81.0,1.99,1.99,1.99,1.99,0.0,1.0,297.0,1.0,0.0,625.0,79.0,81.0,-0.016934019999999994,-0.016934019999999994,13.0,0.999,23.0,20.0,20.0,-9.0,2.0,2.0,2.0,2.0,0.0,0.0,0.0,0.0,36.0,18.0,18.0,7.5,315.0,294.0,1.0,1.0,580.0,4410.0,0.0,0.0,0.0,1.0,19475.0,7.5,1.0,0.0,,,,,,,,,,,,,,-26.5,-3.5,-3.0625,28.875,-26.5,750.0,0.0,390.0,200.0,0.0,0.0,254.0,20.0,0.0,8.0,0.0,1.0,0.0,0.0,8.0,0.0,5.0,1.0,4.0,0.0,9.0,28488.0,101.0,0.0,0.0,0.0,0.0,26.0,0.0,0.0,4.5,5000.0,4990.0,4990.0,1.0,1.0,0.0,31.0,1402.0,0.0,255.0,857.0,311.0,0.0,0.0,1245716.0,3.008,3.0,50.0,
1788528505889,2026-09-04T17:28:25.889,0.0,4.0,0.0,1.0,754.0,14.200000000000001,81.0,1.9000000000000001,1.9000000000000001,1.9000000000000001,1.9000000000000001,1.0,1.0,703.0,1.0,0.0,644.0,78.5,80.5,-0.03084351000000002,-0.03084351000000002,13.0,0.999,23.0,21.0,21.0,-7.0,3.0,3.0,3.0,3.0,0.0,0.0,0.0,0.0,36.0,18.0,18.0,7.4,294.0,294.0,1.0,1.0,580.0,4400.0,0.0,0.0,0.0,1.0,19475.0,7.2,0.0,0.0,,,,,,,,,,,,,,-26.4375,-3.5625,-2.75,28.8125,-26.4375,750.0,0.0,390.0,200.0,0.0,0.0,254.0,20.0,0.0,8.0,0.0,1.0,0.0,0.0,8.0,0.0,5.0,1.0,4.0,0.0,9.0,28488.0,101.0,0.0,0.0,0.0,0.0,26.0,0.0,0.0,4.5,5000.0,4990.0,4980.0,1.0,1.0,0.0,31.0,1381.0,0.0,255.0,857.0,307.0,0.0,0.0,1245716.0,3.008,3.0,50.0,
1788528506938,2026-09-04T17:28:26.938,0.0,4.0,0.0,1.0,753.0,14.200000000000001,81.0,1.87,1.87,1.87,1.87,1.0,1.0,683.0,1.0,0.0,693.0,78.5,80.0,-0.04057176000000001,-0.04057176000000001,14.0,0.999,22.0,22.0,22.0,-7.0,6.0,6.0,6.0,6.0,0.0,0.0,0.0,0.0,36.0,19.0,18.0,7.2,315.0,294.0,1.0,1.0,580.0,4400.0,0.0,0.0,0.0,1.0,19475.0,7.5,1.0,0.0,,,,,,,,,,,,,,-26.375,-1.75,-2.8125,28.75,-26.375,750.0,0.0,390.0,200.0,0.0,0.0,254.0,20.0,0.0,8.0,0.0,1.0,0.0,0.0,8.0,0.0,5.0,1.0,4.0,0.0,9.0,28488.0,101.0,0.0,0.0,0.0,0.0,26.0,0.0,0.0,4.5,5000.0,4990.0,4970.0,1.0,1.0,0.0,31.0,1208.0,0.0,255.0,857.0,305.0,0.0,0.0,1245716.0,3.008,3.0,50.0,
1788528507806,2026-09-04T17:28:27.806,0.0,4.0,0.0,1.0,745.0,14.200000000000001,81.0,1.8900000000000001,1.8900000000000001,1.8900000000000001,1.8900000000000001,1.0,1.0,600.0,1.0,0.0,664.0,78.5,80.0,-0.04952175,-0.04952175,14.0,0.999,22.0,21.0,21.0,-8.0,6.0,6.0,6.0,6.0,0.0,0.0,0.0,0.0,36.0,18.0,18.0,7.4,315.0,294.0,1.0,1.0,580.0,4400.0,0.0,0.0,0.0,1.0,19475.0,7.4,0.0,0.0,,,,,,,,,,,,,,-26.625,-4.0,-4.0,29.0,-26.625,750.0,0.0,390.0,200.0,0.0,0.0,254.0,20.0,0.0,8.0,0.0,1.0,0.0,0.0,8.0,0.0,5.0,1.0,4.0,0.0,9.0,28488.0,101.0,0.0,0.0,0.0,0.0,26.0,0.0,0.0,4.5,5000.0,4990.0,4980.0,1.0,1.0,0.0,31.0,1109.0,0.0,255.0,857.0,306.0,0.0,0.0,1245716.0,3.008,3.0,50.0,
1788528508573,2026-09-04T17:28:28.573,0.0,4.0,0.0,1.0,758.0,14.100000000000001,81.0,1.86,1.86,1.86,1.86,1.0,1.0,585.0,0.0,0.0,258.0,79.0,80.0,-0.047186969999999995,-0.047186969999999995,14.0,0.999,22.0,22.0,22.0,-7.0,8.0,8.0,8.0,8.0,0.0,0.0,0.0,0.0,36.0,18.0,18.0,7.300000000000001,315.0,294.0,1.0,1.0,580.0,4400.0,0.0,0.0,0.0,1.0,19475.0,7.4,1.0,0.0,,,,,,,,,,,,,,-26.5625,-2.8125,-2.875,28.9375,-26.5625,750.0,0.0,390.0,200.0,0.0,0.0,254.0,20.0,0.0,8.0,0.0,1.0,0.0,0.0,8.0,0.0,5.0,1.0,4.0,0.0,9.0,28488.0,101.0,0.0,0.0,0.0,0.0,26.0,0.0,0.0,4.6000000000000005,5000.0,4990.0,4980.0,1.0,1.0,0.0,31.0,1129.0,0.0,255.0,857.0,306.0,0.0,0.0,1245716.0,3.008,3.0,50.0,
1788528509295,2026-09-04T17:28:29.295,0.0,4.0,0.0,1.0,753.0,14.100000000000001,81.0,1.86,1.86,1.86,1.86,1.0,1.0,581.0,1.0,0.0,668.0,80.0,81.0,-0.054969569999999995,-0.054969569999999995,15.0,0.999,23.0,21.0,21.0,-7.0,6.0,6.0,6.0,6.0,0.0,0.0,0.0,0.0,36.0,18.0,18.0,7.300000000000001,315.0,294.0,1.0,1.0,580.0,4400.0,0.0,0.0,0.0,1.0,19475.0,7.4,1.0,0.0,,,,,,,,,,,,,,-26.3125,-2.0,-2.5,28.6875,-26.3125,750.0,0.0,390.0,200.0,0.0,0.0,254.0,20.0,0.0,8.0,0.0,1.0,0.0,0.0,8.0,0.0,5.0,1.0,4.0,0.0,9.0,28488.0,101.0,0.0,0.0,0.0,0.0,26.0,0.0,0.0,4.6000000000000005,5000.0,4990.0,4980.0,1.0,1.0,0.0,31.0,1400.0,0.0,255.0,857.0,307.0,0.0,0.0,1245716.0,3.008,3.0,50.0,
1788528510144,2026-09-04T17:28:30.144,0.0,4.0,0.0,1.0,752.0,14.200000000000001,81.0,1.9000000000000001,1.9000000000000001,1.9000000000000001,1.9000000000000001,0.0,1.0,102.0,0.0,0.0,92.0,79.5,80.0,-0.03677965,-0.03677965,15.0,0.999,23.0,21.0,21.0,-8.0,9.0,9.0,9.0,9.0,0.0,0.0,0.0,0.0,36.0,19.0,18.0,7.4,315.0,294.0,2.0,1.0,580.0,4400.0,0.0,0.0,0.0,1.0,19475.0,7.6000000000000005,0.0,0.0,,,,,,,,,,,,,,-26.5625,-3.625,-3.75,28.9375,-26.5625,750.0,0.0,390.0,200.0,0.0,0.0,254.0,20.0,0.0,8.0,0.0,1.0,0.0,0.0,8.0,0.0,5.0,1.0,4.0,0.0,9.0,28488.0,101.0,0.0,0.0,0.0,0.0,26.0,0.0,0.0,4.6000000000000005,5000.0,4990.0,4980.0,1.0,1.0,0.0,31.0,1291.0,0.0,255.0,857.0,307.0,0.0,0.0,1245716.0,3.008,3.0,50.0,
1788528510989,2026-09-04T17:28:30.989,0.0,4.0,0.0,1.0,751.0,14.100000000000001,81.0,1.9100000000000001,1.9100000000000001,1.9100000000000001,1.9100000000000001,0.0,1.0,151.0,0.0,0.0,97.0,80.0,80.5,-0.02860792000000001,-0.02860792000000001,15.0,0.999,23.0,21.0,21.0,-8.0,6.0,6.0,6.0,6.0,0.0,0.0,0.0,0.0,36.0,18.0,18.0,7.4,294.0,294.0,1.0,1.0,580.0,4400.0,0.0,0.0,0.0,1.0,19475.0,7.300000000000001,1.0,0.0,,,,,,,,,,,,,,-26.3125,-2.0625,-3.4375,28.75,-26.3125,750.0,0.0,390.0,200.0,0.0,0.0,254.0,20.0,0.0,8.0,0.0,1.0,0.0,0.0,8.0,0.0,5.0,1.0,4.0,0.0,9.0,28488.0,101.0,0.0,0.0,0.0,0.0,26.0,0.0,0.0,4.6000000000000005,5000.0,4990.0,4980.0,1.0,1.0,0.0,31.0,1524.0,0.0,255.0,857.0,307.0,0.0,0.0,1245716.0,3.008,3.0,50.0,
1788528511709,2026-09-04T17:28:31.709,0.0,4.0,0.0,1.0,746.0,14.200000000000001,81.0,1.92,1.92,1.92,1.92,0.0,1.0,102.0,0.0,0.0,385.0,80.0,80.0,-0.02977531,-0.02977531,16.0,0.999,24.0,21.0,21.0,-8.0,4.0,4.0,4.0,4.0,0.0,0.0,0.0,0.0,36.0,18.0,18.0,7.300000000000001,315.0,294.0,1.0,1.0,580.0,4410.0,0.0,0.0,0.0,1.0,19475.0,7.4,0.0,0.0,,,,,,,,,,,,,,-26.3125,-3.0625,-3.25,28.75,-26.3125,750.0,0.0,390.0,200.0,0.0,0.0,254.0,20.0,0.0,8.0,0.0,1.0,0.0,0.0,8.0,0.0,5.0,1.0,4.0,0.0,9.0,28488.0,101.0,0.0,0.0,0.0,0.0,26.0,0.0,0.0,4.6000000000000005,5000.0,4990.0,4980.0,1.0,1.0,0.0,31.0,1629.0,0.0,255.0,857.0,307.0,0.0,0.0,1245716.0,3.008,3.0,50.0,
1788528512524,2026-09-04T17:28:32.524,0.0,4.0,0.0,1.0,751.0,14.100000000000001,81.0,1.9100000000000001,1.9100000000000001,1.9100000000000001,1.9100000000000001,0.0,1.0,117.0,0.0,0.0,97.0,81.0,81.0,-0.02277097,-0.02277097,16.0,0.999,24.0,22.0,22.0,-7.0,6.0,6.0,6.0,6.0,0.0,0.0,0.0,0.0,36.0,19.0,18.0,7.300000000000001,315.0,294.0,1.0,1.0,580.0,4400.0,0.0,0.0,0.0,1.0,19475.0,7.6000000000000005,0.0,0.0,,,,,,,,,,,,,,-26.375,-2.4375,-2.8125,28.8125,-26.375,750.0,0.0,390.0,200.0,0.0,0.0,254.0,20.0,0.0,8.0,0.0,1.0,0.0,0.0,8.0,0.0,5.0,1.0,4.0,0.0,9.0,28488.0,101.0,0.0,0.0,0.0,0.0,26.0,0.0,0.0,4.6000000000000005,5000.0,4990.0,4980.0,1.0,1.0,0.0,31.0,1235.0,0.0,255.0,857.0,308.0,0.0,0.0,1245716.0,3.008,3.0,50.0,
1788528513347,2026-09-04T17:28:33.347,0.0,4.0,0.0,1.0,746.0,14.200000000000001,81.0,1.87,1.87,1.87,1.87,1.0,1.0,571.0,1.0,0.0,629.0,80.0,80.0,-0.041350020000000015,-0.041350020000000015,16.0,0.999,24.0,21.0,21.0,-8.0,9.0,9.0,9.0,9.0,0.0,0.0,0.0,0.0,36.0,19.0,18.0,7.4,315.0,294.0,1.0,1.0,580.0,4400.0,0.0,0.0,0.0,1.0,19475.0,7.6000000000000005,1.0,0.0,,,,,,,,,,,,,,-26.3125,-2.875,-2.5,28.75,-26.3125,750.0,0.0,390.0,200.0,0.0,0.0,254.0,20.0,0.0,8.0,0.0,1.0,0.0,0.0,8.0,0.0,5.0,1.0,4.0,0.0,9.0,28488.0,101.0,0.0,0.0,0.0,0.0,26.0,0.0,0.0,4.6000000000000005,5000.0,4990.0,4990.0,1.0,1.0,0.0,31.0,1327.0,0.0,255.0,857.0,308.0,0.0,0.0,1245716.0,3.008,3.0,50.0,
1788528514084,2026-09-04T17:28:34.084,0.0,4.0,0.0,1.0,747.0,14.200000000000001,81.0,1.9100000000000001,1.9100000000000001,1.9100000000000001,1.9100000000000001,0.0,1.0,112.0,0.0,0.0,87.0,80.5,80.0,-0.019657930000000018,-0.019657930000000018,17.0,0.999,24.0,21.0,21.0,-7.0,5.0,5.0,5.0,5.0,0.0,0.0,0.0,0.0,36.0,19.0,18.0,7.4,315.0,294.0,1.0,1.0,580.0,4400.0,0.0,0.0,0.0,1.0,19475.0,7.5,0.0,0.0,,,,,,,,,,,,,,-26.3125,-2.1875,-1.875,28.75,-26.3125,750.0,0.0,390.0,200.0,0.0,0.0,254.0,20.0,0.0,8.0,0.0,1.0,0.0,0.0,8.0,0.0,5.0,1.0,4.0,0.0,9.0,28488.0,101.0,0.0,0.0,0.0,0.0,26.0,0.0,0.0,4.6000000000000005,5000.0,4990.0,4980.0,1.0,1.0,0.0,31.0,1314.0,0.0,255.0,857.0,308.0,0.0,0.0,1245716.0,3.008,3.0,50.0,
1788528515088,2026-09-04T17:28:35.088,0.0,4.0,0.0,1.0,750.0,14.200000000000001,81.0,1.9100000000000001,1.9100000000000001,1.9100000000000001,1.9100000000000001,1.0,1.0,478.0,0.0,0.0,122.0,80.5,80.0,-0.011097070000000014,-0.011097070000000014,17.0,0.999,24.0,21.0,21.0,-8.0,3.0,3.0,3.0,3.0,0.0,0.0,0.0,0.0,36.0,18.0,18.0,7.4,315.0,294.0,1.0,1.0,580.0,4410.0,0.0,0.0,0.0,1.0,19475.0,7.300000000000001,1.0,0.0,,,,,,,,,,,,,,-26.3125,-2.4375,-2.9375,28.75,-26.3125,750.0,0.0,390.0,200.0,0.0,0.0,254.0,20.0,0.0,8.0,0.0,1.0,0.0,0.0,8.0,0.0,5.0,1.0,4.0,0.0,9.0,28488.0,101.0,0.0,0.0,0.0,0.0,26.0,0.0,0.0,4.6000000000000005,5000.0,4990.0,4970.0,1.0,1.0,0.0,31.0,947.0,0.0,255.0,857.0,308.0,0.0,0.0,1245716.0,3.008,3.0,50.0,
1788528515845,2026-09-04T17:28:35.845,0.0,4.0,0.0,1.0,745.0,14.200000000000001,81.0,1.9100000000000001,1.9100000000000001,1.9100000000000001,1.9100000000000001,0.0,1.0,92.0,0.0,0.0,112.0,81.5,81.0,-0.013431849999999995,-0.013431849999999995,17.0,0.999,24.0,21.0,21.0,-8.0,2.0,2.0,2.0,2.0,0.0,0.0,0.0,0.0,36.0,18.0,18.0,7.300000000000001,315.0,294.0,1.0,1.0,580.0,4410.0,0.0,0.0,0.0,1.0,19475.0,7.5,0.0,0.0,,,,,,,,,,,,,,-26.5625,-1.9375,-2.625,29.0,-26.5625,750.0,0.0,390.0,200.0,0.0,0.0,254.0,20.0,0.0,8.0,0.0,1.0,0.0,0.0,8.0,0.0,5.0,1.0,4.0,0.0,9.0,28488.0,101.0,0.0,0.0,0.0,0.0,26.0,0.0,0.0,4.6000000000000005,5000.0,4990.0,4990.0,1.0,1.0,0.0,31.0,1005.0,0.0,255.0,857.0,308.0,0.0,0.0,1245716.0,3.008,3.0,50.0,
1788528516711,2026-09-04T17:28:36.711,0.0,4.0,0.0,1.0,756.0,14.200000000000001,81.0,1.87,1.87,1.87,1.87,0.0,1.0,97.0,0.0,0.0,83.0,81.0,80.0,-0.00603838000000001,-0.00603838000000001,17.0,0.999,24.0,21.0,21.0,-8.0,3.0,3.0,3.0,3.0,0.0,0.0,0.0,0.0,36.0,18.0,18.0,7.4,315.0,294.0,1.0,1.0,580.0,4390.0,0.0,0.0,0.0,1.0,19475.0,7.4,1.0,0.0,,,,,,,,,,,,,,-25.8125,-2.4375,-3.0,28.25,-25.8125,750.0,0.0,390.0,200.0,0.0,0.0,254.0,20.0,0.0,8.0,0.0,1.0,0.0,0.0,8.0,0.0,5.0,1.0,4.0,0.0,9.0,28488.0,101.0,0.0,0.0,0.0,0.0,26.0,0.0,0.0,4.6000000000000005,5000.0,4990.0,4980.0,1.0,1.0,0.0,31.0,1225.0,0.0,255.0,857.0,308.0,0.0,0.0,1245716.0,3.008,3.0,50.0,
1788528517541,2026-09-04T17:28:37.541,0.0,4.0,0.0,1.0,746.0,14.200000000000001,82.0,1.9100000000000001,1.9100000000000001,1.9100000000000001,1.9100000000000001,0.0,1.0,117.0,0.0,0.0,97.0,81.0,80.0,0.0025224799999999936,0.0025224799999999936,18.0,0.999,24.0,21.0,21.0,-8.0,5.0,5.0,5.0,5.0,0.0,0.0,0.0,0.0,36.0,19.0,18.0,7.300000000000001,315.0,294.0,1.0,1.0,580.0,4400.0,0.0,0.0,0.0,1.0,19475.0,7.5,1.0,0.0,,,,,,,,,,,,,,-25.875,-1.0,-2.4375,28.3125,-25.875,750.0,0.0,390.0,200.0,0.0,0.0,254.0,20.0,0.0,8.0,0.0,1.0,0.0,0.0,8.0,0.0,5.0,1.0,4.0,0.0,9.0,28488.0,101.0,0.0,0.0,0.0,0.0,26.0,0.0,0.0,4.6000000000000005,5000.0,4990.0,4980.0,1.0,1.0,0.0,31.0,1243.0,0.0,255.0,857.0,308.0,0.0,0.0,1245716.0,3.008,3.0,50.0,
1788528518328,2026-09-04T17:28:38.328,0.0,4.0,0.0,1.0,751.0,14.200000000000001,82.0,1.92,1.92,1.92,1.92,0.0,1.0,341.0,0.0,0.0,122.0,81.0,80.0,0.010694209999999982,0.010694209999999982,18.0,0.999,24.0,21.0,21.0,-8.0,3.0,3.0,3.0,3.0,0.0,0.0,0.0,0.0,36.0,18.0,18.0,7.300000000000001,315.0,294.0,1.0,1.0,580.0,4400.0,0.0,0.0,0.0,1.0,19475.0,7.5,0.0,0.0,,,,,,,,,,,,,,-26.0,-2.25,-2.0625,28.4375,-26.0,750.0,0.0,390.0,200.0,0.0,0.0,254.0,20.0,0.0,8.0,0.0,1.0,0.0,0.0,8.0,0.0,5.0,1.0,4.0,0.0,9.0,28488.0,101.0,0.0,0.0,0.0,0.0,26.0,0.0,0.0,4.6000000000000005,5000.0,4990.0,4990.0,1.0,1.0,0.0,31.0,1253.0,0.0,255.0,857.0,308.0,0.0,0.0,1245716.0,3.008,3.0,50.0,
1788528519241,2026-09-04T17:28:39.241,0.0,4.0,0.0,1.0,750.0,14.200000000000001,82.0,1.8800000000000001,1.8800000000000001,1.8800000000000001,1.8800000000000001,0.0,1.0,180.0,1.0,0.0,566.0,82.0,81.0,0.005635520000000005,0.005635520000000005,18.0,0.999,24.0,21.0,21.0,-8.0,4.0,4.0,4.0,4.0,0.0,0.0,0.0,0.0,36.0,18.0,18.0,7.4,315.0,294.0,1.0,1.0,580.0,4400.0,0.0,0.0,0.0,1.0,19475.0,7.4,1.0,0.0,,,,,,,,,,,,,,-25.625,-2.25,-1.5,28.0625,-25.625,750.0,0.0,390.0,200.0,0.0,0.0,254.0,20.0,0.0,8.0,0.0,1.0,0.0,0.0,8.0,0.0,5.0,1.0,4.0,0.0,9.0,28488.0,101.0,0.0,0.0,0.0,0.0,26.0,0.0,0.0,4.6000000000000005,5000.0,4990.0,4980.0,1.0,1.0,0.0,31.0,1276.0,0.0,255.0,857.0,308.0,0.0,0.0,1245716.0,3.008,3.0,50.0,
1788528520064,2026-09-04T17:28:40.064,0.0,4.0,0.0,1.0,744.0,14.200000000000001,82.0,1.93,1.93,1.93,1.93,0.0,1.0,92.0,0.0,0.0,83.0,82.0,81.5,0.014585509999999968,0.014585509999999968,19.0,0.999,23.0,21.0,21.0,-8.0,4.0,4.0,4.0,4.0,0.0,0.0,0.0,0.0,36.0,19.0,18.0,7.5,315.0,315.0,1.0,1.0,580.0,4400.0,0.0,0.0,0.0,1.0,19475.0,7.5,0.0,0.0,,,,,,,,,,,,,,-25.875,-2.125,-2.3125,28.3125,-25.875,750.0,0.0,390.0,200.0,0.0,0.0,254.0,20.0,0.0,8.0,0.0,1.0,0.0,0.0,8.0,0.0,5.0,1.0,4.0,0.0,9.0,28488.0,101.0,0.0,0.0,0.0,0.0,26.0,0.0,0.0,4.6000000000000005,5000.0,4990.0,4970.0,1.0,1.0,0.0,31.0,1248.0,0.0,255.0,857.0,308.0,0.0,0.0,1245716.0,3.008,3.0,50.0,
1788528520858,2026-09-04T17:28:40.858,0.0,4.0,0.0,1.0,750.0,14.200000000000001,82.0,1.93,1.93,1.93,1.93,0.0,1.0,102.0,0.0,0.0,87.0,82.5,81.5,0.022757240000000012,0.022757240000000012,19.0,0.999,24.0,20.0,20.0,-8.0,3.0,3.0,3.0,3.0,0.0,0.0,0.0,0.0,36.0,19.0,18.0,7.4,315.0,294.0,1.0,1.0,580.0,4400.0,0.0,0.0,0.0,1.0,19475.0,7.5,1.0,0.0,,,,,,,,,,,,,,-25.8125,-1.75,-2.4375,28.25,-25.8125,750.0,0.0,390.0,200.0,0.0,0.0,254.0,20.0,0.0,8.0,0.0,1.0,0.0,0.0,8.0,0.0,5.0,1.0,4.0,0.0,9.0,28488.0,101.0,0.0,0.0,0.0,0.0,26.0,0.0,0.0,4.6000000000000005,5000.0,4990.0,4980.0,1.0,1.0,0.0,31.0,1201.0,0.0,255.0,857.0,308.0,0.0,0.0,1245716.0,3.008,3.0,50.0,
1788528521726,2026-09-04T17:28:41.726,0.0,4.0,0.0,1.0,749.0,14.200000000000001,82.0,1.97,1.97,1.97,1.97,0.0,1.0,102.0,0.0,0.0,92.0,82.5,81.5,0.030539839999999985,0.030539839999999985,19.0,0.999,24.0,19.0,19.0,-9.0,2.0,2.0,2.0,2.0,0.0,0.0,0.0,0.0,36.0,19.0,18.0,7.5,315.0,315.0,2.0,2.0,590.0,4400.0,0.0,0.0,0.0,1.0,19475.0,7.6000000000000005,0.0,0.0,,,,,,,,,,,,,,-25.6875,-1.25,-2.6875,28.125,-25.6875,750.0,0.0,390.0,200.0,0.0,0.0,254.0,20.0,0.0,8.0,0.0,1.0,0.0,0.0,8.0,0.0,5.0,1.0,4.0,0.0,9.0,28488.0,101.0,0.0,0.0,0.0,0.0,26.0,0.0,0.0,4.6000000000000005,5000.0,4990.0,4980.0,1.0,1.0,0.0,31.0,1294.0,0.0,255.0,857.0,308.0,0.0,0.0,1245716.0,3.008,3.0,50.0,
1788528522544,2026-09-04T17:28:42.544,0.0,4.0,0.0,1.0,751.0,14.100000000000001,82.0,1.98,1.98,1.98,1.98,0.0,1.0,122.0,0.0,0.0,117.0,82.5,81.5,0.03871156999999997,0.03871156999999997,19.0,0.999,24.0,20.0,20.0,-8.0,2.0,2.0,2.0,2.0,0.0,0.0,0.0,0.0,36.0,19.0,18.0,7.5,315.0,315.0,2.0,2.0,590.0,4390.0,0.0,0.0,0.0,1.0,19475.0,7.6000000000000005,0.0,0.0,,,,,,,,,,,,,,-25.8125,-1.625,-2.6875,28.25,-25.8125,750.0,0.0,390.0,200.0,0.0,0.0,254.0,20.0,0.0,8.0,0.0,1.0,0.0,0.0,8.0,0.0,5.0,1.0,4.0,0.0,9.0,28488.0,101.0,0.0,0.0,0.0,0.0,26.0,0.0,0.0,4.6000000000000005,5000.0,4990.0,4980.0,1.0,1.0,0.0,31.0,1041.0,0.0,255.0,857.0,308.0,0.0,0.0,1245716.0,3.008,3.0,50.0,
1788528523552,2026-09-04T17:28:43.552,0.0,4.0,0.0,1.0,754.0,14.200000000000001,82.0,1.93,1.93,1.93,1.93,0.0,1.0,400.0,1.0,0.0,478.0,82.5,81.5,0.02752599,0.02752599,19.0,0.999,24.0,20.0,20.0,-8.0,3.0,3.0,3.0,3.0,0.0,0.0,0.0,0.0,36.0,18.0,18.0,7.5,315.0,294.0,1.0,1.0,580.0,4400.0,0.0,0.0,0.0,1.0,19475.0,7.5,1.0,0.0,,,,,,,,,,,,,,-25.9375,-1.1875,-2.9375,28.375,-25.9375,750.0,0.0,390.0,200.0,0.0,0.0,254.0,20.0,0.0,8.0,0.0,1.0,1.0,0.0,8.0,0.0,5.0,1.0,4.0,100.0,9.0,28488.0,101.0,0.0,0.0,0.0,0.0,26.0,0.0,0.0,4.6000000000000005,5000.0,4990.0,4980.0,1.0,1.0,0.0,31.0,1307.0,0.0,255.0,857.0,310.0,0.0,0.0,1245716.0,3.008,3.0,50.0,
1788528524314,2026-09-04T17:28:44.314,0.0,4.0,0.0,1.0,758.0,14.100000000000001,82.0,1.94,1.94,1.94,1.94,0.0,1.0,136.0,0.0,0.0,102.0,83.5,82.0,0.05233112000000001,0.05233112000000001,19.0,0.999,24.0,20.0,20.0,-8.0,1.0,1.0,1.0,1.0,0.0,0.0,0.0,0.0,37.0,20.0,18.0,7.5,336.0,294.0,2.0,2.0,590.0,4390.0,0.0,0.0,0.0,1.0,19475.0,8.1,0.0,0.0,,,,,,,,,,,,,,-25.6875,-1.0625,-1.4375,28.125,-25.6875,750.0,0.0,390.0,200.0,0.0,0.0,254.0,20.0,0.0,8.0,0.0,1.0,1.0,0.0,8.0,0.0,5.0,1.0,4.0,100.0,9.0,28488.0,101.0,0.0,0.0,0.0,0.0,26.0,0.0,0.0,4.6000000000000005,5000.0,4990.0,4990.0,1.0,1.0,0.0,31.0,1258.0,0.0,255.0,857.0,317.0,0.0,0.0,1245716.0,3.008,3.0,50.0,
1788528525151,2026-09-04T17:28:45.151,0.0,4.0,0.0,1.0,744.0,14.100000000000001,82.0,2.08,2.08,2.08,2.08,1.0,1.0,688.0,1.0,0.0,693.0,83.0,81.5,0.03336294000000001,0.03336294000000001,18.0,0.999,26.0,17.0,17.0,-12.0,-3.0,-3.0,-3.0,-3.0,0.0,0.0,0.0,0.0,36.0,21.0,20.0,8.0,357.0,315.0,2.0,2.0,600.0,4380.0,0.0,0.0,0.0,1.0,19475.0,8.6,1.0,0.0,,,,,,,,,,,,,,-25.5,2.0,-0.75,27.9375,-25.5,750.0,0.0,1620.0,780.0,30.900000000000002,29.3,254.0,20.0,0.0,8.0,0.0,0.0,1.0,0.0,8.0,0.0,5.0,2.0,4.0,100.0,9.0,28488.0,101.0,0.0,0.0,0.0,0.0,26.0,0.0,0.0,4.6000000000000005,5000.0,4990.0,4960.0,1.0,1.0,0.0,31.0,1317.0,0.0,255.0,857.0,352.0,0.0,0.0,1245716.0,3.008,3.0,50.0,
1788528525998,2026-09-04T17:28:45.998,0.0,4.0,0.0,1.0,1106.0,14.200000000000001,82.0,9.61,9.61,9.61,9.61,0.0,1.0,43.0,0.0,0.0,34.0,83.5,82.0,0.022299440000000004,0.022299440000000004,18.0,0.999,99.0,14.0,10.0,-36.0,8.0,8.0,8.0,8.0,0.0,0.0,0.0,0.0,37.0,14.0,46.0,46.5,231.0,546.0,5.0,5.0,720.0,4260.0,9.0,30.0,0.0,1.0,19475.0,17.5,0.0,0.0,,,,,,,,,,,,,,9.9375,8.625,4.875,25.3125,9.9375,750.0,0.0,1330.0,640.0,27.700000000000003,26.1,254.0,20.0,0.0,8.0,0.0,0.0,1.0,0.0,8.0,0.0,5.0,2.0,4.0,100.0,8.0,28488.0,101.0,0.0,0.0,0.0,0.0,26.0,0.0,0.0,4.6000000000000005,5000.0,4990.0,4980.0,1.0,1.0,0.0,31.0,2412.0,0.0,255.0,857.0,347.0,0.0,0.0,1245716.0,3.008,3.0,50.0,
1788528526839,2026-09-04T17:28:46.839,0.0,4.0,0.0,1.0,2077.0,14.200000000000001,82.0,6.68,6.68,6.68,6.68,0.0,1.0,53.0,0.0,0.0,83.0,80.0,81.5,0.04399153,0.04399153,18.0,0.999,99.0,22.0,22.0,-35.0,19.0,19.0,19.0,19.0,0.0,0.0,0.0,0.0,37.0,53.0,58.0,79.2,630.0,672.0,18.0,18.0,1280.0,3680.0,37.0,35.0,15.0,1.0,19475.0,73.5,1.0,0.0,,,,,,,,,,,,,,69.0625,73.875,73.875,19.0625,69.0625,750.0,2.0,1850.0,900.0,43.6,41.800000000000004,254.0,20.0,0.0,8.0,0.0,0.0,1.0,0.0,8.0,0.0,5.0,2.0,4.0,100.0,8.0,28488.0,101.0,0.0,0.0,0.0,0.0,26.0,0.0,0.0,4.6000000000000005,5000.0,4990.0,4980.0,1.0,1.0,0.0,31.0,3991.0,0.0,255.0,857.0,347.0,0.0,0.0,1245716.0,3.008,3.0,50.0,
1788528527688,2026-09-04T17:28:47.688,0.0,4.0,0.0,1.0,2431.0,14.200000000000001,82.0,7.76,7.76,7.76,7.76,0.0,1.0,146.0,0.0,0.0,122.0,0.0,0.0,0.06127347999999999,0.06127347999999999,17.0,0.999,99.0,22.0,21.0,-33.0,21.0,21.0,21.0,21.0,0.0,0.0,0.0,0.0,37.0,46.0,51.0,62.7,567.0,609.0,14.0,14.0,1090.0,3880.0,20.0,23.0,33.0,1.0,19475.0,57.900000000000006,0.0,0.0,,,,,,,,,,,,,,39.625,53.75,51.5625,19.3125,39.625,750.0,7.0,1160.0,560.0,23.200000000000003,22.0,254.0,20.0,0.0,8.0,0.0,0.0,1.0,0.0,8.0,0.0,5.0,2.0,4.0,100.0,5.0,28488.0,101.0,0.0,0.0,0.0,0.0,26.0,0.0,0.0,4.6000000000000005,5000.0,4990.0,4980.0,1.0,1.0,0.0,31.0,3045.0,0.0,255.0,857.0,347.0,0.0,0.0,1245716.0,3.008,3.0,50.0,
1788528528464,2026-09-04T17:28:48.464,0.0,4.0,0.0,1.0,1759.0,14.100000000000001,83.0,2.0300000000000002,2.0300000000000002,2.0300000000000002,2.0300000000000002,1.0,1.0,820.0,1.0,0.0,800.0,67.0,80.0,0.003033689999999978,0.003033689999999978,17.0,0.999,57.0,25.0,25.0,-30.0,-6.0,-6.0,-6.0,-6.0,0.0,0.0,0.0,0.0,37.0,13.0,19.0,16.0,231.0,273.0,3.0,3.0,650.0,4330.0,0.0,0.0,0.0,1.0,19475.0,12.5,0.0,0.0,,,,,,,,,,,,,,-19.5,-9.375,-8.8125,21.9375,-19.5,750.0,6.0,430.0,200.0,0.9,0.0,254.0,20.0,0.0,8.0,0.0,0.0,1.0,0.0,8.0,0.0,5.0,2.0,4.0,100.0,6.0,28488.0,101.0,0.0,0.0,0.0,0.0,26.0,0.0,0.0,4.6000000000000005,5000.0,4990.0,4980.0,1.0,1.0,0.0,31.0,1935.0,0.0,255.0,857.0,303.0,0.0,0.0,1245716.0,3.008,3.0,50.0,
1788528529325,2026-09-04T17:28:49.325,0.0,4.0,0.0,1.0,1265.0,14.200000000000001,83.0,1.51,1.51,1.51,1.51,0.0,1.0,244.0,1.0,0.0,781.0,67.5,83.0,-0.022542069999999997,-0.022542069999999997,17.0,0.999,30.0,27.0,27.0,-24.0,0.0,0.0,0.0,0.0,0.0,0.0,0.0,0.0,37.0,32.0,20.0,14.5,483.0,315.0,6.0,5.0,740.0,4240.0,0.0,0.0,0.0,1.0,19475.0,20.200000000000003,1.0,0.0,,,,,,,,,,,,,,36.6875,9.5625,7.6875,25.125,36.6875,750.0,4.0,1000.0,480.0,17.8,16.6,254.0,20.0,0.0,8.0,0.0,0.0,1.0,0.0,8.0,0.0,5.0,2.0,4.0,100.0,9.0,28488.0,101.0,0.0,0.0,0.0,0.0,26.0,0.0,0.0,4.6000000000000005,5000.0,4990.0,4990.0,1.0,1.0,0.0,31.0,1869.0,0.0,255.0,857.0,294.0,0.0,0.0,1245716.0,3.008,3.0,50.0,
1788528530273,2026-09-04T17:28:50.273,0.0,4.0,0.0,1.0,1529.0,14.200000000000001,83.0,4.33,4.33,4.33,4.33,0.0,1.0,63.0,0.0,0.0,58.0,68.0,83.0,0.01851495999999997,0.01851495999999997,17.0,0.999,99.0,23.0,23.0,-33.0,23.0,23.0,23.0,23.0,0.0,0.0,0.0,0.0,37.0,31.0,33.0,35.2,462.0,462.0,8.0,9.0,880.0,4110.0,0.0,0.0,0.0,1.0,19475.0,32.7,0.0,0.0,,,,,,,,,,,,,,30.625,33.625,33.75,20.0625,30.625,750.0,3.0,1110.0,530.0,21.400000000000002,20.0,254.0,20.0,0.0,8.0,0.0,0.0,1.0,0.0,8.0,0.0,5.0,2.0,4.0,100.0,10.0,28488.0,101.0,0.0,0.0,0.0,0.0,26.0,0.0,0.0,4.6000000000000005,5000.0,4990.0,4990.0,1.0,1.0,0.0,31.0,4124.0,0.0,255.0,857.0,297.0,0.0,0.0,1245716.0,3.008,3.0,50.0,
1788528531063,2026-09-04T17:28:51.063,0.0,4.0,0.0,1.0,2023.0,14.200000000000001,83.0,3.5700000000000003,3.5700000000000003,3.5700000000000003,3.5700000000000003,0.0,1.0,73.0,0.0,0.0,78.0,68.0,83.0,0.05839696999999999,0.05839696999999999,16.0,0.999,99.0,25.0,25.0,-29.0,25.0,25.0,25.0,25.0,0.0,0.0,0.0,0.0,37.0,13.0,23.0,21.6,210.0,336.0,3.0,3.0,660.0,4320.0,0.0,0.0,0.0,1.0,19475.0,13.4,1.0,0.0,,,,,,,,,,,,,,2.375,12.5625,12.375,21.375,2.375,750.0,4.0,720.0,340.0,9.8,8.6,254.0,20.0,0.0,8.0,0.0,0.0,1.0,0.0,8.0,0.0,5.0,2.0,4.0,100.0,9.0,28488.0,101.0,0.0,0.0,0.0,0.0,26.0,0.0,0.0,4.6000000000000005,5000.0,4990.0,4990.0,1.0,1.0,0.0,31.0,2594.0,0.0,255.0,857.0,289.0,0.0,0.0,1245716.0,3.008,3.0,50.0,
1788528532197,2026-09-04T17:28:52.197,0.0,4.0,0.0,1.0,1453.0,14.200000000000001,83.0,1.83,1.83,1.83,1.83,1.0,1.0,395.0,1.0,0.0,742.0,68.5,83.0,0.03163093,0.03163093,16.0,0.999,45.0,28.0,28.0,-7.0,28.0,28.0,28.0,28.0,0.0,0.0,0.0,0.0,37.0,13.0,16.0,12.0,210.0,252.0,2.0,2.0,620.0,4370.0,0.0,0.0,0.0,1.0,19475.0,9.8,0.0,0.0,,,,,,,,,,,,,,-22.25,-19.125,-20.0625,24.6875,-22.25,750.0,2.0,390.0,200.0,0.0,0.0,254.0,20.0,0.0,8.0,0.0,0.0,1.0,0.0,8.0,0.0,5.0,1.0,4.0,100.0,8.0,28488.0,101.0,0.0,0.0,0.0,0.0,26.0,0.0,0.0,4.6000000000000005,5000.0,4990.0,4990.0,1.0,1.0,0.0,31.0,1954.0,0.0,255.0,857.0,281.0,0.0,0.0,1245716.0,3.008,3.0,50.0,
1788528533105,2026-09-04T17:28:53.105,0.0,4.0,0.0,1.0,900.0,14.100000000000001,83.0,1.52,1.52,1.52,1.52,0.0,1.0,83.0,0.0,0.0,43.0,72.0,85.5,0.07221489999999997,0.07221489999999997,15.0,0.999,21.0,26.0,26.0,1.0,9.0,9.0,9.0,9.0,0.0,0.0,0.0,0.0,37.0,17.0,15.0,7.1000000000000005,273.0,252.0,1.0,1.0,580.0,4400.0,0.0,0.0,0.0,1.0,19475.0,7.5,1.0,0.0,,,,,,,,,,,,,,-24.5625,-2.3125,-3.125,27.0,-24.5625,750.0,0.0,390.0,200.0,0.0,0.0,254.0,20.0,0.0,8.0,0.0,1.0,1.0,0.0,8.0,0.0,5.0,1.0,4.0,100.0,10.0,28488.0,101.0,0.0,0.0,0.0,0.0,26.0,0.0,0.0,4.6000000000000005,5000.0,4990.0,4980.0,1.0,1.0,0.0,31.0,1265.0,0.0,255.0,857.0,289.0,0.0,0.0,1245716.0,3.008,3.0,50.0,
1788528533856,2026-09-04T17:28:53.856,0.0,4.0,0.0,1.0,797.0,14.200000000000001,83.0,1.92,1.92,1.92,1.92,1.0,1.0,800.0,1.0,0.0,722.0,70.0,83.0,0.056748889999999996,0.056748889999999996,15.0,0.999,23.0,22.0,22.0,-5.0,3.0,3.0,3.0,3.0,0.0,0.0,0.0,0.0,37.0,19.0,17.0,7.800000000000001,315.0,294.0,2.0,2.0,600.0,4390.0,0.0,0.0,0.0,1.0,19475.0,8.1,0.0,0.0,,,,,,,,,,,,,,-25.8125,-3.1875,-4.0,28.25,-25.8125,750.0,0.0,390.0,200.0,0.0,0.0,254.0,20.0,0.0,8.0,0.0,1.0,1.0,0.0,8.0,0.0,5.0,1.0,4.0,100.0,9.0,28488.0,101.0,0.0,0.0,0.0,0.0,26.0,0.0,0.0,4.6000000000000005,5000.0,4990.0,4980.0,1.0,1.0,0.0,31.0,1150.0,0.0,255.0,857.0,297.0,0.0,0.0,1245716.0,3.008,3.0,50.0,
1788528534592,2026-09-04T17:28:54.592,0.0,4.0,0.0,1.0,753.0,14.200000000000001,83.0,2.19,2.19,2.19,2.19,1.0,1.0,820.0,1.0,0.0,815.0,71.5,83.5,0.04896628999999997,0.04896628999999997,15.0,0.999,26.0,17.0,17.0,-11.0,-3.0,-3.0,-3.0,-3.0,0.0,0.0,0.0,0.0,37.0,21.0,19.0,8.0,357.0,315.0,2.0,2.0,600.0,4390.0,0.0,0.0,0.0,1.0,19475.0,8.6,1.0,0.0,,,,,,,,,,,,,,-25.75,-1.6875,-0.75,28.1875,-25.75,750.0,0.0,390.0,200.0,0.0,0.0,254.0,20.0,0.0,8.0,0.0,1.0,1.0,0.0,8.0,0.0,5.0,1.0,4.0,100.0,8.0,28488.0,101.0,0.0,0.0,0.0,0.0,26.0,0.0,0.0,4.6000000000000005,5000.0,4990.0,4980.0,1.0,1.0,0.0,31.0,1230.0,0.0,255.0,857.0,302.0,0.0,0.0,1245716.0,3.008,3.0,50.0,
1788528535511,2026-09-04T17:28:55.511,0.0,4.0,0.0,1.0,743.0,14.100000000000001,83.0,2.37,2.37,2.37,2.37,1.0,1.0,820.0,1.0,0.0,825.0,71.5,83.5,0.04196194999999997,0.04196194999999997,15.0,0.999,27.0,16.0,16.0,-16.0,-3.0,-3.0,-3.0,-3.0,0.0,0.0,0.0,0.0,37.0,21.0,21.0,8.4,357.0,336.0,2.0,2.0,600.0,4390.0,0.0,0.0,0.0,1.0,19475.0,8.5,1.0,0.0,,,,,,,,,,,,,,-25.3125,-0.0625,-0.4375,27.75,-25.3125,750.0,0.0,390.0,200.0,0.0,0.0,254.0,20.0,0.0,8.0,0.0,1.0,0.0,0.0,8.0,0.0,5.0,1.0,4.0,0.0,8.0,28488.0,101.0,0.0,0.0,0.0,0.0,26.0,0.0,0.0,4.6000000000000005,5000.0,4990.0,4980.0,1.0,1.0,0.0,31.0,1082.0,0.0,255.0,857.0,302.0,0.0,0.0,1245716.0,3.008,3.0,50.0,
1788528536271,2026-09-04T17:28:56.271,0.0,4.0,0.0,1.0,755.0,14.100000000000001,83.0,2.21,2.21,2.21,2.21,1.0,1.0,810.0,1.0,0.0,815.0,72.5,83.0,0.03340108999999997,0.03340108999999997,14.0,0.999,23.0,16.0,16.0,-12.0,-3.0,-3.0,-3.0,-3.0,0.0,0.0,0.0,0.0,37.0,19.0,19.0,8.0,315.0,315.0,2.0,2.0,590.0,4400.0,0.0,0.0,0.0,1.0,19475.0,7.800000000000001,0.0,0.0,,,,,,,,,,,,,,-25.5625,-0.0625,-2.125,28.0,-25.5625,750.0,0.0,390.0,200.0,0.0,0.0,254.0,20.0,0.0,8.0,0.0,1.0,0.0,0.0,8.0,0.0,5.0,1.0,4.0,0.0,10.0,28488.0,101.0,0.0,0.0,0.0,0.0,26.0,0.0,0.0,4.6000000000000005,5000.0,4990.0,4980.0,1.0,1.0,0.0,31.0,1246.0,0.0,255.0,857.0,302.0,0.0,0.0,1245716.0,3.008,3.0,50.0,
1788528536968,2026-09-04T17:28:56.968,0.0,4.0,0.0,1.0,755.0,14.200000000000001,83.0,2.14,2.14,2.14,2.14,1.0,1.0,825.0,1.0,0.0,825.0,72.0,83.0,0.025618489999999994,0.025618489999999994,14.0,0.999,23.0,18.0,18.0,-9.0,-2.0,-2.0,-2.0,-2.0,0.0,0.0,0.0,0.0,37.0,19.0,19.0,7.6000000000000005,315.0,294.0,2.0,1.0,580.0,4400.0,0.0,0.0,0.0,1.0,19475.0,7.6000000000000005,1.0,0.0,,,,,,,,,,,,,,-25.75,-1.625,-2.375,28.1875,-25.75,750.0,0.0,390.0,200.0,0.0,0.0,254.0,20.0,0.0,8.0,0.0,1.0,0.0,0.0,8.0,0.0,5.0,1.0,4.0,0.0,9.0,28488.0,101.0,0.0,0.0,0.0,0.0,26.0,0.0,0.0,4.6000000000000005,5000.0,4990.0,4980.0,1.0,1.0,0.0,31.0,1441.0,0.0,255.0,857.0,302.0,0.0,0.0,1245716.0,3.008,3.0,50.0,
1788528537779,2026-09-04T17:28:57.779,0.0,4.0,0.0,1.0,754.0,14.100000000000001,83.0,2.08,2.08,2.08,2.08,1.0,1.0,820.0,1.0,0.0,830.0,72.5,82.5,0.018614149999999996,0.018614149999999996,14.0,0.999,23.0,19.0,19.0,-9.0,1.0,1.0,1.0,1.0,0.0,0.0,0.0,0.0,37.0,18.0,19.0,7.6000000000000005,315.0,294.0,1.0,1.0,580.0,4400.0,0.0,0.0,0.0,1.0,19475.0,7.5,0.0,0.0,,,,,,,,,,,,,,-25.8125,-3.25,-2.8125,28.25,-25.8125,750.0,0.0,390.0,200.0,0.0,0.0,254.0,20.0,0.0,8.0,0.0,1.0,0.0,0.0,8.0,0.0,5.0,1.0,4.0,0.0,9.0,28488.0,101.0,0.0,0.0,0.0,0.0,26.0,0.0,0.0,4.6000000000000005,5000.0,4990.0,4980.0,1.0,1.0,0.0,31.0,1239.0,0.0,255.0,857.0,301.0,0.0,0.0,1245716.0,3.008,3.0,50.0,
1788528538530,2026-09-04T17:28:58.530,0.0,4.0,0.0,1.0,744.0,14.100000000000001,83.0,2.06,2.06,2.06,2.06,1.0,1.0,815.0,1.0,0.0,825.0,73.5,83.0,0.010831549999999968,0.010831549999999968,13.0,0.999,23.0,19.0,19.0,-9.0,1.0,1.0,1.0,1.0,0.0,0.0,0.0,0.0,37.0,18.0,19.0,7.7,315.0,294.0,2.0,1.0,580.0,4400.0,0.0,0.0,0.0,1.0,19475.0,7.6000000000000005,0.0,0.0,,,,,,,,,,,,,,-25.625,-1.9375,-2.5625,28.0625,-25.625,750.0,0.0,390.0,200.0,0.0,0.0,254.0,20.0,0.0,8.0,0.0,1.0,0.0,0.0,8.0,0.0,5.0,1.0,4.0,0.0,9.0,28488.0,101.0,0.0,0.0,0.0,0.0,26.0,0.0,0.0,4.6000000000000005,5000.0,4990.0,4980.0,1.0,1.0,0.0,31.0,1199.0,0.0,255.0,857.0,301.0,0.0,0.0,1245716.0,3.008,3.0,50.0,
1788528539315,2026-09-04T17:28:59.315,0.0,4.0,0.0,1.0,755.0,14.100000000000001,83.0,2.04,2.04,2.04,2.04,1.0,1.0,810.0,1.0,0.0,820.0,74.0,83.0,0.00382720999999997,0.00382720999999997,13.0,0.999,23.0,19.0,19.0,-9.0,1.0,1.0,1.0,1.0,0.0,0.0,0.0,0.0,37.0,18.0,19.0,7.6000000000000005,294.0,294.0,1.0,1.0,580.0,4400.0,0.0,0.0,0.0,1.0,19475.0,7.4,1.0,0.0,,,,,,,,,,,,,,-26.0,-4.3125,-3.0,28.4375,-26.0,750.0,0.0,390.0,200.0,0.0,0.0,254.0,20.0,0.0,8.0,0.0,1.0,0.0,0.0,8.0,0.0,5.0,1.0,4.0,0.0,10.0,28488.0,101.0,0.0,0.0,0.0,0.0,26.0,0.0,0.0,4.6000000000000005,5000.0,4990.0,4980.0,1.0,1.0,0.0,31.0,1074.0,0.0,255.0,857.0,301.0,0.0,0.0,1245716.0,3.008,3.0,50.0,
1788528540295,2026-09-04T17:29:00.295,0.0,4.0,0.0,1.0,747.0,14.100000000000001,83.0,2.0100000000000002,2.0100000000000002,2.0100000000000002,2.0100000000000002,1.0,1.0,805.0,1.0,0.0,810.0,74.5,83.0,-0.0051227799999999934,-0.0051227799999999934,13.0,0.999,22.0,21.0,21.0,-8.0,1.0,1.0,1.0,1.0,0.0,0.0,0.0,0.0,37.0,18.0,18.0,7.4,294.0,294.0,1.0,1.0,580.0,4410.0,0.0,0.0,0.0,1.0,19475.0,7.300000000000001,0.0,0.0,,,,,,,,,,,,,,-25.8125,-2.8125,-3.4375,28.25,-25.8125,750.0,0.0,390.0,200.0,0.0,0.0,254.0,20.0,0.0,8.0,0.0,1.0,0.0,0.0,8.0,0.0,5.0,1.0,4.0,0.0,9.0,28488.0,101.0,0.0,0.0,0.0,0.0,26.0,0.0,0.0,4.6000000000000005,5000.0,4990.0,4980.0,1.0,1.0,0.0,31.0,1179.0,0.0,255.0,857.0,301.0,0.0,0.0,1245716.0,3.008,3.0,50.0,
1788528540959,2026-09-04T17:29:00.959,0.0,4.0,0.0,1.0,755.0,14.200000000000001,83.0,1.96,1.96,1.96,1.96,1.0,1.0,805.0,1.0,0.0,810.0,74.0,82.5,-0.01329451000000001,-0.01329451000000001,13.0,0.999,21.0,21.0,21.0,-7.0,2.0,2.0,2.0,2.0,0.0,0.0,0.0,0.0,37.0,17.0,18.0,7.300000000000001,294.0,294.0,1.0,1.0,580.0,4410.0,0.0,0.0,0.0,1.0,19475.0,7.300000000000001,1.0,0.0,,,,,,,,,,,,,,-25.9375,-4.125,-3.9375,28.375,-25.9375,750.0,0.0,390.0,200.0,0.0,0.0,254.0,20.0,0.0,8.0,0.0,1.0,0.0,0.0,8.0,0.0,5.0,1.0,4.0,0.0,9.0,28488.0,101.0,0.0,0.0,0.0,0.0,26.0,0.0,0.0,4.6000000000000005,5000.0,4990.0,4990.0,1.0,1.0,0.0,31.0,1174.0,0.0,255.0,857.0,301.0,0.0,0.0,1245716.0,3.008,3.0,50.0,
1788528541619,2026-09-04T17:29:01.619,0.0,4.0,0.0,1.0,744.0,14.100000000000001,83.0,1.95,1.95,1.95,1.95,1.0,1.0,786.0,1.0,0.0,800.0,75.0,83.5,-0.01990972000000002,-0.01990972000000002,13.0,0.999,23.0,21.0,21.0,-7.0,4.0,4.0,4.0,4.0,0.0,0.0,0.0,0.0,37.0,18.0,18.0,7.4,315.0,294.0,1.0,1.0,580.0,4410.0,0.0,0.0,0.0,1.0,19475.0,7.4,0.0,0.0,,,,,,,,,,,,,,-26.0,-2.1875,-3.0,28.4375,-26.0,750.0,0.0,390.0,200.0,0.0,0.0,254.0,20.0,0.0,8.0,0.0,1.0,0.0,0.0,8.0,0.0,5.0,1.0,4.0,0.0,10.0,28488.0,101.0,0.0,0.0,0.0,0.0,26.0,0.0,0.0,4.6000000000000005,5000.0,4990.0,4980.0,1.0,1.0,0.0,31.0,1483.0,0.0,255.0,857.0,302.0,0.0,0.0,1245716.0,3.008,3.0,50.0,
1788528542279,2026-09-04T17:29:02.279,0.0,4.0,0.0,1.0,747.0,14.200000000000001,83.0,1.94,1.94,1.94,1.94,1.0,1.0,786.0,1.0,0.0,795.0,75.5,83.0,-0.026135800000000015,-0.026135800000000015,13.0,0.999,22.0,21.0,21.0,-8.0,3.0,3.0,3.0,3.0,0.0,0.0,0.0,0.0,37.0,18.0,18.0,7.300000000000001,315.0,294.0,1.0,1.0,580.0,4410.0,0.0,0.0,0.0,1.0,19475.0,7.4,0.0,0.0,,,,,,,,,,,,,,-25.875,-2.875,-2.875,28.3125,-25.875,750.0,0.0,390.0,200.0,0.0,0.0,254.0,20.0,0.0,8.0,0.0,1.0,0.0,0.0,8.0,0.0,5.0,1.0,4.0,0.0,10.0,28488.0,101.0,0.0,0.0,0.0,0.0,26.0,0.0,0.0,4.6000000000000005,5000.0,4990.0,4990.0,1.0,1.0,0.0,31.0,1406.0,0.0,255.0,857.0,302.0,0.0,0.0,1245716.0,3.008,3.0,50.0,
1788528542786,2026-09-04T17:29:02.786,0.0,4.0,0.0,1.0,747.0,14.100000000000001,83.0,1.96,1.96,1.96,1.96,1.0,1.0,781.0,1.0,0.0,791.0,75.0,83.0,-0.03275101,-0.03275101,13.0,0.999,23.0,21.0,21.0,-8.0,3.0,3.0,3.0,3.0,0.0,0.0,0.0,0.0,37.0,18.0,18.0,7.300000000000001,315.0,294.0,1.0,1.0,580.0,4400.0,0.0,0.0,0.0,1.0,19475.0,7.4,1.0,0.0,,,,,,,,,,,,,,-25.9375,-2.6875,-3.6875,28.375,-25.9375,750.0,0.0,390.0,200.0,0.0,0.0,254.0,20.0,0.0,8.0,0.0,1.0,0.0,0.0,8.0,0.0,5.0,1.0,4.0,0.0,10.0,28488.0,101.0,0.0,0.0,0.0,0.0,26.0,0.0,0.0,4.6000000000000005,5000.0,4990.0,4980.0,1.0,1.0,0.0,31.0,1204.0,0.0,255.0,857.0,303.0,0.0,0.0,1245716.0,3.008,3.0,50.0,
1788528543304,2026-09-04T17:29:03.304,0.0,4.0,0.0,1.0,751.0,14.100000000000001,83.0,1.93,1.93,1.93,1.93,1.0,1.0,776.0,1.0,0.0,791.0,76.5,83.5,-0.04747691000000001,-0.04747691000000001,14.0,0.999,23.0,21.0,21.0,-8.0,3.0,3.0,3.0,3.0,0.0,0.0,0.0,0.0,37.0,18.0,18.0,7.300000000000001,315.0,294.0,1.0,1.0,580.0,4400.0,0.0,0.0,0.0,1.0,19475.0,7.4,1.0,0.0,,,,,,,,,,,,,,-25.9375,-2.625,-2.6875,28.375,-25.9375,750.0,0.0,390.0,200.0,0.0,0.0,254.0,20.0,0.0,8.0,0.0,1.0,0.0,0.0,8.0,0.0,5.0,1.0,4.0,0.0,10.0,28488.0,101.0,0.0,0.0,0.0,0.0,26.0,0.0,0.0,4.6000000000000005,5000.0,4990.0,4990.0,1.0,1.0,0.0,31.0,1186.0,0.0,255.0,857.0,306.0,0.0,0.0,1245716.0,3.008,3.0,50.0,
1788528543827,2026-09-04T17:29:03.827,0.0,4.0,0.0,1.0,746.0,14.200000000000001,83.0,1.85,1.85,1.85,1.85,1.0,1.0,751.0,1.0,0.0,781.0,75.5,82.5,-0.07048899,-0.07048899,14.0,0.999,23.0,21.0,21.0,-8.0,4.0,4.0,4.0,4.0,0.0,0.0,0.0,0.0,37.0,18.0,18.0,7.4,315.0,294.0,1.0,1.0,580.0,4400.0,0.0,0.0,0.0,1.0,19475.0,7.4,0.0,0.0,,,,,,,,,,,,,,-25.875,-2.25,-1.875,28.3125,-25.875,750.0,0.0,390.0,200.0,0.0,0.0,254.0,20.0,0.0,8.0,0.0,1.0,0.0,0.0,8.0,0.0,5.0,1.0,4.0,0.0,10.0,28488.0,101.0,0.0,0.0,0.0,0.0,26.0,0.0,0.0,4.6000000000000005,5000.0,4990.0,4980.0,1.0,1.0,0.0,31.0,1608.0,0.0,255.0,857.0,306.0,0.0,0.0,1245716.0,3.008,3.0,50.0,
1788528544314,2026-09-04T17:29:04.314,0.0,4.0,0.0,1.0,742.0,14.200000000000001,83.0,1.82,1.82,1.82,1.82,1.0,1.0,688.0,1.0,0.0,756.0,76.5,83.0,-0.09350106999999999,-0.09350106999999999,14.0,0.999,23.0,21.0,21.0,-8.0,3.0,3.0,3.0,3.0,0.0,0.0,0.0,0.0,37.0,19.0,18.0,7.5,315.0,294.0,1.0,2.0,590.0,4400.0,0.0,0.0,0.0,1.0,19475.0,7.6000000000000005,1.0,0.0,,,,,,,,,,,,,,-25.8125,-0.9375,-0.1875,28.25,-25.8125,750.0,0.0,390.0,200.0,0.0,0.0,254.0,20.0,0.0,8.0,0.0,1.0,1.0,0.0,8.0,0.0,5.0,1.0,4.0,100.0,10.0,28488.0,101.0,0.0,0.0,0.0,0.0,26.0,0.0,0.0,4.6000000000000005,5000.0,4990.0,4980.0,1.0,1.0,0.0,31.0,1354.0,0.0,255.0,857.0,317.0,0.0,0.0,1245716.0,3.008,3.0,50.0,
1788528544811,2026-09-04T17:29:04.811,0.0,4.0,0.0,1.0,732.0,14.100000000000001,83.0,2.0,2.0,2.0,2.0,0.0,1.0,117.0,1.0,0.0,664.0,76.0,82.5,-0.05786896999999999,-0.05786896999999999,14.0,0.999,26.0,18.0,18.0,-10.0,0.0,0.0,0.0,0.0,0.0,0.0,0.0,0.0,37.0,21.0,19.0,7.800000000000001,357.0,315.0,2.0,2.0,590.0,4390.0,0.0,0.0,0.0,1.0,19475.0,8.5,1.0,0.0,,,,,,,,,,,,,,-25.8125,-0.1875,-0.875,28.25,-25.8125,750.0,0.0,390.0,200.0,0.0,0.0,254.0,20.0,0.0,8.0,0.0,1.0,1.0,0.0,8.0,0.0,5.0,1.0,4.0,100.0,10.0,28488.0,101.0,0.0,0.0,0.0,0.0,26.0,0.0,0.0,4.6000000000000005,5000.0,4990.0,4990.0,1.0,1.0,0.0,31.0,1257.0,0.0,255.0,857.0,317.0,0.0,0.0,1245716.0,3.008,3.0,50.0,
1788528545254,2026-09-04T17:29:05.254,0.0,4.0,0.0,1.0,741.0,14.100000000000001,83.0,2.13,2.13,2.13,2.13,0.0,1.0,83.0,0.0,0.0,63.0,76.0,83.0,-0.05319941,-0.05319941,14.0,0.999,28.0,16.0,16.0,-14.0,-2.0,-2.0,-2.0,-2.0,0.0,0.0,0.0,0.0,37.0,22.0,20.0,8.3,357.0,336.0,2.0,2.0,600.0,4380.0,0.0,0.0,0.0,1.0,19475.0,8.700000000000001,1.0,0.0,,,,,,,,,,,,,,-25.3125,-0.75,0.4375,27.75,-25.3125,750.0,0.0,390.0,200.0,0.0,0.0,254.0,20.0,0.0,8.0,0.0,1.0,1.0,0.0,8.0,0.0,5.0,1.0,4.0,100.0,10.0,28488.0,101.0,0.0,0.0,0.0,0.0,26.0,0.0,0.0,4.6000000000000005,5000.0,4990.0,4980.0,1.0,1.0,0.0,31.0,1076.0,0.0,255.0,857.0,317.0,0.0,0.0,1245716.0,3.008,3.0,50.0,
1788528545868,2026-09-04T17:29:05.868,0.0,4.0,0.0,1.0,750.0,14.200000000000001,83.0,2.17,2.17,2.17,2.17,0.0,1.0,122.0,0.0,0.0,97.0,76.0,82.5,-0.04814072,-0.04814072,15.0,0.999,29.0,15.0,15.0,-17.0,-5.0,-5.0,-5.0,-5.0,0.0,0.0,0.0,0.0,37.0,21.0,21.0,8.5,357.0,336.0,2.0,2.0,600.0,4380.0,0.0,0.0,0.0,1.0,19475.0,8.700000000000001,0.0,0.0,,,,,,,,,,,,,,-25.4375,-0.625,-0.625,27.875,-25.4375,750.0,0.0,390.0,200.0,0.0,0.0,254.0,20.0,0.0,8.0,0.0,1.0,1.0,0.0,8.0,0.0,5.0,1.0,4.0,100.0,10.0,28488.0,101.0,0.0,0.0,0.0,0.0,26.0,0.0,0.0,4.6000000000000005,5000.0,4990.0,4980.0,1.0,1.0,0.0,31.0,1126.0,0.0,255.0,857.0,318.0,0.0,0.0,1245716.0,3.008,3.0,50.0,
1788528546324,2026-09-04T17:29:06.324,0.0,4.0,0.0,1.0,748.0,14.200000000000001,83.0,2.2,2.2,2.2,2.2,1.0,1.0,522.0,1.0,0.0,468.0,76.5,82.5,-0.04308202999999999,-0.04308202999999999,15.0,0.999,29.0,15.0,15.0,-17.0,-7.0,-7.0,-7.0,-7.0,0.0,0.0,0.0,0.0,37.0,22.0,21.0,8.5,357.0,336.0,2.0,2.0,600.0,4390.0,0.0,0.0,0.0,1.0,19475.0,8.8,1.0,0.0,,,,,,,,,,,,,,-25.25,-0.9375,0.25,27.6875,-25.25,750.0,0.0,390.0,200.0,0.0,0.0,254.0,20.0,0.0,8.0,0.0,1.0,1.0,0.0,8.0,0.0,5.0,1.0,4.0,100.0,10.0,28488.0,101.0,0.0,0.0,0.0,0.0,26.0,0.0,0.0,4.6000000000000005,5000.0,4990.0,4980.0,1.0,1.0,0.0,31.0,1264.0,0.0,255.0,857.0,318.0,0.0,0.0,1245716.0,3.008,3.0,50.0,
1788528546878,2026-09-04T17:29:06.878,0.0,4.0,0.0,1.0,743.0,14.100000000000001,83.0,2.15,2.15,2.15,2.15,1.0,1.0,717.0,1.0,0.0,708.0,80.0,86.0,-0.06438499,-0.06438499,15.0,0.999,29.0,15.0,15.0,-17.0,-5.0,-5.0,-5.0,-5.0,0.0,0.0,0.0,0.0,37.0,22.0,21.0,8.5,357.0,336.0,2.0,2.0,600.0,4380.0,0.0,0.0,0.0,1.0,19475.0,9.0,1.0,0.0,,,,,,,,,,,,,,-25.3125,-0.4375,0.25,27.75,-25.3125,750.0,0.0,390.0,200.0,0.0,0.0,254.0,20.0,0.0,8.0,0.0,1.0,1.0,0.0,8.0,0.0,5.0,1.0,4.0,100.0,10.0,28488.0,101.0,0.0,0.0,0.0,0.0,26.0,0.0,0.0,4.6000000000000005,5000.0,4990.0,4980.0,1.0,1.0,0.0,31.0,1403.0,0.0,255.0,857.0,318.0,0.0,0.0,1245716.0,3.008,3.0,50.0,
1788528547421,2026-09-04T17:29:07.421,0.0,4.0,0.0,1.0,750.0,14.200000000000001,83.0,2.18,2.18,2.18,2.18,0.0,1.0,102.0,0.0,0.0,219.0,0.0,0.0,-0.04814072,-0.04814072,15.0,0.999,29.0,15.0,15.0,-18.0,-6.0,-6.0,-6.0,-6.0,0.0,0.0,0.0,0.0,37.0,21.0,21.0,8.6,357.0,336.0,2.0,2.0,600.0,4380.0,0.0,0.0,0.0,1.0,19475.0,8.8,0.0,0.0,,,,,,,,,,,,,,-25.4375,-0.3125,-0.375,27.875,-25.4375,750.0,0.0,390.0,200.0,0.0,0.0,254.0,20.0,0.0,8.0,0.0,1.0,1.0,0.0,8.0,0.0,5.0,1.0,4.0,100.0,10.0,28488.0,101.0,0.0,0.0,0.0,0.0,26.0,0.0,0.0,4.6000000000000005,5000.0,4990.0,4980.0,1.0,1.0,0.0,31.0,1194.0,0.0,255.0,857.0,320.0,0.0,0.0,1245716.0,3.008,3.0,50.0,
1788528547966,2026-09-04T17:29:07.966,0.0,4.0,0.0,1.0,732.0,13.3,83.0,2.31,2.31,2.31,2.31,0.0,1.0,107.0,0.0,0.0,107.0,88.0,94.5,-0.042692900000000006,-0.042692900000000006,15.0,0.999,29.0,15.0,15.0,-20.0,-1.0,-1.0,-1.0,-1.0,0.0,0.0,0.0,0.0,37.0,25.0,22.0,8.6,399.0,357.0,2.0,2.0,610.0,4380.0,0.0,0.0,0.0,1.0,19475.0,9.700000000000001,0.0,0.0,,,,,,,,,,,,,,-25.4375,4.625,4.9375,27.875,-25.4375,750.0,0.0,390.0,200.0,0.0,0.0,254.0,20.0,0.0,8.0,0.0,1.0,1.0,0.0,8.0,0.0,5.0,1.0,4.0,100.0,10.0,28488.0,101.0,0.0,0.0,0.0,0.0,26.0,0.0,0.0,4.6000000000000005,5000.0,4990.0,4990.0,1.0,1.0,0.0,31.0,1295.0,0.0,255.0,857.0,401.0,0.0,0.0,1245716.0,3.008,3.0,50.0,
1788528548467,2026-09-04T17:29:08.467,0.0,4.0,0.0,1.0,731.0,14.3,83.0,10.43,10.43,10.43,10.43,0.0,1.0,83.0,0.0,0.0,78.0,79.0,84.5,-0.036627049999999994,-0.036627049999999994,16.0,0.999,36.0,9.0,7.0,-36.0,7.0,7.0,7.0,7.0,0.0,0.0,0.0,0.0,37.0,60.0,60.0,34.6,861.0,840.0,40.0,38.0,2110.0,2870.0,23.0,0.0,95.0,1.0,19475.0,35.5,1.0,0.0,,,,,,,,,,,,,,105.625,83.9375,83.75,28.5,105.625,750.0,0.0,2130.0,1040.0,51.900000000000006,50.0,254.0,20.0,0.0,8.0,0.0,0.0,1.0,0.0,8.0,0.0,5.0,2.0,4.0,100.0,10.0,28488.0,101.0,0.0,0.0,0.0,0.0,26.0,0.0,0.0,4.6000000000000005,5000.0,4990.0,4980.0,1.0,1.0,0.0,31.0,2186.0,0.0,255.0,857.0,396.0,0.0,0.0,1245716.0,3.008,3.0,50.0,
1788528548993,2026-09-04T17:29:08.993,0.0,4.0,0.0,1.0,1878.0,14.200000000000001,83.0,11.05,11.05,11.05,11.05,0.0,1.0,73.0,0.0,0.0,63.0,77.5,83.0,0.010900220000000016,0.010900220000000016,16.0,0.999,99.0,20.0,17.0,-29.0,15.0,15.0,15.0,15.0,0.0,0.0,0.0,0.0,38.0,73.0,74.0,89.0,861.0,840.0,75.0,74.0,3600.0,1360.0,37.0,36.0,44.0,1.0,19475.0,89.60000000000001,1.0,0.0,,,,,,,,,,,,,,108.1875,106.6875,107.0625,25.4375,108.1875,750.0,1.0,2110.0,1030.0,51.400000000000006,49.800000000000004,254.0,20.0,0.0,8.0,0.0,0.0,1.0,0.0,8.0,0.0,5.0,2.0,4.0,100.0,9.0,28488.0,101.0,0.0,0.0,0.0,0.0,26.0,0.0,0.0,4.6000000000000005,5000.0,4990.0,4980.0,1.0,1.0,0.0,31.0,4585.0,0.0,255.0,857.0,394.0,0.0,0.0,1245716.0,3.008,3.0,50.0,
1788528549467,2026-09-04T17:29:09.467,0.0,4.0,0.0,1.0,2796.0,14.0,83.0,11.59,11.59,11.59,11.59,1.0,1.0,761.0,1.0,0.0,742.0,77.0,83.5,-0.010356959999999998,-0.010356959999999998,16.0,0.999,99.0,22.0,22.0,-29.0,19.0,19.0,19.0,19.0,0.0,0.0,0.0,0.0,38.0,69.0,72.0,112.80000000000001,798.0,798.0,36.0,36.0,2010.0,2960.0,38.0,38.0,41.0,1.0,19475.0,110.9,0.0,0.0,,,,,,,,,,,,,,97.5,101.1875,101.0625,24.4375,97.5,750.0,5.0,2070.0,1010.0,50.400000000000006,48.6,254.0,20.0,0.0,8.0,0.0,0.0,1.0,0.0,8.0,0.0,5.0,2.0,4.0,100.0,6.0,28488.0,101.0,0.0,0.0,0.0,0.0,26.0,0.0,0.0,4.6000000000000005,5000.0,4990.0,4980.0,1.0,1.0,0.0,31.0,5000.0,0.0,255.0,857.0,394.0,0.0,0.0,1245716.0,3.008,3.0,50.0,
1788528550054,2026-09-04T17:29:10.054,0.0,4.0,0.0,1.0,2922.0,14.200000000000001,83.0,9.96,9.96,9.96,9.96,0.0,1.0,195.0,0.0,0.0,190.0,75.5,84.5,0.03686510999999998,0.03686510999999998,16.0,0.999,99.0,22.0,19.0,-23.0,19.0,19.0,19.0,19.0,0.0,0.0,0.0,0.0,38.0,67.0,69.0,106.10000000000001,777.0,777.0,31.0,31.0,1810.0,3160.0,38.0,38.0,41.0,1.0,19475.0,104.60000000000001,0.0,0.0,,,,,,,,,,,,,,100.0625,101.875,102.1875,20.75,100.0625,750.0,11.0,1980.0,960.0,47.300000000000004,45.7,254.0,20.0,0.0,8.0,0.0,0.0,1.0,0.0,8.0,0.0,5.0,2.0,4.0,100.0,4.0,28488.0,101.0,0.0,0.0,0.0,0.0,26.0,0.0,0.0,4.6000000000000005,5000.0,4990.0,4980.0,1.0,1.0,0.0,31.0,4118.0,0.0,255.0,857.0,393.0,0.0,0.0,1245716.0,3.008,3.0,50.0,
1788528550576,2026-09-04T17:29:10.576,0.0,4.0,0.0,1.0,2718.0,14.200000000000001,83.0,10.67,10.67,10.67,10.67,0.0,1.0,288.0,1.0,0.0,468.0,73.5,85.5,0.09465472999999996,0.09465472999999996,16.0,0.999,99.0,21.0,21.0,-20.0,21.0,21.0,21.0,21.0,0.0,0.0,0.0,0.0,38.0,74.0,71.0,104.30000000000001,861.0,819.0,36.0,36.0,2010.0,2960.0,39.0,39.0,40.0,1.0,19475.0,110.5,1.0,0.0,,,,,,,,,,,,,,112.1875,107.25,107.125,17.9375,112.1875,750.0,15.0,1970.0,960.0,47.0,45.400000000000006,254.0,20.0,0.0,8.0,0.0,0.0,1.0,0.0,8.0,0.0,5.0,2.0,4.0,100.0,3.0,28488.0,101.0,0.0,0.0,0.0,0.0,26.0,0.0,0.0,4.6000000000000005,5000.0,4990.0,4980.0,1.0,1.0,0.0,31.0,3054.0,0.0,255.0,857.0,393.0,0.0,0.0,1245716.0,3.008,3.0,50.0,
1788528551161,2026-09-04T17:29:11.161,0.0,4.0,0.0,1.0,2712.0,14.200000000000001,83.0,10.84,10.84,10.84,10.84,1.0,1.0,756.0,1.0,0.0,668.0,71.0,85.5,0.07770850000000001,0.07770850000000001,16.0,0.999,99.0,21.0,18.0,-18.0,18.0,18.0,18.0,18.0,0.0,0.0,0.0,0.0,38.0,76.0,74.0,110.5,861.0,819.0,42.0,41.0,2240.0,2730.0,38.0,39.0,41.0,1.0,19475.0,116.2,1.0,0.0,,,,,,,,,,,,,,116.6875,111.9375,112.5625,18.0625,116.6875,750.0,20.0,1860.0,900.0,44.2,42.400000000000006,254.0,20.0,0.0,8.0,0.0,0.0,1.0,0.0,8.0,0.0,5.0,2.0,4.0,100.0,1.0,28488.0,101.0,0.0,0.0,0.0,0.0,26.0,0.0,0.0,4.6000000000000005,5000.0,4990.0,4980.0,1.0,1.0,0.0,31.0,4982.0,0.0,255.0,857.0,392.0,0.0,0.0,1245716.0,3.008,3.0,50.0,
1788528551589,2026-09-04T17:29:11.589,0.0,4.0,0.0,1.0,3125.0,14.200000000000001,83.0,9.84,9.84,9.84,9.84,1.0,1.0,747.0,1.0,0.0,742.0,68.5,86.0,0.021643259999999998,0.021643259999999998,16.0,0.999,99.0,23.0,23.0,-29.0,12.0,12.0,12.0,12.0,0.0,0.0,0.0,0.0,38.0,57.0,62.0,107.5,672.0,714.0,24.0,24.0,1520.0,3450.0,37.0,36.0,54.0,1.0,19475.0,102.30000000000001,0.0,0.0,,,,,,,,,,,,,,74.375,81.6875,81.125,20.5625,74.375,750.0,23.0,1600.0,770.0,35.9,34.300000000000004,254.0,20.0,0.0,8.0,0.0,0.0,0.0,0.0,8.0,0.0,5.0,2.0,4.0,0.0,2.0,28488.0,101.0,0.0,0.0,0.0,0.0,26.0,0.0,0.0,4.6000000000000005,5000.0,4990.0,4980.0,1.0,1.0,0.0,31.0,5000.0,0.0,255.0,857.0,392.0,0.0,0.0,1245716.0,3.008,3.0,50.0,
1788528552091,2026-09-04T17:29:12.091,0.0,4.0,0.0,1.0,3406.0,14.200000000000001,83.0,6.59,6.59,6.59,6.59,0.0,1.0,166.0,0.0,0.0,97.0,66.5,86.5,0.042618129999999976,0.042618129999999976,16.0,0.999,99.0,23.0,23.0,-33.0,20.0,20.0,20.0,20.0,0.0,0.0,0.0,0.0,38.0,45.0,49.0,92.7,546.0,567.0,19.0,19.0,1300.0,3670.0,26.0,29.0,31.0,1.0,19475.0,88.60000000000001,0.0,0.0,,,,,,,,,,,,,,56.25,65.9375,64.75,21.9375,56.25,750.0,25.0,1540.0,740.0,34.2,32.9,254.0,20.0,0.0,8.0,0.0,0.0,0.0,0.0,8.0,0.0,5.0,2.0,4.0,0.0,6.0,28488.0,101.0,0.0,0.0,0.0,0.0,26.0,0.0,0.0,4.6000000000000005,5000.0,4990.0,4980.0,1.0,1.0,0.0,31.0,5000.0,0.0,255.0,857.0,392.0,0.0,0.0,1245716.0,3.008,3.0,50.0,
1788528552671,2026-09-04T17:29:12.671,0.0,4.0,0.0,1.0,3628.0,14.200000000000001,83.0,5.58,5.58,5.58,5.58,1.0,1.0,722.0,1.0,0.0,717.0,60.5,86.0,-0.015598770000000012,-0.015598770000000012,15.0,0.999,99.0,25.0,25.0,-33.0,22.0,22.0,22.0,22.0,0.0,0.0,0.0,0.0,38.0,42.0,45.0,90.10000000000001,504.0,525.0,18.0,18.0,1250.0,3720.0,15.0,15.0,48.0,1.0,19475.0,86.0,1.0,0.0,,,,,,,,,,,,,,50.0,58.25,58.0625,22.625,50.0,750.0,26.0,1540.0,750.0,34.2,32.6,254.0,20.0,0.0,8.0,0.0,0.0,0.0,0.0,8.0,0.0,5.0,2.0,4.0,0.0,9.0,28488.0,101.0,0.0,0.0,0.0,0.0,26.0,0.0,0.0,4.6000000000000005,5000.0,4990.0,4990.0,1.0,1.0,0.0,31.0,5000.0,0.0,255.0,857.0,392.0,0.0,0.0,1245716.0,3.008,3.0,50.0,
1788528553221,2026-09-04T17:29:13.221,0.0,4.0,0.0,1.0,3744.0,14.100000000000001,83.0,5.29,5.29,5.29,5.29,1.0,1.0,429.0,1.0,0.0,625.0,55.5,86.5,-0.024014659999999993,-0.024014659999999993,15.0,0.999,99.0,26.0,26.0,-31.0,19.0,19.0,19.0,19.0,0.0,0.0,0.0,0.0,38.0,43.0,45.0,93.0,504.0,504.0,18.0,18.0,1260.0,3710.0,14.0,15.0,41.0,1.0,19475.0,90.4,1.0,0.0,,,,,,,,,,,,,,52.125,59.1875,59.0,23.1875,52.125,750.0,27.0,1600.0,770.0,35.9,34.300000000000004,254.0,20.0,0.0,8.0,0.0,0.0,0.0,0.0,8.0,0.0,5.0,2.0,4.0,0.0,9.0,28488.0,101.0,0.0,0.0,0.0,0.0,26.0,0.0,0.0,4.6000000000000005,5000.0,4990.0,4980.0,1.0,1.0,0.0,31.0,5000.0,0.0,255.0,857.0,392.0,0.0,0.0,1245716.0,3.008,3.0,50.0,
1788528553665,2026-09-04T17:29:13.665,0.0,4.0,0.0,1.0,3906.0,14.200000000000001,83.0,6.0600000000000005,6.0600000000000005,6.0600000000000005,6.0600000000000005,1.0,1.0,751.0,1.0,0.0,678.0,50.5,84.5,0.036063960000000006,0.036063960000000006,15.0,0.999,99.0,26.0,26.0,-14.0,26.0,26.0,26.0,26.0,0.0,0.0,0.0,0.0,38.0,43.0,47.0,100.7,483.0,504.0,19.0,19.0,1300.0,3680.0,20.0,20.0,42.0,1.0,19475.0,94.10000000000001,0.0,0.0,,,,,,,,,,,,,,50.875,58.0625,57.75,23.5,50.875,750.0,28.0,1600.0,770.0,35.9,34.300000000000004,254.0,20.0,0.0,8.0,0.0,0.0,0.0,0.0,8.0,0.0,5.0,2.0,4.0,0.0,7.0,28488.0,101.0,0.0,0.0,0.0,0.0,26.0,0.0,0.0,4.5,5000.0,4990.0,4980.0,1.0,1.0,0.0,31.0,5000.0,0.0,255.0,857.0,392.0,0.0,0.0,1245716.0,3.008,3.0,50.0,
1788528554128,2026-09-04T17:29:14.128,0.0,4.0,0.0,1.0,4027.0,14.200000000000001,83.0,5.67,5.67,5.67,5.67,0.0,1.0,175.0,0.0,0.0,283.0,47.5,84.0,0.019079579999999985,0.019079579999999985,15.0,0.999,99.0,27.0,27.0,-8.0,27.0,27.0,27.0,27.0,0.0,0.0,0.0,0.0,38.0,42.0,45.0,98.60000000000001,462.0,483.0,18.0,18.0,1290.0,3680.0,14.0,14.0,52.0,1.0,19475.0,93.7,0.0,0.0,,,,,,,,,,,,,,48.25,54.1875,54.25,23.9375,48.25,750.0,28.0,1590.0,770.0,35.7,34.300000000000004,254.0,20.0,0.0,8.0,0.0,0.0,0.0,0.0,8.0,0.0,5.0,2.0,4.0,0.0,5.0,28488.0,101.0,0.0,0.0,0.0,0.0,26.0,0.0,0.0,4.5,5000.0,4990.0,4970.0,1.0,1.0,0.0,31.0,5000.0,0.0,255.0,857.0,392.0,0.0,0.0,1245716.0,3.008,3.0,50.0,
1788528554650,2026-09-04T17:29:14.650,0.0,4.0,0.0,1.0,4140.0,14.200000000000001,83.0,5.44,5.44,5.44,5.44,1.0,1.0,761.0,1.0,0.0,668.0,44.5,83.5,0.015310359999999967,0.015310359999999967,15.0,0.999,99.0,27.0,27.0,-28.0,12.0,12.0,12.0,12.0,0.0,0.0,0.0,0.0,38.0,34.0,39.0,85.30000000000001,399.0,441.0,16.0,16.0,1190.0,3790.0,3.0,8.0,24.0,1.0,19475.0,77.7,1.0,0.0,,,,,,,,,,,,,,30.25,37.5625,37.5625,24.1875,30.25,750.0,29.0,1320.0,630.0,28.0,26.400000000000002,254.0,20.0,0.0,8.0,0.0,0.0,0.0,0.0,8.0,0.0,5.0,2.0,4.0,0.0,5.0,28488.0,101.0,0.0,0.0,0.0,0.0,26.0,0.0,0.0,4.5,5000.0,4990.0,4980.0,1.0,1.0,0.0,31.0,4027.0,0.0,255.0,857.0,384.0,0.0,0.0,1245716.0,3.008,3.0,50.0,
1788528555168,2026-09-04T17:29:15.168,0.0,4.0,0.0,1.0,4054.0,14.3,83.0,2.49,2.49,2.49,2.49,1.0,1.0,727.0,1.0,0.0,751.0,30.0,82.5,-0.044684329999999994,-0.044684329999999994,14.0,0.999,52.0,33.0,33.0,-31.0,16.0,16.0,16.0,16.0,0.0,0.0,0.0,0.0,37.0,18.0,20.0,43.6,231.0,252.0,10.0,10.0,930.0,4040.0,0.0,0.0,0.0,1.0,19475.0,41.5,1.0,0.0,,,,,,,,,,,,,,8.0625,8.375,7.5,23.75,8.0625,750.0,28.0,1250.0,600.0,25.5,24.1,254.0,20.0,0.0,8.0,0.0,0.0,0.0,0.0,8.0,0.0,5.0,2.0,4.0,0.0,7.0,28488.0,101.0,0.0,0.0,0.0,0.0,26.0,0.0,0.0,4.5,5000.0,4980.0,4980.0,1.0,1.0,0.0,31.0,4793.0,0.0,255.0,857.0,331.0,0.0,0.0,1245716.0,3.008,3.0,50.0,
1788528555756,2026-09-04T17:29:15.756,0.0,4.0,0.0,1.0,3972.0,14.100000000000001,83.0,2.5,2.5,2.5,2.5,0.0,1.0,73.0,0.0,0.0,53.0,12.0,82.5,0.05343746999999999,0.05343746999999999,14.0,0.999,44.0,33.0,33.0,-29.0,30.0,30.0,30.0,30.0,0.0,0.0,0.0,0.0,38.0,23.0,21.0,46.1,315.0,273.0,12.0,11.0,1000.0,3980.0,0.0,0.0,0.0,1.0,19475.0,51.300000000000004,0.0,0.0,,,,,,,,,,,,,,27.1875,20.25,20.25,23.1875,27.1875,750.0,27.0,1490.0,720.0,32.7,31.1,254.0,20.0,0.0,8.0,0.0,0.0,0.0,0.0,8.0,0.0,5.0,2.0,4.0,0.0,8.0,28488.0,101.0,0.0,0.0,0.0,0.0,26.0,0.0,0.0,4.5,5000.0,4990.0,4980.0,1.0,1.0,0.0,31.0,4949.0,0.0,255.0,857.0,313.0,0.0,0.0,1245716.0,3.008,3.0,50.0,
1788528556404,2026-09-04T17:29:16.404,0.0,4.0,0.0,1.0,3932.0,14.100000000000001,83.0,6.75,6.75,6.75,6.75,1.0,1.0,761.0,1.0,0.0,737.0,6.5,82.0,0.03754417999999998,0.03754417999999998,14.0,1.0,99.0,25.0,25.0,-5.0,25.0,25.0,25.0,25.0,0.0,0.0,0.0,0.0,38.0,58.0,58.0,129.4,609.0,609.0,25.0,25.0,1550.0,3420.0,40.0,39.0,34.0,1.0,19475.0,127.2,0.0,0.0,,,,,,,,,,,,,,81.875,84.4375,84.5,24.0,81.875,750.0,28.0,1810.0,870.0,42.2,40.400000000000006,254.0,20.0,0.0,8.0,0.0,0.0,0.0,0.0,8.0,0.0,5.0,2.0,4.0,0.0,7.0,28488.0,101.0,0.0,0.0,0.0,0.0,26.0,0.0,0.0,4.5,5000.0,4990.0,4980.0,1.0,1.0,0.0,31.0,5000.0,0.0,255.0,857.0,316.0,0.0,0.0,1245716.0,3.008,3.0,50.0,
1788528556935,2026-09-04T17:29:16.935,0.0,4.0,0.0,1.0,4245.0,14.200000000000001,83.0,8.42,8.42,8.42,8.42,1.0,1.0,776.0,1.0,0.0,722.0,6.5,80.0,0.06283762999999998,0.06283762999999998,14.0,1.057,99.0,25.0,25.0,-2.0,25.0,25.0,25.0,25.0,0.0,0.0,0.0,0.0,38.0,58.0,60.0,140.0,609.0,609.0,26.0,26.0,1580.0,3390.0,32.0,31.0,52.0,1.0,19475.0,135.6,1.0,0.0,,,,,,,,,,,,,,69.3125,70.5,71.5,25.4375,69.3125,750.0,30.0,1030.0,490.0,24.700000000000003,23.5,254.0,20.0,0.0,8.0,0.0,0.0,0.0,0.0,8.0,0.0,5.0,2.0,4.0,0.0,5.0,28488.0,101.0,0.0,0.0,0.0,0.0,26.0,0.0,0.0,4.5,5000.0,4990.0,4990.0,1.0,1.0,0.0,31.0,5000.0,0.0,255.0,857.0,319.0,0.0,0.0,1245716.0,3.008,3.0,50.0,
1788528557395,2026-09-04T17:29:17.395,0.0,4.0,0.0,1.0,3999.0,14.200000000000001,83.0,0.0,0.0,0.0,0.0,0.0,0.0,29.0,1.0,0.0,737.0,0.0,0.0,1.9839999999993196E-5,1.9839999999993196E-5,14.0,0.999,0.0,32.0,32.0,-32.0,-23.0,-23.0,-23.0,-23.0,0.0,0.0,0.0,0.0,38.0,16.0,20.0,40.7,231.0,273.0,9.0,9.0,900.0,4080.0,0.0,0.0,0.0,1.0,19475.0,35.4,0.0,0.0,,,,,,,,,,,,,,-22.4375,-22.4375,-22.75,22.6875,-22.4375,750.0,29.0,390.0,200.0,0.0,0.0,254.0,20.0,0.0,8.0,0.0,1.0,1.0,0.0,8.0,0.0,5.0,0.0,4.0,100.0,6.0,28488.0,101.0,0.0,0.0,0.0,0.0,26.0,0.0,0.0,4.5,5000.0,4990.0,4980.0,1.0,1.0,0.0,31.0,5000.0,0.0,255.0,857.0,330.0,0.0,0.0,1245716.0,3.008,3.0,50.0,
1788528557885,2026-09-04T17:29:17.885,0.0,4.0,0.0,1.0,3184.0,14.200000000000001,83.0,0.0,0.0,0.0,0.0,0.0,0.0,0.0,0.0,0.0,0.0,0.0,78.5,1.9839999999993196E-5,1.9839999999993196E-5,14.0,0.999,0.0,40.0,40.0,-2.0,-2.0,-2.0,-2.0,-2.0,0.0,0.0,0.0,0.0,38.0,13.0,16.0,26.0,231.0,252.0,6.0,7.0,790.0,4200.0,0.0,0.0,0.0,1.0,19475.0,23.5,0.0,0.0,,,,,,,,,,,,,,-19.625,-19.625,-19.9375,19.875,-19.625,750.0,27.0,390.0,200.0,0.0,0.0,254.0,20.0,0.0,8.0,0.0,1.0,1.0,0.0,8.0,0.0,5.0,0.0,4.0,100.0,10.0,28488.0,101.0,0.0,0.0,0.0,0.0,26.0,0.0,0.0,4.5,5000.0,4990.0,4990.0,1.0,1.0,0.0,31.0,3258.0,0.0,255.0,857.0,296.0,0.0,0.0,1245716.0,3.008,3.0,50.0,
1788528558359,2026-09-04T17:29:18.359,0.0,4.0,0.0,1.0,2381.0,14.200000000000001,83.0,0.0,0.0,0.0,0.0,0.0,0.0,0.0,0.0,0.0,0.0,5.0,77.5,1.9839999999993196E-5,1.9839999999993196E-5,14.0,0.999,0.0,36.0,36.0,-3.0,-3.0,-3.0,-3.0,-3.0,0.0,0.0,0.0,0.0,38.0,14.0,17.0,19.3,210.0,252.0,5.0,5.0,720.0,4250.0,0.0,0.0,0.0,1.0,19475.0,17.1,1.0,0.0,,,,,,,,,,,,,,-17.9375,-17.9375,-18.1875,19.6875,-17.9375,750.0,25.0,390.0,200.0,0.0,0.0,254.0,20.0,0.0,8.0,0.0,1.0,1.0,0.0,8.0,0.0,5.0,0.0,4.0,100.0,10.0,28488.0,101.0,0.0,0.0,0.0,0.0,26.0,0.0,0.0,4.5,5000.0,4990.0,4970.0,1.0,1.0,0.0,31.0,2992.0,0.0,255.0,857.0,276.0,0.0,0.0,1245716.0,3.008,3.0,50.0,
1788528558864,2026-09-04T17:29:18.864,0.0,4.0,0.0,1.0,1710.0,14.200000000000001,84.0,0.0,0.0,0.0,0.0,0.0,0.0,0.0,0.0,0.0,0.0,14.5,77.5,1.9839999999993196E-5,1.9839999999993196E-5,14.0,0.999,0.0,33.0,33.0,0.0,0.0,0.0,0.0,0.0,0.0,0.0,0.0,0.0,38.0,13.0,16.0,12.9,210.0,231.0,3.0,3.0,640.0,4330.0,0.0,0.0,0.0,1.0,19475.0,11.8,1.0,0.0,,,,,,,,,,,,,,-19.4375,-19.4375,-19.4375,21.875,-19.4375,750.0,22.0,390.0,200.0,0.0,0.0,254.0,20.0,0.0,8.0,0.0,1.0,1.0,0.0,8.0,0.0,5.0,2.0,4.0,100.0,10.0,28488.0,101.0,0.0,0.0,0.0,0.0,26.0,0.0,0.0,4.5,5000.0,4990.0,4980.0,1.0,1.0,0.0,31.0,2008.0,0.0,255.0,857.0,258.0,0.0,0.0,1245716.0,3.008,3.0,50.0,
1788528559365,2026-09-04T17:29:19.365,0.0,4.0,0.0,1.0,1258.0,14.0,84.0,2.5500000000000003,2.5500000000000003,2.5500000000000003,2.5500000000000003,0.0,0.0,4.0,0.0,0.0,0.0,21.5,78.0,1.9839999999993196E-5,1.9839999999993196E-5,14.0,1.3840000000000001,0.0,35.0,35.0,0.0,0.0,0.0,0.0,0.0,0.0,0.0,0.0,0.0,38.0,13.0,14.0,9.700000000000001,210.0,231.0,2.0,2.0,610.0,4380.0,0.0,0.0,0.0,1.0,19475.0,9.0,0.0,0.0,,,,,,,,,,,,,,-23.75,-19.5625,-14.75,26.1875,-23.75,750.0,20.0,390.0,200.0,0.0,0.0,254.0,20.0,0.0,8.0,0.0,1.0,1.0,0.0,8.0,0.0,5.0,1.0,4.0,100.0,10.0,28488.0,101.0,0.0,0.0,0.0,0.0,26.0,0.0,0.0,4.5,5000.0,4990.0,4980.0,1.0,1.0,0.0,31.0,1812.0,0.0,255.0,857.0,275.0,0.0,0.0,1245716.0,3.008,3.0,50.0,
1788528559928,2026-09-04T17:29:19.928,0.0,4.0,0.0,1.0,1190.0,14.100000000000001,84.0,2.08,2.08,2.08,2.08,1.0,0.0,834.0,1.0,0.0,600.0,25.5,76.0,1.9839999999993196E-5,1.9839999999993196E-5,14.0,1.205,0.0,33.0,33.0,3.0,4.0,4.0,4.0,4.0,0.0,0.0,0.0,0.0,37.0,13.0,14.0,8.8,210.0,210.0,2.0,2.0,600.0,4390.0,0.0,0.0,0.0,1.0,19475.0,8.4,0.0,0.0,,,,,,,,,,,,,,-25.8125,-8.6875,-10.5625,28.25,-25.8125,750.0,18.0,390.0,200.0,0.0,0.0,254.0,20.0,0.0,8.0,0.0,1.0,1.0,0.0,8.0,0.0,5.0,1.0,4.0,100.0,5.0,28488.0,101.0,0.0,0.0,0.0,0.0,27.0,0.0,0.0,4.5,5000.0,4990.0,4980.0,1.0,1.0,0.0,31.0,1556.0,0.0,255.0,857.0,250.0,0.0,0.0,1245716.0,3.008,3.0,50.0,
1788528560495,2026-09-04T17:29:20.495,0.0,4.0,0.0,1.0,1083.0,13.8,84.0,2.0,2.0,2.0,2.0,1.0,1.0,849.0,1.0,0.0,839.0,28.5,75.0,-0.00263540000000001,-0.00263540000000001,14.0,1.016,0.0,30.0,30.0,-2.0,28.0,28.0,28.0,28.0,0.0,0.0,0.0,0.0,38.0,19.0,17.0,10.100000000000001,294.0,273.0,3.0,3.0,640.0,4350.0,0.0,0.0,0.0,1.0,19475.0,11.700000000000001,1.0,0.0,,,,,,,,,,,,,,-26.5625,-11.5,-10.375,29.0,-26.5625,750.0,14.0,390.0,200.0,0.0,0.0,254.0,20.0,0.0,8.0,0.0,1.0,1.0,0.0,8.0,0.0,5.0,1.0,4.0,100.0,6.0,28488.0,101.0,0.0,0.0,0.0,0.0,27.0,0.0,0.0,4.5,5000.0,4990.0,4980.0,1.0,1.0,0.0,31.0,1470.0,0.0,255.0,857.0,256.0,0.0,0.0,1245716.0,3.008,3.0,50.0,
1788528561029,2026-09-04T17:29:21.029,0.0,4.0,0.0,1.0,930.0,14.0,84.0,2.16,2.16,2.16,2.16,1.0,1.0,800.0,1.0,0.0,747.0,32.5,76.0,-0.009578699999999996,-0.009578699999999996,14.0,0.999,0.0,23.0,23.0,-4.0,2.0,2.0,2.0,2.0,0.0,0.0,0.0,0.0,38.0,16.0,17.0,8.0,273.0,273.0,2.0,2.0,590.0,4390.0,0.0,0.0,0.0,1.0,19475.0,8.0,1.0,0.0,,,,,,,,,,,,,,-25.75,-5.8125,-5.9375,28.1875,-25.75,750.0,10.0,390.0,200.0,0.0,0.0,254.0,20.0,0.0,8.0,0.0,1.0,1.0,0.0,8.0,0.0,5.0,1.0,4.0,100.0,9.0,28488.0,101.0,0.0,0.0,0.0,0.0,27.0,0.0,0.0,4.5,5000.0,4990.0,4970.0,1.0,1.0,0.0,31.0,1448.0,0.0,255.0,857.0,256.0,0.0,0.0,1245716.0,3.008,3.0,50.0,
1788528561762,2026-09-04T17:29:21.762,0.0,4.0,0.0,1.0,814.0,14.200000000000001,85.0,2.05,2.05,2.05,2.05,1.0,1.0,766.0,1.0,0.0,781.0,34.5,74.0,-0.016583039999999993,-0.016583039999999993,14.0,0.999,0.0,24.0,24.0,-3.0,9.0,9.0,9.0,9.0,0.0,0.0,0.0,0.0,38.0,17.0,17.0,7.300000000000001,273.0,273.0,2.0,2.0,590.0,4400.0,0.0,0.0,0.0,1.0,19475.0,7.7,0.0,0.0,,,,,,,,,,,,,,-26.0,-2.9375,-4.25,28.4375,-26.0,750.0,7.0,390.0,200.0,0.0,0.0,254.0,20.0,0.0,8.0,0.0,1.0,1.0,0.0,8.0,0.0,5.0,1.0,4.0,100.0,8.0,28488.0,101.0,0.0,0.0,0.0,0.0,27.0,0.0,0.0,4.5,5000.0,4990.0,4990.0,1.0,1.0,0.0,31.0,1640.0,0.0,255.0,857.0,287.0,0.0,0.0,1245716.0,3.008,3.0,50.0,
1788528562311,2026-09-04T17:29:22.311,0.0,4.0,0.0,1.0,785.0,14.100000000000001,85.0,2.1,2.1,2.1,2.1,1.0,1.0,615.0,1.0,0.0,683.0,36.0,72.5,-0.04667576000000001,-0.04667576000000001,14.0,0.999,0.0,23.0,23.0,-5.0,5.0,5.0,5.0,5.0,0.0,0.0,0.0,0.0,38.0,17.0,17.0,7.300000000000001,273.0,273.0,1.0,1.0,580.0,4400.0,0.0,0.0,0.0,1.0,19475.0,7.4,0.0,0.0,,,,,,,,,,,,,,-26.25,-3.5625,-4.875,28.6875,-26.25,750.0,3.0,390.0,200.0,0.0,0.0,254.0,20.0,0.0,8.0,0.0,1.0,1.0,0.0,8.0,0.0,5.0,1.0,4.0,100.0,6.0,28488.0,101.0,0.0,0.0,0.0,0.0,27.0,0.0,0.0,4.5,5000.0,4990.0,4980.0,1.0,1.0,0.0,31.0,1481.0,0.0,255.0,857.0,311.0,0.0,0.0,1245716.0,3.008,3.0,50.0,
1788528562764,2026-09-04T17:29:22.764,0.0,4.0,0.0,1.0,760.0,14.100000000000001,85.0,2.31,2.31,2.31,2.31,0.0,1.0,92.0,0.0,0.0,92.0,37.5,72.0,-0.001628240000000003,-0.001628240000000003,14.0,0.999,0.0,21.0,21.0,-8.0,0.0,0.0,0.0,0.0,0.0,0.0,0.0,0.0,38.0,18.0,18.0,7.5,294.0,294.0,1.0,2.0,590.0,4410.0,0.0,0.0,0.0,1.0,19475.0,7.5,1.0,0.0,,,,,,,,,,,,,,-26.4375,-4.8125,-4.3125,28.875,-26.4375,750.0,3.0,390.0,200.0,0.0,0.0,254.0,20.0,0.0,8.0,0.0,1.0,1.0,0.0,8.0,0.0,5.0,1.0,4.0,100.0,5.0,28488.0,101.0,0.0,0.0,0.0,0.0,27.0,0.0,0.0,4.5,5000.0,4990.0,4980.0,1.0,1.0,0.0,31.0,1720.0,0.0,255.0,857.0,311.0,0.0,0.0,1245716.0,3.008,3.0,50.0,
1788528563313,2026-09-04T17:29:23.313,0.0,4.0,0.0,1.0,761.0,14.100000000000001,85.0,2.29,2.29,2.29,2.29,1.0,1.0,751.0,0.0,0.0,131.0,40.0,73.0,-0.01553773,-0.01553773,14.0,0.999,0.0,21.0,21.0,-8.0,0.0,0.0,0.0,0.0,0.0,0.0,0.0,0.0,38.0,23.0,18.0,7.5,378.0,294.0,2.0,1.0,580.0,4400.0,0.0,0.0,0.0,1.0,19475.0,9.700000000000001,1.0,0.0,,,,,,,,,,,,,,17.5,-3.375,0.4375,28.625,17.5,750.0,3.0,990.0,470.0,16.900000000000002,15.700000000000001,254.0,20.0,0.0,8.0,0.0,0.0,1.0,0.0,8.0,0.0,5.0,2.0,4.0,100.0,2.0,28488.0,101.0,0.0,0.0,0.0,0.0,27.0,0.0,0.0,4.5,5000.0,4990.0,4980.0,1.0,1.0,0.0,31.0,1561.0,0.0,255.0,857.0,306.0,0.0,0.0,1245716.0,3.008,3.0,50.0,
1788528563862,2026-09-04T17:29:23.862,0.0,4.0,0.0,1.0,871.0,14.200000000000001,85.0,7.49,7.49,7.49,7.49,1.0,1.0,810.0,1.0,0.0,766.0,40.5,71.0,-0.031247899999999995,-0.031247899999999995,14.0,0.999,0.0,12.0,12.0,-36.0,-3.0,-3.0,-3.0,-3.0,0.0,0.0,0.0,0.0,38.0,63.0,58.0,32.2,861.0,777.0,17.0,16.0,1200.0,3770.0,19.0,10.0,43.0,1.0,19475.0,34.6,0.0,0.0,,,,,,,,,,,,,,100.5,79.125,79.0625,26.75,100.5,750.0,3.0,1250.0,600.0,28.0,26.400000000000002,254.0,20.0,0.0,8.0,0.0,0.0,1.0,0.0,8.0,0.0,5.0,2.0,4.0,100.0,3.0,28488.0,101.0,0.0,0.0,0.0,0.0,27.0,0.0,0.0,4.5,5000.0,4990.0,4980.0,1.0,1.0,0.0,31.0,3360.0,0.0,255.0,857.0,306.0,0.0,0.0,1245716.0,3.008,3.0,50.0,
1788528564346,2026-09-04T17:29:24.346,0.0,4.0,0.0,1.0,2111.0,14.200000000000001,85.0,4.42,4.42,4.42,4.42,1.0,1.0,541.0,1.0,0.0,600.0,42.0,70.5,0.002965019999999985,0.002965019999999985,14.0,0.999,0.0,24.0,24.0,-36.0,-17.0,-17.0,-17.0,-17.0,0.0,0.0,0.0,0.0,38.0,13.0,24.0,23.5,210.0,357.0,4.0,4.0,690.0,4290.0,0.0,0.0,0.0,1.0,19475.0,14.3,0.0,0.0,,,,,,,,,,,,,,33.25,12.5,9.8125,25.6875,33.25,750.0,4.0,1490.0,720.0,31.8,30.200000000000003,254.0,20.0,0.0,8.0,0.0,0.0,1.0,0.0,8.0,0.0,5.0,2.0,4.0,100.0,6.0,28488.0,101.0,0.0,0.0,0.0,0.0,27.0,0.0,0.0,4.5,5000.0,4990.0,4980.0,1.0,1.0,0.0,31.0,3237.0,0.0,255.0,857.0,306.0,0.0,0.0,1245716.0,3.008,3.0,50.0,
1788528564863,2026-09-04T17:29:24.863,0.0,4.0,0.0,1.0,2182.0,14.100000000000001,85.0,8.44,8.44,8.44,8.44,0.0,1.0,48.0,0.0,0.0,63.0,43.0,71.0,-0.014126180000000016,-0.014126180000000016,14.0,0.999,0.0,23.0,23.0,-36.0,-28.0,-28.0,-28.0,-28.0,0.0,0.0,0.0,0.0,38.0,14.0,25.0,28.5,210.0,357.0,5.0,6.0,760.0,4210.0,0.0,7.0,0.0,1.0,19475.0,17.8,1.0,0.0,,,,,,,,,,,,,,2.6875,0.3125,-4.5625,22.1875,2.6875,750.0,5.0,1450.0,700.0,30.0,28.5,254.0,20.0,0.0,8.0,0.0,0.0,1.0,0.0,8.0,0.0,5.0,2.0,4.0,100.0,6.0,28488.0,101.0,0.0,0.0,0.0,0.0,27.0,0.0,0.0,4.5,5000.0,4990.0,4990.0,1.0,1.0,0.0,31.0,3339.0,0.0,255.0,857.0,306.0,0.0,0.0,1245716.0,3.008,3.0,50.0,
1788528565285,2026-09-04T17:29:25.285,0.0,4.0,0.0,1.0,2334.0,14.100000000000001,85.0,8.58,8.58,8.58,8.58,0.0,1.0,39.0,0.0,0.0,73.0,42.0,70.5,-0.018437129999999996,-0.018437129999999996,14.0,0.999,0.0,23.0,23.0,-36.0,-26.0,-26.0,-26.0,-26.0,0.0,0.0,0.0,0.0,38.0,14.0,29.0,34.6,210.0,378.0,5.0,6.0,770.0,4220.0,0.0,3.0,0.0,1.0,19475.0,20.0,1.0,0.0,,,,,,,,,,,,,,-5.5625,-6.0,-6.875,20.4375,-5.5625,750.0,5.0,780.0,370.0,11.4,10.4,254.0,20.0,0.0,8.0,0.0,0.0,1.0,0.0,8.0,0.0,5.0,2.0,4.0,100.0,7.0,28488.0,101.0,0.0,0.0,0.0,0.0,27.0,0.0,0.0,4.5,5000.0,4990.0,4990.0,1.0,1.0,0.0,31.0,3895.0,0.0,255.0,857.0,302.0,0.0,0.0,1245716.0,3.008,3.0,50.0,
1788528565816,2026-09-04T17:29:25.816,0.0,4.0,0.0,1.0,2138.0,14.200000000000001,85.0,1.78,1.78,1.78,1.78,0.0,1.0,39.0,0.0,0.0,292.0,41.0,70.0,-0.04470721999999999,-0.04470721999999999,14.0,0.999,0.0,37.0,37.0,-15.0,10.0,10.0,10.0,10.0,0.0,0.0,0.0,0.0,38.0,13.0,15.0,16.400000000000002,210.0,231.0,4.0,4.0,690.0,4290.0,0.0,0.0,0.0,1.0,19475.0,15.100000000000001,0.0,0.0,,,,,,,,,,,,,,1.75,1.3125,-0.1875,22.3125,1.75,750.0,5.0,790.0,380.0,11.9,10.700000000000001,254.0,20.0,0.0,8.0,0.0,0.0,1.0,0.0,8.0,0.0,5.0,2.0,4.0,100.0,7.0,28488.0,101.0,0.0,0.0,0.0,0.0,27.0,0.0,0.0,4.5,5000.0,4990.0,4980.0,1.0,1.0,0.0,31.0,3095.0,0.0,255.0,857.0,271.0,0.0,0.0,1245716.0,3.008,3.0,50.0,
1788528566343,2026-09-04T17:29:26.343,0.0,4.0,0.0,1.0,1869.0,14.200000000000001,85.0,1.9000000000000001,1.9000000000000001,1.9000000000000001,1.9000000000000001,0.0,1.0,43.0,0.0,0.0,34.0,40.0,69.5,0.019514489999999995,0.019514489999999995,14.0,0.999,0.0,36.0,36.0,0.0,28.0,28.0,28.0,28.0,0.0,0.0,0.0,0.0,38.0,15.0,16.0,16.2,231.0,231.0,4.0,4.0,700.0,4290.0,0.0,0.0,0.0,1.0,19475.0,15.9,0.0,0.0,,,,,,,,,,,,,,3.0,4.875,4.625,22.5,3.0,750.0,5.0,390.0,200.0,0.0,0.0,254.0,20.0,0.0,8.0,0.0,0.0,1.0,0.0,8.0,0.0,5.0,2.0,4.0,100.0,7.0,28488.0,101.0,0.0,0.0,0.0,0.0,27.0,0.0,0.0,4.5,5000.0,4990.0,4980.0,1.0,1.0,0.0,31.0,2250.0,0.0,255.0,857.0,258.0,0.0,0.0,1245716.0,3.008,3.0,50.0,
1788528567074,2026-09-04T17:29:27.074,0.0,4.0,0.0,1.0,1430.0,14.100000000000001,85.0,1.99,1.99,1.99,1.99,0.0,1.0,34.0,0.0,0.0,43.0,41.0,69.5,0.061700759999999966,0.061700759999999966,14.0,0.999,0.0,34.0,34.0,-21.0,-21.0,-21.0,-21.0,-21.0,0.0,0.0,0.0,0.0,38.0,13.0,15.0,9.5,210.0,231.0,2.0,2.0,600.0,4390.0,0.0,0.0,0.0,1.0,19475.0,8.6,1.0,0.0,,,,,,,,,,,,,,-23.5625,-16.75,-18.0625,26.0,-23.5625,750.0,5.0,390.0,200.0,0.0,0.0,254.0,20.0,0.0,8.0,0.0,1.0,1.0,0.0,8.0,0.0,5.0,1.0,4.0,100.0,8.0,28488.0,101.0,0.0,0.0,0.0,0.0,27.0,0.0,0.0,4.5,5000.0,4990.0,4990.0,1.0,1.0,0.0,31.0,1953.0,0.0,255.0,857.0,271.0,0.0,0.0,1245716.0,3.008,3.0,50.0,
1788528567565,2026-09-04T17:29:27.565,0.0,4.0,0.0,1.0,920.0,13.8,85.0,1.8900000000000001,1.8900000000000001,1.8900000000000001,1.8900000000000001,0.0,1.0,83.0,0.0,0.0,53.0,45.0,72.0,0.07400032000000001,0.07400032000000001,14.0,0.999,0.0,27.0,27.0,3.0,16.0,16.0,16.0,16.0,0.0,0.0,0.0,0.0,38.0,15.0,14.0,6.7,252.0,231.0,1.0,1.0,570.0,4410.0,0.0,0.0,0.0,1.0,19475.0,7.0,0.0,0.0,,,,,,,,,,,,,,-24.875,-3.625,-3.875,27.3125,-24.875,750.0,3.0,390.0,200.0,0.0,0.0,254.0,20.0,0.0,8.0,0.0,1.0,1.0,0.0,8.0,0.0,5.0,1.0,4.0,100.0,8.0,28488.0,101.0,0.0,0.0,0.0,0.0,27.0,0.0,0.0,4.5,5000.0,4990.0,4980.0,1.0,1.0,0.0,31.0,1238.0,0.0,255.0,857.0,270.0,0.0,0.0,1245716.0,3.008,3.0,50.0,
1788528567983,2026-09-04T17:29:27.983,0.0,4.0,0.0,1.0,831.0,13.9,85.0,2.23,2.23,2.23,2.23,1.0,1.0,756.0,0.0,0.0,136.0,45.0,70.5,0.060090829999999984,0.060090829999999984,14.0,0.999,0.0,23.0,23.0,-4.0,21.0,21.0,21.0,21.0,0.0,0.0,0.0,0.0,38.0,20.0,17.0,7.800000000000001,336.0,273.0,2.0,2.0,610.0,4370.0,0.0,0.0,0.0,1.0,19475.0,9.4,0.0,0.0,,,,,,,,,,,,,,-25.4375,-0.5625,0.1875,27.875,-25.4375,750.0,2.0,390.0,200.0,0.0,0.0,254.0,20.0,0.0,8.0,0.0,1.0,1.0,0.0,8.0,0.0,5.0,1.0,4.0,100.0,6.0,28488.0,101.0,0.0,0.0,0.0,0.0,27.0,0.0,0.0,4.5,5000.0,4990.0,4980.0,1.0,1.0,0.0,31.0,1278.0,0.0,255.0,857.0,272.0,0.0,0.0,1245716.0,3.008,3.0,50.0,
1788528568433,2026-09-04T17:29:28.433,0.0,4.0,0.0,1.0,850.0,14.200000000000001,85.0,2.66,2.66,2.66,2.66,1.0,1.0,859.0,1.0,0.0,776.0,44.5,68.0,0.05542126999999997,0.05542126999999997,14.0,0.999,0.0,18.0,18.0,-9.0,-5.0,-5.0,-5.0,-5.0,0.0,0.0,0.0,0.0,38.0,19.0,19.0,8.6,315.0,294.0,2.0,2.0,600.0,4380.0,0.0,0.0,0.0,1.0,19475.0,8.8,1.0,0.0,,,,,,,,,,,,,,-25.9375,-3.5625,-3.8125,28.375,-25.9375,750.0,1.0,390.0,200.0,0.0,0.0,254.0,20.0,0.0,8.0,0.0,1.0,1.0,0.0,8.0,0.0,5.0,1.0,4.0,100.0,5.0,28488.0,101.0,0.0,0.0,0.0,0.0,27.0,0.0,0.0,4.5,5000.0,4990.0,4970.0,1.0,1.0,0.0,30.0,1172.0,0.0,255.0,857.0,282.0,0.0,0.0,1245716.0,3.008,3.0,50.0,
1788528568912,2026-09-04T17:29:28.912,0.0,4.0,0.0,1.0,801.0,14.100000000000001,85.0,2.5500000000000003,2.5500000000000003,2.5500000000000003,2.5500000000000003,1.0,1.0,883.0,1.0,0.0,849.0,47.0,69.5,0.05036257999999999,0.05036257999999999,14.0,0.999,0.0,19.0,19.0,-8.0,-2.0,-2.0,-2.0,-2.0,0.0,0.0,0.0,0.0,38.0,17.0,18.0,8.0,294.0,294.0,2.0,2.0,590.0,4390.0,0.0,0.0,0.0,1.0,19475.0,8.0,1.0,0.0,,,,,,,,,,,,,,-25.6875,-4.8125,-5.125,28.125,-25.6875,750.0,0.0,390.0,200.0,0.0,0.0,254.0,20.0,0.0,8.0,0.0,1.0,1.0,0.0,8.0,0.0,5.0,1.0,4.0,100.0,5.0,28488.0,101.0,0.0,0.0,0.0,0.0,27.0,0.0,0.0,4.5,5000.0,4990.0,4980.0,1.0,1.0,0.0,30.0,1384.0,0.0,255.0,857.0,289.0,0.0,0.0,1245716.0,3.008,3.0,50.0,
1788528569369,2026-09-04T17:29:29.369,0.0,4.0,0.0,1.0,789.0,14.0,85.0,2.37,2.37,2.37,2.37,1.0,1.0,883.0,1.0,0.0,869.0,46.5,67.5,0.04530389000000001,0.04530389000000001,14.0,0.999,0.0,22.0,22.0,-6.0,2.0,2.0,2.0,2.0,0.0,0.0,0.0,0.0,38.0,17.0,18.0,7.5,273.0,294.0,1.0,2.0,590.0,4410.0,0.0,0.0,0.0,1.0,19475.0,7.5,0.0,0.0,,,,,,,,,,,,,,-25.875,-4.75,-5.4375,28.3125,-25.875,750.0,0.0,390.0,200.0,0.0,0.0,254.0,20.0,0.0,8.0,0.0,0.0,1.0,0.0,8.0,0.0,5.0,1.0,4.0,100.0,7.0,28488.0,101.0,0.0,0.0,0.0,0.0,27.0,0.0,0.0,4.5,5000.0,4990.0,4980.0,1.0,1.0,0.0,30.0,1551.0,0.0,255.0,857.0,299.0,0.0,0.0,1245716.0,3.008,3.0,50.0,
1788528569834,2026-09-04T17:29:29.834,0.0,4.0,0.0,1.0,779.0,14.200000000000001,85.0,2.35,2.35,2.35,2.35,1.0,1.0,874.0,1.0,0.0,869.0,47.5,66.5,0.040634329999999996,0.040634329999999996,14.0,0.999,0.0,22.0,22.0,-6.0,0.0,0.0,0.0,0.0,0.0,0.0,0.0,0.0,38.0,17.0,17.0,7.4,294.0,294.0,2.0,1.0,580.0,4390.0,0.0,0.0,0.0,1.0,19475.0,7.6000000000000005,0.0,0.0,,,,,,,,,,,,,,-25.875,-6.3125,-6.125,28.3125,-25.875,750.0,0.0,400.0,200.0,0.0,0.0,254.0,20.0,0.0,8.0,0.0,0.0,1.0,0.0,8.0,0.0,5.0,1.0,4.0,100.0,7.0,28488.0,101.0,0.0,0.0,0.0,0.0,27.0,0.0,0.0,4.5,5000.0,4990.0,4980.0,1.0,1.0,0.0,30.0,1202.0,0.0,255.0,857.0,295.0,0.0,0.0,1245716.0,3.008,3.0,50.0,
1788528570386,2026-09-04T17:29:30.386,0.0,4.0,0.0,1.0,768.0,13.8,85.0,2.35,2.35,2.35,2.35,1.0,1.0,864.0,1.0,0.0,859.0,50.0,69.0,0.03596476999999998,0.03596476999999998,14.0,0.999,0.0,22.0,22.0,-6.0,21.0,21.0,21.0,21.0,0.0,0.0,0.0,0.0,38.0,58.0,28.0,17.900000000000002,861.0,399.0,12.0,13.0,1050.0,3920.0,0.0,0.0,0.0,1.0,19475.0,24.1,1.0,0.0,,,,,,,,,,,,,,62.75,56.0625,55.9375,25.0,62.75,750.0,1.0,740.0,350.0,10.4,9.200000000000001,254.0,20.0,0.0,8.0,0.0,0.0,1.0,0.0,8.0,0.0,5.0,2.0,4.0,100.0,7.0,28488.0,101.0,0.0,0.0,0.0,0.0,27.0,0.0,0.0,4.6000000000000005,5000.0,4990.0,4980.0,1.0,1.0,0.0,30.0,2348.0,0.0,255.0,857.0,294.0,0.0,0.0,1245716.0,3.008,3.0,50.0,
1788528570897,2026-09-04T17:29:30.897,0.0,4.0,0.0,1.0,1899.0,14.200000000000001,85.0,4.23,4.23,4.23,4.23,1.0,1.0,791.0,1.0,0.0,810.0,50.0,67.0,-0.015766630000000004,-0.015766630000000004,14.0,0.999,0.0,25.0,25.0,-36.0,-7.0,-7.0,-7.0,-7.0,0.0,0.0,0.0,0.0,38.0,13.0,21.0,21.5,210.0,315.0,4.0,4.0,690.0,4290.0,0.0,0.0,0.0,1.0,19475.0,15.0,1.0,0.0,,,,,,,,,,,,,,-5.4375,-5.75,-6.6875,27.5,-5.4375,750.0,1.0,740.0,350.0,10.200000000000001,9.200000000000001,254.0,20.0,0.0,8.0,0.0,0.0,1.0,0.0,8.0,0.0,5.0,2.0,4.0,100.0,7.0,28488.0,101.0,0.0,0.0,0.0,0.0,27.0,0.0,0.0,4.6000000000000005,5000.0,4990.0,4990.0,1.0,1.0,0.0,30.0,2978.0,0.0,255.0,857.0,291.0,0.0,0.0,1245716.0,3.008,3.0,50.0,
1788528571352,2026-09-04T17:29:31.352,0.0,4.0,0.0,1.0,1614.0,14.200000000000001,85.0,1.92,1.92,1.92,1.92,1.0,1.0,590.0,1.0,0.0,815.0,51.0,67.0,-0.10659415,-0.10659415,14.0,0.999,0.0,29.0,29.0,-25.0,26.0,26.0,26.0,26.0,0.0,0.0,0.0,0.0,38.0,22.0,19.0,16.0,336.0,273.0,5.0,5.0,730.0,4250.0,0.0,0.0,0.0,1.0,19475.0,19.0,0.0,0.0,,,,,,,,,,,,,,7.625,8.0625,7.6875,25.4375,7.625,750.0,2.0,620.0,290.0,7.4,6.300000000000001,254.0,20.0,0.0,8.0,0.0,0.0,1.0,0.0,8.0,0.0,5.0,2.0,4.0,100.0,7.0,28488.0,101.0,0.0,0.0,0.0,0.0,27.0,0.0,0.0,4.6000000000000005,5000.0,4990.0,4980.0,1.0,1.0,0.0,30.0,3380.0,0.0,255.0,857.0,285.0,0.0,0.0,1245716.0,3.008,3.0,50.0,
1788528571938,2026-09-04T17:29:31.938,0.0,4.0,0.0,1.0,1328.0,14.100000000000001,85.0,1.99,1.99,1.99,1.99,0.0,1.0,63.0,0.0,0.0,48.0,51.0,66.5,-0.022915939999999996,-0.022915939999999996,14.0,0.999,0.0,29.0,29.0,-23.0,-12.0,-12.0,-12.0,-12.0,0.0,0.0,0.0,0.0,38.0,13.0,16.0,9.9,210.0,252.0,2.0,2.0,600.0,4380.0,0.0,0.0,0.0,1.0,19475.0,8.5,0.0,0.0,,,,,,,,,,,,,,-23.0,-16.25,-14.3125,25.4375,-23.0,750.0,3.0,390.0,200.0,0.0,0.0,254.0,20.0,0.0,8.0,0.0,1.0,1.0,0.0,8.0,0.0,5.0,1.0,4.0,100.0,7.0,28488.0,101.0,0.0,0.0,0.0,0.0,27.0,0.0,0.0,4.6000000000000005,5000.0,4990.0,4980.0,1.0,1.0,0.0,30.0,1536.0,0.0,255.0,857.0,307.0,0.0,0.0,1245716.0,3.008,3.0,50.0,
1788528572426,2026-09-04T17:29:32.426,0.0,4.0,0.0,1.0,929.0,14.200000000000001,85.0,1.96,1.96,1.96,1.96,0.0,1.0,43.0,0.0,0.0,29.0,52.5,66.0,-0.015156229999999993,-0.015156229999999993,14.0,0.999,0.0,26.0,26.0,-2.0,6.0,6.0,6.0,6.0,0.0,0.0,0.0,0.0,38.0,16.0,16.0,8.1,273.0,273.0,2.0,2.0,600.0,4380.0,0.0,0.0,0.0,1.0,19475.0,8.200000000000001,1.0,0.0,,,,,,,,,,,,,,-24.0625,-2.5,-3.4375,26.5,-24.0625,750.0,2.0,390.0,200.0,0.0,0.0,254.0,20.0,0.0,8.0,0.0,1.0,1.0,0.0,8.0,0.0,5.0,1.0,4.0,100.0,7.0,28488.0,101.0,0.0,0.0,0.0,0.0,27.0,0.0,0.0,4.6000000000000005,5000.0,4990.0,4980.0,1.0,1.0,0.0,30.0,2012.0,0.0,255.0,857.0,286.0,0.0,0.0,1245716.0,3.008,3.0,50.0,
1788528572931,2026-09-04T17:29:32.931,0.0,4.0,0.0,1.0,832.0,14.200000000000001,85.0,2.13,2.13,2.13,2.13,0.0,1.0,58.0,0.0,0.0,43.0,54.0,66.5,-0.00970841,-0.00970841,14.0,0.999,0.0,22.0,22.0,-5.0,4.0,4.0,4.0,4.0,0.0,0.0,0.0,0.0,38.0,18.0,17.0,7.6000000000000005,294.0,273.0,2.0,2.0,590.0,4390.0,0.0,0.0,0.0,1.0,19475.0,8.1,1.0,0.0,,,,,,,,,,,,,,-24.75,-3.25,-2.3125,27.1875,-24.75,750.0,0.0,390.0,200.0,0.0,0.0,254.0,20.0,0.0,8.0,0.0,1.0,1.0,0.0,8.0,0.0,5.0,1.0,4.0,100.0,6.0,28488.0,101.0,0.0,0.0,0.0,0.0,27.0,0.0,0.0,4.6000000000000005,5000.0,4990.0,4980.0,1.0,1.0,0.0,30.0,1337.0,0.0,255.0,857.0,295.0,0.0,0.0,1245716.0,3.008,3.0,50.0,
1788528573444,2026-09-04T17:29:33.444,0.0,4.0,0.0,1.0,807.0,14.0,85.0,2.17,2.17,2.17,2.17,1.0,1.0,786.0,0.0,0.0,244.0,55.5,67.5,-0.024007030000000013,-0.024007030000000013,14.0,0.999,0.0,22.0,22.0,-6.0,4.0,4.0,4.0,4.0,0.0,0.0,0.0,0.0,38.0,18.0,17.0,7.5,294.0,273.0,2.0,2.0,590.0,4400.0,0.0,0.0,0.0,1.0,19475.0,7.9,0.0,0.0,,,,,,,,,,,,,,-25.4375,-1.6875,-2.6875,27.875,-25.4375,750.0,0.0,390.0,200.0,0.0,0.0,254.0,20.0,0.0,8.0,0.0,1.0,1.0,0.0,8.0,0.0,5.0,1.0,4.0,100.0,5.0,28488.0,101.0,0.0,0.0,0.0,0.0,27.0,0.0,0.0,4.6000000000000005,5000.0,4990.0,4990.0,1.0,1.0,0.0,30.0,1509.0,0.0,255.0,857.0,294.0,0.0,0.0,1245716.0,3.008,3.0,50.0,
1788528573904,2026-09-04T17:29:33.904,0.0,4.0,0.0,1.0,781.0,14.200000000000001,85.0,2.18,2.18,2.18,2.18,1.0,1.0,820.0,1.0,0.0,786.0,55.5,65.5,-0.029065720000000017,-0.029065720000000017,14.0,0.999,0.0,22.0,22.0,-7.0,1.0,1.0,1.0,1.0,0.0,0.0,0.0,0.0,38.0,19.0,18.0,7.5,315.0,294.0,2.0,2.0,590.0,4390.0,0.0,0.0,0.0,1.0,19475.0,8.200000000000001,0.0,0.0,,,,,,,,,,,,,,-25.75,-3.1875,-3.625,28.1875,-25.75,750.0,0.0,390.0,200.0,0.0,0.0,254.0,20.0,0.0,8.0,0.0,1.0,1.0,0.0,8.0,0.0,5.0,1.0,4.0,100.0,6.0,28488.0,101.0,0.0,0.0,0.0,0.0,27.0,0.0,0.0,4.6000000000000005,5000.0,4990.0,4980.0,1.0,1.0,0.0,30.0,1451.0,0.0,255.0,857.0,294.0,0.0,0.0,1245716.0,3.008,3.0,50.0,
1788528574428,2026-09-04T17:29:34.428,0.0,4.0,0.0,1.0,760.0,14.200000000000001,85.0,2.3000000000000003,2.3000000000000003,2.3000000000000003,2.3000000000000003,1.0,1.0,820.0,1.0,0.0,805.0,57.0,67.0,-0.033735280000000006,-0.033735280000000006,14.0,0.999,0.0,19.0,19.0,-9.0,1.0,1.0,1.0,1.0,0.0,0.0,0.0,0.0,38.0,20.0,19.0,7.800000000000001,336.0,294.0,2.0,2.0,600.0,4380.0,0.0,0.0,0.0,1.0,19475.0,8.5,1.0,0.0,,,,,,,,,,,,,,-25.5625,-1.5,-1.4375,28.0,-25.5625,750.0,0.0,390.0,200.0,0.0,0.0,254.0,20.0,0.0,8.0,0.0,1.0,1.0,0.0,8.0,0.0,5.0,1.0,4.0,100.0,7.0,28488.0,101.0,0.0,0.0,0.0,0.0,27.0,0.0,0.0,4.6000000000000005,5000.0,4990.0,4970.0,1.0,1.0,0.0,30.0,1504.0,0.0,255.0,857.0,294.0,0.0,0.0,1245716.0,3.008,3.0,50.0,
1788528574987,2026-09-04T17:29:34.987,0.0,4.0,0.0,1.0,749.0,14.100000000000001,85.0,2.44,2.44,2.44,2.44,1.0,1.0,820.0,1.0,0.0,810.0,57.0,66.0,-0.03879397000000001,-0.03879397000000001,14.0,0.999,0.0,16.0,16.0,-13.0,-4.0,-4.0,-4.0,-4.0,0.0,0.0,0.0,0.0,38.0,21.0,20.0,8.0,357.0,315.0,2.0,2.0,600.0,4380.0,0.0,0.0,0.0,1.0,19475.0,8.9,1.0,0.0,,,,,,,,,,,,,,-25.5625,-0.1875,-0.3125,28.0,-25.5625,750.0,0.0,390.0,200.0,0.0,0.0,254.0,20.0,0.0,8.0,0.0,1.0,1.0,0.0,8.0,0.0,5.0,1.0,4.0,100.0,6.0,28488.0,101.0,0.0,0.0,0.0,0.0,27.0,0.0,0.0,4.6000000000000005,5000.0,4990.0,4980.0,1.0,1.0,0.0,30.0,1357.0,0.0,255.0,857.0,295.0,0.0,0.0,1245716.0,3.008,3.0,50.0,
1788528575494,2026-09-04T17:29:35.494,0.0,4.0,0.0,1.0,739.0,14.200000000000001,85.0,2.5100000000000002,2.5100000000000002,2.5100000000000002,2.5100000000000002,1.0,1.0,791.0,1.0,0.0,800.0,58.5,66.0,-0.04424179,-0.04424179,14.0,0.999,0.0,16.0,16.0,-14.0,-4.0,-4.0,-4.0,-4.0,0.0,0.0,0.0,0.0,38.0,21.0,20.0,8.4,357.0,315.0,2.0,2.0,610.0,4380.0,0.0,0.0,0.0,1.0,19475.0,9.0,0.0,0.0,,,,,,,,,,,,,,-25.625,-0.875,-1.3125,28.0625,-25.625,750.0,0.0,390.0,200.0,0.0,0.0,254.0,20.0,0.0,8.0,0.0,1.0,1.0,0.0,8.0,0.0,5.0,1.0,4.0,100.0,6.0,28488.0,101.0,0.0,0.0,0.0,0.0,27.0,0.0,0.0,4.6000000000000005,5000.0,4990.0,4990.0,1.0,1.0,0.0,30.0,1051.0,0.0,255.0,857.0,295.0,0.0,0.0,1245716.0,3.008,3.0,50.0,
1788528575997,2026-09-04T17:29:35.997,0.0,4.0,0.0,1.0,746.0,14.0,85.0,2.54,2.54,2.54,2.54,1.0,1.0,747.0,1.0,0.0,761.0,60.0,67.5,-0.04930048000000001,-0.04930048000000001,14.0,0.999,0.0,16.0,16.0,-16.0,-2.0,-2.0,-2.0,-2.0,0.0,0.0,0.0,0.0,38.0,22.0,21.0,8.3,357.0,336.0,2.0,2.0,600.0,4390.0,0.0,0.0,0.0,1.0,19475.0,9.1,0.0,0.0,,,,,,,,,,,,,,-25.3125,1.875,0.3125,27.75,-25.3125,750.0,0.0,390.0,200.0,0.0,0.0,254.0,20.0,0.0,8.0,0.0,1.0,1.0,0.0,8.0,0.0,5.0,1.0,4.0,100.0,8.0,28488.0,101.0,0.0,0.0,0.0,0.0,27.0,0.0,0.0,4.6000000000000005,5000.0,4990.0,4990.0,1.0,1.0,0.0,30.0,875.0,0.0,255.0,857.0,308.0,0.0,0.0,1245716.0,3.008,3.0,50.0,
1788528576571,2026-09-04T17:29:36.571,0.0,4.0,0.0,1.0,733.0,14.100000000000001,85.0,2.61,2.61,2.61,2.61,1.0,1.0,639.0,1.0,0.0,708.0,60.0,65.5,-0.05397004,-0.05397004,15.0,0.999,0.0,15.0,15.0,-18.0,-5.0,-5.0,-5.0,-5.0,0.0,0.0,0.0,0.0,38.0,23.0,21.0,8.8,378.0,336.0,2.0,2.0,620.0,4370.0,0.0,0.0,0.0,1.0,19475.0,9.5,1.0,0.0,,,,,,,,,,,,,,-25.375,0.0,0.5625,27.8125,-25.375,750.0,0.0,390.0,200.0,0.0,0.0,254.0,20.0,0.0,8.0,0.0,1.0,1.0,0.0,8.0,0.0,5.0,1.0,4.0,100.0,8.0,28488.0,101.0,0.0,0.0,0.0,0.0,27.0,0.0,0.0,4.6000000000000005,5000.0,4990.0,4990.0,1.0,1.0,0.0,30.0,1424.0,0.0,255.0,857.0,310.0,0.0,0.0,1245716.0,3.008,3.0,50.0,
1788528577259,2026-09-04T17:29:37.259,0.0,4.0,0.0,1.0,745.0,14.200000000000001,85.0,2.73,2.73,2.73,2.73,0.0,1.0,102.0,0.0,0.0,102.0,61.0,65.0,-0.03305621,-0.03305621,15.0,0.999,0.0,15.0,15.0,-20.0,-8.0,-8.0,-8.0,-8.0,0.0,0.0,0.0,0.0,38.0,22.0,22.0,8.9,357.0,336.0,2.0,2.0,610.0,4380.0,0.0,0.0,0.0,1.0,19475.0,9.5,1.0,0.0,,,,,,,,,,,,,,-25.5625,-0.5625,-0.25,28.0,-25.5625,750.0,0.0,390.0,200.0,0.0,0.0,254.0,20.0,0.0,8.0,0.0,1.0,0.0,0.0,8.0,0.0,5.0,1.0,4.0,0.0,7.0,28488.0,101.0,0.0,0.0,0.0,0.0,27.0,0.0,0.0,4.6000000000000005,5000.0,4990.0,4990.0,1.0,1.0,0.0,30.0,1146.0,0.0,255.0,857.0,310.0,0.0,0.0,1245716.0,3.008,3.0,50.0,
1788528577768,2026-09-04T17:29:37.768,0.0,4.0,0.0,1.0,752.0,14.200000000000001,85.0,2.72,2.72,2.72,2.72,0.0,1.0,126.0,0.0,0.0,107.0,62.0,65.5,-0.02760839000000001,-0.02760839000000001,15.0,0.999,0.0,15.0,15.0,-20.0,-6.0,-6.0,-6.0,-6.0,0.0,0.0,0.0,0.0,38.0,20.0,21.0,8.700000000000001,336.0,336.0,2.0,2.0,600.0,4380.0,0.0,0.0,0.0,1.0,19475.0,8.700000000000001,0.0,0.0,,,,,,,,,,,,,,-25.9375,-0.875,-0.875,28.375,-25.9375,750.0,0.0,390.0,200.0,0.0,0.0,254.0,20.0,0.0,8.0,0.0,1.0,0.0,0.0,8.0,0.0,5.0,1.0,4.0,0.0,8.0,28488.0,101.0,0.0,0.0,0.0,0.0,27.0,0.0,0.0,4.6000000000000005,5000.0,4990.0,4980.0,1.0,1.0,0.0,30.0,1450.0,0.0,255.0,857.0,310.0,0.0,0.0,1245716.0,3.008,3.0,50.0,
1788528578251,2026-09-04T17:29:38.251,0.0,4.0,0.0,1.0,758.0,14.0,85.0,2.52,2.52,2.52,2.52,1.0,1.0,703.0,1.0,0.0,522.0,64.0,67.0,-0.04151788000000001,-0.04151788000000001,15.0,0.999,0.0,16.0,16.0,-15.0,0.0,0.0,0.0,0.0,0.0,0.0,0.0,0.0,38.0,20.0,20.0,8.200000000000001,336.0,336.0,2.0,2.0,600.0,4380.0,0.0,0.0,0.0,1.0,19475.0,8.5,0.0,0.0,,,,,,,,,,,,,,-25.875,0.625,0.3125,28.3125,-25.875,750.0,0.0,390.0,200.0,0.0,0.0,254.0,20.0,0.0,8.0,0.0,1.0,0.0,0.0,8.0,0.0,5.0,1.0,4.0,0.0,8.0,28488.0,101.0,0.0,0.0,0.0,0.0,27.0,0.0,0.0,4.6000000000000005,5000.0,4990.0,4980.0,1.0,1.0,0.0,30.0,1364.0,0.0,255.0,857.0,310.0,0.0,0.0,1245716.0,3.008,3.0,50.0,
1788528578798,2026-09-04T17:29:38.798,0.0,4.0,0.0,1.0,752.0,14.200000000000001,85.0,2.47,2.47,2.47,2.47,1.0,1.0,688.0,1.0,0.0,717.0,63.0,65.0,-0.046187439999999996,-0.046187439999999996,15.0,0.999,3.0,16.0,16.0,-14.0,-3.0,-3.0,-3.0,-3.0,0.0,0.0,0.0,0.0,38.0,20.0,20.0,8.200000000000001,336.0,315.0,2.0,2.0,600.0,4390.0,0.0,0.0,0.0,1.0,19475.0,8.5,1.0,0.0,,,,,,,,,,,,,,-26.125,-0.75,-0.5,28.5625,-26.125,750.0,0.0,390.0,200.0,0.0,0.0,254.0,20.0,0.0,8.0,0.0,1.0,0.0,0.0,8.0,0.0,5.0,1.0,4.0,0.0,7.0,28488.0,101.0,0.0,0.0,0.0,0.0,27.0,0.0,0.0,4.6000000000000005,5000.0,4990.0,4990.0,1.0,1.0,0.0,30.0,1170.0,0.0,255.0,857.0,310.0,0.0,0.0,1245716.0,3.008,3.0,50.0,
1788528579335,2026-09-04T17:29:39.335,0.0,4.0,0.0,1.0,743.0,14.100000000000001,85.0,2.52,2.52,2.52,2.52,0.0,1.0,92.0,0.0,0.0,78.0,64.5,66.0,-0.026440999999999992,-0.026440999999999992,15.0,0.999,5.0,16.0,16.0,-13.0,0.0,0.0,0.0,0.0,0.0,0.0,0.0,0.0,38.0,20.0,20.0,8.200000000000001,336.0,315.0,2.0,2.0,600.0,4380.0,0.0,0.0,0.0,1.0,19475.0,8.6,1.0,0.0,,,,,,,,,,,,,,-26.125,-0.5,-0.875,28.5625,-26.125,750.0,0.0,390.0,200.0,0.0,0.0,254.0,20.0,0.0,8.0,0.0,1.0,0.0,0.0,8.0,0.0,5.0,1.0,4.0,0.0,8.0,28488.0,101.0,0.0,0.0,0.0,0.0,27.0,0.0,0.0,4.6000000000000005,5000.0,4990.0,4980.0,1.0,1.0,0.0,30.0,1167.0,0.0,255.0,857.0,310.0,0.0,0.0,1245716.0,3.008,3.0,50.0,
1788528579849,2026-09-04T17:29:39.849,0.0,4.0,0.0,1.0,751.0,14.0,85.0,2.5100000000000002,2.5100000000000002,2.5100000000000002,2.5100000000000002,0.0,1.0,112.0,0.0,0.0,87.0,64.0,65.0,-0.021382310000000015,-0.021382310000000015,15.0,0.999,7.0,16.0,16.0,-13.0,-1.0,-1.0,-1.0,-1.0,0.0,0.0,0.0,0.0,38.0,19.0,20.0,8.1,336.0,315.0,2.0,2.0,600.0,4390.0,0.0,0.0,0.0,1.0,19475.0,8.3,0.0,0.0,,,,,,,,,,,,,,-25.9375,0.0,-0.3125,28.375,-25.9375,750.0,0.0,390.0,200.0,0.0,0.0,254.0,20.0,0.0,8.0,0.0,1.0,0.0,0.0,8.0,0.0,5.0,1.0,4.0,0.0,8.0,28488.0,101.0,0.0,0.0,0.0,0.0,27.0,0.0,0.0,4.6000000000000005,5000.0,4990.0,4980.0,1.0,1.0,0.0,30.0,1504.0,0.0,255.0,857.0,309.0,0.0,0.0,1245716.0,3.008,3.0,50.0,
1788528580339,2026-09-04T17:29:40.339,0.0,4.0,0.0,1.0,758.0,14.200000000000001,85.0,2.46,2.46,2.46,2.46,1.0,1.0,776.0,1.0,0.0,698.0,65.0,65.0,-0.038404839999999996,-0.038404839999999996,15.0,0.999,8.0,16.0,16.0,-14.0,-2.0,-2.0,-2.0,-2.0,0.0,0.0,0.0,0.0,38.0,19.0,20.0,8.200000000000001,315.0,315.0,2.0,2.0,600.0,4380.0,0.0,0.0,0.0,1.0,19475.0,8.200000000000001,1.0,0.0,,,,,,,,,,,,,,-25.9375,-0.1875,-2.125,28.375,-25.9375,750.0,0.0,390.0,200.0,0.0,0.0,254.0,20.0,0.0,8.0,0.0,1.0,1.0,0.0,8.0,0.0,5.0,1.0,4.0,100.0,8.0,28488.0,101.0,0.0,0.0,0.0,0.0,27.0,0.0,0.0,4.6000000000000005,5000.0,4990.0,4980.0,1.0,1.0,0.0,30.0,1558.0,0.0,255.0,857.0,310.0,0.0,0.0,1245716.0,3.008,3.0,50.0,
1788528580860,2026-09-04T17:29:40.860,0.0,4.0,0.0,1.0,745.0,13.9,85.0,2.4,2.4,2.4,2.4,1.0,1.0,786.0,1.0,0.0,771.0,68.0,67.5,-0.04307440000000001,-0.04307440000000001,15.0,0.999,9.0,16.0,16.0,-12.0,2.0,2.0,2.0,2.0,0.0,0.0,0.0,0.0,38.0,21.0,20.0,8.1,357.0,315.0,2.0,2.0,600.0,4380.0,0.0,0.0,0.0,1.0,19475.0,8.8,1.0,0.0,,,,,,,,,,,,,,-25.9375,2.75,3.375,28.375,-25.9375,750.0,0.0,390.0,200.0,0.0,0.0,254.0,20.0,0.0,8.0,0.0,0.0,1.0,0.0,8.0,0.0,5.0,1.0,4.0,100.0,8.0,28488.0,101.0,0.0,0.0,0.0,0.0,27.0,0.0,0.0,4.6000000000000005,5000.0,4990.0,4980.0,1.0,1.0,0.0,30.0,1231.0,0.0,255.0,857.0,358.0,0.0,0.0,1245716.0,3.008,3.0,50.0,
1788528581370,2026-09-04T17:29:41.370,0.0,4.0,0.0,1.0,718.0,14.0,85.0,2.72,2.72,2.72,2.72,1.0,1.0,756.0,1.0,0.0,766.0,68.5,67.0,-0.04813309000000002,-0.04813309000000002,15.0,0.999,11.0,14.0,14.0,-23.0,0.0,0.0,0.0,0.0,0.0,0.0,0.0,0.0,38.0,27.0,23.0,9.200000000000001,441.0,357.0,3.0,3.0,620.0,4350.0,0.0,0.0,0.0,1.0,19475.0,10.700000000000001,0.0,0.0,,,,,,,,,,,,,,-26.6875,4.0625,8.0,29.125,-26.6875,750.0,0.0,390.0,200.0,0.0,0.0,254.0,20.0,0.0,8.0,0.0,1.0,1.0,0.0,8.0,0.0,5.0,1.0,4.0,100.0,8.0,28488.0,101.0,0.0,0.0,0.0,0.0,27.0,0.0,0.0,4.6000000000000005,5000.0,4990.0,4980.0,1.0,1.0,0.0,30.0,1037.0,0.0,255.0,857.0,391.0,0.0,0.0,1245716.0,3.008,3.0,50.0,
1788528581942,2026-09-04T17:29:41.942,0.0,4.0,0.0,1.0,770.0,14.200000000000001,85.0,3.12,3.12,3.12,3.12,1.0,1.0,600.0,1.0,0.0,703.0,68.0,65.5,-0.05358091000000001,-0.05358091000000001,16.0,0.999,12.0,13.0,13.0,-31.0,-11.0,-11.0,-11.0,-11.0,0.0,0.0,0.0,0.0,38.0,25.0,25.0,10.600000000000001,420.0,399.0,3.0,3.0,630.0,4350.0,0.0,0.0,0.0,1.0,19475.0,10.9,0.0,0.0,,,,,,,,,,,,,,-27.8125,-2.0,-0.5,30.25,-27.8125,750.0,0.0,390.0,200.0,0.0,0.0,254.0,20.0,0.0,8.0,0.0,1.0,1.0,0.0,8.0,0.0,5.0,1.0,4.0,100.0,8.0,28488.0,101.0,0.0,0.0,0.0,0.0,27.0,0.0,0.0,4.6000000000000005,5000.0,4990.0,4980.0,1.0,1.0,0.0,30.0,1511.0,0.0,255.0,857.0,404.0,0.0,0.0,1245716.0,3.008,3.0,50.0,
1788528582681,2026-09-04T17:29:42.681,0.0,4.0,0.0,1.0,774.0,14.100000000000001,85.0,2.96,2.96,2.96,2.96,0.0,1.0,190.0,0.0,0.0,102.0,69.5,66.5,-0.03227795,-0.03227795,16.0,0.999,13.0,13.0,13.0,-29.0,-12.0,-12.0,-12.0,-12.0,0.0,0.0,0.0,0.0,38.0,21.0,24.0,9.8,357.0,378.0,2.0,2.0,610.0,4380.0,0.0,0.0,0.0,1.0,19475.0,9.3,1.0,0.0,,,,,,,,,,,,,,-26.125,-1.25,-1.0625,28.5625,-26.125,750.0,0.0,390.0,200.0,0.0,0.0,254.0,20.0,0.0,8.0,0.0,1.0,1.0,0.0,8.0,0.0,5.0,1.0,4.0,100.0,8.0,28488.0,101.0,0.0,0.0,0.0,0.0,27.0,0.0,0.0,4.6000000000000005,5000.0,4990.0,4980.0,1.0,1.0,0.0,30.0,1147.0,0.0,255.0,857.0,401.0,0.0,0.0,1245716.0,3.008,3.0,50.0,
1788528583153,2026-09-04T17:29:43.153,0.0,4.0,0.0,1.0,743.0,14.200000000000001,85.0,2.84,2.84,2.84,2.84,0.0,1.0,83.0,0.0,0.0,136.0,68.0,64.5,-0.03305621,-0.03305621,16.0,0.999,13.0,14.0,14.0,-26.0,-10.0,-10.0,-10.0,-10.0,0.0,0.0,0.0,0.0,38.0,22.0,23.0,9.4,357.0,378.0,2.0,2.0,610.0,4380.0,0.0,0.0,0.0,1.0,19475.0,9.200000000000001,1.0,0.0,,,,,,,,,,,,,,-25.0,0.75,1.9375,27.4375,-25.0,750.0,0.0,390.0,200.0,0.0,0.0,254.0,20.0,0.0,8.0,0.0,1.0,1.0,0.0,8.0,0.0,5.0,1.0,4.0,100.0,8.0,28488.0,101.0,0.0,0.0,0.0,0.0,27.0,0.0,0.0,4.6000000000000005,5000.0,4990.0,4990.0,1.0,1.0,0.0,30.0,1169.0,0.0,255.0,857.0,391.0,0.0,0.0,1245716.0,3.008,3.0,50.0,
1788528583659,2026-09-04T17:29:43.659,0.0,4.0,0.0,1.0,753.0,14.200000000000001,85.0,2.79,2.79,2.79,2.79,0.0,1.0,122.0,0.0,0.0,92.0,69.0,65.5,-0.028386650000000013,-0.028386650000000013,16.0,0.999,14.0,14.0,14.0,-25.0,-10.0,-10.0,-10.0,-10.0,0.0,0.0,0.0,0.0,38.0,21.0,23.0,9.5,357.0,357.0,2.0,2.0,610.0,4380.0,0.0,0.0,0.0,1.0,19475.0,9.1,0.0,0.0,,,,,,,,,,,,,,-25.0625,0.75,0.0,27.5,-25.0625,750.0,0.0,390.0,200.0,0.0,0.0,254.0,20.0,0.0,8.0,0.0,0.0,0.0,0.0,8.0,0.0,5.0,1.0,4.0,0.0,8.0,28488.0,101.0,0.0,0.0,0.0,0.0,27.0,0.0,0.0,4.6000000000000005,5000.0,4990.0,4980.0,1.0,1.0,0.0,30.0,854.0,0.0,255.0,857.0,389.0,0.0,0.0,1245716.0,3.008,3.0,50.0,
1788528584192,2026-09-04T17:29:44.192,0.0,4.0,0.0,1.0,737.0,13.5,85.0,2.74,2.74,2.74,2.74,1.0,1.0,756.0,1.0,0.0,673.0,76.0,71.5,-0.045020050000000006,-0.045020050000000006,17.0,0.999,14.0,14.0,14.0,-25.0,-6.0,-6.0,-6.0,-6.0,0.0,0.0,0.0,0.0,38.0,21.0,23.0,9.1,357.0,357.0,2.0,2.0,600.0,4380.0,0.0,0.0,0.0,1.0,19475.0,8.700000000000001,0.0,0.0,,,,,,,,,,,,,,-25.25,0.25,2.4375,27.6875,-25.25,750.0,0.0,390.0,190.0,0.0,0.0,254.0,20.0,0.0,8.0,0.0,1.0,0.0,0.0,8.0,0.0,5.0,1.0,4.0,0.0,8.0,28488.0,101.0,0.0,0.0,0.0,0.0,27.0,0.0,0.0,4.6000000000000005,5000.0,4990.0,4990.0,1.0,1.0,0.0,30.0,1489.0,0.0,255.0,857.0,389.0,0.0,0.0,1245716.0,3.008,3.0,50.0,
1788528584769,2026-09-04T17:29:44.769,0.0,4.0,0.0,1.0,749.0,13.8,85.0,2.62,2.62,2.62,2.62,1.0,1.0,737.0,1.0,0.0,712.0,72.5,68.5,-0.05046787,-0.05046787,17.0,0.999,15.0,15.0,15.0,-22.0,-3.0,-3.0,-3.0,-3.0,0.0,0.0,0.0,0.0,38.0,21.0,22.0,9.0,357.0,357.0,2.0,2.0,600.0,4390.0,0.0,0.0,0.0,1.0,19475.0,8.9,1.0,0.0,,,,,,,,,,,,,,-25.8125,4.5,3.5625,28.1875,-25.8125,750.0,1.0,390.0,200.0,0.0,0.0,254.0,20.0,0.0,8.0,0.0,1.0,0.0,0.0,8.0,0.0,5.0,1.0,4.0,0.0,8.0,28488.0,101.0,0.0,0.0,0.0,0.0,27.0,0.0,0.0,4.6000000000000005,5000.0,4990.0,4980.0,1.0,1.0,0.0,30.0,1120.0,0.0,255.0,857.0,374.0,0.0,0.0,1245716.0,3.008,3.0,50.0,
1788528585231,2026-09-04T17:29:45.231,0.0,4.0,0.0,1.0,760.0,14.100000000000001,85.0,2.5500000000000003,2.5500000000000003,2.5500000000000003,2.5500000000000003,1.0,1.0,747.0,1.0,0.0,751.0,70.0,65.5,-0.05591569000000002,-0.05591569000000002,17.0,0.999,16.0,15.0,15.0,-21.0,-6.0,-6.0,-6.0,-6.0,0.0,0.0,0.0,0.0,38.0,21.0,22.0,9.3,336.0,357.0,2.0,2.0,610.0,4380.0,0.0,0.0,0.0,1.0,19475.0,8.8,1.0,0.0,,,,,,,,,,,,,,-26.375,0.875,-0.5625,28.75,-26.375,750.0,0.0,390.0,200.0,0.0,0.0,254.0,20.0,0.0,8.0,0.0,1.0,0.0,0.0,8.0,0.0,5.0,1.0,4.0,0.0,7.0,28488.0,101.0,0.0,0.0,0.0,0.0,27.0,0.0,0.0,4.6000000000000005,5000.0,4990.0,4980.0,1.0,1.0,0.0,30.0,1210.0,0.0,255.0,857.0,365.0,0.0,0.0,1245716.0,3.008,3.0,50.0,
1788528585731,2026-09-04T17:29:45.731,0.0,4.0,0.0,1.0,758.0,14.100000000000001,85.0,2.46,2.46,2.46,2.46,1.0,1.0,781.0,1.0,0.0,776.0,71.0,66.5,-0.06058525000000001,-0.06058525000000001,18.0,0.999,16.0,15.0,15.0,-19.0,-5.0,-5.0,-5.0,-5.0,0.0,0.0,0.0,0.0,38.0,20.0,21.0,8.8,336.0,336.0,2.0,2.0,600.0,4390.0,0.0,0.0,0.0,1.0,19475.0,8.5,0.0,0.0,,,,,,,,,,,,,,-26.0625,-0.4375,0.0625,28.4375,-26.0625,750.0,0.0,390.0,200.0,0.0,0.0,254.0,20.0,0.0,8.0,0.0,1.0,0.0,0.0,8.0,0.0,5.0,1.0,4.0,0.0,7.0,28488.0,101.0,0.0,0.0,0.0,0.0,27.0,0.0,0.0,4.6000000000000005,5000.0,4990.0,4980.0,1.0,1.0,0.0,30.0,1102.0,0.0,255.0,857.0,357.0,0.0,0.0,1245716.0,3.008,3.0,50.0,
1788528586249,2026-09-04T17:29:46.249,0.0,4.0,0.0,1.0,764.0,14.0,85.0,2.36,2.36,2.36,2.36,1.0,1.0,761.0,1.0,0.0,771.0,71.0,66.0,-0.06525481,-0.06525481,18.0,0.999,16.0,15.0,15.0,-17.0,-3.0,-3.0,-3.0,-3.0,0.0,0.0,0.0,0.0,38.0,20.0,21.0,8.6,336.0,336.0,2.0,2.0,600.0,4370.0,0.0,0.0,0.0,1.0,19475.0,8.200000000000001,0.0,0.0,,,,,,,,,,,,,,-25.625,1.625,0.25,28.0,-25.625,750.0,0.0,390.0,200.0,0.0,0.0,254.0,20.0,0.0,8.0,0.0,1.0,0.0,0.0,8.0,0.0,5.0,1.0,4.0,0.0,7.0,28488.0,101.0,0.0,0.0,0.0,0.0,27.0,0.0,0.0,4.6000000000000005,5000.0,4990.0,4980.0,1.0,1.0,0.0,30.0,1467.0,0.0,255.0,857.0,349.0,0.0,0.0,1245716.0,3.008,3.0,50.0,
1788528586833,2026-09-04T17:29:46.833,0.0,4.0,0.0,1.0,757.0,14.200000000000001,85.0,2.32,2.32,2.32,2.32,1.0,1.0,771.0,1.0,0.0,786.0,71.0,66.0,-0.0703135,-0.0703135,18.0,0.999,17.0,15.0,15.0,-16.0,-4.0,-4.0,-4.0,-4.0,0.0,0.0,0.0,0.0,38.0,20.0,21.0,8.6,336.0,336.0,2.0,2.0,600.0,4380.0,0.0,0.0,0.0,1.0,19475.0,8.200000000000001,1.0,0.0,,,,,,,,,,,,,,-25.6875,-0.625,-0.375,28.0625,-25.6875,750.0,0.0,390.0,200.0,0.0,0.0,254.0,20.0,0.0,8.0,0.0,1.0,0.0,0.0,8.0,0.0,5.0,1.0,4.0,0.0,8.0,28488.0,101.0,0.0,0.0,0.0,0.0,27.0,0.0,0.0,4.6000000000000005,5000.0,4990.0,4970.0,1.0,1.0,0.0,30.0,1233.0,0.0,255.0,857.0,343.0,0.0,0.0,1245716.0,3.008,3.0,50.0,
1788528587309,2026-09-04T17:29:47.309,0.0,4.0,0.0,1.0,749.0,14.100000000000001,85.0,2.23,2.23,2.23,2.23,1.0,1.0,786.0,1.0,0.0,791.0,71.5,66.5,-0.07615045000000001,-0.07615045000000001,18.0,0.999,17.0,16.0,16.0,-14.0,-1.0,-1.0,-1.0,-1.0,0.0,0.0,0.0,0.0,38.0,20.0,20.0,8.4,336.0,336.0,2.0,2.0,600.0,4390.0,0.0,0.0,0.0,1.0,19475.0,8.4,1.0,0.0,,,,,,,,,,,,,,-25.75,-0.4375,-0.125,28.0625,-25.75,750.0,0.0,390.0,200.0,0.0,0.0,254.0,20.0,0.0,8.0,0.0,1.0,0.0,0.0,8.0,0.0,5.0,1.0,4.0,0.0,7.0,28488.0,101.0,0.0,0.0,0.0,0.0,27.0,0.0,0.0,4.7,5000.0,4990.0,4990.0,1.0,1.0,0.0,30.0,1246.0,0.0,255.0,857.0,338.0,0.0,0.0,1245716.0,3.008,3.0,50.0,
1788528587965,2026-09-04T17:29:47.965,0.0,4.0,0.0,1.0,752.0,14.0,85.0,2.22,2.22,2.22,2.22,1.0,1.0,776.0,1.0,0.0,795.0,73.5,67.5,-0.08159827,-0.08159827,19.0,0.999,18.0,16.0,16.0,-15.0,0.0,0.0,0.0,0.0,0.0,0.0,0.0,0.0,38.0,20.0,20.0,8.200000000000001,336.0,336.0,2.0,2.0,600.0,4390.0,0.0,0.0,0.0,1.0,19475.0,8.4,0.0,0.0,,,,,,,,,,,,,,-25.375,1.1875,2.3125,27.6875,-25.375,750.0,0.0,390.0,200.0,0.0,0.0,254.0,20.0,0.0,8.0,0.0,1.0,0.0,0.0,8.0,0.0,5.0,1.0,4.0,0.0,6.0,28488.0,101.0,0.0,0.0,0.0,0.0,27.0,0.0,0.0,4.7,5000.0,4990.0,4990.0,1.0,1.0,0.0,30.0,1265.0,0.0,255.0,857.0,339.0,0.0,0.0,1245716.0,3.008,3.0,50.0,
1788528588435,2026-09-04T17:29:48.435,0.0,4.0,0.0,1.0,752.0,14.100000000000001,85.0,2.19,2.19,2.19,2.19,1.0,1.0,712.0,1.0,0.0,766.0,72.5,66.5,-0.08704608999999999,-0.08704608999999999,19.0,0.999,19.0,16.0,16.0,-15.0,-2.0,-2.0,-2.0,-2.0,0.0,0.0,0.0,0.0,38.0,20.0,20.0,8.4,336.0,336.0,2.0,2.0,600.0,4380.0,0.0,0.0,0.0,1.0,19475.0,8.4,1.0,0.0,,,,,,,,,,,,,,-25.6875,-0.375,0.1875,28.0,-25.6875,750.0,0.0,390.0,200.0,0.0,0.0,254.0,20.0,0.0,8.0,0.0,1.0,0.0,0.0,8.0,0.0,5.0,1.0,4.0,0.0,7.0,28488.0,101.0,0.0,0.0,0.0,0.0,27.0,0.0,0.0,4.7,5000.0,4990.0,4990.0,1.0,1.0,0.0,30.0,1151.0,0.0,255.0,857.0,340.0,0.0,0.0,1245716.0,3.008,3.0,50.0,
1788528588939,2026-09-04T17:29:48.939,0.0,4.0,0.0,1.0,747.0,14.100000000000001,85.0,2.18,2.18,2.18,2.18,1.0,1.0,654.0,1.0,0.0,712.0,72.5,66.5,-0.09171565000000001,-0.09171565000000001,19.0,0.999,19.0,16.0,16.0,-16.0,-1.0,-1.0,-1.0,-1.0,0.0,0.0,0.0,0.0,38.0,21.0,21.0,8.5,336.0,336.0,2.0,2.0,600.0,4390.0,0.0,0.0,0.0,1.0,19475.0,8.5,1.0,0.0,,,,,,,,,,,,,,-25.5625,0.75,0.5,27.875,-25.5625,750.0,0.0,390.0,200.0,0.0,0.0,254.0,20.0,0.0,8.0,0.0,1.0,0.0,0.0,8.0,0.0,5.0,1.0,4.0,0.0,8.0,28488.0,101.0,0.0,0.0,0.0,0.0,27.0,0.0,0.0,4.7,5000.0,4990.0,4980.0,1.0,1.0,0.0,30.0,1084.0,0.0,255.0,857.0,341.0,0.0,0.0,1245716.0,3.008,3.0,50.0,
1788528589416,2026-09-04T17:29:49.416,0.0,4.0,0.0,1.0,746.0,14.100000000000001,85.0,2.19,2.19,2.19,2.19,0.0,1.0,92.0,0.0,0.0,102.0,72.5,66.0,-0.07274747000000001,-0.07274747000000001,20.0,0.999,19.0,16.0,16.0,-15.0,-2.0,-2.0,-2.0,-2.0,0.0,0.0,0.0,0.0,38.0,20.0,20.0,8.4,336.0,336.0,2.0,2.0,600.0,4380.0,0.0,0.0,0.0,1.0,19475.0,8.4,0.0,0.0,,,,,,,,,,,,,,-25.625,0.375,0.9375,27.875,-25.625,750.0,0.0,390.0,200.0,0.0,0.0,254.0,20.0,0.0,8.0,0.0,1.0,0.0,0.0,8.0,0.0,5.0,1.0,4.0,0.0,8.0,28488.0,101.0,0.0,0.0,0.0,0.0,27.0,0.0,0.0,4.7,5000.0,4990.0,4980.0,1.0,1.0,0.0,30.0,1060.0,0.0,255.0,857.0,341.0,0.0,0.0,1245716.0,3.008,3.0,50.0,
1788528589956,2026-09-04T17:29:49.956,0.0,4.0,0.0,1.0,752.0,14.100000000000001,85.0,2.18,2.18,2.18,2.18,0.0,1.0,102.0,0.0,0.0,87.0,73.0,66.5,-0.06807790999999999,-0.06807790999999999,20.0,0.999,20.0,15.0,15.0,-16.0,-3.0,-3.0,-3.0,-3.0,0.0,0.0,0.0,0.0,38.0,20.0,21.0,8.4,336.0,336.0,2.0,2.0,600.0,4390.0,0.0,0.0,0.0,1.0,19475.0,8.3,0.0,0.0,,,,,,,,,,,,,,-25.5625,2.1875,0.3125,27.8125,-25.5625,750.0,0.0,390.0,200.0,0.0,0.0,254.0,20.0,0.0,8.0,0.0,1.0,0.0,0.0,8.0,0.0,5.0,1.0,4.0,0.0,8.0,28488.0,101.0,0.0,0.0,0.0,0.0,27.0,0.0,0.0,4.7,5000.0,4990.0,4990.0,1.0,1.0,0.0,30.0,1368.0,0.0,255.0,857.0,340.0,0.0,0.0,1245716.0,3.008,3.0,50.0,
1788528590432,2026-09-04T17:29:50.432,0.0,4.0,0.0,1.0,745.0,14.100000000000001,85.0,2.17,2.17,2.17,2.17,0.0,1.0,92.0,0.0,0.0,83.0,74.0,67.0,-0.06263009,-0.06263009,20.0,0.999,20.0,16.0,16.0,-15.0,-2.0,-2.0,-2.0,-2.0,0.0,0.0,0.0,0.0,38.0,20.0,20.0,8.3,336.0,336.0,2.0,2.0,600.0,4390.0,0.0,0.0,0.0,1.0,19475.0,8.3,1.0,0.0,,,,,,,,,,,,,,-25.5625,0.9375,1.5625,27.8125,-25.5625,750.0,0.0,390.0,200.0,0.0,0.0,254.0,20.0,0.0,8.0,0.0,1.0,0.0,0.0,8.0,0.0,5.0,1.0,4.0,0.0,8.0,28488.0,101.0,0.0,0.0,0.0,0.0,27.0,0.0,0.0,4.7,5000.0,4990.0,4990.0,1.0,1.0,0.0,30.0,1424.0,0.0,255.0,857.0,340.0,0.0,0.0,1245716.0,3.008,3.0,50.0,
1788528590924,2026-09-04T17:29:50.924,0.0,4.0,0.0,1.0,755.0,14.100000000000001,85.0,2.16,2.16,2.16,2.16,0.0,1.0,92.0,0.0,0.0,83.0,73.5,67.0,-0.05796053000000001,-0.05796053000000001,20.0,0.999,21.0,16.0,16.0,-15.0,-4.0,-4.0,-4.0,-4.0,0.0,0.0,0.0,0.0,38.0,20.0,20.0,8.4,336.0,336.0,2.0,2.0,600.0,4390.0,0.0,0.0,0.0,1.0,19475.0,8.200000000000001,1.0,0.0,,,,,,,,,,,,,,-25.5,1.375,1.6875,27.75,-25.5,750.0,0.0,390.0,200.0,0.0,0.0,254.0,20.0,0.0,8.0,0.0,1.0,0.0,0.0,8.0,0.0,5.0,1.0,4.0,0.0,8.0,28488.0,101.0,0.0,0.0,0.0,0.0,27.0,0.0,0.0,4.7,5000.0,4990.0,4980.0,1.0,1.0,0.0,30.0,1217.0,0.0,255.0,857.0,340.0,0.0,0.0,1245716.0,3.008,3.0,50.0,
1788528591370,2026-09-04T17:29:51.370,0.0,4.0,0.0,1.0,749.0,14.200000000000001,85.0,2.17,2.17,2.17,2.17,0.0,1.0,87.0,0.0,0.0,78.0,74.0,66.5,-0.05329096999999999,-0.05329096999999999,21.0,0.999,21.0,16.0,16.0,-15.0,-2.0,-2.0,-2.0,-2.0,0.0,0.0,0.0,0.0,38.0,20.0,20.0,8.4,336.0,336.0,2.0,2.0,600.0,4390.0,0.0,0.0,0.0,1.0,19475.0,8.4,0.0,0.0,,,,,,,,,,,,,,-25.625,0.875,-0.3125,27.875,-25.625,750.0,0.0,390.0,200.0,0.0,0.0,254.0,20.0,0.0,8.0,0.0,1.0,0.0,0.0,8.0,0.0,5.0,1.0,4.0,0.0,8.0,28488.0,101.0,0.0,0.0,0.0,0.0,27.0,0.0,0.0,4.7,5000.0,4990.0,4980.0,1.0,1.0,0.0,30.0,1295.0,0.0,255.0,857.0,340.0,0.0,0.0,1245716.0,3.008,3.0,50.0,
1788528591925,2026-09-04T17:29:51.925,0.0,4.0,0.0,1.0,756.0,13.9,85.0,2.14,2.14,2.14,2.14,0.0,1.0,83.0,0.0,0.0,73.0,76.5,69.0,-0.04901054000000002,-0.04901054000000002,21.0,0.999,21.0,16.0,16.0,-15.0,0.0,0.0,0.0,0.0,0.0,0.0,0.0,0.0,38.0,20.0,20.0,8.200000000000001,336.0,336.0,2.0,2.0,600.0,4380.0,0.0,0.0,0.0,1.0,19475.0,8.200000000000001,0.0,0.0,,,,,,,,,,,,,,-25.5,2.375,1.25,27.6875,-25.5,750.0,0.0,390.0,200.0,0.0,0.0,254.0,20.0,0.0,8.0,0.0,1.0,0.0,0.0,8.0,0.0,5.0,1.0,4.0,0.0,8.0,28488.0,101.0,0.0,0.0,0.0,0.0,27.0,0.0,0.0,4.7,5000.0,4990.0,4970.0,1.0,1.0,0.0,30.0,1184.0,0.0,255.0,857.0,340.0,0.0,0.0,1245716.0,3.008,3.0,50.0,
1788528592349,2026-09-04T17:29:52.349,0.0,4.0,0.0,1.0,755.0,14.100000000000001,85.0,2.16,2.16,2.16,2.16,0.0,1.0,73.0,0.0,0.0,68.0,74.0,66.0,-0.038038600000000006,-0.038038600000000006,21.0,0.999,21.0,16.0,16.0,-15.0,-3.0,-3.0,-3.0,-3.0,0.0,0.0,0.0,0.0,38.0,20.0,20.0,8.4,336.0,336.0,2.0,2.0,600.0,4380.0,0.0,0.0,0.0,1.0,19475.0,8.4,1.0,0.0,,,,,,,,,,,,,,-25.875,-0.25,0.4375,28.0625,-25.875,750.0,0.0,390.0,200.0,0.0,0.0,254.0,20.0,0.0,8.0,0.0,1.0,0.0,0.0,8.0,0.0,5.0,1.0,4.0,0.0,8.0,28488.0,101.0,0.0,0.0,0.0,0.0,27.0,0.0,0.0,4.7,5000.0,4990.0,4990.0,1.0,1.0,0.0,30.0,1143.0,0.0,255.0,857.0,340.0,0.0,0.0,1245716.0,3.008,3.0,50.0,
1788528592944,2026-09-04T17:29:52.944,0.0,4.0,0.0,1.0,752.0,14.100000000000001,85.0,2.18,2.18,2.18,2.18,0.0,1.0,83.0,0.0,0.0,68.0,75.0,67.0,-0.015026520000000015,-0.015026520000000015,21.0,0.999,22.0,16.0,16.0,-14.0,-1.0,-1.0,-1.0,-1.0,0.0,0.0,0.0,0.0,38.0,21.0,20.0,8.200000000000001,336.0,336.0,2.0,2.0,600.0,4390.0,0.0,0.0,0.0,1.0,19475.0,8.6,1.0,0.0,,,,,,,,,,,,,,-26.0,-0.75,0.25,28.1875,-26.0,750.0,0.0,390.0,200.0,0.0,0.0,254.0,20.0,0.0,8.0,0.0,1.0,0.0,0.0,8.0,0.0,5.0,1.0,4.0,0.0,8.0,28488.0,101.0,0.0,0.0,0.0,0.0,27.0,0.0,0.0,4.7,5000.0,4990.0,4980.0,1.0,1.0,0.0,30.0,1272.0,0.0,255.0,857.0,340.0,0.0,0.0,1245716.0,3.008,3.0,50.0,
1788528593365,2026-09-04T17:29:53.365,0.0,4.0,0.0,1.0,756.0,14.0,85.0,2.21,2.21,2.21,2.21,0.0,1.0,87.0,0.0,0.0,78.0,74.5,66.0,0.007985560000000003,0.007985560000000003,22.0,0.999,22.0,16.0,16.0,-14.0,-2.0,-2.0,-2.0,-2.0,0.0,0.0,0.0,0.0,38.0,20.0,20.0,8.4,336.0,336.0,2.0,2.0,600.0,4390.0,0.0,0.0,0.0,1.0,19475.0,8.3,0.0,0.0,,,,,,,,,,,,,,-25.875,0.9375,0.25,28.0625,-25.875,750.0,0.0,390.0,200.0,0.0,0.0,254.0,20.0,0.0,8.0,0.0,1.0,0.0,0.0,8.0,0.0,5.0,1.0,4.0,0.0,8.0,28488.0,101.0,0.0,0.0,0.0,0.0,27.0,0.0,0.0,4.7,5000.0,4990.0,4970.0,1.0,1.0,0.0,30.0,1196.0,0.0,255.0,857.0,340.0,0.0,0.0,1245716.0,3.008,3.0,50.0,
1788528593786,2026-09-04T17:29:53.786,0.0,4.0,0.0,1.0,745.0,14.200000000000001,85.0,2.2600000000000002,2.2600000000000002,2.2600000000000002,2.2600000000000002,0.0,1.0,102.0,0.0,0.0,83.0,74.5,67.0,0.025687159999999987,0.025687159999999987,22.0,0.999,23.0,16.0,16.0,-15.0,-5.0,-5.0,-5.0,-5.0,0.0,0.0,0.0,0.0,38.0,20.0,20.0,8.5,336.0,336.0,2.0,2.0,600.0,4380.0,0.0,0.0,0.0,1.0,19475.0,8.4,0.0,0.0,,,,,,,,,,,,,,-25.875,0.1875,-0.625,28.0625,-25.875,750.0,0.0,390.0,200.0,0.0,0.0,254.0,20.0,0.0,8.0,0.0,1.0,0.0,0.0,8.0,0.0,5.0,1.0,4.0,0.0,8.0,28488.0,101.0,0.0,0.0,0.0,0.0,27.0,0.0,0.0,4.7,5000.0,4990.0,4970.0,1.0,1.0,0.0,30.0,1282.0,0.0,255.0,857.0,340.0,0.0,0.0,1245716.0,3.008,3.0,50.0,
1788528594304,2026-09-04T17:29:54.304,0.0,4.0,0.0,1.0,754.0,14.0,85.0,2.2800000000000002,2.2800000000000002,2.2800000000000002,2.2800000000000002,0.0,1.0,327.0,0.0,0.0,107.0,77.0,68.5,0.04515891999999999,0.04515891999999999,22.0,0.999,23.0,16.0,16.0,-14.0,-2.0,-2.0,-2.0,-2.0,0.0,0.0,0.0,0.0,38.0,20.0,20.0,8.200000000000001,336.0,336.0,2.0,2.0,590.0,4390.0,0.0,0.0,0.0,1.0,19475.0,8.200000000000001,0.0,0.0,,,,,,,,,,,,,,-25.8125,-0.4375,-0.125,28.0,-25.8125,750.0,0.0,390.0,190.0,0.0,0.0,254.0,20.0,0.0,8.0,0.0,1.0,0.0,0.0,8.0,0.0,5.0,1.0,4.0,0.0,8.0,28488.0,101.0,0.0,0.0,0.0,0.0,27.0,0.0,0.0,4.7,5000.0,4990.0,4990.0,1.0,1.0,0.0,30.0,1339.0,0.0,255.0,857.0,337.0,0.0,0.0,1245716.0,3.008,3.0,50.0,
1788528594770,2026-09-04T17:29:54.770,0.0,4.0,0.0,1.0,753.0,14.200000000000001,85.0,2.09,2.09,2.09,2.09,1.0,1.0,732.0,1.0,0.0,712.0,75.0,66.5,-0.008136630000000006,-0.008136630000000006,22.0,0.999,23.0,16.0,16.0,-14.0,-3.0,-3.0,-3.0,-3.0,0.0,0.0,0.0,0.0,38.0,20.0,20.0,8.200000000000001,336.0,336.0,2.0,2.0,600.0,4390.0,0.0,0.0,0.0,1.0,19475.0,8.1,1.0,0.0,,,,,,,,,,,,,,-25.8125,-0.9375,0.3125,27.9375,-25.8125,750.0,0.0,390.0,200.0,0.0,0.0,254.0,20.0,0.0,8.0,0.0,1.0,1.0,0.0,8.0,0.0,5.0,1.0,4.0,100.0,8.0,28488.0,101.0,0.0,0.0,0.0,0.0,27.0,0.0,0.0,4.7,5000.0,4990.0,4980.0,1.0,1.0,0.0,30.0,1116.0,0.0,255.0,857.0,373.0,0.0,0.0,1245716.0,3.008,3.0,50.0,
1788528595293,2026-09-04T17:29:55.293,0.0,4.0,0.0,1.0,744.0,14.100000000000001,85.0,2.19,2.19,2.19,2.19,0.0,1.0,92.0,0.0,0.0,444.0,75.5,66.5,0.006940249999999981,0.006940249999999981,22.0,0.999,23.0,16.0,16.0,-17.0,-2.0,-2.0,-2.0,-2.0,0.0,0.0,0.0,0.0,38.0,22.0,21.0,8.8,357.0,336.0,2.0,2.0,610.0,4380.0,0.0,0.0,0.0,1.0,19475.0,8.9,1.0,0.0,,,,,,,,,,,,,,-25.5,-1.0,-0.9375,27.625,-25.5,750.0,0.0,490.0,220.0,2.4000000000000004,1.5,254.0,20.0,0.0,8.0,0.0,0.0,1.0,0.0,8.0,0.0,5.0,1.0,4.0,100.0,8.0,28488.0,101.0,0.0,0.0,0.0,0.0,27.0,0.0,0.0,4.7,5000.0,4990.0,4990.0,1.0,1.0,0.0,30.0,1268.0,0.0,255.0,857.0,357.0,0.0,0.0,1245716.0,3.008,3.0,50.0,
1788528595800,2026-09-04T17:29:55.800,0.0,4.0,0.0,1.0,747.0,14.100000000000001,85.0,4.33,4.33,4.33,4.33,0.0,1.0,68.0,0.0,0.0,63.0,75.5,66.5,0.01296031999999997,0.01296031999999997,22.0,0.999,26.0,12.0,9.0,-36.0,9.0,9.0,9.0,9.0,0.0,0.0,0.0,0.0,38.0,57.0,46.0,26.3,840.0,693.0,14.0,13.0,1060.0,3920.0,6.0,0.0,94.0,1.0,19475.0,29.200000000000003,0.0,0.0,,,,,,,,,,,,,,62.0,67.4375,67.1875,26.75,62.0,750.0,0.0,1020.0,490.0,18.0,16.900000000000002,254.0,20.0,0.0,8.0,0.0,0.0,1.0,0.0,8.0,0.0,5.0,2.0,4.0,100.0,8.0,28488.0,101.0,0.0,0.0,0.0,0.0,27.0,0.0,0.0,4.7,5000.0,4990.0,4980.0,1.0,1.0,0.0,30.0,3119.0,0.0,255.0,857.0,357.0,0.0,0.0,1245716.0,3.008,3.0,50.0,
1788528596294,2026-09-04T17:29:56.294,0.0,4.0,0.0,1.0,2074.0,14.200000000000001,85.0,4.17,4.17,4.17,4.17,0.0,1.0,68.0,0.0,0.0,48.0,75.5,67.5,0.049759810000000015,0.049759810000000015,22.0,0.999,99.0,26.0,26.0,-36.0,23.0,23.0,23.0,23.0,0.0,0.0,0.0,0.0,38.0,20.0,26.0,30.1,294.0,378.0,6.0,6.0,790.0,4190.0,0.0,0.0,0.0,1.0,19475.0,23.400000000000002,0.0,0.0,,,,,,,,,,,,,,8.6875,16.25,16.375,25.0625,8.6875,750.0,2.0,1080.0,520.0,20.3,19.3,254.0,20.0,0.0,8.0,0.0,0.0,1.0,0.0,8.0,0.0,5.0,2.0,4.0,100.0,8.0,28488.0,101.0,0.0,0.0,0.0,0.0,27.0,0.0,0.0,4.7,5000.0,4990.0,4970.0,1.0,1.0,0.0,30.0,2707.0,0.0,255.0,857.0,357.0,0.0,0.0,1245716.0,3.008,3.0,50.0,
1788528596736,2026-09-04T17:29:56.736,0.0,4.0,0.0,1.0,1791.0,14.200000000000001,85.0,2.75,2.75,2.75,2.75,0.0,1.0,141.0,1.0,0.0,654.0,75.0,68.0,0.03749077000000001,0.03749077000000001,22.0,0.999,75.0,24.0,24.0,-27.0,4.0,4.0,4.0,4.0,0.0,0.0,0.0,0.0,38.0,30.0,26.0,22.3,441.0,378.0,7.0,6.0,770.0,4210.0,0.0,0.0,0.0,1.0,19475.0,25.0,1.0,0.0,,,,,,,,,,,,,,32.25,23.0,23.0,23.5625,32.25,750.0,4.0,1030.0,490.0,18.3,17.2,254.0,20.0,0.0,8.0,0.0,0.0,1.0,0.0,8.0,0.0,5.0,2.0,4.0,100.0,7.0,28488.0,101.0,0.0,0.0,0.0,0.0,27.0,0.0,0.0,4.7,5000.0,4990.0,4980.0,1.0,1.0,0.0,30.0,1772.0,0.0,255.0,857.0,357.0,0.0,0.0,1245716.0,3.008,3.0,50.0,
1788528597196,2026-09-04T17:29:57.196,0.0,4.0,0.0,1.0,1418.0,14.200000000000001,85.0,5.14,5.14,5.14,5.14,0.0,1.0,58.0,0.0,0.0,58.0,75.0,69.0,0.08700946999999998,0.08700946999999998,21.0,0.999,99.0,19.0,19.0,-36.0,19.0,19.0,19.0,19.0,0.0,0.0,0.0,0.0,38.0,22.0,40.0,32.4,336.0,567.0,5.0,6.0,770.0,4210.0,0.0,0.0,0.0,1.0,19475.0,18.0,1.0,0.0,,,,,,,,,,,,,,2.3125,37.9375,37.9375,21.8125,2.3125,750.0,6.0,730.0,340.0,9.5,8.5,254.0,20.0,0.0,8.0,0.0,0.0,1.0,0.0,8.0,0.0,5.0,2.0,4.0,100.0,6.0,28488.0,101.0,0.0,0.0,0.0,0.0,27.0,0.0,0.0,4.7,5000.0,4990.0,4980.0,1.0,1.0,0.0,30.0,2646.0,0.0,255.0,857.0,357.0,0.0,0.0,1245716.0,3.008,3.0,50.0,
1788528597827,2026-09-04T17:29:57.827,0.0,4.0,0.0,1.0,1638.0,14.200000000000001,85.0,1.94,1.94,1.94,1.94,1.0,1.0,815.0,1.0,0.0,693.0,75.0,69.5,0.09569241,0.09569241,21.0,0.999,41.0,28.0,28.0,-26.0,-26.0,-26.0,-26.0,-26.0,0.0,0.0,0.0,0.0,38.0,13.0,18.0,13.4,210.0,273.0,3.0,3.0,620.0,4360.0,0.0,0.0,0.0,1.0,19475.0,10.5,0.0,0.0,,,,,,,,,,,,,,-20.375,-20.375,-19.0625,22.5,-20.375,750.0,6.0,390.0,200.0,0.0,0.0,254.0,20.0,0.0,8.0,0.0,0.0,1.0,0.0,8.0,0.0,5.0,1.0,4.0,100.0,6.0,28488.0,101.0,0.0,0.0,0.0,0.0,27.0,0.0,0.0,4.7,5000.0,4990.0,4980.0,1.0,1.0,0.0,30.0,1805.0,0.0,255.0,857.0,349.0,0.0,0.0,1245716.0,3.008,3.0,50.0,
1788528598316,2026-09-04T17:29:58.316,0.0,4.0,0.0,1.0,1024.0,13.5,85.0,1.57,1.57,1.57,1.57,0.0,1.0,43.0,0.0,0.0,34.0,78.5,74.0,0.10904491,0.10904491,21.0,0.999,23.0,28.0,28.0,-1.0,4.0,4.0,4.0,4.0,0.0,0.0,0.0,0.0,38.0,13.0,16.0,7.9,231.0,252.0,1.0,1.0,570.0,4410.0,0.0,0.0,0.0,1.0,19475.0,6.6000000000000005,0.0,0.0,,,,,,,,,,,,,,-23.75,-0.4375,-3.1875,25.875,-23.75,750.0,6.0,390.0,200.0,0.0,0.0,254.0,20.0,0.0,8.0,0.0,1.0,1.0,0.0,8.0,0.0,5.0,1.0,4.0,100.0,6.0,28488.0,101.0,0.0,0.0,0.0,0.0,27.0,0.0,0.0,4.7,5000.0,4990.0,4990.0,1.0,1.0,0.0,30.0,1518.0,0.0,255.0,857.0,316.0,0.0,0.0,1245716.0,3.008,3.0,50.0,
1788528598872,2026-09-04T17:29:58.872,0.0,4.0,0.0,1.0,864.0,14.200000000000001,85.0,2.07,2.07,2.07,2.07,0.0,1.0,53.0,0.0,0.0,43.0,75.0,70.5,0.11449272999999999,0.11449272999999999,21.0,0.999,32.0,19.0,19.0,-8.0,7.0,7.0,7.0,7.0,0.0,0.0,0.0,0.0,38.0,22.0,19.0,9.200000000000001,357.0,315.0,2.0,2.0,620.0,4370.0,0.0,0.0,0.0,1.0,19475.0,10.200000000000001,1.0,0.0,,,,,,,,,,,,,,-24.375,2.625,2.9375,26.5,-24.375,750.0,4.0,390.0,200.0,0.0,0.0,254.0,20.0,0.0,8.0,0.0,1.0,1.0,0.0,8.0,0.0,5.0,1.0,4.0,100.0,5.0,28488.0,101.0,0.0,0.0,0.0,0.0,27.0,0.0,0.0,4.7,5000.0,4990.0,4980.0,1.0,1.0,0.0,30.0,1548.0,0.0,255.0,857.0,311.0,0.0,0.0,1245716.0,3.008,3.0,50.0,
1788528599369,2026-09-04T17:29:59.369,0.0,4.0,0.0,1.0,881.0,14.200000000000001,85.0,2.27,2.27,2.27,2.27,1.0,1.0,756.0,0.0,0.0,97.0,75.5,70.5,0.10247548000000001,0.10247548000000001,20.0,0.999,33.0,16.0,16.0,-12.0,-4.0,-4.0,-4.0,-4.0,0.0,0.0,0.0,0.0,38.0,18.0,19.0,9.3,294.0,315.0,2.0,2.0,600.0,4380.0,0.0,0.0,0.0,1.0,19475.0,8.6,0.0,0.0,,,,,,,,,,,,,,-24.9375,-1.3125,-1.625,27.0625,-24.9375,750.0,2.0,390.0,200.0,0.0,0.0,254.0,20.0,0.0,8.0,0.0,0.0,1.0,0.0,8.0,0.0,5.0,1.0,4.0,100.0,4.0,28488.0,101.0,0.0,0.0,0.0,0.0,27.0,0.0,0.0,4.7,5000.0,4990.0,4980.0,1.0,1.0,0.0,30.0,1007.0,0.0,255.0,857.0,343.0,0.0,0.0,1245716.0,3.008,3.0,50.0,
1788528599938,2026-09-04T17:29:59.938,0.0,4.0,0.0,1.0,831.0,12.9,85.0,2.21,2.21,2.21,2.21,1.0,1.0,820.0,1.0,0.0,800.0,89.0,83.5,0.09769909999999998,0.09769909999999998,20.0,0.999,27.0,16.0,16.0,-12.0,14.0,14.0,14.0,14.0,0.0,0.0,0.0,0.0,38.0,50.0,36.0,18.8,756.0,525.0,9.0,10.0,940.0,4040.0,0.0,0.0,0.0,1.0,19475.0,21.900000000000002,0.0,0.0,,,,,,,,,,,,,,54.25,45.875,46.0,26.375,54.25,750.0,2.0,960.0,460.0,16.1,14.8,254.0,20.0,0.0,8.0,0.0,0.0,1.0,0.0,8.0,0.0,5.0,2.0,4.0,100.0,2.0,28488.0,101.0,0.0,0.0,0.0,0.0,27.0,0.0,0.0,4.7,5000.0,4990.0,4980.0,1.0,1.0,0.0,30.0,2062.0,0.0,255.0,857.0,337.0,0.0,0.0,1245716.0,3.008,3.0,50.0,
1788528600448,2026-09-04T17:30:00.448,0.0,4.0,0.0,1.0,1917.0,14.0,85.0,6.22,6.22,6.22,6.22,0.0,1.0,58.0,0.0,0.0,107.0,78.5,73.5,0.10436772,0.10436772,20.0,0.999,99.0,23.0,23.0,-36.0,20.0,20.0,20.0,20.0,0.0,0.0,0.0,0.0,39.0,21.0,31.0,35.9,315.0,441.0,7.0,7.0,810.0,4160.0,0.0,0.0,0.0,1.0,19475.0,25.700000000000003,1.0,0.0,,,,,,,,,,,,,,5.375,18.375,17.9375,27.9375,5.375,750.0,2.0,1010.0,480.0,18.8,17.7,254.0,20.0,0.0,8.0,0.0,0.0,1.0,0.0,8.0,0.0,5.0,2.0,4.0,100.0,2.0,28488.0,101.0,0.0,0.0,0.0,0.0,27.0,0.0,0.0,4.7,5000.0,4990.0,4970.0,1.0,1.0,0.0,30.0,2408.0,0.0,255.0,857.0,337.0,0.0,0.0,1245716.0,3.008,3.0,50.0,
1788528600934,2026-09-04T17:30:00.934,0.0,4.0,0.0,1.0,1972.0,14.100000000000001,86.0,1.73,1.73,1.73,1.73,1.0,1.0,766.0,1.0,0.0,781.0,75.5,72.5,0.06431021999999997,0.06431021999999997,20.0,0.999,54.0,30.0,30.0,-19.0,-19.0,-19.0,-19.0,-19.0,0.0,0.0,0.0,0.0,38.0,13.0,18.0,16.0,210.0,273.0,3.0,3.0,650.0,4330.0,0.0,0.0,0.0,1.0,19475.0,12.100000000000001,1.0,0.0,,,,,,,,,,,,,,-25.75,-25.75,-19.0625,27.875,-25.75,750.0,3.0,510.0,230.0,2.8000000000000003,1.6,254.0,20.0,0.0,8.0,0.0,0.0,1.0,0.0,8.0,0.0,5.0,2.0,4.0,100.0,5.0,28488.0,101.0,0.0,0.0,0.0,0.0,27.0,0.0,0.0,4.7,5000.0,4990.0,4980.0,1.0,1.0,0.0,30.0,1853.0,0.0,255.0,857.0,303.0,0.0,0.0,1245716.0,3.008,3.0,50.0,
1788528601413,2026-09-04T17:30:01.413,0.0,4.0,0.0,1.0,1333.0,14.200000000000001,86.0,3.0300000000000002,3.0300000000000002,3.0300000000000002,3.0300000000000002,0.0,1.0,53.0,0.0,0.0,73.0,73.5,71.5,0.10640493000000001,0.10640493000000001,19.0,0.999,66.0,22.0,22.0,-36.0,18.0,18.0,18.0,18.0,0.0,0.0,0.0,0.0,38.0,47.0,31.0,26.900000000000002,672.0,441.0,11.0,11.0,970.0,4000.0,0.0,0.0,0.0,1.0,19475.0,34.5,0.0,0.0,,,,,,,,,,,,,,47.375,38.9375,38.875,25.1875,47.375,750.0,3.0,1000.0,480.0,18.1,16.8,254.0,20.0,0.0,8.0,0.0,0.0,1.0,0.0,8.0,0.0,5.0,2.0,4.0,100.0,5.0,28488.0,101.0,0.0,0.0,0.0,0.0,27.0,0.0,0.0,4.7,5000.0,4990.0,4990.0,1.0,1.0,0.0,30.0,1865.0,0.0,255.0,857.0,301.0,0.0,0.0,1245716.0,3.008,3.0,50.0,
1788528601899,2026-09-04T17:30:01.899,0.0,4.0,0.0,1.0,1814.0,14.200000000000001,85.0,4.25,4.25,4.25,4.25,0.0,1.0,73.0,0.0,0.0,122.0,75.0,73.0,0.10894571999999997,0.10894571999999997,19.0,0.999,99.0,24.0,24.0,-33.0,24.0,24.0,24.0,24.0,0.0,0.0,0.0,0.0,39.0,33.0,34.0,35.4,462.0,483.0,9.0,9.0,890.0,4090.0,0.0,0.0,0.0,1.0,19475.0,33.7,0.0,0.0,,,,,,,,,,,,,,34.0625,34.625,34.5625,22.8125,34.0625,750.0,4.0,1250.0,600.0,25.5,24.1,254.0,20.0,0.0,8.0,0.0,0.0,1.0,0.0,8.0,0.0,5.0,2.0,4.0,100.0,5.0,28488.0,101.0,0.0,0.0,0.0,0.0,27.0,0.0,0.0,4.7,5000.0,4990.0,4980.0,1.0,1.0,0.0,30.0,3948.0,0.0,255.0,857.0,302.0,0.0,0.0,1245716.0,3.008,3.0,50.0,
1788528602348,2026-09-04T17:30:02.348,0.0,4.0,0.0,1.0,1914.0,14.200000000000001,86.0,4.17,4.17,4.17,4.17,1.0,1.0,722.0,1.0,0.0,708.0,73.5,72.5,0.08348441000000001,0.08348441000000001,19.0,0.999,99.0,24.0,24.0,-33.0,24.0,24.0,24.0,24.0,0.0,0.0,0.0,0.0,39.0,39.0,36.0,36.9,546.0,525.0,10.0,10.0,930.0,4040.0,0.0,0.0,0.0,1.0,19475.0,38.1,1.0,0.0,,,,,,,,,,,,,,50.8125,43.8125,43.75,22.0,50.8125,750.0,7.0,1260.0,610.0,25.900000000000002,24.700000000000003,254.0,20.0,0.0,8.0,0.0,0.0,1.0,0.0,8.0,0.0,5.0,2.0,4.0,100.0,5.0,28488.0,101.0,0.0,0.0,0.0,0.0,27.0,0.0,0.0,4.7,5000.0,4990.0,4970.0,1.0,1.0,0.0,30.0,2184.0,0.0,255.0,857.0,303.0,0.0,0.0,1245716.0,3.008,3.0,50.0,
1788528603066,2026-09-04T17:30:03.066,0.0,4.0,0.0,1.0,1863.0,14.200000000000001,86.0,7.0200000000000005,7.0200000000000005,7.0200000000000005,7.0200000000000005,0.0,1.0,102.0,0.0,0.0,83.0,73.5,73.5,0.12398444999999997,0.12398444999999997,19.0,0.999,99.0,21.0,21.0,-36.0,4.0,4.0,4.0,4.0,0.0,0.0,0.0,0.0,39.0,45.0,45.0,48.0,588.0,588.0,12.0,12.0,1020.0,3960.0,8.0,11.0,38.0,1.0,19475.0,47.1,1.0,0.0,,,,,,,,,,,,,,55.0625,54.875,53.5625,23.5625,55.0625,750.0,10.0,1340.0,640.0,28.200000000000003,26.700000000000003,254.0,20.0,0.0,8.0,0.0,0.0,1.0,0.0,8.0,0.0,5.0,2.0,4.0,100.0,5.0,28488.0,101.0,0.0,0.0,0.0,0.0,27.0,0.0,0.0,4.7,5000.0,4990.0,4980.0,1.0,1.0,0.0,30.0,3067.0,0.0,255.0,857.0,304.0,0.0,0.0,1245716.0,3.008,3.0,50.0,
1788528603532,2026-09-04T17:30:03.532,0.0,4.0,0.0,1.0,2020.0,14.100000000000001,86.0,6.3100000000000005,6.3100000000000005,6.3100000000000005,6.3100000000000005,1.0,1.0,761.0,1.0,0.0,673.0,72.5,74.5,0.10989947,0.10989947,18.0,0.999,99.0,22.0,22.0,-36.0,19.0,19.0,19.0,19.0,0.0,0.0,0.0,0.0,39.0,47.0,47.0,52.0,609.0,609.0,13.0,13.0,1060.0,3910.0,11.0,11.0,37.0,1.0,19475.0,51.300000000000004,0.0,0.0,,,,,,,,,,,,,,58.25,58.9375,59.0,24.0625,58.25,750.0,14.0,1330.0,640.0,28.0,26.700000000000003,254.0,20.0,0.0,8.0,0.0,0.0,1.0,0.0,8.0,0.0,5.0,2.0,4.0,100.0,5.0,28488.0,101.0,0.0,0.0,0.0,0.0,27.0,0.0,0.0,4.7,5000.0,4990.0,4980.0,1.0,1.0,0.0,30.0,3615.0,0.0,255.0,857.0,304.0,0.0,0.0,1245716.0,3.008,3.0,50.0,
1788528604013,2026-09-04T17:30:04.013,0.0,4.0,0.0,1.0,2162.0,14.200000000000001,86.0,6.24,6.24,6.24,6.24,1.0,1.0,722.0,1.0,0.0,708.0,72.0,76.0,0.07239038999999997,0.07239038999999997,18.0,0.999,99.0,23.0,23.0,-36.0,9.0,9.0,9.0,9.0,0.0,0.0,0.0,0.0,39.0,44.0,46.0,56.800000000000004,567.0,588.0,13.0,13.0,1070.0,3900.0,9.0,10.0,38.0,1.0,19475.0,54.400000000000006,0.0,0.0,,,,,,,,,,,,,,52.875,53.3125,51.8125,22.0,52.875,750.0,17.0,1380.0,660.0,29.1,27.6,254.0,20.0,0.0,8.0,0.0,0.0,1.0,0.0,8.0,0.0,5.0,2.0,4.0,100.0,3.0,28488.0,101.0,0.0,0.0,0.0,0.0,27.0,0.0,0.0,4.7,5000.0,4990.0,4980.0,1.0,1.0,0.0,30.0,3147.0,0.0,255.0,857.0,305.0,0.0,0.0,1245716.0,3.008,3.0,50.0,
1788528604488,2026-09-04T17:30:04.488,0.0,4.0,0.0,1.0,2509.0,14.200000000000001,86.0,6.7700000000000005,6.7700000000000005,6.7700000000000005,6.7700000000000005,0.0,1.0,63.0,0.0,0.0,73.0,70.0,76.5,0.0626774,0.0626774,18.0,0.999,99.0,22.0,22.0,-36.0,9.0,9.0,9.0,9.0,0.0,0.0,0.0,0.0,39.0,56.0,56.0,81.60000000000001,651.0,651.0,20.0,19.0,1330.0,3640.0,32.0,29.0,46.0,1.0,19475.0,81.60000000000001,1.0,0.0,,,,,,,,,,,,,,80.375,79.1875,79.125,20.5,80.375,750.0,19.0,1660.0,800.0,37.4,35.800000000000004,254.0,20.0,0.0,8.0,0.0,0.0,0.0,0.0,8.0,0.0,5.0,2.0,4.0,0.0,4.0,28488.0,101.0,0.0,0.0,0.0,0.0,27.0,0.0,0.0,4.7,5000.0,4990.0,4980.0,1.0,1.0,0.0,30.0,3805.0,0.0,255.0,857.0,305.0,0.0,0.0,1245716.0,3.008,3.0,50.0,
1788528605032,2026-09-04T17:30:05.032,0.0,4.0,0.0,1.0,3012.0,14.100000000000001,86.0,11.24,11.24,11.24,11.24,0.0,1.0,561.0,1.0,0.0,561.0,68.5,77.0,0.10774017999999996,0.10774017999999996,18.0,0.999,99.0,22.0,19.0,-28.0,12.0,12.0,12.0,12.0,0.0,0.0,0.0,0.0,38.0,71.0,71.0,123.7,798.0,798.0,36.0,36.0,2020.0,2950.0,36.0,37.0,40.0,1.0,19475.0,123.9,1.0,0.0,,,,,,,,,,,,,,110.3125,105.5625,105.375,20.5625,110.3125,750.0,24.0,1950.0,950.0,46.400000000000006,44.800000000000004,254.0,20.0,0.0,8.0,0.0,0.0,0.0,0.0,8.0,0.0,5.0,2.0,4.0,0.0,9.0,28488.0,101.0,0.0,0.0,0.0,0.0,27.0,0.0,0.0,4.7,5000.0,4990.0,4980.0,1.0,1.0,0.0,30.0,5000.0,0.0,255.0,857.0,305.0,0.0,0.0,1245716.0,3.008,3.0,50.0,
1788528605572,2026-09-04T17:30:05.572,0.0,4.0,0.0,1.0,3744.0,14.200000000000001,86.0,10.96,10.96,10.96,10.96,1.0,1.0,712.0,1.0,0.0,722.0,66.5,77.5,0.026770619999999967,0.026770619999999967,17.0,1.039,99.0,28.0,25.0,-20.0,20.0,20.0,20.0,20.0,0.0,0.0,0.0,0.0,38.0,74.0,75.0,162.9,756.0,777.0,38.0,37.0,2070.0,2900.0,32.0,31.0,48.0,1.0,19475.0,160.20000000000002,0.0,0.0,,,,,,,,,,,,,,92.875,100.375,99.75,24.25,92.875,750.0,29.0,1720.0,830.0,40.2,38.400000000000006,254.0,20.0,0.0,8.0,0.0,0.0,0.0,0.0,8.0,0.0,5.0,2.0,4.0,0.0,8.0,28488.0,101.0,0.0,0.0,0.0,0.0,27.0,0.0,0.0,4.7,5000.0,4990.0,4980.0,1.0,1.0,0.0,30.0,5000.0,0.0,255.0,857.0,305.0,0.0,0.0,1245716.0,3.008,3.0,50.0,
1788528606073,2026-09-04T17:30:06.073,0.0,4.0,0.0,1.0,4230.0,14.200000000000001,86.0,3.06,3.06,3.06,3.06,1.0,1.0,820.0,1.0,0.0,815.0,62.5,79.0,-0.04285313000000002,-0.04285313000000002,17.0,0.999,99.0,33.0,33.0,-32.0,-10.0,-10.0,-10.0,-10.0,0.0,0.0,0.0,0.0,38.0,18.0,21.0,44.400000000000006,231.0,252.0,9.0,10.0,920.0,4050.0,0.0,0.0,0.0,1.0,19475.0,38.800000000000004,0.0,0.0,,,,,,,,,,,,,,-23.0625,-23.0625,-23.4375,23.3125,-23.0625,750.0,31.0,390.0,200.0,0.0,0.0,254.0,20.0,0.0,8.0,0.0,0.0,1.0,0.0,8.0,0.0,5.0,0.0,4.0,100.0,4.0,28488.0,101.0,0.0,0.0,0.0,0.0,27.0,0.0,0.0,4.7,5000.0,4990.0,4970.0,1.0,1.0,0.0,30.0,4124.0,0.0,255.0,857.0,286.0,0.0,0.0,1245716.0,3.008,3.0,50.0,
1788528606609,2026-09-04T17:30:06.609,0.0,4.0,0.0,1.0,3367.0,14.200000000000001,86.0,0.0,0.0,0.0,0.0,0.0,0.0,4.0,0.0,0.0,4.0,27.0,78.5,1.9839999999993196E-5,1.9839999999993196E-5,17.0,0.999,0.0,48.0,48.0,-6.0,5.0,5.0,5.0,5.0,0.0,0.0,0.0,0.0,38.0,13.0,14.0,24.900000000000002,210.0,231.0,6.0,6.0,790.0,4190.0,0.0,0.0,0.0,1.0,19475.0,23.5,1.0,0.0,,,,,,,,,,,,,,26.0,6.1875,7.125,20.75,26.0,750.0,31.0,1460.0,710.0,31.200000000000003,29.900000000000002,254.0,20.0,0.0,8.0,0.0,0.0,1.0,0.0,8.0,0.0,5.0,2.0,4.0,100.0,3.0,28488.0,101.0,0.0,0.0,0.0,0.0,27.0,0.0,0.0,4.6000000000000005,5000.0,4990.0,4980.0,1.0,1.0,0.0,30.0,4513.0,0.0,255.0,857.0,268.0,0.0,0.0,1245716.0,3.008,3.0,50.0,
1788528607108,2026-09-04T17:30:07.108,0.0,4.0,0.0,1.0,2592.0,14.200000000000001,86.0,8.64,8.64,8.64,8.64,1.0,1.0,874.0,1.0,0.0,795.0,16.0,78.5,-0.003985910000000009,-0.003985910000000009,17.0,1.0050000000000001,0.0,21.0,21.0,-36.0,10.0,10.0,10.0,10.0,0.0,0.0,0.0,0.0,38.0,63.0,62.0,86.5,714.0,714.0,23.0,23.0,1460.0,3510.0,38.0,36.0,33.0,1.0,19475.0,86.80000000000001,1.0,0.0,,,,,,,,,,,,,,94.8125,88.5,86.25,17.8125,94.8125,750.0,33.0,1670.0,810.0,38.2,36.7,254.0,20.0,0.0,8.0,0.0,0.0,1.0,0.0,8.0,0.0,5.0,2.0,4.0,100.0,5.0,28488.0,101.0,0.0,0.0,0.0,0.0,27.0,0.0,0.0,4.6000000000000005,5000.0,4990.0,4980.0,1.0,1.0,0.0,30.0,3235.0,0.0,255.0,857.0,270.0,0.0,0.0,1245716.0,3.008,3.0,50.0,
1788528607618,2026-09-04T17:30:07.618,0.0,4.0,0.0,1.0,2675.0,14.200000000000001,86.0,10.15,10.15,10.15,10.15,1.0,1.0,673.0,1.0,0.0,659.0,15.5,77.5,-0.0160642,-0.0160642,17.0,0.999,16.0,21.0,21.0,-30.0,11.0,11.0,11.0,11.0,0.0,0.0,0.0,0.0,38.0,70.0,70.0,104.60000000000001,798.0,798.0,33.0,32.0,1860.0,3120.0,38.0,40.0,39.0,1.0,19475.0,104.9,0.0,0.0,,,,,,,,,,,,,,105.0,106.0,104.625,18.0,105.0,750.0,36.0,1760.0,850.0,41.0,39.300000000000004,254.0,20.0,0.0,8.0,0.0,0.0,0.0,0.0,8.0,0.0,5.0,2.0,4.0,0.0,4.0,28488.0,101.0,0.0,0.0,0.0,0.0,27.0,0.0,0.0,4.6000000000000005,5000.0,4990.0,4970.0,1.0,1.0,0.0,30.0,5000.0,0.0,255.0,857.0,271.0,0.0,0.0,1245716.0,3.008,3.0,50.0,
1788528608240,2026-09-04T17:30:08.240,0.0,4.0,0.0,1.0,2922.0,14.200000000000001,86.0,10.040000000000001,10.040000000000001,10.040000000000001,10.040000000000001,1.0,1.0,649.0,1.0,0.0,668.0,15.0,76.5,-0.020619310000000002,-0.020619310000000002,17.0,0.999,49.0,21.0,20.0,-29.0,20.0,20.0,20.0,20.0,0.0,0.0,0.0,0.0,38.0,68.0,70.0,113.30000000000001,777.0,777.0,31.0,31.0,1800.0,3180.0,37.0,37.0,42.0,1.0,19475.0,111.10000000000001,0.0,0.0,,,,,,,,,,,,,,54.875,74.875,80.0,19.1875,54.875,750.0,39.0,1080.0,520.0,21.900000000000002,20.6,254.0,20.0,0.0,8.0,0.0,0.0,0.0,0.0,8.0,0.0,5.0,2.0,4.0,0.0,4.0,28488.0,101.0,0.0,0.0,0.0,0.0,27.0,0.0,0.0,4.6000000000000005,5000.0,4990.0,4980.0,1.0,1.0,0.0,30.0,5000.0,0.0,255.0,857.0,273.0,0.0,0.0,1245716.0,3.008,3.0,50.0,
1788528608692,2026-09-04T17:30:08.692,0.0,4.0,0.0,1.0,2823.0,14.200000000000001,86.0,0.0,0.0,0.0,0.0,1.0,0.0,620.0,1.0,0.0,820.0,11.0,74.0,1.9839999999993196E-5,1.9839999999993196E-5,17.0,0.999,0.0,36.0,36.0,-22.0,-20.0,-20.0,-20.0,-20.0,0.0,0.0,0.0,0.0,38.0,14.0,17.0,24.0,210.0,252.0,6.0,6.0,760.0,4220.0,0.0,0.0,0.0,1.0,19475.0,20.3,1.0,0.0,,,,,,,,,,,,,,-18.8125,-18.8125,-19.0625,19.5,-18.8125,750.0,40.0,390.0,200.0,0.0,0.0,254.0,20.0,0.0,8.0,0.0,0.0,1.0,0.0,8.0,0.0,5.0,0.0,4.0,100.0,5.0,28488.0,101.0,0.0,0.0,0.0,0.0,27.0,0.0,0.0,4.6000000000000005,5000.0,4990.0,5000.0,1.0,1.0,0.0,30.0,3125.0,0.0,255.0,857.0,262.0,0.0,0.0,1245716.0,3.008,3.0,50.0,
1788528609151,2026-09-04T17:30:09.151,0.0,4.0,0.0,1.0,2122.0,14.200000000000001,86.0,0.0,0.0,0.0,0.0,0.0,0.0,4.0,0.0,0.0,4.0,5.0,74.0,1.9839999999993196E-5,1.9839999999993196E-5,17.0,0.999,0.0,38.0,38.0,-11.0,-11.0,-11.0,-11.0,-11.0,0.0,0.0,0.0,0.0,38.0,14.0,15.0,16.2,210.0,231.0,4.0,4.0,680.0,4300.0,0.0,0.0,0.0,1.0,19475.0,14.5,1.0,0.0,,,,,,,,,,,,,,-17.875,-17.875,-18.125,19.875,-17.875,750.0,40.0,390.0,200.0,0.0,0.0,254.0,20.0,0.0,8.0,0.0,0.0,0.0,0.0,8.0,0.0,5.0,0.0,4.0,0.0,5.0,28488.0,101.0,0.0,0.0,0.0,0.0,27.0,0.0,0.0,4.6000000000000005,5000.0,4990.0,4980.0,1.0,1.0,0.0,30.0,2373.0,0.0,255.0,857.0,266.0,0.0,0.0,1245716.0,3.008,3.0,50.0,
1788528609609,2026-09-04T17:30:09.609,0.0,4.0,0.0,1.0,1500.0,14.200000000000001,86.0,0.0,0.0,0.0,0.0,0.0,0.0,0.0,0.0,0.0,0.0,10.5,73.0,1.9839999999993196E-5,1.9839999999993196E-5,17.0,0.999,0.0,35.0,35.0,-1.0,-1.0,-1.0,-1.0,-1.0,0.0,0.0,0.0,0.0,38.0,13.0,15.0,10.600000000000001,210.0,231.0,2.0,2.0,620.0,4370.0,0.0,0.0,0.0,1.0,19475.0,9.5,0.0,0.0,,,,,,,,,,,,,,-20.25,-20.25,-19.0625,22.375,-20.25,750.0,40.0,390.0,200.0,0.0,0.0,254.0,20.0,0.0,8.0,0.0,1.0,0.0,0.0,8.0,0.0,5.0,2.0,4.0,0.0,6.0,28488.0,101.0,0.0,0.0,0.0,0.0,27.0,0.0,0.0,4.6000000000000005,5000.0,4990.0,4970.0,1.0,1.0,0.0,30.0,1689.0,0.0,255.0,857.0,259.0,0.0,0.0,1245716.0,3.008,3.0,50.0,
1788528610065,2026-09-04T17:30:10.065,0.0,4.0,0.0,1.0,1106.0,14.200000000000001,87.0,2.42,2.42,2.42,2.42,0.0,0.0,14.0,0.0,0.0,0.0,14.5,72.5,1.9839999999993196E-5,1.9839999999993196E-5,17.0,1.298,0.0,35.0,35.0,4.0,9.0,9.0,9.0,9.0,0.0,0.0,0.0,0.0,38.0,13.0,14.0,8.0,210.0,231.0,1.0,1.0,580.0,4400.0,0.0,0.0,0.0,1.0,19475.0,7.5,0.0,0.0,,,,,,,,,,,,,,-22.5,-8.1875,-8.1875,24.625,-22.5,750.0,39.0,390.0,200.0,0.0,0.0,254.0,20.0,0.0,8.0,0.0,1.0,0.0,0.0,8.0,0.0,5.0,1.0,4.0,0.0,8.0,28488.0,101.0,0.0,0.0,0.0,0.0,28.0,0.0,0.0,4.6000000000000005,5000.0,4990.0,4980.0,1.0,1.0,0.0,30.0,1904.0,0.0,255.0,857.0,246.0,0.0,0.0,1245716.0,3.008,3.0,50.0,
1788528610523,2026-09-04T17:30:10.523,0.0,4.0,0.0,1.0,1107.0,14.200000000000001,87.0,1.93,1.93,1.93,1.93,1.0,0.0,883.0,1.0,0.0,742.0,18.0,72.0,1.9839999999993196E-5,1.9839999999993196E-5,17.0,1.154,0.0,33.0,33.0,5.0,5.0,5.0,5.0,5.0,0.0,0.0,0.0,0.0,38.0,13.0,13.0,8.1,210.0,210.0,2.0,2.0,590.0,4390.0,0.0,0.0,0.0,1.0,19475.0,7.6000000000000005,1.0,0.0,,,,,,,,,,,,,,-23.75,-17.9375,-12.5625,25.875,-23.75,750.0,38.0,390.0,200.0,0.0,0.0,254.0,20.0,0.0,8.0,0.0,1.0,0.0,0.0,8.0,0.0,5.0,1.0,4.0,0.0,8.0,28488.0,101.0,0.0,0.0,0.0,0.0,28.0,0.0,0.0,4.6000000000000005,5000.0,4990.0,4990.0,1.0,1.0,0.0,30.0,1533.0,0.0,255.0,857.0,237.0,0.0,0.0,1245716.0,3.008,3.0,50.0,
1788528611036,2026-09-04T17:30:11.036,0.0,4.0,0.0,1.0,962.0,14.100000000000001,87.0,1.62,1.62,1.62,1.62,1.0,1.0,888.0,1.0,0.0,859.0,20.5,72.0,-0.0011246599999999995,-0.0011246599999999995,17.0,1.01,0.0,29.0,29.0,6.0,10.0,10.0,10.0,10.0,0.0,0.0,0.0,0.0,38.0,15.0,13.0,6.5,231.0,210.0,1.0,1.0,570.0,4410.0,0.0,0.0,0.0,1.0,19475.0,7.2,1.0,0.0,,,,,,,,,,,,,,-24.875,-5.5625,-5.6875,27.0,-24.875,750.0,37.0,390.0,200.0,0.0,0.0,254.0,20.0,0.0,8.0,0.0,1.0,0.0,0.0,8.0,0.0,5.0,1.0,4.0,0.0,7.0,28488.0,101.0,0.0,0.0,0.0,0.0,28.0,0.0,0.0,4.5,5000.0,4990.0,4980.0,1.0,1.0,0.0,30.0,1743.0,0.0,255.0,857.0,233.0,0.0,0.0,1245716.0,3.008,3.0,50.0,
1788528611549,2026-09-04T17:30:11.549,0.0,4.0,0.0,1.0,829.0,14.200000000000001,87.0,1.96,1.96,1.96,1.96,1.0,1.0,849.0,1.0,0.0,854.0,23.0,71.0,-0.005679770000000001,-0.005679770000000001,17.0,0.999,4.0,25.0,25.0,-1.0,9.0,9.0,9.0,9.0,0.0,0.0,0.0,0.0,38.0,18.0,16.0,7.4,294.0,252.0,2.0,2.0,600.0,4390.0,0.0,0.0,0.0,1.0,19475.0,8.3,0.0,0.0,,,,,,,,,,,,,,-25.3125,-3.4375,-3.625,27.4375,-25.3125,750.0,35.0,390.0,200.0,0.0,0.0,254.0,20.0,0.0,8.0,0.0,1.0,0.0,0.0,8.0,0.0,5.0,1.0,4.0,0.0,7.0,28488.0,101.0,0.0,0.0,0.0,0.0,28.0,0.0,0.0,4.5,5000.0,4990.0,4990.0,1.0,1.0,0.0,30.0,904.0,0.0,255.0,857.0,236.0,0.0,0.0,1245716.0,3.008,3.0,50.0,
1788528612053,2026-09-04T17:30:12.053,0.0,4.0,0.0,1.0,799.0,14.200000000000001,87.0,2.23,2.23,2.23,2.23,1.0,1.0,834.0,1.0,0.0,834.0,24.5,70.5,-0.011127589999999993,-0.011127589999999993,17.0,0.999,6.0,22.0,22.0,-5.0,2.0,2.0,2.0,2.0,0.0,0.0,0.0,0.0,38.0,16.0,17.0,7.5,273.0,273.0,1.0,1.0,580.0,4400.0,0.0,0.0,0.0,1.0,19475.0,7.4,0.0,0.0,,,,,,,,,,,,,,-25.75,-5.125,-5.625,27.875,-25.75,750.0,32.0,390.0,200.0,0.0,0.0,254.0,20.0,0.0,8.0,0.0,1.0,0.0,0.0,8.0,0.0,5.0,1.0,4.0,0.0,8.0,28488.0,101.0,0.0,0.0,0.0,0.0,28.0,0.0,0.0,4.5,5000.0,4990.0,4980.0,1.0,1.0,0.0,30.0,1341.0,0.0,255.0,857.0,238.0,0.0,0.0,1245716.0,3.008,3.0,50.0,
1788528612508,2026-09-04T17:30:12.508,0.0,4.0,0.0,1.0,782.0,14.100000000000001,87.0,2.06,2.06,2.06,2.06,1.0,1.0,859.0,1.0,0.0,849.0,26.5,70.5,-0.016575410000000013,-0.016575410000000013,17.0,0.999,6.0,24.0,24.0,-4.0,4.0,4.0,4.0,4.0,0.0,0.0,0.0,0.0,38.0,16.0,17.0,7.0,273.0,273.0,1.0,1.0,570.0,4410.0,0.0,0.0,0.0,1.0,19475.0,7.1000000000000005,1.0,0.0,,,,,,,,,,,,,,-26.1875,-5.375,-5.6875,28.3125,-26.1875,750.0,30.0,390.0,200.0,0.0,0.0,254.0,20.0,0.0,8.0,0.0,1.0,0.0,0.0,8.0,0.0,5.0,1.0,4.0,0.0,8.0,28488.0,101.0,0.0,0.0,0.0,0.0,28.0,0.0,0.0,4.5,5000.0,4990.0,4990.0,1.0,1.0,0.0,30.0,1451.0,0.0,255.0,857.0,239.0,0.0,0.0,1245716.0,3.008,3.0,50.0,
1788528613203,2026-09-04T17:30:13.203,0.0,4.0,0.0,1.0,758.0,14.200000000000001,87.0,2.05,2.05,2.05,2.05,1.0,1.0,854.0,1.0,0.0,854.0,28.5,69.5,-0.03682542999999999,-0.03682542999999999,17.0,0.999,7.0,24.0,24.0,-5.0,7.0,7.0,7.0,7.0,0.0,0.0,0.0,0.0,38.0,17.0,17.0,7.0,273.0,273.0,1.0,1.0,580.0,4410.0,0.0,0.0,0.0,1.0,19475.0,7.0,1.0,0.0,,,,,,,,,,,,,,-26.0625,-3.5625,-4.4375,28.1875,-26.0625,750.0,26.0,390.0,200.0,0.0,0.0,254.0,20.0,0.0,8.0,0.0,1.0,0.0,0.0,8.0,0.0,5.0,1.0,4.0,0.0,5.0,28488.0,101.0,0.0,0.0,0.0,0.0,28.0,0.0,0.0,4.5,5000.0,4990.0,4980.0,1.0,1.0,0.0,30.0,1675.0,0.0,255.0,857.0,244.0,0.0,0.0,1245716.0,3.008,3.0,50.0,
1788528613642,2026-09-04T17:30:13.642,0.0,4.0,0.0,1.0,747.0,14.200000000000001,87.0,2.07,2.07,2.07,2.07,1.0,1.0,839.0,1.0,0.0,839.0,30.5,69.5,-0.06514799000000002,-0.06514799000000002,17.0,0.999,8.0,23.0,23.0,-6.0,5.0,5.0,5.0,5.0,0.0,0.0,0.0,0.0,38.0,18.0,17.0,7.2,294.0,273.0,1.0,1.0,580.0,4400.0,0.0,0.0,0.0,1.0,19475.0,7.4,0.0,0.0,,,,,,,,,,,,,,-26.4375,-5.1875,-4.9375,28.5625,-26.4375,750.0,22.0,390.0,200.0,0.0,0.0,254.0,20.0,0.0,8.0,0.0,1.0,0.0,0.0,8.0,0.0,5.0,1.0,4.0,0.0,6.0,28488.0,101.0,0.0,0.0,0.0,0.0,28.0,0.0,0.0,4.5,5000.0,4990.0,4980.0,1.0,1.0,0.0,30.0,1530.0,0.0,255.0,857.0,259.0,0.0,0.0,1245716.0,3.008,3.0,50.0,
1788528614136,2026-09-04T17:30:14.136,0.0,4.0,0.0,1.0,753.0,14.100000000000001,87.0,2.06,2.06,2.06,2.06,1.0,1.0,830.0,1.0,0.0,830.0,32.0,69.5,-0.08461975,-0.08461975,17.0,0.999,9.0,22.0,22.0,-7.0,3.0,3.0,3.0,3.0,0.0,0.0,0.0,0.0,38.0,18.0,18.0,7.300000000000001,294.0,294.0,1.0,1.0,580.0,4410.0,0.0,0.0,0.0,1.0,19475.0,7.300000000000001,0.0,0.0,,,,,,,,,,,,,,-26.3125,-3.0,-3.125,28.4375,-26.3125,750.0,21.0,390.0,200.0,0.0,0.0,254.0,20.0,0.0,8.0,0.0,0.0,0.0,0.0,8.0,0.0,5.0,1.0,4.0,0.0,6.0,28488.0,101.0,0.0,0.0,0.0,0.0,28.0,0.0,0.0,4.5,5000.0,4990.0,4980.0,1.0,1.0,0.0,30.0,1046.0,0.0,255.0,857.0,307.0,0.0,0.0,1245716.0,3.008,3.0,50.0,
1788528614610,2026-09-04T17:30:14.610,0.0,4.0,0.0,1.0,754.0,14.100000000000001,87.0,2.05,2.05,2.05,2.05,1.0,1.0,825.0,1.0,0.0,825.0,33.0,68.0,-0.10586166999999999,-0.10586166999999999,17.0,0.999,10.0,21.0,21.0,-8.0,2.0,2.0,2.0,2.0,0.0,0.0,0.0,0.0,38.0,17.0,18.0,7.4,294.0,294.0,1.0,1.0,580.0,4410.0,0.0,0.0,0.0,1.0,19475.0,7.2,1.0,0.0,,,,,,,,,,,,,,-26.125,-3.1875,-3.1875,28.25,-26.125,750.0,21.0,390.0,200.0,0.0,0.0,254.0,20.0,0.0,8.0,0.0,0.0,0.0,0.0,8.0,0.0,5.0,1.0,4.0,0.0,1.0,28488.0,101.0,0.0,0.0,0.0,0.0,28.0,0.0,0.0,4.5,5000.0,4990.0,4980.0,1.0,1.0,0.0,30.0,1044.0,0.0,255.0,857.0,301.0,0.0,0.0,1245716.0,3.008,3.0,50.0,
1788528615069,2026-09-04T17:30:15.069,0.0,4.0,0.0,1.0,749.0,14.100000000000001,87.0,1.96,1.96,1.96,1.96,1.0,1.0,786.0,1.0,0.0,805.0,35.0,68.5,-0.12710359,-0.12710359,17.0,0.999,10.0,21.0,21.0,-7.0,4.0,4.0,4.0,4.0,0.0,0.0,0.0,0.0,38.0,18.0,18.0,7.300000000000001,294.0,294.0,1.0,1.0,580.0,4400.0,0.0,0.0,0.0,1.0,19475.0,7.300000000000001,1.0,0.0,,,,,,,,,,,,,,-25.9375,-4.125,-4.0,28.0625,-25.9375,750.0,21.0,390.0,200.0,0.0,0.0,254.0,20.0,0.0,8.0,0.0,0.0,0.0,0.0,8.0,0.0,5.0,1.0,4.0,0.0,3.0,28488.0,101.0,0.0,0.0,0.0,0.0,28.0,0.0,0.0,4.5,5000.0,4990.0,4970.0,1.0,1.0,0.0,30.0,1409.0,0.0,255.0,857.0,301.0,0.0,0.0,1245716.0,3.008,3.0,50.0,
1788528615649,2026-09-04T17:30:15.649,0.0,4.0,0.0,1.0,749.0,13.8,87.0,1.9000000000000001,1.9000000000000001,1.9000000000000001,1.9000000000000001,1.0,1.0,605.0,1.0,0.0,742.0,38.5,72.0,-0.14834551,-0.14834551,18.0,0.999,10.0,21.0,21.0,-7.0,7.0,7.0,7.0,7.0,0.0,0.0,0.0,0.0,38.0,18.0,18.0,7.300000000000001,294.0,294.0,1.0,1.0,580.0,4410.0,0.0,0.0,0.0,1.0,19475.0,7.5,0.0,0.0,,,,,,,,,,,,,,-25.625,-2.375,-1.0,27.75,-25.625,750.0,21.0,390.0,200.0,0.0,0.0,254.0,20.0,0.0,8.0,0.0,0.0,0.0,0.0,8.0,0.0,5.0,1.0,4.0,0.0,6.0,28488.0,101.0,0.0,0.0,0.0,0.0,28.0,0.0,0.0,4.5,5000.0,4990.0,4980.0,1.0,1.0,0.0,30.0,1296.0,0.0,255.0,857.0,300.0,0.0,0.0,1245716.0,3.008,3.0,50.0,
1788528616149,2026-09-04T17:30:16.149,0.0,4.0,0.0,1.0,742.0,14.100000000000001,87.0,2.12,2.12,2.12,2.12,0.0,1.0,68.0,0.0,0.0,58.0,38.5,67.5,-0.09682012000000001,-0.09682012000000001,18.0,0.999,12.0,19.0,19.0,-9.0,1.0,1.0,1.0,1.0,0.0,0.0,0.0,0.0,38.0,19.0,19.0,7.6000000000000005,294.0,294.0,2.0,2.0,590.0,4400.0,0.0,0.0,0.0,1.0,19475.0,7.6000000000000005,0.0,0.0,,,,,,,,,,,,,,-26.0,-1.5,-2.5625,28.125,-26.0,750.0,21.0,390.0,200.0,0.0,0.0,254.0,20.0,0.0,8.0,0.0,0.0,0.0,0.0,8.0,0.0,5.0,1.0,4.0,0.0,8.0,28488.0,101.0,0.0,0.0,0.0,0.0,28.0,0.0,0.0,4.5,5000.0,4990.0,4990.0,1.0,1.0,0.0,30.0,877.0,0.0,255.0,857.0,300.0,0.0,0.0,1245716.0,3.008,3.0,50.0,
1788528616672,2026-09-04T17:30:16.672,0.0,4.0,0.0,1.0,749.0,14.100000000000001,88.0,2.14,2.14,2.14,2.14,0.0,1.0,117.0,0.0,0.0,92.0,40.0,67.5,-0.09215055999999999,-0.09215055999999999,18.0,0.999,12.0,19.0,19.0,-9.0,-1.0,-1.0,-1.0,-1.0,0.0,0.0,0.0,0.0,38.0,18.0,19.0,7.6000000000000005,294.0,294.0,1.0,1.0,580.0,4410.0,0.0,0.0,0.0,1.0,19475.0,7.5,1.0,0.0,,,,,,,,,,,,,,-26.0,-2.9375,-4.0,28.125,-26.0,750.0,21.0,390.0,200.0,0.0,0.0,254.0,20.0,0.0,8.0,0.0,0.0,1.0,0.0,8.0,0.0,5.0,1.0,4.0,100.0,10.0,28488.0,101.0,0.0,0.0,0.0,0.0,28.0,0.0,0.0,4.5,5000.0,4990.0,4980.0,1.0,1.0,0.0,30.0,912.0,0.0,255.0,857.0,299.0,0.0,0.0,1245716.0,3.008,3.0,50.0,
1788528617214,2026-09-04T17:30:17.214,0.0,4.0,0.0,1.0,752.0,14.200000000000001,88.0,2.0,2.0,2.0,2.0,1.0,1.0,761.0,1.0,0.0,683.0,40.5,67.0,-0.10995135,-0.10995135,19.0,0.999,12.0,21.0,21.0,-8.0,4.0,4.0,4.0,4.0,0.0,0.0,0.0,0.0,38.0,18.0,18.0,7.4,294.0,294.0,2.0,1.0,580.0,4390.0,0.0,0.0,0.0,1.0,19475.0,7.6000000000000005,1.0,0.0,,,,,,,,,,,,,,-25.875,-1.0625,-3.375,28.0,-25.875,750.0,21.0,440.0,200.0,1.0,0.0,254.0,20.0,0.0,8.0,0.0,0.0,1.0,0.0,8.0,0.0,5.0,1.0,4.0,100.0,9.0,28488.0,101.0,0.0,0.0,0.0,0.0,28.0,0.0,0.0,4.5,5000.0,4990.0,4980.0,1.0,1.0,0.0,30.0,1177.0,0.0,255.0,857.0,299.0,0.0,0.0,1245716.0,3.008,3.0,50.0,
1788528617680,2026-09-04T17:30:17.680,0.0,4.0,0.0,1.0,749.0,14.100000000000001,88.0,2.12,2.12,2.12,2.12,0.0,1.0,87.0,0.0,0.0,122.0,42.5,67.0,-0.09409621000000001,-0.09409621000000001,19.0,0.999,13.0,16.0,16.0,-11.0,14.0,14.0,14.0,14.0,0.0,0.0,0.0,0.0,38.0,24.0,20.0,9.5,378.0,315.0,3.0,3.0,630.0,4350.0,0.0,0.0,0.0,1.0,19475.0,11.200000000000001,0.0,0.0,,,,,,,,,,,,,,10.5,6.4375,6.5,28.0,10.5,750.0,21.0,630.0,300.0,7.1000000000000005,6.0,254.0,20.0,0.0,8.0,0.0,0.0,1.0,0.0,8.0,0.0,5.0,2.0,4.0,100.0,8.0,28488.0,101.0,0.0,0.0,0.0,0.0,28.0,0.0,0.0,4.5,5000.0,4990.0,4990.0,1.0,1.0,0.0,30.0,1288.0,0.0,255.0,857.0,299.0,0.0,0.0,1245716.0,3.008,3.0,50.0,
1788528618377,2026-09-04T17:30:18.377,0.0,4.0,0.0,1.0,1408.0,14.200000000000001,88.0,2.27,2.27,2.27,2.27,1.0,1.0,668.0,0.0,0.0,195.0,43.5,66.5,-0.09894889000000001,-0.09894889000000001,19.0,0.999,20.0,24.0,24.0,-11.0,24.0,24.0,24.0,24.0,0.0,0.0,0.0,0.0,38.0,16.0,19.0,16.8,252.0,273.0,4.0,4.0,680.0,4300.0,0.0,0.0,0.0,1.0,19475.0,14.3,0.0,0.0,,,,,,,,,,,,,,-0.5625,4.9375,4.9375,26.6875,-0.5625,750.0,20.0,630.0,290.0,7.1000000000000005,6.0,254.0,20.0,0.0,8.0,0.0,0.0,1.0,0.0,8.0,0.0,5.0,2.0,4.0,100.0,8.0,28488.0,101.0,0.0,0.0,0.0,0.0,28.0,0.0,0.0,4.5,5000.0,4990.0,4970.0,1.0,1.0,0.0,30.0,3320.0,0.0,255.0,857.0,287.0,0.0,0.0,1245716.0,3.008,3.0,50.0,
1788528618835,2026-09-04T17:30:18.835,0.0,4.0,0.0,1.0,1600.0,14.200000000000001,88.0,1.84,1.84,1.84,1.84,0.0,1.0,43.0,0.0,0.0,39.0,46.0,66.0,-0.05672447,-0.05672447,19.0,0.999,20.0,33.0,33.0,-21.0,14.0,14.0,14.0,14.0,0.0,0.0,0.0,0.0,38.0,13.0,16.0,13.200000000000001,210.0,231.0,3.0,3.0,640.0,4340.0,0.0,0.0,0.0,1.0,19475.0,11.9,1.0,0.0,,,,,,,,,,,,,,-15.9375,-4.25,-3.875,24.875,-22.75,750.0,21.0,390.0,200.0,0.0,0.0,254.0,20.0,0.0,8.0,0.0,0.0,1.0,0.0,8.0,0.0,5.0,2.0,4.0,100.0,9.0,28488.0,101.0,0.0,0.0,0.0,0.0,28.0,0.0,0.0,4.5,5000.0,4990.0,4990.0,1.0,1.0,0.0,30.0,2866.0,0.0,255.0,857.0,264.0,0.0,0.0,1245716.0,3.008,3.0,50.0,
1788528619416,2026-09-04T17:30:19.416,0.0,4.0,0.0,1.0,1541.0,14.200000000000001,88.0,1.57,1.57,1.57,1.57,0.0,1.0,39.0,0.0,0.0,34.0,47.0,65.5,-0.029172539999999997,-0.029172539999999997,20.0,0.999,19.0,37.0,37.0,-17.0,10.0,10.0,10.0,10.0,0.0,0.0,0.0,0.0,38.0,13.0,14.0,11.200000000000001,210.0,231.0,3.0,3.0,640.0,4350.0,0.0,0.0,0.0,1.0,19475.0,10.700000000000001,0.0,0.0,,,,,,,,,,,,,,-21.75,-12.375,-11.0,23.875,-21.75,750.0,21.0,390.0,200.0,0.0,0.0,254.0,20.0,0.0,8.0,0.0,1.0,1.0,0.0,8.0,0.0,5.0,2.0,4.0,100.0,10.0,28488.0,101.0,0.0,0.0,0.0,0.0,28.0,0.0,0.0,4.5,5000.0,4990.0,4990.0,1.0,1.0,0.0,30.0,1918.0,0.0,255.0,857.0,265.0,0.0,0.0,1245716.0,3.008,3.0,50.0,
1788528619931,2026-09-04T17:30:19.931,0.0,4.0,0.0,1.0,1077.0,14.200000000000001,88.0,1.6300000000000001,1.6300000000000001,1.6300000000000001,1.6300000000000001,0.0,1.0,34.0,0.0,0.0,34.0,48.0,66.0,-0.004840470000000013,-0.004840470000000013,20.0,0.999,16.0,33.0,33.0,3.0,3.0,3.0,3.0,3.0,0.0,0.0,0.0,0.0,38.0,12.0,14.0,7.800000000000001,210.0,231.0,1.0,1.0,570.0,4420.0,0.0,0.0,0.0,1.0,19475.0,7.0,0.0,0.0,,,,,,,,,,,,,,-24.0625,-10.3125,-11.5625,26.1875,-24.0625,750.0,20.0,390.0,200.0,0.0,0.0,254.0,20.0,0.0,8.0,0.0,1.0,1.0,0.0,8.0,0.0,5.0,1.0,4.0,100.0,10.0,28488.0,101.0,0.0,0.0,0.0,0.0,28.0,0.0,0.0,4.5,5000.0,4990.0,4980.0,1.0,1.0,0.0,30.0,1074.0,0.0,255.0,857.0,261.0,0.0,0.0,1245716.0,3.008,3.0,50.0,
1788528620455,2026-09-04T17:30:20.455,0.0,4.0,0.0,1.0,877.0,14.100000000000001,88.0,1.73,1.73,1.73,1.73,0.0,1.0,53.0,0.0,0.0,34.0,50.5,68.0,0.0017747399999999969,0.0017747399999999969,20.0,0.999,16.0,25.0,25.0,1.0,12.0,12.0,12.0,12.0,0.0,0.0,0.0,0.0,38.0,16.0,15.0,7.2,273.0,252.0,2.0,2.0,590.0,4390.0,0.0,0.0,0.0,1.0,19475.0,7.7,1.0,0.0,,,,,,,,,,,,,,-24.5625,-3.0625,-3.5,26.6875,-24.5625,750.0,18.0,390.0,200.0,0.0,0.0,254.0,20.0,0.0,8.0,0.0,1.0,1.0,0.0,8.0,0.0,5.0,1.0,4.0,100.0,10.0,28488.0,101.0,0.0,0.0,0.0,0.0,28.0,0.0,0.0,4.5,5000.0,4990.0,4980.0,1.0,1.0,0.0,30.0,1357.0,0.0,255.0,857.0,269.0,0.0,0.0,1245716.0,3.008,3.0,50.0,
1788528621020,2026-09-04T17:30:21.020,0.0,4.0,0.0,1.0,804.0,14.200000000000001,88.0,1.9100000000000001,1.9100000000000001,1.9100000000000001,1.9100000000000001,0.0,1.0,92.0,0.0,0.0,63.0,49.5,65.5,0.007222559999999989,0.007222559999999989,21.0,0.999,16.0,24.0,24.0,-4.0,9.0,9.0,9.0,9.0,0.0,0.0,0.0,0.0,38.0,18.0,17.0,7.300000000000001,294.0,273.0,2.0,2.0,590.0,4390.0,0.0,0.0,0.0,1.0,19475.0,7.800000000000001,1.0,0.0,,,,,,,,,,,,,,-25.6875,-2.75,-3.0,27.8125,-25.6875,750.0,14.0,390.0,200.0,0.0,0.0,254.0,20.0,0.0,8.0,0.0,1.0,1.0,0.0,8.0,0.0,5.0,1.0,4.0,100.0,7.0,28488.0,101.0,0.0,0.0,0.0,0.0,28.0,0.0,0.0,4.5,5000.0,4990.0,4980.0,1.0,1.0,0.0,30.0,1641.0,0.0,255.0,857.0,324.0,0.0,0.0,1245716.0,3.008,3.0,50.0,
1788528621563,2026-09-04T17:30:21.563,0.0,4.0,0.0,1.0,787.0,14.200000000000001,88.0,2.07,2.07,2.07,2.07,1.0,1.0,820.0,1.0,0.0,722.0,51.0,65.5,-0.010578229999999994,-0.010578229999999994,21.0,0.999,16.0,20.0,20.0,-8.0,1.0,1.0,1.0,1.0,0.0,0.0,0.0,0.0,38.0,18.0,18.0,7.7,294.0,294.0,1.0,1.0,580.0,4410.0,0.0,0.0,0.0,1.0,19475.0,7.5,0.0,0.0,,,,,,,,,,,,,,-26.0,-2.8125,-4.5,28.125,-26.0,750.0,14.0,550.0,260.0,4.2,3.1,254.0,20.0,0.0,8.0,0.0,0.0,1.0,0.0,8.0,0.0,5.0,1.0,4.0,100.0,3.0,28488.0,101.0,0.0,0.0,0.0,0.0,28.0,0.0,0.0,4.5,5000.0,4990.0,4980.0,1.0,1.0,0.0,30.0,1258.0,0.0,255.0,857.0,310.0,0.0,0.0,1245716.0,3.008,3.0,50.0,
1788528622054,2026-09-04T17:30:22.054,0.0,4.0,0.0,1.0,861.0,14.200000000000001,88.0,3.46,3.46,3.46,3.46,1.0,1.0,834.0,1.0,0.0,805.0,51.5,64.5,-0.020672720000000006,-0.020672720000000006,21.0,0.999,38.0,14.0,12.0,-36.0,-6.0,-6.0,-6.0,-6.0,0.0,0.0,0.0,0.0,38.0,42.0,38.0,22.3,630.0,567.0,7.0,7.0,820.0,4160.0,0.0,0.0,0.0,1.0,19475.0,22.6,0.0,0.0,,,,,,,,,,,,,,38.4375,37.375,33.0625,27.625,38.4375,750.0,14.0,970.0,470.0,17.2,16.0,254.0,20.0,0.0,8.0,0.0,0.0,1.0,0.0,8.0,0.0,5.0,2.0,4.0,100.0,3.0,28488.0,101.0,0.0,0.0,0.0,0.0,28.0,0.0,0.0,4.5,5000.0,4990.0,4980.0,1.0,1.0,0.0,30.0,2599.0,0.0,255.0,857.0,309.0,0.0,0.0,1245716.0,3.008,3.0,50.0,
1788528622571,2026-09-04T17:30:22.571,0.0,4.0,0.0,1.0,1674.0,14.100000000000001,88.0,4.37,4.37,4.37,4.37,0.0,1.0,53.0,0.0,0.0,48.0,53.5,66.0,-0.009204829999999997,-0.009204829999999997,22.0,0.999,52.0,22.0,22.0,-36.0,8.0,8.0,8.0,8.0,0.0,0.0,0.0,0.0,38.0,28.0,33.0,31.1,399.0,462.0,7.0,7.0,830.0,4150.0,0.0,0.0,0.0,1.0,19475.0,27.400000000000002,1.0,0.0,,,,,,,,,,,,,,21.6875,28.75,28.8125,24.4375,21.6875,750.0,15.0,970.0,460.0,17.2,16.0,254.0,20.0,0.0,8.0,0.0,0.0,1.0,0.0,8.0,0.0,5.0,2.0,4.0,100.0,7.0,28488.0,101.0,0.0,0.0,0.0,0.0,28.0,0.0,0.0,4.5,5000.0,4990.0,4980.0,1.0,1.0,0.0,30.0,2097.0,0.0,255.0,857.0,309.0,0.0,0.0,1245716.0,3.008,3.0,50.0,
1788528623150,2026-09-04T17:30:23.150,0.0,4.0,0.0,1.0,1890.0,14.200000000000001,87.0,3.09,3.09,3.09,3.09,1.0,1.0,771.0,1.0,0.0,659.0,54.5,65.5,-0.0020478899999999967,-0.0020478899999999967,22.0,0.999,50.0,24.0,24.0,-28.0,24.0,24.0,24.0,24.0,0.0,0.0,0.0,0.0,38.0,26.0,27.0,26.700000000000003,378.0,399.0,7.0,7.0,810.0,4170.0,0.0,0.0,0.0,1.0,19475.0,25.3,1.0,0.0,,,,,,,,,,,,,,24.0,25.0,25.0,21.875,24.0,750.0,16.0,970.0,460.0,17.2,16.0,254.0,20.0,0.0,8.0,0.0,0.0,1.0,0.0,8.0,0.0,5.0,2.0,4.0,100.0,8.0,28488.0,101.0,0.0,0.0,0.0,0.0,28.0,0.0,0.0,4.5,5000.0,4990.0,4970.0,1.0,1.0,0.0,30.0,2435.0,0.0,255.0,857.0,309.0,0.0,0.0,1245716.0,3.008,3.0,50.0,
1788528623758,2026-09-04T17:30:23.758,0.0,4.0,0.0,1.0,1500.0,14.200000000000001,87.0,3.3000000000000003,3.3000000000000003,3.3000000000000003,3.3000000000000003,0.0,1.0,63.0,0.0,0.0,63.0,56.0,65.5,0.04042832000000002,0.04042832000000002,22.0,0.999,46.0,21.0,21.0,-36.0,7.0,7.0,7.0,7.0,0.0,0.0,0.0,0.0,38.0,13.0,27.0,19.1,231.0,399.0,2.0,3.0,630.0,4360.0,0.0,0.0,0.0,1.0,19475.0,10.100000000000001,0.0,0.0,,,,,,,,,,,,,,-4.375,8.0,7.5,23.3125,-21.1875,750.0,17.0,390.0,200.0,0.0,0.0,254.0,20.0,0.0,8.0,0.0,0.0,1.0,0.0,8.0,0.0,5.0,2.0,4.0,100.0,9.0,28488.0,101.0,0.0,0.0,0.0,0.0,28.0,0.0,0.0,4.5,5000.0,4990.0,4970.0,1.0,1.0,0.0,30.0,2195.0,0.0,255.0,857.0,309.0,0.0,0.0,1245716.0,3.008,3.0,50.0,
1788528624249,2026-09-04T17:30:24.249,0.0,4.0,0.0,1.0,1354.0,14.200000000000001,87.0,1.71,1.71,1.71,1.71,1.0,1.0,761.0,1.0,0.0,585.0,58.0,65.5,0.04081744999999998,0.04081744999999998,23.0,0.999,22.0,31.0,31.0,-24.0,10.0,10.0,10.0,10.0,0.0,0.0,0.0,0.0,38.0,13.0,16.0,11.0,210.0,252.0,2.0,2.0,600.0,4370.0,0.0,0.0,0.0,1.0,19475.0,9.1,0.0,0.0,,,,,,,,,,,,,,-18.6875,-6.875,-7.0,25.1875,-23.0625,750.0,17.0,390.0,200.0,0.0,0.0,254.0,20.0,0.0,8.0,0.0,1.0,1.0,0.0,8.0,0.0,5.0,2.0,4.0,100.0,9.0,28488.0,101.0,0.0,0.0,0.0,0.0,28.0,0.0,0.0,4.5,5000.0,4990.0,4980.0,1.0,1.0,0.0,30.0,1874.0,0.0,255.0,857.0,309.0,0.0,0.0,1245716.0,3.008,3.0,50.0,
1788528624731,2026-09-04T17:30:24.731,0.0,4.0,0.0,1.0,1151.0,14.100000000000001,87.0,1.54,1.54,1.54,1.54,0.0,1.0,53.0,0.0,0.0,53.0,59.5,66.0,0.060998799999999964,0.060998799999999964,23.0,0.999,19.0,33.0,33.0,-2.0,12.0,12.0,12.0,12.0,0.0,0.0,0.0,0.0,38.0,13.0,14.0,8.200000000000001,210.0,231.0,1.0,1.0,570.0,4410.0,0.0,0.0,0.0,1.0,19475.0,7.4,1.0,0.0,,,,,,,,,,,,,,-24.1875,-10.4375,-10.5625,26.3125,-24.1875,750.0,17.0,390.0,200.0,0.0,0.0,254.0,20.0,0.0,8.0,0.0,1.0,1.0,0.0,8.0,0.0,5.0,1.0,4.0,100.0,8.0,28488.0,101.0,0.0,0.0,0.0,0.0,28.0,0.0,0.0,4.5,5000.0,4990.0,4980.0,1.0,1.0,0.0,30.0,1331.0,0.0,255.0,857.0,281.0,0.0,0.0,1245716.0,3.008,3.0,50.0,
1788528625212,2026-09-04T17:30:25.212,0.0,4.0,0.0,1.0,927.0,13.5,87.0,1.77,1.77,1.77,1.77,0.0,1.0,48.0,0.0,0.0,43.0,65.5,72.0,0.06833886,0.06833886,23.0,0.999,20.0,26.0,26.0,-1.0,13.0,13.0,13.0,13.0,0.0,0.0,0.0,0.0,38.0,20.0,16.0,8.0,315.0,273.0,2.0,2.0,610.0,4380.0,0.0,0.0,0.0,1.0,19475.0,9.5,1.0,0.0,,,,,,,,,,,,,,-25.0625,-2.0,-0.3125,27.1875,-25.0625,750.0,15.0,390.0,200.0,0.0,0.0,254.0,20.0,0.0,8.0,0.0,1.0,1.0,0.0,8.0,0.0,5.0,1.0,4.0,100.0,8.0,28488.0,101.0,0.0,0.0,0.0,0.0,28.0,0.0,0.0,4.5,5000.0,4990.0,4980.0,1.0,1.0,0.0,30.0,1360.0,0.0,255.0,857.0,276.0,0.0,0.0,1245716.0,3.008,3.0,50.0,
1788528625671,2026-09-04T17:30:25.671,0.0,4.0,0.0,1.0,847.0,14.100000000000001,87.0,2.23,2.23,2.23,2.23,0.0,1.0,63.0,0.0,0.0,48.0,61.5,66.5,0.07378668,0.07378668,22.0,0.999,22.0,19.0,19.0,-8.0,-2.0,-2.0,-2.0,-2.0,0.0,0.0,0.0,0.0,38.0,18.0,18.0,8.200000000000001,294.0,294.0,2.0,2.0,600.0,4390.0,0.0,0.0,0.0,1.0,19475.0,8.200000000000001,0.0,0.0,,,,,,,,,,,,,,-25.5,-4.1875,-3.5,27.625,-25.5,750.0,15.0,390.0,200.0,0.0,0.0,254.0,20.0,0.0,8.0,0.0,1.0,1.0,0.0,8.0,0.0,5.0,1.0,4.0,100.0,6.0,28488.0,101.0,0.0,0.0,0.0,0.0,28.0,0.0,0.0,4.5,5000.0,4990.0,4980.0,1.0,1.0,0.0,30.0,1176.0,0.0,255.0,857.0,304.0,0.0,0.0,1245716.0,3.008,3.0,50.0,
1788528626110,2026-09-04T17:30:26.110,0.0,4.0,0.0,1.0,803.0,14.0,87.0,2.11,2.11,2.11,2.11,1.0,1.0,825.0,1.0,0.0,668.0,63.5,68.0,0.05715327999999997,0.05715327999999997,22.0,0.999,19.0,21.0,21.0,-7.0,3.0,3.0,3.0,3.0,0.0,0.0,0.0,0.0,38.0,19.0,18.0,7.7,315.0,294.0,2.0,2.0,590.0,4390.0,0.0,0.0,0.0,1.0,19475.0,8.0,0.0,0.0,,,,,,,,,,,,,,-26.3125,-0.8125,-1.0625,28.4375,-26.3125,750.0,14.0,390.0,200.0,0.0,0.0,254.0,20.0,0.0,8.0,0.0,1.0,1.0,0.0,8.0,0.0,5.0,1.0,4.0,100.0,2.0,28488.0,101.0,0.0,0.0,0.0,0.0,28.0,0.0,0.0,4.5,5000.0,4990.0,4980.0,1.0,1.0,0.0,30.0,1378.0,0.0,255.0,857.0,308.0,0.0,0.0,1245716.0,3.008,3.0,50.0,
1788528626591,2026-09-04T17:30:26.591,0.0,4.0,0.0,1.0,749.0,12.9,87.0,2.32,2.32,2.32,2.32,1.0,1.0,849.0,1.0,0.0,810.0,74.0,78.0,0.05248372000000001,0.05248372000000001,22.0,0.999,20.0,16.0,16.0,-12.0,14.0,14.0,14.0,14.0,0.0,0.0,0.0,0.0,38.0,25.0,20.0,8.4,399.0,315.0,2.0,2.0,620.0,4370.0,0.0,0.0,0.0,1.0,19475.0,10.100000000000001,1.0,0.0,,,,,,,,,,,,,,-26.875,5.0,5.0,29.0,-26.875,750.0,14.0,390.0,200.0,0.0,0.0,254.0,20.0,0.0,8.0,0.0,1.0,1.0,0.0,8.0,0.0,5.0,1.0,4.0,100.0,5.0,28488.0,101.0,0.0,0.0,0.0,0.0,28.0,0.0,0.0,4.5,5000.0,4990.0,4980.0,1.0,1.0,0.0,30.0,1196.0,0.0,255.0,857.0,325.0,0.0,0.0,1245716.0,3.008,3.0,50.0,
1788528627069,2026-09-04T17:30:27.069,0.0,4.0,0.0,1.0,715.0,13.3,86.0,2.85,2.85,2.85,2.85,1.0,1.0,849.0,1.0,0.0,830.0,73.0,75.5,0.04820329000000001,0.04820329000000001,22.0,0.999,24.0,13.0,13.0,-27.0,12.0,12.0,12.0,12.0,0.0,0.0,0.0,0.0,38.0,29.0,24.0,9.5,462.0,378.0,3.0,3.0,640.0,4340.0,0.0,0.0,0.0,1.0,19475.0,11.200000000000001,1.0,0.0,,,,,,,,,,,,,,-27.75,10.3125,10.375,29.875,-27.75,750.0,13.0,390.0,200.0,0.0,0.0,254.0,20.0,0.0,8.0,0.0,1.0,1.0,0.0,8.0,0.0,5.0,1.0,4.0,100.0,8.0,28488.0,101.0,0.0,0.0,0.0,0.0,27.0,0.0,0.0,4.5,5000.0,4990.0,4990.0,1.0,1.0,0.0,30.0,1223.0,0.0,255.0,857.0,344.0,0.0,0.0,1245716.0,3.008,3.0,50.0,
1788528627588,2026-09-04T17:30:27.588,0.0,4.0,0.0,1.0,733.0,14.0,86.0,3.2600000000000002,3.2600000000000002,3.2600000000000002,3.2600000000000002,1.0,1.0,849.0,1.0,0.0,839.0,65.5,67.0,0.04353372999999999,0.04353372999999999,21.0,0.999,30.0,12.0,12.0,-34.0,-9.0,-9.0,-9.0,-9.0,0.0,0.0,0.0,0.0,38.0,27.0,27.0,11.3,441.0,420.0,3.0,3.0,640.0,4350.0,0.0,0.0,0.0,1.0,19475.0,11.4,0.0,0.0,,,,,,,,,,,,,,-29.25,-1.625,1.125,31.375,-29.25,750.0,11.0,390.0,200.0,0.0,0.0,254.0,20.0,0.0,8.0,0.0,1.0,1.0,0.0,8.0,0.0,5.0,1.0,4.0,100.0,5.0,28488.0,101.0,0.0,0.0,0.0,0.0,27.0,0.0,0.0,4.5,5000.0,4990.0,4980.0,1.0,1.0,0.0,30.0,1490.0,0.0,255.0,857.0,342.0,0.0,0.0,1245716.0,3.008,3.0,50.0,
1788528628068,2026-09-04T17:30:28.068,0.0,4.0,0.0,1.0,798.0,14.100000000000001,86.0,2.95,2.95,2.95,2.95,1.0,1.0,815.0,1.0,0.0,820.0,66.0,66.5,0.038475040000000016,0.038475040000000016,21.0,0.999,25.0,13.0,13.0,-32.0,-12.0,-12.0,-12.0,-12.0,0.0,0.0,0.0,0.0,38.0,21.0,25.0,10.4,357.0,378.0,2.0,2.0,610.0,4370.0,0.0,0.0,0.0,1.0,19475.0,9.5,0.0,0.0,,,,,,,,,,,,,,-28.75,-6.125,-4.75,30.875,-28.75,750.0,9.0,390.0,200.0,0.0,0.0,254.0,20.0,0.0,8.0,0.0,1.0,1.0,0.0,8.0,0.0,5.0,1.0,4.0,100.0,1.0,28488.0,101.0,0.0,0.0,0.0,0.0,27.0,0.0,0.0,4.5,5000.0,4990.0,4980.0,1.0,1.0,0.0,30.0,1320.0,0.0,255.0,857.0,348.0,0.0,0.0,1245716.0,3.008,3.0,50.0,
1788528628727,2026-09-04T17:30:28.727,0.0,4.0,0.0,1.0,772.0,13.600000000000001,86.0,2.38,2.38,2.38,2.38,1.0,1.0,815.0,1.0,0.0,820.0,71.0,71.0,0.03263809000000001,0.03263809000000001,21.0,0.999,22.0,15.0,15.0,-21.0,-7.0,-7.0,-7.0,-7.0,0.0,0.0,0.0,0.0,38.0,19.0,21.0,8.8,315.0,357.0,2.0,2.0,600.0,4390.0,0.0,0.0,0.0,1.0,19475.0,8.1,1.0,0.0,,,,,,,,,,,,,,-27.125,-0.6875,-1.5625,29.25,-27.125,750.0,8.0,390.0,200.0,0.0,0.0,254.0,20.0,0.0,8.0,0.0,1.0,1.0,0.0,8.0,0.0,5.0,1.0,4.0,100.0,0.0,28488.0,101.0,0.0,0.0,0.0,0.0,27.0,0.0,0.0,4.5,5000.0,4990.0,4980.0,1.0,1.0,0.0,30.0,1455.0,0.0,255.0,857.0,354.0,0.0,0.0,1245716.0,3.008,3.0,50.0,
1788528629254,2026-09-04T17:30:29.254,0.0,4.0,0.0,1.0,765.0,14.100000000000001,86.0,2.23,2.23,2.23,2.23,1.0,1.0,825.0,1.0,0.0,825.0,67.0,66.0,0.02680114,0.02680114,21.0,0.999,23.0,16.0,16.0,-16.0,-6.0,-6.0,-6.0,-6.0,0.0,0.0,0.0,0.0,38.0,19.0,21.0,8.6,315.0,336.0,2.0,2.0,600.0,4380.0,0.0,0.0,0.0,1.0,19475.0,8.0,1.0,0.0,,,,,,,,,,,,,,-27.0625,-2.9375,-3.25,29.1875,-27.0625,750.0,4.0,390.0,200.0,0.0,0.0,254.0,20.0,0.0,8.0,0.0,1.0,1.0,0.0,8.0,0.0,5.0,1.0,4.0,100.0,0.0,28488.0,101.0,0.0,0.0,0.0,0.0,27.0,0.0,0.0,4.5,5000.0,4990.0,4990.0,1.0,1.0,0.0,30.0,1467.0,0.0,255.0,857.0,343.0,0.0,0.0,1245716.0,3.008,3.0,50.0,
1788528629758,2026-09-04T17:30:29.758,0.0,4.0,0.0,1.0,752.0,14.100000000000001,86.0,2.18,2.18,2.18,2.18,1.0,1.0,839.0,1.0,0.0,834.0,68.5,66.5,0.02174244999999997,0.02174244999999997,20.0,0.999,22.0,16.0,16.0,-14.0,-2.0,-2.0,-2.0,-2.0,0.0,0.0,0.0,0.0,38.0,19.0,20.0,8.200000000000001,315.0,336.0,2.0,2.0,590.0,4390.0,0.0,0.0,0.0,1.0,19475.0,8.0,0.0,0.0,,,,,,,,,,,,,,-26.4375,-0.3125,-1.4375,28.5625,-26.4375,750.0,2.0,390.0,190.0,0.0,0.0,254.0,20.0,0.0,8.0,0.0,1.0,1.0,0.0,8.0,0.0,5.0,1.0,4.0,100.0,0.0,28488.0,101.0,0.0,0.0,0.0,0.0,27.0,0.0,0.0,4.5,5000.0,4990.0,4980.0,1.0,1.0,0.0,30.0,1155.0,0.0,255.0,857.0,349.0,0.0,0.0,1245716.0,3.008,3.0,50.0,
1788528630292,2026-09-04T17:30:30.292,0.0,4.0,0.0,1.0,757.0,14.100000000000001,86.0,2.17,2.17,2.17,2.17,1.0,1.0,839.0,1.0,0.0,839.0,68.5,66.5,0.017072890000000007,0.017072890000000007,20.0,0.999,23.0,16.0,16.0,-15.0,-6.0,-6.0,-6.0,-6.0,0.0,0.0,0.0,0.0,38.0,18.0,20.0,8.4,315.0,336.0,2.0,2.0,590.0,4380.0,0.0,0.0,0.0,1.0,19475.0,7.9,0.0,0.0,,,,,,,,,,,,,,-26.25,-2.625,-2.6875,28.375,-26.25,750.0,1.0,390.0,200.0,0.0,0.0,254.0,20.0,0.0,8.0,0.0,1.0,1.0,0.0,8.0,0.0,5.0,1.0,4.0,100.0,2.0,28488.0,101.0,0.0,0.0,0.0,0.0,27.0,0.0,0.0,4.5,5000.0,4990.0,4970.0,1.0,1.0,0.0,30.0,1403.0,0.0,255.0,857.0,345.0,0.0,0.0,1245716.0,3.008,3.0,50.0,
1788528630911,2026-09-04T17:30:30.911,0.0,4.0,0.0,1.0,750.0,14.100000000000001,86.0,2.13,2.13,2.13,2.13,1.0,1.0,839.0,1.0,0.0,844.0,69.5,67.0,0.011625070000000015,0.011625070000000015,20.0,0.999,22.0,16.0,16.0,-12.0,-4.0,-4.0,-4.0,-4.0,0.0,0.0,0.0,0.0,38.0,18.0,20.0,7.9,315.0,315.0,2.0,1.0,580.0,4410.0,0.0,0.0,0.0,1.0,19475.0,7.7,1.0,0.0,,,,,,,,,,,,,,-25.625,-0.25,-1.4375,27.75,-25.625,750.0,0.0,390.0,200.0,0.0,0.0,254.0,20.0,0.0,8.0,0.0,1.0,1.0,0.0,8.0,0.0,5.0,1.0,4.0,100.0,4.0,28488.0,101.0,0.0,0.0,0.0,0.0,27.0,0.0,0.0,4.5,5000.0,4990.0,4970.0,1.0,1.0,0.0,30.0,1173.0,0.0,255.0,857.0,338.0,0.0,0.0,1245716.0,3.008,3.0,50.0,
1788528631393,2026-09-04T17:30:31.393,0.0,4.0,0.0,1.0,741.0,14.200000000000001,86.0,2.08,2.08,2.08,2.08,1.0,1.0,830.0,1.0,0.0,834.0,69.5,66.5,0.005788120000000008,0.005788120000000008,19.0,0.999,23.0,16.0,16.0,-13.0,-4.0,-4.0,-4.0,-4.0,0.0,0.0,0.0,0.0,38.0,20.0,20.0,8.200000000000001,336.0,336.0,2.0,2.0,600.0,4390.0,0.0,0.0,0.0,1.0,19475.0,8.4,0.0,0.0,,,,,,,,,,,,,,-25.5,-1.25,-1.5625,27.625,-25.5,750.0,0.0,390.0,200.0,0.0,0.0,254.0,20.0,0.0,8.0,0.0,1.0,0.0,0.0,8.0,0.0,5.0,1.0,4.0,0.0,8.0,28488.0,101.0,0.0,0.0,0.0,0.0,27.0,0.0,0.0,4.5,5000.0,4990.0,4990.0,1.0,1.0,0.0,30.0,1399.0,0.0,255.0,857.0,341.0,0.0,0.0,1245716.0,3.008,3.0,50.0,
1788528631914,2026-09-04T17:30:31.914,0.0,4.0,0.0,1.0,749.0,14.200000000000001,86.0,2.22,2.22,2.22,2.22,1.0,1.0,825.0,1.0,0.0,834.0,69.0,66.0,0.0011185599999999907,0.0011185599999999907,19.0,0.999,27.0,16.0,16.0,-17.0,-5.0,-5.0,-5.0,-5.0,0.0,0.0,0.0,0.0,38.0,21.0,21.0,8.6,357.0,336.0,2.0,2.0,600.0,4380.0,0.0,0.0,0.0,1.0,19475.0,8.6,0.0,0.0,,,,,,,,,,,,,,-25.3125,-2.0625,-2.6875,27.4375,-25.3125,750.0,0.0,390.0,190.0,0.0,0.0,254.0,20.0,0.0,8.0,0.0,1.0,0.0,0.0,8.0,0.0,5.0,1.0,4.0,0.0,7.0,28488.0,101.0,0.0,0.0,0.0,0.0,27.0,0.0,0.0,4.5,5000.0,4990.0,4980.0,1.0,1.0,0.0,30.0,1317.0,0.0,255.0,857.0,343.0,0.0,0.0,1245716.0,3.008,3.0,50.0,
1788528632474,2026-09-04T17:30:32.474,0.0,4.0,0.0,1.0,746.0,14.200000000000001,86.0,2.16,2.16,2.16,2.16,1.0,1.0,825.0,1.0,0.0,834.0,70.0,66.5,-0.003940130000000014,-0.003940130000000014,19.0,0.999,25.0,16.0,16.0,-15.0,-4.0,-4.0,-4.0,-4.0,0.0,0.0,0.0,0.0,38.0,18.0,20.0,8.200000000000001,315.0,336.0,2.0,2.0,590.0,4400.0,0.0,0.0,0.0,1.0,19475.0,7.7,1.0,0.0,,,,,,,,,,,,,,-25.6875,-2.3125,-2.375,27.8125,-25.6875,750.0,0.0,390.0,200.0,0.0,0.0,254.0,20.0,0.0,8.0,0.0,1.0,0.0,0.0,8.0,0.0,5.0,1.0,4.0,0.0,7.0,28488.0,101.0,0.0,0.0,0.0,0.0,27.0,0.0,0.0,4.5,5000.0,4990.0,4980.0,1.0,1.0,0.0,30.0,1299.0,0.0,255.0,857.0,338.0,0.0,0.0,1245716.0,3.008,3.0,50.0,
1788528632993,2026-09-04T17:30:32.993,0.0,4.0,0.0,1.0,750.0,14.100000000000001,86.0,2.0300000000000002,2.0300000000000002,2.0300000000000002,2.0300000000000002,1.0,1.0,810.0,1.0,0.0,825.0,70.0,66.5,-0.009387950000000006,-0.009387950000000006,19.0,0.999,24.0,16.0,16.0,-13.0,-4.0,-4.0,-4.0,-4.0,0.0,0.0,0.0,0.0,38.0,18.0,20.0,8.0,315.0,315.0,2.0,2.0,590.0,4400.0,0.0,0.0,0.0,1.0,19475.0,7.800000000000001,1.0,0.0,,,,,,,,,,,,,,-25.625,-2.0625,-1.1875,27.75,-25.625,750.0,0.0,390.0,200.0,0.0,0.0,254.0,20.0,0.0,8.0,0.0,1.0,0.0,0.0,8.0,0.0,5.0,1.0,4.0,0.0,8.0,28488.0,101.0,0.0,0.0,0.0,0.0,27.0,0.0,0.0,4.6000000000000005,5000.0,4990.0,4980.0,1.0,1.0,0.0,30.0,1405.0,0.0,255.0,857.0,334.0,0.0,0.0,1245716.0,3.008,3.0,50.0,
1788528633512,2026-09-04T17:30:33.512,0.0,4.0,0.0,1.0,745.0,14.100000000000001,86.0,2.02,2.02,2.02,2.02,1.0,1.0,781.0,1.0,0.0,810.0,70.5,66.5,-0.01444664000000001,-0.01444664000000001,19.0,0.999,24.0,17.0,17.0,-12.0,0.0,0.0,0.0,0.0,0.0,0.0,0.0,0.0,38.0,19.0,20.0,7.9,336.0,315.0,2.0,2.0,590.0,4400.0,0.0,0.0,0.0,1.0,19475.0,8.0,0.0,0.0,,,,,,,,,,,,,,-25.625,-0.25,-0.5,27.75,-25.625,750.0,0.0,390.0,200.0,0.0,0.0,254.0,20.0,0.0,8.0,0.0,1.0,0.0,0.0,8.0,0.0,5.0,1.0,4.0,0.0,8.0,28488.0,101.0,0.0,0.0,0.0,0.0,27.0,0.0,0.0,4.6000000000000005,5000.0,4990.0,4980.0,1.0,1.0,0.0,30.0,1129.0,0.0,255.0,857.0,334.0,0.0,0.0,1245716.0,3.008,3.0,50.0,
1788528634127,2026-09-04T17:30:34.127,0.0,4.0,0.0,1.0,742.0,14.100000000000001,86.0,2.02,2.02,2.02,2.02,1.0,1.0,664.0,1.0,0.0,756.0,70.5,66.5,-0.020283590000000018,-0.020283590000000018,19.0,0.999,26.0,16.0,16.0,-12.0,-2.0,-2.0,-2.0,-2.0,0.0,0.0,0.0,0.0,38.0,20.0,20.0,8.0,336.0,336.0,2.0,2.0,590.0,4390.0,0.0,0.0,0.0,1.0,19475.0,8.1,0.0,0.0,,,,,,,,,,,,,,-25.6875,0.375,0.875,27.8125,-25.6875,750.0,0.0,390.0,200.0,0.0,0.0,254.0,20.0,0.0,8.0,0.0,1.0,0.0,0.0,8.0,0.0,5.0,1.0,4.0,0.0,8.0,28488.0,101.0,0.0,0.0,0.0,0.0,27.0,0.0,0.0,4.6000000000000005,5000.0,4990.0,4980.0,1.0,1.0,0.0,30.0,1350.0,0.0,255.0,857.0,342.0,0.0,0.0,1245716.0,3.008,3.0,50.0,
1788528634587,2026-09-04T17:30:34.587,0.0,4.0,0.0,1.0,744.0,14.200000000000001,86.0,2.11,2.11,2.11,2.11,0.0,1.0,78.0,0.0,0.0,83.0,70.5,65.5,-0.0017045400000000044,-0.0017045400000000044,19.0,0.999,27.0,16.0,16.0,-15.0,-3.0,-3.0,-3.0,-3.0,0.0,0.0,0.0,0.0,38.0,20.0,21.0,8.4,336.0,336.0,2.0,2.0,590.0,4380.0,0.0,0.0,0.0,1.0,19475.0,8.1,1.0,0.0,,,,,,,,,,,,,,-25.6875,-2.125,-1.0,27.8125,-25.6875,750.0,0.0,390.0,200.0,0.0,0.0,254.0,20.0,0.0,8.0,0.0,1.0,0.0,0.0,8.0,0.0,5.0,1.0,4.0,0.0,8.0,28488.0,101.0,0.0,0.0,0.0,0.0,27.0,0.0,0.0,4.6000000000000005,5000.0,4990.0,4980.0,1.0,1.0,0.0,30.0,1101.0,0.0,255.0,857.0,341.0,0.0,0.0,1245716.0,3.008,3.0,50.0,
1788528635108,2026-09-04T17:30:35.108,0.0,4.0,0.0,1.0,752.0,14.100000000000001,86.0,2.07,2.07,2.07,2.07,0.0,1.0,83.0,0.0,0.0,68.0,72.0,66.5,0.0025758899999999696,0.0025758899999999696,20.0,0.999,26.0,16.0,16.0,-14.0,-2.0,-2.0,-2.0,-2.0,0.0,0.0,0.0,0.0,38.0,19.0,20.0,8.200000000000001,336.0,336.0,2.0,2.0,590.0,4390.0,0.0,0.0,0.0,1.0,19475.0,8.0,1.0,0.0,,,,,,,,,,,,,,-25.625,-0.625,-0.5625,27.75,-25.625,750.0,0.0,390.0,200.0,0.0,0.0,254.0,20.0,0.0,8.0,0.0,1.0,0.0,0.0,8.0,0.0,5.0,1.0,4.0,0.0,8.0,28488.0,101.0,0.0,0.0,0.0,0.0,27.0,0.0,0.0,4.6000000000000005,5000.0,4990.0,4970.0,1.0,1.0,0.0,30.0,1331.0,0.0,255.0,857.0,338.0,0.0,0.0,1245716.0,3.008,3.0,50.0,
1788528635679,2026-09-04T17:30:35.679,0.0,4.0,0.0,1.0,751.0,14.100000000000001,86.0,2.06,2.06,2.06,2.06,0.0,1.0,78.0,0.0,0.0,73.0,71.0,65.5,0.008023710000000017,0.008023710000000017,20.0,0.999,27.0,16.0,16.0,-14.0,-2.0,-2.0,-2.0,-2.0,0.0,0.0,0.0,0.0,38.0,19.0,20.0,8.200000000000001,336.0,336.0,2.0,2.0,590.0,4400.0,0.0,0.0,0.0,1.0,19475.0,8.1,0.0,0.0,,,,,,,,,,,,,,-25.8125,1.1875,-0.875,27.9375,-25.8125,750.0,0.0,390.0,200.0,0.0,0.0,254.0,20.0,0.0,8.0,0.0,1.0,0.0,0.0,8.0,0.0,5.0,1.0,4.0,0.0,8.0,28488.0,101.0,0.0,0.0,0.0,0.0,27.0,0.0,0.0,4.6000000000000005,5000.0,4990.0,4980.0,1.0,1.0,0.0,30.0,1395.0,0.0,255.0,857.0,337.0,0.0,0.0,1245716.0,3.008,3.0,50.0,
1788528636239,2026-09-04T17:30:36.239,0.0,4.0,0.0,1.0,752.0,14.100000000000001,87.0,2.05,2.05,2.05,2.05,0.0,1.0,78.0,0.0,0.0,68.0,72.0,66.5,0.01347153000000001,0.01347153000000001,20.0,0.999,28.0,16.0,16.0,-13.0,1.0,1.0,1.0,1.0,0.0,0.0,0.0,0.0,38.0,20.0,20.0,8.1,336.0,315.0,2.0,2.0,590.0,4390.0,0.0,0.0,0.0,1.0,19475.0,8.4,0.0,0.0,,,,,,,,,,,,,,-25.9375,0.9375,-1.0,28.0,-25.9375,750.0,0.0,390.0,200.0,0.0,0.0,254.0,20.0,0.0,8.0,0.0,1.0,0.0,0.0,8.0,0.0,5.0,1.0,4.0,0.0,8.0,28488.0,101.0,0.0,0.0,0.0,0.0,28.0,0.0,0.0,4.6000000000000005,5000.0,4990.0,4990.0,1.0,1.0,0.0,30.0,1415.0,0.0,255.0,857.0,336.0,0.0,0.0,1245716.0,3.008,3.0,50.0,
