time_ms,iso,ETAT_VERROUILLAGE_DEVERROUILLAGE_CALCULTATEUR,ETAT_PROGRAMMATION_ANTI_DEMARRAGE,PB_TRANSMISSION_CODE_DEVERROUILLAGE,OPTION_APPAIRAGE_CHOISIE,REGIME_MOTEUR,TENSION_ALIMENTATION_CALCULATEUR_CONTROLE_MOTEUR,TEMPERATURE_D_EAU_MOTEUR_d,TEMPS_INJECTION_CYLINDRE_01,TEMPS_INJECTION_CYLINDRE_02,TEMPS_INJECTION_CYLINDRE_03,TEMPS_INJECTION_CYLINDRE_04,ETAT_SONDE_A_OXYGENE_AMONT,ETAT_REGULATION_SONDE_A_OXYGENE_AMONT,TENSION_SONDE_A_OXYGENE_AMONT,ETAT_SONDE_A_OXYGENE_AVAL,ETAT_REGULATION_SONDE_A_OXYGENE_AVAL,TENSION_SONDE_A_OXYGENE_AVAL,RCOAMONT,RCOAVAL,FACTEUR_CORRECTION_RICHESSE_AMONT,FACTEUR_CORRECTION_RICHESSE_AVAL,CHARGE_ESTIMEE_CANISTER,CON_RICHESSE,CDERCOELECPURGE,AVANCE_ALLUMAGE_OPTIMAL,AVANCE_ALLUMAGE_MAXIMUM,AVANCE_ALLUMAGE_MINIMUM,AVANCE_ALLUMAGE_APPLIQUEE_A_CHAQUE_CYLINDRE,AVANCE_APPLIQUEE_CYL_2,AVANCE_APPLIQUEE_CYL_3,AVANCE_APPLIQUEE_CYL_4,RETRAIT_AVANCE_ALLUMAGE_CYLINDRE_01,RETRAIT_AVANCE_ALLUMAGE_CYLINDRE_02,RETRAIT_AVANCE_ALLUMAGE_CYLINDRE_03,RETRAIT_AVANCE_ALLUMAGE_CYLINDRE_04,TEMP_AIR_ADMISSION_SUP,REMPLISSAGE_DE_CONSIGNE,REMPLISSAGE_MESURE,DEBIT_AIR,CONSIGNE_PRESSION_ADMISSION,PRESSIONTUBULURE,ANGLE_PAPILLON_CONSIGNE,ANGLE_PAPILLON_MESURE,TENSION_RECOPIE_POSITION_PAPILLON_01,TENSION_RECOPIE_POSITION_PAPILLON_02,CONSIGNE_POSITION_DEPHASEUR_AAC_ADMISSION,POS_DEPHASEUR_ACC_1,RCO_ELECTROVANNE_DEPHASEUR_ACC_1,ETAT_COH_POSITION_AAC_ADMI_VIL,COMPTDEMMOT,DEBAIRCONS,DEPASSEMENT_SEUIL_ENCRASSEMENT_MOTEUR,COMPTEUR_NB_DEMARRAGE_A_FROID,COUPLE_MOTEUR_EFFECTIF_AIR,COUPLE_MOTEUR_EFFECTIF_AVANCE,COUPLE_MOTEUR_AVANCE,COUPLE_RESISTANT_MOTEUR_ESTIME,COUPLE_VOLONTE_CONDUCTEUR,REGMOTRALENTI,VITESSE_VEHICULE,PEDALE_ACCELERATEUR_1,PEDALE_ACCELERATEUR_2,POSPEDACC1,POSPEDACC2,VITESSE_CONSIGNE_REGULATION_VITESSE,ETAT_RVV,VITESSE_CONSIGNE_LIMITATION_DE_VITESSE,ETAT_LVV,ETAT_CONTACTEUR_FREIN_PRINCIPAL,ETAT_CONTACTEUR_PEDALE_FREIN,INFORMATION_CAPTEUR_EMBRAYAGE,INFORMATION_POINT_DUR_PEDALE_ACCELERATEUR,RAPPORT_ENGAGE,TYPE_BOITE_VITESSES,ETAT_MTH,ETAT_FONCTIONNEMENT_MOTEUR_THERMIQUE,ETAT_REVEIL_CALCULATEUR,POSITION_PEDALE_EMBRAYAGE,NIVEAU_CARBURANT_AFFICHE,TEMPS_ARRET_MOTEUR,TEMPERATURE_EAU_DERNIER_ARRET_MOTEUR,AUTORISATION_DEMARRAGE_CALCULATEURS_BV,ETAT_GMP,ETAT_REL_GMV_C5,ETAT_GMV_PTIT_C5,CONSIGNE_VITESSE_GMV_C5,ETAT_RELAIS_GMV,ESTIMATION_PUISSANCE_CONSO_COMPRESSEUR_REFRI,PRESSION_CIRCUIT_REFRIGERANT_a,TENSION_ALIMENTATION_CAPTEURS_01,TENSION_ALIMENTATION_CAPTEURS_02,TENSION_ALIMENTATION_CAPTEURS_03,PRESSION_HUILE_MOTEUR,COMMANDE_RELAIS_PUISSANCE,ETATCDEDEM,TEMPERATURE_AIR_EXTERIEUR,BRUIT_CAPTEUR_CLIQUETIS,INFO_DETECTION_CHOC,ETAT_COMMANDE_POMPE_VIDE_ELECTRIQUE,PRESSION_ATMOSPHERIQUE,PRESSION_MASTERVAC,ZAPVNUMBER,SIGNATURE,DATE,MILEAGE,ERASETYPE,NUMBERINTERVENTION
1788623910748,2026-09-05T19:58:30.748,0.0,4.0,0.0,1.0,747.0,14.0,78.0,3.2600000000000002,3.2600000000000002,3.2600000000000002,3.2600000000000002,0.0,0.0,405.0,1.0,0.0,454.0,48.5,8.0,1.9839999999993196E-5,1.9839999999993196E-5,18.0,1.0010000000000001,0.0,14.0,14.0,-31.0,-6.0,-6.0,-6.0,-6.0,0.0,0.0,0.0,0.0,58.0,25.0,25.0,10.100000000000001,420.0,399.0,3.0,3.0,640.0,4340.0,0.0,0.0,0.0,1.0,19483.0,10.9,0.0,0.0,-27.5,6.3125,5.5625,29.125,-27.5,750.0,0.0,390.0,200.0,0.0,0.0,254.0,20.0,0.0,8.0,0.0,0.0,0.0,0.0,8.0,0.0,5.0,1.0,4.0,0.0,29.0,4687.0,100.0,0.0,0.0,0.0,0.0,24.0,0.0,0.0,4.5,5000.0,4990.0,4980.0,1.0,1.0,0.0,21.0,1388.0,0.0,255.0,836.0,298.0,0.0,0.0,1245716.0,3.008,3.0,50.0
1788623911207,2026-09-05T19:58:31.207,0.0,4.0,0.0,1.0,749.0,14.100000000000001,78.0,3.2,3.2,3.2,3.2,0.0,0.0,390.0,1.0,0.0,449.0,98.0,7.5,1.9839999999993196E-5,1.9839999999993196E-5,18.0,1.0010000000000001,0.0,14.0,14.0,-31.0,-3.0,-3.0,-3.0,-3.0,0.0,0.0,0.0,0.0,58.0,24.0,24.0,10.0,420.0,399.0,3.0,3.0,640.0,4340.0,0.0,0.0,0.0,1.0,19483.0,10.9,0.0,0.0,-27.6875,3.625,3.625,29.3125,-27.6875,750.0,0.0,390.0,200.0,0.0,0.0,254.0,20.0,0.0,8.0,0.0,0.0,0.0,0.0,8.0,0.0,5.0,1.0,4.0,0.0,29.0,4687.0,100.0,0.0,0.0,0.0,0.0,24.0,0.0,0.0,4.5,5000.0,4990.0,4990.0,1.0,1.0,0.0,21.0,1350.0,0.0,255.0,836.0,298.0,0.0,0.0,1245716.0,3.008,3.0,50.0
1788623911896,2026-09-05T19:58:31.896,0.0,4.0,0.0,1.0,759.0,14.100000000000001,78.0,3.16,3.16,3.16,3.16,0.0,0.0,371.0,1.0,0.0,458.0,97.5,7.5,1.9839999999993196E-5,1.9839999999993196E-5,18.0,1.0010000000000001,0.0,14.0,14.0,-30.0,-2.0,-2.0,-2.0,-2.0,0.0,0.0,0.0,0.0,58.0,24.0,24.0,9.9,420.0,399.0,3.0,3.0,640.0,4340.0,0.0,0.0,0.0,1.0,19483.0,10.700000000000001,1.0,0.0,-27.375,3.6875,4.25,29.0,-27.375,750.0,0.0,390.0,200.0,0.0,0.0,254.0,20.0,0.0,8.0,0.0,0.0,0.0,0.0,8.0,0.0,5.0,1.0,4.0,0.0,29.0,4687.0,100.0,0.0,0.0,0.0,0.0,24.0,0.0,0.0,4.5,5000.0,4990.0,4990.0,1.0,1.0,0.0,21.0,2058.0,0.0,255.0,836.0,298.0,0.0,0.0,1245716.0,3.008,3.0,50.0
1788623912366,2026-09-05T19:58:32.366,0.0,4.0,0.0,1.0,751.0,14.0,78.0,3.18,3.18,3.18,3.18,0.0,0.0,332.0,1.0,0.0,454.0,98.5,7.5,1.9839999999993196E-5,1.9839999999993196E-5,18.0,1.0010000000000001,0.0,14.0,14.0,-30.0,-2.0,-2.0,-2.0,-2.0,0.0,0.0,0.0,0.0,58.0,24.0,24.0,9.9,420.0,399.0,3.0,3.0,640.0,4340.0,0.0,0.0,0.0,1.0,19483.0,10.9,1.0,0.0,-27.625,5.0,4.3125,29.25,-27.625,750.0,0.0,390.0,200.0,0.0,0.0,254.0,20.0,0.0,8.0,0.0,0.0,0.0,0.0,8.0,0.0,5.0,1.0,4.0,0.0,29.0,4687.0,100.0,0.0,0.0,0.0,0.0,24.0,0.0,0.0,4.5,5000.0,4990.0,4970.0,1.0,1.0,0.0,21.0,1408.0,0.0,255.0,836.0,298.0,0.0,0.0,1245716.0,3.008,3.0,50.0
1788623912889,2026-09-05T19:58:32.889,0.0,4.0,0.0,1.0,748.0,14.100000000000001,78.0,3.13,3.13,3.13,3.13,0.0,0.0,302.0,0.0,0.0,444.0,98.0,7.5,1.9839999999993196E-5,1.9839999999993196E-5,19.0,1.0010000000000001,0.0,14.0,14.0,-28.0,-2.0,-2.0,-2.0,-2.0,0.0,0.0,0.0,0.0,58.0,23.0,24.0,9.600000000000001,420.0,378.0,3.0,3.0,630.0,4350.0,0.0,0.0,0.0,1.0,19483.0,10.600000000000001,0.0,0.0,-27.375,5.6875,4.625,29.0,-27.375,750.0,0.0,390.0,200.0,0.0,0.0,254.0,20.0,0.0,8.0,0.0,0.0,0.0,0.0,8.0,0.0,5.0,1.0,4.0,0.0,29.0,4687.0,100.0,0.0,0.0,0.0,0.0,24.0,0.0,0.0,4.5,5000.0,4990.0,4980.0,1.0,1.0,0.0,21.0,1840.0,0.0,255.0,836.0,298.0,0.0,0.0,1245716.0,3.008,3.0,50.0
1788623913494,2026-09-05T19:58:33.494,0.0,4.0,0.0,1.0,757.0,14.100000000000001,78.0,3.04,3.04,3.04,3.04,0.0,0.0,268.0,1.0,0.0,454.0,98.0,7.5,1.9839999999993196E-5,1.9839999999993196E-5,19.0,1.0010000000000001,0.0,14.0,14.0,-26.0,-2.0,-2.0,-2.0,-2.0,0.0,0.0,0.0,0.0,58.0,23.0,23.0,9.600000000000001,399.0,378.0,3.0,3.0,630.0,4350.0,0.0,0.0,0.0,1.0,19483.0,10.600000000000001,0.0,0.0,-27.4375,4.4375,4.8125,29.0625,-27.4375,750.0,0.0,390.0,200.0,0.0,0.0,254.0,20.0,0.0,8.0,0.0,0.0,0.0,0.0,8.0,0.0,5.0,1.0,4.0,0.0,29.0,4687.0,100.0,0.0,0.0,0.0,0.0,24.0,0.0,0.0,4.5,5000.0,4990.0,4990.0,1.0,1.0,0.0,21.0,1201.0,0.0,255.0,836.0,298.0,0.0,0.0,1245716.0,3.008,3.0,50.0
1788623914065,2026-09-05T19:58:34.065,0.0,4.0,0.0,1.0,765.0,14.100000000000001,77.0,3.1,3.1,3.1,3.1,0.0,0.0,229.0,1.0,0.0,454.0,97.5,7.5,1.9839999999993196E-5,1.9839999999993196E-5,19.0,1.0010000000000001,0.0,14.0,14.0,-29.0,-2.0,-2.0,-2.0,-2.0,0.0,0.0,0.0,0.0,58.0,24.0,24.0,9.9,420.0,378.0,3.0,3.0,640.0,4350.0,0.0,0.0,0.0,1.0,19483.0,10.8,1.0,0.0,-27.3125,5.75,3.9375,28.9375,-27.3125,750.0,0.0,390.0,200.0,0.0,0.0,254.0,20.0,0.0,8.0,0.0,0.0,0.0,0.0,8.0,0.0,5.0,1.0,4.0,0.0,29.0,4687.0,100.0,0.0,0.0,0.0,0.0,24.0,0.0,0.0,4.5,5000.0,4990.0,4980.0,1.0,1.0,0.0,21.0,1954.0,0.0,255.0,836.0,298.0,0.0,0.0,1245716.0,3.008,3.0,50.0
1788623914486,2026-09-05T19:58:34.486,0.0,4.0,0.0,1.0,744.0,14.100000000000001,77.0,3.12,3.12,3.12,3.12,0.0,0.0,195.0,0.0,0.0,444.0,98.5,7.5,1.9839999999993196E-5,1.9839999999993196E-5,19.0,1.0010000000000001,0.0,14.0,14.0,-29.0,-4.0,-4.0,-4.0,-4.0,0.0,0.0,0.0,0.0,58.0,24.0,24.0,9.8,420.0,378.0,3.0,3.0,630.0,4350.0,0.0,0.0,0.0,1.0,19483.0,10.700000000000001,0.0,0.0,-27.6875,5.0,4.0625,29.3125,-27.6875,750.0,0.0,390.0,200.0,0.0,0.0,254.0,20.0,0.0,8.0,0.0,0.0,0.0,0.0,8.0,0.0,5.0,1.0,4.0,0.0,29.0,4687.0,100.0,0.0,0.0,0.0,0.0,24.0,0.0,0.0,4.5,5000.0,4990.0,4980.0,1.0,1.0,0.0,21.0,1415.0,0.0,255.0,836.0,298.0,0.0,0.0,1245716.0,3.008,3.0,50.0
1788623914965,2026-09-05T19:58:34.965,0.0,4.0,0.0,1.0,755.0,14.200000000000001,77.0,3.1,3.1,3.1,3.1,0.0,1.0,175.0,1.0,0.0,454.0,97.0,7.5,0.00352201000000002,0.00352201000000002,19.0,1.0010000000000001,3.0,14.0,14.0,-27.0,-3.0,-3.0,-3.0,-3.0,0.0,0.0,0.0,0.0,58.0,23.0,24.0,9.600000000000001,399.0,378.0,3.0,3.0,630.0,4360.0,0.0,0.0,0.0,1.0,19483.0,10.4,0.0,0.0,-27.4375,4.6875,5.8125,29.0625,-27.4375,750.0,0.0,390.0,200.0,0.0,0.0,254.0,20.0,0.0,8.0,0.0,0.0,0.0,0.0,8.0,0.0,5.0,1.0,4.0,0.0,29.0,4687.0,100.0,0.0,0.0,0.0,0.0,24.0,0.0,0.0,4.5,5000.0,4990.0,4990.0,1.0,1.0,0.0,21.0,1684.0,0.0,255.0,836.0,298.0,0.0,0.0,1245716.0,3.008,3.0,50.0
1788623915505,2026-09-05T19:58:35.505,0.0,4.0,0.0,1.0,752.0,14.100000000000001,77.0,3.11,3.11,3.11,3.11,0.0,1.0,151.0,1.0,0.0,454.0,99.5,7.5,0.008191569999999981,0.008191569999999981,19.0,0.999,4.0,14.0,14.0,-27.0,-2.0,-2.0,-2.0,-2.0,0.0,0.0,0.0,0.0,58.0,24.0,24.0,9.600000000000001,420.0,378.0,3.0,3.0,630.0,4350.0,0.0,0.0,0.0,1.0,19483.0,10.700000000000001,0.0,0.0,-27.3125,5.25,5.125,28.9375,-27.3125,750.0,0.0,390.0,200.0,0.0,0.0,254.0,20.0,0.0,8.0,0.0,0.0,0.0,0.0,8.0,0.0,5.0,1.0,4.0,0.0,29.0,4687.0,100.0,0.0,0.0,0.0,0.0,24.0,0.0,0.0,4.5,5000.0,4990.0,4980.0,1.0,1.0,0.0,21.0,1865.0,0.0,255.0,836.0,298.0,0.0,0.0,1245716.0,3.008,3.0,50.0
1788623915989,2026-09-05T19:58:35.989,0.0,4.0,0.0,1.0,742.0,14.100000000000001,77.0,3.13,3.13,3.13,3.13,0.0,1.0,126.0,1.0,0.0,449.0,97.5,7.5,0.013250260000000014,0.013250260000000014,19.0,0.999,5.0,14.0,14.0,-28.0,-6.0,-6.0,-6.0,-6.0,0.0,0.0,0.0,0.0,58.0,24.0,24.0,9.700000000000001,420.0,378.0,3.0,3.0,630.0,4340.0,0.0,0.0,0.0,1.0,19483.0,10.600000000000001,1.0,0.0,-27.5,3.625,5.3125,28.9375,-27.5,750.0,0.0,390.0,200.0,0.0,0.0,254.0,20.0,0.0,8.0,0.0,0.0,0.0,0.0,8.0,0.0,5.0,1.0,4.0,0.0,29.0,4687.0,100.0,0.0,0.0,0.0,0.0,24.0,0.0,0.0,4.5,5000.0,4990.0,4980.0,1.0,1.0,0.0,21.0,1853.0,0.0,255.0,836.0,298.0,0.0,0.0,1245716.0,3.008,3.0,50.0
1788623916506,2026-09-05T19:58:36.506,0.0,4.0,0.0,1.0,757.0,14.100000000000001,77.0,3.13,3.13,3.13,3.13,0.0,1.0,107.0,1.0,0.0,454.0,98.5,7.5,0.01830894999999999,0.01830894999999999,19.0,0.999,6.0,14.0,14.0,-28.0,-5.0,-5.0,-5.0,-5.0,0.0,0.0,0.0,0.0,58.0,23.0,24.0,9.8,399.0,378.0,3.0,3.0,630.0,4350.0,0.0,0.0,0.0,1.0,19483.0,10.5,0.0,0.0,-27.4375,3.3125,2.4375,28.875,-27.4375,750.0,0.0,390.0,200.0,0.0,0.0,254.0,20.0,0.0,8.0,0.0,0.0,0.0,0.0,8.0,0.0,5.0,1.0,4.0,0.0,29.0,4687.0,100.0,0.0,0.0,0.0,0.0,24.0,0.0,0.0,4.5,5000.0,4990.0,4980.0,1.0,1.0,0.0,21.0,1426.0,0.0,255.0,836.0,298.0,0.0,0.0,1245716.0,3.008,3.0,50.0
1788623917157,2026-09-05T19:58:37.157,0.0,4.0,0.0,1.0,757.0,14.0,77.0,3.15,3.15,3.15,3.15,0.0,1.0,92.0,0.0,0.0,444.0,99.5,47.5,0.038948099999999986,0.038948099999999986,19.0,0.999,6.0,14.0,14.0,-27.0,-2.0,-2.0,-2.0,-2.0,0.0,0.0,0.0,0.0,58.0,22.0,23.0,9.5,399.0,378.0,3.0,3.0,620.0,4340.0,0.0,0.0,0.0,1.0,19483.0,10.3,0.0,0.0,-27.375,1.875,1.625,28.8125,-27.375,750.0,0.0,390.0,200.0,0.0,0.0,254.0,20.0,0.0,8.0,0.0,0.0,0.0,0.0,8.0,0.0,5.0,1.0,4.0,0.0,29.0,4687.0,100.0,0.0,0.0,0.0,0.0,24.0,0.0,0.0,4.5,5000.0,4990.0,4980.0,1.0,1.0,0.0,21.0,1919.0,0.0,255.0,836.0,298.0,0.0,0.0,1245716.0,3.008,3.0,50.0
1788623917873,2026-09-05T19:58:37.873,0.0,4.0,0.0,1.0,766.0,14.0,77.0,3.15,3.15,3.15,3.15,0.0,1.0,78.0,1.0,0.0,454.0,99.5,99.5,0.06727065999999998,0.06727065999999998,19.0,0.999,7.0,14.0,14.0,-24.0,-2.0,-2.0,-2.0,-2.0,0.0,0.0,0.0,0.0,58.0,22.0,23.0,9.4,399.0,357.0,3.0,3.0,620.0,4360.0,0.0,0.0,0.0,1.0,19483.0,10.200000000000001,1.0,0.0,-27.375,1.25,1.375,28.8125,-27.375,750.0,0.0,390.0,200.0,0.0,0.0,254.0,20.0,0.0,8.0,0.0,0.0,0.0,0.0,8.0,0.0,5.0,1.0,4.0,0.0,29.0,4687.0,100.0,0.0,0.0,0.0,0.0,24.0,0.0,0.0,4.5,5000.0,4990.0,4980.0,1.0,1.0,0.0,21.0,1397.0,0.0,255.0,836.0,298.0,0.0,0.0,1245716.0,3.008,3.0,50.0
1788623918521,2026-09-05T19:58:38.521,0.0,4.0,0.0,1.0,757.0,14.100000000000001,77.0,3.19,3.19,3.19,3.19,0.0,1.0,126.0,1.0,0.0,454.0,98.5,98.5,0.09913353999999996,0.09913353999999996,19.0,0.999,8.0,14.0,14.0,-24.0,-5.0,-5.0,-5.0,-5.0,0.0,0.0,0.0,0.0,58.0,22.0,23.0,9.4,378.0,357.0,3.0,3.0,620.0,4360.0,0.0,0.0,0.0,1.0,19483.0,9.9,1.0,0.0,-27.75,0.9375,0.1875,29.1875,-27.75,750.0,0.0,390.0,200.0,0.0,0.0,254.0,20.0,0.0,8.0,0.0,0.0,0.0,0.0,8.0,0.0,5.0,1.0,4.0,0.0,29.0,4687.0,100.0,0.0,0.0,0.0,0.0,24.0,0.0,0.0,4.5,5000.0,4990.0,4980.0,1.0,1.0,0.0,21.0,2025.0,0.0,255.0,836.0,298.0,0.0,0.0,1245716.0,3.008,3.0,50.0
1788623919250,2026-09-05T19:58:39.250,0.0,4.0,0.0,1.0,752.0,14.100000000000001,77.0,2.95,2.95,2.95,2.95,1.0,1.0,825.0,1.0,0.0,458.0,97.5,97.5,0.048989179999999966,0.048989179999999966,19.0,0.999,8.0,15.0,15.0,-21.0,-3.0,-3.0,-3.0,-3.0,0.0,0.0,0.0,0.0,58.0,21.0,22.0,9.0,378.0,357.0,2.0,2.0,620.0,4360.0,0.0,0.0,0.0,1.0,19483.0,9.700000000000001,0.0,0.0,-27.8125,1.125,0.0625,29.25,-27.8125,750.0,0.0,390.0,200.0,0.0,0.0,254.0,20.0,0.0,8.0,0.0,0.0,0.0,0.0,8.0,0.0,5.0,1.0,4.0,0.0,29.0,4687.0,100.0,0.0,0.0,0.0,0.0,24.0,0.0,0.0,4.5,5000.0,4990.0,4990.0,1.0,1.0,0.0,21.0,1268.0,0.0,255.0,836.0,298.0,0.0,0.0,1245716.0,3.008,3.0,50.0
1788623920062,2026-09-05T19:58:40.062,0.0,4.0,0.0,1.0,750.0,14.100000000000001,77.0,2.91,2.91,2.91,2.91,1.0,1.0,805.0,1.0,0.0,458.0,97.5,97.5,0.04159571000000001,0.04159571000000001,18.0,0.999,9.0,15.0,15.0,-21.0,-3.0,-3.0,-3.0,-3.0,0.0,0.0,0.0,0.0,58.0,21.0,22.0,9.0,378.0,357.0,2.0,2.0,620.0,4360.0,0.0,0.0,0.0,1.0,19483.0,9.5,1.0,0.0,-27.6875,0.125,1.875,29.125,-27.6875,750.0,0.0,390.0,200.0,0.0,0.0,254.0,20.0,0.0,8.0,0.0,0.0,0.0,0.0,8.0,0.0,5.0,1.0,4.0,0.0,29.0,4687.0,100.0,0.0,0.0,0.0,0.0,24.0,0.0,0.0,4.5,5000.0,4990.0,4990.0,1.0,1.0,0.0,21.0,1215.0,0.0,255.0,836.0,298.0,0.0,0.0,1245716.0,3.008,3.0,50.0
1788623920717,2026-09-05T19:58:40.717,0.0,4.0,0.0,1.0,746.0,14.100000000000001,77.0,2.89,2.89,2.89,2.89,1.0,1.0,756.0,1.0,0.0,463.0,0.0,0.0,0.03105104999999997,0.03105104999999997,17.0,0.999,9.0,15.0,15.0,-22.0,-6.0,-6.0,-6.0,-6.0,0.0,0.0,0.0,0.0,58.0,21.0,22.0,9.1,378.0,357.0,2.0,3.0,620.0,4360.0,0.0,0.0,0.0,1.0,19483.0,9.700000000000001,0.0,0.0,-27.75,2.75,1.3125,29.1875,-27.75,750.0,0.0,390.0,200.0,0.0,0.0,254.0,20.0,0.0,8.0,0.0,0.0,0.0,0.0,8.0,0.0,5.0,1.0,4.0,0.0,29.0,4687.0,100.0,0.0,0.0,0.0,0.0,24.0,0.0,0.0,4.5,5000.0,4990.0,4980.0,1.0,1.0,0.0,21.0,1263.0,0.0,255.0,836.0,298.0,0.0,0.0,1245716.0,3.008,3.0,50.0
1788623921460,2026-09-05T19:58:41.460,0.0,4.0,0.0,1.0,742.0,14.100000000000001,76.0,2.83,2.83,2.83,2.83,1.0,1.0,629.0,1.0,0.0,483.0,97.5,97.5,0.0027284899999999723,0.0027284899999999723,17.0,0.999,10.0,14.0,14.0,-22.0,-4.0,-4.0,-4.0,-4.0,0.0,0.0,0.0,0.0,58.0,22.0,22.0,9.0,378.0,357.0,2.0,2.0,620.0,4360.0,0.0,0.0,0.0,1.0,19483.0,9.8,0.0,0.0,-27.6875,1.125,0.4375,29.125,-27.6875,750.0,0.0,390.0,200.0,0.0,0.0,254.0,20.0,0.0,8.0,0.0,0.0,0.0,0.0,8.0,0.0,5.0,1.0,4.0,0.0,29.0,4687.0,100.0,0.0,0.0,0.0,0.0,24.0,0.0,0.0,4.5,5000.0,4990.0,4970.0,1.0,1.0,0.0,21.0,1363.0,0.0,255.0,836.0,298.0,0.0,0.0,1245716.0,3.008,3.0,50.0
1788623922275,2026-09-05T19:58:42.275,0.0,4.0,0.0,1.0,754.0,14.100000000000001,76.0,2.96,2.96,2.96,2.96,0.0,1.0,205.0,1.0,0.0,502.0,97.5,97.5,0.05619953,0.05619953,16.0,0.999,10.0,14.0,14.0,-22.0,-3.0,-3.0,-3.0,-3.0,0.0,0.0,0.0,0.0,58.0,21.0,22.0,9.1,378.0,357.0,2.0,2.0,620.0,4350.0,0.0,0.0,0.0,1.0,19483.0,9.700000000000001,1.0,0.0,-27.75,1.375,0.375,29.1875,-27.75,750.0,0.0,390.0,200.0,0.0,0.0,254.0,20.0,0.0,8.0,0.0,0.0,0.0,0.0,8.0,0.0,5.0,1.0,4.0,0.0,29.0,4687.0,100.0,0.0,0.0,0.0,0.0,24.0,0.0,0.0,4.5,5000.0,4990.0,4990.0,1.0,1.0,0.0,21.0,1517.0,0.0,255.0,836.0,298.0,0.0,0.0,1245716.0,3.008,3.0,50.0
1788623922991,2026-09-05T19:58:42.991,0.0,4.0,0.0,1.0,759.0,14.100000000000001,76.0,2.87,2.87,2.87,2.87,1.0,1.0,854.0,1.0,0.0,595.0,98.5,98.5,0.03334005000000001,0.03334005000000001,15.0,0.999,10.0,14.0,14.0,-21.0,-4.0,-4.0,-4.0,-4.0,0.0,0.0,0.0,0.0,58.0,21.0,22.0,9.1,378.0,357.0,2.0,2.0,620.0,4360.0,0.0,0.0,0.0,1.0,19483.0,9.5,0.0,0.0,-27.625,0.0625,0.375,29.0625,-27.625,750.0,0.0,390.0,200.0,0.0,0.0,254.0,20.0,0.0,8.0,0.0,0.0,0.0,0.0,8.0,0.0,5.0,1.0,4.0,0.0,29.0,4687.0,100.0,0.0,0.0,0.0,0.0,24.0,0.0,0.0,4.5,5000.0,4990.0,5000.0,1.0,1.0,0.0,21.0,1799.0,0.0,255.0,836.0,298.0,0.0,0.0,1245716.0,3.008,3.0,50.0
1788623923816,2026-09-05T19:58:43.816,0.0,4.0,0.0,1.0,753.0,14.0,76.0,2.81,2.81,2.81,2.81,1.0,1.0,859.0,1.0,0.0,649.0,98.5,98.5,0.026335710000000012,0.026335710000000012,14.0,0.999,11.0,15.0,15.0,-20.0,-4.0,-4.0,-4.0,-4.0,0.0,0.0,0.0,0.0,58.0,21.0,22.0,8.8,357.0,336.0,2.0,2.0,620.0,4370.0,0.0,0.0,0.0,1.0,19483.0,9.3,1.0,0.0,-27.625,-0.125,-0.5,29.0625,-27.625,750.0,0.0,390.0,200.0,0.0,0.0,254.0,20.0,0.0,8.0,0.0,0.0,0.0,0.0,8.0,0.0,5.0,1.0,4.0,0.0,29.0,4687.0,100.0,0.0,0.0,0.0,0.0,24.0,0.0,0.0,4.5,5000.0,4990.0,4970.0,1.0,1.0,0.0,21.0,1972.0,0.0,255.0,836.0,298.0,0.0,0.0,1245716.0,3.008,3.0,50.0
1788623924745,2026-09-05T19:58:44.745,0.0,4.0,0.0,1.0,754.0,14.100000000000001,76.0,2.69,2.69,2.69,2.69,1.0,1.0,859.0,1.0,0.0,717.0,97.5,97.5,0.0031862899999999805,0.0031862899999999805,13.0,0.999,11.0,15.0,15.0,-18.0,-2.0,-2.0,-2.0,-2.0,0.0,0.0,0.0,0.0,58.0,21.0,21.0,8.700000000000001,357.0,336.0,2.0,2.0,620.0,4370.0,0.0,0.0,0.0,1.0,19483.0,9.3,0.0,0.0,-27.875,-0.5625,-1.1875,29.0625,-27.875,750.0,0.0,390.0,200.0,0.0,0.0,254.0,20.0,0.0,8.0,0.0,0.0,0.0,0.0,8.0,0.0,5.0,1.0,4.0,0.0,29.0,4687.0,100.0,0.0,0.0,0.0,0.0,24.0,0.0,0.0,4.5,5000.0,4990.0,4980.0,1.0,1.0,0.0,21.0,1621.0,0.0,255.0,836.0,298.0,0.0,0.0,1245716.0,3.008,3.0,50.0
1788623925516,2026-09-05T19:58:45.516,0.0,4.0,0.0,1.0,752.0,14.100000000000001,76.0,2.61,2.61,2.61,2.61,1.0,1.0,839.0,1.0,0.0,751.0,98.0,98.5,-0.032216910000000015,-0.032216910000000015,13.0,0.999,10.0,15.0,15.0,-18.0,-3.0,-3.0,-3.0,-3.0,0.0,0.0,0.0,0.0,58.0,21.0,21.0,8.700000000000001,357.0,336.0,2.0,2.0,620.0,4370.0,0.0,0.0,0.0,1.0,19483.0,9.3,0.0,0.0,-27.875,0.1875,-0.0625,29.0625,-27.875,750.0,0.0,390.0,200.0,0.0,0.0,254.0,20.0,0.0,8.0,0.0,0.0,0.0,0.0,8.0,0.0,5.0,1.0,4.0,0.0,29.0,4687.0,100.0,0.0,0.0,0.0,0.0,24.0,0.0,0.0,4.5,5000.0,4990.0,4980.0,1.0,1.0,0.0,21.0,1714.0,0.0,255.0,836.0,298.0,0.0,0.0,1245716.0,3.008,3.0,50.0
1788623926287,2026-09-05T19:58:46.287,0.0,4.0,0.0,1.0,745.0,14.0,76.0,2.56,2.56,2.56,2.56,1.0,1.0,761.0,1.0,0.0,751.0,97.5,98.5,-0.06762011000000001,-0.06762011000000001,12.0,0.999,10.0,15.0,15.0,-20.0,-1.0,-1.0,-1.0,-1.0,0.0,0.0,0.0,0.0,58.0,21.0,22.0,8.8,378.0,357.0,2.0,2.0,620.0,4370.0,0.0,0.0,0.0,1.0,19483.0,9.5,1.0,0.0,-27.9375,1.5625,1.0,29.125,-27.9375,750.0,0.0,390.0,200.0,0.0,0.0,254.0,20.0,0.0,8.0,0.0,0.0,1.0,0.0,8.0,0.0,5.0,1.0,4.0,100.0,29.0,4687.0,100.0,0.0,0.0,0.0,0.0,24.0,0.0,0.0,4.5,5000.0,4990.0,4990.0,1.0,1.0,0.0,21.0,1141.0,0.0,255.0,836.0,298.0,0.0,0.0,1245716.0,3.008,3.0,50.0
1788623927062,2026-09-05T19:58:47.062,0.0,4.0,0.0,1.0,745.0,14.100000000000001,76.0,2.7,2.7,2.7,2.7,0.0,1.0,63.0,1.0,0.0,561.0,96.5,97.5,-0.031423389999999995,-0.031423389999999995,12.0,0.999,10.0,15.0,15.0,-20.0,-5.0,-5.0,-5.0,-5.0,0.0,0.0,0.0,0.0,58.0,23.0,22.0,9.0,399.0,357.0,3.0,3.0,620.0,4370.0,0.0,0.0,0.0,1.0,19483.0,10.100000000000001,0.0,0.0,-27.8125,0.5,0.0625,29.0,-27.8125,750.0,0.0,390.0,200.0,0.0,0.0,254.0,20.0,0.0,8.0,0.0,0.0,1.0,0.0,8.0,0.0,5.0,1.0,4.0,100.0,29.0,4687.0,100.0,0.0,0.0,0.0,0.0,24.0,0.0,0.0,4.5,5000.0,4990.0,4980.0,1.0,1.0,0.0,21.0,1394.0,0.0,255.0,836.0,298.0,0.0,0.0,1245716.0,3.008,3.0,50.0
1788623927929,2026-09-05T19:58:47.929,0.0,4.0,0.0,1.0,736.0,14.100000000000001,76.0,2.95,2.95,2.95,2.95,0.0,1.0,73.0,0.0,0.0,258.0,96.0,97.5,-0.02402992000000001,-0.02402992000000001,12.0,0.999,9.0,14.0,14.0,-27.0,-6.0,-6.0,-6.0,-6.0,0.0,0.0,0.0,0.0,58.0,24.0,24.0,9.700000000000001,399.0,378.0,3.0,3.0,630.0,4350.0,0.0,0.0,0.0,1.0,19483.0,10.600000000000001,1.0,0.0,-27.875,2.0625,1.75,29.0625,-27.875,750.0,0.0,460.0,210.0,1.8,0.6000000000000001,254.0,20.0,0.0,8.0,0.0,0.0,1.0,0.0,8.0,0.0,5.0,1.0,4.0,100.0,29.0,4687.0,100.0,0.0,0.0,0.0,0.0,24.0,0.0,0.0,4.5,5000.0,4990.0,4980.0,1.0,1.0,0.0,21.0,1615.0,0.0,255.0,836.0,298.0,0.0,0.0,1245716.0,3.008,3.0,50.0
1788623928709,2026-09-05T19:58:48.709,0.0,4.0,0.0,1.0,737.0,14.100000000000001,76.0,3.0700000000000003,3.0700000000000003,3.0700000000000003,3.0700000000000003,0.0,1.0,63.0,0.0,0.0,170.0,95.0,97.0,-0.015858189999999994,-0.015858189999999994,13.0,0.999,9.0,11.0,7.0,-32.0,7.0,7.0,7.0,7.0,0.0,0.0,0.0,0.0,58.0,52.0,47.0,24.0,798.0,672.0,14.0,14.0,1090.0,3880.0,2.0,0.0,0.0,1.0,19483.0,25.900000000000002,0.0,0.0,27.25,56.5,55.5625,29.1875,27.25,750.0,0.0,810.0,390.0,12.3,10.9,254.0,20.0,0.0,8.0,0.0,0.0,1.0,0.0,8.0,0.0,5.0,2.0,4.0,100.0,29.0,4687.0,100.0,0.0,0.0,0.0,0.0,24.0,0.0,0.0,4.5,5000.0,4990.0,4990.0,1.0,1.0,0.0,21.0,3173.0,0.0,255.0,836.0,298.0,0.0,0.0,1245716.0,3.008,3.0,50.0
1788623929523,2026-09-05T19:58:49.523,0.0,4.0,0.0,1.0,1953.0,14.200000000000001,76.0,2.41,2.41,2.41,2.41,0.0,1.0,43.0,0.0,0.0,405.0,95.5,98.0,-0.027997519999999998,-0.027997519999999998,14.0,0.999,10.0,27.0,27.0,-29.0,1.0,1.0,1.0,1.0,0.0,0.0,0.0,0.0,58.0,18.0,19.0,15.700000000000001,294.0,294.0,5.0,5.0,710.0,4270.0,0.0,0.0,0.0,1.0,19483.0,16.8,0.0,0.0,1.375,0.375,-1.625,28.8125,1.375,750.0,0.0,640.0,300.0,7.5,5.9,254.0,20.0,0.0,8.0,0.0,0.0,1.0,0.0,8.0,0.0,5.0,2.0,4.0,100.0,29.0,4687.0,100.0,0.0,0.0,0.0,0.0,24.0,0.0,0.0,4.5,5000.0,4990.0,4970.0,1.0,1.0,0.0,21.0,2884.0,0.0,255.0,836.0,298.0,0.0,0.0,1245716.0,3.008,3.0,50.0
1788623930338,2026-09-05T19:58:50.338,0.0,4.0,0.0,1.0,1105.0,14.200000000000001,76.0,3.87,3.87,3.87,3.87,0.0,1.0,39.0,0.0,0.0,131.0,93.0,97.5,0.018980390000000014,0.018980390000000014,15.0,0.999,9.0,16.0,16.0,-36.0,-21.0,-21.0,-21.0,-21.0,0.0,0.0,0.0,0.0,58.0,25.0,29.0,15.8,420.0,441.0,4.0,5.0,710.0,4270.0,0.0,0.0,0.0,1.0,19483.0,15.100000000000001,1.0,0.0,-26.25,-1.125,-3.625,27.4375,-26.25,750.0,0.0,390.0,200.0,0.0,0.0,254.0,20.0,0.0,8.0,0.0,0.0,1.0,0.0,8.0,0.0,5.0,1.0,4.0,100.0,29.0,4687.0,100.0,0.0,0.0,0.0,0.0,24.0,0.0,0.0,4.5,5000.0,4990.0,4980.0,1.0,1.0,0.0,21.0,2267.0,0.0,255.0,836.0,298.0,0.0,0.0,1245716.0,3.008,3.0,50.0
1788623931177,2026-09-05T19:58:51.177,0.0,4.0,0.0,1.0,886.0,14.100000000000001,76.0,8.8,8.8,8.8,8.8,0.0,1.0,78.0,0.0,0.0,107.0,98.0,100.0,0.03747550999999999,0.03747550999999999,15.0,0.999,6.0,14.0,14.0,-36.0,10.0,10.0,10.0,10.0,0.0,0.0,0.0,0.0,58.0,20.0,38.0,35.300000000000004,315.0,504.0,6.0,6.0,790.0,4180.0,0.0,6.0,0.0,1.0,19483.0,21.8,0.0,0.0,-0.875,19.1875,19.125,27.625,-0.875,750.0,0.0,940.0,450.0,16.400000000000002,15.4,254.0,20.0,0.0,8.0,0.0,0.0,1.0,0.0,8.0,0.0,5.0,2.0,4.0,100.0,30.0,4687.0,100.0,0.0,0.0,0.0,0.0,24.0,0.0,0.0,4.5,5000.0,4990.0,4980.0,1.0,1.0,0.0,21.0,3268.0,0.0,255.0,836.0,298.0,0.0,0.0,1245716.0,3.008,3.0,50.0
1788623931948,2026-09-05T19:58:51.948,0.0,4.0,0.0,1.0,1921.0,14.100000000000001,76.0,2.65,2.65,2.65,2.65,0.0,1.0,43.0,0.0,0.0,278.0,91.0,97.5,0.03878787,0.03878787,15.0,0.999,6.0,24.0,24.0,-21.0,14.0,14.0,14.0,14.0,0.0,0.0,0.0,0.0,58.0,31.0,27.0,24.0,462.0,378.0,8.0,8.0,850.0,4120.0,0.0,0.0,0.0,1.0,19483.0,28.700000000000003,1.0,0.0,2.125,3.5625,8.75,26.375,2.125,750.0,1.0,390.0,200.0,0.0,0.0,254.0,20.0,0.0,8.0,0.0,0.0,1.0,0.0,8.0,0.0,5.0,2.0,4.0,100.0,28.0,4687.0,100.0,0.0,0.0,0.0,0.0,24.0,0.0,0.0,4.5,5000.0,4990.0,4980.0,1.0,1.0,0.0,21.0,2433.0,0.0,255.0,836.0,298.0,0.0,0.0,1245716.0,3.008,3.0,50.0
1788623932909,2026-09-05T19:58:52.909,0.0,4.0,0.0,1.0,987.0,13.9,76.0,2.85,2.85,2.85,2.85,0.0,1.0,63.0,0.0,0.0,102.0,92.5,100.0,0.08308001999999998,0.08308001999999998,15.0,0.999,3.0,17.0,17.0,-15.0,-7.0,-7.0,-7.0,-7.0,0.0,0.0,0.0,0.0,58.0,22.0,21.0,10.8,378.0,336.0,3.0,3.0,650.0,4320.0,0.0,0.0,0.0,1.0,19483.0,11.8,0.0,0.0,-26.9375,2.875,0.625,28.125,-26.9375,750.0,2.0,390.0,200.0,0.0,0.0,254.0,20.0,0.0,8.0,0.0,0.0,1.0,0.0,8.0,0.0,5.0,1.0,4.0,100.0,28.0,4687.0,100.0,0.0,0.0,0.0,0.0,24.0,0.0,0.0,4.5,5000.0,4990.0,4980.0,1.0,1.0,0.0,21.0,1641.0,0.0,255.0,836.0,298.0,0.0,0.0,1245716.0,3.008,3.0,50.0
1788623933644,2026-09-05T19:58:53.644,0.0,4.0,0.0,1.0,811.0,14.0,76.0,3.34,3.34,3.34,3.34,1.0,1.0,751.0,0.0,0.0,151.0,90.5,99.0,0.07322205999999998,0.07322205999999998,15.0,0.999,0.0,14.0,14.0,-27.0,-5.0,-5.0,-5.0,-5.0,0.0,0.0,0.0,0.0,58.0,22.0,24.0,10.100000000000001,378.0,378.0,3.0,3.0,620.0,4350.0,0.0,0.0,0.0,1.0,19483.0,10.4,1.0,0.0,-28.1875,3.1875,2.1875,29.375,-28.1875,750.0,3.0,390.0,200.0,0.0,0.0,254.0,20.0,0.0,8.0,0.0,1.0,1.0,0.0,8.0,0.0,5.0,1.0,4.0,100.0,28.0,4687.0,100.0,0.0,0.0,0.0,0.0,24.0,0.0,0.0,4.5,5000.0,4990.0,4980.0,1.0,1.0,0.0,21.0,1666.0,0.0,255.0,836.0,353.0,0.0,0.0,1245716.0,3.008,3.0,50.0
1788623934518,2026-09-05T19:58:54.518,0.0,4.0,0.0,1.0,782.0,14.0,76.0,3.24,3.24,3.24,3.24,1.0,1.0,791.0,1.0,0.0,751.0,89.5,98.0,0.06930787,0.06930787,15.0,0.999,0.0,13.0,13.0,-26.0,-1.0,-1.0,-1.0,-1.0,0.0,0.0,0.0,0.0,58.0,24.0,23.0,9.9,399.0,378.0,3.0,3.0,630.0,4350.0,0.0,0.0,0.0,1.0,19483.0,10.700000000000001,1.0,0.0,-29.9375,1.125,0.3125,31.125,-29.9375,750.0,2.0,390.0,200.0,0.0,0.0,254.0,20.0,0.0,8.0,0.0,1.0,1.0,0.0,8.0,0.0,5.0,1.0,4.0,100.0,28.0,4687.0,100.0,0.0,0.0,0.0,0.0,24.0,0.0,0.0,4.5,5000.0,4990.0,4980.0,1.0,1.0,0.0,21.0,1418.0,0.0,255.0,836.0,350.0,0.0,0.0,1245716.0,3.008,3.0,50.0
1788623935401,2026-09-05T19:58:55.401,0.0,4.0,0.0,1.0,763.0,14.0,76.0,3.24,3.24,3.24,3.24,1.0,1.0,810.0,1.0,0.0,786.0,89.5,98.5,0.06166261000000001,0.06166261000000001,15.0,0.999,0.0,13.0,13.0,-27.0,-5.0,-5.0,-5.0,-5.0,0.0,0.0,0.0,0.0,58.0,22.0,23.0,9.600000000000001,378.0,378.0,3.0,3.0,620.0,4360.0,0.0,0.0,0.0,1.0,19483.0,9.8,0.0,0.0,-29.0625,2.125,1.375,30.5,-29.0625,750.0,1.0,390.0,200.0,0.0,0.0,254.0,20.0,0.0,8.0,0.0,1.0,1.0,0.0,8.0,0.0,5.0,1.0,4.0,100.0,29.0,4687.0,100.0,0.0,0.0,0.0,0.0,24.0,0.0,0.0,4.5,5000.0,4990.0,4980.0,1.0,1.0,0.0,21.0,1552.0,0.0,255.0,836.0,350.0,0.0,0.0,1245716.0,3.008,3.0,50.0
1788623936098,2026-09-05T19:58:56.098,0.0,4.0,0.0,1.0,751.0,14.100000000000001,76.0,3.12,3.12,3.12,3.12,1.0,1.0,781.0,1.0,0.0,800.0,89.5,98.5,0.027854080000000003,0.027854080000000003,15.0,0.999,3.0,14.0,14.0,-26.0,-2.0,-2.0,-2.0,-2.0,0.0,0.0,0.0,0.0,58.0,23.0,23.0,9.600000000000001,378.0,378.0,3.0,3.0,630.0,4350.0,0.0,0.0,0.0,1.0,19483.0,10.100000000000001,1.0,0.0,-28.75,4.1875,3.25,30.1875,-28.75,750.0,0.0,390.0,200.0,0.0,0.0,254.0,20.0,0.0,8.0,0.0,1.0,1.0,0.0,8.0,0.0,5.0,1.0,4.0,100.0,28.0,4687.0,100.0,0.0,0.0,0.0,0.0,24.0,0.0,0.0,4.5,5000.0,4990.0,4980.0,1.0,1.0,0.0,21.0,1336.0,0.0,255.0,836.0,351.0,0.0,0.0,1245716.0,3.008,3.0,50.0
1788623936954,2026-09-05T19:58:56.954,0.0,4.0,0.0,1.0,747.0,14.0,76.0,3.04,3.04,3.04,3.04,1.0,1.0,698.0,1.0,0.0,781.0,89.5,98.5,-0.002238640000000014,-0.002238640000000014,15.0,0.999,5.0,13.0,13.0,-27.0,1.0,1.0,1.0,1.0,0.0,0.0,0.0,0.0,58.0,24.0,24.0,9.600000000000001,399.0,378.0,3.0,3.0,630.0,4360.0,0.0,0.0,0.0,1.0,19483.0,10.4,0.0,0.0,-29.6875,2.4375,1.875,31.125,-29.6875,750.0,0.0,390.0,200.0,0.0,0.0,254.0,20.0,0.0,8.0,0.0,1.0,0.0,0.0,8.0,0.0,5.0,1.0,4.0,0.0,28.0,4687.0,100.0,0.0,0.0,0.0,0.0,24.0,0.0,0.0,4.5,5000.0,4990.0,4980.0,1.0,1.0,0.0,21.0,1704.0,0.0,255.0,836.0,354.0,0.0,0.0,1245716.0,3.008,3.0,50.0
1788623937732,2026-09-05T19:58:57.732,0.0,4.0,0.0,1.0,759.0,14.100000000000001,76.0,3.3200000000000003,3.3200000000000003,3.3200000000000003,3.3200000000000003,0.0,1.0,92.0,1.0,0.0,595.0,89.5,98.5,0.03728475999999997,0.03728475999999997,15.0,0.999,6.0,13.0,13.0,-31.0,-7.0,-7.0,-7.0,-7.0,0.0,0.0,0.0,0.0,58.0,24.0,25.0,10.4,399.0,399.0,3.0,3.0,640.0,4340.0,0.0,0.0,0.0,1.0,19483.0,10.600000000000001,1.0,0.0,-28.6875,2.0,1.125,30.125,-28.6875,750.0,0.0,390.0,200.0,0.0,0.0,254.0,20.0,0.0,8.0,0.0,1.0,0.0,0.0,8.0,0.0,5.0,1.0,4.0,0.0,27.0,4687.0,100.0,0.0,0.0,0.0,0.0,24.0,0.0,0.0,4.5,5000.0,4990.0,4990.0,1.0,1.0,0.0,21.0,1208.0,0.0,255.0,836.0,354.0,0.0,0.0,1245716.0,3.008,3.0,50.0
1788623938574,2026-09-05T19:58:58.574,0.0,4.0,0.0,1.0,754.0,14.100000000000001,76.0,3.14,3.14,3.14,3.14,1.0,1.0,771.0,1.0,0.0,722.0,89.5,98.5,0.018705709999999987,0.018705709999999987,15.0,0.999,7.0,13.0,13.0,-29.0,-5.0,-5.0,-5.0,-5.0,0.0,0.0,0.0,0.0,58.0,23.0,24.0,9.700000000000001,378.0,378.0,3.0,3.0,620.0,4360.0,0.0,0.0,0.0,1.0,19483.0,9.9,1.0,0.0,-29.25,0.3125,2.0625,30.6875,-29.25,750.0,0.0,390.0,200.0,0.0,0.0,254.0,20.0,0.0,8.0,0.0,1.0,0.0,0.0,8.0,0.0,5.0,1.0,4.0,0.0,30.0,4687.0,100.0,0.0,0.0,0.0,0.0,24.0,0.0,0.0,4.5,5000.0,4990.0,4970.0,1.0,1.0,0.0,21.0,1664.0,0.0,255.0,836.0,354.0,0.0,0.0,1245716.0,3.008,3.0,50.0
1788623939412,2026-09-05T19:58:59.412,0.0,4.0,0.0,1.0,758.0,14.0,77.0,3.02,3.02,3.02,3.02,1.0,1.0,791.0,1.0,0.0,786.0,90.0,99.5,0.010533979999999998,0.010533979999999998,15.0,0.999,8.0,14.0,14.0,-24.0,-3.0,-3.0,-3.0,-3.0,0.0,0.0,0.0,0.0,58.0,22.0,22.0,9.200000000000001,357.0,357.0,2.0,2.0,620.0,4370.0,0.0,0.0,0.0,1.0,19483.0,9.5,0.0,0.0,-28.3125,1.625,1.9375,29.75,-28.3125,750.0,0.0,390.0,200.0,0.0,0.0,254.0,20.0,0.0,8.0,0.0,1.0,0.0,0.0,8.0,0.0,5.0,1.0,4.0,0.0,28.0,4687.0,100.0,0.0,0.0,0.0,0.0,24.0,0.0,0.0,4.5,5000.0,4990.0,4980.0,1.0,1.0,0.0,21.0,1434.0,0.0,255.0,836.0,354.0,0.0,0.0,1245716.0,3.008,3.0,50.0
1788623940207,2026-09-05T19:59:00.207,0.0,4.0,0.0,1.0,758.0,14.100000000000001,77.0,2.84,2.84,2.84,2.84,1.0,1.0,810.0,1.0,0.0,810.0,88.0,97.5,-0.003161870000000011,-0.003161870000000011,14.0,0.999,8.0,15.0,15.0,-23.0,-1.0,-1.0,-1.0,-1.0,0.0,0.0,0.0,0.0,58.0,22.0,22.0,9.200000000000001,378.0,357.0,2.0,2.0,620.0,4360.0,0.0,0.0,0.0,1.0,19483.0,9.600000000000001,1.0,0.0,-28.875,1.625,-0.0625,30.3125,-28.875,750.0,0.0,390.0,200.0,0.0,0.0,254.0,20.0,0.0,8.0,0.0,1.0,0.0,0.0,8.0,0.0,5.0,1.0,4.0,0.0,29.0,4687.0,100.0,0.0,0.0,0.0,0.0,24.0,0.0,0.0,4.5,5000.0,4990.0,4970.0,1.0,1.0,0.0,21.0,1770.0,0.0,255.0,836.0,355.0,0.0,0.0,1245716.0,3.008,3.0,50.0
1788623941191,2026-09-05T19:59:01.191,0.0,4.0,0.0,1.0,749.0,13.9,77.0,2.73,2.73,2.73,2.73,1.0,1.0,781.0,1.0,0.0,820.0,91.0,100.0,-0.04210538999999999,-0.04210538999999999,13.0,0.999,9.0,15.0,15.0,-23.0,-1.0,-1.0,-1.0,-1.0,0.0,0.0,0.0,0.0,58.0,23.0,22.0,9.1,378.0,357.0,2.0,2.0,620.0,4370.0,0.0,0.0,0.0,1.0,19483.0,9.600000000000001,0.0,0.0,-28.9375,1.375,0.4375,30.375,-28.9375,750.0,0.0,390.0,200.0,0.0,0.0,254.0,20.0,0.0,8.0,0.0,1.0,0.0,0.0,8.0,0.0,5.0,1.0,4.0,0.0,30.0,4687.0,100.0,0.0,0.0,0.0,0.0,24.0,0.0,0.0,4.5,5000.0,4990.0,4980.0,1.0,1.0,0.0,21.0,1585.0,0.0,255.0,836.0,355.0,0.0,0.0,1245716.0,3.008,3.0,50.0
1788623941957,2026-09-05T19:59:01.957,0.0,4.0,0.0,1.0,742.0,13.8,77.0,2.77,2.77,2.77,2.77,0.0,1.0,214.0,1.0,0.0,761.0,91.5,100.0,-0.026334180000000013,-0.026334180000000013,12.0,0.999,10.0,14.0,14.0,-23.0,-2.0,-2.0,-2.0,-2.0,0.0,0.0,0.0,0.0,58.0,23.0,23.0,9.200000000000001,378.0,357.0,2.0,2.0,620.0,4360.0,0.0,0.0,0.0,1.0,19483.0,9.8,1.0,0.0,-28.5625,1.5625,-0.0625,30.0,-28.5625,750.0,0.0,390.0,200.0,0.0,0.0,254.0,20.0,0.0,8.0,0.0,1.0,0.0,0.0,8.0,0.0,5.0,1.0,4.0,0.0,29.0,4687.0,100.0,0.0,0.0,0.0,0.0,24.0,0.0,0.0,4.5,5000.0,4990.0,4990.0,1.0,1.0,0.0,21.0,1485.0,0.0,255.0,836.0,355.0,0.0,0.0,1245716.0,3.008,3.0,50.0
1788623942721,2026-09-05T19:59:02.721,0.0,4.0,0.0,1.0,752.0,13.9,77.0,2.74,2.74,2.74,2.74,1.0,1.0,639.0,0.0,0.0,141.0,91.0,100.0,-0.03596324000000001,-0.03596324000000001,11.0,0.999,10.0,15.0,15.0,-23.0,-3.0,-3.0,-3.0,-3.0,0.0,0.0,0.0,0.0,58.0,22.0,23.0,9.200000000000001,357.0,357.0,2.0,2.0,620.0,4370.0,0.0,0.0,0.0,1.0,19483.0,9.5,0.0,0.0,-28.4375,1.25,1.0,29.875,-28.4375,750.0,0.0,390.0,200.0,0.0,0.0,254.0,20.0,0.0,8.0,0.0,1.0,0.0,0.0,8.0,0.0,5.0,1.0,4.0,0.0,29.0,4687.0,100.0,0.0,0.0,0.0,0.0,24.0,0.0,0.0,4.5,5000.0,4990.0,4990.0,1.0,1.0,0.0,21.0,1536.0,0.0,255.0,836.0,355.0,0.0,0.0,1245716.0,3.008,3.0,50.0
1788623943494,2026-09-05T19:59:03.494,0.0,4.0,0.0,1.0,747.0,14.0,77.0,2.73,2.73,2.73,2.73,1.0,1.0,776.0,1.0,0.0,747.0,91.5,100.0,-0.04335670999999999,-0.04335670999999999,11.0,0.999,11.0,14.0,14.0,-23.0,-2.0,-2.0,-2.0,-2.0,0.0,0.0,0.0,0.0,58.0,22.0,22.0,9.1,357.0,357.0,2.0,2.0,620.0,4370.0,0.0,0.0,0.0,1.0,19483.0,9.4,0.0,0.0,-28.3125,0.4375,0.4375,29.75,-28.3125,750.0,0.0,390.0,200.0,0.0,0.0,254.0,20.0,0.0,8.0,0.0,1.0,0.0,0.0,8.0,0.0,5.0,1.0,4.0,0.0,30.0,4687.0,100.0,0.0,0.0,0.0,0.0,24.0,0.0,0.0,4.5,5000.0,4990.0,4990.0,1.0,1.0,0.0,21.0,1672.0,0.0,255.0,836.0,355.0,0.0,0.0,1245716.0,3.008,3.0,50.0
1788623944213,2026-09-05T19:59:04.213,0.0,4.0,0.0,1.0,744.0,13.9,77.0,2.66,2.66,2.66,2.66,1.0,1.0,771.0,1.0,0.0,776.0,91.0,100.0,-0.05113930999999999,-0.05113930999999999,12.0,0.999,11.0,15.0,15.0,-22.0,-2.0,-2.0,-2.0,-2.0,0.0,0.0,0.0,0.0,58.0,22.0,22.0,9.1,357.0,357.0,2.0,2.0,620.0,4370.0,0.0,0.0,0.0,1.0,19483.0,9.4,1.0,0.0,-28.0625,1.25,1.625,29.6875,-28.0625,750.0,0.0,390.0,200.0,0.0,0.0,254.0,20.0,0.0,8.0,0.0,1.0,0.0,0.0,8.0,0.0,5.0,1.0,4.0,0.0,30.0,4687.0,100.0,0.0,0.0,0.0,0.0,24.0,0.0,0.0,4.5,5000.0,4990.0,4980.0,1.0,1.0,0.0,21.0,1144.0,0.0,255.0,836.0,355.0,0.0,0.0,1245716.0,3.008,3.0,50.0
1788623945013,2026-09-05T19:59:05.013,0.0,4.0,0.0,1.0,747.0,13.9,77.0,2.59,2.59,2.59,2.59,1.0,1.0,732.0,1.0,0.0,776.0,88.0,98.0,-0.06919189,-0.06919189,13.0,0.999,11.0,15.0,15.0,-21.0,-1.0,-1.0,-1.0,-1.0,0.0,0.0,0.0,0.0,58.0,22.0,22.0,9.0,378.0,357.0,2.0,2.0,620.0,4370.0,0.0,0.0,0.0,1.0,19483.0,9.600000000000001,0.0,0.0,-28.3125,3.4375,2.5625,29.9375,-28.3125,750.0,0.0,390.0,200.0,0.0,0.0,254.0,20.0,0.0,8.0,0.0,1.0,1.0,0.0,8.0,0.0,5.0,1.0,4.0,100.0,29.0,4687.0,100.0,0.0,0.0,0.0,0.0,24.0,0.0,0.0,4.5,5000.0,4990.0,4990.0,1.0,1.0,0.0,21.0,1496.0,0.0,255.0,836.0,385.0,0.0,0.0,1245716.0,3.008,3.0,50.0
1788623945861,2026-09-05T19:59:05.861,0.0,4.0,0.0,1.0,759.0,14.0,78.0,2.74,2.74,2.74,2.74,0.0,1.0,87.0,1.0,0.0,693.0,88.0,97.5,-0.03731375000000001,-0.03731375000000001,14.0,0.999,12.0,14.0,14.0,-24.0,-6.0,-6.0,-6.0,-6.0,0.0,0.0,0.0,0.0,58.0,23.0,23.0,9.5,378.0,357.0,3.0,3.0,620.0,4360.0,0.0,0.0,0.0,1.0,19483.0,10.0,1.0,0.0,-27.875,0.5625,0.1875,29.5,-27.875,750.0,0.0,390.0,200.0,0.0,0.0,254.0,20.0,0.0,8.0,0.0,0.0,1.0,0.0,8.0,0.0,5.0,1.0,4.0,100.0,30.0,4687.0,100.0,0.0,0.0,0.0,0.0,24.0,0.0,0.0,4.5,5000.0,4990.0,4990.0,1.0,1.0,0.0,21.0,1180.0,0.0,255.0,836.0,378.0,0.0,0.0,1245716.0,3.008,3.0,50.0
1788623946645,2026-09-05T19:59:06.645,0.0,4.0,0.0,1.0,739.0,13.9,78.0,7.09,7.09,7.09,7.09,1.0,1.0,732.0,1.0,0.0,629.0,89.5,99.5,-0.052001500000000006,-0.052001500000000006,14.0,0.999,39.0,11.0,4.0,-36.0,4.0,4.0,4.0,4.0,0.0,0.0,0.0,0.0,58.0,53.0,56.0,38.800000000000004,756.0,777.0,15.0,17.0,1250.0,3710.0,31.0,6.0,95.0,1.0,19483.0,34.6,1.0,0.0,9.9375,52.375,52.625,27.75,9.9375,750.0,0.0,890.0,420.0,14.9,13.600000000000001,254.0,20.0,0.0,8.0,0.0,0.0,1.0,0.0,8.0,0.0,5.0,2.0,4.0,100.0,30.0,4687.0,100.0,0.0,0.0,0.0,0.0,24.0,0.0,0.0,4.5,5000.0,4990.0,4990.0,1.0,1.0,0.0,21.0,3500.0,0.0,255.0,836.0,377.0,0.0,0.0,1245716.0,3.008,3.0,50.0
1788623947345,2026-09-05T19:59:07.345,0.0,4.0,0.0,1.0,1728.0,14.0,78.0,2.17,2.17,2.17,2.17,0.0,1.0,34.0,0.0,0.0,87.0,87.5,97.5,-0.042502150000000016,-0.042502150000000016,15.0,0.999,19.0,25.0,25.0,-30.0,-27.0,-27.0,-27.0,-27.0,0.0,0.0,0.0,0.0,58.0,13.0,18.0,12.9,231.0,273.0,3.0,3.0,630.0,4350.0,0.0,0.0,0.0,1.0,19483.0,10.200000000000001,0.0,0.0,-27.625,-22.9375,-25.625,29.25,-27.625,750.0,0.0,390.0,200.0,0.0,0.0,254.0,20.0,0.0,8.0,0.0,1.0,1.0,0.0,8.0,0.0,5.0,1.0,4.0,100.0,30.0,4687.0,100.0,0.0,0.0,0.0,0.0,24.0,0.0,0.0,4.5,5000.0,4990.0,4980.0,1.0,1.0,0.0,21.0,2575.0,0.0,255.0,836.0,350.0,0.0,0.0,1245716.0,3.008,3.0,50.0
1788623948138,2026-09-05T19:59:08.138,0.0,4.0,0.0,1.0,942.0,14.0,78.0,1.87,1.87,1.87,1.87,0.0,1.0,43.0,0.0,0.0,24.0,86.0,98.0,-0.02609002000000002,-0.02609002000000002,16.0,0.999,12.0,22.0,22.0,-5.0,4.0,4.0,4.0,4.0,0.0,0.0,0.0,0.0,57.0,22.0,18.0,8.9,357.0,294.0,3.0,3.0,630.0,4350.0,0.0,0.0,0.0,1.0,19483.0,10.3,1.0,0.0,-27.0,0.875,0.75,28.8125,-27.0,750.0,0.0,390.0,200.0,0.0,0.0,254.0,20.0,0.0,8.0,0.0,1.0,1.0,0.0,8.0,0.0,5.0,1.0,4.0,100.0,29.0,4687.0,100.0,0.0,0.0,0.0,0.0,24.0,0.0,0.0,4.5,5000.0,4990.0,4970.0,1.0,1.0,0.0,21.0,1306.0,0.0,255.0,836.0,325.0,0.0,0.0,1245716.0,3.008,3.0,50.0
1788623949185,2026-09-05T19:59:09.185,0.0,4.0,0.0,1.0,781.0,13.9,78.0,2.75,2.75,2.75,2.75,0.0,1.0,175.0,0.0,0.0,68.0,86.5,98.5,-0.016361769999999998,-0.016361769999999998,17.0,0.999,15.0,14.0,14.0,-23.0,-2.0,-2.0,-2.0,-2.0,0.0,0.0,0.0,0.0,58.0,24.0,23.0,9.700000000000001,399.0,357.0,3.0,3.0,630.0,4350.0,0.0,0.0,0.0,1.0,19483.0,10.5,0.0,0.0,-27.625,2.6875,2.4375,29.4375,-27.625,750.0,0.0,390.0,200.0,0.0,0.0,254.0,20.0,0.0,8.0,0.0,1.0,1.0,0.0,8.0,0.0,5.0,1.0,4.0,100.0,29.0,4687.0,100.0,0.0,0.0,0.0,0.0,25.0,0.0,0.0,4.5,5000.0,4990.0,4980.0,1.0,1.0,0.0,21.0,1654.0,0.0,255.0,836.0,329.0,0.0,0.0,1245716.0,3.008,3.0,50.0
1788623949960,2026-09-05T19:59:09.960,0.0,4.0,0.0,1.0,747.0,13.9,78.0,2.95,2.95,2.95,2.95,1.0,1.0,761.0,1.0,0.0,742.0,88.5,100.0,-0.03814542000000001,-0.03814542000000001,18.0,0.999,16.0,13.0,13.0,-30.0,-8.0,-8.0,-8.0,-8.0,0.0,0.0,0.0,0.0,57.0,25.0,25.0,9.9,399.0,378.0,3.0,3.0,630.0,4360.0,0.0,0.0,0.0,1.0,19483.0,10.4,1.0,0.0,-27.5,3.125,3.5,29.3125,-27.5,750.0,0.0,390.0,200.0,0.0,0.0,254.0,20.0,0.0,8.0,0.0,1.0,1.0,0.0,8.0,0.0,5.0,1.0,4.0,100.0,28.0,4687.0,100.0,0.0,0.0,0.0,0.0,25.0,0.0,0.0,4.5,5000.0,4990.0,4980.0,1.0,1.0,0.0,21.0,1618.0,0.0,255.0,836.0,332.0,0.0,0.0,1245716.0,3.008,3.0,50.0
1788623950685,2026-09-05T19:59:10.685,0.0,4.0,0.0,1.0,744.0,14.0,78.0,2.95,2.95,2.95,2.95,0.0,1.0,195.0,1.0,0.0,703.0,88.0,100.0,-0.027738100000000016,-0.027738100000000016,18.0,0.999,16.0,13.0,13.0,-31.0,-5.0,-5.0,-5.0,-5.0,0.0,0.0,0.0,0.0,58.0,25.0,25.0,10.200000000000001,399.0,399.0,3.0,3.0,630.0,4350.0,0.0,0.0,0.0,1.0,19483.0,10.600000000000001,0.0,0.0,-28.0,1.75,2.5625,29.8125,-28.0,750.0,0.0,390.0,200.0,0.0,0.0,254.0,20.0,0.0,8.0,0.0,1.0,1.0,0.0,8.0,0.0,5.0,1.0,4.0,100.0,30.0,4687.0,100.0,0.0,0.0,0.0,0.0,25.0,0.0,0.0,4.5,5000.0,4990.0,4980.0,1.0,1.0,0.0,21.0,1992.0,0.0,255.0,836.0,334.0,0.0,0.0,1245716.0,3.008,3.0,50.0
1788623951399,2026-09-05T19:59:11.399,0.0,4.0,0.0,1.0,754.0,14.0,78.0,2.87,2.87,2.87,2.87,1.0,1.0,634.0,0.0,0.0,92.0,87.5,99.5,-0.03814542000000001,-0.03814542000000001,19.0,0.999,16.0,13.0,13.0,-31.0,-6.0,-6.0,-6.0,-6.0,0.0,0.0,0.0,0.0,57.0,25.0,25.0,10.100000000000001,399.0,399.0,3.0,3.0,630.0,4350.0,0.0,0.0,0.0,1.0,19483.0,10.4,0.0,0.0,-28.0625,4.375,3.875,29.875,-28.0625,750.0,0.0,390.0,190.0,0.0,0.0,254.0,20.0,0.0,8.0,0.0,1.0,1.0,0.0,8.0,0.0,5.0,1.0,4.0,100.0,28.0,4687.0,100.0,0.0,0.0,0.0,0.0,25.0,0.0,0.0,4.5,5000.0,4990.0,4970.0,1.0,1.0,0.0,21.0,1687.0,0.0,255.0,836.0,337.0,0.0,0.0,1245716.0,3.008,3.0,50.0
1788623952251,2026-09-05T19:59:12.251,0.0,4.0,0.0,1.0,751.0,14.0,78.0,2.92,2.92,2.92,2.92,0.0,1.0,78.0,0.0,0.0,278.0,87.0,99.0,-0.02306854,-0.02306854,20.0,0.999,17.0,13.0,13.0,-31.0,-6.0,-6.0,-6.0,-6.0,0.0,0.0,0.0,0.0,58.0,25.0,25.0,10.100000000000001,399.0,399.0,3.0,3.0,630.0,4350.0,0.0,0.0,0.0,1.0,19483.0,10.4,1.0,0.0,-27.875,3.4375,3.125,29.6875,-27.875,750.0,0.0,390.0,200.0,0.0,0.0,254.0,20.0,0.0,8.0,0.0,1.0,0.0,0.0,8.0,0.0,5.0,1.0,4.0,0.0,29.0,4687.0,100.0,0.0,0.0,0.0,0.0,25.0,0.0,0.0,4.5,5000.0,4990.0,4970.0,1.0,1.0,0.0,21.0,1985.0,0.0,255.0,836.0,338.0,0.0,0.0,1245716.0,3.008,3.0,50.0
1788623952965,2026-09-05T19:59:12.965,0.0,4.0,0.0,1.0,753.0,13.9,78.0,2.91,2.91,2.91,2.91,0.0,1.0,102.0,0.0,0.0,78.0,86.0,98.0,-0.01489681000000001,-0.01489681000000001,21.0,0.999,17.0,13.0,13.0,-31.0,-6.0,-6.0,-6.0,-6.0,0.0,0.0,0.0,0.0,57.0,23.0,25.0,9.8,378.0,378.0,2.0,2.0,620.0,4370.0,0.0,0.0,0.0,1.0,19483.0,9.700000000000001,0.0,0.0,-28.1875,3.4375,1.6875,30.0,-28.1875,750.0,0.0,390.0,200.0,0.0,0.0,254.0,20.0,0.0,8.0,0.0,1.0,0.0,0.0,8.0,0.0,5.0,1.0,4.0,0.0,30.0,4687.0,100.0,0.0,0.0,0.0,0.0,25.0,0.0,0.0,4.5,5000.0,4990.0,4980.0,1.0,1.0,0.0,21.0,1416.0,0.0,255.0,836.0,338.0,0.0,0.0,1245716.0,3.008,3.0,50.0
1788623953786,2026-09-05T19:59:13.786,0.0,4.0,0.0,1.0,759.0,14.100000000000001,78.0,2.68,2.68,2.68,2.68,0.0,1.0,400.0,0.0,0.0,102.0,86.0,97.5,-0.007892470000000013,-0.007892470000000013,21.0,0.999,17.0,14.0,14.0,-25.0,-3.0,-3.0,-3.0,-3.0,0.0,0.0,0.0,0.0,57.0,22.0,23.0,9.3,357.0,378.0,2.0,2.0,620.0,4370.0,0.0,0.0,0.0,1.0,19483.0,9.3,1.0,0.0,-28.0625,3.0,2.3125,29.875,-28.0625,750.0,0.0,390.0,200.0,0.0,0.0,254.0,20.0,0.0,8.0,0.0,1.0,0.0,0.0,8.0,0.0,5.0,1.0,4.0,0.0,30.0,4687.0,100.0,0.0,0.0,0.0,0.0,25.0,0.0,0.0,4.5,5000.0,4990.0,4970.0,1.0,1.0,0.0,21.0,1875.0,0.0,255.0,836.0,338.0,0.0,0.0,1245716.0,3.008,3.0,50.0
1788623954506,2026-09-05T19:59:14.506,0.0,4.0,0.0,1.0,747.0,14.100000000000001,78.0,2.54,2.54,2.54,2.54,0.0,1.0,400.0,1.0,0.0,727.0,86.0,98.0,-0.03191934000000002,-0.03191934000000002,22.0,0.999,17.0,14.0,14.0,-24.0,-3.0,-3.0,-3.0,-3.0,0.0,0.0,0.0,0.0,57.0,23.0,23.0,9.200000000000001,378.0,357.0,2.0,2.0,620.0,4370.0,0.0,0.0,0.0,1.0,19483.0,9.700000000000001,1.0,0.0,-28.4375,2.5,1.0,30.25,-28.4375,750.0,0.0,390.0,200.0,0.0,0.0,254.0,20.0,0.0,8.0,0.0,1.0,0.0,0.0,8.0,0.0,5.0,1.0,4.0,0.0,29.0,4687.0,100.0,0.0,0.0,0.0,0.0,25.0,0.0,0.0,4.5,5000.0,4990.0,4980.0,1.0,1.0,0.0,21.0,1325.0,0.0,255.0,836.0,338.0,0.0,0.0,1245716.0,3.008,3.0,50.0
1788623955235,2026-09-05T19:59:15.235,0.0,4.0,0.0,1.0,755.0,14.0,78.0,2.58,2.58,2.58,2.58,0.0,1.0,107.0,0.0,0.0,87.0,86.5,98.5,-0.0082816,-0.0082816,23.0,0.999,17.0,14.0,14.0,-23.0,-3.0,-3.0,-3.0,-3.0,0.0,0.0,0.0,0.0,57.0,22.0,23.0,9.200000000000001,357.0,357.0,2.0,2.0,620.0,4370.0,0.0,0.0,0.0,1.0,19483.0,9.1,0.0,0.0,-27.3125,2.4375,3.1875,29.3125,-27.3125,750.0,0.0,390.0,200.0,0.0,0.0,254.0,20.0,0.0,8.0,0.0,1.0,0.0,0.0,8.0,0.0,5.0,1.0,4.0,0.0,29.0,4687.0,100.0,0.0,0.0,0.0,0.0,25.0,0.0,0.0,4.5,5000.0,4990.0,4990.0,1.0,1.0,0.0,21.0,1786.0,0.0,255.0,836.0,339.0,0.0,0.0,1245716.0,3.008,3.0,50.0
1788623956064,2026-09-05T19:59:16.064,0.0,4.0,0.0,1.0,747.0,14.0,78.0,2.56,2.56,2.56,2.56,0.0,1.0,112.0,0.0,0.0,131.0,87.0,98.5,-0.0012772600000000023,-0.0012772600000000023,24.0,0.999,18.0,15.0,15.0,-23.0,-3.0,-3.0,-3.0,-3.0,0.0,0.0,0.0,0.0,58.0,22.0,22.0,9.1,357.0,357.0,2.0,2.0,620.0,4370.0,0.0,0.0,0.0,1.0,19483.0,9.3,1.0,0.0,-27.3125,3.3125,3.0625,29.3125,-27.3125,750.0,0.0,390.0,200.0,0.0,0.0,254.0,20.0,0.0,8.0,0.0,1.0,0.0,0.0,8.0,0.0,5.0,1.0,4.0,0.0,29.0,4687.0,100.0,0.0,0.0,0.0,0.0,25.0,0.0,0.0,4.5,5000.0,4990.0,4990.0,1.0,1.0,0.0,21.0,1462.0,0.0,255.0,836.0,339.0,0.0,0.0,1245716.0,3.008,3.0,50.0
1788623957153,2026-09-05T19:59:17.153,0.0,4.0,0.0,1.0,757.0,14.0,78.0,2.59,2.59,2.59,2.59,0.0,1.0,92.0,0.0,0.0,87.0,85.5,98.0,0.021872159999999974,0.021872159999999974,25.0,0.999,19.0,14.0,14.0,-23.0,-5.0,-5.0,-5.0,-5.0,0.0,0.0,0.0,0.0,57.0,22.0,23.0,9.1,357.0,357.0,2.0,2.0,620.0,4370.0,0.0,0.0,0.0,1.0,19483.0,9.200000000000001,0.0,0.0,-27.3125,3.25,2.8125,29.3125,-27.3125,750.0,0.0,390.0,200.0,0.0,0.0,254.0,20.0,0.0,8.0,0.0,1.0,0.0,0.0,8.0,0.0,5.0,1.0,4.0,0.0,29.0,4687.0,100.0,0.0,0.0,0.0,0.0,25.0,0.0,0.0,4.5,5000.0,4990.0,4990.0,1.0,1.0,0.0,21.0,1360.0,0.0,255.0,836.0,339.0,0.0,0.0,1245716.0,3.008,3.0,50.0
1788623957953,2026-09-05T19:59:17.953,0.0,4.0,0.0,1.0,752.0,14.0,79.0,2.65,2.65,2.65,2.65,0.0,1.0,415.0,0.0,0.0,97.0,88.0,100.0,0.06258584,0.06258584,26.0,0.999,19.0,15.0,15.0,-23.0,-2.0,-2.0,-2.0,-2.0,0.0,0.0,0.0,0.0,57.0,22.0,22.0,8.8,357.0,357.0,2.0,2.0,610.0,4380.0,0.0,0.0,0.0,1.0,19483.0,9.3,1.0,0.0,-27.9375,1.4375,1.375,29.9375,-27.9375,750.0,0.0,390.0,200.0,0.0,0.0,254.0,20.0,0.0,8.0,0.0,1.0,0.0,0.0,8.0,0.0,5.0,1.0,4.0,0.0,29.0,4687.0,100.0,0.0,0.0,0.0,0.0,25.0,0.0,0.0,4.5,5000.0,4990.0,4990.0,1.0,1.0,0.0,21.0,1696.0,0.0,255.0,836.0,339.0,0.0,0.0,1245716.0,3.008,3.0,50.0
1788623958727,2026-09-05T19:59:18.727,0.0,4.0,0.0,1.0,748.0,13.9,78.0,2.5300000000000002,2.5300000000000002,2.5300000000000002,2.5300000000000002,0.0,1.0,102.0,1.0,0.0,693.0,88.0,100.0,0.02514542999999997,0.02514542999999997,26.0,0.999,19.0,14.0,14.0,-23.0,1.0,1.0,1.0,1.0,0.0,0.0,0.0,0.0,57.0,23.0,22.0,9.200000000000001,378.0,357.0,2.0,2.0,620.0,4370.0,0.0,0.0,0.0,1.0,19483.0,9.600000000000001,0.0,0.0,-28.125,0.625,0.9375,30.125,-28.125,750.0,0.0,390.0,200.0,0.0,0.0,254.0,20.0,0.0,8.0,0.0,1.0,0.0,0.0,8.0,0.0,5.0,1.0,4.0,0.0,29.0,4687.0,100.0,0.0,0.0,0.0,0.0,25.0,0.0,0.0,4.5,5000.0,4990.0,4980.0,1.0,1.0,0.0,21.0,1613.0,0.0,255.0,836.0,339.0,0.0,0.0,1245716.0,3.008,3.0,50.0
1788623959545,2026-09-05T19:59:19.545,0.0,4.0,0.0,1.0,747.0,14.0,79.0,2.54,2.54,2.54,2.54,0.0,1.0,73.0,0.0,0.0,63.0,87.5,100.0,0.03253889999999998,0.03253889999999998,27.0,0.999,19.0,14.0,14.0,-23.0,-1.0,-1.0,-1.0,-1.0,0.0,0.0,0.0,0.0,57.0,22.0,23.0,9.3,378.0,378.0,2.0,2.0,620.0,4360.0,0.0,0.0,0.0,1.0,19483.0,9.5,0.0,0.0,-27.875,1.8125,2.25,29.875,-27.875,750.0,0.0,390.0,200.0,0.0,0.0,254.0,20.0,0.0,8.0,0.0,1.0,0.0,0.0,8.0,0.0,5.0,1.0,4.0,0.0,30.0,4687.0,100.0,0.0,0.0,0.0,0.0,25.0,0.0,0.0,4.5,5000.0,4990.0,4980.0,1.0,1.0,0.0,21.0,1628.0,0.0,255.0,836.0,339.0,0.0,0.0,1245716.0,3.008,3.0,50.0
1788623960345,2026-09-05T19:59:20.345,0.0,4.0,0.0,1.0,753.0,13.9,79.0,2.54,2.54,2.54,2.54,0.0,1.0,68.0,0.0,0.0,58.0,88.0,100.0,0.04032150000000001,0.04032150000000001,26.0,0.999,20.0,14.0,14.0,-24.0,-2.0,-2.0,-2.0,-2.0,0.0,0.0,0.0,0.0,57.0,23.0,23.0,9.3,378.0,357.0,2.0,2.0,620.0,4370.0,0.0,0.0,0.0,1.0,19483.0,9.5,1.0,0.0,-28.0,0.8125,1.875,30.0,-28.0,750.0,0.0,390.0,200.0,0.0,0.0,254.0,20.0,0.0,8.0,0.0,1.0,0.0,0.0,8.0,0.0,5.0,1.0,4.0,0.0,30.0,4687.0,100.0,0.0,0.0,0.0,0.0,25.0,0.0,0.0,4.5,5000.0,4990.0,4980.0,1.0,1.0,0.0,21.0,1646.0,0.0,255.0,836.0,339.0,0.0,0.0,1245716.0,3.008,3.0,50.0
1788623961219,2026-09-05T19:59:21.219,0.0,4.0,0.0,1.0,754.0,14.0,79.0,2.59,2.59,2.59,2.59,0.0,1.0,68.0,0.0,0.0,58.0,88.0,100.0,0.06644662000000001,0.06644662000000001,25.0,0.999,20.0,15.0,15.0,-23.0,-1.0,-1.0,-1.0,-1.0,0.0,0.0,0.0,0.0,57.0,22.0,22.0,9.200000000000001,357.0,357.0,2.0,2.0,620.0,4370.0,0.0,0.0,0.0,1.0,19483.0,9.200000000000001,0.0,0.0,-28.0625,1.3125,0.875,30.0625,-28.0625,750.0,0.0,390.0,200.0,0.0,0.0,254.0,20.0,0.0,8.0,0.0,1.0,0.0,0.0,8.0,0.0,5.0,1.0,4.0,0.0,30.0,4687.0,100.0,0.0,0.0,0.0,0.0,25.0,0.0,0.0,4.5,5000.0,4990.0,4980.0,1.0,1.0,0.0,21.0,1249.0,0.0,255.0,836.0,339.0,0.0,0.0,1245716.0,3.008,3.0,50.0
1788623961981,2026-09-05T19:59:21.981,0.0,4.0,0.0,1.0,752.0,13.8,79.0,2.67,2.67,2.67,2.67,0.0,1.0,92.0,0.0,0.0,63.0,89.0,100.0,0.10539013999999997,0.10539013999999997,24.0,0.999,20.0,15.0,15.0,-21.0,1.0,1.0,1.0,1.0,0.0,0.0,0.0,0.0,57.0,22.0,22.0,9.0,357.0,357.0,2.0,2.0,620.0,4370.0,0.0,0.0,0.0,1.0,19483.0,9.3,1.0,0.0,-28.125,0.1875,0.0,30.375,-28.125,750.0,0.0,390.0,200.0,0.0,0.0,254.0,20.0,0.0,8.0,0.0,1.0,0.0,0.0,8.0,0.0,5.0,1.0,4.0,0.0,30.0,4687.0,100.0,0.0,0.0,0.0,0.0,25.0,0.0,0.0,4.5,5000.0,4990.0,4980.0,1.0,1.0,0.0,21.0,1478.0,0.0,255.0,836.0,339.0,0.0,0.0,1245716.0,3.008,3.0,50.0
1788623962768,2026-09-05T19:59:22.768,0.0,4.0,0.0,1.0,758.0,14.0,79.0,2.5100000000000002,2.5100000000000002,2.5100000000000002,2.5100000000000002,1.0,1.0,771.0,1.0,0.0,664.0,87.0,99.5,0.06526397,0.06526397,24.0,0.999,21.0,15.0,15.0,-20.0,-3.0,-3.0,-3.0,-3.0,0.0,0.0,0.0,0.0,57.0,22.0,22.0,8.8,357.0,357.0,2.0,2.0,620.0,4370.0,0.0,0.0,0.0,1.0,19483.0,9.200000000000001,0.0,0.0,-28.1875,0.125,1.5,30.4375,-28.1875,750.0,0.0,390.0,200.0,0.0,0.0,254.0,20.0,0.0,8.0,0.0,1.0,0.0,0.0,8.0,0.0,5.0,1.0,4.0,0.0,30.0,4687.0,100.0,0.0,0.0,0.0,0.0,25.0,0.0,0.0,4.5,5000.0,4990.0,4980.0,1.0,1.0,0.0,21.0,1657.0,0.0,255.0,836.0,339.0,0.0,0.0,1245716.0,3.008,3.0,50.0
1788623963560,2026-09-05T19:59:23.560,0.0,4.0,0.0,1.0,754.0,13.9,79.0,2.48,2.48,2.48,2.48,1.0,1.0,493.0,1.0,0.0,712.0,87.5,100.0,0.057092240000000016,0.057092240000000016,23.0,0.999,21.0,15.0,15.0,-20.0,-1.0,-1.0,-1.0,-1.0,0.0,0.0,0.0,0.0,57.0,22.0,22.0,8.9,357.0,357.0,2.0,2.0,620.0,4370.0,0.0,0.0,0.0,1.0,19483.0,9.200000000000001,0.0,0.0,-28.125,1.25,0.1875,30.3125,-28.125,750.0,0.0,390.0,200.0,0.0,0.0,254.0,20.0,0.0,8.0,0.0,1.0,0.0,0.0,8.0,0.0,5.0,1.0,4.0,0.0,30.0,4687.0,100.0,0.0,0.0,0.0,0.0,25.0,0.0,0.0,4.5,5000.0,4990.0,4980.0,1.0,1.0,0.0,21.0,1806.0,0.0,255.0,836.0,339.0,0.0,0.0,1245716.0,3.008,3.0,50.0
1788623964327,2026-09-05T19:59:24.327,0.0,4.0,0.0,1.0,748.0,13.9,79.0,2.54,2.54,2.54,2.54,0.0,1.0,205.0,0.0,0.0,126.0,88.0,100.0,0.08034084999999996,0.08034084999999996,22.0,0.999,21.0,15.0,15.0,-20.0,-1.0,-1.0,-1.0,-1.0,0.0,0.0,0.0,0.0,57.0,22.0,22.0,8.9,357.0,357.0,2.0,2.0,610.0,4370.0,0.0,0.0,0.0,1.0,19483.0,9.200000000000001,1.0,0.0,-28.1875,0.6875,0.6875,30.375,-28.1875,750.0,0.0,390.0,200.0,0.0,0.0,254.0,20.0,0.0,8.0,0.0,1.0,0.0,0.0,8.0,0.0,5.0,1.0,4.0,0.0,30.0,4687.0,100.0,0.0,0.0,0.0,0.0,25.0,0.0,0.0,4.5,5000.0,4990.0,4980.0,1.0,1.0,0.0,21.0,1750.0,0.0,255.0,836.0,339.0,0.0,0.0,1245716.0,3.008,3.0,50.0
1788623965304,2026-09-05T19:59:25.304,0.0,4.0,0.0,1.0,745.0,14.0,79.0,2.5,2.5,2.5,2.5,1.0,1.0,708.0,1.0,0.0,698.0,87.0,99.5,0.06020527999999997,0.06020527999999997,21.0,0.999,21.0,15.0,15.0,-20.0,0.0,0.0,0.0,0.0,0.0,0.0,0.0,0.0,57.0,22.0,22.0,9.1,357.0,357.0,2.0,2.0,610.0,4370.0,0.0,0.0,0.0,1.0,19483.0,9.1,0.0,0.0,47.1875,18.0,15.8125,29.5,47.1875,750.0,0.0,600.0,280.0,5.6000000000000005,4.5,254.0,20.0,0.0,8.0,0.0,0.0,1.0,0.0,8.0,0.0,5.0,2.0,4.0,100.0,30.0,4687.0,100.0,0.0,0.0,0.0,0.0,25.0,0.0,0.0,4.5,5000.0,4990.0,4990.0,1.0,1.0,0.0,21.0,1748.0,0.0,255.0,836.0,369.0,0.0,0.0,1245716.0,3.008,3.0,50.0
1788623966134,2026-09-05T19:59:26.134,0.0,4.0,0.0,1.0,1924.0,14.100000000000001,80.0,4.1,4.1,4.1,4.1,1.0,1.0,815.0,1.0,0.0,805.0,86.5,99.0,0.04081744999999998,0.04081744999999998,21.0,0.999,75.0,25.0,25.0,-36.0,10.0,10.0,10.0,10.0,0.0,0.0,0.0,0.0,58.0,26.0,28.0,34.2,378.0,399.0,9.0,9.0,870.0,4100.0,0.0,0.0,0.0,1.0,19483.0,32.0,1.0,0.0,13.25,15.0,14.4375,27.1875,13.25,750.0,0.0,1180.0,570.0,23.3,22.0,254.0,20.0,0.0,8.0,0.0,0.0,1.0,0.0,8.0,0.0,5.0,2.0,4.0,100.0,31.0,4687.0,100.0,0.0,0.0,0.0,0.0,25.0,0.0,0.0,4.5,5000.0,4990.0,4980.0,1.0,1.0,0.0,21.0,5000.0,0.0,255.0,836.0,368.0,0.0,0.0,1245716.0,3.008,3.0,50.0
1788623966921,2026-09-05T19:59:26.921,0.0,4.0,0.0,1.0,2142.0,14.100000000000001,80.0,3.5300000000000002,3.5300000000000002,3.5300000000000002,3.5300000000000002,0.0,1.0,58.0,0.0,0.0,48.0,83.5,97.5,0.12329774999999998,0.12329774999999998,20.0,0.999,85.0,25.0,25.0,-30.0,8.0,8.0,8.0,8.0,0.0,0.0,0.0,0.0,57.0,38.0,30.0,37.2,546.0,441.0,12.0,11.0,990.0,3980.0,0.0,0.0,0.0,1.0,19483.0,44.0,0.0,0.0,50.4375,47.6875,47.6875,23.3125,50.4375,750.0,1.0,1480.0,710.0,32.5,30.8,254.0,20.0,0.0,8.0,0.0,0.0,1.0,0.0,8.0,0.0,5.0,2.0,4.0,100.0,31.0,4687.0,100.0,0.0,0.0,0.0,0.0,25.0,0.0,0.0,4.5,5000.0,4990.0,4980.0,1.0,1.0,0.0,21.0,2205.0,0.0,255.0,836.0,368.0,0.0,0.0,1245716.0,3.008,3.0,50.0
1788623967785,2026-09-05T19:59:27.785,0.0,4.0,0.0,1.0,2377.0,14.0,80.0,4.72,4.72,4.72,4.72,1.0,1.0,800.0,1.0,0.0,771.0,80.0,97.5,0.1262353,0.1262353,19.0,0.999,75.0,24.0,24.0,-33.0,6.0,6.0,6.0,6.0,0.0,0.0,0.0,0.0,57.0,28.0,30.0,31.200000000000003,420.0,441.0,8.0,8.0,840.0,4130.0,0.0,0.0,0.0,1.0,19483.0,30.1,1.0,0.0,49.5625,37.625,37.625,22.625,49.5625,750.0,4.0,1170.0,560.0,23.0,21.700000000000003,254.0,20.0,0.0,8.0,0.0,0.0,1.0,0.0,8.0,0.0,5.0,2.0,4.0,100.0,31.0,4687.0,100.0,0.0,0.0,0.0,0.0,25.0,0.0,0.0,4.5,5000.0,4990.0,4990.0,1.0,1.0,0.0,21.0,2249.0,0.0,255.0,836.0,367.0,0.0,0.0,1245716.0,3.008,3.0,50.0
1788623968494,2026-09-05T19:59:28.494,0.0,4.0,0.0,1.0,1822.0,14.100000000000001,80.0,5.67,5.67,5.67,5.67,1.0,1.0,815.0,1.0,0.0,786.0,77.0,98.5,0.09275486,0.09275486,18.0,0.999,71.0,21.0,21.0,-35.0,21.0,21.0,21.0,21.0,0.0,0.0,0.0,0.0,56.0,38.0,39.0,38.0,546.0,546.0,11.0,10.0,950.0,4010.0,0.0,0.0,0.0,1.0,19483.0,37.9,1.0,0.0,44.125,43.8125,43.75,25.25,44.125,750.0,9.0,1180.0,570.0,23.3,22.0,254.0,20.0,0.0,8.0,0.0,0.0,1.0,0.0,8.0,0.0,5.0,2.0,4.0,100.0,31.0,4687.0,100.0,0.0,0.0,0.0,0.0,25.0,0.0,0.0,4.5,5000.0,4990.0,4980.0,1.0,1.0,0.0,21.0,4001.0,0.0,255.0,836.0,367.0,0.0,0.0,1245716.0,3.008,3.0,50.0
1788623969206,2026-09-05T19:59:29.206,0.0,4.0,0.0,1.0,1783.0,14.100000000000001,80.0,5.54,5.54,5.54,5.54,1.0,1.0,776.0,1.0,0.0,722.0,76.0,98.0,0.08512485999999997,0.08512485999999997,18.0,0.999,82.0,19.0,19.0,-36.0,10.0,10.0,10.0,10.0,0.0,0.0,0.0,0.0,56.0,43.0,45.0,43.5,567.0,588.0,12.0,11.0,1000.0,3970.0,8.0,10.0,42.0,1.0,19483.0,42.2,0.0,0.0,47.8125,50.9375,51.0,26.0625,47.8125,750.0,13.0,1210.0,580.0,24.400000000000002,22.900000000000002,254.0,20.0,0.0,8.0,0.0,0.0,1.0,0.0,8.0,0.0,5.0,2.0,4.0,100.0,32.0,4687.0,100.0,0.0,0.0,0.0,0.0,25.0,0.0,0.0,4.5,5000.0,4990.0,4990.0,1.0,1.0,0.0,21.0,5000.0,0.0,255.0,836.0,367.0,0.0,0.0,1245716.0,3.008,3.0,50.0
1788623970054,2026-09-05T19:59:30.054,0.0,4.0,0.0,1.0,1969.0,14.0,80.0,5.68,5.68,5.68,5.68,0.0,1.0,122.0,0.0,0.0,102.0,74.5,98.0,0.12077984999999997,0.12077984999999997,17.0,0.999,96.0,22.0,22.0,-36.0,22.0,22.0,22.0,22.0,0.0,0.0,0.0,0.0,56.0,43.0,44.0,52.300000000000004,567.0,588.0,13.0,13.0,1070.0,3900.0,7.0,6.0,55.0,1.0,19483.0,50.5,1.0,0.0,47.125,51.75,51.75,26.5,47.125,750.0,16.0,1310.0,630.0,27.1,25.5,254.0,20.0,0.0,8.0,0.0,0.0,0.0,0.0,8.0,0.0,5.0,2.0,4.0,0.0,33.0,4687.0,100.0,0.0,0.0,0.0,0.0,25.0,0.0,0.0,4.5,5000.0,4990.0,4980.0,1.0,1.0,0.0,21.0,5000.0,0.0,255.0,836.0,367.0,0.0,0.0,1245716.0,3.008,3.0,50.0
1788623970833,2026-09-05T19:59:30.833,0.0,4.0,0.0,1.0,2542.0,14.0,80.0,6.97,6.97,6.97,6.97,0.0,1.0,151.0,0.0,0.0,102.0,0.0,0.0,0.11339400999999999,0.11339400999999999,16.0,0.999,99.0,21.0,21.0,-35.0,18.0,18.0,18.0,18.0,0.0,0.0,0.0,0.0,56.0,61.0,61.0,92.9,714.0,714.0,25.0,25.0,1560.0,3410.0,37.0,39.0,44.0,1.0,19483.0,90.5,0.0,0.0,90.4375,88.3125,88.0625,25.3125,90.4375,750.0,20.0,1820.0,880.0,42.400000000000006,40.7,254.0,20.0,0.0,8.0,0.0,0.0,0.0,0.0,8.0,0.0,5.0,2.0,4.0,0.0,38.0,4687.0,100.0,0.0,0.0,0.0,0.0,25.0,0.0,0.0,4.5,5000.0,4990.0,4980.0,1.0,1.0,0.0,21.0,5000.0,0.0,255.0,836.0,367.0,0.0,0.0,1245716.0,3.008,3.0,50.0
1788623971610,2026-09-05T19:59:31.610,0.0,4.0,0.0,1.0,3319.0,14.100000000000001,80.0,10.07,10.07,10.07,10.07,1.0,1.0,727.0,1.0,0.0,688.0,71.5,99.0,0.02601524999999999,0.02601524999999999,16.0,0.999,99.0,23.0,23.0,-5.0,23.0,23.0,23.0,23.0,0.0,0.0,0.0,0.0,55.0,77.0,76.0,154.5,819.0,798.0,49.0,49.0,2540.0,2420.0,33.0,35.0,46.0,1.0,19483.0,157.4,1.0,0.0,125.1875,110.75,110.625,26.0625,125.1875,750.0,27.0,2080.0,1010.0,50.400000000000006,48.6,254.0,20.0,0.0,8.0,0.0,0.0,0.0,0.0,8.0,0.0,5.0,2.0,4.0,0.0,39.0,4687.0,100.0,0.0,0.0,0.0,0.0,25.0,0.0,0.0,4.5,5000.0,4990.0,4990.0,1.0,1.0,0.0,21.0,5000.0,0.0,255.0,836.0,366.0,0.0,0.0,1245716.0,3.008,3.0,50.0
1788623972391,2026-09-05T19:59:32.391,0.0,4.0,0.0,1.0,4389.0,14.4,80.0,11.1,11.1,11.1,11.1,1.0,1.0,610.0,1.0,0.0,654.0,68.5,97.5,-0.00703028,-0.00703028,15.0,1.112,99.0,27.0,21.0,1.0,21.0,21.0,21.0,21.0,0.0,0.0,0.0,0.0,55.0,68.0,78.0,187.10000000000002,693.0,777.0,35.0,39.0,2140.0,2830.0,29.0,31.0,47.0,1.0,19483.0,174.10000000000002,1.0,0.0,48.0,57.25,56.75,29.8125,48.0,750.0,34.0,1200.0,580.0,25.3,24.1,254.0,20.0,0.0,8.0,0.0,0.0,1.0,0.0,8.0,0.0,5.0,2.0,4.0,100.0,37.0,4687.0,100.0,0.0,0.0,0.0,0.0,25.0,0.0,0.0,4.5,5000.0,4990.0,4970.0,1.0,1.0,0.0,21.0,5000.0,0.0,255.0,836.0,355.0,0.0,0.0,1245716.0,3.008,3.0,50.0
1788623973383,2026-09-05T19:59:33.383,0.0,4.0,0.0,1.0,4027.0,14.200000000000001,81.0,0.0,0.0,0.0,0.0,0.0,0.0,0.0,0.0,0.0,29.0,30.0,97.5,1.9839999999993196E-5,1.9839999999993196E-5,15.0,0.999,0.0,32.0,32.0,-27.0,-22.0,-22.0,-22.0,-22.0,0.0,0.0,0.0,0.0,54.0,14.0,18.0,34.300000000000004,210.0,252.0,8.0,8.0,850.0,4120.0,0.0,0.0,0.0,1.0,19483.0,29.3,0.0,0.0,6.0,4.6875,2.0,23.125,6.0,750.0,35.0,1380.0,660.0,28.5,27.0,254.0,20.0,0.0,8.0,0.0,0.0,1.0,0.0,8.0,0.0,5.0,2.0,4.0,100.0,35.0,4687.0,100.0,0.0,0.0,0.0,0.0,26.0,0.0,0.0,4.5,5000.0,4990.0,4980.0,1.0,1.0,0.0,21.0,3026.0,0.0,255.0,836.0,298.0,0.0,0.0,1245716.0,3.008,3.0,50.0
1788623974254,2026-09-05T19:59:34.254,0.0,4.0,0.0,1.0,3498.0,14.100000000000001,81.0,10.44,10.44,10.44,10.44,1.0,1.0,795.0,1.0,0.0,717.0,5.0,97.5,-0.02539569,-0.02539569,15.0,0.999,12.0,22.0,22.0,-24.0,19.0,19.0,19.0,19.0,0.0,0.0,0.0,0.0,54.0,75.0,73.0,134.0,819.0,798.0,44.0,44.0,2350.0,2620.0,35.0,37.0,44.0,1.0,19483.0,138.9,1.0,0.0,143.1875,121.5,111.75,20.1875,143.1875,750.0,41.0,2180.0,1060.0,53.2,51.5,254.0,20.0,0.0,8.0,0.0,0.0,0.0,0.0,8.0,0.0,5.0,2.0,4.0,0.0,34.0,4687.0,100.0,0.0,0.0,0.0,0.0,26.0,0.0,0.0,4.5,5000.0,4990.0,4970.0,1.0,1.0,0.0,21.0,5000.0,0.0,255.0,836.0,304.0,0.0,0.0,1245716.0,3.008,3.0,50.0
1788623975140,2026-09-05T19:59:35.140,0.0,4.0,0.0,1.0,3291.0,14.200000000000001,81.0,10.950000000000001,10.950000000000001,10.950000000000001,10.950000000000001,0.0,1.0,332.0,0.0,0.0,283.0,3.5,97.0,0.012525410000000015,0.012525410000000015,15.0,0.999,58.0,21.0,21.0,-25.0,11.0,11.0,11.0,11.0,0.0,0.0,0.0,0.0,53.0,77.0,78.0,144.4,819.0,819.0,54.0,54.0,2750.0,2220.0,35.0,36.0,46.0,1.0,19483.0,142.5,0.0,0.0,144.375,118.75,118.4375,21.875,144.375,750.0,45.0,2210.0,1070.0,54.400000000000006,52.7,254.0,20.0,0.0,8.0,0.0,0.0,0.0,0.0,8.0,0.0,5.0,2.0,4.0,0.0,35.0,4687.0,100.0,0.0,0.0,0.0,0.0,26.0,0.0,0.0,4.4,5000.0,4990.0,4990.0,1.0,1.0,0.0,21.0,5000.0,0.0,255.0,836.0,306.0,0.0,0.0,1245716.0,3.008,3.0,50.0
1788623975874,2026-09-05T19:59:35.874,0.0,4.0,0.0,1.0,3616.0,14.100000000000001,81.0,6.7,6.7,6.7,6.7,1.0,1.0,800.0,1.0,0.0,717.0,0.5,96.0,-0.018612619999999996,-0.018612619999999996,15.0,1.0130000000000001,41.0,28.0,28.0,-36.0,-14.0,-14.0,-14.0,-14.0,0.0,0.0,0.0,0.0,53.0,14.0,20.0,35.5,210.0,273.0,7.0,8.0,830.0,4150.0,0.0,0.0,0.0,1.0,19483.0,27.1,1.0,0.0,-20.6875,-20.6875,-20.9375,20.9375,-20.6875,750.0,48.0,390.0,200.0,0.0,0.0,254.0,20.0,0.0,8.0,0.0,0.0,1.0,0.0,8.0,0.0,5.0,0.0,4.0,100.0,32.0,4687.0,100.0,0.0,0.0,0.0,0.0,26.0,0.0,0.0,4.4,5000.0,4990.0,4980.0,1.0,1.0,0.0,21.0,2592.0,0.0,255.0,836.0,284.0,0.0,0.0,1245716.0,3.008,3.0,50.0
1788623976722,2026-09-05T19:59:36.722,0.0,4.0,0.0,1.0,2581.0,14.200000000000001,82.0,0.0,0.0,0.0,0.0,0.0,0.0,4.0,0.0,0.0,24.0,0.0,95.5,1.9839999999993196E-5,1.9839999999993196E-5,15.0,0.999,0.0,36.0,36.0,-20.0,-20.0,-20.0,-20.0,-20.0,0.0,0.0,0.0,0.0,52.0,14.0,17.0,18.8,210.0,252.0,5.0,5.0,720.0,4260.0,0.0,0.0,0.0,1.0,19483.0,15.9,0.0,0.0,-18.9375,-18.9375,-19.25,20.875,-18.9375,750.0,49.0,390.0,200.0,0.0,0.0,254.0,20.0,0.0,8.0,0.0,0.0,1.0,0.0,8.0,0.0,5.0,0.0,4.0,100.0,30.0,4687.0,100.0,0.0,0.0,0.0,0.0,26.0,0.0,0.0,4.3,5000.0,4990.0,4980.0,1.0,1.0,0.0,21.0,2914.0,0.0,255.0,836.0,259.0,0.0,0.0,1245716.0,3.008,3.0,50.0
1788623977610,2026-09-05T19:59:37.610,0.0,4.0,0.0,1.0,1523.0,14.200000000000001,82.0,2.8000000000000003,2.8000000000000003,2.8000000000000003,2.8000000000000003,0.0,0.0,0.0,0.0,0.0,4.0,0.0,95.5,1.9839999999993196E-5,1.9839999999993196E-5,15.0,1.4040000000000001,0.0,42.0,42.0,4.0,4.0,4.0,4.0,4.0,0.0,0.0,0.0,0.0,53.0,14.0,14.0,14.5,210.0,210.0,4.0,4.0,670.0,4300.0,0.0,0.0,0.0,1.0,19483.0,13.600000000000001,0.0,0.0,-21.5,-21.5,-15.125,23.3125,-21.5,750.0,49.0,390.0,200.0,0.0,0.0,254.0,20.0,0.0,8.0,0.0,1.0,1.0,0.0,8.0,0.0,5.0,2.0,4.0,100.0,34.0,4687.0,100.0,0.0,0.0,0.0,0.0,26.0,0.0,0.0,4.3,5000.0,4990.0,4990.0,1.0,1.0,0.0,21.0,2152.0,0.0,255.0,836.0,264.0,0.0,0.0,1245716.0,3.008,3.0,50.0
1788623978378,2026-09-05T19:59:38.378,0.0,4.0,0.0,1.0,1956.0,14.200000000000001,82.0,1.86,1.86,1.86,1.86,0.0,1.0,48.0,1.0,0.0,751.0,3.5,95.0,-0.008327379999999995,-0.008327379999999995,15.0,0.999,0.0,40.0,40.0,3.0,3.0,3.0,3.0,3.0,0.0,0.0,0.0,0.0,53.0,14.0,14.0,15.4,210.0,210.0,4.0,4.0,680.0,4290.0,0.0,0.0,0.0,1.0,19483.0,14.200000000000001,1.0,0.0,-22.0,-22.0,-22.1875,23.8125,-22.0,750.0,49.0,390.0,200.0,0.0,0.0,254.0,20.0,0.0,8.0,0.0,1.0,0.0,0.0,8.0,0.0,5.0,0.0,4.0,0.0,33.0,4687.0,100.0,0.0,0.0,0.0,0.0,26.0,0.0,0.0,4.2,5000.0,4990.0,4970.0,1.0,1.0,0.0,21.0,5000.0,0.0,255.0,836.0,238.0,0.0,0.0,1245716.0,3.008,3.0,50.0
1788623979149,2026-09-05T19:59:39.149,0.0,4.0,0.0,1.0,1936.0,14.100000000000001,82.0,0.0,0.0,0.0,0.0,0.0,0.0,4.0,0.0,0.0,9.0,8.5,95.0,1.9839999999993196E-5,1.9839999999993196E-5,15.0,0.999,0.0,40.0,40.0,2.0,2.0,2.0,2.0,2.0,0.0,0.0,0.0,0.0,53.0,14.0,15.0,15.8,210.0,231.0,4.0,4.0,680.0,4300.0,0.0,0.0,0.0,1.0,19483.0,14.0,0.0,0.0,-22.1875,-22.1875,-22.4375,24.0,-22.1875,750.0,49.0,390.0,200.0,0.0,0.0,254.0,20.0,0.0,8.0,0.0,1.0,0.0,0.0,8.0,0.0,5.0,0.0,4.0,0.0,33.0,4687.0,100.0,0.0,0.0,0.0,0.0,26.0,0.0,0.0,4.2,5000.0,4990.0,4980.0,1.0,1.0,0.0,21.0,3157.0,0.0,255.0,836.0,241.0,0.0,0.0,1245716.0,3.008,3.0,50.0
1788623979931,2026-09-05T19:59:39.931,0.0,4.0,0.0,1.0,1940.0,14.200000000000001,83.0,0.0,0.0,0.0,0.0,0.0,0.0,0.0,0.0,0.0,0.0,16.5,94.5,1.9839999999993196E-5,1.9839999999993196E-5,15.0,0.999,0.0,40.0,40.0,2.0,2.0,2.0,2.0,2.0,0.0,0.0,0.0,0.0,53.0,14.0,15.0,15.700000000000001,210.0,231.0,4.0,4.0,680.0,4300.0,0.0,0.0,0.0,1.0,19483.0,14.0,1.0,0.0,-22.1875,-22.1875,-22.4375,24.0,-22.1875,750.0,49.0,390.0,200.0,0.0,0.0,254.0,20.0,0.0,8.0,0.0,1.0,0.0,0.0,8.0,0.0,5.0,0.0,4.0,0.0,32.0,4687.0,100.0,0.0,0.0,0.0,0.0,26.0,0.0,0.0,4.2,5000.0,4990.0,4990.0,1.0,1.0,0.0,21.0,2124.0,0.0,255.0,836.0,233.0,0.0,0.0,1245716.0,3.008,3.0,50.0
1788623980726,2026-09-05T19:59:40.726,0.0,4.0,0.0,1.0,1959.0,14.200000000000001,83.0,0.0,0.0,0.0,0.0,0.0,0.0,0.0,0.0,0.0,0.0,28.0,94.5,1.9839999999993196E-5,1.9839999999993196E-5,15.0,0.999,0.0,40.0,40.0,3.0,3.0,3.0,3.0,3.0,0.0,0.0,0.0,0.0,53.0,14.0,14.0,15.600000000000001,210.0,231.0,4.0,4.0,680.0,4300.0,0.0,0.0,0.0,1.0,19483.0,14.0,0.0,0.0,-22.125,-22.125,-22.375,23.9375,-22.125,750.0,49.0,390.0,200.0,0.0,0.0,254.0,20.0,0.0,8.0,0.0,1.0,0.0,0.0,8.0,0.0,5.0,0.0,4.0,0.0,33.0,4687.0,100.0,0.0,0.0,0.0,0.0,26.0,0.0,0.0,4.1000000000000005,5000.0,4990.0,4970.0,1.0,1.0,0.0,21.0,2003.0,0.0,255.0,836.0,245.0,0.0,0.0,1245716.0,3.008,3.0,50.0
1788623981694,2026-09-05T19:59:41.694,0.0,4.0,0.0,1.0,1956.0,14.200000000000001,83.0,0.0,0.0,0.0,0.0,0.0,0.0,0.0,0.0,0.0,0.0,39.5,93.5,1.9839999999993196E-5,1.9839999999993196E-5,15.0,0.999,0.0,40.0,40.0,3.0,3.0,3.0,3.0,3.0,0.0,0.0,0.0,0.0,53.0,14.0,14.0,15.4,210.0,231.0,4.0,4.0,680.0,4300.0,0.0,0.0,0.0,1.0,19483.0,13.8,0.0,0.0,-22.1875,-22.1875,-22.4375,24.0,-22.1875,750.0,49.0,390.0,200.0,0.0,0.0,254.0,20.0,0.0,8.0,0.0,1.0,0.0,0.0,8.0,0.0,5.0,0.0,4.0,0.0,32.0,4687.0,100.0,0.0,0.0,0.0,0.0,26.0,0.0,0.0,4.1000000000000005,5000.0,4990.0,4980.0,1.0,1.0,0.0,21.0,5000.0,0.0,255.0,836.0,230.0,0.0,0.0,1245716.0,3.008,3.0,50.0
1788623982473,2026-09-05T19:59:42.473,0.0,4.0,0.0,1.0,1946.0,14.100000000000001,83.0,0.0,0.0,0.0,0.0,0.0,0.0,0.0,0.0,0.0,0.0,48.0,94.0,1.9839999999993196E-5,1.9839999999993196E-5,15.0,0.999,0.0,40.0,40.0,4.0,4.0,4.0,4.0,4.0,0.0,0.0,0.0,0.0,53.0,13.0,14.0,15.100000000000001,210.0,210.0,4.0,4.0,680.0,4300.0,0.0,0.0,0.0,1.0,19483.0,13.700000000000001,1.0,0.0,-22.8125,-22.8125,-23.0625,24.625,-22.8125,750.0,49.0,390.0,200.0,0.0,0.0,254.0,20.0,0.0,8.0,0.0,1.0,0.0,0.0,8.0,0.0,5.0,0.0,4.0,0.0,31.0,4687.0,100.0,0.0,0.0,0.0,0.0,26.0,0.0,0.0,4.1000000000000005,5000.0,4990.0,4970.0,1.0,1.0,0.0,21.0,2158.0,0.0,255.0,836.0,226.0,0.0,0.0,1245716.0,3.008,3.0,50.0
1788623983256,2026-09-05T19:59:43.256,0.0,4.0,0.0,1.0,1936.0,14.100000000000001,83.0,0.0,0.0,0.0,0.0,0.0,0.0,0.0,0.0,0.0,0.0,55.0,93.5,1.9839999999993196E-5,1.9839999999993196E-5,15.0,0.999,0.0,40.0,40.0,4.0,4.0,4.0,4.0,4.0,0.0,0.0,0.0,0.0,54.0,13.0,14.0,14.9,189.0,210.0,4.0,4.0,680.0,4300.0,0.0,0.0,0.0,1.0,19483.0,13.700000000000001,0.0,0.0,-22.25,-22.25,-22.5,24.0625,-22.25,750.0,49.0,390.0,200.0,0.0,0.0,254.0,20.0,0.0,8.0,0.0,1.0,0.0,0.0,8.0,0.0,5.0,0.0,4.0,0.0,28.0,4687.0,100.0,0.0,0.0,0.0,0.0,26.0,0.0,0.0,4.1000000000000005,5000.0,4990.0,4990.0,1.0,1.0,0.0,21.0,2094.0,0.0,255.0,836.0,226.0,0.0,0.0,1245716.0,3.008,3.0,50.0
1788623984066,2026-09-05T19:59:44.066,0.0,4.0,0.0,1.0,1933.0,14.200000000000001,84.0,0.0,0.0,0.0,0.0,0.0,0.0,0.0,0.0,0.0,0.0,60.5,93.0,1.9839999999993196E-5,1.9839999999993196E-5,15.0,0.999,0.0,40.0,40.0,4.0,4.0,4.0,4.0,4.0,0.0,0.0,0.0,0.0,54.0,13.0,14.0,14.8,189.0,210.0,4.0,4.0,680.0,4300.0,0.0,0.0,0.0,1.0,19483.0,13.600000000000001,1.0,0.0,-22.3125,-22.3125,-22.5625,24.125,-22.3125,750.0,49.0,390.0,200.0,0.0,0.0,254.0,20.0,0.0,8.0,0.0,1.0,0.0,0.0,8.0,0.0,5.0,0.0,4.0,0.0,27.0,4687.0,100.0,0.0,0.0,0.0,0.0,26.0,0.0,0.0,4.0,5000.0,4990.0,4990.0,1.0,1.0,0.0,21.0,2976.0,0.0,255.0,836.0,231.0,0.0,0.0,1245716.0,3.008,3.0,50.0
1788623984880,2026-09-05T19:59:44.880,0.0,4.0,0.0,1.0,1962.0,14.200000000000001,84.0,0.0,0.0,0.0,0.0,0.0,0.0,0.0,0.0,0.0,0.0,67.0,93.5,1.9839999999993196E-5,1.9839999999993196E-5,15.0,0.999,0.0,41.0,41.0,4.0,4.0,4.0,4.0,4.0,0.0,0.0,0.0,0.0,54.0,13.0,14.0,15.0,189.0,210.0,4.0,4.0,680.0,4300.0,0.0,0.0,0.0,1.0,19483.0,13.8,0.0,0.0,-22.3125,-22.3125,-22.5625,24.0,-22.3125,750.0,51.0,390.0,200.0,0.0,0.0,254.0,20.0,0.0,8.0,0.0,1.0,0.0,0.0,8.0,0.0,5.0,0.0,4.0,0.0,29.0,4687.0,100.0,0.0,0.0,0.0,0.0,27.0,0.0,0.0,4.0,5000.0,4990.0,5000.0,1.0,1.0,0.0,21.0,4248.0,0.0,255.0,836.0,226.0,0.0,0.0,1245716.0,3.008,3.0,50.0
1788623985651,2026-09-05T19:59:45.651,0.0,4.0,0.0,1.0,2027.0,14.200000000000001,84.0,0.0,0.0,0.0,0.0,0.0,0.0,0.0,0.0,0.0,0.0,70.5,93.0,1.9839999999993196E-5,1.9839999999993196E-5,15.0,0.999,0.0,42.0,42.0,4.0,4.0,4.0,4.0,4.0,0.0,0.0,0.0,0.0,54.0,13.0,14.0,15.4,189.0,210.0,4.0,4.0,680.0,4290.0,0.0,0.0,0.0,1.0,19483.0,14.3,0.0,0.0,-21.9375,-21.9375,-22.1875,23.5625,-21.9375,750.0,52.0,390.0,200.0,0.0,0.0,254.0,20.0,0.0,8.0,0.0,1.0,0.0,0.0,8.0,0.0,5.0,0.0,4.0,0.0,29.0,4687.0,100.0,0.0,0.0,0.0,0.0,27.0,0.0,0.0,4.0,5000.0,4990.0,4990.0,1.0,1.0,0.0,21.0,4162.0,0.0,255.0,836.0,224.0,0.0,0.0,1245716.0,3.008,3.0,50.0
1788623986418,2026-09-05T19:59:46.418,0.0,4.0,0.0,1.0,2063.0,14.100000000000001,84.0,0.0,0.0,0.0,0.0,0.0,0.0,0.0,0.0,0.0,0.0,74.0,93.0,1.9839999999993196E-5,1.9839999999993196E-5,15.0,0.999,0.0,42.0,42.0,4.0,4.0,4.0,4.0,4.0,0.0,0.0,0.0,0.0,54.0,13.0,14.0,15.600000000000001,189.0,210.0,4.0,4.0,690.0,4290.0,0.0,0.0,0.0,1.0,19483.0,14.600000000000001,1.0,0.0,-22.1875,-22.1875,-22.4375,23.75,-22.1875,750.0,52.0,390.0,190.0,0.0,0.0,254.0,20.0,0.0,8.0,0.0,1.0,0.0,0.0,8.0,0.0,5.0,0.0,4.0,0.0,29.0,4687.0,100.0,0.0,0.0,0.0,0.0,27.0,0.0,0.0,4.0,5000.0,4990.0,4990.0,1.0,1.0,0.0,21.0,4475.0,0.0,255.0,836.0,221.0,0.0,0.0,1245716.0,3.008,3.0,50.0
1788623987146,2026-09-05T19:59:47.146,0.0,4.0,0.0,1.0,2070.0,14.100000000000001,84.0,0.0,0.0,0.0,0.0,0.0,0.0,0.0,0.0,0.0,0.0,77.0,93.0,1.9839999999993196E-5,1.9839999999993196E-5,15.0,0.999,0.0,42.0,42.0,4.0,4.0,4.0,4.0,4.0,0.0,0.0,0.0,0.0,54.0,13.0,14.0,15.700000000000001,189.0,210.0,4.0,4.0,690.0,4290.0,0.0,0.0,0.0,1.0,19483.0,14.600000000000001,0.0,0.0,-21.625,-21.625,-21.875,23.1875,-21.625,750.0,52.0,390.0,200.0,0.0,0.0,254.0,20.0,0.0,8.0,0.0,1.0,0.0,0.0,8.0,0.0,5.0,0.0,4.0,0.0,29.0,4687.0,100.0,0.0,0.0,0.0,0.0,27.0,0.0,0.0,4.0,5000.0,4990.0,4980.0,1.0,1.0,0.0,21.0,3561.0,0.0,255.0,836.0,222.0,0.0,0.0,1245716.0,3.008,3.0,50.0
1788623987974,2026-09-05T19:59:47.974,0.0,4.0,0.0,1.0,2070.0,14.200000000000001,85.0,0.0,0.0,0.0,0.0,0.0,0.0,0.0,0.0,0.0,0.0,79.5,93.0,1.9839999999993196E-5,1.9839999999993196E-5,16.0,0.999,0.0,42.0,42.0,4.0,4.0,4.0,4.0,4.0,0.0,0.0,0.0,0.0,54.0,13.0,14.0,15.700000000000001,189.0,210.0,4.0,4.0,690.0,4290.0,0.0,0.0,0.0,1.0,19483.0,14.5,1.0,0.0,-22.0625,-22.0625,-22.3125,23.625,-22.0625,750.0,52.0,390.0,200.0,0.0,0.0,254.0,20.0,0.0,8.0,0.0,1.0,0.0,0.0,8.0,0.0,5.0,0.0,4.0,0.0,28.0,4687.0,100.0,0.0,0.0,0.0,0.0,27.0,0.0,0.0,4.0,5000.0,4990.0,4980.0,1.0,1.0,0.0,21.0,2051.0,0.0,255.0,836.0,223.0,0.0,0.0,1245716.0,3.008,3.0,50.0
1788623988710,2026-09-05T19:59:48.710,0.0,4.0,0.0,1.0,2055.0,14.200000000000001,85.0,0.0,0.0,0.0,0.0,0.0,0.0,0.0,0.0,0.0,0.0,83.0,93.5,1.9839999999993196E-5,1.9839999999993196E-5,16.0,0.999,0.0,42.0,42.0,4.0,4.0,4.0,4.0,4.0,0.0,0.0,0.0,0.0,54.0,13.0,14.0,15.9,189.0,210.0,4.0,4.0,690.0,4300.0,0.0,0.0,0.0,1.0,19483.0,14.5,0.0,0.0,-21.625,-21.625,-21.8125,23.1875,-21.625,750.0,53.0,390.0,200.0,0.0,0.0,254.0,24.0,0.0,8.0,0.0,0.0,0.0,0.0,8.0,0.0,5.0,0.0,4.0,0.0,31.0,4687.0,100.0,0.0,0.0,0.0,0.0,27.0,0.0,0.0,4.0,5000.0,4990.0,4980.0,1.0,1.0,0.0,21.0,3719.0,0.0,255.0,836.0,240.0,0.0,0.0,1245716.0,3.008,3.0,50.0
1788623989763,2026-09-05T19:59:49.763,0.0,4.0,0.0,1.0,2126.0,14.200000000000001,85.0,0.0,0.0,0.0,0.0,0.0,0.0,0.0,0.0,0.0,0.0,84.5,92.0,1.9839999999993196E-5,1.9839999999993196E-5,16.0,0.999,0.0,42.0,42.0,4.0,4.0,4.0,4.0,4.0,0.0,0.0,0.0,0.0,54.0,14.0,14.0,16.6,189.0,210.0,4.0,4.0,700.0,4290.0,0.0,0.0,0.0,1.0,19483.0,15.3,1.0,0.0,-20.8125,-20.8125,-21.0625,22.1875,-20.8125,750.0,55.0,390.0,200.0,0.0,0.0,254.0,24.0,0.0,8.0,0.0,0.0,0.0,0.0,8.0,0.0,5.0,0.0,4.0,0.0,31.0,4687.0,100.0,0.0,0.0,0.0,0.0,27.0,0.0,0.0,4.0,5000.0,4990.0,4980.0,1.0,1.0,0.0,21.0,2504.0,0.0,255.0,836.0,224.0,0.0,0.0,1245716.0,3.008,3.0,50.0
1788623990582,2026-09-05T19:59:50.582,0.0,4.0,0.0,1.0,2215.0,14.200000000000001,85.0,0.0,0.0,0.0,0.0,0.0,0.0,0.0,0.0,0.0,0.0,86.5,92.0,1.9839999999993196E-5,1.9839999999993196E-5,16.0,0.999,0.0,42.0,42.0,4.0,4.0,4.0,4.0,4.0,0.0,0.0,0.0,0.0,54.0,14.0,14.0,17.3,189.0,210.0,5.0,5.0,710.0,4270.0,0.0,0.0,0.0,1.0,19483.0,16.0,1.0,0.0,-20.5625,-20.5625,-20.875,21.8125,-20.5625,750.0,57.0,390.0,200.0,0.0,0.0,254.0,24.0,0.0,8.0,0.0,0.0,0.0,0.0,8.0,0.0,5.0,0.0,4.0,0.0,32.0,4687.0,100.0,0.0,0.0,0.0,0.0,27.0,0.0,0.0,4.0,5000.0,4990.0,4980.0,1.0,1.0,0.0,21.0,4509.0,0.0,255.0,836.0,220.0,0.0,0.0,1245716.0,3.008,3.0,50.0
1788623991353,2026-09-05T19:59:51.353,0.0,4.0,0.0,1.0,2288.0,14.200000000000001,85.0,0.0,0.0,0.0,0.0,0.0,0.0,0.0,0.0,0.0,0.0,90.0,93.5,1.9839999999993196E-5,1.9839999999993196E-5,16.0,0.999,0.0,43.0,43.0,5.0,5.0,5.0,5.0,5.0,0.0,0.0,0.0,0.0,55.0,14.0,14.0,17.6,210.0,210.0,5.0,5.0,720.0,4260.0,0.0,0.0,0.0,1.0,19483.0,16.8,0.0,0.0,-20.6875,-20.6875,-20.9375,21.75,-20.6875,750.0,59.0,390.0,190.0,0.0,0.0,254.0,24.0,0.0,8.0,0.0,0.0,0.0,0.0,8.0,0.0,5.0,0.0,4.0,0.0,32.0,4687.0,100.0,0.0,0.0,0.0,0.0,27.0,0.0,0.0,4.0,5000.0,4990.0,4980.0,1.0,1.0,0.0,21.0,3885.0,0.0,255.0,836.0,218.0,0.0,0.0,1245716.0,3.008,3.0,50.0
1788623992217,2026-09-05T19:59:52.217,0.0,4.0,0.0,1.0,2353.0,14.100000000000001,85.0,0.0,0.0,0.0,0.0,0.0,0.0,0.0,0.0,0.0,0.0,91.0,93.0,1.9839999999993196E-5,1.9839999999993196E-5,16.0,0.999,0.0,43.0,43.0,5.0,5.0,5.0,5.0,5.0,0.0,0.0,0.0,0.0,55.0,14.0,14.0,18.2,189.0,210.0,5.0,5.0,730.0,4260.0,0.0,0.0,0.0,1.0,19483.0,17.3,1.0,0.0,-20.25,-20.25,-20.4375,21.1875,-20.25,750.0,60.0,390.0,200.0,0.0,0.0,254.0,20.0,0.0,8.0,0.0,1.0,0.0,0.0,8.0,0.0,5.0,0.0,4.0,0.0,33.0,4687.0,100.0,0.0,0.0,0.0,0.0,27.0,0.0,0.0,4.0,5000.0,4990.0,4980.0,1.0,1.0,0.0,21.0,3192.0,0.0,255.0,836.0,238.0,0.0,0.0,1245716.0,3.008,3.0,50.0
1788623992934,2026-09-05T19:59:52.934,0.0,4.0,0.0,1.0,2401.0,14.200000000000001,85.0,0.0,0.0,0.0,0.0,0.0,0.0,0.0,0.0,0.0,0.0,92.5,92.5,1.9839999999993196E-5,1.9839999999993196E-5,16.0,0.999,0.0,43.0,43.0,5.0,5.0,5.0,5.0,5.0,0.0,0.0,0.0,0.0,55.0,14.0,14.0,18.3,189.0,210.0,5.0,5.0,730.0,4250.0,0.0,0.0,0.0,1.0,19483.0,17.400000000000002,0.0,0.0,-21.3125,-21.3125,-21.5625,22.1875,-21.3125,750.0,61.0,390.0,200.0,0.0,0.0,254.0,20.0,0.0,8.0,0.0,1.0,0.0,0.0,8.0,0.0,5.0,0.0,4.0,0.0,32.0,4687.0,100.0,0.0,0.0,0.0,0.0,27.0,0.0,0.0,4.0,5000.0,4990.0,4980.0,1.0,1.0,0.0,21.0,2802.0,0.0,255.0,836.0,229.0,0.0,0.0,1245716.0,3.008,3.0,50.0
1788623993710,2026-09-05T19:59:53.710,0.0,4.0,0.0,1.0,2426.0,14.200000000000001,85.0,0.0,0.0,0.0,0.0,0.0,0.0,0.0,0.0,0.0,0.0,94.0,92.5,1.9839999999993196E-5,1.9839999999993196E-5,16.0,0.999,0.0,43.0,43.0,6.0,6.0,6.0,6.0,6.0,0.0,0.0,0.0,0.0,55.0,14.0,13.0,18.0,210.0,210.0,5.0,5.0,730.0,4250.0,0.0,0.0,0.0,1.0,19483.0,17.5,1.0,0.0,-21.875,-21.875,-22.125,22.75,-21.875,750.0,62.0,390.0,200.0,0.0,0.0,254.0,20.0,0.0,8.0,0.0,1.0,0.0,0.0,8.0,0.0,5.0,0.0,4.0,0.0,31.0,4687.0,100.0,0.0,0.0,0.0,0.0,27.0,0.0,0.0,4.0,5000.0,4990.0,4980.0,1.0,1.0,0.0,21.0,5000.0,0.0,255.0,836.0,220.0,0.0,0.0,1245716.0,3.008,3.0,50.0
1788623994484,2026-09-05T19:59:54.484,0.0,4.0,0.0,1.0,2436.0,14.100000000000001,85.0,0.0,0.0,0.0,0.0,0.0,0.0,0.0,0.0,0.0,0.0,95.5,92.5,1.9839999999993196E-5,1.9839999999993196E-5,16.0,0.999,0.0,43.0,43.0,6.0,6.0,6.0,6.0,6.0,0.0,0.0,0.0,0.0,55.0,14.0,13.0,17.7,189.0,210.0,5.0,5.0,730.0,4250.0,0.0,0.0,0.0,1.0,19483.0,17.400000000000002,1.0,0.0,-21.375,-21.375,-21.625,22.25,-21.375,750.0,61.0,390.0,200.0,0.0,0.0,254.0,20.0,0.0,8.0,0.0,1.0,0.0,0.0,8.0,0.0,5.0,0.0,4.0,0.0,31.0,4687.0,100.0,0.0,0.0,0.0,0.0,27.0,0.0,0.0,4.0,5000.0,4990.0,4980.0,1.0,1.0,0.0,21.0,3078.0,0.0,255.0,836.0,218.0,0.0,0.0,1245716.0,3.008,3.0,50.0
1788623995266,2026-09-05T19:59:55.266,0.0,4.0,0.0,1.0,2416.0,14.100000000000001,85.0,0.0,0.0,0.0,0.0,0.0,0.0,0.0,0.0,0.0,0.0,97.0,92.5,1.9839999999993196E-5,1.9839999999993196E-5,16.0,0.999,0.0,43.0,43.0,6.0,6.0,6.0,6.0,6.0,0.0,0.0,0.0,0.0,55.0,14.0,13.0,18.0,189.0,210.0,5.0,5.0,730.0,4260.0,0.0,0.0,0.0,1.0,19483.0,17.3,0.0,0.0,-21.8125,-21.8125,-22.0625,22.6875,-21.8125,750.0,61.0,390.0,200.0,0.0,0.0,254.0,20.0,0.0,8.0,0.0,1.0,0.0,0.0,8.0,0.0,5.0,0.0,4.0,0.0,33.0,4687.0,100.0,0.0,0.0,0.0,0.0,27.0,0.0,0.0,4.0,5000.0,4990.0,4970.0,1.0,1.0,0.0,21.0,2885.0,0.0,255.0,836.0,216.0,0.0,0.0,1245716.0,3.008,3.0,50.0
1788623995984,2026-09-05T19:59:55.984,0.0,4.0,0.0,1.0,2426.0,14.100000000000001,85.0,0.0,0.0,0.0,0.0,0.0,0.0,0.0,0.0,0.0,0.0,98.5,94.0,1.9839999999993196E-5,1.9839999999993196E-5,16.0,0.999,0.0,43.0,43.0,7.0,7.0,7.0,7.0,7.0,0.0,0.0,0.0,0.0,55.0,14.0,13.0,17.7,189.0,210.0,5.0,5.0,730.0,4260.0,0.0,0.0,0.0,1.0,19483.0,17.3,1.0,0.0,-21.875,-21.875,-22.125,22.75,-21.875,750.0,62.0,390.0,200.0,0.0,0.0,254.0,20.0,0.0,8.0,0.0,1.0,0.0,0.0,8.0,0.0,5.0,0.0,4.0,0.0,32.0,4687.0,100.0,0.0,0.0,0.0,0.0,27.0,0.0,0.0,4.0,5000.0,4990.0,4990.0,1.0,1.0,0.0,21.0,3463.0,0.0,255.0,836.0,213.0,0.0,0.0,1245716.0,3.008,3.0,50.0
1788623996850,2026-09-05T19:59:56.850,0.0,4.0,0.0,1.0,2431.0,14.200000000000001,85.0,0.0,0.0,0.0,0.0,0.0,0.0,0.0,0.0,0.0,0.0,96.5,92.5,1.9839999999993196E-5,1.9839999999993196E-5,16.0,0.999,0.0,43.0,43.0,7.0,7.0,7.0,7.0,7.0,0.0,0.0,0.0,0.0,55.0,14.0,13.0,17.8,210.0,210.0,5.0,5.0,730.0,4240.0,0.0,0.0,0.0,1.0,19483.0,17.400000000000002,0.0,0.0,-22.0,-22.0,-22.25,22.8125,-22.0,750.0,62.0,390.0,200.0,0.0,0.0,254.0,24.0,0.0,8.0,0.0,0.0,0.0,0.0,8.0,0.0,5.0,0.0,4.0,0.0,28.0,4687.0,100.0,0.0,0.0,0.0,0.0,27.0,0.0,0.0,4.0,5000.0,4990.0,4980.0,1.0,1.0,0.0,21.0,2965.0,0.0,255.0,836.0,222.0,0.0,0.0,1245716.0,3.008,3.0,50.0
1788623997850,2026-09-05T19:59:57.850,0.0,4.0,0.0,1.0,2488.0,14.200000000000001,84.0,0.0,0.0,0.0,0.0,0.0,0.0,0.0,0.0,0.0,0.0,96.5,93.0,1.9839999999993196E-5,1.9839999999993196E-5,16.0,0.999,0.0,43.0,43.0,7.0,7.0,7.0,7.0,7.0,0.0,0.0,0.0,0.0,55.0,13.0,13.0,17.7,210.0,210.0,5.0,5.0,730.0,4250.0,0.0,0.0,0.0,1.0,19483.0,17.6,1.0,0.0,-20.875,-20.875,-21.125,21.5625,-20.875,750.0,64.0,390.0,200.0,0.0,0.0,254.0,24.0,0.0,8.0,0.0,0.0,0.0,0.0,8.0,0.0,5.0,0.0,4.0,0.0,28.0,4687.0,100.0,0.0,0.0,0.0,0.0,27.0,0.0,0.0,4.0,5000.0,4990.0,4980.0,1.0,1.0,0.0,21.0,2940.0,0.0,255.0,836.0,225.0,0.0,0.0,1245716.0,3.008,3.0,50.0
1788623998626,2026-09-05T19:59:58.626,0.0,4.0,0.0,1.0,2542.0,14.100000000000001,84.0,0.0,0.0,0.0,0.0,0.0,0.0,0.0,0.0,0.0,0.0,97.5,93.5,1.9839999999993196E-5,1.9839999999993196E-5,16.0,0.999,0.0,43.0,43.0,8.0,8.0,8.0,8.0,8.0,0.0,0.0,0.0,0.0,55.0,13.0,13.0,18.1,210.0,210.0,5.0,5.0,730.0,4230.0,0.0,0.0,0.0,1.0,19483.0,17.7,1.0,0.0,-20.75,-20.75,-21.0,21.375,-20.75,750.0,65.0,390.0,200.0,0.0,0.0,254.0,20.0,0.0,8.0,0.0,1.0,0.0,0.0,8.0,0.0,5.0,0.0,4.0,0.0,32.0,4687.0,100.0,0.0,0.0,0.0,0.0,27.0,0.0,0.0,4.0,5000.0,4990.0,4980.0,1.0,1.0,0.0,21.0,2988.0,0.0,255.0,836.0,230.0,0.0,0.0,1245716.0,3.008,3.0,50.0
1788623999496,2026-09-05T19:59:59.496,0.0,4.0,0.0,1.0,2581.0,14.200000000000001,83.0,0.0,0.0,0.0,0.0,0.0,0.0,0.0,0.0,0.0,0.0,96.5,93.0,1.9839999999993196E-5,1.9839999999993196E-5,16.0,0.999,0.0,43.0,43.0,8.0,8.0,8.0,8.0,8.0,0.0,0.0,0.0,0.0,55.0,13.0,13.0,18.1,210.0,210.0,5.0,5.0,730.0,4240.0,0.0,0.0,0.0,1.0,19483.0,17.8,0.0,0.0,-21.3125,-21.3125,-21.5625,21.875,-21.3125,750.0,65.0,390.0,200.0,0.0,0.0,254.0,20.0,0.0,8.0,0.0,1.0,0.0,0.0,8.0,0.0,5.0,0.0,4.0,0.0,29.0,4687.0,100.0,0.0,0.0,0.0,0.0,26.0,0.0,0.0,4.0,5000.0,4990.0,4980.0,1.0,1.0,0.0,21.0,3074.0,0.0,255.0,836.0,216.0,0.0,0.0,1245716.0,3.008,3.0,50.0
1788624000221,2026-09-05T20:00:00.221,0.0,4.0,0.0,1.0,2553.0,14.200000000000001,83.0,0.0,0.0,0.0,0.0,0.0,0.0,0.0,0.0,0.0,0.0,96.5,93.0,1.9839999999993196E-5,1.9839999999993196E-5,16.0,0.999,0.0,43.0,43.0,9.0,9.0,9.0,9.0,9.0,0.0,0.0,0.0,0.0,55.0,13.0,13.0,17.7,210.0,210.0,5.0,5.0,730.0,4240.0,0.0,0.0,0.0,1.0,19483.0,17.6,1.0,0.0,-21.75,-21.75,-22.0,22.4375,-21.75,750.0,64.0,390.0,200.0,0.0,0.0,254.0,20.0,0.0,8.0,0.0,1.0,0.0,0.0,8.0,0.0,5.0,0.0,4.0,0.0,30.0,4687.0,100.0,0.0,0.0,0.0,0.0,26.0,0.0,0.0,3.9000000000000004,5000.0,4990.0,4990.0,1.0,1.0,0.0,21.0,5000.0,0.0,255.0,836.0,212.0,0.0,0.0,1245716.0,3.008,3.0,50.0
1788624001117,2026-09-05T20:00:01.117,0.0,4.0,0.0,1.0,2509.0,14.100000000000001,83.0,0.0,0.0,0.0,0.0,0.0,0.0,0.0,0.0,0.0,0.0,96.5,93.0,1.9839999999993196E-5,1.9839999999993196E-5,16.0,0.999,0.0,43.0,43.0,8.0,8.0,8.0,8.0,8.0,0.0,0.0,0.0,0.0,55.0,13.0,13.0,17.400000000000002,210.0,210.0,5.0,5.0,730.0,4250.0,0.0,0.0,0.0,1.0,19483.0,17.5,0.0,0.0,-22.3125,-22.3125,-22.5625,23.0625,-22.3125,750.0,63.0,390.0,200.0,0.0,0.0,254.0,20.0,0.0,8.0,0.0,1.0,0.0,0.0,8.0,0.0,5.0,0.0,4.0,0.0,32.0,4687.0,100.0,0.0,0.0,0.0,0.0,26.0,0.0,0.0,4.0,5000.0,4990.0,4980.0,1.0,1.0,0.0,21.0,5000.0,0.0,255.0,836.0,217.0,0.0,0.0,1245716.0,3.008,3.0,50.0
1788624001905,2026-09-05T20:00:01.905,0.0,4.0,0.0,1.0,2467.0,14.200000000000001,82.0,0.0,0.0,0.0,0.0,0.0,0.0,0.0,0.0,0.0,0.0,97.0,93.5,1.9839999999993196E-5,1.9839999999993196E-5,16.0,0.999,0.0,44.0,44.0,8.0,8.0,8.0,8.0,8.0,0.0,0.0,0.0,0.0,55.0,13.0,13.0,17.400000000000002,210.0,210.0,5.0,5.0,730.0,4250.0,0.0,0.0,0.0,1.0,19483.0,17.400000000000002,1.0,0.0,-22.5,-22.5,-22.75,23.3125,-22.5,750.0,63.0,390.0,200.0,0.0,0.0,254.0,24.0,0.0,8.0,0.0,0.0,0.0,0.0,8.0,0.0,5.0,0.0,4.0,0.0,35.0,4687.0,100.0,0.0,0.0,0.0,0.0,26.0,0.0,0.0,4.0,5000.0,4990.0,4980.0,1.0,1.0,0.0,21.0,5000.0,0.0,255.0,836.0,220.0,0.0,0.0,1245716.0,3.008,3.0,50.0
1788624002746,2026-09-05T20:00:02.746,0.0,4.0,0.0,1.0,2482.0,14.100000000000001,82.0,0.0,0.0,0.0,0.0,0.0,0.0,0.0,0.0,0.0,0.0,96.5,93.5,1.9839999999993196E-5,1.9839999999993196E-5,16.0,0.999,0.0,45.0,45.0,8.0,8.0,8.0,8.0,8.0,0.0,0.0,0.0,0.0,55.0,13.0,13.0,17.400000000000002,210.0,210.0,5.0,5.0,730.0,4240.0,0.0,0.0,0.0,1.0,19483.0,17.5,0.0,0.0,-21.625,-21.625,-21.875,22.375,-21.625,750.0,63.0,390.0,200.0,0.0,0.0,254.0,24.0,0.0,8.0,0.0,0.0,0.0,0.0,8.0,0.0,5.0,0.0,4.0,0.0,36.0,4687.0,100.0,0.0,0.0,0.0,0.0,26.0,0.0,0.0,4.0,5000.0,4990.0,4980.0,1.0,1.0,0.0,21.0,2773.0,0.0,255.0,836.0,212.0,0.0,0.0,1245716.0,3.008,3.0,50.0
1788624003665,2026-09-05T20:00:03.665,0.0,4.0,0.0,1.0,2498.0,14.200000000000001,81.0,0.0,0.0,0.0,0.0,0.0,0.0,0.0,0.0,0.0,0.0,96.5,93.5,1.9839999999993196E-5,1.9839999999993196E-5,16.0,0.999,0.0,46.0,46.0,8.0,8.0,8.0,8.0,8.0,0.0,0.0,0.0,0.0,55.0,13.0,12.0,17.400000000000002,210.0,210.0,5.0,5.0,730.0,4250.0,0.0,0.0,0.0,1.0,19483.0,17.6,0.0,0.0,-21.0,-21.0,-21.25,21.75,-21.0,750.0,63.0,390.0,200.0,0.0,0.0,254.0,24.0,0.0,8.0,0.0,0.0,0.0,0.0,8.0,0.0,5.0,0.0,4.0,0.0,40.0,4687.0,100.0,0.0,0.0,0.0,0.0,26.0,0.0,0.0,3.9000000000000004,5000.0,4990.0,4980.0,1.0,1.0,0.0,21.0,2462.0,0.0,255.0,836.0,210.0,0.0,0.0,1245716.0,3.008,3.0,50.0
1788624004436,2026-09-05T20:00:04.436,0.0,4.0,0.0,1.0,2514.0,14.200000000000001,81.0,0.0,0.0,0.0,0.0,0.0,0.0,0.0,0.0,0.0,0.0,97.0,93.5,1.9839999999993196E-5,1.9839999999993196E-5,16.0,0.999,0.0,48.0,48.0,8.0,8.0,8.0,8.0,8.0,0.0,0.0,0.0,0.0,55.0,13.0,13.0,17.5,210.0,210.0,5.0,5.0,730.0,4250.0,0.0,0.0,0.0,1.0,19483.0,17.6,1.0,0.0,-21.4375,-21.4375,-21.6875,22.125,-21.4375,750.0,64.0,390.0,200.0,0.0,0.0,254.0,24.0,0.0,8.0,0.0,0.0,0.0,0.0,8.0,0.0,5.0,0.0,4.0,0.0,36.0,4687.0,100.0,0.0,0.0,0.0,0.0,26.0,0.0,0.0,3.9000000000000004,5000.0,4990.0,4980.0,1.0,1.0,0.0,21.0,5000.0,0.0,255.0,836.0,210.0,0.0,0.0,1245716.0,3.008,3.0,50.0
1788624005223,2026-09-05T20:00:05.223,0.0,4.0,0.0,1.0,2520.0,14.200000000000001,81.0,0.0,0.0,0.0,0.0,0.0,0.0,0.0,0.0,0.0,0.0,97.5,94.5,1.9839999999993196E-5,1.9839999999993196E-5,16.0,0.999,0.0,49.0,49.0,8.0,8.0,8.0,8.0,8.0,0.0,0.0,0.0,0.0,55.0,13.0,13.0,17.5,210.0,210.0,5.0,5.0,730.0,4240.0,0.0,0.0,0.0,1.0,19483.0,17.6,0.0,0.0,-21.375,-21.375,-21.625,22.0625,-21.375,750.0,64.0,390.0,200.0,0.0,0.0,254.0,24.0,0.0,8.0,0.0,0.0,0.0,0.0,8.0,0.0,5.0,0.0,4.0,0.0,34.0,4687.0,100.0,0.0,0.0,0.0,0.0,26.0,0.0,0.0,3.9000000000000004,5000.0,4990.0,4980.0,1.0,1.0,0.0,21.0,2978.0,0.0,255.0,836.0,210.0,0.0,0.0,1245716.0,3.008,3.0,50.0
1788624006271,2026-09-05T20:00:06.271,0.0,4.0,0.0,1.0,2514.0,14.200000000000001,81.0,0.0,0.0,0.0,0.0,0.0,0.0,0.0,0.0,0.0,0.0,96.5,94.0,1.9839999999993196E-5,1.9839999999993196E-5,16.0,0.999,0.0,49.0,49.0,9.0,9.0,9.0,9.0,9.0,0.0,0.0,0.0,0.0,55.0,13.0,13.0,17.5,210.0,210.0,5.0,5.0,730.0,4240.0,0.0,0.0,0.0,1.0,19483.0,17.6,1.0,0.0,-21.25,-21.25,-21.5,22.0,-21.25,750.0,63.0,390.0,200.0,0.0,0.0,254.0,24.0,0.0,8.0,0.0,0.0,0.0,0.0,8.0,0.0,5.0,0.0,4.0,0.0,37.0,4687.0,100.0,0.0,0.0,0.0,0.0,25.0,0.0,0.0,3.9000000000000004,5000.0,4990.0,4980.0,1.0,1.0,0.0,21.0,2405.0,0.0,255.0,836.0,210.0,0.0,0.0,1245716.0,3.008,3.0,50.0
1788624007020,2026-09-05T20:00:07.020,0.0,4.0,0.0,1.0,2493.0,14.200000000000001,80.0,0.0,0.0,0.0,0.0,0.0,0.0,0.0,0.0,0.0,0.0,96.5,94.0,1.9839999999993196E-5,1.9839999999993196E-5,16.0,0.999,0.0,49.0,49.0,8.0,8.0,8.0,8.0,8.0,0.0,0.0,0.0,0.0,55.0,13.0,13.0,17.5,210.0,210.0,5.0,5.0,730.0,4250.0,0.0,0.0,0.0,1.0,19483.0,17.6,0.0,0.0,-21.3125,-21.3125,-21.5625,22.0625,-21.3125,750.0,63.0,390.0,200.0,0.0,0.0,254.0,24.0,0.0,8.0,0.0,0.0,0.0,0.0,8.0,0.0,5.0,0.0,4.0,0.0,40.0,4687.0,100.0,0.0,0.0,0.0,0.0,25.0,0.0,0.0,3.9000000000000004,5000.0,4990.0,4980.0,1.0,1.0,0.0,21.0,4057.0,0.0,255.0,836.0,210.0,0.0,0.0,1245716.0,3.008,3.0,50.0
1788624007794,2026-09-05T20:00:07.794,0.0,4.0,0.0,1.0,2467.0,14.200000000000001,80.0,0.0,0.0,0.0,0.0,0.0,0.0,0.0,0.0,0.0,0.0,97.0,94.0,1.9839999999993196E-5,1.9839999999993196E-5,16.0,0.999,0.0,49.0,49.0,8.0,8.0,8.0,8.0,8.0,0.0,0.0,0.0,0.0,55.0,13.0,13.0,17.3,210.0,210.0,5.0,5.0,730.0,4250.0,0.0,0.0,0.0,1.0,19483.0,17.5,1.0,0.0,-20.75,-20.75,-21.0,21.5625,-20.75,750.0,62.0,390.0,200.0,0.0,0.0,254.0,24.0,0.0,8.0,0.0,0.0,0.0,0.0,8.0,0.0,5.0,0.0,4.0,0.0,40.0,4687.0,100.0,0.0,0.0,0.0,0.0,25.0,0.0,0.0,3.9000000000000004,5000.0,4990.0,4990.0,1.0,1.0,0.0,21.0,2736.0,0.0,255.0,836.0,211.0,0.0,0.0,1245716.0,3.008,3.0,50.0
1788624008609,2026-09-05T20:00:08.609,0.0,4.0,0.0,1.0,2461.0,14.200000000000001,80.0,0.0,0.0,0.0,0.0,0.0,0.0,0.0,0.0,0.0,0.0,96.5,94.5,1.9839999999993196E-5,1.9839999999993196E-5,16.0,0.999,0.0,49.0,49.0,8.0,8.0,8.0,8.0,8.0,0.0,0.0,0.0,0.0,55.0,13.0,13.0,17.1,210.0,210.0,5.0,5.0,730.0,4240.0,0.0,0.0,0.0,1.0,19483.0,17.5,1.0,0.0,-20.25,-20.25,-20.5,21.0625,-20.25,750.0,62.0,390.0,200.0,0.0,0.0,254.0,24.0,0.0,8.0,0.0,0.0,0.0,0.0,8.0,0.0,5.0,0.0,4.0,0.0,32.0,4687.0,100.0,0.0,0.0,0.0,0.0,25.0,0.0,0.0,3.9000000000000004,5000.0,4990.0,4980.0,1.0,1.0,0.0,21.0,2397.0,0.0,255.0,836.0,211.0,0.0,0.0,1245716.0,3.008,3.0,50.0
1788624009334,2026-09-05T20:00:09.334,0.0,4.0,0.0,1.0,2461.0,14.200000000000001,80.0,0.0,0.0,0.0,0.0,0.0,0.0,0.0,0.0,0.0,0.0,96.5,94.0,1.9839999999993196E-5,1.9839999999993196E-5,17.0,0.999,0.0,49.0,49.0,8.0,8.0,8.0,8.0,8.0,0.0,0.0,0.0,0.0,54.0,13.0,13.0,17.400000000000002,210.0,210.0,5.0,5.0,730.0,4250.0,0.0,0.0,0.0,1.0,19483.0,17.6,0.0,0.0,-20.625,-20.625,-20.875,21.4375,-20.625,750.0,63.0,390.0,200.0,0.0,0.0,254.0,24.0,0.0,8.0,0.0,0.0,0.0,0.0,8.0,0.0,5.0,0.0,4.0,0.0,32.0,4687.0,100.0,0.0,0.0,0.0,0.0,25.0,0.0,0.0,3.9000000000000004,5000.0,4990.0,4980.0,1.0,1.0,0.0,21.0,4670.0,0.0,255.0,836.0,211.0,0.0,0.0,1245716.0,3.008,3.0,50.0
1788624010089,2026-09-05T20:00:10.089,0.0,4.0,0.0,1.0,2477.0,14.200000000000001,80.0,0.0,0.0,0.0,0.0,0.0,0.0,0.0,0.0,0.0,0.0,97.5,95.0,1.9839999999993196E-5,1.9839999999993196E-5,17.0,0.999,0.0,49.0,49.0,8.0,8.0,8.0,8.0,8.0,0.0,0.0,0.0,0.0,54.0,13.0,13.0,17.400000000000002,210.0,210.0,5.0,5.0,730.0,4250.0,0.0,0.0,0.0,1.0,19483.0,17.6,1.0,0.0,-20.6875,-20.6875,-20.9375,21.4375,-20.6875,750.0,63.0,390.0,200.0,0.0,0.0,254.0,24.0,0.0,8.0,0.0,0.0,0.0,0.0,8.0,0.0,5.0,0.0,4.0,0.0,35.0,4687.0,100.0,0.0,0.0,0.0,0.0,25.0,0.0,0.0,3.9000000000000004,5000.0,4990.0,4980.0,1.0,1.0,0.0,21.0,2759.0,0.0,255.0,836.0,211.0,0.0,0.0,1245716.0,3.008,3.0,50.0
1788624010949,2026-09-05T20:00:10.949,0.0,4.0,0.0,1.0,2531.0,14.200000000000001,80.0,0.0,0.0,0.0,0.0,0.0,0.0,0.0,0.0,0.0,0.0,96.0,93.5,1.9839999999993196E-5,1.9839999999993196E-5,17.0,0.999,0.0,49.0,49.0,9.0,9.0,9.0,9.0,9.0,0.0,0.0,0.0,0.0,54.0,13.0,12.0,17.400000000000002,210.0,210.0,5.0,5.0,730.0,4250.0,0.0,0.0,0.0,1.0,19483.0,17.8,0.0,0.0,-20.25,-20.25,-20.5,20.9375,-20.25,750.0,64.0,390.0,200.0,0.0,0.0,254.0,24.0,0.0,8.0,0.0,0.0,0.0,0.0,8.0,0.0,5.0,0.0,4.0,0.0,33.0,4687.0,100.0,0.0,0.0,0.0,0.0,25.0,0.0,0.0,3.9000000000000004,5000.0,4990.0,4980.0,1.0,1.0,0.0,21.0,2871.0,0.0,255.0,836.0,211.0,0.0,0.0,1245716.0,3.008,3.0,50.0
1788624011708,2026-09-05T20:00:11.708,0.0,4.0,0.0,1.0,2558.0,14.200000000000001,80.0,0.0,0.0,0.0,0.0,0.0,0.0,0.0,0.0,0.0,0.0,96.5,94.5,1.9839999999993196E-5,1.9839999999993196E-5,17.0,0.999,0.0,50.0,50.0,9.0,9.0,9.0,9.0,9.0,0.0,0.0,0.0,0.0,54.0,13.0,12.0,17.400000000000002,210.0,210.0,5.0,5.0,730.0,4240.0,0.0,0.0,0.0,1.0,19483.0,17.900000000000002,1.0,0.0,-20.25,-20.25,-20.5,20.8125,-20.25,750.0,65.0,390.0,200.0,0.0,0.0,254.0,24.0,0.0,8.0,0.0,0.0,0.0,0.0,8.0,0.0,5.0,0.0,4.0,0.0,33.0,4687.0,100.0,0.0,0.0,0.0,0.0,25.0,0.0,0.0,3.9000000000000004,5000.0,4990.0,4980.0,1.0,1.0,0.0,21.0,4990.0,0.0,255.0,836.0,211.0,0.0,0.0,1245716.0,3.008,3.0,50.0
1788624012551,2026-09-05T20:00:12.551,0.0,4.0,0.0,1.0,2586.0,14.200000000000001,80.0,0.0,0.0,0.0,0.0,0.0,0.0,0.0,0.0,0.0,0.0,97.5,95.5,1.9839999999993196E-5,1.9839999999993196E-5,17.0,0.999,0.0,50.0,50.0,9.0,9.0,9.0,9.0,9.0,0.0,0.0,0.0,0.0,54.0,13.0,12.0,17.7,210.0,210.0,5.0,5.0,740.0,4240.0,0.0,0.0,0.0,1.0,19483.0,18.0,1.0,0.0,-20.375,-20.375,-20.625,20.875,-20.375,750.0,66.0,390.0,200.0,0.0,0.0,254.0,24.0,0.0,8.0,0.0,0.0,0.0,0.0,8.0,0.0,5.0,0.0,4.0,0.0,33.0,4687.0,100.0,0.0,0.0,0.0,0.0,25.0,0.0,0.0,3.9000000000000004,5000.0,4990.0,4980.0,1.0,1.0,0.0,21.0,5000.0,0.0,255.0,836.0,211.0,0.0,0.0,1245716.0,3.008,3.0,50.0
1788624013386,2026-09-05T20:00:13.386,0.0,4.0,0.0,1.0,2621.0,14.200000000000001,80.0,0.0,0.0,0.0,0.0,0.0,0.0,0.0,0.0,0.0,0.0,96.5,94.5,1.9839999999993196E-5,1.9839999999993196E-5,17.0,0.999,0.0,49.0,49.0,10.0,10.0,10.0,10.0,10.0,0.0,0.0,0.0,0.0,54.0,13.0,12.0,17.8,210.0,210.0,5.0,5.0,740.0,4240.0,0.0,0.0,0.0,1.0,19483.0,18.1,0.0,0.0,-20.3125,-20.3125,-20.5625,20.75,-20.3125,750.0,67.0,390.0,200.0,0.0,0.0,254.0,24.0,0.0,8.0,0.0,0.0,0.0,0.0,8.0,0.0,5.0,0.0,4.0,0.0,32.0,4687.0,100.0,0.0,0.0,0.0,0.0,25.0,0.0,0.0,3.9000000000000004,5000.0,4990.0,4980.0,1.0,1.0,0.0,21.0,2831.0,0.0,255.0,836.0,211.0,0.0,0.0,1245716.0,3.008,3.0,50.0
1788624014407,2026-09-05T20:00:14.407,0.0,4.0,0.0,1.0,2657.0,14.200000000000001,80.0,0.0,0.0,0.0,0.0,0.0,0.0,0.0,0.0,0.0,0.0,96.5,95.0,1.9839999999993196E-5,1.9839999999993196E-5,17.0,0.999,0.0,49.0,49.0,10.0,10.0,10.0,10.0,10.0,0.0,0.0,0.0,0.0,54.0,13.0,12.0,17.7,210.0,210.0,5.0,5.0,740.0,4250.0,0.0,0.0,0.0,1.0,19483.0,18.2,1.0,0.0,-20.375,-20.375,-20.625,20.75,-20.375,750.0,68.0,390.0,200.0,0.0,0.0,254.0,20.0,0.0,8.0,0.0,1.0,0.0,0.0,8.0,0.0,5.0,0.0,4.0,0.0,32.0,4687.0,100.0,0.0,0.0,0.0,0.0,25.0,0.0,0.0,3.9000000000000004,5000.0,4990.0,4980.0,1.0,1.0,0.0,21.0,5000.0,0.0,255.0,836.0,232.0,0.0,0.0,1245716.0,3.008,3.0,50.0
1788624015124,2026-09-05T20:00:15.124,0.0,4.0,0.0,1.0,2669.0,14.200000000000001,80.0,0.0,0.0,0.0,0.0,0.0,0.0,0.0,0.0,0.0,0.0,96.5,95.0,1.9839999999993196E-5,1.9839999999993196E-5,17.0,0.999,0.0,49.0,49.0,9.0,9.0,9.0,9.0,9.0,0.0,0.0,0.0,0.0,54.0,13.0,12.0,18.1,210.0,210.0,5.0,5.0,740.0,4230.0,0.0,0.0,0.0,1.0,19483.0,18.1,0.0,0.0,-20.875,-20.875,-21.1875,21.375,-20.875,750.0,66.0,390.0,200.0,0.0,0.0,254.0,20.0,0.0,8.0,0.0,1.0,0.0,0.0,8.0,0.0,5.0,0.0,4.0,0.0,32.0,4687.0,100.0,0.0,0.0,0.0,0.0,25.0,0.0,0.0,3.9000000000000004,5000.0,4990.0,4980.0,1.0,1.0,0.0,21.0,4343.0,0.0,255.0,836.0,222.0,0.0,0.0,1245716.0,3.008,3.0,50.0
1788624015956,2026-09-05T20:00:15.956,0.0,4.0,0.0,1.0,2504.0,14.200000000000001,80.0,0.0,0.0,0.0,0.0,0.0,0.0,0.0,0.0,0.0,0.0,97.0,95.5,1.9839999999993196E-5,1.9839999999993196E-5,17.0,0.999,0.0,49.0,49.0,8.0,8.0,8.0,8.0,8.0,0.0,0.0,0.0,0.0,54.0,13.0,13.0,17.8,210.0,210.0,5.0,5.0,730.0,4250.0,0.0,0.0,0.0,1.0,19483.0,17.6,1.0,0.0,-21.625,-21.625,-21.875,22.4375,-21.625,750.0,62.0,390.0,200.0,0.0,0.0,254.0,20.0,0.0,8.0,0.0,1.0,0.0,0.0,8.0,0.0,5.0,0.0,4.0,0.0,30.0,4687.0,100.0,0.0,0.0,0.0,0.0,25.0,0.0,0.0,3.9000000000000004,5000.0,4990.0,4980.0,1.0,1.0,0.0,21.0,4120.0,0.0,255.0,836.0,256.0,0.0,0.0,1245716.0,3.008,3.0,50.0
1788624016798,2026-09-05T20:00:16.798,0.0,4.0,0.0,1.0,2446.0,14.200000000000001,80.0,0.0,0.0,0.0,0.0,0.0,0.0,0.0,0.0,0.0,0.0,97.0,95.5,1.9839999999993196E-5,1.9839999999993196E-5,17.0,0.999,0.0,49.0,49.0,7.0,7.0,7.0,7.0,7.0,0.0,0.0,0.0,0.0,54.0,13.0,13.0,17.8,210.0,210.0,5.0,5.0,730.0,4250.0,0.0,0.0,0.0,1.0,19483.0,17.6,0.0,0.0,-21.125,-21.125,-21.375,21.9375,-21.125,750.0,62.0,390.0,200.0,0.0,0.0,254.0,24.0,0.0,8.0,0.0,0.0,0.0,0.0,8.0,0.0,5.0,0.0,4.0,0.0,32.0,4687.0,100.0,0.0,0.0,0.0,0.0,25.0,0.0,0.0,3.9000000000000004,5000.0,4990.0,4980.0,1.0,1.0,0.0,21.0,3610.0,0.0,255.0,836.0,226.0,0.0,0.0,1245716.0,3.008,3.0,50.0
1788624017596,2026-09-05T20:00:17.596,0.0,4.0,0.0,1.0,2456.0,14.200000000000001,80.0,0.0,0.0,0.0,0.0,0.0,0.0,0.0,0.0,0.0,0.0,96.5,95.5,1.9839999999993196E-5,1.9839999999993196E-5,17.0,0.999,0.0,49.0,49.0,7.0,7.0,7.0,7.0,7.0,0.0,0.0,0.0,0.0,54.0,13.0,13.0,17.6,210.0,210.0,5.0,5.0,730.0,4250.0,0.0,0.0,0.0,1.0,19483.0,17.6,0.0,0.0,-20.6875,-20.6875,-20.9375,21.5,-20.6875,750.0,62.0,390.0,200.0,0.0,0.0,254.0,24.0,0.0,8.0,0.0,0.0,0.0,0.0,8.0,0.0,5.0,0.0,4.0,0.0,28.0,4687.0,100.0,0.0,0.0,0.0,0.0,25.0,0.0,0.0,3.9000000000000004,5000.0,4990.0,4980.0,1.0,1.0,0.0,21.0,4253.0,0.0,255.0,836.0,217.0,0.0,0.0,1245716.0,3.008,3.0,50.0
1788624018421,2026-09-05T20:00:18.421,0.0,4.0,0.0,1.0,2472.0,14.200000000000001,80.0,0.0,0.0,0.0,0.0,0.0,0.0,0.0,0.0,0.0,0.0,96.5,95.5,1.9839999999993196E-5,1.9839999999993196E-5,17.0,0.999,0.0,49.0,49.0,8.0,8.0,8.0,8.0,8.0,0.0,0.0,0.0,0.0,54.0,13.0,13.0,17.5,210.0,210.0,5.0,5.0,730.0,4250.0,0.0,0.0,0.0,1.0,19483.0,17.6,1.0,0.0,-20.625,-20.625,-20.875,21.4375,-20.625,750.0,63.0,390.0,200.0,0.0,0.0,254.0,24.0,0.0,8.0,0.0,0.0,0.0,0.0,8.0,0.0,5.0,0.0,4.0,0.0,27.0,4687.0,100.0,0.0,0.0,0.0,0.0,25.0,0.0,0.0,3.9000000000000004,5000.0,4990.0,4990.0,1.0,1.0,0.0,21.0,4507.0,0.0,255.0,836.0,214.0,0.0,0.0,1245716.0,3.008,3.0,50.0
1788624019214,2026-09-05T20:00:19.214,0.0,4.0,0.0,1.0,2477.0,14.200000000000001,80.0,0.0,0.0,0.0,0.0,0.0,0.0,0.0,0.0,0.0,0.0,96.5,95.5,1.9839999999993196E-5,1.9839999999993196E-5,17.0,0.999,0.0,49.0,49.0,8.0,8.0,8.0,8.0,8.0,0.0,0.0,0.0,0.0,54.0,13.0,13.0,17.400000000000002,210.0,210.0,5.0,5.0,730.0,4240.0,0.0,0.0,0.0,1.0,19483.0,17.7,0.0,0.0,-20.75,-20.75,-21.0,21.5,-20.75,750.0,63.0,390.0,200.0,0.0,0.0,254.0,24.0,0.0,8.0,0.0,0.0,0.0,0.0,8.0,0.0,5.0,0.0,4.0,0.0,30.0,4687.0,100.0,0.0,0.0,0.0,0.0,25.0,0.0,0.0,3.9000000000000004,5000.0,4990.0,4970.0,1.0,1.0,0.0,21.0,2139.0,0.0,255.0,836.0,213.0,0.0,0.0,1245716.0,3.008,3.0,50.0
1788624020042,2026-09-05T20:00:20.042,0.0,4.0,0.0,1.0,2477.0,14.200000000000001,80.0,0.0,0.0,0.0,0.0,0.0,0.0,0.0,0.0,0.0,0.0,96.5,95.5,1.9839999999993196E-5,1.9839999999993196E-5,17.0,0.999,0.0,49.0,49.0,8.0,8.0,8.0,8.0,8.0,0.0,0.0,0.0,0.0,54.0,13.0,13.0,17.400000000000002,210.0,210.0,5.0,5.0,730.0,4240.0,0.0,0.0,0.0,1.0,19483.0,17.6,1.0,0.0,-20.4375,-20.4375,-20.6875,21.1875,-20.4375,750.0,63.0,390.0,200.0,0.0,0.0,254.0,24.0,0.0,8.0,0.0,0.0,0.0,0.0,8.0,0.0,5.0,0.0,4.0,0.0,30.0,4687.0,100.0,0.0,0.0,0.0,0.0,25.0,0.0,0.0,3.9000000000000004,5000.0,4990.0,4980.0,1.0,1.0,0.0,21.0,4946.0,0.0,255.0,836.0,214.0,0.0,0.0,1245716.0,3.008,3.0,50.0
1788624020868,2026-09-05T20:00:20.868,0.0,4.0,0.0,1.0,2472.0,14.200000000000001,80.0,0.0,0.0,0.0,0.0,0.0,0.0,0.0,0.0,0.0,0.0,0.0,0.0,1.9839999999993196E-5,1.9839999999993196E-5,17.0,0.999,0.0,49.0,49.0,8.0,8.0,8.0,8.0,8.0,0.0,0.0,0.0,0.0,54.0,13.0,13.0,17.400000000000002,210.0,210.0,5.0,5.0,730.0,4240.0,0.0,0.0,0.0,1.0,19483.0,17.6,0.0,0.0,-20.75,-20.75,-21.0,21.5,-20.75,750.0,63.0,390.0,200.0,0.0,0.0,254.0,24.0,0.0,8.0,0.0,0.0,0.0,0.0,8.0,0.0,5.0,0.0,4.0,0.0,31.0,4687.0,100.0,0.0,0.0,0.0,0.0,25.0,0.0,0.0,3.9000000000000004,5000.0,4990.0,4980.0,1.0,1.0,0.0,21.0,5000.0,0.0,255.0,836.0,214.0,0.0,0.0,1245716.0,3.008,3.0,50.0
1788624021682,2026-09-05T20:00:21.682,0.0,4.0,0.0,1.0,2467.0,14.200000000000001,80.0,0.0,0.0,0.0,0.0,0.0,0.0,0.0,0.0,0.0,0.0,97.5,97.0,1.9839999999993196E-5,1.9839999999993196E-5,17.0,0.999,0.0,49.0,49.0,8.0,8.0,8.0,8.0,8.0,0.0,0.0,0.0,0.0,54.0,13.0,13.0,17.400000000000002,210.0,210.0,5.0,5.0,730.0,4250.0,0.0,0.0,0.0,1.0,19483.0,17.6,1.0,0.0,-20.625,-20.625,-20.875,21.4375,-20.625,750.0,62.0,390.0,200.0,0.0,0.0,254.0,24.0,0.0,8.0,0.0,0.0,0.0,0.0,8.0,0.0,5.0,0.0,4.0,0.0,33.0,4687.0,100.0,0.0,0.0,0.0,0.0,25.0,0.0,0.0,3.9000000000000004,5000.0,4990.0,4980.0,1.0,1.0,0.0,21.0,4699.0,0.0,255.0,836.0,214.0,0.0,0.0,1245716.0,3.008,3.0,50.0
1788624022729,2026-09-05T20:00:22.729,0.0,4.0,0.0,1.0,2472.0,14.200000000000001,80.0,0.0,0.0,0.0,0.0,0.0,0.0,0.0,0.0,0.0,0.0,96.5,96.0,1.9839999999993196E-5,1.9839999999993196E-5,17.0,0.999,0.0,49.0,49.0,8.0,8.0,8.0,8.0,8.0,0.0,0.0,0.0,0.0,54.0,13.0,13.0,17.400000000000002,210.0,210.0,5.0,5.0,730.0,4250.0,0.0,0.0,0.0,1.0,19483.0,17.6,1.0,0.0,-20.6875,-20.6875,-20.9375,21.5,-20.6875,750.0,63.0,390.0,200.0,0.0,0.0,254.0,24.0,0.0,8.0,0.0,0.0,0.0,0.0,8.0,0.0,5.0,0.0,4.0,0.0,34.0,4687.0,100.0,0.0,0.0,0.0,0.0,25.0,0.0,0.0,3.9000000000000004,5000.0,4990.0,4970.0,1.0,1.0,0.0,21.0,4564.0,0.0,255.0,836.0,215.0,0.0,0.0,1245716.0,3.008,3.0,50.0
1788624023521,2026-09-05T20:00:23.521,0.0,4.0,0.0,1.0,2477.0,14.200000000000001,80.0,0.0,0.0,0.0,0.0,0.0,0.0,0.0,0.0,0.0,0.0,96.5,96.0,1.9839999999993196E-5,1.9839999999993196E-5,17.0,0.999,0.0,49.0,49.0,8.0,8.0,8.0,8.0,8.0,0.0,0.0,0.0,0.0,54.0,13.0,13.0,17.400000000000002,210.0,210.0,5.0,5.0,730.0,4240.0,0.0,0.0,0.0,1.0,19483.0,17.6,0.0,0.0,-21.1875,-21.1875,-21.375,22.0,-21.1875,750.0,62.0,390.0,200.0,0.0,0.0,254.0,24.0,0.0,8.0,0.0,0.0,0.0,0.0,8.0,0.0,5.0,0.0,4.0,0.0,35.0,4687.0,100.0,0.0,0.0,0.0,0.0,25.0,0.0,0.0,3.9000000000000004,5000.0,4990.0,4980.0,1.0,1.0,0.0,21.0,2736.0,0.0,255.0,836.0,215.0,0.0,0.0,1245716.0,3.008,3.0,50.0
1788624024217,2026-09-05T20:00:24.217,0.0,4.0,0.0,1.0,2477.0,14.100000000000001,80.0,0.0,0.0,0.0,0.0,0.0,0.0,0.0,0.0,0.0,0.0,98.0,98.0,1.9839999999993196E-5,1.9839999999993196E-5,17.0,0.999,0.0,49.0,49.0,8.0,8.0,8.0,8.0,8.0,0.0,0.0,0.0,0.0,54.0,13.0,13.0,17.6,210.0,210.0,5.0,5.0,730.0,4250.0,0.0,0.0,0.0,1.0,19483.0,17.6,1.0,0.0,-20.875,-20.875,-21.0625,21.625,-20.875,750.0,63.0,390.0,200.0,0.0,0.0,254.0,20.0,0.0,8.0,0.0,1.0,0.0,0.0,8.0,0.0,5.0,0.0,4.0,0.0,34.0,4687.0,100.0,0.0,0.0,0.0,0.0,25.0,0.0,0.0,3.9000000000000004,5000.0,4990.0,4980.0,1.0,1.0,0.0,21.0,2373.0,0.0,255.0,836.0,228.0,0.0,0.0,1245716.0,3.008,3.0,50.0
1788624025041,2026-09-05T20:00:25.041,0.0,4.0,0.0,1.0,2467.0,14.200000000000001,80.0,0.0,0.0,0.0,0.0,0.0,0.0,0.0,0.0,0.0,0.0,96.5,96.5,1.9839999999993196E-5,1.9839999999993196E-5,17.0,0.999,0.0,49.0,49.0,7.0,7.0,7.0,7.0,7.0,0.0,0.0,0.0,0.0,54.0,13.0,13.0,17.6,210.0,210.0,5.0,5.0,730.0,4240.0,0.0,0.0,0.0,1.0,19483.0,17.5,0.0,0.0,-21.75,-21.75,-22.0,22.625,-21.75,750.0,61.0,390.0,200.0,0.0,0.0,254.0,20.0,0.0,8.0,0.0,1.0,0.0,0.0,8.0,0.0,5.0,0.0,4.0,0.0,36.0,4687.0,100.0,0.0,0.0,0.0,0.0,25.0,0.0,0.0,3.9000000000000004,5000.0,4990.0,4970.0,1.0,1.0,0.0,21.0,3467.0,0.0,255.0,836.0,218.0,0.0,0.0,1245716.0,3.008,3.0,50.0
1788624025824,2026-09-05T20:00:25.824,0.0,4.0,0.0,1.0,2377.0,14.200000000000001,80.0,0.0,0.0,0.0,0.0,0.0,0.0,0.0,0.0,0.0,0.0,97.0,97.0,1.9839999999993196E-5,1.9839999999993196E-5,17.0,0.999,0.0,49.0,49.0,6.0,6.0,6.0,6.0,6.0,0.0,0.0,0.0,0.0,54.0,13.0,13.0,17.3,210.0,210.0,5.0,5.0,730.0,4250.0,0.0,0.0,0.0,1.0,19483.0,17.1,1.0,0.0,-21.6875,-21.6875,-21.9375,22.75,-21.6875,750.0,59.0,390.0,190.0,0.0,0.0,254.0,20.0,0.0,8.0,0.0,1.0,0.0,0.0,8.0,0.0,5.0,0.0,4.0,0.0,34.0,4687.0,100.0,0.0,0.0,0.0,0.0,25.0,0.0,0.0,3.9000000000000004,5000.0,4990.0,4980.0,1.0,1.0,0.0,21.0,3093.0,0.0,255.0,836.0,218.0,0.0,0.0,1245716.0,3.008,3.0,50.0
1788624026613,2026-09-05T20:00:26.613,0.0,4.0,0.0,1.0,2284.0,14.200000000000001,80.0,0.0,0.0,0.0,0.0,0.0,0.0,0.0,0.0,0.0,0.0,96.5,96.5,1.9839999999993196E-5,1.9839999999993196E-5,17.0,0.999,0.0,49.0,49.0,6.0,6.0,6.0,6.0,6.0,0.0,0.0,0.0,0.0,54.0,13.0,13.0,16.400000000000002,210.0,210.0,5.0,5.0,710.0,4270.0,0.0,0.0,0.0,1.0,19483.0,16.2,1.0,0.0,-21.625,-21.625,-21.875,22.875,-21.625,750.0,57.0,390.0,200.0,0.0,0.0,254.0,20.0,0.0,8.0,0.0,1.0,0.0,0.0,8.0,0.0,5.0,0.0,4.0,0.0,35.0,4687.0,100.0,0.0,0.0,0.0,0.0,25.0,0.0,0.0,3.9000000000000004,5000.0,4990.0,4980.0,1.0,1.0,0.0,21.0,2795.0,0.0,255.0,836.0,241.0,0.0,0.0,1245716.0,3.008,3.0,50.0
1788624027458,2026-09-05T20:00:27.458,0.0,4.0,0.0,1.0,2236.0,14.200000000000001,80.0,0.0,0.0,0.0,0.0,0.0,0.0,0.0,0.0,0.0,0.0,96.5,96.5,1.9839999999993196E-5,1.9839999999993196E-5,17.0,0.999,0.0,49.0,49.0,7.0,7.0,7.0,7.0,7.0,0.0,0.0,0.0,0.0,54.0,13.0,13.0,16.3,210.0,210.0,5.0,5.0,710.0,4280.0,0.0,0.0,0.0,1.0,19483.0,16.0,0.0,0.0,-21.75,-21.75,-22.0,23.0,-21.75,750.0,57.0,390.0,200.0,0.0,0.0,254.0,24.0,0.0,8.0,0.0,0.0,0.0,0.0,8.0,0.0,5.0,0.0,4.0,0.0,31.0,4687.0,100.0,0.0,0.0,0.0,0.0,25.0,0.0,0.0,3.9000000000000004,5000.0,4990.0,4990.0,1.0,1.0,0.0,21.0,3106.0,0.0,255.0,836.0,240.0,0.0,0.0,1245716.0,3.008,3.0,50.0
1788624028245,2026-09-05T20:00:28.245,0.0,4.0,0.0,1.0,2253.0,14.200000000000001,80.0,0.0,0.0,0.0,0.0,0.0,0.0,0.0,0.0,0.0,0.0,96.5,96.5,1.9839999999993196E-5,1.9839999999993196E-5,17.0,0.999,0.0,49.0,49.0,6.0,6.0,6.0,6.0,6.0,0.0,0.0,0.0,0.0,54.0,13.0,13.0,16.8,210.0,210.0,5.0,5.0,710.0,4270.0,0.0,0.0,0.0,1.0,19483.0,16.2,1.0,0.0,-21.375,-21.375,-21.625,22.625,-21.375,750.0,57.0,390.0,200.0,0.0,0.0,254.0,20.0,0.0,8.0,0.0,1.0,0.0,0.0,8.0,0.0,5.0,0.0,4.0,0.0,32.0,4687.0,100.0,0.0,0.0,0.0,0.0,25.0,0.0,0.0,3.9000000000000004,5000.0,4990.0,4980.0,1.0,1.0,0.0,21.0,3421.0,0.0,255.0,836.0,243.0,0.0,0.0,1245716.0,3.008,3.0,50.0
1788624029082,2026-09-05T20:00:29.082,0.0,4.0,0.0,1.0,2257.0,14.200000000000001,81.0,0.0,0.0,0.0,0.0,0.0,0.0,0.0,0.0,0.0,0.0,96.5,96.5,1.9839999999993196E-5,1.9839999999993196E-5,17.0,0.999,0.0,49.0,49.0,6.0,6.0,6.0,6.0,6.0,0.0,0.0,0.0,0.0,54.0,13.0,14.0,17.0,210.0,210.0,5.0,5.0,710.0,4270.0,0.0,0.0,0.0,1.0,19483.0,16.3,0.0,0.0,-21.1875,-21.1875,-21.4375,22.4375,-21.1875,750.0,57.0,390.0,200.0,0.0,0.0,254.0,20.0,0.0,8.0,0.0,1.0,0.0,0.0,8.0,0.0,5.0,0.0,4.0,0.0,33.0,4687.0,100.0,0.0,0.0,0.0,0.0,25.0,0.0,0.0,3.9000000000000004,5000.0,4990.0,4970.0,1.0,1.0,0.0,21.0,3512.0,0.0,255.0,836.0,256.0,0.0,0.0,1245716.0,3.008,3.0,50.0
1788624029861,2026-09-05T20:00:29.861,0.0,4.0,0.0,1.0,2219.0,14.200000000000001,81.0,0.0,0.0,0.0,0.0,0.0,0.0,0.0,0.0,0.0,0.0,96.5,96.5,1.9839999999993196E-5,1.9839999999993196E-5,18.0,0.999,0.0,48.0,48.0,6.0,6.0,6.0,6.0,6.0,0.0,0.0,0.0,0.0,54.0,13.0,13.0,16.6,210.0,210.0,5.0,5.0,710.0,4270.0,0.0,0.0,0.0,1.0,19483.0,15.8,1.0,0.0,-21.6875,-21.6875,-21.9375,22.9375,-21.6875,750.0,56.0,390.0,200.0,0.0,0.0,254.0,20.0,0.0,8.0,0.0,1.0,0.0,0.0,8.0,0.0,5.0,0.0,4.0,0.0,34.0,4687.0,100.0,0.0,0.0,0.0,0.0,25.0,0.0,0.0,3.9000000000000004,5000.0,4990.0,4980.0,1.0,1.0,0.0,21.0,2878.0,0.0,255.0,836.0,237.0,0.0,0.0,1245716.0,3.008,3.0,50.0
1788624030917,2026-09-05T20:00:30.917,0.0,4.0,0.0,1.0,2190.0,14.200000000000001,81.0,0.0,0.0,0.0,0.0,0.0,0.0,0.0,0.0,0.0,0.0,0.0,0.0,1.9839999999993196E-5,1.9839999999993196E-5,18.0,0.999,0.0,48.0,48.0,6.0,6.0,6.0,6.0,6.0,0.0,0.0,0.0,0.0,54.0,13.0,13.0,15.8,210.0,210.0,4.0,4.0,700.0,4290.0,0.0,0.0,0.0,1.0,19483.0,15.3,0.0,0.0,-22.1875,-22.1875,-22.375,23.5625,-22.1875,750.0,55.0,390.0,200.0,0.0,0.0,254.0,20.0,0.0,8.0,0.0,1.0,0.0,0.0,8.0,0.0,5.0,0.0,4.0,0.0,31.0,4687.0,100.0,0.0,0.0,0.0,0.0,25.0,0.0,0.0,3.9000000000000004,5000.0,4990.0,4970.0,1.0,1.0,0.0,21.0,2575.0,0.0,255.0,836.0,222.0,0.0,0.0,1245716.0,3.008,3.0,50.0
1788624031731,2026-09-05T20:00:31.731,0.0,4.0,0.0,1.0,2111.0,14.200000000000001,81.0,0.0,0.0,0.0,0.0,0.0,0.0,0.0,0.0,0.0,0.0,96.5,96.5,1.9839999999993196E-5,1.9839999999993196E-5,18.0,0.999,0.0,48.0,48.0,6.0,6.0,6.0,6.0,6.0,0.0,0.0,0.0,0.0,54.0,13.0,13.0,14.9,210.0,210.0,4.0,4.0,690.0,4280.0,0.0,0.0,0.0,1.0,19483.0,14.4,1.0,0.0,-22.1875,-22.1875,-22.4375,23.75,-22.1875,750.0,52.0,390.0,200.0,0.0,0.0,254.0,20.0,0.0,8.0,0.0,1.0,0.0,0.0,8.0,0.0,5.0,0.0,4.0,0.0,32.0,4687.0,100.0,0.0,0.0,0.0,0.0,25.0,0.0,0.0,3.9000000000000004,5000.0,4990.0,4980.0,1.0,1.0,0.0,21.0,4117.0,0.0,255.0,836.0,222.0,0.0,0.0,1245716.0,3.008,3.0,50.0
1788624032586,2026-09-05T20:00:32.586,0.0,4.0,0.0,1.0,2023.0,14.200000000000001,81.0,0.0,0.0,0.0,0.0,0.0,0.0,0.0,0.0,0.0,0.0,96.5,96.5,1.9839999999993196E-5,1.9839999999993196E-5,18.0,0.999,0.0,48.0,48.0,7.0,7.0,7.0,7.0,7.0,0.0,0.0,0.0,0.0,53.0,13.0,13.0,13.700000000000001,210.0,210.0,4.0,4.0,670.0,4300.0,0.0,0.0,0.0,1.0,19483.0,13.5,1.0,0.0,-22.4375,-22.4375,-22.625,24.1875,-22.4375,750.0,49.0,390.0,200.0,0.0,0.0,254.0,20.0,0.0,8.0,0.0,1.0,0.0,0.0,8.0,0.0,5.0,0.0,4.0,0.0,31.0,4687.0,100.0,0.0,0.0,0.0,0.0,26.0,0.0,0.0,3.9000000000000004,5000.0,4990.0,4970.0,1.0,1.0,0.0,21.0,3296.0,0.0,255.0,836.0,222.0,0.0,0.0,1245716.0,3.008,3.0,50.0
1788624033446,2026-09-05T20:00:33.446,0.0,4.0,0.0,1.0,1893.0,14.200000000000001,81.0,0.0,0.0,0.0,0.0,0.0,0.0,0.0,0.0,0.0,0.0,96.5,96.5,1.9839999999993196E-5,1.9839999999993196E-5,18.0,0.999,0.0,46.0,46.0,7.0,7.0,7.0,7.0,7.0,0.0,0.0,0.0,0.0,54.0,13.0,13.0,13.0,210.0,210.0,3.0,3.0,660.0,4340.0,0.0,0.0,0.0,1.0,19483.0,12.700000000000001,0.0,0.0,-22.75,-22.75,-23.0,24.8125,-22.75,750.0,46.0,390.0,200.0,0.0,0.0,254.0,20.0,0.0,8.0,0.0,1.0,0.0,0.0,8.0,0.0,5.0,0.0,4.0,0.0,31.0,4687.0,100.0,0.0,0.0,0.0,0.0,26.0,0.0,0.0,3.9000000000000004,5000.0,4990.0,4980.0,1.0,1.0,0.0,21.0,2882.0,0.0,255.0,836.0,231.0,0.0,0.0,1245716.0,3.008,3.0,50.0
1788624034240,2026-09-05T20:00:34.240,0.0,4.0,0.0,1.0,1741.0,14.200000000000001,81.0,0.0,0.0,0.0,0.0,0.0,0.0,0.0,0.0,0.0,0.0,97.5,97.5,1.9839999999993196E-5,1.9839999999993196E-5,18.0,0.999,0.0,43.0,43.0,8.0,8.0,8.0,8.0,8.0,0.0,0.0,0.0,0.0,53.0,13.0,13.0,12.4,210.0,210.0,3.0,3.0,650.0,4330.0,0.0,0.0,0.0,1.0,19483.0,12.0,1.0,0.0,-23.125,-23.125,-23.375,25.3125,-23.125,750.0,43.0,390.0,200.0,0.0,0.0,254.0,20.0,0.0,8.0,0.0,1.0,0.0,0.0,8.0,0.0,5.0,0.0,4.0,0.0,31.0,4687.0,100.0,0.0,0.0,0.0,0.0,26.0,0.0,0.0,3.9000000000000004,5000.0,4990.0,4980.0,1.0,1.0,0.0,21.0,2335.0,0.0,255.0,836.0,228.0,0.0,0.0,1245716.0,3.008,3.0,50.0
1788624034993,2026-09-05T20:00:34.993,0.0,4.0,0.0,1.0,1669.0,14.100000000000001,81.0,0.0,0.0,0.0,0.0,0.0,0.0,0.0,0.0,0.0,0.0,96.0,96.0,1.9839999999993196E-5,1.9839999999993196E-5,18.0,0.999,0.0,41.0,41.0,7.0,7.0,7.0,7.0,7.0,0.0,0.0,0.0,0.0,54.0,13.0,13.0,12.100000000000001,210.0,210.0,3.0,3.0,650.0,4340.0,0.0,0.0,0.0,1.0,19483.0,11.5,0.0,0.0,-23.875,-23.875,-24.125,26.0625,-23.875,750.0,41.0,390.0,200.0,0.0,0.0,254.0,20.0,0.0,8.0,0.0,1.0,0.0,0.0,8.0,0.0,5.0,0.0,4.0,0.0,32.0,4687.0,100.0,0.0,0.0,0.0,0.0,26.0,0.0,0.0,3.9000000000000004,5000.0,4990.0,4990.0,1.0,1.0,0.0,21.0,4108.0,0.0,255.0,836.0,222.0,0.0,0.0,1245716.0,3.008,3.0,50.0
1788624035802,2026-09-05T20:00:35.802,0.0,4.0,0.0,1.0,1611.0,14.200000000000001,81.0,0.0,0.0,0.0,0.0,0.0,0.0,0.0,0.0,0.0,0.0,96.5,96.5,1.9839999999993196E-5,1.9839999999993196E-5,18.0,0.999,0.0,40.0,40.0,8.0,8.0,8.0,8.0,8.0,0.0,0.0,0.0,0.0,54.0,13.0,13.0,11.0,210.0,210.0,3.0,3.0,640.0,4340.0,0.0,0.0,0.0,1.0,19483.0,10.9,1.0,0.0,-24.25,-24.25,-24.5,26.4375,-24.25,750.0,39.0,390.0,200.0,0.0,0.0,254.0,20.0,0.0,8.0,0.0,1.0,0.0,0.0,8.0,0.0,5.0,0.0,4.0,0.0,31.0,4687.0,100.0,0.0,0.0,0.0,0.0,26.0,0.0,0.0,3.9000000000000004,5000.0,4990.0,4970.0,1.0,1.0,0.0,21.0,4839.0,0.0,255.0,836.0,220.0,0.0,0.0,1245716.0,3.008,3.0,50.0
1788624036538,2026-09-05T20:00:36.538,0.0,4.0,0.0,1.0,1439.0,14.100000000000001,81.0,2.66,2.66,2.66,2.66,0.0,0.0,0.0,0.0,0.0,0.0,98.0,98.0,1.9839999999993196E-5,1.9839999999993196E-5,18.0,1.704,0.0,43.0,42.0,7.0,7.0,7.0,7.0,7.0,0.0,0.0,0.0,0.0,53.0,12.0,12.0,8.5,210.0,210.0,2.0,2.0,610.0,4370.0,0.0,0.0,0.0,1.0,19483.0,8.8,1.0,0.0,-25.5625,-18.5,-17.6875,27.75,-25.5625,750.0,37.0,390.0,200.0,0.0,0.0,254.0,20.0,0.0,8.0,0.0,1.0,1.0,0.0,8.0,0.0,5.0,1.0,4.0,100.0,31.0,4687.0,100.0,0.0,0.0,0.0,0.0,26.0,0.0,0.0,3.9000000000000004,5000.0,4990.0,4980.0,1.0,1.0,0.0,21.0,2506.0,0.0,255.0,836.0,221.0,0.0,0.0,1245716.0,3.008,3.0,50.0
1788624037353,2026-09-05T20:00:37.353,0.0,4.0,0.0,1.0,1039.0,14.100000000000001,81.0,2.14,2.14,2.14,2.14,1.0,0.0,859.0,0.0,0.0,24.0,97.0,97.0,1.9839999999993196E-5,1.9839999999993196E-5,18.0,1.426,0.0,37.0,35.0,7.0,24.0,24.0,24.0,24.0,0.0,0.0,0.0,0.0,54.0,19.0,14.0,7.300000000000001,315.0,231.0,2.0,2.0,620.0,4370.0,0.0,0.0,0.0,1.0,19483.0,9.700000000000001,0.0,0.0,-26.8125,-4.1875,-4.1875,29.0,-26.8125,750.0,36.0,390.0,200.0,0.0,0.0,254.0,20.0,0.0,8.0,0.0,1.0,0.0,0.0,8.0,0.0,5.0,1.0,4.0,0.0,30.0,4687.0,100.0,0.0,0.0,0.0,0.0,26.0,0.0,0.0,3.9000000000000004,5000.0,4990.0,4990.0,1.0,1.0,0.0,21.0,1531.0,0.0,255.0,836.0,228.0,0.0,0.0,1245716.0,3.008,3.0,50.0
1788624038043,2026-09-05T20:00:38.043,0.0,4.0,0.0,1.0,758.0,14.100000000000001,81.0,3.91,3.91,3.91,3.91,0.0,1.0,273.0,1.0,0.0,815.0,96.0,96.0,-0.00737363000000002,-0.00737363000000002,18.0,1.22,4.0,15.0,15.0,-35.0,14.0,14.0,14.0,14.0,0.0,0.0,0.0,0.0,54.0,32.0,31.0,15.700000000000001,504.0,483.0,5.0,5.0,720.0,4260.0,0.0,0.0,0.0,1.0,19483.0,15.8,1.0,0.0,-25.8125,3.0625,5.5625,28.0,-25.8125,750.0,35.0,390.0,200.0,0.0,0.0,254.0,20.0,0.0,8.0,0.0,1.0,0.0,0.0,8.0,0.0,5.0,1.0,4.0,0.0,29.0,4687.0,100.0,0.0,0.0,0.0,0.0,26.0,0.0,0.0,3.9000000000000004,5000.0,4990.0,4980.0,1.0,1.0,0.0,21.0,1889.0,0.0,255.0,836.0,228.0,0.0,0.0,1245716.0,3.008,3.0,50.0
1788624039138,2026-09-05T20:00:39.138,0.0,4.0,0.0,1.0,823.0,14.100000000000001,81.0,2.9,2.9,2.9,2.9,0.0,1.0,39.0,0.0,0.0,34.0,97.5,97.5,0.018988019999999994,0.018988019999999994,18.0,0.999,5.0,18.0,18.0,-19.0,3.0,3.0,3.0,3.0,0.0,0.0,0.0,0.0,54.0,22.0,21.0,9.1,357.0,357.0,2.0,2.0,620.0,4370.0,0.0,0.0,0.0,1.0,19483.0,9.5,0.0,0.0,-26.375,5.8125,3.0625,28.5625,-26.375,750.0,33.0,390.0,200.0,0.0,0.0,254.0,20.0,0.0,8.0,0.0,1.0,0.0,0.0,8.0,0.0,5.0,1.0,4.0,0.0,30.0,4687.0,100.0,0.0,0.0,0.0,0.0,26.0,0.0,0.0,3.9000000000000004,5000.0,4990.0,4980.0,1.0,1.0,0.0,21.0,1253.0,0.0,255.0,836.0,236.0,0.0,0.0,1245716.0,3.008,3.0,50.0
1788624039958,2026-09-05T20:00:39.958,0.0,4.0,0.0,1.0,758.0,14.100000000000001,81.0,2.88,2.88,2.88,2.88,0.0,1.0,39.0,0.0,0.0,34.0,97.5,97.5,0.028716269999999988,0.028716269999999988,18.0,0.999,7.0,16.0,16.0,-21.0,4.0,4.0,4.0,4.0,0.0,0.0,0.0,0.0,54.0,24.0,23.0,9.5,399.0,378.0,3.0,3.0,630.0,4350.0,0.0,0.0,0.0,1.0,19483.0,10.3,1.0,0.0,-27.4375,3.25,3.375,29.625,-27.4375,750.0,32.0,390.0,200.0,0.0,0.0,254.0,20.0,0.0,8.0,0.0,1.0,0.0,0.0,8.0,0.0,5.0,1.0,4.0,0.0,31.0,4687.0,100.0,0.0,0.0,0.0,0.0,26.0,0.0,0.0,3.9000000000000004,5000.0,4990.0,4980.0,1.0,1.0,0.0,21.0,1246.0,0.0,255.0,836.0,247.0,0.0,0.0,1245716.0,3.008,3.0,50.0
1788624040582,2026-09-05T20:00:40.582,0.0,4.0,0.0,1.0,763.0,14.100000000000001,81.0,3.0300000000000002,3.0300000000000002,3.0300000000000002,3.0300000000000002,0.0,1.0,39.0,0.0,0.0,34.0,97.0,97.0,0.06411947000000001,0.06411947000000001,18.0,0.999,8.0,16.0,16.0,-23.0,0.0,0.0,0.0,0.0,0.0,0.0,0.0,0.0,54.0,22.0,22.0,9.200000000000001,378.0,357.0,2.0,2.0,620.0,4370.0,0.0,0.0,0.0,1.0,19483.0,9.600000000000001,0.0,0.0,-27.5625,2.0625,1.25,29.75,-27.5625,750.0,31.0,390.0,200.0,0.0,0.0,254.0,20.0,0.0,8.0,0.0,1.0,0.0,0.0,8.0,0.0,5.0,1.0,4.0,0.0,27.0,4687.0,100.0,0.0,0.0,0.0,0.0,26.0,0.0,0.0,3.9000000000000004,5000.0,4990.0,4970.0,1.0,1.0,0.0,21.0,1360.0,0.0,255.0,836.0,274.0,0.0,0.0,1245716.0,3.008,3.0,50.0
1788624041429,2026-09-05T20:00:41.429,0.0,4.0,0.0,1.0,759.0,14.200000000000001,81.0,2.99,2.99,2.99,2.99,0.0,1.0,48.0,0.0,0.0,39.0,96.5,96.5,0.09244203000000001,0.09244203000000001,18.0,0.999,8.0,17.0,17.0,-17.0,-4.0,-4.0,-4.0,-4.0,0.0,0.0,0.0,0.0,54.0,20.0,21.0,8.6,336.0,336.0,2.0,2.0,610.0,4370.0,0.0,0.0,0.0,1.0,19483.0,8.700000000000001,0.0,0.0,-26.6875,-1.75,-2.125,28.875,-26.6875,750.0,31.0,390.0,200.0,0.0,0.0,254.0,20.0,0.0,8.0,0.0,0.0,1.0,0.0,8.0,0.0,5.0,1.0,4.0,100.0,26.0,4687.0,100.0,0.0,0.0,0.0,0.0,26.0,0.0,0.0,3.9000000000000004,5000.0,4990.0,4980.0,1.0,1.0,0.0,21.0,1863.0,0.0,255.0,836.0,272.0,0.0,0.0,1245716.0,3.008,3.0,50.0
1788624042258,2026-09-05T20:00:42.258,0.0,4.0,0.0,1.0,766.0,14.100000000000001,81.0,2.82,2.82,2.82,2.82,0.0,1.0,68.0,0.0,0.0,58.0,98.0,98.0,0.13138554999999996,0.13138554999999996,18.0,0.999,8.0,18.0,18.0,-12.0,15.0,15.0,15.0,15.0,0.0,0.0,0.0,0.0,53.0,25.0,20.0,9.3,399.0,336.0,3.0,3.0,630.0,4350.0,0.0,0.0,0.0,1.0,19483.0,11.200000000000001,1.0,0.0,11.8125,6.6875,6.625,28.75,11.8125,750.0,31.0,710.0,330.0,9.3,8.0,254.0,20.0,0.0,8.0,0.0,0.0,1.0,0.0,8.0,0.0,5.0,2.0,4.0,100.0,29.0,4687.0,100.0,0.0,0.0,0.0,0.0,26.0,0.0,0.0,3.9000000000000004,5000.0,4990.0,4990.0,1.0,1.0,0.0,21.0,1799.0,0.0,255.0,836.0,271.0,0.0,0.0,1245716.0,3.008,3.0,50.0
1788624043009,2026-09-05T20:00:43.009,0.0,4.0,0.0,1.0,1385.0,14.200000000000001,81.0,5.28,5.28,5.28,5.28,1.0,1.0,761.0,1.0,0.0,595.0,96.5,96.5,0.13763451999999998,0.13763451999999998,17.0,0.999,18.0,24.0,24.0,-27.0,24.0,24.0,24.0,24.0,0.0,0.0,0.0,0.0,53.0,23.0,25.0,25.400000000000002,357.0,357.0,7.0,7.0,800.0,4160.0,0.0,0.0,0.0,1.0,19483.0,25.1,0.0,0.0,5.3125,14.25,14.4375,26.8125,5.3125,750.0,32.0,820.0,390.0,12.700000000000001,11.5,254.0,20.0,0.0,8.0,0.0,0.0,1.0,0.0,8.0,0.0,5.0,2.0,4.0,100.0,32.0,4687.0,100.0,0.0,0.0,0.0,0.0,26.0,0.0,0.0,3.9000000000000004,5000.0,4990.0,4970.0,1.0,1.0,0.0,21.0,2000.0,0.0,255.0,836.0,271.0,0.0,0.0,1245716.0,3.008,3.0,50.0
1788624043724,2026-09-05T20:00:43.724,0.0,4.0,0.0,1.0,2488.0,14.200000000000001,81.0,2.24,2.24,2.24,2.24,0.0,1.0,68.0,0.0,0.0,73.0,96.0,96.0,0.15860938999999996,0.15860938999999996,16.0,0.999,12.0,46.0,46.0,-19.0,30.0,30.0,30.0,30.0,0.0,0.0,0.0,0.0,53.0,14.0,15.0,20.5,231.0,231.0,6.0,6.0,760.0,4220.0,0.0,0.0,0.0,1.0,19483.0,19.5,1.0,0.0,-0.5625,-1.75,-1.9375,23.1875,-0.5625,750.0,32.0,830.0,390.0,12.8,11.5,254.0,20.0,0.0,8.0,0.0,0.0,1.0,0.0,8.0,0.0,5.0,2.0,4.0,100.0,28.0,4687.0,100.0,0.0,0.0,0.0,0.0,26.0,0.0,0.0,3.9000000000000004,5000.0,4990.0,4980.0,1.0,1.0,0.0,21.0,2648.0,0.0,255.0,836.0,248.0,0.0,0.0,1245716.0,3.008,3.0,50.0
1788624044557,2026-09-05T20:00:44.557,0.0,4.0,0.0,1.0,2493.0,14.100000000000001,81.0,2.07,2.07,2.07,2.07,1.0,1.0,761.0,0.0,0.0,166.0,96.0,96.0,0.19104452,0.19104452,16.0,0.999,10.0,49.0,49.0,-15.0,39.0,39.0,39.0,39.0,0.0,0.0,0.0,0.0,53.0,13.0,14.0,19.6,210.0,210.0,6.0,6.0,760.0,4230.0,0.0,0.0,0.0,1.0,19483.0,19.5,1.0,0.0,-0.9375,-0.9375,-1.25,22.0625,-0.9375,750.0,32.0,800.0,380.0,12.200000000000001,10.9,254.0,20.0,0.0,8.0,0.0,0.0,0.0,0.0,8.0,0.0,5.0,2.0,4.0,0.0,26.0,4687.0,100.0,0.0,0.0,0.0,0.0,26.0,0.0,0.0,3.9000000000000004,5000.0,4990.0,4980.0,1.0,1.0,0.0,21.0,2976.0,0.0,255.0,836.0,233.0,0.0,0.0,1245716.0,3.008,3.0,50.0
1788624045338,2026-09-05T20:00:45.338,0.0,4.0,0.0,1.0,2498.0,14.200000000000001,81.0,2.08,2.08,2.08,2.08,1.0,1.0,791.0,1.0,0.0,776.0,97.5,97.5,0.14946102,0.14946102,15.0,0.999,12.0,49.0,49.0,5.0,28.0,28.0,28.0,28.0,0.0,0.0,0.0,0.0,53.0,13.0,14.0,19.6,210.0,210.0,6.0,6.0,760.0,4230.0,0.0,0.0,0.0,1.0,19483.0,19.6,0.0,0.0,-18.0625,-7.625,-7.5,21.9375,-21.1875,750.0,32.0,390.0,200.0,0.0,0.0,254.0,20.0,0.0,8.0,0.0,0.0,0.0,0.0,8.0,0.0,5.0,2.0,4.0,0.0,29.0,4687.0,100.0,0.0,0.0,0.0,0.0,26.0,0.0,0.0,3.9000000000000004,5000.0,4990.0,4980.0,1.0,1.0,0.0,21.0,2955.0,0.0,255.0,836.0,228.0,0.0,0.0,1245716.0,3.008,3.0,50.0
1788624046171,2026-09-05T20:00:46.171,0.0,4.0,0.0,1.0,2498.0,14.200000000000001,81.0,2.0300000000000002,2.0300000000000002,2.0300000000000002,2.0300000000000002,0.0,1.0,63.0,1.0,0.0,590.0,95.0,95.5,0.13017237999999998,0.13017237999999998,14.0,0.999,10.0,47.0,47.0,-14.0,4.0,4.0,4.0,4.0,0.0,0.0,0.0,0.0,53.0,13.0,14.0,19.3,210.0,210.0,6.0,6.0,760.0,4220.0,0.0,0.0,0.0,1.0,19483.0,19.6,1.0,0.0,-21.25,-17.9375,-17.8125,22.0,-21.25,750.0,32.0,390.0,200.0,0.0,0.0,254.0,20.0,0.0,8.0,0.0,0.0,0.0,0.0,8.0,0.0,5.0,2.0,4.0,0.0,30.0,4687.0,100.0,0.0,0.0,0.0,0.0,26.0,0.0,0.0,3.9000000000000004,5000.0,4990.0,4980.0,1.0,1.0,0.0,21.0,4115.0,0.0,255.0,836.0,225.0,0.0,0.0,1245716.0,3.008,3.0,50.0
1788624047235,2026-09-05T20:00:47.235,0.0,4.0,0.0,1.0,2451.0,14.200000000000001,81.0,0.0,0.0,0.0,0.0,0.0,0.0,9.0,0.0,0.0,34.0,90.5,96.0,1.9839999999993196E-5,1.9839999999993196E-5,13.0,0.999,0.0,42.0,42.0,-1.0,-1.0,-1.0,-1.0,-1.0,0.0,0.0,0.0,0.0,53.0,14.0,15.0,19.900000000000002,210.0,231.0,6.0,6.0,750.0,4220.0,0.0,0.0,0.0,1.0,19483.0,19.3,0.0,0.0,-21.125,-21.125,-21.375,22.0,-21.125,750.0,31.0,390.0,200.0,0.0,0.0,254.0,20.0,0.0,8.0,0.0,0.0,0.0,0.0,8.0,0.0,5.0,0.0,4.0,0.0,31.0,4687.0,100.0,0.0,0.0,0.0,0.0,26.0,0.0,0.0,3.9000000000000004,5000.0,4990.0,4970.0,1.0,1.0,0.0,21.0,5000.0,0.0,255.0,836.0,227.0,0.0,0.0,1245716.0,3.008,3.0,50.0
1788624048018,2026-09-05T20:00:48.018,0.0,4.0,0.0,1.0,2391.0,14.200000000000001,81.0,0.0,0.0,0.0,0.0,0.0,0.0,0.0,0.0,0.0,0.0,91.0,96.5,1.9839999999993196E-5,1.9839999999993196E-5,13.0,0.999,0.0,42.0,42.0,3.0,3.0,3.0,3.0,3.0,0.0,0.0,0.0,0.0,53.0,14.0,15.0,19.5,210.0,231.0,5.0,5.0,750.0,4230.0,0.0,0.0,0.0,1.0,19483.0,18.900000000000002,1.0,0.0,-21.125,-21.125,-21.375,22.125,-21.125,750.0,31.0,390.0,200.0,0.0,0.0,254.0,20.0,0.0,8.0,0.0,0.0,0.0,0.0,8.0,0.0,5.0,0.0,4.0,0.0,31.0,4687.0,100.0,0.0,0.0,0.0,0.0,26.0,0.0,0.0,3.9000000000000004,5000.0,4990.0,4970.0,1.0,1.0,0.0,21.0,3160.0,0.0,255.0,836.0,227.0,0.0,0.0,1245716.0,3.008,3.0,50.0
1788624048720,2026-09-05T20:00:48.720,0.0,4.0,0.0,1.0,2343.0,14.200000000000001,81.0,0.0,0.0,0.0,0.0,0.0,0.0,0.0,0.0,0.0,0.0,92.0,95.5,1.9839999999993196E-5,1.9839999999993196E-5,13.0,0.999,0.0,41.0,41.0,2.0,2.0,2.0,2.0,2.0,0.0,0.0,0.0,0.0,53.0,14.0,15.0,19.3,210.0,231.0,5.0,5.0,740.0,4240.0,0.0,0.0,0.0,1.0,19483.0,18.400000000000002,0.0,0.0,-21.125,-21.125,-21.375,22.1875,-21.125,750.0,30.0,390.0,200.0,0.0,0.0,254.0,20.0,0.0,8.0,0.0,0.0,0.0,0.0,8.0,0.0,5.0,0.0,4.0,0.0,33.0,4687.0,100.0,0.0,0.0,0.0,0.0,26.0,0.0,0.0,3.9000000000000004,5000.0,4990.0,4990.0,1.0,1.0,0.0,21.0,2473.0,0.0,255.0,836.0,228.0,0.0,0.0,1245716.0,3.008,3.0,50.0
1788624049475,2026-09-05T20:00:49.475,0.0,4.0,0.0,1.0,2311.0,14.200000000000001,81.0,0.0,0.0,0.0,0.0,0.0,0.0,0.0,0.0,0.0,0.0,93.5,96.0,1.9839999999993196E-5,1.9839999999993196E-5,13.0,0.999,0.0,42.0,42.0,3.0,3.0,3.0,3.0,3.0,0.0,0.0,0.0,0.0,53.0,14.0,15.0,18.6,210.0,231.0,5.0,5.0,740.0,4240.0,0.0,0.0,0.0,1.0,19483.0,17.900000000000002,0.0,0.0,-21.125,-21.125,-21.375,22.25,-21.125,750.0,30.0,390.0,200.0,0.0,0.0,254.0,20.0,0.0,8.0,0.0,0.0,0.0,0.0,8.0,0.0,5.0,0.0,4.0,0.0,31.0,4687.0,100.0,0.0,0.0,0.0,0.0,26.0,0.0,0.0,3.9000000000000004,5000.0,4990.0,4990.0,1.0,1.0,0.0,21.0,5000.0,0.0,255.0,836.0,228.0,0.0,0.0,1245716.0,3.008,3.0,50.0
1788624050277,2026-09-05T20:00:50.277,0.0,4.0,0.0,1.0,2279.0,14.200000000000001,82.0,0.0,0.0,0.0,0.0,0.0,0.0,0.0,0.0,0.0,0.0,95.0,96.0,1.9839999999993196E-5,1.9839999999993196E-5,13.0,0.999,0.0,42.0,42.0,3.0,3.0,3.0,3.0,3.0,0.0,0.0,0.0,0.0,53.0,14.0,15.0,18.400000000000002,210.0,231.0,5.0,5.0,730.0,4250.0,0.0,0.0,0.0,1.0,19483.0,17.5,1.0,0.0,-21.0,-21.0,-21.3125,22.1875,-21.0,750.0,29.0,390.0,200.0,0.0,0.0,254.0,20.0,0.0,8.0,0.0,0.0,0.0,0.0,8.0,0.0,5.0,0.0,4.0,0.0,32.0,4687.0,100.0,0.0,0.0,0.0,0.0,26.0,0.0,0.0,3.9000000000000004,5000.0,4990.0,4980.0,1.0,1.0,0.0,21.0,2304.0,0.0,255.0,836.0,228.0,0.0,0.0,1245716.0,3.008,3.0,50.0
1788624051050,2026-09-05T20:00:51.050,0.0,4.0,0.0,1.0,2257.0,14.200000000000001,82.0,0.0,0.0,0.0,0.0,0.0,0.0,0.0,0.0,0.0,0.0,96.0,96.0,1.9839999999993196E-5,1.9839999999993196E-5,13.0,0.999,0.0,42.0,42.0,4.0,4.0,4.0,4.0,4.0,0.0,0.0,0.0,0.0,53.0,14.0,14.0,17.900000000000002,210.0,210.0,5.0,5.0,720.0,4260.0,0.0,0.0,0.0,1.0,19483.0,17.2,0.0,0.0,-21.0625,-21.0625,-21.3125,22.3125,-21.0625,750.0,29.0,390.0,200.0,0.0,0.0,254.0,20.0,0.0,8.0,0.0,0.0,0.0,0.0,8.0,0.0,5.0,0.0,4.0,0.0,33.0,4687.0,100.0,0.0,0.0,0.0,0.0,26.0,0.0,0.0,3.9000000000000004,5000.0,4990.0,4980.0,1.0,1.0,0.0,21.0,5000.0,0.0,255.0,836.0,228.0,0.0,0.0,1245716.0,3.008,3.0,50.0
1788624051778,2026-09-05T20:00:51.778,0.0,4.0,0.0,1.0,2232.0,14.200000000000001,82.0,0.0,0.0,0.0,0.0,0.0,0.0,0.0,0.0,0.0,0.0,96.5,96.5,1.9839999999993196E-5,1.9839999999993196E-5,13.0,0.999,0.0,42.0,42.0,3.0,3.0,3.0,3.0,3.0,0.0,0.0,0.0,0.0,53.0,13.0,14.0,17.400000000000002,210.0,210.0,5.0,5.0,720.0,4270.0,0.0,0.0,0.0,1.0,19483.0,16.8,1.0,0.0,-10.3125,-15.4375,-16.1875,22.3125,-10.3125,750.0,29.0,710.0,340.0,9.3,8.1,254.0,20.0,0.0,8.0,0.0,0.0,0.0,0.0,8.0,0.0,5.0,2.0,4.0,0.0,33.0,4687.0,100.0,0.0,0.0,0.0,0.0,26.0,0.0,0.0,3.9000000000000004,5000.0,4990.0,4980.0,1.0,1.0,0.0,21.0,3309.0,0.0,255.0,836.0,227.0,0.0,0.0,1245716.0,3.008,3.0,50.0
1788624052630,2026-09-05T20:00:52.630,0.0,4.0,0.0,1.0,2257.0,14.200000000000001,82.0,2.41,2.41,2.41,2.41,0.0,0.0,122.0,0.0,0.0,9.0,96.5,96.5,1.9839999999993196E-5,1.9839999999993196E-5,13.0,1.295,0.0,43.0,43.0,-20.0,41.0,41.0,41.0,41.0,0.0,0.0,0.0,0.0,53.0,17.0,16.0,19.700000000000003,252.0,252.0,6.0,6.0,770.0,4210.0,0.0,0.0,0.0,1.0,19483.0,20.8,1.0,0.0,6.375,-4.625,-4.25,22.125,6.375,750.0,29.0,870.0,420.0,14.3,13.3,254.0,20.0,0.0,8.0,0.0,0.0,0.0,0.0,8.0,0.0,5.0,2.0,4.0,0.0,33.0,4687.0,100.0,0.0,0.0,0.0,0.0,26.0,0.0,0.0,3.9000000000000004,5000.0,4990.0,4980.0,1.0,1.0,0.0,21.0,2537.0,0.0,255.0,836.0,225.0,0.0,0.0,1245716.0,3.008,3.0,50.0
1788624053383,2026-09-05T20:00:53.383,0.0,4.0,0.0,1.0,2279.0,14.200000000000001,82.0,2.2800000000000002,2.2800000000000002,2.2800000000000002,2.2800000000000002,0.0,1.0,29.0,0.0,0.0,24.0,95.0,96.0,0.054963470000000014,0.054963470000000014,13.0,0.999,5.0,39.0,39.0,-22.0,29.0,29.0,29.0,29.0,0.0,0.0,0.0,0.0,53.0,16.0,17.0,21.3,252.0,252.0,6.0,6.0,770.0,4200.0,0.0,0.0,0.0,1.0,19483.0,21.200000000000003,0.0,0.0,5.4375,5.9375,5.5625,22.625,5.4375,750.0,30.0,870.0,420.0,14.3,13.3,254.0,20.0,0.0,8.0,0.0,0.0,0.0,0.0,8.0,0.0,5.0,2.0,4.0,0.0,33.0,4687.0,100.0,0.0,0.0,0.0,0.0,26.0,0.0,0.0,3.9000000000000004,5000.0,4990.0,4990.0,1.0,1.0,0.0,21.0,3007.0,0.0,255.0,836.0,225.0,0.0,0.0,1245716.0,3.008,3.0,50.0
1788624054250,2026-09-05T20:00:54.250,0.0,4.0,0.0,1.0,2339.0,14.200000000000001,82.0,2.44,2.44,2.44,2.44,0.0,1.0,48.0,0.0,0.0,43.0,93.0,96.5,0.12658628,0.12658628,14.0,0.999,8.0,39.0,39.0,-2.0,28.0,28.0,28.0,28.0,0.0,0.0,0.0,0.0,53.0,16.0,17.0,21.6,231.0,252.0,6.0,6.0,770.0,4200.0,0.0,0.0,0.0,1.0,19483.0,20.6,1.0,0.0,4.75,4.75,4.375,22.0625,4.75,750.0,31.0,870.0,410.0,14.200000000000001,13.0,254.0,20.0,0.0,8.0,0.0,0.0,0.0,0.0,8.0,0.0,5.0,2.0,4.0,0.0,34.0,4687.0,100.0,0.0,0.0,0.0,0.0,26.0,0.0,0.0,3.9000000000000004,5000.0,4990.0,4980.0,1.0,1.0,0.0,21.0,2121.0,0.0,255.0,836.0,225.0,0.0,0.0,1245716.0,3.008,3.0,50.0
1788624055365,2026-09-05T20:00:55.365,0.0,4.0,0.0,1.0,2401.0,14.200000000000001,82.0,2.15,2.15,2.15,2.15,1.0,1.0,810.0,1.0,0.0,742.0,89.5,96.5,0.13185098,0.13185098,14.0,0.999,7.0,43.0,43.0,4.0,36.0,36.0,36.0,36.0,0.0,0.0,0.0,0.0,53.0,14.0,14.0,19.3,210.0,210.0,5.0,5.0,750.0,4240.0,0.0,0.0,0.0,1.0,19483.0,18.7,0.0,0.0,-1.4375,-1.4375,-1.375,22.0625,-1.4375,750.0,32.0,780.0,370.0,11.600000000000001,10.4,254.0,20.0,0.0,8.0,0.0,0.0,0.0,0.0,8.0,0.0,5.0,2.0,4.0,0.0,33.0,4687.0,100.0,0.0,0.0,0.0,0.0,26.0,0.0,0.0,3.9000000000000004,5000.0,4990.0,4990.0,1.0,1.0,0.0,21.0,3727.0,0.0,255.0,836.0,225.0,0.0,0.0,1245716.0,3.008,3.0,50.0
1788624056130,2026-09-05T20:00:56.130,0.0,4.0,0.0,1.0,2467.0,14.200000000000001,82.0,1.98,1.98,1.98,1.98,0.0,1.0,68.0,0.0,0.0,161.0,87.0,96.5,0.09631806999999998,0.09631806999999998,14.0,0.999,9.0,43.0,43.0,6.0,25.0,25.0,25.0,25.0,0.0,0.0,0.0,0.0,52.0,14.0,14.0,19.200000000000003,210.0,210.0,5.0,5.0,750.0,4220.0,0.0,0.0,0.0,1.0,19483.0,18.900000000000002,1.0,0.0,-3.1875,-3.0,-2.8125,21.4375,-3.1875,750.0,32.0,770.0,360.0,11.100000000000001,9.8,254.0,20.0,0.0,8.0,0.0,0.0,0.0,0.0,8.0,0.0,5.0,2.0,4.0,0.0,33.0,4687.0,100.0,0.0,0.0,0.0,0.0,26.0,0.0,0.0,3.9000000000000004,5000.0,4990.0,4990.0,1.0,1.0,0.0,21.0,3225.0,0.0,255.0,836.0,223.0,0.0,0.0,1245716.0,3.008,3.0,50.0
1788624056887,2026-09-05T20:00:56.887,0.0,4.0,0.0,1.0,2504.0,14.200000000000001,83.0,2.02,2.02,2.02,2.02,1.0,1.0,727.0,0.0,0.0,195.0,85.0,96.5,0.13566597999999996,0.13566597999999996,13.0,0.999,10.0,43.0,43.0,6.0,23.0,23.0,23.0,23.0,0.0,0.0,0.0,0.0,52.0,14.0,14.0,19.200000000000003,210.0,210.0,6.0,5.0,750.0,4220.0,0.0,0.0,0.0,1.0,19483.0,19.1,0.0,0.0,-3.3125,-3.3125,-3.3125,21.4375,-3.3125,750.0,32.0,770.0,360.0,11.100000000000001,9.8,254.0,20.0,0.0,8.0,0.0,0.0,0.0,0.0,8.0,0.0,5.0,2.0,4.0,0.0,32.0,4687.0,100.0,0.0,0.0,0.0,0.0,26.0,0.0,0.0,3.9000000000000004,5000.0,4990.0,4970.0,1.0,1.0,0.0,21.0,2471.0,0.0,255.0,836.0,222.0,0.0,0.0,1245716.0,3.008,3.0,50.0
1788624057741,2026-09-05T20:00:57.741,0.0,4.0,0.0,1.0,2536.0,14.200000000000001,83.0,1.99,1.99,1.99,1.99,0.0,1.0,78.0,0.0,0.0,141.0,82.5,97.0,0.11295147,0.11295147,12.0,0.999,11.0,43.0,43.0,6.0,22.0,22.0,22.0,22.0,0.0,0.0,0.0,0.0,52.0,14.0,14.0,19.5,210.0,210.0,6.0,6.0,750.0,4230.0,0.0,0.0,0.0,1.0,19483.0,19.3,1.0,0.0,-3.75,-3.5,-3.4375,21.375,-3.75,750.0,33.0,750.0,360.0,10.5,9.5,254.0,20.0,0.0,8.0,0.0,0.0,0.0,0.0,8.0,0.0,5.0,2.0,4.0,0.0,32.0,4687.0,100.0,0.0,0.0,0.0,0.0,26.0,0.0,0.0,3.9000000000000004,5000.0,4990.0,4990.0,1.0,1.0,0.0,21.0,3803.0,0.0,255.0,836.0,222.0,0.0,0.0,1245716.0,3.008,3.0,50.0
1788624058525,2026-09-05T20:00:58.525,0.0,4.0,0.0,1.0,2564.0,14.200000000000001,83.0,1.93,1.93,1.93,1.93,1.0,1.0,727.0,1.0,0.0,727.0,80.0,97.5,0.08984019999999998,0.08984019999999998,11.0,0.999,12.0,43.0,43.0,6.0,21.0,21.0,21.0,21.0,0.0,0.0,0.0,0.0,52.0,14.0,14.0,19.6,210.0,210.0,6.0,6.0,750.0,4230.0,0.0,0.0,0.0,1.0,19483.0,19.5,1.0,0.0,-6.4375,-6.375,-6.0625,21.3125,-6.4375,750.0,33.0,680.0,320.0,8.4,7.5,254.0,20.0,0.0,8.0,0.0,0.0,0.0,0.0,8.0,0.0,5.0,2.0,4.0,0.0,33.0,4687.0,100.0,0.0,0.0,0.0,0.0,26.0,0.0,0.0,3.9000000000000004,5000.0,4990.0,4990.0,1.0,1.0,0.0,21.0,3323.0,0.0,255.0,836.0,222.0,0.0,0.0,1245716.0,3.008,3.0,50.0
1788624059368,2026-09-05T20:00:59.368,0.0,4.0,0.0,1.0,2581.0,14.200000000000001,83.0,1.9100000000000001,1.9100000000000001,1.9100000000000001,1.9100000000000001,1.0,1.0,722.0,1.0,0.0,664.0,75.5,96.0,0.09289219999999998,0.09289219999999998,10.0,0.999,14.0,43.0,43.0,-14.0,-6.0,-6.0,-6.0,-6.0,0.0,0.0,0.0,0.0,52.0,14.0,14.0,20.400000000000002,210.0,210.0,6.0,6.0,760.0,4220.0,0.0,0.0,0.0,1.0,19483.0,19.5,0.0,0.0,-20.625,-20.625,-20.875,21.25,-20.625,750.0,33.0,390.0,200.0,0.0,0.0,254.0,20.0,0.0,8.0,0.0,0.0,0.0,0.0,8.0,0.0,5.0,0.0,4.0,0.0,33.0,4687.0,100.0,0.0,0.0,0.0,0.0,26.0,0.0,0.0,3.9000000000000004,5000.0,4990.0,4980.0,1.0,1.0,0.0,21.0,5000.0,0.0,255.0,836.0,222.0,0.0,0.0,1245716.0,3.008,3.0,50.0
1788624060217,2026-09-05T20:01:00.217,0.0,4.0,0.0,1.0,2553.0,14.200000000000001,83.0,0.0,0.0,0.0,0.0,0.0,0.0,0.0,0.0,0.0,0.0,74.5,97.5,1.9839999999993196E-5,1.9839999999993196E-5,10.0,0.999,0.0,43.0,43.0,5.0,5.0,5.0,5.0,5.0,0.0,0.0,0.0,0.0,52.0,14.0,14.0,20.3,210.0,210.0,6.0,6.0,750.0,4230.0,0.0,0.0,0.0,1.0,19483.0,19.400000000000002,1.0,0.0,-20.75,-20.75,-21.0,21.4375,-20.75,750.0,33.0,390.0,200.0,0.0,0.0,254.0,20.0,0.0,8.0,0.0,0.0,0.0,0.0,8.0,0.0,5.0,0.0,4.0,0.0,33.0,4687.0,100.0,0.0,0.0,0.0,0.0,26.0,0.0,0.0,3.9000000000000004,5000.0,4990.0,4990.0,1.0,1.0,0.0,21.0,5000.0,0.0,255.0,836.0,222.0,0.0,0.0,1245716.0,3.008,3.0,50.0
1788624061014,2026-09-05T20:01:01.014,0.0,4.0,0.0,1.0,2509.0,14.200000000000001,83.0,0.0,0.0,0.0,0.0,0.0,0.0,0.0,0.0,0.0,0.0,77.0,97.5,1.9839999999993196E-5,1.9839999999993196E-5,10.0,0.999,0.0,43.0,43.0,5.0,5.0,5.0,5.0,5.0,0.0,0.0,0.0,0.0,52.0,14.0,15.0,20.200000000000003,210.0,210.0,5.0,6.0,750.0,4230.0,0.0,0.0,0.0,1.0,19483.0,19.1,0.0,0.0,-21.1875,-21.1875,-21.4375,21.9375,-21.1875,750.0,32.0,390.0,200.0,0.0,0.0,254.0,20.0,0.0,8.0,0.0,0.0,0.0,0.0,8.0,0.0,5.0,0.0,4.0,0.0,33.0,4687.0,100.0,0.0,0.0,0.0,0.0,26.0,0.0,0.0,3.9000000000000004,5000.0,4990.0,4970.0,1.0,1.0,0.0,21.0,3634.0,0.0,255.0,836.0,222.0,0.0,0.0,1245716.0,3.008,3.0,50.0
1788624061690,2026-09-05T20:01:01.690,0.0,4.0,0.0,1.0,2477.0,14.200000000000001,83.0,0.0,0.0,0.0,0.0,0.0,0.0,0.0,0.0,0.0,0.0,79.0,96.0,1.9839999999993196E-5,1.9839999999993196E-5,10.0,0.999,0.0,43.0,43.0,5.0,5.0,5.0,5.0,5.0,0.0,0.0,0.0,0.0,52.0,14.0,14.0,19.5,210.0,210.0,5.0,5.0,750.0,4240.0,0.0,0.0,0.0,1.0,19483.0,18.8,1.0,0.0,-21.1875,-21.1875,-21.4375,22.0,-21.1875,750.0,32.0,390.0,190.0,0.0,0.0,254.0,20.0,0.0,8.0,0.0,0.0,0.0,0.0,8.0,0.0,5.0,0.0,4.0,0.0,33.0,4687.0,100.0,0.0,0.0,0.0,0.0,26.0,0.0,0.0,3.9000000000000004,5000.0,4990.0,4980.0,1.0,1.0,0.0,21.0,2770.0,0.0,255.0,836.0,222.0,0.0,0.0,1245716.0,3.008,3.0,50.0
1788624062427,2026-09-05T20:01:02.427,0.0,4.0,0.0,1.0,2446.0,14.200000000000001,83.0,0.0,0.0,0.0,0.0,0.0,0.0,0.0,0.0,0.0,0.0,82.0,96.5,1.9839999999993196E-5,1.9839999999993196E-5,10.0,0.999,0.0,43.0,43.0,4.0,4.0,4.0,4.0,4.0,0.0,0.0,0.0,0.0,52.0,14.0,15.0,19.5,210.0,210.0,5.0,5.0,750.0,4230.0,0.0,0.0,0.0,1.0,19483.0,18.6,1.0,0.0,-20.5625,-20.5625,-20.8125,21.4375,-20.5625,750.0,31.0,390.0,200.0,0.0,0.0,254.0,20.0,0.0,8.0,0.0,0.0,0.0,0.0,8.0,0.0,5.0,0.0,4.0,0.0,33.0,4687.0,100.0,0.0,0.0,0.0,0.0,26.0,0.0,0.0,3.9000000000000004,5000.0,4990.0,4980.0,1.0,1.0,0.0,21.0,4326.0,0.0,255.0,836.0,222.0,0.0,0.0,1245716.0,3.008,3.0,50.0
1788624063484,2026-09-05T20:01:03.484,0.0,4.0,0.0,1.0,2406.0,14.200000000000001,83.0,0.0,0.0,0.0,0.0,0.0,0.0,0.0,0.0,0.0,0.0,85.0,96.5,1.9839999999993196E-5,1.9839999999993196E-5,10.0,0.999,0.0,43.0,43.0,4.0,4.0,4.0,4.0,4.0,0.0,0.0,0.0,0.0,52.0,14.0,15.0,19.3,210.0,210.0,5.0,5.0,740.0,4240.0,0.0,0.0,0.0,1.0,19483.0,18.400000000000002,0.0,0.0,-21.125,-21.125,-21.375,22.0625,-21.125,750.0,31.0,390.0,200.0,0.0,0.0,254.0,20.0,0.0,8.0,0.0,0.0,0.0,0.0,8.0,0.0,5.0,0.0,4.0,0.0,33.0,4687.0,100.0,0.0,0.0,0.0,0.0,26.0,0.0,0.0,3.9000000000000004,5000.0,4990.0,4980.0,1.0,1.0,0.0,21.0,2586.0,0.0,255.0,836.0,222.0,0.0,0.0,1245716.0,3.008,3.0,50.0
1788624064399,2026-09-05T20:01:04.399,0.0,4.0,0.0,1.0,2362.0,14.200000000000001,83.0,0.0,0.0,0.0,0.0,0.0,0.0,0.0,0.0,0.0,0.0,88.0,96.5,1.9839999999993196E-5,1.9839999999993196E-5,10.0,0.999,0.0,42.0,42.0,3.0,3.0,3.0,3.0,3.0,0.0,0.0,0.0,0.0,52.0,14.0,15.0,18.8,210.0,210.0,5.0,5.0,730.0,4240.0,0.0,0.0,0.0,1.0,19483.0,18.0,1.0,0.0,-10.3125,-14.9375,-13.6875,22.25,-10.3125,750.0,30.0,670.0,320.0,8.200000000000001,7.2,254.0,20.0,0.0,8.0,0.0,0.0,0.0,0.0,8.0,0.0,5.0,2.0,4.0,0.0,33.0,4687.0,100.0,0.0,0.0,0.0,0.0,26.0,0.0,0.0,3.9000000000000004,5000.0,4990.0,4970.0,1.0,1.0,0.0,21.0,4032.0,0.0,255.0,836.0,222.0,0.0,0.0,1245716.0,3.008,3.0,50.0
1788624065184,2026-09-05T20:01:05.184,0.0,4.0,0.0,1.0,2320.0,14.200000000000001,83.0,2.21,2.21,2.21,2.21,1.0,0.0,795.0,0.0,0.0,83.0,87.5,96.5,1.9839999999993196E-5,1.9839999999993196E-5,10.0,1.203,0.0,43.0,43.0,-15.0,22.0,22.0,22.0,22.0,0.0,0.0,0.0,0.0,52.0,14.0,14.0,18.5,210.0,210.0,5.0,5.0,740.0,4240.0,0.0,0.0,0.0,1.0,19483.0,18.2,0.0,0.0,-2.125,0.25,-0.0625,22.8125,-2.125,750.0,30.0,770.0,370.0,11.3,10.100000000000001,254.0,20.0,0.0,8.0,0.0,0.0,0.0,0.0,8.0,0.0,5.0,2.0,4.0,0.0,32.0,4687.0,100.0,0.0,0.0,0.0,0.0,26.0,0.0,0.0,3.9000000000000004,5000.0,4990.0,4980.0,1.0,1.0,0.0,21.0,5000.0,0.0,255.0,836.0,222.0,0.0,0.0,1245716.0,3.008,3.0,50.0
1788624065941,2026-09-05T20:01:05.941,0.0,4.0,0.0,1.0,2334.0,14.200000000000001,83.0,1.92,1.92,1.92,1.92,0.0,1.0,29.0,0.0,0.0,24.0,86.0,96.5,0.06118954999999998,0.06118954999999998,10.0,0.999,5.0,43.0,43.0,-15.0,26.0,26.0,26.0,26.0,0.0,0.0,0.0,0.0,51.0,14.0,14.0,18.1,210.0,210.0,5.0,5.0,740.0,4240.0,0.0,0.0,0.0,1.0,19483.0,18.0,1.0,0.0,-2.1875,-2.1875,-2.375,22.3125,-2.1875,750.0,30.0,770.0,370.0,11.3,10.100000000000001,254.0,20.0,0.0,8.0,0.0,0.0,0.0,0.0,8.0,0.0,5.0,2.0,4.0,0.0,31.0,4687.0,100.0,0.0,0.0,0.0,0.0,26.0,0.0,0.0,3.9000000000000004,5000.0,4990.0,4980.0,1.0,1.0,0.0,21.0,3724.0,0.0,255.0,836.0,221.0,0.0,0.0,1245716.0,3.008,3.0,50.0
1788624066718,2026-09-05T20:01:06.718,0.0,4.0,0.0,1.0,2348.0,14.200000000000001,84.0,2.08,2.08,2.08,2.08,0.0,1.0,53.0,0.0,0.0,43.0,83.0,96.0,0.13139318,0.13139318,11.0,0.999,7.0,43.0,43.0,5.0,26.0,26.0,26.0,26.0,0.0,0.0,0.0,0.0,51.0,14.0,14.0,18.400000000000002,210.0,210.0,5.0,5.0,740.0,4240.0,0.0,0.0,0.0,1.0,19483.0,18.0,0.0,0.0,-2.3125,-2.3125,-2.75,22.25,-2.3125,750.0,30.0,730.0,350.0,10.200000000000001,8.9,254.0,20.0,0.0,8.0,0.0,0.0,0.0,0.0,8.0,0.0,5.0,2.0,4.0,0.0,32.0,4687.0,100.0,0.0,0.0,0.0,0.0,26.0,0.0,0.0,3.9000000000000004,5000.0,4990.0,4980.0,1.0,1.0,0.0,21.0,5000.0,0.0,255.0,836.0,221.0,0.0,0.0,1245716.0,3.008,3.0,50.0
1788624067493,2026-09-05T20:01:07.493,0.0,4.0,0.0,1.0,2353.0,14.200000000000001,84.0,2.08,2.08,2.08,2.08,1.0,1.0,786.0,1.0,0.0,717.0,80.5,96.0,0.13118716999999996,0.13118716999999996,11.0,0.999,7.0,43.0,43.0,5.0,17.0,17.0,17.0,17.0,0.0,0.0,0.0,0.0,51.0,14.0,14.0,18.5,210.0,210.0,5.0,5.0,740.0,4240.0,0.0,0.0,0.0,1.0,19483.0,18.2,0.0,0.0,-8.875,-8.875,-8.9375,22.625,-8.875,750.0,30.0,640.0,300.0,7.4,6.300000000000001,254.0,20.0,0.0,8.0,0.0,0.0,0.0,0.0,8.0,0.0,5.0,2.0,4.0,0.0,33.0,4687.0,100.0,0.0,0.0,0.0,0.0,26.0,0.0,0.0,3.9000000000000004,5000.0,4990.0,4980.0,1.0,1.0,0.0,21.0,2835.0,0.0,255.0,836.0,221.0,0.0,0.0,1245716.0,3.008,3.0,50.0
1788624068355,2026-09-05T20:01:08.355,0.0,4.0,0.0,1.0,2353.0,14.100000000000001,84.0,2.13,2.13,2.13,2.13,1.0,1.0,766.0,0.0,0.0,126.0,78.0,96.5,0.13893925000000001,0.13893925000000001,11.0,0.999,8.0,43.0,43.0,-13.0,2.0,2.0,2.0,2.0,0.0,0.0,0.0,0.0,51.0,14.0,14.0,18.7,210.0,210.0,5.0,5.0,740.0,4240.0,0.0,0.0,0.0,1.0,19483.0,18.2,1.0,0.0,-21.0625,-21.0625,-21.4375,22.0625,-21.0625,750.0,30.0,390.0,200.0,0.0,0.0,254.0,20.0,0.0,8.0,0.0,0.0,0.0,0.0,8.0,0.0,5.0,0.0,4.0,0.0,33.0,4687.0,100.0,0.0,0.0,0.0,0.0,27.0,0.0,0.0,3.9000000000000004,5000.0,4990.0,4980.0,1.0,1.0,0.0,21.0,3460.0,0.0,255.0,836.0,221.0,0.0,0.0,1245716.0,3.008,3.0,50.0
1788624069080,2026-09-05T20:01:09.080,0.0,4.0,0.0,1.0,2348.0,14.200000000000001,84.0,0.0,0.0,0.0,0.0,0.0,0.0,0.0,0.0,0.0,4.0,76.0,96.5,1.9839999999993196E-5,1.9839999999993196E-5,11.0,0.999,0.0,42.0,42.0,2.0,2.0,2.0,2.0,2.0,0.0,0.0,0.0,0.0,51.0,14.0,15.0,19.3,210.0,231.0,5.0,5.0,740.0,4250.0,0.0,0.0,0.0,1.0,19483.0,17.900000000000002,0.0,0.0,-21.0625,-21.0625,-21.3125,22.125,-21.0625,750.0,30.0,390.0,200.0,0.0,0.0,254.0,20.0,0.0,8.0,0.0,0.0,0.0,0.0,8.0,0.0,5.0,0.0,4.0,0.0,33.0,4687.0,100.0,0.0,0.0,0.0,0.0,27.0,0.0,0.0,3.9000000000000004,5000.0,4990.0,4980.0,1.0,1.0,0.0,21.0,3149.0,0.0,255.0,836.0,221.0,0.0,0.0,1245716.0,3.008,3.0,50.0
1788624069859,2026-09-05T20:01:09.859,0.0,4.0,0.0,1.0,2320.0,14.100000000000001,84.0,0.0,0.0,0.0,0.0,0.0,0.0,0.0,0.0,0.0,0.0,77.0,96.0,1.9839999999993196E-5,1.9839999999993196E-5,11.0,0.999,0.0,42.0,42.0,3.0,3.0,3.0,3.0,3.0,0.0,0.0,0.0,0.0,51.0,14.0,15.0,18.900000000000002,210.0,210.0,5.0,5.0,730.0,4240.0,0.0,0.0,0.0,1.0,19483.0,17.7,1.0,0.0,-21.125,-21.125,-21.375,22.25,-21.125,750.0,30.0,390.0,190.0,0.0,0.0,254.0,20.0,0.0,8.0,0.0,0.0,0.0,0.0,8.0,0.0,5.0,0.0,4.0,0.0,32.0,4687.0,100.0,0.0,0.0,0.0,0.0,27.0,0.0,0.0,3.9000000000000004,5000.0,4990.0,4980.0,1.0,1.0,0.0,21.0,3057.0,0.0,255.0,836.0,221.0,0.0,0.0,1245716.0,3.008,3.0,50.0
1788624070677,2026-09-05T20:01:10.677,0.0,4.0,0.0,1.0,2297.0,14.200000000000001,84.0,0.0,0.0,0.0,0.0,0.0,0.0,0.0,0.0,0.0,0.0,80.5,96.0,1.9839999999993196E-5,1.9839999999993196E-5,11.0,0.999,0.0,42.0,42.0,3.0,3.0,3.0,3.0,3.0,0.0,0.0,0.0,0.0,51.0,14.0,15.0,18.5,210.0,210.0,5.0,5.0,730.0,4250.0,0.0,0.0,0.0,1.0,19483.0,17.3,1.0,0.0,-21.0625,-21.0625,-21.3125,22.25,-21.0625,750.0,29.0,390.0,200.0,0.0,0.0,254.0,20.0,0.0,8.0,0.0,0.0,0.0,0.0,8.0,0.0,5.0,0.0,4.0,0.0,33.0,4687.0,100.0,0.0,0.0,0.0,0.0,27.0,0.0,0.0,3.9000000000000004,5000.0,4990.0,4980.0,1.0,1.0,0.0,21.0,2938.0,0.0,255.0,836.0,221.0,0.0,0.0,1245716.0,3.008,3.0,50.0
1788624071770,2026-09-05T20:01:11.770,0.0,4.0,0.0,1.0,2262.0,14.200000000000001,84.0,0.0,0.0,0.0,0.0,0.0,0.0,0.0,0.0,0.0,0.0,84.0,96.0,1.9839999999993196E-5,1.9839999999993196E-5,11.0,0.999,0.0,42.0,42.0,3.0,3.0,3.0,3.0,3.0,0.0,0.0,0.0,0.0,51.0,14.0,14.0,17.900000000000002,210.0,210.0,5.0,5.0,720.0,4260.0,0.0,0.0,0.0,1.0,19483.0,17.0,0.0,0.0,-21.0625,-21.0625,-21.3125,22.3125,-21.0625,750.0,29.0,390.0,200.0,0.0,0.0,254.0,20.0,0.0,8.0,0.0,0.0,0.0,0.0,8.0,0.0,5.0,0.0,4.0,0.0,33.0,4687.0,100.0,0.0,0.0,0.0,0.0,27.0,0.0,0.0,3.9000000000000004,5000.0,4990.0,4990.0,1.0,1.0,0.0,21.0,4345.0,0.0,255.0,836.0,221.0,0.0,0.0,1245716.0,3.008,3.0,50.0
1788624072572,2026-09-05T20:01:12.572,0.0,4.0,0.0,1.0,2249.0,14.200000000000001,84.0,0.0,0.0,0.0,0.0,0.0,0.0,0.0,0.0,0.0,0.0,87.5,97.0,1.9839999999993196E-5,1.9839999999993196E-5,11.0,0.999,0.0,42.0,42.0,3.0,3.0,3.0,3.0,3.0,0.0,0.0,0.0,0.0,51.0,14.0,14.0,17.8,210.0,210.0,5.0,5.0,720.0,4260.0,0.0,0.0,0.0,1.0,19483.0,16.7,1.0,0.0,-21.0625,-21.0625,-21.3125,22.3125,-21.0625,750.0,29.0,390.0,200.0,0.0,0.0,254.0,20.0,0.0,8.0,0.0,0.0,0.0,0.0,8.0,0.0,5.0,0.0,4.0,0.0,33.0,4687.0,100.0,0.0,0.0,0.0,0.0,27.0,0.0,0.0,3.9000000000000004,5000.0,4990.0,4990.0,1.0,1.0,0.0,21.0,3385.0,0.0,255.0,836.0,221.0,0.0,0.0,1245716.0,3.008,3.0,50.0
1788624073278,2026-09-05T20:01:13.278,0.0,4.0,0.0,1.0,2219.0,14.200000000000001,84.0,0.0,0.0,0.0,0.0,0.0,0.0,0.0,0.0,0.0,0.0,89.0,96.0,1.9839999999993196E-5,1.9839999999993196E-5,11.0,0.999,0.0,42.0,42.0,3.0,3.0,3.0,3.0,3.0,0.0,0.0,0.0,0.0,51.0,14.0,14.0,17.400000000000002,210.0,210.0,5.0,5.0,710.0,4270.0,0.0,0.0,0.0,1.0,19483.0,16.5,0.0,0.0,-21.3125,-21.3125,-21.5625,22.625,-21.3125,750.0,29.0,390.0,200.0,0.0,0.0,254.0,20.0,0.0,8.0,0.0,0.0,0.0,0.0,8.0,0.0,5.0,0.0,4.0,0.0,33.0,4687.0,100.0,0.0,0.0,0.0,0.0,27.0,0.0,0.0,3.9000000000000004,5000.0,4990.0,4980.0,1.0,1.0,0.0,21.0,5000.0,0.0,255.0,836.0,221.0,0.0,0.0,1245716.0,3.008,3.0,50.0
1788624074128,2026-09-05T20:01:14.128,0.0,4.0,0.0,1.0,2223.0,14.200000000000001,84.0,0.0,0.0,0.0,0.0,0.0,0.0,0.0,0.0,0.0,0.0,90.0,96.0,1.9839999999993196E-5,1.9839999999993196E-5,11.0,0.999,0.0,42.0,42.0,4.0,4.0,4.0,4.0,4.0,0.0,0.0,0.0,0.0,51.0,14.0,14.0,17.3,210.0,210.0,5.0,5.0,720.0,4280.0,0.0,0.0,0.0,1.0,19483.0,16.3,1.0,0.0,-21.25,-21.25,-21.4375,22.5625,-21.25,750.0,29.0,390.0,200.0,0.0,0.0,254.0,20.0,0.0,8.0,0.0,0.0,0.0,0.0,8.0,0.0,5.0,0.0,4.0,0.0,33.0,4687.0,100.0,0.0,0.0,0.0,0.0,27.0,0.0,0.0,3.9000000000000004,5000.0,4990.0,4980.0,1.0,1.0,0.0,21.0,5000.0,0.0,255.0,836.0,221.0,0.0,0.0,1245716.0,3.008,3.0,50.0
1788624074863,2026-09-05T20:01:14.863,0.0,4.0,0.0,1.0,2194.0,14.200000000000001,83.0,0.0,0.0,0.0,0.0,0.0,0.0,0.0,0.0,0.0,0.0,91.5,95.5,1.9839999999993196E-5,1.9839999999993196E-5,11.0,0.999,0.0,42.0,42.0,4.0,4.0,4.0,4.0,4.0,0.0,0.0,0.0,0.0,51.0,13.0,14.0,17.400000000000002,210.0,210.0,5.0,5.0,710.0,4270.0,0.0,0.0,0.0,1.0,19483.0,16.0,0.0,0.0,-21.375,-21.375,-21.6875,22.6875,-21.375,750.0,28.0,390.0,200.0,0.0,0.0,254.0,20.0,0.0,8.0,0.0,0.0,0.0,0.0,8.0,0.0,5.0,0.0,4.0,0.0,32.0,4687.0,100.0,0.0,0.0,0.0,0.0,27.0,0.0,0.0,3.9000000000000004,5000.0,4990.0,4990.0,1.0,1.0,0.0,21.0,3583.0,0.0,255.0,836.0,221.0,0.0,0.0,1245716.0,3.008,3.0,50.0
1788624075538,2026-09-05T20:01:15.538,0.0,4.0,0.0,1.0,2190.0,14.200000000000001,83.0,0.0,0.0,0.0,0.0,0.0,0.0,0.0,0.0,0.0,0.0,94.0,96.0,1.9839999999993196E-5,1.9839999999993196E-5,11.0,0.999,0.0,42.0,42.0,4.0,4.0,4.0,4.0,4.0,0.0,0.0,0.0,0.0,51.0,13.0,14.0,17.0,210.0,210.0,5.0,5.0,710.0,4280.0,0.0,0.0,0.0,1.0,19483.0,16.1,0.0,0.0,-21.0625,-21.0625,-21.3125,22.375,-21.0625,750.0,28.0,390.0,200.0,0.0,0.0,254.0,20.0,0.0,8.0,0.0,0.0,0.0,0.0,8.0,0.0,5.0,0.0,4.0,0.0,31.0,4687.0,100.0,0.0,0.0,0.0,0.0,27.0,0.0,0.0,3.9000000000000004,5000.0,4990.0,4990.0,1.0,1.0,0.0,21.0,5000.0,0.0,255.0,836.0,221.0,0.0,0.0,1245716.0,3.008,3.0,50.0
1788624076341,2026-09-05T20:01:16.341,0.0,4.0,0.0,1.0,2202.0,14.200000000000001,83.0,0.0,0.0,0.0,0.0,0.0,0.0,0.0,0.0,0.0,0.0,94.5,95.5,1.9839999999993196E-5,1.9839999999993196E-5,11.0,0.999,0.0,42.0,42.0,4.0,4.0,4.0,4.0,4.0,0.0,0.0,0.0,0.0,51.0,13.0,14.0,16.900000000000002,210.0,210.0,5.0,5.0,710.0,4270.0,0.0,0.0,0.0,1.0,19483.0,16.0,1.0,0.0,-21.25,-21.25,-21.4375,22.5625,-21.25,750.0,28.0,390.0,200.0,0.0,0.0,254.0,20.0,0.0,8.0,0.0,0.0,0.0,0.0,8.0,0.0,5.0,0.0,4.0,0.0,31.0,4687.0,100.0,0.0,0.0,0.0,0.0,27.0,0.0,0.0,3.9000000000000004,5000.0,4990.0,4980.0,1.0,1.0,0.0,21.0,5000.0,0.0,255.0,836.0,221.0,0.0,0.0,1245716.0,3.008,3.0,50.0
1788624077202,2026-09-05T20:01:17.202,0.0,4.0,0.0,1.0,2198.0,14.200000000000001,83.0,0.0,0.0,0.0,0.0,0.0,0.0,0.0,0.0,0.0,0.0,96.0,95.5,1.9839999999993196E-5,1.9839999999993196E-5,11.0,0.999,0.0,42.0,42.0,5.0,5.0,5.0,5.0,5.0,0.0,0.0,0.0,0.0,51.0,13.0,14.0,16.900000000000002,210.0,210.0,5.0,5.0,710.0,4270.0,0.0,0.0,0.0,1.0,19483.0,16.0,0.0,0.0,-21.125,-21.125,-21.375,22.4375,-21.125,750.0,28.0,390.0,200.0,0.0,0.0,254.0,20.0,0.0,8.0,0.0,0.0,0.0,0.0,8.0,0.0,5.0,0.0,4.0,0.0,31.0,4687.0,100.0,0.0,0.0,0.0,0.0,27.0,0.0,0.0,3.9000000000000004,5000.0,4990.0,4980.0,1.0,1.0,0.0,21.0,3478.0,0.0,255.0,836.0,221.0,0.0,0.0,1245716.0,3.008,3.0,50.0
1788624078006,2026-09-05T20:01:18.006,0.0,4.0,0.0,1.0,2206.0,14.200000000000001,83.0,0.0,0.0,0.0,0.0,0.0,0.0,0.0,0.0,0.0,0.0,96.5,96.0,1.9839999999993196E-5,1.9839999999993196E-5,11.0,0.999,0.0,42.0,42.0,5.0,5.0,5.0,5.0,5.0,0.0,0.0,0.0,0.0,51.0,13.0,14.0,16.8,210.0,210.0,5.0,5.0,710.0,4270.0,0.0,0.0,0.0,1.0,19483.0,16.1,1.0,0.0,-21.125,-21.125,-21.375,22.4375,-21.125,750.0,28.0,390.0,200.0,0.0,0.0,254.0,20.0,0.0,8.0,0.0,0.0,0.0,0.0,8.0,0.0,5.0,0.0,4.0,0.0,32.0,4687.0,100.0,0.0,0.0,0.0,0.0,27.0,0.0,0.0,3.9000000000000004,5000.0,4990.0,4980.0,1.0,1.0,0.0,21.0,5000.0,0.0,255.0,836.0,221.0,0.0,0.0,1245716.0,3.008,3.0,50.0
1788624078896,2026-09-05T20:01:18.896,0.0,4.0,0.0,1.0,2215.0,14.200000000000001,82.0,0.0,0.0,0.0,0.0,0.0,0.0,0.0,0.0,0.0,0.0,95.5,95.5,1.9839999999993196E-5,1.9839999999993196E-5,11.0,0.999,0.0,42.0,42.0,5.0,5.0,5.0,5.0,5.0,0.0,0.0,0.0,0.0,51.0,13.0,14.0,16.7,210.0,210.0,5.0,5.0,710.0,4270.0,0.0,0.0,0.0,1.0,19483.0,16.1,0.0,0.0,-21.1875,-21.1875,-21.375,22.4375,-21.1875,750.0,28.0,390.0,200.0,0.0,0.0,254.0,20.0,0.0,8.0,0.0,0.0,0.0,0.0,8.0,0.0,5.0,0.0,4.0,0.0,32.0,4687.0,100.0,0.0,0.0,0.0,0.0,27.0,0.0,0.0,3.9000000000000004,5000.0,4990.0,4980.0,1.0,1.0,0.0,21.0,4258.0,0.0,255.0,836.0,221.0,0.0,0.0,1245716.0,3.008,3.0,50.0
1788624079858,2026-09-05T20:01:19.858,0.0,4.0,0.0,1.0,2219.0,14.200000000000001,82.0,0.0,0.0,0.0,0.0,0.0,0.0,0.0,0.0,0.0,0.0,97.5,97.0,1.9839999999993196E-5,1.9839999999993196E-5,11.0,0.999,0.0,42.0,42.0,5.0,5.0,5.0,5.0,5.0,0.0,0.0,0.0,0.0,51.0,13.0,14.0,16.8,210.0,210.0,5.0,5.0,710.0,4260.0,0.0,0.0,0.0,1.0,19483.0,16.0,1.0,0.0,-21.1875,-21.1875,-21.4375,22.5,-21.1875,750.0,28.0,390.0,200.0,0.0,0.0,254.0,20.0,0.0,8.0,0.0,0.0,0.0,0.0,8.0,0.0,5.0,0.0,4.0,0.0,32.0,4687.0,100.0,0.0,0.0,0.0,0.0,27.0,0.0,0.0,3.9000000000000004,5000.0,4990.0,4990.0,1.0,1.0,0.0,21.0,2479.0,0.0,255.0,836.0,221.0,0.0,0.0,1245716.0,3.008,3.0,50.0
1788624080739,2026-09-05T20:01:20.739,0.0,4.0,0.0,1.0,2198.0,14.200000000000001,81.0,0.0,0.0,0.0,0.0,0.0,0.0,0.0,0.0,0.0,0.0,97.5,97.5,1.9839999999993196E-5,1.9839999999993196E-5,11.0,0.999,0.0,49.0,49.0,-15.0,25.0,25.0,25.0,25.0,0.0,0.0,0.0,0.0,51.0,21.0,17.0,22.3,294.0,252.0,7.0,7.0,820.0,4160.0,0.0,0.0,0.0,1.0,19483.0,26.200000000000003,0.0,0.0,23.625,12.25,13.8125,21.9375,23.625,750.0,29.0,1100.0,530.0,21.1,20.0,254.0,20.0,0.0,8.0,0.0,0.0,0.0,0.0,8.0,0.0,5.0,2.0,4.0,0.0,32.0,4687.0,100.0,0.0,0.0,0.0,0.0,26.0,0.0,0.0,3.9000000000000004,5000.0,4990.0,4980.0,1.0,1.0,0.0,21.0,4792.0,0.0,255.0,836.0,221.0,0.0,0.0,1245716.0,3.008,3.0,50.0
1788624081474,2026-09-05T20:01:21.474,0.0,4.0,0.0,1.0,2297.0,14.200000000000001,81.0,3.5700000000000003,3.5700000000000003,3.5700000000000003,3.5700000000000003,0.0,1.0,29.0,0.0,0.0,29.0,96.0,96.0,0.030333830000000006,0.030333830000000006,11.0,1.0090000000000001,5.0,30.0,30.0,-36.0,27.0,27.0,27.0,27.0,0.0,0.0,0.0,0.0,51.0,27.0,26.0,33.0,378.0,378.0,9.0,9.0,880.0,4100.0,0.0,0.0,0.0,1.0,19483.0,33.5,0.0,0.0,24.1875,23.125,23.125,21.5,24.1875,750.0,30.0,1110.0,530.0,21.3,20.0,254.0,20.0,0.0,8.0,0.0,0.0,0.0,0.0,8.0,0.0,5.0,2.0,4.0,0.0,32.0,4687.0,100.0,0.0,0.0,0.0,0.0,26.0,0.0,0.0,3.9000000000000004,5000.0,4990.0,4990.0,1.0,1.0,0.0,21.0,2808.0,0.0,255.0,836.0,221.0,0.0,0.0,1245716.0,3.008,3.0,50.0
1788624082298,2026-09-05T20:01:22.298,0.0,4.0,0.0,1.0,2416.0,14.200000000000001,81.0,3.67,3.67,3.67,3.67,0.0,1.0,48.0,0.0,0.0,43.0,94.5,95.5,0.11395863,0.11395863,11.0,0.999,8.0,30.0,30.0,-24.0,30.0,30.0,30.0,30.0,0.0,0.0,0.0,0.0,51.0,25.0,25.0,33.2,357.0,357.0,9.0,9.0,880.0,4100.0,0.0,0.0,0.0,1.0,19483.0,33.300000000000004,1.0,0.0,20.25,20.125,20.0625,21.3125,20.25,750.0,32.0,1060.0,510.0,19.900000000000002,18.6,254.0,20.0,0.0,8.0,0.0,0.0,0.0,0.0,8.0,0.0,5.0,2.0,4.0,0.0,32.0,4687.0,100.0,0.0,0.0,0.0,0.0,26.0,0.0,0.0,3.9000000000000004,5000.0,4990.0,4990.0,1.0,1.0,0.0,21.0,4566.0,0.0,255.0,836.0,221.0,0.0,0.0,1245716.0,3.008,3.0,50.0
1788624083120,2026-09-05T20:01:23.120,0.0,4.0,0.0,1.0,2547.0,14.200000000000001,81.0,3.27,3.27,3.27,3.27,1.0,1.0,717.0,1.0,0.0,683.0,91.5,96.5,0.12354954000000001,0.12354954000000001,11.0,0.999,8.0,31.0,31.0,-17.0,31.0,31.0,31.0,31.0,0.0,0.0,0.0,0.0,51.0,22.0,22.0,30.700000000000003,315.0,315.0,8.0,8.0,850.0,4130.0,0.0,0.0,0.0,1.0,19483.0,30.1,0.0,0.0,15.6875,15.1875,15.1875,20.6875,15.6875,750.0,34.0,1020.0,480.0,18.5,17.1,254.0,20.0,0.0,8.0,0.0,0.0,0.0,0.0,8.0,0.0,5.0,2.0,4.0,0.0,33.0,4687.0,100.0,0.0,0.0,0.0,0.0,25.0,0.0,0.0,3.9000000000000004,5000.0,4990.0,4980.0,1.0,1.0,0.0,21.0,5000.0,0.0,255.0,836.0,221.0,0.0,0.0,1245716.0,3.008,3.0,50.0
1788624083896,2026-09-05T20:01:23.896,0.0,4.0,0.0,1.0,2645.0,14.200000000000001,80.0,2.8000000000000003,2.8000000000000003,2.8000000000000003,2.8000000000000003,0.0,1.0,83.0,0.0,0.0,161.0,88.0,96.0,0.14350962,0.14350962,11.0,0.999,9.0,34.0,34.0,-5.0,24.0,24.0,24.0,24.0,0.0,0.0,0.0,0.0,51.0,13.0,16.0,23.200000000000003,210.0,252.0,6.0,6.0,770.0,4210.0,0.0,0.0,0.0,1.0,19483.0,19.1,1.0,0.0,-1.0625,1.25,0.625,21.0625,-1.0625,750.0,35.0,650.0,310.0,9.0,8.1,254.0,20.0,0.0,8.0,0.0,0.0,0.0,0.0,8.0,0.0,5.0,2.0,4.0,0.0,32.0,4687.0,100.0,0.0,0.0,0.0,0.0,25.0,0.0,0.0,3.9000000000000004,5000.0,4990.0,4990.0,1.0,1.0,0.0,21.0,5000.0,0.0,255.0,836.0,221.0,0.0,0.0,1245716.0,3.008,3.0,50.0
1788624084570,2026-09-05T20:01:24.570,0.0,4.0,0.0,1.0,2687.0,14.200000000000001,80.0,1.81,1.81,1.81,1.81,1.0,1.0,708.0,1.0,0.0,766.0,85.0,96.5,0.07371037999999996,0.07371037999999996,11.0,0.999,9.0,43.0,43.0,-12.0,10.0,10.0,10.0,10.0,0.0,0.0,0.0,0.0,50.0,13.0,13.0,19.3,210.0,210.0,6.0,6.0,750.0,4220.0,0.0,0.0,0.0,1.0,19483.0,19.5,1.0,0.0,-20.4375,-14.8125,-14.625,20.75,-20.4375,750.0,35.0,390.0,190.0,0.0,0.0,254.0,20.0,0.0,8.0,0.0,0.0,0.0,0.0,8.0,0.0,5.0,2.0,4.0,0.0,33.0,4687.0,100.0,0.0,0.0,0.0,0.0,25.0,0.0,0.0,3.9000000000000004,5000.0,4990.0,4980.0,1.0,1.0,0.0,21.0,5000.0,0.0,255.0,836.0,216.0,0.0,0.0,1245716.0,3.008,3.0,50.0
1788624085396,2026-09-05T20:01:25.396,0.0,4.0,0.0,1.0,2700.0,14.200000000000001,80.0,1.92,1.92,1.92,1.92,0.0,1.0,34.0,0.0,0.0,29.0,82.0,96.5,0.13474274999999997,0.13474274999999997,11.0,0.999,10.0,43.0,43.0,-13.0,-12.0,-12.0,-12.0,-12.0,0.0,0.0,0.0,0.0,51.0,13.0,13.0,19.900000000000002,210.0,210.0,6.0,6.0,750.0,4230.0,0.0,0.0,0.0,1.0,19483.0,19.5,0.0,0.0,-20.625,-20.625,-20.875,21.0,-20.625,750.0,35.0,390.0,200.0,0.0,0.0,254.0,20.0,0.0,8.0,0.0,0.0,0.0,0.0,8.0,0.0,5.0,0.0,4.0,0.0,32.0,4687.0,100.0,0.0,0.0,0.0,0.0,25.0,0.0,0.0,3.9000000000000004,5000.0,4990.0,4990.0,1.0,1.0,0.0,21.0,4207.0,0.0,255.0,836.0,217.0,0.0,0.0,1245716.0,3.008,3.0,50.0
1788624086171,2026-09-05T20:01:26.171,0.0,4.0,0.0,1.0,2681.0,14.200000000000001,80.0,0.0,0.0,0.0,0.0,0.0,0.0,0.0,0.0,0.0,0.0,79.0,96.0,1.9839999999993196E-5,1.9839999999993196E-5,10.0,0.999,0.0,43.0,43.0,7.0,7.0,7.0,7.0,7.0,0.0,0.0,0.0,0.0,50.0,13.0,14.0,20.5,210.0,210.0,6.0,6.0,750.0,4220.0,0.0,0.0,0.0,1.0,19483.0,19.5,1.0,0.0,-20.75,-20.75,-21.0,21.125,-20.75,750.0,35.0,390.0,200.0,0.0,0.0,254.0,20.0,0.0,8.0,0.0,0.0,0.0,0.0,8.0,0.0,5.0,0.0,4.0,0.0,32.0,4687.0,100.0,0.0,0.0,0.0,0.0,25.0,0.0,0.0,3.9000000000000004,5000.0,4990.0,4980.0,1.0,1.0,0.0,21.0,5000.0,0.0,255.0,836.0,217.0,0.0,0.0,1245716.0,3.008,3.0,50.0
1788624086938,2026-09-05T20:01:26.938,0.0,4.0,0.0,1.0,2657.0,14.200000000000001,80.0,0.0,0.0,0.0,0.0,0.0,0.0,0.0,0.0,0.0,0.0,81.0,96.0,1.9839999999993196E-5,1.9839999999993196E-5,10.0,0.999,0.0,43.0,43.0,7.0,7.0,7.0,7.0,7.0,0.0,0.0,0.0,0.0,50.0,13.0,14.0,20.3,210.0,210.0,5.0,6.0,750.0,4230.0,0.0,0.0,0.0,1.0,19483.0,19.200000000000003,0.0,0.0,-20.6875,-20.6875,-20.9375,21.125,-20.6875,750.0,34.0,390.0,200.0,0.0,0.0,254.0,20.0,0.0,8.0,0.0,0.0,0.0,0.0,8.0,0.0,5.0,0.0,4.0,0.0,33.0,4687.0,100.0,0.0,0.0,0.0,0.0,25.0,0.0,0.0,3.9000000000000004,5000.0,4990.0,4970.0,1.0,1.0,0.0,21.0,4626.0,0.0,255.0,836.0,217.0,0.0,0.0,1245716.0,3.008,3.0,50.0
1788624087917,2026-09-05T20:01:27.917,0.0,4.0,0.0,1.0,2615.0,14.200000000000001,80.0,0.0,0.0,0.0,0.0,0.0,0.0,0.0,0.0,0.0,0.0,84.5,96.0,1.9839999999993196E-5,1.9839999999993196E-5,11.0,0.999,0.0,43.0,43.0,7.0,7.0,7.0,7.0,7.0,0.0,0.0,0.0,0.0,50.0,13.0,14.0,19.6,210.0,210.0,5.0,5.0,750.0,4230.0,0.0,0.0,0.0,1.0,19483.0,19.1,1.0,0.0,-20.75,-20.75,-20.9375,21.25,-20.75,750.0,34.0,390.0,200.0,0.0,0.0,254.0,20.0,0.0,8.0,0.0,0.0,0.0,0.0,8.0,0.0,5.0,0.0,4.0,0.0,32.0,4687.0,100.0,0.0,0.0,0.0,0.0,25.0,0.0,0.0,3.9000000000000004,5000.0,4990.0,4980.0,1.0,1.0,0.0,21.0,4974.0,0.0,255.0,836.0,217.0,0.0,0.0,1245716.0,3.008,3.0,50.0
1788624088758,2026-09-05T20:01:28.758,0.0,4.0,0.0,1.0,2581.0,14.200000000000001,80.0,0.0,0.0,0.0,0.0,0.0,0.0,0.0,0.0,0.0,0.0,86.5,96.0,1.9839999999993196E-5,1.9839999999993196E-5,11.0,0.999,0.0,43.0,43.0,6.0,6.0,6.0,6.0,6.0,0.0,0.0,0.0,0.0,50.0,13.0,14.0,19.6,210.0,210.0,5.0,5.0,750.0,4230.0,0.0,0.0,0.0,1.0,19483.0,18.8,0.0,0.0,-21.5,-21.5,-21.75,22.125,-21.5,750.0,33.0,390.0,200.0,0.0,0.0,254.0,20.0,0.0,8.0,0.0,0.0,0.0,0.0,8.0,0.0,5.0,0.0,4.0,0.0,34.0,4687.0,100.0,0.0,0.0,0.0,0.0,25.0,0.0,0.0,3.9000000000000004,5000.0,4990.0,4980.0,1.0,1.0,0.0,21.0,4105.0,0.0,255.0,836.0,217.0,0.0,0.0,1245716.0,3.008,3.0,50.0
1788624089608,2026-09-05T20:01:29.608,0.0,4.0,0.0,1.0,2547.0,14.200000000000001,80.0,0.0,0.0,0.0,0.0,0.0,0.0,0.0,0.0,0.0,0.0,88.0,95.5,1.9839999999993196E-5,1.9839999999993196E-5,11.0,0.999,0.0,43.0,43.0,7.0,7.0,7.0,7.0,7.0,0.0,0.0,0.0,0.0,50.0,14.0,13.0,18.900000000000002,210.0,210.0,5.0,5.0,740.0,4230.0,0.0,0.0,0.0,1.0,19483.0,18.6,0.0,0.0,-21.5,-21.5,-21.75,22.1875,-21.5,750.0,33.0,390.0,200.0,0.0,0.0,254.0,20.0,0.0,8.0,0.0,0.0,0.0,0.0,8.0,0.0,5.0,0.0,4.0,0.0,33.0,4687.0,100.0,0.0,0.0,0.0,0.0,25.0,0.0,0.0,3.9000000000000004,5000.0,4990.0,4970.0,1.0,1.0,0.0,21.0,3953.0,0.0,255.0,836.0,217.0,0.0,0.0,1245716.0,3.008,3.0,50.0
1788624090366,2026-09-05T20:01:30.366,0.0,4.0,0.0,1.0,2504.0,14.200000000000001,80.0,0.0,0.0,0.0,0.0,0.0,0.0,0.0,0.0,0.0,0.0,90.5,96.0,1.9839999999993196E-5,1.9839999999993196E-5,11.0,0.999,0.0,43.0,43.0,6.0,6.0,6.0,6.0,6.0,0.0,0.0,0.0,0.0,50.0,14.0,14.0,18.8,210.0,210.0,5.0,5.0,740.0,4230.0,0.0,0.0,0.0,1.0,19483.0,18.400000000000002,1.0,0.0,-21.25,-21.25,-21.5,22.0,-21.25,750.0,32.0,390.0,190.0,0.0,0.0,254.0,20.0,0.0,8.0,0.0,0.0,0.0,0.0,8.0,0.0,5.0,0.0,4.0,0.0,32.0,4687.0,100.0,0.0,0.0,0.0,0.0,25.0,0.0,0.0,3.9000000000000004,5000.0,4990.0,4990.0,1.0,1.0,0.0,21.0,3503.0,0.0,255.0,836.0,217.0,0.0,0.0,1245716.0,3.008,3.0,50.0
1788624091156,2026-09-05T20:01:31.156,0.0,4.0,0.0,1.0,2472.0,14.200000000000001,81.0,0.0,0.0,0.0,0.0,0.0,0.0,0.0,0.0,0.0,0.0,91.5,95.5,1.9839999999993196E-5,1.9839999999993196E-5,11.0,0.999,0.0,43.0,43.0,6.0,6.0,6.0,6.0,6.0,0.0,0.0,0.0,0.0,50.0,14.0,14.0,18.6,210.0,210.0,5.0,5.0,740.0,4240.0,0.0,0.0,0.0,1.0,19483.0,18.2,0.0,0.0,-21.1875,-21.1875,-21.4375,22.0,-21.1875,750.0,32.0,390.0,200.0,0.0,0.0,254.0,20.0,0.0,8.0,0.0,0.0,0.0,0.0,8.0,0.0,5.0,0.0,4.0,0.0,33.0,4687.0,100.0,0.0,0.0,0.0,0.0,26.0,0.0,0.0,3.9000000000000004,5000.0,4990.0,4990.0,1.0,1.0,0.0,21.0,5000.0,0.0,255.0,836.0,217.0,0.0,0.0,1245716.0,3.008,3.0,50.0
1788624092002,2026-09-05T20:01:32.002,0.0,4.0,0.0,1.0,2421.0,14.100000000000001,81.0,0.0,0.0,0.0,0.0,0.0,0.0,0.0,0.0,0.0,0.0,93.0,95.5,1.9839999999993196E-5,1.9839999999993196E-5,11.0,0.999,0.0,43.0,43.0,6.0,6.0,6.0,6.0,6.0,0.0,0.0,0.0,0.0,50.0,14.0,14.0,18.5,210.0,210.0,5.0,5.0,730.0,4250.0,0.0,0.0,0.0,1.0,19483.0,18.0,1.0,0.0,-21.3125,-21.3125,-21.5625,22.1875,-21.3125,750.0,31.0,390.0,200.0,0.0,0.0,254.0,20.0,0.0,8.0,0.0,0.0,0.0,0.0,8.0,0.0,5.0,0.0,4.0,0.0,32.0,4687.0,100.0,0.0,0.0,0.0,0.0,26.0,0.0,0.0,3.9000000000000004,5000.0,4990.0,4980.0,1.0,1.0,0.0,21.0,2336.0,0.0,255.0,836.0,217.0,0.0,0.0,1245716.0,3.008,3.0,50.0
1788624092713,2026-09-05T20:01:32.713,0.0,4.0,0.0,1.0,2386.0,14.200000000000001,81.0,0.0,0.0,0.0,0.0,0.0,0.0,0.0,0.0,0.0,0.0,95.0,95.5,1.9839999999993196E-5,1.9839999999993196E-5,11.0,0.999,0.0,43.0,43.0,5.0,5.0,5.0,5.0,5.0,0.0,0.0,0.0,0.0,50.0,14.0,14.0,18.2,210.0,210.0,5.0,5.0,730.0,4250.0,0.0,0.0,0.0,1.0,19483.0,17.8,0.0,0.0,-21.125,-21.125,-21.375,22.125,-21.125,750.0,31.0,390.0,200.0,0.0,0.0,254.0,20.0,0.0,8.0,0.0,0.0,0.0,0.0,8.0,0.0,5.0,0.0,4.0,0.0,32.0,4687.0,100.0,0.0,0.0,0.0,0.0,26.0,0.0,0.0,3.9000000000000004,5000.0,4990.0,4980.0,1.0,1.0,0.0,21.0,3386.0,0.0,255.0,836.0,217.0,0.0,0.0,1245716.0,3.008,3.0,50.0
1788624093571,2026-09-05T20:01:33.571,0.0,4.0,0.0,1.0,2357.0,14.200000000000001,81.0,0.0,0.0,0.0,0.0,0.0,0.0,0.0,0.0,0.0,0.0,96.5,96.0,1.9839999999993196E-5,1.9839999999993196E-5,11.0,0.999,0.0,43.0,43.0,5.0,5.0,5.0,5.0,5.0,0.0,0.0,0.0,0.0,50.0,14.0,14.0,18.400000000000002,210.0,210.0,5.0,5.0,730.0,4240.0,0.0,0.0,0.0,1.0,19483.0,17.6,0.0,0.0,-21.25,-21.25,-21.5,22.25,-21.25,750.0,30.0,390.0,200.0,0.0,0.0,254.0,20.0,0.0,8.0,0.0,0.0,0.0,0.0,8.0,0.0,5.0,0.0,4.0,0.0,32.0,4687.0,100.0,0.0,0.0,0.0,0.0,26.0,0.0,0.0,3.9000000000000004,5000.0,4990.0,4990.0,1.0,1.0,0.0,21.0,3167.0,0.0,255.0,836.0,217.0,0.0,0.0,1245716.0,3.008,3.0,50.0
1788624094364,2026-09-05T20:01:34.364,0.0,4.0,0.0,1.0,2343.0,14.200000000000001,81.0,0.0,0.0,0.0,0.0,0.0,0.0,0.0,0.0,0.0,0.0,95.5,95.5,1.9839999999993196E-5,1.9839999999993196E-5,11.0,0.999,0.0,43.0,43.0,5.0,5.0,5.0,5.0,5.0,0.0,0.0,0.0,0.0,50.0,14.0,14.0,18.1,210.0,210.0,5.0,5.0,730.0,4250.0,0.0,0.0,0.0,1.0,19483.0,17.5,1.0,0.0,-21.1875,-21.1875,-21.4375,22.25,-21.1875,750.0,30.0,390.0,200.0,0.0,0.0,254.0,20.0,0.0,8.0,0.0,0.0,0.0,0.0,8.0,0.0,5.0,0.0,4.0,0.0,33.0,4687.0,100.0,0.0,0.0,0.0,0.0,26.0,0.0,0.0,3.9000000000000004,5000.0,4990.0,4980.0,1.0,1.0,0.0,21.0,3630.0,0.0,255.0,836.0,217.0,0.0,0.0,1245716.0,3.008,3.0,50.0
1788624095003,2026-09-05T20:01:35.003,0.0,4.0,0.0,1.0,2329.0,14.200000000000001,81.0,0.0,0.0,0.0,0.0,0.0,0.0,0.0,0.0,0.0,0.0,96.5,96.0,1.9839999999993196E-5,1.9839999999993196E-5,11.0,0.999,0.0,43.0,43.0,5.0,5.0,5.0,5.0,5.0,0.0,0.0,0.0,0.0,50.0,14.0,14.0,18.1,210.0,210.0,5.0,5.0,730.0,4260.0,0.0,0.0,0.0,1.0,19483.0,17.5,0.0,0.0,-21.1875,-21.1875,-21.4375,22.25,-21.1875,750.0,30.0,390.0,200.0,0.0,0.0,254.0,20.0,0.0,8.0,0.0,0.0,0.0,0.0,8.0,0.0,5.0,0.0,4.0,0.0,33.0,4687.0,100.0,0.0,0.0,0.0,0.0,26.0,0.0,0.0,3.9000000000000004,5000.0,4990.0,4990.0,1.0,1.0,0.0,21.0,2936.0,0.0,255.0,836.0,217.0,0.0,0.0,1245716.0,3.008,3.0,50.0
1788624096052,2026-09-05T20:01:36.052,0.0,4.0,0.0,1.0,2329.0,14.200000000000001,81.0,0.0,0.0,0.0,0.0,0.0,0.0,0.0,0.0,0.0,0.0,96.5,96.0,1.9839999999993196E-5,1.9839999999993196E-5,11.0,0.999,0.0,43.0,43.0,5.0,5.0,5.0,5.0,5.0,0.0,0.0,0.0,0.0,50.0,14.0,14.0,18.2,210.0,210.0,5.0,5.0,730.0,4250.0,0.0,0.0,0.0,1.0,19483.0,17.3,1.0,0.0,-21.1875,-21.1875,-21.4375,22.25,-21.1875,750.0,30.0,390.0,200.0,0.0,0.0,254.0,20.0,0.0,8.0,0.0,1.0,0.0,0.0,8.0,0.0,5.0,0.0,4.0,0.0,33.0,4687.0,100.0,0.0,0.0,0.0,0.0,26.0,0.0,0.0,3.9000000000000004,5000.0,4990.0,4980.0,1.0,1.0,0.0,21.0,4710.0,0.0,255.0,836.0,237.0,0.0,0.0,1245716.0,3.008,3.0,50.0
1788624096875,2026-09-05T20:01:36.875,0.0,4.0,0.0,1.0,2253.0,14.200000000000001,81.0,0.0,0.0,0.0,0.0,0.0,0.0,0.0,0.0,0.0,0.0,96.5,96.0,1.9839999999993196E-5,1.9839999999993196E-5,11.0,0.999,0.0,42.0,42.0,4.0,4.0,4.0,4.0,4.0,0.0,0.0,0.0,0.0,50.0,13.0,14.0,16.900000000000002,210.0,210.0,5.0,5.0,710.0,4270.0,0.0,0.0,0.0,1.0,19483.0,16.1,0.0,0.0,-21.75,-21.75,-22.0625,23.125,-21.75,750.0,28.0,390.0,200.0,0.0,0.0,254.0,20.0,0.0,8.0,0.0,1.0,0.0,0.0,8.0,0.0,5.0,0.0,4.0,0.0,33.0,4687.0,100.0,0.0,0.0,0.0,0.0,26.0,0.0,0.0,3.9000000000000004,5000.0,4990.0,4980.0,1.0,1.0,0.0,21.0,3447.0,0.0,255.0,836.0,227.0,0.0,0.0,1245716.0,3.008,3.0,50.0
1788624097594,2026-09-05T20:01:37.594,0.0,4.0,0.0,1.0,2077.0,14.200000000000001,81.0,0.0,0.0,0.0,0.0,0.0,0.0,0.0,0.0,0.0,0.0,96.0,95.5,1.9839999999993196E-5,1.9839999999993196E-5,11.0,0.999,0.0,42.0,42.0,5.0,5.0,5.0,5.0,5.0,0.0,0.0,0.0,0.0,50.0,13.0,13.0,14.8,210.0,210.0,4.0,4.0,680.0,4290.0,0.0,0.0,0.0,1.0,19483.0,14.0,1.0,0.0,-22.625,-22.625,-22.8125,24.3125,-22.625,750.0,25.0,390.0,200.0,0.0,0.0,254.0,20.0,0.0,8.0,0.0,1.0,0.0,0.0,8.0,0.0,5.0,0.0,4.0,0.0,31.0,4687.0,100.0,0.0,0.0,0.0,0.0,26.0,0.0,0.0,3.9000000000000004,5000.0,4990.0,4970.0,1.0,1.0,0.0,21.0,4945.0,0.0,255.0,836.0,225.0,0.0,0.0,1245716.0,3.008,3.0,50.0
1788624098438,2026-09-05T20:01:38.438,0.0,4.0,0.0,1.0,1896.0,14.200000000000001,81.0,0.0,0.0,0.0,0.0,0.0,0.0,0.0,0.0,0.0,0.0,96.5,96.0,1.9839999999993196E-5,1.9839999999993196E-5,11.0,0.999,0.0,40.0,40.0,6.0,6.0,6.0,6.0,6.0,0.0,0.0,0.0,0.0,50.0,13.0,14.0,14.100000000000001,210.0,210.0,4.0,4.0,670.0,4310.0,0.0,0.0,0.0,1.0,19483.0,13.200000000000001,1.0,0.0,-23.0625,-23.0625,-23.3125,25.0,-23.0625,750.0,24.0,390.0,200.0,0.0,0.0,254.0,20.0,0.0,8.0,0.0,1.0,0.0,0.0,8.0,0.0,5.0,0.0,4.0,0.0,32.0,4687.0,100.0,0.0,0.0,0.0,0.0,26.0,0.0,0.0,3.9000000000000004,5000.0,4990.0,4970.0,1.0,1.0,0.0,21.0,4232.0,0.0,255.0,836.0,232.0,0.0,0.0,1245716.0,3.008,3.0,50.0
1788624099170,2026-09-05T20:01:39.170,0.0,4.0,0.0,1.0,1863.0,14.200000000000001,81.0,0.0,0.0,0.0,0.0,0.0,0.0,0.0,0.0,0.0,0.0,96.5,96.0,1.9839999999993196E-5,1.9839999999993196E-5,11.0,0.999,0.0,40.0,40.0,6.0,6.0,6.0,6.0,6.0,0.0,0.0,0.0,0.0,50.0,13.0,14.0,13.9,210.0,210.0,4.0,4.0,670.0,4310.0,0.0,0.0,0.0,1.0,19483.0,13.0,0.0,0.0,-23.4375,-23.4375,-23.6875,25.4375,-23.4375,750.0,24.0,390.0,200.0,0.0,0.0,254.0,20.0,0.0,8.0,0.0,1.0,0.0,0.0,8.0,0.0,5.0,0.0,4.0,0.0,30.0,4687.0,100.0,0.0,0.0,0.0,0.0,26.0,0.0,0.0,3.9000000000000004,5000.0,4990.0,4970.0,1.0,1.0,0.0,21.0,2534.0,0.0,255.0,836.0,227.0,0.0,0.0,1245716.0,3.008,3.0,50.0
1788624100005,2026-09-05T20:01:40.005,0.0,4.0,0.0,1.0,1845.0,14.200000000000001,81.0,0.0,0.0,0.0,0.0,0.0,0.0,0.0,0.0,0.0,0.0,96.5,96.0,1.9839999999993196E-5,1.9839999999993196E-5,11.0,0.999,0.0,40.0,40.0,7.0,7.0,7.0,7.0,7.0,0.0,0.0,0.0,0.0,50.0,13.0,13.0,13.4,210.0,210.0,3.0,3.0,660.0,4320.0,0.0,0.0,0.0,1.0,19483.0,12.9,1.0,0.0,-23.5,-23.5,-23.75,25.5625,-23.5,750.0,23.0,390.0,200.0,0.0,0.0,254.0,20.0,0.0,8.0,0.0,1.0,0.0,0.0,8.0,0.0,5.0,0.0,4.0,0.0,31.0,4687.0,100.0,0.0,0.0,0.0,0.0,26.0,0.0,0.0,3.9000000000000004,5000.0,4990.0,4990.0,1.0,1.0,0.0,21.0,2207.0,0.0,255.0,836.0,225.0,0.0,0.0,1245716.0,3.008,3.0,50.0
1788624100726,2026-09-05T20:01:40.726,0.0,4.0,0.0,1.0,1797.0,14.200000000000001,81.0,0.0,0.0,0.0,0.0,0.0,0.0,0.0,0.0,0.0,0.0,0.0,0.0,1.9839999999993196E-5,1.9839999999993196E-5,11.0,0.999,0.0,39.0,39.0,6.0,6.0,6.0,6.0,6.0,0.0,0.0,0.0,0.0,50.0,13.0,13.0,13.4,210.0,210.0,3.0,3.0,660.0,4310.0,0.0,0.0,0.0,1.0,19483.0,12.700000000000001,0.0,0.0,-23.5625,-23.5625,-23.8125,25.6875,-23.5625,750.0,23.0,390.0,200.0,0.0,0.0,254.0,20.0,0.0,8.0,0.0,0.0,0.0,0.0,8.0,0.0,5.0,0.0,4.0,0.0,32.0,4687.0,100.0,0.0,0.0,0.0,0.0,26.0,0.0,0.0,3.9000000000000004,5000.0,4990.0,4980.0,1.0,1.0,0.0,21.0,2225.0,0.0,255.0,836.0,233.0,0.0,0.0,1245716.0,3.008,3.0,50.0
1788624101553,2026-09-05T20:01:41.553,0.0,4.0,0.0,1.0,1811.0,14.200000000000001,81.0,0.0,0.0,0.0,0.0,0.0,0.0,0.0,0.0,0.0,0.0,96.5,96.5,1.9839999999993196E-5,1.9839999999993196E-5,11.0,0.999,0.0,39.0,39.0,6.0,6.0,6.0,6.0,6.0,0.0,0.0,0.0,0.0,50.0,13.0,13.0,13.4,210.0,210.0,3.0,3.0,660.0,4320.0,0.0,0.0,0.0,1.0,19483.0,12.8,0.0,0.0,-22.6875,-22.6875,-22.9375,24.75,-22.6875,750.0,23.0,390.0,200.0,0.0,0.0,254.0,20.0,0.0,8.0,0.0,0.0,0.0,0.0,8.0,0.0,5.0,0.0,4.0,0.0,29.0,4687.0,100.0,0.0,0.0,0.0,0.0,26.0,0.0,0.0,3.9000000000000004,5000.0,4990.0,4980.0,1.0,1.0,0.0,21.0,4915.0,0.0,255.0,836.0,224.0,0.0,0.0,1245716.0,3.008,3.0,50.0
1788624102376,2026-09-05T20:01:42.376,0.0,4.0,0.0,1.0,1833.0,14.200000000000001,81.0,0.0,0.0,0.0,0.0,0.0,0.0,0.0,0.0,0.0,0.0,96.5,96.5,1.9839999999993196E-5,1.9839999999993196E-5,11.0,0.999,0.0,40.0,40.0,7.0,7.0,7.0,7.0,7.0,0.0,0.0,0.0,0.0,50.0,13.0,13.0,13.4,210.0,210.0,3.0,3.0,660.0,4320.0,0.0,0.0,0.0,1.0,19483.0,12.9,1.0,0.0,-22.4375,-22.4375,-22.6875,24.4375,-22.4375,750.0,24.0,410.0,200.0,0.6000000000000001,0.0,254.0,20.0,0.0,8.0,0.0,0.0,0.0,0.0,8.0,0.0,5.0,0.0,4.0,0.0,30.0,4687.0,100.0,0.0,0.0,0.0,0.0,26.0,0.0,0.0,3.9000000000000004,5000.0,4990.0,4980.0,1.0,1.0,0.0,21.0,3232.0,0.0,255.0,836.0,220.0,0.0,0.0,1245716.0,3.008,3.0,50.0
1788624103188,2026-09-05T20:01:43.188,0.0,4.0,0.0,1.0,1863.0,14.200000000000001,81.0,0.0,0.0,0.0,0.0,0.0,0.0,0.0,0.0,0.0,0.0,96.0,96.0,1.9839999999993196E-5,1.9839999999993196E-5,11.0,0.999,0.0,40.0,40.0,7.0,7.0,7.0,7.0,7.0,0.0,0.0,0.0,0.0,50.0,13.0,13.0,13.600000000000001,210.0,210.0,4.0,4.0,670.0,4320.0,0.0,0.0,0.0,1.0,19483.0,13.100000000000001,0.0,0.0,-21.9375,-21.9375,-22.125,23.875,-21.9375,750.0,24.0,410.0,200.0,0.6000000000000001,0.0,254.0,20.0,0.0,8.0,0.0,0.0,0.0,0.0,8.0,0.0,5.0,0.0,4.0,0.0,30.0,4687.0,100.0,0.0,0.0,0.0,0.0,26.0,0.0,0.0,3.9000000000000004,5000.0,4990.0,4980.0,1.0,1.0,0.0,21.0,4047.0,0.0,255.0,836.0,220.0,0.0,0.0,1245716.0,3.008,3.0,50.0
1788624104177,2026-09-05T20:01:44.177,0.0,4.0,0.0,1.0,1893.0,14.200000000000001,81.0,0.0,0.0,0.0,0.0,0.0,0.0,0.0,0.0,0.0,0.0,96.5,96.5,1.9839999999993196E-5,1.9839999999993196E-5,11.0,0.999,0.0,40.0,40.0,7.0,7.0,7.0,7.0,7.0,0.0,0.0,0.0,0.0,50.0,13.0,13.0,13.5,210.0,210.0,4.0,4.0,670.0,4310.0,0.0,0.0,0.0,1.0,19483.0,13.100000000000001,1.0,0.0,-22.25,-22.25,-22.5,24.1875,-22.25,750.0,24.0,530.0,240.0,3.2,2.4000000000000004,254.0,20.0,0.0,8.0,0.0,0.0,0.0,0.0,8.0,0.0,5.0,0.0,4.0,0.0,31.0,4687.0,100.0,0.0,0.0,0.0,0.0,26.0,0.0,0.0,3.9000000000000004,5000.0,4990.0,4980.0,1.0,1.0,0.0,21.0,2735.0,0.0,255.0,836.0,221.0,0.0,0.0,1245716.0,3.008,3.0,50.0
1788624104986,2026-09-05T20:01:44.986,0.0,4.0,0.0,1.0,1851.0,14.200000000000001,81.0,0.0,0.0,0.0,0.0,0.0,0.0,0.0,0.0,0.0,0.0,96.0,96.0,1.9839999999993196E-5,1.9839999999993196E-5,11.0,0.999,0.0,40.0,40.0,6.0,6.0,6.0,6.0,6.0,0.0,0.0,0.0,0.0,50.0,13.0,13.0,13.5,210.0,210.0,3.0,4.0,670.0,4310.0,0.0,0.0,0.0,1.0,19483.0,12.9,0.0,0.0,-22.25,-22.25,-22.5,24.25,-22.25,750.0,24.0,550.0,260.0,3.9000000000000004,2.7,254.0,20.0,0.0,8.0,0.0,0.0,0.0,0.0,8.0,0.0,5.0,0.0,4.0,0.0,32.0,4687.0,100.0,0.0,0.0,0.0,0.0,26.0,0.0,0.0,3.9000000000000004,5000.0,4990.0,4990.0,1.0,1.0,0.0,21.0,3052.0,0.0,255.0,836.0,221.0,0.0,0.0,1245716.0,3.008,3.0,50.0
1788624105800,2026-09-05T20:01:45.800,0.0,4.0,0.0,1.0,1863.0,14.200000000000001,81.0,2.58,2.58,2.58,2.58,0.0,0.0,9.0,0.0,0.0,0.0,96.0,96.0,1.9839999999993196E-5,1.9839999999993196E-5,11.0,1.595,0.0,46.0,46.0,-12.0,17.0,17.0,17.0,17.0,0.0,0.0,0.0,0.0,50.0,13.0,13.0,13.100000000000001,210.0,210.0,4.0,3.0,660.0,4300.0,0.0,0.0,0.0,1.0,19483.0,13.100000000000001,1.0,0.0,-17.0625,-12.3125,-12.0625,24.5,-17.0625,750.0,24.0,520.0,240.0,3.0,2.1,254.0,20.0,0.0,8.0,0.0,0.0,0.0,0.0,8.0,0.0,5.0,2.0,4.0,0.0,31.0,4687.0,100.0,0.0,0.0,0.0,0.0,26.0,0.0,0.0,3.9000000000000004,5000.0,4990.0,4980.0,1.0,1.0,0.0,21.0,4414.0,0.0,255.0,836.0,216.0,0.0,0.0,1245716.0,3.008,3.0,50.0
1788624106615,2026-09-05T20:01:46.615,0.0,4.0,0.0,1.0,1860.0,14.200000000000001,81.0,1.7,1.7,1.7,1.7,0.0,1.0,24.0,1.0,0.0,810.0,96.5,96.5,0.003773799999999994,0.003773799999999994,11.0,1.155,0.0,40.0,40.0,-14.0,-14.0,-14.0,-14.0,-14.0,0.0,0.0,0.0,0.0,50.0,13.0,13.0,13.600000000000001,210.0,210.0,4.0,4.0,670.0,4310.0,0.0,0.0,0.0,1.0,19483.0,13.100000000000001,1.0,0.0,-22.25,-21.6875,-22.5,24.25,-22.25,750.0,24.0,390.0,200.0,0.0,0.0,254.0,20.0,0.0,8.0,0.0,0.0,0.0,0.0,8.0,0.0,5.0,0.0,4.0,0.0,32.0,4687.0,100.0,0.0,0.0,0.0,0.0,26.0,0.0,0.0,3.9000000000000004,5000.0,4990.0,4980.0,1.0,1.0,0.0,21.0,2801.0,0.0,255.0,836.0,216.0,0.0,0.0,1245716.0,3.008,3.0,50.0
1788624107527,2026-09-05T20:01:47.527,0.0,4.0,0.0,1.0,1854.0,14.200000000000001,82.0,0.0,0.0,0.0,0.0,0.0,0.0,0.0,0.0,0.0,0.0,95.5,95.5,1.9839999999993196E-5,1.9839999999993196E-5,11.0,0.999,0.0,40.0,40.0,6.0,6.0,6.0,6.0,6.0,0.0,0.0,0.0,0.0,50.0,13.0,13.0,13.700000000000001,210.0,210.0,4.0,4.0,670.0,4310.0,0.0,0.0,0.0,1.0,19483.0,13.0,0.0,0.0,-21.75,-21.75,-22.0,23.75,-21.75,750.0,24.0,390.0,200.0,0.0,0.0,254.0,20.0,0.0,8.0,0.0,0.0,0.0,0.0,8.0,0.0,5.0,0.0,4.0,0.0,31.0,4687.0,100.0,0.0,0.0,0.0,0.0,26.0,0.0,0.0,3.9000000000000004,5000.0,4990.0,4980.0,1.0,1.0,0.0,21.0,4363.0,0.0,255.0,836.0,216.0,0.0,0.0,1245716.0,3.008,3.0,50.0
1788624108313,2026-09-05T20:01:48.313,0.0,4.0,0.0,1.0,1814.0,14.200000000000001,82.0,0.0,0.0,0.0,0.0,0.0,0.0,0.0,0.0,0.0,0.0,96.5,96.5,1.9839999999993196E-5,1.9839999999993196E-5,11.0,0.999,0.0,39.0,39.0,6.0,6.0,6.0,6.0,6.0,0.0,0.0,0.0,0.0,50.0,13.0,13.0,13.5,210.0,210.0,3.0,3.0,660.0,4310.0,0.0,0.0,0.0,1.0,19483.0,12.8,1.0,0.0,-22.25,-22.25,-22.5,24.3125,-22.25,750.0,23.0,390.0,200.0,0.0,0.0,254.0,20.0,0.0,8.0,0.0,0.0,0.0,0.0,8.0,0.0,5.0,0.0,4.0,0.0,31.0,4687.0,100.0,0.0,0.0,0.0,0.0,26.0,0.0,0.0,3.9000000000000004,5000.0,4990.0,4980.0,1.0,1.0,0.0,21.0,3364.0,0.0,255.0,836.0,216.0,0.0,0.0,1245716.0,3.008,3.0,50.0
1788624109170,2026-09-05T20:01:49.170,0.0,4.0,0.0,1.0,1800.0,14.200000000000001,82.0,0.0,0.0,0.0,0.0,0.0,0.0,0.0,0.0,0.0,0.0,96.5,96.5,1.9839999999993196E-5,1.9839999999993196E-5,11.0,0.999,0.0,39.0,39.0,6.0,6.0,6.0,6.0,6.0,0.0,0.0,0.0,0.0,50.0,13.0,13.0,13.100000000000001,210.0,210.0,3.0,3.0,660.0,4330.0,0.0,0.0,0.0,1.0,19483.0,12.600000000000001,0.0,0.0,-22.4375,-22.4375,-22.6875,24.5625,-22.4375,750.0,23.0,390.0,200.0,0.0,0.0,254.0,20.0,0.0,8.0,0.0,0.0,0.0,0.0,8.0,0.0,5.0,0.0,4.0,0.0,32.0,4687.0,100.0,0.0,0.0,0.0,0.0,26.0,0.0,0.0,3.9000000000000004,5000.0,4990.0,4990.0,1.0,1.0,0.0,21.0,3522.0,0.0,255.0,836.0,216.0,0.0,0.0,1245716.0,3.008,3.0,50.0
1788624109950,2026-09-05T20:01:49.950,0.0,4.0,0.0,1.0,1778.0,14.200000000000001,82.0,0.0,0.0,0.0,0.0,0.0,0.0,0.0,0.0,0.0,0.0,96.0,96.0,1.9839999999993196E-5,1.9839999999993196E-5,11.0,0.999,0.0,39.0,39.0,7.0,7.0,7.0,7.0,7.0,0.0,0.0,0.0,0.0,50.0,13.0,13.0,13.0,210.0,210.0,3.0,3.0,660.0,4320.0,0.0,0.0,0.0,1.0,19483.0,12.4,1.0,0.0,-22.9375,-22.9375,-23.1875,25.125,-22.9375,750.0,23.0,390.0,200.0,0.0,0.0,254.0,20.0,0.0,8.0,0.0,0.0,0.0,0.0,8.0,0.0,5.0,0.0,4.0,0.0,32.0,4687.0,100.0,0.0,0.0,0.0,0.0,26.0,0.0,0.0,3.9000000000000004,5000.0,4990.0,4980.0,1.0,1.0,0.0,21.0,3297.0,0.0,255.0,836.0,216.0,0.0,0.0,1245716.0,3.008,3.0,50.0
1788624110670,2026-09-05T20:01:50.670,0.0,4.0,0.0,1.0,1746.0,14.200000000000001,82.0,0.0,0.0,0.0,0.0,0.0,0.0,0.0,0.0,0.0,0.0,97.0,97.0,1.9839999999993196E-5,1.9839999999993196E-5,12.0,0.999,0.0,39.0,39.0,7.0,7.0,7.0,7.0,7.0,0.0,0.0,0.0,0.0,50.0,13.0,13.0,13.0,210.0,210.0,3.0,3.0,660.0,4330.0,0.0,0.0,0.0,1.0,19483.0,12.3,0.0,0.0,-22.625,-22.625,-22.875,24.8125,-22.625,750.0,22.0,390.0,200.0,0.0,0.0,254.0,20.0,0.0,8.0,0.0,0.0,0.0,0.0,8.0,0.0,5.0,0.0,4.0,0.0,31.0,4687.0,100.0,0.0,0.0,0.0,0.0,26.0,0.0,0.0,3.9000000000000004,5000.0,4990.0,4990.0,1.0,1.0,0.0,21.0,3155.0,0.0,255.0,836.0,217.0,0.0,0.0,1245716.0,3.008,3.0,50.0
1788624111521,2026-09-05T20:01:51.521,0.0,4.0,0.0,1.0,1733.0,14.200000000000001,82.0,0.0,0.0,0.0,0.0,0.0,0.0,0.0,0.0,0.0,0.0,96.0,96.0,1.9839999999993196E-5,1.9839999999993196E-5,12.0,0.999,0.0,39.0,39.0,7.0,7.0,7.0,7.0,7.0,0.0,0.0,0.0,0.0,50.0,13.0,14.0,12.9,210.0,210.0,3.0,3.0,650.0,4330.0,0.0,0.0,0.0,1.0,19483.0,12.100000000000001,0.0,0.0,-23.0625,-23.0625,-23.3125,25.25,-23.0625,750.0,22.0,390.0,200.0,0.0,0.0,254.0,20.0,0.0,8.0,0.0,0.0,0.0,0.0,8.0,0.0,5.0,0.0,4.0,0.0,31.0,4687.0,100.0,0.0,0.0,0.0,0.0,26.0,0.0,0.0,3.9000000000000004,5000.0,4990.0,4980.0,1.0,1.0,0.0,21.0,2540.0,0.0,255.0,836.0,233.0,0.0,0.0,1245716.0,3.008,3.0,50.0
1788624112495,2026-09-05T20:01:52.495,0.0,4.0,0.0,1.0,1700.0,14.200000000000001,82.0,0.0,0.0,0.0,0.0,0.0,0.0,0.0,0.0,0.0,0.0,96.5,96.5,1.9839999999993196E-5,1.9839999999993196E-5,12.0,0.999,0.0,38.0,38.0,7.0,7.0,7.0,7.0,7.0,0.0,0.0,0.0,0.0,50.0,13.0,13.0,12.600000000000001,210.0,210.0,3.0,3.0,650.0,4330.0,0.0,0.0,0.0,1.0,19483.0,12.0,1.0,0.0,-23.375,-23.375,-23.6875,25.5625,-23.375,750.0,21.0,390.0,200.0,0.0,0.0,254.0,20.0,0.0,8.0,0.0,1.0,0.0,0.0,8.0,0.0,5.0,0.0,4.0,0.0,32.0,4687.0,100.0,0.0,0.0,0.0,0.0,26.0,0.0,0.0,3.9000000000000004,5000.0,4990.0,4980.0,1.0,1.0,0.0,22.0,3012.0,0.0,255.0,836.0,231.0,0.0,0.0,1245716.0,3.008,3.0,50.0
1788624113310,2026-09-05T20:01:53.310,0.0,4.0,0.0,1.0,1587.0,14.200000000000001,82.0,0.0,0.0,0.0,0.0,0.0,0.0,0.0,0.0,0.0,0.0,96.5,96.5,1.9839999999993196E-5,1.9839999999993196E-5,12.0,0.999,0.0,38.0,38.0,7.0,7.0,7.0,7.0,7.0,0.0,0.0,0.0,0.0,50.0,13.0,13.0,10.8,210.0,210.0,3.0,3.0,630.0,4350.0,0.0,0.0,0.0,1.0,19483.0,10.700000000000001,0.0,0.0,-24.875,-24.875,-25.125,27.0625,-24.875,750.0,19.0,390.0,200.0,0.0,0.0,254.0,20.0,0.0,8.0,0.0,1.0,0.0,0.0,8.0,0.0,5.0,0.0,4.0,0.0,32.0,4687.0,100.0,0.0,0.0,0.0,0.0,26.0,0.0,0.0,3.9000000000000004,5000.0,4990.0,4980.0,1.0,1.0,0.0,22.0,3579.0,0.0,255.0,836.0,221.0,0.0,0.0,1245716.0,3.008,3.0,50.0
1788624114114,2026-09-05T20:01:54.114,0.0,4.0,0.0,1.0,1406.0,14.200000000000001,82.0,0.0,0.0,0.0,0.0,0.0,0.0,0.0,0.0,0.0,0.0,96.5,96.5,1.9839999999993196E-5,1.9839999999993196E-5,12.0,0.999,0.0,36.0,36.0,6.0,6.0,6.0,6.0,6.0,0.0,0.0,0.0,0.0,50.0,12.0,12.0,8.700000000000001,210.0,210.0,2.0,2.0,600.0,4380.0,0.0,0.0,0.0,1.0,19483.0,8.6,1.0,0.0,-26.375,-26.375,-24.8125,28.5625,-26.375,750.0,15.0,390.0,200.0,0.0,0.0,254.0,20.0,0.0,8.0,0.0,1.0,1.0,0.0,8.0,0.0,5.0,1.0,4.0,100.0,31.0,4687.0,100.0,0.0,0.0,0.0,0.0,26.0,0.0,0.0,3.9000000000000004,5000.0,4990.0,4980.0,1.0,1.0,0.0,22.0,2830.0,0.0,255.0,836.0,219.0,0.0,0.0,1245716.0,3.008,3.0,50.0
1788624114881,2026-09-05T20:01:54.881,0.0,4.0,0.0,1.0,1015.0,14.200000000000001,82.0,2.0300000000000002,2.0300000000000002,2.0300000000000002,2.0300000000000002,0.0,0.0,19.0,0.0,0.0,0.0,96.5,96.5,1.9839999999993196E-5,1.9839999999993196E-5,12.0,1.374,0.0,36.0,36.0,9.0,30.0,30.0,30.0,30.0,0.0,0.0,0.0,0.0,50.0,17.0,12.0,6.4,273.0,210.0,2.0,2.0,600.0,4390.0,0.0,0.0,0.0,1.0,19483.0,8.4,0.0,0.0,-26.9375,-5.8125,-5.875,29.125,-26.9375,750.0,11.0,390.0,200.0,0.0,0.0,254.0,20.0,0.0,8.0,0.0,0.0,1.0,0.0,8.0,0.0,5.0,1.0,4.0,100.0,28.0,4687.0,100.0,0.0,0.0,0.0,0.0,26.0,0.0,0.0,3.9000000000000004,5000.0,4990.0,4980.0,1.0,1.0,0.0,21.0,1810.0,0.0,255.0,836.0,280.0,0.0,0.0,1245716.0,3.008,3.0,50.0
1788624115660,2026-09-05T20:01:55.660,0.0,4.0,0.0,1.0,767.0,13.9,82.0,2.36,2.36,2.36,2.36,0.0,1.0,73.0,0.0,0.0,43.0,100.0,100.0,0.002354619999999974,0.002354619999999974,12.0,1.168,0.0,18.0,18.0,-10.0,16.0,16.0,16.0,16.0,0.0,0.0,0.0,0.0,51.0,27.0,20.0,8.4,441.0,336.0,3.0,3.0,630.0,4360.0,0.0,0.0,0.0,1.0,19483.0,11.0,1.0,0.0,-26.4375,4.25,7.1875,28.625,-26.4375,750.0,12.0,390.0,200.0,0.0,0.0,254.0,20.0,0.0,8.0,0.0,0.0,1.0,0.0,8.0,0.0,5.0,1.0,4.0,100.0,27.0,4687.0,100.0,0.0,0.0,0.0,0.0,26.0,0.0,0.0,3.9000000000000004,5000.0,4990.0,4990.0,1.0,1.0,0.0,21.0,1296.0,0.0,255.0,836.0,277.0,0.0,0.0,1245716.0,3.008,3.0,50.0
1788624116453,2026-09-05T20:01:56.453,0.0,4.0,0.0,1.0,737.0,14.100000000000001,82.0,3.37,3.37,3.37,3.37,0.0,1.0,34.0,0.0,0.0,34.0,98.5,98.5,0.009748089999999987,0.009748089999999987,12.0,0.999,4.0,15.0,15.0,-30.0,-4.0,-4.0,-4.0,-4.0,0.0,0.0,0.0,0.0,51.0,24.0,24.0,9.8,399.0,378.0,3.0,3.0,620.0,4360.0,0.0,0.0,0.0,1.0,19483.0,10.0,1.0,0.0,-26.4375,4.5,3.3125,28.625,-26.4375,750.0,12.0,390.0,200.0,0.0,0.0,254.0,20.0,0.0,8.0,0.0,1.0,1.0,0.0,8.0,0.0,5.0,1.0,4.0,100.0,28.0,4687.0,100.0,0.0,0.0,0.0,0.0,26.0,0.0,0.0,3.9000000000000004,5000.0,4990.0,4970.0,1.0,1.0,0.0,22.0,1249.0,0.0,255.0,836.0,336.0,0.0,0.0,1245716.0,3.008,3.0,50.0
1788624117215,2026-09-05T20:01:57.215,0.0,4.0,0.0,1.0,742.0,13.9,82.0,3.12,3.12,3.12,3.12,0.0,1.0,43.0,0.0,0.0,39.0,99.5,99.5,0.017530690000000015,0.017530690000000015,12.0,0.999,5.0,15.0,15.0,-26.0,1.0,1.0,1.0,1.0,0.0,0.0,0.0,0.0,51.0,23.0,23.0,9.5,378.0,378.0,2.0,2.0,620.0,4360.0,0.0,0.0,0.0,1.0,19483.0,9.700000000000001,0.0,0.0,-26.5,1.75,2.25,28.6875,-26.5,750.0,9.0,390.0,200.0,0.0,0.0,254.0,20.0,0.0,8.0,0.0,1.0,1.0,0.0,8.0,0.0,5.0,1.0,4.0,100.0,30.0,4687.0,100.0,0.0,0.0,0.0,0.0,26.0,0.0,0.0,3.9000000000000004,5000.0,4990.0,4980.0,1.0,1.0,0.0,22.0,1289.0,0.0,255.0,836.0,357.0,0.0,0.0,1245716.0,3.008,3.0,50.0
1788624118013,2026-09-05T20:01:58.013,0.0,4.0,0.0,1.0,746.0,14.100000000000001,82.0,3.0,3.0,3.0,3.0,0.0,1.0,39.0,0.0,0.0,39.0,97.5,97.5,0.04425857999999999,0.04425857999999999,12.0,0.999,6.0,16.0,16.0,-22.0,-2.0,-2.0,-2.0,-2.0,0.0,0.0,0.0,0.0,51.0,22.0,22.0,9.0,378.0,357.0,2.0,2.0,620.0,4370.0,0.0,0.0,0.0,1.0,19483.0,9.4,1.0,0.0,-26.6875,1.375,1.4375,28.875,-26.6875,750.0,9.0,390.0,200.0,0.0,0.0,254.0,20.0,0.0,8.0,0.0,1.0,1.0,0.0,8.0,0.0,5.0,1.0,4.0,100.0,29.0,4687.0,100.0,0.0,0.0,0.0,0.0,26.0,0.0,0.0,3.9000000000000004,5000.0,4990.0,4980.0,1.0,1.0,0.0,22.0,1320.0,0.0,255.0,836.0,367.0,0.0,0.0,1245716.0,3.008,3.0,50.0
1788624118799,2026-09-05T20:01:58.799,0.0,4.0,0.0,1.0,746.0,14.100000000000001,82.0,3.06,3.06,3.06,3.06,0.0,1.0,48.0,0.0,0.0,43.0,97.5,97.5,0.07966178000000002,0.07966178000000002,12.0,0.999,7.0,16.0,16.0,-20.0,0.0,0.0,0.0,0.0,0.0,0.0,0.0,0.0,50.0,21.0,22.0,9.1,357.0,357.0,2.0,2.0,610.0,4370.0,0.0,0.0,0.0,1.0,19483.0,9.3,0.0,0.0,-26.5625,1.625,1.0625,28.75,-26.5625,750.0,6.0,390.0,200.0,0.0,0.0,254.0,20.0,0.0,8.0,0.0,1.0,0.0,0.0,8.0,0.0,5.0,1.0,4.0,0.0,30.0,4687.0,100.0,0.0,0.0,0.0,0.0,26.0,0.0,0.0,3.9000000000000004,5000.0,4990.0,4980.0,1.0,1.0,0.0,22.0,1326.0,0.0,255.0,836.0,365.0,0.0,0.0,1245716.0,3.008,3.0,50.0
1788624119715,2026-09-05T20:01:59.715,0.0,4.0,0.0,1.0,766.0,14.200000000000001,82.0,2.99,2.99,2.99,2.99,0.0,1.0,63.0,0.0,0.0,53.0,97.5,97.5,0.11506497999999998,0.11506497999999998,12.0,0.999,8.0,16.0,16.0,-18.0,-3.0,-3.0,-3.0,-3.0,0.0,0.0,0.0,0.0,50.0,20.0,21.0,8.700000000000001,336.0,336.0,2.0,2.0,610.0,4380.0,0.0,0.0,0.0,1.0,19483.0,8.6,0.0,0.0,-26.375,-0.4375,-0.4375,28.5625,-26.375,750.0,6.0,390.0,200.0,0.0,0.0,254.0,20.0,0.0,8.0,0.0,1.0,1.0,0.0,8.0,0.0,5.0,1.0,4.0,100.0,29.0,4687.0,100.0,0.0,0.0,0.0,0.0,26.0,0.0,0.0,3.9000000000000004,5000.0,4990.0,4980.0,1.0,1.0,0.0,22.0,1954.0,0.0,255.0,836.0,358.0,0.0,0.0,1245716.0,3.008,3.0,50.0
1788624120753,2026-09-05T20:02:00.753,0.0,4.0,0.0,1.0,759.0,14.200000000000001,82.0,2.91,2.91,2.91,2.91,1.0,1.0,795.0,1.0,0.0,664.0,97.5,97.5,0.09773725,0.09773725,11.0,0.999,8.0,16.0,16.0,-16.0,-5.0,-5.0,-5.0,-5.0,0.0,0.0,0.0,0.0,51.0,19.0,21.0,8.6,315.0,336.0,2.0,2.0,600.0,4380.0,0.0,0.0,0.0,1.0,19483.0,8.200000000000001,1.0,0.0,-26.5625,-1.4375,-2.0625,28.75,-26.5625,750.0,7.0,390.0,200.0,0.0,0.0,254.0,20.0,0.0,8.0,0.0,1.0,1.0,0.0,8.0,0.0,5.0,1.0,4.0,100.0,30.0,4687.0,100.0,0.0,0.0,0.0,0.0,26.0,0.0,0.0,3.9000000000000004,5000.0,4990.0,4980.0,1.0,1.0,0.0,22.0,1684.0,0.0,255.0,836.0,380.0,0.0,0.0,1245716.0,3.008,3.0,50.0
1788624121538,2026-09-05T20:02:01.538,0.0,4.0,0.0,1.0,753.0,14.100000000000001,82.0,2.86,2.86,2.86,2.86,1.0,1.0,751.0,1.0,0.0,776.0,97.5,97.5,0.08878725999999998,0.08878725999999998,10.0,0.999,9.0,16.0,16.0,-15.0,-1.0,-1.0,-1.0,-1.0,0.0,0.0,0.0,0.0,50.0,20.0,20.0,8.4,336.0,336.0,2.0,2.0,600.0,4380.0,0.0,0.0,0.0,1.0,19483.0,8.3,0.0,0.0,-26.5625,-1.9375,-1.6875,28.75,-26.5625,750.0,6.0,390.0,200.0,0.0,0.0,254.0,20.0,0.0,8.0,0.0,1.0,1.0,0.0,8.0,0.0,5.0,1.0,4.0,100.0,29.0,4687.0,100.0,0.0,0.0,0.0,0.0,26.0,0.0,0.0,3.9000000000000004,5000.0,4990.0,4980.0,1.0,1.0,0.0,22.0,1328.0,0.0,255.0,836.0,356.0,0.0,0.0,1245716.0,3.008,3.0,50.0
1788624122237,2026-09-05T20:02:02.237,0.0,4.0,0.0,1.0,753.0,14.100000000000001,82.0,2.85,2.85,2.85,2.85,1.0,1.0,781.0,1.0,0.0,786.0,97.5,97.5,0.08100466,0.08100466,9.0,0.999,9.0,16.0,16.0,-15.0,-3.0,-3.0,-3.0,-3.0,0.0,0.0,0.0,0.0,51.0,19.0,20.0,8.3,315.0,336.0,2.0,2.0,600.0,4380.0,0.0,0.0,0.0,1.0,19483.0,8.0,1.0,0.0,-26.875,-1.0,-0.4375,29.0625,-26.875,750.0,6.0,390.0,200.0,0.0,0.0,254.0,20.0,0.0,8.0,0.0,0.0,1.0,0.0,8.0,0.0,5.0,1.0,4.0,100.0,26.0,4687.0,100.0,0.0,0.0,0.0,0.0,26.0,0.0,0.0,3.9000000000000004,5000.0,4990.0,4980.0,1.0,1.0,0.0,22.0,1908.0,0.0,255.0,836.0,350.0,0.0,0.0,1245716.0,3.008,3.0,50.0
1788624123059,2026-09-05T20:02:03.059,0.0,4.0,0.0,1.0,761.0,14.200000000000001,82.0,2.72,2.72,2.72,2.72,1.0,1.0,781.0,1.0,0.0,795.0,96.5,96.5,0.052292969999999994,0.052292969999999994,8.0,0.999,10.0,16.0,16.0,-14.0,-4.0,-4.0,-4.0,-4.0,0.0,0.0,0.0,0.0,50.0,19.0,20.0,8.3,315.0,336.0,2.0,2.0,600.0,4380.0,0.0,0.0,0.0,1.0,19483.0,7.800000000000001,0.0,0.0,11.9375,4.875,4.9375,28.8125,11.9375,750.0,7.0,670.0,320.0,8.200000000000001,6.9,254.0,20.0,0.0,8.0,0.0,0.0,1.0,0.0,8.0,0.0,5.0,2.0,4.0,100.0,29.0,4687.0,100.0,0.0,0.0,0.0,0.0,26.0,0.0,0.0,3.9000000000000004,5000.0,4990.0,4990.0,1.0,1.0,0.0,22.0,1443.0,0.0,255.0,836.0,341.0,0.0,0.0,1245716.0,3.008,3.0,50.0
1788624123886,2026-09-05T20:02:03.886,0.0,4.0,0.0,1.0,1060.0,14.200000000000001,83.0,3.15,3.15,3.15,3.15,1.0,1.0,659.0,1.0,0.0,771.0,96.5,96.5,-0.0046573500000000045,-0.0046573500000000045,8.0,0.999,14.0,19.0,19.0,-36.0,5.0,5.0,5.0,5.0,0.0,0.0,0.0,0.0,50.0,24.0,27.0,19.0,378.0,399.0,5.0,5.0,730.0,4240.0,0.0,0.0,0.0,1.0,19483.0,17.1,1.0,0.0,10.1875,9.1875,6.75,28.0625,10.1875,750.0,7.0,780.0,370.0,11.600000000000001,10.4,254.0,20.0,0.0,8.0,0.0,0.0,1.0,0.0,8.0,0.0,5.0,2.0,4.0,100.0,30.0,4687.0,100.0,0.0,0.0,0.0,0.0,26.0,0.0,0.0,3.9000000000000004,5000.0,4990.0,5000.0,1.0,1.0,0.0,22.0,1865.0,0.0,255.0,836.0,342.0,0.0,0.0,1245716.0,3.008,3.0,50.0
1788624124635,2026-09-05T20:02:04.635,0.0,4.0,0.0,1.0,1517.0,14.200000000000001,83.0,2.89,2.89,2.89,2.89,0.0,1.0,63.0,1.0,0.0,727.0,96.5,96.5,0.010587389999999974,0.010587389999999974,7.0,0.999,17.0,24.0,24.0,-36.0,20.0,20.0,20.0,20.0,0.0,0.0,0.0,0.0,50.0,23.0,23.0,16.3,357.0,357.0,5.0,5.0,720.0,4260.0,0.0,0.0,0.0,1.0,19483.0,16.5,1.0,0.0,13.8125,9.3125,12.8125,26.875,13.8125,750.0,9.0,790.0,380.0,11.700000000000001,10.700000000000001,254.0,20.0,0.0,8.0,0.0,0.0,1.0,0.0,8.0,0.0,5.0,2.0,4.0,100.0,31.0,4687.0,100.0,0.0,0.0,0.0,0.0,26.0,0.0,0.0,3.9000000000000004,5000.0,4990.0,4980.0,1.0,1.0,0.0,22.0,2429.0,0.0,255.0,836.0,343.0,0.0,0.0,1245716.0,3.008,3.0,50.0
1788624125462,2026-09-05T20:02:05.462,0.0,4.0,0.0,1.0,1439.0,14.200000000000001,83.0,3.15,3.15,3.15,3.15,0.0,1.0,83.0,0.0,0.0,68.0,96.0,96.0,0.07620538999999998,0.07620538999999998,6.0,0.999,17.0,24.0,24.0,-36.0,8.0,8.0,8.0,8.0,0.0,0.0,0.0,0.0,50.0,20.0,22.0,17.6,315.0,336.0,5.0,5.0,720.0,4260.0,0.0,0.0,0.0,1.0,19483.0,16.5,0.0,0.0,9.9375,9.5,11.375,25.25,9.9375,750.0,11.0,820.0,390.0,12.5,11.3,254.0,20.0,0.0,8.0,0.0,0.0,0.0,0.0,8.0,0.0,5.0,2.0,4.0,0.0,31.0,4687.0,100.0,0.0,0.0,0.0,0.0,26.0,0.0,0.0,3.9000000000000004,5000.0,4990.0,4970.0,1.0,1.0,0.0,22.0,3097.0,0.0,255.0,836.0,333.0,0.0,0.0,1245716.0,3.008,3.0,50.0
1788624126329,2026-09-05T20:02:06.329,0.0,4.0,0.0,1.0,1616.0,14.200000000000001,83.0,2.96,2.96,2.96,2.96,1.0,1.0,737.0,1.0,0.0,703.0,96.5,96.5,0.07703705999999999,0.07703705999999999,5.0,0.999,19.0,26.0,26.0,-35.0,22.0,22.0,22.0,22.0,0.0,0.0,0.0,0.0,50.0,23.0,22.0,20.200000000000003,336.0,315.0,6.0,6.0,770.0,4220.0,0.0,0.0,0.0,1.0,19483.0,21.3,1.0,0.0,21.8125,14.125,13.875,23.875,21.8125,750.0,12.0,1040.0,500.0,18.8,17.7,254.0,20.0,0.0,8.0,0.0,0.0,0.0,0.0,8.0,0.0,5.0,2.0,4.0,0.0,30.0,4687.0,100.0,0.0,0.0,0.0,0.0,26.0,0.0,0.0,3.9000000000000004,5000.0,4990.0,4980.0,1.0,1.0,0.0,22.0,4600.0,0.0,255.0,836.0,330.0,0.0,0.0,1245716.0,3.008,3.0,50.0
1788624127122,2026-09-05T20:02:07.122,0.0,4.0,0.0,1.0,1878.0,14.200000000000001,83.0,4.87,4.87,4.87,4.87,1.0,1.0,825.0,1.0,0.0,712.0,95.5,96.5,0.09559321999999998,0.09559321999999998,4.0,0.999,37.0,24.0,24.0,-32.0,24.0,24.0,24.0,24.0,0.0,0.0,0.0,0.0,50.0,13.0,26.0,26.6,210.0,378.0,4.0,4.0,700.0,4280.0,0.0,0.0,0.0,1.0,19483.0,14.100000000000001,0.0,0.0,-21.1875,6.3125,6.1875,22.9375,-21.1875,750.0,14.0,390.0,200.0,0.0,0.0,254.0,20.0,0.0,8.0,0.0,0.0,1.0,0.0,8.0,0.0,5.0,2.0,4.0,100.0,31.0,4687.0,100.0,0.0,0.0,0.0,0.0,26.0,0.0,0.0,3.9000000000000004,5000.0,4990.0,4980.0,1.0,1.0,0.0,22.0,3991.0,0.0,255.0,836.0,350.0,0.0,0.0,1245716.0,3.008,3.0,50.0
1788624127888,2026-09-05T20:02:07.888,0.0,4.0,0.0,1.0,1479.0,14.200000000000001,83.0,2.15,2.15,2.15,2.15,0.0,1.0,63.0,0.0,0.0,29.0,93.0,96.5,0.07449626999999998,0.07449626999999998,3.0,0.999,16.0,34.0,34.0,-23.0,-22.0,-22.0,-22.0,-22.0,0.0,0.0,0.0,0.0,50.0,12.0,15.0,10.3,210.0,252.0,2.0,2.0,610.0,4380.0,0.0,0.0,0.0,1.0,19483.0,8.4,1.0,0.0,-24.5,-14.8125,-18.375,26.6875,-24.5,750.0,14.0,390.0,200.0,0.0,0.0,254.0,20.0,0.0,8.0,0.0,1.0,1.0,0.0,8.0,0.0,5.0,1.0,4.0,100.0,30.0,4687.0,100.0,0.0,0.0,0.0,0.0,26.0,0.0,0.0,3.9000000000000004,5000.0,4990.0,4990.0,1.0,1.0,0.0,22.0,2381.0,0.0,255.0,836.0,287.0,0.0,0.0,1245716.0,3.008,3.0,50.0
1788624128934,2026-09-05T20:02:08.934,0.0,4.0,0.0,1.0,840.0,13.700000000000001,83.0,2.06,2.06,2.06,2.06,1.0,1.0,825.0,1.0,0.0,717.0,99.0,100.0,0.06317335000000002,0.06317335000000002,3.0,0.999,12.0,25.0,25.0,-2.0,24.0,24.0,24.0,24.0,0.0,0.0,0.0,0.0,50.0,25.0,17.0,7.800000000000001,378.0,273.0,3.0,3.0,620.0,4360.0,0.0,0.0,0.0,1.0,19483.0,10.4,0.0,0.0,-25.875,1.4375,3.8125,28.0625,-25.875,750.0,11.0,390.0,200.0,0.0,0.0,254.0,20.0,0.0,8.0,0.0,1.0,0.0,0.0,8.0,0.0,5.0,1.0,4.0,0.0,32.0,4687.0,100.0,0.0,0.0,0.0,0.0,26.0,0.0,0.0,3.9000000000000004,5000.0,4990.0,4990.0,1.0,1.0,0.0,22.0,1571.0,0.0,255.0,836.0,281.0,0.0,0.0,1245716.0,3.008,3.0,50.0
1788624129643,2026-09-05T20:02:09.643,0.0,4.0,0.0,1.0,766.0,13.700000000000001,83.0,2.98,2.98,2.98,2.98,1.0,1.0,839.0,1.0,0.0,839.0,99.0,100.0,0.05383422999999998,0.05383422999999998,2.0,0.999,14.0,15.0,15.0,-18.0,0.0,0.0,0.0,0.0,0.0,0.0,0.0,0.0,50.0,21.0,21.0,8.9,336.0,336.0,2.0,2.0,610.0,4370.0,0.0,0.0,0.0,1.0,19483.0,8.9,1.0,0.0,-27.25,-1.6875,-1.4375,29.4375,-27.25,750.0,5.0,390.0,200.0,0.0,0.0,254.0,20.0,0.0,8.0,0.0,1.0,0.0,0.0,8.0,0.0,5.0,1.0,4.0,0.0,29.0,4687.0,100.0,0.0,0.0,0.0,0.0,26.0,0.0,0.0,3.9000000000000004,5000.0,4990.0,4990.0,1.0,1.0,0.0,22.0,1455.0,0.0,255.0,836.0,287.0,0.0,0.0,1245716.0,3.008,3.0,50.0
1788624130357,2026-09-05T20:02:10.357,0.0,4.0,0.0,1.0,762.0,13.700000000000001,83.0,2.87,2.87,2.87,2.87,1.0,1.0,844.0,1.0,0.0,844.0,100.0,100.0,0.03854371000000001,0.03854371000000001,1.0,0.999,15.0,16.0,16.0,-17.0,-1.0,-1.0,-1.0,-1.0,0.0,0.0,0.0,0.0,50.0,20.0,21.0,8.6,336.0,336.0,2.0,2.0,600.0,4380.0,0.0,0.0,0.0,1.0,19483.0,8.4,1.0,0.0,-27.1875,-1.3125,-1.4375,29.375,-27.1875,750.0,2.0,390.0,190.0,0.0,0.0,254.0,20.0,0.0,8.0,0.0,1.0,1.0,0.0,8.0,0.0,5.0,1.0,4.0,100.0,28.0,4687.0,100.0,0.0,0.0,0.0,0.0,26.0,0.0,0.0,3.9000000000000004,5000.0,4990.0,4980.0,1.0,1.0,0.0,22.0,1896.0,0.0,255.0,836.0,323.0,0.0,0.0,1245716.0,3.008,3.0,50.0
1788624131114,2026-09-05T20:02:11.114,0.0,4.0,0.0,1.0,762.0,14.100000000000001,83.0,2.66,2.66,2.66,2.66,1.0,1.0,834.0,1.0,0.0,849.0,91.5,96.5,0.006680829999999971,0.006680829999999971,0.0,0.999,15.0,16.0,16.0,-14.0,-2.0,-2.0,-2.0,-2.0,0.0,0.0,0.0,0.0,50.0,20.0,20.0,8.200000000000001,336.0,336.0,2.0,2.0,600.0,4390.0,0.0,0.0,0.0,1.0,19483.0,8.200000000000001,0.0,0.0,-27.0625,-1.5,-1.625,29.25,-27.0625,750.0,1.0,390.0,200.0,0.0,0.0,254.0,20.0,0.0,8.0,0.0,1.0,1.0,0.0,8.0,0.0,5.0,1.0,4.0,100.0,30.0,4687.0,100.0,0.0,0.0,0.0,0.0,26.0,0.0,0.0,3.9000000000000004,5000.0,4990.0,4970.0,1.0,1.0,0.0,22.0,1804.0,0.0,255.0,836.0,326.0,0.0,0.0,1245716.0,3.008,3.0,50.0
1788624131991,2026-09-05T20:02:11.991,0.0,4.0,0.0,1.0,755.0,14.200000000000001,83.0,2.5,2.5,2.5,2.5,1.0,1.0,825.0,1.0,0.0,844.0,91.0,96.5,-0.02518205000000001,-0.02518205000000001,0.0,0.999,15.0,16.0,16.0,-14.0,-2.0,-2.0,-2.0,-2.0,0.0,0.0,0.0,0.0,50.0,20.0,20.0,8.4,315.0,336.0,2.0,2.0,600.0,4380.0,0.0,0.0,0.0,1.0,19483.0,8.1,1.0,0.0,42.3125,4.25,-1.0625,29.125,42.3125,750.0,0.0,660.0,310.0,7.800000000000001,6.6000000000000005,254.0,20.0,0.0,8.0,0.0,0.0,1.0,0.0,8.0,0.0,5.0,2.0,4.0,100.0,31.0,4687.0,100.0,0.0,0.0,0.0,0.0,26.0,0.0,0.0,3.9000000000000004,5000.0,4990.0,4970.0,1.0,1.0,0.0,22.0,1877.0,0.0,255.0,836.0,345.0,0.0,0.0,1245716.0,3.008,3.0,50.0
1788624132765,2026-09-05T20:02:12.765,0.0,4.0,0.0,1.0,1664.0,14.200000000000001,83.0,5.17,5.17,5.17,5.17,1.0,1.0,712.0,1.0,0.0,810.0,90.0,96.0,-0.08921301000000001,-0.08921301000000001,0.0,0.999,35.0,25.0,25.0,-36.0,22.0,22.0,22.0,22.0,0.0,0.0,0.0,0.0,50.0,13.0,23.0,26.0,210.0,336.0,5.0,5.0,720.0,4270.0,0.0,0.0,0.0,1.0,19483.0,16.900000000000002,0.0,0.0,-1.4375,-2.1875,-3.9375,28.0,-1.4375,750.0,0.0,1110.0,530.0,21.0,19.8,254.0,20.0,0.0,8.0,0.0,0.0,1.0,0.0,8.0,0.0,5.0,2.0,4.0,100.0,30.0,4687.0,100.0,0.0,0.0,0.0,0.0,26.0,0.0,0.0,3.9000000000000004,5000.0,4990.0,4990.0,1.0,1.0,0.0,22.0,2159.0,0.0,255.0,836.0,323.0,0.0,0.0,1245716.0,3.008,3.0,50.0
1788624133458,2026-09-05T20:02:13.458,0.0,4.0,0.0,1.0,1851.0,14.100000000000001,83.0,5.32,5.32,5.32,5.32,0.0,1.0,39.0,0.0,0.0,29.0,89.5,97.0,-0.06056236000000001,-0.06056236000000001,0.0,0.999,94.0,21.0,21.0,-36.0,21.0,21.0,21.0,21.0,0.0,0.0,0.0,0.0,50.0,45.0,52.0,56.6,567.0,651.0,13.0,13.0,1080.0,3890.0,22.0,16.0,47.0,1.0,19483.0,49.800000000000004,0.0,0.0,50.8125,60.9375,60.9375,23.25,50.8125,750.0,3.0,1530.0,740.0,33.800000000000004,32.300000000000004,254.0,20.0,0.0,8.0,0.0,0.0,1.0,0.0,8.0,0.0,5.0,2.0,4.0,100.0,30.0,4687.0,100.0,0.0,0.0,0.0,0.0,26.0,0.0,0.0,3.9000000000000004,5000.0,4990.0,5000.0,1.0,1.0,0.0,22.0,1971.0,0.0,255.0,836.0,325.0,0.0,0.0,1245716.0,3.008,3.0,50.0
1788624134334,2026-09-05T20:02:14.334,0.0,4.0,0.0,1.0,2158.0,14.200000000000001,83.0,6.78,6.78,6.78,6.78,1.0,1.0,703.0,1.0,0.0,732.0,88.0,98.0,-0.07645565000000001,-0.07645565000000001,1.0,0.999,99.0,21.0,21.0,-35.0,21.0,21.0,21.0,21.0,0.0,0.0,0.0,0.0,50.0,50.0,54.0,64.5,588.0,630.0,15.0,15.0,1160.0,3820.0,26.0,26.0,69.0,1.0,19483.0,60.6,1.0,0.0,68.0625,71.5625,71.5,20.5625,68.0625,750.0,9.0,1580.0,760.0,35.300000000000004,33.7,254.0,20.0,0.0,8.0,0.0,0.0,1.0,0.0,8.0,0.0,5.0,2.0,4.0,100.0,31.0,4687.0,100.0,0.0,0.0,0.0,0.0,26.0,0.0,0.0,3.9000000000000004,5000.0,4990.0,4980.0,1.0,1.0,0.0,22.0,3252.0,0.0,255.0,836.0,325.0,0.0,0.0,1245716.0,3.008,3.0,50.0
1788624135083,2026-09-05T20:02:15.083,0.0,4.0,0.0,1.0,2348.0,14.200000000000001,83.0,7.76,7.76,7.76,7.76,0.0,1.0,112.0,0.0,0.0,92.0,82.5,97.5,-0.007625419999999994,-0.007625419999999994,2.0,0.999,99.0,22.0,22.0,-33.0,22.0,22.0,22.0,22.0,0.0,0.0,0.0,0.0,49.0,54.0,56.0,73.4,630.0,651.0,18.0,18.0,1250.0,3730.0,33.0,34.0,45.0,1.0,19483.0,70.0,0.0,0.0,73.6875,77.0,77.0,20.6875,73.6875,750.0,16.0,1580.0,760.0,35.300000000000004,33.7,254.0,20.0,0.0,8.0,0.0,0.0,1.0,0.0,8.0,0.0,5.0,2.0,4.0,100.0,30.0,4687.0,100.0,0.0,0.0,0.0,0.0,26.0,0.0,0.0,3.9000000000000004,5000.0,4990.0,4980.0,1.0,1.0,0.0,22.0,5000.0,0.0,255.0,836.0,325.0,0.0,0.0,1245716.0,3.008,3.0,50.0
1788624135886,2026-09-05T20:02:15.886,0.0,4.0,0.0,1.0,2598.0,14.100000000000001,84.0,8.25,8.25,8.25,8.25,1.0,1.0,673.0,1.0,0.0,581.0,77.5,97.5,0.011090969999999978,0.011090969999999978,2.0,0.999,99.0,23.0,20.0,-29.0,20.0,20.0,20.0,20.0,0.0,0.0,0.0,0.0,48.0,55.0,59.0,91.9,651.0,672.0,21.0,21.0,1410.0,3560.0,37.0,38.0,49.0,1.0,19483.0,85.80000000000001,1.0,0.0,71.8125,78.375,78.4375,20.25,71.8125,750.0,21.0,1450.0,700.0,32.2,30.8,254.0,20.0,0.0,8.0,0.0,0.0,0.0,0.0,8.0,0.0,5.0,2.0,4.0,0.0,33.0,4687.0,100.0,0.0,0.0,0.0,0.0,26.0,0.0,0.0,3.9000000000000004,5000.0,4990.0,4980.0,1.0,1.0,0.0,22.0,4899.0,0.0,255.0,836.0,326.0,0.0,0.0,1245716.0,3.008,3.0,50.0
1788624137057,2026-09-05T20:02:17.057,0.0,4.0,0.0,1.0,2675.0,14.200000000000001,84.0,0.0,0.0,0.0,0.0,0.0,0.0,4.0,0.0,0.0,48.0,68.0,96.5,1.9839999999993196E-5,1.9839999999993196E-5,3.0,0.999,0.0,37.0,37.0,-21.0,-18.0,-18.0,-18.0,-18.0,0.0,0.0,0.0,0.0,48.0,14.0,16.0,19.3,210.0,231.0,5.0,5.0,720.0,4260.0,0.0,0.0,0.0,1.0,19483.0,16.400000000000002,0.0,0.0,-19.625,-19.625,-19.9375,21.4375,-19.625,750.0,23.0,390.0,200.0,0.0,0.0,254.0,20.0,0.0,8.0,0.0,0.0,1.0,0.0,8.0,0.0,5.0,0.0,4.0,100.0,32.0,4687.0,100.0,0.0,0.0,0.0,0.0,26.0,0.0,0.0,3.9000000000000004,5000.0,4990.0,4980.0,1.0,1.0,0.0,22.0,5000.0,0.0,255.0,836.0,298.0,0.0,0.0,1245716.0,3.008,3.0,50.0
1788624137950,2026-09-05T20:02:17.950,0.0,4.0,0.0,1.0,1437.0,14.200000000000001,83.0,2.64,2.64,2.64,2.64,0.0,0.0,9.0,0.0,0.0,0.0,62.5,97.0,1.9839999999993196E-5,1.9839999999993196E-5,3.0,1.295,0.0,39.0,39.0,2.0,2.0,2.0,2.0,2.0,0.0,0.0,0.0,0.0,48.0,13.0,14.0,10.5,189.0,210.0,2.0,2.0,620.0,4370.0,0.0,0.0,0.0,1.0,19483.0,9.3,1.0,0.0,-24.6875,-21.0625,-14.8125,26.875,-24.6875,750.0,22.0,390.0,200.0,0.0,0.0,254.0,20.0,0.0,8.0,0.0,1.0,1.0,0.0,8.0,0.0,5.0,1.0,4.0,100.0,31.0,4687.0,100.0,0.0,0.0,0.0,0.0,26.0,0.0,0.0,3.9000000000000004,5000.0,4990.0,4990.0,1.0,1.0,0.0,22.0,2529.0,0.0,255.0,836.0,263.0,0.0,0.0,1245716.0,3.008,3.0,50.0
1788624138758,2026-09-05T20:02:18.758,0.0,4.0,0.0,1.0,1056.0,14.100000000000001,83.0,2.0,2.0,2.0,2.0,1.0,1.0,839.0,1.0,0.0,834.0,63.5,97.0,-0.0021928600000000187,-0.0021928600000000187,3.0,0.999,3.0,28.0,28.0,-3.0,25.0,25.0,25.0,25.0,0.0,0.0,0.0,0.0,48.0,23.0,18.0,11.200000000000001,336.0,294.0,3.0,3.0,660.0,4320.0,0.0,0.0,0.0,1.0,19483.0,12.600000000000001,0.0,0.0,-27.3125,2.1875,1.8125,29.5,-27.3125,750.0,20.0,390.0,200.0,0.0,0.0,254.0,20.0,0.0,8.0,0.0,1.0,1.0,0.0,8.0,0.0,5.0,1.0,4.0,100.0,25.0,4687.0,100.0,0.0,0.0,0.0,0.0,26.0,0.0,0.0,3.9000000000000004,5000.0,4990.0,4980.0,1.0,1.0,0.0,22.0,2777.0,0.0,255.0,836.0,264.0,0.0,0.0,1245716.0,3.008,3.0,50.0
1788624139571,2026-09-05T20:02:19.571,0.0,4.0,0.0,1.0,1065.0,14.100000000000001,83.0,2.7600000000000002,2.7600000000000002,2.7600000000000002,2.7600000000000002,0.0,1.0,58.0,0.0,0.0,68.0,65.5,97.0,0.015623190000000009,0.015623190000000009,3.0,0.999,4.0,19.0,19.0,-12.0,1.0,1.0,1.0,1.0,0.0,0.0,0.0,0.0,48.0,19.0,19.0,11.0,294.0,294.0,3.0,3.0,630.0,4360.0,0.0,0.0,0.0,1.0,19483.0,10.4,0.0,0.0,-27.5625,0.375,-0.25,29.75,-27.5625,750.0,20.0,390.0,200.0,0.0,0.0,254.0,20.0,0.0,8.0,0.0,1.0,1.0,0.0,8.0,0.0,5.0,1.0,4.0,100.0,31.0,4687.0,100.0,0.0,0.0,0.0,0.0,26.0,0.0,0.0,3.9000000000000004,5000.0,4990.0,4990.0,1.0,1.0,0.0,22.0,1787.0,0.0,255.0,836.0,267.0,0.0,0.0,1245716.0,3.008,3.0,50.0
1788624140434,2026-09-05T20:02:20.434,0.0,4.0,0.0,1.0,1057.0,14.200000000000001,83.0,2.47,2.47,2.47,2.47,0.0,1.0,68.0,0.0,0.0,68.0,67.0,96.0,0.02729708999999997,0.02729708999999997,3.0,0.999,6.0,22.0,22.0,-8.0,8.0,8.0,8.0,8.0,0.0,0.0,0.0,0.0,48.0,19.0,18.0,10.700000000000001,294.0,294.0,3.0,3.0,630.0,4360.0,0.0,0.0,0.0,1.0,19483.0,10.5,1.0,0.0,-28.1875,-1.4375,-1.625,30.375,-28.1875,750.0,19.0,390.0,200.0,0.0,0.0,254.0,20.0,0.0,8.0,0.0,1.0,1.0,0.0,8.0,0.0,5.0,1.0,4.0,100.0,27.0,4687.0,100.0,0.0,0.0,0.0,0.0,26.0,0.0,0.0,3.9000000000000004,5000.0,4990.0,4990.0,1.0,1.0,0.0,22.0,2796.0,0.0,255.0,836.0,273.0,0.0,0.0,1245716.0,3.008,3.0,50.0
1788624141218,2026-09-05T20:02:21.218,0.0,4.0,0.0,1.0,1047.0,14.200000000000001,83.0,2.44,2.44,2.44,2.44,0.0,1.0,83.0,0.0,0.0,63.0,69.0,96.5,0.06935364999999999,0.06935364999999999,3.0,0.999,6.0,25.0,25.0,-6.0,7.0,7.0,7.0,7.0,0.0,0.0,0.0,0.0,48.0,17.0,17.0,9.9,252.0,273.0,2.0,2.0,620.0,4360.0,0.0,0.0,0.0,1.0,19483.0,9.4,0.0,0.0,-28.0,-8.9375,-8.625,30.1875,-28.0,750.0,19.0,390.0,200.0,0.0,0.0,254.0,20.0,0.0,8.0,0.0,1.0,1.0,0.0,8.0,0.0,5.0,1.0,4.0,100.0,28.0,4687.0,100.0,0.0,0.0,0.0,0.0,26.0,0.0,0.0,3.9000000000000004,5000.0,4990.0,4970.0,1.0,1.0,0.0,22.0,2119.0,0.0,255.0,836.0,281.0,0.0,0.0,1245716.0,3.008,3.0,50.0
1788624142027,2026-09-05T20:02:22.027,0.0,4.0,0.0,1.0,1060.0,14.100000000000001,83.0,2.0,2.0,2.0,2.0,1.0,1.0,791.0,1.0,0.0,747.0,69.5,97.5,0.030043890000000018,0.030043890000000018,3.0,0.999,7.0,31.0,31.0,0.0,10.0,10.0,10.0,10.0,0.0,0.0,0.0,0.0,48.0,14.0,15.0,8.0,231.0,231.0,2.0,2.0,590.0,4400.0,0.0,0.0,0.0,1.0,19483.0,7.6000000000000005,1.0,0.0,-27.375,-5.5,-6.3125,29.5625,-27.375,750.0,16.0,390.0,200.0,0.0,0.0,254.0,20.0,0.0,8.0,0.0,1.0,1.0,0.0,8.0,0.0,5.0,1.0,4.0,100.0,24.0,4687.0,100.0,0.0,0.0,0.0,0.0,26.0,0.0,0.0,3.9000000000000004,5000.0,4990.0,4980.0,1.0,1.0,0.0,22.0,1507.0,0.0,255.0,836.0,280.0,0.0,0.0,1245716.0,3.008,3.0,50.0
1788624142739,2026-09-05T20:02:22.739,0.0,4.0,0.0,1.0,927.0,14.100000000000001,83.0,2.47,2.47,2.47,2.47,1.0,1.0,756.0,1.0,0.0,771.0,70.0,96.5,0.019537379999999993,0.019537379999999993,2.0,0.999,8.0,20.0,20.0,-8.0,2.0,2.0,2.0,2.0,0.0,0.0,0.0,0.0,48.0,19.0,19.0,10.4,294.0,294.0,3.0,3.0,630.0,4340.0,0.0,0.0,0.0,1.0,19483.0,10.0,0.0,0.0,-28.4375,-12.0,-8.375,30.625,-28.4375,750.0,16.0,570.0,260.0,4.800000000000001,3.7,254.0,20.0,0.0,8.0,0.0,0.0,1.0,0.0,8.0,0.0,5.0,2.0,4.0,100.0,26.0,4687.0,100.0,0.0,0.0,0.0,0.0,26.0,0.0,0.0,3.9000000000000004,5000.0,4990.0,4980.0,1.0,1.0,0.0,22.0,1902.0,0.0,255.0,836.0,292.0,0.0,0.0,1245716.0,3.008,3.0,50.0
1788624143529,2026-09-05T20:02:23.529,0.0,4.0,0.0,1.0,1266.0,14.100000000000001,83.0,2.64,2.64,2.64,2.64,0.0,1.0,180.0,1.0,0.0,708.0,70.5,96.5,0.029166440000000016,0.029166440000000016,2.0,0.999,11.0,21.0,21.0,-24.0,4.0,4.0,4.0,4.0,0.0,0.0,0.0,0.0,48.0,24.0,21.0,14.3,357.0,315.0,5.0,4.0,690.0,4300.0,0.0,0.0,0.0,1.0,19483.0,16.3,0.0,0.0,11.875,6.125,0.375,29.125,11.875,750.0,16.0,390.0,200.0,0.0,0.0,254.0,20.0,0.0,8.0,0.0,0.0,1.0,0.0,8.0,0.0,5.0,2.0,4.0,100.0,27.0,4687.0,100.0,0.0,0.0,0.0,0.0,26.0,0.0,0.0,3.9000000000000004,5000.0,4990.0,4980.0,1.0,1.0,0.0,22.0,1949.0,0.0,255.0,836.0,291.0,0.0,0.0,1245716.0,3.008,3.0,50.0
1788624144381,2026-09-05T20:02:24.381,0.0,4.0,0.0,1.0,1306.0,14.200000000000001,83.0,2.08,2.08,2.08,2.08,1.0,1.0,737.0,0.0,0.0,102.0,71.5,96.0,0.04255709000000002,0.04255709000000002,1.0,0.999,9.0,32.0,32.0,-23.0,21.0,21.0,21.0,21.0,0.0,0.0,0.0,0.0,48.0,13.0,15.0,10.8,210.0,231.0,2.0,2.0,610.0,4370.0,0.0,0.0,0.0,1.0,19483.0,9.1,1.0,0.0,-20.0,-8.1875,-7.8125,29.25,-27.0625,750.0,15.0,390.0,200.0,0.0,0.0,254.0,20.0,0.0,8.0,0.0,1.0,1.0,0.0,8.0,0.0,5.0,2.0,4.0,100.0,27.0,4687.0,100.0,0.0,0.0,0.0,0.0,26.0,0.0,0.0,3.9000000000000004,5000.0,4990.0,4980.0,1.0,1.0,0.0,22.0,3474.0,0.0,255.0,836.0,283.0,0.0,0.0,1245716.0,3.008,3.0,50.0
1788624145349,2026-09-05T20:02:25.349,0.0,4.0,0.0,1.0,1065.0,14.0,83.0,1.84,1.84,1.84,1.84,1.0,1.0,786.0,1.0,0.0,786.0,72.5,97.0,0.021383839999999987,0.021383839999999987,0.0,0.999,9.0,32.0,32.0,2.0,31.0,31.0,31.0,31.0,0.0,0.0,0.0,0.0,48.0,20.0,16.0,9.1,315.0,252.0,3.0,3.0,630.0,4340.0,0.0,0.0,0.0,1.0,19483.0,10.8,0.0,0.0,-27.5,-0.9375,-0.0625,29.6875,-27.5,750.0,11.0,390.0,200.0,0.0,0.0,254.0,20.0,0.0,8.0,0.0,1.0,1.0,0.0,8.0,0.0,5.0,1.0,4.0,100.0,24.0,4687.0,100.0,0.0,0.0,0.0,0.0,26.0,0.0,0.0,3.9000000000000004,5000.0,4990.0,4980.0,1.0,1.0,0.0,22.0,2739.0,0.0,255.0,836.0,295.0,0.0,0.0,1245716.0,3.008,3.0,50.0
1788624146123,2026-09-05T20:02:26.123,0.0,4.0,0.0,1.0,993.0,14.100000000000001,83.0,2.66,2.66,2.66,2.66,1.0,1.0,771.0,1.0,0.0,786.0,73.5,96.5,0.012845869999999981,0.012845869999999981,0.0,0.999,11.0,18.0,18.0,-11.0,1.0,1.0,1.0,1.0,0.0,0.0,0.0,0.0,49.0,18.0,19.0,10.200000000000001,294.0,294.0,2.0,2.0,620.0,4360.0,0.0,0.0,0.0,1.0,19483.0,9.700000000000001,1.0,0.0,-27.4375,-5.125,-4.75,29.625,-27.4375,750.0,6.0,390.0,200.0,0.0,0.0,254.0,20.0,0.0,8.0,0.0,1.0,1.0,0.0,8.0,0.0,5.0,1.0,4.0,100.0,24.0,4687.0,100.0,0.0,0.0,0.0,0.0,26.0,0.0,0.0,3.9000000000000004,5000.0,4990.0,4990.0,1.0,1.0,0.0,22.0,1658.0,0.0,255.0,836.0,334.0,0.0,0.0,1245716.0,3.008,3.0,50.0
1788624146832,2026-09-05T20:02:26.832,0.0,4.0,0.0,1.0,868.0,13.9,83.0,2.57,2.57,2.57,2.57,1.0,1.0,761.0,1.0,0.0,786.0,76.0,99.5,0.003506750000000003,0.003506750000000003,0.0,0.999,11.0,16.0,16.0,-12.0,-1.0,-1.0,-1.0,-1.0,0.0,0.0,0.0,0.0,49.0,20.0,20.0,9.0,315.0,315.0,2.0,2.0,610.0,4370.0,0.0,0.0,0.0,1.0,19483.0,9.0,0.0,0.0,-27.3125,-0.4375,0.5,29.5,-27.3125,750.0,6.0,520.0,240.0,3.3000000000000003,2.2,254.0,20.0,0.0,8.0,0.0,0.0,1.0,0.0,8.0,0.0,5.0,1.0,4.0,100.0,23.0,4687.0,100.0,0.0,0.0,0.0,0.0,26.0,0.0,0.0,3.9000000000000004,5000.0,4990.0,4990.0,1.0,1.0,0.0,22.0,2071.0,0.0,255.0,836.0,328.0,0.0,0.0,1245716.0,3.008,3.0,50.0
1788624147636,2026-09-05T20:02:27.636,0.0,4.0,0.0,1.0,840.0,14.0,83.0,2.91,2.91,2.91,2.91,1.0,1.0,717.0,1.0,0.0,703.0,75.5,98.0,-0.00728970000000001,-0.00728970000000001,0.0,0.999,13.0,15.0,15.0,-24.0,1.0,1.0,1.0,1.0,0.0,0.0,0.0,0.0,49.0,27.0,24.0,13.0,420.0,378.0,4.0,4.0,680.0,4310.0,0.0,0.0,0.0,1.0,19483.0,13.700000000000001,0.0,0.0,15.875,8.875,7.0,29.0,15.875,750.0,7.0,760.0,360.0,11.0,9.8,254.0,20.0,0.0,8.0,0.0,0.0,1.0,0.0,8.0,0.0,5.0,2.0,4.0,100.0,28.0,4687.0,100.0,0.0,0.0,0.0,0.0,26.0,0.0,0.0,3.9000000000000004,5000.0,4990.0,4980.0,1.0,1.0,0.0,22.0,3172.0,0.0,255.0,836.0,328.0,0.0,0.0,1245716.0,3.008,3.0,50.0
1788624148475,2026-09-05T20:02:28.475,0.0,4.0,0.0,1.0,1240.0,14.200000000000001,83.0,3.18,3.18,3.18,3.18,1.0,1.0,766.0,1.0,0.0,786.0,74.0,95.0,-0.046897030000000006,-0.046897030000000006,0.0,0.999,17.0,18.0,18.0,-36.0,14.0,14.0,14.0,14.0,0.0,0.0,0.0,0.0,49.0,25.0,25.0,16.6,378.0,378.0,5.0,5.0,710.0,4280.0,0.0,0.0,0.0,1.0,19483.0,16.3,1.0,0.0,14.75,9.0,9.625,28.4375,14.75,750.0,9.0,800.0,380.0,12.200000000000001,11.0,254.0,20.0,0.0,8.0,0.0,0.0,1.0,0.0,8.0,0.0,5.0,2.0,4.0,100.0,25.0,4687.0,100.0,0.0,0.0,0.0,0.0,26.0,0.0,0.0,3.9000000000000004,5000.0,4990.0,4980.0,1.0,1.0,0.0,22.0,2249.0,0.0,255.0,836.0,327.0,0.0,0.0,1245716.0,3.008,3.0,50.0
1788624149313,2026-09-05T20:02:29.313,0.0,4.0,0.0,1.0,1372.0,14.200000000000001,83.0,3.14,3.14,3.14,3.14,0.0,1.0,83.0,0.0,0.0,73.0,74.5,94.5,-0.0034823300000000057,-0.0034823300000000057,0.0,0.999,19.0,21.0,21.0,-36.0,10.0,10.0,10.0,10.0,0.0,0.0,0.0,0.0,49.0,25.0,24.0,19.3,357.0,357.0,5.0,6.0,750.0,4230.0,0.0,0.0,0.0,1.0,19483.0,19.1,0.0,0.0,17.6875,18.0625,15.9375,26.0625,17.6875,750.0,11.0,920.0,440.0,15.600000000000001,14.5,254.0,20.0,0.0,8.0,0.0,0.0,0.0,0.0,8.0,0.0,5.0,2.0,4.0,0.0,27.0,4687.0,100.0,0.0,0.0,0.0,0.0,26.0,0.0,0.0,3.9000000000000004,5000.0,4990.0,4980.0,1.0,1.0,0.0,22.0,4494.0,0.0,255.0,836.0,327.0,0.0,0.0,1245716.0,3.008,3.0,50.0
1788624150086,2026-09-05T20:02:30.086,0.0,4.0,0.0,1.0,1632.0,14.100000000000001,83.0,3.9,3.9,3.9,3.9,0.0,1.0,551.0,0.0,0.0,126.0,75.0,95.0,0.05020235000000001,0.05020235000000001,1.0,0.999,24.0,23.0,23.0,-36.0,9.0,9.0,9.0,9.0,0.0,0.0,0.0,0.0,49.0,25.0,27.0,25.0,357.0,378.0,7.0,7.0,790.0,4190.0,0.0,0.0,0.0,1.0,19483.0,23.0,1.0,0.0,18.375,24.125,21.1875,24.3125,18.375,750.0,12.0,930.0,440.0,16.1,14.8,254.0,20.0,0.0,8.0,0.0,0.0,0.0,0.0,8.0,0.0,5.0,2.0,4.0,0.0,30.0,4687.0,100.0,0.0,0.0,0.0,0.0,26.0,0.0,0.0,3.9000000000000004,5000.0,4990.0,4990.0,1.0,1.0,0.0,22.0,3573.0,0.0,255.0,836.0,327.0,0.0,0.0,1245716.0,3.008,3.0,50.0
1788624150939,2026-09-05T20:02:30.939,0.0,4.0,0.0,1.0,1851.0,14.200000000000001,83.0,3.47,3.47,3.47,3.47,1.0,1.0,722.0,0.0,0.0,112.0,75.0,94.5,0.025526930000000003,0.025526930000000003,2.0,0.999,26.0,24.0,24.0,-36.0,20.0,20.0,20.0,20.0,0.0,0.0,0.0,0.0,48.0,28.0,28.0,29.8,399.0,399.0,8.0,8.0,850.0,4130.0,0.0,0.0,0.0,1.0,19483.0,29.0,0.0,0.0,23.6875,28.75,24.6875,23.6875,23.6875,750.0,13.0,1040.0,490.0,19.0,17.7,254.0,20.0,0.0,8.0,0.0,0.0,0.0,0.0,8.0,0.0,5.0,2.0,4.0,0.0,30.0,4687.0,100.0,0.0,0.0,0.0,0.0,26.0,0.0,0.0,3.9000000000000004,5000.0,4990.0,4980.0,1.0,1.0,0.0,22.0,3071.0,0.0,255.0,836.0,327.0,0.0,0.0,1245716.0,3.008,3.0,50.0
1788624151797,2026-09-05T20:02:31.797,0.0,4.0,0.0,1.0,2115.0,14.100000000000001,83.0,5.57,5.57,5.57,5.57,0.0,1.0,87.0,0.0,0.0,87.0,75.0,95.5,0.002240169999999986,0.002240169999999986,2.0,0.999,34.0,24.0,24.0,-36.0,21.0,21.0,21.0,21.0,0.0,0.0,0.0,0.0,48.0,39.0,40.0,48.2,546.0,567.0,12.0,12.0,1020.0,3950.0,0.0,0.0,0.0,1.0,19483.0,46.6,1.0,0.0,43.4375,45.875,44.8125,22.0,43.4375,750.0,16.0,1300.0,620.0,26.700000000000003,25.200000000000003,254.0,20.0,0.0,8.0,0.0,0.0,0.0,0.0,8.0,0.0,5.0,2.0,4.0,0.0,29.0,4687.0,100.0,0.0,0.0,0.0,0.0,26.0,0.0,0.0,3.9000000000000004,5000.0,4990.0,4980.0,1.0,1.0,0.0,22.0,4863.0,0.0,255.0,836.0,327.0,0.0,0.0,1245716.0,3.008,3.0,50.0
1788624152630,2026-09-05T20:02:32.630,0.0,4.0,0.0,1.0,2531.0,14.200000000000001,82.0,5.38,5.38,5.38,5.38,0.0,1.0,58.0,0.0,0.0,53.0,72.0,94.5,-0.02813486000000001,-0.02813486000000001,2.0,0.999,55.0,25.0,25.0,-36.0,25.0,25.0,25.0,25.0,0.0,0.0,0.0,0.0,48.0,39.0,40.0,58.800000000000004,525.0,546.0,14.0,14.0,1090.0,3890.0,0.0,0.0,0.0,1.0,19483.0,56.7,1.0,0.0,44.75,48.4375,48.5,20.9375,44.75,750.0,20.0,1380.0,660.0,29.3,27.900000000000002,254.0,20.0,0.0,8.0,0.0,0.0,0.0,0.0,8.0,0.0,5.0,2.0,4.0,0.0,27.0,4687.0,100.0,0.0,0.0,0.0,0.0,26.0,0.0,0.0,3.9000000000000004,5000.0,4990.0,4980.0,1.0,1.0,0.0,22.0,3443.0,0.0,255.0,836.0,327.0,0.0,0.0,1245716.0,3.008,3.0,50.0
1788624153729,2026-09-05T20:02:33.729,0.0,4.0,0.0,1.0,3175.0,14.200000000000001,82.0,6.76,6.76,6.76,6.76,0.0,1.0,78.0,0.0,0.0,73.0,68.5,95.0,0.02831188000000001,0.02831188000000001,3.0,0.999,62.0,23.0,23.0,-18.0,23.0,23.0,23.0,23.0,0.0,0.0,0.0,0.0,48.0,45.0,48.0,88.30000000000001,504.0,546.0,18.0,18.0,1260.0,3710.0,23.0,25.0,41.0,1.0,19483.0,81.10000000000001,0.0,0.0,43.6875,54.0625,54.1875,22.8125,43.6875,750.0,25.0,1100.0,530.0,22.0,20.8,254.0,20.0,0.0,8.0,0.0,0.0,0.0,0.0,8.0,0.0,5.0,2.0,4.0,0.0,27.0,4687.0,100.0,0.0,0.0,0.0,0.0,26.0,0.0,0.0,3.9000000000000004,5000.0,4990.0,4970.0,1.0,1.0,0.0,22.0,5000.0,0.0,255.0,836.0,326.0,0.0,0.0,1245716.0,3.008,3.0,50.0
1788624154482,2026-09-05T20:02:34.482,0.0,4.0,0.0,1.0,3059.0,14.200000000000001,81.0,0.0,0.0,0.0,0.0,0.0,0.0,9.0,0.0,0.0,58.0,55.5,94.0,1.9839999999993196E-5,1.9839999999993196E-5,3.0,0.999,0.0,41.0,41.0,-14.0,-14.0,-14.0,-14.0,-14.0,0.0,0.0,0.0,0.0,47.0,14.0,16.0,22.6,210.0,231.0,5.0,6.0,760.0,4220.0,0.0,0.0,0.0,1.0,19483.0,19.0,1.0,0.0,-2.25,-3.1875,-6.5625,21.375,-2.25,750.0,25.0,1000.0,480.0,17.0,16.0,254.0,20.0,0.0,8.0,0.0,0.0,1.0,0.0,8.0,0.0,5.0,2.0,4.0,100.0,29.0,4687.0,100.0,0.0,0.0,0.0,0.0,26.0,0.0,0.0,3.9000000000000004,5000.0,4990.0,4980.0,1.0,1.0,0.0,22.0,3858.0,0.0,255.0,836.0,270.0,0.0,0.0,1245716.0,3.008,3.0,50.0
1788624155226,2026-09-05T20:02:35.226,0.0,4.0,0.0,1.0,2377.0,14.200000000000001,81.0,3.33,3.33,3.33,3.33,0.0,0.0,53.0,0.0,0.0,39.0,51.0,94.0,1.9839999999993196E-5,1.9839999999993196E-5,3.0,1.029,0.0,26.0,26.0,-36.0,23.0,23.0,23.0,23.0,0.0,0.0,0.0,0.0,47.0,40.0,33.0,38.300000000000004,546.0,462.0,11.0,11.0,1000.0,3980.0,0.0,0.0,0.0,1.0,19483.0,42.800000000000004,0.0,0.0,50.8125,33.875,32.5625,21.5625,50.8125,750.0,27.0,1280.0,620.0,26.400000000000002,25.0,254.0,20.0,0.0,8.0,0.0,0.0,1.0,0.0,8.0,0.0,5.0,2.0,4.0,100.0,28.0,4687.0,100.0,0.0,0.0,0.0,0.0,26.0,0.0,0.0,3.9000000000000004,5000.0,4990.0,4980.0,1.0,1.0,0.0,22.0,3597.0,0.0,255.0,836.0,274.0,0.0,0.0,1245716.0,3.008,3.0,50.0
1788624156081,2026-09-05T20:02:36.081,0.0,4.0,0.0,1.0,2174.0,14.200000000000001,81.0,5.67,5.67,5.67,5.67,1.0,1.0,795.0,1.0,0.0,737.0,50.0,93.5,-0.0034365500000000104,-0.0034365500000000104,3.0,0.999,0.0,23.0,23.0,-36.0,15.0,15.0,15.0,15.0,0.0,0.0,0.0,0.0,47.0,40.0,41.0,49.2,525.0,546.0,12.0,12.0,1020.0,3960.0,0.0,0.0,0.0,1.0,19483.0,47.300000000000004,1.0,0.0,45.6875,46.9375,47.125,22.0,45.6875,750.0,29.0,1150.0,550.0,22.6,21.1,254.0,20.0,0.0,8.0,0.0,0.0,0.0,0.0,8.0,0.0,5.0,2.0,4.0,0.0,28.0,4687.0,100.0,0.0,0.0,0.0,0.0,25.0,0.0,0.0,3.9000000000000004,5000.0,4990.0,4970.0,1.0,1.0,0.0,22.0,3084.0,0.0,255.0,836.0,276.0,0.0,0.0,1245716.0,3.008,3.0,50.0
1788624156762,2026-09-05T20:02:36.762,0.0,4.0,0.0,1.0,2343.0,14.200000000000001,81.0,3.6,3.6,3.6,3.6,1.0,1.0,747.0,1.0,0.0,688.0,49.5,93.5,-0.011188630000000005,-0.011188630000000005,3.0,0.999,0.0,27.0,27.0,-36.0,24.0,24.0,24.0,24.0,0.0,0.0,0.0,0.0,47.0,21.0,25.0,32.2,294.0,357.0,7.0,8.0,830.0,4150.0,0.0,0.0,0.0,1.0,19483.0,26.700000000000003,0.0,0.0,7.875,13.0,12.75,21.6875,7.875,750.0,31.0,830.0,400.0,13.100000000000001,11.9,254.0,20.0,0.0,8.0,0.0,0.0,0.0,0.0,8.0,0.0,5.0,2.0,4.0,0.0,29.0,4687.0,100.0,0.0,0.0,0.0,0.0,25.0,0.0,0.0,3.9000000000000004,5000.0,4990.0,4980.0,1.0,1.0,0.0,22.0,4877.0,0.0,255.0,836.0,274.0,0.0,0.0,1245716.0,3.008,3.0,50.0
1788624157584,2026-09-05T20:02:37.584,0.0,4.0,0.0,1.0,2386.0,14.200000000000001,80.0,2.07,2.07,2.07,2.07,0.0,1.0,68.0,0.0,0.0,53.0,48.5,93.5,0.07191733,0.07191733,3.0,0.999,0.0,43.0,43.0,-5.0,17.0,17.0,17.0,17.0,0.0,0.0,0.0,0.0,46.0,14.0,14.0,19.200000000000003,189.0,210.0,5.0,5.0,730.0,4250.0,0.0,0.0,0.0,1.0,19483.0,17.900000000000002,0.0,0.0,-17.0625,-6.5,-4.9375,22.5625,-21.6875,750.0,31.0,390.0,200.0,0.0,0.0,254.0,20.0,0.0,8.0,0.0,0.0,0.0,0.0,8.0,0.0,5.0,2.0,4.0,0.0,29.0,4687.0,100.0,0.0,0.0,0.0,0.0,25.0,0.0,0.0,3.9000000000000004,5000.0,4990.0,4980.0,1.0,1.0,0.0,22.0,4709.0,0.0,255.0,836.0,238.0,0.0,0.0,1245716.0,3.008,3.0,50.0
1788624158359,2026-09-05T20:02:38.359,0.0,4.0,0.0,1.0,2451.0,14.200000000000001,81.0,1.96,1.96,1.96,1.96,0.0,1.0,63.0,0.0,0.0,356.0,48.0,93.5,0.09085498999999997,0.09085498999999997,3.0,0.999,0.0,43.0,43.0,-15.0,3.0,3.0,3.0,3.0,0.0,0.0,0.0,0.0,46.0,14.0,14.0,18.6,189.0,210.0,5.0,5.0,730.0,4250.0,0.0,0.0,0.0,1.0,19483.0,17.900000000000002,1.0,0.0,-21.25,-20.875,-20.3125,22.125,-21.25,750.0,31.0,390.0,200.0,0.0,0.0,254.0,20.0,0.0,8.0,0.0,0.0,0.0,0.0,8.0,0.0,5.0,0.0,4.0,0.0,30.0,4687.0,100.0,0.0,0.0,0.0,0.0,25.0,0.0,0.0,3.9000000000000004,5000.0,4990.0,4980.0,1.0,1.0,0.0,22.0,5000.0,0.0,255.0,836.0,224.0,0.0,0.0,1245716.0,3.008,3.0,50.0
1788624159071,2026-09-05T20:02:39.071,0.0,4.0,0.0,1.0,2416.0,14.200000000000001,81.0,0.0,0.0,0.0,0.0,0.0,0.0,4.0,0.0,0.0,4.0,46.5,93.5,1.9839999999993196E-5,1.9839999999993196E-5,3.0,0.999,0.0,43.0,43.0,4.0,4.0,4.0,4.0,4.0,0.0,0.0,0.0,0.0,47.0,14.0,14.0,19.3,189.0,210.0,5.0,5.0,730.0,4250.0,0.0,0.0,0.0,1.0,19483.0,17.900000000000002,0.0,0.0,-21.4375,-21.4375,-21.6875,22.3125,-21.4375,750.0,31.0,390.0,200.0,0.0,0.0,254.0,20.0,0.0,8.0,0.0,0.0,0.0,0.0,8.0,0.0,5.0,0.0,4.0,0.0,29.0,4687.0,100.0,0.0,0.0,0.0,0.0,25.0,0.0,0.0,3.9000000000000004,5000.0,4990.0,4990.0,1.0,1.0,0.0,22.0,2680.0,0.0,255.0,836.0,223.0,0.0,0.0,1245716.0,3.008,3.0,50.0
1788624159885,2026-09-05T20:02:39.885,0.0,4.0,0.0,1.0,2396.0,14.200000000000001,81.0,0.0,0.0,0.0,0.0,0.0,0.0,0.0,0.0,0.0,0.0,50.5,92.5,1.9839999999993196E-5,1.9839999999993196E-5,3.0,0.999,0.0,43.0,43.0,4.0,4.0,4.0,4.0,4.0,0.0,0.0,0.0,0.0,47.0,14.0,14.0,19.200000000000003,189.0,210.0,5.0,5.0,730.0,4250.0,0.0,0.0,0.0,1.0,19483.0,17.7,1.0,0.0,-21.1875,-21.1875,-21.4375,22.125,-21.1875,750.0,31.0,390.0,200.0,0.0,0.0,254.0,20.0,0.0,8.0,0.0,0.0,0.0,0.0,8.0,0.0,5.0,0.0,4.0,0.0,30.0,4687.0,100.0,0.0,0.0,0.0,0.0,25.0,0.0,0.0,3.9000000000000004,5000.0,4990.0,4980.0,1.0,1.0,0.0,22.0,2391.0,0.0,255.0,836.0,222.0,0.0,0.0,1245716.0,3.008,3.0,50.0
1788624160687,2026-09-05T20:02:40.687,0.0,4.0,0.0,1.0,2367.0,14.100000000000001,81.0,0.0,0.0,0.0,0.0,0.0,0.0,0.0,0.0,0.0,0.0,60.0,93.0,1.9839999999993196E-5,1.9839999999993196E-5,3.0,0.999,0.0,42.0,42.0,3.0,3.0,3.0,3.0,3.0,0.0,0.0,0.0,0.0,47.0,14.0,14.0,19.0,189.0,210.0,5.0,5.0,730.0,4250.0,0.0,0.0,0.0,1.0,19483.0,17.6,0.0,0.0,-21.1875,-21.1875,-21.4375,22.1875,-21.1875,750.0,31.0,390.0,200.0,0.0,0.0,254.0,20.0,0.0,8.0,0.0,0.0,0.0,0.0,8.0,0.0,5.0,0.0,4.0,0.0,30.0,4687.0,100.0,0.0,0.0,0.0,0.0,26.0,0.0,0.0,3.9000000000000004,5000.0,4990.0,4990.0,1.0,1.0,0.0,22.0,2888.0,0.0,255.0,836.0,223.0,0.0,0.0,1245716.0,3.008,3.0,50.0
1788624161611,2026-09-05T20:02:41.611,0.0,4.0,0.0,1.0,2353.0,14.200000000000001,81.0,0.0,0.0,0.0,0.0,0.0,0.0,0.0,0.0,0.0,0.0,66.5,92.5,1.9839999999993196E-5,1.9839999999993196E-5,3.0,0.999,0.0,43.0,43.0,3.0,3.0,3.0,3.0,3.0,0.0,0.0,0.0,0.0,47.0,14.0,15.0,19.0,189.0,210.0,5.0,5.0,730.0,4250.0,0.0,0.0,0.0,1.0,19483.0,17.400000000000002,0.0,0.0,-21.1875,-21.1875,-21.4375,22.25,-21.1875,750.0,30.0,390.0,200.0,0.0,0.0,254.0,20.0,0.0,8.0,0.0,0.0,0.0,0.0,8.0,0.0,5.0,0.0,4.0,0.0,30.0,4687.0,100.0,0.0,0.0,0.0,0.0,26.0,0.0,0.0,3.9000000000000004,5000.0,4990.0,4990.0,1.0,1.0,0.0,22.0,2695.0,0.0,255.0,836.0,224.0,0.0,0.0,1245716.0,3.008,3.0,50.0
1788624162452,2026-09-05T20:02:42.452,0.0,4.0,0.0,1.0,2339.0,14.200000000000001,81.0,0.0,0.0,0.0,0.0,0.0,0.0,0.0,0.0,0.0,0.0,72.0,92.5,1.9839999999993196E-5,1.9839999999993196E-5,4.0,0.999,0.0,43.0,43.0,4.0,4.0,4.0,4.0,4.0,0.0,0.0,0.0,0.0,47.0,14.0,14.0,18.400000000000002,189.0,210.0,5.0,5.0,720.0,4250.0,0.0,0.0,0.0,1.0,19483.0,17.1,1.0,0.0,-21.6875,-21.6875,-22.0,22.75,-21.6875,750.0,30.0,390.0,200.0,0.0,0.0,254.0,20.0,0.0,8.0,0.0,0.0,0.0,0.0,8.0,0.0,5.0,0.0,4.0,0.0,30.0,4687.0,100.0,0.0,0.0,0.0,0.0,26.0,0.0,0.0,3.9000000000000004,5000.0,4990.0,4980.0,1.0,1.0,0.0,22.0,5000.0,0.0,255.0,836.0,222.0,0.0,0.0,1245716.0,3.008,3.0,50.0
1788624163341,2026-09-05T20:02:43.341,0.0,4.0,0.0,1.0,2334.0,14.200000000000001,81.0,0.0,0.0,0.0,0.0,0.0,0.0,0.0,0.0,0.0,0.0,75.0,92.0,1.9839999999993196E-5,1.9839999999993196E-5,4.0,0.999,0.0,43.0,43.0,4.0,4.0,4.0,4.0,4.0,0.0,0.0,0.0,0.0,47.0,14.0,14.0,18.2,189.0,210.0,5.0,5.0,720.0,4250.0,0.0,0.0,0.0,1.0,19483.0,17.0,0.0,0.0,-21.5,-21.5,-21.75,22.5625,-21.5,750.0,30.0,390.0,200.0,0.0,0.0,254.0,20.0,0.0,8.0,0.0,0.0,0.0,0.0,8.0,0.0,5.0,0.0,4.0,0.0,30.0,4687.0,100.0,0.0,0.0,0.0,0.0,26.0,0.0,0.0,3.9000000000000004,5000.0,4990.0,4980.0,1.0,1.0,0.0,22.0,2971.0,0.0,255.0,836.0,221.0,0.0,0.0,1245716.0,3.008,3.0,50.0
1788624164200,2026-09-05T20:02:44.200,0.0,4.0,0.0,1.0,2329.0,14.200000000000001,81.0,0.0,0.0,0.0,0.0,0.0,0.0,0.0,0.0,0.0,0.0,79.5,92.5,1.9839999999993196E-5,1.9839999999993196E-5,4.0,0.999,0.0,43.0,43.0,4.0,4.0,4.0,4.0,4.0,0.0,0.0,0.0,0.0,47.0,14.0,14.0,18.1,189.0,210.0,5.0,5.0,720.0,4250.0,0.0,0.0,0.0,1.0,19483.0,16.8,1.0,0.0,-21.125,-21.125,-21.375,22.25,-21.125,750.0,30.0,390.0,200.0,0.0,0.0,254.0,20.0,0.0,8.0,0.0,0.0,0.0,0.0,8.0,0.0,5.0,0.0,4.0,0.0,31.0,4687.0,100.0,0.0,0.0,0.0,0.0,26.0,0.0,0.0,3.9000000000000004,5000.0,4990.0,4970.0,1.0,1.0,0.0,22.0,3906.0,0.0,255.0,836.0,221.0,0.0,0.0,1245716.0,3.008,3.0,50.0
1788624165050,2026-09-05T20:02:45.050,0.0,4.0,0.0,1.0,2293.0,14.200000000000001,81.0,0.0,0.0,0.0,0.0,0.0,0.0,0.0,0.0,0.0,0.0,82.5,92.0,1.9839999999993196E-5,1.9839999999993196E-5,4.0,0.999,0.0,43.0,43.0,4.0,4.0,4.0,4.0,4.0,0.0,0.0,0.0,0.0,48.0,14.0,14.0,18.0,189.0,210.0,5.0,5.0,720.0,4260.0,0.0,0.0,0.0,1.0,19483.0,16.6,0.0,0.0,-21.6875,-21.6875,-21.9375,22.8125,-21.6875,750.0,30.0,390.0,200.0,0.0,0.0,254.0,20.0,0.0,8.0,0.0,0.0,0.0,0.0,8.0,0.0,5.0,0.0,4.0,0.0,30.0,4687.0,100.0,0.0,0.0,0.0,0.0,26.0,0.0,0.0,3.9000000000000004,5000.0,4990.0,4980.0,1.0,1.0,0.0,22.0,5000.0,0.0,255.0,836.0,222.0,0.0,0.0,1245716.0,3.008,3.0,50.0
1788624165900,2026-09-05T20:02:45.900,0.0,4.0,0.0,1.0,2279.0,14.200000000000001,82.0,0.0,0.0,0.0,0.0,0.0,0.0,0.0,0.0,0.0,0.0,85.5,91.5,1.9839999999993196E-5,1.9839999999993196E-5,4.0,0.999,0.0,43.0,43.0,5.0,5.0,5.0,5.0,5.0,0.0,0.0,0.0,0.0,48.0,14.0,14.0,17.6,189.0,210.0,5.0,5.0,710.0,4270.0,0.0,0.0,0.0,1.0,19483.0,16.3,1.0,0.0,-21.6875,-21.6875,-21.9375,22.875,-21.6875,750.0,29.0,390.0,200.0,0.0,0.0,254.0,20.0,0.0,8.0,0.0,0.0,0.0,0.0,8.0,0.0,5.0,0.0,4.0,0.0,31.0,4687.0,100.0,0.0,0.0,0.0,0.0,26.0,0.0,0.0,3.9000000000000004,5000.0,4990.0,4970.0,1.0,1.0,0.0,22.0,3239.0,0.0,255.0,836.0,221.0,0.0,0.0,1245716.0,3.008,3.0,50.0
1788624166797,2026-09-05T20:02:46.797,0.0,4.0,0.0,1.0,2262.0,14.200000000000001,82.0,0.0,0.0,0.0,0.0,0.0,0.0,0.0,0.0,0.0,0.0,87.5,92.0,1.9839999999993196E-5,1.9839999999993196E-5,4.0,0.999,0.0,42.0,42.0,5.0,5.0,5.0,5.0,5.0,0.0,0.0,0.0,0.0,48.0,14.0,14.0,17.1,189.0,210.0,5.0,4.0,700.0,4270.0,0.0,0.0,0.0,1.0,19483.0,16.0,0.0,0.0,-21.75,-21.75,-22.0,23.0,-21.75,750.0,29.0,390.0,190.0,0.0,0.0,254.0,20.0,0.0,8.0,0.0,0.0,0.0,0.0,8.0,0.0,5.0,0.0,4.0,0.0,29.0,4687.0,100.0,0.0,0.0,0.0,0.0,26.0,0.0,0.0,3.9000000000000004,5000.0,4990.0,4990.0,1.0,1.0,0.0,22.0,3939.0,0.0,255.0,836.0,219.0,0.0,0.0,1245716.0,3.008,3.0,50.0
1788624167550,2026-09-05T20:02:47.550,0.0,4.0,0.0,1.0,2236.0,14.200000000000001,82.0,0.0,0.0,0.0,0.0,0.0,0.0,0.0,0.0,0.0,0.0,90.0,92.0,1.9839999999993196E-5,1.9839999999993196E-5,4.0,0.999,0.0,42.0,42.0,5.0,5.0,5.0,5.0,5.0,0.0,0.0,0.0,0.0,48.0,14.0,13.0,16.900000000000002,189.0,210.0,5.0,4.0,700.0,4270.0,0.0,0.0,0.0,1.0,19483.0,16.1,0.0,0.0,-21.375,-21.375,-21.6875,22.6875,-21.375,750.0,29.0,390.0,200.0,0.0,0.0,254.0,20.0,0.0,8.0,0.0,0.0,0.0,0.0,8.0,0.0,5.0,0.0,4.0,0.0,30.0,4687.0,100.0,0.0,0.0,0.0,0.0,26.0,0.0,0.0,3.9000000000000004,5000.0,4990.0,4990.0,1.0,1.0,0.0,22.0,3977.0,0.0,255.0,836.0,225.0,0.0,0.0,1245716.0,3.008,3.0,50.0
1788624168334,2026-09-05T20:02:48.334,0.0,4.0,0.0,1.0,2174.0,14.100000000000001,82.0,0.0,0.0,0.0,0.0,0.0,0.0,0.0,0.0,0.0,0.0,91.0,92.0,1.9839999999993196E-5,1.9839999999993196E-5,4.0,0.999,0.0,42.0,42.0,4.0,4.0,4.0,4.0,4.0,0.0,0.0,0.0,0.0,48.0,14.0,14.0,16.8,189.0,210.0,4.0,4.0,700.0,4280.0,0.0,0.0,0.0,1.0,19483.0,15.600000000000001,1.0,0.0,-21.8125,-21.8125,-22.0,23.1875,-21.8125,750.0,28.0,390.0,200.0,0.0,0.0,254.0,20.0,0.0,8.0,0.0,1.0,0.0,0.0,8.0,0.0,5.0,0.0,4.0,0.0,29.0,4687.0,100.0,0.0,0.0,0.0,0.0,26.0,0.0,0.0,3.9000000000000004,5000.0,4990.0,4980.0,1.0,1.0,0.0,22.0,4488.0,0.0,255.0,836.0,230.0,0.0,0.0,1245716.0,3.008,3.0,50.0
1788624169118,2026-09-05T20:02:49.118,0.0,4.0,0.0,1.0,2122.0,14.200000000000001,82.0,0.0,0.0,0.0,0.0,0.0,0.0,0.0,0.0,0.0,0.0,93.0,92.5,1.9839999999993196E-5,1.9839999999993196E-5,4.0,0.999,0.0,42.0,42.0,4.0,4.0,4.0,4.0,4.0,0.0,0.0,0.0,0.0,48.0,13.0,14.0,15.9,189.0,210.0,4.0,4.0,690.0,4300.0,0.0,0.0,0.0,1.0,19483.0,14.200000000000001,0.0,0.0,-22.6875,-22.6875,-22.9375,24.25,-22.6875,750.0,26.0,390.0,190.0,0.0,0.0,254.0,20.0,0.0,8.0,0.0,1.0,0.0,0.0,8.0,0.0,5.0,0.0,4.0,0.0,29.0,4687.0,100.0,0.0,0.0,0.0,0.0,26.0,0.0,0.0,3.9000000000000004,5000.0,4990.0,4980.0,1.0,1.0,0.0,22.0,2391.0,0.0,255.0,836.0,225.0,0.0,0.0,1245716.0,3.008,3.0,50.0
1788624170145,2026-09-05T20:02:50.145,0.0,4.0,0.0,1.0,1956.0,14.200000000000001,82.0,0.0,0.0,0.0,0.0,0.0,0.0,0.0,0.0,0.0,0.0,94.5,92.5,1.9839999999993196E-5,1.9839999999993196E-5,4.0,0.999,0.0,40.0,40.0,6.0,6.0,6.0,6.0,6.0,0.0,0.0,0.0,0.0,48.0,13.0,13.0,13.8,189.0,210.0,3.0,3.0,660.0,4310.0,0.0,0.0,0.0,1.0,19483.0,12.700000000000001,1.0,0.0,-23.0625,-23.0625,-23.25,25.125,-23.0625,750.0,23.0,390.0,200.0,0.0,0.0,254.0,20.0,0.0,8.0,0.0,1.0,0.0,0.0,8.0,0.0,5.0,0.0,4.0,0.0,30.0,4687.0,100.0,0.0,0.0,0.0,0.0,26.0,0.0,0.0,3.9000000000000004,5000.0,4990.0,4980.0,1.0,1.0,0.0,22.0,5000.0,0.0,255.0,836.0,221.0,0.0,0.0,1245716.0,3.008,3.0,50.0
1788624170881,2026-09-05T20:02:50.881,0.0,4.0,0.0,1.0,1648.0,14.200000000000001,83.0,0.0,0.0,0.0,0.0,0.0,0.0,0.0,0.0,0.0,0.0,96.0,92.5,1.9839999999993196E-5,1.9839999999993196E-5,4.0,0.999,0.0,38.0,38.0,6.0,6.0,6.0,6.0,6.0,0.0,0.0,0.0,0.0,48.0,13.0,13.0,11.9,189.0,210.0,3.0,3.0,640.0,4330.0,0.0,0.0,0.0,1.0,19483.0,11.0,0.0,0.0,-24.625,-24.625,-24.875,26.8125,-24.625,750.0,20.0,390.0,200.0,0.0,0.0,254.0,20.0,0.0,8.0,0.0,1.0,0.0,0.0,8.0,0.0,5.0,0.0,4.0,0.0,29.0,4687.0,100.0,0.0,0.0,0.0,0.0,26.0,0.0,0.0,3.9000000000000004,5000.0,4990.0,4980.0,1.0,1.0,0.0,22.0,3468.0,0.0,255.0,836.0,231.0,0.0,0.0,1245716.0,3.008,3.0,50.0
1788624171677,2026-09-05T20:02:51.677,0.0,4.0,0.0,1.0,1570.0,14.200000000000001,83.0,0.0,0.0,0.0,0.0,0.0,0.0,0.0,0.0,0.0,0.0,96.5,92.5,1.9839999999993196E-5,1.9839999999993196E-5,4.0,0.999,0.0,38.0,38.0,7.0,7.0,7.0,7.0,7.0,0.0,0.0,0.0,0.0,48.0,13.0,13.0,11.0,189.0,210.0,3.0,3.0,630.0,4340.0,0.0,0.0,0.0,1.0,19483.0,10.600000000000001,1.0,0.0,-25.1875,-25.1875,-25.4375,27.375,-25.1875,750.0,20.0,390.0,200.0,0.0,0.0,254.0,20.0,0.0,8.0,0.0,0.0,0.0,0.0,8.0,0.0,5.0,0.0,4.0,0.0,30.0,4687.0,100.0,0.0,0.0,0.0,0.0,26.0,0.0,0.0,3.9000000000000004,5000.0,4990.0,4990.0,1.0,1.0,0.0,22.0,4874.0,0.0,255.0,836.0,224.0,0.0,0.0,1245716.0,3.008,3.0,50.0
1788624172456,2026-09-05T20:02:52.456,0.0,4.0,0.0,1.0,1531.0,14.100000000000001,83.0,0.0,0.0,0.0,0.0,0.0,0.0,0.0,0.0,0.0,0.0,97.5,93.0,1.9839999999993196E-5,1.9839999999993196E-5,4.0,0.999,0.0,38.0,38.0,7.0,7.0,7.0,7.0,7.0,0.0,0.0,0.0,0.0,48.0,13.0,13.0,10.700000000000001,189.0,210.0,3.0,3.0,630.0,4340.0,0.0,0.0,0.0,1.0,19483.0,10.200000000000001,1.0,0.0,-25.125,-25.125,-25.375,27.3125,-25.125,750.0,20.0,390.0,200.0,0.0,0.0,254.0,20.0,0.0,8.0,0.0,1.0,0.0,0.0,8.0,0.0,5.0,0.0,4.0,0.0,28.0,4687.0,100.0,0.0,0.0,0.0,0.0,26.0,0.0,0.0,3.9000000000000004,5000.0,4990.0,4980.0,1.0,1.0,0.0,22.0,3427.0,0.0,255.0,836.0,220.0,0.0,0.0,1245716.0,3.008,3.0,50.0
1788624173139,2026-09-05T20:02:53.139,0.0,4.0,0.0,1.0,1502.0,14.100000000000001,83.0,0.0,0.0,0.0,0.0,0.0,0.0,0.0,0.0,0.0,0.0,98.0,93.5,1.9839999999993196E-5,1.9839999999993196E-5,4.0,0.999,0.0,38.0,38.0,7.0,7.0,7.0,7.0,7.0,0.0,0.0,0.0,0.0,48.0,13.0,12.0,10.4,189.0,189.0,3.0,3.0,620.0,4360.0,0.0,0.0,0.0,1.0,19483.0,10.100000000000001,0.0,0.0,-25.6875,-25.6875,-25.9375,27.875,-25.6875,750.0,19.0,390.0,200.0,0.0,0.0,254.0,20.0,0.0,8.0,0.0,0.0,0.0,0.0,8.0,0.0,5.0,0.0,4.0,0.0,29.0,4687.0,100.0,0.0,0.0,0.0,0.0,26.0,0.0,0.0,3.9000000000000004,5000.0,4990.0,4980.0,1.0,1.0,0.0,22.0,2155.0,0.0,255.0,836.0,217.0,0.0,0.0,1245716.0,3.008,3.0,50.0
1788624174041,2026-09-05T20:02:54.041,0.0,4.0,0.0,1.0,1475.0,14.200000000000001,83.0,0.0,0.0,0.0,0.0,0.0,0.0,0.0,0.0,0.0,0.0,96.5,92.5,1.9839999999993196E-5,1.9839999999993196E-5,4.0,0.999,0.0,38.0,38.0,7.0,7.0,7.0,7.0,7.0,0.0,0.0,0.0,0.0,48.0,13.0,12.0,10.100000000000001,189.0,210.0,2.0,2.0,620.0,4350.0,0.0,0.0,0.0,1.0,19483.0,9.8,1.0,0.0,-24.625,-24.625,-24.875,26.8125,-24.625,750.0,19.0,390.0,200.0,0.0,0.0,254.0,20.0,0.0,8.0,0.0,0.0,0.0,0.0,8.0,0.0,5.0,0.0,4.0,0.0,29.0,4687.0,100.0,0.0,0.0,0.0,0.0,26.0,0.0,0.0,3.9000000000000004,5000.0,4990.0,4970.0,1.0,1.0,0.0,22.0,4354.0,0.0,255.0,836.0,213.0,0.0,0.0,1245716.0,3.008,3.0,50.0
1788624174841,2026-09-05T20:02:54.841,0.0,4.0,0.0,1.0,1441.0,14.200000000000001,83.0,0.0,0.0,0.0,0.0,0.0,0.0,0.0,0.0,0.0,0.0,97.0,92.5,1.9839999999993196E-5,1.9839999999993196E-5,4.0,0.999,0.0,38.0,38.0,7.0,7.0,7.0,7.0,7.0,0.0,0.0,0.0,0.0,48.0,13.0,12.0,9.5,189.0,189.0,2.0,2.0,620.0,4370.0,0.0,0.0,0.0,1.0,19483.0,9.5,0.0,0.0,-25.25,-25.25,-25.5,27.4375,-25.25,750.0,18.0,390.0,200.0,0.0,0.0,254.0,20.0,0.0,8.0,0.0,0.0,0.0,0.0,8.0,0.0,5.0,0.0,4.0,0.0,31.0,4687.0,100.0,0.0,0.0,0.0,0.0,26.0,0.0,0.0,3.9000000000000004,5000.0,4990.0,4980.0,1.0,1.0,0.0,22.0,4222.0,0.0,255.0,836.0,211.0,0.0,0.0,1245716.0,3.008,3.0,50.0
1788624175638,2026-09-05T20:02:55.638,0.0,4.0,0.0,1.0,1406.0,14.200000000000001,83.0,0.0,0.0,0.0,0.0,0.0,0.0,0.0,0.0,0.0,0.0,96.5,92.0,1.9839999999993196E-5,1.9839999999993196E-5,4.0,0.999,0.0,38.0,38.0,7.0,7.0,7.0,7.0,7.0,0.0,0.0,0.0,0.0,48.0,13.0,12.0,9.1,189.0,189.0,2.0,2.0,610.0,4370.0,0.0,0.0,0.0,1.0,19483.0,9.200000000000001,0.0,0.0,-25.125,-25.125,-25.375,27.3125,-25.125,750.0,18.0,390.0,200.0,0.0,0.0,254.0,20.0,0.0,8.0,0.0,0.0,0.0,0.0,8.0,0.0,5.0,0.0,4.0,0.0,31.0,4687.0,100.0,0.0,0.0,0.0,0.0,26.0,0.0,0.0,3.9000000000000004,5000.0,4990.0,4980.0,1.0,1.0,0.0,22.0,2328.0,0.0,255.0,836.0,209.0,0.0,0.0,1245716.0,3.008,3.0,50.0
1788624176474,2026-09-05T20:02:56.474,0.0,4.0,0.0,1.0,1375.0,14.200000000000001,83.0,0.0,0.0,0.0,0.0,0.0,0.0,0.0,0.0,0.0,0.0,96.5,92.5,1.9839999999993196E-5,1.9839999999993196E-5,4.0,0.999,0.0,37.0,37.0,7.0,7.0,7.0,7.0,7.0,0.0,0.0,0.0,0.0,48.0,13.0,12.0,9.0,189.0,210.0,2.0,2.0,610.0,4370.0,0.0,0.0,0.0,1.0,19483.0,8.8,1.0,0.0,-25.3125,-25.3125,-24.3125,27.5,-25.3125,750.0,17.0,390.0,200.0,0.0,0.0,254.0,20.0,0.0,8.0,0.0,0.0,0.0,0.0,8.0,0.0,5.0,2.0,4.0,0.0,29.0,4687.0,100.0,0.0,0.0,0.0,0.0,26.0,0.0,0.0,3.9000000000000004,5000.0,4990.0,4980.0,1.0,1.0,0.0,22.0,3396.0,0.0,255.0,836.0,211.0,0.0,0.0,1245716.0,3.008,3.0,50.0
1788624177265,2026-09-05T20:02:57.265,0.0,4.0,0.0,1.0,1333.0,14.200000000000001,83.0,2.18,2.18,2.18,2.18,0.0,0.0,39.0,0.0,0.0,4.0,96.5,92.5,1.9839999999993196E-5,1.9839999999993196E-5,4.0,1.477,0.0,42.0,42.0,8.0,8.0,8.0,8.0,8.0,0.0,0.0,0.0,0.0,48.0,13.0,12.0,8.6,210.0,189.0,2.0,2.0,610.0,4380.0,0.0,0.0,0.0,1.0,19483.0,8.9,0.0,0.0,-25.875,-25.875,-16.5625,28.0625,-25.875,750.0,17.0,390.0,200.0,0.0,0.0,254.0,20.0,0.0,8.0,0.0,1.0,0.0,0.0,8.0,0.0,5.0,2.0,4.0,0.0,30.0,4687.0,100.0,0.0,0.0,0.0,0.0,26.0,0.0,0.0,3.9000000000000004,5000.0,4990.0,4970.0,1.0,1.0,0.0,22.0,1814.0,0.0,255.0,836.0,211.0,0.0,0.0,1245716.0,3.008,3.0,50.0
1788624178102,2026-09-05T20:02:58.102,0.0,4.0,0.0,1.0,1306.0,14.100000000000001,83.0,1.51,1.51,1.51,1.51,0.0,1.0,24.0,0.0,0.0,58.0,97.5,93.0,-0.014263520000000002,-0.014263520000000002,4.0,1.1360000000000001,0.0,36.0,36.0,7.0,7.0,7.0,7.0,7.0,0.0,0.0,0.0,0.0,48.0,13.0,12.0,8.8,210.0,210.0,2.0,2.0,610.0,4370.0,0.0,0.0,0.0,1.0,19483.0,8.700000000000001,1.0,0.0,-26.875,-26.875,-16.8125,29.0625,-26.875,750.0,17.0,390.0,200.0,0.0,0.0,254.0,20.0,0.0,8.0,0.0,1.0,0.0,0.0,8.0,0.0,5.0,2.0,4.0,0.0,30.0,4687.0,100.0,0.0,0.0,0.0,0.0,26.0,0.0,0.0,3.9000000000000004,5000.0,4990.0,4980.0,1.0,1.0,0.0,22.0,3638.0,0.0,255.0,836.0,215.0,0.0,0.0,1245716.0,3.008,3.0,50.0
1788624178941,2026-09-05T20:02:58.941,0.0,4.0,0.0,1.0,1283.0,14.200000000000001,83.0,1.56,1.56,1.56,1.56,0.0,1.0,19.0,0.0,0.0,19.0,97.5,93.0,0.04412886999999999,0.04412886999999999,4.0,0.999,0.0,34.0,34.0,8.0,8.0,8.0,8.0,8.0,0.0,0.0,0.0,0.0,48.0,13.0,12.0,8.200000000000001,210.0,189.0,2.0,2.0,600.0,4370.0,0.0,0.0,0.0,1.0,19483.0,8.5,0.0,0.0,-27.4375,-27.4375,-17.1875,29.625,-27.4375,750.0,16.0,390.0,200.0,0.0,0.0,254.0,20.0,0.0,8.0,0.0,1.0,0.0,0.0,8.0,0.0,5.0,2.0,4.0,0.0,29.0,4687.0,100.0,0.0,0.0,0.0,0.0,26.0,0.0,0.0,3.9000000000000004,5000.0,4990.0,4980.0,1.0,1.0,0.0,22.0,2816.0,0.0,255.0,836.0,220.0,0.0,0.0,1245716.0,3.008,3.0,50.0
1788624179722,2026-09-05T20:02:59.722,0.0,4.0,0.0,1.0,1225.0,14.200000000000001,83.0,1.6400000000000001,1.6400000000000001,1.6400000000000001,1.6400000000000001,0.0,1.0,24.0,0.0,0.0,19.0,98.5,94.0,0.08298083,0.08298083,4.0,0.999,0.0,34.0,34.0,7.0,7.0,7.0,7.0,7.0,0.0,0.0,0.0,0.0,48.0,12.0,12.0,7.9,210.0,189.0,2.0,2.0,600.0,4390.0,0.0,0.0,0.0,1.0,19483.0,8.0,1.0,0.0,-27.25,-27.25,-16.5,29.4375,-27.25,750.0,16.0,390.0,200.0,0.0,0.0,254.0,20.0,0.0,8.0,0.0,0.0,0.0,0.0,8.0,0.0,5.0,2.0,4.0,0.0,28.0,4687.0,100.0,0.0,0.0,0.0,0.0,26.0,0.0,0.0,3.9000000000000004,5000.0,4990.0,4990.0,1.0,1.0,0.0,22.0,2978.0,0.0,255.0,836.0,211.0,0.0,0.0,1245716.0,3.008,3.0,50.0
1788624180517,2026-09-05T20:03:00.517,0.0,4.0,0.0,1.0,1211.0,14.100000000000001,83.0,1.6500000000000001,1.6500000000000001,1.6500000000000001,1.6500000000000001,0.0,1.0,29.0,0.0,0.0,24.0,96.5,92.5,0.11862818999999997,0.11862818999999997,4.0,0.999,0.0,33.0,33.0,9.0,9.0,9.0,9.0,9.0,0.0,0.0,0.0,0.0,48.0,12.0,12.0,7.800000000000001,210.0,189.0,2.0,2.0,600.0,4380.0,0.0,0.0,0.0,1.0,19483.0,7.9,1.0,0.0,-27.1875,-27.1875,-16.375,29.375,-27.1875,750.0,16.0,390.0,200.0,0.0,0.0,254.0,20.0,0.0,8.0,0.0,0.0,0.0,0.0,8.0,0.0,5.0,2.0,4.0,0.0,29.0,4687.0,100.0,0.0,0.0,0.0,0.0,26.0,0.0,0.0,3.9000000000000004,5000.0,4990.0,4980.0,1.0,1.0,0.0,22.0,2233.0,0.0,255.0,836.0,209.0,0.0,0.0,1245716.0,3.008,3.0,50.0
1788624181286,2026-09-05T20:03:01.286,0.0,4.0,0.0,1.0,1214.0,14.100000000000001,83.0,1.69,1.69,1.69,1.69,0.0,1.0,34.0,0.0,0.0,29.0,97.5,93.0,0.15427554999999998,0.15427554999999998,4.0,0.999,0.0,34.0,34.0,9.0,9.0,9.0,9.0,9.0,0.0,0.0,0.0,0.0,48.0,12.0,11.0,7.7,210.0,189.0,2.0,2.0,600.0,4380.0,0.0,0.0,0.0,1.0,19483.0,8.0,0.0,0.0,-26.875,-26.875,-15.8125,29.0625,-26.875,750.0,16.0,430.0,200.0,0.9,0.1,254.0,20.0,0.0,8.0,0.0,0.0,0.0,0.0,8.0,0.0,5.0,2.0,4.0,0.0,29.0,4687.0,100.0,0.0,0.0,0.0,0.0,26.0,0.0,0.0,3.9000000000000004,5000.0,4990.0,4990.0,1.0,1.0,0.0,22.0,3447.0,0.0,255.0,836.0,208.0,0.0,0.0,1245716.0,3.008,3.0,50.0
1788624182049,2026-09-05T20:03:02.049,0.0,4.0,0.0,1.0,1184.0,14.100000000000001,83.0,1.73,1.73,1.73,1.73,0.0,1.0,48.0,0.0,0.0,34.0,97.5,93.0,0.18880892999999999,0.18880892999999999,4.0,0.999,0.0,34.0,34.0,10.0,10.0,10.0,10.0,10.0,0.0,0.0,0.0,0.0,48.0,12.0,11.0,7.5,210.0,189.0,2.0,2.0,590.0,4390.0,0.0,0.0,0.0,1.0,19483.0,8.0,1.0,0.0,-27.1875,-27.1875,-16.125,29.375,-27.1875,750.0,15.0,440.0,200.0,0.0,0.4,254.0,20.0,0.0,8.0,0.0,0.0,0.0,0.0,8.0,0.0,5.0,2.0,4.0,0.0,29.0,4687.0,100.0,0.0,0.0,0.0,0.0,26.0,0.0,0.0,3.9000000000000004,5000.0,4990.0,4990.0,1.0,1.0,0.0,22.0,3314.0,0.0,255.0,836.0,206.0,0.0,0.0,1245716.0,3.008,3.0,50.0
1788624182853,2026-09-05T20:03:02.853,0.0,4.0,0.0,1.0,1182.0,14.200000000000001,83.0,1.77,1.77,1.77,1.77,0.0,1.0,63.0,0.0,0.0,48.0,96.5,92.5,0.22111434999999996,0.22111434999999996,4.0,0.999,0.0,34.0,34.0,10.0,10.0,10.0,10.0,10.0,0.0,0.0,0.0,0.0,49.0,12.0,11.0,7.4,210.0,189.0,2.0,2.0,590.0,4390.0,0.0,0.0,0.0,1.0,19483.0,7.6000000000000005,0.0,0.0,-27.25,-23.4375,-16.25,29.4375,-27.25,750.0,15.0,450.0,210.0,0.0,0.0,254.0,20.0,0.0,8.0,0.0,0.0,0.0,0.0,8.0,0.0,5.0,1.0,4.0,0.0,29.0,4687.0,100.0,0.0,0.0,0.0,0.0,26.0,0.0,0.0,3.9000000000000004,5000.0,4990.0,4980.0,1.0,1.0,0.0,22.0,1860.0,0.0,255.0,836.0,206.0,0.0,0.0,1245716.0,3.008,3.0,50.0
1788624183602,2026-09-05T20:03:03.602,0.0,4.0,0.0,1.0,1183.0,14.200000000000001,83.0,1.73,1.73,1.73,1.73,1.0,1.0,751.0,0.0,0.0,126.0,98.0,93.5,0.19730112,0.19730112,4.0,0.999,0.0,34.0,34.0,10.0,10.0,10.0,10.0,10.0,0.0,0.0,0.0,0.0,49.0,12.0,11.0,7.4,210.0,189.0,2.0,2.0,590.0,4380.0,0.0,0.0,0.0,1.0,19483.0,7.800000000000001,0.0,0.0,-27.1875,-20.25,-16.125,29.375,-27.1875,750.0,15.0,470.0,210.0,0.0,0.0,254.0,20.0,0.0,8.0,0.0,0.0,0.0,0.0,8.0,0.0,5.0,1.0,4.0,0.0,30.0,4687.0,100.0,0.0,0.0,0.0,0.0,26.0,0.0,0.0,3.9000000000000004,5000.0,4990.0,4970.0,1.0,1.0,0.0,22.0,1941.0,0.0,255.0,836.0,206.0,0.0,0.0,1245716.0,3.008,3.0,50.0
1788624184327,2026-09-05T20:03:04.327,0.0,4.0,0.0,1.0,1160.0,14.200000000000001,83.0,1.73,1.73,1.73,1.73,1.0,1.0,771.0,1.0,0.0,766.0,96.5,92.5,0.18601635,0.18601635,5.0,0.999,0.0,34.0,34.0,9.0,9.0,9.0,9.0,9.0,0.0,0.0,0.0,0.0,49.0,12.0,12.0,7.5,210.0,189.0,2.0,2.0,600.0,4390.0,0.0,0.0,0.0,1.0,19483.0,7.800000000000001,1.0,0.0,-27.6875,-21.125,-16.625,29.875,-27.6875,750.0,15.0,390.0,200.0,0.0,0.0,254.0,20.0,0.0,8.0,0.0,1.0,1.0,0.0,8.0,0.0,5.0,1.0,4.0,100.0,29.0,4687.0,100.0,0.0,0.0,0.0,0.0,26.0,0.0,0.0,3.9000000000000004,5000.0,4990.0,4970.0,1.0,1.0,0.0,22.0,2615.0,0.0,255.0,836.0,230.0,0.0,0.0,1245716.0,3.008,3.0,50.0
1788624185185,2026-09-05T20:03:05.185,0.0,4.0,0.0,1.0,922.0,13.700000000000001,83.0,1.85,1.85,1.85,1.85,1.0,1.0,639.0,1.0,0.0,771.0,100.0,100.0,0.15716732,0.15716732,5.0,0.999,0.0,28.0,28.0,5.0,27.0,27.0,27.0,27.0,0.0,0.0,0.0,0.0,49.0,20.0,15.0,7.1000000000000005,315.0,252.0,2.0,2.0,610.0,4370.0,0.0,0.0,0.0,1.0,19483.0,9.1,0.0,0.0,-27.0625,-3.3125,-3.25,29.25,-27.0625,750.0,10.0,390.0,200.0,0.0,0.0,254.0,20.0,0.0,8.0,0.0,1.0,1.0,0.0,8.0,0.0,5.0,1.0,4.0,100.0,27.0,4687.0,100.0,0.0,0.0,0.0,0.0,26.0,0.0,0.0,3.9000000000000004,5000.0,4990.0,4980.0,1.0,1.0,0.0,22.0,1856.0,0.0,255.0,836.0,236.0,0.0,0.0,1245716.0,3.008,3.0,50.0
1788624186229,2026-09-05T20:03:06.229,0.0,4.0,0.0,1.0,787.0,14.100000000000001,83.0,2.97,2.97,2.97,2.97,1.0,1.0,825.0,1.0,0.0,717.0,96.5,93.5,0.18717611,0.18717611,5.0,0.999,0.0,19.0,19.0,-9.0,0.0,0.0,0.0,0.0,0.0,0.0,0.0,0.0,49.0,18.0,19.0,7.9,294.0,315.0,2.0,2.0,600.0,4380.0,0.0,0.0,0.0,1.0,19483.0,7.9,1.0,0.0,-27.3125,-3.1875,-4.1875,29.5,-27.3125,750.0,3.0,390.0,190.0,0.0,0.0,254.0,20.0,0.0,8.0,0.0,1.0,1.0,0.0,8.0,0.0,5.0,1.0,4.0,100.0,25.0,4687.0,100.0,0.0,0.0,0.0,0.0,26.0,0.0,0.0,3.9000000000000004,5000.0,4990.0,4980.0,1.0,1.0,0.0,22.0,1559.0,0.0,255.0,836.0,300.0,0.0,0.0,1245716.0,3.008,3.0,50.0
1788624187073,2026-09-05T20:03:07.073,0.0,4.0,0.0,1.0,761.0,14.100000000000001,83.0,2.79,2.79,2.79,2.79,1.0,1.0,854.0,1.0,0.0,849.0,96.0,93.0,0.17822612,0.17822612,5.0,0.999,0.0,20.0,20.0,-8.0,4.0,4.0,4.0,4.0,0.0,0.0,0.0,0.0,49.0,18.0,18.0,7.5,294.0,294.0,2.0,2.0,590.0,4390.0,0.0,0.0,0.0,1.0,19483.0,7.7,0.0,0.0,-27.375,-5.3125,-4.1875,29.5625,-27.375,750.0,2.0,390.0,200.0,0.0,0.0,254.0,20.0,0.0,8.0,0.0,1.0,0.0,0.0,8.0,0.0,5.0,1.0,4.0,0.0,25.0,4687.0,100.0,0.0,0.0,0.0,0.0,26.0,0.0,0.0,3.9000000000000004,5000.0,4990.0,4990.0,1.0,1.0,0.0,22.0,1862.0,0.0,255.0,836.0,302.0,0.0,0.0,1245716.0,3.008,3.0,50.0
1788624187849,2026-09-05T20:03:07.849,0.0,4.0,0.0,1.0,758.0,14.100000000000001,83.0,2.74,2.74,2.74,2.74,1.0,1.0,849.0,1.0,0.0,859.0,96.0,93.5,0.16453026999999998,0.16453026999999998,5.0,0.999,0.0,21.0,21.0,-8.0,4.0,4.0,4.0,4.0,0.0,0.0,0.0,0.0,49.0,18.0,18.0,7.4,294.0,294.0,2.0,2.0,590.0,4380.0,0.0,0.0,0.0,1.0,19483.0,7.5,1.0,0.0,-27.25,-4.375,-4.8125,29.4375,-27.25,750.0,2.0,390.0,200.0,0.0,0.0,254.0,20.0,0.0,8.0,0.0,0.0,0.0,0.0,8.0,0.0,5.0,1.0,4.0,0.0,27.0,4687.0,100.0,0.0,0.0,0.0,0.0,26.0,0.0,0.0,3.9000000000000004,5000.0,4990.0,4980.0,1.0,1.0,0.0,22.0,1807.0,0.0,255.0,836.0,310.0,0.0,0.0,1245716.0,3.008,3.0,50.0
1788624188610,2026-09-05T20:03:08.610,0.0,4.0,0.0,1.0,753.0,14.100000000000001,83.0,2.64,2.64,2.64,2.64,1.0,1.0,834.0,1.0,0.0,859.0,96.5,94.0,0.12912707,0.12912707,5.0,0.999,3.0,21.0,21.0,-8.0,2.0,2.0,2.0,2.0,0.0,0.0,0.0,0.0,49.0,17.0,18.0,7.4,294.0,294.0,2.0,2.0,590.0,4390.0,0.0,0.0,0.0,1.0,19483.0,7.300000000000001,1.0,0.0,-27.0625,-6.0625,-4.875,29.25,-27.0625,750.0,3.0,390.0,200.0,0.0,0.0,254.0,20.0,0.0,8.0,0.0,0.0,1.0,0.0,8.0,0.0,5.0,1.0,4.0,100.0,29.0,4687.0,100.0,0.0,0.0,0.0,0.0,26.0,0.0,0.0,3.9000000000000004,5000.0,4990.0,4980.0,1.0,1.0,0.0,22.0,1697.0,0.0,255.0,836.0,307.0,0.0,0.0,1245716.0,3.008,3.0,50.0
1788624189549,2026-09-05T20:03:09.549,0.0,4.0,0.0,1.0,757.0,14.200000000000001,83.0,2.49,2.49,2.49,2.49,1.0,1.0,815.0,1.0,0.0,849.0,95.0,93.0,0.09549403000000001,0.09549403000000001,5.0,0.999,4.0,22.0,22.0,-7.0,4.0,4.0,4.0,4.0,0.0,0.0,0.0,0.0,49.0,17.0,18.0,7.2,294.0,294.0,1.0,2.0,590.0,4400.0,0.0,0.0,0.0,1.0,19483.0,7.2,0.0,0.0,-27.0,-4.0,-4.9375,29.1875,-27.0,750.0,3.0,580.0,270.0,5.1000000000000005,4.0,254.0,20.0,0.0,8.0,0.0,0.0,1.0,0.0,8.0,0.0,5.0,2.0,4.0,100.0,27.0,4687.0,100.0,0.0,0.0,0.0,0.0,26.0,0.0,0.0,3.9000000000000004,5000.0,4990.0,4980.0,1.0,1.0,0.0,22.0,1375.0,0.0,255.0,836.0,301.0,0.0,0.0,1245716.0,3.008,3.0,50.0
1788624190320,2026-09-05T20:03:10.320,0.0,4.0,0.0,1.0,1103.0,14.200000000000001,83.0,7.54,7.54,7.54,7.54,1.0,1.0,800.0,1.0,0.0,834.0,94.0,92.0,0.040802190000000016,0.040802190000000016,5.0,0.999,13.0,17.0,17.0,-36.0,-3.0,-3.0,-3.0,-3.0,0.0,0.0,0.0,0.0,49.0,24.0,37.0,29.700000000000003,378.0,525.0,6.0,6.0,780.0,4200.0,0.0,0.0,0.0,1.0,19483.0,20.400000000000002,1.0,0.0,4.625,21.0625,21.1875,27.9375,4.625,750.0,4.0,1000.0,480.0,17.7,16.6,254.0,20.0,0.0,8.0,0.0,0.0,1.0,0.0,8.0,0.0,5.0,2.0,4.0,100.0,28.0,4687.0,100.0,0.0,0.0,0.0,0.0,26.0,0.0,0.0,3.9000000000000004,5000.0,4990.0,4980.0,1.0,1.0,0.0,22.0,2499.0,0.0,255.0,836.0,301.0,0.0,0.0,1245716.0,3.008,3.0,50.0
1788624191098,2026-09-05T20:03:11.098,0.0,4.0,0.0,1.0,1933.0,14.200000000000001,83.0,2.95,2.95,2.95,2.95,0.0,1.0,43.0,0.0,0.0,53.0,93.0,93.0,0.01731705,0.01731705,5.0,0.999,10.0,26.0,26.0,-29.0,26.0,26.0,26.0,26.0,0.0,0.0,0.0,0.0,49.0,32.0,28.0,26.8,462.0,399.0,8.0,8.0,850.0,4120.0,0.0,0.0,0.0,1.0,19483.0,30.3,0.0,0.0,34.3125,26.8125,27.8125,25.25,34.3125,750.0,6.0,1070.0,510.0,20.1,18.6,254.0,20.0,0.0,8.0,0.0,0.0,1.0,0.0,8.0,0.0,5.0,2.0,4.0,100.0,28.0,4687.0,100.0,0.0,0.0,0.0,0.0,26.0,0.0,0.0,3.9000000000000004,5000.0,4990.0,4980.0,1.0,1.0,0.0,22.0,3017.0,0.0,255.0,836.0,301.0,0.0,0.0,1245716.0,3.008,3.0,50.0
1788624192002,2026-09-05T20:03:12.002,0.0,4.0,0.0,1.0,1678.0,14.200000000000001,83.0,5.13,5.13,5.13,5.13,1.0,1.0,810.0,1.0,0.0,761.0,91.5,93.0,0.02389410999999997,0.02389410999999997,4.0,0.999,14.0,22.0,22.0,-35.0,22.0,22.0,22.0,22.0,0.0,0.0,0.0,0.0,49.0,36.0,37.0,33.1,504.0,525.0,9.0,9.0,890.0,4080.0,0.0,0.0,0.0,1.0,19483.0,32.4,1.0,0.0,39.4375,40.1875,40.1875,23.5625,39.4375,750.0,11.0,1090.0,520.0,20.5,19.200000000000003,254.0,20.0,0.0,8.0,0.0,0.0,1.0,0.0,8.0,0.0,5.0,2.0,4.0,100.0,28.0,4687.0,100.0,0.0,0.0,0.0,0.0,26.0,0.0,0.0,4.0,5000.0,4990.0,4980.0,1.0,1.0,0.0,22.0,2303.0,0.0,255.0,836.0,301.0,0.0,0.0,1245716.0,3.008,3.0,50.0
1788624192858,2026-09-05T20:03:12.858,0.0,4.0,0.0,1.0,1791.0,14.100000000000001,83.0,4.86,4.86,4.86,4.86,1.0,1.0,708.0,1.0,0.0,751.0,89.0,93.0,-0.02053538000000002,-0.02053538000000002,3.0,0.999,17.0,23.0,23.0,-34.0,23.0,23.0,23.0,23.0,0.0,0.0,0.0,0.0,48.0,32.0,34.0,35.800000000000004,462.0,483.0,9.0,9.0,890.0,4090.0,0.0,0.0,0.0,1.0,19483.0,34.1,0.0,0.0,31.8125,34.8125,34.9375,22.8125,31.8125,750.0,14.0,1110.0,530.0,21.0,19.8,254.0,20.0,0.0,8.0,0.0,0.0,0.0,0.0,8.0,0.0,5.0,2.0,4.0,0.0,28.0,4687.0,100.0,0.0,0.0,0.0,0.0,26.0,0.0,0.0,3.9000000000000004,5000.0,4990.0,4980.0,1.0,1.0,0.0,22.0,4620.0,0.0,255.0,836.0,301.0,0.0,0.0,1245716.0,3.008,3.0,50.0
1788624193581,2026-09-05T20:03:13.581,0.0,4.0,0.0,1.0,2190.0,14.200000000000001,83.0,4.17,4.17,4.17,4.17,0.0,1.0,117.0,0.0,0.0,83.0,87.5,93.5,0.04370921999999999,0.04370921999999999,2.0,0.999,19.0,27.0,27.0,-30.0,27.0,27.0,27.0,27.0,0.0,0.0,0.0,0.0,48.0,27.0,29.0,35.7,378.0,399.0,9.0,9.0,890.0,4090.0,0.0,0.0,0.0,1.0,19483.0,34.300000000000004,0.0,0.0,5.4375,25.125,24.125,22.0,5.4375,750.0,16.0,390.0,200.0,1.2000000000000002,0.0,254.0,20.0,0.0,8.0,0.0,0.0,1.0,0.0,8.0,0.0,5.0,2.0,4.0,100.0,29.0,4687.0,100.0,0.0,0.0,0.0,0.0,26.0,0.0,0.0,4.0,5000.0,4990.0,4980.0,1.0,1.0,0.0,22.0,5000.0,0.0,255.0,836.0,300.0,0.0,0.0,1245716.0,3.008,3.0,50.0
1788624194688,2026-09-05T20:03:14.688,0.0,4.0,0.0,1.0,1833.0,14.200000000000001,83.0,2.13,2.13,2.13,2.13,0.0,1.0,34.0,0.0,0.0,24.0,85.0,94.0,0.07113906999999997,0.07113906999999997,1.0,0.999,12.0,33.0,33.0,-21.0,-21.0,-21.0,-21.0,-21.0,0.0,0.0,0.0,0.0,48.0,13.0,15.0,11.9,210.0,231.0,3.0,3.0,630.0,4350.0,0.0,0.0,0.0,1.0,19483.0,10.200000000000001,1.0,0.0,-24.0,-21.5,-17.6875,26.1875,-24.0,750.0,17.0,390.0,200.0,0.0,0.0,254.0,20.0,0.0,8.0,0.0,1.0,0.0,0.0,8.0,0.0,5.0,1.0,4.0,0.0,28.0,4687.0,100.0,0.0,0.0,0.0,0.0,26.0,0.0,0.0,4.0,5000.0,4990.0,4980.0,1.0,1.0,0.0,22.0,1608.0,0.0,255.0,836.0,284.0,0.0,0.0,1245716.0,3.008,3.0,50.0
1788624195498,2026-09-05T20:03:15.498,0.0,4.0,0.0,1.0,970.0,13.9,82.0,2.0300000000000002,2.0300000000000002,2.0300000000000002,2.0300000000000002,1.0,1.0,766.0,0.0,0.0,68.0,85.5,97.0,0.08623883999999998,0.08623883999999998,0.0,0.999,9.0,26.0,26.0,-1.0,7.0,7.0,7.0,7.0,0.0,0.0,0.0,0.0,48.0,17.0,16.0,7.9,273.0,273.0,2.0,2.0,600.0,4390.0,0.0,0.0,0.0,1.0,19483.0,8.200000000000001,0.0,0.0,-26.75,-3.6875,-3.5625,28.9375,-26.75,750.0,16.0,390.0,200.0,0.0,0.0,254.0,20.0,0.0,8.0,0.0,1.0,0.0,0.0,8.0,0.0,5.0,1.0,4.0,0.0,30.0,4687.0,100.0,0.0,0.0,0.0,0.0,26.0,0.0,0.0,3.9000000000000004,5000.0,4990.0,4980.0,1.0,1.0,0.0,22.0,1962.0,0.0,255.0,836.0,273.0,0.0,0.0,1245716.0,3.008,3.0,50.0
1788624196386,2026-09-05T20:03:16.386,0.0,4.0,0.0,1.0,805.0,14.100000000000001,82.0,2.52,2.52,2.52,2.52,1.0,1.0,830.0,1.0,0.0,815.0,83.5,94.0,0.08040952000000001,0.08040952000000001,0.0,0.999,10.0,19.0,19.0,-8.0,3.0,3.0,3.0,3.0,0.0,0.0,0.0,0.0,48.0,19.0,18.0,7.9,315.0,294.0,2.0,2.0,600.0,4390.0,0.0,0.0,0.0,1.0,19483.0,8.0,1.0,0.0,-27.5,-2.125,-2.375,29.6875,-27.5,750.0,15.0,390.0,200.0,0.0,0.0,254.0,20.0,0.0,8.0,0.0,1.0,0.0,0.0,8.0,0.0,5.0,1.0,4.0,0.0,29.0,4687.0,100.0,0.0,0.0,0.0,0.0,26.0,0.0,0.0,3.9000000000000004,5000.0,4990.0,4990.0,1.0,1.0,0.0,22.0,1181.0,0.0,255.0,836.0,294.0,0.0,0.0,1245716.0,3.008,3.0,50.0
1788624197206,2026-09-05T20:03:17.206,0.0,4.0,0.0,1.0,763.0,14.100000000000001,82.0,2.68,2.68,2.68,2.68,1.0,1.0,830.0,1.0,0.0,834.0,84.5,95.0,0.07184866000000001,0.07184866000000001,0.0,0.999,11.0,17.0,17.0,-11.0,2.0,2.0,2.0,2.0,0.0,0.0,0.0,0.0,48.0,19.0,20.0,8.1,315.0,315.0,2.0,2.0,600.0,4380.0,0.0,0.0,0.0,1.0,19483.0,8.0,0.0,0.0,-27.5625,-0.5625,-1.0,29.75,-27.5625,750.0,15.0,390.0,200.0,0.0,0.0,254.0,20.0,0.0,8.0,0.0,1.0,0.0,0.0,8.0,0.0,5.0,1.0,4.0,0.0,27.0,4687.0,100.0,0.0,0.0,0.0,0.0,26.0,0.0,0.0,3.9000000000000004,5000.0,4990.0,4980.0,1.0,1.0,0.0,22.0,1431.0,0.0,255.0,836.0,298.0,0.0,0.0,1245716.0,3.008,3.0,50.0
1788624198059,2026-09-05T20:03:18.059,0.0,4.0,0.0,1.0,748.0,14.100000000000001,82.0,2.68,2.68,2.68,2.68,1.0,1.0,830.0,1.0,0.0,844.0,85.0,96.0,0.03467530000000002,0.03467530000000002,0.0,0.999,11.0,16.0,16.0,-14.0,-2.0,-2.0,-2.0,-2.0,0.0,0.0,0.0,0.0,48.0,21.0,20.0,8.200000000000001,336.0,315.0,2.0,2.0,600.0,4390.0,0.0,0.0,0.0,1.0,19483.0,8.4,1.0,0.0,-27.625,-0.1875,-1.0625,29.8125,-27.625,750.0,15.0,390.0,190.0,0.0,0.0,254.0,20.0,0.0,8.0,0.0,1.0,0.0,0.0,8.0,0.0,5.0,1.0,4.0,0.0,28.0,4687.0,100.0,0.0,0.0,0.0,0.0,26.0,0.0,0.0,3.9000000000000004,5000.0,4990.0,4980.0,1.0,1.0,0.0,22.0,1503.0,0.0,255.0,836.0,311.0,0.0,0.0,1245716.0,3.008,3.0,50.0
1788624198755,2026-09-05T20:03:18.755,0.0,4.0,0.0,1.0,750.0,14.100000000000001,82.0,2.61,2.61,2.61,2.61,1.0,1.0,820.0,1.0,0.0,839.0,84.5,95.0,-0.0024980599999999964,-0.0024980599999999964,0.0,0.999,12.0,16.0,16.0,-15.0,0.0,0.0,0.0,0.0,0.0,0.0,0.0,0.0,48.0,21.0,20.0,8.3,336.0,336.0,2.0,2.0,600.0,4380.0,0.0,0.0,0.0,1.0,19483.0,8.4,0.0,0.0,-27.625,-0.375,-0.25,29.8125,-27.625,750.0,14.0,390.0,200.0,0.0,0.0,254.0,20.0,0.0,8.0,0.0,1.0,0.0,0.0,8.0,0.0,5.0,1.0,4.0,0.0,29.0,4687.0,100.0,0.0,0.0,0.0,0.0,26.0,0.0,0.0,3.9000000000000004,5000.0,4990.0,4970.0,1.0,1.0,0.0,22.0,1408.0,0.0,255.0,836.0,335.0,0.0,0.0,1245716.0,3.008,3.0,50.0
1788624199621,2026-09-05T20:03:19.621,0.0,4.0,0.0,1.0,743.0,14.100000000000001,81.0,2.57,2.57,2.57,2.57,1.0,1.0,795.0,1.0,0.0,825.0,84.5,95.0,-0.034360940000000006,-0.034360940000000006,0.0,0.999,12.0,16.0,16.0,-16.0,13.0,13.0,13.0,13.0,0.0,0.0,0.0,0.0,48.0,22.0,21.0,8.8,357.0,336.0,2.0,2.0,620.0,4370.0,0.0,0.0,0.0,1.0,19483.0,9.0,0.0,0.0,-28.0,1.4375,-1.0625,30.1875,-28.0,750.0,14.0,390.0,200.0,0.0,0.0,254.0,20.0,0.0,8.0,0.0,1.0,0.0,0.0,8.0,0.0,5.0,1.0,4.0,0.0,27.0,4687.0,100.0,0.0,0.0,0.0,0.0,26.0,0.0,0.0,4.0,5000.0,4990.0,4990.0,1.0,1.0,0.0,22.0,1410.0,0.0,255.0,836.0,337.0,0.0,0.0,1245716.0,3.008,3.0,50.0
1788624200448,2026-09-05T20:03:20.448,0.0,4.0,0.0,1.0,748.0,14.0,81.0,2.62,2.62,2.62,2.62,1.0,1.0,693.0,1.0,0.0,786.0,84.0,94.0,-0.0715343,-0.0715343,0.0,0.999,13.0,15.0,15.0,-20.0,-2.0,-2.0,-2.0,-2.0,0.0,0.0,0.0,0.0,48.0,21.0,22.0,8.8,336.0,336.0,2.0,2.0,610.0,4380.0,0.0,0.0,0.0,1.0,19483.0,8.700000000000001,1.0,0.0,-27.3125,0.6875,0.75,29.5,-27.3125,750.0,14.0,390.0,200.0,0.0,0.0,254.0,20.0,0.0,8.0,0.0,0.0,0.0,0.0,8.0,0.0,5.0,1.0,4.0,0.0,26.0,4687.0,100.0,0.0,0.0,0.0,0.0,26.0,0.0,0.0,3.9000000000000004,5000.0,4990.0,4990.0,1.0,1.0,0.0,22.0,2107.0,0.0,255.0,836.0,343.0,0.0,0.0,1245716.0,3.008,3.0,50.0
1788624201289,2026-09-05T20:03:21.289,0.0,4.0,0.0,1.0,755.0,14.100000000000001,81.0,2.65,2.65,2.65,2.65,0.0,1.0,83.0,0.0,0.0,73.0,84.0,93.5,-0.030240740000000016,-0.030240740000000016,1.0,0.999,14.0,15.0,15.0,-18.0,-4.0,-4.0,-4.0,-4.0,0.0,0.0,0.0,0.0,48.0,20.0,21.0,8.700000000000001,315.0,336.0,2.0,2.0,600.0,4390.0,0.0,0.0,0.0,1.0,19483.0,8.200000000000001,0.0,0.0,-26.6875,0.6875,-0.0625,28.875,-26.6875,750.0,14.0,390.0,200.0,0.0,0.0,254.0,20.0,0.0,8.0,0.0,0.0,0.0,0.0,8.0,0.0,5.0,1.0,4.0,0.0,27.0,4687.0,100.0,0.0,0.0,0.0,0.0,26.0,0.0,0.0,4.0,5000.0,4990.0,4990.0,1.0,1.0,0.0,22.0,1681.0,0.0,255.0,836.0,342.0,0.0,0.0,1245716.0,3.008,3.0,50.0
1788624202163,2026-09-05T20:03:22.163,0.0,4.0,0.0,1.0,740.0,14.200000000000001,81.0,2.58,2.58,2.58,2.58,1.0,1.0,742.0,1.0,0.0,703.0,84.5,94.5,-0.047263269999999996,-0.047263269999999996,1.0,0.999,14.0,15.0,15.0,-18.0,-4.0,-4.0,-4.0,-4.0,0.0,0.0,0.0,0.0,48.0,21.0,22.0,8.8,336.0,357.0,2.0,2.0,600.0,4380.0,0.0,0.0,0.0,1.0,19483.0,8.5,1.0,0.0,-26.5625,3.375,3.25,28.75,-26.5625,750.0,14.0,390.0,200.0,0.0,0.0,254.0,20.0,0.0,8.0,0.0,1.0,0.0,0.0,8.0,0.0,5.0,1.0,4.0,0.0,27.0,4687.0,100.0,0.0,0.0,0.0,0.0,26.0,0.0,0.0,4.0,5000.0,4990.0,4980.0,1.0,1.0,0.0,22.0,1315.0,0.0,255.0,836.0,370.0,0.0,0.0,1245716.0,3.008,3.0,50.0
1788624203273,2026-09-05T20:03:23.273,0.0,4.0,0.0,1.0,750.0,14.100000000000001,81.0,2.77,2.77,2.77,2.77,0.0,1.0,117.0,0.0,0.0,92.0,84.0,93.5,-0.031797259999999994,-0.031797259999999994,2.0,0.999,15.0,14.0,14.0,-22.0,-5.0,-5.0,-5.0,-5.0,0.0,0.0,0.0,0.0,48.0,21.0,22.0,9.0,336.0,357.0,2.0,2.0,610.0,4380.0,0.0,0.0,0.0,1.0,19483.0,8.6,0.0,0.0,-27.125,0.1875,1.625,29.3125,-27.125,750.0,11.0,390.0,200.0,0.0,0.0,254.0,20.0,0.0,8.0,0.0,1.0,0.0,0.0,8.0,0.0,5.0,1.0,4.0,0.0,29.0,4687.0,100.0,0.0,0.0,0.0,0.0,26.0,0.0,0.0,3.9000000000000004,5000.0,4990.0,4980.0,1.0,1.0,0.0,22.0,1331.0,0.0,255.0,836.0,360.0,0.0,0.0,1245716.0,3.008,3.0,50.0
1788624204222,2026-09-05T20:03:24.222,0.0,4.0,0.0,1.0,751.0,14.100000000000001,81.0,2.61,2.61,2.61,2.61,1.0,1.0,683.0,1.0,0.0,737.0,84.5,94.0,-0.05465674000000001,-0.05465674000000001,3.0,0.999,16.0,15.0,15.0,-20.0,-6.0,-6.0,-6.0,-6.0,0.0,0.0,0.0,0.0,48.0,21.0,22.0,8.8,336.0,357.0,2.0,2.0,600.0,4380.0,0.0,0.0,0.0,1.0,19483.0,8.5,1.0,0.0,-26.8125,1.625,0.875,29.0,-26.8125,750.0,7.0,390.0,200.0,0.0,0.0,254.0,20.0,0.0,8.0,0.0,1.0,0.0,0.0,8.0,0.0,5.0,1.0,4.0,0.0,28.0,4687.0,100.0,0.0,0.0,0.0,0.0,26.0,0.0,0.0,4.0,5000.0,4990.0,4990.0,1.0,1.0,0.0,22.0,1589.0,0.0,255.0,836.0,362.0,0.0,0.0,1245716.0,3.008,3.0,50.0
1788624205028,2026-09-05T20:03:25.028,0.0,4.0,0.0,1.0,749.0,14.200000000000001,81.0,2.68,2.68,2.68,2.68,0.0,1.0,92.0,0.0,0.0,73.0,84.0,93.5,-0.03568856000000001,-0.03568856000000001,4.0,0.999,16.0,15.0,15.0,-20.0,-4.0,-4.0,-4.0,-4.0,0.0,0.0,0.0,0.0,48.0,21.0,22.0,8.9,336.0,336.0,2.0,2.0,600.0,4390.0,0.0,0.0,0.0,1.0,19483.0,8.4,0.0,0.0,-26.875,1.5,0.375,29.0625,-26.875,750.0,5.0,390.0,200.0,0.0,0.0,254.0,20.0,0.0,8.0,0.0,1.0,0.0,0.0,8.0,0.0,5.0,1.0,4.0,0.0,28.0,4687.0,100.0,0.0,0.0,0.0,0.0,26.0,0.0,0.0,4.0,5000.0,4990.0,4970.0,1.0,1.0,0.0,22.0,1658.0,0.0,255.0,836.0,356.0,0.0,0.0,1245716.0,3.008,3.0,50.0
1788624205792,2026-09-05T20:03:25.792,0.0,4.0,0.0,1.0,749.0,14.100000000000001,81.0,2.65,2.65,2.65,2.65,0.0,1.0,117.0,0.0,0.0,122.0,84.0,93.5,-0.027905960000000007,-0.027905960000000007,5.0,0.999,16.0,15.0,15.0,-19.0,-4.0,-4.0,-4.0,-4.0,0.0,0.0,0.0,0.0,48.0,20.0,22.0,8.8,315.0,336.0,2.0,2.0,600.0,4380.0,0.0,0.0,0.0,1.0,19483.0,8.200000000000001,1.0,0.0,-26.875,1.4375,0.4375,29.0625,-26.875,750.0,5.0,390.0,200.0,0.0,0.0,254.0,20.0,0.0,8.0,0.0,1.0,0.0,0.0,8.0,0.0,5.0,1.0,4.0,0.0,30.0,4687.0,100.0,0.0,0.0,0.0,0.0,26.0,0.0,0.0,4.0,5000.0,4990.0,4980.0,1.0,1.0,0.0,22.0,1553.0,0.0,255.0,836.0,352.0,0.0,0.0,1245716.0,3.008,3.0,50.0
1788624206526,2026-09-05T20:03:26.526,0.0,4.0,0.0,1.0,750.0,14.200000000000001,81.0,2.59,2.59,2.59,2.59,0.0,1.0,97.0,0.0,0.0,92.0,84.0,93.0,-0.01498837,-0.01498837,6.0,0.999,16.0,16.0,16.0,-17.0,0.0,0.0,0.0,0.0,0.0,0.0,0.0,0.0,48.0,21.0,21.0,8.8,336.0,336.0,2.0,2.0,610.0,4380.0,0.0,0.0,0.0,1.0,19483.0,8.4,1.0,0.0,-26.875,0.9375,1.4375,29.0625,-26.875,750.0,5.0,390.0,200.0,0.0,0.0,254.0,20.0,0.0,8.0,0.0,1.0,0.0,0.0,8.0,0.0,5.0,1.0,4.0,0.0,28.0,4687.0,100.0,0.0,0.0,0.0,0.0,26.0,0.0,0.0,4.0,5000.0,4990.0,4990.0,1.0,1.0,0.0,22.0,1358.0,0.0,255.0,836.0,354.0,0.0,0.0,1245716.0,3.008,3.0,50.0
1788624207305,2026-09-05T20:03:27.305,0.0,4.0,0.0,1.0,758.0,14.100000000000001,81.0,2.56,2.56,2.56,2.56,1.0,1.0,727.0,0.0,0.0,336.0,85.0,94.5,-0.04038864,-0.04038864,7.0,0.999,17.0,15.0,15.0,-19.0,-3.0,-3.0,-3.0,-3.0,0.0,0.0,0.0,0.0,48.0,21.0,22.0,8.8,336.0,336.0,2.0,2.0,600.0,4380.0,0.0,0.0,0.0,1.0,19483.0,8.3,0.0,0.0,-26.75,1.8125,0.9375,28.9375,-26.75,750.0,5.0,390.0,200.0,0.0,0.0,254.0,20.0,0.0,8.0,0.0,1.0,0.0,0.0,8.0,0.0,5.0,1.0,4.0,0.0,29.0,4687.0,100.0,0.0,0.0,0.0,0.0,26.0,0.0,0.0,4.0,5000.0,4990.0,4990.0,1.0,1.0,0.0,22.0,1309.0,0.0,255.0,836.0,356.0,0.0,0.0,1245716.0,3.008,3.0,50.0
1788624208051,2026-09-05T20:03:28.051,0.0,4.0,0.0,1.0,750.0,14.100000000000001,82.0,2.61,2.61,2.61,2.61,0.0,1.0,73.0,0.0,0.0,122.0,84.5,94.0,-0.025700890000000004,-0.025700890000000004,7.0,0.999,18.0,15.0,15.0,-19.0,-2.0,-2.0,-2.0,-2.0,0.0,0.0,0.0,0.0,48.0,21.0,22.0,8.700000000000001,336.0,336.0,2.0,2.0,600.0,4390.0,0.0,0.0,0.0,1.0,19483.0,8.4,1.0,0.0,-26.5,2.4375,1.4375,28.6875,-26.5,750.0,5.0,390.0,200.0,0.0,0.0,254.0,20.0,0.0,8.0,0.0,1.0,0.0,0.0,8.0,0.0,5.0,1.0,4.0,0.0,30.0,4687.0,100.0,0.0,0.0,0.0,0.0,26.0,0.0,0.0,4.0,5000.0,4990.0,4990.0,1.0,1.0,0.0,22.0,1281.0,0.0,255.0,836.0,353.0,0.0,0.0,1245716.0,3.008,3.0,50.0
1788624208839,2026-09-05T20:03:28.839,0.0,4.0,0.0,1.0,750.0,14.200000000000001,82.0,2.59,2.59,2.59,2.59,0.0,1.0,78.0,0.0,0.0,68.0,84.5,93.5,-0.01830742000000002,-0.01830742000000002,8.0,0.999,18.0,15.0,15.0,-18.0,-2.0,-2.0,-2.0,-2.0,0.0,0.0,0.0,0.0,48.0,21.0,21.0,8.700000000000001,336.0,336.0,2.0,2.0,600.0,4380.0,0.0,0.0,0.0,1.0,19483.0,8.4,0.0,0.0,-26.8125,0.4375,0.125,29.0,-26.8125,750.0,5.0,390.0,200.0,0.0,0.0,254.0,20.0,0.0,8.0,0.0,1.0,0.0,0.0,8.0,0.0,5.0,1.0,4.0,0.0,31.0,4687.0,100.0,0.0,0.0,0.0,0.0,26.0,0.0,0.0,4.0,5000.0,4990.0,4990.0,1.0,1.0,0.0,22.0,1352.0,0.0,255.0,836.0,358.0,0.0,0.0,1245716.0,3.008,3.0,50.0
1788624209627,2026-09-05T20:03:29.627,0.0,4.0,0.0,1.0,758.0,14.100000000000001,82.0,2.6,2.6,2.6,2.6,0.0,1.0,83.0,0.0,0.0,73.0,84.0,93.5,-0.010524820000000018,-0.010524820000000018,9.0,0.999,18.0,15.0,15.0,-19.0,1.0,1.0,1.0,1.0,0.0,0.0,0.0,0.0,48.0,21.0,21.0,8.700000000000001,336.0,336.0,2.0,2.0,600.0,4390.0,0.0,0.0,0.0,1.0,19483.0,8.5,1.0,0.0,-26.6875,2.75,1.0625,28.875,-26.6875,750.0,5.0,390.0,200.0,0.0,0.0,254.0,20.0,0.0,8.0,0.0,1.0,0.0,0.0,8.0,0.0,5.0,1.0,4.0,0.0,32.0,4687.0,100.0,0.0,0.0,0.0,0.0,26.0,0.0,0.0,4.0,5000.0,4990.0,4980.0,1.0,1.0,0.0,22.0,1368.0,0.0,255.0,836.0,353.0,0.0,0.0,1245716.0,3.008,3.0,50.0
1788624210484,2026-09-05T20:03:30.484,0.0,4.0,0.0,1.0,753.0,14.200000000000001,82.0,2.64,2.64,2.64,2.64,0.0,1.0,92.0,0.0,0.0,73.0,84.5,93.5,0.01758409999999999,0.01758409999999999,10.0,0.999,19.0,15.0,15.0,-18.0,1.0,1.0,1.0,1.0,0.0,0.0,0.0,0.0,48.0,21.0,21.0,8.700000000000001,336.0,336.0,2.0,2.0,600.0,4380.0,0.0,0.0,0.0,1.0,19483.0,8.5,1.0,0.0,-26.8125,1.0625,-0.3125,29.0,-26.8125,750.0,4.0,390.0,200.0,0.0,0.0,254.0,20.0,0.0,8.0,0.0,1.0,0.0,0.0,8.0,0.0,5.0,1.0,4.0,0.0,31.0,4687.0,100.0,0.0,0.0,0.0,0.0,26.0,0.0,0.0,4.0,5000.0,4990.0,4980.0,1.0,1.0,0.0,22.0,1360.0,0.0,255.0,836.0,357.0,0.0,0.0,1245716.0,3.008,3.0,50.0
1788624211528,2026-09-05T20:03:31.528,0.0,4.0,0.0,1.0,753.0,14.100000000000001,82.0,2.54,2.54,2.54,2.54,1.0,1.0,732.0,1.0,0.0,512.0,85.5,94.5,-7.35530000000012E-4,-7.35530000000012E-4,11.0,0.999,19.0,16.0,16.0,-17.0,-2.0,-2.0,-2.0,-2.0,0.0,0.0,0.0,0.0,48.0,21.0,21.0,8.5,336.0,336.0,2.0,2.0,600.0,4390.0,0.0,0.0,0.0,1.0,19483.0,8.3,0.0,0.0,-26.8125,1.625,1.25,29.0,-26.8125,750.0,4.0,390.0,200.0,0.0,0.0,254.0,20.0,0.0,8.0,0.0,0.0,0.0,0.0,8.0,0.0,5.0,1.0,4.0,0.0,32.0,4687.0,100.0,0.0,0.0,0.0,0.0,26.0,0.0,0.0,4.0,5000.0,4990.0,4990.0,1.0,1.0,0.0,22.0,1657.0,0.0,255.0,836.0,355.0,0.0,0.0,1245716.0,3.008,3.0,50.0
1788624212345,2026-09-05T20:03:32.345,0.0,4.0,0.0,1.0,758.0,14.100000000000001,82.0,2.57,2.57,2.57,2.57,0.0,1.0,78.0,0.0,0.0,68.0,84.5,93.5,0.01667613000000001,0.01667613000000001,12.0,0.999,19.0,15.0,15.0,-18.0,-3.0,-3.0,-3.0,-3.0,0.0,0.0,0.0,0.0,48.0,25.0,21.0,8.8,399.0,336.0,3.0,2.0,620.0,4370.0,0.0,0.0,0.0,1.0,19483.0,10.200000000000001,1.0,0.0,17.1875,7.25,7.3125,28.375,17.1875,750.0,5.0,830.0,390.0,12.5,11.3,254.0,20.0,0.0,8.0,0.0,0.0,1.0,0.0,8.0,0.0,5.0,2.0,4.0,100.0,31.0,4687.0,100.0,0.0,0.0,0.0,0.0,26.0,0.0,0.0,4.0,5000.0,4990.0,4980.0,1.0,1.0,0.0,22.0,1403.0,0.0,255.0,836.0,350.0,0.0,0.0,1245716.0,3.008,3.0,50.0
1788624213117,2026-09-05T20:03:33.117,0.0,4.0,0.0,1.0,829.0,14.100000000000001,82.0,5.08,5.08,5.08,5.08,0.0,1.0,83.0,0.0,0.0,73.0,86.5,95.5,0.039848439999999985,0.039848439999999985,12.0,0.999,46.0,12.0,7.0,-36.0,-2.0,-2.0,-2.0,-2.0,0.0,0.0,0.0,0.0,49.0,56.0,52.0,27.5,819.0,756.0,14.0,14.0,1100.0,3870.0,10.0,3.0,60.0,1.0,19483.0,28.8,0.0,0.0,78.875,62.5625,62.375,26.9375,78.875,750.0,7.0,1270.0,620.0,26.200000000000003,25.0,254.0,20.0,0.0,8.0,0.0,0.0,1.0,0.0,8.0,0.0,5.0,2.0,4.0,100.0,32.0,4687.0,100.0,0.0,0.0,0.0,0.0,26.0,0.0,0.0,4.0,5000.0,4990.0,4990.0,1.0,1.0,0.0,22.0,2760.0,0.0,255.0,836.0,350.0,0.0,0.0,1245716.0,3.008,3.0,50.0
1788624213899,2026-09-05T20:03:33.899,0.0,4.0,0.0,1.0,1794.0,14.200000000000001,82.0,7.41,7.41,7.41,7.41,1.0,1.0,751.0,1.0,0.0,717.0,84.0,93.5,0.00813052999999997,0.00813052999999997,12.0,0.999,99.0,21.0,21.0,-36.0,1.0,1.0,1.0,1.0,0.0,0.0,0.0,0.0,48.0,13.0,30.0,32.0,210.0,441.0,4.0,5.0,710.0,4260.0,0.0,0.0,0.0,1.0,19483.0,14.5,1.0,0.0,-12.6875,9.8125,8.5625,25.6875,-24.3125,750.0,10.0,390.0,200.0,0.0,0.0,254.0,20.0,0.0,8.0,0.0,0.0,1.0,0.0,8.0,0.0,5.0,2.0,4.0,100.0,31.0,4687.0,100.0,0.0,0.0,0.0,0.0,26.0,0.0,0.0,4.0,5000.0,4990.0,4970.0,1.0,1.0,0.0,22.0,2401.0,0.0,255.0,836.0,328.0,0.0,0.0,1245716.0,3.008,3.0,50.0
1788624214687,2026-09-05T20:03:34.687,0.0,4.0,0.0,1.0,2122.0,14.100000000000001,82.0,1.59,1.59,1.59,1.59,0.0,1.0,34.0,0.0,0.0,29.0,79.0,93.5,0.04455615000000002,0.04455615000000002,12.0,0.999,37.0,39.0,39.0,-21.0,19.0,19.0,19.0,19.0,0.0,0.0,0.0,0.0,48.0,13.0,15.0,15.9,210.0,231.0,4.0,4.0,670.0,4310.0,0.0,0.0,0.0,1.0,19483.0,13.5,0.0,0.0,-21.25,-9.9375,-7.8125,23.25,-21.25,750.0,10.0,390.0,200.0,0.0,0.0,254.0,20.0,0.0,8.0,0.0,1.0,0.0,0.0,8.0,0.0,5.0,0.0,4.0,0.0,32.0,4687.0,100.0,0.0,0.0,0.0,0.0,26.0,0.0,0.0,4.0,5000.0,4990.0,4990.0,1.0,1.0,0.0,22.0,2619.0,0.0,255.0,836.0,296.0,0.0,0.0,1245716.0,3.008,3.0,50.0
1788624215529,2026-09-05T20:03:35.529,0.0,4.0,0.0,1.0,1354.0,14.100000000000001,82.0,0.0,0.0,0.0,0.0,0.0,0.0,14.0,0.0,0.0,24.0,78.5,94.0,1.9839999999993196E-5,1.9839999999993196E-5,11.0,0.999,0.0,39.0,39.0,-11.0,-11.0,-11.0,-11.0,-11.0,0.0,0.0,0.0,0.0,48.0,12.0,14.0,8.200000000000001,189.0,231.0,1.0,2.0,590.0,4410.0,0.0,0.0,0.0,1.0,19483.0,7.0,0.0,0.0,-25.3125,-12.75,-13.625,27.5,-25.3125,750.0,8.0,390.0,200.0,0.0,0.0,254.0,20.0,0.0,8.0,0.0,1.0,0.0,0.0,8.0,0.0,5.0,1.0,4.0,0.0,30.0,4687.0,100.0,0.0,0.0,0.0,0.0,26.0,0.0,0.0,4.0,5000.0,4990.0,4980.0,1.0,1.0,0.0,22.0,1908.0,0.0,255.0,836.0,253.0,0.0,0.0,1245716.0,3.008,3.0,50.0
1788624216395,2026-09-05T20:03:36.395,0.0,4.0,0.0,1.0,861.0,14.100000000000001,82.0,2.02,2.02,2.02,2.02,1.0,0.0,556.0,0.0,0.0,24.0,78.5,94.0,1.9839999999993196E-5,1.9839999999993196E-5,11.0,1.085,0.0,26.0,26.0,0.0,25.0,25.0,25.0,25.0,0.0,0.0,0.0,0.0,48.0,20.0,16.0,7.5,315.0,273.0,2.0,2.0,610.0,4370.0,0.0,0.0,0.0,1.0,19483.0,8.8,1.0,0.0,-26.75,-1.5,-2.0,28.9375,-26.75,750.0,3.0,390.0,200.0,0.0,0.0,254.0,20.0,0.0,8.0,0.0,1.0,0.0,0.0,8.0,0.0,5.0,1.0,4.0,0.0,28.0,4687.0,100.0,0.0,0.0,0.0,0.0,26.0,0.0,0.0,4.0,5000.0,4990.0,4980.0,1.0,1.0,0.0,22.0,1378.0,0.0,255.0,836.0,291.0,0.0,0.0,1245716.0,3.008,3.0,50.0
1788624217220,2026-09-05T20:03:37.220,0.0,4.0,0.0,1.0,772.0,14.100000000000001,82.0,2.5,2.5,2.5,2.5,1.0,1.0,786.0,1.0,0.0,800.0,79.0,93.5,-0.0038714599999999932,-0.0038714599999999932,11.0,0.999,3.0,18.0,18.0,-10.0,3.0,3.0,3.0,3.0,0.0,0.0,0.0,0.0,48.0,20.0,19.0,8.1,315.0,315.0,2.0,2.0,600.0,4380.0,0.0,0.0,0.0,1.0,19483.0,8.3,0.0,0.0,-26.9375,-0.0625,-0.1875,29.125,-26.9375,750.0,3.0,390.0,200.0,0.0,0.0,254.0,20.0,0.0,8.0,0.0,1.0,0.0,0.0,8.0,0.0,5.0,1.0,4.0,0.0,28.0,4687.0,100.0,0.0,0.0,0.0,0.0,26.0,0.0,0.0,4.0,5000.0,4990.0,4970.0,1.0,1.0,0.0,22.0,1963.0,0.0,255.0,836.0,297.0,0.0,0.0,1245716.0,3.008,3.0,50.0
1788624218034,2026-09-05T20:03:38.034,0.0,4.0,0.0,1.0,750.0,14.100000000000001,82.0,2.64,2.64,2.64,2.64,0.0,1.0,87.0,0.0,0.0,83.0,79.0,93.5,0.011594549999999981,0.011594549999999981,11.0,0.999,4.0,16.0,16.0,-12.0,0.0,0.0,0.0,0.0,0.0,0.0,0.0,0.0,48.0,21.0,20.0,8.200000000000001,336.0,315.0,2.0,2.0,600.0,4380.0,0.0,0.0,0.0,1.0,19483.0,8.4,1.0,0.0,-27.125,-0.4375,-0.875,29.3125,-27.125,750.0,2.0,390.0,200.0,0.0,0.0,254.0,20.0,0.0,8.0,0.0,1.0,0.0,0.0,8.0,0.0,5.0,1.0,4.0,0.0,28.0,4687.0,100.0,0.0,0.0,0.0,0.0,26.0,0.0,0.0,4.0,5000.0,4990.0,4970.0,1.0,1.0,0.0,22.0,1536.0,0.0,255.0,836.0,301.0,0.0,0.0,1245716.0,3.008,3.0,50.0
1788624218702,2026-09-05T20:03:38.702,0.0,4.0,0.0,1.0,748.0,14.100000000000001,82.0,2.59,2.59,2.59,2.59,1.0,1.0,722.0,0.0,0.0,302.0,79.5,93.5,-0.00192581,-0.00192581,11.0,0.999,6.0,16.0,16.0,-14.0,2.0,2.0,2.0,2.0,0.0,0.0,0.0,0.0,48.0,21.0,20.0,8.200000000000001,336.0,315.0,2.0,2.0,600.0,4380.0,0.0,0.0,0.0,1.0,19483.0,8.4,0.0,0.0,-27.0,1.8125,-0.0625,29.1875,-27.0,750.0,0.0,390.0,200.0,0.0,0.0,254.0,20.0,0.0,8.0,0.0,1.0,0.0,0.0,8.0,0.0,5.0,1.0,4.0,0.0,30.0,4687.0,100.0,0.0,0.0,0.0,0.0,26.0,0.0,0.0,4.0,5000.0,4990.0,4980.0,1.0,1.0,0.0,22.0,1636.0,0.0,255.0,836.0,315.0,0.0,0.0,1245716.0,3.008,3.0,50.0
1788624219608,2026-09-05T20:03:39.608,0.0,4.0,0.0,1.0,749.0,14.100000000000001,82.0,2.58,2.58,2.58,2.58,0.0,1.0,419.0,1.0,0.0,698.0,80.0,93.5,-0.009319280000000013,-0.009319280000000013,11.0,0.999,7.0,16.0,16.0,-14.0,-1.0,-1.0,-1.0,-1.0,0.0,0.0,0.0,0.0,48.0,21.0,20.0,8.200000000000001,336.0,336.0,2.0,2.0,600.0,4390.0,0.0,0.0,0.0,1.0,19483.0,8.4,0.0,0.0,-27.0625,-0.3125,-0.8125,29.1875,-27.0625,750.0,0.0,390.0,200.0,0.0,0.0,254.0,20.0,0.0,8.0,0.0,1.0,0.0,0.0,8.0,0.0,5.0,1.0,4.0,0.0,27.0,4687.0,100.0,0.0,0.0,0.0,0.0,26.0,0.0,0.0,4.0,5000.0,4990.0,4990.0,1.0,1.0,0.0,22.0,1547.0,0.0,255.0,836.0,318.0,0.0,0.0,1245716.0,3.008,3.0,50.0
1788624220268,2026-09-05T20:03:40.268,0.0,4.0,0.0,1.0,751.0,14.100000000000001,82.0,2.59,2.59,2.59,2.59,1.0,1.0,688.0,0.0,0.0,190.0,80.0,93.5,-0.0038714599999999932,-0.0038714599999999932,11.0,0.999,8.0,16.0,16.0,-14.0,1.0,1.0,1.0,1.0,0.0,0.0,0.0,0.0,48.0,20.0,20.0,8.200000000000001,336.0,336.0,2.0,2.0,600.0,4380.0,0.0,0.0,0.0,1.0,19483.0,8.200000000000001,1.0,0.0,-27.0625,-0.25,-0.1875,29.1875,-27.0625,750.0,0.0,390.0,200.0,0.0,0.0,254.0,20.0,0.0,8.0,0.0,1.0,0.0,0.0,8.0,0.0,5.0,1.0,4.0,0.0,29.0,4687.0,100.0,0.0,0.0,0.0,0.0,26.0,0.0,0.0,4.0,5000.0,4990.0,4990.0,1.0,1.0,0.0,22.0,1474.0,0.0,255.0,836.0,318.0,0.0,0.0,1245716.0,3.008,3.0,50.0
1788624220840,2026-09-05T20:03:40.840,0.0,4.0,0.0,1.0,745.0,14.100000000000001,82.0,2.58,2.58,2.58,2.58,1.0,1.0,712.0,1.0,0.0,727.0,80.0,94.0,-0.010486670000000003,-0.010486670000000003,11.0,0.999,8.0,16.0,16.0,-15.0,-2.0,-2.0,-2.0,-2.0,0.0,0.0,0.0,0.0,48.0,21.0,20.0,8.3,336.0,336.0,2.0,2.0,600.0,4370.0,0.0,0.0,0.0,1.0,19483.0,8.4,0.0,0.0,-27.0,0.5,-0.125,29.125,-27.0,750.0,0.0,390.0,200.0,0.0,0.0,254.0,20.0,0.0,8.0,0.0,1.0,0.0,0.0,8.0,0.0,5.0,1.0,4.0,0.0,29.0,4687.0,100.0,0.0,0.0,0.0,0.0,26.0,0.0,0.0,4.0,5000.0,4990.0,4990.0,1.0,1.0,0.0,22.0,1389.0,0.0,255.0,836.0,317.0,0.0,0.0,1245716.0,3.008,3.0,50.0
1788624221413,2026-09-05T20:03:41.413,0.0,4.0,0.0,1.0,741.0,14.0,82.0,2.57,2.57,2.57,2.57,1.0,1.0,424.0,1.0,0.0,673.0,81.0,94.5,-0.015934489999999996,-0.015934489999999996,11.0,0.999,9.0,16.0,16.0,-15.0,0.0,0.0,0.0,0.0,0.0,0.0,0.0,0.0,48.0,21.0,20.0,8.3,336.0,336.0,2.0,2.0,600.0,4380.0,0.0,0.0,0.0,1.0,19483.0,8.5,0.0,0.0,-27.0,-0.9375,0.5625,29.125,-27.0,750.0,0.0,390.0,200.0,0.0,0.0,254.0,20.0,0.0,8.0,0.0,1.0,0.0,0.0,8.0,0.0,5.0,1.0,4.0,0.0,30.0,4687.0,100.0,0.0,0.0,0.0,0.0,26.0,0.0,0.0,4.0,5000.0,4990.0,4980.0,1.0,1.0,0.0,22.0,1694.0,0.0,255.0,836.0,317.0,0.0,0.0,1245716.0,3.008,3.0,50.0
1788624221868,2026-09-05T20:03:41.868,0.0,4.0,0.0,1.0,754.0,14.100000000000001,82.0,2.6,2.6,2.6,2.6,0.0,1.0,107.0,0.0,0.0,83.0,80.5,94.0,0.006146729999999989,0.006146729999999989,11.0,0.999,9.0,16.0,16.0,-15.0,-1.0,-1.0,-1.0,-1.0,0.0,0.0,0.0,0.0,48.0,20.0,20.0,8.4,315.0,336.0,2.0,2.0,600.0,4380.0,0.0,0.0,0.0,1.0,19483.0,8.200000000000001,1.0,0.0,-26.875,0.9375,-0.5,29.0,-26.875,750.0,0.0,390.0,200.0,0.0,0.0,254.0,20.0,0.0,8.0,0.0,1.0,0.0,0.0,8.0,0.0,5.0,1.0,4.0,0.0,31.0,4687.0,100.0,0.0,0.0,0.0,0.0,26.0,0.0,0.0,4.0,5000.0,4990.0,4990.0,1.0,1.0,0.0,22.0,1675.0,0.0,255.0,836.0,317.0,0.0,0.0,1245716.0,3.008,3.0,50.0
1788624222323,2026-09-05T20:03:42.323,0.0,4.0,0.0,1.0,749.0,14.100000000000001,82.0,2.58,2.58,2.58,2.58,1.0,1.0,590.0,0.0,0.0,136.0,80.5,94.0,-0.006595370000000017,-0.006595370000000017,11.0,0.999,10.0,16.0,16.0,-15.0,-1.0,-1.0,-1.0,-1.0,0.0,0.0,0.0,0.0,48.0,21.0,20.0,8.4,336.0,336.0,2.0,2.0,600.0,4380.0,0.0,0.0,0.0,1.0,19483.0,8.4,1.0,0.0,-27.0625,1.125,-0.0625,29.125,-27.0625,750.0,0.0,390.0,200.0,0.0,0.0,254.0,20.0,0.0,8.0,0.0,1.0,0.0,0.0,8.0,0.0,5.0,1.0,4.0,0.0,30.0,4687.0,100.0,0.0,0.0,0.0,0.0,26.0,0.0,0.0,4.0,5000.0,4990.0,4990.0,1.0,1.0,0.0,22.0,1821.0,0.0,255.0,836.0,316.0,0.0,0.0,1245716.0,3.008,3.0,50.0
1788624222843,2026-09-05T20:03:42.843,0.0,4.0,0.0,1.0,747.0,14.100000000000001,82.0,2.62,2.62,2.62,2.62,0.0,1.0,312.0,1.0,0.0,571.0,81.0,94.5,0.0065358600000000044,0.0065358600000000044,11.0,0.999,10.0,16.0,16.0,-15.0,-2.0,-2.0,-2.0,-2.0,0.0,0.0,0.0,0.0,48.0,20.0,20.0,8.4,315.0,336.0,2.0,2.0,600.0,4390.0,0.0,0.0,0.0,1.0,19483.0,8.200000000000001,0.0,0.0,-27.125,-0.125,0.5625,29.1875,-27.125,750.0,0.0,390.0,200.0,0.0,0.0,254.0,20.0,0.0,8.0,0.0,0.0,1.0,0.0,8.0,0.0,5.0,1.0,4.0,100.0,30.0,4687.0,100.0,0.0,0.0,0.0,0.0,26.0,0.0,0.0,4.0,5000.0,4990.0,4980.0,1.0,1.0,0.0,22.0,1456.0,0.0,255.0,836.0,333.0,0.0,0.0,1245716.0,3.008,3.0,50.0
1788624223327,2026-09-05T20:03:43.327,0.0,4.0,0.0,1.0,758.0,14.200000000000001,82.0,2.61,2.61,2.61,2.61,0.0,1.0,112.0,0.0,0.0,97.0,80.5,93.0,0.011594549999999981,0.011594549999999981,11.0,0.999,10.0,16.0,16.0,-15.0,-4.0,-4.0,-4.0,-4.0,0.0,0.0,0.0,0.0,48.0,21.0,20.0,8.4,336.0,336.0,2.0,2.0,600.0,4380.0,0.0,0.0,0.0,1.0,19483.0,8.6,0.0,0.0,-26.625,-1.1875,-1.5,28.6875,-26.625,750.0,0.0,390.0,200.0,0.0,0.0,254.0,20.0,0.0,8.0,0.0,0.0,1.0,0.0,8.0,0.0,5.0,1.0,4.0,100.0,30.0,4687.0,100.0,0.0,0.0,0.0,0.0,26.0,0.0,0.0,4.0,5000.0,4990.0,4980.0,1.0,1.0,0.0,22.0,1312.0,0.0,255.0,836.0,358.0,0.0,0.0,1245716.0,3.008,3.0,50.0
1788624223806,2026-09-05T20:03:43.806,0.0,4.0,0.0,1.0,747.0,14.0,82.0,2.72,2.72,2.72,2.72,1.0,1.0,683.0,0.0,0.0,131.0,82.5,95.5,-0.00192581,-0.00192581,11.0,0.999,11.0,15.0,15.0,-19.0,-3.0,-3.0,-3.0,-3.0,0.0,0.0,0.0,0.0,48.0,23.0,22.0,8.8,357.0,357.0,2.0,2.0,610.0,4380.0,0.0,0.0,0.0,1.0,19483.0,9.200000000000001,1.0,0.0,-26.625,1.6875,0.25,28.6875,-26.625,750.0,0.0,390.0,200.0,0.0,0.0,254.0,20.0,0.0,8.0,0.0,1.0,1.0,0.0,8.0,0.0,5.0,1.0,4.0,100.0,30.0,4687.0,100.0,0.0,0.0,0.0,0.0,26.0,0.0,0.0,4.0,5000.0,4990.0,4980.0,1.0,1.0,0.0,22.0,1398.0,0.0,255.0,836.0,363.0,0.0,0.0,1245716.0,3.008,3.0,50.0
1788624224247,2026-09-05T20:03:44.247,0.0,4.0,0.0,1.0,748.0,14.0,82.0,2.7800000000000002,2.7800000000000002,2.7800000000000002,2.7800000000000002,1.0,1.0,688.0,1.0,0.0,693.0,82.0,95.0,-0.006595370000000017,-0.006595370000000017,11.0,0.999,11.0,15.0,15.0,-22.0,-4.0,-4.0,-4.0,-4.0,0.0,0.0,0.0,0.0,48.0,23.0,23.0,9.3,378.0,357.0,2.0,2.0,620.0,4370.0,0.0,0.0,0.0,1.0,19483.0,9.5,1.0,0.0,-26.6875,1.125,1.0625,28.75,-26.6875,750.0,0.0,390.0,200.0,0.0,0.0,254.0,20.0,0.0,8.0,0.0,1.0,1.0,0.0,8.0,0.0,5.0,1.0,4.0,100.0,30.0,4687.0,100.0,0.0,0.0,0.0,0.0,26.0,0.0,0.0,4.0,5000.0,4990.0,4980.0,1.0,1.0,0.0,22.0,1507.0,0.0,255.0,836.0,361.0,0.0,0.0,1245716.0,3.008,3.0,50.0
1788624224867,2026-09-05T20:03:44.867,0.0,4.0,0.0,1.0,749.0,14.100000000000001,83.0,2.95,2.95,2.95,2.95,0.0,1.0,97.0,0.0,0.0,234.0,81.5,94.5,0.008870639999999985,0.008870639999999985,11.0,0.999,12.0,13.0,13.0,-25.0,-7.0,-7.0,-7.0,-7.0,0.0,0.0,0.0,0.0,48.0,23.0,23.0,9.4,378.0,378.0,2.0,2.0,620.0,4370.0,0.0,0.0,0.0,1.0,19483.0,9.4,0.0,0.0,-26.75,0.75,1.5625,28.8125,-26.75,750.0,0.0,390.0,200.0,0.0,0.0,254.0,20.0,0.0,8.0,0.0,1.0,1.0,0.0,8.0,0.0,5.0,1.0,4.0,100.0,29.0,4687.0,100.0,0.0,0.0,0.0,0.0,26.0,0.0,0.0,4.0,5000.0,4990.0,4980.0,1.0,1.0,0.0,22.0,1321.0,0.0,255.0,836.0,362.0,0.0,0.0,1245716.0,3.008,3.0,50.0
1788624225350,2026-09-05T20:03:45.350,0.0,4.0,0.0,1.0,753.0,14.0,82.0,2.98,2.98,2.98,2.98,0.0,1.0,292.0,0.0,0.0,92.0,81.5,94.5,0.014318459999999977,0.014318459999999977,11.0,0.999,12.0,14.0,14.0,-26.0,-6.0,-6.0,-6.0,-6.0,0.0,0.0,0.0,0.0,48.0,23.0,23.0,9.3,357.0,357.0,2.0,2.0,610.0,4380.0,0.0,0.0,0.0,1.0,19483.0,9.3,0.0,0.0,-26.75,-0.8125,-0.6875,28.8125,-26.75,750.0,0.0,390.0,200.0,0.0,0.0,254.0,20.0,0.0,8.0,0.0,0.0,1.0,0.0,8.0,0.0,5.0,1.0,4.0,100.0,29.0,4687.0,100.0,0.0,0.0,0.0,0.0,26.0,0.0,0.0,4.0,5000.0,4990.0,4990.0,1.0,1.0,0.0,22.0,1950.0,0.0,255.0,836.0,374.0,0.0,0.0,1245716.0,3.008,3.0,50.0
1788624225870,2026-09-05T20:03:45.870,0.0,4.0,0.0,1.0,751.0,14.100000000000001,83.0,2.88,2.88,2.88,2.88,1.0,1.0,688.0,1.0,0.0,615.0,81.5,94.0,-0.005427979999999999,-0.005427979999999999,11.0,0.999,13.0,14.0,14.0,-25.0,12.0,12.0,12.0,12.0,0.0,0.0,0.0,0.0,48.0,48.0,28.0,14.3,714.0,441.0,8.0,8.0,840.0,4130.0,0.0,0.0,0.0,1.0,19483.0,19.8,1.0,0.0,49.9375,35.75,35.6875,27.125,49.9375,750.0,0.0,620.0,290.0,6.9,5.7,254.0,20.0,0.0,8.0,0.0,0.0,1.0,0.0,8.0,0.0,5.0,2.0,4.0,100.0,30.0,4687.0,100.0,0.0,0.0,0.0,0.0,26.0,0.0,0.0,4.0,5000.0,4990.0,4980.0,1.0,1.0,0.0,22.0,3546.0,0.0,255.0,836.0,373.0,0.0,0.0,1245716.0,3.008,3.0,50.0
1788624226364,2026-09-05T20:03:46.364,0.0,4.0,0.0,1.0,1625.0,14.200000000000001,83.0,3.9,3.9,3.9,3.9,1.0,1.0,810.0,1.0,0.0,791.0,81.5,93.5,-0.024159630000000015,-0.024159630000000015,11.0,0.999,20.0,23.0,23.0,-36.0,12.0,12.0,12.0,12.0,0.0,0.0,0.0,0.0,48.0,13.0,22.0,21.200000000000003,210.0,336.0,4.0,3.0,660.0,4310.0,0.0,0.0,0.0,1.0,19483.0,13.200000000000001,1.0,0.0,-7.8125,6.125,5.8125,28.5,-7.8125,750.0,0.0,650.0,310.0,7.9,6.6000000000000005,254.0,20.0,0.0,8.0,0.0,0.0,1.0,0.0,8.0,0.0,5.0,2.0,4.0,100.0,30.0,4687.0,100.0,0.0,0.0,0.0,0.0,26.0,0.0,0.0,4.0,5000.0,4990.0,4980.0,1.0,1.0,0.0,22.0,2336.0,0.0,255.0,836.0,346.0,0.0,0.0,1245716.0,3.008,3.0,50.0
1788624226864,2026-09-05T20:03:46.864,0.0,4.0,0.0,1.0,1638.0,13.9,83.0,2.0100000000000002,2.0100000000000002,2.0100000000000002,2.0100000000000002,0.0,1.0,29.0,0.0,0.0,29.0,81.0,93.5,6.561999999998847E-5,6.561999999998847E-5,11.0,0.999,17.0,31.0,31.0,-24.0,-24.0,-24.0,-24.0,-24.0,0.0,0.0,0.0,0.0,48.0,13.0,17.0,12.5,210.0,252.0,3.0,3.0,630.0,4350.0,0.0,0.0,0.0,1.0,19483.0,10.0,0.0,0.0,-26.625,-19.8125,-22.9375,28.6875,-26.625,750.0,0.0,390.0,200.0,0.0,0.0,254.0,20.0,0.0,8.0,0.0,0.0,1.0,0.0,8.0,0.0,5.0,1.0,4.0,100.0,30.0,4687.0,100.0,0.0,0.0,0.0,0.0,26.0,0.0,0.0,4.0,5000.0,4990.0,4980.0,1.0,1.0,0.0,22.0,2809.0,0.0,255.0,836.0,308.0,0.0,0.0,1245716.0,3.008,3.0,50.0
1788624227392,2026-09-05T20:03:47.392,0.0,4.0,0.0,1.0,1052.0,14.100000000000001,83.0,1.79,1.79,1.79,1.79,0.0,1.0,34.0,0.0,0.0,24.0,80.5,93.5,0.014509209999999995,0.014509209999999995,11.0,0.999,12.0,30.0,30.0,0.0,6.0,6.0,6.0,6.0,0.0,0.0,0.0,0.0,48.0,17.0,16.0,8.6,273.0,252.0,2.0,2.0,610.0,4380.0,0.0,0.0,0.0,1.0,19483.0,8.700000000000001,0.0,0.0,-27.5,-6.3125,-8.375,29.5625,-27.5,750.0,0.0,390.0,200.0,0.0,0.0,254.0,20.0,0.0,8.0,0.0,0.0,1.0,0.0,8.0,0.0,5.0,1.0,4.0,100.0,30.0,4687.0,100.0,0.0,0.0,0.0,0.0,26.0,0.0,0.0,4.0,5000.0,4990.0,4990.0,1.0,1.0,0.0,22.0,1611.0,0.0,255.0,836.0,290.0,0.0,0.0,1245716.0,3.008,3.0,50.0
1788624227869,2026-09-05T20:03:47.869,0.0,4.0,0.0,1.0,862.0,14.100000000000001,83.0,2.34,2.34,2.34,2.34,0.0,1.0,53.0,0.0,0.0,39.0,80.5,93.5,0.020735290000000017,0.020735290000000017,11.0,0.999,14.0,19.0,19.0,-8.0,3.0,3.0,3.0,3.0,0.0,0.0,0.0,0.0,48.0,20.0,19.0,8.5,315.0,294.0,2.0,2.0,610.0,4370.0,0.0,0.0,0.0,1.0,19483.0,9.1,1.0,0.0,-26.8125,-1.4375,-2.0,28.875,-26.8125,750.0,1.0,390.0,200.0,0.0,0.0,254.0,20.0,0.0,8.0,0.0,0.0,1.0,0.0,8.0,0.0,5.0,1.0,4.0,100.0,30.0,4687.0,100.0,0.0,0.0,0.0,0.0,26.0,0.0,0.0,4.0,5000.0,4990.0,4980.0,1.0,1.0,0.0,22.0,1310.0,0.0,255.0,836.0,293.0,0.0,0.0,1245716.0,3.008,3.0,50.0
1788624228361,2026-09-05T20:03:48.361,0.0,4.0,0.0,1.0,795.0,14.100000000000001,83.0,2.66,2.66,2.66,2.66,0.0,1.0,78.0,0.0,0.0,53.0,80.5,93.5,0.025793979999999994,0.025793979999999994,11.0,0.999,15.0,16.0,16.0,-14.0,-3.0,-3.0,-3.0,-3.0,0.0,0.0,0.0,0.0,48.0,22.0,21.0,8.8,336.0,336.0,2.0,2.0,610.0,4370.0,0.0,0.0,0.0,1.0,19483.0,9.1,1.0,0.0,-26.375,0.125,-0.5625,28.4375,-26.375,750.0,1.0,390.0,200.0,0.0,0.0,254.0,20.0,0.0,8.0,0.0,1.0,1.0,0.0,8.0,0.0,5.0,1.0,4.0,100.0,30.0,4687.0,100.0,0.0,0.0,0.0,0.0,26.0,0.0,0.0,4.0,5000.0,4990.0,4980.0,1.0,1.0,0.0,22.0,1250.0,0.0,255.0,836.0,320.0,0.0,0.0,1245716.0,3.008,3.0,50.0
1788624228823,2026-09-05T20:03:48.823,0.0,4.0,0.0,1.0,767.0,14.100000000000001,83.0,2.81,2.81,2.81,2.81,0.0,1.0,146.0,0.0,0.0,87.0,80.5,94.0,0.03085266999999997,0.03085266999999997,11.0,0.999,15.0,15.0,15.0,-19.0,-5.0,-5.0,-5.0,-5.0,0.0,0.0,0.0,0.0,48.0,23.0,22.0,9.1,357.0,336.0,2.0,2.0,610.0,4370.0,0.0,0.0,0.0,1.0,19483.0,9.3,0.0,0.0,-26.625,0.75,0.1875,28.6875,-26.625,750.0,1.0,390.0,200.0,0.0,0.0,254.0,20.0,0.0,8.0,0.0,1.0,1.0,0.0,8.0,0.0,5.0,1.0,4.0,100.0,30.0,4687.0,100.0,0.0,0.0,0.0,0.0,26.0,0.0,0.0,4.0,5000.0,4990.0,4970.0,1.0,1.0,0.0,22.0,1274.0,0.0,255.0,836.0,336.0,0.0,0.0,1245716.0,3.008,3.0,50.0
1788624229390,2026-09-05T20:03:49.390,0.0,4.0,0.0,1.0,761.0,13.9,83.0,2.88,2.88,2.88,2.88,1.0,1.0,771.0,1.0,0.0,693.0,82.5,96.5,0.01266275,0.01266275,11.0,0.999,16.0,14.0,14.0,-22.0,-6.0,-6.0,-6.0,-6.0,0.0,0.0,0.0,0.0,48.0,23.0,23.0,9.200000000000001,378.0,357.0,2.0,2.0,610.0,4370.0,0.0,0.0,0.0,1.0,19483.0,9.5,0.0,0.0,-26.8125,1.3125,0.875,28.875,-26.8125,750.0,1.0,390.0,200.0,0.0,0.0,254.0,20.0,0.0,8.0,0.0,1.0,1.0,0.0,8.0,0.0,5.0,1.0,4.0,100.0,30.0,4687.0,100.0,0.0,0.0,0.0,0.0,26.0,0.0,0.0,4.0,5000.0,4990.0,4990.0,1.0,1.0,0.0,22.0,1486.0,0.0,255.0,836.0,347.0,0.0,0.0,1245716.0,3.008,3.0,50.0
1788624230063,2026-09-05T20:03:50.063,0.0,4.0,0.0,1.0,753.0,14.100000000000001,83.0,2.89,2.89,2.89,2.89,1.0,1.0,776.0,1.0,0.0,771.0,81.0,93.5,0.006436669999999978,0.006436669999999978,11.0,0.999,16.0,14.0,14.0,-25.0,-6.0,-6.0,-6.0,-6.0,0.0,0.0,0.0,0.0,48.0,23.0,23.0,9.5,357.0,357.0,2.0,2.0,620.0,4370.0,0.0,0.0,0.0,1.0,19483.0,9.3,1.0,0.0,-27.0,0.875,0.5,29.0625,-27.0,750.0,1.0,390.0,200.0,0.0,0.0,254.0,20.0,0.0,8.0,0.0,1.0,0.0,0.0,8.0,0.0,5.0,1.0,4.0,0.0,30.0,4687.0,100.0,0.0,0.0,0.0,0.0,26.0,0.0,0.0,4.0,5000.0,4990.0,4990.0,1.0,1.0,0.0,22.0,1949.0,0.0,255.0,836.0,348.0,0.0,0.0,1245716.0,3.008,3.0,50.0
1788624230546,2026-09-05T20:03:50.546,0.0,4.0,0.0,1.0,756.0,14.100000000000001,83.0,2.81,2.81,2.81,2.81,1.0,1.0,766.0,1.0,0.0,781.0,0.0,0.0,5.997199999999703E-4,5.997199999999703E-4,11.0,0.999,17.0,14.0,14.0,-25.0,-6.0,-6.0,-6.0,-6.0,0.0,0.0,0.0,0.0,48.0,21.0,23.0,9.3,336.0,378.0,2.0,2.0,610.0,4370.0,0.0,0.0,0.0,1.0,19483.0,8.4,0.0,0.0,-27.0,-0.125,0.3125,29.0625,-27.0,750.0,0.0,390.0,200.0,0.0,0.0,254.0,20.0,0.0,8.0,0.0,1.0,0.0,0.0,8.0,0.0,5.0,1.0,4.0,0.0,30.0,4687.0,100.0,0.0,0.0,0.0,0.0,26.0,0.0,0.0,4.0,5000.0,4990.0,4990.0,1.0,1.0,0.0,22.0,1281.0,0.0,255.0,836.0,358.0,0.0,0.0,1245716.0,3.008,3.0,50.0
1788624231068,2026-09-05T20:03:51.068,0.0,4.0,0.0,1.0,745.0,14.0,83.0,2.64,2.64,2.64,2.64,1.0,1.0,732.0,1.0,0.0,761.0,81.5,94.5,-0.0054508699999999966,-0.0054508699999999966,11.0,0.999,16.0,15.0,15.0,-20.0,-2.0,-2.0,-2.0,-2.0,0.0,0.0,0.0,0.0,48.0,21.0,22.0,8.8,336.0,336.0,2.0,2.0,600.0,4380.0,0.0,0.0,0.0,1.0,19483.0,8.5,0.0,0.0,-27.125,1.3125,-0.0625,29.1875,-27.125,750.0,0.0,390.0,200.0,0.0,0.0,254.0,20.0,0.0,8.0,0.0,1.0,0.0,0.0,8.0,0.0,5.0,1.0,4.0,0.0,30.0,4687.0,100.0,0.0,0.0,0.0,0.0,26.0,0.0,0.0,4.1000000000000005,5000.0,4990.0,4980.0,1.0,1.0,0.0,22.0,1454.0,0.0,255.0,836.0,356.0,0.0,0.0,1245716.0,3.008,3.0,50.0
1788624231590,2026-09-05T20:03:51.590,0.0,4.0,0.0,1.0,745.0,14.100000000000001,83.0,2.5300000000000002,2.5300000000000002,2.5300000000000002,2.5300000000000002,1.0,1.0,644.0,1.0,0.0,717.0,81.0,94.0,-0.028462950000000015,-0.028462950000000015,11.0,0.999,17.0,15.0,15.0,-19.0,-4.0,-4.0,-4.0,-4.0,0.0,0.0,0.0,0.0,48.0,21.0,22.0,8.9,336.0,336.0,2.0,2.0,610.0,4370.0,0.0,0.0,0.0,1.0,19483.0,8.6,1.0,0.0,-27.25,1.4375,1.3125,29.3125,-27.25,750.0,0.0,390.0,200.0,0.0,0.0,254.0,20.0,0.0,8.0,0.0,1.0,0.0,0.0,8.0,0.0,5.0,1.0,4.0,0.0,30.0,4687.0,100.0,0.0,0.0,0.0,0.0,26.0,0.0,0.0,4.0,5000.0,4990.0,4990.0,1.0,1.0,0.0,22.0,2059.0,0.0,255.0,836.0,354.0,0.0,0.0,1245716.0,3.008,3.0,50.0
1788624232089,2026-09-05T20:03:52.089,0.0,4.0,0.0,1.0,749.0,14.0,83.0,2.67,2.67,2.67,2.67,0.0,1.0,78.0,0.0,0.0,83.0,82.0,94.5,0.020514019999999966,0.020514019999999966,11.0,0.999,17.0,15.0,15.0,-19.0,-4.0,-4.0,-4.0,-4.0,0.0,0.0,0.0,0.0,48.0,21.0,21.0,8.700000000000001,336.0,336.0,2.0,2.0,600.0,4380.0,0.0,0.0,0.0,1.0,19483.0,8.4,1.0,0.0,-27.25,-0.3125,0.125,29.3125,-27.25,750.0,0.0,390.0,200.0,0.0,0.0,254.0,20.0,0.0,8.0,0.0,1.0,0.0,0.0,8.0,0.0,5.0,1.0,4.0,0.0,30.0,4687.0,100.0,0.0,0.0,0.0,0.0,26.0,0.0,0.0,4.1000000000000005,5000.0,4990.0,4980.0,1.0,1.0,0.0,22.0,1467.0,0.0,255.0,836.0,353.0,0.0,0.0,1245716.0,3.008,3.0,50.0
1788624232639,2026-09-05T20:03:52.639,0.0,4.0,0.0,1.0,756.0,14.100000000000001,83.0,2.64,2.64,2.64,2.64,1.0,1.0,493.0,0.0,0.0,92.0,81.5,94.0,0.025183579999999983,0.025183579999999983,11.0,0.999,17.0,15.0,15.0,-18.0,-2.0,-2.0,-2.0,-2.0,0.0,0.0,0.0,0.0,48.0,21.0,21.0,8.700000000000001,336.0,336.0,2.0,2.0,600.0,4380.0,0.0,0.0,0.0,1.0,19483.0,8.6,0.0,0.0,-27.0625,0.5625,0.4375,29.125,-27.0625,750.0,0.0,390.0,200.0,0.0,0.0,254.0,20.0,0.0,8.0,0.0,1.0,0.0,0.0,8.0,0.0,5.0,1.0,4.0,0.0,30.0,4687.0,100.0,0.0,0.0,0.0,0.0,26.0,0.0,0.0,4.1000000000000005,5000.0,4990.0,4980.0,1.0,1.0,0.0,22.0,1220.0,0.0,255.0,836.0,351.0,0.0,0.0,1245716.0,3.008,3.0,50.0
1788624233087,2026-09-05T20:03:53.087,0.0,4.0,0.0,1.0,753.0,14.100000000000001,83.0,2.58,2.58,2.58,2.58,1.0,1.0,693.0,1.0,0.0,712.0,81.5,93.5,0.0031023599999999707,0.0031023599999999707,11.0,0.999,18.0,15.0,15.0,-18.0,-2.0,-2.0,-2.0,-2.0,0.0,0.0,0.0,0.0,48.0,21.0,21.0,8.700000000000001,336.0,336.0,2.0,2.0,600.0,4380.0,0.0,0.0,0.0,1.0,19483.0,8.4,0.0,0.0,-27.0625,1.25,1.375,29.125,-27.0625,750.0,0.0,390.0,200.0,0.0,0.0,254.0,20.0,0.0,8.0,0.0,1.0,0.0,0.0,8.0,0.0,5.0,1.0,4.0,0.0,30.0,4687.0,100.0,0.0,0.0,0.0,0.0,26.0,0.0,0.0,4.1000000000000005,5000.0,4990.0,4980.0,1.0,1.0,0.0,22.0,1306.0,0.0,255.0,836.0,350.0,0.0,0.0,1245716.0,3.008,3.0,50.0
1788624233658,2026-09-05T20:03:53.658,0.0,4.0,0.0,1.0,752.0,14.100000000000001,83.0,2.61,2.61,2.61,2.61,0.0,1.0,102.0,0.0,0.0,419.0,81.0,93.0,0.019346629999999976,0.019346629999999976,11.0,0.999,18.0,15.0,15.0,-18.0,-3.0,-3.0,-3.0,-3.0,0.0,0.0,0.0,0.0,48.0,21.0,21.0,8.700000000000001,336.0,336.0,2.0,2.0,600.0,4380.0,0.0,0.0,0.0,1.0,19483.0,8.5,1.0,0.0,-27.25,-0.4375,0.875,29.25,-27.25,750.0,0.0,390.0,200.0,0.0,0.0,254.0,20.0,0.0,8.0,0.0,1.0,0.0,0.0,8.0,0.0,5.0,1.0,4.0,0.0,31.0,4687.0,100.0,0.0,0.0,0.0,0.0,26.0,0.0,0.0,4.1000000000000005,5000.0,4990.0,4970.0,1.0,1.0,0.0,22.0,1674.0,0.0,255.0,836.0,350.0,0.0,0.0,1245716.0,3.008,3.0,50.0
1788624234129,2026-09-05T20:03:54.129,0.0,4.0,0.0,1.0,755.0,14.100000000000001,83.0,2.64,2.64,2.64,2.64,0.0,1.0,122.0,0.0,0.0,87.0,82.0,94.5,0.025183579999999983,0.025183579999999983,10.0,0.999,19.0,15.0,15.0,-18.0,-2.0,-2.0,-2.0,-2.0,0.0,0.0,0.0,0.0,48.0,21.0,21.0,8.700000000000001,336.0,336.0,2.0,2.0,600.0,4380.0,0.0,0.0,0.0,1.0,19483.0,8.4,1.0,0.0,-27.1875,0.0625,-0.25,29.1875,-27.1875,750.0,0.0,390.0,200.0,0.0,0.0,254.0,20.0,0.0,8.0,0.0,1.0,0.0,0.0,8.0,0.0,5.0,1.0,4.0,0.0,31.0,4687.0,100.0,0.0,0.0,0.0,0.0,26.0,0.0,0.0,4.1000000000000005,5000.0,4990.0,4980.0,1.0,1.0,0.0,22.0,1818.0,0.0,255.0,836.0,350.0,0.0,0.0,1245716.0,3.008,3.0,50.0
1788624234690,2026-09-05T20:03:54.690,0.0,4.0,0.0,1.0,755.0,14.100000000000001,83.0,2.65,2.65,2.65,2.65,0.0,1.0,200.0,0.0,0.0,156.0,82.0,94.5,0.02985314,0.02985314,10.0,0.999,19.0,15.0,15.0,-18.0,-1.0,-1.0,-1.0,-1.0,0.0,0.0,0.0,0.0,48.0,21.0,21.0,8.6,336.0,336.0,2.0,2.0,600.0,4380.0,0.0,0.0,0.0,1.0,19483.0,8.3,0.0,0.0,-27.125,1.3125,0.0,29.125,-27.125,750.0,0.0,390.0,200.0,0.0,0.0,254.0,20.0,0.0,8.0,0.0,1.0,0.0,0.0,8.0,0.0,5.0,1.0,4.0,0.0,31.0,4687.0,100.0,0.0,0.0,0.0,0.0,26.0,0.0,0.0,4.1000000000000005,5000.0,4990.0,4980.0,1.0,1.0,0.0,22.0,1277.0,0.0,255.0,836.0,349.0,0.0,0.0,1245716.0,3.008,3.0,50.0
1788624235348,2026-09-05T20:03:55.348,0.0,4.0,0.0,1.0,748.0,14.100000000000001,83.0,2.59,2.59,2.59,2.59,1.0,1.0,732.0,1.0,0.0,659.0,82.5,94.5,0.012441480000000005,0.012441480000000005,9.0,0.999,19.0,15.0,15.0,-18.0,-2.0,-2.0,-2.0,-2.0,0.0,0.0,0.0,0.0,48.0,21.0,21.0,8.700000000000001,336.0,336.0,2.0,2.0,600.0,4380.0,0.0,0.0,0.0,1.0,19483.0,8.4,0.0,0.0,-27.4375,-0.5625,-0.5625,29.4375,-27.4375,750.0,0.0,390.0,200.0,0.0,0.0,254.0,20.0,0.0,8.0,0.0,1.0,0.0,0.0,8.0,0.0,5.0,1.0,4.0,0.0,31.0,4687.0,100.0,0.0,0.0,0.0,0.0,26.0,0.0,0.0,4.1000000000000005,5000.0,4990.0,4980.0,1.0,1.0,0.0,22.0,1511.0,0.0,255.0,836.0,347.0,0.0,0.0,1245716.0,3.008,3.0,50.0
1788624235920,2026-09-05T20:03:55.920,0.0,4.0,0.0,1.0,749.0,14.0,83.0,2.58,2.58,2.58,2.58,1.0,1.0,615.0,1.0,0.0,688.0,82.5,94.5,0.006993660000000013,0.006993660000000013,9.0,0.999,20.0,15.0,15.0,-18.0,-3.0,-3.0,-3.0,-3.0,0.0,0.0,0.0,0.0,48.0,20.0,21.0,8.6,336.0,336.0,2.0,2.0,600.0,4380.0,0.0,0.0,0.0,1.0,19483.0,8.200000000000001,1.0,0.0,-27.0625,1.3125,1.1875,29.0625,-27.0625,750.0,0.0,390.0,200.0,0.0,0.0,254.0,20.0,0.0,8.0,0.0,1.0,0.0,0.0,8.0,0.0,5.0,1.0,4.0,0.0,31.0,4687.0,100.0,0.0,0.0,0.0,0.0,26.0,0.0,0.0,4.1000000000000005,5000.0,4990.0,4980.0,1.0,1.0,0.0,22.0,1550.0,0.0,255.0,836.0,347.0,0.0,0.0,1245716.0,3.008,3.0,50.0
1788624236434,2026-09-05T20:03:56.434,0.0,4.0,0.0,1.0,749.0,14.100000000000001,83.0,2.62,2.62,2.62,2.62,0.0,1.0,107.0,0.0,0.0,283.0,82.5,94.5,0.023627059999999978,0.023627059999999978,8.0,0.999,20.0,15.0,15.0,-17.0,-4.0,-4.0,-4.0,-4.0,0.0,0.0,0.0,0.0,48.0,21.0,21.0,8.700000000000001,336.0,336.0,2.0,2.0,600.0,4380.0,0.0,0.0,0.0,1.0,19483.0,8.3,1.0,0.0,-27.3125,0.5,0.6875,29.3125,-27.3125,750.0,0.0,390.0,200.0,0.0,0.0,254.0,20.0,0.0,8.0,0.0,0.0,0.0,0.0,8.0,0.0,5.0,1.0,4.0,0.0,31.0,4687.0,100.0,0.0,0.0,0.0,0.0,26.0,0.0,0.0,4.1000000000000005,5000.0,4990.0,4980.0,1.0,1.0,0.0,22.0,1376.0,0.0,255.0,836.0,361.0,0.0,0.0,1245716.0,3.008,3.0,50.0
1788624236908,2026-09-05T20:03:56.908,0.0,4.0,0.0,1.0,758.0,14.200000000000001,83.0,11.200000000000001,11.200000000000001,11.200000000000001,11.200000000000001,0.0,1.0,278.0,0.0,0.0,136.0,83.0,95.0,0.029647129999999966,0.029647129999999966,8.0,0.999,46.0,11.0,7.0,-36.0,6.0,6.0,6.0,6.0,0.0,0.0,0.0,0.0,49.0,61.0,62.0,41.6,840.0,840.0,46.0,44.0,2330.0,2630.0,34.0,3.0,95.0,1.0,19483.0,41.1,0.0,0.0,102.625,89.1875,89.4375,27.0,102.625,750.0,0.0,1120.0,530.0,24.200000000000003,22.900000000000002,254.0,20.0,0.0,8.0,0.0,0.0,0.0,0.0,8.0,0.0,5.0,2.0,4.0,0.0,31.0,4687.0,100.0,0.0,0.0,0.0,0.0,26.0,0.0,0.0,4.1000000000000005,5000.0,4990.0,4980.0,1.0,1.0,0.0,22.0,5000.0,0.0,255.0,850.0,361.0,0.0,0.0,1245716.0,3.008,3.0,50.0
1788624237482,2026-09-05T20:03:57.482,0.0,4.0,0.0,1.0,2586.0,14.100000000000001,83.0,0.0,0.0,0.0,0.0,1.0,0.0,869.0,1.0,0.0,800.0,82.0,94.5,1.9839999999993196E-5,1.9839999999993196E-5,8.0,0.999,0.0,28.0,28.0,-36.0,-25.0,-25.0,-25.0,-25.0,0.0,0.0,0.0,0.0,48.0,14.0,21.0,25.700000000000003,210.0,294.0,5.0,5.0,750.0,4230.0,0.0,0.0,0.0,1.0,19483.0,19.0,0.0,0.0,-26.5625,-26.5625,-26.875,27.75,-26.5625,750.0,0.0,390.0,200.0,0.0,0.0,254.0,20.0,0.0,8.0,0.0,0.0,0.0,0.0,8.0,0.0,5.0,0.0,4.0,0.0,31.0,4687.0,100.0,0.0,0.0,0.0,0.0,26.0,0.0,0.0,4.1000000000000005,5000.0,4990.0,4980.0,1.0,1.0,0.0,22.0,2411.0,0.0,255.0,850.0,329.0,0.0,0.0,1245716.0,3.008,3.0,50.0
1788624237963,2026-09-05T20:03:57.963,0.0,4.0,0.0,1.0,1786.0,14.200000000000001,83.0,0.0,0.0,0.0,0.0,0.0,0.0,0.0,0.0,0.0,0.0,79.0,93.0,1.9839999999993196E-5,1.9839999999993196E-5,8.0,0.999,0.0,31.0,31.0,-14.0,-14.0,-14.0,-14.0,-14.0,0.0,0.0,0.0,0.0,48.0,13.0,16.0,13.8,210.0,252.0,3.0,3.0,650.0,4330.0,0.0,0.0,0.0,1.0,19483.0,11.5,1.0,0.0,-25.5625,-25.5625,-20.125,27.5,-25.5625,750.0,1.0,390.0,200.0,0.0,0.0,254.0,20.0,0.0,8.0,0.0,0.0,1.0,0.0,8.0,0.0,5.0,2.0,4.0,100.0,31.0,4687.0,100.0,0.0,0.0,0.0,0.0,26.0,0.0,0.0,4.1000000000000005,5000.0,4990.0,4980.0,1.0,1.0,0.0,22.0,4872.0,0.0,255.0,850.0,295.0,0.0,0.0,1245716.0,3.008,3.0,50.0
1788624238407,2026-09-05T20:03:58.407,0.0,4.0,0.0,1.0,1422.0,14.200000000000001,83.0,2.5500000000000003,2.5500000000000003,2.5500000000000003,2.5500000000000003,0.0,0.0,19.0,0.0,0.0,0.0,79.5,93.0,1.9839999999993196E-5,1.9839999999993196E-5,8.0,1.2570000000000001,0.0,41.0,41.0,0.0,0.0,0.0,0.0,0.0,0.0,0.0,0.0,0.0,48.0,13.0,15.0,11.0,210.0,231.0,2.0,3.0,620.0,4350.0,0.0,0.0,0.0,1.0,19483.0,9.8,1.0,0.0,2.375,-2.875,-10.1875,27.6875,2.375,750.0,1.0,700.0,330.0,8.6,7.5,254.0,20.0,0.0,8.0,0.0,0.0,1.0,0.0,8.0,0.0,5.0,2.0,4.0,100.0,31.0,4687.0,100.0,0.0,0.0,0.0,0.0,26.0,0.0,0.0,4.1000000000000005,5000.0,4990.0,4980.0,1.0,1.0,0.0,22.0,3760.0,0.0,255.0,850.0,276.0,0.0,0.0,1245716.0,3.008,3.0,50.0
1788624238928,2026-09-05T20:03:58.928,0.0,4.0,0.0,1.0,1367.0,14.100000000000001,83.0,3.5100000000000002,3.5100000000000002,3.5100000000000002,3.5100000000000002,1.0,0.0,830.0,1.0,0.0,742.0,80.0,93.5,1.9839999999993196E-5,1.9839999999993196E-5,8.0,1.069,0.0,21.0,21.0,-36.0,17.0,17.0,17.0,17.0,0.0,0.0,0.0,0.0,48.0,41.0,29.0,26.3,588.0,420.0,9.0,9.0,900.0,4080.0,0.0,0.0,0.0,1.0,19483.0,33.2,0.0,0.0,59.5625,35.4375,35.125,24.125,59.5625,750.0,1.0,1290.0,620.0,26.5,25.200000000000003,254.0,20.0,0.0,8.0,0.0,0.0,1.0,0.0,8.0,0.0,5.0,2.0,4.0,100.0,30.0,4687.0,100.0,0.0,0.0,0.0,0.0,26.0,0.0,0.0,4.1000000000000005,5000.0,4990.0,4980.0,1.0,1.0,0.0,22.0,4651.0,0.0,255.0,850.0,280.0,0.0,0.0,1245716.0,3.008,3.0,50.0
1788624239467,2026-09-05T20:03:59.467,0.0,4.0,0.0,1.0,2353.0,14.200000000000001,83.0,4.88,4.88,4.88,4.88,1.0,1.0,844.0,1.0,0.0,830.0,79.0,93.0,-0.023205880000000012,-0.023205880000000012,8.0,0.999,6.0,26.0,26.0,-32.0,23.0,23.0,23.0,23.0,0.0,0.0,0.0,0.0,48.0,29.0,31.0,38.6,399.0,441.0,9.0,9.0,900.0,4080.0,0.0,0.0,0.0,1.0,19483.0,36.9,0.0,0.0,31.125,30.375,30.3125,21.3125,31.125,750.0,3.0,1160.0,560.0,23.200000000000003,21.700000000000003,254.0,20.0,0.0,8.0,0.0,0.0,1.0,0.0,8.0,0.0,5.0,2.0,4.0,100.0,30.0,4687.0,100.0,0.0,0.0,0.0,0.0,26.0,0.0,0.0,4.1000000000000005,5000.0,4990.0,4980.0,1.0,1.0,0.0,22.0,4053.0,0.0,255.0,850.0,282.0,0.0,0.0,1245716.0,3.008,3.0,50.0
1788624239989,2026-09-05T20:03:59.989,0.0,4.0,0.0,1.0,1616.0,14.100000000000001,83.0,4.0200000000000005,4.0200000000000005,4.0200000000000005,4.0200000000000005,0.0,1.0,68.0,0.0,0.0,58.0,78.5,93.0,-0.008258710000000002,-0.008258710000000002,8.0,0.999,8.0,22.0,22.0,-33.0,18.0,18.0,18.0,18.0,0.0,0.0,0.0,0.0,48.0,33.0,32.0,27.200000000000003,483.0,462.0,8.0,8.0,850.0,4130.0,0.0,0.0,0.0,1.0,19483.0,28.0,1.0,0.0,25.75,26.4375,27.8125,23.5,25.75,750.0,6.0,880.0,420.0,14.600000000000001,13.3,254.0,20.0,0.0,8.0,0.0,0.0,1.0,0.0,8.0,0.0,5.0,2.0,4.0,100.0,30.0,4687.0,100.0,0.0,0.0,0.0,0.0,26.0,0.0,0.0,4.1000000000000005,5000.0,4990.0,4980.0,1.0,1.0,0.0,22.0,4078.0,0.0,255.0,850.0,284.0,0.0,0.0,1245716.0,3.008,3.0,50.0
1788624240651,2026-09-05T20:04:00.651,0.0,4.0,0.0,1.0,1554.0,14.200000000000001,83.0,3.83,3.83,3.83,3.83,1.0,1.0,708.0,1.0,0.0,727.0,0.0,0.0,-0.023198250000000004,-0.023198250000000004,8.0,0.999,10.0,22.0,22.0,-32.0,12.0,12.0,12.0,12.0,0.0,0.0,0.0,0.0,48.0,26.0,28.0,24.200000000000003,378.0,399.0,6.0,6.0,780.0,4200.0,0.0,0.0,0.0,1.0,19483.0,22.5,0.0,0.0,17.9375,22.5625,22.6875,24.625,17.9375,750.0,8.0,880.0,420.0,14.5,13.3,254.0,20.0,0.0,8.0,0.0,0.0,1.0,0.0,8.0,0.0,5.0,2.0,4.0,100.0,29.0,4687.0,100.0,0.0,0.0,0.0,0.0,26.0,0.0,0.0,4.1000000000000005,5000.0,4990.0,4980.0,1.0,1.0,0.0,22.0,4085.0,0.0,255.0,850.0,285.0,0.0,0.0,1245716.0,3.008,3.0,50.0
1788624241107,2026-09-05T20:04:01.107,0.0,4.0,0.0,1.0,1645.0,14.200000000000001,83.0,3.33,3.33,3.33,3.33,0.0,1.0,53.0,0.0,0.0,48.0,77.0,93.5,0.02761754999999999,0.02761754999999999,8.0,0.999,10.0,23.0,23.0,-26.0,23.0,23.0,23.0,23.0,0.0,0.0,0.0,0.0,48.0,25.0,25.0,22.1,357.0,357.0,6.0,6.0,780.0,4200.0,0.0,0.0,0.0,1.0,19483.0,22.0,0.0,0.0,18.875,18.4375,18.4375,24.6875,18.875,750.0,9.0,860.0,410.0,13.9,12.700000000000001,254.0,20.0,0.0,8.0,0.0,0.0,1.0,0.0,8.0,0.0,5.0,2.0,4.0,100.0,29.0,4687.0,100.0,0.0,0.0,0.0,0.0,26.0,0.0,0.0,4.1000000000000005,5000.0,4990.0,4980.0,1.0,1.0,0.0,22.0,3849.0,0.0,255.0,850.0,286.0,0.0,0.0,1245716.0,3.008,3.0,50.0
1788624241589,2026-09-05T20:04:01.589,0.0,4.0,0.0,1.0,1430.0,14.200000000000001,83.0,3.45,3.45,3.45,3.45,0.0,1.0,63.0,0.0,0.0,53.0,76.5,93.0,0.05807650999999997,0.05807650999999997,8.0,0.999,11.0,20.0,20.0,-27.0,20.0,20.0,20.0,20.0,0.0,0.0,0.0,0.0,48.0,24.0,25.0,18.7,357.0,378.0,5.0,5.0,730.0,4240.0,0.0,0.0,0.0,1.0,19483.0,18.0,1.0,0.0,13.75,16.0625,16.0625,26.3125,13.75,750.0,10.0,810.0,380.0,12.3,11.0,254.0,20.0,0.0,8.0,0.0,0.0,1.0,0.0,8.0,0.0,5.0,2.0,4.0,100.0,30.0,4687.0,100.0,0.0,0.0,0.0,0.0,26.0,0.0,0.0,4.1000000000000005,5000.0,4990.0,4970.0,1.0,1.0,0.0,22.0,2114.0,0.0,255.0,850.0,286.0,0.0,0.0,1245716.0,3.008,3.0,50.0
1788624242106,2026-09-05T20:04:02.106,0.0,4.0,0.0,1.0,1512.0,14.100000000000001,83.0,3.16,3.16,3.16,3.16,1.0,1.0,756.0,1.0,0.0,649.0,77.0,93.0,0.05227008,0.05227008,8.0,0.999,12.0,22.0,22.0,-21.0,22.0,22.0,22.0,22.0,0.0,0.0,0.0,0.0,48.0,21.0,23.0,19.3,315.0,336.0,5.0,5.0,730.0,4250.0,0.0,0.0,0.0,1.0,19483.0,18.0,1.0,0.0,9.9375,13.0,12.9375,25.375,9.9375,750.0,11.0,760.0,360.0,11.100000000000001,9.8,254.0,20.0,0.0,8.0,0.0,0.0,1.0,0.0,8.0,0.0,5.0,2.0,4.0,100.0,29.0,4687.0,100.0,0.0,0.0,0.0,0.0,26.0,0.0,0.0,4.1000000000000005,5000.0,4990.0,4980.0,1.0,1.0,0.0,22.0,1943.0,0.0,255.0,850.0,287.0,0.0,0.0,1245716.0,3.008,3.0,50.0
1788624242638,2026-09-05T20:04:02.638,0.0,4.0,0.0,1.0,1643.0,14.200000000000001,83.0,2.68,2.68,2.68,2.68,0.0,1.0,83.0,0.0,0.0,68.0,77.0,93.0,0.08491122000000001,0.08491122000000001,8.0,0.999,12.0,28.0,28.0,-25.0,10.0,10.0,10.0,10.0,0.0,0.0,0.0,0.0,48.0,13.0,17.0,14.600000000000001,210.0,252.0,3.0,3.0,640.0,4320.0,0.0,0.0,0.0,1.0,19483.0,11.9,0.0,0.0,-14.5625,-2.75,-3.1875,25.25,-23.3125,750.0,12.0,390.0,200.0,0.0,0.0,254.0,20.0,0.0,8.0,0.0,0.0,0.0,0.0,8.0,0.0,5.0,2.0,4.0,0.0,29.0,4687.0,100.0,0.0,0.0,0.0,0.0,26.0,0.0,0.0,4.1000000000000005,5000.0,4990.0,4980.0,1.0,1.0,0.0,22.0,2388.0,0.0,255.0,850.0,274.0,0.0,0.0,1245716.0,3.008,3.0,50.0
1788624243106,2026-09-05T20:04:03.106,0.0,4.0,0.0,1.0,1638.0,14.200000000000001,83.0,1.94,1.94,1.94,1.94,1.0,1.0,776.0,1.0,0.0,708.0,77.0,93.0,0.06484432000000001,0.06484432000000001,8.0,0.999,11.0,37.0,37.0,-16.0,7.0,7.0,7.0,7.0,0.0,0.0,0.0,0.0,47.0,13.0,14.0,13.100000000000001,210.0,210.0,3.0,3.0,650.0,4330.0,0.0,0.0,0.0,1.0,19483.0,12.4,0.0,0.0,-21.375,-10.0,-11.0625,25.3125,-23.375,750.0,12.0,390.0,200.0,0.0,0.0,254.0,20.0,0.0,8.0,0.0,0.0,0.0,0.0,8.0,0.0,5.0,2.0,4.0,0.0,29.0,4687.0,100.0,0.0,0.0,0.0,0.0,26.0,0.0,0.0,4.1000000000000005,5000.0,4990.0,4990.0,1.0,1.0,0.0,22.0,4263.0,0.0,255.0,850.0,251.0,0.0,0.0,1245716.0,3.008,3.0,50.0
1788624243609,2026-09-05T20:04:03.609,0.0,4.0,0.0,1.0,1611.0,14.200000000000001,83.0,1.94,1.94,1.94,1.94,0.0,1.0,78.0,0.0,0.0,122.0,76.5,93.0,0.07279478,0.07279478,7.0,0.999,12.0,37.0,37.0,-15.0,0.0,0.0,0.0,0.0,0.0,0.0,0.0,0.0,48.0,13.0,14.0,12.4,210.0,210.0,3.0,3.0,640.0,4330.0,0.0,0.0,0.0,1.0,19483.0,11.8,1.0,0.0,-23.625,-18.8125,-19.125,25.5625,-23.625,750.0,11.0,390.0,200.0,0.0,0.0,254.0,20.0,0.0,8.0,0.0,0.0,0.0,0.0,8.0,0.0,5.0,2.0,4.0,0.0,29.0,4687.0,100.0,0.0,0.0,0.0,0.0,26.0,0.0,0.0,4.1000000000000005,5000.0,4990.0,4980.0,1.0,1.0,0.0,22.0,3019.0,0.0,255.0,850.0,245.0,0.0,0.0,1245716.0,3.008,3.0,50.0
1788624244109,2026-09-05T20:04:04.109,0.0,4.0,0.0,1.0,1560.0,14.100000000000001,83.0,1.95,1.95,1.95,1.95,0.0,1.0,48.0,0.0,0.0,34.0,76.5,93.5,0.10346738,0.10346738,7.0,0.999,12.0,37.0,37.0,-16.0,-15.0,-15.0,-15.0,-15.0,0.0,0.0,0.0,0.0,48.0,16.0,14.0,11.4,231.0,210.0,3.0,3.0,620.0,4350.0,0.0,0.0,0.0,1.0,19483.0,13.100000000000001,1.0,0.0,7.125,-21.125,-15.8125,25.5625,7.125,750.0,11.0,820.0,390.0,12.700000000000001,11.600000000000001,254.0,20.0,0.0,8.0,0.0,0.0,0.0,0.0,8.0,0.0,5.0,2.0,4.0,0.0,30.0,4687.0,100.0,0.0,0.0,0.0,0.0,26.0,0.0,0.0,4.1000000000000005,5000.0,4990.0,4990.0,1.0,1.0,0.0,22.0,2337.0,0.0,255.0,850.0,238.0,0.0,0.0,1245716.0,3.008,3.0,50.0
1788624244608,2026-09-05T20:04:04.608,0.0,4.0,0.0,1.0,1611.0,14.200000000000001,83.0,2.85,2.85,2.85,2.85,1.0,1.0,815.0,0.0,0.0,97.0,75.5,93.0,0.10233813999999997,0.10233813999999997,7.0,0.999,18.0,25.0,25.0,-30.0,12.0,12.0,12.0,12.0,0.0,0.0,0.0,0.0,48.0,23.0,21.0,18.6,336.0,294.0,6.0,6.0,750.0,4220.0,0.0,0.0,0.0,1.0,19483.0,20.200000000000003,0.0,0.0,14.9375,15.875,12.0,24.875,14.9375,750.0,11.0,860.0,410.0,13.9,12.700000000000001,254.0,20.0,0.0,8.0,0.0,0.0,0.0,0.0,8.0,0.0,5.0,2.0,4.0,0.0,31.0,4687.0,100.0,0.0,0.0,0.0,0.0,26.0,0.0,0.0,4.1000000000000005,5000.0,4990.0,4980.0,1.0,1.0,0.0,22.0,4722.0,0.0,255.0,850.0,240.0,0.0,0.0,1245716.0,3.008,3.0,50.0
1788624245088,2026-09-05T20:04:05.088,0.0,4.0,0.0,1.0,1659.0,14.200000000000001,83.0,3.3000000000000003,3.3000000000000003,3.3000000000000003,3.3000000000000003,1.0,1.0,771.0,1.0,0.0,766.0,75.5,93.0,0.06871273,0.06871273,6.0,0.999,20.0,24.0,24.0,-36.0,9.0,9.0,9.0,9.0,0.0,0.0,0.0,0.0,48.0,30.0,24.0,23.400000000000002,420.0,357.0,7.0,7.0,820.0,4160.0,0.0,0.0,0.0,1.0,19483.0,27.700000000000003,0.0,0.0,30.6875,20.0625,18.8125,24.375,30.6875,750.0,12.0,1050.0,500.0,19.6,18.3,254.0,20.0,0.0,8.0,0.0,0.0,0.0,0.0,8.0,0.0,5.0,2.0,4.0,0.0,30.0,4687.0,100.0,0.0,0.0,0.0,0.0,26.0,0.0,0.0,4.1000000000000005,5000.0,4990.0,4980.0,1.0,1.0,0.0,22.0,3850.0,0.0,255.0,850.0,241.0,0.0,0.0,1245716.0,3.008,3.0,50.0
1788624245745,2026-09-05T20:04:05.745,0.0,4.0,0.0,1.0,1839.0,14.100000000000001,83.0,4.43,4.43,4.43,4.43,1.0,1.0,839.0,1.0,0.0,820.0,75.5,93.5,0.024008560000000012,0.024008560000000012,6.0,0.999,32.0,23.0,23.0,-36.0,13.0,13.0,13.0,13.0,0.0,0.0,0.0,0.0,48.0,30.0,32.0,32.6,441.0,462.0,8.0,8.0,860.0,4110.0,0.0,0.0,0.0,1.0,19483.0,31.3,1.0,0.0,28.25,29.9375,29.8125,23.0625,28.25,750.0,13.0,1040.0,500.0,19.400000000000002,18.3,254.0,20.0,0.0,8.0,0.0,0.0,0.0,0.0,8.0,0.0,5.0,2.0,4.0,0.0,27.0,4687.0,100.0,0.0,0.0,0.0,0.0,26.0,0.0,0.0,4.1000000000000005,5000.0,4990.0,5000.0,1.0,1.0,0.0,22.0,4308.0,0.0,255.0,850.0,241.0,0.0,0.0,1245716.0,3.008,3.0,50.0
1788624246204,2026-09-05T20:04:06.204,0.0,4.0,0.0,1.0,2052.0,14.100000000000001,83.0,3.39,3.39,3.39,3.39,1.0,1.0,791.0,1.0,0.0,815.0,75.0,93.5,-0.03173622000000001,-0.03173622000000001,5.0,0.999,26.0,25.0,25.0,-26.0,25.0,25.0,25.0,25.0,0.0,0.0,0.0,0.0,48.0,21.0,24.0,27.5,315.0,357.0,7.0,7.0,800.0,4190.0,0.0,0.0,0.0,1.0,19483.0,23.400000000000002,1.0,0.0,12.25,17.5625,17.5,22.625,12.25,750.0,15.0,910.0,430.0,15.3,14.200000000000001,254.0,20.0,0.0,8.0,0.0,0.0,0.0,0.0,8.0,0.0,5.0,2.0,4.0,0.0,26.0,4687.0,100.0,0.0,0.0,0.0,0.0,26.0,0.0,0.0,4.1000000000000005,5000.0,4990.0,4980.0,1.0,1.0,0.0,22.0,3364.0,0.0,255.0,850.0,242.0,0.0,0.0,1245716.0,3.008,3.0,50.0
1788624246665,2026-09-05T20:04:06.665,0.0,4.0,0.0,1.0,2190.0,14.100000000000001,82.0,2.61,2.61,2.61,2.61,0.0,1.0,53.0,0.0,0.0,48.0,74.5,93.0,-0.010356959999999998,-0.010356959999999998,5.0,0.999,24.0,28.0,28.0,-14.0,28.0,28.0,28.0,28.0,0.0,0.0,0.0,0.0,48.0,19.0,21.0,24.3,273.0,294.0,6.0,6.0,780.0,4200.0,0.0,0.0,0.0,1.0,19483.0,22.0,0.0,0.0,9.125,11.5,11.5625,22.75,9.125,750.0,15.0,830.0,400.0,13.3,12.200000000000001,254.0,20.0,0.0,8.0,0.0,0.0,0.0,0.0,8.0,0.0,5.0,2.0,4.0,0.0,26.0,4687.0,100.0,0.0,0.0,0.0,0.0,26.0,0.0,0.0,4.1000000000000005,5000.0,4990.0,4990.0,1.0,1.0,0.0,22.0,4039.0,0.0,255.0,850.0,242.0,0.0,0.0,1245716.0,3.008,3.0,50.0
1788624247286,2026-09-05T20:04:07.286,0.0,4.0,0.0,1.0,2223.0,14.200000000000001,82.0,2.09,2.09,2.09,2.09,0.0,1.0,63.0,0.0,0.0,48.0,74.5,93.5,0.03633101,0.03633101,5.0,0.999,22.0,40.0,40.0,-20.0,26.0,26.0,26.0,26.0,0.0,0.0,0.0,0.0,47.0,14.0,15.0,17.5,210.0,231.0,5.0,5.0,710.0,4260.0,0.0,0.0,0.0,1.0,19483.0,16.2,0.0,0.0,-1.1875,-3.4375,-2.9375,23.0625,-1.1875,750.0,16.0,740.0,350.0,10.4,9.200000000000001,254.0,20.0,0.0,8.0,0.0,0.0,0.0,0.0,8.0,0.0,5.0,2.0,4.0,0.0,28.0,4687.0,100.0,0.0,0.0,0.0,0.0,26.0,0.0,0.0,4.1000000000000005,5000.0,4990.0,4980.0,1.0,1.0,0.0,22.0,4152.0,0.0,255.0,850.0,233.0,0.0,0.0,1245716.0,3.008,3.0,50.0
1788624248121,2026-09-05T20:04:08.121,0.0,4.0,0.0,1.0,2257.0,14.200000000000001,82.0,1.84,1.84,1.84,1.84,0.0,1.0,278.0,1.0,0.0,590.0,73.0,93.0,0.041389699999999974,0.041389699999999974,4.0,0.999,22.0,42.0,42.0,-16.0,30.0,30.0,30.0,30.0,0.0,0.0,0.0,0.0,47.0,14.0,14.0,17.6,210.0,210.0,5.0,5.0,720.0,4260.0,0.0,0.0,0.0,1.0,19483.0,16.7,1.0,0.0,-1.5625,-2.4375,-2.75,23.0,-1.5625,750.0,16.0,740.0,350.0,10.4,9.200000000000001,254.0,20.0,0.0,8.0,0.0,0.0,0.0,0.0,8.0,0.0,5.0,2.0,4.0,0.0,30.0,4687.0,100.0,0.0,0.0,0.0,0.0,26.0,0.0,0.0,4.1000000000000005,5000.0,4990.0,4990.0,1.0,1.0,0.0,22.0,5000.0,0.0,255.0,850.0,224.0,0.0,0.0,1245716.0,3.008,3.0,50.0
1788624248798,2026-09-05T20:04:08.798,0.0,4.0,0.0,1.0,2240.0,14.200000000000001,82.0,1.84,1.84,1.84,1.84,0.0,1.0,92.0,1.0,0.0,668.0,72.0,93.0,0.02627467,0.02627467,4.0,0.999,23.0,43.0,43.0,3.0,28.0,28.0,28.0,28.0,0.0,0.0,0.0,0.0,47.0,14.0,14.0,17.7,210.0,210.0,5.0,5.0,710.0,4260.0,0.0,0.0,0.0,1.0,19483.0,17.1,0.0,0.0,-2.4375,-2.4375,-2.9375,24.25,-2.4375,750.0,16.0,720.0,340.0,9.8,8.6,254.0,20.0,0.0,8.0,0.0,0.0,0.0,0.0,8.0,0.0,5.0,2.0,4.0,0.0,29.0,4687.0,100.0,0.0,0.0,0.0,0.0,26.0,0.0,0.0,4.1000000000000005,5000.0,4990.0,4980.0,1.0,1.0,0.0,22.0,5000.0,0.0,255.0,850.0,222.0,0.0,0.0,1245716.0,3.008,3.0,50.0
1788624249426,2026-09-05T20:04:09.426,0.0,4.0,0.0,1.0,2271.0,14.200000000000001,82.0,1.87,1.87,1.87,1.87,1.0,1.0,761.0,1.0,0.0,693.0,70.5,92.5,0.04032912999999999,0.04032912999999999,3.0,0.999,24.0,42.0,42.0,-15.0,21.0,21.0,21.0,21.0,0.0,0.0,0.0,0.0,47.0,14.0,14.0,17.400000000000002,210.0,210.0,5.0,5.0,720.0,4260.0,0.0,0.0,0.0,1.0,19483.0,16.900000000000002,0.0,0.0,-19.125,-8.9375,-8.6875,24.3125,-23.25,750.0,16.0,390.0,190.0,0.0,0.0,254.0,20.0,0.0,8.0,0.0,0.0,0.0,0.0,8.0,0.0,5.0,2.0,4.0,0.0,28.0,4687.0,100.0,0.0,0.0,0.0,0.0,26.0,0.0,0.0,4.1000000000000005,5000.0,4990.0,4980.0,1.0,1.0,0.0,22.0,2572.0,0.0,255.0,850.0,235.0,0.0,0.0,1245716.0,3.008,3.0,50.0
1788624250272,2026-09-05T20:04:10.272,0.0,4.0,0.0,1.0,2211.0,14.100000000000001,82.0,1.98,1.98,1.98,1.98,0.0,1.0,87.0,0.0,0.0,92.0,69.0,92.5,0.08510196999999997,0.08510196999999997,2.0,0.999,25.0,42.0,42.0,-16.0,5.0,5.0,5.0,5.0,0.0,0.0,0.0,0.0,47.0,14.0,14.0,17.0,210.0,210.0,5.0,5.0,710.0,4260.0,0.0,0.0,0.0,1.0,19483.0,16.3,1.0,0.0,-23.0625,-19.0,-18.8125,24.375,-23.0625,750.0,14.0,390.0,200.0,0.0,0.0,254.0,20.0,0.0,8.0,0.0,1.0,0.0,0.0,8.0,0.0,5.0,2.0,4.0,0.0,28.0,4687.0,100.0,0.0,0.0,0.0,0.0,26.0,0.0,0.0,4.1000000000000005,5000.0,4990.0,4980.0,1.0,1.0,0.0,22.0,2810.0,0.0,255.0,850.0,231.0,0.0,0.0,1245716.0,3.008,3.0,50.0
1788624251086,2026-09-05T20:04:11.086,0.0,4.0,0.0,1.0,1911.0,14.100000000000001,82.0,0.0,0.0,0.0,0.0,0.0,0.0,34.0,0.0,0.0,53.0,68.5,93.0,1.9839999999993196E-5,1.9839999999993196E-5,2.0,0.999,0.0,40.0,40.0,-6.0,-6.0,-6.0,-6.0,-6.0,0.0,0.0,0.0,0.0,48.0,14.0,15.0,14.5,210.0,231.0,3.0,4.0,670.0,4300.0,0.0,0.0,0.0,1.0,19483.0,13.100000000000001,0.0,0.0,-24.0,-24.0,-24.1875,25.9375,-24.0,750.0,12.0,390.0,200.0,0.0,0.0,254.0,20.0,0.0,8.0,0.0,1.0,0.0,0.0,8.0,0.0,5.0,0.0,4.0,0.0,28.0,4687.0,100.0,0.0,0.0,0.0,0.0,26.0,0.0,0.0,4.1000000000000005,5000.0,4990.0,4970.0,1.0,1.0,0.0,22.0,4105.0,0.0,255.0,850.0,231.0,0.0,0.0,1245716.0,3.008,3.0,50.0
1788624251831,2026-09-05T20:04:11.831,0.0,4.0,0.0,1.0,1516.0,14.100000000000001,82.0,0.0,0.0,0.0,0.0,0.0,0.0,0.0,0.0,0.0,0.0,69.5,94.0,1.9839999999993196E-5,1.9839999999993196E-5,2.0,0.999,0.0,37.0,37.0,3.0,3.0,3.0,3.0,3.0,0.0,0.0,0.0,0.0,48.0,13.0,14.0,10.8,210.0,210.0,2.0,3.0,620.0,4360.0,0.0,0.0,0.0,1.0,19483.0,10.0,1.0,0.0,-26.0625,-26.0625,-26.25,28.0,-26.0625,750.0,9.0,390.0,190.0,0.0,0.0,254.0,20.0,0.0,8.0,0.0,1.0,0.0,0.0,8.0,0.0,5.0,2.0,4.0,0.0,27.0,4687.0,100.0,0.0,0.0,0.0,0.0,26.0,0.0,0.0,4.1000000000000005,5000.0,4990.0,4980.0,1.0,1.0,0.0,22.0,2679.0,0.0,255.0,850.0,233.0,0.0,0.0,1245716.0,3.008,3.0,50.0
1788624252826,2026-09-05T20:04:12.826,0.0,4.0,0.0,1.0,1164.0,14.100000000000001,82.0,1.97,1.97,1.97,1.97,0.0,0.0,39.0,0.0,0.0,4.0,70.5,93.0,1.9839999999993196E-5,1.9839999999993196E-5,2.0,1.23,0.0,34.0,34.0,6.0,6.0,6.0,6.0,6.0,0.0,0.0,0.0,0.0,48.0,13.0,13.0,7.9,210.0,210.0,2.0,2.0,590.0,4390.0,0.0,0.0,0.0,1.0,19483.0,7.5,0.0,0.0,-27.8125,-21.3125,-16.3125,29.75,-27.8125,750.0,8.0,390.0,200.0,0.0,0.0,254.0,20.0,0.0,8.0,0.0,1.0,0.0,0.0,8.0,0.0,5.0,1.0,4.0,0.0,28.0,4687.0,100.0,0.0,0.0,0.0,0.0,26.0,0.0,0.0,4.1000000000000005,5000.0,4990.0,4980.0,1.0,1.0,0.0,22.0,2074.0,0.0,255.0,850.0,224.0,0.0,0.0,1245716.0,3.008,3.0,50.0
1788624253642,2026-09-05T20:04:13.642,0.0,4.0,0.0,1.0,1105.0,14.100000000000001,82.0,1.55,1.55,1.55,1.55,1.0,1.0,825.0,1.0,0.0,815.0,72.0,93.5,-0.005038850000000011,-0.005038850000000011,2.0,0.999,3.0,33.0,33.0,7.0,7.0,7.0,7.0,7.0,0.0,0.0,0.0,0.0,48.0,12.0,13.0,7.1000000000000005,210.0,210.0,1.0,1.0,570.0,4410.0,0.0,0.0,0.0,1.0,19483.0,6.800000000000001,0.0,0.0,-27.75,-21.1875,-16.25,29.6875,-27.75,750.0,7.0,390.0,200.0,0.0,0.0,254.0,20.0,0.0,8.0,0.0,0.0,0.0,0.0,8.0,0.0,5.0,1.0,4.0,0.0,27.0,4687.0,100.0,0.0,0.0,0.0,0.0,26.0,0.0,0.0,4.1000000000000005,5000.0,4990.0,4980.0,1.0,1.0,0.0,22.0,1605.0,0.0,255.0,850.0,223.0,0.0,0.0,1245716.0,3.008,3.0,50.0
1788624254515,2026-09-05T20:04:14.515,0.0,4.0,0.0,1.0,990.0,14.200000000000001,82.0,1.58,1.58,1.58,1.58,0.0,1.0,87.0,1.0,0.0,659.0,71.5,93.0,0.00848150999999997,0.00848150999999997,2.0,0.999,4.0,32.0,32.0,7.0,7.0,7.0,7.0,7.0,0.0,0.0,0.0,0.0,48.0,12.0,12.0,6.6000000000000005,210.0,210.0,1.0,1.0,570.0,4400.0,0.0,0.0,0.0,1.0,19483.0,6.4,1.0,0.0,-26.9375,-16.8125,-13.875,28.875,-26.9375,750.0,6.0,650.0,310.0,7.5,6.300000000000001,254.0,20.0,0.0,8.0,0.0,0.0,0.0,0.0,8.0,0.0,5.0,2.0,4.0,0.0,28.0,4687.0,100.0,0.0,0.0,0.0,0.0,26.0,0.0,0.0,4.1000000000000005,5000.0,4990.0,4990.0,1.0,1.0,0.0,22.0,2357.0,0.0,255.0,850.0,220.0,0.0,0.0,1245716.0,3.008,3.0,50.0
1788624255367,2026-09-05T20:04:15.367,0.0,4.0,0.0,1.0,981.0,14.100000000000001,82.0,2.97,2.97,2.97,2.97,0.0,1.0,429.0,0.0,0.0,87.0,71.5,92.5,0.026846919999999996,0.026846919999999996,2.0,0.999,8.0,17.0,17.0,-20.0,7.0,7.0,7.0,7.0,0.0,0.0,0.0,0.0,48.0,30.0,24.0,13.700000000000001,441.0,378.0,5.0,5.0,720.0,4260.0,0.0,0.0,0.0,1.0,19483.0,16.2,0.0,0.0,22.5,13.4375,16.0,27.3125,22.5,750.0,7.0,820.0,390.0,12.5,11.3,254.0,20.0,0.0,8.0,0.0,0.0,0.0,0.0,8.0,0.0,5.0,2.0,4.0,0.0,29.0,4687.0,100.0,0.0,0.0,0.0,0.0,26.0,0.0,0.0,4.1000000000000005,5000.0,4990.0,4980.0,1.0,1.0,0.0,22.0,1957.0,0.0,255.0,850.0,220.0,0.0,0.0,1245716.0,3.008,3.0,50.0
1788624256141,2026-09-05T20:04:16.141,0.0,4.0,0.0,1.0,1131.0,14.100000000000001,82.0,3.68,3.68,3.68,3.68,1.0,1.0,830.0,1.0,0.0,791.0,72.5,92.0,-0.03359031000000001,-0.03359031000000001,2.0,0.999,10.0,18.0,18.0,-36.0,7.0,7.0,7.0,7.0,0.0,0.0,0.0,0.0,48.0,27.0,27.0,17.5,399.0,399.0,5.0,5.0,720.0,4260.0,0.0,0.0,0.0,1.0,19483.0,17.3,1.0,0.0,16.6875,17.75,18.1875,27.3125,16.6875,750.0,9.0,800.0,380.0,12.0,11.0,254.0,20.0,0.0,8.0,0.0,0.0,0.0,0.0,8.0,0.0,5.0,2.0,4.0,0.0,29.0,4687.0,100.0,0.0,0.0,0.0,0.0,26.0,0.0,0.0,4.1000000000000005,5000.0,4990.0,4990.0,1.0,1.0,0.0,22.0,1746.0,0.0,255.0,850.0,221.0,0.0,0.0,1245716.0,3.008,3.0,50.0
1788624256934,2026-09-05T20:04:16.934,0.0,4.0,0.0,1.0,1336.0,14.200000000000001,82.0,3.0500000000000003,3.0500000000000003,3.0500000000000003,3.0500000000000003,0.0,1.0,63.0,0.0,0.0,58.0,74.0,92.5,-0.03363609000000001,-0.03363609000000001,2.0,0.999,11.0,21.0,21.0,-29.0,21.0,21.0,21.0,21.0,0.0,0.0,0.0,0.0,48.0,20.0,22.0,16.7,294.0,336.0,4.0,4.0,690.0,4290.0,0.0,0.0,0.0,1.0,19483.0,15.3,0.0,0.0,8.125,10.5,10.5,26.0625,8.125,750.0,10.0,740.0,350.0,10.200000000000001,9.200000000000001,254.0,20.0,0.0,8.0,0.0,0.0,0.0,0.0,8.0,0.0,5.0,2.0,4.0,0.0,28.0,4687.0,100.0,0.0,0.0,0.0,0.0,26.0,0.0,0.0,4.1000000000000005,5000.0,4990.0,4980.0,1.0,1.0,0.0,22.0,2045.0,0.0,255.0,850.0,221.0,0.0,0.0,1245716.0,3.008,3.0,50.0
1788624257713,2026-09-05T20:04:17.713,0.0,4.0,0.0,1.0,1496.0,14.100000000000001,82.0,2.52,2.52,2.52,2.52,0.0,1.0,53.0,0.0,0.0,48.0,74.5,92.0,0.01356309,0.01356309,2.0,0.999,12.0,25.0,25.0,-9.0,25.0,25.0,25.0,25.0,0.0,0.0,0.0,0.0,48.0,18.0,19.0,15.9,273.0,273.0,4.0,4.0,690.0,4290.0,0.0,0.0,0.0,1.0,19483.0,15.200000000000001,1.0,0.0,5.9375,6.5,6.5,25.3125,5.9375,750.0,11.0,660.0,310.0,7.9,6.9,254.0,20.0,0.0,8.0,0.0,0.0,0.0,0.0,8.0,0.0,5.0,2.0,4.0,0.0,30.0,4687.0,100.0,0.0,0.0,0.0,0.0,26.0,0.0,0.0,4.1000000000000005,5000.0,4990.0,4970.0,1.0,1.0,0.0,22.0,1691.0,0.0,255.0,850.0,221.0,0.0,0.0,1245716.0,3.008,3.0,50.0
1788624258402,2026-09-05T20:04:18.402,0.0,4.0,0.0,1.0,1600.0,14.200000000000001,83.0,2.16,2.16,2.16,2.16,0.0,1.0,63.0,0.0,0.0,48.0,75.0,92.0,0.061510010000000004,0.061510010000000004,3.0,0.999,12.0,34.0,34.0,1.0,34.0,34.0,34.0,34.0,0.0,0.0,0.0,0.0,48.0,15.0,16.0,14.4,231.0,231.0,4.0,4.0,680.0,4300.0,0.0,0.0,0.0,1.0,19483.0,13.5,1.0,0.0,0.75,1.9375,1.9375,24.5625,0.75,750.0,11.0,530.0,250.0,4.5,3.4000000000000004,254.0,20.0,0.0,8.0,0.0,0.0,0.0,0.0,8.0,0.0,5.0,2.0,4.0,0.0,30.0,4687.0,100.0,0.0,0.0,0.0,0.0,26.0,0.0,0.0,4.1000000000000005,5000.0,4990.0,4990.0,1.0,1.0,0.0,22.0,4392.0,0.0,255.0,850.0,221.0,0.0,0.0,1245716.0,3.008,3.0,50.0
1788624259250,2026-09-05T20:04:19.250,0.0,4.0,0.0,1.0,1629.0,14.200000000000001,83.0,1.9000000000000001,1.9000000000000001,1.9000000000000001,1.9000000000000001,1.0,1.0,786.0,1.0,0.0,703.0,75.0,92.0,0.05027102,0.05027102,3.0,0.999,12.0,37.0,37.0,-15.0,15.0,15.0,15.0,15.0,0.0,0.0,0.0,0.0,48.0,14.0,14.0,12.5,210.0,210.0,3.0,3.0,640.0,4320.0,0.0,0.0,0.0,1.0,19483.0,12.100000000000001,0.0,0.0,-23.5,-12.6875,-13.0,25.4375,-23.5,750.0,11.0,470.0,220.0,2.4000000000000004,1.3,254.0,20.0,0.0,8.0,0.0,0.0,0.0,0.0,8.0,0.0,5.0,2.0,4.0,0.0,30.0,4687.0,100.0,0.0,0.0,0.0,0.0,26.0,0.0,0.0,4.1000000000000005,5000.0,4990.0,4980.0,1.0,1.0,0.0,22.0,5000.0,0.0,255.0,850.0,221.0,0.0,0.0,1245716.0,3.008,3.0,50.0
1788624260030,2026-09-05T20:04:20.030,0.0,4.0,0.0,1.0,1590.0,14.200000000000001,83.0,1.81,1.81,1.81,1.81,0.0,1.0,58.0,0.0,0.0,58.0,75.0,92.5,0.06402027999999998,0.06402027999999998,3.0,0.999,14.0,37.0,37.0,-15.0,-6.0,-6.0,-6.0,-6.0,0.0,0.0,0.0,0.0,48.0,13.0,13.0,11.0,210.0,210.0,3.0,3.0,630.0,4350.0,0.0,0.0,0.0,1.0,19483.0,10.9,1.0,0.0,-24.1875,-24.875,-22.5,26.125,-24.1875,750.0,10.0,500.0,230.0,3.1,1.6,254.0,20.0,0.0,8.0,0.0,0.0,0.0,0.0,8.0,0.0,5.0,2.0,4.0,0.0,30.0,4687.0,100.0,0.0,0.0,0.0,0.0,26.0,0.0,0.0,4.1000000000000005,5000.0,4990.0,4980.0,1.0,1.0,0.0,22.0,2583.0,0.0,255.0,850.0,219.0,0.0,0.0,1245716.0,3.008,3.0,50.0
1788624261030,2026-09-05T20:04:21.030,0.0,4.0,0.0,1.0,1441.0,14.200000000000001,83.0,1.82,1.82,1.82,1.82,0.0,1.0,63.0,0.0,0.0,29.0,73.5,91.5,0.11311169999999998,0.11311169999999998,3.0,0.999,13.0,37.0,37.0,-17.0,21.0,21.0,21.0,21.0,0.0,0.0,0.0,0.0,48.0,18.0,15.0,12.600000000000001,273.0,231.0,4.0,4.0,670.0,4310.0,0.0,0.0,0.0,1.0,19483.0,14.0,0.0,0.0,4.9375,-0.125,-0.125,25.9375,4.9375,750.0,10.0,720.0,340.0,9.700000000000001,8.200000000000001,254.0,20.0,0.0,8.0,0.0,0.0,0.0,0.0,8.0,0.0,5.0,2.0,4.0,0.0,30.0,4687.0,100.0,0.0,0.0,0.0,0.0,26.0,0.0,0.0,4.1000000000000005,5000.0,4990.0,4970.0,1.0,1.0,0.0,22.0,3111.0,0.0,255.0,850.0,219.0,0.0,0.0,1245716.0,3.008,3.0,50.0
1788624261842,2026-09-05T20:04:21.842,0.0,4.0,0.0,1.0,1481.0,14.100000000000001,83.0,2.52,2.52,2.52,2.52,1.0,1.0,756.0,1.0,0.0,761.0,74.5,92.5,0.061403189999999996,0.061403189999999996,2.0,0.999,18.0,28.0,28.0,-26.0,13.0,13.0,13.0,13.0,0.0,0.0,0.0,0.0,48.0,16.0,18.0,14.9,252.0,273.0,4.0,4.0,680.0,4290.0,0.0,0.0,0.0,1.0,19483.0,13.4,1.0,0.0,0.8125,1.125,0.25,26.0,0.8125,750.0,11.0,630.0,300.0,6.9,5.5,254.0,20.0,0.0,8.0,0.0,0.0,0.0,0.0,8.0,0.0,5.0,2.0,4.0,0.0,29.0,4687.0,100.0,0.0,0.0,0.0,0.0,26.0,0.0,0.0,4.1000000000000005,5000.0,4990.0,4980.0,1.0,1.0,0.0,22.0,2130.0,0.0,255.0,850.0,219.0,0.0,0.0,1245716.0,3.008,3.0,50.0
1788624262635,2026-09-05T20:04:22.635,0.0,4.0,0.0,1.0,1581.0,14.200000000000001,83.0,2.15,2.15,2.15,2.15,0.0,1.0,97.0,0.0,0.0,83.0,75.0,92.5,0.05970169999999997,0.05970169999999997,1.0,0.999,17.0,37.0,37.0,-17.0,17.0,17.0,17.0,17.0,0.0,0.0,0.0,0.0,48.0,13.0,14.0,12.0,210.0,210.0,3.0,3.0,640.0,4340.0,0.0,0.0,0.0,1.0,19483.0,11.200000000000001,1.0,0.0,-20.9375,-10.8125,-9.3125,26.125,-24.1875,750.0,11.0,390.0,200.0,0.0,0.0,254.0,20.0,0.0,8.0,0.0,0.0,0.0,0.0,8.0,0.0,5.0,2.0,4.0,0.0,31.0,4687.0,100.0,0.0,0.0,0.0,0.0,26.0,0.0,0.0,4.1000000000000005,5000.0,4990.0,4980.0,1.0,1.0,0.0,22.0,2688.0,0.0,255.0,850.0,219.0,0.0,0.0,1245716.0,3.008,3.0,50.0
1788624263418,2026-09-05T20:04:23.418,0.0,4.0,0.0,1.0,1566.0,14.200000000000001,83.0,1.72,1.72,1.72,1.72,1.0,1.0,771.0,1.0,0.0,766.0,74.5,92.5,0.014371870000000009,0.014371870000000009,0.0,0.999,15.0,37.0,37.0,-15.0,3.0,3.0,3.0,3.0,0.0,0.0,0.0,0.0,48.0,13.0,13.0,11.100000000000001,210.0,210.0,3.0,3.0,630.0,4350.0,0.0,0.0,0.0,1.0,19483.0,10.9,0.0,0.0,-24.6875,-20.6875,-20.5,26.625,-24.6875,750.0,10.0,390.0,200.0,0.0,0.0,254.0,20.0,0.0,8.0,0.0,1.0,0.0,0.0,8.0,0.0,5.0,2.0,4.0,0.0,29.0,4687.0,100.0,0.0,0.0,0.0,0.0,26.0,0.0,0.0,4.1000000000000005,5000.0,4990.0,4980.0,1.0,1.0,0.0,22.0,2433.0,0.0,255.0,850.0,230.0,0.0,0.0,1245716.0,3.008,3.0,50.0
1788624264242,2026-09-05T20:04:24.242,0.0,4.0,0.0,1.0,1429.0,14.100000000000001,83.0,1.79,1.79,1.79,1.79,0.0,1.0,29.0,0.0,0.0,34.0,74.0,92.5,0.04314459999999998,0.04314459999999998,0.0,0.999,13.0,37.0,37.0,-17.0,-17.0,-17.0,-17.0,-17.0,0.0,0.0,0.0,0.0,48.0,13.0,13.0,10.100000000000001,210.0,210.0,2.0,2.0,620.0,4360.0,0.0,0.0,0.0,1.0,19483.0,9.5,1.0,0.0,-26.0625,-24.125,-16.5,28.0,-26.0625,750.0,9.0,390.0,190.0,0.0,0.0,254.0,20.0,0.0,8.0,0.0,1.0,1.0,0.0,8.0,0.0,5.0,1.0,4.0,100.0,30.0,4687.0,100.0,0.0,0.0,0.0,0.0,26.0,0.0,0.0,4.1000000000000005,5000.0,4990.0,4990.0,1.0,1.0,0.0,22.0,1873.0,0.0,255.0,850.0,227.0,0.0,0.0,1245716.0,3.008,3.0,50.0
1788624265096,2026-09-05T20:04:25.096,0.0,4.0,0.0,1.0,965.0,14.100000000000001,83.0,1.69,1.69,1.69,1.69,1.0,1.0,786.0,0.0,0.0,112.0,74.5,93.5,0.03892520999999999,0.03892520999999999,0.0,0.999,10.0,29.0,29.0,6.0,28.0,28.0,28.0,28.0,0.0,0.0,0.0,0.0,48.0,18.0,14.0,7.4,273.0,231.0,2.0,2.0,610.0,4380.0,0.0,0.0,0.0,1.0,19483.0,8.6,0.0,0.0,-26.5,-4.0625,-2.6875,28.4375,-26.5,750.0,9.0,390.0,200.0,0.0,0.0,254.0,20.0,0.0,8.0,0.0,1.0,1.0,0.0,8.0,0.0,5.0,1.0,4.0,100.0,29.0,4687.0,100.0,0.0,0.0,0.0,0.0,26.0,0.0,0.0,4.1000000000000005,5000.0,4990.0,4980.0,1.0,1.0,0.0,22.0,2168.0,0.0,255.0,850.0,229.0,0.0,0.0,1245716.0,3.008,3.0,50.0
1788624265903,2026-09-05T20:04:25.903,0.0,4.0,0.0,1.0,809.0,14.100000000000001,83.0,2.64,2.64,2.64,2.64,1.0,1.0,825.0,1.0,0.0,810.0,75.0,93.0,0.02958609000000001,0.02958609000000001,0.0,0.999,10.0,17.0,17.0,-10.0,0.0,0.0,0.0,0.0,0.0,0.0,0.0,0.0,48.0,19.0,19.0,8.200000000000001,315.0,315.0,2.0,2.0,600.0,4380.0,0.0,0.0,0.0,1.0,19483.0,8.3,1.0,0.0,-27.625,-0.125,-0.625,29.5625,-27.625,750.0,8.0,390.0,200.0,0.0,0.0,254.0,20.0,0.0,8.0,0.0,1.0,0.0,0.0,8.0,0.0,5.0,1.0,4.0,0.0,29.0,4687.0,100.0,0.0,0.0,0.0,0.0,26.0,0.0,0.0,4.1000000000000005,5000.0,4990.0,4980.0,1.0,1.0,0.0,22.0,2008.0,0.0,255.0,850.0,254.0,0.0,0.0,1245716.0,3.008,3.0,50.0
1788624266670,2026-09-05T20:04:26.670,0.0,4.0,0.0,1.0,831.0,14.100000000000001,83.0,2.48,2.48,2.48,2.48,1.0,1.0,834.0,1.0,0.0,834.0,75.5,93.0,0.021025230000000006,0.021025230000000006,0.0,0.999,9.0,19.0,19.0,-9.0,-1.0,-1.0,-1.0,-1.0,0.0,0.0,0.0,0.0,48.0,17.0,18.0,8.200000000000001,294.0,294.0,2.0,2.0,600.0,4380.0,0.0,0.0,0.0,1.0,19483.0,7.800000000000001,0.0,0.0,-27.3125,-3.6875,-4.9375,29.25,-27.3125,750.0,8.0,390.0,200.0,0.0,0.0,254.0,20.0,0.0,8.0,0.0,0.0,1.0,0.0,8.0,0.0,5.0,1.0,4.0,100.0,27.0,4687.0,100.0,0.0,0.0,0.0,0.0,26.0,0.0,0.0,4.1000000000000005,5000.0,4990.0,4990.0,1.0,1.0,0.0,22.0,1648.0,0.0,255.0,850.0,254.0,0.0,0.0,1245716.0,3.008,3.0,50.0
1788624267462,2026-09-05T20:04:27.462,0.0,4.0,0.0,1.0,775.0,14.100000000000001,83.0,2.38,2.38,2.38,2.38,1.0,1.0,830.0,1.0,0.0,839.0,75.5,92.0,0.013242629999999977,0.013242629999999977,0.0,0.999,8.0,18.0,18.0,-10.0,16.0,16.0,16.0,16.0,0.0,0.0,0.0,0.0,48.0,25.0,21.0,9.600000000000001,399.0,315.0,3.0,3.0,640.0,4350.0,0.0,0.0,0.0,1.0,19483.0,11.5,0.0,0.0,17.5,5.8125,5.8125,28.75,17.5,750.0,8.0,770.0,370.0,11.0,9.8,254.0,20.0,0.0,8.0,0.0,0.0,1.0,0.0,8.0,0.0,5.0,2.0,4.0,100.0,28.0,4687.0,100.0,0.0,0.0,0.0,0.0,26.0,0.0,0.0,4.1000000000000005,5000.0,4990.0,4980.0,1.0,1.0,0.0,22.0,2433.0,0.0,255.0,850.0,253.0,0.0,0.0,1245716.0,3.008,3.0,50.0
1788624268282,2026-09-05T20:04:28.282,0.0,4.0,0.0,1.0,1228.0,14.200000000000001,83.0,3.5300000000000002,3.5300000000000002,3.5300000000000002,3.5300000000000002,1.0,1.0,791.0,1.0,0.0,820.0,75.0,91.0,-0.053161260000000016,-0.053161260000000016,0.0,0.999,11.0,21.0,21.0,-36.0,17.0,17.0,17.0,17.0,0.0,0.0,0.0,0.0,48.0,27.0,29.0,26.5,399.0,420.0,7.0,7.0,820.0,4170.0,0.0,0.0,0.0,1.0,19483.0,25.200000000000003,1.0,0.0,17.0,19.8125,17.9375,26.0625,17.0,750.0,9.0,910.0,430.0,15.5,14.200000000000001,254.0,20.0,0.0,8.0,0.0,0.0,1.0,0.0,8.0,0.0,5.0,2.0,4.0,100.0,29.0,4687.0,100.0,0.0,0.0,0.0,0.0,26.0,0.0,0.0,4.1000000000000005,5000.0,4990.0,4990.0,1.0,1.0,0.0,22.0,3193.0,0.0,255.0,850.0,253.0,0.0,0.0,1245716.0,3.008,3.0,50.0
1788624269193,2026-09-05T20:04:29.193,0.0,4.0,0.0,1.0,1917.0,14.200000000000001,83.0,2.63,2.63,2.63,2.63,0.0,1.0,53.0,0.0,0.0,48.0,75.5,91.5,-0.02618921000000002,-0.02618921000000002,0.0,0.999,10.0,27.0,27.0,-28.0,8.0,8.0,8.0,8.0,0.0,0.0,0.0,0.0,48.0,13.0,17.0,16.5,210.0,252.0,4.0,4.0,670.0,4300.0,0.0,0.0,0.0,1.0,19483.0,13.5,0.0,0.0,-19.1875,-4.875,-4.1875,23.75,-21.8125,750.0,10.0,390.0,200.0,0.0,0.0,254.0,20.0,0.0,8.0,0.0,0.0,1.0,0.0,8.0,0.0,5.0,2.0,4.0,100.0,30.0,4687.0,100.0,0.0,0.0,0.0,0.0,26.0,0.0,0.0,4.1000000000000005,5000.0,4990.0,4990.0,1.0,1.0,0.0,22.0,2512.0,0.0,255.0,850.0,251.0,0.0,0.0,1245716.0,3.008,3.0,50.0
1788624269996,2026-09-05T20:04:29.996,0.0,4.0,0.0,1.0,1425.0,14.100000000000001,83.0,1.75,1.75,1.75,1.75,0.0,1.0,53.0,0.0,0.0,43.0,75.5,92.5,0.027762520000000013,0.027762520000000013,0.0,0.999,6.0,33.0,33.0,-19.0,1.0,1.0,1.0,1.0,0.0,0.0,0.0,0.0,48.0,13.0,14.0,8.8,210.0,231.0,2.0,2.0,600.0,4380.0,0.0,0.0,0.0,1.0,19483.0,8.3,1.0,0.0,-25.375,-13.875,-15.25,27.3125,-25.375,750.0,10.0,390.0,200.0,0.0,0.0,254.0,20.0,0.0,8.0,0.0,1.0,0.0,0.0,8.0,0.0,5.0,1.0,4.0,0.0,29.0,4687.0,100.0,0.0,0.0,0.0,0.0,26.0,0.0,0.0,4.1000000000000005,5000.0,4990.0,4980.0,1.0,1.0,0.0,22.0,1802.0,0.0,255.0,850.0,249.0,0.0,0.0,1245716.0,3.008,3.0,50.0
1788624270754,2026-09-05T20:04:30.754,0.0,4.0,0.0,1.0,958.0,14.100000000000001,84.0,2.56,2.56,2.56,2.56,0.0,1.0,97.0,0.0,0.0,53.0,0.0,0.0,0.049584320000000015,0.049584320000000015,0.0,0.999,4.0,21.0,21.0,-8.0,18.0,18.0,18.0,18.0,0.0,0.0,0.0,0.0,48.0,22.0,20.0,11.3,357.0,315.0,3.0,3.0,660.0,4320.0,0.0,0.0,0.0,1.0,19483.0,12.4,0.0,0.0,-26.8125,-0.5,-0.3125,28.75,-26.8125,750.0,10.0,390.0,200.0,0.0,0.0,254.0,20.0,0.0,8.0,0.0,1.0,0.0,0.0,8.0,0.0,5.0,1.0,4.0,0.0,30.0,4687.0,100.0,0.0,0.0,0.0,0.0,26.0,0.0,0.0,4.1000000000000005,5000.0,4990.0,4980.0,1.0,1.0,0.0,22.0,2099.0,0.0,255.0,850.0,258.0,0.0,0.0,1245716.0,3.008,3.0,50.0
1788624271603,2026-09-05T20:04:31.603,0.0,4.0,0.0,1.0,970.0,14.100000000000001,84.0,2.5500000000000003,2.5500000000000003,2.5500000000000003,2.5500000000000003,1.0,1.0,815.0,1.0,0.0,781.0,76.0,92.5,0.027503100000000003,0.027503100000000003,0.0,0.999,0.0,21.0,21.0,-8.0,3.0,3.0,3.0,3.0,0.0,0.0,0.0,0.0,48.0,17.0,18.0,9.200000000000001,273.0,294.0,2.0,2.0,610.0,4370.0,0.0,0.0,0.0,1.0,19483.0,8.9,0.0,0.0,-27.4375,-3.3125,-3.9375,29.375,-27.4375,750.0,10.0,390.0,200.0,0.0,0.0,254.0,20.0,0.0,8.0,0.0,0.0,0.0,0.0,8.0,0.0,5.0,1.0,4.0,0.0,28.0,4687.0,100.0,0.0,0.0,0.0,0.0,27.0,0.0,0.0,4.1000000000000005,5000.0,4990.0,4970.0,1.0,1.0,0.0,22.0,1847.0,0.0,255.0,850.0,265.0,0.0,0.0,1245716.0,3.008,3.0,50.0
1788624272337,2026-09-05T20:04:32.337,0.0,4.0,0.0,1.0,933.0,14.200000000000001,84.0,2.15,2.15,2.15,2.15,1.0,1.0,781.0,1.0,0.0,805.0,75.5,91.5,0.016996589999999978,0.016996589999999978,0.0,0.999,0.0,24.0,24.0,-3.0,8.0,8.0,8.0,8.0,0.0,0.0,0.0,0.0,48.0,16.0,16.0,8.200000000000001,273.0,273.0,2.0,2.0,600.0,4370.0,0.0,0.0,0.0,1.0,19483.0,8.200000000000001,1.0,0.0,-27.0,-3.8125,-4.75,28.9375,-27.0,750.0,11.0,390.0,200.0,0.0,0.0,254.0,20.0,0.0,8.0,0.0,0.0,0.0,0.0,8.0,0.0,5.0,1.0,4.0,0.0,28.0,4687.0,100.0,0.0,0.0,0.0,0.0,27.0,0.0,0.0,4.1000000000000005,5000.0,4990.0,4980.0,1.0,1.0,0.0,22.0,1579.0,0.0,255.0,850.0,265.0,0.0,0.0,1245716.0,3.008,3.0,50.0
1788624273175,2026-09-05T20:04:33.175,0.0,4.0,0.0,1.0,888.0,14.100000000000001,84.0,2.15,2.15,2.15,2.15,1.0,1.0,786.0,1.0,0.0,791.0,76.5,92.5,0.008435729999999975,0.008435729999999975,0.0,0.999,0.0,23.0,23.0,-4.0,6.0,6.0,6.0,6.0,0.0,0.0,0.0,0.0,48.0,18.0,17.0,8.1,294.0,273.0,2.0,2.0,600.0,4380.0,0.0,0.0,0.0,1.0,19483.0,8.6,0.0,0.0,-27.3125,-3.5,-5.5625,29.25,-27.3125,750.0,11.0,390.0,200.0,0.0,0.0,254.0,20.0,0.0,8.0,0.0,0.0,1.0,0.0,8.0,0.0,5.0,1.0,4.0,100.0,28.0,4687.0,100.0,0.0,0.0,0.0,0.0,27.0,0.0,0.0,4.1000000000000005,5000.0,4990.0,4980.0,1.0,1.0,0.0,22.0,1677.0,0.0,255.0,850.0,264.0,0.0,0.0,1245716.0,3.008,3.0,50.0
1788624273867,2026-09-05T20:04:33.867,0.0,4.0,0.0,1.0,804.0,14.200000000000001,84.0,2.32,2.32,2.32,2.32,1.0,1.0,791.0,1.0,0.0,805.0,78.0,93.5,-5.142600000000164E-4,-5.142600000000164E-4,0.0,0.999,0.0,19.0,19.0,-8.0,17.0,17.0,17.0,17.0,0.0,0.0,0.0,0.0,48.0,28.0,20.0,9.9,441.0,315.0,4.0,3.0,660.0,4330.0,0.0,0.0,0.0,1.0,19483.0,13.0,1.0,0.0,29.75,7.1875,7.5625,28.5,29.75,750.0,11.0,910.0,430.0,15.3,14.200000000000001,254.0,20.0,0.0,8.0,0.0,0.0,1.0,0.0,8.0,0.0,5.0,2.0,4.0,100.0,28.0,4687.0,100.0,0.0,0.0,0.0,0.0,27.0,0.0,0.0,4.1000000000000005,5000.0,4990.0,4970.0,1.0,1.0,0.0,22.0,1597.0,0.0,255.0,850.0,264.0,0.0,0.0,1245716.0,3.008,3.0,50.0
1788624274657,2026-09-05T20:04:34.657,0.0,4.0,0.0,1.0,1187.0,14.100000000000001,84.0,4.86,4.86,4.86,4.86,1.0,1.0,756.0,1.0,0.0,761.0,77.5,92.5,-0.06064628999999999,-0.06064628999999999,0.0,0.999,0.0,19.0,19.0,-36.0,4.0,4.0,4.0,4.0,0.0,0.0,0.0,0.0,48.0,30.0,34.0,28.0,441.0,483.0,7.0,7.0,810.0,4170.0,0.0,0.0,0.0,1.0,19483.0,25.1,1.0,0.0,21.375,28.5625,28.125,26.625,21.375,750.0,12.0,760.0,360.0,11.100000000000001,10.100000000000001,254.0,20.0,0.0,8.0,0.0,0.0,1.0,0.0,8.0,0.0,5.0,2.0,4.0,100.0,28.0,4687.0,100.0,0.0,0.0,0.0,0.0,27.0,0.0,0.0,4.1000000000000005,5000.0,4990.0,4970.0,1.0,1.0,0.0,22.0,2249.0,0.0,255.0,850.0,264.0,0.0,0.0,1245716.0,3.008,3.0,50.0
1788624275495,2026-09-05T20:04:35.495,0.0,4.0,0.0,1.0,1614.0,14.0,84.0,2.39,2.39,2.39,2.39,0.0,1.0,43.0,0.0,0.0,43.0,78.0,92.5,-0.05919658999999999,-0.05919658999999999,1.0,0.999,0.0,26.0,26.0,-9.0,26.0,26.0,26.0,26.0,0.0,0.0,0.0,0.0,48.0,19.0,19.0,13.100000000000001,294.0,294.0,4.0,4.0,670.0,4310.0,0.0,0.0,0.0,1.0,19483.0,13.200000000000001,0.0,0.0,8.6875,4.5625,4.4375,28.3125,8.6875,750.0,13.0,660.0,310.0,8.1,6.9,254.0,20.0,0.0,8.0,0.0,0.0,1.0,0.0,8.0,0.0,5.0,1.0,4.0,100.0,28.0,4687.0,100.0,0.0,0.0,0.0,0.0,27.0,0.0,0.0,4.1000000000000005,5000.0,4990.0,4980.0,1.0,1.0,0.0,22.0,1902.0,0.0,255.0,850.0,264.0,0.0,0.0,1245716.0,3.008,3.0,50.0
1788624276274,2026-09-05T20:04:36.274,0.0,4.0,0.0,1.0,1062.0,13.700000000000001,85.0,3.7600000000000002,3.7600000000000002,3.7600000000000002,3.7600000000000002,1.0,1.0,532.0,0.0,0.0,53.0,82.5,97.5,-0.030957960000000007,-0.030957960000000007,1.0,0.999,0.0,16.0,16.0,-33.0,-2.0,-2.0,-2.0,-2.0,0.0,0.0,0.0,0.0,48.0,26.0,27.0,15.9,399.0,420.0,4.0,4.0,700.0,4280.0,0.0,0.0,0.0,1.0,19483.0,15.200000000000001,1.0,0.0,9.75,11.8125,9.125,28.5,9.75,750.0,14.0,670.0,320.0,8.3,7.2,254.0,20.0,0.0,8.0,0.0,0.0,0.0,0.0,8.0,0.0,5.0,2.0,4.0,0.0,28.0,4687.0,100.0,0.0,0.0,0.0,0.0,27.0,0.0,0.0,4.1000000000000005,5000.0,4990.0,4990.0,1.0,1.0,0.0,22.0,2114.0,0.0,255.0,850.0,264.0,0.0,0.0,1245716.0,3.008,3.0,50.0
1788624277347,2026-09-05T20:04:37.347,0.0,4.0,0.0,1.0,1145.0,14.100000000000001,85.0,2.85,2.85,2.85,2.85,0.0,1.0,53.0,0.0,0.0,53.0,78.5,92.5,-0.03990795,-0.03990795,1.0,0.999,0.0,19.0,19.0,-33.0,15.0,15.0,15.0,15.0,0.0,0.0,0.0,0.0,48.0,25.0,23.0,14.8,378.0,357.0,4.0,4.0,700.0,4280.0,0.0,0.0,0.0,1.0,19483.0,15.8,0.0,0.0,14.875,12.5625,11.625,28.4375,14.875,750.0,15.0,800.0,380.0,12.200000000000001,11.0,254.0,20.0,0.0,8.0,0.0,0.0,0.0,0.0,8.0,0.0,5.0,2.0,4.0,0.0,28.0,4687.0,100.0,0.0,0.0,0.0,0.0,27.0,0.0,0.0,4.1000000000000005,5000.0,4990.0,4990.0,1.0,1.0,0.0,22.0,2374.0,0.0,255.0,850.0,264.0,0.0,0.0,1245716.0,3.008,3.0,50.0
1788624278104,2026-09-05T20:04:38.104,0.0,4.0,0.0,1.0,1227.0,14.100000000000001,85.0,3.69,3.69,3.69,3.69,0.0,1.0,58.0,0.0,0.0,48.0,78.5,91.5,0.007642209999999983,0.007642209999999983,1.0,0.999,0.0,18.0,18.0,-34.0,11.0,11.0,11.0,11.0,0.0,0.0,0.0,0.0,48.0,43.0,35.0,25.700000000000003,630.0,504.0,9.0,9.0,900.0,4070.0,0.0,0.0,0.0,1.0,19483.0,30.1,1.0,0.0,52.1875,39.375,38.625,26.0,52.1875,750.0,16.0,1160.0,560.0,22.8,21.400000000000002,254.0,20.0,0.0,8.0,0.0,0.0,0.0,0.0,8.0,0.0,5.0,2.0,4.0,0.0,28.0,4687.0,100.0,0.0,0.0,0.0,0.0,27.0,0.0,0.0,4.1000000000000005,5000.0,4990.0,4990.0,1.0,1.0,0.0,22.0,1675.0,0.0,255.0,850.0,264.0,0.0,0.0,1245716.0,3.008,3.0,50.0
1788624278893,2026-09-05T20:04:38.893,0.0,4.0,0.0,1.0,1393.0,14.100000000000001,85.0,7.33,7.33,7.33,7.33,1.0,1.0,771.0,1.0,0.0,747.0,80.0,92.0,-0.023991769999999996,-0.023991769999999996,1.0,0.999,0.0,16.0,16.0,-36.0,1.0,1.0,1.0,1.0,0.0,0.0,0.0,0.0,48.0,28.0,41.0,30.200000000000003,378.0,546.0,6.0,6.0,790.0,4200.0,0.0,11.0,0.0,1.0,19483.0,22.0,0.0,0.0,13.9375,32.1875,28.75,24.8125,13.9375,750.0,19.0,720.0,340.0,9.8,8.6,254.0,20.0,0.0,8.0,0.0,0.0,0.0,0.0,8.0,0.0,5.0,2.0,4.0,0.0,28.0,4687.0,100.0,0.0,0.0,0.0,0.0,27.0,0.0,0.0,4.1000000000000005,5000.0,4990.0,4980.0,1.0,1.0,0.0,22.0,2177.0,0.0,255.0,850.0,264.0,0.0,0.0,1245716.0,3.008,3.0,50.0
1788624279673,2026-09-05T20:04:39.673,0.0,4.0,0.0,1.0,1519.0,14.200000000000001,85.0,2.31,2.31,2.31,2.31,0.0,1.0,48.0,0.0,0.0,87.0,78.0,91.5,-0.04462329000000001,-0.04462329000000001,1.0,0.999,0.0,25.0,25.0,-29.0,21.0,21.0,21.0,21.0,0.0,0.0,0.0,0.0,47.0,16.0,18.0,15.3,252.0,273.0,4.0,4.0,670.0,4310.0,0.0,0.0,0.0,1.0,19483.0,14.100000000000001,0.0,0.0,3.1875,4.5,4.5,25.4375,3.1875,750.0,20.0,680.0,320.0,8.3,7.2,254.0,20.0,0.0,8.0,0.0,0.0,0.0,0.0,8.0,0.0,5.0,2.0,4.0,0.0,29.0,4687.0,100.0,0.0,0.0,0.0,0.0,27.0,0.0,0.0,4.1000000000000005,5000.0,4990.0,4980.0,1.0,1.0,0.0,22.0,2603.0,0.0,255.0,850.0,264.0,0.0,0.0,1245716.0,3.008,3.0,50.0
1788624280437,2026-09-05T20:04:40.437,0.0,4.0,0.0,1.0,1566.0,14.100000000000001,85.0,2.15,2.15,2.15,2.15,0.0,1.0,43.0,0.0,0.0,34.0,78.0,91.5,0.003033689999999978,0.003033689999999978,1.0,0.999,0.0,31.0,31.0,-5.0,31.0,31.0,31.0,31.0,0.0,0.0,0.0,0.0,47.0,16.0,17.0,14.200000000000001,231.0,252.0,4.0,4.0,670.0,4320.0,0.0,0.0,0.0,1.0,19483.0,13.5,1.0,0.0,-1.5625,1.625,1.625,25.4375,-1.5625,750.0,20.0,530.0,250.0,4.2,3.1,254.0,20.0,0.0,8.0,0.0,0.0,0.0,0.0,8.0,0.0,5.0,2.0,4.0,0.0,29.0,4687.0,100.0,0.0,0.0,0.0,0.0,27.0,0.0,0.0,4.1000000000000005,5000.0,4990.0,4980.0,1.0,1.0,0.0,22.0,3807.0,0.0,255.0,850.0,254.0,0.0,0.0,1245716.0,3.008,3.0,50.0
1788624281172,2026-09-05T20:04:41.172,0.0,4.0,0.0,1.0,1543.0,14.200000000000001,85.0,1.85,1.85,1.85,1.85,0.0,1.0,53.0,0.0,0.0,43.0,79.0,92.0,0.048195659999999974,0.048195659999999974,1.0,0.999,0.0,37.0,37.0,-15.0,9.0,9.0,9.0,9.0,0.0,0.0,0.0,0.0,47.0,13.0,14.0,11.8,210.0,210.0,3.0,3.0,640.0,4330.0,0.0,0.0,0.0,1.0,19483.0,11.700000000000001,0.0,0.0,-24.625,-16.5625,-15.375,26.5625,-24.625,750.0,20.0,440.0,200.0,1.5,0.4,254.0,20.0,0.0,8.0,0.0,0.0,0.0,0.0,8.0,0.0,5.0,2.0,4.0,0.0,29.0,4687.0,100.0,0.0,0.0,0.0,0.0,27.0,0.0,0.0,4.1000000000000005,5000.0,4990.0,4980.0,1.0,1.0,0.0,22.0,3011.0,0.0,255.0,850.0,232.0,0.0,0.0,1245716.0,3.008,3.0,50.0
1788624281929,2026-09-05T20:04:41.929,0.0,4.0,0.0,1.0,1587.0,14.200000000000001,85.0,1.8800000000000001,1.8800000000000001,1.8800000000000001,1.8800000000000001,0.0,1.0,48.0,0.0,0.0,48.0,78.0,92.0,0.09223601999999997,0.09223601999999997,1.0,0.999,0.0,37.0,37.0,-15.0,-11.0,-11.0,-11.0,-11.0,0.0,0.0,0.0,0.0,47.0,13.0,14.0,11.8,210.0,210.0,3.0,3.0,650.0,4340.0,0.0,0.0,0.0,1.0,19483.0,11.4,1.0,0.0,-24.1875,-24.1875,-24.4375,26.125,-24.1875,750.0,20.0,450.0,200.0,1.6,0.30000000000000004,254.0,20.0,0.0,8.0,0.0,0.0,0.0,0.0,8.0,0.0,5.0,0.0,4.0,0.0,28.0,4687.0,100.0,0.0,0.0,0.0,0.0,27.0,0.0,0.0,4.1000000000000005,5000.0,4990.0,4990.0,1.0,1.0,0.0,22.0,3001.0,0.0,255.0,850.0,227.0,0.0,0.0,1245716.0,3.008,3.0,50.0
1788624282666,2026-09-05T20:04:42.666,0.0,4.0,0.0,1.0,1525.0,14.100000000000001,85.0,0.0,0.0,0.0,0.0,0.0,0.0,4.0,0.0,0.0,14.0,78.0,92.5,1.9839999999993196E-5,1.9839999999993196E-5,1.0,0.999,0.0,37.0,37.0,4.0,4.0,4.0,4.0,4.0,0.0,0.0,0.0,0.0,47.0,13.0,14.0,11.5,210.0,210.0,3.0,3.0,620.0,4350.0,0.0,0.0,0.0,1.0,19483.0,11.0,1.0,0.0,-24.5,-24.5,-24.75,26.4375,-24.5,750.0,19.0,460.0,210.0,0.9,0.0,254.0,20.0,0.0,8.0,0.0,0.0,0.0,0.0,8.0,0.0,5.0,0.0,4.0,0.0,27.0,4687.0,100.0,0.0,0.0,0.0,0.0,27.0,0.0,0.0,4.1000000000000005,5000.0,4990.0,4990.0,1.0,1.0,0.0,22.0,2371.0,0.0,255.0,850.0,225.0,0.0,0.0,1245716.0,3.008,3.0,50.0
1788624283513,2026-09-05T20:04:43.513,0.0,4.0,0.0,1.0,1472.0,14.100000000000001,85.0,0.0,0.0,0.0,0.0,0.0,0.0,0.0,0.0,0.0,0.0,79.5,93.0,1.9839999999993196E-5,1.9839999999993196E-5,1.0,0.999,0.0,37.0,37.0,3.0,3.0,3.0,3.0,3.0,0.0,0.0,0.0,0.0,47.0,13.0,14.0,10.8,210.0,210.0,3.0,3.0,630.0,4350.0,0.0,0.0,0.0,1.0,19483.0,10.4,0.0,0.0,-24.875,-24.875,-25.0625,26.8125,-24.875,750.0,18.0,490.0,230.0,0.5,0.0,254.0,20.0,0.0,8.0,0.0,0.0,0.0,0.0,8.0,0.0,5.0,0.0,4.0,0.0,27.0,4687.0,100.0,0.0,0.0,0.0,0.0,27.0,0.0,0.0,4.1000000000000005,5000.0,4990.0,4980.0,1.0,1.0,0.0,22.0,2116.0,0.0,255.0,850.0,226.0,0.0,0.0,1245716.0,3.008,3.0,50.0
1788624284325,2026-09-05T20:04:44.325,0.0,4.0,0.0,1.0,1422.0,14.100000000000001,85.0,0.0,0.0,0.0,0.0,0.0,0.0,0.0,0.0,0.0,0.0,81.0,92.0,1.9839999999993196E-5,1.9839999999993196E-5,1.0,0.999,0.0,37.0,37.0,3.0,3.0,3.0,3.0,3.0,0.0,0.0,0.0,0.0,47.0,13.0,13.0,10.3,210.0,210.0,2.0,2.0,620.0,4360.0,0.0,0.0,0.0,1.0,19483.0,10.100000000000001,1.0,0.0,-24.875,-24.875,-25.125,26.8125,-24.875,750.0,18.0,550.0,260.0,2.3000000000000003,0.9,254.0,20.0,0.0,8.0,0.0,0.0,0.0,0.0,8.0,0.0,5.0,0.0,4.0,0.0,28.0,4687.0,100.0,0.0,0.0,0.0,0.0,27.0,0.0,0.0,4.1000000000000005,5000.0,4990.0,4980.0,1.0,1.0,0.0,22.0,4135.0,0.0,255.0,850.0,225.0,0.0,0.0,1245716.0,3.008,3.0,50.0
1788624285427,2026-09-05T20:04:45.427,0.0,4.0,0.0,1.0,1351.0,14.200000000000001,85.0,2.56,2.56,2.56,2.56,0.0,0.0,0.0,0.0,0.0,0.0,83.0,92.5,1.9839999999993196E-5,1.9839999999993196E-5,1.0,1.562,0.0,43.0,41.0,-18.0,26.0,26.0,26.0,26.0,0.0,0.0,0.0,0.0,47.0,14.0,15.0,11.3,231.0,231.0,3.0,3.0,640.0,4350.0,0.0,0.0,0.0,1.0,19483.0,11.200000000000001,0.0,0.0,-1.8125,-4.0,-3.5,27.875,-1.8125,750.0,17.0,620.0,290.0,4.3,3.4000000000000004,254.0,20.0,0.0,8.0,0.0,0.0,0.0,0.0,8.0,0.0,5.0,2.0,4.0,0.0,28.0,4687.0,100.0,0.0,0.0,0.0,0.0,27.0,0.0,0.0,4.1000000000000005,5000.0,4990.0,4980.0,1.0,1.0,0.0,22.0,4200.0,0.0,255.0,850.0,225.0,0.0,0.0,1245716.0,3.008,3.0,50.0
1788624286202,2026-09-05T20:04:46.202,0.0,4.0,0.0,1.0,1395.0,14.100000000000001,85.0,1.93,1.93,1.93,1.93,1.0,1.0,839.0,1.0,0.0,766.0,84.0,92.5,-0.002238640000000014,-0.002238640000000014,1.0,1.176,0.0,35.0,35.0,-21.0,33.0,33.0,33.0,33.0,0.0,0.0,0.0,0.0,47.0,15.0,15.0,10.700000000000001,252.0,231.0,3.0,3.0,630.0,4350.0,0.0,0.0,0.0,1.0,19483.0,11.0,1.0,0.0,-2.5,-7.0,-7.875,27.4375,-2.5,750.0,18.0,620.0,290.0,4.3,3.4000000000000004,254.0,20.0,0.0,8.0,0.0,0.0,0.0,0.0,8.0,0.0,5.0,2.0,4.0,0.0,27.0,4687.0,100.0,0.0,0.0,0.0,0.0,27.0,0.0,0.0,4.1000000000000005,5000.0,4990.0,4970.0,1.0,1.0,0.0,22.0,2496.0,0.0,255.0,850.0,225.0,0.0,0.0,1245716.0,3.008,3.0,50.0
1788624287057,2026-09-05T20:04:47.057,0.0,4.0,0.0,1.0,1343.0,14.100000000000001,85.0,1.96,1.96,1.96,1.96,0.0,1.0,39.0,0.0,0.0,39.0,84.0,92.5,0.011915010000000004,0.011915010000000004,1.0,0.999,0.0,34.0,34.0,-21.0,22.0,22.0,22.0,22.0,0.0,0.0,0.0,0.0,47.0,15.0,15.0,11.3,231.0,231.0,3.0,3.0,640.0,4350.0,0.0,0.0,0.0,1.0,19483.0,11.3,0.0,0.0,-2.5,-2.4375,-2.75,27.4375,-2.5,750.0,18.0,620.0,290.0,4.5,3.4000000000000004,254.0,20.0,0.0,8.0,0.0,0.0,0.0,0.0,8.0,0.0,5.0,2.0,4.0,0.0,28.0,4687.0,100.0,0.0,0.0,0.0,0.0,27.0,0.0,0.0,4.1000000000000005,5000.0,4990.0,4980.0,1.0,1.0,0.0,22.0,4057.0,0.0,255.0,850.0,225.0,0.0,0.0,1245716.0,3.008,3.0,50.0
1788624287942,2026-09-05T20:04:47.942,0.0,4.0,0.0,1.0,1356.0,14.100000000000001,85.0,2.0300000000000002,2.0300000000000002,2.0300000000000002,2.0300000000000002,0.0,1.0,48.0,0.0,0.0,39.0,84.5,92.5,0.055955370000000004,0.055955370000000004,1.0,0.999,0.0,34.0,34.0,-9.0,33.0,33.0,33.0,33.0,0.0,0.0,0.0,0.0,48.0,15.0,15.0,11.200000000000001,231.0,231.0,3.0,3.0,640.0,4350.0,0.0,0.0,0.0,1.0,19483.0,11.200000000000001,1.0,0.0,-2.3125,-2.9375,-2.9375,27.9375,-2.3125,750.0,17.0,620.0,290.0,4.3,3.4000000000000004,254.0,20.0,0.0,8.0,0.0,0.0,0.0,0.0,8.0,0.0,5.0,2.0,4.0,0.0,28.0,4687.0,100.0,0.0,0.0,0.0,0.0,27.0,0.0,0.0,4.1000000000000005,5000.0,4990.0,5000.0,1.0,1.0,0.0,22.0,3971.0,0.0,255.0,850.0,226.0,0.0,0.0,1245716.0,3.008,3.0,50.0
1788624288810,2026-09-05T20:04:48.810,0.0,4.0,0.0,1.0,1378.0,14.200000000000001,85.0,2.14,2.14,2.14,2.14,0.0,1.0,78.0,0.0,0.0,58.0,84.5,92.5,0.10112496999999998,0.10112496999999998,1.0,0.999,0.0,35.0,35.0,-21.0,21.0,21.0,21.0,21.0,0.0,0.0,0.0,0.0,48.0,13.0,14.0,10.4,210.0,231.0,2.0,2.0,620.0,4370.0,0.0,0.0,0.0,1.0,19483.0,9.8,0.0,0.0,-21.375,-11.0,-10.3125,27.5,-25.5625,750.0,18.0,530.0,240.0,1.5,0.30000000000000004,254.0,20.0,0.0,8.0,0.0,0.0,0.0,0.0,8.0,0.0,5.0,2.0,4.0,0.0,27.0,4687.0,100.0,0.0,0.0,0.0,0.0,27.0,0.0,0.0,4.1000000000000005,5000.0,4990.0,4970.0,1.0,1.0,0.0,22.0,3517.0,0.0,255.0,850.0,225.0,0.0,0.0,1245716.0,3.008,3.0,50.0
1788624289510,2026-09-05T20:04:49.510,0.0,4.0,0.0,1.0,1294.0,14.100000000000001,85.0,1.81,1.81,1.81,1.81,1.0,1.0,751.0,1.0,0.0,678.0,84.5,92.5,0.09713447999999997,0.09713447999999997,1.0,0.999,0.0,36.0,36.0,-16.0,0.0,0.0,0.0,0.0,0.0,0.0,0.0,0.0,48.0,13.0,13.0,9.5,210.0,210.0,2.0,2.0,620.0,4370.0,0.0,0.0,0.0,1.0,19483.0,9.5,0.0,0.0,-26.3125,-22.6875,-21.9375,28.25,-26.3125,750.0,17.0,390.0,200.0,0.0,0.0,254.0,20.0,0.0,8.0,0.0,0.0,0.0,0.0,8.0,0.0,5.0,2.0,4.0,0.0,24.0,4687.0,100.0,0.0,0.0,0.0,0.0,27.0,0.0,0.0,4.1000000000000005,5000.0,4990.0,4970.0,1.0,1.0,0.0,22.0,2112.0,0.0,255.0,850.0,220.0,0.0,0.0,1245716.0,3.008,3.0,50.0
1788624290301,2026-09-05T20:04:50.301,0.0,4.0,0.0,1.0,1284.0,14.100000000000001,85.0,1.8,1.8,1.8,1.8,0.0,1.0,34.0,0.0,0.0,29.0,84.0,92.0,0.11595769,0.11595769,1.0,0.999,0.0,34.0,34.0,5.0,5.0,5.0,5.0,5.0,0.0,0.0,0.0,0.0,48.0,13.0,13.0,8.9,210.0,210.0,2.0,2.0,610.0,4370.0,0.0,0.0,0.0,1.0,19483.0,9.0,1.0,0.0,-26.75,-26.75,-16.3125,28.6875,-26.75,750.0,16.0,390.0,200.0,0.0,0.0,254.0,20.0,0.0,8.0,0.0,0.0,0.0,0.0,8.0,0.0,5.0,2.0,4.0,0.0,25.0,4687.0,100.0,0.0,0.0,0.0,0.0,27.0,0.0,0.0,4.1000000000000005,5000.0,4990.0,4990.0,1.0,1.0,0.0,22.0,2031.0,0.0,255.0,850.0,218.0,0.0,0.0,1245716.0,3.008,3.0,50.0
1788624291059,2026-09-05T20:04:51.059,0.0,4.0,0.0,1.0,1230.0,14.100000000000001,85.0,1.7,1.7,1.7,1.7,1.0,1.0,766.0,1.0,0.0,649.0,84.5,92.5,0.10546644,0.10546644,1.0,0.999,0.0,33.0,33.0,7.0,7.0,7.0,7.0,7.0,0.0,0.0,0.0,0.0,48.0,13.0,12.0,8.200000000000001,210.0,210.0,2.0,2.0,600.0,4390.0,0.0,0.0,0.0,1.0,19483.0,8.6,0.0,0.0,-27.4375,-27.4375,-16.5625,29.375,-27.4375,750.0,16.0,390.0,200.0,0.0,0.0,254.0,20.0,0.0,8.0,0.0,0.0,0.0,0.0,8.0,0.0,5.0,2.0,4.0,0.0,26.0,4687.0,100.0,0.0,0.0,0.0,0.0,27.0,0.0,0.0,4.1000000000000005,5000.0,4990.0,4980.0,1.0,1.0,0.0,22.0,2032.0,0.0,255.0,850.0,213.0,0.0,0.0,1245716.0,3.008,3.0,50.0
1788624291796,2026-09-05T20:04:51.796,0.0,4.0,0.0,1.0,1208.0,14.100000000000001,85.0,1.61,1.61,1.61,1.61,1.0,1.0,761.0,1.0,0.0,786.0,84.0,92.0,0.06981907999999998,0.06981907999999998,1.0,0.999,0.0,34.0,34.0,8.0,8.0,8.0,8.0,8.0,0.0,0.0,0.0,0.0,48.0,12.0,12.0,7.800000000000001,210.0,210.0,2.0,2.0,600.0,4370.0,0.0,0.0,0.0,1.0,19483.0,8.1,1.0,0.0,-27.5625,-27.5625,-16.5,29.5,-27.5625,750.0,15.0,390.0,200.0,0.0,0.0,254.0,20.0,0.0,8.0,0.0,0.0,0.0,0.0,8.0,0.0,5.0,1.0,4.0,0.0,27.0,4687.0,100.0,0.0,0.0,0.0,0.0,27.0,0.0,0.0,4.1000000000000005,5000.0,4990.0,4980.0,1.0,1.0,0.0,22.0,1994.0,0.0,255.0,850.0,215.0,0.0,0.0,1245716.0,3.008,3.0,50.0
1788624292710,2026-09-05T20:04:52.710,0.0,4.0,0.0,1.0,1146.0,14.100000000000001,85.0,1.68,1.68,1.68,1.68,0.0,1.0,87.0,0.0,0.0,83.0,84.0,92.0,0.07998223999999998,0.07998223999999998,1.0,0.999,0.0,34.0,34.0,7.0,7.0,7.0,7.0,7.0,0.0,0.0,0.0,0.0,48.0,12.0,12.0,7.6000000000000005,210.0,210.0,2.0,2.0,590.0,4390.0,0.0,0.0,0.0,1.0,19483.0,7.800000000000001,1.0,0.0,-28.0,-21.3125,-16.8125,29.9375,-28.0,750.0,14.0,390.0,200.0,0.0,0.0,254.0,20.0,0.0,8.0,0.0,1.0,0.0,0.0,8.0,0.0,5.0,1.0,4.0,0.0,27.0,4687.0,100.0,0.0,0.0,0.0,0.0,27.0,0.0,0.0,4.1000000000000005,5000.0,4990.0,4980.0,1.0,1.0,0.0,22.0,2685.0,0.0,255.0,850.0,228.0,0.0,0.0,1245716.0,3.008,3.0,50.0
1788624293718,2026-09-05T20:04:53.718,0.0,4.0,0.0,1.0,1045.0,14.100000000000001,85.0,1.73,1.73,1.73,1.73,0.0,1.0,117.0,0.0,0.0,78.0,84.5,92.5,0.09537194999999998,0.09537194999999998,1.0,0.999,4.0,33.0,33.0,7.0,7.0,7.0,7.0,7.0,0.0,0.0,0.0,0.0,48.0,12.0,13.0,6.9,210.0,210.0,1.0,1.0,580.0,4400.0,0.0,0.0,0.0,1.0,19483.0,6.7,0.0,0.0,-27.9375,-9.8125,-13.4375,29.875,-27.9375,750.0,12.0,390.0,200.0,0.0,0.0,254.0,20.0,0.0,8.0,0.0,1.0,1.0,0.0,8.0,0.0,5.0,1.0,4.0,100.0,27.0,4687.0,100.0,0.0,0.0,0.0,0.0,27.0,0.0,0.0,4.1000000000000005,5000.0,4990.0,4990.0,1.0,1.0,0.0,22.0,1844.0,0.0,255.0,850.0,227.0,0.0,0.0,1245716.0,3.008,3.0,50.0
1788624294513,2026-09-05T20:04:54.513,0.0,4.0,0.0,1.0,761.0,14.100000000000001,85.0,2.84,2.84,2.84,2.84,1.0,1.0,756.0,1.0,0.0,761.0,84.5,92.5,0.04703590000000002,0.04703590000000002,1.0,0.999,7.0,16.0,16.0,-14.0,-1.0,-1.0,-1.0,-1.0,0.0,0.0,0.0,0.0,48.0,23.0,21.0,9.1,357.0,336.0,2.0,2.0,620.0,4360.0,0.0,0.0,0.0,1.0,19483.0,9.700000000000001,1.0,0.0,-27.1875,-1.8125,-1.375,29.125,-27.1875,750.0,9.0,390.0,200.0,0.0,0.0,254.0,20.0,0.0,8.0,0.0,1.0,1.0,0.0,8.0,0.0,5.0,1.0,4.0,100.0,31.0,4687.0,100.0,0.0,0.0,0.0,0.0,27.0,0.0,0.0,4.1000000000000005,5000.0,4990.0,4980.0,1.0,1.0,0.0,22.0,1604.0,0.0,255.0,850.0,227.0,0.0,0.0,1245716.0,3.008,3.0,50.0
1788624295353,2026-09-05T20:04:55.353,0.0,4.0,0.0,1.0,763.0,14.0,85.0,2.88,2.88,2.88,2.88,1.0,1.0,820.0,1.0,0.0,800.0,86.0,94.0,0.03925329999999999,0.03925329999999999,1.0,0.999,8.0,16.0,16.0,-15.0,-1.0,-1.0,-1.0,-1.0,0.0,0.0,0.0,0.0,48.0,20.0,20.0,8.4,315.0,315.0,2.0,2.0,600.0,4390.0,0.0,0.0,0.0,1.0,19483.0,8.3,0.0,0.0,-27.625,-0.8125,-1.375,29.5625,-27.625,750.0,8.0,390.0,200.0,0.0,0.0,254.0,20.0,0.0,8.0,0.0,1.0,0.0,0.0,8.0,0.0,5.0,1.0,4.0,0.0,31.0,4687.0,100.0,0.0,0.0,0.0,0.0,27.0,0.0,0.0,4.1000000000000005,5000.0,4990.0,4980.0,1.0,1.0,0.0,22.0,1509.0,0.0,255.0,850.0,247.0,0.0,0.0,1245716.0,3.008,3.0,50.0
1788624296210,2026-09-05T20:04:56.210,0.0,4.0,0.0,1.0,767.0,14.100000000000001,85.0,2.58,2.58,2.58,2.58,1.0,1.0,830.0,1.0,0.0,839.0,85.0,92.5,0.030692439999999988,0.030692439999999988,0.0,0.999,8.0,17.0,17.0,-11.0,1.0,1.0,1.0,1.0,0.0,0.0,0.0,0.0,48.0,19.0,19.0,8.0,315.0,315.0,2.0,2.0,590.0,4390.0,0.0,0.0,0.0,1.0,19483.0,7.800000000000001,1.0,0.0,-27.75,-0.9375,-1.5625,29.6875,-27.75,750.0,7.0,390.0,200.0,0.0,0.0,254.0,20.0,0.0,8.0,0.0,0.0,1.0,0.0,8.0,0.0,5.0,1.0,4.0,100.0,32.0,4687.0,100.0,0.0,0.0,0.0,0.0,27.0,0.0,0.0,4.1000000000000005,5000.0,4990.0,4990.0,1.0,1.0,0.0,22.0,1775.0,0.0,255.0,850.0,260.0,0.0,0.0,1245716.0,3.008,3.0,50.0
1788624297030,2026-09-05T20:04:57.030,0.0,4.0,0.0,1.0,763.0,14.0,85.0,2.54,2.54,2.54,2.54,1.0,1.0,805.0,1.0,0.0,830.0,85.0,92.5,0.022131579999999984,0.022131579999999984,0.0,0.999,9.0,18.0,18.0,-11.0,1.0,1.0,1.0,1.0,0.0,0.0,0.0,0.0,48.0,24.0,19.0,8.0,378.0,315.0,2.0,2.0,600.0,4390.0,0.0,0.0,0.0,1.0,19483.0,10.0,0.0,0.0,15.4375,1.6875,2.875,28.8125,15.4375,750.0,8.0,820.0,390.0,12.3,11.3,254.0,20.0,0.0,8.0,0.0,0.0,1.0,0.0,8.0,0.0,5.0,2.0,4.0,100.0,32.0,4687.0,100.0,0.0,0.0,0.0,0.0,27.0,0.0,0.0,4.1000000000000005,5000.0,4990.0,4980.0,1.0,1.0,0.0,22.0,1844.0,0.0,255.0,850.0,259.0,0.0,0.0,1245716.0,3.008,3.0,50.0
1788624297805,2026-09-05T20:04:57.805,0.0,4.0,0.0,1.0,1073.0,14.200000000000001,85.0,5.12,5.12,5.12,5.12,1.0,1.0,781.0,1.0,0.0,815.0,85.0,92.5,-0.023198250000000004,-0.023198250000000004,0.0,0.999,18.0,17.0,17.0,-36.0,15.0,15.0,15.0,15.0,0.0,0.0,0.0,0.0,48.0,38.0,44.0,49.1,483.0,567.0,11.0,11.0,970.0,4000.0,6.0,12.0,29.0,1.0,19483.0,42.400000000000006,1.0,0.0,32.0,31.375,32.25,26.375,32.0,750.0,8.0,1160.0,560.0,22.8,21.400000000000002,254.0,20.0,0.0,8.0,0.0,0.0,1.0,0.0,8.0,0.0,5.0,2.0,4.0,100.0,32.0,4687.0,100.0,0.0,0.0,0.0,0.0,27.0,0.0,0.0,4.1000000000000005,5000.0,4990.0,4990.0,1.0,1.0,0.0,22.0,2488.0,0.0,255.0,850.0,258.0,0.0,0.0,1245716.0,3.008,3.0,50.0
1788624298664,2026-09-05T20:04:58.664,0.0,4.0,0.0,1.0,2493.0,14.200000000000001,85.0,3.85,3.85,3.85,3.85,0.0,1.0,48.0,0.0,0.0,58.0,82.5,91.5,-0.06497250000000002,-0.06497250000000002,0.0,0.999,30.0,28.0,28.0,-36.0,24.0,24.0,24.0,24.0,0.0,0.0,0.0,0.0,48.0,31.0,31.0,39.6,441.0,420.0,10.0,10.0,930.0,4040.0,0.0,0.0,0.0,1.0,19483.0,39.900000000000006,1.0,0.0,34.1875,35.3125,30.6875,22.9375,34.1875,750.0,11.0,1180.0,570.0,23.5,22.0,254.0,20.0,0.0,8.0,0.0,0.0,1.0,0.0,8.0,0.0,5.0,2.0,4.0,100.0,29.0,4687.0,100.0,0.0,0.0,0.0,0.0,27.0,0.0,0.0,4.1000000000000005,5000.0,4990.0,4970.0,1.0,1.0,0.0,22.0,2819.0,0.0,255.0,850.0,258.0,0.0,0.0,1245716.0,3.008,3.0,50.0
1788624299382,2026-09-05T20:04:59.382,0.0,4.0,0.0,1.0,1902.0,14.100000000000001,85.0,5.34,5.34,5.34,5.34,1.0,1.0,644.0,0.0,0.0,131.0,80.0,92.5,0.031531739999999975,0.031531739999999975,1.0,0.999,38.0,22.0,22.0,-36.0,5.0,5.0,5.0,5.0,0.0,0.0,0.0,0.0,47.0,40.0,40.0,44.2,567.0,567.0,12.0,12.0,1010.0,3970.0,0.0,0.0,0.0,1.0,19483.0,43.800000000000004,0.0,0.0,46.75,35.75,34.1875,22.1875,46.75,750.0,14.0,1240.0,600.0,25.0,23.8,254.0,20.0,0.0,8.0,0.0,0.0,1.0,0.0,8.0,0.0,5.0,2.0,4.0,100.0,27.0,4687.0,100.0,0.0,0.0,0.0,0.0,27.0,0.0,0.0,4.1000000000000005,5000.0,4990.0,4990.0,1.0,1.0,0.0,22.0,2834.0,0.0,255.0,850.0,258.0,0.0,0.0,1245716.0,3.008,3.0,50.0
1788624300172,2026-09-05T20:05:00.172,0.0,4.0,0.0,1.0,2215.0,14.100000000000001,85.0,5.22,5.22,5.22,5.22,1.0,1.0,766.0,1.0,0.0,668.0,76.5,92.5,-0.00271933000000002,-0.00271933000000002,1.0,0.999,44.0,24.0,24.0,-36.0,16.0,16.0,16.0,16.0,0.0,0.0,0.0,0.0,47.0,42.0,43.0,53.7,567.0,567.0,13.0,13.0,1070.0,3920.0,2.0,0.0,0.0,1.0,19483.0,52.400000000000006,1.0,0.0,48.75,49.1875,48.9375,21.1875,48.75,750.0,17.0,1340.0,640.0,28.200000000000003,26.700000000000003,254.0,20.0,0.0,8.0,0.0,0.0,0.0,0.0,8.0,0.0,5.0,2.0,4.0,0.0,31.0,4687.0,100.0,0.0,0.0,0.0,0.0,27.0,0.0,0.0,4.1000000000000005,5000.0,4990.0,4980.0,1.0,1.0,0.0,22.0,5000.0,0.0,255.0,850.0,257.0,0.0,0.0,1245716.0,3.008,3.0,50.0
1788624300962,2026-09-05T20:05:00.962,0.0,4.0,0.0,1.0,2651.0,14.100000000000001,85.0,5.29,5.29,5.29,5.29,0.0,1.0,83.0,0.0,0.0,102.0,73.0,92.0,0.02240626000000001,0.02240626000000001,2.0,0.999,62.0,25.0,25.0,-36.0,22.0,22.0,22.0,22.0,0.0,0.0,0.0,0.0,46.0,37.0,38.0,56.7,504.0,525.0,13.0,13.0,1060.0,3920.0,0.0,0.0,0.0,1.0,19483.0,54.6,0.0,0.0,40.5625,44.5,44.25,20.375,40.5625,750.0,20.0,1340.0,640.0,28.200000000000003,26.700000000000003,254.0,20.0,0.0,8.0,0.0,0.0,0.0,0.0,8.0,0.0,5.0,2.0,4.0,0.0,29.0,4687.0,100.0,0.0,0.0,0.0,0.0,27.0,0.0,0.0,4.1000000000000005,5000.0,4990.0,4990.0,1.0,1.0,0.0,22.0,4328.0,0.0,255.0,850.0,257.0,0.0,0.0,1245716.0,3.008,3.0,50.0
1788624301985,2026-09-05T20:05:01.985,0.0,4.0,0.0,1.0,3083.0,14.200000000000001,85.0,4.36,4.36,4.36,4.36,1.0,1.0,629.0,0.0,0.0,278.0,68.5,92.5,0.03797908999999999,0.03797908999999999,3.0,0.999,60.0,28.0,28.0,-36.0,24.0,24.0,24.0,24.0,0.0,0.0,0.0,0.0,46.0,58.0,51.0,101.2,777.0,693.0,30.0,29.0,1720.0,3250.0,26.0,1.0,95.0,1.0,19483.0,102.30000000000001,1.0,0.0,104.5,101.375,99.625,21.8125,104.5,750.0,24.0,2300.0,1120.0,55.6,53.900000000000006,254.0,20.0,0.0,8.0,0.0,0.0,0.0,0.0,8.0,0.0,5.0,2.0,4.0,0.0,28.0,4687.0,100.0,0.0,0.0,0.0,0.0,27.0,0.0,0.0,4.1000000000000005,5000.0,4990.0,4980.0,1.0,1.0,0.0,22.0,5000.0,0.0,255.0,850.0,257.0,0.0,0.0,1245716.0,3.008,3.0,50.0
1788624302770,2026-09-05T20:05:02.770,0.0,4.0,0.0,1.0,3959.0,14.100000000000001,85.0,11.49,11.49,11.49,11.49,1.0,1.0,795.0,1.0,0.0,727.0,64.0,92.5,0.04634919999999998,0.04634919999999998,2.0,1.077,99.0,26.0,24.0,-19.0,18.0,18.0,18.0,18.0,3.0,0.0,0.0,0.0,46.0,82.0,80.0,184.70000000000002,840.0,798.0,54.0,54.0,2760.0,2200.0,31.0,32.0,45.0,1.0,19483.0,190.10000000000002,0.0,0.0,174.5,115.8125,114.75,26.4375,174.5,750.0,31.0,3770.0,1870.0,100.0,100.0,254.0,20.0,0.0,8.0,0.0,0.0,0.0,0.0,8.0,0.0,5.0,2.0,4.0,0.0,27.0,4687.0,100.0,0.0,0.0,0.0,0.0,27.0,0.0,0.0,4.1000000000000005,5000.0,4990.0,4980.0,1.0,1.0,0.0,22.0,5000.0,0.0,255.0,850.0,257.0,0.0,0.0,1245716.0,3.008,3.0,50.0
1788624303494,2026-09-05T20:05:03.494,0.0,4.0,0.0,1.0,5008.0,14.100000000000001,85.0,13.25,13.25,13.25,13.25,1.0,0.0,854.0,1.0,0.0,844.0,58.5,92.5,1.9839999999993196E-5,1.9839999999993196E-5,2.0,1.166,99.0,31.0,27.0,-19.0,27.0,27.0,27.0,27.0,3.0,3.0,0.0,0.0,45.0,83.0,80.0,237.5,840.0,819.0,76.0,75.0,3640.0,1320.0,23.0,26.0,45.0,1.0,19483.0,239.8,0.0,0.0,169.6875,105.0,105.1875,34.4375,169.6875,750.0,38.0,3770.0,1870.0,100.0,100.0,254.0,20.0,0.0,8.0,0.0,0.0,0.0,0.0,8.0,0.0,5.0,2.0,4.0,0.0,29.0,4687.0,100.0,0.0,0.0,0.0,0.0,27.0,0.0,0.0,4.1000000000000005,5000.0,4990.0,4980.0,1.0,1.0,0.0,22.0,5000.0,0.0,255.0,850.0,257.0,0.0,0.0,1245716.0,3.008,3.0,50.0
1788624304306,2026-09-05T20:05:04.306,0.0,4.0,0.0,1.0,5978.0,14.100000000000001,85.0,13.6,13.6,13.6,13.6,1.0,0.0,883.0,1.0,0.0,883.0,52.5,92.5,1.9839999999993196E-5,1.9839999999993196E-5,2.0,1.262,99.0,30.0,26.0,-13.0,26.0,26.0,26.0,26.0,0.0,0.0,0.0,0.0,44.0,19.0,33.0,96.80000000000001,252.0,357.0,14.0,13.0,1040.0,3930.0,0.0,9.0,0.0,1.0,19483.0,66.0,1.0,0.0,-36.0,-36.0,-36.25,36.25,-36.0,750.0,43.0,390.0,190.0,0.0,0.0,254.0,20.0,0.0,8.0,0.0,0.0,1.0,0.0,8.0,0.0,5.0,0.0,4.0,100.0,33.0,4687.0,100.0,0.0,0.0,0.0,0.0,27.0,0.0,0.0,4.0,5000.0,4990.0,4980.0,1.0,1.0,0.0,22.0,5000.0,0.0,255.0,850.0,257.0,0.0,0.0,1245716.0,3.008,3.0,50.0
1788624305113,2026-09-05T20:05:05.113,0.0,4.0,0.0,1.0,5008.0,14.100000000000001,85.0,0.0,0.0,0.0,0.0,0.0,0.0,0.0,0.0,0.0,0.0,21.0,91.0,1.9839999999993196E-5,1.9839999999993196E-5,2.0,0.999,0.0,33.0,33.0,-29.0,-8.0,-8.0,-8.0,-8.0,0.0,0.0,0.0,0.0,43.0,20.0,21.0,50.800000000000004,231.0,252.0,11.0,11.0,1000.0,3980.0,0.0,0.0,0.0,1.0,19483.0,48.2,0.0,0.0,24.0,14.875,14.6875,24.9375,24.0,750.0,43.0,1460.0,700.0,31.900000000000002,30.200000000000003,254.0,20.0,0.0,8.0,0.0,0.0,1.0,0.0,8.0,0.0,5.0,2.0,4.0,100.0,35.0,4687.0,100.0,0.0,0.0,0.0,0.0,27.0,0.0,0.0,4.0,5000.0,4990.0,4980.0,1.0,1.0,0.0,22.0,5000.0,0.0,255.0,850.0,257.0,0.0,0.0,1245716.0,3.008,3.0,50.0
1788624305810,2026-09-05T20:05:05.810,0.0,4.0,0.0,1.0,3906.0,14.200000000000001,85.0,4.2700000000000005,4.2700000000000005,4.2700000000000005,4.2700000000000005,1.0,1.0,800.0,1.0,0.0,693.0,5.0,90.0,0.048172769999999976,0.048172769999999976,2.0,0.999,8.0,28.0,28.0,-20.0,13.0,13.0,13.0,13.0,0.0,0.0,0.0,0.0,43.0,25.0,30.0,57.5,336.0,399.0,12.0,12.0,1020.0,3960.0,0.0,0.0,0.0,1.0,19483.0,49.2,1.0,0.0,14.0,14.0,13.75,21.6875,14.0,750.0,45.0,1160.0,560.0,23.0,21.700000000000003,254.0,20.0,0.0,8.0,0.0,0.0,1.0,0.0,8.0,0.0,5.0,2.0,4.0,100.0,35.0,4687.0,100.0,0.0,0.0,0.0,0.0,27.0,0.0,0.0,4.0,5000.0,4990.0,4980.0,1.0,1.0,0.0,22.0,5000.0,0.0,255.0,850.0,257.0,0.0,0.0,1245716.0,3.008,3.0,50.0
1788624306682,2026-09-05T20:05:06.682,0.0,4.0,0.0,1.0,3498.0,14.200000000000001,85.0,2.18,2.18,2.18,2.18,0.0,1.0,87.0,0.0,0.0,83.0,0.0,87.5,0.04753947999999997,0.04753947999999997,2.0,0.999,8.0,38.0,38.0,-14.0,23.0,23.0,23.0,23.0,0.0,0.0,0.0,0.0,43.0,14.0,15.0,28.5,210.0,231.0,7.0,7.0,830.0,4160.0,0.0,0.0,0.0,1.0,19483.0,26.700000000000003,1.0,0.0,-4.125,-2.375,-2.125,22.25,-4.125,750.0,45.0,790.0,370.0,12.0,10.700000000000001,254.0,20.0,0.0,8.0,0.0,0.0,0.0,0.0,8.0,0.0,5.0,2.0,4.0,0.0,29.0,4687.0,100.0,0.0,0.0,0.0,0.0,27.0,0.0,0.0,4.0,5000.0,4990.0,4990.0,1.0,1.0,0.0,22.0,5000.0,0.0,255.0,850.0,235.0,0.0,0.0,1245716.0,3.008,3.0,50.0
1788624307370,2026-09-05T20:05:07.370,0.0,4.0,0.0,1.0,3426.0,14.100000000000001,86.0,1.94,1.94,1.94,1.94,1.0,1.0,678.0,1.0,0.0,678.0,0.0,86.5,0.04643312999999999,0.04643312999999999,2.0,0.999,10.0,40.0,40.0,-12.0,7.0,7.0,7.0,7.0,0.0,0.0,0.0,0.0,43.0,14.0,15.0,27.6,210.0,210.0,7.0,7.0,830.0,4160.0,0.0,0.0,0.0,1.0,19483.0,27.1,0.0,0.0,-15.4375,-13.3125,-13.1875,22.1875,-15.4375,750.0,44.0,680.0,320.0,8.6,7.5,254.0,20.0,0.0,8.0,0.0,0.0,0.0,0.0,8.0,0.0,5.0,2.0,4.0,0.0,32.0,4687.0,100.0,0.0,0.0,0.0,0.0,27.0,0.0,0.0,4.0,5000.0,4990.0,4980.0,1.0,1.0,0.0,22.0,5000.0,0.0,255.0,850.0,227.0,0.0,0.0,1245716.0,3.008,3.0,50.0
1788624308150,2026-09-05T20:05:08.150,0.0,4.0,0.0,1.0,3406.0,14.100000000000001,86.0,2.07,2.07,2.07,2.07,0.0,1.0,68.0,0.0,0.0,87.0,0.0,85.5,0.09765331999999999,0.09765331999999999,2.0,0.999,12.0,40.0,40.0,-13.0,-13.0,-13.0,-13.0,-13.0,0.0,0.0,0.0,0.0,43.0,14.0,15.0,28.0,210.0,231.0,7.0,7.0,820.0,4160.0,0.0,0.0,0.0,1.0,19483.0,26.200000000000003,1.0,0.0,-21.75,-21.75,-22.0,22.0,-21.75,750.0,43.0,390.0,200.0,0.0,0.0,254.0,20.0,0.0,8.0,0.0,1.0,0.0,0.0,8.0,0.0,5.0,0.0,4.0,0.0,30.0,4687.0,100.0,0.0,0.0,0.0,0.0,27.0,0.0,0.0,4.0,5000.0,4990.0,4980.0,1.0,1.0,0.0,22.0,4434.0,0.0,255.0,850.0,257.0,0.0,0.0,1245716.0,3.008,3.0,50.0
1788624309094,2026-09-05T20:05:09.094,0.0,4.0,0.0,1.0,3310.0,14.100000000000001,86.0,0.0,0.0,0.0,0.0,0.0,0.0,0.0,0.0,0.0,0.0,0.0,84.5,1.9839999999993196E-5,1.9839999999993196E-5,2.0,0.999,0.0,41.0,41.0,5.0,5.0,5.0,5.0,5.0,0.0,0.0,0.0,0.0,44.0,14.0,15.0,26.6,210.0,231.0,7.0,7.0,800.0,4180.0,0.0,0.0,0.0,1.0,19483.0,24.200000000000003,0.0,0.0,-21.75,-21.75,-21.9375,22.0,-21.75,750.0,41.0,390.0,200.0,0.0,0.0,254.0,20.0,0.0,8.0,0.0,1.0,0.0,0.0,8.0,0.0,5.0,0.0,4.0,0.0,33.0,4687.0,100.0,0.0,0.0,0.0,0.0,27.0,0.0,0.0,4.0,5000.0,4990.0,4970.0,1.0,1.0,0.0,22.0,3860.0,0.0,255.0,850.0,261.0,0.0,0.0,1245716.0,3.008,3.0,50.0
1788624310125,2026-09-05T20:05:10.125,0.0,4.0,0.0,1.0,3133.0,14.100000000000001,86.0,0.0,0.0,0.0,0.0,0.0,0.0,0.0,0.0,0.0,0.0,16.0,83.0,1.9839999999993196E-5,1.9839999999993196E-5,2.0,0.999,0.0,44.0,44.0,7.0,7.0,7.0,7.0,7.0,0.0,0.0,0.0,0.0,44.0,13.0,15.0,24.900000000000002,210.0,231.0,6.0,6.0,780.0,4180.0,0.0,0.0,0.0,1.0,19483.0,22.400000000000002,1.0,0.0,-11.0625,-11.375,-11.6875,21.4375,-11.0625,750.0,40.0,860.0,410.0,13.700000000000001,12.5,254.0,20.0,0.0,8.0,0.0,0.0,0.0,0.0,8.0,0.0,5.0,2.0,4.0,0.0,31.0,4687.0,100.0,0.0,0.0,0.0,0.0,27.0,0.0,0.0,4.0,5000.0,4990.0,4980.0,1.0,1.0,0.0,22.0,5000.0,0.0,255.0,850.0,231.0,0.0,0.0,1245716.0,3.008,3.0,50.0
1788624310943,2026-09-05T20:05:10.943,0.0,4.0,0.0,1.0,3083.0,14.200000000000001,86.0,1.83,1.83,1.83,1.83,0.0,1.0,34.0,0.0,0.0,34.0,25.0,81.5,0.03660568999999997,0.03660568999999997,2.0,0.999,4.0,45.0,45.0,7.0,30.0,30.0,30.0,30.0,0.0,0.0,0.0,0.0,44.0,15.0,14.0,23.6,231.0,210.0,7.0,7.0,790.0,4180.0,0.0,0.0,0.0,1.0,19483.0,24.900000000000002,0.0,0.0,10.875,6.4375,6.375,20.875,10.875,750.0,40.0,1150.0,550.0,22.6,21.3,254.0,20.0,0.0,8.0,0.0,0.0,0.0,0.0,8.0,0.0,5.0,2.0,4.0,0.0,32.0,4687.0,100.0,0.0,0.0,0.0,0.0,27.0,0.0,0.0,4.0,5000.0,4990.0,4980.0,1.0,1.0,0.0,22.0,5000.0,0.0,255.0,850.0,224.0,0.0,0.0,1245716.0,3.008,3.0,50.0
1788624311735,2026-09-05T20:05:11.735,0.0,4.0,0.0,1.0,3035.0,14.100000000000001,86.0,2.91,2.91,2.91,2.91,1.0,1.0,751.0,0.0,0.0,366.0,25.5,81.5,0.09853839999999997,0.09853839999999997,2.0,0.999,9.0,32.0,32.0,-11.0,29.0,29.0,29.0,29.0,0.0,0.0,0.0,0.0,44.0,24.0,23.0,40.2,357.0,336.0,10.0,10.0,940.0,4030.0,0.0,0.0,0.0,1.0,19483.0,41.1,1.0,0.0,22.8125,22.4375,22.4375,20.625,22.8125,750.0,40.0,1240.0,600.0,25.200000000000003,23.900000000000002,254.0,20.0,0.0,8.0,0.0,0.0,0.0,0.0,8.0,0.0,5.0,2.0,4.0,0.0,32.0,4687.0,100.0,0.0,0.0,0.0,0.0,27.0,0.0,0.0,4.0,5000.0,4990.0,4970.0,1.0,1.0,0.0,22.0,5000.0,0.0,255.0,850.0,225.0,0.0,0.0,1245716.0,3.008,3.0,50.0
1788624312529,2026-09-05T20:05:12.529,0.0,4.0,0.0,1.0,3133.0,14.100000000000001,87.0,3.46,3.46,3.46,3.46,1.0,1.0,747.0,1.0,0.0,722.0,27.0,80.0,0.04148889,0.04148889,2.0,0.999,13.0,30.0,30.0,-18.0,26.0,26.0,26.0,26.0,0.0,0.0,0.0,0.0,44.0,29.0,28.0,48.300000000000004,399.0,399.0,11.0,11.0,1000.0,3980.0,0.0,0.0,0.0,1.0,19483.0,48.5,1.0,0.0,29.125,28.375,28.5,21.8125,29.125,750.0,41.0,1330.0,640.0,27.900000000000002,26.5,254.0,20.0,0.0,8.0,0.0,0.0,0.0,0.0,8.0,0.0,5.0,2.0,4.0,0.0,32.0,4687.0,100.0,0.0,0.0,0.0,0.0,28.0,0.0,0.0,4.0,5000.0,4990.0,4980.0,1.0,1.0,0.0,22.0,5000.0,0.0,255.0,850.0,225.0,0.0,0.0,1245716.0,3.008,3.0,50.0
1788624313215,2026-09-05T20:05:13.215,0.0,4.0,0.0,1.0,3237.0,14.200000000000001,87.0,4.3,4.3,4.3,4.3,0.0,1.0,346.0,1.0,0.0,581.0,28.0,80.0,0.018911719999999965,0.018911719999999965,1.0,0.999,19.0,27.0,27.0,-23.0,27.0,27.0,27.0,27.0,0.0,0.0,0.0,0.0,44.0,33.0,34.0,60.400000000000006,441.0,462.0,13.0,13.0,1070.0,3900.0,0.0,0.0,0.0,1.0,19483.0,58.0,0.0,0.0,41.75,37.6875,37.6875,21.375,41.75,750.0,42.0,1470.0,710.0,32.2,30.900000000000002,254.0,20.0,0.0,8.0,0.0,0.0,0.0,0.0,8.0,0.0,5.0,2.0,4.0,0.0,31.0,4687.0,100.0,0.0,0.0,0.0,0.0,28.0,0.0,0.0,4.0,5000.0,4990.0,4980.0,1.0,1.0,0.0,22.0,5000.0,0.0,255.0,850.0,226.0,0.0,0.0,1245716.0,3.008,3.0,50.0
1788624313994,2026-09-05T20:05:13.994,0.0,4.0,0.0,1.0,3367.0,14.200000000000001,87.0,5.39,5.39,5.39,5.39,1.0,1.0,761.0,1.0,0.0,712.0,28.0,79.5,-0.0024446500000000204,-0.0024446500000000204,0.0,0.999,29.0,25.0,25.0,-22.0,25.0,25.0,25.0,25.0,0.0,0.0,0.0,0.0,44.0,38.0,39.0,72.8,504.0,504.0,15.0,15.0,1160.0,3800.0,2.0,4.0,0.0,1.0,19483.0,70.3,1.0,0.0,45.125,47.4375,47.4375,21.9375,45.125,750.0,44.0,1470.0,710.0,32.2,30.900000000000002,254.0,20.0,0.0,8.0,0.0,0.0,0.0,0.0,8.0,0.0,5.0,2.0,4.0,0.0,28.0,4687.0,100.0,0.0,0.0,0.0,0.0,28.0,0.0,0.0,4.0,5000.0,4990.0,4970.0,1.0,1.0,0.0,22.0,5000.0,0.0,255.0,850.0,226.0,0.0,0.0,1245716.0,3.008,3.0,50.0
1788624314870,2026-09-05T20:05:14.870,0.0,4.0,0.0,1.0,3498.0,14.200000000000001,86.0,4.91,4.91,4.91,4.91,0.0,1.0,146.0,0.0,0.0,283.0,27.0,78.0,-0.02590690000000001,-0.02590690000000001,0.0,0.999,35.0,25.0,25.0,-19.0,25.0,25.0,25.0,25.0,0.0,0.0,0.0,0.0,44.0,37.0,39.0,74.5,483.0,504.0,15.0,15.0,1150.0,3820.0,2.0,0.0,0.0,1.0,19483.0,69.3,0.0,0.0,41.875,45.25,45.25,22.0625,41.875,750.0,46.0,1470.0,710.0,32.2,30.900000000000002,254.0,20.0,0.0,8.0,0.0,0.0,0.0,0.0,8.0,0.0,5.0,2.0,4.0,0.0,30.0,4687.0,100.0,0.0,0.0,0.0,0.0,28.0,0.0,0.0,4.0,5000.0,4990.0,4970.0,1.0,1.0,0.0,22.0,3939.0,0.0,255.0,850.0,227.0,0.0,0.0,1245716.0,3.008,3.0,50.0
1788624315664,2026-09-05T20:05:15.664,0.0,4.0,0.0,1.0,3616.0,14.200000000000001,86.0,4.8100000000000005,4.8100000000000005,4.8100000000000005,4.8100000000000005,1.0,1.0,717.0,1.0,0.0,634.0,24.5,77.0,-0.027417639999999993,-0.027417639999999993,0.0,0.999,41.0,25.0,25.0,-36.0,19.0,19.0,19.0,19.0,0.0,0.0,0.0,0.0,44.0,58.0,49.0,109.4,693.0,609.0,26.0,25.0,1570.0,3400.0,25.0,4.0,95.0,1.0,19483.0,113.0,0.0,0.0,116.5625,107.0625,107.25,22.6875,116.5625,750.0,48.0,2480.0,1210.0,60.6,58.800000000000004,254.0,20.0,0.0,8.0,0.0,0.0,0.0,0.0,8.0,0.0,5.0,2.0,4.0,0.0,32.0,4687.0,100.0,0.0,0.0,0.0,0.0,28.0,0.0,0.0,4.0,5000.0,4990.0,4980.0,1.0,1.0,0.0,22.0,5000.0,0.0,255.0,850.0,226.0,0.0,0.0,1245716.0,3.008,3.0,50.0
1788624316440,2026-09-05T20:05:16.440,0.0,4.0,0.0,1.0,3880.0,14.100000000000001,86.0,11.870000000000001,11.870000000000001,11.870000000000001,11.870000000000001,0.0,0.0,83.0,0.0,0.0,73.0,23.0,75.5,1.9839999999993196E-5,1.9839999999993196E-5,0.0,1.099,0.0,24.0,24.0,-1.0,24.0,24.0,24.0,24.0,0.0,0.0,0.0,0.0,44.0,82.0,80.0,172.70000000000002,819.0,798.0,51.0,50.0,2610.0,2350.0,31.0,31.0,48.0,1.0,19483.0,175.60000000000002,1.0,0.0,173.5625,118.75,118.8125,24.0,173.5625,750.0,53.0,3770.0,1870.0,100.0,100.0,254.0,20.0,0.0,8.0,0.0,0.0,0.0,0.0,8.0,0.0,5.0,2.0,4.0,0.0,33.0,4687.0,100.0,0.0,0.0,0.0,0.0,28.0,0.0,0.0,3.9000000000000004,5000.0,4990.0,4980.0,1.0,1.0,0.0,22.0,5000.0,0.0,255.0,850.0,226.0,0.0,0.0,1245716.0,3.008,3.0,50.0
1788624317178,2026-09-05T20:05:17.178,0.0,4.0,0.0,1.0,4245.0,14.100000000000001,86.0,12.370000000000001,12.370000000000001,12.370000000000001,12.370000000000001,1.0,0.0,864.0,1.0,0.0,810.0,21.5,76.5,1.9839999999993196E-5,1.9839999999993196E-5,0.0,1.109,99.0,25.0,24.0,1.0,24.0,24.0,24.0,24.0,0.0,0.0,0.0,0.0,43.0,84.0,82.0,192.4,819.0,819.0,64.0,63.0,3150.0,1820.0,31.0,31.0,43.0,1.0,19483.0,195.70000000000002,0.0,0.0,174.5625,118.875,118.875,26.5,174.5625,750.0,57.0,3770.0,1880.0,100.0,100.0,254.0,20.0,0.0,8.0,0.0,0.0,0.0,0.0,8.0,0.0,5.0,2.0,4.0,0.0,28.0,4687.0,100.0,0.0,0.0,0.0,0.0,28.0,0.0,0.0,3.9000000000000004,5000.0,4990.0,4980.0,1.0,1.0,0.0,22.0,5000.0,0.0,255.0,850.0,226.0,0.0,0.0,1245716.0,3.008,3.0,50.0
1788624318247,2026-09-05T20:05:18.247,0.0,4.0,0.0,1.0,4668.0,14.100000000000001,86.0,12.83,12.83,12.83,12.83,1.0,0.0,883.0,1.0,0.0,854.0,19.5,75.0,1.9839999999993196E-5,1.9839999999993196E-5,0.0,1.1380000000000001,99.0,28.0,25.0,1.0,25.0,25.0,25.0,25.0,0.0,0.0,0.0,0.0,42.0,84.0,83.0,214.60000000000002,819.0,819.0,84.0,84.0,4000.0,960.0,29.0,31.0,45.0,1.0,19483.0,216.3,1.0,0.0,174.4375,119.75,119.8125,28.0,174.4375,750.0,63.0,390.0,190.0,0.0,0.0,254.0,20.0,0.0,8.0,0.0,0.0,1.0,0.0,8.0,0.0,5.0,2.0,4.0,100.0,35.0,4687.0,100.0,0.0,0.0,0.0,0.0,28.0,0.0,0.0,3.9000000000000004,5000.0,4990.0,4980.0,1.0,1.0,0.0,22.0,5000.0,0.0,255.0,850.0,227.0,0.0,0.0,1245716.0,3.008,3.0,50.0
1788624318971,2026-09-05T20:05:18.971,0.0,4.0,0.0,1.0,4613.0,14.100000000000001,86.0,0.0,0.0,0.0,0.0,0.0,0.0,4.0,0.0,0.0,24.0,10.0,72.5,1.9839999999993196E-5,1.9839999999993196E-5,0.0,0.999,0.0,31.0,31.0,-32.0,-24.0,-24.0,-24.0,-24.0,0.0,0.0,0.0,0.0,41.0,18.0,20.0,45.0,231.0,252.0,10.0,10.0,940.0,4040.0,0.0,0.0,0.0,1.0,19483.0,40.800000000000004,0.0,0.0,-23.3125,-23.3125,-23.625,23.5625,-23.3125,750.0,63.0,390.0,200.0,0.0,0.0,254.0,20.0,0.0,8.0,0.0,0.0,1.0,0.0,8.0,0.0,5.0,0.0,4.0,100.0,29.0,4687.0,100.0,0.0,0.0,0.0,0.0,28.0,0.0,0.0,3.9000000000000004,5000.0,4990.0,4970.0,1.0,1.0,0.0,22.0,3510.0,0.0,255.0,850.0,227.0,0.0,0.0,1245716.0,3.008,3.0,50.0
1788624319662,2026-09-05T20:05:19.662,0.0,4.0,0.0,1.0,3291.0,14.100000000000001,86.0,0.0,0.0,0.0,0.0,0.0,0.0,0.0,0.0,0.0,0.0,6.5,70.0,1.9839999999993196E-5,1.9839999999993196E-5,0.0,0.999,0.0,43.0,43.0,-9.0,-9.0,-9.0,-9.0,-9.0,0.0,0.0,0.0,0.0,41.0,14.0,15.0,24.200000000000003,210.0,231.0,6.0,6.0,770.0,4200.0,0.0,0.0,0.0,1.0,19483.0,21.400000000000002,1.0,0.0,-19.5625,-19.5625,-19.8125,19.8125,-19.5625,750.0,63.0,390.0,200.0,0.0,0.0,254.0,20.0,0.0,8.0,0.0,1.0,0.0,0.0,8.0,0.0,5.0,0.0,4.0,0.0,28.0,4687.0,100.0,0.0,0.0,0.0,0.0,28.0,0.0,0.0,3.9000000000000004,5000.0,4990.0,4980.0,1.0,1.0,0.0,22.0,3745.0,0.0,255.0,850.0,250.0,0.0,0.0,1245716.0,3.008,3.0,50.0
1788624320527,2026-09-05T20:05:20.527,0.0,4.0,0.0,1.0,2275.0,14.200000000000001,86.0,0.0,0.0,0.0,0.0,0.0,0.0,0.0,0.0,0.0,0.0,20.0,68.5,1.9839999999993196E-5,1.9839999999993196E-5,0.0,0.999,0.0,39.0,39.0,0.0,0.0,0.0,0.0,0.0,0.0,0.0,0.0,0.0,42.0,14.0,15.0,16.0,210.0,231.0,4.0,4.0,680.0,4300.0,0.0,0.0,0.0,1.0,19483.0,13.9,1.0,0.0,-19.375,-19.375,-19.625,21.3125,-19.375,750.0,62.0,390.0,200.0,0.0,0.0,254.0,20.0,0.0,8.0,0.0,1.0,0.0,0.0,8.0,0.0,5.0,2.0,4.0,0.0,34.0,4687.0,100.0,0.0,0.0,0.0,0.0,28.0,0.0,0.0,3.9000000000000004,5000.0,4990.0,4980.0,1.0,1.0,0.0,22.0,3301.0,0.0,255.0,850.0,243.0,0.0,0.0,1245716.0,3.008,3.0,50.0
1788624321311,2026-09-05T20:05:21.311,0.0,4.0,0.0,1.0,1378.0,14.100000000000001,86.0,2.42,2.42,2.42,2.42,0.0,0.0,4.0,0.0,0.0,0.0,33.5,67.0,1.9839999999993196E-5,1.9839999999993196E-5,0.0,1.403,0.0,41.0,41.0,3.0,3.0,3.0,3.0,3.0,0.0,0.0,0.0,0.0,42.0,13.0,13.0,9.8,210.0,210.0,2.0,2.0,610.0,4370.0,0.0,0.0,0.0,1.0,19483.0,9.1,0.0,0.0,-22.9375,-20.0,-14.9375,24.875,-22.9375,750.0,58.0,390.0,200.0,0.0,0.0,254.0,20.0,0.0,8.0,0.0,1.0,0.0,0.0,8.0,0.0,5.0,1.0,4.0,0.0,31.0,4687.0,100.0,0.0,0.0,0.0,0.0,28.0,0.0,0.0,3.9000000000000004,5000.0,4990.0,4970.0,1.0,1.0,0.0,22.0,2205.0,0.0,255.0,850.0,252.0,0.0,0.0,1245716.0,3.008,3.0,50.0
1788624322068,2026-09-05T20:05:22.068,0.0,4.0,0.0,1.0,1147.0,14.100000000000001,86.0,1.6500000000000001,1.6500000000000001,1.6500000000000001,1.6500000000000001,1.0,1.0,864.0,1.0,0.0,791.0,38.5,66.0,-0.0018113600000000118,-0.0018113600000000118,0.0,1.107,3.0,34.0,34.0,5.0,9.0,9.0,9.0,9.0,0.0,0.0,0.0,0.0,42.0,16.0,14.0,8.200000000000001,231.0,231.0,2.0,2.0,610.0,4370.0,0.0,0.0,0.0,1.0,19483.0,8.5,1.0,0.0,-24.0625,-10.875,-6.9375,26.0,-24.0625,750.0,57.0,390.0,200.0,0.0,0.0,254.0,20.0,0.0,8.0,0.0,1.0,0.0,0.0,8.0,0.0,5.0,1.0,4.0,0.0,29.0,4687.0,100.0,0.0,0.0,0.0,0.0,28.0,0.0,0.0,3.9000000000000004,5000.0,4990.0,4970.0,1.0,1.0,0.0,22.0,2594.0,0.0,255.0,850.0,253.0,0.0,0.0,1245716.0,3.008,3.0,50.0
1788624322823,2026-09-05T20:05:22.823,0.0,4.0,0.0,1.0,933.0,14.100000000000001,87.0,2.08,2.08,2.08,2.08,0.0,1.0,39.0,0.0,0.0,43.0,40.5,64.0,0.01937715000000001,0.01937715000000001,0.0,0.999,4.0,25.0,25.0,-3.0,23.0,23.0,23.0,23.0,0.0,0.0,0.0,0.0,43.0,22.0,17.0,8.200000000000001,336.0,273.0,3.0,3.0,620.0,4360.0,0.0,0.0,0.0,1.0,19483.0,10.200000000000001,0.0,0.0,-25.125,2.125,0.5,27.0625,-25.125,750.0,55.0,390.0,200.0,0.0,0.0,254.0,20.0,0.0,8.0,0.0,1.0,0.0,0.0,8.0,0.0,5.0,1.0,4.0,0.0,29.0,4687.0,100.0,0.0,0.0,0.0,0.0,28.0,0.0,0.0,3.9000000000000004,5000.0,4990.0,4970.0,1.0,1.0,0.0,22.0,1536.0,0.0,255.0,850.0,260.0,0.0,0.0,1245716.0,3.008,3.0,50.0
1788624323618,2026-09-05T20:05:23.618,0.0,4.0,0.0,1.0,831.0,14.200000000000001,87.0,2.73,2.73,2.73,2.73,0.0,1.0,43.0,0.0,0.0,39.0,42.5,63.0,0.027548879999999998,0.027548879999999998,0.0,0.999,6.0,16.0,16.0,-13.0,-2.0,-2.0,-2.0,-2.0,0.0,0.0,0.0,0.0,43.0,20.0,20.0,9.0,315.0,315.0,2.0,2.0,600.0,4370.0,0.0,0.0,0.0,1.0,19483.0,8.8,0.0,0.0,-26.1875,0.0625,-0.6875,28.125,-26.1875,750.0,54.0,390.0,200.0,0.0,0.0,254.0,20.0,0.0,8.0,0.0,1.0,0.0,0.0,8.0,0.0,5.0,1.0,4.0,0.0,28.0,4687.0,100.0,0.0,0.0,0.0,0.0,28.0,0.0,0.0,3.9000000000000004,5000.0,4990.0,4970.0,1.0,1.0,0.0,22.0,2006.0,0.0,255.0,850.0,262.0,0.0,0.0,1245716.0,3.008,3.0,50.0
1788624324392,2026-09-05T20:05:24.392,0.0,4.0,0.0,1.0,797.0,14.100000000000001,87.0,2.75,2.75,2.75,2.75,0.0,1.0,102.0,0.0,0.0,73.0,45.0,62.0,0.05169020000000002,0.05169020000000002,0.0,0.999,7.0,16.0,16.0,-14.0,-1.0,-1.0,-1.0,-1.0,0.0,0.0,0.0,0.0,43.0,20.0,20.0,8.8,315.0,315.0,2.0,2.0,600.0,4370.0,0.0,0.0,0.0,1.0,19483.0,8.4,1.0,0.0,-27.125,-1.125,-1.875,29.0625,-27.125,750.0,52.0,390.0,200.0,0.0,0.0,254.0,20.0,0.0,8.0,0.0,1.0,0.0,0.0,8.0,0.0,5.0,1.0,4.0,0.0,25.0,4687.0,100.0,0.0,0.0,0.0,0.0,28.0,0.0,0.0,3.9000000000000004,5000.0,4990.0,4980.0,1.0,1.0,0.0,22.0,1396.0,0.0,255.0,850.0,279.0,0.0,0.0,1245716.0,3.008,3.0,50.0
1788624325214,2026-09-05T20:05:25.214,0.0,4.0,0.0,1.0,772.0,14.0,87.0,2.61,2.61,2.61,2.61,0.0,1.0,200.0,1.0,0.0,683.0,46.5,61.0,0.019171139999999975,0.019171139999999975,0.0,0.999,8.0,16.0,16.0,-13.0,0.0,0.0,0.0,0.0,0.0,0.0,0.0,0.0,43.0,20.0,20.0,8.4,315.0,315.0,2.0,2.0,600.0,4390.0,0.0,0.0,0.0,1.0,19483.0,8.1,0.0,0.0,-27.375,-0.8125,-2.1875,29.3125,-27.375,750.0,51.0,390.0,200.0,0.0,0.0,254.0,20.0,0.0,8.0,0.0,1.0,0.0,0.0,8.0,0.0,5.0,1.0,4.0,0.0,29.0,4687.0,100.0,0.0,0.0,0.0,0.0,28.0,0.0,0.0,3.9000000000000004,5000.0,4990.0,4990.0,1.0,1.0,0.0,22.0,1230.0,0.0,255.0,850.0,278.0,0.0,0.0,1245716.0,3.008,3.0,50.0
1788624326187,2026-09-05T20:05:26.187,0.0,4.0,0.0,1.0,755.0,14.100000000000001,87.0,2.65,2.65,2.65,2.65,0.0,1.0,83.0,0.0,0.0,68.0,49.0,60.0,0.028121129999999994,0.028121129999999994,0.0,0.999,8.0,16.0,16.0,-13.0,-3.0,-3.0,-3.0,-3.0,0.0,0.0,0.0,0.0,43.0,19.0,20.0,8.200000000000001,315.0,315.0,2.0,2.0,590.0,4390.0,0.0,0.0,0.0,1.0,19483.0,7.9,1.0,0.0,-27.5,-1.3125,-2.75,29.4375,-27.5,750.0,51.0,390.0,200.0,0.0,0.0,254.0,20.0,0.0,8.0,0.0,1.0,0.0,0.0,8.0,0.0,5.0,1.0,4.0,0.0,30.0,4687.0,100.0,0.0,0.0,0.0,0.0,28.0,0.0,0.0,3.9000000000000004,5000.0,4990.0,4980.0,1.0,1.0,0.0,22.0,1586.0,0.0,255.0,850.0,282.0,0.0,0.0,1245716.0,3.008,3.0,50.0
1788624326894,2026-09-05T20:05:26.894,0.0,4.0,0.0,1.0,761.0,14.100000000000001,87.0,2.61,2.61,2.61,2.61,1.0,1.0,791.0,1.0,0.0,688.0,50.5,59.5,0.0149899,0.0149899,0.0,0.999,9.0,16.0,16.0,-13.0,-3.0,-3.0,-3.0,-3.0,0.0,0.0,0.0,0.0,44.0,19.0,20.0,8.200000000000001,294.0,315.0,2.0,2.0,590.0,4390.0,0.0,0.0,0.0,1.0,19483.0,7.7,0.0,0.0,-27.25,-1.1875,-2.3125,29.1875,-27.25,750.0,51.0,390.0,200.0,0.0,0.0,254.0,20.0,0.0,8.0,0.0,1.0,0.0,0.0,8.0,0.0,5.0,1.0,4.0,0.0,30.0,4687.0,100.0,0.0,0.0,0.0,0.0,28.0,0.0,0.0,3.9000000000000004,5000.0,4990.0,4990.0,1.0,1.0,0.0,22.0,1696.0,0.0,255.0,850.0,282.0,0.0,0.0,1245716.0,3.008,3.0,50.0
1788624327673,2026-09-05T20:05:27.673,0.0,4.0,0.0,1.0,747.0,14.0,87.0,2.61,2.61,2.61,2.61,1.0,1.0,781.0,1.0,0.0,747.0,52.0,59.5,0.007596429999999987,0.007596429999999987,0.0,0.999,10.0,16.0,16.0,-14.0,0.0,0.0,0.0,0.0,0.0,0.0,0.0,0.0,44.0,19.0,20.0,8.1,315.0,315.0,2.0,2.0,590.0,4380.0,0.0,0.0,0.0,1.0,19483.0,7.800000000000001,1.0,0.0,-27.1875,-2.4375,-1.8125,29.125,-27.1875,750.0,51.0,390.0,200.0,0.0,0.0,254.0,20.0,0.0,8.0,0.0,1.0,0.0,0.0,8.0,0.0,5.0,1.0,4.0,0.0,30.0,4687.0,100.0,0.0,0.0,0.0,0.0,28.0,0.0,0.0,3.9000000000000004,5000.0,4990.0,4980.0,1.0,1.0,0.0,22.0,1919.0,0.0,255.0,850.0,289.0,0.0,0.0,1245716.0,3.008,3.0,50.0
1788624328595,2026-09-05T20:05:28.595,0.0,4.0,0.0,1.0,752.0,14.0,87.0,2.59,2.59,2.59,2.59,1.0,1.0,795.0,1.0,0.0,761.0,53.5,58.0,2.0295999999997427E-4,2.0295999999997427E-4,0.0,0.999,10.0,16.0,16.0,-14.0,0.0,0.0,0.0,0.0,0.0,0.0,0.0,0.0,44.0,20.0,20.0,8.200000000000001,315.0,315.0,2.0,2.0,590.0,4390.0,0.0,0.0,0.0,1.0,19483.0,7.9,1.0,0.0,-27.5,-1.125,-2.1875,29.4375,-27.5,750.0,50.0,390.0,200.0,0.0,0.0,254.0,20.0,0.0,8.0,0.0,1.0,0.0,0.0,8.0,0.0,5.0,1.0,4.0,0.0,32.0,4687.0,100.0,0.0,0.0,0.0,0.0,28.0,0.0,0.0,3.9000000000000004,5000.0,4990.0,4980.0,1.0,1.0,0.0,22.0,1446.0,0.0,255.0,850.0,294.0,0.0,0.0,1245716.0,3.008,3.0,50.0
1788624329361,2026-09-05T20:05:29.361,0.0,4.0,0.0,1.0,754.0,14.100000000000001,87.0,2.59,2.59,2.59,2.59,1.0,1.0,800.0,1.0,0.0,791.0,55.5,58.0,-0.008747030000000017,-0.008747030000000017,0.0,0.999,11.0,16.0,16.0,-14.0,-3.0,-3.0,-3.0,-3.0,0.0,0.0,0.0,0.0,44.0,20.0,20.0,8.200000000000001,315.0,315.0,2.0,2.0,590.0,4390.0,0.0,0.0,0.0,1.0,19483.0,7.9,0.0,0.0,-27.25,-1.3125,-1.5,29.1875,-27.25,750.0,50.0,390.0,200.0,0.0,0.0,254.0,20.0,0.0,8.0,0.0,1.0,0.0,0.0,8.0,0.0,5.0,1.0,4.0,0.0,31.0,4687.0,100.0,0.0,0.0,0.0,0.0,28.0,0.0,0.0,3.9000000000000004,5000.0,4990.0,4980.0,1.0,1.0,0.0,22.0,1113.0,0.0,255.0,850.0,295.0,0.0,0.0,1245716.0,3.008,3.0,50.0
1788624330074,2026-09-05T20:05:30.074,0.0,4.0,0.0,1.0,748.0,14.0,87.0,2.57,2.57,2.57,2.57,1.0,1.0,795.0,1.0,0.0,795.0,57.5,58.0,-0.016140500000000002,-0.016140500000000002,0.0,0.999,12.0,16.0,16.0,-14.0,0.0,0.0,0.0,0.0,0.0,0.0,0.0,0.0,44.0,20.0,20.0,8.3,315.0,315.0,2.0,2.0,590.0,4390.0,0.0,0.0,0.0,1.0,19483.0,7.9,1.0,0.0,-27.4375,-1.875,-1.5,29.375,-27.4375,750.0,49.0,390.0,200.0,0.0,0.0,254.0,20.0,0.0,8.0,0.0,1.0,0.0,0.0,8.0,0.0,5.0,1.0,4.0,0.0,31.0,4687.0,100.0,0.0,0.0,0.0,0.0,28.0,0.0,0.0,3.9000000000000004,5000.0,4990.0,4980.0,1.0,1.0,0.0,22.0,2163.0,0.0,255.0,850.0,300.0,0.0,0.0,1245716.0,3.008,3.0,50.0
1788624330793,2026-09-05T20:05:30.793,0.0,4.0,0.0,1.0,751.0,14.100000000000001,88.0,2.5500000000000003,2.5500000000000003,2.5500000000000003,2.5500000000000003,1.0,1.0,761.0,1.0,0.0,776.0,0.0,0.0,-0.02314484,-0.02314484,0.0,0.999,12.0,16.0,16.0,-15.0,-3.0,-3.0,-3.0,-3.0,0.0,0.0,0.0,0.0,44.0,20.0,20.0,8.200000000000001,315.0,315.0,2.0,2.0,590.0,4390.0,0.0,0.0,0.0,1.0,19483.0,7.9,0.0,0.0,-27.4375,-1.125,-1.375,29.375,-27.4375,750.0,49.0,390.0,200.0,0.0,0.0,254.0,20.0,0.0,8.0,0.0,0.0,0.0,0.0,8.0,0.0,5.0,1.0,4.0,0.0,31.0,4687.0,100.0,0.0,0.0,0.0,0.0,28.0,0.0,0.0,3.9000000000000004,5000.0,4990.0,4970.0,1.0,1.0,0.0,22.0,1047.0,0.0,255.0,850.0,311.0,0.0,0.0,1245716.0,3.008,3.0,50.0
1788624331637,2026-09-05T20:05:31.637,0.0,4.0,0.0,1.0,754.0,14.100000000000001,88.0,2.54,2.54,2.54,2.54,1.0,1.0,722.0,1.0,0.0,747.0,59.0,56.5,-0.030538310000000013,-0.030538310000000013,0.0,0.999,12.0,16.0,16.0,-14.0,-4.0,-4.0,-4.0,-4.0,0.0,0.0,0.0,0.0,45.0,19.0,20.0,8.4,294.0,315.0,2.0,2.0,590.0,4390.0,0.0,0.0,0.0,1.0,19483.0,7.6000000000000005,0.0,0.0,-27.0,0.5,-1.6875,28.9375,-27.0,750.0,49.0,390.0,200.0,0.0,0.0,254.0,20.0,0.0,8.0,0.0,0.0,0.0,0.0,8.0,0.0,5.0,1.0,4.0,0.0,32.0,4687.0,100.0,0.0,0.0,0.0,0.0,28.0,0.0,0.0,3.9000000000000004,5000.0,4990.0,4980.0,1.0,1.0,0.0,22.0,1696.0,0.0,255.0,850.0,310.0,0.0,0.0,1245716.0,3.008,3.0,50.0
1788624332461,2026-09-05T20:05:32.461,0.0,4.0,0.0,1.0,743.0,14.100000000000001,88.0,2.5,2.5,2.5,2.5,1.0,1.0,712.0,1.0,0.0,727.0,60.5,56.0,-0.038320910000000014,-0.038320910000000014,0.0,0.999,13.0,16.0,16.0,-14.0,-3.0,-3.0,-3.0,-3.0,0.0,0.0,0.0,0.0,45.0,20.0,20.0,8.1,315.0,315.0,2.0,2.0,590.0,4400.0,0.0,0.0,0.0,1.0,19483.0,7.9,1.0,0.0,-27.0,-0.625,-1.25,28.9375,-27.0,750.0,50.0,390.0,200.0,0.0,0.0,254.0,20.0,0.0,8.0,0.0,0.0,0.0,0.0,8.0,0.0,5.0,1.0,4.0,0.0,32.0,4687.0,100.0,0.0,0.0,0.0,0.0,28.0,0.0,0.0,3.9000000000000004,5000.0,4990.0,4980.0,1.0,1.0,0.0,22.0,2155.0,0.0,255.0,850.0,309.0,0.0,0.0,1245716.0,3.008,3.0,50.0
1788624333318,2026-09-05T20:05:33.318,0.0,4.0,0.0,1.0,751.0,13.9,88.0,2.5100000000000002,2.5100000000000002,2.5100000000000002,2.5100000000000002,0.0,1.0,166.0,1.0,0.0,595.0,62.5,57.0,-0.021298380000000006,-0.021298380000000006,1.0,0.999,14.0,16.0,16.0,-13.0,-2.0,-2.0,-2.0,-2.0,0.0,0.0,0.0,0.0,45.0,20.0,20.0,8.200000000000001,315.0,315.0,2.0,2.0,590.0,4390.0,0.0,0.0,0.0,1.0,19483.0,7.9,0.0,0.0,-26.9375,-1.4375,-2.3125,28.875,-26.9375,750.0,50.0,390.0,200.0,0.0,0.0,254.0,20.0,0.0,8.0,0.0,0.0,0.0,0.0,8.0,0.0,5.0,1.0,4.0,0.0,32.0,4687.0,100.0,0.0,0.0,0.0,0.0,28.0,0.0,0.0,3.9000000000000004,5000.0,4990.0,4980.0,1.0,1.0,0.0,22.0,1849.0,0.0,255.0,850.0,309.0,0.0,0.0,1245716.0,3.008,3.0,50.0
1788624334305,2026-09-05T20:05:34.305,0.0,4.0,0.0,1.0,743.0,14.0,88.0,2.43,2.43,2.43,2.43,1.0,1.0,712.0,1.0,0.0,737.0,63.5,56.5,-0.04221221,-0.04221221,2.0,0.999,15.0,16.0,16.0,-12.0,-1.0,-1.0,-1.0,-1.0,0.0,0.0,0.0,0.0,45.0,20.0,20.0,8.1,315.0,315.0,2.0,2.0,590.0,4390.0,0.0,0.0,0.0,1.0,19483.0,7.9,1.0,0.0,-27.1875,-0.8125,-1.0,29.125,-27.1875,750.0,50.0,390.0,200.0,0.0,0.0,254.0,20.0,0.0,8.0,0.0,0.0,0.0,0.0,8.0,0.0,5.0,1.0,4.0,0.0,31.0,4687.0,100.0,0.0,0.0,0.0,0.0,28.0,0.0,0.0,3.9000000000000004,5000.0,4990.0,4980.0,1.0,1.0,0.0,22.0,1550.0,0.0,255.0,850.0,309.0,0.0,0.0,1245716.0,3.008,3.0,50.0
1788624335094,2026-09-05T20:05:35.094,0.0,4.0,0.0,1.0,751.0,14.0,88.0,2.5100000000000002,2.5100000000000002,2.5100000000000002,2.5100000000000002,0.0,1.0,97.0,0.0,0.0,356.0,65.0,56.0,-0.028302720000000003,-0.028302720000000003,3.0,0.999,15.0,16.0,16.0,-14.0,-4.0,-4.0,-4.0,-4.0,0.0,0.0,0.0,0.0,45.0,19.0,20.0,8.3,315.0,315.0,2.0,2.0,590.0,4390.0,0.0,0.0,0.0,1.0,19483.0,7.800000000000001,0.0,0.0,-27.0,-1.9375,-1.3125,28.9375,-27.0,750.0,50.0,390.0,190.0,0.0,0.0,254.0,20.0,0.0,8.0,0.0,1.0,0.0,0.0,8.0,0.0,5.0,1.0,4.0,0.0,32.0,4687.0,100.0,0.0,0.0,0.0,0.0,28.0,0.0,0.0,3.9000000000000004,5000.0,4990.0,4980.0,1.0,1.0,0.0,22.0,1849.0,0.0,255.0,850.0,351.0,0.0,0.0,1245716.0,3.008,3.0,50.0
1788624335852,2026-09-05T20:05:35.852,0.0,4.0,0.0,1.0,738.0,14.0,88.0,2.54,2.54,2.54,2.54,1.0,1.0,639.0,0.0,0.0,190.0,65.5,55.5,-0.03987743000000002,-0.03987743000000002,4.0,0.999,16.0,16.0,16.0,-17.0,-3.0,-3.0,-3.0,-3.0,0.0,0.0,0.0,0.0,45.0,20.0,21.0,8.5,315.0,336.0,2.0,2.0,600.0,4390.0,0.0,0.0,0.0,1.0,19483.0,8.0,1.0,0.0,-27.0625,0.375,0.625,29.0,-27.0625,750.0,49.0,390.0,200.0,0.0,0.0,254.0,20.0,0.0,8.0,0.0,1.0,0.0,0.0,8.0,0.0,5.0,1.0,4.0,0.0,32.0,4687.0,100.0,0.0,0.0,0.0,0.0,28.0,0.0,0.0,3.9000000000000004,5000.0,4990.0,4980.0,1.0,1.0,0.0,22.0,2155.0,0.0,255.0,850.0,345.0,0.0,0.0,1245716.0,3.008,3.0,50.0
1788624336629,2026-09-05T20:05:36.629,0.0,4.0,0.0,1.0,751.0,14.100000000000001,88.0,2.61,2.61,2.61,2.61,0.0,1.0,185.0,0.0,0.0,87.0,66.5,55.5,-0.018185339999999994,-0.018185339999999994,4.0,0.999,17.0,16.0,16.0,-17.0,-1.0,-1.0,-1.0,-1.0,0.0,0.0,0.0,0.0,45.0,20.0,21.0,8.6,315.0,336.0,2.0,2.0,600.0,4390.0,0.0,0.0,0.0,1.0,19483.0,8.1,1.0,0.0,-27.375,0.25,-1.3125,29.3125,-27.375,750.0,47.0,390.0,200.0,0.0,0.0,254.0,20.0,0.0,8.0,0.0,1.0,0.0,0.0,8.0,0.0,5.0,1.0,4.0,0.0,32.0,4687.0,100.0,0.0,0.0,0.0,0.0,28.0,0.0,0.0,3.9000000000000004,5000.0,4990.0,4980.0,1.0,1.0,0.0,22.0,1946.0,0.0,255.0,850.0,341.0,0.0,0.0,1245716.0,3.008,3.0,50.0
1788624337490,2026-09-05T20:05:37.490,0.0,4.0,0.0,1.0,752.0,14.100000000000001,88.0,2.52,2.52,2.52,2.52,1.0,1.0,732.0,1.0,0.0,722.0,68.0,56.0,-0.04026656000000001,-0.04026656000000001,5.0,0.999,17.0,16.0,16.0,-17.0,0.0,0.0,0.0,0.0,0.0,0.0,0.0,0.0,45.0,20.0,21.0,8.5,315.0,336.0,2.0,2.0,600.0,4380.0,0.0,0.0,0.0,1.0,19483.0,8.1,0.0,0.0,-27.375,-1.75,-0.25,29.3125,-27.375,750.0,45.0,390.0,200.0,0.0,0.0,254.0,20.0,0.0,8.0,0.0,1.0,0.0,0.0,8.0,0.0,5.0,1.0,4.0,0.0,32.0,4687.0,100.0,0.0,0.0,0.0,0.0,28.0,0.0,0.0,3.9000000000000004,5000.0,4990.0,4980.0,1.0,1.0,0.0,22.0,1025.0,0.0,255.0,850.0,340.0,0.0,0.0,1245716.0,3.008,3.0,50.0
1788624338127,2026-09-05T20:05:38.127,0.0,4.0,0.0,1.0,745.0,14.0,87.0,2.54,2.54,2.54,2.54,0.0,1.0,107.0,0.0,0.0,78.0,69.5,56.5,-0.019352730000000012,-0.019352730000000012,6.0,0.999,18.0,16.0,16.0,-16.0,-2.0,-2.0,-2.0,-2.0,0.0,0.0,0.0,0.0,45.0,20.0,21.0,8.5,315.0,336.0,2.0,2.0,600.0,4390.0,0.0,0.0,0.0,1.0,19483.0,8.1,1.0,0.0,-27.375,0.9375,-0.375,29.3125,-27.375,750.0,43.0,390.0,200.0,0.0,0.0,254.0,20.0,0.0,8.0,0.0,1.0,0.0,0.0,8.0,0.0,5.0,1.0,4.0,0.0,31.0,4687.0,100.0,0.0,0.0,0.0,0.0,28.0,0.0,0.0,3.9000000000000004,5000.0,4990.0,4980.0,1.0,1.0,0.0,22.0,1096.0,0.0,255.0,850.0,353.0,0.0,0.0,1245716.0,3.008,3.0,50.0
1788624338969,2026-09-05T20:05:38.969,0.0,4.0,0.0,1.0,755.0,14.100000000000001,87.0,2.59,2.59,2.59,2.59,0.0,1.0,117.0,0.0,0.0,112.0,69.0,55.5,-0.012737520000000002,-0.012737520000000002,6.0,0.999,18.0,15.0,15.0,-17.0,-2.0,-2.0,-2.0,-2.0,0.0,0.0,0.0,0.0,45.0,20.0,21.0,8.6,315.0,336.0,2.0,2.0,600.0,4390.0,0.0,0.0,0.0,1.0,19483.0,8.0,0.0,0.0,-27.375,-1.1875,-1.0,29.3125,-27.375,750.0,42.0,390.0,190.0,0.0,0.0,254.0,20.0,0.0,8.0,0.0,1.0,0.0,0.0,8.0,0.0,5.0,1.0,4.0,0.0,32.0,4687.0,100.0,0.0,0.0,0.0,0.0,28.0,0.0,0.0,3.9000000000000004,5000.0,4990.0,5000.0,1.0,1.0,0.0,22.0,1580.0,0.0,255.0,850.0,344.0,0.0,0.0,1245716.0,3.008,3.0,50.0
1788624339803,2026-09-05T20:05:39.803,0.0,4.0,0.0,1.0,750.0,14.100000000000001,87.0,2.5500000000000003,2.5500000000000003,2.5500000000000003,2.5500000000000003,0.0,1.0,263.0,0.0,0.0,136.0,69.5,56.0,-0.004565790000000014,-0.004565790000000014,7.0,0.999,18.0,15.0,15.0,-16.0,-5.0,-5.0,-5.0,-5.0,0.0,0.0,0.0,0.0,46.0,20.0,21.0,8.5,315.0,336.0,2.0,2.0,590.0,4390.0,0.0,0.0,0.0,1.0,19483.0,7.9,1.0,0.0,-27.4375,-0.375,-0.0625,29.375,-27.4375,750.0,40.0,390.0,200.0,0.0,0.0,254.0,20.0,0.0,8.0,0.0,1.0,0.0,0.0,8.0,0.0,5.0,1.0,4.0,0.0,31.0,4687.0,100.0,0.0,0.0,0.0,0.0,28.0,0.0,0.0,3.9000000000000004,5000.0,4990.0,4970.0,1.0,1.0,0.0,22.0,1540.0,0.0,255.0,850.0,342.0,0.0,0.0,1245716.0,3.008,3.0,50.0
1788624340577,2026-09-05T20:05:40.577,0.0,4.0,0.0,1.0,746.0,14.200000000000001,87.0,2.54,2.54,2.54,2.54,0.0,1.0,92.0,1.0,0.0,522.0,70.0,55.5,-0.00728970000000001,-0.00728970000000001,8.0,0.999,19.0,15.0,15.0,-17.0,-3.0,-3.0,-3.0,-3.0,0.0,0.0,0.0,0.0,46.0,20.0,21.0,8.5,315.0,336.0,2.0,2.0,600.0,4370.0,0.0,0.0,0.0,1.0,19483.0,8.1,1.0,0.0,-27.625,1.3125,-0.375,29.5625,-27.625,750.0,38.0,390.0,200.0,0.0,0.0,254.0,20.0,0.0,8.0,0.0,1.0,0.0,0.0,8.0,0.0,5.0,1.0,4.0,0.0,31.0,4687.0,100.0,0.0,0.0,0.0,0.0,28.0,0.0,0.0,3.9000000000000004,5000.0,4990.0,4980.0,1.0,1.0,0.0,22.0,2310.0,0.0,255.0,850.0,353.0,0.0,0.0,1245716.0,3.008,3.0,50.0
1788624341502,2026-09-05T20:05:41.502,0.0,4.0,0.0,1.0,748.0,14.100000000000001,87.0,2.58,2.58,2.58,2.58,0.0,1.0,97.0,0.0,0.0,87.0,71.0,56.0,-2.8536000000001227E-4,-2.8536000000001227E-4,9.0,0.999,20.0,15.0,15.0,-18.0,-3.0,-3.0,-3.0,-3.0,0.0,0.0,0.0,0.0,46.0,20.0,21.0,8.700000000000001,315.0,336.0,2.0,2.0,600.0,4380.0,0.0,0.0,0.0,1.0,19483.0,8.0,0.0,0.0,-27.4375,-0.125,-1.5,29.375,-27.4375,750.0,36.0,390.0,200.0,0.0,0.0,254.0,20.0,0.0,8.0,0.0,1.0,0.0,0.0,8.0,0.0,5.0,1.0,4.0,0.0,29.0,4687.0,100.0,0.0,0.0,0.0,0.0,28.0,0.0,0.0,3.9000000000000004,5000.0,4990.0,4990.0,1.0,1.0,0.0,22.0,1130.0,0.0,255.0,850.0,348.0,0.0,0.0,1245716.0,3.008,3.0,50.0
1788624342461,2026-09-05T20:05:42.461,0.0,4.0,0.0,1.0,754.0,13.9,87.0,2.56,2.56,2.56,2.56,0.0,1.0,112.0,0.0,0.0,102.0,72.0,57.0,0.009832019999999997,0.009832019999999997,9.0,0.999,20.0,15.0,15.0,-17.0,-4.0,-4.0,-4.0,-4.0,0.0,0.0,0.0,0.0,46.0,22.0,21.0,8.4,336.0,336.0,2.0,2.0,600.0,4390.0,0.0,0.0,0.0,1.0,19483.0,8.5,1.0,0.0,-27.4375,0.8125,0.4375,29.375,-27.4375,750.0,31.0,390.0,200.0,0.0,0.0,254.0,20.0,0.0,8.0,0.0,1.0,0.0,0.0,8.0,0.0,5.0,1.0,4.0,0.0,28.0,4687.0,100.0,0.0,0.0,0.0,0.0,28.0,0.0,0.0,3.9000000000000004,5000.0,4990.0,4980.0,1.0,1.0,0.0,22.0,2054.0,0.0,255.0,850.0,345.0,0.0,0.0,1245716.0,3.008,3.0,50.0
1788624343127,2026-09-05T20:05:43.127,0.0,4.0,0.0,1.0,749.0,14.100000000000001,86.0,2.61,2.61,2.61,2.61,0.0,1.0,97.0,0.0,0.0,78.0,72.5,56.5,0.030433019999999977,0.030433019999999977,10.0,0.999,21.0,15.0,15.0,-18.0,-3.0,-3.0,-3.0,-3.0,0.0,0.0,0.0,0.0,46.0,21.0,21.0,8.6,315.0,336.0,2.0,2.0,600.0,4380.0,0.0,0.0,0.0,1.0,19483.0,8.1,0.0,0.0,-27.6875,0.9375,-0.375,29.625,-27.6875,750.0,27.0,390.0,200.0,0.0,0.0,254.0,20.0,0.0,8.0,0.0,1.0,0.0,0.0,8.0,0.0,5.0,1.0,4.0,0.0,29.0,4687.0,100.0,0.0,0.0,0.0,0.0,27.0,0.0,0.0,3.9000000000000004,5000.0,4990.0,4980.0,1.0,1.0,0.0,22.0,1541.0,0.0,255.0,850.0,347.0,0.0,0.0,1245716.0,3.008,3.0,50.0
1788624343845,2026-09-05T20:05:43.845,0.0,4.0,0.0,1.0,754.0,14.0,86.0,2.67,2.67,2.67,2.67,1.0,1.0,537.0,0.0,0.0,131.0,73.5,57.0,0.060525739999999995,0.060525739999999995,11.0,0.999,21.0,15.0,15.0,-18.0,-4.0,-4.0,-4.0,-4.0,0.0,0.0,0.0,0.0,46.0,21.0,21.0,8.6,315.0,336.0,2.0,2.0,600.0,4380.0,0.0,0.0,0.0,1.0,19483.0,8.1,1.0,0.0,-27.75,-0.25,-0.25,29.6875,-27.75,750.0,23.0,390.0,200.0,0.0,0.0,254.0,20.0,0.0,8.0,0.0,1.0,0.0,0.0,8.0,0.0,5.0,1.0,4.0,0.0,30.0,4687.0,100.0,0.0,0.0,0.0,0.0,27.0,0.0,0.0,3.9000000000000004,5000.0,4990.0,4980.0,1.0,1.0,0.0,22.0,1980.0,0.0,255.0,850.0,368.0,0.0,0.0,1245716.0,3.008,3.0,50.0
1788624344708,2026-09-05T20:05:44.708,0.0,4.0,0.0,1.0,746.0,14.0,86.0,2.62,2.62,2.62,2.62,0.0,1.0,146.0,1.0,0.0,698.0,72.5,56.0,0.020147780000000004,0.020147780000000004,11.0,0.999,21.0,15.0,15.0,-20.0,-3.0,-3.0,-3.0,-3.0,0.0,0.0,0.0,0.0,46.0,20.0,22.0,8.8,315.0,336.0,2.0,2.0,600.0,4390.0,0.0,0.0,0.0,1.0,19483.0,8.1,1.0,0.0,-27.4375,0.875,0.5625,29.375,-27.4375,750.0,21.0,390.0,200.0,0.0,0.0,254.0,20.0,0.0,8.0,0.0,1.0,0.0,0.0,8.0,0.0,5.0,1.0,4.0,0.0,28.0,4687.0,100.0,0.0,0.0,0.0,0.0,27.0,0.0,0.0,3.9000000000000004,5000.0,4990.0,4990.0,1.0,1.0,0.0,22.0,1136.0,0.0,255.0,850.0,358.0,0.0,0.0,1245716.0,3.008,3.0,50.0
1788624345508,2026-09-05T20:05:45.508,0.0,4.0,0.0,1.0,750.0,14.100000000000001,86.0,2.6,2.6,2.6,2.6,0.0,1.0,73.0,0.0,0.0,63.0,73.5,56.5,0.028319509999999992,0.028319509999999992,12.0,0.999,22.0,15.0,15.0,-20.0,-2.0,-2.0,-2.0,-2.0,0.0,0.0,0.0,0.0,46.0,21.0,22.0,8.8,336.0,357.0,2.0,2.0,600.0,4380.0,0.0,0.0,0.0,1.0,19483.0,8.3,0.0,0.0,-27.5625,0.125,1.3125,29.5,-27.5625,750.0,19.0,390.0,200.0,0.0,0.0,254.0,20.0,0.0,8.0,0.0,1.0,0.0,0.0,8.0,0.0,5.0,1.0,4.0,0.0,29.0,4687.0,100.0,0.0,0.0,0.0,0.0,27.0,0.0,0.0,3.9000000000000004,5000.0,4990.0,4970.0,1.0,1.0,0.0,22.0,1951.0,0.0,255.0,850.0,366.0,0.0,0.0,1245716.0,3.008,3.0,50.0
1788624346199,2026-09-05T20:05:46.199,0.0,4.0,0.0,1.0,754.0,14.0,86.0,2.63,2.63,2.63,2.63,0.0,1.0,73.0,0.0,0.0,63.0,74.0,57.0,0.035712980000000005,0.035712980000000005,11.0,0.999,22.0,15.0,15.0,-20.0,-3.0,-3.0,-3.0,-3.0,0.0,0.0,0.0,0.0,46.0,21.0,22.0,8.9,336.0,357.0,2.0,2.0,600.0,4390.0,0.0,0.0,0.0,1.0,19483.0,8.200000000000001,1.0,0.0,-28.0,0.75,0.1875,29.9375,-28.0,750.0,19.0,390.0,200.0,0.0,0.0,254.0,20.0,0.0,8.0,0.0,1.0,0.0,0.0,8.0,0.0,5.0,1.0,4.0,0.0,30.0,4687.0,100.0,0.0,0.0,0.0,0.0,27.0,0.0,0.0,3.9000000000000004,5000.0,4990.0,4970.0,1.0,1.0,0.0,22.0,1948.0,0.0,255.0,850.0,358.0,0.0,0.0,1245716.0,3.008,3.0,50.0
1788624346990,2026-09-05T20:05:46.990,0.0,4.0,0.0,1.0,754.0,14.100000000000001,86.0,2.61,2.61,2.61,2.61,0.0,1.0,78.0,0.0,0.0,68.0,74.5,57.0,0.04271732,0.04271732,11.0,0.999,23.0,15.0,15.0,-19.0,-5.0,-5.0,-5.0,-5.0,0.0,0.0,0.0,0.0,46.0,21.0,22.0,8.8,336.0,336.0,2.0,2.0,600.0,4380.0,0.0,0.0,0.0,1.0,19483.0,8.1,0.0,0.0,-27.5625,0.4375,-0.75,29.5,-27.5625,750.0,19.0,390.0,200.0,0.0,0.0,254.0,20.0,0.0,8.0,0.0,1.0,0.0,0.0,8.0,0.0,5.0,1.0,4.0,0.0,29.0,4687.0,100.0,0.0,0.0,0.0,0.0,27.0,0.0,0.0,3.9000000000000004,5000.0,4990.0,4980.0,1.0,1.0,0.0,22.0,1383.0,0.0,255.0,850.0,362.0,0.0,0.0,1245716.0,3.008,3.0,50.0
1788624347742,2026-09-05T20:05:47.742,0.0,4.0,0.0,1.0,757.0,14.100000000000001,85.0,2.64,2.64,2.64,2.64,0.0,1.0,92.0,0.0,0.0,78.0,74.0,57.0,0.050499919999999976,0.050499919999999976,10.0,0.999,23.0,15.0,15.0,-19.0,-5.0,-5.0,-5.0,-5.0,0.0,0.0,0.0,0.0,46.0,20.0,22.0,8.8,315.0,336.0,2.0,2.0,600.0,4380.0,0.0,0.0,0.0,1.0,19483.0,8.0,1.0,0.0,-27.375,-1.5,-0.75,29.3125,-27.375,750.0,20.0,590.0,270.0,5.6000000000000005,4.2,254.0,20.0,0.0,8.0,0.0,0.0,1.0,0.0,8.0,0.0,5.0,2.0,4.0,100.0,29.0,4687.0,100.0,0.0,0.0,0.0,0.0,27.0,0.0,0.0,3.9000000000000004,5000.0,4990.0,4990.0,1.0,1.0,0.0,22.0,1281.0,0.0,255.0,850.0,352.0,0.0,0.0,1245716.0,3.008,3.0,50.0
1788624348544,2026-09-05T20:05:48.544,0.0,4.0,0.0,1.0,916.0,14.100000000000001,85.0,3.27,3.27,3.27,3.27,0.0,1.0,117.0,0.0,0.0,83.0,74.0,57.0,0.07441233999999997,0.07441233999999997,10.0,0.999,36.0,16.0,16.0,-35.0,13.0,13.0,13.0,13.0,0.0,0.0,0.0,0.0,46.0,46.0,35.0,29.200000000000003,651.0,525.0,11.0,10.0,940.0,4040.0,0.0,0.0,0.0,1.0,19483.0,34.300000000000004,1.0,0.0,57.0625,47.5,48.8125,26.625,57.0625,750.0,21.0,1290.0,620.0,26.700000000000003,25.200000000000003,254.0,20.0,0.0,8.0,0.0,0.0,1.0,0.0,8.0,0.0,5.0,2.0,4.0,100.0,31.0,4687.0,100.0,0.0,0.0,0.0,0.0,27.0,0.0,0.0,3.9000000000000004,5000.0,4990.0,4980.0,1.0,1.0,0.0,22.0,5000.0,0.0,255.0,850.0,353.0,0.0,0.0,1245716.0,3.008,3.0,50.0
1788624349336,2026-09-05T20:05:49.336,0.0,4.0,0.0,1.0,2451.0,14.100000000000001,85.0,6.11,6.11,6.11,6.11,1.0,1.0,795.0,1.0,0.0,791.0,75.5,59.5,-0.0013688200000000206,-0.0013688200000000206,9.0,0.999,99.0,23.0,23.0,-34.0,23.0,23.0,23.0,23.0,0.0,0.0,0.0,0.0,46.0,47.0,48.0,61.7,567.0,588.0,14.0,14.0,1110.0,3860.0,15.0,16.0,46.0,1.0,19483.0,59.300000000000004,0.0,0.0,58.9375,59.75,59.8125,23.75,58.9375,750.0,24.0,1350.0,650.0,28.6,27.0,254.0,20.0,0.0,8.0,0.0,0.0,0.0,0.0,8.0,0.0,5.0,2.0,4.0,0.0,31.0,4687.0,100.0,0.0,0.0,0.0,0.0,27.0,0.0,0.0,3.9000000000000004,5000.0,4990.0,4980.0,1.0,1.0,0.0,22.0,3801.0,0.0,255.0,850.0,353.0,0.0,0.0,1245716.0,3.008,3.0,50.0
1788624350374,2026-09-05T20:05:50.374,0.0,4.0,0.0,1.0,1940.0,14.200000000000001,85.0,5.74,5.74,5.74,5.74,1.0,1.0,742.0,1.0,0.0,683.0,70.5,61.0,-0.009670260000000014,-0.009670260000000014,8.0,0.999,99.0,23.0,23.0,-35.0,7.0,7.0,7.0,7.0,0.0,0.0,0.0,0.0,46.0,29.0,34.0,37.1,399.0,483.0,8.0,8.0,850.0,4120.0,0.0,0.0,0.0,1.0,19483.0,30.6,1.0,0.0,19.5625,27.4375,29.6875,22.125,19.5625,750.0,27.0,940.0,450.0,16.2,15.100000000000001,254.0,20.0,0.0,8.0,0.0,0.0,0.0,0.0,8.0,0.0,5.0,2.0,4.0,0.0,30.0,4687.0,100.0,0.0,0.0,0.0,0.0,27.0,0.0,0.0,3.9000000000000004,5000.0,4990.0,4990.0,1.0,1.0,0.0,22.0,4006.0,0.0,255.0,850.0,353.0,0.0,0.0,1245716.0,3.008,3.0,50.0
1788624351218,2026-09-05T20:05:51.218,0.0,4.0,0.0,1.0,2103.0,14.200000000000001,85.0,2.7800000000000002,2.7800000000000002,2.7800000000000002,2.7800000000000002,0.0,1.0,48.0,0.0,0.0,48.0,68.0,62.5,0.08300372,0.08300372,8.0,0.999,73.0,27.0,27.0,-36.0,18.0,18.0,18.0,18.0,0.0,0.0,0.0,0.0,45.0,20.0,22.0,25.5,294.0,315.0,6.0,6.0,780.0,4200.0,0.0,0.0,0.0,1.0,19483.0,22.400000000000002,0.0,0.0,12.625,15.1875,15.3125,22.1875,12.625,750.0,28.0,990.0,470.0,17.5,16.3,254.0,20.0,0.0,8.0,0.0,0.0,0.0,0.0,8.0,0.0,5.0,2.0,4.0,0.0,32.0,4687.0,100.0,0.0,0.0,0.0,0.0,27.0,0.0,0.0,3.9000000000000004,5000.0,4990.0,4970.0,1.0,1.0,0.0,22.0,3508.0,0.0,255.0,850.0,333.0,0.0,0.0,1245716.0,3.008,3.0,50.0
1788624351979,2026-09-05T20:05:51.979,0.0,4.0,0.0,1.0,2194.0,14.100000000000001,84.0,3.41,3.41,3.41,3.41,0.0,1.0,126.0,0.0,0.0,63.0,67.5,63.5,0.16826133999999998,0.16826133999999998,7.0,0.999,71.0,27.0,27.0,-24.0,27.0,27.0,27.0,27.0,0.0,0.0,0.0,0.0,45.0,24.0,24.0,29.400000000000002,336.0,336.0,7.0,7.0,820.0,4160.0,0.0,0.0,0.0,1.0,19483.0,27.3,1.0,0.0,19.9375,19.8125,19.8125,21.875,19.9375,750.0,29.0,1080.0,520.0,20.3,19.200000000000003,254.0,20.0,0.0,8.0,0.0,0.0,0.0,0.0,8.0,0.0,5.0,2.0,4.0,0.0,31.0,4687.0,100.0,0.0,0.0,0.0,0.0,27.0,0.0,0.0,3.9000000000000004,5000.0,4990.0,4980.0,1.0,1.0,0.0,22.0,3839.0,0.0,255.0,850.0,335.0,0.0,0.0,1245716.0,3.008,3.0,50.0
1788624352834,2026-09-05T20:05:52.834,0.0,4.0,0.0,1.0,2288.0,14.200000000000001,84.0,3.61,3.61,3.61,3.61,1.0,1.0,810.0,1.0,0.0,786.0,67.0,64.0,0.07609856999999998,0.07609856999999998,6.0,0.999,89.0,27.0,27.0,-36.0,12.0,12.0,12.0,12.0,0.0,0.0,0.0,0.0,45.0,17.0,22.0,27.6,252.0,315.0,6.0,6.0,770.0,4210.0,0.0,0.0,0.0,1.0,19483.0,20.5,0.0,0.0,3.4375,12.5,12.3125,21.9375,3.4375,750.0,30.0,820.0,390.0,12.5,11.600000000000001,254.0,20.0,0.0,8.0,0.0,0.0,0.0,0.0,8.0,0.0,5.0,2.0,4.0,0.0,33.0,4687.0,100.0,0.0,0.0,0.0,0.0,27.0,0.0,0.0,3.9000000000000004,5000.0,4990.0,4980.0,1.0,1.0,0.0,22.0,4315.0,0.0,255.0,850.0,308.0,0.0,0.0,1245716.0,3.008,3.0,50.0
1788624353756,2026-09-05T20:05:53.756,0.0,4.0,0.0,1.0,2306.0,14.0,84.0,2.04,2.04,2.04,2.04,0.0,1.0,68.0,0.0,0.0,63.0,65.5,64.5,0.08898563999999998,0.08898563999999998,6.0,0.999,46.0,42.0,42.0,-18.0,16.0,16.0,16.0,16.0,0.0,0.0,0.0,0.0,45.0,14.0,15.0,19.5,210.0,210.0,5.0,5.0,710.0,4270.0,0.0,0.0,0.0,1.0,19483.0,17.2,0.0,0.0,-2.375,-0.375,-1.5,22.8125,-2.375,750.0,30.0,760.0,360.0,10.8,9.5,254.0,20.0,0.0,8.0,0.0,0.0,0.0,0.0,8.0,0.0,5.0,2.0,4.0,0.0,30.0,4687.0,100.0,0.0,0.0,0.0,0.0,26.0,0.0,0.0,3.9000000000000004,5000.0,4990.0,4980.0,1.0,1.0,0.0,22.0,5000.0,0.0,255.0,850.0,257.0,0.0,0.0,1245716.0,3.008,3.0,50.0
1788624354524,2026-09-05T20:05:54.524,0.0,4.0,0.0,1.0,2386.0,14.100000000000001,84.0,1.95,1.95,1.95,1.95,1.0,1.0,761.0,1.0,0.0,722.0,64.0,65.0,0.06828544999999997,0.06828544999999997,5.0,0.999,50.0,42.0,42.0,-17.0,27.0,27.0,27.0,27.0,0.0,0.0,0.0,0.0,45.0,14.0,14.0,19.200000000000003,189.0,210.0,5.0,5.0,720.0,4260.0,0.0,0.0,0.0,1.0,19483.0,17.3,1.0,0.0,0.25,0.25,0.25,22.25,0.25,750.0,31.0,830.0,390.0,12.8,11.600000000000001,254.0,20.0,0.0,8.0,0.0,0.0,0.0,0.0,8.0,0.0,5.0,2.0,4.0,0.0,32.0,4687.0,100.0,0.0,0.0,0.0,0.0,26.0,0.0,0.0,3.9000000000000004,5000.0,4990.0,4980.0,1.0,1.0,0.0,22.0,2701.0,0.0,255.0,850.0,236.0,0.0,0.0,1245716.0,3.008,3.0,50.0
1788624355352,2026-09-05T20:05:55.352,0.0,4.0,0.0,1.0,2411.0,14.200000000000001,84.0,1.9100000000000001,1.9100000000000001,1.9100000000000001,1.9100000000000001,1.0,1.0,795.0,1.0,0.0,727.0,61.5,65.5,0.059419390000000016,0.059419390000000016,4.0,0.999,51.0,43.0,43.0,4.0,26.0,26.0,26.0,26.0,0.0,0.0,0.0,0.0,45.0,14.0,14.0,19.200000000000003,210.0,210.0,5.0,5.0,720.0,4250.0,0.0,0.0,0.0,1.0,19483.0,17.400000000000002,0.0,0.0,0.625,0.625,-0.3125,22.25,0.625,750.0,31.0,950.0,450.0,16.6,15.4,254.0,20.0,0.0,8.0,0.0,0.0,0.0,0.0,8.0,0.0,5.0,2.0,4.0,0.0,33.0,4687.0,100.0,0.0,0.0,0.0,0.0,26.0,0.0,0.0,3.9000000000000004,5000.0,4990.0,4990.0,1.0,1.0,0.0,22.0,3809.0,0.0,255.0,850.0,230.0,0.0,0.0,1245716.0,3.008,3.0,50.0
1788624356123,2026-09-05T20:05:56.123,0.0,4.0,0.0,1.0,2488.0,14.100000000000001,84.0,2.8000000000000003,2.8000000000000003,2.8000000000000003,2.8000000000000003,1.0,1.0,649.0,0.0,0.0,258.0,59.5,65.5,0.10923566000000001,0.10923566000000001,4.0,0.999,79.0,30.0,30.0,-12.0,26.0,26.0,26.0,26.0,0.0,0.0,0.0,0.0,45.0,20.0,20.0,27.8,273.0,294.0,7.0,7.0,810.0,4170.0,0.0,0.0,0.0,1.0,19483.0,25.3,1.0,0.0,10.6875,11.25,11.8125,21.75,10.6875,750.0,32.0,880.0,420.0,14.8,13.600000000000001,254.0,20.0,0.0,8.0,0.0,0.0,0.0,0.0,8.0,0.0,5.0,2.0,4.0,0.0,32.0,4687.0,100.0,0.0,0.0,0.0,0.0,27.0,0.0,0.0,3.9000000000000004,5000.0,4990.0,4990.0,1.0,1.0,0.0,22.0,5000.0,0.0,255.0,850.0,233.0,0.0,0.0,1245716.0,3.008,3.0,50.0
1788624356936,2026-09-05T20:05:56.936,0.0,4.0,0.0,1.0,2467.0,14.100000000000001,84.0,2.0300000000000002,2.0300000000000002,2.0300000000000002,2.0300000000000002,1.0,1.0,820.0,1.0,0.0,800.0,58.5,66.0,0.038253769999999965,0.038253769999999965,3.0,0.999,53.0,41.0,41.0,3.0,26.0,26.0,26.0,26.0,0.0,0.0,0.0,0.0,45.0,14.0,14.0,19.900000000000002,189.0,210.0,5.0,5.0,720.0,4260.0,0.0,0.0,0.0,1.0,19483.0,17.900000000000002,0.0,0.0,-13.6875,-3.5,-3.0,22.0,-21.3125,750.0,32.0,390.0,200.0,0.0,0.0,254.0,20.0,0.0,8.0,0.0,0.0,0.0,0.0,8.0,0.0,5.0,2.0,4.0,0.0,31.0,4687.0,100.0,0.0,0.0,0.0,0.0,27.0,0.0,0.0,3.9000000000000004,5000.0,4990.0,4980.0,1.0,1.0,0.0,22.0,5000.0,0.0,255.0,850.0,227.0,0.0,0.0,1245716.0,3.008,3.0,50.0
1788624357777,2026-09-05T20:05:57.777,0.0,4.0,0.0,1.0,2509.0,14.100000000000001,84.0,1.86,1.86,1.86,1.86,0.0,1.0,63.0,0.0,0.0,126.0,55.5,65.5,0.042000099999999985,0.042000099999999985,3.0,0.999,54.0,43.0,43.0,-15.0,6.0,6.0,6.0,6.0,0.0,0.0,0.0,0.0,45.0,14.0,14.0,19.900000000000002,189.0,210.0,5.0,5.0,730.0,4240.0,0.0,0.0,0.0,1.0,19483.0,17.900000000000002,1.0,0.0,-22.1875,-18.1875,-17.6875,22.875,-22.1875,750.0,32.0,390.0,200.0,0.0,0.0,254.0,20.0,0.0,8.0,0.0,1.0,0.0,0.0,8.0,0.0,5.0,2.0,4.0,0.0,31.0,4687.0,100.0,0.0,0.0,0.0,0.0,27.0,0.0,0.0,3.9000000000000004,5000.0,4990.0,4980.0,1.0,1.0,0.0,22.0,4804.0,0.0,255.0,850.0,240.0,0.0,0.0,1245716.0,3.008,3.0,50.0
1788624358889,2026-09-05T20:05:58.889,0.0,4.0,0.0,1.0,2391.0,14.100000000000001,85.0,0.0,0.0,0.0,0.0,0.0,0.0,14.0,0.0,0.0,43.0,52.0,65.5,1.9839999999993196E-5,1.9839999999993196E-5,2.0,0.999,0.0,42.0,42.0,-1.0,-1.0,-1.0,-1.0,-1.0,0.0,0.0,0.0,0.0,45.0,14.0,15.0,19.1,189.0,210.0,5.0,5.0,720.0,4250.0,0.0,0.0,0.0,1.0,19483.0,17.3,0.0,0.0,-23.75,-23.75,-24.0,24.75,-23.75,750.0,29.0,390.0,200.0,0.0,0.0,254.0,20.0,0.0,8.0,0.0,1.0,0.0,0.0,8.0,0.0,5.0,0.0,4.0,0.0,28.0,4687.0,100.0,0.0,0.0,0.0,0.0,27.0,0.0,0.0,3.9000000000000004,5000.0,4990.0,4980.0,1.0,1.0,0.0,22.0,4020.0,0.0,255.0,850.0,228.0,0.0,0.0,1245716.0,3.008,3.0,50.0
1788624359713,2026-09-05T20:05:59.713,0.0,4.0,0.0,1.0,2142.0,13.9,85.0,0.0,0.0,0.0,0.0,0.0,0.0,0.0,0.0,0.0,0.0,57.5,66.0,1.9839999999993196E-5,1.9839999999993196E-5,2.0,0.999,0.0,42.0,42.0,3.0,3.0,3.0,3.0,3.0,0.0,0.0,0.0,0.0,45.0,14.0,14.0,16.900000000000002,189.0,210.0,4.0,4.0,690.0,4290.0,0.0,0.0,0.0,1.0,19483.0,15.200000000000001,0.0,0.0,-25.75,-25.75,-26.0,27.125,-25.75,750.0,27.0,390.0,200.0,0.0,0.0,254.0,20.0,0.0,8.0,0.0,0.0,0.0,0.0,8.0,0.0,5.0,0.0,4.0,0.0,22.0,4687.0,100.0,0.0,0.0,0.0,0.0,27.0,0.0,0.0,3.9000000000000004,5000.0,4990.0,4980.0,1.0,1.0,0.0,22.0,4654.0,0.0,255.0,850.0,237.0,0.0,0.0,1245716.0,3.008,3.0,50.0
1788624360429,2026-09-05T20:06:00.429,0.0,4.0,0.0,1.0,2077.0,14.100000000000001,85.0,0.0,0.0,0.0,0.0,0.0,0.0,0.0,0.0,0.0,0.0,64.5,65.5,1.9839999999993196E-5,1.9839999999993196E-5,2.0,0.999,0.0,42.0,42.0,3.0,3.0,3.0,3.0,3.0,0.0,0.0,0.0,0.0,45.0,14.0,14.0,15.8,189.0,210.0,4.0,4.0,680.0,4300.0,0.0,0.0,0.0,1.0,19483.0,14.5,1.0,0.0,-25.0,-25.0,-25.25,26.4375,-25.0,750.0,27.0,410.0,200.0,0.4,0.0,254.0,20.0,0.0,8.0,0.0,0.0,0.0,0.0,8.0,0.0,5.0,0.0,4.0,0.0,10.0,4687.0,100.0,0.0,0.0,0.0,0.0,27.0,0.0,0.0,3.9000000000000004,5000.0,4990.0,4990.0,1.0,1.0,0.0,22.0,4080.0,0.0,255.0,850.0,226.0,0.0,0.0,1245716.0,3.008,3.0,50.0
1788624361269,2026-09-05T20:06:01.269,0.0,4.0,0.0,1.0,2023.0,14.100000000000001,85.0,0.0,0.0,0.0,0.0,0.0,0.0,0.0,0.0,0.0,0.0,69.5,65.5,1.9839999999993196E-5,1.9839999999993196E-5,2.0,0.999,0.0,42.0,42.0,4.0,4.0,4.0,4.0,4.0,0.0,0.0,0.0,0.0,45.0,13.0,14.0,15.100000000000001,189.0,210.0,4.0,4.0,670.0,4320.0,0.0,0.0,0.0,1.0,19483.0,13.9,0.0,0.0,-23.625,-23.625,-23.875,25.125,-23.625,750.0,26.0,470.0,210.0,2.2,1.0,254.0,20.0,0.0,8.0,0.0,0.0,0.0,0.0,8.0,0.0,5.0,0.0,4.0,0.0,1.0,4687.0,100.0,0.0,0.0,0.0,0.0,27.0,0.0,0.0,3.9000000000000004,5000.0,4990.0,4980.0,1.0,1.0,0.0,22.0,5000.0,0.0,255.0,850.0,221.0,0.0,0.0,1245716.0,3.008,3.0,50.0
1788624362043,2026-09-05T20:06:02.043,0.0,4.0,0.0,1.0,1953.0,14.100000000000001,85.0,0.0,0.0,0.0,0.0,0.0,0.0,0.0,0.0,0.0,0.0,72.5,65.5,1.9839999999993196E-5,1.9839999999993196E-5,2.0,0.999,0.0,40.0,40.0,5.0,5.0,5.0,5.0,5.0,0.0,0.0,0.0,0.0,45.0,13.0,14.0,14.600000000000001,189.0,210.0,4.0,4.0,670.0,4320.0,0.0,0.0,0.0,1.0,19483.0,13.5,1.0,0.0,-24.125,-24.125,-24.3125,25.75,-24.125,750.0,25.0,450.0,200.0,1.0,0.30000000000000004,254.0,20.0,0.0,8.0,0.0,0.0,0.0,0.0,8.0,0.0,5.0,0.0,4.0,0.0,9.0,4687.0,100.0,0.0,0.0,0.0,0.0,27.0,0.0,0.0,3.9000000000000004,5000.0,4990.0,4980.0,1.0,1.0,0.0,22.0,2246.0,0.0,255.0,850.0,221.0,0.0,0.0,1245716.0,3.008,3.0,50.0
1788624362774,2026-09-05T20:06:02.774,0.0,4.0,0.0,1.0,1914.0,14.0,85.0,0.0,0.0,0.0,0.0,0.0,0.0,0.0,0.0,0.0,0.0,76.0,66.5,1.9839999999993196E-5,1.9839999999993196E-5,2.0,0.999,0.0,40.0,40.0,4.0,4.0,4.0,4.0,4.0,0.0,0.0,0.0,0.0,45.0,13.0,14.0,14.3,189.0,210.0,3.0,3.0,660.0,4320.0,0.0,0.0,0.0,1.0,19483.0,13.200000000000001,0.0,0.0,-13.9375,-16.125,-16.1875,25.625,-13.9375,750.0,24.0,600.0,280.0,4.9,4.1000000000000005,254.0,20.0,0.0,8.0,0.0,0.0,0.0,0.0,8.0,0.0,5.0,2.0,4.0,0.0,9.0,4687.0,100.0,0.0,0.0,0.0,0.0,27.0,0.0,0.0,3.9000000000000004,5000.0,4990.0,4980.0,1.0,1.0,0.0,22.0,4517.0,0.0,255.0,850.0,220.0,0.0,0.0,1245716.0,3.008,3.0,50.0
1788624363543,2026-09-05T20:06:03.543,0.0,4.0,0.0,1.0,1831.0,14.100000000000001,85.0,2.3000000000000003,2.3000000000000003,2.3000000000000003,2.3000000000000003,0.0,0.0,156.0,0.0,0.0,19.0,77.0,67.0,1.9839999999993196E-5,1.9839999999993196E-5,2.0,1.302,0.0,44.0,44.0,-18.0,29.0,29.0,29.0,29.0,0.0,0.0,0.0,0.0,45.0,16.0,15.0,15.4,231.0,231.0,4.0,4.0,690.0,4290.0,0.0,0.0,0.0,1.0,19483.0,15.5,0.0,0.0,1.25,-0.8125,-4.25,26.125,1.25,750.0,23.0,830.0,390.0,11.4,10.600000000000001,254.0,20.0,0.0,8.0,0.0,0.0,0.0,0.0,8.0,0.0,5.0,2.0,4.0,0.0,10.0,4687.0,100.0,0.0,0.0,0.0,0.0,27.0,0.0,0.0,3.9000000000000004,5000.0,4990.0,4980.0,1.0,1.0,0.0,22.0,3463.0,0.0,255.0,850.0,220.0,0.0,0.0,1245716.0,3.008,3.0,50.0
1788624364319,2026-09-05T20:06:04.319,0.0,4.0,0.0,1.0,1789.0,14.100000000000001,85.0,2.67,2.67,2.67,2.67,0.0,1.0,34.0,0.0,0.0,34.0,76.5,67.0,0.024611329999999987,0.024611329999999987,2.0,0.999,5.0,26.0,26.0,-36.0,10.0,10.0,10.0,10.0,0.0,0.0,0.0,0.0,45.0,42.0,31.0,31.5,567.0,441.0,11.0,11.0,960.0,4030.0,0.0,0.0,0.0,1.0,19483.0,39.7,1.0,0.0,52.5,37.625,39.0625,24.5,52.5,750.0,22.0,1280.0,620.0,25.5,24.5,254.0,20.0,0.0,8.0,0.0,0.0,0.0,0.0,8.0,0.0,5.0,2.0,4.0,0.0,8.0,4687.0,100.0,0.0,0.0,0.0,0.0,27.0,0.0,0.0,3.9000000000000004,5000.0,4990.0,4980.0,1.0,1.0,0.0,22.0,4717.0,0.0,255.0,850.0,220.0,0.0,0.0,1245716.0,3.008,3.0,50.0
1788624365056,2026-09-05T20:06:05.056,0.0,4.0,0.0,1.0,1772.0,14.100000000000001,85.0,7.66,7.66,7.66,7.66,1.0,1.0,766.0,1.0,0.0,722.0,76.5,68.5,0.0033007399999999687,0.0033007399999999687,2.0,0.999,14.0,18.0,18.0,-36.0,7.0,7.0,7.0,7.0,0.0,0.0,0.0,0.0,46.0,65.0,62.0,62.400000000000006,756.0,735.0,22.0,21.0,1400.0,3580.0,35.0,36.0,47.0,1.0,19483.0,62.800000000000004,0.0,0.0,92.125,90.4375,88.9375,23.5625,92.125,750.0,24.0,1530.0,740.0,33.2,32.1,254.0,20.0,0.0,8.0,0.0,0.0,0.0,0.0,8.0,0.0,5.0,2.0,4.0,0.0,2.0,4687.0,100.0,0.0,0.0,0.0,0.0,27.0,0.0,0.0,3.9000000000000004,5000.0,4990.0,4980.0,1.0,1.0,0.0,22.0,3806.0,0.0,255.0,850.0,221.0,0.0,0.0,1245716.0,3.008,3.0,50.0
1788624365757,2026-09-05T20:06:05.757,0.0,4.0,0.0,1.0,1893.0,14.100000000000001,85.0,9.9,9.9,9.9,9.9,0.0,1.0,87.0,0.0,0.0,73.0,74.0,70.0,0.04606688999999997,0.04606688999999997,2.0,0.999,39.0,18.0,18.0,-35.0,16.0,16.0,16.0,16.0,0.0,0.0,0.0,0.0,45.0,64.0,65.0,68.8,777.0,777.0,24.0,24.0,1510.0,3470.0,35.0,36.0,45.0,1.0,19483.0,67.2,1.0,0.0,89.375,90.1875,90.1875,22.4375,89.375,750.0,26.0,1540.0,740.0,33.300000000000004,32.1,254.0,20.0,0.0,8.0,0.0,0.0,0.0,0.0,8.0,0.0,5.0,2.0,4.0,0.0,6.0,4687.0,100.0,0.0,0.0,0.0,0.0,27.0,0.0,0.0,3.9000000000000004,5000.0,4990.0,4980.0,1.0,1.0,0.0,22.0,5000.0,0.0,255.0,850.0,220.0,0.0,0.0,1245716.0,3.008,3.0,50.0
1788624366746,2026-09-05T20:06:06.746,0.0,4.0,0.0,1.0,2070.0,14.0,85.0,9.07,9.07,9.07,9.07,1.0,1.0,717.0,1.0,0.0,620.0,69.5,72.0,0.043693959999999976,0.043693959999999976,1.0,0.999,44.0,19.0,19.0,-35.0,19.0,19.0,19.0,19.0,0.0,0.0,0.0,0.0,45.0,62.0,63.0,72.4,735.0,756.0,21.0,21.0,1410.0,3560.0,36.0,37.0,48.0,1.0,19483.0,70.10000000000001,1.0,0.0,85.5,87.4375,87.375,20.875,85.5,750.0,28.0,1540.0,750.0,33.4,32.4,254.0,20.0,0.0,8.0,0.0,0.0,0.0,0.0,8.0,0.0,5.0,2.0,4.0,0.0,22.0,4687.0,100.0,0.0,0.0,0.0,0.0,27.0,0.0,0.0,3.9000000000000004,5000.0,4990.0,4990.0,1.0,1.0,0.0,22.0,4029.0,0.0,255.0,850.0,221.0,0.0,0.0,1245716.0,3.008,3.0,50.0
1788624367589,2026-09-05T20:06:07.589,0.0,4.0,0.0,1.0,2232.0,14.100000000000001,85.0,8.57,8.57,8.57,8.57,0.0,1.0,112.0,0.0,0.0,229.0,65.5,74.5,0.04309119,0.04309119,1.0,0.999,50.0,21.0,21.0,-34.0,21.0,21.0,21.0,21.0,0.0,0.0,0.0,0.0,45.0,59.0,61.0,76.2,672.0,714.0,19.0,20.0,1330.0,3640.0,37.0,37.0,46.0,1.0,19483.0,73.0,0.0,0.0,83.0625,83.9375,84.5,19.5625,83.0625,750.0,30.0,1560.0,750.0,33.9,32.7,254.0,20.0,0.0,8.0,0.0,0.0,0.0,0.0,8.0,0.0,5.0,2.0,4.0,0.0,30.0,4687.0,100.0,0.0,0.0,0.0,0.0,27.0,0.0,0.0,3.9000000000000004,5000.0,4990.0,4980.0,1.0,1.0,0.0,22.0,4099.0,0.0,255.0,850.0,221.0,0.0,0.0,1245716.0,3.008,3.0,50.0
1788624368375,2026-09-05T20:06:08.375,0.0,4.0,0.0,1.0,2406.0,14.100000000000001,85.0,8.290000000000001,8.290000000000001,8.290000000000001,8.290000000000001,1.0,1.0,756.0,1.0,0.0,664.0,60.0,74.5,0.02529039999999999,0.02529039999999999,0.0,0.999,62.0,21.0,21.0,-33.0,21.0,21.0,21.0,21.0,0.0,0.0,0.0,0.0,44.0,59.0,60.0,78.0,672.0,693.0,19.0,19.0,1320.0,3650.0,37.0,38.0,44.0,1.0,19483.0,75.8,1.0,0.0,82.375,83.625,83.5625,19.3125,82.375,750.0,32.0,1570.0,760.0,34.5,33.300000000000004,254.0,20.0,0.0,8.0,0.0,0.0,0.0,0.0,8.0,0.0,5.0,2.0,4.0,0.0,32.0,4687.0,100.0,0.0,0.0,0.0,0.0,27.0,0.0,0.0,3.9000000000000004,5000.0,4990.0,4980.0,1.0,1.0,0.0,22.0,5000.0,0.0,255.0,850.0,221.0,0.0,0.0,1245716.0,3.008,3.0,50.0
1788624369160,2026-09-05T20:06:09.160,0.0,4.0,0.0,1.0,2525.0,14.100000000000001,85.0,8.28,8.28,8.28,8.28,0.0,1.0,78.0,0.0,0.0,156.0,55.5,75.5,0.03405726999999997,0.03405726999999997,0.0,0.999,73.0,22.0,19.0,-31.0,19.0,19.0,19.0,19.0,0.0,0.0,0.0,0.0,43.0,57.0,59.0,82.10000000000001,651.0,672.0,20.0,20.0,1330.0,3640.0,37.0,39.0,43.0,1.0,19483.0,78.80000000000001,0.0,0.0,78.625,80.625,80.6875,19.4375,78.625,750.0,34.0,1570.0,760.0,34.300000000000004,33.300000000000004,254.0,20.0,0.0,8.0,0.0,0.0,0.0,0.0,8.0,0.0,5.0,2.0,4.0,0.0,32.0,4687.0,100.0,0.0,0.0,0.0,0.0,27.0,0.0,0.0,3.9000000000000004,5000.0,4990.0,4980.0,1.0,1.0,0.0,22.0,4550.0,0.0,255.0,850.0,221.0,0.0,0.0,1245716.0,3.008,3.0,50.0
1788624369918,2026-09-05T20:06:09.918,0.0,4.0,0.0,1.0,2693.0,14.100000000000001,85.0,7.88,7.88,7.88,7.88,1.0,1.0,717.0,1.0,0.0,615.0,52.0,75.5,0.03235578,0.03235578,0.0,0.999,80.0,22.0,22.0,-30.0,22.0,22.0,22.0,22.0,0.0,0.0,0.0,0.0,43.0,55.0,56.0,83.2,630.0,651.0,19.0,19.0,1310.0,3660.0,32.0,34.0,43.0,1.0,19483.0,79.7,1.0,0.0,74.6875,76.625,76.5625,19.5,74.6875,750.0,36.0,1520.0,730.0,33.1,31.8,254.0,20.0,0.0,8.0,0.0,0.0,0.0,0.0,8.0,0.0,5.0,2.0,4.0,0.0,32.0,4687.0,100.0,0.0,0.0,0.0,0.0,27.0,0.0,0.0,3.9000000000000004,5000.0,4990.0,4980.0,1.0,1.0,0.0,22.0,5000.0,0.0,255.0,850.0,221.0,0.0,0.0,1245716.0,3.008,3.0,50.0
1788624370742,2026-09-05T20:06:10.742,0.0,4.0,0.0,1.0,2796.0,14.200000000000001,85.0,5.0200000000000005,5.0200000000000005,5.0200000000000005,5.0200000000000005,1.0,1.0,839.0,1.0,0.0,776.0,48.0,76.5,-0.015026520000000015,-0.015026520000000015,0.0,0.999,55.0,25.0,25.0,-36.0,14.0,14.0,14.0,14.0,0.0,0.0,0.0,0.0,43.0,33.0,35.0,53.1,441.0,483.0,12.0,12.0,1000.0,3970.0,0.0,0.0,0.0,1.0,19483.0,48.5,0.0,0.0,35.875,37.6875,37.1875,19.25,35.875,750.0,37.0,1290.0,620.0,25.900000000000002,24.8,254.0,20.0,0.0,8.0,0.0,0.0,0.0,0.0,8.0,0.0,5.0,2.0,4.0,0.0,33.0,4687.0,100.0,0.0,0.0,0.0,0.0,27.0,0.0,0.0,3.9000000000000004,5000.0,4990.0,4980.0,1.0,1.0,0.0,22.0,2908.0,0.0,255.0,850.0,221.0,0.0,0.0,1245716.0,3.008,3.0,50.0
1788624371553,2026-09-05T20:06:11.553,0.0,4.0,0.0,1.0,2844.0,14.200000000000001,85.0,3.88,3.88,3.88,3.88,0.0,1.0,151.0,0.0,0.0,112.0,37.5,74.5,-0.04149499000000001,-0.04149499000000001,0.0,0.999,44.0,28.0,28.0,-26.0,28.0,28.0,28.0,28.0,0.0,0.0,0.0,0.0,42.0,26.0,28.0,43.300000000000004,357.0,399.0,9.0,10.0,920.0,4060.0,0.0,0.0,0.0,1.0,19483.0,38.5,0.0,0.0,23.875,26.3125,26.25,19.8125,23.875,750.0,37.0,1190.0,570.0,22.900000000000002,21.8,254.0,20.0,0.0,8.0,0.0,0.0,0.0,0.0,8.0,0.0,5.0,2.0,4.0,0.0,33.0,4687.0,100.0,0.0,0.0,0.0,0.0,27.0,0.0,0.0,3.9000000000000004,5000.0,4990.0,4980.0,1.0,1.0,0.0,22.0,3085.0,0.0,255.0,850.0,221.0,0.0,0.0,1245716.0,3.008,3.0,50.0
1788624372326,2026-09-05T20:06:12.326,0.0,4.0,0.0,1.0,2823.0,14.100000000000001,85.0,3.34,3.34,3.34,3.34,0.0,1.0,200.0,0.0,0.0,102.0,36.0,73.5,0.019148249999999978,0.019148249999999978,0.0,0.999,41.0,28.0,28.0,-21.0,28.0,28.0,28.0,28.0,0.0,0.0,0.0,0.0,42.0,24.0,24.0,37.5,336.0,336.0,9.0,9.0,890.0,4090.0,0.0,0.0,0.0,1.0,19483.0,35.7,1.0,0.0,20.75,21.375,21.3125,20.0,20.75,750.0,37.0,1160.0,560.0,22.0,20.900000000000002,254.0,20.0,0.0,8.0,0.0,0.0,0.0,0.0,8.0,0.0,5.0,2.0,4.0,0.0,30.0,4687.0,100.0,0.0,0.0,0.0,0.0,27.0,0.0,0.0,3.9000000000000004,5000.0,4990.0,4980.0,1.0,1.0,0.0,22.0,4296.0,0.0,255.0,850.0,221.0,0.0,0.0,1245716.0,3.008,3.0,50.0
1788624373189,2026-09-05T20:06:13.189,0.0,4.0,0.0,1.0,2844.0,14.100000000000001,86.0,3.06,3.06,3.06,3.06,1.0,1.0,737.0,1.0,0.0,541.0,36.5,72.5,0.009748089999999987,0.009748089999999987,0.0,0.999,41.0,29.0,29.0,-17.0,29.0,29.0,29.0,29.0,0.0,0.0,0.0,0.0,42.0,24.0,23.0,36.1,315.0,336.0,9.0,9.0,880.0,4100.0,0.0,0.0,0.0,1.0,19483.0,34.7,0.0,0.0,21.0625,19.9375,20.0,20.0625,21.0625,750.0,36.0,1160.0,560.0,22.0,20.900000000000002,254.0,20.0,0.0,8.0,0.0,0.0,0.0,0.0,8.0,0.0,5.0,2.0,4.0,0.0,32.0,4687.0,100.0,0.0,0.0,0.0,0.0,27.0,0.0,0.0,3.9000000000000004,5000.0,4990.0,4980.0,1.0,1.0,0.0,22.0,4342.0,0.0,255.0,850.0,221.0,0.0,0.0,1245716.0,3.008,3.0,50.0
1788624374002,2026-09-05T20:06:14.002,0.0,4.0,0.0,1.0,2823.0,14.100000000000001,86.0,3.08,3.08,3.08,3.08,1.0,1.0,761.0,1.0,0.0,673.0,37.5,72.0,0.001721330000000021,0.001721330000000021,1.0,0.999,46.0,29.0,29.0,-19.0,29.0,29.0,29.0,29.0,0.0,0.0,0.0,0.0,42.0,24.0,24.0,36.5,336.0,336.0,9.0,9.0,880.0,4100.0,0.0,0.0,0.0,1.0,19483.0,35.7,1.0,0.0,24.9375,20.4375,20.4375,20.0,24.9375,750.0,36.0,1270.0,620.0,25.3,24.200000000000003,254.0,20.0,0.0,8.0,0.0,0.0,0.0,0.0,8.0,0.0,5.0,2.0,4.0,0.0,31.0,4687.0,100.0,0.0,0.0,0.0,0.0,27.0,0.0,0.0,3.9000000000000004,5000.0,4990.0,4980.0,1.0,1.0,0.0,22.0,4684.0,0.0,255.0,850.0,221.0,0.0,0.0,1245716.0,3.008,3.0,50.0
1788624374973,2026-09-05T20:06:14.973,0.0,4.0,0.0,1.0,2851.0,14.0,86.0,4.5,4.5,4.5,4.5,1.0,1.0,834.0,1.0,0.0,771.0,39.0,72.0,-0.017208699999999993,-0.017208699999999993,1.0,0.999,77.0,26.0,26.0,-32.0,26.0,26.0,26.0,26.0,0.0,0.0,0.0,0.0,43.0,42.0,40.0,63.400000000000006,546.0,546.0,15.0,14.0,1120.0,3850.0,0.0,0.0,0.0,1.0,19483.0,63.400000000000006,0.0,0.0,54.9375,53.4375,53.4375,19.25,54.9375,750.0,37.0,1470.0,710.0,31.400000000000002,30.3,254.0,20.0,0.0,8.0,0.0,0.0,0.0,0.0,8.0,0.0,5.0,2.0,4.0,0.0,30.0,4687.0,100.0,0.0,0.0,0.0,0.0,27.0,0.0,0.0,3.9000000000000004,5000.0,4990.0,4970.0,1.0,1.0,0.0,22.0,5000.0,0.0,255.0,850.0,221.0,0.0,0.0,1245716.0,3.008,3.0,50.0
1788624375846,2026-09-05T20:06:15.846,0.0,4.0,0.0,1.0,2959.0,14.100000000000001,86.0,5.65,5.65,5.65,5.65,0.0,1.0,102.0,0.0,0.0,229.0,38.5,70.5,-0.008266340000000011,-0.008266340000000011,1.0,0.999,99.0,25.0,25.0,-29.0,25.0,25.0,25.0,25.0,0.0,0.0,0.0,0.0,42.0,41.0,41.0,66.2,525.0,525.0,15.0,15.0,1120.0,3850.0,3.0,3.0,45.0,1.0,19483.0,64.3,1.0,0.0,51.625,52.375,52.375,19.5,51.625,750.0,39.0,1480.0,710.0,31.700000000000003,30.6,254.0,20.0,0.0,8.0,0.0,0.0,0.0,0.0,8.0,0.0,5.0,2.0,4.0,0.0,31.0,4687.0,100.0,0.0,0.0,0.0,0.0,27.0,0.0,0.0,3.9000000000000004,5000.0,4990.0,4980.0,1.0,1.0,0.0,22.0,5000.0,0.0,255.0,850.0,221.0,0.0,0.0,1245716.0,3.008,3.0,50.0
1788624376658,2026-09-05T20:06:16.658,0.0,4.0,0.0,1.0,3092.0,14.100000000000001,86.0,5.36,5.36,5.36,5.36,1.0,1.0,620.0,1.0,0.0,629.0,36.5,70.0,-0.009159050000000002,-0.009159050000000002,1.0,0.999,99.0,26.0,26.0,-27.0,26.0,26.0,26.0,26.0,0.0,0.0,0.0,0.0,42.0,40.0,40.0,69.7,504.0,525.0,15.0,15.0,1140.0,3840.0,4.0,5.0,42.0,1.0,19483.0,65.9,1.0,0.0,50.5,50.1875,50.5625,20.0,50.5,750.0,41.0,1480.0,710.0,31.6,30.3,254.0,20.0,0.0,8.0,0.0,0.0,0.0,0.0,8.0,0.0,5.0,2.0,4.0,0.0,32.0,4687.0,100.0,0.0,0.0,0.0,0.0,27.0,0.0,0.0,3.9000000000000004,5000.0,4990.0,4980.0,1.0,1.0,0.0,22.0,5000.0,0.0,255.0,850.0,221.0,0.0,0.0,1245716.0,3.008,3.0,50.0
1788624377459,2026-09-05T20:06:17.459,0.0,4.0,0.0,1.0,3210.0,14.100000000000001,86.0,5.18,5.18,5.18,5.18,1.0,1.0,761.0,1.0,0.0,698.0,34.5,68.5,0.001889189999999985,0.001889189999999985,1.0,0.999,99.0,26.0,26.0,-26.0,26.0,26.0,26.0,26.0,0.0,0.0,0.0,0.0,42.0,39.0,39.0,69.3,504.0,525.0,15.0,15.0,1130.0,3840.0,2.0,0.0,0.0,1.0,19483.0,65.9,0.0,0.0,43.3125,45.3125,44.125,20.625,43.3125,750.0,42.0,1400.0,670.0,29.5,28.3,254.0,20.0,0.0,8.0,0.0,0.0,0.0,0.0,8.0,0.0,5.0,2.0,4.0,0.0,32.0,4687.0,100.0,0.0,0.0,0.0,0.0,27.0,0.0,0.0,3.9000000000000004,5000.0,4990.0,4970.0,1.0,1.0,0.0,22.0,5000.0,0.0,255.0,850.0,221.0,0.0,0.0,1245716.0,3.008,3.0,50.0
1788624378163,2026-09-05T20:06:18.163,0.0,4.0,0.0,1.0,3193.0,14.100000000000001,86.0,0.0,0.0,0.0,0.0,1.0,0.0,830.0,1.0,0.0,791.0,31.0,68.0,1.9839999999993196E-5,1.9839999999993196E-5,0.0,0.999,66.0,40.0,40.0,-16.0,-16.0,-16.0,-16.0,-16.0,0.0,0.0,0.0,0.0,42.0,14.0,16.0,23.700000000000003,189.0,231.0,5.0,6.0,750.0,4230.0,0.0,0.0,0.0,1.0,19483.0,19.400000000000002,1.0,0.0,-19.4375,-19.4375,-19.75,19.8125,-19.4375,750.0,42.0,390.0,200.0,0.0,0.0,254.0,20.0,0.0,8.0,0.0,0.0,1.0,0.0,8.0,0.0,5.0,0.0,4.0,100.0,32.0,4687.0,100.0,0.0,0.0,0.0,0.0,27.0,0.0,0.0,3.9000000000000004,5000.0,4990.0,4980.0,1.0,1.0,0.0,22.0,5000.0,0.0,255.0,850.0,221.0,0.0,0.0,1245716.0,3.008,3.0,50.0
1788624379007,2026-09-05T20:06:19.007,0.0,4.0,0.0,1.0,2236.0,14.200000000000001,86.0,2.36,2.36,2.36,2.36,0.0,0.0,4.0,0.0,0.0,0.0,31.5,67.0,1.9839999999993196E-5,1.9839999999993196E-5,0.0,1.282,0.0,47.0,47.0,-18.0,37.0,37.0,37.0,37.0,0.0,0.0,0.0,0.0,42.0,26.0,19.0,25.5,336.0,273.0,8.0,8.0,840.0,4130.0,0.0,0.0,0.0,1.0,19483.0,31.0,0.0,0.0,30.4375,17.8125,18.3125,21.3125,30.4375,750.0,42.0,1040.0,500.0,19.1,18.3,254.0,20.0,0.0,8.0,0.0,0.0,1.0,0.0,8.0,0.0,5.0,2.0,4.0,100.0,33.0,4687.0,100.0,0.0,0.0,0.0,0.0,27.0,0.0,0.0,3.9000000000000004,5000.0,4990.0,4980.0,1.0,1.0,0.0,22.0,4809.0,0.0,255.0,850.0,221.0,0.0,0.0,1245716.0,3.008,3.0,50.0
1788624379710,2026-09-05T20:06:19.710,0.0,4.0,0.0,1.0,2275.0,14.200000000000001,86.0,4.33,4.33,4.33,4.33,1.0,1.0,834.0,1.0,0.0,742.0,35.5,65.5,-0.011295450000000012,-0.011295450000000012,0.0,0.999,6.0,25.0,25.0,-32.0,25.0,25.0,25.0,25.0,0.0,0.0,0.0,0.0,42.0,33.0,32.0,40.300000000000004,441.0,441.0,10.0,10.0,930.0,4050.0,0.0,0.0,0.0,1.0,19483.0,39.900000000000006,1.0,0.0,36.5,35.375,35.375,20.4375,36.5,750.0,43.0,1040.0,500.0,18.8,18.0,254.0,20.0,0.0,8.0,0.0,0.0,0.0,0.0,8.0,0.0,5.0,2.0,4.0,0.0,33.0,4687.0,100.0,0.0,0.0,0.0,0.0,27.0,0.0,0.0,3.9000000000000004,5000.0,4990.0,4980.0,1.0,1.0,0.0,22.0,3159.0,0.0,255.0,850.0,221.0,0.0,0.0,1245716.0,3.008,3.0,50.0
1788624380598,2026-09-05T20:06:20.598,0.0,4.0,0.0,1.0,2306.0,14.200000000000001,86.0,4.33,4.33,4.33,4.33,0.0,1.0,161.0,0.0,0.0,97.0,38.5,65.5,0.01115963999999997,0.01115963999999997,0.0,0.999,10.0,25.0,25.0,-31.0,25.0,25.0,25.0,25.0,0.0,0.0,0.0,0.0,42.0,26.0,30.0,36.800000000000004,357.0,399.0,8.0,8.0,870.0,4110.0,0.0,0.0,0.0,1.0,19483.0,31.6,1.0,0.0,18.25,22.25,22.125,21.0625,18.25,750.0,43.0,860.0,410.0,13.600000000000001,13.0,254.0,20.0,0.0,8.0,0.0,0.0,0.0,0.0,8.0,0.0,5.0,2.0,4.0,0.0,34.0,4687.0,100.0,0.0,0.0,0.0,0.0,27.0,0.0,0.0,3.9000000000000004,5000.0,4990.0,4990.0,1.0,1.0,0.0,22.0,4787.0,0.0,255.0,850.0,221.0,0.0,0.0,1245716.0,3.008,3.0,50.0
1788624381302,2026-09-05T20:06:21.302,0.0,4.0,0.0,1.0,2348.0,14.200000000000001,86.0,2.7800000000000002,2.7800000000000002,2.7800000000000002,2.7800000000000002,0.0,1.0,53.0,0.0,0.0,48.0,42.5,65.5,0.05440647999999998,0.05440647999999998,0.0,0.999,10.0,30.0,30.0,-29.0,15.0,15.0,15.0,15.0,0.0,0.0,0.0,0.0,42.0,14.0,17.0,21.400000000000002,189.0,252.0,5.0,5.0,720.0,4260.0,0.0,0.0,0.0,1.0,19483.0,17.1,0.0,0.0,1.25,5.1875,3.9375,22.3125,1.25,750.0,44.0,700.0,330.0,8.6,7.800000000000001,254.0,20.0,0.0,8.0,0.0,0.0,0.0,0.0,8.0,0.0,5.0,2.0,4.0,0.0,32.0,4687.0,100.0,0.0,0.0,0.0,0.0,27.0,0.0,0.0,3.9000000000000004,5000.0,4990.0,4980.0,1.0,1.0,0.0,22.0,4420.0,0.0,255.0,850.0,221.0,0.0,0.0,1245716.0,3.008,3.0,50.0
1788624382118,2026-09-05T20:06:22.118,0.0,4.0,0.0,1.0,2343.0,14.100000000000001,86.0,1.95,1.95,1.95,1.95,1.0,1.0,800.0,1.0,0.0,693.0,44.0,65.0,0.068934,0.068934,0.0,0.999,10.0,43.0,43.0,3.0,33.0,33.0,33.0,33.0,0.0,0.0,0.0,0.0,42.0,14.0,14.0,18.2,189.0,210.0,5.0,5.0,720.0,4270.0,0.0,0.0,0.0,1.0,19483.0,17.0,1.0,0.0,0.625,0.625,0.25,21.8125,0.625,750.0,43.0,700.0,330.0,8.6,7.800000000000001,254.0,20.0,0.0,8.0,0.0,0.0,0.0,0.0,8.0,0.0,5.0,2.0,4.0,0.0,33.0,4687.0,100.0,0.0,0.0,0.0,0.0,27.0,0.0,0.0,3.9000000000000004,5000.0,4990.0,4980.0,1.0,1.0,0.0,22.0,5000.0,0.0,255.0,850.0,217.0,0.0,0.0,1245716.0,3.008,3.0,50.0
1788624383259,2026-09-05T20:06:23.259,0.0,4.0,0.0,1.0,2334.0,14.100000000000001,86.0,1.92,1.92,1.92,1.92,0.0,1.0,83.0,0.0,0.0,68.0,44.0,63.0,0.06305889999999997,0.06305889999999997,0.0,0.999,12.0,43.0,43.0,4.0,33.0,33.0,33.0,33.0,0.0,0.0,0.0,0.0,42.0,14.0,14.0,18.1,189.0,210.0,5.0,5.0,720.0,4270.0,0.0,0.0,0.0,1.0,19483.0,17.1,0.0,0.0,0.3125,0.4375,0.1875,21.75,0.3125,750.0,44.0,700.0,330.0,8.6,7.800000000000001,254.0,20.0,0.0,8.0,0.0,0.0,0.0,0.0,8.0,0.0,5.0,2.0,4.0,0.0,33.0,4687.0,100.0,0.0,0.0,0.0,0.0,27.0,0.0,0.0,3.9000000000000004,5000.0,4990.0,4990.0,1.0,1.0,0.0,22.0,2681.0,0.0,255.0,850.0,215.0,0.0,0.0,1245716.0,3.008,3.0,50.0
1788624384087,2026-09-05T20:06:24.087,0.0,4.0,0.0,1.0,2386.0,14.200000000000001,86.0,1.87,1.87,1.87,1.87,1.0,1.0,776.0,1.0,0.0,566.0,44.5,63.0,0.036537019999999976,0.036537019999999976,0.0,0.999,14.0,43.0,43.0,5.0,31.0,31.0,31.0,31.0,0.0,0.0,0.0,0.0,43.0,14.0,14.0,18.400000000000002,189.0,210.0,5.0,5.0,720.0,4270.0,0.0,0.0,0.0,1.0,19483.0,17.3,1.0,0.0,-0.5,-0.5,-0.6875,21.8125,-0.5,750.0,45.0,700.0,330.0,8.6,7.800000000000001,254.0,20.0,0.0,8.0,0.0,0.0,0.0,0.0,8.0,0.0,5.0,2.0,4.0,0.0,35.0,4687.0,100.0,0.0,0.0,0.0,0.0,27.0,0.0,0.0,3.9000000000000004,5000.0,4990.0,4980.0,1.0,1.0,0.0,22.0,2428.0,0.0,255.0,850.0,216.0,0.0,0.0,1245716.0,3.008,3.0,50.0
1788624384942,2026-09-05T20:06:24.942,0.0,4.0,0.0,1.0,2386.0,14.100000000000001,86.0,1.87,1.87,1.87,1.87,1.0,1.0,688.0,0.0,0.0,131.0,44.5,62.5,0.03057036000000002,0.03057036000000002,0.0,0.999,16.0,43.0,43.0,5.0,28.0,28.0,28.0,28.0,0.0,0.0,0.0,0.0,43.0,14.0,14.0,18.5,189.0,210.0,5.0,5.0,720.0,4250.0,0.0,0.0,0.0,1.0,19483.0,17.400000000000002,0.0,0.0,7.1875,1.1875,1.1875,21.625,7.1875,750.0,45.0,1010.0,480.0,17.6,16.8,254.0,20.0,0.0,8.0,0.0,0.0,0.0,0.0,8.0,0.0,5.0,2.0,4.0,0.0,31.0,4687.0,100.0,0.0,0.0,0.0,0.0,27.0,0.0,0.0,3.9000000000000004,5000.0,4990.0,4980.0,1.0,1.0,0.0,22.0,3148.0,0.0,255.0,850.0,216.0,0.0,0.0,1245716.0,3.008,3.0,50.0
1788624385786,2026-09-05T20:06:25.786,0.0,4.0,0.0,1.0,2461.0,14.100000000000001,86.0,6.26,6.26,6.26,6.26,1.0,1.0,830.0,1.0,0.0,698.0,44.5,62.5,0.05349851,0.05349851,0.0,0.999,44.0,21.0,21.0,-36.0,19.0,19.0,19.0,19.0,0.0,0.0,0.0,0.0,43.0,74.0,70.0,93.30000000000001,819.0,798.0,31.0,30.0,1780.0,3200.0,37.0,25.0,54.0,1.0,19483.0,96.80000000000001,0.0,0.0,152.0625,105.6875,103.875,19.3125,152.0625,750.0,47.0,2940.0,1440.0,75.10000000000001,73.10000000000001,254.0,20.0,0.0,8.0,0.0,0.0,0.0,0.0,8.0,0.0,5.0,2.0,4.0,0.0,30.0,4687.0,100.0,0.0,0.0,0.0,0.0,27.0,0.0,0.0,3.9000000000000004,5000.0,4990.0,4970.0,1.0,1.0,0.0,22.0,3927.0,0.0,255.0,850.0,216.0,0.0,0.0,1245716.0,3.008,3.0,50.0
1788624386560,2026-09-05T20:06:26.560,0.0,4.0,0.0,1.0,2633.0,14.100000000000001,86.0,11.200000000000001,11.200000000000001,11.200000000000001,11.200000000000001,1.0,0.0,795.0,1.0,0.0,708.0,44.5,64.0,1.9839999999993196E-5,1.9839999999993196E-5,0.0,1.099,99.0,18.0,16.0,-27.0,16.0,16.0,16.0,16.0,0.0,0.0,0.0,0.0,43.0,75.0,73.0,105.5,819.0,819.0,39.0,39.0,2120.0,2840.0,38.0,39.0,44.0,1.0,19483.0,106.5,1.0,0.0,164.0,113.4375,113.9375,18.25,164.0,750.0,51.0,3770.0,1870.0,100.0,100.0,254.0,20.0,0.0,8.0,0.0,0.0,0.0,0.0,8.0,0.0,5.0,2.0,4.0,0.0,28.0,4687.0,100.0,0.0,0.0,0.0,0.0,27.0,0.0,0.0,3.9000000000000004,5000.0,4990.0,4980.0,1.0,1.0,0.0,22.0,5000.0,0.0,255.0,850.0,216.0,0.0,0.0,1245716.0,3.008,3.0,50.0
1788624387350,2026-09-05T20:06:27.350,0.0,4.0,0.0,1.0,2817.0,14.200000000000001,86.0,11.63,11.63,11.63,11.63,1.0,0.0,859.0,1.0,0.0,830.0,43.5,66.5,1.9839999999993196E-5,1.9839999999993196E-5,0.0,1.099,99.0,18.0,16.0,-15.0,16.0,16.0,16.0,16.0,0.0,0.0,0.0,0.0,43.0,78.0,77.0,119.30000000000001,819.0,819.0,50.0,50.0,2600.0,2360.0,37.0,38.0,47.0,1.0,19483.0,118.80000000000001,0.0,0.0,166.5,120.0625,120.0625,18.8125,166.5,750.0,55.0,3770.0,1870.0,100.0,100.0,254.0,20.0,0.0,8.0,0.0,0.0,0.0,0.0,8.0,0.0,5.0,2.0,4.0,0.0,27.0,4687.0,100.0,0.0,0.0,0.0,0.0,27.0,0.0,0.0,3.9000000000000004,5000.0,4990.0,4980.0,1.0,1.0,0.0,22.0,5000.0,0.0,255.0,850.0,216.0,0.0,0.0,1245716.0,3.008,3.0,50.0
1788624388111,2026-09-05T20:06:28.111,0.0,4.0,0.0,1.0,2981.0,14.100000000000001,86.0,11.870000000000001,11.870000000000001,11.870000000000001,11.870000000000001,1.0,0.0,869.0,1.0,0.0,854.0,42.0,68.5,1.9839999999993196E-5,1.9839999999993196E-5,0.0,1.099,99.0,19.0,19.0,-13.0,19.0,19.0,19.0,19.0,0.0,0.0,0.0,0.0,42.0,80.0,79.0,130.6,819.0,840.0,61.0,61.0,3040.0,1920.0,36.0,37.0,45.0,1.0,19483.0,129.1,1.0,0.0,168.5625,123.3125,123.3125,19.9375,168.5625,750.0,57.0,3770.0,1870.0,100.0,100.0,254.0,20.0,0.0,8.0,0.0,0.0,0.0,0.0,8.0,0.0,5.0,2.0,4.0,0.0,29.0,4687.0,100.0,0.0,0.0,0.0,0.0,27.0,0.0,0.0,3.8000000000000003,5000.0,4980.0,4980.0,1.0,1.0,0.0,22.0,4108.0,0.0,255.0,850.0,216.0,0.0,0.0,1245716.0,3.008,3.0,50.0
1788624388813,2026-09-05T20:06:28.813,0.0,4.0,0.0,1.0,3133.0,14.100000000000001,86.0,11.99,11.99,11.99,11.99,1.0,0.0,869.0,1.0,0.0,859.0,40.5,70.0,1.9839999999993196E-5,1.9839999999993196E-5,0.0,1.099,99.0,19.0,19.0,-10.0,19.0,19.0,19.0,19.0,0.0,0.0,0.0,0.0,42.0,79.0,80.0,137.1,819.0,840.0,71.0,71.0,3460.0,1490.0,35.0,36.0,45.0,1.0,19483.0,135.20000000000002,0.0,0.0,169.5,124.0,123.8125,20.1875,169.5,750.0,60.0,3770.0,1880.0,100.0,100.0,254.0,20.0,0.0,8.0,0.0,0.0,0.0,0.0,8.0,0.0,5.0,2.0,4.0,0.0,23.0,4687.0,100.0,0.0,0.0,0.0,0.0,27.0,0.0,0.0,3.9000000000000004,5000.0,4990.0,4980.0,1.0,1.0,0.0,22.0,5000.0,0.0,255.0,850.0,216.0,0.0,0.0,1245716.0,3.008,3.0,50.0
1788624389635,2026-09-05T20:06:29.635,0.0,4.0,0.0,1.0,3273.0,14.100000000000001,86.0,12.030000000000001,12.030000000000001,12.030000000000001,12.030000000000001,1.0,0.0,854.0,1.0,0.0,854.0,38.0,71.5,1.9839999999993196E-5,1.9839999999993196E-5,0.0,1.099,99.0,20.0,20.0,-7.0,20.0,20.0,20.0,20.0,0.0,0.0,0.0,0.0,41.0,79.0,80.0,145.8,819.0,840.0,84.0,84.0,3990.0,980.0,35.0,36.0,46.0,1.0,19483.0,142.3,0.0,0.0,128.375,122.5625,122.5625,20.75,128.375,750.0,63.0,1140.0,550.0,22.0,20.8,254.0,20.0,0.0,8.0,0.0,0.0,0.0,0.0,8.0,0.0,5.0,2.0,4.0,0.0,16.0,4687.0,100.0,0.0,0.0,0.0,0.0,27.0,0.0,0.0,3.8000000000000003,5000.0,4990.0,4980.0,1.0,1.0,0.0,22.0,5000.0,0.0,255.0,850.0,216.0,0.0,0.0,1245716.0,3.008,3.0,50.0
1788624390389,2026-09-05T20:06:30.389,0.0,4.0,0.0,1.0,3367.0,14.200000000000001,86.0,2.0,2.0,2.0,2.0,1.0,1.0,908.0,1.0,0.0,830.0,25.0,70.5,-0.034910300000000005,-0.034910300000000005,0.0,0.999,5.0,39.0,39.0,-15.0,19.0,19.0,19.0,19.0,0.0,0.0,0.0,0.0,41.0,14.0,14.0,26.0,210.0,210.0,7.0,7.0,800.0,4180.0,0.0,0.0,0.0,1.0,19483.0,24.1,1.0,0.0,-14.75,-4.5625,-4.4375,22.1875,-21.75,750.0,63.0,390.0,200.0,0.0,0.0,254.0,20.0,0.0,8.0,0.0,0.0,0.0,0.0,8.0,0.0,5.0,2.0,4.0,0.0,22.0,4687.0,100.0,0.0,0.0,0.0,0.0,27.0,0.0,0.0,3.9000000000000004,5000.0,4990.0,4980.0,1.0,1.0,0.0,22.0,5000.0,0.0,255.0,850.0,216.0,0.0,0.0,1245716.0,3.008,3.0,50.0
1788624391523,2026-09-05T20:06:31.523,0.0,4.0,0.0,1.0,3338.0,14.200000000000001,86.0,1.71,1.71,1.71,1.71,0.0,1.0,34.0,0.0,0.0,434.0,5.0,69.0,-0.06243934000000001,-0.06243934000000001,0.0,0.999,9.0,42.0,42.0,1.0,1.0,1.0,1.0,1.0,0.0,0.0,0.0,0.0,41.0,14.0,14.0,26.3,210.0,210.0,7.0,7.0,800.0,4180.0,0.0,0.0,0.0,1.0,19483.0,24.0,0.0,0.0,-21.5625,-21.5625,-21.8125,21.8125,-21.5625,750.0,62.0,390.0,200.0,0.0,0.0,254.0,20.0,0.0,8.0,0.0,1.0,0.0,0.0,8.0,0.0,5.0,0.0,4.0,0.0,26.0,4687.0,100.0,0.0,0.0,0.0,0.0,27.0,0.0,0.0,3.8000000000000003,5000.0,4990.0,4980.0,1.0,1.0,0.0,22.0,3717.0,0.0,255.0,850.0,241.0,0.0,0.0,1245716.0,3.008,3.0,50.0
1788624392297,2026-09-05T20:06:32.297,0.0,4.0,0.0,1.0,3282.0,14.100000000000001,86.0,0.0,0.0,0.0,0.0,0.0,0.0,0.0,0.0,0.0,0.0,10.5,67.0,1.9839999999993196E-5,1.9839999999993196E-5,0.0,0.999,0.0,42.0,42.0,7.0,7.0,7.0,7.0,7.0,0.0,0.0,0.0,0.0,41.0,14.0,14.0,25.900000000000002,189.0,210.0,6.0,7.0,790.0,4180.0,0.0,0.0,0.0,1.0,19483.0,23.200000000000003,1.0,0.0,-21.625,-21.625,-21.875,21.875,-21.625,750.0,60.0,390.0,200.0,0.0,0.0,254.0,20.0,0.0,8.0,0.0,1.0,0.0,0.0,8.0,0.0,5.0,0.0,4.0,0.0,29.0,4687.0,100.0,0.0,0.0,0.0,0.0,27.0,0.0,0.0,3.8000000000000003,5000.0,4990.0,4980.0,1.0,1.0,0.0,22.0,5000.0,0.0,255.0,850.0,231.0,0.0,0.0,1245716.0,3.008,3.0,50.0
1788624392999,2026-09-05T20:06:32.999,0.0,4.0,0.0,1.0,3158.0,14.100000000000001,86.0,0.0,0.0,0.0,0.0,0.0,0.0,0.0,0.0,0.0,0.0,23.0,65.5,1.9839999999993196E-5,1.9839999999993196E-5,0.0,0.999,0.0,44.0,44.0,7.0,7.0,7.0,7.0,7.0,0.0,0.0,0.0,0.0,41.0,13.0,14.0,23.8,189.0,210.0,6.0,6.0,770.0,4190.0,0.0,0.0,0.0,1.0,19483.0,21.6,0.0,0.0,-21.875,-21.875,-22.125,22.125,-21.875,750.0,57.0,390.0,200.0,0.0,0.0,254.0,20.0,0.0,8.0,0.0,1.0,0.0,0.0,8.0,0.0,5.0,0.0,4.0,0.0,29.0,4687.0,100.0,0.0,0.0,0.0,0.0,27.0,0.0,0.0,3.8000000000000003,5000.0,4990.0,4980.0,1.0,1.0,0.0,22.0,5000.0,0.0,255.0,850.0,240.0,0.0,0.0,1245716.0,3.008,3.0,50.0
1788624393796,2026-09-05T20:06:33.796,0.0,4.0,0.0,1.0,2997.0,14.200000000000001,85.0,0.0,0.0,0.0,0.0,0.0,0.0,0.0,0.0,0.0,0.0,37.0,64.5,1.9839999999993196E-5,1.9839999999993196E-5,0.0,0.999,0.0,44.0,44.0,7.0,7.0,7.0,7.0,7.0,0.0,0.0,0.0,0.0,41.0,13.0,14.0,23.200000000000003,189.0,210.0,6.0,6.0,760.0,4210.0,0.0,0.0,0.0,1.0,19483.0,20.8,1.0,0.0,-21.625,-21.625,-21.875,21.875,-21.625,750.0,55.0,390.0,200.0,0.0,0.1,254.0,20.0,0.0,8.0,0.0,1.0,0.0,0.0,8.0,0.0,5.0,0.0,4.0,0.0,34.0,4687.0,100.0,0.0,0.0,0.0,0.0,27.0,0.0,0.0,3.8000000000000003,5000.0,4990.0,4980.0,1.0,1.0,0.0,22.0,4010.0,0.0,255.0,850.0,237.0,0.0,0.0,1245716.0,3.008,3.0,50.0
1788624394557,2026-09-05T20:06:34.557,0.0,4.0,0.0,1.0,2900.0,14.100000000000001,85.0,0.0,0.0,0.0,0.0,0.0,0.0,0.0,0.0,0.0,0.0,46.0,64.0,1.9839999999993196E-5,1.9839999999993196E-5,0.0,0.999,0.0,44.0,44.0,7.0,7.0,7.0,7.0,7.0,0.0,0.0,0.0,0.0,41.0,13.0,14.0,22.200000000000003,189.0,210.0,6.0,6.0,760.0,4220.0,0.0,0.0,0.0,1.0,19483.0,20.200000000000003,1.0,0.0,-22.0625,-22.0625,-22.3125,22.3125,-22.0625,750.0,53.0,390.0,200.0,0.0,0.0,254.0,20.0,0.0,8.0,0.0,1.0,0.0,0.0,8.0,0.0,5.0,0.0,4.0,0.0,35.0,4687.0,100.0,0.0,0.0,0.0,0.0,27.0,0.0,0.0,3.8000000000000003,5000.0,4990.0,4980.0,1.0,1.0,0.0,22.0,4773.0,0.0,255.0,850.0,225.0,0.0,0.0,1245716.0,3.008,3.0,50.0
1788624395322,2026-09-05T20:06:35.322,0.0,4.0,0.0,1.0,2770.0,14.100000000000001,85.0,0.0,0.0,0.0,0.0,0.0,0.0,0.0,0.0,0.0,0.0,55.0,63.0,1.9839999999993196E-5,1.9839999999993196E-5,0.0,0.999,0.0,43.0,43.0,7.0,7.0,7.0,7.0,7.0,0.0,0.0,0.0,0.0,42.0,13.0,14.0,20.700000000000003,189.0,210.0,5.0,5.0,740.0,4230.0,0.0,0.0,0.0,1.0,19483.0,19.3,0.0,0.0,-22.125,-22.125,-22.375,22.375,-22.125,750.0,51.0,390.0,200.0,0.0,0.0,254.0,20.0,0.0,8.0,0.0,1.0,0.0,0.0,8.0,0.0,5.0,0.0,4.0,0.0,36.0,4687.0,100.0,0.0,0.0,0.0,0.0,27.0,0.0,0.0,3.8000000000000003,5000.0,4990.0,4980.0,1.0,1.0,0.0,22.0,3713.0,0.0,255.0,850.0,225.0,0.0,0.0,1245716.0,3.008,3.0,50.0
1788624396172,2026-09-05T20:06:36.172,0.0,4.0,0.0,1.0,2687.0,14.100000000000001,85.0,0.0,0.0,0.0,0.0,0.0,0.0,0.0,0.0,0.0,0.0,64.0,63.5,1.9839999999993196E-5,1.9839999999993196E-5,0.0,0.999,0.0,43.0,43.0,7.0,7.0,7.0,7.0,7.0,0.0,0.0,0.0,0.0,42.0,14.0,13.0,19.700000000000003,189.0,210.0,5.0,5.0,740.0,4240.0,0.0,0.0,0.0,1.0,19483.0,18.8,1.0,0.0,-22.0,-22.0,-22.25,22.4375,-22.0,750.0,49.0,390.0,200.0,0.0,0.0,254.0,20.0,0.0,8.0,0.0,1.0,0.0,0.0,8.0,0.0,5.0,0.0,4.0,0.0,36.0,4687.0,100.0,0.0,0.0,0.0,0.0,27.0,0.0,0.0,3.8000000000000003,5000.0,4990.0,4990.0,1.0,1.0,0.0,22.0,4056.0,0.0,255.0,850.0,218.0,0.0,0.0,1245716.0,3.008,3.0,50.0
1788624396976,2026-09-05T20:06:36.976,0.0,4.0,0.0,1.0,2615.0,14.100000000000001,85.0,0.0,0.0,0.0,0.0,0.0,0.0,0.0,0.0,0.0,0.0,69.5,62.5,1.9839999999993196E-5,1.9839999999993196E-5,0.0,0.999,0.0,43.0,43.0,7.0,7.0,7.0,7.0,7.0,0.0,0.0,0.0,0.0,42.0,14.0,13.0,19.3,189.0,210.0,5.0,5.0,730.0,4240.0,0.0,0.0,0.0,1.0,19483.0,18.400000000000002,0.0,0.0,-22.5625,-22.5625,-22.8125,23.125,-22.5625,750.0,48.0,390.0,200.0,0.0,0.0,254.0,20.0,0.0,8.0,0.0,1.0,0.0,0.0,8.0,0.0,5.0,0.0,4.0,0.0,35.0,4687.0,100.0,0.0,0.0,0.0,0.0,27.0,0.0,0.0,3.8000000000000003,5000.0,4990.0,4980.0,1.0,1.0,0.0,22.0,5000.0,0.0,255.0,850.0,217.0,0.0,0.0,1245716.0,3.008,3.0,50.0
1788624397809,2026-09-05T20:06:37.809,0.0,4.0,0.0,1.0,2542.0,14.100000000000001,85.0,0.0,0.0,0.0,0.0,0.0,0.0,0.0,0.0,0.0,0.0,74.5,63.0,1.9839999999993196E-5,1.9839999999993196E-5,0.0,0.999,0.0,43.0,43.0,6.0,6.0,6.0,6.0,6.0,0.0,0.0,0.0,0.0,42.0,14.0,14.0,19.0,189.0,210.0,5.0,5.0,730.0,4240.0,0.0,0.0,0.0,1.0,19483.0,18.0,1.0,0.0,-22.125,-22.125,-22.3125,22.8125,-22.125,750.0,47.0,390.0,200.0,0.0,0.0,254.0,20.0,0.0,8.0,0.0,0.0,0.0,0.0,8.0,0.0,5.0,0.0,4.0,0.0,36.0,4687.0,100.0,0.0,0.0,0.0,0.0,27.0,0.0,0.0,3.8000000000000003,5000.0,4990.0,4990.0,1.0,1.0,0.0,22.0,5000.0,0.0,255.0,850.0,224.0,0.0,0.0,1245716.0,3.008,3.0,50.0
1788624398581,2026-09-05T20:06:38.581,0.0,4.0,0.0,1.0,2509.0,14.100000000000001,85.0,0.0,0.0,0.0,0.0,0.0,0.0,0.0,0.0,0.0,0.0,77.5,62.5,1.9839999999993196E-5,1.9839999999993196E-5,0.0,0.999,0.0,43.0,43.0,6.0,6.0,6.0,6.0,6.0,0.0,0.0,0.0,0.0,42.0,14.0,14.0,18.900000000000002,189.0,210.0,5.0,5.0,730.0,4250.0,0.0,0.0,0.0,1.0,19483.0,17.900000000000002,1.0,0.0,-21.9375,-21.9375,-22.25,22.6875,-21.9375,750.0,46.0,390.0,200.0,0.0,0.0,254.0,20.0,0.0,8.0,0.0,0.0,0.0,0.0,8.0,0.0,5.0,0.0,4.0,0.0,32.0,4687.0,100.0,0.0,0.0,0.0,0.0,27.0,0.0,0.0,3.8000000000000003,5000.0,4990.0,4980.0,1.0,1.0,0.0,22.0,5000.0,0.0,255.0,850.0,217.0,0.0,0.0,1245716.0,3.008,3.0,50.0
1788624399574,2026-09-05T20:06:39.574,0.0,4.0,0.0,1.0,2436.0,14.200000000000001,85.0,0.0,0.0,0.0,0.0,0.0,0.0,0.0,0.0,0.0,0.0,80.5,62.5,1.9839999999993196E-5,1.9839999999993196E-5,0.0,0.999,0.0,43.0,43.0,6.0,6.0,6.0,6.0,6.0,0.0,0.0,0.0,0.0,43.0,14.0,14.0,18.6,189.0,210.0,5.0,5.0,720.0,4260.0,0.0,0.0,0.0,1.0,19483.0,17.8,0.0,0.0,-20.9375,-20.9375,-21.1875,21.6875,-20.9375,750.0,45.0,390.0,200.0,0.0,0.0,254.0,20.0,0.0,8.0,0.0,0.0,0.0,0.0,8.0,0.0,5.0,0.0,4.0,0.0,35.0,4687.0,100.0,0.0,0.0,0.0,0.0,27.0,0.0,0.0,3.8000000000000003,5000.0,4990.0,4970.0,1.0,1.0,0.0,22.0,5000.0,0.0,255.0,850.0,215.0,0.0,0.0,1245716.0,3.008,3.0,50.0
1788624400482,2026-09-05T20:06:40.482,0.0,4.0,0.0,1.0,2315.0,14.100000000000001,85.0,0.0,0.0,0.0,0.0,0.0,0.0,0.0,0.0,0.0,0.0,84.0,63.0,1.9839999999993196E-5,1.9839999999993196E-5,0.0,0.999,0.0,42.0,42.0,3.0,3.0,3.0,3.0,3.0,0.0,0.0,0.0,0.0,43.0,13.0,14.0,14.100000000000001,189.0,210.0,3.0,3.0,660.0,4320.0,0.0,0.0,0.0,1.0,19483.0,12.700000000000001,1.0,0.0,-8.25,-21.25,-21.25,23.1875,-8.25,750.0,45.0,650.0,300.0,7.4,6.0,254.0,20.0,0.0,8.0,0.0,0.0,1.0,0.0,8.0,0.0,5.0,2.0,4.0,100.0,30.0,4687.0,100.0,0.0,0.0,0.0,0.0,27.0,0.0,0.0,3.8000000000000003,5000.0,4990.0,4980.0,1.0,1.0,0.0,22.0,4077.0,0.0,255.0,850.0,215.0,0.0,0.0,1245716.0,3.008,3.0,50.0
1788624401302,2026-09-05T20:06:41.302,0.0,4.0,0.0,1.0,1688.0,14.200000000000001,85.0,3.31,3.31,3.31,3.31,0.0,0.0,24.0,0.0,0.0,4.0,87.0,64.0,1.9839999999993196E-5,1.9839999999993196E-5,0.0,1.401,0.0,36.0,36.0,-26.0,30.0,30.0,30.0,30.0,0.0,0.0,0.0,0.0,43.0,18.0,18.0,18.2,252.0,273.0,5.0,5.0,720.0,4260.0,0.0,0.0,0.0,1.0,19483.0,17.2,0.0,0.0,8.125,7.875,6.5625,24.0625,8.125,750.0,46.0,730.0,350.0,10.100000000000001,8.9,254.0,20.0,0.0,8.0,0.0,0.0,1.0,0.0,8.0,0.0,5.0,2.0,4.0,100.0,30.0,4687.0,100.0,0.0,0.0,0.0,0.0,27.0,0.0,0.0,3.8000000000000003,5000.0,4990.0,4980.0,1.0,1.0,0.0,22.0,4172.0,0.0,255.0,850.0,216.0,0.0,0.0,1245716.0,3.008,3.0,50.0
1788624402101,2026-09-05T20:06:42.101,0.0,4.0,0.0,1.0,1839.0,14.200000000000001,85.0,2.35,2.35,2.35,2.35,0.0,1.0,34.0,0.0,0.0,39.0,85.5,63.5,0.021147309999999975,0.021147309999999975,0.0,0.999,4.0,31.0,31.0,-11.0,28.0,28.0,28.0,28.0,0.0,0.0,0.0,0.0,43.0,15.0,17.0,17.6,231.0,273.0,4.0,5.0,720.0,4260.0,0.0,0.0,0.0,1.0,19483.0,14.600000000000001,1.0,0.0,-7.6875,1.5625,0.375,23.5625,-21.6875,750.0,46.0,390.0,200.0,0.0,0.0,254.0,24.0,0.0,8.0,0.0,0.0,0.0,0.0,8.0,0.0,5.0,2.0,4.0,0.0,30.0,4687.0,100.0,0.0,0.0,0.0,0.0,27.0,0.0,0.0,3.8000000000000003,5000.0,4990.0,4990.0,1.0,1.0,0.0,22.0,3957.0,0.0,255.0,850.0,216.0,0.0,0.0,1245716.0,3.008,3.0,50.0
1788624402880,2026-09-05T20:06:42.880,0.0,4.0,0.0,1.0,1811.0,14.200000000000001,85.0,1.83,1.83,1.83,1.83,0.0,1.0,43.0,0.0,0.0,39.0,85.0,64.0,0.07974570999999997,0.07974570999999997,0.0,0.999,6.0,40.0,40.0,-14.0,20.0,20.0,20.0,20.0,0.0,0.0,0.0,0.0,43.0,13.0,13.0,13.200000000000001,189.0,210.0,3.0,3.0,660.0,4320.0,0.0,0.0,0.0,1.0,19483.0,12.700000000000001,0.0,0.0,-22.3125,-11.1875,-10.4375,24.0625,-22.3125,750.0,47.0,390.0,200.0,0.0,0.0,254.0,24.0,0.0,8.0,0.0,0.0,0.0,0.0,8.0,0.0,5.0,2.0,4.0,0.0,31.0,4687.0,100.0,0.0,0.0,0.0,0.0,27.0,0.0,0.0,3.8000000000000003,5000.0,4990.0,4980.0,1.0,1.0,0.0,22.0,3909.0,0.0,255.0,850.0,216.0,0.0,0.0,1245716.0,3.008,3.0,50.0
1788624403653,2026-09-05T20:06:43.653,0.0,4.0,0.0,1.0,1854.0,14.100000000000001,85.0,1.9100000000000001,1.9100000000000001,1.9100000000000001,1.9100000000000001,0.0,1.0,34.0,0.0,0.0,34.0,83.5,64.0,0.13733695,0.13733695,0.0,0.999,8.0,40.0,40.0,-14.0,-14.0,-14.0,-14.0,-14.0,0.0,0.0,0.0,0.0,43.0,13.0,14.0,14.0,189.0,210.0,3.0,3.0,660.0,4330.0,0.0,0.0,0.0,1.0,19483.0,12.9,0.0,0.0,-21.625,-21.625,-21.875,23.375,-21.625,750.0,47.0,390.0,200.0,0.0,0.0,254.0,24.0,0.0,8.0,0.0,0.0,0.0,0.0,8.0,0.0,5.0,0.0,4.0,0.0,29.0,4687.0,100.0,0.0,0.0,0.0,0.0,27.0,0.0,0.0,3.8000000000000003,5000.0,4990.0,4980.0,1.0,1.0,0.0,22.0,4881.0,0.0,255.0,850.0,216.0,0.0,0.0,1245716.0,3.008,3.0,50.0
1788624404377,2026-09-05T20:06:44.377,0.0,4.0,0.0,1.0,1863.0,14.200000000000001,84.0,0.0,0.0,0.0,0.0,0.0,0.0,0.0,0.0,0.0,0.0,83.5,64.5,1.9839999999993196E-5,1.9839999999993196E-5,0.0,0.999,0.0,40.0,40.0,5.0,5.0,5.0,5.0,5.0,0.0,0.0,0.0,0.0,43.0,13.0,14.0,14.100000000000001,189.0,210.0,3.0,3.0,660.0,4320.0,0.0,0.0,0.0,1.0,19483.0,12.9,1.0,0.0,-21.5625,-21.5625,-21.8125,23.3125,-21.5625,750.0,47.0,390.0,200.0,0.0,0.0,254.0,24.0,0.0,8.0,0.0,0.0,0.0,0.0,8.0,0.0,5.0,0.0,4.0,0.0,31.0,4687.0,100.0,0.0,0.0,0.0,0.0,27.0,0.0,0.0,3.8000000000000003,5000.0,4990.0,4980.0,1.0,1.0,0.0,22.0,3109.0,0.0,255.0,850.0,216.0,0.0,0.0,1245716.0,3.008,3.0,50.0
1788624405279,2026-09-05T20:06:45.279,0.0,4.0,0.0,1.0,1860.0,14.100000000000001,84.0,0.0,0.0,0.0,0.0,0.0,0.0,0.0,0.0,0.0,0.0,85.0,64.5,1.9839999999993196E-5,1.9839999999993196E-5,0.0,0.999,0.0,40.0,40.0,5.0,5.0,5.0,5.0,5.0,0.0,0.0,0.0,0.0,43.0,13.0,14.0,14.0,189.0,210.0,3.0,3.0,660.0,4320.0,0.0,0.0,0.0,1.0,19483.0,12.9,0.0,0.0,-22.25,-22.25,-22.4375,24.0,-22.25,750.0,47.0,390.0,200.0,0.0,0.0,254.0,24.0,0.0,8.0,0.0,0.0,0.0,0.0,8.0,0.0,5.0,0.0,4.0,0.0,31.0,4687.0,100.0,0.0,0.0,0.0,0.0,27.0,0.0,0.0,3.8000000000000003,5000.0,4990.0,4990.0,1.0,1.0,0.0,22.0,2915.0,0.0,255.0,850.0,216.0,0.0,0.0,1245716.0,3.008,3.0,50.0
1788624406127,2026-09-05T20:06:46.127,0.0,4.0,0.0,1.0,1866.0,14.100000000000001,84.0,0.0,0.0,0.0,0.0,0.0,0.0,0.0,0.0,0.0,0.0,86.5,65.0,1.9839999999993196E-5,1.9839999999993196E-5,0.0,0.999,0.0,40.0,40.0,6.0,6.0,6.0,6.0,6.0,0.0,0.0,0.0,0.0,43.0,13.0,13.0,14.0,189.0,210.0,3.0,3.0,660.0,4320.0,0.0,0.0,0.0,1.0,19483.0,13.0,1.0,0.0,-22.3125,-22.3125,-22.625,24.0625,-22.3125,750.0,47.0,390.0,200.0,0.0,0.0,254.0,20.0,0.0,8.0,0.0,1.0,0.0,0.0,8.0,0.0,5.0,0.0,4.0,0.0,32.0,4687.0,100.0,0.0,0.0,0.0,0.0,27.0,0.0,0.0,3.8000000000000003,5000.0,4990.0,4990.0,1.0,1.0,0.0,22.0,3546.0,0.0,255.0,850.0,241.0,0.0,0.0,1245716.0,3.008,3.0,50.0
1788624406837,2026-09-05T20:06:46.837,0.0,4.0,0.0,1.0,1836.0,14.100000000000001,84.0,0.0,0.0,0.0,0.0,0.0,0.0,0.0,0.0,0.0,0.0,89.0,66.0,1.9839999999993196E-5,1.9839999999993196E-5,0.0,0.999,0.0,40.0,40.0,4.0,4.0,4.0,4.0,4.0,0.0,0.0,0.0,0.0,43.0,13.0,14.0,14.100000000000001,189.0,210.0,3.0,3.0,660.0,4330.0,0.0,0.0,0.0,1.0,19483.0,12.600000000000001,0.0,0.0,-23.25,-23.25,-23.5,25.125,-23.25,750.0,46.0,390.0,200.0,0.0,0.0,254.0,20.0,0.0,8.0,0.0,1.0,0.0,0.0,8.0,0.0,5.0,0.0,4.0,0.0,31.0,4687.0,100.0,0.0,0.0,0.0,0.0,27.0,0.0,0.0,3.8000000000000003,5000.0,4990.0,4980.0,1.0,1.0,0.0,22.0,3390.0,0.0,255.0,850.0,228.0,0.0,0.0,1245716.0,3.008,3.0,50.0
1788624407950,2026-09-05T20:06:47.950,0.0,4.0,0.0,1.0,1756.0,14.100000000000001,84.0,0.0,0.0,0.0,0.0,0.0,0.0,0.0,0.0,0.0,0.0,90.0,66.0,1.9839999999993196E-5,1.9839999999993196E-5,0.0,0.999,0.0,39.0,39.0,7.0,7.0,7.0,7.0,7.0,0.0,0.0,0.0,0.0,44.0,13.0,13.0,12.700000000000001,189.0,210.0,3.0,3.0,650.0,4330.0,0.0,0.0,0.0,1.0,19483.0,12.0,1.0,0.0,-23.5625,-23.5625,-23.8125,25.5,-23.5625,750.0,43.0,390.0,200.0,0.0,0.0,254.0,20.0,0.0,8.0,0.0,1.0,0.0,0.0,8.0,0.0,5.0,0.0,4.0,0.0,31.0,4687.0,100.0,0.0,0.0,0.0,0.0,26.0,0.0,0.0,3.8000000000000003,5000.0,4990.0,4970.0,1.0,1.0,0.0,22.0,3091.0,0.0,255.0,850.0,224.0,0.0,0.0,1245716.0,3.008,3.0,50.0
1788624408714,2026-09-05T20:06:48.714,0.0,4.0,0.0,1.0,1659.0,14.0,84.0,0.0,0.0,0.0,0.0,0.0,0.0,0.0,0.0,0.0,0.0,93.5,68.0,1.9839999999993196E-5,1.9839999999993196E-5,0.0,0.999,0.0,37.0,37.0,7.0,7.0,7.0,7.0,7.0,0.0,0.0,0.0,0.0,44.0,13.0,14.0,12.4,189.0,210.0,3.0,3.0,640.0,4340.0,0.0,0.0,0.0,1.0,19483.0,11.5,0.0,0.0,-23.875,-23.875,-24.125,25.8125,-23.875,750.0,42.0,390.0,200.0,0.0,0.0,254.0,24.0,0.0,8.0,0.0,0.0,0.0,0.0,8.0,0.0,5.0,0.0,4.0,0.0,31.0,4687.0,100.0,0.0,0.0,0.0,0.0,26.0,0.0,0.0,3.8000000000000003,5000.0,4990.0,4980.0,1.0,1.0,0.0,22.0,2199.0,0.0,255.0,850.0,231.0,0.0,0.0,1245716.0,3.008,3.0,50.0
1788624409522,2026-09-05T20:06:49.522,0.0,4.0,0.0,1.0,1645.0,14.100000000000001,84.0,0.0,0.0,0.0,0.0,0.0,0.0,0.0,0.0,0.0,0.0,93.0,67.0,1.9839999999993196E-5,1.9839999999993196E-5,0.0,0.999,0.0,37.0,37.0,7.0,7.0,7.0,7.0,7.0,0.0,0.0,0.0,0.0,44.0,13.0,13.0,12.0,189.0,210.0,3.0,3.0,640.0,4340.0,0.0,0.0,0.0,1.0,19483.0,11.4,0.0,0.0,-23.0625,-23.0625,-23.375,25.0,-23.0625,750.0,41.0,390.0,190.0,0.0,0.0,254.0,24.0,0.0,8.0,0.0,0.0,0.0,0.0,8.0,0.0,5.0,0.0,4.0,0.0,30.0,4687.0,100.0,0.0,0.0,0.0,0.0,26.0,0.0,0.0,3.8000000000000003,5000.0,4990.0,4990.0,1.0,1.0,0.0,22.0,3140.0,0.0,255.0,850.0,219.0,0.0,0.0,1245716.0,3.008,3.0,50.0
1788624410277,2026-09-05T20:06:50.277,0.0,4.0,0.0,1.0,1650.0,14.100000000000001,83.0,0.0,0.0,0.0,0.0,0.0,0.0,0.0,0.0,0.0,0.0,94.5,67.0,1.9839999999993196E-5,1.9839999999993196E-5,0.0,0.999,0.0,37.0,37.0,7.0,7.0,7.0,7.0,7.0,0.0,0.0,0.0,0.0,44.0,13.0,13.0,11.9,189.0,210.0,3.0,3.0,640.0,4340.0,0.0,0.0,0.0,1.0,19483.0,11.5,1.0,0.0,-23.0,-23.0,-23.25,24.9375,-23.0,750.0,42.0,390.0,200.0,0.0,0.0,254.0,24.0,0.0,8.0,0.0,0.0,0.0,0.0,8.0,0.0,5.0,0.0,4.0,0.0,30.0,4687.0,100.0,0.0,0.0,0.0,0.0,26.0,0.0,0.0,3.8000000000000003,5000.0,4990.0,5000.0,1.0,1.0,0.0,22.0,3064.0,0.0,255.0,850.0,215.0,0.0,0.0,1245716.0,3.008,3.0,50.0
1788624411083,2026-09-05T20:06:51.083,0.0,4.0,0.0,1.0,1655.0,14.200000000000001,83.0,0.0,0.0,0.0,0.0,0.0,0.0,0.0,0.0,0.0,0.0,94.5,68.0,1.9839999999993196E-5,1.9839999999993196E-5,0.0,0.999,0.0,38.0,38.0,8.0,8.0,8.0,8.0,8.0,0.0,0.0,0.0,0.0,44.0,13.0,13.0,11.9,189.0,210.0,3.0,3.0,640.0,4340.0,0.0,0.0,0.0,1.0,19483.0,11.4,0.0,0.0,-23.25,-23.25,-23.5625,25.1875,-23.25,750.0,42.0,390.0,200.0,0.0,0.0,254.0,24.0,0.0,8.0,0.0,0.0,0.0,0.0,8.0,0.0,5.0,0.0,4.0,0.0,29.0,4687.0,100.0,0.0,0.0,0.0,0.0,26.0,0.0,0.0,3.8000000000000003,5000.0,4990.0,4980.0,1.0,1.0,0.0,22.0,2567.0,0.0,255.0,850.0,213.0,0.0,0.0,1245716.0,3.008,3.0,50.0
1788624411911,2026-09-05T20:06:51.911,0.0,4.0,0.0,1.0,1643.0,14.200000000000001,83.0,0.0,0.0,0.0,0.0,0.0,0.0,0.0,0.0,0.0,0.0,95.5,68.5,1.9839999999993196E-5,1.9839999999993196E-5,1.0,0.999,0.0,38.0,38.0,8.0,8.0,8.0,8.0,8.0,0.0,0.0,0.0,0.0,44.0,13.0,13.0,11.8,189.0,210.0,3.0,3.0,640.0,4340.0,0.0,0.0,0.0,1.0,19483.0,11.5,1.0,0.0,-23.25,-23.25,-23.5,25.1875,-23.25,750.0,41.0,390.0,190.0,0.0,0.0,254.0,24.0,0.0,8.0,0.0,0.0,0.0,0.0,8.0,0.0,5.0,0.0,4.0,0.0,29.0,4687.0,100.0,0.0,0.0,0.0,0.0,26.0,0.0,0.0,3.8000000000000003,5000.0,4990.0,4980.0,1.0,1.0,0.0,22.0,3057.0,0.0,255.0,850.0,213.0,0.0,0.0,1245716.0,3.008,3.0,50.0
1788624412753,2026-09-05T20:06:52.753,0.0,4.0,0.0,1.0,1638.0,14.100000000000001,83.0,0.0,0.0,0.0,0.0,0.0,0.0,0.0,0.0,0.0,0.0,97.5,69.5,1.9839999999993196E-5,1.9839999999993196E-5,1.0,0.999,0.0,38.0,38.0,8.0,8.0,8.0,8.0,8.0,0.0,0.0,0.0,0.0,44.0,13.0,13.0,11.600000000000001,189.0,210.0,3.0,3.0,640.0,4340.0,0.0,0.0,0.0,1.0,19483.0,11.3,0.0,0.0,-23.625,-23.625,-23.875,25.5625,-23.625,750.0,41.0,390.0,200.0,0.0,0.0,254.0,24.0,0.0,8.0,0.0,0.0,0.0,0.0,8.0,0.0,5.0,0.0,4.0,0.0,30.0,4687.0,100.0,0.0,0.0,0.0,0.0,26.0,0.0,0.0,3.8000000000000003,5000.0,4990.0,4980.0,1.0,1.0,0.0,22.0,2198.0,0.0,255.0,850.0,213.0,0.0,0.0,1245716.0,3.008,3.0,50.0
1788624413527,2026-09-05T20:06:53.527,0.0,4.0,0.0,1.0,1620.0,14.100000000000001,83.0,0.0,0.0,0.0,0.0,0.0,0.0,0.0,0.0,0.0,0.0,97.5,69.5,1.9839999999993196E-5,1.9839999999993196E-5,1.0,0.999,0.0,38.0,38.0,8.0,8.0,8.0,8.0,8.0,0.0,0.0,0.0,0.0,44.0,13.0,13.0,11.5,189.0,210.0,3.0,3.0,640.0,4350.0,0.0,0.0,0.0,1.0,19483.0,11.3,0.0,0.0,-23.6875,-23.6875,-23.875,25.625,-23.6875,750.0,41.0,390.0,200.0,0.0,0.0,254.0,20.0,0.0,8.0,0.0,1.0,0.0,0.0,8.0,0.0,5.0,0.0,4.0,0.0,31.0,4687.0,100.0,0.0,0.0,0.0,0.0,26.0,0.0,0.0,3.8000000000000003,5000.0,4990.0,4990.0,1.0,1.0,0.0,22.0,3119.0,0.0,255.0,850.0,222.0,0.0,0.0,1245716.0,3.008,3.0,50.0
1788624414311,2026-09-05T20:06:54.311,0.0,4.0,0.0,1.0,1625.0,14.100000000000001,83.0,0.0,0.0,0.0,0.0,0.0,0.0,0.0,0.0,0.0,0.0,98.0,71.0,1.9839999999993196E-5,1.9839999999993196E-5,1.0,0.999,0.0,38.0,38.0,8.0,8.0,8.0,8.0,8.0,0.0,0.0,0.0,0.0,44.0,13.0,13.0,11.3,189.0,210.0,3.0,3.0,630.0,4350.0,0.0,0.0,0.0,1.0,19483.0,11.100000000000001,1.0,0.0,-24.625,-24.625,-24.875,26.5625,-24.625,750.0,41.0,390.0,190.0,0.0,0.0,254.0,20.0,0.0,8.0,0.0,1.0,0.0,0.0,8.0,0.0,5.0,0.0,4.0,0.0,31.0,4687.0,100.0,0.0,0.0,0.0,0.0,26.0,0.0,0.0,3.8000000000000003,5000.0,4990.0,4980.0,1.0,1.0,0.0,22.0,3486.0,0.0,255.0,850.0,214.0,0.0,0.0,1245716.0,3.008,3.0,50.0
1788624415106,2026-09-05T20:06:55.106,0.0,4.0,0.0,1.0,1592.0,14.0,83.0,0.0,0.0,0.0,0.0,0.0,0.0,0.0,0.0,0.0,0.0,98.0,71.5,1.9839999999993196E-5,1.9839999999993196E-5,1.0,0.999,0.0,37.0,37.0,8.0,8.0,8.0,8.0,8.0,0.0,0.0,0.0,0.0,44.0,13.0,13.0,11.0,189.0,210.0,3.0,3.0,630.0,4350.0,0.0,0.0,0.0,1.0,19483.0,10.8,0.0,0.0,-24.4375,-24.4375,-24.6875,26.375,-24.4375,750.0,40.0,390.0,200.0,0.0,0.0,254.0,20.0,0.0,8.0,0.0,1.0,0.0,0.0,8.0,0.0,5.0,0.0,4.0,0.0,32.0,4687.0,100.0,0.0,0.0,0.0,0.0,26.0,0.0,0.0,3.8000000000000003,5000.0,4990.0,4980.0,1.0,1.0,0.0,22.0,3267.0,0.0,255.0,850.0,209.0,0.0,0.0,1245716.0,3.008,3.0,50.0
1788624416091,2026-09-05T20:06:56.091,0.0,4.0,0.0,1.0,1568.0,14.100000000000001,83.0,0.0,0.0,0.0,0.0,0.0,0.0,0.0,0.0,0.0,0.0,97.5,71.5,1.9839999999993196E-5,1.9839999999993196E-5,1.0,0.999,0.0,38.0,38.0,8.0,8.0,8.0,8.0,8.0,0.0,0.0,0.0,0.0,44.0,13.0,12.0,10.4,210.0,189.0,3.0,3.0,630.0,4350.0,0.0,0.0,0.0,1.0,19483.0,10.600000000000001,1.0,0.0,-24.9375,-24.9375,-25.1875,26.875,-24.9375,750.0,39.0,390.0,200.0,0.0,0.0,254.0,20.0,0.0,8.0,0.0,1.0,0.0,0.0,8.0,0.0,5.0,0.0,4.0,0.0,32.0,4687.0,100.0,0.0,0.0,0.0,0.0,26.0,0.0,0.0,3.8000000000000003,5000.0,4990.0,4980.0,1.0,1.0,0.0,22.0,2122.0,0.0,255.0,850.0,215.0,0.0,0.0,1245716.0,3.008,3.0,50.0
1788624416868,2026-09-05T20:06:56.868,0.0,4.0,0.0,1.0,1527.0,14.100000000000001,83.0,0.0,0.0,0.0,0.0,0.0,0.0,0.0,0.0,0.0,0.0,97.5,72.0,1.9839999999993196E-5,1.9839999999993196E-5,1.0,0.999,0.0,38.0,38.0,7.0,7.0,7.0,7.0,7.0,0.0,0.0,0.0,0.0,44.0,13.0,12.0,10.4,210.0,210.0,3.0,3.0,620.0,4350.0,0.0,0.0,0.0,1.0,19483.0,10.5,0.0,0.0,-24.9375,-24.9375,-25.1875,26.875,-24.9375,750.0,39.0,390.0,200.0,0.0,0.0,254.0,20.0,0.0,8.0,0.0,1.0,0.0,0.0,8.0,0.0,5.0,0.0,4.0,0.0,31.0,4687.0,100.0,0.0,0.0,0.0,0.0,26.0,0.0,0.0,3.8000000000000003,5000.0,4990.0,4980.0,1.0,1.0,0.0,22.0,3665.0,0.0,255.0,850.0,211.0,0.0,0.0,1245716.0,3.008,3.0,50.0
1788624417722,2026-09-05T20:06:57.722,0.0,4.0,0.0,1.0,1516.0,14.100000000000001,83.0,0.0,0.0,0.0,0.0,0.0,0.0,0.0,0.0,0.0,0.0,97.5,72.5,1.9839999999993196E-5,1.9839999999993196E-5,1.0,0.999,0.0,38.0,38.0,7.0,7.0,7.0,7.0,7.0,0.0,0.0,0.0,0.0,44.0,13.0,12.0,10.4,210.0,210.0,3.0,3.0,620.0,4340.0,0.0,0.0,0.0,1.0,19483.0,10.4,0.0,0.0,-25.3125,-25.3125,-25.5625,27.25,-25.3125,750.0,38.0,390.0,200.0,0.0,0.0,254.0,24.0,0.0,8.0,0.0,0.0,0.0,0.0,8.0,0.0,5.0,0.0,4.0,0.0,32.0,4687.0,100.0,0.0,0.0,0.0,0.0,26.0,0.0,0.0,3.8000000000000003,5000.0,4990.0,4990.0,1.0,1.0,0.0,22.0,3490.0,0.0,255.0,850.0,220.0,0.0,0.0,1245716.0,3.008,3.0,50.0
1788624418466,2026-09-05T20:06:58.466,0.0,4.0,0.0,1.0,1514.0,14.100000000000001,83.0,0.0,0.0,0.0,0.0,0.0,0.0,0.0,0.0,0.0,0.0,97.5,73.5,1.9839999999993196E-5,1.9839999999993196E-5,1.0,0.999,0.0,38.0,38.0,7.0,7.0,7.0,7.0,7.0,0.0,0.0,0.0,0.0,44.0,13.0,12.0,10.4,210.0,210.0,3.0,3.0,620.0,4360.0,0.0,0.0,0.0,1.0,19483.0,10.3,1.0,0.0,-24.625,-24.625,-24.875,26.5625,-24.625,750.0,38.0,390.0,190.0,0.0,0.0,254.0,24.0,0.0,8.0,0.0,0.0,0.0,0.0,8.0,0.0,5.0,0.0,4.0,0.0,30.0,4687.0,100.0,0.0,0.0,0.0,0.0,26.0,0.0,0.0,3.8000000000000003,5000.0,4990.0,4970.0,1.0,1.0,0.0,22.0,2423.0,0.0,255.0,850.0,214.0,0.0,0.0,1245716.0,3.008,3.0,50.0
1788624419261,2026-09-05T20:06:59.261,0.0,4.0,0.0,1.0,1508.0,14.100000000000001,83.0,0.0,0.0,0.0,0.0,0.0,0.0,0.0,0.0,0.0,0.0,98.0,74.5,1.9839999999993196E-5,1.9839999999993196E-5,1.0,0.999,0.0,38.0,38.0,7.0,7.0,7.0,7.0,7.0,0.0,0.0,0.0,0.0,45.0,13.0,12.0,9.9,210.0,189.0,3.0,2.0,620.0,4360.0,0.0,0.0,0.0,1.0,19483.0,10.3,0.0,0.0,-24.5,-24.5,-24.75,26.4375,-24.5,750.0,38.0,390.0,200.0,0.0,0.0,254.0,24.0,0.0,8.0,0.0,0.0,0.0,0.0,8.0,0.0,5.0,0.0,4.0,0.0,32.0,4687.0,100.0,0.0,0.0,0.0,0.0,26.0,0.0,0.0,3.8000000000000003,5000.0,4990.0,4980.0,1.0,1.0,0.0,22.0,2091.0,0.0,255.0,850.0,209.0,0.0,0.0,1245716.0,3.008,3.0,50.0
1788624419982,2026-09-05T20:06:59.982,0.0,4.0,0.0,1.0,1510.0,14.200000000000001,83.0,0.0,0.0,0.0,0.0,0.0,0.0,0.0,0.0,0.0,0.0,97.0,74.0,1.9839999999993196E-5,1.9839999999993196E-5,1.0,0.999,0.0,38.0,38.0,8.0,8.0,8.0,8.0,8.0,0.0,0.0,0.0,0.0,45.0,13.0,12.0,10.100000000000001,210.0,189.0,3.0,3.0,620.0,4360.0,0.0,0.0,0.0,1.0,19483.0,10.3,1.0,0.0,-23.875,-23.875,-24.0625,25.8125,-23.875,750.0,38.0,390.0,200.0,0.0,0.0,254.0,24.0,0.0,8.0,0.0,0.0,0.0,0.0,8.0,0.0,5.0,0.0,4.0,0.0,32.0,4687.0,100.0,0.0,0.0,0.0,0.0,26.0,0.0,0.0,3.8000000000000003,5000.0,4990.0,4980.0,1.0,1.0,0.0,22.0,2206.0,0.0,255.0,850.0,208.0,0.0,0.0,1245716.0,3.008,3.0,50.0
1788624420836,2026-09-05T20:07:00.836,0.0,4.0,0.0,1.0,1508.0,14.100000000000001,83.0,0.0,0.0,0.0,0.0,0.0,0.0,0.0,0.0,0.0,0.0,96.5,75.0,1.9839999999993196E-5,1.9839999999993196E-5,1.0,0.999,0.0,38.0,38.0,8.0,8.0,8.0,8.0,8.0,0.0,0.0,0.0,0.0,45.0,13.0,12.0,10.100000000000001,210.0,189.0,3.0,3.0,620.0,4350.0,0.0,0.0,0.0,1.0,19483.0,10.3,0.0,0.0,-24.375,-24.375,-24.5625,26.3125,-24.375,750.0,38.0,390.0,200.0,0.0,0.0,254.0,24.0,0.0,8.0,0.0,0.0,0.0,0.0,8.0,0.0,5.0,0.0,4.0,0.0,32.0,4687.0,100.0,0.0,0.0,0.0,0.0,26.0,0.0,0.0,3.8000000000000003,5000.0,4990.0,4990.0,1.0,1.0,0.0,22.0,3755.0,0.0,255.0,850.0,208.0,0.0,0.0,1245716.0,3.008,3.0,50.0
1788624421597,2026-09-05T20:07:01.597,0.0,4.0,0.0,1.0,1506.0,14.200000000000001,83.0,0.0,0.0,0.0,0.0,0.0,0.0,0.0,0.0,0.0,0.0,100.0,78.0,1.9839999999993196E-5,1.9839999999993196E-5,1.0,0.999,0.0,38.0,38.0,8.0,8.0,8.0,8.0,8.0,0.0,0.0,0.0,0.0,45.0,13.0,12.0,10.100000000000001,210.0,189.0,3.0,3.0,620.0,4350.0,0.0,0.0,0.0,1.0,19483.0,10.4,0.0,0.0,-23.9375,-23.9375,-24.1875,25.875,-23.9375,750.0,38.0,390.0,200.0,0.0,0.0,254.0,24.0,0.0,8.0,0.0,0.0,0.0,0.0,8.0,0.0,5.0,0.0,4.0,0.0,30.0,4687.0,100.0,0.0,0.0,0.0,0.0,26.0,0.0,0.0,3.8000000000000003,5000.0,4990.0,4980.0,1.0,1.0,0.0,22.0,3090.0,0.0,255.0,850.0,208.0,0.0,0.0,1245716.0,3.008,3.0,50.0
1788624422379,2026-09-05T20:07:02.379,0.0,4.0,0.0,1.0,1508.0,14.100000000000001,83.0,0.0,0.0,0.0,0.0,0.0,0.0,0.0,0.0,0.0,0.0,98.0,77.0,1.9839999999993196E-5,1.9839999999993196E-5,1.0,0.999,0.0,38.0,38.0,8.0,8.0,8.0,8.0,8.0,0.0,0.0,0.0,0.0,45.0,13.0,12.0,10.100000000000001,210.0,189.0,3.0,3.0,620.0,4350.0,0.0,0.0,0.0,1.0,19483.0,10.4,1.0,0.0,-23.8125,-23.8125,-24.0625,25.75,-23.8125,750.0,38.0,390.0,200.0,0.0,0.0,254.0,24.0,0.0,8.0,0.0,0.0,0.0,0.0,8.0,0.0,5.0,0.0,4.0,0.0,29.0,4687.0,100.0,0.0,0.0,0.0,0.0,26.0,0.0,0.0,3.8000000000000003,5000.0,4990.0,4980.0,1.0,1.0,0.0,22.0,2399.0,0.0,255.0,850.0,208.0,0.0,0.0,1245716.0,3.008,3.0,50.0
1788624423170,2026-09-05T20:07:03.170,0.0,4.0,0.0,1.0,1506.0,14.100000000000001,83.0,0.0,0.0,0.0,0.0,0.0,0.0,0.0,0.0,0.0,0.0,97.5,77.0,1.9839999999993196E-5,1.9839999999993196E-5,1.0,0.999,0.0,38.0,38.0,8.0,8.0,8.0,8.0,8.0,0.0,0.0,0.0,0.0,45.0,13.0,12.0,10.0,210.0,189.0,3.0,3.0,620.0,4360.0,0.0,0.0,0.0,1.0,19483.0,10.4,0.0,0.0,-23.75,-23.75,-24.0625,25.6875,-23.75,750.0,38.0,390.0,200.0,0.0,0.0,254.0,24.0,0.0,8.0,0.0,0.0,0.0,0.0,8.0,0.0,5.0,0.0,4.0,0.0,33.0,4687.0,100.0,0.0,0.0,0.0,0.0,26.0,0.0,0.0,3.8000000000000003,5000.0,4990.0,4970.0,1.0,1.0,0.0,22.0,1841.0,0.0,255.0,850.0,209.0,0.0,0.0,1245716.0,3.008,3.0,50.0
1788624424215,2026-09-05T20:07:04.215,0.0,4.0,0.0,1.0,1508.0,14.100000000000001,83.0,0.0,0.0,0.0,0.0,0.0,0.0,0.0,0.0,0.0,0.0,97.0,77.5,1.9839999999993196E-5,1.9839999999993196E-5,1.0,0.999,0.0,38.0,38.0,7.0,7.0,7.0,7.0,7.0,0.0,0.0,0.0,0.0,45.0,13.0,12.0,10.200000000000001,210.0,210.0,3.0,3.0,620.0,4350.0,0.0,0.0,0.0,1.0,19483.0,10.4,1.0,0.0,-23.875,-23.875,-24.125,25.8125,-23.875,750.0,38.0,390.0,200.0,0.0,0.0,254.0,20.0,0.0,8.0,0.0,1.0,0.0,0.0,8.0,0.0,5.0,0.0,4.0,0.0,31.0,4687.0,100.0,0.0,0.0,0.0,0.0,26.0,0.0,0.0,3.8000000000000003,5000.0,4990.0,4990.0,1.0,1.0,0.0,22.0,1678.0,0.0,255.0,850.0,217.0,0.0,0.0,1245716.0,3.008,3.0,50.0
1788624424974,2026-09-05T20:07:04.974,0.0,4.0,0.0,1.0,1500.0,14.200000000000001,83.0,0.0,0.0,0.0,0.0,0.0,0.0,0.0,0.0,0.0,0.0,97.0,78.0,1.9839999999993196E-5,1.9839999999993196E-5,1.0,0.999,0.0,38.0,38.0,7.0,7.0,7.0,7.0,7.0,0.0,0.0,0.0,0.0,45.0,13.0,12.0,10.100000000000001,210.0,210.0,3.0,3.0,620.0,4360.0,0.0,0.0,0.0,1.0,19483.0,10.3,0.0,0.0,-25.375,-25.375,-25.625,27.3125,-25.375,750.0,37.0,390.0,200.0,0.0,0.0,254.0,20.0,0.0,8.0,0.0,1.0,0.0,0.0,8.0,0.0,5.0,0.0,4.0,0.0,33.0,4687.0,100.0,0.0,0.0,0.0,0.0,26.0,0.0,0.0,3.8000000000000003,5000.0,4990.0,4980.0,1.0,1.0,0.0,22.0,3338.0,0.0,255.0,850.0,215.0,0.0,0.0,1245716.0,3.008,3.0,50.0
1788624425755,2026-09-05T20:07:05.755,0.0,4.0,0.0,1.0,1472.0,14.100000000000001,83.0,0.0,0.0,0.0,0.0,0.0,0.0,0.0,0.0,0.0,0.0,97.5,79.0,1.9839999999993196E-5,1.9839999999993196E-5,1.0,0.999,0.0,38.0,38.0,7.0,7.0,7.0,7.0,7.0,0.0,0.0,0.0,0.0,45.0,13.0,12.0,9.700000000000001,210.0,210.0,2.0,2.0,620.0,4360.0,0.0,0.0,0.0,1.0,19483.0,9.9,1.0,0.0,-25.5625,-25.5625,-25.8125,27.5,-25.5625,750.0,37.0,390.0,200.0,0.0,0.0,254.0,20.0,0.0,8.0,0.0,1.0,0.0,0.0,8.0,0.0,5.0,0.0,4.0,0.0,33.0,4687.0,100.0,0.0,0.0,0.0,0.0,26.0,0.0,0.0,3.8000000000000003,5000.0,4990.0,4980.0,1.0,1.0,0.0,22.0,2768.0,0.0,255.0,850.0,216.0,0.0,0.0,1245716.0,3.008,3.0,50.0
1788624426582,2026-09-05T20:07:06.582,0.0,4.0,0.0,1.0,1448.0,14.100000000000001,83.0,0.0,0.0,0.0,0.0,0.0,0.0,0.0,0.0,0.0,0.0,97.5,79.0,1.9839999999993196E-5,1.9839999999993196E-5,1.0,0.999,0.0,38.0,38.0,7.0,7.0,7.0,7.0,7.0,0.0,0.0,0.0,0.0,45.0,13.0,12.0,9.8,210.0,210.0,2.0,2.0,620.0,4370.0,0.0,0.0,0.0,1.0,19483.0,9.8,1.0,0.0,-25.5,-25.5,-25.75,27.4375,-25.5,750.0,37.0,390.0,200.0,0.0,0.0,254.0,20.0,0.0,8.0,0.0,1.0,0.0,0.0,8.0,0.0,5.0,0.0,4.0,0.0,31.0,4687.0,100.0,0.0,0.0,0.0,0.0,26.0,0.0,0.0,3.8000000000000003,5000.0,4990.0,4980.0,1.0,1.0,0.0,22.0,2942.0,0.0,255.0,850.0,214.0,0.0,0.0,1245716.0,3.008,3.0,50.0
1788624427382,2026-09-05T20:07:07.382,0.0,4.0,0.0,1.0,1439.0,14.100000000000001,82.0,0.0,0.0,0.0,0.0,0.0,0.0,0.0,0.0,0.0,0.0,98.0,80.0,1.9839999999993196E-5,1.9839999999993196E-5,1.0,0.999,0.0,38.0,38.0,7.0,7.0,7.0,7.0,7.0,0.0,0.0,0.0,0.0,45.0,13.0,12.0,9.600000000000001,210.0,210.0,2.0,2.0,620.0,4370.0,0.0,0.0,0.0,1.0,19483.0,9.700000000000001,0.0,0.0,-25.5,-25.5,-25.75,27.4375,-25.5,750.0,36.0,390.0,200.0,0.0,0.0,254.0,20.0,0.0,8.0,0.0,1.0,0.0,0.0,8.0,0.0,5.0,0.0,4.0,0.0,32.0,4687.0,100.0,0.0,0.0,0.0,0.0,26.0,0.0,0.0,3.8000000000000003,5000.0,4990.0,4990.0,1.0,1.0,0.0,22.0,3409.0,0.0,255.0,850.0,214.0,0.0,0.0,1245716.0,3.008,3.0,50.0
1788624428248,2026-09-05T20:07:08.248,0.0,4.0,0.0,1.0,1422.0,14.100000000000001,82.0,0.0,0.0,0.0,0.0,0.0,0.0,0.0,0.0,0.0,0.0,97.5,80.0,1.9839999999993196E-5,1.9839999999993196E-5,1.0,0.999,0.0,38.0,38.0,7.0,7.0,7.0,7.0,7.0,0.0,0.0,0.0,0.0,45.0,13.0,12.0,9.5,210.0,210.0,2.0,2.0,620.0,4370.0,0.0,0.0,0.0,1.0,19483.0,9.700000000000001,1.0,0.0,-25.5,-25.5,-25.75,27.4375,-25.5,750.0,36.0,390.0,200.0,0.0,0.0,254.0,20.0,0.0,8.0,0.0,1.0,0.0,0.0,8.0,0.0,5.0,0.0,4.0,0.0,32.0,4687.0,100.0,0.0,0.0,0.0,0.0,26.0,0.0,0.0,3.8000000000000003,5000.0,4990.0,4990.0,1.0,1.0,0.0,22.0,4607.0,0.0,255.0,850.0,213.0,0.0,0.0,1245716.0,3.008,3.0,50.0
1788624429043,2026-09-05T20:07:09.043,0.0,4.0,0.0,1.0,1410.0,14.100000000000001,82.0,0.0,0.0,0.0,0.0,0.0,0.0,0.0,0.0,0.0,0.0,98.0,80.5,1.9839999999993196E-5,1.9839999999993196E-5,1.0,0.999,0.0,38.0,38.0,7.0,7.0,7.0,7.0,7.0,0.0,0.0,0.0,0.0,45.0,12.0,12.0,9.5,210.0,210.0,2.0,2.0,620.0,4370.0,0.0,0.0,0.0,1.0,19483.0,9.600000000000001,0.0,0.0,-25.4375,-25.4375,-25.6875,27.375,-25.4375,750.0,35.0,390.0,200.0,0.0,0.0,254.0,20.0,0.0,8.0,0.0,1.0,0.0,0.0,8.0,0.0,5.0,0.0,4.0,0.0,31.0,4687.0,100.0,0.0,0.0,0.0,0.0,26.0,0.0,0.0,3.8000000000000003,5000.0,4990.0,4970.0,1.0,1.0,0.0,22.0,2192.0,0.0,255.0,850.0,214.0,0.0,0.0,1245716.0,3.008,3.0,50.0
1788624429865,2026-09-05T20:07:09.865,0.0,4.0,0.0,1.0,1385.0,14.100000000000001,82.0,0.0,0.0,0.0,0.0,0.0,0.0,0.0,0.0,0.0,0.0,97.5,80.5,1.9839999999993196E-5,1.9839999999993196E-5,1.0,0.999,0.0,37.0,37.0,7.0,7.0,7.0,7.0,7.0,0.0,0.0,0.0,0.0,45.0,12.0,12.0,9.1,210.0,210.0,2.0,2.0,610.0,4380.0,0.0,0.0,0.0,1.0,19483.0,9.4,1.0,0.0,-26.0625,-26.0625,-26.3125,28.0,-26.0625,750.0,35.0,390.0,200.0,0.0,0.0,254.0,20.0,0.0,8.0,0.0,1.0,0.0,0.0,8.0,0.0,5.0,0.0,4.0,0.0,31.0,4687.0,100.0,0.0,0.0,0.0,0.0,26.0,0.0,0.0,3.8000000000000003,5000.0,4990.0,4980.0,1.0,1.0,0.0,22.0,3803.0,0.0,255.0,850.0,211.0,0.0,0.0,1245716.0,3.008,3.0,50.0
1788624430706,2026-09-05T20:07:10.706,0.0,4.0,0.0,1.0,1346.0,14.100000000000001,82.0,2.65,2.65,2.65,2.65,0.0,0.0,0.0,0.0,0.0,0.0,97.5,81.0,1.9839999999993196E-5,1.9839999999993196E-5,1.0,1.731,0.0,42.0,42.0,-14.0,-14.0,-14.0,-14.0,-14.0,0.0,0.0,0.0,0.0,45.0,12.0,12.0,8.700000000000001,210.0,210.0,2.0,2.0,610.0,4380.0,0.0,0.0,0.0,1.0,19483.0,9.0,0.0,0.0,-25.8125,-25.8125,-20.625,27.75,-25.8125,750.0,33.0,390.0,200.0,0.0,0.0,254.0,20.0,0.0,8.0,0.0,1.0,0.0,0.0,8.0,0.0,5.0,2.0,4.0,0.0,30.0,4687.0,100.0,0.0,0.0,0.0,0.0,26.0,0.0,0.0,3.8000000000000003,5000.0,4990.0,4980.0,1.0,1.0,0.0,22.0,1730.0,0.0,255.0,850.0,211.0,0.0,0.0,1245716.0,3.008,3.0,50.0
1788624431420,2026-09-05T20:07:11.420,0.0,4.0,0.0,1.0,1316.0,14.100000000000001,82.0,2.07,2.07,2.07,2.07,1.0,0.0,825.0,1.0,0.0,712.0,97.5,81.5,1.9839999999993196E-5,1.9839999999993196E-5,1.0,1.399,0.0,38.0,38.0,8.0,8.0,8.0,8.0,8.0,0.0,0.0,0.0,0.0,45.0,12.0,12.0,8.5,210.0,210.0,2.0,2.0,610.0,4380.0,0.0,0.0,0.0,1.0,19483.0,8.8,0.0,0.0,-26.5,-26.5,-17.125,28.4375,-26.5,750.0,33.0,390.0,200.0,0.0,0.0,254.0,20.0,0.0,8.0,0.0,1.0,0.0,0.0,8.0,0.0,5.0,2.0,4.0,0.0,31.0,4687.0,100.0,0.0,0.0,0.0,0.0,26.0,0.0,0.0,3.8000000000000003,5000.0,4990.0,4970.0,1.0,1.0,0.0,22.0,2847.0,0.0,255.0,850.0,210.0,0.0,0.0,1245716.0,3.008,3.0,50.0
1788624432530,2026-09-05T20:07:12.530,0.0,4.0,0.0,1.0,1261.0,14.100000000000001,82.0,1.52,1.52,1.52,1.52,0.0,1.0,24.0,0.0,0.0,29.0,98.0,81.5,0.017805369999999987,0.017805369999999987,1.0,1.076,0.0,35.0,35.0,7.0,7.0,7.0,7.0,7.0,0.0,0.0,0.0,0.0,45.0,12.0,12.0,8.4,210.0,210.0,2.0,2.0,600.0,4380.0,0.0,0.0,0.0,1.0,19483.0,8.4,1.0,0.0,-26.875,-26.875,-16.5,28.8125,-26.875,750.0,32.0,390.0,200.0,0.0,0.0,254.0,20.0,0.0,8.0,0.0,1.0,0.0,0.0,8.0,0.0,5.0,2.0,4.0,0.0,29.0,4687.0,100.0,0.0,0.0,0.0,0.0,26.0,0.0,0.0,3.8000000000000003,5000.0,4990.0,4980.0,1.0,1.0,0.0,22.0,2475.0,0.0,255.0,850.0,220.0,0.0,0.0,1245716.0,3.008,3.0,50.0
1788624433294,2026-09-05T20:07:13.294,0.0,4.0,0.0,1.0,1234.0,14.200000000000001,82.0,1.58,1.58,1.58,1.58,0.0,1.0,24.0,0.0,0.0,19.0,97.0,81.5,0.06346329,0.06346329,1.0,0.999,0.0,34.0,34.0,9.0,9.0,9.0,9.0,9.0,0.0,0.0,0.0,0.0,45.0,12.0,12.0,8.1,210.0,210.0,2.0,2.0,600.0,4380.0,0.0,0.0,0.0,1.0,19483.0,8.3,0.0,0.0,-27.3125,-27.3125,-16.8125,29.25,-27.3125,750.0,31.0,390.0,200.0,0.0,0.0,254.0,20.0,0.0,8.0,0.0,0.0,0.0,0.0,8.0,0.0,5.0,2.0,4.0,0.0,31.0,4687.0,100.0,0.0,0.0,0.0,0.0,26.0,0.0,0.0,3.8000000000000003,5000.0,4990.0,4970.0,1.0,1.0,0.0,22.0,2065.0,0.0,255.0,850.0,215.0,0.0,0.0,1245716.0,3.008,3.0,50.0
1788624434082,2026-09-05T20:07:14.082,0.0,4.0,0.0,1.0,1238.0,14.100000000000001,82.0,1.59,1.59,1.59,1.59,0.0,1.0,29.0,0.0,0.0,19.0,97.5,81.5,0.09911064999999997,0.09911064999999997,1.0,0.999,0.0,34.0,34.0,8.0,8.0,8.0,8.0,8.0,0.0,0.0,0.0,0.0,45.0,12.0,11.0,7.9,210.0,189.0,2.0,2.0,600.0,4370.0,0.0,0.0,0.0,1.0,19483.0,8.4,1.0,0.0,-26.6875,-26.6875,-16.125,28.625,-26.6875,750.0,32.0,390.0,200.0,0.0,0.0,254.0,20.0,0.0,8.0,0.0,0.0,0.0,0.0,8.0,0.0,5.0,2.0,4.0,0.0,29.0,4687.0,100.0,0.0,0.0,0.0,0.0,26.0,0.0,0.0,3.8000000000000003,5000.0,4990.0,4990.0,1.0,1.0,0.0,22.0,2419.0,0.0,255.0,850.0,209.0,0.0,0.0,1245716.0,3.008,3.0,50.0
1788624434936,2026-09-05T20:07:14.936,0.0,4.0,0.0,1.0,1252.0,14.100000000000001,82.0,1.6500000000000001,1.6500000000000001,1.6500000000000001,1.6500000000000001,0.0,1.0,34.0,0.0,0.0,29.0,97.5,82.0,0.13698597,0.13698597,1.0,0.999,0.0,34.0,34.0,9.0,9.0,9.0,9.0,9.0,0.0,0.0,0.0,0.0,45.0,12.0,11.0,8.0,210.0,189.0,2.0,2.0,600.0,4380.0,0.0,0.0,0.0,1.0,19483.0,8.6,0.0,0.0,-26.5,-26.5,-16.0,28.4375,-26.5,750.0,32.0,390.0,200.0,0.0,0.0,254.0,20.0,0.0,8.0,0.0,0.0,0.0,0.0,8.0,0.0,5.0,2.0,4.0,0.0,31.0,4687.0,100.0,0.0,0.0,0.0,0.0,26.0,0.0,0.0,3.8000000000000003,5000.0,4990.0,4980.0,1.0,1.0,0.0,22.0,2168.0,0.0,255.0,850.0,208.0,0.0,0.0,1245716.0,3.008,3.0,50.0
1788624435637,2026-09-05T20:07:15.637,0.0,4.0,0.0,1.0,1258.0,14.100000000000001,82.0,1.7,1.7,1.7,1.7,0.0,1.0,43.0,0.0,0.0,34.0,97.5,82.0,0.17486129,0.17486129,1.0,0.999,0.0,34.0,34.0,9.0,9.0,9.0,9.0,9.0,0.0,0.0,0.0,0.0,45.0,12.0,11.0,8.0,210.0,189.0,2.0,2.0,600.0,4390.0,0.0,0.0,0.0,1.0,19483.0,8.700000000000001,1.0,0.0,-26.4375,-26.4375,-15.9375,28.375,-26.4375,750.0,32.0,390.0,200.0,0.0,0.0,254.0,20.0,0.0,8.0,0.0,0.0,0.0,0.0,8.0,0.0,5.0,2.0,4.0,0.0,32.0,4687.0,100.0,0.0,0.0,0.0,0.0,26.0,0.0,0.0,3.8000000000000003,5000.0,4990.0,4980.0,1.0,1.0,0.0,22.0,2189.0,0.0,255.0,850.0,206.0,0.0,0.0,1245716.0,3.008,3.0,50.0
1788624436433,2026-09-05T20:07:16.433,0.0,4.0,0.0,1.0,1266.0,14.200000000000001,82.0,1.75,1.75,1.75,1.75,0.0,1.0,63.0,0.0,0.0,43.0,97.5,82.5,0.20828069,0.20828069,2.0,0.999,0.0,34.0,34.0,9.0,9.0,9.0,9.0,9.0,0.0,0.0,0.0,0.0,45.0,12.0,12.0,8.1,210.0,189.0,2.0,2.0,610.0,4370.0,0.0,0.0,0.0,1.0,19483.0,8.700000000000001,1.0,0.0,-25.9375,-25.9375,-15.3125,27.875,-25.9375,750.0,32.0,390.0,200.0,0.0,0.0,254.0,20.0,0.0,8.0,0.0,0.0,0.0,0.0,8.0,0.0,5.0,2.0,4.0,0.0,30.0,4687.0,100.0,0.0,0.0,0.0,0.0,26.0,0.0,0.0,3.8000000000000003,5000.0,4990.0,4990.0,1.0,1.0,0.0,22.0,2071.0,0.0,255.0,850.0,206.0,0.0,0.0,1245716.0,3.008,3.0,50.0
1788624437200,2026-09-05T20:07:17.200,0.0,4.0,0.0,1.0,1271.0,14.200000000000001,82.0,1.85,1.85,1.85,1.85,0.0,1.0,385.0,0.0,0.0,112.0,97.5,82.5,0.25003204999999995,0.25003204999999995,2.0,0.999,0.0,34.0,34.0,7.0,7.0,7.0,7.0,7.0,0.0,0.0,0.0,0.0,45.0,12.0,12.0,8.4,210.0,189.0,2.0,2.0,610.0,4380.0,0.0,0.0,0.0,1.0,19483.0,8.8,0.0,0.0,-25.8125,-25.8125,-15.3125,27.75,-25.8125,750.0,32.0,390.0,200.0,0.0,0.0,254.0,20.0,0.0,8.0,0.0,0.0,0.0,0.0,8.0,0.0,5.0,2.0,4.0,0.0,32.0,4687.0,100.0,0.0,0.0,0.0,0.0,26.0,0.0,0.0,3.8000000000000003,5000.0,4990.0,4990.0,1.0,1.0,0.0,22.0,2486.0,0.0,255.0,850.0,206.0,0.0,0.0,1245716.0,3.008,3.0,50.0
1788624437993,2026-09-05T20:07:17.993,0.0,4.0,0.0,1.0,1275.0,14.100000000000001,82.0,1.74,1.74,1.74,1.74,1.0,1.0,693.0,1.0,0.0,737.0,97.5,83.0,0.15885355,0.15885355,2.0,0.999,0.0,34.0,34.0,7.0,7.0,7.0,7.0,7.0,0.0,0.0,0.0,0.0,45.0,12.0,12.0,8.4,210.0,210.0,2.0,2.0,610.0,4380.0,0.0,0.0,0.0,1.0,19483.0,8.9,1.0,0.0,-26.1875,-26.1875,-15.5625,28.125,-26.1875,750.0,32.0,390.0,200.0,0.0,0.0,254.0,20.0,0.0,8.0,0.0,0.0,0.0,0.0,8.0,0.0,5.0,2.0,4.0,0.0,30.0,4687.0,100.0,0.0,0.0,0.0,0.0,26.0,0.0,0.0,3.8000000000000003,5000.0,4990.0,4990.0,1.0,1.0,0.0,22.0,3538.0,0.0,255.0,850.0,206.0,0.0,0.0,1245716.0,3.008,3.0,50.0
1788624438735,2026-09-05T20:07:18.735,0.0,4.0,0.0,1.0,1303.0,14.100000000000001,82.0,1.78,1.78,1.78,1.78,0.0,1.0,87.0,0.0,0.0,73.0,97.5,83.5,0.18870974000000001,0.18870974000000001,2.0,0.999,0.0,34.0,34.0,7.0,7.0,7.0,7.0,7.0,0.0,0.0,0.0,0.0,45.0,12.0,12.0,8.5,210.0,210.0,2.0,2.0,610.0,4370.0,0.0,0.0,0.0,1.0,19483.0,8.8,0.0,0.0,-25.8125,-25.8125,-15.375,27.75,-25.8125,750.0,33.0,390.0,200.0,0.0,0.0,254.0,20.0,0.0,8.0,0.0,0.0,0.0,0.0,8.0,0.0,5.0,2.0,4.0,0.0,31.0,4687.0,100.0,0.0,0.0,0.0,0.0,26.0,0.0,0.0,3.8000000000000003,5000.0,4990.0,4980.0,1.0,1.0,0.0,22.0,3379.0,0.0,255.0,850.0,206.0,0.0,0.0,1245716.0,3.008,3.0,50.0
1788624439528,2026-09-05T20:07:19.528,0.0,4.0,0.0,1.0,1284.0,14.100000000000001,82.0,1.77,1.77,1.77,1.77,1.0,1.0,737.0,1.0,0.0,727.0,97.5,83.0,0.16338576999999999,0.16338576999999999,2.0,0.999,0.0,34.0,34.0,7.0,7.0,7.0,7.0,7.0,0.0,0.0,0.0,0.0,45.0,13.0,12.0,8.6,210.0,210.0,2.0,2.0,610.0,4370.0,0.0,0.0,0.0,1.0,19483.0,9.1,0.0,0.0,-26.125,-26.125,-15.75,28.0625,-26.125,750.0,33.0,390.0,200.0,0.0,0.0,254.0,20.0,0.0,8.0,0.0,1.0,0.0,0.0,8.0,0.0,5.0,2.0,4.0,0.0,33.0,4687.0,100.0,0.0,0.0,0.0,0.0,26.0,0.0,0.0,3.8000000000000003,5000.0,4990.0,4980.0,1.0,1.0,0.0,22.0,2322.0,0.0,255.0,850.0,236.0,0.0,0.0,1245716.0,3.008,3.0,50.0
1788624440433,2026-09-05T20:07:20.433,0.0,4.0,0.0,1.0,1242.0,14.100000000000001,82.0,1.79,1.79,1.79,1.79,0.0,1.0,73.0,1.0,0.0,463.0,97.5,84.0,0.13037839,0.13037839,2.0,0.999,0.0,33.0,33.0,6.0,6.0,6.0,6.0,6.0,0.0,0.0,0.0,0.0,45.0,12.0,12.0,8.3,210.0,210.0,2.0,2.0,600.0,4380.0,0.0,0.0,0.0,1.0,19483.0,8.5,1.0,0.0,-27.125,-27.125,-16.125,29.0625,-27.125,750.0,30.0,390.0,200.0,0.0,0.0,254.0,20.0,0.0,8.0,0.0,1.0,0.0,0.0,8.0,0.0,5.0,2.0,4.0,0.0,33.0,4687.0,100.0,0.0,0.0,0.0,0.0,26.0,0.0,0.0,3.8000000000000003,5000.0,4990.0,4990.0,1.0,1.0,0.0,22.0,1989.0,0.0,255.0,850.0,232.0,0.0,0.0,1245716.0,3.008,3.0,50.0
1788624441095,2026-09-05T20:07:21.095,0.0,4.0,0.0,1.0,1171.0,14.100000000000001,82.0,1.79,1.79,1.79,1.79,0.0,1.0,122.0,0.0,0.0,78.0,97.5,83.5,0.18317035999999998,0.18317035999999998,2.0,0.999,0.0,34.0,34.0,8.0,8.0,8.0,8.0,8.0,0.0,0.0,0.0,0.0,45.0,12.0,12.0,7.7,210.0,210.0,2.0,2.0,600.0,4390.0,0.0,0.0,0.0,1.0,19483.0,8.0,0.0,0.0,-27.4375,-27.4375,-16.375,29.375,-27.4375,750.0,29.0,390.0,200.0,0.0,0.0,254.0,20.0,0.0,8.0,0.0,1.0,0.0,0.0,8.0,0.0,5.0,1.0,4.0,0.0,32.0,4687.0,100.0,0.0,0.0,0.0,0.0,26.0,0.0,0.0,3.8000000000000003,5000.0,4990.0,4980.0,1.0,1.0,0.0,22.0,2093.0,0.0,255.0,850.0,222.0,0.0,0.0,1245716.0,3.008,3.0,50.0
1788624441885,2026-09-05T20:07:21.885,0.0,4.0,0.0,1.0,1167.0,14.100000000000001,82.0,1.74,1.74,1.74,1.74,1.0,1.0,722.0,1.0,0.0,742.0,98.0,84.5,0.15138377999999997,0.15138377999999997,2.0,0.999,0.0,34.0,34.0,8.0,8.0,8.0,8.0,8.0,0.0,0.0,0.0,0.0,45.0,12.0,12.0,7.800000000000001,210.0,210.0,2.0,2.0,590.0,4390.0,0.0,0.0,0.0,1.0,19483.0,8.0,1.0,0.0,-27.9375,-21.375,-16.875,29.875,-27.9375,750.0,30.0,390.0,200.0,0.0,0.0,254.0,20.0,0.0,8.0,0.0,0.0,0.0,0.0,8.0,0.0,5.0,1.0,4.0,0.0,32.0,4687.0,100.0,0.0,0.0,0.0,0.0,26.0,0.0,0.0,3.8000000000000003,5000.0,4990.0,4990.0,1.0,1.0,0.0,22.0,2445.0,0.0,255.0,850.0,220.0,0.0,0.0,1245716.0,3.008,3.0,50.0
1788624442634,2026-09-05T20:07:22.634,0.0,4.0,0.0,1.0,1162.0,14.100000000000001,82.0,1.75,1.75,1.75,1.75,0.0,1.0,205.0,1.0,0.0,688.0,97.5,84.0,0.15751066999999996,0.15751066999999996,2.0,0.999,0.0,34.0,34.0,9.0,9.0,9.0,9.0,9.0,0.0,0.0,0.0,0.0,45.0,12.0,12.0,7.7,210.0,210.0,2.0,2.0,600.0,4390.0,0.0,0.0,0.0,1.0,19483.0,8.1,1.0,0.0,-27.0,-20.375,-15.9375,28.9375,-27.0,750.0,30.0,390.0,200.0,0.0,0.0,254.0,20.0,0.0,8.0,0.0,0.0,0.0,0.0,8.0,0.0,5.0,1.0,4.0,0.0,31.0,4687.0,100.0,0.0,0.0,0.0,0.0,26.0,0.0,0.0,3.8000000000000003,5000.0,4990.0,4980.0,1.0,1.0,0.0,22.0,2277.0,0.0,255.0,850.0,214.0,0.0,0.0,1245716.0,3.008,3.0,50.0
1788624443422,2026-09-05T20:07:23.422,0.0,4.0,0.0,1.0,1201.0,14.100000000000001,82.0,1.72,1.72,1.72,1.72,0.0,1.0,444.0,0.0,0.0,107.0,97.0,84.5,0.1695737,0.1695737,2.0,0.999,0.0,34.0,34.0,9.0,9.0,9.0,9.0,9.0,0.0,0.0,0.0,0.0,45.0,12.0,12.0,7.6000000000000005,210.0,189.0,2.0,2.0,600.0,4390.0,0.0,0.0,0.0,1.0,19483.0,8.200000000000001,0.0,0.0,-27.5625,-20.125,-16.6875,29.5,-27.5625,750.0,30.0,390.0,200.0,0.0,0.0,254.0,20.0,0.0,8.0,0.0,0.0,0.0,0.0,8.0,0.0,5.0,1.0,4.0,0.0,33.0,4687.0,100.0,0.0,0.0,0.0,0.0,26.0,0.0,0.0,3.8000000000000003,5000.0,4990.0,4990.0,1.0,1.0,0.0,22.0,2180.0,0.0,255.0,850.0,209.0,0.0,0.0,1245716.0,3.008,3.0,50.0
1788624444298,2026-09-05T20:07:24.298,0.0,4.0,0.0,1.0,1216.0,14.100000000000001,82.0,1.6500000000000001,1.6500000000000001,1.6500000000000001,1.6500000000000001,1.0,1.0,708.0,1.0,0.0,747.0,97.5,84.5,0.14204466,0.14204466,2.0,0.999,3.0,34.0,34.0,9.0,9.0,9.0,9.0,9.0,0.0,0.0,0.0,0.0,45.0,12.0,12.0,8.0,210.0,210.0,2.0,2.0,600.0,4380.0,0.0,0.0,0.0,1.0,19483.0,8.5,1.0,0.0,-27.5625,-20.375,-16.625,29.5,-27.5625,750.0,31.0,390.0,200.0,0.0,0.0,254.0,20.0,0.0,8.0,0.0,0.0,0.0,0.0,8.0,0.0,5.0,1.0,4.0,0.0,35.0,4687.0,100.0,0.0,0.0,0.0,0.0,26.0,0.0,0.0,3.8000000000000003,5000.0,4990.0,4970.0,1.0,1.0,0.0,22.0,3321.0,0.0,255.0,850.0,208.0,0.0,0.0,1245716.0,3.008,3.0,50.0
1788624445072,2026-09-05T20:07:25.072,0.0,4.0,0.0,1.0,1244.0,14.200000000000001,83.0,1.78,1.78,1.78,1.78,0.0,1.0,78.0,0.0,0.0,78.0,97.5,84.5,0.18755760999999999,0.18755760999999999,2.0,0.999,3.0,34.0,34.0,7.0,7.0,7.0,7.0,7.0,0.0,0.0,0.0,0.0,45.0,12.0,12.0,8.1,210.0,210.0,2.0,2.0,600.0,4370.0,0.0,0.0,0.0,1.0,19483.0,8.6,0.0,0.0,-26.625,-20.3125,-16.0625,28.5625,-26.625,750.0,32.0,390.0,200.0,0.0,0.0,254.0,20.0,0.0,8.0,0.0,0.0,0.0,0.0,8.0,0.0,5.0,1.0,4.0,0.0,36.0,4687.0,100.0,0.0,0.0,0.0,0.0,26.0,0.0,0.0,3.8000000000000003,5000.0,4990.0,4990.0,1.0,1.0,0.0,23.0,3217.0,0.0,255.0,850.0,209.0,0.0,0.0,1245716.0,3.008,3.0,50.0
1788624445855,2026-09-05T20:07:25.855,0.0,4.0,0.0,1.0,1271.0,14.200000000000001,83.0,1.78,1.78,1.78,1.78,1.0,1.0,756.0,1.0,0.0,747.0,97.0,84.5,0.16897856,0.16897856,2.0,0.999,0.0,34.0,34.0,7.0,7.0,7.0,7.0,7.0,0.0,0.0,0.0,0.0,45.0,13.0,12.0,8.5,210.0,210.0,2.0,2.0,610.0,4380.0,0.0,0.0,0.0,1.0,19483.0,9.1,1.0,0.0,-26.25,-20.625,-15.875,28.1875,-26.25,750.0,32.0,390.0,200.0,0.0,0.0,254.0,20.0,0.0,8.0,0.0,0.0,0.0,0.0,8.0,0.0,5.0,1.0,4.0,0.0,34.0,4687.0,100.0,0.0,0.0,0.0,0.0,26.0,0.0,0.0,3.8000000000000003,5000.0,4990.0,4980.0,1.0,1.0,0.0,22.0,2265.0,0.0,255.0,850.0,209.0,0.0,0.0,1245716.0,3.008,3.0,50.0
1788624446556,2026-09-05T20:07:26.556,0.0,4.0,0.0,1.0,1296.0,14.100000000000001,83.0,1.82,1.82,1.82,1.82,1.0,1.0,717.0,1.0,0.0,771.0,98.5,86.5,0.15337520999999998,0.15337520999999998,2.0,0.999,0.0,35.0,35.0,6.0,6.0,6.0,6.0,6.0,0.0,0.0,0.0,0.0,45.0,13.0,12.0,9.0,210.0,210.0,2.0,2.0,610.0,4370.0,0.0,0.0,0.0,1.0,19483.0,9.200000000000001,1.0,0.0,-26.0625,-20.75,-16.0,28.0,-26.0625,750.0,33.0,390.0,200.0,0.0,0.0,254.0,20.0,0.0,8.0,0.0,0.0,0.0,0.0,8.0,0.0,5.0,1.0,4.0,0.0,34.0,4687.0,100.0,0.0,0.0,0.0,0.0,26.0,0.0,0.0,3.8000000000000003,5000.0,4990.0,4990.0,1.0,1.0,0.0,22.0,2986.0,0.0,255.0,850.0,209.0,0.0,0.0,1245716.0,3.008,3.0,50.0
1788624447406,2026-09-05T20:07:27.406,0.0,4.0,0.0,1.0,1310.0,14.100000000000001,83.0,1.85,1.85,1.85,1.85,0.0,1.0,146.0,0.0,0.0,102.0,97.0,85.0,0.18599346,0.18599346,2.0,0.999,0.0,36.0,36.0,6.0,6.0,6.0,6.0,6.0,0.0,0.0,0.0,0.0,45.0,13.0,12.0,9.0,210.0,210.0,2.0,2.0,610.0,4370.0,0.0,0.0,0.0,1.0,19483.0,9.5,0.0,0.0,-25.4375,-20.6875,-15.6875,27.375,-25.4375,750.0,33.0,390.0,200.0,0.0,0.0,254.0,20.0,0.0,8.0,0.0,1.0,0.0,0.0,8.0,0.0,5.0,1.0,4.0,0.0,34.0,4687.0,100.0,0.0,0.0,0.0,0.0,26.0,0.0,0.0,3.8000000000000003,5000.0,4990.0,4970.0,1.0,1.0,0.0,23.0,2039.0,0.0,255.0,850.0,233.0,0.0,0.0,1245716.0,3.008,3.0,50.0
1788624448394,2026-09-05T20:07:28.394,0.0,4.0,0.0,1.0,1309.0,14.100000000000001,83.0,1.8800000000000001,1.8800000000000001,1.8800000000000001,1.8800000000000001,1.0,1.0,673.0,1.0,0.0,727.0,97.5,87.0,0.15729703,0.15729703,2.0,0.999,0.0,34.0,34.0,5.0,5.0,5.0,5.0,5.0,0.0,0.0,0.0,0.0,45.0,13.0,13.0,9.1,210.0,210.0,2.0,2.0,610.0,4370.0,0.0,0.0,0.0,1.0,19483.0,9.1,1.0,0.0,-26.75,-21.375,-16.0625,28.6875,-26.75,750.0,31.0,390.0,200.0,0.0,0.0,254.0,20.0,0.0,8.0,0.0,1.0,0.0,0.0,8.0,0.0,5.0,1.0,4.0,0.0,34.0,4687.0,100.0,0.0,0.0,0.0,0.0,26.0,0.0,0.0,3.8000000000000003,5000.0,4990.0,4980.0,1.0,1.0,0.0,23.0,3100.0,0.0,255.0,850.0,241.0,0.0,0.0,1245716.0,3.008,3.0,50.0
1788624449075,2026-09-05T20:07:29.075,0.0,4.0,0.0,1.0,1227.0,14.100000000000001,83.0,1.84,1.84,1.84,1.84,1.0,1.0,708.0,1.0,0.0,649.0,96.5,86.0,0.15729703,0.15729703,2.0,0.999,0.0,33.0,33.0,6.0,6.0,6.0,6.0,6.0,0.0,0.0,0.0,0.0,45.0,12.0,12.0,8.0,210.0,210.0,2.0,2.0,600.0,4390.0,0.0,0.0,0.0,1.0,19483.0,8.200000000000001,0.0,0.0,-28.0,-21.75,-17.125,29.9375,-28.0,750.0,30.0,390.0,200.0,0.0,0.0,254.0,20.0,0.0,8.0,0.0,1.0,0.0,0.0,8.0,0.0,5.0,1.0,4.0,0.0,35.0,4687.0,100.0,0.0,0.0,0.0,0.0,26.0,0.0,0.0,3.8000000000000003,5000.0,4990.0,4980.0,1.0,1.0,0.0,23.0,2421.0,0.0,255.0,850.0,221.0,0.0,0.0,1245716.0,3.008,3.0,50.0
1788624449882,2026-09-05T20:07:29.882,0.0,4.0,0.0,1.0,1180.0,14.100000000000001,83.0,1.74,1.74,1.74,1.74,1.0,1.0,688.0,1.0,0.0,698.0,96.0,86.0,0.14640138999999996,0.14640138999999996,2.0,0.999,3.0,33.0,33.0,8.0,8.0,8.0,8.0,8.0,0.0,0.0,0.0,0.0,45.0,12.0,12.0,7.800000000000001,210.0,210.0,2.0,2.0,600.0,4390.0,0.0,0.0,0.0,1.0,19483.0,8.200000000000001,1.0,0.0,-27.9375,-21.5,-16.875,29.875,-27.9375,750.0,30.0,390.0,200.0,0.0,0.0,254.0,20.0,0.0,8.0,0.0,1.0,0.0,0.0,8.0,0.0,5.0,1.0,4.0,0.0,29.0,4687.0,100.0,0.0,0.0,0.0,0.0,26.0,0.0,0.0,3.8000000000000003,5000.0,4990.0,4990.0,1.0,1.0,0.0,23.0,3329.0,0.0,255.0,850.0,215.0,0.0,0.0,1245716.0,3.008,3.0,50.0
1788624450785,2026-09-05T20:07:30.785,0.0,4.0,0.0,1.0,1173.0,14.100000000000001,83.0,1.67,1.67,1.67,1.67,1.0,1.0,742.0,1.0,0.0,781.0,96.0,87.0,0.10947982,0.10947982,2.0,0.999,4.0,34.0,34.0,9.0,9.0,9.0,9.0,9.0,0.0,0.0,0.0,0.0,45.0,12.0,12.0,7.800000000000001,210.0,210.0,2.0,2.0,600.0,4380.0,0.0,0.0,0.0,1.0,19483.0,8.3,0.0,0.0,-28.125,-21.6875,-17.3125,30.0625,-28.125,750.0,30.0,390.0,200.0,0.0,0.0,254.0,20.0,0.0,8.0,0.0,1.0,0.0,0.0,8.0,0.0,5.0,1.0,4.0,0.0,29.0,4687.0,100.0,0.0,0.0,0.0,0.0,26.0,0.0,0.0,3.8000000000000003,5000.0,4990.0,4980.0,1.0,1.0,0.0,23.0,3227.0,0.0,255.0,850.0,215.0,0.0,0.0,1245716.0,3.008,3.0,50.0
1788624451503,2026-09-05T20:07:31.503,0.0,4.0,0.0,1.0,1192.0,14.100000000000001,83.0,1.69,1.69,1.69,1.69,0.0,1.0,78.0,0.0,0.0,68.0,95.0,86.0,0.12206169,0.12206169,2.0,0.999,6.0,34.0,34.0,8.0,8.0,8.0,8.0,8.0,0.0,0.0,0.0,0.0,45.0,12.0,12.0,8.200000000000001,210.0,210.0,2.0,2.0,610.0,4380.0,0.0,0.0,0.0,1.0,19483.0,8.6,0.0,0.0,-27.625,-21.5,-16.625,29.5625,-27.625,750.0,31.0,390.0,200.0,0.0,0.0,254.0,20.0,0.0,8.0,0.0,1.0,0.0,0.0,8.0,0.0,5.0,1.0,4.0,0.0,31.0,4687.0,100.0,0.0,0.0,0.0,0.0,26.0,0.0,0.0,3.8000000000000003,5000.0,4990.0,4980.0,1.0,1.0,0.0,23.0,2021.0,0.0,255.0,850.0,218.0,0.0,0.0,1245716.0,3.008,3.0,50.0
1788624452287,2026-09-05T20:07:32.287,0.0,4.0,0.0,1.0,1271.0,14.100000000000001,83.0,1.77,1.77,1.77,1.77,0.0,1.0,87.0,0.0,0.0,78.0,95.5,87.0,0.13373559000000002,0.13373559000000002,2.0,0.999,7.0,34.0,34.0,6.0,6.0,6.0,6.0,6.0,0.0,0.0,0.0,0.0,45.0,13.0,12.0,8.700000000000001,210.0,210.0,2.0,2.0,620.0,4370.0,0.0,0.0,0.0,1.0,19483.0,9.200000000000001,1.0,0.0,-26.8125,-21.625,-16.5,28.75,-26.8125,750.0,33.0,390.0,200.0,0.0,0.0,254.0,20.0,0.0,8.0,0.0,1.0,0.0,0.0,8.0,0.0,5.0,1.0,4.0,0.0,33.0,4687.0,100.0,0.0,0.0,0.0,0.0,26.0,0.0,0.0,3.8000000000000003,5000.0,4990.0,4990.0,1.0,1.0,0.0,23.0,3696.0,0.0,255.0,850.0,221.0,0.0,0.0,1245716.0,3.008,3.0,50.0
1788624453126,2026-09-05T20:07:33.126,0.0,4.0,0.0,1.0,1315.0,14.100000000000001,83.0,1.8,1.8,1.8,1.8,1.0,1.0,590.0,1.0,0.0,595.0,95.0,87.0,0.12206931999999998,0.12206931999999998,2.0,0.999,8.0,35.0,35.0,5.0,5.0,5.0,5.0,5.0,0.0,0.0,0.0,0.0,45.0,13.0,13.0,9.200000000000001,210.0,210.0,2.0,2.0,610.0,4370.0,0.0,0.0,0.0,1.0,19483.0,9.5,0.0,0.0,-26.4375,-21.5625,-16.625,28.375,-26.4375,750.0,34.0,390.0,200.0,0.0,0.0,254.0,20.0,0.0,8.0,0.0,1.0,0.0,0.0,8.0,0.0,5.0,1.0,4.0,0.0,32.0,4687.0,100.0,0.0,0.0,0.0,0.0,26.0,0.0,0.0,3.8000000000000003,5000.0,4990.0,4970.0,1.0,1.0,0.0,23.0,3032.0,0.0,255.0,850.0,218.0,0.0,0.0,1245716.0,3.008,3.0,50.0
1788624453910,2026-09-05T20:07:33.910,0.0,4.0,0.0,1.0,1350.0,14.100000000000001,83.0,1.82,1.82,1.82,1.82,0.0,1.0,136.0,0.0,0.0,107.0,93.5,87.0,0.14142663,0.14142663,1.0,0.999,8.0,36.0,36.0,6.0,6.0,6.0,6.0,6.0,0.0,0.0,0.0,0.0,45.0,13.0,13.0,9.4,210.0,210.0,2.0,2.0,620.0,4370.0,0.0,0.0,0.0,1.0,19483.0,9.700000000000001,1.0,0.0,-25.6875,-21.4375,-16.625,27.625,-25.6875,750.0,35.0,390.0,200.0,0.0,0.0,254.0,20.0,0.0,8.0,0.0,1.0,0.0,0.0,8.0,0.0,5.0,1.0,4.0,0.0,33.0,4687.0,100.0,0.0,0.0,0.0,0.0,26.0,0.0,0.0,3.8000000000000003,5000.0,4990.0,4990.0,1.0,1.0,0.0,23.0,4760.0,0.0,255.0,850.0,219.0,0.0,0.0,1245716.0,3.008,3.0,50.0
1788624454739,2026-09-05T20:07:34.739,0.0,4.0,0.0,1.0,1406.0,14.100000000000001,83.0,1.86,1.86,1.86,1.86,0.0,1.0,126.0,1.0,0.0,605.0,93.0,87.0,0.15310053,0.15310053,0.0,0.999,9.0,37.0,37.0,5.0,5.0,5.0,5.0,5.0,0.0,0.0,0.0,0.0,45.0,13.0,13.0,10.0,210.0,210.0,3.0,3.0,620.0,4360.0,0.0,0.0,0.0,1.0,19483.0,10.3,0.0,0.0,-25.5,-21.625,-16.8125,27.4375,-25.5,750.0,36.0,390.0,200.0,0.0,0.0,254.0,20.0,0.0,8.0,0.0,1.0,0.0,0.0,8.0,0.0,5.0,1.0,4.0,0.0,31.0,4687.0,100.0,0.0,0.0,0.0,0.0,26.0,0.0,0.0,3.8000000000000003,5000.0,4990.0,4980.0,1.0,1.0,0.0,23.0,2398.0,0.0,255.0,850.0,218.0,0.0,0.0,1245716.0,3.008,3.0,50.0
1788624455594,2026-09-05T20:07:35.594,0.0,4.0,0.0,1.0,1441.0,14.100000000000001,83.0,1.95,1.95,1.95,1.95,0.0,1.0,117.0,0.0,0.0,205.0,92.5,86.5,0.17971397,0.17971397,0.0,0.999,9.0,37.0,37.0,5.0,5.0,5.0,5.0,5.0,0.0,0.0,0.0,0.0,45.0,13.0,13.0,10.4,210.0,210.0,3.0,3.0,630.0,4360.0,0.0,0.0,0.0,1.0,19483.0,10.700000000000001,0.0,0.0,-25.5,-21.6875,-16.75,27.4375,-25.5,750.0,37.0,390.0,200.0,0.0,0.0,254.0,20.0,0.0,8.0,0.0,1.0,0.0,0.0,8.0,0.0,5.0,1.0,4.0,0.0,31.0,4687.0,100.0,0.0,0.0,0.0,0.0,26.0,0.0,0.0,3.8000000000000003,5000.0,4990.0,4980.0,1.0,1.0,0.0,22.0,2074.0,0.0,255.0,850.0,218.0,0.0,0.0,1245716.0,3.008,3.0,50.0
1788624456581,2026-09-05T20:07:36.581,0.0,4.0,0.0,1.0,1475.0,14.100000000000001,83.0,1.9000000000000001,1.9000000000000001,1.9000000000000001,1.9000000000000001,0.0,1.0,102.0,1.0,0.0,629.0,92.5,88.0,0.16532378999999997,0.16532378999999997,0.0,0.999,8.0,38.0,38.0,6.0,6.0,6.0,6.0,6.0,0.0,0.0,0.0,0.0,45.0,13.0,13.0,10.3,210.0,210.0,3.0,3.0,630.0,4350.0,0.0,0.0,0.0,1.0,19483.0,10.600000000000001,1.0,0.0,-25.9375,-22.125,-17.25,27.875,-25.9375,750.0,36.0,390.0,200.0,0.0,0.0,254.0,20.0,0.0,8.0,0.0,1.0,0.0,0.0,8.0,0.0,5.0,1.0,4.0,0.0,31.0,4687.0,100.0,0.0,0.0,0.0,0.0,26.0,0.0,0.0,3.8000000000000003,5000.0,4990.0,4980.0,1.0,1.0,0.0,23.0,4997.0,0.0,255.0,850.0,219.0,0.0,0.0,1245716.0,3.008,3.0,50.0
1788624457342,2026-09-05T20:07:37.342,0.0,4.0,0.0,1.0,1391.0,14.100000000000001,83.0,1.8800000000000001,1.8800000000000001,1.8800000000000001,1.8800000000000001,1.0,1.0,722.0,1.0,0.0,678.0,91.0,87.5,0.15608385999999996,0.15608385999999996,0.0,0.999,8.0,37.0,37.0,5.0,5.0,5.0,5.0,5.0,0.0,0.0,0.0,0.0,45.0,13.0,13.0,9.9,210.0,210.0,2.0,2.0,620.0,4360.0,0.0,0.0,0.0,1.0,19483.0,10.100000000000001,0.0,0.0,-26.375,-22.625,-17.5,28.3125,-26.375,750.0,34.0,390.0,200.0,0.0,0.0,254.0,20.0,0.0,8.0,0.0,1.0,0.0,0.0,8.0,0.0,5.0,1.0,4.0,0.0,21.0,4687.0,100.0,0.0,0.0,0.0,0.0,26.0,0.0,0.0,3.8000000000000003,5000.0,4990.0,4980.0,1.0,1.0,0.0,23.0,5000.0,0.0,255.0,850.0,238.0,0.0,0.0,1245716.0,3.008,3.0,50.0
1788624458166,2026-09-05T20:07:38.166,0.0,4.0,0.0,1.0,1372.0,14.0,83.0,1.94,1.94,1.94,1.94,1.0,1.0,761.0,1.0,0.0,791.0,90.5,87.5,0.14207517999999997,0.14207517999999997,0.0,0.999,8.0,37.0,37.0,4.0,4.0,4.0,4.0,4.0,0.0,0.0,0.0,0.0,45.0,13.0,13.0,10.100000000000001,210.0,210.0,2.0,2.0,620.0,4360.0,0.0,0.0,0.0,1.0,19483.0,9.8,1.0,0.0,-26.125,-22.3125,-16.9375,28.0625,-26.125,750.0,35.0,390.0,200.0,0.0,0.0,254.0,20.0,0.0,8.0,0.0,1.0,0.0,0.0,8.0,0.0,5.0,1.0,4.0,0.0,19.0,4687.0,100.0,0.0,0.0,0.0,0.0,26.0,0.0,0.0,3.8000000000000003,5000.0,4990.0,4980.0,1.0,1.0,0.0,23.0,2648.0,0.0,255.0,850.0,230.0,0.0,0.0,1245716.0,3.008,3.0,50.0
1788624458961,2026-09-05T20:07:38.961,0.0,4.0,0.0,1.0,1340.0,14.100000000000001,83.0,1.81,1.81,1.81,1.81,1.0,1.0,722.0,1.0,0.0,786.0,90.5,88.0,0.08387353999999997,0.08387353999999997,0.0,0.999,9.0,34.0,34.0,4.0,4.0,4.0,4.0,4.0,0.0,0.0,0.0,0.0,45.0,13.0,13.0,9.200000000000001,210.0,210.0,2.0,2.0,600.0,4380.0,0.0,0.0,0.0,1.0,19483.0,9.200000000000001,0.0,0.0,-27.125,-21.6875,-16.75,29.0625,-27.125,750.0,32.0,390.0,200.0,0.0,0.0,254.0,20.0,0.0,8.0,0.0,1.0,0.0,0.0,8.0,0.0,5.0,1.0,4.0,0.0,24.0,4687.0,100.0,0.0,0.0,0.0,0.0,26.0,0.0,0.0,3.8000000000000003,5000.0,4990.0,4980.0,1.0,1.0,0.0,23.0,2649.0,0.0,255.0,850.0,253.0,0.0,0.0,1245716.0,3.008,3.0,50.0
1788624459813,2026-09-05T20:07:39.813,0.0,4.0,0.0,1.0,1264.0,14.100000000000001,83.0,1.84,1.84,1.84,1.84,1.0,1.0,683.0,0.0,0.0,117.0,89.5,88.0,0.09338051999999997,0.09338051999999997,0.0,0.999,9.0,34.0,34.0,3.0,3.0,3.0,3.0,3.0,0.0,0.0,0.0,0.0,45.0,13.0,13.0,9.200000000000001,210.0,210.0,2.0,2.0,610.0,4380.0,0.0,0.0,0.0,1.0,19483.0,9.0,1.0,0.0,-27.75,-22.75,-17.375,29.6875,-27.75,750.0,32.0,390.0,200.0,0.0,0.0,254.0,20.0,0.0,8.0,0.0,1.0,0.0,0.0,8.0,0.0,5.0,1.0,4.0,0.0,21.0,4687.0,100.0,0.0,0.0,0.0,0.0,26.0,0.0,0.0,3.8000000000000003,5000.0,4990.0,4970.0,1.0,1.0,0.0,23.0,3103.0,0.0,255.0,850.0,229.0,0.0,0.0,1245716.0,3.008,3.0,50.0
1788624460529,2026-09-05T20:07:40.529,0.0,4.0,0.0,1.0,1297.0,14.100000000000001,83.0,1.8,1.8,1.8,1.8,1.0,1.0,688.0,1.0,0.0,737.0,89.5,88.0,0.07937183999999997,0.07937183999999997,0.0,0.999,10.0,34.0,34.0,4.0,4.0,4.0,4.0,4.0,0.0,0.0,0.0,0.0,45.0,13.0,13.0,9.5,210.0,210.0,2.0,2.0,610.0,4370.0,0.0,0.0,0.0,1.0,19483.0,9.200000000000001,1.0,0.0,-27.3125,-22.625,-17.25,29.25,-27.3125,750.0,33.0,390.0,200.0,0.0,0.0,254.0,20.0,0.0,8.0,0.0,1.0,0.0,0.0,8.0,0.0,5.0,1.0,4.0,0.0,22.0,4687.0,100.0,0.0,0.0,0.0,0.0,26.0,0.0,0.0,3.8000000000000003,5000.0,4990.0,4980.0,1.0,1.0,0.0,23.0,1933.0,0.0,255.0,850.0,226.0,0.0,0.0,1245716.0,3.008,3.0,50.0
1788624461373,2026-09-05T20:07:41.373,0.0,4.0,0.0,1.0,1289.0,14.100000000000001,83.0,1.75,1.75,1.75,1.75,1.0,1.0,561.0,1.0,0.0,698.0,91.0,90.0,0.04245027000000001,0.04245027000000001,0.0,0.999,11.0,35.0,35.0,4.0,4.0,4.0,4.0,4.0,0.0,0.0,0.0,0.0,45.0,13.0,13.0,9.4,210.0,210.0,2.0,2.0,610.0,4370.0,0.0,0.0,0.0,1.0,19483.0,9.3,0.0,0.0,-26.9375,-22.625,-17.0625,28.875,-26.9375,750.0,33.0,390.0,200.0,0.0,0.0,254.0,20.0,0.0,8.0,0.0,1.0,0.0,0.0,8.0,0.0,5.0,1.0,4.0,0.0,21.0,4687.0,100.0,0.0,0.0,0.0,0.0,26.0,0.0,0.0,3.8000000000000003,5000.0,4990.0,4980.0,1.0,1.0,0.0,23.0,4908.0,0.0,255.0,850.0,227.0,0.0,0.0,1245716.0,3.008,3.0,50.0
1788624462229,2026-09-05T20:07:42.229,0.0,4.0,0.0,1.0,1315.0,14.100000000000001,83.0,1.8,1.8,1.8,1.8,1.0,1.0,693.0,1.0,0.0,634.0,89.5,88.5,0.08084442999999997,0.08084442999999997,0.0,0.999,12.0,35.0,35.0,4.0,4.0,4.0,4.0,4.0,0.0,0.0,0.0,0.0,45.0,13.0,13.0,9.700000000000001,210.0,210.0,2.0,2.0,620.0,4370.0,0.0,0.0,0.0,1.0,19483.0,9.700000000000001,1.0,0.0,-26.3125,-22.375,-17.125,28.25,-26.3125,750.0,34.0,390.0,200.0,0.0,0.0,254.0,20.0,0.0,8.0,0.0,1.0,0.0,0.0,8.0,0.0,5.0,1.0,4.0,0.0,20.0,4687.0,100.0,0.0,0.0,0.0,0.0,26.0,0.0,0.0,3.8000000000000003,5000.0,4990.0,4970.0,1.0,1.0,0.0,23.0,2118.0,0.0,255.0,850.0,221.0,0.0,0.0,1245716.0,3.008,3.0,50.0
1788624463011,2026-09-05T20:07:43.011,0.0,4.0,0.0,1.0,1345.0,14.100000000000001,83.0,1.75,1.75,1.75,1.75,1.0,1.0,654.0,1.0,0.0,732.0,88.5,88.5,0.06605749,0.06605749,0.0,0.999,13.0,37.0,37.0,5.0,5.0,5.0,5.0,5.0,0.0,0.0,0.0,0.0,45.0,13.0,13.0,9.8,210.0,210.0,2.0,2.0,620.0,4360.0,0.0,0.0,0.0,1.0,19483.0,9.8,0.0,0.0,-26.0625,-22.3125,-17.375,28.0,-26.0625,750.0,35.0,390.0,190.0,0.0,0.0,254.0,20.0,0.0,8.0,0.0,1.0,0.0,0.0,8.0,0.0,5.0,1.0,4.0,0.0,26.0,4687.0,100.0,0.0,0.0,0.0,0.0,26.0,0.0,0.0,3.8000000000000003,5000.0,4990.0,4990.0,1.0,1.0,0.0,23.0,4712.0,0.0,255.0,850.0,223.0,0.0,0.0,1245716.0,3.008,3.0,50.0
1788624463790,2026-09-05T20:07:43.790,0.0,4.0,0.0,1.0,1383.0,14.100000000000001,83.0,1.85,1.85,1.85,1.85,0.0,1.0,102.0,0.0,0.0,83.0,87.5,88.0,0.10458898999999999,0.10458898999999999,0.0,0.999,14.0,37.0,37.0,4.0,4.0,4.0,4.0,4.0,0.0,0.0,0.0,0.0,45.0,13.0,13.0,10.4,210.0,210.0,3.0,2.0,620.0,4370.0,0.0,0.0,0.0,1.0,19483.0,10.3,1.0,0.0,-26.0,-22.625,-17.4375,27.9375,-26.0,750.0,36.0,390.0,200.0,0.0,0.0,254.0,24.0,0.0,8.0,0.0,0.0,0.0,0.0,8.0,0.0,5.0,1.0,4.0,0.0,27.0,4687.0,100.0,0.0,0.0,0.0,0.0,26.0,0.0,0.0,3.8000000000000003,5000.0,4990.0,4980.0,1.0,1.0,0.0,23.0,4240.0,0.0,255.0,850.0,226.0,0.0,0.0,1245716.0,3.008,3.0,50.0
1788624464661,2026-09-05T20:07:44.661,0.0,4.0,0.0,1.0,1475.0,14.200000000000001,83.0,1.8800000000000001,1.8800000000000001,1.8800000000000001,1.8800000000000001,0.0,1.0,190.0,0.0,0.0,112.0,87.0,88.0,0.13573465,0.13573465,0.0,0.999,15.0,37.0,37.0,5.0,5.0,5.0,5.0,5.0,0.0,0.0,0.0,0.0,45.0,13.0,13.0,10.9,210.0,210.0,3.0,3.0,630.0,4350.0,0.0,0.0,0.0,1.0,19483.0,10.9,1.0,0.0,-24.875,-21.1875,-16.1875,26.8125,-24.875,750.0,38.0,390.0,200.0,0.0,0.0,254.0,24.0,0.0,8.0,0.0,0.0,0.0,0.0,8.0,0.0,5.0,1.0,4.0,0.0,30.0,4687.0,100.0,0.0,0.0,0.0,0.0,26.0,0.0,0.0,3.8000000000000003,5000.0,4990.0,4980.0,1.0,1.0,0.0,23.0,2631.0,0.0,255.0,850.0,222.0,0.0,0.0,1245716.0,3.008,3.0,50.0
1788624465553,2026-09-05T20:07:45.553,0.0,4.0,0.0,1.0,1521.0,14.200000000000001,83.0,1.85,1.85,1.85,1.85,0.0,1.0,78.0,0.0,0.0,68.0,86.5,87.5,0.11103634000000001,0.11103634000000001,0.0,0.999,17.0,37.0,37.0,5.0,5.0,5.0,5.0,5.0,0.0,0.0,0.0,0.0,45.0,13.0,14.0,11.5,210.0,210.0,3.0,3.0,640.0,4330.0,0.0,0.0,0.0,1.0,19483.0,11.5,0.0,0.0,-24.0625,-22.25,-24.3125,26.0,-24.0625,750.0,37.0,390.0,200.0,0.0,0.0,254.0,20.0,0.0,8.0,0.0,1.0,0.0,0.0,8.0,0.0,5.0,0.0,4.0,0.0,24.0,4687.0,100.0,0.0,0.0,0.0,0.0,26.0,0.0,0.0,3.8000000000000003,5000.0,4990.0,4980.0,1.0,1.0,0.0,23.0,4284.0,0.0,255.0,850.0,247.0,0.0,0.0,1245716.0,3.008,3.0,50.0
1788624466404,2026-09-05T20:07:46.404,0.0,4.0,0.0,1.0,1359.0,14.100000000000001,83.0,0.0,0.0,0.0,0.0,0.0,0.0,4.0,0.0,0.0,4.0,86.5,88.5,1.9839999999993196E-5,1.9839999999993196E-5,0.0,0.999,0.0,40.0,40.0,-19.0,-18.0,-18.0,-18.0,-18.0,0.0,0.0,0.0,0.0,45.0,13.0,14.0,9.3,210.0,231.0,2.0,2.0,610.0,4370.0,0.0,0.0,0.0,1.0,19483.0,8.8,1.0,0.0,-26.625,-25.75,-23.9375,28.5625,-26.625,750.0,30.0,390.0,200.0,0.0,0.0,254.0,20.0,0.0,8.0,0.0,1.0,0.0,0.0,8.0,0.0,5.0,1.0,4.0,0.0,19.0,4687.0,100.0,0.0,0.0,0.0,0.0,26.0,0.0,0.0,3.8000000000000003,5000.0,4990.0,4980.0,1.0,1.0,0.0,23.0,3332.0,0.0,255.0,850.0,230.0,0.0,0.0,1245716.0,3.008,3.0,50.0
1788624467237,2026-09-05T20:07:47.237,0.0,4.0,0.0,1.0,1075.0,14.0,83.0,1.82,1.82,1.82,1.82,0.0,0.0,92.0,0.0,0.0,29.0,88.0,90.0,1.9839999999993196E-5,1.9839999999993196E-5,0.0,1.101,0.0,33.0,33.0,4.0,31.0,31.0,31.0,31.0,0.0,0.0,0.0,0.0,45.0,28.0,18.0,10.4,441.0,294.0,4.0,4.0,680.0,4300.0,0.0,0.0,0.0,1.0,19483.0,15.200000000000001,0.0,0.0,-26.8125,6.4375,6.3125,28.75,-26.8125,750.0,24.0,390.0,200.0,0.0,0.0,254.0,20.0,0.0,8.0,0.0,1.0,1.0,0.0,8.0,0.0,5.0,1.0,4.0,100.0,23.0,4687.0,100.0,0.0,0.0,0.0,0.0,26.0,0.0,0.0,3.8000000000000003,5000.0,4990.0,4970.0,1.0,1.0,0.0,23.0,2847.0,0.0,255.0,850.0,314.0,0.0,0.0,1245716.0,3.008,3.0,50.0
1788624467947,2026-09-05T20:07:47.947,0.0,4.0,0.0,1.0,979.0,13.8,83.0,3.79,3.79,3.79,3.79,1.0,1.0,805.0,1.0,0.0,776.0,89.5,92.0,-0.006984500000000005,-0.006984500000000005,0.0,0.999,4.0,16.0,16.0,-32.0,-18.0,-18.0,-18.0,-18.0,0.0,0.0,0.0,0.0,45.0,21.0,25.0,12.4,336.0,399.0,3.0,3.0,630.0,4350.0,0.0,0.0,0.0,1.0,19483.0,10.5,1.0,0.0,-26.4375,-4.0,-4.9375,28.375,-26.4375,750.0,23.0,390.0,200.0,0.0,0.0,254.0,20.0,0.0,8.0,0.0,1.0,1.0,0.0,8.0,0.0,5.0,1.0,4.0,100.0,23.0,4687.0,100.0,0.0,0.0,0.0,0.0,26.0,0.0,0.0,3.8000000000000003,5000.0,4990.0,4980.0,1.0,1.0,0.0,23.0,1560.0,0.0,255.0,850.0,317.0,0.0,0.0,1245716.0,3.008,3.0,50.0
1788624468742,2026-09-05T20:07:48.742,0.0,4.0,0.0,1.0,833.0,14.0,83.0,2.66,2.66,2.66,2.66,1.0,1.0,776.0,1.0,0.0,820.0,87.0,89.5,-0.015156229999999993,-0.015156229999999993,0.0,0.999,5.0,16.0,16.0,-17.0,-5.0,-5.0,-5.0,-5.0,0.0,0.0,0.0,0.0,45.0,19.0,21.0,9.0,294.0,336.0,2.0,2.0,600.0,4380.0,0.0,0.0,0.0,1.0,19483.0,8.1,0.0,0.0,-27.1875,1.375,-1.1875,29.125,-27.1875,750.0,23.0,390.0,200.0,0.0,0.0,254.0,20.0,0.0,8.0,0.0,1.0,0.0,0.0,8.0,0.0,5.0,1.0,4.0,0.0,24.0,4687.0,100.0,0.0,0.0,0.0,0.0,26.0,0.0,0.0,3.8000000000000003,5000.0,4990.0,4990.0,1.0,1.0,0.0,23.0,1736.0,0.0,255.0,850.0,326.0,0.0,0.0,1245716.0,3.008,3.0,50.0
1788624469490,2026-09-05T20:07:49.490,0.0,4.0,0.0,1.0,827.0,14.100000000000001,83.0,2.6,2.6,2.6,2.6,0.0,1.0,97.0,1.0,0.0,673.0,87.0,89.5,0.022284179999999987,0.022284179999999987,0.0,0.999,7.0,16.0,16.0,-12.0,-2.0,-2.0,-2.0,-2.0,0.0,0.0,0.0,0.0,45.0,19.0,19.0,8.5,294.0,315.0,2.0,2.0,600.0,4390.0,0.0,0.0,0.0,1.0,19483.0,8.200000000000001,0.0,0.0,-27.6875,-2.375,-2.9375,29.625,-27.6875,750.0,24.0,390.0,200.0,0.0,0.0,254.0,20.0,0.0,8.0,0.0,1.0,0.0,0.0,8.0,0.0,5.0,1.0,4.0,0.0,25.0,4687.0,100.0,0.0,0.0,0.0,0.0,26.0,0.0,0.0,3.8000000000000003,5000.0,4990.0,4990.0,1.0,1.0,0.0,23.0,1749.0,0.0,255.0,850.0,326.0,0.0,0.0,1245716.0,3.008,3.0,50.0
1788624470346,2026-09-05T20:07:50.346,0.0,4.0,0.0,1.0,773.0,14.0,83.0,2.54,2.54,2.54,2.54,1.0,1.0,668.0,0.0,0.0,131.0,87.0,89.5,0.011876859999999989,0.011876859999999989,0.0,0.999,8.0,17.0,17.0,-11.0,0.0,0.0,0.0,0.0,0.0,0.0,0.0,0.0,45.0,19.0,19.0,8.1,315.0,315.0,2.0,2.0,600.0,4390.0,0.0,0.0,0.0,1.0,19483.0,8.0,1.0,0.0,-27.875,-2.375,-2.875,29.8125,-27.875,750.0,25.0,390.0,200.0,0.0,0.0,254.0,20.0,0.0,8.0,0.0,1.0,0.0,0.0,8.0,0.0,5.0,1.0,4.0,0.0,29.0,4687.0,100.0,0.0,0.0,0.0,0.0,26.0,0.0,0.0,3.8000000000000003,5000.0,4990.0,5000.0,1.0,1.0,0.0,23.0,1806.0,0.0,255.0,850.0,322.0,0.0,0.0,1245716.0,3.008,3.0,50.0
1788624471170,2026-09-05T20:07:51.170,0.0,4.0,0.0,1.0,762.0,14.0,83.0,2.52,2.52,2.52,2.52,1.0,1.0,727.0,1.0,0.0,751.0,87.0,89.5,0.0033159999999999856,0.0033159999999999856,0.0,0.999,9.0,17.0,17.0,-11.0,2.0,2.0,2.0,2.0,0.0,0.0,0.0,0.0,45.0,19.0,19.0,8.0,315.0,315.0,2.0,2.0,590.0,4390.0,0.0,0.0,0.0,1.0,19483.0,7.9,0.0,0.0,-27.875,-1.5,-2.875,29.8125,-27.875,750.0,27.0,390.0,200.0,0.0,0.0,254.0,20.0,0.0,8.0,0.0,1.0,0.0,0.0,8.0,0.0,5.0,1.0,4.0,0.0,30.0,4687.0,100.0,0.0,0.0,0.0,0.0,26.0,0.0,0.0,3.8000000000000003,5000.0,4990.0,4980.0,1.0,1.0,0.0,23.0,1488.0,0.0,255.0,850.0,324.0,0.0,0.0,1245716.0,3.008,3.0,50.0
1788624471974,2026-09-05T20:07:51.974,0.0,4.0,0.0,1.0,752.0,14.0,83.0,2.5100000000000002,2.5100000000000002,2.5100000000000002,2.5100000000000002,1.0,1.0,693.0,1.0,0.0,732.0,87.0,90.0,-0.0048557300000000025,-0.0048557300000000025,0.0,0.999,10.0,17.0,17.0,-12.0,1.0,1.0,1.0,1.0,0.0,0.0,0.0,0.0,45.0,19.0,20.0,8.1,315.0,315.0,2.0,2.0,590.0,4390.0,0.0,0.0,0.0,1.0,19483.0,7.800000000000001,1.0,0.0,-27.625,-1.75,-2.1875,29.5625,-27.625,750.0,28.0,390.0,200.0,0.0,0.0,254.0,20.0,0.0,8.0,0.0,1.0,0.0,0.0,8.0,0.0,5.0,1.0,4.0,0.0,30.0,4687.0,100.0,0.0,0.0,0.0,0.0,26.0,0.0,0.0,3.8000000000000003,5000.0,4990.0,4980.0,1.0,1.0,0.0,23.0,1463.0,0.0,255.0,850.0,324.0,0.0,0.0,1245716.0,3.008,3.0,50.0
1788624472931,2026-09-05T20:07:52.931,0.0,4.0,0.0,1.0,748.0,14.0,83.0,2.5500000000000003,2.5500000000000003,2.5500000000000003,2.5500000000000003,0.0,1.0,151.0,1.0,0.0,605.0,87.0,90.0,0.00516245999999998,0.00516245999999998,0.0,0.999,10.0,16.0,16.0,-12.0,2.0,2.0,2.0,2.0,0.0,0.0,0.0,0.0,45.0,20.0,20.0,8.1,315.0,315.0,2.0,2.0,590.0,4390.0,0.0,0.0,0.0,1.0,19483.0,8.0,0.0,0.0,-27.5,-2.125,-2.0,29.4375,-27.5,750.0,30.0,390.0,200.0,0.0,0.0,254.0,20.0,0.0,8.0,0.0,1.0,0.0,0.0,8.0,0.0,5.0,1.0,4.0,0.0,32.0,4687.0,100.0,0.0,0.0,0.0,0.0,26.0,0.0,0.0,3.8000000000000003,5000.0,4990.0,4980.0,1.0,1.0,0.0,23.0,1948.0,0.0,255.0,850.0,327.0,0.0,0.0,1245716.0,3.008,3.0,50.0
1788624473698,2026-09-05T20:07:53.698,0.0,4.0,0.0,1.0,752.0,14.0,83.0,2.5300000000000002,2.5300000000000002,2.5300000000000002,2.5300000000000002,1.0,1.0,664.0,1.0,0.0,668.0,87.0,89.5,-0.01069268000000001,-0.01069268000000001,0.0,0.999,11.0,16.0,16.0,-12.0,2.0,2.0,2.0,2.0,0.0,0.0,0.0,0.0,45.0,20.0,20.0,8.200000000000001,315.0,315.0,2.0,2.0,600.0,4390.0,0.0,0.0,0.0,1.0,19483.0,8.1,0.0,0.0,-27.8125,-1.9375,-1.6875,29.75,-27.8125,750.0,31.0,390.0,200.0,0.0,0.0,254.0,20.0,0.0,8.0,0.0,1.0,0.0,0.0,8.0,0.0,5.0,1.0,4.0,0.0,31.0,4687.0,100.0,0.0,0.0,0.0,0.0,26.0,0.0,0.0,3.8000000000000003,5000.0,4990.0,4980.0,1.0,1.0,0.0,23.0,1443.0,0.0,255.0,850.0,329.0,0.0,0.0,1245716.0,3.008,3.0,50.0
1788624474478,2026-09-05T20:07:54.478,0.0,4.0,0.0,1.0,754.0,14.0,83.0,2.5100000000000002,2.5100000000000002,2.5100000000000002,2.5100000000000002,1.0,1.0,566.0,1.0,0.0,673.0,86.0,89.0,-0.018086149999999995,-0.018086149999999995,0.0,0.999,12.0,16.0,16.0,-13.0,0.0,0.0,0.0,0.0,0.0,0.0,0.0,0.0,45.0,20.0,20.0,8.1,315.0,315.0,2.0,2.0,590.0,4380.0,0.0,0.0,0.0,1.0,19483.0,7.9,1.0,0.0,-27.75,-1.375,-1.3125,29.6875,-27.75,750.0,31.0,390.0,200.0,0.0,0.0,254.0,20.0,0.0,8.0,0.0,1.0,0.0,0.0,8.0,0.0,5.0,1.0,4.0,0.0,31.0,4687.0,100.0,0.0,0.0,0.0,0.0,26.0,0.0,0.0,3.8000000000000003,5000.0,4990.0,4970.0,1.0,1.0,0.0,23.0,1759.0,0.0,255.0,850.0,329.0,0.0,0.0,1245716.0,3.008,3.0,50.0
1788624475303,2026-09-05T20:07:55.303,0.0,4.0,0.0,1.0,754.0,14.0,83.0,2.58,2.58,2.58,2.58,0.0,1.0,263.0,0.0,0.0,107.0,86.0,89.5,0.00477333000000002,0.00477333000000002,0.0,0.999,12.0,16.0,16.0,-13.0,-3.0,-3.0,-3.0,-3.0,0.0,0.0,0.0,0.0,45.0,19.0,20.0,8.200000000000001,315.0,315.0,2.0,2.0,590.0,4390.0,0.0,0.0,0.0,1.0,19483.0,7.6000000000000005,0.0,0.0,-27.5625,-1.5,-3.25,29.5,-27.5625,750.0,32.0,390.0,200.0,0.0,0.0,254.0,20.0,0.0,8.0,0.0,1.0,0.0,0.0,8.0,0.0,5.0,1.0,4.0,0.0,29.0,4687.0,100.0,0.0,0.0,0.0,0.0,26.0,0.0,0.0,3.8000000000000003,5000.0,4990.0,4980.0,1.0,1.0,0.0,23.0,1138.0,0.0,255.0,850.0,327.0,0.0,0.0,1245716.0,3.008,3.0,50.0
1788624476086,2026-09-05T20:07:56.086,0.0,4.0,0.0,1.0,747.0,14.100000000000001,84.0,2.48,2.48,2.48,2.48,1.0,1.0,659.0,1.0,0.0,712.0,87.0,90.0,-0.018086149999999995,-0.018086149999999995,0.0,0.999,13.0,16.0,16.0,-12.0,-2.0,-2.0,-2.0,-2.0,0.0,0.0,0.0,0.0,45.0,20.0,20.0,8.0,315.0,315.0,2.0,2.0,590.0,4390.0,0.0,0.0,0.0,1.0,19483.0,7.9,1.0,0.0,-27.5,-2.25,-1.125,29.4375,-27.5,750.0,31.0,390.0,200.0,0.0,0.0,254.0,20.0,0.0,8.0,0.0,1.0,0.0,0.0,8.0,0.0,5.0,1.0,4.0,0.0,27.0,4687.0,100.0,0.0,0.0,0.0,0.0,26.0,0.0,0.0,3.8000000000000003,5000.0,4990.0,4980.0,1.0,1.0,0.0,23.0,1297.0,0.0,255.0,850.0,330.0,0.0,0.0,1245716.0,3.008,3.0,50.0
1788624476820,2026-09-05T20:07:56.820,0.0,4.0,0.0,1.0,754.0,14.100000000000001,84.0,2.56,2.56,2.56,2.56,0.0,1.0,131.0,0.0,0.0,112.0,85.5,88.5,0.0016602900000000087,0.0016602900000000087,0.0,0.999,14.0,16.0,16.0,-13.0,-2.0,-2.0,-2.0,-2.0,0.0,0.0,0.0,0.0,45.0,19.0,20.0,8.200000000000001,315.0,315.0,2.0,2.0,600.0,4390.0,0.0,0.0,0.0,1.0,19483.0,7.800000000000001,0.0,0.0,-27.5,-1.125,-2.4375,29.4375,-27.5,750.0,30.0,390.0,200.0,0.0,0.0,254.0,20.0,0.0,8.0,0.0,1.0,0.0,0.0,8.0,0.0,5.0,1.0,4.0,0.0,30.0,4687.0,100.0,0.0,0.0,0.0,0.0,26.0,0.0,0.0,3.8000000000000003,5000.0,4990.0,4980.0,1.0,1.0,0.0,23.0,1392.0,0.0,255.0,850.0,334.0,0.0,0.0,1245716.0,3.008,3.0,50.0
1788624477502,2026-09-05T20:07:57.502,0.0,4.0,0.0,1.0,755.0,14.100000000000001,84.0,2.54,2.54,2.54,2.54,1.0,1.0,673.0,1.0,0.0,722.0,86.5,90.0,-0.018086149999999995,-0.018086149999999995,0.0,0.999,15.0,16.0,16.0,-15.0,-1.0,-1.0,-1.0,-1.0,0.0,0.0,0.0,0.0,45.0,20.0,20.0,8.3,315.0,336.0,2.0,2.0,590.0,4390.0,0.0,0.0,0.0,1.0,19483.0,7.800000000000001,0.0,0.0,-27.375,-1.3125,-1.5625,29.3125,-27.375,750.0,29.0,390.0,200.0,0.0,0.0,254.0,20.0,0.0,8.0,0.0,1.0,0.0,0.0,8.0,0.0,5.0,1.0,4.0,0.0,30.0,4687.0,100.0,0.0,0.0,0.0,0.0,26.0,0.0,0.0,3.8000000000000003,5000.0,4990.0,4980.0,1.0,1.0,0.0,23.0,1788.0,0.0,255.0,850.0,339.0,0.0,0.0,1245716.0,3.008,3.0,50.0
1788624478257,2026-09-05T20:07:58.257,0.0,4.0,0.0,1.0,754.0,14.0,84.0,2.62,2.62,2.62,2.62,0.0,1.0,112.0,0.0,0.0,87.0,87.0,90.5,8.820299999999781E-4,8.820299999999781E-4,0.0,0.999,16.0,16.0,16.0,-14.0,-4.0,-4.0,-4.0,-4.0,0.0,0.0,0.0,0.0,45.0,19.0,20.0,8.3,315.0,336.0,2.0,2.0,590.0,4390.0,0.0,0.0,0.0,1.0,19483.0,7.7,1.0,0.0,-27.5,-2.375,-2.625,29.4375,-27.5,750.0,29.0,390.0,200.0,0.0,0.0,254.0,20.0,0.0,8.0,0.0,1.0,0.0,0.0,8.0,0.0,5.0,1.0,4.0,0.0,31.0,4687.0,100.0,0.0,0.0,0.0,0.0,27.0,0.0,0.0,3.8000000000000003,5000.0,4990.0,4970.0,1.0,1.0,0.0,23.0,1422.0,0.0,255.0,850.0,334.0,0.0,0.0,1245716.0,3.008,3.0,50.0
1788624479092,2026-09-05T20:07:59.092,0.0,4.0,0.0,1.0,750.0,14.100000000000001,84.0,2.54,2.54,2.54,2.54,1.0,1.0,722.0,1.0,0.0,712.0,86.0,89.5,-0.018086149999999995,-0.018086149999999995,0.0,0.999,16.0,16.0,16.0,-13.0,-2.0,-2.0,-2.0,-2.0,0.0,0.0,0.0,0.0,45.0,20.0,20.0,8.200000000000001,315.0,315.0,2.0,2.0,590.0,4390.0,0.0,0.0,0.0,1.0,19483.0,7.9,0.0,0.0,-27.375,-0.6875,-1.9375,29.3125,-27.375,750.0,29.0,390.0,200.0,0.0,0.0,254.0,20.0,0.0,8.0,0.0,1.0,0.0,0.0,8.0,0.0,5.0,1.0,4.0,0.0,31.0,4687.0,100.0,0.0,0.0,0.0,0.0,27.0,0.0,0.0,3.8000000000000003,5000.0,4990.0,4990.0,1.0,1.0,0.0,23.0,1815.0,0.0,255.0,850.0,332.0,0.0,0.0,1245716.0,3.008,3.0,50.0
1788624479807,2026-09-05T20:07:59.807,0.0,4.0,0.0,1.0,752.0,14.0,84.0,2.5,2.5,2.5,2.5,0.0,1.0,419.0,1.0,0.0,664.0,86.5,90.0,-0.02625788000000001,-0.02625788000000001,1.0,0.999,17.0,16.0,16.0,-13.0,-4.0,-4.0,-4.0,-4.0,0.0,0.0,0.0,0.0,45.0,19.0,20.0,8.1,315.0,336.0,2.0,2.0,590.0,4380.0,0.0,0.0,0.0,1.0,19483.0,7.800000000000001,1.0,0.0,-27.375,-1.3125,-2.5625,29.3125,-27.375,750.0,28.0,390.0,200.0,0.0,0.0,254.0,20.0,0.0,8.0,0.0,1.0,0.0,0.0,8.0,0.0,5.0,1.0,4.0,0.0,30.0,4687.0,100.0,0.0,0.0,0.0,0.0,27.0,0.0,0.0,3.8000000000000003,5000.0,4990.0,4990.0,1.0,1.0,0.0,23.0,1492.0,0.0,255.0,850.0,330.0,0.0,0.0,1245716.0,3.008,3.0,50.0
1788624480724,2026-09-05T20:08:00.724,0.0,4.0,0.0,1.0,756.0,14.100000000000001,84.0,2.5500000000000003,2.5500000000000003,2.5500000000000003,2.5500000000000003,0.0,1.0,190.0,0.0,0.0,107.0,87.0,90.0,-0.001841880000000018,-0.001841880000000018,1.0,0.999,17.0,16.0,16.0,-13.0,-2.0,-2.0,-2.0,-2.0,0.0,0.0,0.0,0.0,45.0,19.0,20.0,8.200000000000001,315.0,315.0,2.0,2.0,590.0,4390.0,0.0,0.0,0.0,1.0,19483.0,7.6000000000000005,1.0,0.0,-27.25,-0.875,-1.9375,29.1875,-27.25,750.0,27.0,390.0,200.0,0.0,0.0,254.0,20.0,0.0,8.0,0.0,1.0,0.0,0.0,8.0,0.0,5.0,1.0,4.0,0.0,31.0,4687.0,100.0,0.0,0.0,0.0,0.0,27.0,0.0,0.0,3.8000000000000003,5000.0,4990.0,4990.0,1.0,1.0,0.0,23.0,1467.0,0.0,255.0,850.0,331.0,0.0,0.0,1245716.0,3.008,3.0,50.0
1788624481508,2026-09-05T20:08:01.508,0.0,4.0,0.0,1.0,744.0,14.0,84.0,2.5,2.5,2.5,2.5,0.0,1.0,424.0,1.0,0.0,698.0,87.5,91.0,-0.023533970000000015,-0.023533970000000015,2.0,0.999,18.0,16.0,16.0,-13.0,-1.0,-1.0,-1.0,-1.0,0.0,0.0,0.0,0.0,45.0,21.0,20.0,8.1,336.0,315.0,2.0,2.0,590.0,4390.0,0.0,0.0,0.0,1.0,19483.0,8.1,0.0,0.0,-27.9375,-0.6875,-1.875,29.875,-27.9375,750.0,26.0,390.0,200.0,0.0,0.0,254.0,20.0,0.0,8.0,0.0,1.0,0.0,0.0,8.0,0.0,5.0,1.0,4.0,0.0,30.0,4687.0,100.0,0.0,0.0,0.0,0.0,27.0,0.0,0.0,3.8000000000000003,5000.0,4990.0,4970.0,1.0,1.0,0.0,23.0,1788.0,0.0,255.0,850.0,339.0,0.0,0.0,1245716.0,3.008,3.0,50.0
1788624482258,2026-09-05T20:08:02.258,0.0,4.0,0.0,1.0,750.0,14.100000000000001,84.0,2.66,2.66,2.66,2.66,0.0,1.0,122.0,0.0,0.0,92.0,86.0,89.5,4.929000000000183E-4,4.929000000000183E-4,2.0,0.999,19.0,16.0,16.0,-16.0,-5.0,-5.0,-5.0,-5.0,0.0,0.0,0.0,0.0,45.0,20.0,21.0,8.5,315.0,336.0,2.0,2.0,600.0,4390.0,0.0,0.0,0.0,1.0,19483.0,7.9,1.0,0.0,-27.6875,-1.625,-2.625,29.625,-27.6875,750.0,26.0,390.0,200.0,0.0,0.0,254.0,20.0,0.0,8.0,0.0,1.0,0.0,0.0,8.0,0.0,5.0,1.0,4.0,0.0,31.0,4687.0,100.0,0.0,0.0,0.0,0.0,27.0,0.0,0.0,3.8000000000000003,5000.0,4990.0,4980.0,1.0,1.0,0.0,23.0,1785.0,0.0,255.0,850.0,339.0,0.0,0.0,1245716.0,3.008,3.0,50.0
1788624483069,2026-09-05T20:08:03.069,0.0,4.0,0.0,1.0,753.0,14.0,84.0,2.56,2.56,2.56,2.56,1.0,1.0,688.0,1.0,0.0,673.0,88.0,91.5,-0.014583979999999996,-0.014583979999999996,3.0,0.999,19.0,16.0,16.0,-15.0,-4.0,-4.0,-4.0,-4.0,0.0,0.0,0.0,0.0,45.0,20.0,20.0,8.4,315.0,336.0,2.0,2.0,590.0,4380.0,0.0,0.0,0.0,1.0,19483.0,7.9,0.0,0.0,-27.5,-0.4375,-1.5,29.4375,-27.5,750.0,26.0,390.0,200.0,0.0,0.0,254.0,20.0,0.0,8.0,0.0,1.0,0.0,0.0,8.0,0.0,5.0,1.0,4.0,0.0,31.0,4687.0,100.0,0.0,0.0,0.0,0.0,27.0,0.0,0.0,3.8000000000000003,5000.0,4990.0,4980.0,1.0,1.0,0.0,23.0,2169.0,0.0,255.0,850.0,338.0,0.0,0.0,1245716.0,3.008,3.0,50.0
1788624483846,2026-09-05T20:08:03.846,0.0,4.0,0.0,1.0,757.0,14.0,84.0,2.59,2.59,2.59,2.59,0.0,1.0,117.0,0.0,0.0,87.0,86.0,89.5,0.004384200000000005,0.004384200000000005,4.0,0.999,19.0,16.0,16.0,-15.0,-1.0,-1.0,-1.0,-1.0,0.0,0.0,0.0,0.0,45.0,20.0,20.0,8.200000000000001,315.0,336.0,2.0,2.0,590.0,4390.0,0.0,0.0,0.0,1.0,19483.0,7.800000000000001,1.0,0.0,-27.4375,-0.75,-2.5,29.375,-27.4375,750.0,27.0,390.0,200.0,0.0,0.0,254.0,20.0,0.0,8.0,0.0,1.0,0.0,0.0,8.0,0.0,5.0,1.0,4.0,0.0,33.0,4687.0,100.0,0.0,0.0,0.0,0.0,27.0,0.0,0.0,3.8000000000000003,5000.0,4990.0,4980.0,1.0,1.0,0.0,23.0,1929.0,0.0,255.0,850.0,336.0,0.0,0.0,1245716.0,3.008,3.0,50.0
1788624484487,2026-09-05T20:08:04.487,0.0,4.0,0.0,1.0,751.0,14.100000000000001,84.0,2.59,2.59,2.59,2.59,0.0,1.0,278.0,0.0,0.0,126.0,87.5,91.0,0.011777670000000018,0.011777670000000018,4.0,0.999,20.0,16.0,16.0,-14.0,0.0,0.0,0.0,0.0,0.0,0.0,0.0,0.0,45.0,20.0,20.0,8.3,315.0,336.0,2.0,2.0,590.0,4390.0,0.0,0.0,0.0,1.0,19483.0,7.9,1.0,0.0,-27.4375,-1.9375,-1.25,29.375,-27.4375,750.0,27.0,390.0,190.0,0.0,0.0,254.0,20.0,0.0,8.0,0.0,1.0,0.0,0.0,8.0,0.0,5.0,1.0,4.0,0.0,31.0,4687.0,100.0,0.0,0.0,0.0,0.0,27.0,0.0,0.0,3.8000000000000003,5000.0,4990.0,4970.0,1.0,1.0,0.0,23.0,2164.0,0.0,255.0,850.0,335.0,0.0,0.0,1245716.0,3.008,3.0,50.0
1788624485323,2026-09-05T20:08:05.323,0.0,4.0,0.0,1.0,752.0,14.0,84.0,2.59,2.59,2.59,2.59,0.0,1.0,102.0,0.0,0.0,263.0,87.5,91.0,0.011388540000000003,0.011388540000000003,4.0,0.999,21.0,16.0,16.0,-15.0,-1.0,-1.0,-1.0,-1.0,0.0,0.0,0.0,0.0,45.0,20.0,20.0,8.3,315.0,336.0,2.0,2.0,590.0,4380.0,0.0,0.0,0.0,1.0,19483.0,7.9,0.0,0.0,-27.375,-0.5,-0.6875,29.3125,-27.375,750.0,27.0,390.0,200.0,0.0,0.0,254.0,20.0,0.0,8.0,0.0,1.0,0.0,0.0,8.0,0.0,5.0,1.0,4.0,0.0,32.0,4687.0,100.0,0.0,0.0,0.0,0.0,27.0,0.0,0.0,3.8000000000000003,5000.0,4990.0,4980.0,1.0,1.0,0.0,23.0,2134.0,0.0,255.0,850.0,336.0,0.0,0.0,1245716.0,3.008,3.0,50.0
1788624486109,2026-09-05T20:08:06.109,0.0,4.0,0.0,1.0,747.0,14.100000000000001,84.0,2.61,2.61,2.61,2.61,0.0,1.0,146.0,0.0,0.0,126.0,86.5,90.0,0.01956026999999999,0.01956026999999999,4.0,0.999,21.0,16.0,16.0,-15.0,-5.0,-5.0,-5.0,-5.0,0.0,0.0,0.0,0.0,45.0,20.0,21.0,8.4,315.0,336.0,2.0,2.0,590.0,4390.0,0.0,0.0,0.0,1.0,19483.0,8.0,1.0,0.0,-28.0625,-0.5,-2.3125,30.0,-28.0625,750.0,27.0,390.0,190.0,0.0,0.0,254.0,20.0,0.0,8.0,0.0,1.0,0.0,0.0,8.0,0.0,5.0,1.0,4.0,0.0,33.0,4687.0,100.0,0.0,0.0,0.0,0.0,27.0,0.0,0.0,3.8000000000000003,5000.0,4990.0,4990.0,1.0,1.0,0.0,23.0,1775.0,0.0,255.0,850.0,341.0,0.0,0.0,1245716.0,3.008,3.0,50.0
1788624486886,2026-09-05T20:08:06.886,0.0,4.0,0.0,1.0,751.0,14.0,84.0,2.58,2.58,2.58,2.58,1.0,1.0,673.0,1.0,0.0,654.0,87.0,90.5,0.003705130000000001,0.003705130000000001,4.0,0.999,22.0,16.0,16.0,-15.0,0.0,0.0,0.0,0.0,0.0,0.0,0.0,0.0,45.0,20.0,21.0,8.5,315.0,336.0,2.0,2.0,590.0,4390.0,0.0,0.0,0.0,1.0,19483.0,8.0,0.0,0.0,-28.0625,-0.75,-0.4375,30.0,-28.0625,750.0,28.0,390.0,200.0,0.0,0.0,254.0,20.0,0.0,8.0,0.0,1.0,0.0,0.0,8.0,0.0,5.0,1.0,4.0,0.0,30.0,4687.0,100.0,0.0,0.0,0.0,0.0,27.0,0.0,0.0,3.8000000000000003,5000.0,4990.0,4970.0,1.0,1.0,0.0,23.0,2289.0,0.0,255.0,850.0,342.0,0.0,0.0,1245716.0,3.008,3.0,50.0
1788624487729,2026-09-05T20:08:07.729,0.0,4.0,0.0,1.0,752.0,14.0,84.0,2.63,2.63,2.63,2.63,0.0,1.0,92.0,0.0,0.0,87.0,87.5,91.0,0.02072765999999998,0.02072765999999998,4.0,0.999,23.0,16.0,16.0,-16.0,0.0,0.0,0.0,0.0,0.0,0.0,0.0,0.0,45.0,20.0,21.0,8.6,336.0,336.0,2.0,2.0,590.0,4380.0,0.0,0.0,0.0,1.0,19483.0,8.200000000000001,0.0,0.0,-28.5,-0.125,-1.5625,30.4375,-28.5,750.0,27.0,390.0,200.0,0.0,0.0,254.0,20.0,0.0,8.0,0.0,1.0,0.0,0.0,8.0,0.0,5.0,1.0,4.0,0.0,34.0,4687.0,100.0,0.0,0.0,0.0,0.0,27.0,0.0,0.0,3.8000000000000003,5000.0,4990.0,4980.0,1.0,1.0,0.0,23.0,2349.0,0.0,255.0,850.0,341.0,0.0,0.0,1245716.0,3.008,3.0,50.0
1788624488785,2026-09-05T20:08:08.785,0.0,4.0,0.0,1.0,750.0,14.0,84.0,2.61,2.61,2.61,2.61,0.0,1.0,483.0,0.0,0.0,126.0,87.0,91.0,0.02967765,0.02967765,4.0,0.999,23.0,15.0,15.0,-16.0,-5.0,-5.0,-5.0,-5.0,0.0,0.0,0.0,0.0,45.0,19.0,21.0,8.5,315.0,336.0,2.0,2.0,590.0,4380.0,0.0,0.0,0.0,1.0,19483.0,7.6000000000000005,1.0,0.0,-27.5625,-0.1875,-2.25,29.5,-27.5625,750.0,27.0,390.0,200.0,0.0,0.0,254.0,20.0,0.0,8.0,0.0,1.0,0.0,0.0,8.0,0.0,5.0,1.0,4.0,0.0,35.0,4687.0,100.0,0.0,0.0,0.0,0.0,27.0,0.0,0.0,3.8000000000000003,5000.0,4990.0,4980.0,1.0,1.0,0.0,23.0,1903.0,0.0,255.0,850.0,342.0,0.0,0.0,1245716.0,3.008,3.0,50.0
1788624489560,2026-09-05T20:08:09.560,0.0,4.0,0.0,1.0,749.0,14.0,84.0,2.64,2.64,2.64,2.64,0.0,1.0,117.0,0.0,0.0,146.0,87.0,90.5,0.02734287000000002,0.02734287000000002,3.0,0.999,24.0,15.0,15.0,-16.0,-3.0,-3.0,-3.0,-3.0,0.0,0.0,0.0,0.0,45.0,20.0,21.0,8.4,315.0,336.0,2.0,2.0,590.0,4380.0,0.0,0.0,0.0,1.0,19483.0,7.7,0.0,0.0,-27.4375,0.0625,-2.125,29.375,-27.4375,750.0,28.0,390.0,200.0,0.0,0.0,254.0,20.0,0.0,8.0,0.0,1.0,0.0,0.0,8.0,0.0,5.0,1.0,4.0,0.0,31.0,4687.0,100.0,0.0,0.0,0.0,0.0,27.0,0.0,0.0,3.8000000000000003,5000.0,4990.0,4980.0,1.0,1.0,0.0,23.0,1489.0,0.0,255.0,850.0,341.0,0.0,0.0,1245716.0,3.008,3.0,50.0
1788624490414,2026-09-05T20:08:10.414,0.0,4.0,0.0,1.0,741.0,14.200000000000001,84.0,2.6,2.6,2.6,2.6,1.0,1.0,673.0,1.0,0.0,693.0,86.0,90.0,0.009542080000000008,0.009542080000000008,3.0,0.999,23.0,16.0,16.0,-16.0,-1.0,-1.0,-1.0,-1.0,0.0,0.0,0.0,0.0,45.0,20.0,21.0,8.5,315.0,336.0,2.0,2.0,590.0,4380.0,0.0,0.0,0.0,1.0,19483.0,8.0,1.0,0.0,-27.9375,-1.8125,-2.8125,29.875,-27.9375,750.0,27.0,390.0,200.0,0.0,0.0,254.0,20.0,0.0,8.0,0.0,1.0,0.0,0.0,8.0,0.0,5.0,1.0,4.0,0.0,31.0,4687.0,100.0,0.0,0.0,0.0,0.0,27.0,0.0,0.0,3.8000000000000003,5000.0,4990.0,4980.0,1.0,1.0,0.0,23.0,1949.0,0.0,255.0,850.0,340.0,0.0,0.0,1245716.0,3.008,3.0,50.0
1788624491309,2026-09-05T20:08:11.309,0.0,4.0,0.0,1.0,756.0,14.0,84.0,2.63,2.63,2.63,2.63,0.0,1.0,156.0,0.0,0.0,107.0,87.0,90.5,0.030066780000000015,0.030066780000000015,2.0,0.999,23.0,16.0,16.0,-15.0,-5.0,-5.0,-5.0,-5.0,0.0,0.0,0.0,0.0,45.0,19.0,20.0,8.3,315.0,336.0,2.0,2.0,590.0,4390.0,0.0,0.0,0.0,1.0,19483.0,7.7,0.0,0.0,-27.6875,-0.5,-1.75,29.625,-27.6875,750.0,25.0,390.0,200.0,0.0,0.0,254.0,20.0,0.0,8.0,0.0,1.0,0.0,0.0,8.0,0.0,5.0,1.0,4.0,0.0,32.0,4687.0,100.0,0.0,0.0,0.0,0.0,27.0,0.0,0.0,3.8000000000000003,5000.0,4990.0,4980.0,1.0,1.0,0.0,23.0,1418.0,0.0,255.0,850.0,335.0,0.0,0.0,1245716.0,3.008,3.0,50.0
1788624492098,2026-09-05T20:08:12.098,0.0,4.0,0.0,1.0,753.0,14.100000000000001,84.0,2.56,2.56,2.56,2.56,1.0,1.0,683.0,1.0,0.0,727.0,86.0,90.0,0.007596429999999987,0.007596429999999987,2.0,0.999,22.0,16.0,16.0,-14.0,-1.0,-1.0,-1.0,-1.0,0.0,0.0,0.0,0.0,45.0,19.0,20.0,8.200000000000001,315.0,315.0,2.0,2.0,590.0,4380.0,0.0,0.0,0.0,1.0,19483.0,7.6000000000000005,1.0,0.0,-27.5,-1.8125,-1.5625,29.4375,-27.5,750.0,23.0,390.0,200.0,0.0,0.0,254.0,20.0,0.0,8.0,0.0,1.0,0.0,0.0,8.0,0.0,5.0,1.0,4.0,0.0,31.0,4687.0,100.0,0.0,0.0,0.0,0.0,27.0,0.0,0.0,3.8000000000000003,5000.0,4990.0,4980.0,1.0,1.0,0.0,23.0,1430.0,0.0,255.0,850.0,333.0,0.0,0.0,1245716.0,3.008,3.0,50.0
1788624492888,2026-09-05T20:08:12.888,0.0,4.0,0.0,1.0,741.0,13.9,84.0,2.61,2.61,2.61,2.61,0.0,1.0,131.0,0.0,0.0,185.0,87.5,91.5,0.022284179999999987,0.022284179999999987,1.0,0.999,22.0,16.0,16.0,-14.0,-2.0,-2.0,-2.0,-2.0,0.0,0.0,0.0,0.0,45.0,21.0,20.0,8.1,336.0,315.0,2.0,2.0,590.0,4400.0,0.0,0.0,0.0,1.0,19483.0,8.1,0.0,0.0,-27.9375,-0.5,-0.0625,29.875,-27.9375,750.0,21.0,390.0,200.0,0.0,0.0,254.0,20.0,0.0,8.0,0.0,1.0,0.0,0.0,8.0,0.0,5.0,1.0,4.0,0.0,33.0,4687.0,100.0,0.0,0.0,0.0,0.0,27.0,0.0,0.0,3.8000000000000003,5000.0,4990.0,4980.0,1.0,1.0,0.0,23.0,1329.0,0.0,255.0,850.0,333.0,0.0,0.0,1245716.0,3.008,3.0,50.0
1788624493658,2026-09-05T20:08:13.658,0.0,4.0,0.0,1.0,759.0,13.9,84.0,2.65,2.65,2.65,2.65,1.0,1.0,698.0,1.0,0.0,717.0,87.5,91.5,0.003705130000000001,0.003705130000000001,1.0,0.999,24.0,15.0,15.0,-17.0,-4.0,-4.0,-4.0,-4.0,0.0,0.0,0.0,0.0,45.0,20.0,21.0,8.6,315.0,336.0,2.0,2.0,600.0,4380.0,0.0,0.0,0.0,1.0,19483.0,7.9,0.0,0.0,-27.9375,-2.125,-2.5,29.875,-27.9375,750.0,18.0,390.0,200.0,0.0,0.0,254.0,20.0,0.0,8.0,0.0,1.0,0.0,0.0,8.0,0.0,5.0,1.0,4.0,0.0,33.0,4687.0,100.0,0.0,0.0,0.0,0.0,27.0,0.0,0.0,3.8000000000000003,5000.0,4990.0,4980.0,1.0,1.0,0.0,23.0,1708.0,0.0,255.0,850.0,340.0,0.0,0.0,1245716.0,3.008,3.0,50.0
1788624494470,2026-09-05T20:08:14.470,0.0,4.0,0.0,1.0,741.0,14.0,84.0,2.63,2.63,2.63,2.63,1.0,1.0,683.0,1.0,0.0,717.0,87.0,91.0,-0.004466600000000015,-0.004466600000000015,0.0,0.999,22.0,16.0,16.0,-16.0,-3.0,-3.0,-3.0,-3.0,0.0,0.0,0.0,0.0,45.0,20.0,21.0,8.4,315.0,336.0,2.0,2.0,590.0,4380.0,0.0,0.0,0.0,1.0,19483.0,8.0,1.0,0.0,-27.9375,-2.375,-1.1875,29.875,-27.9375,750.0,13.0,390.0,200.0,0.0,0.0,254.0,20.0,0.0,8.0,0.0,1.0,0.0,0.0,8.0,0.0,5.0,1.0,4.0,0.0,32.0,4687.0,100.0,0.0,0.0,0.0,0.0,27.0,0.0,0.0,3.8000000000000003,5000.0,4990.0,4980.0,1.0,1.0,0.0,23.0,1469.0,0.0,255.0,850.0,344.0,0.0,0.0,1245716.0,3.008,3.0,50.0
1788624495322,2026-09-05T20:08:15.322,0.0,4.0,0.0,1.0,749.0,13.9,84.0,2.63,2.63,2.63,2.63,1.0,1.0,668.0,1.0,0.0,708.0,88.5,92.5,-0.012249200000000016,-0.012249200000000016,0.0,0.999,22.0,16.0,16.0,-16.0,-2.0,-2.0,-2.0,-2.0,0.0,0.0,0.0,0.0,45.0,20.0,21.0,8.5,315.0,336.0,2.0,2.0,590.0,4390.0,0.0,0.0,0.0,1.0,19483.0,7.9,0.0,0.0,-27.875,-2.0625,-2.375,29.8125,-27.875,750.0,7.0,390.0,200.0,0.0,0.0,254.0,20.0,0.0,8.0,0.0,1.0,0.0,0.0,8.0,0.0,5.0,1.0,4.0,0.0,29.0,4687.0,100.0,0.0,0.0,0.0,0.0,27.0,0.0,0.0,3.8000000000000003,5000.0,4990.0,4980.0,1.0,1.0,0.0,23.0,1430.0,0.0,255.0,850.0,354.0,0.0,0.0,1245716.0,3.008,3.0,50.0
1788624496194,2026-09-05T20:08:16.194,0.0,4.0,0.0,1.0,744.0,14.0,84.0,2.63,2.63,2.63,2.63,1.0,1.0,629.0,1.0,0.0,688.0,87.0,90.5,-0.020420930000000004,-0.020420930000000004,0.0,0.999,22.0,16.0,16.0,-17.0,-3.0,-3.0,-3.0,-3.0,0.0,0.0,0.0,0.0,45.0,20.0,21.0,8.4,315.0,336.0,2.0,2.0,590.0,4390.0,0.0,0.0,0.0,1.0,19483.0,7.9,1.0,0.0,-27.5,-1.5625,-0.8125,29.4375,-27.5,750.0,2.0,390.0,200.0,0.0,0.0,254.0,20.0,0.0,8.0,0.0,1.0,0.0,0.0,8.0,0.0,5.0,1.0,4.0,0.0,30.0,4687.0,100.0,0.0,0.0,0.0,0.0,27.0,0.0,0.0,3.9000000000000004,5000.0,4990.0,4980.0,1.0,1.0,0.0,23.0,2033.0,0.0,255.0,850.0,355.0,0.0,0.0,1245716.0,3.008,3.0,50.0
1788624497172,2026-09-05T20:08:17.172,0.0,4.0,0.0,1.0,745.0,14.0,84.0,2.63,2.63,2.63,2.63,1.0,1.0,737.0,1.0,0.0,698.0,87.0,90.5,-0.024312230000000018,-0.024312230000000018,0.0,0.999,22.0,16.0,16.0,-17.0,-2.0,-2.0,-2.0,-2.0,0.0,0.0,0.0,0.0,45.0,20.0,21.0,8.5,315.0,336.0,2.0,2.0,590.0,4380.0,0.0,0.0,0.0,1.0,19483.0,7.9,0.0,0.0,-27.625,-0.875,-1.5,29.5625,-27.625,750.0,0.0,390.0,200.0,0.0,0.0,254.0,20.0,0.0,8.0,0.0,1.0,0.0,0.0,8.0,0.0,5.0,1.0,4.0,0.0,30.0,4687.0,100.0,0.0,0.0,0.0,0.0,27.0,0.0,0.0,3.9000000000000004,5000.0,4990.0,4980.0,1.0,1.0,0.0,23.0,1414.0,0.0,255.0,850.0,344.0,0.0,0.0,1245716.0,3.008,3.0,50.0
1788624497978,2026-09-05T20:08:17.978,0.0,4.0,0.0,1.0,749.0,14.0,84.0,2.56,2.56,2.56,2.56,1.0,1.0,664.0,1.0,0.0,717.0,86.0,90.5,-0.032873089999999994,-0.032873089999999994,0.0,0.999,22.0,16.0,16.0,-15.0,0.0,0.0,0.0,0.0,0.0,0.0,0.0,0.0,45.0,20.0,21.0,8.4,315.0,336.0,2.0,2.0,590.0,4390.0,0.0,0.0,0.0,1.0,19483.0,7.9,1.0,0.0,-27.0625,-0.375,-0.5,29.0,-27.0625,750.0,0.0,390.0,200.0,0.0,0.0,254.0,20.0,0.0,8.0,0.0,1.0,0.0,0.0,8.0,0.0,5.0,1.0,4.0,0.0,32.0,4687.0,100.0,0.0,0.0,0.0,0.0,26.0,0.0,0.0,3.9000000000000004,5000.0,4990.0,4980.0,1.0,1.0,0.0,23.0,1507.0,0.0,255.0,850.0,343.0,0.0,0.0,1245716.0,3.008,3.0,50.0
1788624498789,2026-09-05T20:08:18.789,0.0,4.0,0.0,1.0,750.0,14.0,84.0,2.63,2.63,2.63,2.63,0.0,1.0,136.0,0.0,0.0,126.0,87.0,91.5,-0.013515780000000005,-0.013515780000000005,0.0,0.999,23.0,15.0,15.0,-16.0,-4.0,-4.0,-4.0,-4.0,0.0,0.0,0.0,0.0,45.0,20.0,21.0,8.6,315.0,336.0,2.0,2.0,600.0,4380.0,0.0,0.0,0.0,1.0,19483.0,8.0,0.0,0.0,-27.125,-1.125,-1.3125,29.0625,-27.125,750.0,0.0,390.0,200.0,0.0,0.0,254.0,20.0,0.0,8.0,0.0,1.0,0.0,0.0,8.0,0.0,5.0,1.0,4.0,0.0,32.0,4687.0,100.0,0.0,0.0,0.0,0.0,26.0,0.0,0.0,3.9000000000000004,5000.0,4990.0,4980.0,1.0,1.0,0.0,23.0,1953.0,0.0,255.0,850.0,343.0,0.0,0.0,1245716.0,3.008,3.0,50.0
1788624499616,2026-09-05T20:08:19.616,0.0,4.0,0.0,1.0,752.0,14.0,84.0,2.59,2.59,2.59,2.59,1.0,1.0,688.0,1.0,0.0,722.0,87.0,91.0,-0.03326222000000001,-0.03326222000000001,0.0,0.999,24.0,15.0,15.0,-17.0,-4.0,-4.0,-4.0,-4.0,0.0,0.0,0.0,0.0,45.0,21.0,21.0,8.4,336.0,336.0,2.0,2.0,600.0,4380.0,0.0,0.0,0.0,1.0,19483.0,8.0,0.0,0.0,-27.0,-0.5,-0.875,28.9375,-27.0,750.0,0.0,390.0,200.0,0.0,0.0,254.0,20.0,0.0,8.0,0.0,1.0,0.0,0.0,8.0,0.0,5.0,1.0,4.0,0.0,32.0,4687.0,100.0,0.0,0.0,0.0,0.0,26.0,0.0,0.0,3.9000000000000004,5000.0,4990.0,4980.0,1.0,1.0,0.0,23.0,1464.0,0.0,255.0,850.0,341.0,0.0,0.0,1245716.0,3.008,3.0,50.0
1788624500481,2026-09-05T20:08:20.481,0.0,4.0,0.0,1.0,747.0,14.0,84.0,2.61,2.61,2.61,2.61,0.0,1.0,107.0,1.0,0.0,541.0,87.0,91.0,-0.02207664000000001,-0.02207664000000001,1.0,0.999,24.0,16.0,16.0,-17.0,-2.0,-2.0,-2.0,-2.0,0.0,0.0,0.0,0.0,45.0,20.0,21.0,8.5,315.0,336.0,2.0,2.0,600.0,4390.0,0.0,0.0,0.0,1.0,19483.0,8.0,1.0,0.0,-27.1875,-1.1875,0.1875,29.125,-27.1875,750.0,0.0,390.0,200.0,0.0,0.0,254.0,20.0,0.0,8.0,0.0,1.0,0.0,0.0,8.0,0.0,5.0,1.0,4.0,0.0,31.0,4687.0,100.0,0.0,0.0,0.0,0.0,26.0,0.0,0.0,3.9000000000000004,5000.0,4990.0,4990.0,1.0,1.0,0.0,23.0,2208.0,0.0,255.0,850.0,341.0,0.0,0.0,1245716.0,3.008,3.0,50.0
1788624501245,2026-09-05T20:08:21.245,0.0,4.0,0.0,1.0,752.0,14.100000000000001,84.0,2.61,2.61,2.61,2.61,0.0,1.0,151.0,0.0,0.0,112.0,87.0,91.5,-0.013904909999999993,-0.013904909999999993,2.0,0.999,22.0,16.0,16.0,-15.0,-2.0,-2.0,-2.0,-2.0,0.0,0.0,0.0,0.0,45.0,20.0,21.0,8.5,315.0,336.0,2.0,2.0,600.0,4390.0,0.0,0.0,0.0,1.0,19483.0,7.9,0.0,0.0,-27.1875,-0.0625,-1.0,29.0625,-27.1875,750.0,0.0,390.0,200.0,0.0,0.0,254.0,20.0,0.0,8.0,0.0,1.0,0.0,0.0,8.0,0.0,5.0,1.0,4.0,0.0,32.0,4687.0,100.0,0.0,0.0,0.0,0.0,26.0,0.0,0.0,3.9000000000000004,5000.0,4990.0,4980.0,1.0,1.0,0.0,23.0,1316.0,0.0,255.0,850.0,339.0,0.0,0.0,1245716.0,3.008,3.0,50.0
1788624502010,2026-09-05T20:08:22.010,0.0,4.0,0.0,1.0,757.0,14.100000000000001,84.0,2.59,2.59,2.59,2.59,0.0,1.0,136.0,0.0,0.0,341.0,87.0,91.0,-0.006511440000000007,-0.006511440000000007,2.0,0.999,22.0,16.0,16.0,-16.0,-2.0,-2.0,-2.0,-2.0,0.0,0.0,0.0,0.0,45.0,20.0,20.0,8.4,315.0,336.0,2.0,2.0,590.0,4390.0,0.0,0.0,0.0,1.0,19483.0,7.9,1.0,0.0,-27.25,0.5,-0.875,29.125,-27.25,750.0,0.0,390.0,200.0,0.0,0.0,254.0,20.0,0.0,8.0,0.0,1.0,0.0,0.0,8.0,0.0,5.0,1.0,4.0,0.0,32.0,4687.0,100.0,0.0,0.0,0.0,0.0,26.0,0.0,0.0,3.9000000000000004,5000.0,4990.0,4970.0,1.0,1.0,0.0,23.0,1290.0,0.0,255.0,850.0,338.0,0.0,0.0,1245716.0,3.008,3.0,50.0
1788624502753,2026-09-05T20:08:22.753,0.0,4.0,0.0,1.0,753.0,14.100000000000001,84.0,2.5500000000000003,2.5500000000000003,2.5500000000000003,2.5500000000000003,1.0,1.0,659.0,1.0,0.0,634.0,87.0,91.5,-0.020031800000000016,-0.020031800000000016,3.0,0.999,23.0,16.0,16.0,-16.0,-3.0,-3.0,-3.0,-3.0,0.0,0.0,0.0,0.0,45.0,20.0,21.0,8.5,315.0,336.0,2.0,2.0,590.0,4390.0,0.0,0.0,0.0,1.0,19483.0,8.0,0.0,0.0,-27.5,-0.25,-0.3125,29.375,-27.5,750.0,0.0,390.0,200.0,0.0,0.0,254.0,20.0,0.0,8.0,0.0,1.0,0.0,0.0,8.0,0.0,5.0,1.0,4.0,0.0,32.0,4687.0,100.0,0.0,0.0,0.0,0.0,26.0,0.0,0.0,3.9000000000000004,5000.0,4990.0,4990.0,1.0,1.0,0.0,23.0,1857.0,0.0,255.0,850.0,338.0,0.0,0.0,1245716.0,3.008,3.0,50.0
1788624503533,2026-09-05T20:08:23.533,0.0,4.0,0.0,1.0,750.0,14.100000000000001,83.0,2.6,2.6,2.6,2.6,0.0,1.0,97.0,0.0,0.0,92.0,86.0,90.5,-0.002620139999999993,-0.002620139999999993,3.0,0.999,24.0,16.0,16.0,-15.0,-2.0,-2.0,-2.0,-2.0,0.0,0.0,0.0,0.0,45.0,20.0,20.0,8.4,315.0,336.0,2.0,2.0,590.0,4390.0,0.0,0.0,0.0,1.0,19483.0,7.9,0.0,0.0,-27.4375,0.375,-0.625,29.3125,-27.4375,750.0,0.0,390.0,200.0,0.0,0.0,254.0,20.0,0.0,8.0,0.0,1.0,0.0,0.0,8.0,0.0,5.0,1.0,4.0,0.0,33.0,4687.0,100.0,0.0,0.0,0.0,0.0,26.0,0.0,0.0,3.9000000000000004,5000.0,4990.0,4980.0,1.0,1.0,0.0,23.0,2106.0,0.0,255.0,850.0,338.0,0.0,0.0,1245716.0,3.008,3.0,50.0
1788624504381,2026-09-05T20:08:24.381,0.0,4.0,0.0,1.0,752.0,14.0,83.0,2.58,2.58,2.58,2.58,0.0,1.0,122.0,0.0,0.0,112.0,86.5,91.0,0.00516245999999998,0.00516245999999998,4.0,0.999,23.0,16.0,16.0,-15.0,0.0,0.0,0.0,0.0,0.0,0.0,0.0,0.0,45.0,20.0,20.0,8.4,315.0,315.0,2.0,2.0,590.0,4390.0,0.0,0.0,0.0,1.0,19483.0,7.9,1.0,0.0,-27.1875,0.6875,-1.3125,29.0625,-27.1875,750.0,0.0,390.0,200.0,0.0,0.0,254.0,20.0,0.0,8.0,0.0,1.0,0.0,0.0,8.0,0.0,5.0,1.0,4.0,0.0,32.0,4687.0,100.0,0.0,0.0,0.0,0.0,26.0,0.0,0.0,3.9000000000000004,5000.0,4990.0,4980.0,1.0,1.0,0.0,23.0,1759.0,0.0,255.0,850.0,338.0,0.0,0.0,1245716.0,3.008,3.0,50.0
1788624505396,2026-09-05T20:08:25.396,0.0,4.0,0.0,1.0,747.0,14.100000000000001,83.0,2.5500000000000003,2.5500000000000003,2.5500000000000003,2.5500000000000003,1.0,1.0,620.0,1.0,0.0,620.0,86.5,91.0,-0.007968770000000014,-0.007968770000000014,5.0,0.999,24.0,16.0,16.0,-15.0,1.0,1.0,1.0,1.0,0.0,0.0,0.0,0.0,45.0,20.0,21.0,8.4,315.0,336.0,2.0,2.0,600.0,4380.0,0.0,0.0,0.0,1.0,19483.0,8.0,0.0,0.0,-27.5,-0.3125,-1.3125,29.375,-27.5,750.0,0.0,390.0,200.0,0.0,0.0,254.0,20.0,0.0,8.0,0.0,1.0,0.0,0.0,8.0,0.0,5.0,1.0,4.0,0.0,33.0,4687.0,100.0,0.0,0.0,0.0,0.0,26.0,0.0,0.0,3.9000000000000004,5000.0,4990.0,4970.0,1.0,1.0,0.0,23.0,1929.0,0.0,255.0,850.0,338.0,0.0,0.0,1245716.0,3.008,3.0,50.0
1788624506201,2026-09-05T20:08:26.201,0.0,4.0,0.0,1.0,747.0,14.0,83.0,2.58,2.58,2.58,2.58,0.0,1.0,102.0,0.0,0.0,87.0,87.0,91.0,0.014890709999999974,0.014890709999999974,5.0,0.999,23.0,15.0,15.0,-16.0,-2.0,-2.0,-2.0,-2.0,0.0,0.0,0.0,0.0,45.0,20.0,21.0,8.5,315.0,336.0,2.0,2.0,600.0,4390.0,0.0,0.0,0.0,1.0,19483.0,8.0,1.0,0.0,-27.4375,0.6875,-1.125,29.25,-27.4375,750.0,0.0,390.0,200.0,0.0,0.0,254.0,20.0,0.0,8.0,0.0,1.0,0.0,0.0,8.0,0.0,5.0,1.0,4.0,0.0,31.0,4687.0,100.0,0.0,0.0,0.0,0.0,26.0,0.0,0.0,3.9000000000000004,5000.0,4990.0,4980.0,1.0,1.0,0.0,23.0,1356.0,0.0,255.0,850.0,338.0,0.0,0.0,1245716.0,3.008,3.0,50.0
1788624506946,2026-09-05T20:08:26.946,0.0,4.0,0.0,1.0,752.0,14.100000000000001,83.0,2.58,2.58,2.58,2.58,0.0,1.0,229.0,0.0,0.0,131.0,86.0,90.5,0.022673310000000002,0.022673310000000002,5.0,0.999,23.0,16.0,16.0,-15.0,-2.0,-2.0,-2.0,-2.0,0.0,0.0,0.0,0.0,45.0,20.0,21.0,8.4,315.0,336.0,2.0,2.0,590.0,4390.0,0.0,0.0,0.0,1.0,19483.0,8.0,0.0,0.0,-27.5,-1.4375,-1.25,29.3125,-27.5,750.0,0.0,390.0,200.0,0.0,0.0,254.0,20.0,0.0,8.0,0.0,1.0,0.0,0.0,8.0,0.0,5.0,1.0,4.0,0.0,33.0,4687.0,100.0,0.0,0.0,0.0,0.0,26.0,0.0,0.0,3.9000000000000004,5000.0,4990.0,4980.0,1.0,1.0,0.0,23.0,1333.0,0.0,255.0,850.0,338.0,0.0,0.0,1245716.0,3.008,3.0,50.0
1788624507745,2026-09-05T20:08:27.745,0.0,4.0,0.0,1.0,753.0,14.0,83.0,2.6,2.6,2.6,2.6,0.0,1.0,175.0,0.0,0.0,112.0,86.5,91.5,0.02967765,0.02967765,5.0,0.999,23.0,16.0,16.0,-15.0,-3.0,-3.0,-3.0,-3.0,0.0,0.0,0.0,0.0,45.0,20.0,20.0,8.4,315.0,336.0,2.0,2.0,590.0,4390.0,0.0,0.0,0.0,1.0,19483.0,8.0,1.0,0.0,-27.5625,-1.5,-0.9375,29.375,-27.5625,750.0,0.0,390.0,200.0,0.0,0.0,254.0,20.0,0.0,8.0,0.0,1.0,0.0,0.0,8.0,0.0,5.0,1.0,4.0,0.0,33.0,4687.0,100.0,0.0,0.0,0.0,0.0,26.0,0.0,0.0,3.9000000000000004,5000.0,4990.0,5000.0,1.0,1.0,0.0,23.0,1973.0,0.0,255.0,850.0,338.0,0.0,0.0,1245716.0,3.008,3.0,50.0
1788624508544,2026-09-05T20:08:28.544,0.0,4.0,0.0,1.0,753.0,14.0,83.0,2.54,2.54,2.54,2.54,1.0,1.0,478.0,1.0,0.0,654.0,87.5,92.5,0.009542080000000008,0.009542080000000008,5.0,0.999,23.0,16.0,16.0,-15.0,-1.0,-1.0,-1.0,-1.0,0.0,0.0,0.0,0.0,45.0,20.0,20.0,8.4,315.0,336.0,2.0,2.0,590.0,4390.0,0.0,0.0,0.0,1.0,19483.0,8.0,1.0,0.0,-27.375,-1.25,-1.125,29.1875,-27.375,750.0,0.0,390.0,190.0,0.0,0.0,254.0,20.0,0.0,8.0,0.0,1.0,0.0,0.0,8.0,0.0,5.0,1.0,4.0,0.0,32.0,4687.0,100.0,0.0,0.0,0.0,0.0,26.0,0.0,0.0,3.9000000000000004,5000.0,4990.0,4980.0,1.0,1.0,0.0,23.0,1519.0,0.0,255.0,850.0,338.0,0.0,0.0,1245716.0,3.008,3.0,50.0
1788624509187,2026-09-05T20:08:29.187,0.0,4.0,0.0,1.0,746.0,14.200000000000001,83.0,2.6,2.6,2.6,2.6,0.0,1.0,112.0,0.0,0.0,83.0,87.0,92.0,0.03279069000000001,0.03279069000000001,5.0,0.999,23.0,16.0,16.0,-15.0,-2.0,-2.0,-2.0,-2.0,0.0,0.0,0.0,0.0,45.0,20.0,20.0,8.5,315.0,336.0,2.0,2.0,600.0,4390.0,0.0,0.0,0.0,1.0,19483.0,8.0,0.0,0.0,-27.5,-0.8125,-0.9375,29.3125,-27.5,750.0,0.0,390.0,200.0,0.0,0.0,254.0,20.0,0.0,8.0,0.0,1.0,0.0,0.0,8.0,0.0,5.0,1.0,4.0,0.0,33.0,4687.0,100.0,0.0,0.0,0.0,0.0,26.0,0.0,0.0,3.9000000000000004,5000.0,4990.0,4990.0,1.0,1.0,0.0,23.0,1167.0,0.0,255.0,850.0,338.0,0.0,0.0,1245716.0,3.008,3.0,50.0
1788624509953,2026-09-05T20:08:29.953,0.0,4.0,0.0,1.0,750.0,14.0,83.0,2.57,2.57,2.57,2.57,1.0,1.0,644.0,0.0,0.0,361.0,87.0,92.0,0.020437719999999993,0.020437719999999993,5.0,0.999,23.0,16.0,16.0,-15.0,-2.0,-2.0,-2.0,-2.0,0.0,0.0,0.0,0.0,45.0,20.0,20.0,8.4,315.0,336.0,2.0,2.0,590.0,4380.0,0.0,0.0,0.0,1.0,19483.0,8.0,1.0,0.0,-27.1875,1.1875,0.0625,29.0,-27.1875,750.0,0.0,390.0,200.0,0.0,0.0,254.0,20.0,0.0,8.0,0.0,1.0,0.0,0.0,8.0,0.0,5.0,1.0,4.0,0.0,32.0,4687.0,100.0,0.0,0.0,0.0,0.0,26.0,0.0,0.0,3.9000000000000004,5000.0,4990.0,4990.0,1.0,1.0,0.0,23.0,1902.0,0.0,255.0,850.0,338.0,0.0,0.0,1245716.0,3.008,3.0,50.0
1788624510829,2026-09-05T20:08:30.829,0.0,4.0,0.0,1.0,748.0,14.100000000000001,83.0,2.63,2.63,2.63,2.63,0.0,1.0,249.0,1.0,0.0,664.0,87.5,92.5,0.030455909999999975,0.030455909999999975,4.0,0.999,23.0,15.0,15.0,-16.0,-3.0,-3.0,-3.0,-3.0,0.0,0.0,0.0,0.0,45.0,21.0,21.0,8.4,336.0,336.0,2.0,2.0,600.0,4380.0,0.0,0.0,0.0,1.0,19483.0,8.1,0.0,0.0,-27.5,-1.5,-0.5,29.25,-27.5,750.0,0.0,390.0,200.0,0.0,0.0,254.0,20.0,0.0,8.0,0.0,1.0,0.0,0.0,8.0,0.0,5.0,1.0,4.0,0.0,34.0,4687.0,100.0,0.0,0.0,0.0,0.0,26.0,0.0,0.0,3.9000000000000004,5000.0,4990.0,4980.0,1.0,1.0,0.0,23.0,1723.0,0.0,255.0,850.0,338.0,0.0,0.0,1245716.0,3.008,3.0,50.0
1788624511654,2026-09-05T20:08:31.654,0.0,4.0,0.0,1.0,751.0,14.100000000000001,83.0,2.58,2.58,2.58,2.58,1.0,1.0,708.0,0.0,0.0,400.0,86.5,91.5,0.019659460000000017,0.019659460000000017,3.0,0.999,23.0,16.0,16.0,-15.0,-3.0,-3.0,-3.0,-3.0,0.0,0.0,0.0,0.0,45.0,20.0,21.0,8.4,315.0,336.0,2.0,2.0,600.0,4390.0,0.0,0.0,0.0,1.0,19483.0,8.0,0.0,0.0,-27.5625,-1.4375,-1.375,29.3125,-27.5625,750.0,0.0,390.0,200.0,0.0,0.0,254.0,20.0,0.0,8.0,0.0,1.0,0.0,0.0,8.0,0.0,5.0,1.0,4.0,0.0,32.0,4687.0,100.0,0.0,0.0,0.0,0.0,26.0,0.0,0.0,3.9000000000000004,5000.0,4990.0,4990.0,1.0,1.0,0.0,23.0,1572.0,0.0,255.0,850.0,338.0,0.0,0.0,1245716.0,3.008,3.0,50.0
1788624512351,2026-09-05T20:08:32.351,0.0,4.0,0.0,1.0,749.0,14.100000000000001,83.0,2.58,2.58,2.58,2.58,1.0,1.0,673.0,1.0,0.0,717.0,86.0,91.0,0.011487729999999974,0.011487729999999974,3.0,0.999,23.0,16.0,16.0,-15.0,-2.0,-2.0,-2.0,-2.0,0.0,0.0,0.0,0.0,45.0,20.0,20.0,8.3,315.0,336.0,2.0,2.0,600.0,4390.0,0.0,0.0,0.0,1.0,19483.0,7.9,1.0,0.0,-27.5625,-1.75,-1.0,29.3125,-27.5625,750.0,0.0,390.0,200.0,0.0,0.0,254.0,20.0,0.0,8.0,0.0,1.0,0.0,0.0,8.0,0.0,5.0,1.0,4.0,0.0,33.0,4687.0,100.0,0.0,0.0,0.0,0.0,26.0,0.0,0.0,3.9000000000000004,5000.0,4990.0,4980.0,1.0,1.0,0.0,23.0,2135.0,0.0,255.0,850.0,338.0,0.0,0.0,1245716.0,3.008,3.0,50.0
1788624513427,2026-09-05T20:08:33.427,0.0,4.0,0.0,1.0,753.0,14.100000000000001,83.0,2.63,2.63,2.63,2.63,0.0,1.0,151.0,0.0,0.0,253.0,86.0,91.0,0.024618959999999968,0.024618959999999968,2.0,0.999,23.0,16.0,16.0,-15.0,-2.0,-2.0,-2.0,-2.0,0.0,0.0,0.0,0.0,45.0,20.0,21.0,8.4,315.0,336.0,2.0,2.0,600.0,4390.0,0.0,0.0,0.0,1.0,19483.0,7.9,0.0,0.0,-27.75,-0.6875,-0.5,29.5,-27.75,750.0,0.0,390.0,200.0,0.0,0.0,254.0,20.0,0.0,8.0,0.0,1.0,0.0,0.0,8.0,0.0,5.0,1.0,4.0,0.0,32.0,4687.0,100.0,0.0,0.0,0.0,0.0,26.0,0.0,0.0,3.9000000000000004,5000.0,4990.0,4990.0,1.0,1.0,0.0,23.0,2046.0,0.0,255.0,850.0,338.0,0.0,0.0,1245716.0,3.008,3.0,50.0
1788624514139,2026-09-05T20:08:34.139,0.0,4.0,0.0,1.0,744.0,14.100000000000001,83.0,2.59,2.59,2.59,2.59,1.0,1.0,683.0,1.0,0.0,708.0,86.0,91.0,0.0029268699999999703,0.0029268699999999703,2.0,0.999,23.0,16.0,16.0,-15.0,-3.0,-3.0,-3.0,-3.0,0.0,0.0,0.0,0.0,45.0,20.0,21.0,8.5,315.0,336.0,2.0,2.0,600.0,4390.0,0.0,0.0,0.0,1.0,19483.0,7.9,1.0,0.0,-27.5625,-0.625,-1.3125,29.3125,-27.5625,750.0,0.0,390.0,200.0,0.0,0.0,254.0,20.0,0.0,8.0,0.0,1.0,0.0,0.0,8.0,0.0,5.0,1.0,4.0,0.0,33.0,4687.0,100.0,0.0,0.0,0.0,0.0,26.0,0.0,0.0,3.9000000000000004,5000.0,4990.0,4970.0,1.0,1.0,0.0,23.0,2024.0,0.0,255.0,850.0,338.0,0.0,0.0,1245716.0,3.008,3.0,50.0
1788624514897,2026-09-05T20:08:34.897,0.0,4.0,0.0,1.0,750.0,14.100000000000001,83.0,2.59,2.59,2.59,2.59,1.0,1.0,668.0,1.0,0.0,703.0,86.5,91.5,-0.00407747,-0.00407747,1.0,0.999,22.0,16.0,16.0,-15.0,-3.0,-3.0,-3.0,-3.0,0.0,0.0,0.0,0.0,45.0,20.0,21.0,8.4,315.0,336.0,2.0,2.0,600.0,4390.0,0.0,0.0,0.0,1.0,19483.0,7.9,0.0,0.0,-27.625,-0.8125,-1.5,29.375,-27.625,750.0,0.0,390.0,200.0,0.0,0.0,254.0,20.0,0.0,8.0,0.0,1.0,0.0,0.0,8.0,0.0,5.0,1.0,4.0,0.0,32.0,4687.0,100.0,0.0,0.0,0.0,0.0,26.0,0.0,0.0,3.9000000000000004,5000.0,4990.0,4980.0,1.0,1.0,0.0,23.0,1982.0,0.0,255.0,850.0,339.0,0.0,0.0,1245716.0,3.008,3.0,50.0
1788624515702,2026-09-05T20:08:35.702,0.0,4.0,0.0,1.0,749.0,14.0,83.0,2.56,2.56,2.56,2.56,1.0,1.0,625.0,1.0,0.0,683.0,87.0,91.5,-0.01186007,-0.01186007,1.0,0.999,22.0,16.0,16.0,-15.0,0.0,0.0,0.0,0.0,0.0,0.0,0.0,0.0,45.0,20.0,20.0,8.5,315.0,336.0,2.0,2.0,600.0,4390.0,0.0,0.0,0.0,1.0,19483.0,8.0,0.0,0.0,-27.625,0.6875,-1.25,29.375,-27.625,750.0,0.0,390.0,200.0,0.0,0.0,254.0,20.0,0.0,8.0,0.0,1.0,0.0,0.0,8.0,0.0,5.0,1.0,4.0,0.0,32.0,4687.0,100.0,0.0,0.0,0.0,0.0,26.0,0.0,0.0,4.0,5000.0,4990.0,4970.0,1.0,1.0,0.0,23.0,1758.0,0.0,255.0,850.0,339.0,0.0,0.0,1245716.0,3.008,3.0,50.0
1788624516426,2026-09-05T20:08:36.426,0.0,4.0,0.0,1.0,753.0,14.100000000000001,83.0,2.66,2.66,2.66,2.66,0.0,1.0,131.0,0.0,0.0,112.0,86.0,91.0,0.0067189799999999855,0.0067189799999999855,0.0,0.999,24.0,16.0,16.0,-15.0,-2.0,-2.0,-2.0,-2.0,0.0,0.0,0.0,0.0,45.0,20.0,21.0,8.4,315.0,336.0,2.0,2.0,590.0,4380.0,0.0,0.0,0.0,1.0,19483.0,7.9,1.0,0.0,-27.625,0.375,-1.375,29.375,-27.625,750.0,0.0,390.0,200.0,0.0,0.0,254.0,20.0,0.0,8.0,0.0,1.0,0.0,0.0,8.0,0.0,5.0,1.0,4.0,0.0,33.0,4687.0,100.0,0.0,0.0,0.0,0.0,26.0,0.0,0.0,4.0,5000.0,4990.0,4990.0,1.0,1.0,0.0,23.0,1498.0,0.0,255.0,850.0,339.0,0.0,0.0,1245716.0,3.008,3.0,50.0
1788624517287,2026-09-05T20:08:37.287,0.0,4.0,0.0,1.0,750.0,14.0,83.0,2.62,2.62,2.62,2.62,1.0,1.0,727.0,1.0,0.0,737.0,86.5,91.5,-0.014194850000000009,-0.014194850000000009,0.0,0.999,22.0,16.0,16.0,-15.0,-3.0,-3.0,-3.0,-3.0,0.0,0.0,0.0,0.0,45.0,20.0,20.0,8.4,315.0,336.0,2.0,2.0,590.0,4380.0,0.0,0.0,0.0,1.0,19483.0,7.9,0.0,0.0,-27.9375,-0.8125,-1.75,29.625,-27.9375,750.0,0.0,390.0,200.0,0.0,0.0,254.0,20.0,0.0,8.0,0.0,1.0,0.0,0.0,8.0,0.0,5.0,1.0,4.0,0.0,32.0,4687.0,100.0,0.0,0.0,0.0,0.0,26.0,0.0,0.0,4.0,5000.0,4990.0,4980.0,1.0,1.0,0.0,23.0,1914.0,0.0,255.0,850.0,339.0,0.0,0.0,1245716.0,3.008,3.0,50.0
1788624518094,2026-09-05T20:08:38.094,0.0,4.0,0.0,1.0,755.0,14.0,83.0,2.57,2.57,2.57,2.57,1.0,1.0,693.0,1.0,0.0,717.0,87.0,92.0,-0.022366579999999997,-0.022366579999999997,0.0,0.999,22.0,16.0,16.0,-15.0,3.0,3.0,3.0,3.0,0.0,0.0,0.0,0.0,45.0,21.0,20.0,8.4,336.0,336.0,2.0,2.0,600.0,4390.0,0.0,0.0,0.0,1.0,19483.0,8.200000000000001,1.0,0.0,-27.5625,0.5625,-1.25,29.25,-27.5625,750.0,0.0,390.0,200.0,0.0,0.0,254.0,20.0,0.0,8.0,0.0,1.0,0.0,0.0,8.0,0.0,5.0,1.0,4.0,0.0,33.0,4687.0,100.0,0.0,0.0,0.0,0.0,26.0,0.0,0.0,4.0,5000.0,4990.0,4980.0,1.0,1.0,0.0,23.0,2083.0,0.0,255.0,850.0,339.0,0.0,0.0,1245716.0,3.008,3.0,50.0
1788624518873,2026-09-05T20:08:38.873,0.0,4.0,0.0,1.0,752.0,14.0,83.0,2.64,2.64,2.64,2.64,0.0,1.0,131.0,0.0,0.0,224.0,87.0,92.0,-0.00845709,-0.00845709,0.0,0.999,24.0,16.0,16.0,-16.0,-2.0,-2.0,-2.0,-2.0,0.0,0.0,0.0,0.0,45.0,20.0,21.0,8.5,315.0,336.0,2.0,2.0,600.0,4400.0,0.0,0.0,0.0,1.0,19483.0,8.0,0.0,0.0,-27.75,-0.75,-1.125,29.4375,-27.75,750.0,0.0,390.0,200.0,0.0,0.0,254.0,20.0,0.0,8.0,0.0,1.0,0.0,0.0,8.0,0.0,5.0,1.0,4.0,0.0,32.0,4687.0,100.0,0.0,0.0,0.0,0.0,26.0,0.0,0.0,4.0,5000.0,4990.0,4980.0,1.0,1.0,0.0,23.0,1973.0,0.0,255.0,850.0,339.0,0.0,0.0,1245716.0,3.008,3.0,50.0
1788624519740,2026-09-05T20:08:39.740,0.0,4.0,0.0,1.0,747.0,14.100000000000001,83.0,2.56,2.56,2.56,2.56,1.0,1.0,717.0,1.0,0.0,727.0,86.0,91.0,-0.02859266000000002,-0.02859266000000002,0.0,0.999,22.0,16.0,16.0,-15.0,-1.0,-1.0,-1.0,-1.0,0.0,0.0,0.0,0.0,45.0,21.0,21.0,8.3,336.0,336.0,2.0,2.0,590.0,4390.0,0.0,0.0,0.0,1.0,19483.0,8.0,0.0,0.0,-27.5,0.5625,-0.75,29.1875,-27.5,750.0,0.0,390.0,200.0,0.0,0.0,254.0,20.0,0.0,8.0,0.0,1.0,0.0,0.0,8.0,0.0,5.0,1.0,4.0,0.0,34.0,4687.0,100.0,0.0,0.0,0.0,0.0,26.0,0.0,0.0,4.0,5000.0,4990.0,4980.0,1.0,1.0,0.0,23.0,1523.0,0.0,255.0,850.0,339.0,0.0,0.0,1245716.0,3.008,3.0,50.0
1788624520566,2026-09-05T20:08:40.566,0.0,4.0,0.0,1.0,747.0,14.0,83.0,2.65,2.65,2.65,2.65,0.0,1.0,112.0,0.0,0.0,244.0,87.0,92.5,-0.01507230000000001,-0.01507230000000001,0.0,0.999,24.0,16.0,16.0,-16.0,-1.0,-1.0,-1.0,-1.0,0.0,0.0,0.0,0.0,45.0,20.0,21.0,8.4,315.0,336.0,2.0,2.0,590.0,4390.0,0.0,0.0,0.0,1.0,19483.0,8.0,1.0,0.0,-27.5,0.8125,-1.75,29.1875,-27.5,750.0,0.0,390.0,200.0,0.0,0.0,254.0,20.0,0.0,8.0,0.0,1.0,0.0,0.0,8.0,0.0,5.0,1.0,4.0,0.0,33.0,4687.0,100.0,0.0,0.0,0.0,0.0,26.0,0.0,0.0,4.0,5000.0,4990.0,4980.0,1.0,1.0,0.0,23.0,1573.0,0.0,255.0,850.0,339.0,0.0,0.0,1245716.0,3.008,3.0,50.0
1788624521563,2026-09-05T20:08:41.563,0.0,4.0,0.0,1.0,755.0,14.0,83.0,2.56,2.56,2.56,2.56,0.0,1.0,361.0,1.0,0.0,693.0,87.5,93.0,-0.03404048000000001,-0.03404048000000001,1.0,0.999,24.0,16.0,16.0,-16.0,-1.0,-1.0,-1.0,-1.0,0.0,0.0,0.0,0.0,45.0,20.0,21.0,8.5,315.0,336.0,2.0,2.0,600.0,4390.0,0.0,0.0,0.0,1.0,19483.0,8.1,0.0,0.0,-27.625,-0.875,-0.5,29.3125,-27.625,750.0,0.0,390.0,200.0,0.0,0.0,254.0,20.0,0.0,8.0,0.0,1.0,0.0,0.0,8.0,0.0,5.0,1.0,4.0,0.0,33.0,4687.0,100.0,0.0,0.0,0.0,0.0,26.0,0.0,0.0,4.0,5000.0,4990.0,4990.0,1.0,1.0,0.0,23.0,1515.0,0.0,255.0,850.0,339.0,0.0,0.0,1245716.0,3.008,3.0,50.0
1788624522377,2026-09-05T20:08:42.377,0.0,4.0,0.0,1.0,754.0,14.100000000000001,83.0,2.62,2.62,2.62,2.62,0.0,1.0,249.0,0.0,0.0,107.0,87.0,92.5,-0.009235350000000003,-0.009235350000000003,2.0,0.999,24.0,16.0,16.0,-16.0,-2.0,-2.0,-2.0,-2.0,0.0,0.0,0.0,0.0,45.0,20.0,21.0,8.4,315.0,336.0,2.0,2.0,590.0,4370.0,0.0,0.0,0.0,1.0,19483.0,8.0,1.0,0.0,-27.5625,-0.125,-0.3125,29.25,-27.5625,750.0,0.0,390.0,200.0,0.0,0.0,254.0,20.0,0.0,8.0,0.0,1.0,0.0,0.0,8.0,0.0,5.0,1.0,4.0,0.0,32.0,4687.0,100.0,0.0,0.0,0.0,0.0,26.0,0.0,0.0,4.0,5000.0,4990.0,4980.0,1.0,1.0,0.0,23.0,1903.0,0.0,255.0,850.0,339.0,0.0,0.0,1245716.0,3.008,3.0,50.0
1788624523194,2026-09-05T20:08:43.194,0.0,4.0,0.0,1.0,745.0,14.0,83.0,2.5500000000000003,2.5500000000000003,2.5500000000000003,2.5500000000000003,1.0,1.0,537.0,1.0,0.0,673.0,87.0,92.5,-0.03209483000000002,-0.03209483000000002,2.0,0.999,24.0,16.0,16.0,-16.0,0.0,0.0,0.0,0.0,0.0,0.0,0.0,0.0,45.0,21.0,21.0,8.5,336.0,336.0,2.0,2.0,600.0,4390.0,0.0,0.0,0.0,1.0,19483.0,8.200000000000001,0.0,0.0,-27.9375,0.3125,-1.4375,29.5625,-27.9375,750.0,0.0,390.0,200.0,0.0,0.0,254.0,20.0,0.0,8.0,0.0,1.0,0.0,0.0,8.0,0.0,5.0,1.0,4.0,0.0,33.0,4687.0,100.0,0.0,0.0,0.0,0.0,26.0,0.0,0.0,4.0,5000.0,4990.0,4980.0,1.0,1.0,0.0,23.0,2078.0,0.0,255.0,850.0,339.0,0.0,0.0,1245716.0,3.008,3.0,50.0
1788624524021,2026-09-05T20:08:44.021,0.0,4.0,0.0,1.0,753.0,14.100000000000001,83.0,2.59,2.59,2.59,2.59,0.0,1.0,107.0,0.0,0.0,87.0,86.0,91.5,-0.008846220000000016,-0.008846220000000016,3.0,0.999,24.0,15.0,15.0,-16.0,-2.0,-2.0,-2.0,-2.0,0.0,0.0,0.0,0.0,45.0,21.0,21.0,8.5,336.0,336.0,2.0,2.0,600.0,4390.0,0.0,0.0,0.0,1.0,19483.0,8.1,1.0,0.0,-27.75,-0.6875,-0.0625,29.375,-27.75,750.0,0.0,390.0,200.0,0.0,0.0,254.0,20.0,0.0,8.0,0.0,1.0,0.0,0.0,8.0,0.0,5.0,1.0,4.0,0.0,32.0,4687.0,100.0,0.0,0.0,0.0,0.0,26.0,0.0,0.0,4.0,5000.0,4990.0,4980.0,1.0,1.0,0.0,23.0,2143.0,0.0,255.0,850.0,339.0,0.0,0.0,1245716.0,3.008,3.0,50.0
1788624524886,2026-09-05T20:08:44.886,0.0,4.0,0.0,1.0,752.0,14.0,83.0,2.61,2.61,2.61,2.61,0.0,1.0,122.0,0.0,0.0,97.0,86.0,91.5,-6.744899999999998E-4,-6.744899999999998E-4,3.0,0.999,24.0,15.0,15.0,-16.0,-2.0,-2.0,-2.0,-2.0,0.0,0.0,0.0,0.0,45.0,21.0,21.0,8.5,336.0,336.0,2.0,2.0,590.0,4380.0,0.0,0.0,0.0,1.0,19483.0,8.200000000000001,0.0,0.0,-28.0,-1.0,-0.9375,29.625,-28.0,750.0,0.0,390.0,200.0,0.0,0.0,254.0,20.0,0.0,8.0,0.0,1.0,0.0,0.0,8.0,0.0,5.0,1.0,4.0,0.0,32.0,4687.0,100.0,0.0,0.0,0.0,0.0,26.0,0.0,0.0,4.0,5000.0,4990.0,4980.0,1.0,1.0,0.0,23.0,1650.0,0.0,255.0,850.0,339.0,0.0,0.0,1245716.0,3.008,3.0,50.0
1788624525566,2026-09-05T20:08:45.566,0.0,4.0,0.0,1.0,748.0,14.100000000000001,83.0,2.62,2.62,2.62,2.62,1.0,1.0,493.0,0.0,0.0,166.0,86.0,91.5,0.007497240000000016,0.007497240000000016,4.0,0.999,24.0,16.0,16.0,-16.0,0.0,0.0,0.0,0.0,0.0,0.0,0.0,0.0,45.0,20.0,21.0,8.5,315.0,336.0,2.0,2.0,600.0,4400.0,0.0,0.0,0.0,1.0,19483.0,8.0,0.0,0.0,-27.625,0.6875,-1.1875,29.25,-27.625,750.0,0.0,390.0,200.0,0.0,0.0,254.0,20.0,0.0,8.0,0.0,1.0,0.0,0.0,8.0,0.0,5.0,1.0,4.0,0.0,33.0,4687.0,100.0,0.0,0.0,0.0,0.0,26.0,0.0,0.0,4.0,5000.0,4990.0,4980.0,1.0,1.0,0.0,23.0,1768.0,0.0,255.0,850.0,339.0,0.0,0.0,1245716.0,3.008,3.0,50.0
1788624526384,2026-09-05T20:08:46.384,0.0,4.0,0.0,1.0,744.0,14.100000000000001,83.0,2.59,2.59,2.59,2.59,0.0,1.0,273.0,1.0,0.0,654.0,87.0,92.5,0.0016602900000000087,0.0016602900000000087,5.0,0.999,24.0,15.0,15.0,-17.0,-3.0,-3.0,-3.0,-3.0,0.0,0.0,0.0,0.0,45.0,20.0,21.0,8.5,336.0,336.0,2.0,2.0,600.0,4390.0,0.0,0.0,0.0,1.0,19483.0,8.1,1.0,0.0,-27.875,-1.75,-1.4375,29.5,-27.875,750.0,0.0,390.0,200.0,0.0,0.0,254.0,20.0,0.0,8.0,0.0,1.0,0.0,0.0,8.0,0.0,5.0,1.0,4.0,0.0,33.0,4687.0,100.0,0.0,0.0,0.0,0.0,26.0,0.0,0.0,4.0,5000.0,4990.0,4980.0,1.0,1.0,0.0,23.0,1963.0,0.0,255.0,850.0,339.0,0.0,0.0,1245716.0,3.008,3.0,50.0
1788624527205,2026-09-05T20:08:47.205,0.0,4.0,0.0,1.0,748.0,14.0,83.0,2.57,2.57,2.57,2.57,0.0,1.0,102.0,0.0,0.0,92.0,87.0,92.5,0.009832019999999997,0.009832019999999997,5.0,0.999,24.0,15.0,15.0,-16.0,-3.0,-3.0,-3.0,-3.0,0.0,0.0,0.0,0.0,45.0,20.0,21.0,8.5,315.0,336.0,2.0,2.0,600.0,4390.0,0.0,0.0,0.0,1.0,19483.0,8.0,0.0,0.0,-27.6875,-0.0625,-0.5,29.3125,-27.6875,750.0,0.0,390.0,200.0,0.0,0.0,254.0,20.0,0.0,8.0,0.0,1.0,1.0,0.0,8.0,0.0,5.0,1.0,4.0,100.0,33.0,4687.0,100.0,0.0,0.0,0.0,0.0,26.0,0.0,0.0,4.0,5000.0,4990.0,4970.0,1.0,1.0,0.0,23.0,2068.0,0.0,255.0,850.0,358.0,0.0,0.0,1245716.0,3.008,3.0,50.0
1788624527934,2026-09-05T20:08:47.934,0.0,4.0,0.0,1.0,754.0,14.0,83.0,2.61,2.61,2.61,2.61,0.0,1.0,102.0,0.0,0.0,97.0,87.0,92.0,0.018003749999999985,0.018003749999999985,6.0,0.999,24.0,16.0,16.0,-17.0,-2.0,-2.0,-2.0,-2.0,0.0,0.0,0.0,0.0,45.0,21.0,21.0,8.6,336.0,336.0,2.0,2.0,600.0,4390.0,0.0,0.0,0.0,1.0,19483.0,8.3,1.0,0.0,-27.625,0.125,-1.75,29.25,-27.625,750.0,0.0,390.0,190.0,0.0,0.0,254.0,20.0,0.0,8.0,0.0,1.0,1.0,0.0,8.0,0.0,5.0,1.0,4.0,100.0,33.0,4687.0,100.0,0.0,0.0,0.0,0.0,26.0,0.0,0.0,4.0,5000.0,4990.0,4980.0,1.0,1.0,0.0,23.0,1759.0,0.0,255.0,850.0,348.0,0.0,0.0,1245716.0,3.008,3.0,50.0
1788624528701,2026-09-05T20:08:48.701,0.0,4.0,0.0,1.0,750.0,14.0,83.0,2.71,2.71,2.71,2.71,0.0,1.0,107.0,0.0,0.0,92.0,87.0,92.0,0.025008089999999983,0.025008089999999983,6.0,0.999,27.0,15.0,15.0,-21.0,-3.0,-3.0,-3.0,-3.0,0.0,0.0,0.0,0.0,45.0,23.0,22.0,9.1,357.0,357.0,2.0,2.0,610.0,4380.0,0.0,0.0,0.0,1.0,19483.0,9.0,0.0,0.0,-27.5625,-2.0,-1.0,29.1875,-27.5625,750.0,0.0,390.0,200.0,0.0,0.0,254.0,20.0,0.0,8.0,0.0,0.0,1.0,0.0,8.0,0.0,5.0,1.0,4.0,100.0,34.0,4687.0,100.0,0.0,0.0,0.0,0.0,26.0,0.0,0.0,4.0,5000.0,4990.0,4970.0,1.0,1.0,0.0,23.0,1467.0,0.0,255.0,850.0,366.0,0.0,0.0,1245716.0,3.008,3.0,50.0
1788624529796,2026-09-05T20:08:49.796,0.0,4.0,0.0,1.0,751.0,14.0,83.0,2.75,2.75,2.75,2.75,1.0,1.0,673.0,1.0,0.0,600.0,86.5,92.5,0.010320339999999983,0.010320339999999983,6.0,0.999,26.0,13.0,13.0,-32.0,12.0,12.0,12.0,12.0,0.0,0.0,0.0,0.0,45.0,49.0,45.0,24.3,735.0,672.0,10.0,11.0,1000.0,3980.0,3.0,0.0,0.0,1.0,19483.0,23.8,1.0,0.0,19.25,49.875,49.4375,28.9375,19.25,750.0,1.0,740.0,350.0,9.9,8.6,254.0,20.0,0.0,8.0,0.0,0.0,1.0,0.0,8.0,0.0,5.0,2.0,4.0,100.0,32.0,4687.0,100.0,0.0,0.0,0.0,0.0,26.0,0.0,0.0,4.0,5000.0,4990.0,4990.0,1.0,1.0,0.0,23.0,3151.0,0.0,255.0,850.0,365.0,0.0,0.0,1245716.0,3.008,3.0,50.0
1788624530594,2026-09-05T20:08:50.594,0.0,4.0,0.0,1.0,1754.0,14.100000000000001,83.0,2.14,2.14,2.14,2.14,0.0,1.0,39.0,0.0,0.0,53.0,85.5,92.0,6.073500000000065E-4,6.073500000000065E-4,6.0,0.999,51.0,26.0,26.0,-32.0,22.0,22.0,22.0,22.0,0.0,0.0,0.0,0.0,45.0,26.0,23.0,21.3,378.0,336.0,6.0,6.0,770.0,4200.0,0.0,0.0,0.0,1.0,19483.0,22.700000000000003,1.0,0.0,13.9375,13.625,12.9375,26.4375,13.9375,750.0,3.0,900.0,430.0,14.9,13.600000000000001,254.0,20.0,0.0,8.0,0.0,0.0,1.0,0.0,8.0,0.0,5.0,2.0,4.0,100.0,33.0,4687.0,100.0,0.0,0.0,0.0,0.0,26.0,0.0,0.0,4.0,5000.0,4990.0,4970.0,1.0,1.0,0.0,23.0,2752.0,0.0,255.0,850.0,336.0,0.0,0.0,1245716.0,3.008,3.0,50.0
1788624531346,2026-09-05T20:08:51.346,0.0,4.0,0.0,1.0,1669.0,14.100000000000001,83.0,4.17,4.17,4.17,4.17,1.0,1.0,522.0,0.0,0.0,166.0,84.5,92.0,0.05464300999999999,0.05464300999999999,6.0,0.999,92.0,24.0,24.0,-31.0,4.0,4.0,4.0,4.0,0.0,0.0,0.0,0.0,45.0,30.0,30.0,28.200000000000003,441.0,441.0,7.0,7.0,820.0,4160.0,0.0,0.0,0.0,1.0,19483.0,27.700000000000003,0.0,0.0,33.375,29.5,29.6875,23.4375,33.375,750.0,5.0,1170.0,560.0,23.1,21.5,254.0,20.0,0.0,8.0,0.0,0.0,1.0,0.0,8.0,0.0,5.0,2.0,4.0,100.0,33.0,4687.0,100.0,0.0,0.0,0.0,0.0,26.0,0.0,0.0,4.0,5000.0,4990.0,4980.0,1.0,1.0,0.0,23.0,4448.0,0.0,255.0,850.0,337.0,0.0,0.0,1245716.0,3.008,3.0,50.0
1788624532163,2026-09-05T20:08:52.163,0.0,4.0,0.0,1.0,1992.0,14.100000000000001,83.0,4.4,4.4,4.4,4.4,1.0,1.0,483.0,1.0,0.0,664.0,83.5,93.0,-0.002520949999999994,-0.002520949999999994,6.0,0.999,99.0,24.0,24.0,-33.0,24.0,24.0,24.0,24.0,0.0,0.0,0.0,0.0,45.0,30.0,31.0,35.7,441.0,441.0,9.0,9.0,870.0,4110.0,0.0,0.0,0.0,1.0,19483.0,33.5,1.0,0.0,31.875,31.875,31.875,21.5,31.875,750.0,8.0,1200.0,580.0,23.8,22.400000000000002,254.0,20.0,0.0,8.0,0.0,0.0,1.0,0.0,8.0,0.0,5.0,2.0,4.0,100.0,33.0,4687.0,100.0,0.0,0.0,0.0,0.0,26.0,0.0,0.0,4.0,5000.0,4990.0,4980.0,1.0,1.0,0.0,23.0,2833.0,0.0,255.0,850.0,338.0,0.0,0.0,1245716.0,3.008,3.0,50.0
1788624532929,2026-09-05T20:08:52.929,0.0,4.0,0.0,1.0,2003.0,14.100000000000001,83.0,4.71,4.71,4.71,4.71,0.0,1.0,151.0,0.0,0.0,87.0,82.5,93.0,0.05233112000000001,0.05233112000000001,5.0,0.999,99.0,24.0,24.0,-34.0,24.0,24.0,24.0,24.0,0.0,0.0,0.0,0.0,45.0,34.0,36.0,38.5,483.0,504.0,9.0,9.0,910.0,4060.0,0.0,0.0,0.0,1.0,19483.0,36.0,0.0,0.0,37.25,39.0,39.0625,22.0625,37.25,750.0,13.0,1090.0,520.0,20.6,19.200000000000003,254.0,20.0,0.0,8.0,0.0,0.0,1.0,0.0,8.0,0.0,5.0,2.0,4.0,100.0,32.0,4687.0,100.0,0.0,0.0,0.0,0.0,26.0,0.0,0.0,4.0,5000.0,4990.0,4980.0,1.0,1.0,0.0,23.0,2529.0,0.0,255.0,850.0,339.0,0.0,0.0,1245716.0,3.008,3.0,50.0
1788624533722,2026-09-05T20:08:53.722,0.0,4.0,0.0,1.0,2003.0,14.100000000000001,83.0,4.11,4.11,4.11,4.11,1.0,1.0,747.0,1.0,0.0,698.0,79.0,92.0,0.017996120000000004,0.017996120000000004,5.0,0.999,99.0,24.0,24.0,-31.0,24.0,24.0,24.0,24.0,0.0,0.0,0.0,0.0,45.0,22.0,28.0,31.8,315.0,399.0,7.0,7.0,800.0,4180.0,0.0,0.0,0.0,1.0,19483.0,24.8,1.0,0.0,12.0,22.75,22.6875,22.3125,12.0,750.0,15.0,910.0,430.0,15.200000000000001,13.9,254.0,20.0,0.0,8.0,0.0,0.0,0.0,0.0,8.0,0.0,5.0,2.0,4.0,0.0,33.0,4687.0,100.0,0.0,0.0,0.0,0.0,26.0,0.0,0.0,4.0,5000.0,4990.0,4980.0,1.0,1.0,0.0,23.0,4168.0,0.0,255.0,850.0,334.0,0.0,0.0,1245716.0,3.008,3.0,50.0
1788624534492,2026-09-05T20:08:54.492,0.0,4.0,0.0,1.0,2284.0,14.100000000000001,83.0,2.39,2.39,2.39,2.39,0.0,1.0,43.0,0.0,0.0,34.0,78.0,92.5,0.08292741999999997,0.08292741999999997,4.0,0.999,61.0,33.0,33.0,-6.0,33.0,33.0,33.0,33.0,0.0,0.0,0.0,0.0,45.0,14.0,17.0,21.400000000000002,210.0,252.0,5.0,5.0,720.0,4260.0,0.0,0.0,0.0,1.0,19483.0,17.5,1.0,0.0,2.25,5.0625,5.0625,22.125,2.25,750.0,16.0,830.0,400.0,13.0,11.600000000000001,254.0,20.0,0.0,8.0,0.0,0.0,0.0,0.0,8.0,0.0,5.0,2.0,4.0,0.0,32.0,4687.0,100.0,0.0,0.0,0.0,0.0,26.0,0.0,0.0,4.0,5000.0,4990.0,4970.0,1.0,1.0,0.0,23.0,3016.0,0.0,255.0,850.0,283.0,0.0,0.0,1245716.0,3.008,3.0,50.0
1788624535356,2026-09-05T20:08:55.356,0.0,4.0,0.0,1.0,2353.0,14.100000000000001,83.0,2.1,2.1,2.1,2.1,0.0,1.0,73.0,0.0,0.0,58.0,76.5,92.5,0.15567947,0.15567947,4.0,0.999,54.0,41.0,41.0,-18.0,25.0,25.0,25.0,25.0,0.0,0.0,0.0,0.0,44.0,14.0,15.0,19.8,210.0,231.0,5.0,5.0,720.0,4270.0,0.0,0.0,0.0,1.0,19483.0,17.6,0.0,0.0,-0.3125,-0.4375,-0.375,22.1875,-0.3125,750.0,17.0,830.0,400.0,12.8,11.600000000000001,254.0,20.0,0.0,8.0,0.0,0.0,0.0,0.0,8.0,0.0,5.0,2.0,4.0,0.0,33.0,4687.0,100.0,0.0,0.0,0.0,0.0,26.0,0.0,0.0,4.0,5000.0,4990.0,4980.0,1.0,1.0,0.0,23.0,4077.0,0.0,255.0,850.0,248.0,0.0,0.0,1245716.0,3.008,3.0,50.0
1788624536171,2026-09-05T20:08:56.171,0.0,4.0,0.0,1.0,2451.0,14.200000000000001,83.0,2.04,2.04,2.04,2.04,1.0,1.0,776.0,1.0,0.0,771.0,75.0,93.5,0.10461187999999999,0.10461187999999999,3.0,0.999,53.0,43.0,43.0,-15.0,25.0,25.0,25.0,25.0,0.0,0.0,0.0,0.0,44.0,14.0,14.0,19.900000000000002,210.0,210.0,5.0,5.0,730.0,4250.0,0.0,0.0,0.0,1.0,19483.0,18.0,1.0,0.0,-0.4375,-0.4375,-1.0625,22.125,-0.4375,750.0,17.0,840.0,400.0,13.3,11.9,254.0,20.0,0.0,8.0,0.0,0.0,0.0,0.0,8.0,0.0,5.0,2.0,4.0,0.0,33.0,4687.0,100.0,0.0,0.0,0.0,0.0,26.0,0.0,0.0,4.0,5000.0,4990.0,4980.0,1.0,1.0,0.0,23.0,2677.0,0.0,255.0,850.0,232.0,0.0,0.0,1245716.0,3.008,3.0,50.0
1788624536947,2026-09-05T20:08:56.947,0.0,4.0,0.0,1.0,2542.0,14.100000000000001,83.0,1.94,1.94,1.94,1.94,0.0,1.0,102.0,0.0,0.0,92.0,72.5,92.0,0.08546820999999999,0.08546820999999999,3.0,0.999,55.0,43.0,43.0,5.0,28.0,28.0,28.0,28.0,0.0,0.0,0.0,0.0,44.0,14.0,14.0,20.3,210.0,210.0,5.0,5.0,740.0,4240.0,0.0,0.0,0.0,1.0,19483.0,18.2,0.0,0.0,-0.5625,-0.5625,-0.875,21.375,-0.5625,750.0,18.0,850.0,410.0,13.4,12.200000000000001,254.0,20.0,0.0,8.0,0.0,0.0,0.0,0.0,8.0,0.0,5.0,2.0,4.0,0.0,32.0,4687.0,100.0,0.0,0.0,0.0,0.0,26.0,0.0,0.0,4.0,5000.0,4990.0,4980.0,1.0,1.0,0.0,23.0,3975.0,0.0,255.0,850.0,228.0,0.0,0.0,1245716.0,3.008,3.0,50.0
1788624537948,2026-09-05T20:08:57.948,0.0,4.0,0.0,1.0,2609.0,14.100000000000001,84.0,1.87,1.87,1.87,1.87,1.0,1.0,532.0,1.0,0.0,634.0,70.5,92.5,0.06019002000000001,0.06019002000000001,2.0,0.999,56.0,43.0,43.0,6.0,28.0,28.0,28.0,28.0,0.0,0.0,0.0,0.0,44.0,14.0,14.0,20.1,210.0,210.0,5.0,5.0,730.0,4230.0,0.0,0.0,0.0,1.0,19483.0,18.5,1.0,0.0,-1.125,-1.125,-1.6875,21.25,-1.125,750.0,18.0,850.0,410.0,13.600000000000001,12.200000000000001,254.0,20.0,0.0,8.0,0.0,0.0,0.0,0.0,8.0,0.0,5.0,2.0,4.0,0.0,32.0,4687.0,100.0,0.0,0.0,0.0,0.0,26.0,0.0,0.0,4.0,5000.0,4990.0,4990.0,1.0,1.0,0.0,23.0,5000.0,0.0,255.0,850.0,223.0,0.0,0.0,1245716.0,3.008,3.0,50.0
1788624538769,2026-09-05T20:08:58.769,0.0,4.0,0.0,1.0,2687.0,14.100000000000001,84.0,1.95,1.95,1.95,1.95,1.0,1.0,722.0,1.0,0.0,620.0,68.0,92.5,0.048775540000000006,0.048775540000000006,2.0,0.999,63.0,42.0,42.0,3.0,35.0,35.0,35.0,35.0,0.0,0.0,0.0,0.0,44.0,15.0,15.0,22.900000000000002,231.0,231.0,6.0,6.0,770.0,4210.0,0.0,0.0,0.0,1.0,19483.0,21.6,0.0,0.0,4.0,4.0,4.25,21.6875,4.0,750.0,19.0,960.0,460.0,16.8,15.4,254.0,20.0,0.0,8.0,0.0,0.0,0.0,0.0,8.0,0.0,5.0,2.0,4.0,0.0,32.0,4687.0,100.0,0.0,0.0,0.0,0.0,27.0,0.0,0.0,4.0,5000.0,4990.0,4980.0,1.0,1.0,0.0,23.0,4557.0,0.0,255.0,850.0,225.0,0.0,0.0,1245716.0,3.008,3.0,50.0
1788624539574,2026-09-05T20:08:59.574,0.0,4.0,0.0,1.0,2763.0,14.100000000000001,84.0,2.08,2.08,2.08,2.08,1.0,1.0,751.0,1.0,0.0,727.0,66.0,92.5,0.026984259999999982,0.026984259999999982,1.0,0.999,66.0,41.0,41.0,3.0,28.0,28.0,28.0,28.0,0.0,0.0,0.0,0.0,44.0,15.0,16.0,23.8,210.0,231.0,6.0,6.0,770.0,4210.0,0.0,0.0,0.0,1.0,19483.0,20.900000000000002,0.0,0.0,3.375,3.3125,3.1875,21.125,3.375,750.0,19.0,840.0,400.0,13.9,12.5,254.0,20.0,0.0,8.0,0.0,0.0,0.0,0.0,8.0,0.0,5.0,2.0,4.0,0.0,33.0,4687.0,100.0,0.0,0.0,0.0,0.0,27.0,0.0,0.0,4.0,5000.0,4990.0,4980.0,1.0,1.0,0.0,23.0,5000.0,0.0,255.0,850.0,226.0,0.0,0.0,1245716.0,3.008,3.0,50.0
1788624540332,2026-09-05T20:09:00.332,0.0,4.0,0.0,1.0,2621.0,14.0,85.0,0.0,0.0,0.0,0.0,0.0,0.0,29.0,1.0,0.0,712.0,61.5,92.0,1.9839999999993196E-5,1.9839999999993196E-5,1.0,0.999,0.0,43.0,43.0,4.0,4.0,4.0,4.0,4.0,0.0,0.0,0.0,0.0,44.0,14.0,15.0,18.3,210.0,231.0,5.0,5.0,720.0,4260.0,0.0,0.0,0.0,1.0,19483.0,16.7,1.0,0.0,-19.9375,-19.9375,-20.125,21.0625,-19.9375,750.0,20.0,390.0,200.0,0.0,0.0,254.0,20.0,0.0,8.0,0.0,0.0,1.0,0.0,8.0,0.0,5.0,0.0,4.0,100.0,32.0,4687.0,100.0,0.0,0.0,0.0,0.0,27.0,0.0,0.0,4.0,5000.0,4990.0,4980.0,1.0,1.0,0.0,23.0,2700.0,0.0,255.0,850.0,227.0,0.0,0.0,1245716.0,3.008,3.0,50.0
1788624541253,2026-09-05T20:09:01.253,0.0,4.0,0.0,1.0,1519.0,14.100000000000001,85.0,2.56,2.56,2.56,2.56,0.0,0.0,0.0,0.0,0.0,0.0,63.0,91.5,1.9839999999993196E-5,1.9839999999993196E-5,1.0,1.389,0.0,43.0,42.0,2.0,2.0,2.0,2.0,2.0,0.0,0.0,0.0,0.0,44.0,13.0,13.0,9.9,210.0,210.0,2.0,2.0,610.0,4370.0,0.0,0.0,0.0,1.0,19483.0,9.600000000000001,0.0,0.0,-24.5625,-21.3125,-15.6875,26.1875,-24.5625,750.0,21.0,470.0,220.0,2.4000000000000004,1.3,254.0,20.0,0.0,8.0,0.0,0.0,1.0,0.0,8.0,0.0,5.0,1.0,4.0,100.0,33.0,4687.0,100.0,0.0,0.0,0.0,0.0,27.0,0.0,0.0,4.0,5000.0,4990.0,4970.0,1.0,1.0,0.0,23.0,2211.0,0.0,255.0,850.0,222.0,0.0,0.0,1245716.0,3.008,3.0,50.0
1788624541954,2026-09-05T20:09:01.954,0.0,4.0,0.0,1.0,1032.0,14.100000000000001,85.0,1.6500000000000001,1.6500000000000001,1.6500000000000001,1.6500000000000001,1.0,0.0,781.0,1.0,0.0,659.0,65.5,91.5,1.9839999999993196E-5,1.9839999999993196E-5,1.0,1.039,0.0,31.0,31.0,7.0,7.0,7.0,7.0,7.0,0.0,0.0,0.0,0.0,44.0,13.0,12.0,6.4,210.0,210.0,1.0,1.0,560.0,4420.0,0.0,0.0,0.0,1.0,19483.0,6.300000000000001,1.0,0.0,-27.1875,-19.125,-14.3125,28.8125,-27.1875,750.0,21.0,440.0,200.0,1.5,0.4,254.0,20.0,0.0,8.0,0.0,0.0,1.0,0.0,8.0,0.0,5.0,1.0,4.0,100.0,33.0,4687.0,100.0,0.0,0.0,0.0,0.0,27.0,0.0,0.0,4.0,5000.0,4990.0,4990.0,1.0,1.0,0.0,23.0,1982.0,0.0,255.0,850.0,218.0,0.0,0.0,1245716.0,3.008,3.0,50.0
1788624542730,2026-09-05T20:09:02.730,0.0,4.0,0.0,1.0,1011.0,14.100000000000001,85.0,1.49,1.49,1.49,1.49,1.0,1.0,747.0,1.0,0.0,800.0,66.0,91.0,-0.004848099999999994,-0.004848099999999994,1.0,0.999,4.0,34.0,34.0,8.0,8.0,8.0,8.0,8.0,0.0,0.0,0.0,0.0,44.0,13.0,12.0,7.9,210.0,189.0,2.0,2.0,590.0,4390.0,0.0,0.0,0.0,1.0,19483.0,7.9,0.0,0.0,-28.5625,-22.125,-17.6875,30.1875,-28.5625,750.0,21.0,420.0,200.0,0.0,0.0,254.0,20.0,0.0,8.0,0.0,0.0,1.0,0.0,8.0,0.0,5.0,1.0,4.0,100.0,34.0,4687.0,100.0,0.0,0.0,0.0,0.0,27.0,0.0,0.0,4.0,5000.0,4990.0,4980.0,1.0,1.0,0.0,23.0,4281.0,0.0,255.0,850.0,211.0,0.0,0.0,1245716.0,3.008,3.0,50.0
1788624543617,2026-09-05T20:09:03.617,0.0,4.0,0.0,1.0,1577.0,14.100000000000001,85.0,1.61,1.61,1.61,1.61,0.0,1.0,48.0,0.0,0.0,43.0,68.0,91.5,0.011953160000000018,0.011953160000000018,1.0,0.999,6.0,37.0,37.0,7.0,7.0,7.0,7.0,7.0,0.0,0.0,0.0,0.0,45.0,14.0,13.0,11.9,210.0,210.0,3.0,3.0,650.0,4330.0,0.0,0.0,0.0,1.0,19483.0,11.8,0.0,0.0,-24.4375,-19.4375,-14.625,26.0625,-24.4375,750.0,21.0,420.0,200.0,0.0,0.0,254.0,20.0,0.0,8.0,0.0,0.0,1.0,0.0,8.0,0.0,5.0,1.0,4.0,100.0,32.0,4687.0,100.0,0.0,0.0,0.0,0.0,27.0,0.0,0.0,4.0,5000.0,4990.0,4990.0,1.0,1.0,0.0,23.0,3382.0,0.0,255.0,850.0,210.0,0.0,0.0,1245716.0,3.008,3.0,50.0
1788624544357,2026-09-05T20:09:04.357,0.0,4.0,0.0,1.0,1632.0,14.200000000000001,85.0,0.0,0.0,0.0,0.0,0.0,0.0,24.0,0.0,0.0,29.0,67.5,91.0,1.9839999999993196E-5,1.9839999999993196E-5,1.0,0.999,0.0,37.0,37.0,-14.0,-14.0,-14.0,-14.0,-14.0,0.0,0.0,0.0,0.0,45.0,14.0,14.0,12.4,210.0,210.0,3.0,3.0,640.0,4330.0,0.0,0.0,0.0,1.0,19483.0,11.8,1.0,0.0,-24.25,-24.125,-24.5625,25.875,-24.25,750.0,21.0,430.0,200.0,0.0,0.0,254.0,20.0,0.0,8.0,0.0,0.0,0.0,0.0,8.0,0.0,5.0,0.0,4.0,0.0,33.0,4687.0,100.0,0.0,0.0,0.0,0.0,27.0,0.0,0.0,4.0,5000.0,4990.0,4980.0,1.0,1.0,0.0,23.0,4060.0,0.0,255.0,850.0,211.0,0.0,0.0,1245716.0,3.008,3.0,50.0
1788624545083,2026-09-05T20:09:05.083,0.0,4.0,0.0,1.0,1636.0,14.100000000000001,85.0,0.0,0.0,0.0,0.0,0.0,0.0,0.0,0.0,0.0,0.0,69.0,91.0,1.9839999999993196E-5,1.9839999999993196E-5,1.0,0.999,0.0,37.0,37.0,6.0,6.0,6.0,6.0,6.0,0.0,0.0,0.0,0.0,45.0,14.0,14.0,12.4,210.0,210.0,3.0,3.0,640.0,4340.0,0.0,0.0,0.0,1.0,19483.0,11.8,0.0,0.0,-24.3125,-24.3125,-24.5625,25.9375,-24.3125,750.0,21.0,480.0,220.0,0.5,0.6000000000000001,254.0,20.0,0.0,8.0,0.0,0.0,0.0,0.0,8.0,0.0,5.0,0.0,4.0,0.0,32.0,4687.0,100.0,0.0,0.0,0.0,0.0,27.0,0.0,0.0,4.0,5000.0,4990.0,4990.0,1.0,1.0,0.0,23.0,3350.0,0.0,255.0,850.0,212.0,0.0,0.0,1245716.0,3.008,3.0,50.0
1788624546214,2026-09-05T20:09:06.214,0.0,4.0,0.0,1.0,1636.0,14.100000000000001,85.0,0.0,0.0,0.0,0.0,0.0,0.0,0.0,0.0,0.0,0.0,71.5,90.5,1.9839999999993196E-5,1.9839999999993196E-5,1.0,0.999,0.0,37.0,37.0,5.0,5.0,5.0,5.0,5.0,0.0,0.0,0.0,0.0,45.0,14.0,14.0,12.5,210.0,210.0,3.0,3.0,640.0,4340.0,0.0,0.0,0.0,1.0,19483.0,11.9,1.0,0.0,-24.4375,-24.4375,-24.6875,26.0625,-24.4375,750.0,22.0,500.0,230.0,0.2,0.0,254.0,20.0,0.0,8.0,0.0,0.0,0.0,0.0,8.0,0.0,5.0,0.0,4.0,0.0,31.0,4687.0,100.0,0.0,0.0,0.0,0.0,27.0,0.0,0.0,4.0,5000.0,4990.0,4980.0,1.0,1.0,0.0,23.0,4275.0,0.0,255.0,850.0,212.0,0.0,0.0,1245716.0,3.008,3.0,50.0
1788624546982,2026-09-05T20:09:06.982,0.0,4.0,0.0,1.0,1674.0,14.100000000000001,85.0,0.0,0.0,0.0,0.0,0.0,0.0,0.0,0.0,0.0,0.0,74.5,90.0,1.9839999999993196E-5,1.9839999999993196E-5,1.0,0.999,0.0,38.0,38.0,6.0,6.0,6.0,6.0,6.0,0.0,0.0,0.0,0.0,45.0,14.0,14.0,13.100000000000001,210.0,210.0,3.0,3.0,650.0,4330.0,0.0,0.0,0.0,1.0,19483.0,12.3,0.0,0.0,-23.5,-23.5,-23.8125,25.125,-23.5,750.0,23.0,540.0,250.0,1.2000000000000002,0.2,254.0,20.0,0.0,8.0,0.0,0.0,0.0,0.0,8.0,0.0,5.0,0.0,4.0,0.0,31.0,4687.0,100.0,0.0,0.0,0.0,0.0,27.0,0.0,0.0,4.0,5000.0,4990.0,4980.0,1.0,1.0,0.0,23.0,1903.0,0.0,255.0,850.0,212.0,0.0,0.0,1245716.0,3.008,3.0,50.0
1788624547764,2026-09-05T20:09:07.764,0.0,4.0,0.0,1.0,1797.0,14.100000000000001,85.0,0.0,0.0,0.0,0.0,0.0,0.0,0.0,0.0,0.0,0.0,77.5,90.5,1.9839999999993196E-5,1.9839999999993196E-5,1.0,0.999,0.0,40.0,40.0,4.0,4.0,4.0,4.0,4.0,0.0,0.0,0.0,0.0,45.0,13.0,14.0,14.200000000000001,210.0,210.0,3.0,3.0,660.0,4320.0,0.0,0.0,0.0,1.0,19483.0,13.0,1.0,0.0,-9.125,-15.125,-23.0625,24.1875,-9.125,750.0,24.0,780.0,370.0,8.4,7.4,254.0,20.0,0.0,8.0,0.0,0.0,0.0,0.0,8.0,0.0,5.0,2.0,4.0,0.0,30.0,4687.0,100.0,0.0,0.0,0.0,0.0,27.0,0.0,0.0,4.0,5000.0,4990.0,4980.0,1.0,1.0,0.0,23.0,2310.0,0.0,255.0,850.0,212.0,0.0,0.0,1245716.0,3.008,3.0,50.0
1788624548514,2026-09-05T20:09:08.514,0.0,4.0,0.0,1.0,1943.0,14.200000000000001,86.0,2.41,2.41,2.41,2.41,0.0,0.0,73.0,0.0,0.0,9.0,78.5,90.5,1.9839999999993196E-5,1.9839999999993196E-5,1.0,1.329,0.0,46.0,46.0,-17.0,45.0,45.0,45.0,45.0,0.0,0.0,0.0,0.0,45.0,16.0,14.0,15.600000000000001,231.0,231.0,5.0,4.0,690.0,4290.0,0.0,0.0,0.0,1.0,19483.0,16.400000000000002,1.0,0.0,6.5625,3.1875,2.125,22.625,6.5625,750.0,26.0,920.0,440.0,13.100000000000001,12.0,254.0,20.0,0.0,8.0,0.0,0.0,0.0,0.0,8.0,0.0,5.0,2.0,4.0,0.0,32.0,4687.0,100.0,0.0,0.0,0.0,0.0,27.0,0.0,0.0,4.0,5000.0,4990.0,4980.0,1.0,1.0,0.0,23.0,1945.0,0.0,255.0,850.0,212.0,0.0,0.0,1245716.0,3.008,3.0,50.0
1788624549370,2026-09-05T20:09:09.370,0.0,4.0,0.0,1.0,2063.0,14.100000000000001,86.0,2.18,2.18,2.18,2.18,0.0,1.0,39.0,0.0,0.0,34.0,78.5,91.0,0.02458081000000001,0.02458081000000001,1.0,0.999,5.0,37.0,37.0,-22.0,13.0,13.0,13.0,13.0,0.0,0.0,0.0,0.0,45.0,13.0,15.0,15.5,210.0,231.0,4.0,4.0,670.0,4310.0,0.0,0.0,0.0,1.0,19483.0,13.8,0.0,0.0,-21.25,-21.25,-19.9375,22.875,-21.25,750.0,27.0,390.0,200.0,0.0,0.0,254.0,20.0,0.0,8.0,0.0,0.0,1.0,0.0,8.0,0.0,5.0,2.0,4.0,100.0,29.0,4687.0,100.0,0.0,0.0,0.0,0.0,27.0,0.0,0.0,4.0,5000.0,4990.0,4980.0,1.0,1.0,0.0,23.0,3447.0,0.0,255.0,850.0,212.0,0.0,0.0,1245716.0,3.008,3.0,50.0
1788624550239,2026-09-05T20:09:10.239,0.0,4.0,0.0,1.0,1225.0,14.100000000000001,86.0,1.84,1.84,1.84,1.84,0.0,1.0,24.0,0.0,0.0,19.0,79.0,92.5,0.08089784,0.08089784,1.0,0.999,6.0,34.0,34.0,-1.0,1.0,1.0,1.0,1.0,0.0,0.0,0.0,0.0,45.0,13.0,13.0,7.1000000000000005,210.0,210.0,1.0,1.0,570.0,4410.0,0.0,0.0,0.0,1.0,19483.0,6.800000000000001,1.0,0.0,8.5,-8.3125,-8.75,28.0625,8.5,750.0,30.0,750.0,350.0,8.4,7.5,254.0,20.0,0.0,8.0,0.0,0.0,1.0,0.0,8.0,0.0,5.0,2.0,4.0,100.0,30.0,4687.0,100.0,0.0,0.0,0.0,0.0,27.0,0.0,0.0,4.0,5000.0,4990.0,4980.0,1.0,1.0,0.0,23.0,1586.0,0.0,255.0,850.0,213.0,0.0,0.0,1245716.0,3.008,3.0,50.0
1788624551075,2026-09-05T20:09:11.075,0.0,4.0,0.0,1.0,1046.0,14.200000000000001,86.0,3.87,3.87,3.87,3.87,1.0,1.0,810.0,1.0,0.0,673.0,77.0,89.5,0.06514952000000002,0.06514952000000002,1.0,0.999,10.0,18.0,18.0,-36.0,10.0,10.0,10.0,10.0,0.0,0.0,0.0,0.0,45.0,31.0,30.0,26.8,441.0,441.0,7.0,7.0,820.0,4160.0,0.0,0.0,0.0,1.0,19483.0,26.400000000000002,0.0,0.0,19.5,23.25,23.1875,26.3125,19.5,750.0,32.0,900.0,430.0,13.5,12.5,254.0,20.0,0.0,8.0,0.0,0.0,1.0,0.0,8.0,0.0,5.0,2.0,4.0,100.0,31.0,4687.0,100.0,0.0,0.0,0.0,0.0,27.0,0.0,0.0,4.0,5000.0,4990.0,4980.0,1.0,1.0,0.0,23.0,2331.0,0.0,255.0,850.0,213.0,0.0,0.0,1245716.0,3.008,3.0,50.0
1788624551854,2026-09-05T20:09:11.854,0.0,4.0,0.0,1.0,1936.0,14.100000000000001,86.0,2.88,2.88,2.88,2.88,1.0,1.0,825.0,1.0,0.0,834.0,77.5,90.0,0.022932730000000012,0.022932730000000012,1.0,0.999,12.0,25.0,25.0,-18.0,21.0,21.0,21.0,21.0,0.0,0.0,0.0,0.0,45.0,26.0,24.0,24.5,378.0,357.0,7.0,7.0,810.0,4170.0,0.0,0.0,0.0,1.0,19483.0,25.200000000000003,1.0,0.0,10.6875,18.125,17.8125,23.625,10.6875,750.0,34.0,740.0,350.0,8.9,8.1,254.0,20.0,0.0,8.0,0.0,0.0,0.0,0.0,8.0,0.0,5.0,2.0,4.0,0.0,30.0,4687.0,100.0,0.0,0.0,0.0,0.0,27.0,0.0,0.0,3.9000000000000004,5000.0,4990.0,4980.0,1.0,1.0,0.0,23.0,2524.0,0.0,255.0,850.0,213.0,0.0,0.0,1245716.0,3.008,3.0,50.0
1788624552570,2026-09-05T20:09:12.570,0.0,4.0,0.0,1.0,1878.0,14.100000000000001,86.0,2.2600000000000002,2.2600000000000002,2.2600000000000002,2.2600000000000002,1.0,1.0,654.0,1.0,0.0,693.0,78.0,91.5,0.019361889999999993,0.019361889999999993,0.0,0.999,12.0,35.0,35.0,-2.0,35.0,35.0,35.0,35.0,0.0,0.0,0.0,0.0,45.0,14.0,16.0,16.1,210.0,231.0,4.0,4.0,670.0,4310.0,0.0,0.0,0.0,1.0,19483.0,14.0,1.0,0.0,-6.4375,-2.625,-0.8125,23.625,-6.4375,750.0,36.0,580.0,270.0,4.1000000000000005,3.3000000000000003,254.0,20.0,0.0,8.0,0.0,0.0,0.0,0.0,8.0,0.0,5.0,2.0,4.0,0.0,32.0,4687.0,100.0,0.0,0.0,0.0,0.0,27.0,0.0,0.0,3.9000000000000004,5000.0,4990.0,4970.0,1.0,1.0,0.0,23.0,1945.0,0.0,255.0,850.0,213.0,0.0,0.0,1245716.0,3.008,3.0,50.0
1788624553347,2026-09-05T20:09:13.347,0.0,4.0,0.0,1.0,1933.0,14.200000000000001,86.0,1.76,1.76,1.76,1.76,0.0,1.0,63.0,0.0,0.0,73.0,77.0,90.5,0.08670426999999997,0.08670426999999997,0.0,0.999,12.0,42.0,42.0,-14.0,8.0,8.0,8.0,8.0,0.0,0.0,0.0,0.0,45.0,13.0,13.0,14.4,210.0,210.0,4.0,4.0,680.0,4300.0,0.0,0.0,0.0,1.0,19483.0,13.8,0.0,0.0,-21.75,-16.0,-15.6875,23.0625,-21.75,750.0,37.0,390.0,200.0,0.0,0.0,254.0,20.0,0.0,8.0,0.0,0.0,0.0,0.0,8.0,0.0,5.0,2.0,4.0,0.0,28.0,4687.0,100.0,0.0,0.0,0.0,0.0,27.0,0.0,0.0,3.9000000000000004,5000.0,4990.0,4980.0,1.0,1.0,0.0,23.0,1846.0,0.0,255.0,850.0,213.0,0.0,0.0,1245716.0,3.008,3.0,50.0
1788624554394,2026-09-05T20:09:14.394,0.0,4.0,0.0,1.0,2020.0,14.200000000000001,86.0,0.0,0.0,0.0,0.0,0.0,0.0,63.0,0.0,0.0,29.0,75.5,90.0,1.9839999999993196E-5,1.9839999999993196E-5,0.0,0.999,14.0,42.0,42.0,-5.0,-5.0,-5.0,-5.0,-5.0,0.0,0.0,0.0,0.0,45.0,13.0,13.0,15.200000000000001,210.0,210.0,4.0,4.0,690.0,4290.0,0.0,0.0,0.0,1.0,19483.0,14.3,1.0,0.0,-21.5625,-21.5625,-21.8125,22.8125,-21.5625,750.0,38.0,390.0,200.0,0.0,0.0,254.0,20.0,0.0,8.0,0.0,0.0,0.0,0.0,8.0,0.0,5.0,0.0,4.0,0.0,31.0,4687.0,100.0,0.0,0.0,0.0,0.0,27.0,0.0,0.0,3.9000000000000004,5000.0,4990.0,4980.0,1.0,1.0,0.0,23.0,3867.0,0.0,255.0,850.0,213.0,0.0,0.0,1245716.0,3.008,3.0,50.0
1788624555176,2026-09-05T20:09:15.176,0.0,4.0,0.0,1.0,2081.0,14.100000000000001,86.0,0.0,0.0,0.0,0.0,0.0,0.0,0.0,0.0,0.0,0.0,76.5,90.5,1.9839999999993196E-5,1.9839999999993196E-5,0.0,0.999,0.0,42.0,42.0,4.0,4.0,4.0,4.0,4.0,0.0,0.0,0.0,0.0,45.0,13.0,14.0,15.8,210.0,210.0,4.0,4.0,690.0,4290.0,0.0,0.0,0.0,1.0,19483.0,14.700000000000001,0.0,0.0,-21.5625,-21.5625,-21.75,22.75,-21.5625,750.0,38.0,390.0,200.0,0.0,0.0,254.0,20.0,0.0,8.0,0.0,0.0,0.0,0.0,8.0,0.0,5.0,0.0,4.0,0.0,30.0,4687.0,100.0,0.0,0.0,0.0,0.0,27.0,0.0,0.0,3.9000000000000004,5000.0,4990.0,4980.0,1.0,1.0,0.0,23.0,4615.0,0.0,255.0,850.0,213.0,0.0,0.0,1245716.0,3.008,3.0,50.0
1788624556002,2026-09-05T20:09:16.002,0.0,4.0,0.0,1.0,2070.0,14.100000000000001,86.0,0.0,0.0,0.0,0.0,0.0,0.0,0.0,0.0,0.0,0.0,78.5,90.0,1.9839999999993196E-5,1.9839999999993196E-5,0.0,0.999,0.0,42.0,42.0,4.0,4.0,4.0,4.0,4.0,0.0,0.0,0.0,0.0,45.0,13.0,14.0,15.8,210.0,210.0,4.0,4.0,690.0,4310.0,0.0,0.0,0.0,1.0,19483.0,14.9,1.0,0.0,-21.4375,-21.4375,-21.6875,22.625,-21.4375,750.0,39.0,390.0,200.0,0.0,0.0,254.0,20.0,0.0,8.0,0.0,0.0,0.0,0.0,8.0,0.0,5.0,0.0,4.0,0.0,34.0,4687.0,100.0,0.0,0.0,0.0,0.0,27.0,0.0,0.0,3.9000000000000004,5000.0,4990.0,4970.0,1.0,1.0,0.0,23.0,3453.0,0.0,255.0,850.0,213.0,0.0,0.0,1245716.0,3.008,3.0,50.0
1788624556800,2026-09-05T20:09:16.800,0.0,4.0,0.0,1.0,2111.0,14.100000000000001,86.0,0.0,0.0,0.0,0.0,0.0,0.0,0.0,0.0,0.0,0.0,81.5,90.0,1.9839999999993196E-5,1.9839999999993196E-5,0.0,0.999,0.0,42.0,42.0,4.0,4.0,4.0,4.0,4.0,0.0,0.0,0.0,0.0,45.0,13.0,14.0,16.2,210.0,210.0,4.0,4.0,690.0,4300.0,0.0,0.0,0.0,1.0,19483.0,15.100000000000001,0.0,0.0,-21.5,-21.5,-21.75,22.625,-21.5,750.0,40.0,390.0,200.0,0.0,0.0,254.0,20.0,0.0,8.0,0.0,0.0,0.0,0.0,8.0,0.0,5.0,0.0,4.0,0.0,29.0,4687.0,100.0,0.0,0.0,0.0,0.0,27.0,0.0,0.0,3.9000000000000004,5000.0,4990.0,4980.0,1.0,1.0,0.0,23.0,4258.0,0.0,255.0,850.0,213.0,0.0,0.0,1245716.0,3.008,3.0,50.0
1788624557566,2026-09-05T20:09:17.566,0.0,4.0,0.0,1.0,2130.0,14.100000000000001,86.0,0.0,0.0,0.0,0.0,0.0,0.0,0.0,0.0,0.0,0.0,84.0,90.5,1.9839999999993196E-5,1.9839999999993196E-5,0.0,0.999,0.0,42.0,42.0,4.0,4.0,4.0,4.0,4.0,0.0,0.0,0.0,0.0,45.0,14.0,14.0,16.3,210.0,210.0,4.0,4.0,690.0,4290.0,0.0,0.0,0.0,1.0,19483.0,15.4,0.0,0.0,-21.5625,-21.5625,-21.8125,22.625,-21.5625,750.0,40.0,390.0,200.0,0.0,0.0,254.0,20.0,0.0,8.0,0.0,0.0,0.0,0.0,8.0,0.0,5.0,0.0,4.0,0.0,29.0,4687.0,100.0,0.0,0.0,0.0,0.0,27.0,0.0,0.0,3.9000000000000004,5000.0,4990.0,4980.0,1.0,1.0,0.0,23.0,4597.0,0.0,255.0,850.0,213.0,0.0,0.0,1245716.0,3.008,3.0,50.0
1788624558346,2026-09-05T20:09:18.346,0.0,4.0,0.0,1.0,2138.0,14.100000000000001,86.0,0.0,0.0,0.0,0.0,0.0,0.0,0.0,0.0,0.0,0.0,86.5,91.0,1.9839999999993196E-5,1.9839999999993196E-5,0.0,0.999,0.0,42.0,42.0,4.0,4.0,4.0,4.0,4.0,0.0,0.0,0.0,0.0,45.0,14.0,14.0,16.5,210.0,210.0,4.0,4.0,700.0,4290.0,0.0,0.0,0.0,1.0,19483.0,15.600000000000001,1.0,0.0,-21.3125,-21.3125,-21.5625,22.375,-21.3125,750.0,40.0,390.0,200.0,0.0,0.0,254.0,20.0,0.0,8.0,0.0,0.0,0.0,0.0,8.0,0.0,5.0,0.0,4.0,0.0,33.0,4687.0,100.0,0.0,0.0,0.0,0.0,27.0,0.0,0.0,3.9000000000000004,5000.0,4990.0,4980.0,1.0,1.0,0.0,23.0,3641.0,0.0,255.0,850.0,213.0,0.0,0.0,1245716.0,3.008,3.0,50.0
1788624559106,2026-09-05T20:09:19.106,0.0,4.0,0.0,1.0,2158.0,14.100000000000001,86.0,0.0,0.0,0.0,0.0,0.0,0.0,0.0,0.0,0.0,0.0,88.0,90.5,1.9839999999993196E-5,1.9839999999993196E-5,0.0,0.999,0.0,42.0,42.0,5.0,5.0,5.0,5.0,5.0,0.0,0.0,0.0,0.0,45.0,14.0,14.0,16.400000000000002,210.0,210.0,4.0,4.0,700.0,4280.0,0.0,0.0,0.0,1.0,19483.0,15.5,0.0,0.0,-21.5,-21.5,-21.75,22.5625,-21.5,750.0,40.0,390.0,200.0,0.0,0.0,254.0,20.0,0.0,8.0,0.0,0.0,0.0,0.0,8.0,0.0,5.0,0.0,4.0,0.0,32.0,4687.0,100.0,0.0,0.0,0.0,0.0,27.0,0.0,0.0,3.9000000000000004,5000.0,4990.0,4980.0,1.0,1.0,0.0,23.0,3801.0,0.0,255.0,850.0,213.0,0.0,0.0,1245716.0,3.008,3.0,50.0
1788624559925,2026-09-05T20:09:19.925,0.0,4.0,0.0,1.0,2170.0,14.100000000000001,86.0,0.0,0.0,0.0,0.0,0.0,0.0,0.0,0.0,0.0,0.0,90.0,91.0,1.9839999999993196E-5,1.9839999999993196E-5,0.0,0.999,0.0,42.0,42.0,5.0,5.0,5.0,5.0,5.0,0.0,0.0,0.0,0.0,45.0,14.0,14.0,16.400000000000002,210.0,210.0,4.0,4.0,700.0,4290.0,0.0,0.0,0.0,1.0,19483.0,15.600000000000001,1.0,0.0,-21.5,-21.5,-21.75,22.5625,-21.5,750.0,41.0,390.0,200.0,0.0,0.0,254.0,20.0,0.0,8.0,0.0,0.0,0.0,0.0,8.0,0.0,5.0,0.0,4.0,0.0,31.0,4687.0,100.0,0.0,0.0,0.0,0.0,27.0,0.0,0.0,3.9000000000000004,5000.0,4990.0,4980.0,1.0,1.0,0.0,23.0,3436.0,0.0,255.0,850.0,213.0,0.0,0.0,1245716.0,3.008,3.0,50.0
1788624560551,2026-09-05T20:09:20.551,0.0,4.0,0.0,1.0,2194.0,14.100000000000001,86.0,0.0,0.0,0.0,0.0,0.0,0.0,0.0,0.0,0.0,0.0,92.0,91.0,1.9839999999993196E-5,1.9839999999993196E-5,0.0,0.999,0.0,42.0,42.0,5.0,5.0,5.0,5.0,5.0,0.0,0.0,0.0,0.0,45.0,14.0,14.0,16.5,210.0,210.0,4.0,4.0,700.0,4270.0,0.0,0.0,0.0,1.0,19483.0,15.8,1.0,0.0,-21.5,-21.5,-21.75,22.5,-21.5,750.0,41.0,390.0,200.0,0.0,0.0,254.0,20.0,0.0,8.0,0.0,0.0,0.0,0.0,8.0,0.0,5.0,0.0,4.0,0.0,27.0,4687.0,100.0,0.0,0.0,0.0,0.0,27.0,0.0,0.0,3.9000000000000004,5000.0,4990.0,4990.0,1.0,1.0,0.0,23.0,4581.0,0.0,255.0,850.0,213.0,0.0,0.0,1245716.0,3.008,3.0,50.0
1788624561359,2026-09-05T20:09:21.359,0.0,4.0,0.0,1.0,2206.0,14.100000000000001,86.0,0.0,0.0,0.0,0.0,0.0,0.0,0.0,0.0,0.0,0.0,92.5,91.0,1.9839999999993196E-5,1.9839999999993196E-5,0.0,0.999,0.0,42.0,42.0,4.0,4.0,4.0,4.0,4.0,0.0,0.0,0.0,0.0,45.0,14.0,14.0,16.7,210.0,210.0,4.0,4.0,700.0,4280.0,0.0,0.0,0.0,1.0,19483.0,15.9,0.0,0.0,-22.0625,-22.0625,-22.3125,23.0625,-22.0625,750.0,41.0,390.0,200.0,0.0,0.0,254.0,20.0,0.0,8.0,0.0,0.0,0.0,0.0,8.0,0.0,5.0,0.0,4.0,0.0,28.0,4687.0,100.0,0.0,0.0,0.0,0.0,27.0,0.0,0.0,3.9000000000000004,5000.0,4990.0,4980.0,1.0,1.0,0.0,23.0,4411.0,0.0,255.0,850.0,213.0,0.0,0.0,1245716.0,3.008,3.0,50.0
1788624562289,2026-09-05T20:09:22.289,0.0,4.0,0.0,1.0,2219.0,14.100000000000001,86.0,0.0,0.0,0.0,0.0,0.0,0.0,0.0,0.0,0.0,0.0,94.5,91.5,1.9839999999993196E-5,1.9839999999993196E-5,0.0,0.999,0.0,42.0,42.0,5.0,5.0,5.0,5.0,5.0,0.0,0.0,0.0,0.0,45.0,14.0,14.0,16.900000000000002,210.0,210.0,4.0,4.0,700.0,4280.0,0.0,0.0,0.0,1.0,19483.0,16.2,1.0,0.0,-22.25,-22.25,-22.5,23.1875,-22.25,750.0,42.0,390.0,200.0,0.0,0.0,254.0,20.0,0.0,8.0,0.0,0.0,0.0,0.0,8.0,0.0,5.0,0.0,4.0,0.0,24.0,4687.0,100.0,0.0,0.0,0.0,0.0,27.0,0.0,0.0,3.9000000000000004,5000.0,4990.0,4980.0,1.0,1.0,0.0,23.0,4395.0,0.0,255.0,850.0,213.0,0.0,0.0,1245716.0,3.008,3.0,50.0
1788624563039,2026-09-05T20:09:23.039,0.0,4.0,0.0,1.0,2244.0,14.200000000000001,85.0,0.0,0.0,0.0,0.0,0.0,0.0,0.0,0.0,0.0,0.0,96.0,91.5,1.9839999999993196E-5,1.9839999999993196E-5,0.0,0.999,0.0,43.0,43.0,6.0,6.0,6.0,6.0,6.0,0.0,0.0,0.0,0.0,45.0,14.0,14.0,16.900000000000002,210.0,210.0,4.0,4.0,700.0,4290.0,0.0,0.0,0.0,1.0,19483.0,16.2,0.0,0.0,-21.5625,-21.5625,-21.8125,22.5,-21.5625,750.0,42.0,390.0,200.0,0.0,0.0,254.0,20.0,0.0,8.0,0.0,1.0,0.0,0.0,8.0,0.0,5.0,0.0,4.0,0.0,19.0,4687.0,100.0,0.0,0.0,0.0,0.0,27.0,0.0,0.0,3.9000000000000004,5000.0,4990.0,4990.0,1.0,1.0,0.0,23.0,5000.0,0.0,255.0,850.0,233.0,0.0,0.0,1245716.0,3.008,3.0,50.0
1788624563869,2026-09-05T20:09:23.869,0.0,4.0,0.0,1.0,2219.0,14.100000000000001,85.0,0.0,0.0,0.0,0.0,0.0,0.0,0.0,0.0,0.0,0.0,97.5,91.5,1.9839999999993196E-5,1.9839999999993196E-5,0.0,0.999,0.0,42.0,42.0,4.0,4.0,4.0,4.0,4.0,0.0,0.0,0.0,0.0,45.0,13.0,14.0,16.6,210.0,210.0,4.0,4.0,700.0,4280.0,0.0,0.0,0.0,1.0,19483.0,15.600000000000001,1.0,0.0,-22.4375,-22.4375,-22.6875,23.5,-22.4375,750.0,40.0,390.0,200.0,0.0,0.0,254.0,20.0,0.0,8.0,0.0,1.0,0.0,0.0,8.0,0.0,5.0,0.0,4.0,0.0,21.0,4687.0,100.0,0.0,0.0,0.0,0.0,27.0,0.0,0.0,3.9000000000000004,5000.0,4990.0,4980.0,1.0,1.0,0.0,23.0,4990.0,0.0,255.0,850.0,223.0,0.0,0.0,1245716.0,3.008,3.0,50.0
1788624564661,2026-09-05T20:09:24.661,0.0,4.0,0.0,1.0,2081.0,14.100000000000001,85.0,0.0,0.0,0.0,0.0,0.0,0.0,0.0,0.0,0.0,0.0,99.0,93.5,1.9839999999993196E-5,1.9839999999993196E-5,0.0,0.999,0.0,42.0,42.0,5.0,5.0,5.0,5.0,5.0,0.0,0.0,0.0,0.0,45.0,13.0,13.0,14.8,210.0,210.0,4.0,4.0,670.0,4310.0,0.0,0.0,0.0,1.0,19483.0,14.0,1.0,0.0,-22.5625,-22.5625,-22.8125,23.875,-22.5625,750.0,37.0,390.0,200.0,0.0,0.0,254.0,20.0,0.0,8.0,0.0,1.0,0.0,0.0,8.0,0.0,5.0,0.0,4.0,0.0,26.0,4687.0,100.0,0.0,0.0,0.0,0.0,27.0,0.0,0.0,3.9000000000000004,5000.0,4990.0,4980.0,1.0,1.0,0.0,23.0,2470.0,0.0,255.0,850.0,219.0,0.0,0.0,1245716.0,3.008,3.0,50.0
1788624565456,2026-09-05T20:09:25.456,0.0,4.0,0.0,1.0,1911.0,14.100000000000001,85.0,0.0,0.0,0.0,0.0,0.0,0.0,0.0,0.0,0.0,0.0,97.5,92.5,1.9839999999993196E-5,1.9839999999993196E-5,0.0,0.999,0.0,40.0,40.0,6.0,6.0,6.0,6.0,6.0,0.0,0.0,0.0,0.0,45.0,13.0,13.0,13.700000000000001,210.0,210.0,3.0,3.0,660.0,4320.0,0.0,0.0,0.0,1.0,19483.0,12.700000000000001,0.0,0.0,-23.625,-23.625,-23.875,25.1875,-23.625,750.0,33.0,390.0,200.0,0.0,0.0,254.0,20.0,0.0,8.0,0.0,1.0,0.0,0.0,8.0,0.0,5.0,0.0,4.0,0.0,28.0,4687.0,100.0,0.0,0.0,0.0,0.0,27.0,0.0,0.0,3.9000000000000004,5000.0,4990.0,4980.0,1.0,1.0,0.0,23.0,4029.0,0.0,255.0,850.0,240.0,0.0,0.0,1245716.0,3.008,3.0,50.0
1788624566195,2026-09-05T20:09:26.195,0.0,4.0,0.0,1.0,1725.0,14.100000000000001,85.0,0.0,0.0,0.0,0.0,0.0,0.0,0.0,0.0,0.0,0.0,97.5,92.5,1.9839999999993196E-5,1.9839999999993196E-5,0.0,0.999,0.0,38.0,38.0,6.0,6.0,6.0,6.0,6.0,0.0,0.0,0.0,0.0,45.0,13.0,14.0,13.0,210.0,210.0,3.0,3.0,650.0,4330.0,0.0,0.0,0.0,1.0,19483.0,11.9,1.0,0.0,-24.125,-24.125,-24.375,25.75,-24.125,750.0,32.0,390.0,200.0,0.0,0.0,254.0,20.0,0.0,8.0,0.0,0.0,0.0,0.0,8.0,0.0,5.0,0.0,4.0,0.0,27.0,4687.0,100.0,0.0,0.0,0.0,0.0,27.0,0.0,0.0,3.9000000000000004,5000.0,4990.0,4990.0,1.0,1.0,0.0,23.0,2468.0,0.0,255.0,850.0,237.0,0.0,0.0,1245716.0,3.008,3.0,50.0
1788624567061,2026-09-05T20:09:27.061,0.0,4.0,0.0,1.0,1718.0,14.100000000000001,85.0,0.0,0.0,0.0,0.0,0.0,0.0,0.0,0.0,0.0,0.0,97.5,92.5,1.9839999999993196E-5,1.9839999999993196E-5,0.0,0.999,0.0,39.0,39.0,6.0,6.0,6.0,6.0,6.0,0.0,0.0,0.0,0.0,45.0,13.0,13.0,12.8,210.0,210.0,3.0,3.0,650.0,4330.0,0.0,0.0,0.0,1.0,19483.0,12.0,0.0,0.0,-24.0,-24.0,-24.25,25.625,-24.0,750.0,32.0,390.0,200.0,0.0,0.0,254.0,20.0,0.0,8.0,0.0,0.0,0.0,0.0,8.0,0.0,5.0,0.0,4.0,0.0,27.0,4687.0,100.0,0.0,0.0,0.0,0.0,27.0,0.0,0.0,3.9000000000000004,5000.0,4990.0,4980.0,1.0,1.0,0.0,23.0,2516.0,0.0,255.0,850.0,224.0,0.0,0.0,1245716.0,3.008,3.0,50.0
1788624567830,2026-09-05T20:09:27.830,0.0,4.0,0.0,1.0,1730.0,14.100000000000001,85.0,0.0,0.0,0.0,0.0,0.0,0.0,0.0,0.0,0.0,0.0,97.0,92.0,1.9839999999993196E-5,1.9839999999993196E-5,0.0,0.999,0.0,39.0,39.0,7.0,7.0,7.0,7.0,7.0,0.0,0.0,0.0,0.0,45.0,13.0,13.0,12.600000000000001,210.0,210.0,3.0,3.0,650.0,4340.0,0.0,0.0,0.0,1.0,19483.0,12.0,1.0,0.0,-23.0,-23.0,-23.25,24.625,-23.0,750.0,32.0,390.0,200.0,0.0,0.0,254.0,20.0,0.0,8.0,0.0,0.0,0.0,0.0,8.0,0.0,5.0,0.0,4.0,0.0,24.0,4687.0,100.0,0.0,0.0,0.0,0.0,27.0,0.0,0.0,3.9000000000000004,5000.0,4990.0,4980.0,1.0,1.0,0.0,23.0,3087.0,0.0,255.0,850.0,220.0,0.0,0.0,1245716.0,3.008,3.0,50.0
1788624568638,2026-09-05T20:09:28.638,0.0,4.0,0.0,1.0,1746.0,14.0,85.0,0.0,0.0,0.0,0.0,0.0,0.0,0.0,0.0,0.0,0.0,98.0,93.0,1.9839999999993196E-5,1.9839999999993196E-5,0.0,0.999,0.0,39.0,39.0,7.0,7.0,7.0,7.0,7.0,0.0,0.0,0.0,0.0,45.0,13.0,13.0,12.700000000000001,210.0,210.0,3.0,3.0,650.0,4330.0,0.0,0.0,0.0,1.0,19483.0,12.200000000000001,1.0,0.0,-23.375,-23.375,-23.625,25.0,-23.375,750.0,33.0,390.0,200.0,0.0,0.0,254.0,20.0,0.0,8.0,0.0,0.0,0.0,0.0,8.0,0.0,5.0,0.0,4.0,0.0,31.0,4687.0,100.0,0.0,0.0,0.0,0.0,27.0,0.0,0.0,3.9000000000000004,5000.0,4990.0,4990.0,1.0,1.0,0.0,23.0,4120.0,0.0,255.0,850.0,219.0,0.0,0.0,1245716.0,3.008,3.0,50.0
1788624569384,2026-09-05T20:09:29.384,0.0,4.0,0.0,1.0,1759.0,14.100000000000001,85.0,0.0,0.0,0.0,0.0,0.0,0.0,0.0,0.0,0.0,0.0,97.5,92.5,1.9839999999993196E-5,1.9839999999993196E-5,0.0,0.999,0.0,39.0,39.0,7.0,7.0,7.0,7.0,7.0,0.0,0.0,0.0,0.0,45.0,13.0,13.0,12.700000000000001,210.0,210.0,3.0,3.0,650.0,4340.0,0.0,0.0,0.0,1.0,19483.0,12.100000000000001,0.0,0.0,-24.375,-24.375,-24.5625,26.0,-24.375,750.0,33.0,390.0,200.0,0.0,0.0,254.0,20.0,0.0,8.0,0.0,0.0,0.0,0.0,8.0,0.0,5.0,0.0,4.0,0.0,31.0,4687.0,100.0,0.0,0.0,0.0,0.0,27.0,0.0,0.0,3.9000000000000004,5000.0,4990.0,4980.0,1.0,1.0,0.0,23.0,2985.0,0.0,255.0,850.0,219.0,0.0,0.0,1245716.0,3.008,3.0,50.0
1788624570389,2026-09-05T20:09:30.389,0.0,4.0,0.0,1.0,1756.0,14.100000000000001,85.0,0.0,0.0,0.0,0.0,0.0,0.0,0.0,0.0,0.0,0.0,97.5,93.0,1.9839999999993196E-5,1.9839999999993196E-5,0.0,0.999,0.0,39.0,39.0,7.0,7.0,7.0,7.0,7.0,0.0,0.0,0.0,0.0,45.0,13.0,13.0,12.700000000000001,210.0,210.0,3.0,3.0,650.0,4330.0,0.0,0.0,0.0,1.0,19483.0,12.100000000000001,1.0,0.0,-24.0625,-24.0625,-24.3125,25.6875,-24.0625,750.0,33.0,390.0,200.0,0.0,0.0,254.0,20.0,0.0,8.0,0.0,0.0,0.0,0.0,8.0,0.0,5.0,0.0,4.0,0.0,35.0,4687.0,100.0,0.0,0.0,0.0,0.0,27.0,0.0,0.0,3.9000000000000004,5000.0,4990.0,5000.0,1.0,1.0,0.0,23.0,3021.0,0.0,255.0,850.0,219.0,0.0,0.0,1245716.0,3.008,3.0,50.0
1788624571142,2026-09-05T20:09:31.142,0.0,4.0,0.0,1.0,1759.0,14.100000000000001,85.0,0.0,0.0,0.0,0.0,0.0,0.0,0.0,0.0,0.0,0.0,97.5,93.0,1.9839999999993196E-5,1.9839999999993196E-5,0.0,0.999,0.0,39.0,39.0,7.0,7.0,7.0,7.0,7.0,0.0,0.0,0.0,0.0,45.0,13.0,13.0,12.700000000000001,210.0,210.0,3.0,3.0,650.0,4340.0,0.0,0.0,0.0,1.0,19483.0,12.100000000000001,0.0,0.0,-24.3125,-24.3125,-24.5625,25.9375,-24.3125,750.0,33.0,390.0,200.0,0.0,0.0,254.0,20.0,0.0,8.0,0.0,0.0,0.0,0.0,8.0,0.0,5.0,0.0,4.0,0.0,33.0,4687.0,100.0,0.0,0.0,0.0,0.0,27.0,0.0,0.0,3.9000000000000004,5000.0,4990.0,4970.0,1.0,1.0,0.0,23.0,2523.0,0.0,255.0,850.0,219.0,0.0,0.0,1245716.0,3.008,3.0,50.0
1788624571877,2026-09-05T20:09:31.877,0.0,4.0,0.0,1.0,1749.0,14.100000000000001,84.0,0.0,0.0,0.0,0.0,0.0,0.0,0.0,0.0,0.0,0.0,98.5,94.0,1.9839999999993196E-5,1.9839999999993196E-5,0.0,0.999,0.0,39.0,39.0,7.0,7.0,7.0,7.0,7.0,0.0,0.0,0.0,0.0,45.0,13.0,13.0,12.600000000000001,210.0,210.0,3.0,3.0,650.0,4340.0,0.0,0.0,0.0,1.0,19483.0,12.0,1.0,0.0,-24.0,-24.0,-24.25,25.625,-24.0,750.0,33.0,390.0,200.0,0.0,0.0,254.0,20.0,0.0,8.0,0.0,0.0,0.0,0.0,8.0,0.0,5.0,0.0,4.0,0.0,34.0,4687.0,100.0,0.0,0.0,0.0,0.0,27.0,0.0,0.0,3.9000000000000004,5000.0,4990.0,4980.0,1.0,1.0,0.0,23.0,2337.0,0.0,255.0,850.0,219.0,0.0,0.0,1245716.0,3.008,3.0,50.0
1788624572638,2026-09-05T20:09:32.638,0.0,4.0,0.0,1.0,1746.0,14.100000000000001,84.0,0.0,0.0,0.0,0.0,0.0,0.0,0.0,0.0,0.0,0.0,97.5,93.0,1.9839999999993196E-5,1.9839999999993196E-5,0.0,0.999,0.0,39.0,39.0,7.0,7.0,7.0,7.0,7.0,0.0,0.0,0.0,0.0,45.0,13.0,13.0,12.700000000000001,210.0,210.0,3.0,3.0,650.0,4340.0,0.0,0.0,0.0,1.0,19483.0,12.0,1.0,0.0,-24.3125,-24.3125,-24.5625,25.9375,-24.3125,750.0,33.0,390.0,200.0,0.0,0.0,254.0,20.0,0.0,8.0,0.0,0.0,0.0,0.0,8.0,0.0,5.0,0.0,4.0,0.0,29.0,4687.0,100.0,0.0,0.0,0.0,0.0,27.0,0.0,0.0,3.9000000000000004,5000.0,4990.0,4990.0,1.0,1.0,0.0,23.0,3738.0,0.0,255.0,850.0,219.0,0.0,0.0,1245716.0,3.008,3.0,50.0
1788624573371,2026-09-05T20:09:33.371,0.0,4.0,0.0,1.0,1746.0,14.100000000000001,84.0,0.0,0.0,0.0,0.0,0.0,0.0,0.0,0.0,0.0,0.0,97.0,92.5,1.9839999999993196E-5,1.9839999999993196E-5,0.0,0.999,0.0,39.0,39.0,7.0,7.0,7.0,7.0,7.0,0.0,0.0,0.0,0.0,45.0,13.0,13.0,12.700000000000001,210.0,210.0,3.0,3.0,650.0,4320.0,0.0,0.0,0.0,1.0,19483.0,12.100000000000001,0.0,0.0,-23.4375,-23.4375,-23.6875,25.0625,-23.4375,750.0,33.0,390.0,200.0,0.0,0.0,254.0,20.0,0.0,8.0,0.0,0.0,0.0,0.0,8.0,0.0,5.0,0.0,4.0,0.0,29.0,4687.0,100.0,0.0,0.0,0.0,0.0,27.0,0.0,0.0,3.9000000000000004,5000.0,4990.0,4990.0,1.0,1.0,0.0,23.0,3247.0,0.0,255.0,850.0,219.0,0.0,0.0,1245716.0,3.008,3.0,50.0
1788624574144,2026-09-05T20:09:34.144,0.0,4.0,0.0,1.0,1764.0,14.100000000000001,84.0,0.0,0.0,0.0,0.0,0.0,0.0,0.0,0.0,0.0,0.0,97.5,93.0,1.9839999999993196E-5,1.9839999999993196E-5,0.0,0.999,0.0,39.0,39.0,7.0,7.0,7.0,7.0,7.0,0.0,0.0,0.0,0.0,45.0,13.0,13.0,12.700000000000001,210.0,210.0,3.0,3.0,650.0,4350.0,0.0,0.0,0.0,1.0,19483.0,12.100000000000001,1.0,0.0,-23.375,-23.375,-23.625,25.0,-23.375,750.0,33.0,390.0,200.0,0.0,0.0,254.0,20.0,0.0,8.0,0.0,0.0,0.0,0.0,8.0,0.0,5.0,0.0,4.0,0.0,31.0,4687.0,100.0,0.0,0.0,0.0,0.0,27.0,0.0,0.0,3.9000000000000004,5000.0,4990.0,4980.0,1.0,1.0,0.0,23.0,3649.0,0.0,255.0,850.0,218.0,0.0,0.0,1245716.0,3.008,3.0,50.0
1788624574939,2026-09-05T20:09:34.939,0.0,4.0,0.0,1.0,1754.0,14.100000000000001,84.0,0.0,0.0,0.0,0.0,0.0,0.0,0.0,0.0,0.0,0.0,97.5,93.5,1.9839999999993196E-5,1.9839999999993196E-5,0.0,0.999,0.0,39.0,39.0,7.0,7.0,7.0,7.0,7.0,0.0,0.0,0.0,0.0,45.0,13.0,13.0,12.600000000000001,210.0,210.0,3.0,3.0,640.0,4330.0,0.0,0.0,0.0,1.0,19483.0,12.0,0.0,0.0,-22.875,-22.875,-23.125,24.5,-22.875,750.0,33.0,390.0,200.0,0.0,0.0,254.0,20.0,0.0,8.0,0.0,0.0,0.0,0.0,8.0,0.0,5.0,0.0,4.0,0.0,31.0,4687.0,100.0,0.0,0.0,0.0,0.0,27.0,0.0,0.0,3.9000000000000004,5000.0,4990.0,4980.0,1.0,1.0,0.0,23.0,4122.0,0.0,255.0,850.0,218.0,0.0,0.0,1245716.0,3.008,3.0,50.0
1788624575713,2026-09-05T20:09:35.713,0.0,4.0,0.0,1.0,1770.0,14.100000000000001,84.0,0.0,0.0,0.0,0.0,0.0,0.0,0.0,0.0,0.0,0.0,97.5,93.5,1.9839999999993196E-5,1.9839999999993196E-5,0.0,0.999,0.0,39.0,39.0,7.0,7.0,7.0,7.0,7.0,0.0,0.0,0.0,0.0,45.0,13.0,13.0,12.700000000000001,210.0,210.0,3.0,3.0,650.0,4340.0,0.0,0.0,0.0,1.0,19483.0,12.100000000000001,1.0,0.0,-22.9375,-22.9375,-23.1875,24.5625,-22.9375,750.0,33.0,390.0,200.0,0.0,0.0,254.0,20.0,0.0,8.0,0.0,0.0,0.0,0.0,8.0,0.0,5.0,0.0,4.0,0.0,32.0,4687.0,100.0,0.0,0.0,0.0,0.0,27.0,0.0,0.0,3.9000000000000004,5000.0,4990.0,4970.0,1.0,1.0,0.0,23.0,3111.0,0.0,255.0,850.0,218.0,0.0,0.0,1245716.0,3.008,3.0,50.0
1788624576462,2026-09-05T20:09:36.462,0.0,4.0,0.0,1.0,1764.0,14.100000000000001,84.0,0.0,0.0,0.0,0.0,0.0,0.0,0.0,0.0,0.0,0.0,97.5,93.5,1.9839999999993196E-5,1.9839999999993196E-5,0.0,0.999,0.0,40.0,40.0,7.0,7.0,7.0,7.0,7.0,0.0,0.0,0.0,0.0,45.0,13.0,13.0,12.600000000000001,210.0,210.0,3.0,3.0,650.0,4320.0,0.0,0.0,0.0,1.0,19483.0,12.200000000000001,1.0,0.0,-22.75,-22.75,-23.0,24.3125,-22.75,750.0,33.0,390.0,200.0,0.0,0.0,254.0,20.0,0.0,8.0,0.0,0.0,0.0,0.0,8.0,0.0,5.0,0.0,4.0,0.0,31.0,4687.0,100.0,0.0,0.0,0.0,0.0,26.0,0.0,0.0,3.8000000000000003,5000.0,4990.0,4970.0,1.0,1.0,0.0,23.0,2952.0,0.0,255.0,850.0,218.0,0.0,0.0,1245716.0,3.008,3.0,50.0
1788624577280,2026-09-05T20:09:37.280,0.0,4.0,0.0,1.0,1778.0,14.100000000000001,83.0,0.0,0.0,0.0,0.0,0.0,0.0,0.0,0.0,0.0,0.0,97.0,93.0,1.9839999999993196E-5,1.9839999999993196E-5,0.0,0.999,0.0,40.0,40.0,7.0,7.0,7.0,7.0,7.0,0.0,0.0,0.0,0.0,45.0,13.0,13.0,12.700000000000001,210.0,210.0,3.0,3.0,650.0,4320.0,0.0,0.0,0.0,1.0,19483.0,12.100000000000001,0.0,0.0,-22.75,-22.75,-23.0,24.3125,-22.75,750.0,33.0,390.0,200.0,0.0,0.0,254.0,20.0,0.0,8.0,0.0,0.0,0.0,0.0,8.0,0.0,5.0,0.0,4.0,0.0,31.0,4687.0,100.0,0.0,0.0,0.0,0.0,26.0,0.0,0.0,3.8000000000000003,5000.0,4990.0,4970.0,1.0,1.0,0.0,23.0,3777.0,0.0,255.0,850.0,218.0,0.0,0.0,1245716.0,3.008,3.0,50.0
1788624578322,2026-09-05T20:09:38.322,0.0,4.0,0.0,1.0,1786.0,14.100000000000001,83.0,0.0,0.0,0.0,0.0,0.0,0.0,0.0,0.0,0.0,0.0,97.5,93.5,1.9839999999993196E-5,1.9839999999993196E-5,1.0,0.999,0.0,40.0,40.0,8.0,8.0,8.0,8.0,8.0,0.0,0.0,0.0,0.0,45.0,13.0,13.0,12.700000000000001,210.0,210.0,3.0,3.0,650.0,4330.0,0.0,0.0,0.0,1.0,19483.0,12.200000000000001,1.0,0.0,-22.6875,-22.6875,-22.9375,24.25,-22.6875,750.0,33.0,390.0,200.0,0.0,0.0,254.0,20.0,0.0,8.0,0.0,0.0,0.0,0.0,8.0,0.0,5.0,0.0,4.0,0.0,31.0,4687.0,100.0,0.0,0.0,0.0,0.0,26.0,0.0,0.0,3.8000000000000003,5000.0,4990.0,4980.0,1.0,1.0,0.0,23.0,3018.0,0.0,255.0,850.0,217.0,0.0,0.0,1245716.0,3.008,3.0,50.0
1788624579107,2026-09-05T20:09:39.107,0.0,4.0,0.0,1.0,1791.0,14.100000000000001,83.0,0.0,0.0,0.0,0.0,0.0,0.0,0.0,0.0,0.0,0.0,98.5,95.0,1.9839999999993196E-5,1.9839999999993196E-5,1.0,0.999,0.0,41.0,41.0,7.0,7.0,7.0,7.0,7.0,0.0,0.0,0.0,0.0,45.0,13.0,13.0,12.700000000000001,210.0,210.0,3.0,3.0,650.0,4320.0,0.0,0.0,0.0,1.0,19483.0,12.3,0.0,0.0,-23.0,-23.0,-23.25,24.5625,-23.0,750.0,33.0,390.0,190.0,0.0,0.0,254.0,20.0,0.0,8.0,0.0,1.0,0.0,0.0,8.0,0.0,5.0,0.0,4.0,0.0,31.0,4687.0,100.0,0.0,0.0,0.0,0.0,26.0,0.0,0.0,3.8000000000000003,5000.0,4990.0,4970.0,1.0,1.0,0.0,23.0,3872.0,0.0,255.0,850.0,241.0,0.0,0.0,1245716.0,3.008,3.0,50.0
1788624579838,2026-09-05T20:09:39.838,0.0,4.0,0.0,1.0,1789.0,14.100000000000001,83.0,0.0,0.0,0.0,0.0,0.0,0.0,0.0,0.0,0.0,0.0,97.5,94.0,1.9839999999993196E-5,1.9839999999993196E-5,1.0,0.999,0.0,41.0,41.0,7.0,7.0,7.0,7.0,7.0,0.0,0.0,0.0,0.0,45.0,13.0,13.0,13.0,210.0,210.0,3.0,3.0,650.0,4330.0,0.0,0.0,0.0,1.0,19483.0,12.0,1.0,0.0,-23.75,-23.75,-24.0,25.375,-23.75,750.0,32.0,390.0,200.0,0.0,0.0,254.0,20.0,0.0,8.0,0.0,1.0,0.0,0.0,8.0,0.0,5.0,0.0,4.0,0.0,30.0,4687.0,100.0,0.0,0.0,0.0,0.0,26.0,0.0,0.0,3.8000000000000003,5000.0,4990.0,4980.0,1.0,1.0,0.0,23.0,3097.0,0.0,255.0,850.0,231.0,0.0,0.0,1245716.0,3.008,3.0,50.0
1788624580582,2026-09-05T20:09:40.582,0.0,4.0,0.0,1.0,1641.0,14.100000000000001,83.0,0.0,0.0,0.0,0.0,0.0,0.0,0.0,0.0,0.0,0.0,98.0,94.5,1.9839999999993196E-5,1.9839999999993196E-5,1.0,0.999,0.0,39.0,39.0,7.0,7.0,7.0,7.0,7.0,0.0,0.0,0.0,0.0,45.0,13.0,13.0,10.600000000000001,210.0,210.0,3.0,3.0,620.0,4360.0,0.0,0.0,0.0,1.0,19483.0,10.3,1.0,0.0,-25.0625,-25.0625,-19.125,26.6875,-25.0625,750.0,28.0,390.0,200.0,0.0,0.0,254.0,20.0,0.0,8.0,0.0,1.0,1.0,0.0,8.0,0.0,5.0,1.0,4.0,100.0,27.0,4687.0,100.0,0.0,0.0,0.0,0.0,26.0,0.0,0.0,3.8000000000000003,5000.0,4990.0,4980.0,1.0,1.0,0.0,23.0,1763.0,0.0,255.0,850.0,217.0,0.0,0.0,1245716.0,3.008,3.0,50.0
1788624581568,2026-09-05T20:09:41.568,0.0,4.0,0.0,1.0,1254.0,14.100000000000001,83.0,2.31,2.31,2.31,2.31,0.0,0.0,39.0,0.0,0.0,0.0,98.5,95.0,1.9839999999993196E-5,1.9839999999993196E-5,1.0,1.534,0.0,40.0,40.0,10.0,23.0,23.0,23.0,23.0,0.0,0.0,0.0,0.0,45.0,15.0,12.0,7.6000000000000005,252.0,210.0,2.0,2.0,610.0,4370.0,0.0,0.0,0.0,1.0,19483.0,9.0,0.0,0.0,-27.5625,-17.0625,-13.8125,29.1875,-27.5625,750.0,19.0,390.0,200.0,0.0,0.0,254.0,20.0,0.0,8.0,0.0,1.0,1.0,0.0,8.0,0.0,5.0,1.0,4.0,100.0,26.0,4687.0,100.0,0.0,0.0,0.0,0.0,26.0,0.0,0.0,3.8000000000000003,5000.0,4990.0,4980.0,1.0,1.0,0.0,23.0,2133.0,0.0,255.0,850.0,217.0,0.0,0.0,1245716.0,3.008,3.0,50.0
1788624582289,2026-09-05T20:09:42.289,0.0,4.0,0.0,1.0,828.0,14.100000000000001,83.0,3.12,3.12,3.12,3.12,0.0,1.0,385.0,1.0,0.0,820.0,97.5,94.0,-0.006206240000000002,-0.006206240000000002,1.0,1.247,4.0,18.0,18.0,-25.0,-2.0,-2.0,-2.0,-2.0,0.0,0.0,0.0,0.0,45.0,27.0,24.0,11.700000000000001,420.0,378.0,3.0,3.0,660.0,4330.0,0.0,0.0,0.0,1.0,19483.0,12.600000000000001,1.0,0.0,-26.3125,-0.1875,-1.6875,27.9375,-26.3125,750.0,10.0,390.0,200.0,0.0,0.0,254.0,20.0,0.0,8.0,0.0,1.0,1.0,0.0,8.0,0.0,5.0,1.0,4.0,100.0,23.0,4687.0,100.0,0.0,0.0,0.0,0.0,26.0,0.0,0.0,3.8000000000000003,5000.0,4990.0,4980.0,1.0,1.0,0.0,23.0,1881.0,0.0,255.0,850.0,249.0,0.0,0.0,1245716.0,3.008,3.0,50.0
1788624583105,2026-09-05T20:09:43.105,0.0,4.0,0.0,1.0,827.0,14.0,83.0,2.91,2.91,2.91,2.91,0.0,1.0,63.0,0.0,0.0,53.0,99.5,96.5,0.018988019999999994,0.018988019999999994,1.0,1.049,5.0,18.0,18.0,-18.0,1.0,1.0,1.0,1.0,0.0,0.0,0.0,0.0,45.0,23.0,21.0,9.1,357.0,336.0,2.0,2.0,620.0,4370.0,0.0,0.0,0.0,1.0,19483.0,9.8,0.0,0.0,-26.9375,0.75,-1.0,28.5625,-26.9375,750.0,4.0,390.0,200.0,0.0,0.0,254.0,20.0,0.0,8.0,0.0,1.0,0.0,0.0,8.0,0.0,5.0,1.0,4.0,0.0,25.0,4687.0,100.0,0.0,0.0,0.0,0.0,26.0,0.0,0.0,3.8000000000000003,5000.0,4990.0,4990.0,1.0,1.0,0.0,23.0,1430.0,0.0,255.0,850.0,309.0,0.0,0.0,1245716.0,3.008,3.0,50.0
1788624583908,2026-09-05T20:09:43.908,0.0,4.0,0.0,1.0,773.0,14.100000000000001,83.0,2.72,2.72,2.72,2.72,0.0,1.0,48.0,0.0,0.0,43.0,97.5,94.5,0.027159749999999983,0.027159749999999983,1.0,0.999,7.0,18.0,18.0,-15.0,-1.0,-1.0,-1.0,-1.0,0.0,0.0,0.0,0.0,45.0,21.0,20.0,8.6,336.0,336.0,2.0,2.0,610.0,4380.0,0.0,0.0,0.0,1.0,19483.0,8.8,1.0,0.0,-27.6875,-1.125,-1.1875,29.3125,-27.6875,750.0,5.0,390.0,200.0,0.0,0.0,254.0,20.0,0.0,8.0,0.0,1.0,0.0,0.0,8.0,0.0,5.0,1.0,4.0,0.0,26.0,4687.0,100.0,0.0,0.0,0.0,0.0,26.0,0.0,0.0,3.9000000000000004,5000.0,4990.0,4990.0,1.0,1.0,0.0,23.0,1801.0,0.0,255.0,850.0,307.0,0.0,0.0,1245716.0,3.008,3.0,50.0
1788624584654,2026-09-05T20:09:44.654,0.0,4.0,0.0,1.0,765.0,14.100000000000001,83.0,2.74,2.74,2.74,2.74,0.0,1.0,48.0,0.0,0.0,43.0,98.5,95.5,0.05289573999999997,0.05289573999999997,1.0,0.999,8.0,18.0,18.0,-14.0,3.0,3.0,3.0,3.0,0.0,0.0,0.0,0.0,45.0,20.0,20.0,8.200000000000001,336.0,336.0,2.0,2.0,600.0,4380.0,0.0,0.0,0.0,1.0,19483.0,8.4,1.0,0.0,-27.875,-2.5625,-2.0,29.5,-27.875,750.0,5.0,390.0,200.0,0.0,0.0,254.0,20.0,0.0,8.0,0.0,1.0,0.0,0.0,8.0,0.0,5.0,1.0,4.0,0.0,29.0,4687.0,100.0,0.0,0.0,0.0,0.0,26.0,0.0,0.0,3.9000000000000004,5000.0,4990.0,4990.0,1.0,1.0,0.0,23.0,1442.0,0.0,255.0,850.0,306.0,0.0,0.0,1245716.0,3.008,3.0,50.0
1788624585465,2026-09-05T20:09:45.465,0.0,4.0,0.0,1.0,763.0,14.100000000000001,83.0,2.72,2.72,2.72,2.72,0.0,1.0,58.0,0.0,0.0,48.0,98.0,95.0,0.08829893999999999,0.08829893999999999,1.0,0.999,8.0,18.0,18.0,-11.0,2.0,2.0,2.0,2.0,0.0,0.0,0.0,0.0,45.0,20.0,19.0,8.0,336.0,315.0,2.0,2.0,600.0,4390.0,0.0,0.0,0.0,1.0,19483.0,8.200000000000001,0.0,0.0,-28.0,-2.0,-3.125,29.625,-28.0,750.0,6.0,390.0,200.0,0.0,0.0,254.0,20.0,0.0,8.0,0.0,1.0,0.0,0.0,8.0,0.0,5.0,1.0,4.0,0.0,28.0,4687.0,100.0,0.0,0.0,0.0,0.0,26.0,0.0,0.0,3.9000000000000004,5000.0,4990.0,4980.0,1.0,1.0,0.0,23.0,1479.0,0.0,255.0,850.0,305.0,0.0,0.0,1245716.0,3.008,3.0,50.0
1788624586472,2026-09-05T20:09:46.472,0.0,4.0,0.0,1.0,758.0,13.9,83.0,2.82,2.82,2.82,2.82,0.0,1.0,97.0,0.0,0.0,73.0,100.0,97.0,0.12724246,0.12724246,1.0,0.999,9.0,18.0,18.0,-11.0,-1.0,-1.0,-1.0,-1.0,0.0,0.0,0.0,0.0,45.0,19.0,19.0,7.9,315.0,315.0,2.0,2.0,590.0,4390.0,0.0,0.0,0.0,1.0,19483.0,7.800000000000001,1.0,0.0,-28.0,-3.6875,-3.375,29.625,-28.0,750.0,6.0,390.0,200.0,0.0,0.0,254.0,20.0,0.0,8.0,0.0,1.0,0.0,0.0,8.0,0.0,5.0,1.0,4.0,0.0,29.0,4687.0,100.0,0.0,0.0,0.0,0.0,26.0,0.0,0.0,3.9000000000000004,5000.0,4990.0,4990.0,1.0,1.0,0.0,23.0,1773.0,0.0,255.0,850.0,320.0,0.0,0.0,1245716.0,3.008,3.0,50.0
1788624587290,2026-09-05T20:09:47.290,0.0,4.0,0.0,1.0,756.0,14.100000000000001,83.0,2.58,2.58,2.58,2.58,1.0,1.0,717.0,1.0,0.0,742.0,97.5,94.5,0.07869276999999997,0.07869276999999997,0.0,0.999,10.0,19.0,19.0,-9.0,1.0,1.0,1.0,1.0,0.0,0.0,0.0,0.0,45.0,20.0,19.0,7.9,315.0,315.0,2.0,2.0,600.0,4390.0,0.0,0.0,0.0,1.0,19483.0,8.0,0.0,0.0,-28.0625,-3.75,-3.0625,29.6875,-28.0625,750.0,4.0,390.0,200.0,0.0,0.0,254.0,20.0,0.0,8.0,0.0,1.0,0.0,0.0,8.0,0.0,5.0,1.0,4.0,0.0,30.0,4687.0,100.0,0.0,0.0,0.0,0.0,26.0,0.0,0.0,3.9000000000000004,5000.0,4990.0,4990.0,1.0,1.0,0.0,23.0,2072.0,0.0,255.0,850.0,321.0,0.0,0.0,1245716.0,3.008,3.0,50.0
1788624588043,2026-09-05T20:09:48.043,0.0,4.0,0.0,1.0,752.0,14.0,83.0,2.7,2.7,2.7,2.7,0.0,1.0,156.0,0.0,0.0,424.0,98.0,95.0,0.09104573999999999,0.09104573999999999,0.0,0.999,10.0,18.0,18.0,-10.0,0.0,0.0,0.0,0.0,0.0,0.0,0.0,0.0,45.0,19.0,19.0,7.9,315.0,315.0,2.0,2.0,590.0,4380.0,0.0,0.0,0.0,1.0,19483.0,7.800000000000001,1.0,0.0,-28.1875,-2.875,-4.25,29.8125,-28.1875,750.0,1.0,390.0,200.0,0.0,0.0,254.0,20.0,0.0,8.0,0.0,1.0,0.0,0.0,8.0,0.0,5.0,1.0,4.0,0.0,29.0,4687.0,100.0,0.0,0.0,0.0,0.0,26.0,0.0,0.0,3.9000000000000004,5000.0,4990.0,4980.0,1.0,1.0,0.0,23.0,1885.0,0.0,255.0,850.0,337.0,0.0,0.0,1245716.0,3.008,3.0,50.0
1788624588855,2026-09-05T20:09:48.855,0.0,4.0,0.0,1.0,751.0,14.0,83.0,2.7,2.7,2.7,2.7,1.0,1.0,761.0,1.0,0.0,747.0,98.5,95.5,0.07091017,0.07091017,0.0,0.999,11.0,18.0,18.0,-11.0,0.0,0.0,0.0,0.0,0.0,0.0,0.0,0.0,45.0,19.0,19.0,7.800000000000001,315.0,315.0,2.0,2.0,590.0,4400.0,0.0,0.0,0.0,1.0,19483.0,7.800000000000001,0.0,0.0,-28.125,-3.125,-3.25,29.75,-28.125,750.0,1.0,390.0,200.0,0.0,0.0,254.0,20.0,0.0,8.0,0.0,1.0,0.0,0.0,8.0,0.0,5.0,1.0,4.0,0.0,29.0,4687.0,100.0,0.0,0.0,0.0,0.0,26.0,0.0,0.0,3.9000000000000004,5000.0,4990.0,4980.0,1.0,1.0,0.0,23.0,1756.0,0.0,255.0,850.0,329.0,0.0,0.0,1245716.0,3.008,3.0,50.0
1788624589617,2026-09-05T20:09:49.617,0.0,4.0,0.0,1.0,755.0,14.0,83.0,2.64,2.64,2.64,2.64,1.0,1.0,776.0,1.0,0.0,766.0,98.5,95.5,0.06312756999999997,0.06312756999999997,0.0,0.999,12.0,18.0,18.0,-11.0,-2.0,-2.0,-2.0,-2.0,0.0,0.0,0.0,0.0,45.0,19.0,19.0,7.9,315.0,315.0,2.0,2.0,590.0,4390.0,0.0,0.0,0.0,1.0,19483.0,7.800000000000001,0.0,0.0,-27.9375,-2.5,-3.9375,29.5625,-27.9375,750.0,1.0,390.0,200.0,0.0,0.0,254.0,20.0,0.0,8.0,0.0,1.0,0.0,0.0,8.0,0.0,5.0,1.0,4.0,0.0,30.0,4687.0,100.0,0.0,0.0,0.0,0.0,26.0,0.0,0.0,3.9000000000000004,5000.0,4990.0,4980.0,1.0,1.0,0.0,23.0,2041.0,0.0,255.0,850.0,324.0,0.0,0.0,1245716.0,3.008,3.0,50.0
1788624590336,2026-09-05T20:09:50.336,0.0,4.0,0.0,1.0,746.0,14.100000000000001,83.0,2.59,2.59,2.59,2.59,1.0,1.0,751.0,1.0,0.0,771.0,98.5,95.5,0.05159100999999999,0.05159100999999999,0.0,0.999,12.0,18.0,18.0,-10.0,0.0,0.0,0.0,0.0,0.0,0.0,0.0,0.0,45.0,20.0,19.0,7.800000000000001,315.0,315.0,2.0,2.0,590.0,4400.0,0.0,0.0,0.0,1.0,19483.0,7.9,1.0,0.0,-28.1875,-3.0,-3.0,29.8125,-28.1875,750.0,1.0,390.0,200.0,0.0,0.0,254.0,20.0,0.0,8.0,0.0,1.0,0.0,0.0,8.0,0.0,5.0,1.0,4.0,0.0,32.0,4687.0,100.0,0.0,0.0,0.0,0.0,26.0,0.0,0.0,3.9000000000000004,5000.0,4990.0,4980.0,1.0,1.0,0.0,23.0,1232.0,0.0,255.0,850.0,323.0,0.0,0.0,1245716.0,3.008,3.0,50.0
1788624591090,2026-09-05T20:09:51.090,0.0,4.0,0.0,1.0,745.0,14.0,83.0,2.5100000000000002,2.5100000000000002,2.5100000000000002,2.5100000000000002,1.0,1.0,717.0,1.0,0.0,751.0,99.5,96.5,0.01972813000000001,0.01972813000000001,0.0,0.999,13.0,18.0,18.0,-10.0,3.0,3.0,3.0,3.0,0.0,0.0,0.0,0.0,45.0,19.0,19.0,7.800000000000001,315.0,315.0,2.0,2.0,590.0,4400.0,0.0,0.0,0.0,1.0,19483.0,7.800000000000001,0.0,0.0,-27.9375,-2.4375,-2.6875,29.5625,-27.9375,750.0,1.0,390.0,200.0,0.0,0.0,254.0,20.0,0.0,8.0,0.0,1.0,0.0,0.0,8.0,0.0,5.0,1.0,4.0,0.0,30.0,4687.0,100.0,0.0,0.0,0.0,0.0,26.0,0.0,0.0,3.9000000000000004,5000.0,4990.0,4990.0,1.0,1.0,0.0,23.0,1867.0,0.0,255.0,850.0,328.0,0.0,0.0,1245716.0,3.008,3.0,50.0
1788624591896,2026-09-05T20:09:51.896,0.0,4.0,0.0,1.0,754.0,14.0,83.0,2.64,2.64,2.64,2.64,0.0,1.0,102.0,0.0,0.0,78.0,99.0,96.0,0.06279184999999998,0.06279184999999998,0.0,0.999,14.0,18.0,18.0,-11.0,0.0,0.0,0.0,0.0,0.0,0.0,0.0,0.0,45.0,19.0,19.0,7.9,315.0,315.0,2.0,2.0,590.0,4400.0,0.0,0.0,0.0,1.0,19483.0,7.7,1.0,0.0,-28.125,-3.5,-3.3125,29.75,-28.125,750.0,1.0,390.0,200.0,0.0,0.0,254.0,20.0,0.0,8.0,0.0,1.0,0.0,0.0,8.0,0.0,5.0,1.0,4.0,0.0,31.0,4687.0,100.0,0.0,0.0,0.0,0.0,26.0,0.0,0.0,3.9000000000000004,5000.0,4990.0,4980.0,1.0,1.0,0.0,23.0,1920.0,0.0,255.0,850.0,327.0,0.0,0.0,1245716.0,3.008,3.0,50.0
1788624592733,2026-09-05T20:09:52.733,0.0,4.0,0.0,1.0,752.0,14.0,83.0,2.58,2.58,2.58,2.58,1.0,1.0,747.0,1.0,0.0,737.0,98.5,95.5,0.043434539999999966,0.043434539999999966,0.0,0.999,14.0,18.0,18.0,-10.0,-1.0,-1.0,-1.0,-1.0,0.0,0.0,0.0,0.0,45.0,19.0,19.0,7.9,315.0,315.0,2.0,2.0,590.0,4400.0,0.0,0.0,0.0,1.0,19483.0,7.7,1.0,0.0,-28.1875,-2.4375,-3.9375,29.8125,-28.1875,750.0,1.0,390.0,200.0,0.0,0.0,254.0,20.0,0.0,8.0,0.0,1.0,0.0,0.0,8.0,0.0,5.0,1.0,4.0,0.0,31.0,4687.0,100.0,0.0,0.0,0.0,0.0,26.0,0.0,0.0,3.9000000000000004,5000.0,4990.0,4980.0,1.0,1.0,0.0,23.0,1230.0,0.0,255.0,850.0,323.0,0.0,0.0,1245716.0,3.008,3.0,50.0
1788624593514,2026-09-05T20:09:53.514,0.0,4.0,0.0,1.0,747.0,14.100000000000001,83.0,2.56,2.56,2.56,2.56,1.0,1.0,698.0,1.0,0.0,737.0,99.0,96.0,0.03526280999999998,0.03526280999999998,0.0,0.999,15.0,18.0,18.0,-11.0,4.0,4.0,4.0,4.0,0.0,0.0,0.0,0.0,45.0,19.0,19.0,7.9,315.0,315.0,2.0,2.0,590.0,4380.0,0.0,0.0,0.0,1.0,19483.0,7.800000000000001,0.0,0.0,-28.0625,-2.375,-3.375,29.75,-28.0625,750.0,1.0,390.0,200.0,0.0,0.0,254.0,20.0,0.0,8.0,0.0,1.0,0.0,0.0,8.0,0.0,5.0,1.0,4.0,0.0,30.0,4687.0,100.0,0.0,0.0,0.0,0.0,26.0,0.0,0.0,3.9000000000000004,5000.0,4990.0,4990.0,1.0,1.0,0.0,23.0,1672.0,0.0,255.0,850.0,327.0,0.0,0.0,1245716.0,3.008,3.0,50.0
1788624594507,2026-09-05T20:09:54.507,0.0,4.0,0.0,1.0,747.0,14.100000000000001,83.0,2.5500000000000003,2.5500000000000003,2.5500000000000003,2.5500000000000003,1.0,1.0,659.0,1.0,0.0,688.0,98.5,95.5,0.016645609999999977,0.016645609999999977,0.0,0.999,16.0,17.0,17.0,-11.0,0.0,0.0,0.0,0.0,0.0,0.0,0.0,0.0,45.0,19.0,19.0,7.9,315.0,315.0,2.0,2.0,590.0,4400.0,0.0,0.0,0.0,1.0,19483.0,7.800000000000001,1.0,0.0,-28.0625,-1.1875,-1.75,29.75,-28.0625,750.0,2.0,390.0,200.0,0.0,0.0,254.0,20.0,0.0,8.0,0.0,1.0,0.0,0.0,8.0,0.0,5.0,1.0,4.0,0.0,31.0,4687.0,100.0,0.0,0.0,0.0,0.0,26.0,0.0,0.0,3.9000000000000004,5000.0,4990.0,4990.0,1.0,1.0,0.0,23.0,1253.0,0.0,255.0,850.0,334.0,0.0,0.0,1245716.0,3.008,3.0,50.0
1788624595127,2026-09-05T20:09:55.127,0.0,4.0,0.0,1.0,745.0,14.0,83.0,2.64,2.64,2.64,2.64,0.0,1.0,92.0,0.0,0.0,87.0,98.0,95.5,0.04930201000000001,0.04930201000000001,0.0,0.999,17.0,17.0,17.0,-12.0,0.0,0.0,0.0,0.0,0.0,0.0,0.0,0.0,45.0,20.0,20.0,7.9,336.0,315.0,2.0,2.0,590.0,4380.0,0.0,0.0,0.0,1.0,19483.0,8.0,0.0,0.0,-28.0,-0.25,-1.5625,29.6875,-28.0,750.0,3.0,390.0,200.0,0.0,0.0,254.0,20.0,0.0,8.0,0.0,0.0,0.0,0.0,8.0,0.0,5.0,1.0,4.0,0.0,31.0,4687.0,100.0,0.0,0.0,0.0,0.0,26.0,0.0,0.0,3.9000000000000004,5000.0,4990.0,4980.0,1.0,1.0,0.0,23.0,1209.0,0.0,255.0,850.0,329.0,0.0,0.0,1245716.0,3.008,3.0,50.0
1788624595997,2026-09-05T20:09:55.997,0.0,4.0,0.0,1.0,754.0,14.100000000000001,83.0,2.7,2.7,2.7,2.7,1.0,1.0,732.0,1.0,0.0,629.0,98.5,96.0,0.03500338999999997,0.03500338999999997,0.0,0.999,18.0,16.0,16.0,-14.0,-3.0,-3.0,-3.0,-3.0,0.0,0.0,0.0,0.0,45.0,19.0,20.0,8.4,315.0,336.0,2.0,2.0,600.0,4390.0,0.0,0.0,0.0,1.0,19483.0,7.9,1.0,0.0,-28.0625,-3.25,-3.5625,29.75,-28.0625,750.0,4.0,410.0,200.0,0.6000000000000001,0.0,254.0,20.0,0.0,8.0,0.0,0.0,0.0,0.0,8.0,0.0,5.0,1.0,4.0,0.0,31.0,4687.0,100.0,0.0,0.0,0.0,0.0,26.0,0.0,0.0,3.9000000000000004,5000.0,4990.0,4980.0,1.0,1.0,0.0,23.0,1553.0,0.0,255.0,850.0,330.0,0.0,0.0,1245716.0,3.008,3.0,50.0
1788624596784,2026-09-05T20:09:56.784,0.0,4.0,0.0,1.0,758.0,14.100000000000001,83.0,2.5300000000000002,2.5300000000000002,2.5300000000000002,2.5300000000000002,1.0,1.0,747.0,1.0,0.0,761.0,98.5,96.0,0.02644253000000002,0.02644253000000002,0.0,0.999,17.0,18.0,18.0,-10.0,1.0,1.0,1.0,1.0,0.0,0.0,0.0,0.0,45.0,19.0,19.0,7.9,315.0,315.0,2.0,2.0,590.0,4400.0,0.0,0.0,0.0,1.0,19483.0,7.5,0.0,0.0,-27.5625,-3.625,-2.8125,29.25,-27.5625,750.0,5.0,430.0,200.0,1.2000000000000002,0.0,254.0,20.0,0.0,8.0,0.0,0.0,0.0,0.0,8.0,0.0,5.0,1.0,4.0,0.0,32.0,4687.0,100.0,0.0,0.0,0.0,0.0,26.0,0.0,0.0,3.9000000000000004,5000.0,4990.0,4990.0,1.0,1.0,0.0,23.0,1344.0,0.0,255.0,850.0,323.0,0.0,0.0,1245716.0,3.008,3.0,50.0
1788624597557,2026-09-05T20:09:57.557,0.0,4.0,0.0,1.0,741.0,14.0,84.0,2.5100000000000002,2.5100000000000002,2.5100000000000002,2.5100000000000002,1.0,1.0,712.0,1.0,0.0,751.0,99.5,97.0,0.019049060000000007,0.019049060000000007,0.0,0.999,18.0,18.0,18.0,-10.0,5.0,5.0,5.0,5.0,0.0,0.0,0.0,0.0,45.0,20.0,19.0,7.9,315.0,315.0,2.0,2.0,590.0,4400.0,0.0,0.0,0.0,1.0,19483.0,7.9,0.0,0.0,-28.1875,-1.8125,-2.125,29.875,-28.1875,750.0,6.0,390.0,200.0,0.0,0.0,254.0,20.0,0.0,8.0,0.0,0.0,0.0,0.0,8.0,0.0,5.0,1.0,4.0,0.0,32.0,4687.0,100.0,0.0,0.0,0.0,0.0,26.0,0.0,0.0,3.9000000000000004,5000.0,4990.0,4980.0,1.0,1.0,0.0,23.0,1201.0,0.0,255.0,850.0,322.0,0.0,0.0,1245716.0,3.008,3.0,50.0
1788624598336,2026-09-05T20:09:58.336,0.0,4.0,0.0,1.0,748.0,14.0,84.0,2.65,2.65,2.65,2.65,0.0,1.0,146.0,1.0,0.0,639.0,98.5,96.0,0.046043999999999974,0.046043999999999974,0.0,0.999,19.0,17.0,17.0,-12.0,0.0,0.0,0.0,0.0,0.0,0.0,0.0,0.0,45.0,19.0,20.0,8.200000000000001,315.0,315.0,2.0,2.0,590.0,4390.0,0.0,0.0,0.0,1.0,19483.0,7.6000000000000005,1.0,0.0,-27.75,-3.0,-1.125,29.4375,-27.75,750.0,7.0,390.0,200.0,0.0,0.0,254.0,20.0,0.0,8.0,0.0,1.0,0.0,0.0,8.0,0.0,5.0,1.0,4.0,0.0,31.0,4687.0,100.0,0.0,0.0,0.0,0.0,26.0,0.0,0.0,3.9000000000000004,5000.0,4990.0,4990.0,1.0,1.0,0.0,23.0,1530.0,0.0,255.0,850.0,349.0,0.0,0.0,1245716.0,3.008,3.0,50.0
1788624599111,2026-09-05T20:09:59.111,0.0,4.0,0.0,1.0,746.0,14.0,84.0,2.74,2.74,2.74,2.74,1.0,1.0,712.0,0.0,0.0,156.0,99.0,96.5,0.035247550000000016,0.035247550000000016,0.0,0.999,20.0,16.0,16.0,-15.0,-3.0,-3.0,-3.0,-3.0,0.0,0.0,0.0,0.0,45.0,20.0,20.0,8.4,315.0,336.0,2.0,2.0,590.0,4390.0,0.0,0.0,0.0,1.0,19483.0,7.800000000000001,0.0,0.0,-27.9375,-3.0,-2.8125,29.625,-27.9375,750.0,7.0,390.0,200.0,0.0,0.0,254.0,20.0,0.0,8.0,0.0,1.0,0.0,0.0,8.0,0.0,5.0,1.0,4.0,0.0,32.0,4687.0,100.0,0.0,0.0,0.0,0.0,26.0,0.0,0.0,3.9000000000000004,5000.0,4990.0,4970.0,1.0,1.0,0.0,23.0,1876.0,0.0,255.0,850.0,341.0,0.0,0.0,1245716.0,3.008,3.0,50.0
1788624599862,2026-09-05T20:09:59.862,0.0,4.0,0.0,1.0,751.0,14.0,84.0,2.67,2.67,2.67,2.67,1.0,1.0,776.0,1.0,0.0,781.0,99.0,96.5,0.027464949999999988,0.027464949999999988,0.0,0.999,21.0,16.0,16.0,-14.0,-2.0,-2.0,-2.0,-2.0,0.0,0.0,0.0,0.0,45.0,19.0,20.0,8.200000000000001,315.0,336.0,2.0,2.0,590.0,4400.0,0.0,0.0,0.0,1.0,19483.0,7.800000000000001,1.0,0.0,-27.75,-1.125,-1.6875,29.4375,-27.75,750.0,5.0,390.0,200.0,0.0,0.0,254.0,20.0,0.0,8.0,0.0,1.0,0.0,0.0,8.0,0.0,5.0,1.0,4.0,0.0,31.0,4687.0,100.0,0.0,0.0,0.0,0.0,26.0,0.0,0.0,4.0,5000.0,4990.0,4990.0,1.0,1.0,0.0,23.0,1873.0,0.0,255.0,850.0,348.0,0.0,0.0,1245716.0,3.008,3.0,50.0
1788624600772,2026-09-05T20:10:00.772,0.0,4.0,0.0,1.0,753.0,14.0,84.0,2.65,2.65,2.65,2.65,1.0,1.0,761.0,1.0,0.0,781.0,97.5,95.5,0.02046060999999999,0.02046060999999999,0.0,0.999,21.0,16.0,16.0,-14.0,-2.0,-2.0,-2.0,-2.0,0.0,0.0,0.0,0.0,45.0,19.0,20.0,8.3,315.0,336.0,2.0,2.0,590.0,4400.0,0.0,0.0,0.0,1.0,19483.0,7.7,1.0,0.0,-27.9375,-1.875,-1.3125,29.625,-27.9375,750.0,4.0,390.0,200.0,0.0,0.0,254.0,20.0,0.0,8.0,0.0,1.0,0.0,0.0,8.0,0.0,5.0,1.0,4.0,0.0,30.0,4687.0,100.0,0.0,0.0,0.0,0.0,27.0,0.0,0.0,4.0,5000.0,4990.0,4980.0,1.0,1.0,0.0,23.0,1278.0,0.0,255.0,850.0,342.0,0.0,0.0,1245716.0,3.008,3.0,50.0
1788624601550,2026-09-05T20:10:01.550,0.0,4.0,0.0,1.0,751.0,14.0,84.0,2.61,2.61,2.61,2.61,1.0,1.0,727.0,1.0,0.0,756.0,98.0,96.0,-0.006442770000000014,-0.006442770000000014,0.0,0.999,22.0,16.0,16.0,-14.0,-2.0,-2.0,-2.0,-2.0,0.0,0.0,0.0,0.0,45.0,20.0,20.0,8.200000000000001,336.0,336.0,2.0,2.0,590.0,4390.0,0.0,0.0,0.0,1.0,19483.0,8.0,0.0,0.0,-27.9375,-1.1875,-2.3125,29.625,-27.9375,750.0,4.0,390.0,200.0,0.0,0.0,254.0,20.0,0.0,8.0,0.0,1.0,0.0,0.0,8.0,0.0,5.0,1.0,4.0,0.0,29.0,4687.0,100.0,0.0,0.0,0.0,0.0,27.0,0.0,0.0,4.0,5000.0,4990.0,4980.0,1.0,1.0,0.0,23.0,1535.0,0.0,255.0,850.0,348.0,0.0,0.0,1245716.0,3.008,3.0,50.0
1788624602544,2026-09-05T20:10:02.544,0.0,4.0,0.0,1.0,741.0,14.100000000000001,84.0,2.69,2.69,2.69,2.69,0.0,1.0,200.0,1.0,0.0,678.0,97.0,95.5,0.007169150000000013,0.007169150000000013,0.0,0.999,23.0,16.0,16.0,-16.0,-1.0,-1.0,-1.0,-1.0,0.0,0.0,0.0,0.0,45.0,20.0,21.0,8.5,336.0,336.0,2.0,2.0,600.0,4390.0,0.0,0.0,0.0,1.0,19483.0,8.0,1.0,0.0,-27.875,-0.5625,-2.1875,29.5625,-27.875,750.0,5.0,390.0,200.0,0.0,0.0,254.0,20.0,0.0,8.0,0.0,1.0,0.0,0.0,8.0,0.0,5.0,1.0,4.0,0.0,29.0,4687.0,100.0,0.0,0.0,0.0,0.0,27.0,0.0,0.0,4.0,5000.0,4990.0,4970.0,1.0,1.0,0.0,23.0,1842.0,0.0,255.0,850.0,343.0,0.0,0.0,1245716.0,3.008,3.0,50.0
1788624603324,2026-09-05T20:10:03.324,0.0,4.0,0.0,1.0,749.0,14.0,84.0,2.64,2.64,2.64,2.64,1.0,1.0,732.0,1.0,0.0,556.0,97.0,96.0,-0.004405560000000003,-0.004405560000000003,0.0,0.999,22.0,16.0,16.0,-15.0,-3.0,-3.0,-3.0,-3.0,0.0,0.0,0.0,0.0,45.0,20.0,20.0,8.3,315.0,336.0,2.0,2.0,590.0,4390.0,0.0,0.0,0.0,1.0,19483.0,7.800000000000001,0.0,0.0,-27.6875,0.5625,-1.9375,29.375,-27.6875,750.0,7.0,390.0,200.0,0.0,0.0,254.0,20.0,0.0,8.0,0.0,1.0,0.0,0.0,8.0,0.0,5.0,1.0,4.0,0.0,30.0,4687.0,100.0,0.0,0.0,0.0,0.0,27.0,0.0,0.0,4.0,5000.0,4990.0,4990.0,1.0,1.0,0.0,23.0,1177.0,0.0,255.0,850.0,339.0,0.0,0.0,1245716.0,3.008,3.0,50.0
1788624604033,2026-09-05T20:10:04.033,0.0,4.0,0.0,1.0,745.0,14.0,84.0,2.62,2.62,2.62,2.62,1.0,1.0,683.0,1.0,0.0,737.0,97.0,96.5,-0.011799030000000016,-0.011799030000000016,0.0,0.999,24.0,16.0,16.0,-15.0,0.0,0.0,0.0,0.0,0.0,0.0,0.0,0.0,45.0,20.0,20.0,8.3,336.0,336.0,2.0,2.0,600.0,4390.0,0.0,0.0,0.0,1.0,19483.0,8.0,1.0,0.0,-28.0625,0.3125,0.3125,29.75,-28.0625,750.0,8.0,390.0,200.0,0.0,0.0,254.0,20.0,0.0,8.0,0.0,1.0,0.0,0.0,8.0,0.0,5.0,1.0,4.0,0.0,31.0,4687.0,100.0,0.0,0.0,0.0,0.0,27.0,0.0,0.0,4.0,5000.0,4990.0,4970.0,1.0,1.0,0.0,23.0,2184.0,0.0,255.0,850.0,339.0,0.0,0.0,1245716.0,3.008,3.0,50.0
1788624604870,2026-09-05T20:10:04.870,0.0,4.0,0.0,1.0,754.0,14.100000000000001,84.0,2.65,2.65,2.65,2.65,0.0,1.0,112.0,0.0,0.0,209.0,97.0,96.5,0.002499589999999996,0.002499589999999996,0.0,0.999,24.0,16.0,16.0,-15.0,1.0,1.0,1.0,1.0,0.0,0.0,0.0,0.0,45.0,20.0,20.0,8.4,336.0,336.0,2.0,2.0,600.0,4390.0,0.0,0.0,0.0,1.0,19483.0,8.1,0.0,0.0,-28.0,-0.25,-1.375,29.6875,-28.0,750.0,9.0,390.0,200.0,0.0,0.0,254.0,20.0,0.0,8.0,0.0,1.0,0.0,0.0,8.0,0.0,5.0,1.0,4.0,0.0,31.0,4687.0,100.0,0.0,0.0,0.0,0.0,27.0,0.0,0.0,4.0,5000.0,4990.0,4990.0,1.0,1.0,0.0,23.0,1086.0,0.0,255.0,850.0,339.0,0.0,0.0,1245716.0,3.008,3.0,50.0
1788624605664,2026-09-05T20:10:05.664,0.0,4.0,0.0,1.0,745.0,14.100000000000001,84.0,2.6,2.6,2.6,2.6,1.0,1.0,722.0,1.0,0.0,678.0,96.5,96.5,-0.013744680000000009,-0.013744680000000009,0.0,0.999,22.0,16.0,16.0,-15.0,-3.0,-3.0,-3.0,-3.0,0.0,0.0,0.0,0.0,45.0,20.0,20.0,8.4,336.0,336.0,2.0,2.0,600.0,4390.0,0.0,0.0,0.0,1.0,19483.0,8.0,0.0,0.0,-27.875,-0.75,-0.0625,29.5625,-27.875,750.0,10.0,390.0,200.0,0.0,0.0,254.0,20.0,0.0,8.0,0.0,1.0,0.0,0.0,8.0,0.0,5.0,1.0,4.0,0.0,31.0,4687.0,100.0,0.0,0.0,0.0,0.0,27.0,0.0,0.0,4.0,5000.0,4990.0,4980.0,1.0,1.0,0.0,23.0,1794.0,0.0,255.0,850.0,341.0,0.0,0.0,1245716.0,3.008,3.0,50.0
1788624606450,2026-09-05T20:10:06.450,0.0,4.0,0.0,1.0,744.0,14.100000000000001,84.0,2.64,2.64,2.64,2.64,0.0,1.0,263.0,0.0,0.0,429.0,96.0,96.0,-0.0033373600000000114,-0.0033373600000000114,0.0,0.999,24.0,16.0,16.0,-15.0,-3.0,-3.0,-3.0,-3.0,0.0,0.0,0.0,0.0,45.0,20.0,21.0,8.5,336.0,336.0,2.0,2.0,600.0,4390.0,0.0,0.0,0.0,1.0,19483.0,8.0,1.0,0.0,-27.875,-1.8125,-2.6875,29.5625,-27.875,750.0,11.0,390.0,200.0,0.0,0.0,254.0,20.0,0.0,8.0,0.0,0.0,0.0,0.0,8.0,0.0,5.0,1.0,4.0,0.0,32.0,4687.0,100.0,0.0,0.0,0.0,0.0,27.0,0.0,0.0,4.0,5000.0,4990.0,4980.0,1.0,1.0,0.0,23.0,2366.0,0.0,255.0,850.0,357.0,0.0,0.0,1245716.0,3.008,3.0,50.0
1788624607252,2026-09-05T20:10:07.252,0.0,4.0,0.0,1.0,751.0,13.700000000000001,84.0,2.66,2.66,2.66,2.66,1.0,1.0,683.0,0.0,0.0,366.0,99.5,100.0,-0.01491207,-0.01491207,0.0,0.999,22.0,16.0,16.0,-17.0,-1.0,-1.0,-1.0,-1.0,0.0,0.0,0.0,0.0,45.0,21.0,21.0,8.5,336.0,336.0,2.0,2.0,600.0,4390.0,0.0,0.0,0.0,1.0,19483.0,8.200000000000001,0.0,0.0,-27.9375,2.875,2.1875,29.625,-27.9375,750.0,12.0,390.0,200.0,0.0,0.0,254.0,20.0,0.0,8.0,0.0,1.0,0.0,0.0,8.0,0.0,5.0,1.0,4.0,0.0,31.0,4687.0,100.0,0.0,0.0,0.0,0.0,27.0,0.0,0.0,4.0,5000.0,4990.0,4980.0,1.0,1.0,0.0,23.0,2091.0,0.0,255.0,850.0,354.0,0.0,0.0,1245716.0,3.008,3.0,50.0
1788624607958,2026-09-05T20:10:07.958,0.0,4.0,0.0,1.0,758.0,14.0,85.0,2.8000000000000003,2.8000000000000003,2.8000000000000003,2.8000000000000003,0.0,1.0,131.0,0.0,0.0,112.0,95.0,96.0,9.430699999999903E-4,9.430699999999903E-4,0.0,0.999,25.0,15.0,15.0,-20.0,-5.0,-5.0,-5.0,-5.0,0.0,0.0,0.0,0.0,45.0,21.0,21.0,8.700000000000001,336.0,336.0,2.0,2.0,590.0,4380.0,0.0,0.0,0.0,1.0,19483.0,8.4,1.0,0.0,-28.375,-0.25,-1.5625,30.0625,-28.375,750.0,14.0,390.0,200.0,0.0,0.0,254.0,20.0,0.0,8.0,0.0,1.0,0.0,0.0,8.0,0.0,5.0,1.0,4.0,0.0,29.0,4687.0,100.0,0.0,0.0,0.0,0.0,27.0,0.0,0.0,4.0,5000.0,4990.0,4980.0,1.0,1.0,0.0,23.0,1387.0,0.0,255.0,850.0,355.0,0.0,0.0,1245716.0,3.008,3.0,50.0
1788624608680,2026-09-05T20:10:08.680,0.0,4.0,0.0,1.0,740.0,14.0,85.0,2.68,2.68,2.68,2.68,1.0,1.0,708.0,1.0,0.0,727.0,96.0,97.0,-0.018803370000000014,-0.018803370000000014,0.0,0.999,24.0,16.0,16.0,-18.0,1.0,1.0,1.0,1.0,0.0,0.0,0.0,0.0,45.0,21.0,21.0,8.6,336.0,336.0,2.0,2.0,600.0,4390.0,0.0,0.0,0.0,1.0,19483.0,8.3,0.0,0.0,-28.3125,0.875,-0.9375,30.0,-28.3125,750.0,15.0,390.0,200.0,0.0,0.0,254.0,20.0,0.0,8.0,0.0,1.0,0.0,0.0,8.0,0.0,5.0,1.0,4.0,0.0,29.0,4687.0,100.0,0.0,0.0,0.0,0.0,27.0,0.0,0.0,4.0,5000.0,4990.0,4980.0,1.0,1.0,0.0,23.0,1628.0,0.0,255.0,850.0,348.0,0.0,0.0,1245716.0,3.008,3.0,50.0
1788624609354,2026-09-05T20:10:09.354,0.0,4.0,0.0,1.0,752.0,14.0,85.0,2.63,2.63,2.63,2.63,0.0,1.0,424.0,1.0,0.0,610.0,95.0,96.5,-0.025418579999999996,-0.025418579999999996,0.0,0.999,24.0,15.0,15.0,-17.0,-3.0,-3.0,-3.0,-3.0,0.0,0.0,0.0,0.0,45.0,21.0,21.0,8.5,336.0,336.0,2.0,2.0,600.0,4390.0,0.0,0.0,0.0,1.0,19483.0,8.4,0.0,0.0,-28.5,-0.8125,-2.0625,30.1875,-28.5,750.0,15.0,390.0,190.0,0.0,0.0,254.0,20.0,0.0,8.0,0.0,1.0,0.0,0.0,8.0,0.0,5.0,1.0,4.0,0.0,30.0,4687.0,100.0,0.0,0.0,0.0,0.0,27.0,0.0,0.0,4.0,5000.0,4990.0,4990.0,1.0,1.0,0.0,23.0,2123.0,0.0,255.0,850.0,345.0,0.0,0.0,1245716.0,3.008,3.0,50.0
1788624610303,2026-09-05T20:10:10.303,0.0,4.0,0.0,1.0,745.0,13.9,85.0,2.67,2.67,2.67,2.67,0.0,1.0,156.0,0.0,0.0,107.0,94.5,96.0,-0.001002580000000003,-0.001002580000000003,0.0,0.999,24.0,15.0,15.0,-17.0,-2.0,-2.0,-2.0,-2.0,0.0,0.0,0.0,0.0,45.0,21.0,21.0,8.5,336.0,336.0,2.0,2.0,600.0,4390.0,0.0,0.0,0.0,1.0,19483.0,8.4,1.0,0.0,-28.875,-1.5625,-1.6875,30.5625,-28.875,750.0,17.0,390.0,200.0,0.0,0.0,254.0,20.0,0.0,8.0,0.0,1.0,0.0,0.0,8.0,0.0,5.0,1.0,4.0,0.0,31.0,4687.0,100.0,0.0,0.0,0.0,0.0,27.0,0.0,0.0,4.0,5000.0,4990.0,4980.0,1.0,1.0,0.0,23.0,1513.0,0.0,255.0,850.0,349.0,0.0,0.0,1245716.0,3.008,3.0,50.0
1788624611122,2026-09-05T20:10:11.122,0.0,4.0,0.0,1.0,747.0,14.0,85.0,2.64,2.64,2.64,2.64,1.0,1.0,605.0,1.0,0.0,688.0,94.0,96.0,-0.02269467,-0.02269467,1.0,0.999,24.0,16.0,16.0,-17.0,-3.0,-3.0,-3.0,-3.0,0.0,0.0,0.0,0.0,45.0,21.0,21.0,8.5,336.0,336.0,2.0,2.0,600.0,4390.0,0.0,0.0,0.0,1.0,19483.0,8.3,0.0,0.0,-28.0625,0.625,-0.1875,29.75,-28.0625,750.0,17.0,390.0,200.0,0.0,0.0,254.0,20.0,0.0,8.0,0.0,1.0,0.0,0.0,8.0,0.0,5.0,1.0,4.0,0.0,31.0,4687.0,100.0,0.0,0.0,0.0,0.0,27.0,0.0,0.0,4.0,5000.0,4990.0,4980.0,1.0,1.0,0.0,23.0,1416.0,0.0,255.0,850.0,347.0,0.0,0.0,1245716.0,3.008,3.0,50.0
1788624611963,2026-09-05T20:10:11.963,0.0,4.0,0.0,1.0,750.0,13.8,85.0,2.68,2.68,2.68,2.68,0.0,1.0,219.0,0.0,0.0,102.0,97.0,99.0,-2.2432000000000007E-4,-2.2432000000000007E-4,1.0,0.999,24.0,16.0,16.0,-17.0,-1.0,-1.0,-1.0,-1.0,0.0,0.0,0.0,0.0,45.0,21.0,21.0,8.5,336.0,336.0,2.0,2.0,600.0,4380.0,0.0,0.0,0.0,1.0,19483.0,8.200000000000001,1.0,0.0,-28.3125,0.0625,-1.0625,30.0,-28.3125,750.0,17.0,390.0,200.0,0.0,0.0,254.0,20.0,0.0,8.0,0.0,1.0,0.0,0.0,8.0,0.0,5.0,1.0,4.0,0.0,31.0,4687.0,100.0,0.0,0.0,0.0,0.0,27.0,0.0,0.0,4.0,5000.0,4990.0,4980.0,1.0,1.0,0.0,23.0,2068.0,0.0,255.0,850.0,348.0,0.0,0.0,1245716.0,3.008,3.0,50.0
1788624612886,2026-09-05T20:10:12.886,0.0,4.0,0.0,1.0,751.0,14.100000000000001,85.0,2.62,2.62,2.62,2.62,1.0,1.0,595.0,1.0,0.0,664.0,94.0,96.5,-0.023472930000000003,-0.023472930000000003,2.0,0.999,24.0,15.0,15.0,-17.0,-2.0,-2.0,-2.0,-2.0,0.0,0.0,0.0,0.0,45.0,21.0,21.0,8.6,336.0,336.0,2.0,2.0,600.0,4380.0,0.0,0.0,0.0,1.0,19483.0,8.3,0.0,0.0,-28.0,-1.25,-0.75,29.6875,-28.0,750.0,14.0,390.0,190.0,0.0,0.0,254.0,20.0,0.0,8.0,0.0,1.0,0.0,0.0,8.0,0.0,5.0,1.0,4.0,0.0,30.0,4687.0,100.0,0.0,0.0,0.0,0.0,27.0,0.0,0.0,4.0,5000.0,4990.0,4990.0,1.0,1.0,0.0,23.0,2040.0,0.0,255.0,850.0,350.0,0.0,0.0,1245716.0,3.008,3.0,50.0
1788624613719,2026-09-05T20:10:13.719,0.0,4.0,0.0,1.0,748.0,14.0,85.0,2.67,2.67,2.67,2.67,0.0,1.0,131.0,0.0,0.0,97.0,94.0,96.5,5.53939999999975E-4,5.53939999999975E-4,2.0,0.999,24.0,15.0,15.0,-18.0,-2.0,-2.0,-2.0,-2.0,0.0,0.0,0.0,0.0,45.0,21.0,21.0,8.6,336.0,336.0,2.0,2.0,600.0,4380.0,0.0,0.0,0.0,1.0,19483.0,8.200000000000001,1.0,0.0,-28.3125,-1.125,-0.5,30.0,-28.3125,750.0,10.0,390.0,190.0,0.0,0.0,254.0,20.0,0.0,8.0,0.0,1.0,0.0,0.0,8.0,0.0,5.0,1.0,4.0,0.0,29.0,4687.0,100.0,0.0,0.0,0.0,0.0,27.0,0.0,0.0,4.0,5000.0,4990.0,4980.0,1.0,1.0,0.0,23.0,1374.0,0.0,255.0,850.0,347.0,0.0,0.0,1245716.0,3.008,3.0,50.0
1788624614595,2026-09-05T20:10:14.595,0.0,4.0,0.0,1.0,747.0,14.100000000000001,85.0,2.61,2.61,2.61,2.61,1.0,1.0,546.0,1.0,0.0,668.0,93.0,96.0,-0.01802511000000001,-0.01802511000000001,3.0,0.999,24.0,15.0,15.0,-18.0,-3.0,-3.0,-3.0,-3.0,0.0,0.0,0.0,0.0,45.0,20.0,21.0,8.700000000000001,336.0,336.0,2.0,2.0,600.0,4390.0,0.0,0.0,0.0,1.0,19483.0,8.0,1.0,0.0,-27.8125,-0.3125,-0.6875,29.5,-27.8125,750.0,7.0,390.0,200.0,0.0,0.0,254.0,20.0,0.0,8.0,0.0,1.0,0.0,0.0,8.0,0.0,5.0,1.0,4.0,0.0,27.0,4687.0,100.0,0.0,0.0,0.0,0.0,27.0,0.0,0.0,4.0,5000.0,4990.0,4980.0,1.0,1.0,0.0,23.0,1315.0,0.0,255.0,850.0,357.0,0.0,0.0,1245716.0,3.008,3.0,50.0
1788624615485,2026-09-05T20:10:15.485,0.0,4.0,0.0,1.0,748.0,14.100000000000001,85.0,2.66,2.66,2.66,2.66,0.0,1.0,112.0,0.0,0.0,83.0,94.0,97.0,0.006001759999999967,0.006001759999999967,3.0,0.999,23.0,16.0,16.0,-17.0,-2.0,-2.0,-2.0,-2.0,0.0,0.0,0.0,0.0,45.0,20.0,21.0,8.5,336.0,336.0,2.0,2.0,590.0,4380.0,0.0,0.0,0.0,1.0,19483.0,8.0,0.0,0.0,-27.5,0.1875,-0.375,29.1875,-27.5,750.0,6.0,390.0,200.0,0.0,0.0,254.0,20.0,0.0,8.0,0.0,1.0,0.0,0.0,8.0,0.0,5.0,1.0,4.0,0.0,26.0,4687.0,100.0,0.0,0.0,0.0,0.0,27.0,0.0,0.0,4.0,5000.0,4990.0,4990.0,1.0,1.0,0.0,23.0,1213.0,0.0,255.0,850.0,350.0,0.0,0.0,1245716.0,3.008,3.0,50.0
1788624616400,2026-09-05T20:10:16.400,0.0,4.0,0.0,1.0,743.0,14.0,85.0,2.62,2.62,2.62,2.62,1.0,1.0,615.0,1.0,0.0,649.0,93.0,96.5,-0.009464250000000007,-0.009464250000000007,4.0,0.999,24.0,15.0,15.0,-17.0,-2.0,-2.0,-2.0,-2.0,0.0,0.0,0.0,0.0,45.0,21.0,21.0,8.6,336.0,336.0,2.0,2.0,600.0,4400.0,0.0,0.0,0.0,1.0,19483.0,8.3,1.0,0.0,-27.8125,-1.375,-1.5,29.5,-27.8125,750.0,5.0,390.0,200.0,0.0,0.0,254.0,20.0,0.0,8.0,0.0,1.0,0.0,0.0,8.0,0.0,5.0,1.0,4.0,0.0,28.0,4687.0,100.0,0.0,0.0,0.0,0.0,27.0,0.0,0.0,4.0,5000.0,4990.0,4980.0,1.0,1.0,0.0,23.0,1937.0,0.0,255.0,850.0,347.0,0.0,0.0,1245716.0,3.008,3.0,50.0
1788624617173,2026-09-05T20:10:17.173,0.0,4.0,0.0,1.0,751.0,13.9,85.0,2.61,2.61,2.61,2.61,0.0,1.0,102.0,0.0,0.0,83.0,92.5,96.0,0.01300610000000002,0.01300610000000002,4.0,0.999,24.0,15.0,15.0,-16.0,-2.0,-2.0,-2.0,-2.0,0.0,0.0,0.0,0.0,45.0,20.0,21.0,8.5,336.0,336.0,2.0,2.0,600.0,4390.0,0.0,0.0,0.0,1.0,19483.0,8.0,0.0,0.0,-27.6875,0.4375,-0.5,29.375,-27.6875,750.0,3.0,390.0,190.0,0.0,0.0,254.0,20.0,0.0,8.0,0.0,1.0,0.0,0.0,8.0,0.0,5.0,1.0,4.0,0.0,27.0,4687.0,100.0,0.0,0.0,0.0,0.0,27.0,0.0,0.0,4.0,5000.0,4990.0,4980.0,1.0,1.0,0.0,23.0,1826.0,0.0,255.0,850.0,355.0,0.0,0.0,1245716.0,3.008,3.0,50.0
1788624617998,2026-09-05T20:10:17.998,0.0,4.0,0.0,1.0,750.0,14.0,85.0,2.67,2.67,2.67,2.67,0.0,1.0,107.0,0.0,0.0,92.0,92.5,96.0,0.020399569999999978,0.020399569999999978,4.0,0.999,24.0,15.0,15.0,-18.0,0.0,0.0,0.0,0.0,0.0,0.0,0.0,0.0,45.0,20.0,21.0,8.6,336.0,336.0,2.0,2.0,590.0,4380.0,0.0,0.0,0.0,1.0,19483.0,8.1,1.0,0.0,-27.75,0.0625,-1.125,29.4375,-27.75,750.0,2.0,390.0,200.0,0.0,0.0,254.0,20.0,0.0,8.0,0.0,1.0,0.0,0.0,8.0,0.0,5.0,1.0,4.0,0.0,28.0,4687.0,100.0,0.0,0.0,0.0,0.0,27.0,0.0,0.0,4.0,5000.0,4990.0,4970.0,1.0,1.0,0.0,23.0,1336.0,0.0,255.0,850.0,353.0,0.0,0.0,1245716.0,3.008,3.0,50.0
1788624618998,2026-09-05T20:10:18.998,0.0,4.0,0.0,1.0,753.0,14.0,85.0,2.56,2.56,2.56,2.56,1.0,1.0,615.0,1.0,0.0,551.0,92.0,96.0,-0.014881549999999993,-0.014881549999999993,4.0,0.999,24.0,16.0,16.0,-17.0,-2.0,-2.0,-2.0,-2.0,0.0,0.0,0.0,0.0,45.0,22.0,21.0,8.4,357.0,336.0,2.0,2.0,600.0,4390.0,0.0,0.0,0.0,1.0,19483.0,8.4,0.0,0.0,-27.625,0.9375,0.0625,29.25,-27.625,750.0,2.0,390.0,200.0,0.0,0.0,254.0,20.0,0.0,8.0,0.0,1.0,0.0,0.0,8.0,0.0,5.0,1.0,4.0,0.0,30.0,4687.0,100.0,0.0,0.0,0.0,0.0,27.0,0.0,0.0,4.0,5000.0,4990.0,4990.0,1.0,1.0,0.0,23.0,1922.0,0.0,255.0,850.0,353.0,0.0,0.0,1245716.0,3.008,3.0,50.0
1788624619844,2026-09-05T20:10:19.844,0.0,4.0,0.0,1.0,752.0,14.0,85.0,2.62,2.62,2.62,2.62,0.0,1.0,73.0,0.0,0.0,63.0,92.5,97.0,0.005643149999999986,0.005643149999999986,4.0,0.999,24.0,16.0,16.0,-17.0,0.0,0.0,0.0,0.0,0.0,0.0,0.0,0.0,45.0,21.0,21.0,8.6,336.0,336.0,2.0,2.0,600.0,4390.0,0.0,0.0,0.0,1.0,19483.0,8.3,1.0,0.0,-27.8125,-1.0,-0.625,29.4375,-27.8125,750.0,1.0,390.0,200.0,0.0,0.0,254.0,20.0,0.0,8.0,0.0,1.0,0.0,0.0,8.0,0.0,5.0,1.0,4.0,0.0,29.0,4687.0,100.0,0.0,0.0,0.0,0.0,27.0,0.0,0.0,4.0,5000.0,4990.0,4980.0,1.0,1.0,0.0,23.0,1395.0,0.0,255.0,850.0,356.0,0.0,0.0,1245716.0,3.008,3.0,50.0
1788624620631,2026-09-05T20:10:20.631,0.0,4.0,0.0,1.0,748.0,14.0,85.0,2.67,2.67,2.67,2.67,0.0,1.0,87.0,0.0,0.0,78.0,92.5,97.0,0.013814879999999974,0.013814879999999974,4.0,0.999,24.0,15.0,15.0,-18.0,-3.0,-3.0,-3.0,-3.0,0.0,0.0,0.0,0.0,45.0,21.0,21.0,8.6,336.0,336.0,2.0,2.0,600.0,4390.0,0.0,0.0,0.0,1.0,19483.0,8.200000000000001,1.0,0.0,-27.8125,0.375,-0.4375,29.4375,-27.8125,750.0,0.0,390.0,200.0,0.0,0.0,254.0,20.0,0.0,8.0,0.0,1.0,0.0,0.0,8.0,0.0,5.0,1.0,4.0,0.0,31.0,4687.0,100.0,0.0,0.0,0.0,0.0,27.0,0.0,0.0,4.0,5000.0,4990.0,4980.0,1.0,1.0,0.0,23.0,1356.0,0.0,255.0,850.0,354.0,0.0,0.0,1245716.0,3.008,3.0,50.0
1788624621353,2026-09-05T20:10:21.353,0.0,4.0,0.0,1.0,756.0,14.100000000000001,85.0,2.69,2.69,2.69,2.69,0.0,1.0,107.0,0.0,0.0,87.0,91.0,95.5,0.02949453000000002,0.02949453000000002,4.0,0.999,24.0,15.0,15.0,-18.0,-3.0,-3.0,-3.0,-3.0,0.0,0.0,0.0,0.0,45.0,21.0,21.0,8.6,336.0,336.0,2.0,2.0,600.0,4390.0,0.0,0.0,0.0,1.0,19483.0,8.200000000000001,0.0,0.0,-27.9375,-0.1875,-0.6875,29.5625,-27.9375,750.0,0.0,390.0,200.0,0.0,0.0,254.0,20.0,0.0,8.0,0.0,1.0,0.0,0.0,8.0,0.0,5.0,1.0,4.0,0.0,30.0,4687.0,100.0,0.0,0.0,0.0,0.0,27.0,0.0,0.0,4.0,5000.0,4990.0,4980.0,1.0,1.0,0.0,23.0,1625.0,0.0,255.0,850.0,352.0,0.0,0.0,1245716.0,3.008,3.0,50.0
1788624622050,2026-09-05T20:10:22.050,0.0,4.0,0.0,1.0,758.0,14.0,85.0,2.75,2.75,2.75,2.75,0.0,1.0,400.0,0.0,0.0,131.0,91.0,96.0,0.06135741,0.06135741,4.0,0.999,24.0,15.0,15.0,-17.0,-2.0,-2.0,-2.0,-2.0,0.0,0.0,0.0,0.0,45.0,20.0,21.0,8.5,315.0,336.0,2.0,2.0,590.0,4390.0,0.0,0.0,0.0,1.0,19483.0,7.9,1.0,0.0,-27.6875,0.375,-0.6875,29.3125,-27.6875,750.0,1.0,390.0,200.0,0.0,0.0,254.0,20.0,0.0,8.0,0.0,1.0,0.0,0.0,8.0,0.0,5.0,1.0,4.0,0.0,30.0,4687.0,100.0,0.0,0.0,0.0,0.0,27.0,0.0,0.0,4.0,5000.0,4990.0,4990.0,1.0,1.0,0.0,23.0,1322.0,0.0,255.0,850.0,347.0,0.0,0.0,1245716.0,3.008,3.0,50.0
1788624622810,2026-09-05T20:10:22.810,0.0,4.0,0.0,1.0,751.0,14.100000000000001,85.0,2.58,2.58,2.58,2.58,1.0,1.0,673.0,1.0,0.0,737.0,91.0,96.0,0.006116210000000011,0.006116210000000011,4.0,0.999,23.0,16.0,16.0,-16.0,0.0,0.0,0.0,0.0,0.0,0.0,0.0,0.0,45.0,20.0,21.0,8.5,336.0,336.0,2.0,2.0,600.0,4390.0,0.0,0.0,0.0,1.0,19483.0,8.1,0.0,0.0,-27.875,-0.1875,-1.625,29.5,-27.875,750.0,2.0,390.0,200.0,0.0,0.0,254.0,20.0,0.0,8.0,0.0,1.0,0.0,0.0,8.0,0.0,5.0,1.0,4.0,0.0,30.0,4687.0,100.0,0.0,0.0,0.0,0.0,27.0,0.0,0.0,4.1000000000000005,5000.0,4990.0,4980.0,1.0,1.0,0.0,23.0,1323.0,0.0,255.0,850.0,344.0,0.0,0.0,1245716.0,3.008,3.0,50.0
1788624623604,2026-09-05T20:10:23.604,0.0,4.0,0.0,1.0,749.0,14.0,85.0,2.62,2.62,2.62,2.62,0.0,1.0,83.0,0.0,0.0,73.0,91.0,96.0,0.027419169999999993,0.027419169999999993,4.0,0.999,24.0,16.0,16.0,-16.0,0.0,0.0,0.0,0.0,0.0,0.0,0.0,0.0,45.0,20.0,21.0,8.5,336.0,336.0,2.0,2.0,600.0,4390.0,0.0,0.0,0.0,1.0,19483.0,8.1,0.0,0.0,-27.875,0.0625,-1.375,29.5,-27.875,750.0,3.0,390.0,200.0,0.0,0.0,254.0,20.0,0.0,8.0,0.0,1.0,0.0,0.0,8.0,0.0,5.0,1.0,4.0,0.0,31.0,4687.0,100.0,0.0,0.0,0.0,0.0,27.0,0.0,0.0,4.1000000000000005,5000.0,4990.0,4980.0,1.0,1.0,0.0,23.0,1887.0,0.0,255.0,850.0,342.0,0.0,0.0,1245716.0,3.008,3.0,50.0
1788624624384,2026-09-05T20:10:24.384,0.0,4.0,0.0,1.0,752.0,14.100000000000001,85.0,2.63,2.63,2.63,2.63,0.0,1.0,434.0,0.0,0.0,122.0,91.0,96.0,0.034812640000000006,0.034812640000000006,3.0,0.999,24.0,16.0,16.0,-16.0,1.0,1.0,1.0,1.0,0.0,0.0,0.0,0.0,45.0,20.0,21.0,8.5,336.0,336.0,2.0,2.0,600.0,4390.0,0.0,0.0,0.0,1.0,19483.0,8.1,1.0,0.0,-27.6875,-0.8125,-1.8125,29.3125,-27.6875,750.0,5.0,390.0,200.0,0.0,0.0,254.0,20.0,0.0,8.0,0.0,1.0,0.0,0.0,8.0,0.0,5.0,1.0,4.0,0.0,31.0,4687.0,100.0,0.0,0.0,0.0,0.0,27.0,0.0,0.0,4.1000000000000005,5000.0,4990.0,4980.0,1.0,1.0,0.0,23.0,1814.0,0.0,255.0,850.0,341.0,0.0,0.0,1245716.0,3.008,3.0,50.0
1788624625174,2026-09-05T20:10:25.174,0.0,4.0,0.0,1.0,747.0,14.0,85.0,2.64,2.64,2.64,2.64,0.0,1.0,180.0,1.0,0.0,649.0,91.0,96.5,0.029364820000000014,0.029364820000000014,3.0,0.999,24.0,16.0,16.0,-15.0,-2.0,-2.0,-2.0,-2.0,0.0,0.0,0.0,0.0,45.0,20.0,21.0,8.5,336.0,336.0,2.0,2.0,600.0,4390.0,0.0,0.0,0.0,1.0,19483.0,8.1,0.0,0.0,-27.875,-0.5625,-0.625,29.5,-27.875,750.0,6.0,390.0,200.0,0.0,0.0,254.0,20.0,0.0,8.0,0.0,1.0,0.0,0.0,8.0,0.0,5.0,1.0,4.0,0.0,31.0,4687.0,100.0,0.0,0.0,0.0,0.0,27.0,0.0,0.0,4.1000000000000005,5000.0,4990.0,4980.0,1.0,1.0,0.0,23.0,1781.0,0.0,255.0,850.0,340.0,0.0,0.0,1245716.0,3.008,3.0,50.0
1788624625953,2026-09-05T20:10:25.953,0.0,4.0,0.0,1.0,749.0,14.100000000000001,85.0,2.61,2.61,2.61,2.61,1.0,1.0,683.0,0.0,0.0,156.0,91.0,96.5,0.01856837,0.01856837,3.0,0.999,23.0,16.0,16.0,-15.0,-2.0,-2.0,-2.0,-2.0,0.0,0.0,0.0,0.0,45.0,20.0,21.0,8.4,315.0,336.0,2.0,2.0,590.0,4390.0,0.0,0.0,0.0,1.0,19483.0,7.9,1.0,0.0,-27.6875,-0.3125,-0.3125,29.3125,-27.6875,750.0,6.0,390.0,200.0,0.0,0.0,254.0,20.0,0.0,8.0,0.0,1.0,0.0,0.0,8.0,0.0,5.0,1.0,4.0,0.0,31.0,4687.0,100.0,0.0,0.0,0.0,0.0,27.0,0.0,0.0,4.1000000000000005,5000.0,4990.0,4980.0,1.0,1.0,0.0,23.0,1815.0,0.0,255.0,850.0,348.0,0.0,0.0,1245716.0,3.008,3.0,50.0
1788624627114,2026-09-05T20:10:27.114,0.0,4.0,0.0,1.0,754.0,14.100000000000001,85.0,2.7,2.7,2.7,2.7,0.0,1.0,112.0,0.0,0.0,156.0,90.5,96.0,0.03247785999999997,0.03247785999999997,2.0,0.999,24.0,15.0,15.0,-17.0,-3.0,-3.0,-3.0,-3.0,0.0,0.0,0.0,0.0,45.0,21.0,21.0,8.5,336.0,336.0,2.0,2.0,600.0,4390.0,0.0,0.0,0.0,1.0,19483.0,8.1,0.0,0.0,-28.0,-1.6875,-1.5,29.625,-28.0,750.0,5.0,390.0,200.0,0.0,0.0,254.0,20.0,0.0,8.0,0.0,1.0,0.0,0.0,8.0,0.0,5.0,1.0,4.0,0.0,30.0,4687.0,100.0,0.0,0.0,0.0,0.0,27.0,0.0,0.0,4.1000000000000005,5000.0,4990.0,4980.0,1.0,1.0,0.0,23.0,1279.0,0.0,255.0,850.0,344.0,0.0,0.0,1245716.0,3.008,3.0,50.0
1788624627969,2026-09-05T20:10:27.969,0.0,4.0,0.0,1.0,745.0,14.0,85.0,2.62,2.62,2.62,2.62,1.0,1.0,747.0,1.0,0.0,761.0,90.5,96.0,0.009618379999999982,0.009618379999999982,2.0,0.999,22.0,16.0,16.0,-16.0,-1.0,-1.0,-1.0,-1.0,0.0,0.0,0.0,0.0,45.0,20.0,21.0,8.5,336.0,336.0,2.0,2.0,600.0,4390.0,0.0,0.0,0.0,1.0,19483.0,8.0,1.0,0.0,-27.5625,-1.125,-0.875,29.1875,-27.5625,750.0,3.0,390.0,200.0,0.0,0.0,254.0,20.0,0.0,8.0,0.0,1.0,0.0,0.0,8.0,0.0,5.0,1.0,4.0,0.0,30.0,4687.0,100.0,0.0,0.0,0.0,0.0,27.0,0.0,0.0,4.1000000000000005,5000.0,4990.0,4980.0,1.0,1.0,0.0,23.0,1249.0,0.0,255.0,850.0,348.0,0.0,0.0,1245716.0,3.008,3.0,50.0
1788624628826,2026-09-05T20:10:28.826,0.0,4.0,0.0,1.0,752.0,14.100000000000001,85.0,2.65,2.65,2.65,2.65,1.0,1.0,688.0,1.0,0.0,717.0,90.0,96.0,0.0010575199999999785,0.0010575199999999785,1.0,0.999,23.0,16.0,16.0,-17.0,-1.0,-1.0,-1.0,-1.0,0.0,0.0,0.0,0.0,45.0,20.0,21.0,8.6,336.0,336.0,2.0,2.0,600.0,4390.0,0.0,0.0,0.0,1.0,19483.0,8.0,0.0,0.0,-27.9375,-0.5625,-0.6875,29.5,-27.9375,750.0,2.0,390.0,200.0,0.0,0.0,254.0,20.0,0.0,8.0,0.0,1.0,0.0,0.0,8.0,0.0,5.0,1.0,4.0,0.0,30.0,4687.0,100.0,0.0,0.0,0.0,0.0,27.0,0.0,0.0,4.1000000000000005,5000.0,4990.0,4980.0,1.0,1.0,0.0,23.0,1093.0,0.0,255.0,850.0,350.0,0.0,0.0,1245716.0,3.008,3.0,50.0
1788624629581,2026-09-05T20:10:29.581,0.0,4.0,0.0,1.0,750.0,14.100000000000001,85.0,2.57,2.57,2.57,2.57,1.0,1.0,654.0,1.0,0.0,717.0,89.5,95.5,-0.02644863,-0.02644863,1.0,0.999,22.0,16.0,16.0,-17.0,-2.0,-2.0,-2.0,-2.0,0.0,0.0,0.0,0.0,45.0,21.0,21.0,8.5,336.0,336.0,2.0,2.0,600.0,4390.0,0.0,0.0,0.0,1.0,19483.0,8.200000000000001,0.0,0.0,-27.8125,0.1875,-0.5,29.375,-27.8125,750.0,1.0,390.0,200.0,0.0,0.0,254.0,20.0,0.0,8.0,0.0,1.0,0.0,0.0,8.0,0.0,5.0,1.0,4.0,0.0,30.0,4687.0,100.0,0.0,0.0,0.0,0.0,27.0,0.0,0.0,4.1000000000000005,5000.0,4990.0,4980.0,1.0,1.0,0.0,23.0,1268.0,0.0,255.0,850.0,345.0,0.0,0.0,1245716.0,3.008,3.0,50.0
1788624630388,2026-09-05T20:10:30.388,0.0,4.0,0.0,1.0,746.0,14.0,85.0,2.69,2.69,2.69,2.69,0.0,1.0,87.0,0.0,0.0,78.0,90.5,96.5,0.011907379999999967,0.011907379999999967,0.0,0.999,24.0,15.0,15.0,-17.0,-4.0,-4.0,-4.0,-4.0,0.0,0.0,0.0,0.0,45.0,20.0,21.0,8.700000000000001,336.0,336.0,2.0,2.0,600.0,4390.0,0.0,0.0,0.0,1.0,19483.0,8.1,1.0,0.0,-27.625,0.4375,-0.75,29.1875,-27.625,750.0,0.0,390.0,200.0,0.0,0.0,254.0,20.0,0.0,8.0,0.0,1.0,0.0,0.0,8.0,0.0,5.0,1.0,4.0,0.0,29.0,4687.0,100.0,0.0,0.0,0.0,0.0,27.0,0.0,0.0,4.1000000000000005,5000.0,4990.0,4980.0,1.0,1.0,0.0,23.0,1441.0,0.0,255.0,850.0,352.0,0.0,0.0,1245716.0,3.008,3.0,50.0
1788624631093,2026-09-05T20:10:31.093,0.0,4.0,0.0,1.0,754.0,14.0,85.0,2.69,2.69,2.69,2.69,1.0,1.0,747.0,1.0,0.0,732.0,89.5,95.5,-0.00550428,-0.00550428,0.0,0.999,24.0,15.0,15.0,-17.0,-3.0,-3.0,-3.0,-3.0,0.0,0.0,0.0,0.0,45.0,21.0,21.0,8.6,336.0,336.0,2.0,2.0,600.0,4380.0,0.0,0.0,0.0,1.0,19483.0,8.1,0.0,0.0,-27.75,-0.0625,-0.5625,29.3125,-27.75,750.0,1.0,390.0,200.0,0.0,0.0,254.0,20.0,0.0,8.0,0.0,1.0,0.0,0.0,8.0,0.0,5.0,1.0,4.0,0.0,30.0,4687.0,100.0,0.0,0.0,0.0,0.0,27.0,0.0,0.0,4.1000000000000005,5000.0,4990.0,4980.0,1.0,1.0,0.0,23.0,1874.0,0.0,255.0,850.0,350.0,0.0,0.0,1245716.0,3.008,3.0,50.0
1788624632014,2026-09-05T20:10:32.014,0.0,4.0,0.0,1.0,744.0,14.0,85.0,2.68,2.68,2.68,2.68,1.0,1.0,732.0,1.0,0.0,751.0,90.5,97.0,-0.012508619999999998,-0.012508619999999998,0.0,0.999,24.0,15.0,15.0,-17.0,-2.0,-2.0,-2.0,-2.0,0.0,0.0,0.0,0.0,45.0,22.0,21.0,8.5,357.0,336.0,2.0,2.0,600.0,4390.0,0.0,0.0,0.0,1.0,19483.0,8.4,1.0,0.0,-27.9375,-0.5625,-0.5,29.5,-27.9375,750.0,0.0,390.0,200.0,0.0,0.0,254.0,20.0,0.0,8.0,0.0,1.0,0.0,0.0,8.0,0.0,5.0,1.0,4.0,0.0,30.0,4687.0,100.0,0.0,0.0,0.0,0.0,27.0,0.0,0.0,4.1000000000000005,5000.0,4990.0,4970.0,1.0,1.0,0.0,23.0,2062.0,0.0,255.0,850.0,356.0,0.0,0.0,1245716.0,3.008,3.0,50.0
1788624632698,2026-09-05T20:10:32.698,0.0,4.0,0.0,1.0,755.0,14.0,85.0,2.67,2.67,2.67,2.67,1.0,1.0,673.0,1.0,0.0,703.0,89.5,96.0,-0.022450510000000007,-0.022450510000000007,0.0,0.999,24.0,15.0,15.0,-18.0,-2.0,-2.0,-2.0,-2.0,0.0,0.0,0.0,0.0,45.0,21.0,21.0,8.8,336.0,336.0,2.0,2.0,600.0,4380.0,0.0,0.0,0.0,1.0,19483.0,8.200000000000001,0.0,0.0,-27.875,-1.0625,-1.5625,29.4375,-27.875,750.0,0.0,390.0,200.0,0.0,0.0,254.0,20.0,0.0,8.0,0.0,1.0,0.0,0.0,8.0,0.0,5.0,1.0,4.0,0.0,30.0,4687.0,100.0,0.0,0.0,0.0,0.0,27.0,0.0,0.0,4.1000000000000005,5000.0,4990.0,4970.0,1.0,1.0,0.0,23.0,1849.0,0.0,255.0,850.0,354.0,0.0,0.0,1245716.0,3.008,3.0,50.0
1788624633509,2026-09-05T20:10:33.509,0.0,4.0,0.0,1.0,739.0,14.0,85.0,2.61,2.61,2.61,2.61,1.0,1.0,581.0,1.0,0.0,688.0,89.5,96.0,-0.05431339000000002,-0.05431339000000002,0.0,0.999,24.0,15.0,15.0,-18.0,-4.0,-4.0,-4.0,-4.0,0.0,0.0,0.0,0.0,45.0,22.0,21.0,8.700000000000001,357.0,336.0,2.0,2.0,600.0,4370.0,0.0,0.0,0.0,1.0,19483.0,8.5,0.0,0.0,-27.875,-0.3125,-0.625,29.4375,-27.875,750.0,0.0,390.0,200.0,0.0,0.0,254.0,20.0,0.0,8.0,0.0,1.0,0.0,0.0,8.0,0.0,5.0,1.0,4.0,0.0,31.0,4687.0,100.0,0.0,0.0,0.0,0.0,27.0,0.0,0.0,4.1000000000000005,5000.0,4990.0,4980.0,1.0,1.0,0.0,23.0,2144.0,0.0,255.0,850.0,352.0,0.0,0.0,1245716.0,3.008,3.0,50.0
1788624634250,2026-09-05T20:10:34.250,0.0,4.0,0.0,1.0,755.0,14.0,85.0,2.75,2.75,2.75,2.75,0.0,1.0,571.0,0.0,0.0,97.0,89.5,96.0,-4.532200000000042E-4,-4.532200000000042E-4,0.0,0.999,24.0,15.0,15.0,-18.0,-4.0,-4.0,-4.0,-4.0,0.0,0.0,0.0,0.0,45.0,20.0,22.0,8.8,336.0,336.0,2.0,2.0,600.0,4380.0,0.0,0.0,0.0,1.0,19483.0,8.1,1.0,0.0,-27.625,-0.25,-0.25,29.1875,-27.625,750.0,0.0,390.0,200.0,0.0,0.0,254.0,20.0,0.0,8.0,0.0,1.0,0.0,0.0,8.0,0.0,5.0,1.0,4.0,0.0,31.0,4687.0,100.0,0.0,0.0,0.0,0.0,27.0,0.0,0.0,4.1000000000000005,5000.0,4990.0,4980.0,1.0,1.0,0.0,23.0,1760.0,0.0,255.0,850.0,356.0,0.0,0.0,1245716.0,3.008,3.0,50.0
1788624635198,2026-09-05T20:10:35.198,0.0,4.0,0.0,1.0,752.0,14.0,85.0,2.71,2.71,2.71,2.71,1.0,1.0,688.0,1.0,0.0,717.0,89.0,95.5,-0.02564748,-0.02564748,0.0,0.999,24.0,15.0,15.0,-19.0,-2.0,-2.0,-2.0,-2.0,0.0,0.0,0.0,0.0,45.0,21.0,21.0,8.700000000000001,336.0,336.0,2.0,2.0,600.0,4380.0,0.0,0.0,0.0,1.0,19483.0,8.200000000000001,0.0,0.0,-27.9375,-0.0625,-1.0,29.4375,-27.9375,750.0,1.0,390.0,200.0,0.0,0.0,254.0,20.0,0.0,8.0,0.0,1.0,0.0,0.0,8.0,0.0,5.0,1.0,4.0,0.0,31.0,4687.0,100.0,0.0,0.0,0.0,0.0,27.0,0.0,0.0,4.1000000000000005,5000.0,4990.0,4980.0,1.0,1.0,0.0,23.0,1660.0,0.0,255.0,850.0,351.0,0.0,0.0,1245716.0,3.008,3.0,50.0
1788624636172,2026-09-05T20:10:36.172,0.0,4.0,0.0,1.0,748.0,14.0,85.0,2.7,2.7,2.7,2.7,0.0,1.0,351.0,1.0,0.0,659.0,89.0,96.0,-0.016407549999999993,-0.016407549999999993,0.0,0.999,24.0,15.0,15.0,-18.0,-3.0,-3.0,-3.0,-3.0,0.0,0.0,0.0,0.0,45.0,20.0,21.0,8.700000000000001,336.0,336.0,2.0,2.0,600.0,4380.0,0.0,0.0,0.0,1.0,19483.0,8.1,1.0,0.0,-27.875,-2.5625,-1.9375,29.375,-27.875,750.0,2.0,390.0,200.0,0.0,0.0,254.0,20.0,0.0,8.0,0.0,0.0,0.0,0.0,8.0,0.0,5.0,1.0,4.0,0.0,31.0,4687.0,100.0,0.0,0.0,0.0,0.0,27.0,0.0,0.0,4.1000000000000005,5000.0,4990.0,4980.0,1.0,1.0,0.0,23.0,1143.0,0.0,255.0,850.0,351.0,0.0,0.0,1245716.0,3.008,3.0,50.0
1788624637057,2026-09-05T20:10:37.057,0.0,4.0,0.0,1.0,753.0,14.100000000000001,86.0,2.58,2.58,2.58,2.58,1.0,1.0,668.0,1.0,0.0,698.0,88.5,95.5,-0.03576486000000001,-0.03576486000000001,0.0,0.999,22.0,16.0,16.0,-16.0,-2.0,-2.0,-2.0,-2.0,0.0,0.0,0.0,0.0,45.0,20.0,21.0,8.3,336.0,336.0,2.0,2.0,590.0,4390.0,0.0,0.0,0.0,1.0,19483.0,8.0,0.0,0.0,-27.5,-0.9375,-2.1875,29.0,-27.5,750.0,4.0,390.0,200.0,0.0,0.0,254.0,20.0,0.0,8.0,0.0,0.0,1.0,0.0,8.0,0.0,5.0,1.0,4.0,100.0,31.0,4687.0,100.0,0.0,0.0,0.0,0.0,27.0,0.0,0.0,4.1000000000000005,5000.0,4990.0,4980.0,1.0,1.0,0.0,23.0,1252.0,0.0,255.0,850.0,342.0,0.0,0.0,1245716.0,3.008,3.0,50.0
1788624637913,2026-09-05T20:10:37.913,0.0,4.0,0.0,1.0,749.0,14.0,86.0,2.61,2.61,2.61,2.61,0.0,1.0,107.0,0.0,0.0,87.0,90.0,97.0,-0.01329451000000001,-0.01329451000000001,1.0,0.999,22.0,16.0,16.0,-16.0,-3.0,-3.0,-3.0,-3.0,0.0,0.0,0.0,0.0,45.0,20.0,21.0,8.4,315.0,336.0,2.0,2.0,590.0,4390.0,0.0,0.0,0.0,1.0,19483.0,7.800000000000001,1.0,0.0,-27.25,-1.375,-1.0625,28.75,-27.25,750.0,5.0,470.0,210.0,1.4000000000000001,0.5,254.0,20.0,0.0,8.0,0.0,0.0,1.0,0.0,8.0,0.0,5.0,1.0,4.0,100.0,31.0,4687.0,100.0,0.0,0.0,0.0,0.0,27.0,0.0,0.0,4.1000000000000005,5000.0,4990.0,4980.0,1.0,1.0,0.0,23.0,1205.0,0.0,255.0,850.0,339.0,0.0,0.0,1245716.0,3.008,3.0,50.0
1788624638686,2026-09-05T20:10:38.686,0.0,4.0,0.0,1.0,754.0,14.100000000000001,86.0,2.54,2.54,2.54,2.54,1.0,1.0,615.0,0.0,0.0,185.0,88.5,95.5,-0.024090959999999995,-0.024090959999999995,1.0,0.999,22.0,16.0,16.0,-15.0,-2.0,-2.0,-2.0,-2.0,0.0,0.0,0.0,0.0,45.0,20.0,20.0,8.3,315.0,336.0,2.0,2.0,590.0,4390.0,0.0,0.0,0.0,1.0,19483.0,7.9,1.0,0.0,-27.25,0.625,-1.3125,28.75,-27.25,750.0,7.0,390.0,200.0,0.0,0.0,254.0,20.0,0.0,8.0,0.0,0.0,1.0,0.0,8.0,0.0,5.0,1.0,4.0,100.0,31.0,4687.0,100.0,0.0,0.0,0.0,0.0,27.0,0.0,0.0,4.1000000000000005,5000.0,4990.0,4980.0,1.0,1.0,0.0,23.0,1343.0,0.0,255.0,850.0,341.0,0.0,0.0,1245716.0,3.008,3.0,50.0
1788624639617,2026-09-05T20:10:39.617,0.0,4.0,0.0,1.0,755.0,14.0,86.0,2.61,2.61,2.61,2.61,0.0,1.0,92.0,0.0,0.0,87.0,89.0,96.0,-0.0051227799999999934,-0.0051227799999999934,2.0,0.999,23.0,15.0,15.0,-16.0,-4.0,-4.0,-4.0,-4.0,0.0,0.0,0.0,0.0,45.0,19.0,21.0,8.200000000000001,315.0,336.0,2.0,1.0,580.0,4400.0,0.0,0.0,0.0,1.0,19483.0,7.5,0.0,0.0,-27.5,0.5625,0.0,29.0,-27.5,750.0,8.0,390.0,200.0,0.0,0.0,254.0,20.0,0.0,8.0,0.0,1.0,0.0,0.0,8.0,0.0,5.0,1.0,4.0,0.0,31.0,4687.0,100.0,0.0,0.0,0.0,0.0,27.0,0.0,0.0,4.1000000000000005,5000.0,4990.0,4980.0,1.0,1.0,0.0,23.0,1266.0,0.0,255.0,850.0,348.0,0.0,0.0,1245716.0,3.008,3.0,50.0
1788624640391,2026-09-05T20:10:40.391,0.0,4.0,0.0,1.0,751.0,14.100000000000001,86.0,2.64,2.64,2.64,2.64,0.0,1.0,117.0,0.0,0.0,112.0,89.0,96.0,0.00343808000000001,0.00343808000000001,3.0,0.999,23.0,16.0,16.0,-17.0,-2.0,-2.0,-2.0,-2.0,0.0,0.0,0.0,0.0,45.0,19.0,21.0,8.4,315.0,336.0,2.0,2.0,590.0,4390.0,0.0,0.0,0.0,1.0,19483.0,7.6000000000000005,1.0,0.0,-28.0625,-0.6875,-1.125,29.5625,-28.0625,750.0,9.0,390.0,190.0,0.0,0.0,254.0,20.0,0.0,8.0,0.0,1.0,0.0,0.0,8.0,0.0,5.0,1.0,4.0,0.0,31.0,4687.0,100.0,0.0,0.0,0.0,0.0,27.0,0.0,0.0,4.1000000000000005,5000.0,4990.0,4980.0,1.0,1.0,0.0,23.0,1666.0,0.0,255.0,850.0,343.0,0.0,0.0,1245716.0,3.008,3.0,50.0
1788624641178,2026-09-05T20:10:41.178,0.0,4.0,0.0,1.0,743.0,14.0,86.0,2.5500000000000003,2.5500000000000003,2.5500000000000003,2.5500000000000003,1.0,1.0,688.0,1.0,0.0,634.0,88.5,96.0,-0.011638800000000005,-0.011638800000000005,3.0,0.999,23.0,16.0,16.0,-15.0,0.0,0.0,0.0,0.0,0.0,0.0,0.0,0.0,45.0,19.0,20.0,8.3,315.0,336.0,2.0,2.0,590.0,4390.0,0.0,0.0,0.0,1.0,19483.0,7.6000000000000005,0.0,0.0,-28.0,-0.3125,-0.6875,29.5,-28.0,750.0,9.0,390.0,200.0,0.0,0.0,254.0,20.0,0.0,8.0,0.0,1.0,0.0,0.0,8.0,0.0,5.0,1.0,4.0,0.0,31.0,4687.0,100.0,0.0,0.0,0.0,0.0,27.0,0.0,0.0,4.1000000000000005,5000.0,4990.0,4980.0,1.0,1.0,0.0,23.0,1548.0,0.0,255.0,850.0,341.0,0.0,0.0,1245716.0,3.008,3.0,50.0
1788624642027,2026-09-05T20:10:42.027,0.0,4.0,0.0,1.0,748.0,14.0,86.0,2.57,2.57,2.57,2.57,0.0,1.0,92.0,0.0,0.0,83.0,89.0,96.5,0.00460547,0.00460547,4.0,0.999,23.0,16.0,16.0,-15.0,0.0,0.0,0.0,0.0,0.0,0.0,0.0,0.0,45.0,19.0,20.0,8.3,315.0,336.0,2.0,2.0,590.0,4390.0,0.0,0.0,0.0,1.0,19483.0,7.7,1.0,0.0,-28.125,-0.4375,-0.625,29.625,-28.125,750.0,9.0,390.0,200.0,0.0,0.0,254.0,20.0,0.0,8.0,0.0,1.0,0.0,0.0,8.0,0.0,5.0,1.0,4.0,0.0,31.0,4687.0,100.0,0.0,0.0,0.0,0.0,27.0,0.0,0.0,4.1000000000000005,5000.0,4990.0,4980.0,1.0,1.0,0.0,23.0,1097.0,0.0,255.0,850.0,340.0,0.0,0.0,1245716.0,3.008,3.0,50.0
1788624642869,2026-09-05T20:10:42.869,0.0,4.0,0.0,1.0,739.0,14.100000000000001,86.0,2.56,2.56,2.56,2.56,0.0,1.0,126.0,0.0,0.0,107.0,88.5,96.0,0.012777199999999989,0.012777199999999989,4.0,0.999,23.0,16.0,16.0,-14.0,3.0,3.0,3.0,3.0,0.0,0.0,0.0,0.0,45.0,20.0,20.0,8.200000000000001,315.0,336.0,2.0,2.0,590.0,4390.0,0.0,0.0,0.0,1.0,19483.0,7.800000000000001,0.0,0.0,-28.0,-0.1875,-0.5625,29.5,-28.0,750.0,9.0,390.0,200.0,0.0,0.0,254.0,20.0,0.0,8.0,0.0,1.0,0.0,0.0,8.0,0.0,5.0,1.0,4.0,0.0,31.0,4687.0,100.0,0.0,0.0,0.0,0.0,27.0,0.0,0.0,4.1000000000000005,5000.0,4990.0,4990.0,1.0,1.0,0.0,23.0,1423.0,0.0,255.0,850.0,335.0,0.0,0.0,1245716.0,3.008,3.0,50.0
1788624643902,2026-09-05T20:10:43.902,0.0,4.0,0.0,1.0,754.0,14.100000000000001,86.0,2.54,2.54,2.54,2.54,0.0,1.0,161.0,0.0,0.0,112.0,89.0,96.5,0.02764043999999999,0.02764043999999999,4.0,0.999,22.0,16.0,16.0,-13.0,1.0,1.0,1.0,1.0,0.0,0.0,0.0,0.0,45.0,19.0,20.0,8.200000000000001,315.0,315.0,2.0,2.0,590.0,4390.0,0.0,0.0,0.0,1.0,19483.0,7.6000000000000005,1.0,0.0,-28.1875,-0.75,-1.0,29.6875,-28.1875,750.0,8.0,390.0,200.0,0.0,0.0,254.0,20.0,0.0,8.0,0.0,1.0,0.0,0.0,8.0,0.0,5.0,1.0,4.0,0.0,31.0,4687.0,100.0,0.0,0.0,0.0,0.0,27.0,0.0,0.0,4.1000000000000005,5000.0,4990.0,4980.0,1.0,1.0,0.0,23.0,1779.0,0.0,255.0,850.0,334.0,0.0,0.0,1245716.0,3.008,3.0,50.0
1788624644661,2026-09-05T20:10:44.661,0.0,4.0,0.0,1.0,747.0,14.0,86.0,2.49,2.49,2.49,2.49,1.0,1.0,722.0,1.0,0.0,659.0,89.5,97.0,0.0024538100000000007,0.0024538100000000007,4.0,0.999,23.0,16.0,16.0,-14.0,1.0,1.0,1.0,1.0,0.0,0.0,0.0,0.0,45.0,19.0,20.0,8.200000000000001,315.0,336.0,2.0,2.0,590.0,4390.0,0.0,0.0,0.0,1.0,19483.0,7.6000000000000005,1.0,0.0,-27.9375,0.0625,-0.0625,29.4375,-27.9375,750.0,7.0,390.0,200.0,0.0,0.0,254.0,20.0,0.0,8.0,0.0,1.0,0.0,0.0,8.0,0.0,5.0,1.0,4.0,0.0,29.0,4687.0,100.0,0.0,0.0,0.0,0.0,27.0,0.0,0.0,4.1000000000000005,5000.0,4990.0,4980.0,1.0,1.0,0.0,23.0,1960.0,0.0,255.0,850.0,341.0,0.0,0.0,1245716.0,3.008,3.0,50.0
1788624645446,2026-09-05T20:10:45.446,0.0,4.0,0.0,1.0,757.0,14.0,86.0,2.56,2.56,2.56,2.56,0.0,1.0,83.0,0.0,0.0,78.0,88.0,95.5,0.01947633999999998,0.01947633999999998,4.0,0.999,23.0,16.0,16.0,-15.0,-1.0,-1.0,-1.0,-1.0,0.0,0.0,0.0,0.0,45.0,21.0,21.0,8.5,336.0,336.0,2.0,2.0,600.0,4380.0,0.0,0.0,0.0,1.0,19483.0,8.200000000000001,0.0,0.0,-27.8125,-0.4375,-1.0,29.3125,-27.8125,750.0,5.0,390.0,200.0,0.0,0.0,254.0,20.0,0.0,8.0,0.0,1.0,0.0,0.0,8.0,0.0,5.0,1.0,4.0,0.0,29.0,4687.0,100.0,0.0,0.0,0.0,0.0,27.0,0.0,0.0,4.1000000000000005,5000.0,4990.0,4970.0,1.0,1.0,0.0,23.0,1873.0,0.0,255.0,850.0,339.0,0.0,0.0,1245716.0,3.008,3.0,50.0
1788624646238,2026-09-05T20:10:46.238,0.0,4.0,0.0,1.0,750.0,14.100000000000001,86.0,2.67,2.67,2.67,2.67,0.0,1.0,131.0,0.0,0.0,97.0,88.5,96.0,0.02725894000000001,0.02725894000000001,4.0,0.999,24.0,15.0,15.0,-17.0,-3.0,-3.0,-3.0,-3.0,0.0,0.0,0.0,0.0,45.0,21.0,21.0,8.6,336.0,336.0,2.0,2.0,600.0,4380.0,0.0,0.0,0.0,1.0,19483.0,8.200000000000001,1.0,0.0,-28.0625,-0.875,-1.0,29.5625,-28.0625,750.0,3.0,390.0,200.0,0.0,0.0,254.0,20.0,0.0,8.0,0.0,1.0,0.0,0.0,8.0,0.0,5.0,1.0,4.0,0.0,27.0,4687.0,100.0,0.0,0.0,0.0,0.0,27.0,0.0,0.0,4.1000000000000005,5000.0,4990.0,4980.0,1.0,1.0,0.0,23.0,1023.0,0.0,255.0,850.0,357.0,0.0,0.0,1245716.0,3.008,3.0,50.0
1788624647016,2026-09-05T20:10:47.016,0.0,4.0,0.0,1.0,743.0,14.0,86.0,2.67,2.67,2.67,2.67,1.0,1.0,698.0,1.0,0.0,615.0,88.5,96.5,0.013349449999999985,0.013349449999999985,4.0,0.999,24.0,15.0,15.0,-19.0,-2.0,-2.0,-2.0,-2.0,0.0,0.0,0.0,0.0,46.0,21.0,21.0,8.8,336.0,336.0,2.0,2.0,600.0,4380.0,0.0,0.0,0.0,1.0,19483.0,8.3,0.0,0.0,-27.9375,0.0,-0.3125,29.4375,-27.9375,750.0,3.0,390.0,200.0,0.0,0.0,254.0,20.0,0.0,8.0,0.0,1.0,0.0,0.0,8.0,0.0,5.0,1.0,4.0,0.0,28.0,4687.0,100.0,0.0,0.0,0.0,0.0,27.0,0.0,0.0,4.1000000000000005,5000.0,4990.0,4980.0,1.0,1.0,0.0,23.0,1113.0,0.0,255.0,850.0,354.0,0.0,0.0,1245716.0,3.008,3.0,50.0
1788624647734,2026-09-05T20:10:47.734,0.0,4.0,0.0,1.0,752.0,14.0,86.0,2.64,2.64,2.64,2.64,1.0,1.0,625.0,1.0,0.0,659.0,88.5,96.5,0.005566850000000012,0.005566850000000012,4.0,0.999,24.0,15.0,15.0,-18.0,-1.0,-1.0,-1.0,-1.0,0.0,0.0,0.0,0.0,45.0,21.0,21.0,8.700000000000001,336.0,336.0,2.0,2.0,600.0,4380.0,0.0,0.0,0.0,1.0,19483.0,8.200000000000001,1.0,0.0,-27.9375,-0.1875,-0.1875,29.4375,-27.9375,750.0,3.0,390.0,200.0,0.0,0.0,254.0,20.0,0.0,8.0,0.0,1.0,0.0,0.0,8.0,0.0,5.0,1.0,4.0,0.0,28.0,4687.0,100.0,0.0,0.0,0.0,0.0,27.0,0.0,0.0,4.1000000000000005,5000.0,4990.0,4990.0,1.0,1.0,0.0,23.0,1962.0,0.0,255.0,850.0,351.0,0.0,0.0,1245716.0,3.008,3.0,50.0
1788624648551,2026-09-05T20:10:48.551,0.0,4.0,0.0,1.0,752.0,14.0,86.0,2.69,2.69,2.69,2.69,0.0,1.0,126.0,0.0,0.0,97.0,88.0,96.0,0.02648067999999998,0.02648067999999998,3.0,0.999,24.0,15.0,15.0,-18.0,-3.0,-3.0,-3.0,-3.0,0.0,0.0,0.0,0.0,45.0,20.0,21.0,8.700000000000001,336.0,336.0,2.0,2.0,600.0,4380.0,0.0,0.0,0.0,1.0,19483.0,8.1,1.0,0.0,-27.8125,-0.3125,-0.8125,29.3125,-27.8125,750.0,4.0,390.0,200.0,0.0,0.0,254.0,20.0,0.0,8.0,0.0,1.0,0.0,0.0,8.0,0.0,5.0,1.0,4.0,0.0,33.0,4687.0,100.0,0.0,0.0,0.0,0.0,27.0,0.0,0.0,4.1000000000000005,5000.0,4990.0,4980.0,1.0,1.0,0.0,23.0,1503.0,0.0,255.0,850.0,349.0,0.0,0.0,1245716.0,3.008,3.0,50.0
1788624649380,2026-09-05T20:10:49.380,0.0,4.0,0.0,1.0,748.0,14.100000000000001,86.0,2.61,2.61,2.61,2.61,1.0,1.0,698.0,1.0,0.0,722.0,88.0,96.0,0.007123370000000018,0.007123370000000018,3.0,0.999,23.0,16.0,16.0,-17.0,-2.0,-2.0,-2.0,-2.0,0.0,0.0,0.0,0.0,45.0,21.0,21.0,8.5,336.0,336.0,2.0,2.0,600.0,4390.0,0.0,0.0,0.0,1.0,19483.0,8.200000000000001,0.0,0.0,-27.9375,-0.0625,-0.25,29.4375,-27.9375,750.0,5.0,390.0,200.0,0.0,0.0,254.0,20.0,0.0,8.0,0.0,1.0,0.0,0.0,8.0,0.0,5.0,1.0,4.0,0.0,31.0,4687.0,100.0,0.0,0.0,0.0,0.0,28.0,0.0,0.0,4.1000000000000005,5000.0,4990.0,4980.0,1.0,1.0,0.0,23.0,1659.0,0.0,255.0,850.0,345.0,0.0,0.0,1245716.0,3.008,3.0,50.0
1788624650137,2026-09-05T20:10:50.137,0.0,4.0,0.0,1.0,752.0,14.100000000000001,87.0,2.69,2.69,2.69,2.69,0.0,1.0,117.0,0.0,0.0,97.0,88.0,96.0,0.02609155000000002,0.02609155000000002,2.0,0.999,24.0,15.0,15.0,-17.0,-3.0,-3.0,-3.0,-3.0,0.0,0.0,0.0,0.0,45.0,21.0,21.0,8.5,336.0,336.0,2.0,2.0,600.0,4390.0,0.0,0.0,0.0,1.0,19483.0,8.200000000000001,1.0,0.0,-27.9375,0.0625,-1.0625,29.4375,-27.9375,750.0,6.0,390.0,200.0,0.0,0.0,254.0,20.0,0.0,8.0,0.0,1.0,0.0,0.0,8.0,0.0,5.0,1.0,4.0,0.0,32.0,4687.0,100.0,0.0,0.0,0.0,0.0,28.0,0.0,0.0,4.1000000000000005,5000.0,4990.0,4980.0,1.0,1.0,0.0,23.0,1704.0,0.0,255.0,850.0,343.0,0.0,0.0,1245716.0,3.008,3.0,50.0
1788624650858,2026-09-05T20:10:50.858,0.0,4.0,0.0,1.0,745.0,14.0,87.0,2.64,2.64,2.64,2.64,1.0,1.0,717.0,1.0,0.0,727.0,88.0,96.0,0.006345109999999987,0.006345109999999987,2.0,0.999,24.0,16.0,16.0,-17.0,-2.0,-2.0,-2.0,-2.0,0.0,0.0,0.0,0.0,45.0,21.0,21.0,8.5,336.0,336.0,2.0,2.0,600.0,4390.0,0.0,0.0,0.0,1.0,19483.0,8.200000000000001,0.0,0.0,-27.9375,0.375,-1.0,29.4375,-27.9375,750.0,7.0,390.0,200.0,0.0,0.0,254.0,20.0,0.0,8.0,0.0,1.0,0.0,0.0,8.0,0.0,5.0,1.0,4.0,0.0,31.0,4687.0,100.0,0.0,0.0,0.0,0.0,28.0,0.0,0.0,4.1000000000000005,5000.0,4990.0,4980.0,1.0,1.0,0.0,23.0,1486.0,0.0,255.0,850.0,343.0,0.0,0.0,1245716.0,3.008,3.0,50.0
1788624651839,2026-09-05T20:10:51.839,0.0,4.0,0.0,1.0,751.0,14.0,87.0,2.63,2.63,2.63,2.63,1.0,1.0,673.0,1.0,0.0,722.0,88.0,96.0,-0.0014374900000000135,-0.0014374900000000135,1.0,0.999,24.0,16.0,16.0,-17.0,-1.0,-1.0,-1.0,-1.0,0.0,0.0,0.0,0.0,45.0,21.0,21.0,8.5,336.0,336.0,2.0,2.0,600.0,4390.0,0.0,0.0,0.0,1.0,19483.0,8.200000000000001,1.0,0.0,-28.0625,-1.625,-0.875,29.5625,-28.0625,750.0,7.0,390.0,200.0,0.0,0.0,254.0,20.0,0.0,8.0,0.0,1.0,0.0,0.0,8.0,0.0,5.0,1.0,4.0,0.0,31.0,4687.0,100.0,0.0,0.0,0.0,0.0,28.0,0.0,0.0,4.1000000000000005,5000.0,4990.0,4990.0,1.0,1.0,0.0,23.0,1855.0,0.0,255.0,850.0,343.0,0.0,0.0,1245716.0,3.008,3.0,50.0
1788624652611,2026-09-05T20:10:52.611,0.0,4.0,0.0,1.0,753.0,14.0,87.0,2.69,2.69,2.69,2.69,0.0,1.0,175.0,0.0,0.0,102.0,88.0,96.0,0.017530690000000015,0.017530690000000015,1.0,0.999,24.0,16.0,16.0,-17.0,0.0,0.0,0.0,0.0,0.0,0.0,0.0,0.0,45.0,21.0,21.0,8.6,336.0,336.0,2.0,2.0,600.0,4390.0,0.0,0.0,0.0,1.0,19483.0,8.200000000000001,1.0,0.0,-28.0,-0.0625,-1.25,29.5,-28.0,750.0,8.0,390.0,200.0,0.0,0.0,254.0,20.0,0.0,8.0,0.0,1.0,0.0,0.0,8.0,0.0,5.0,1.0,4.0,0.0,32.0,4687.0,100.0,0.0,0.0,0.0,0.0,28.0,0.0,0.0,4.1000000000000005,5000.0,4990.0,4980.0,1.0,1.0,0.0,23.0,1466.0,0.0,255.0,850.0,347.0,0.0,0.0,1245716.0,3.008,3.0,50.0
1788624653423,2026-09-05T20:10:53.423,0.0,4.0,0.0,1.0,747.0,14.100000000000001,87.0,2.73,2.73,2.73,2.73,1.0,1.0,732.0,1.0,0.0,742.0,88.0,96.0,-0.0041614000000000095,-0.0041614000000000095,0.0,0.999,26.0,15.0,15.0,-20.0,-3.0,-3.0,-3.0,-3.0,0.0,0.0,0.0,0.0,45.0,21.0,22.0,8.700000000000001,336.0,336.0,2.0,2.0,600.0,4380.0,0.0,0.0,0.0,1.0,19483.0,8.4,0.0,0.0,-27.875,0.125,-0.625,29.375,-27.875,750.0,8.0,390.0,200.0,0.0,0.0,254.0,20.0,0.0,8.0,0.0,1.0,0.0,0.0,8.0,0.0,5.0,1.0,4.0,0.0,32.0,4687.0,100.0,0.0,0.0,0.0,0.0,28.0,0.0,0.0,4.1000000000000005,5000.0,4990.0,4990.0,1.0,1.0,0.0,23.0,1524.0,0.0,255.0,850.0,349.0,0.0,0.0,1245716.0,3.008,3.0,50.0
1788624654310,2026-09-05T20:10:54.310,0.0,4.0,0.0,1.0,751.0,14.0,87.0,2.67,2.67,2.67,2.67,1.0,1.0,717.0,1.0,0.0,712.0,89.5,97.5,-0.012333129999999998,-0.012333129999999998,0.0,0.999,24.0,15.0,15.0,-18.0,-2.0,-2.0,-2.0,-2.0,0.0,0.0,0.0,0.0,45.0,21.0,21.0,8.6,336.0,336.0,2.0,2.0,600.0,4380.0,0.0,0.0,0.0,1.0,19483.0,8.200000000000001,1.0,0.0,-28.375,0.8125,-0.875,29.875,-28.375,750.0,7.0,390.0,200.0,0.0,0.0,254.0,20.0,0.0,8.0,0.0,1.0,0.0,0.0,8.0,0.0,5.0,1.0,4.0,0.0,31.0,4687.0,100.0,0.0,0.0,0.0,0.0,28.0,0.0,0.0,4.1000000000000005,5000.0,4990.0,4980.0,1.0,1.0,0.0,23.0,1728.0,0.0,255.0,850.0,349.0,0.0,0.0,1245716.0,3.008,3.0,50.0
1788624655073,2026-09-05T20:10:55.073,0.0,4.0,0.0,1.0,750.0,14.0,87.0,2.65,2.65,2.65,2.65,1.0,1.0,703.0,1.0,0.0,742.0,88.0,96.5,-0.03332325999999999,-0.03332325999999999,0.0,0.999,24.0,15.0,15.0,-18.0,-2.0,-2.0,-2.0,-2.0,0.0,0.0,0.0,0.0,45.0,22.0,21.0,8.700000000000001,357.0,336.0,2.0,2.0,600.0,4380.0,0.0,0.0,0.0,1.0,19483.0,8.6,0.0,0.0,-28.625,-0.6875,-0.0625,30.125,-28.625,750.0,7.0,390.0,200.0,0.0,0.0,254.0,20.0,0.0,8.0,0.0,1.0,0.0,0.0,8.0,0.0,5.0,1.0,4.0,0.0,31.0,4687.0,100.0,0.0,0.0,0.0,0.0,28.0,0.0,0.0,4.1000000000000005,5000.0,4990.0,4980.0,1.0,1.0,0.0,23.0,2173.0,0.0,255.0,850.0,349.0,0.0,0.0,1245716.0,3.008,3.0,50.0
1788624655826,2026-09-05T20:10:55.826,0.0,4.0,0.0,1.0,750.0,14.100000000000001,87.0,2.7800000000000002,2.7800000000000002,2.7800000000000002,2.7800000000000002,0.0,1.0,97.0,0.0,0.0,117.0,87.5,96.0,7.14170000000014E-4,7.14170000000014E-4,0.0,0.999,24.0,15.0,15.0,-20.0,-1.0,-1.0,-1.0,-1.0,0.0,0.0,0.0,0.0,45.0,21.0,22.0,8.8,336.0,336.0,2.0,2.0,600.0,4380.0,0.0,0.0,0.0,1.0,19483.0,8.5,1.0,0.0,-28.625,0.5,0.5625,30.125,-28.625,750.0,6.0,390.0,200.0,0.0,0.0,254.0,20.0,0.0,8.0,0.0,1.0,0.0,0.0,8.0,0.0,5.0,1.0,4.0,0.0,32.0,4687.0,100.0,0.0,0.0,0.0,0.0,28.0,0.0,0.0,4.1000000000000005,5000.0,4990.0,4980.0,1.0,1.0,0.0,23.0,2216.0,0.0,255.0,850.0,356.0,0.0,0.0,1245716.0,3.008,3.0,50.0
1788624656651,2026-09-05T20:10:56.651,0.0,4.0,0.0,1.0,755.0,14.100000000000001,87.0,2.74,2.74,2.74,2.74,1.0,1.0,751.0,1.0,0.0,727.0,87.5,96.0,-0.01669749000000001,-0.01669749000000001,0.0,0.999,24.0,15.0,15.0,-20.0,-3.0,-3.0,-3.0,-3.0,0.0,0.0,0.0,0.0,45.0,21.0,22.0,8.9,336.0,336.0,2.0,2.0,600.0,4370.0,0.0,0.0,0.0,1.0,19483.0,8.5,1.0,0.0,-28.375,-0.6875,-1.75,29.875,-28.375,750.0,5.0,390.0,200.0,0.0,0.0,254.0,20.0,0.0,8.0,0.0,1.0,0.0,0.0,8.0,0.0,5.0,1.0,4.0,0.0,30.0,4687.0,100.0,0.0,0.0,0.0,0.0,28.0,0.0,0.0,4.1000000000000005,5000.0,4990.0,4980.0,1.0,1.0,0.0,23.0,1474.0,0.0,255.0,850.0,355.0,0.0,0.0,1245716.0,3.008,3.0,50.0
1788624657394,2026-09-05T20:10:57.394,0.0,4.0,0.0,1.0,752.0,14.0,87.0,2.69,2.69,2.69,2.69,1.0,1.0,742.0,1.0,0.0,751.0,87.5,96.0,-0.024869219999999997,-0.024869219999999997,0.0,0.999,24.0,15.0,15.0,-18.0,-3.0,-3.0,-3.0,-3.0,0.0,0.0,0.0,0.0,46.0,21.0,21.0,8.700000000000001,336.0,336.0,2.0,2.0,600.0,4390.0,0.0,0.0,0.0,1.0,19483.0,8.200000000000001,0.0,0.0,-27.6875,0.4375,-1.3125,29.1875,-27.6875,750.0,5.0,390.0,200.0,0.0,0.0,254.0,20.0,0.0,8.0,0.0,1.0,0.0,0.0,8.0,0.0,5.0,1.0,4.0,0.0,31.0,4687.0,100.0,0.0,0.0,0.0,0.0,28.0,0.0,0.0,4.1000000000000005,5000.0,4990.0,4980.0,1.0,1.0,0.0,23.0,1502.0,0.0,255.0,850.0,355.0,0.0,0.0,1245716.0,3.008,3.0,50.0
1788624658200,2026-09-05T20:10:58.200,0.0,4.0,0.0,1.0,747.0,13.8,87.0,2.67,2.67,2.67,2.67,1.0,1.0,668.0,1.0,0.0,664.0,91.5,100.0,-0.03403285,-0.03403285,0.0,0.999,24.0,15.0,15.0,-19.0,-2.0,-2.0,-2.0,-2.0,0.0,0.0,0.0,0.0,45.0,22.0,22.0,8.6,357.0,336.0,2.0,2.0,600.0,4390.0,0.0,0.0,0.0,1.0,19483.0,8.6,1.0,0.0,-28.125,0.4375,2.125,29.625,-28.125,750.0,4.0,390.0,200.0,0.0,0.0,254.0,20.0,0.0,8.0,0.0,1.0,0.0,0.0,8.0,0.0,5.0,1.0,4.0,0.0,31.0,4687.0,100.0,0.0,0.0,0.0,0.0,28.0,0.0,0.0,4.1000000000000005,5000.0,4990.0,4980.0,1.0,1.0,0.0,23.0,1162.0,0.0,255.0,850.0,353.0,0.0,0.0,1245716.0,3.008,3.0,50.0
1788624658992,2026-09-05T20:10:58.992,0.0,4.0,0.0,1.0,758.0,13.9,87.0,2.77,2.77,2.77,2.77,0.0,1.0,102.0,0.0,0.0,141.0,87.5,96.0,-0.002154710000000004,-0.002154710000000004,0.0,0.999,24.0,15.0,15.0,-19.0,-4.0,-4.0,-4.0,-4.0,0.0,0.0,0.0,0.0,46.0,21.0,22.0,8.700000000000001,336.0,336.0,2.0,2.0,600.0,4380.0,0.0,0.0,0.0,1.0,19483.0,8.3,0.0,0.0,-28.125,1.5625,0.5,29.625,-28.125,750.0,3.0,390.0,200.0,0.0,0.0,254.0,20.0,0.0,8.0,0.0,1.0,0.0,0.0,8.0,0.0,5.0,1.0,4.0,0.0,31.0,4687.0,100.0,0.0,0.0,0.0,0.0,28.0,0.0,0.0,4.1000000000000005,5000.0,4990.0,4980.0,1.0,1.0,0.0,23.0,1133.0,0.0,255.0,850.0,353.0,0.0,0.0,1245716.0,3.008,3.0,50.0
1788624659957,2026-09-05T20:10:59.957,0.0,4.0,0.0,1.0,748.0,13.8,88.0,2.72,2.72,2.72,2.72,1.0,1.0,737.0,1.0,0.0,737.0,91.0,100.0,-0.022290279999999996,-0.022290279999999996,0.0,0.999,24.0,15.0,15.0,-20.0,1.0,1.0,1.0,1.0,0.0,0.0,0.0,0.0,46.0,22.0,22.0,9.0,357.0,357.0,2.0,2.0,600.0,4380.0,0.0,0.0,0.0,1.0,19483.0,8.8,1.0,0.0,-29.0,-0.875,-1.125,30.5,-29.0,750.0,2.0,390.0,200.0,0.0,0.0,254.0,20.0,0.0,8.0,0.0,0.0,1.0,0.0,8.0,0.0,5.0,1.0,4.0,100.0,30.0,4687.0,100.0,0.0,0.0,0.0,0.0,28.0,0.0,0.0,4.1000000000000005,5000.0,4990.0,4980.0,1.0,1.0,0.0,23.0,2305.0,0.0,255.0,850.0,364.0,0.0,0.0,1245716.0,3.008,3.0,50.0
1788624660803,2026-09-05T20:11:00.803,0.0,4.0,0.0,1.0,759.0,14.0,88.0,2.72,2.72,2.72,2.72,1.0,1.0,708.0,1.0,0.0,698.0,89.5,98.0,-0.03046201000000001,-0.03046201000000001,0.0,0.999,24.0,15.0,15.0,-19.0,-5.0,-5.0,-5.0,-5.0,0.0,0.0,0.0,0.0,45.0,20.0,21.0,8.700000000000001,336.0,336.0,2.0,2.0,600.0,4390.0,0.0,0.0,0.0,1.0,19483.0,8.1,0.0,0.0,-27.9375,0.0,-0.6875,29.4375,-27.9375,750.0,2.0,390.0,200.0,0.0,0.0,254.0,20.0,0.0,8.0,0.0,0.0,1.0,0.0,8.0,0.0,5.0,1.0,4.0,100.0,31.0,4687.0,100.0,0.0,0.0,0.0,0.0,28.0,0.0,0.0,4.1000000000000005,5000.0,4990.0,4980.0,1.0,1.0,0.0,23.0,1528.0,0.0,255.0,850.0,352.0,0.0,0.0,1245716.0,3.008,3.0,50.0
1788624661635,2026-09-05T20:11:01.635,0.0,4.0,0.0,1.0,746.0,13.8,88.0,5.65,5.65,5.65,5.65,0.0,1.0,341.0,1.0,0.0,673.0,89.5,98.0,-0.049681980000000014,-0.049681980000000014,1.0,0.999,65.0,10.0,5.0,-36.0,5.0,5.0,5.0,5.0,0.0,0.0,0.0,0.0,46.0,29.0,56.0,50.300000000000004,378.0,693.0,7.0,7.0,800.0,4170.0,28.0,15.0,49.0,1.0,19483.0,27.1,0.0,0.0,1.75,34.1875,34.1875,28.375,1.75,750.0,2.0,1070.0,510.0,20.0,18.7,254.0,20.0,0.0,8.0,0.0,0.0,1.0,0.0,8.0,0.0,5.0,2.0,4.0,100.0,31.0,4687.0,100.0,0.0,0.0,0.0,0.0,28.0,0.0,0.0,4.1000000000000005,5000.0,4990.0,4980.0,1.0,1.0,0.0,23.0,3344.0,0.0,255.0,860.0,342.0,0.0,0.0,1245716.0,3.008,3.0,50.0
1788624662409,2026-09-05T20:11:02.409,0.0,4.0,0.0,1.0,2070.0,14.100000000000001,88.0,2.42,2.42,2.42,2.42,0.0,1.0,39.0,0.0,0.0,43.0,86.5,96.0,0.01274668000000001,0.01274668000000001,1.0,0.999,63.0,27.0,27.0,-36.0,23.0,23.0,23.0,23.0,0.0,0.0,0.0,0.0,45.0,37.0,29.0,29.0,525.0,399.0,9.0,9.0,890.0,4070.0,0.0,0.0,0.0,1.0,19483.0,34.6,1.0,0.0,39.875,32.1875,32.0,26.75,39.875,750.0,4.0,1270.0,610.0,25.5,24.3,254.0,20.0,0.0,8.0,0.0,0.0,1.0,0.0,8.0,0.0,5.0,2.0,4.0,100.0,31.0,4687.0,100.0,0.0,0.0,0.0,0.0,28.0,0.0,0.0,4.1000000000000005,5000.0,4990.0,4980.0,1.0,1.0,0.0,23.0,3127.0,0.0,255.0,860.0,333.0,0.0,0.0,1245716.0,3.008,3.0,50.0
1788624663136,2026-09-05T20:11:03.136,0.0,4.0,0.0,1.0,2016.0,14.100000000000001,88.0,6.15,6.15,6.15,6.15,1.0,1.0,751.0,1.0,0.0,756.0,84.0,96.0,0.004475759999999995,0.004475759999999995,1.0,0.999,99.0,24.0,24.0,-36.0,24.0,24.0,24.0,24.0,0.0,0.0,0.0,0.0,45.0,35.0,39.0,44.800000000000004,504.0,546.0,10.0,10.0,950.0,4020.0,0.0,0.0,0.0,1.0,19483.0,40.1,0.0,0.0,25.375,37.375,37.375,24.3125,25.375,750.0,8.0,1080.0,520.0,20.6,19.3,254.0,20.0,0.0,8.0,0.0,0.0,1.0,0.0,8.0,0.0,5.0,2.0,4.0,100.0,30.0,4687.0,100.0,0.0,0.0,0.0,0.0,28.0,0.0,0.0,4.1000000000000005,5000.0,4990.0,4980.0,1.0,1.0,0.0,23.0,2015.0,0.0,255.0,860.0,334.0,0.0,0.0,1245716.0,3.008,3.0,50.0
1788624664000,2026-09-05T20:11:04.000,0.0,4.0,0.0,1.0,1833.0,14.0,88.0,3.67,3.67,3.67,3.67,1.0,1.0,551.0,1.0,0.0,742.0,82.0,96.0,-0.03984691000000001,-0.03984691000000001,1.0,0.999,83.0,23.0,23.0,-31.0,23.0,23.0,23.0,23.0,0.0,0.0,0.0,0.0,45.0,35.0,33.0,29.200000000000003,504.0,462.0,8.0,8.0,850.0,4120.0,0.0,0.0,0.0,1.0,19483.0,30.1,1.0,0.0,37.6875,34.4375,35.1875,26.8125,37.6875,750.0,11.0,1020.0,490.0,18.6,17.2,254.0,20.0,0.0,8.0,0.0,0.0,1.0,0.0,8.0,0.0,5.0,2.0,4.0,100.0,30.0,4687.0,100.0,0.0,0.0,0.0,0.0,28.0,0.0,0.0,4.1000000000000005,5000.0,4990.0,4980.0,1.0,1.0,0.0,23.0,2483.0,0.0,255.0,860.0,335.0,0.0,0.0,1245716.0,3.008,3.0,50.0
1788624664837,2026-09-05T20:11:04.837,0.0,4.0,0.0,1.0,1736.0,14.0,88.0,4.76,4.76,4.76,4.76,0.0,1.0,92.0,0.0,0.0,131.0,81.0,96.0,-0.0015595700000000101,-0.0015595700000000101,1.0,0.999,99.0,22.0,22.0,-34.0,22.0,22.0,22.0,22.0,0.0,0.0,0.0,0.0,45.0,32.0,35.0,34.5,462.0,483.0,8.0,8.0,860.0,4100.0,0.0,0.0,0.0,1.0,19483.0,31.6,0.0,0.0,27.375,31.0625,31.0625,26.875,27.375,750.0,13.0,1030.0,490.0,18.6,17.2,254.0,20.0,0.0,8.0,0.0,0.0,1.0,0.0,8.0,0.0,5.0,2.0,4.0,100.0,29.0,4687.0,100.0,0.0,0.0,0.0,0.0,28.0,0.0,0.0,4.1000000000000005,5000.0,4990.0,4980.0,1.0,1.0,0.0,23.0,3905.0,0.0,255.0,860.0,336.0,0.0,0.0,1245716.0,3.008,3.0,50.0
1788624665752,2026-09-05T20:11:05.752,0.0,4.0,0.0,1.0,2063.0,14.0,88.0,4.8100000000000005,4.8100000000000005,4.8100000000000005,4.8100000000000005,0.0,1.0,107.0,0.0,0.0,83.0,80.0,96.0,0.02226128999999999,0.02226128999999999,1.0,0.999,99.0,24.0,24.0,-36.0,21.0,21.0,21.0,21.0,0.0,0.0,0.0,0.0,45.0,61.0,59.0,75.8,798.0,777.0,26.0,26.0,1590.0,3380.0,36.0,5.0,95.0,1.0,19483.0,73.10000000000001,0.0,0.0,91.25,93.5,92.0625,23.5,91.25,750.0,17.0,1620.0,790.0,36.4,34.800000000000004,254.0,20.0,0.0,8.0,0.0,0.0,0.0,0.0,8.0,0.0,5.0,2.0,4.0,0.0,23.0,4687.0,100.0,0.0,0.0,0.0,0.0,28.0,0.0,0.0,4.1000000000000005,5000.0,4990.0,4990.0,1.0,1.0,0.0,23.0,5000.0,0.0,255.0,860.0,336.0,0.0,0.0,1245716.0,3.008,3.0,50.0
1788624666516,2026-09-05T20:11:06.516,0.0,4.0,0.0,1.0,2796.0,14.0,88.0,9.74,9.74,9.74,9.74,1.0,1.0,727.0,1.0,0.0,654.0,79.0,97.0,0.03952798000000002,0.03952798000000002,1.0,0.999,99.0,22.0,16.0,-33.0,16.0,16.0,16.0,16.0,0.0,0.0,0.0,0.0,45.0,64.0,65.0,102.10000000000001,735.0,735.0,26.0,25.0,1570.0,3400.0,37.0,37.0,44.0,1.0,19483.0,100.4,1.0,0.0,90.5,92.125,91.5625,23.375,90.5,750.0,22.0,1720.0,830.0,39.6,37.7,254.0,20.0,0.0,8.0,0.0,0.0,0.0,0.0,8.0,0.0,5.0,2.0,4.0,0.0,16.0,4687.0,100.0,0.0,0.0,0.0,0.0,28.0,0.0,0.0,4.1000000000000005,5000.0,4990.0,4980.0,1.0,1.0,0.0,23.0,5000.0,0.0,255.0,860.0,336.0,0.0,0.0,1245716.0,3.008,3.0,50.0
1788624667297,2026-09-05T20:11:07.297,0.0,4.0,0.0,1.0,3456.0,14.0,88.0,8.68,8.68,8.68,8.68,0.0,1.0,102.0,0.0,0.0,146.0,76.0,96.5,0.039672949999999985,0.039672949999999985,1.0,0.999,99.0,25.0,25.0,-27.0,19.0,19.0,19.0,19.0,0.0,0.0,0.0,0.0,44.0,59.0,61.0,119.7,651.0,672.0,25.0,25.0,1550.0,3430.0,38.0,38.0,51.0,1.0,19483.0,115.9,0.0,0.0,78.4375,84.0625,84.0625,25.125,78.4375,750.0,26.0,1730.0,830.0,39.900000000000006,38.0,254.0,20.0,0.0,8.0,0.0,0.0,0.0,0.0,8.0,0.0,5.0,2.0,4.0,0.0,10.0,4687.0,100.0,0.0,0.0,0.0,0.0,28.0,0.0,0.0,4.1000000000000005,5000.0,4990.0,4980.0,1.0,1.0,0.0,23.0,5000.0,0.0,255.0,860.0,336.0,0.0,0.0,1245716.0,3.008,3.0,50.0
1788624668369,2026-09-05T20:11:08.369,0.0,4.0,0.0,1.0,3972.0,14.100000000000001,88.0,3.85,3.85,3.85,3.85,1.0,1.0,825.0,1.0,0.0,800.0,71.0,95.0,-0.026502040000000004,-0.026502040000000004,0.0,0.999,99.0,33.0,33.0,-26.0,-22.0,-22.0,-22.0,-22.0,0.0,0.0,0.0,0.0,43.0,14.0,17.0,33.1,210.0,252.0,7.0,7.0,830.0,4160.0,0.0,0.0,0.0,1.0,19483.0,27.400000000000002,1.0,0.0,-22.9375,-22.9375,-23.1875,23.1875,-22.9375,750.0,27.0,390.0,200.0,0.0,0.0,254.0,20.0,0.0,8.0,0.0,0.0,1.0,0.0,8.0,0.0,5.0,0.0,4.0,100.0,10.0,4687.0,100.0,0.0,0.0,0.0,0.0,28.0,0.0,0.0,4.1000000000000005,5000.0,4990.0,4980.0,1.0,1.0,0.0,23.0,5000.0,0.0,255.0,860.0,287.0,0.0,0.0,1245716.0,3.008,3.0,50.0
1788624669116,2026-09-05T20:11:09.116,0.0,4.0,0.0,1.0,2514.0,14.100000000000001,88.0,2.72,2.72,2.72,2.72,0.0,0.0,0.0,0.0,0.0,0.0,33.5,94.5,1.9839999999993196E-5,1.9839999999993196E-5,0.0,1.358,0.0,46.0,46.0,1.0,7.0,7.0,7.0,7.0,0.0,0.0,0.0,0.0,43.0,14.0,15.0,18.400000000000002,210.0,210.0,5.0,5.0,720.0,4260.0,0.0,0.0,0.0,1.0,19483.0,17.1,0.0,0.0,-9.375,-9.625,-10.0625,21.3125,-9.375,750.0,26.0,610.0,280.0,6.6000000000000005,5.1000000000000005,254.0,20.0,0.0,8.0,0.0,0.0,1.0,0.0,8.0,0.0,5.0,2.0,4.0,100.0,25.0,4687.0,100.0,0.0,0.0,0.0,0.0,28.0,0.0,0.0,4.1000000000000005,5000.0,4990.0,4990.0,1.0,1.0,0.0,23.0,2230.0,0.0,255.0,860.0,249.0,0.0,0.0,1245716.0,3.008,3.0,50.0
1788624669874,2026-09-05T20:11:09.874,0.0,4.0,0.0,1.0,1982.0,14.100000000000001,88.0,1.79,1.79,1.79,1.79,0.0,1.0,39.0,0.0,0.0,39.0,30.5,94.0,0.018461549999999993,0.018461549999999993,0.0,0.999,3.0,41.0,41.0,4.0,17.0,17.0,17.0,17.0,0.0,0.0,0.0,0.0,43.0,14.0,14.0,14.700000000000001,210.0,210.0,4.0,4.0,680.0,4300.0,0.0,0.0,0.0,1.0,19483.0,13.8,1.0,0.0,-15.5625,-5.3125,-4.875,23.3125,-16.75,750.0,24.0,390.0,200.0,0.0,0.0,254.0,20.0,0.0,8.0,0.0,0.0,0.0,0.0,8.0,0.0,5.0,2.0,4.0,0.0,23.0,4687.0,100.0,0.0,0.0,0.0,0.0,28.0,0.0,0.0,4.1000000000000005,5000.0,4990.0,4990.0,1.0,1.0,0.0,23.0,4921.0,0.0,255.0,860.0,233.0,0.0,0.0,1245716.0,3.008,3.0,50.0
1788624670615,2026-09-05T20:11:10.615,0.0,4.0,0.0,1.0,1845.0,13.9,88.0,1.8900000000000001,1.8900000000000001,1.8900000000000001,1.8900000000000001,0.0,1.0,48.0,0.0,0.0,39.0,32.0,95.0,0.07606042000000002,0.07606042000000002,0.0,0.999,6.0,39.0,39.0,-16.0,4.0,4.0,4.0,4.0,0.0,0.0,0.0,0.0,43.0,14.0,14.0,14.0,210.0,210.0,3.0,3.0,660.0,4320.0,0.0,0.0,0.0,1.0,19483.0,12.9,1.0,0.0,-24.6875,-18.4375,-18.125,26.1875,-24.6875,750.0,21.0,390.0,200.0,0.0,0.0,254.0,20.0,0.0,8.0,0.0,1.0,0.0,0.0,8.0,0.0,5.0,2.0,4.0,0.0,30.0,4687.0,100.0,0.0,0.0,0.0,0.0,28.0,0.0,0.0,4.1000000000000005,5000.0,4990.0,4970.0,1.0,1.0,0.0,23.0,2987.0,0.0,255.0,860.0,241.0,0.0,0.0,1245716.0,3.008,3.0,50.0
1788624671256,2026-09-05T20:11:11.256,0.0,4.0,0.0,1.0,1556.0,14.0,88.0,2.0100000000000002,2.0100000000000002,2.0100000000000002,2.0100000000000002,0.0,1.0,63.0,0.0,0.0,39.0,33.5,96.0,0.12532733000000001,0.12532733000000001,0.0,0.999,8.0,37.0,37.0,-17.0,-11.0,-11.0,-11.0,-11.0,0.0,0.0,0.0,0.0,43.0,13.0,14.0,11.5,210.0,210.0,3.0,3.0,630.0,4350.0,0.0,0.0,0.0,1.0,19483.0,10.9,0.0,0.0,-27.625,-27.625,-26.25,29.125,-27.625,750.0,19.0,390.0,200.0,0.0,0.0,254.0,20.0,0.0,8.0,0.0,1.0,0.0,0.0,8.0,0.0,5.0,2.0,4.0,0.0,32.0,4687.0,100.0,0.0,0.0,0.0,0.0,28.0,0.0,0.0,4.1000000000000005,5000.0,4990.0,4980.0,1.0,1.0,0.0,23.0,5000.0,0.0,255.0,860.0,246.0,0.0,0.0,1245716.0,3.008,3.0,50.0
1788624672035,2026-09-05T20:11:12.035,0.0,4.0,0.0,1.0,1422.0,14.100000000000001,88.0,1.98,1.98,1.98,1.98,0.0,1.0,58.0,0.0,0.0,34.0,34.5,95.5,0.16109677,0.16109677,0.0,0.999,7.0,36.0,36.0,3.0,3.0,3.0,3.0,3.0,0.0,0.0,0.0,0.0,43.0,13.0,14.0,10.100000000000001,210.0,210.0,2.0,2.0,620.0,4380.0,0.0,0.0,0.0,1.0,19483.0,9.5,1.0,0.0,11.75,-6.0,-6.0,30.1875,11.75,750.0,17.0,940.0,450.0,16.0,14.8,254.0,20.0,0.0,8.0,0.0,0.0,0.0,0.0,8.0,0.0,5.0,2.0,4.0,0.0,36.0,4687.0,100.0,0.0,0.0,0.0,0.0,28.0,0.0,0.0,4.1000000000000005,5000.0,4990.0,4980.0,1.0,1.0,0.0,23.0,4535.0,0.0,255.0,860.0,234.0,0.0,0.0,1245716.0,3.008,3.0,50.0
1788624672894,2026-09-05T20:11:12.894,0.0,4.0,0.0,1.0,1283.0,14.0,88.0,5.23,5.23,5.23,5.23,1.0,1.0,834.0,1.0,0.0,795.0,37.5,96.0,0.11236395999999998,0.11236395999999998,0.0,0.999,14.0,16.0,16.0,-36.0,0.0,0.0,0.0,0.0,0.0,0.0,0.0,0.0,44.0,45.0,40.0,28.6,630.0,588.0,9.0,9.0,900.0,4080.0,0.0,0.0,0.0,1.0,19483.0,30.700000000000003,0.0,0.0,47.875,42.6875,44.0,28.25,47.875,750.0,16.0,1060.0,510.0,19.8,18.6,254.0,20.0,0.0,8.0,0.0,0.0,0.0,0.0,8.0,0.0,5.0,2.0,4.0,0.0,38.0,4687.0,100.0,0.0,0.0,0.0,0.0,28.0,0.0,0.0,4.1000000000000005,5000.0,4990.0,4980.0,1.0,1.0,0.0,23.0,4165.0,0.0,255.0,860.0,235.0,0.0,0.0,1245716.0,3.008,3.0,50.0
1788624673615,2026-09-05T20:11:13.615,0.0,4.0,0.0,1.0,1304.0,14.0,89.0,6.63,6.63,6.63,6.63,1.0,1.0,864.0,1.0,0.0,854.0,41.5,94.0,0.05339931999999997,0.05339931999999997,0.0,0.999,18.0,16.0,16.0,-36.0,14.0,14.0,14.0,14.0,0.0,0.0,0.0,0.0,44.0,44.0,46.0,32.7,588.0,609.0,9.0,9.0,890.0,4080.0,7.0,8.0,45.0,1.0,19483.0,31.3,0.0,0.0,47.75,47.375,48.0,27.0625,47.75,750.0,17.0,1090.0,520.0,20.5,19.5,254.0,20.0,0.0,8.0,0.0,0.0,0.0,0.0,8.0,0.0,5.0,2.0,4.0,0.0,38.0,4687.0,100.0,0.0,0.0,0.0,0.0,28.0,0.0,0.0,4.1000000000000005,5000.0,4990.0,4990.0,1.0,1.0,0.0,23.0,4228.0,0.0,255.0,860.0,235.0,0.0,0.0,1245716.0,3.008,3.0,50.0
1788624674459,2026-09-05T20:11:14.459,0.0,4.0,0.0,1.0,1405.0,14.0,89.0,6.3,6.3,6.3,6.3,1.0,1.0,805.0,1.0,0.0,815.0,45.0,94.0,-0.0025743599999999978,-0.0025743599999999978,0.0,0.999,23.0,16.0,16.0,-36.0,16.0,16.0,16.0,16.0,0.0,0.0,0.0,0.0,44.0,46.0,47.0,36.5,588.0,609.0,10.0,10.0,930.0,4050.0,12.0,12.0,33.0,1.0,19483.0,35.1,1.0,0.0,50.5,51.5625,51.5625,26.375,50.5,750.0,19.0,1140.0,550.0,22.0,20.8,254.0,20.0,0.0,8.0,0.0,0.0,0.0,0.0,8.0,0.0,5.0,2.0,4.0,0.0,39.0,4687.0,100.0,0.0,0.0,0.0,0.0,28.0,0.0,0.0,4.1000000000000005,5000.0,4990.0,4990.0,1.0,1.0,0.0,23.0,4161.0,0.0,255.0,860.0,235.0,0.0,0.0,1245716.0,3.008,3.0,50.0
1788624675146,2026-09-05T20:11:15.146,0.0,4.0,0.0,1.0,1564.0,14.100000000000001,89.0,5.92,5.92,5.92,5.92,0.0,1.0,63.0,0.0,0.0,58.0,50.0,93.0,-0.017628350000000015,-0.017628350000000015,0.0,0.999,28.0,18.0,18.0,-36.0,18.0,18.0,18.0,18.0,0.0,0.0,0.0,0.0,43.0,43.0,42.0,36.9,588.0,588.0,10.0,10.0,930.0,4050.0,0.0,0.0,0.0,1.0,19483.0,36.800000000000004,0.0,0.0,48.6875,47.625,47.5625,24.0625,48.6875,750.0,21.0,1160.0,560.0,22.6,21.400000000000002,254.0,20.0,0.0,8.0,0.0,0.0,0.0,0.0,8.0,0.0,5.0,2.0,4.0,0.0,39.0,4687.0,100.0,0.0,0.0,0.0,0.0,28.0,0.0,0.0,4.1000000000000005,5000.0,4990.0,4990.0,1.0,1.0,0.0,23.0,3988.0,0.0,255.0,860.0,236.0,0.0,0.0,1245716.0,3.008,3.0,50.0
1788624676213,2026-09-05T20:11:16.213,0.0,4.0,0.0,1.0,1764.0,14.100000000000001,89.0,5.26,5.26,5.26,5.26,0.0,1.0,219.0,1.0,0.0,566.0,53.5,92.5,-0.02770758000000001,-0.02770758000000001,0.0,0.999,35.0,21.0,21.0,-36.0,21.0,21.0,21.0,21.0,0.0,0.0,0.0,0.0,43.0,38.0,39.0,39.400000000000006,525.0,546.0,10.0,10.0,930.0,4050.0,0.0,0.0,0.0,1.0,19483.0,37.4,1.0,0.0,34.375,40.1875,38.25,22.625,34.375,750.0,25.0,1030.0,490.0,18.900000000000002,17.7,254.0,20.0,0.0,8.0,0.0,0.0,0.0,0.0,8.0,0.0,5.0,2.0,4.0,0.0,34.0,4687.0,100.0,0.0,0.0,0.0,0.0,28.0,0.0,0.0,4.0,5000.0,4990.0,4970.0,1.0,1.0,0.0,23.0,3017.0,0.0,255.0,860.0,236.0,0.0,0.0,1245716.0,3.008,3.0,50.0
1788624676963,2026-09-05T20:11:16.963,0.0,4.0,0.0,1.0,2010.0,14.100000000000001,89.0,3.12,3.12,3.12,3.12,1.0,1.0,336.0,1.0,0.0,722.0,56.0,92.0,-0.04599669000000001,-0.04599669000000001,0.0,0.999,23.0,25.0,25.0,-36.0,22.0,22.0,22.0,22.0,0.0,0.0,0.0,0.0,43.0,20.0,23.0,25.5,294.0,336.0,6.0,6.0,780.0,4200.0,0.0,0.0,0.0,1.0,19483.0,22.3,0.0,0.0,11.375,13.5625,13.5625,22.9375,11.375,750.0,27.0,880.0,420.0,14.5,13.600000000000001,254.0,20.0,0.0,8.0,0.0,0.0,0.0,0.0,8.0,0.0,5.0,2.0,4.0,0.0,36.0,4687.0,100.0,0.0,0.0,0.0,0.0,28.0,0.0,0.0,4.0,5000.0,4990.0,4980.0,1.0,1.0,0.0,23.0,2552.0,0.0,255.0,860.0,236.0,0.0,0.0,1245716.0,3.008,3.0,50.0
1788624677745,2026-09-05T20:11:17.745,0.0,4.0,0.0,1.0,2154.0,14.100000000000001,89.0,2.56,2.56,2.56,2.56,0.0,1.0,53.0,0.0,0.0,43.0,58.0,92.5,0.044792679999999974,0.044792679999999974,0.0,0.999,23.0,30.0,30.0,-9.0,30.0,30.0,30.0,30.0,0.0,0.0,0.0,0.0,43.0,18.0,19.0,22.3,252.0,273.0,6.0,6.0,760.0,4230.0,0.0,0.0,0.0,1.0,19483.0,20.8,1.0,0.0,9.0,8.0,8.0,22.875,9.0,750.0,28.0,880.0,420.0,14.5,13.600000000000001,254.0,20.0,0.0,8.0,0.0,0.0,0.0,0.0,8.0,0.0,5.0,2.0,4.0,0.0,31.0,4687.0,100.0,0.0,0.0,0.0,0.0,28.0,0.0,0.0,4.0,5000.0,4990.0,4980.0,1.0,1.0,0.0,23.0,3935.0,0.0,255.0,860.0,236.0,0.0,0.0,1245716.0,3.008,3.0,50.0
1788624678591,2026-09-05T20:11:18.591,0.0,4.0,0.0,1.0,2227.0,14.100000000000001,89.0,2.5100000000000002,2.5100000000000002,2.5100000000000002,2.5100000000000002,1.0,1.0,795.0,1.0,0.0,703.0,58.5,90.5,0.06157868,0.06157868,0.0,0.999,26.0,33.0,33.0,-6.0,33.0,33.0,33.0,33.0,0.0,0.0,0.0,0.0,43.0,17.0,17.0,21.8,252.0,252.0,6.0,6.0,760.0,4220.0,0.0,0.0,0.0,1.0,19483.0,20.3,1.0,0.0,7.125,6.9375,6.9375,21.625,7.125,750.0,29.0,880.0,420.0,14.5,13.600000000000001,254.0,20.0,0.0,8.0,0.0,0.0,0.0,0.0,8.0,0.0,5.0,2.0,4.0,0.0,32.0,4687.0,100.0,0.0,0.0,0.0,0.0,28.0,0.0,0.0,4.0,5000.0,4990.0,4980.0,1.0,1.0,0.0,23.0,3194.0,0.0,255.0,860.0,236.0,0.0,0.0,1245716.0,3.008,3.0,50.0
1788624679374,2026-09-05T20:11:19.374,0.0,4.0,0.0,1.0,2334.0,14.100000000000001,89.0,2.19,2.19,2.19,2.19,0.0,1.0,87.0,0.0,0.0,390.0,59.5,92.0,0.018881199999999987,0.018881199999999987,0.0,0.999,28.0,36.0,36.0,-3.0,36.0,36.0,36.0,36.0,0.0,0.0,0.0,0.0,43.0,17.0,17.0,21.3,231.0,252.0,6.0,6.0,750.0,4230.0,0.0,0.0,0.0,1.0,19483.0,20.200000000000003,0.0,0.0,6.125,6.1875,6.1875,21.5625,6.125,750.0,30.0,890.0,420.0,14.8,13.600000000000001,254.0,20.0,0.0,8.0,0.0,0.0,0.0,0.0,8.0,0.0,5.0,2.0,4.0,0.0,33.0,4687.0,100.0,0.0,0.0,0.0,0.0,28.0,0.0,0.0,4.0,5000.0,4990.0,4980.0,1.0,1.0,0.0,23.0,2892.0,0.0,255.0,860.0,236.0,0.0,0.0,1245716.0,3.008,3.0,50.0
1788624680151,2026-09-05T20:11:20.151,0.0,4.0,0.0,1.0,2362.0,14.100000000000001,89.0,2.1,2.1,2.1,2.1,1.0,1.0,673.0,1.0,0.0,727.0,59.5,90.5,-0.012691740000000007,-0.012691740000000007,0.0,0.999,30.0,38.0,38.0,-1.0,38.0,38.0,38.0,38.0,0.0,0.0,0.0,0.0,43.0,16.0,16.0,21.700000000000003,231.0,231.0,6.0,6.0,750.0,4220.0,0.0,0.0,0.0,1.0,19483.0,20.0,1.0,0.0,4.5,5.5,5.625,21.5625,4.5,750.0,31.0,860.0,410.0,13.700000000000001,12.700000000000001,254.0,20.0,0.0,8.0,0.0,0.0,0.0,0.0,8.0,0.0,5.0,2.0,4.0,0.0,30.0,4687.0,100.0,0.0,0.0,0.0,0.0,28.0,0.0,0.0,4.0,5000.0,4990.0,4980.0,1.0,1.0,0.0,23.0,4391.0,0.0,255.0,860.0,236.0,0.0,0.0,1245716.0,3.008,3.0,50.0
1788624680941,2026-09-05T20:11:20.941,0.0,4.0,0.0,1.0,2456.0,14.100000000000001,89.0,1.94,1.94,1.94,1.94,1.0,1.0,805.0,1.0,0.0,703.0,59.5,90.0,-0.0015519400000000017,-0.0015519400000000017,0.0,0.999,32.0,42.0,42.0,3.0,41.0,41.0,41.0,41.0,0.0,0.0,0.0,0.0,43.0,15.0,15.0,20.200000000000003,210.0,231.0,5.0,5.0,740.0,4240.0,0.0,0.0,0.0,1.0,19483.0,19.5,0.0,0.0,3.5625,3.25,3.25,22.1875,3.5625,750.0,32.0,790.0,380.0,11.700000000000001,10.700000000000001,254.0,20.0,0.0,8.0,0.0,0.0,0.0,0.0,8.0,0.0,5.0,2.0,4.0,0.0,31.0,4687.0,100.0,0.0,0.0,0.0,0.0,28.0,0.0,0.0,4.0,5000.0,4990.0,4980.0,1.0,1.0,0.0,23.0,3217.0,0.0,255.0,860.0,232.0,0.0,0.0,1245716.0,3.008,3.0,50.0
1788624681710,2026-09-05T20:11:21.710,0.0,4.0,0.0,1.0,2482.0,14.100000000000001,89.0,1.87,1.87,1.87,1.87,0.0,1.0,385.0,0.0,0.0,83.0,59.0,89.5,0.02761754999999999,0.02761754999999999,0.0,0.999,32.0,43.0,43.0,-15.0,16.0,16.0,16.0,16.0,0.0,0.0,0.0,0.0,43.0,14.0,13.0,18.5,210.0,210.0,5.0,5.0,720.0,4260.0,0.0,0.0,0.0,1.0,19483.0,17.900000000000002,1.0,0.0,-9.5,-8.3125,-8.3125,21.8125,-9.5,750.0,32.0,660.0,310.0,8.0,6.9,254.0,20.0,0.0,8.0,0.0,0.0,0.0,0.0,8.0,0.0,5.0,2.0,4.0,0.0,30.0,4687.0,100.0,0.0,0.0,0.0,0.0,28.0,0.0,0.0,4.0,5000.0,4990.0,4980.0,1.0,1.0,0.0,23.0,4194.0,0.0,255.0,860.0,219.0,0.0,0.0,1245716.0,3.008,3.0,50.0
1788624682446,2026-09-05T20:11:22.446,0.0,4.0,0.0,1.0,2482.0,14.100000000000001,89.0,1.83,1.83,1.83,1.83,0.0,1.0,83.0,0.0,0.0,73.0,57.0,89.0,0.053284869999999984,0.053284869999999984,0.0,0.999,35.0,43.0,43.0,-3.0,14.0,14.0,14.0,14.0,0.0,0.0,0.0,0.0,43.0,14.0,14.0,18.5,210.0,210.0,5.0,5.0,720.0,4260.0,0.0,0.0,0.0,1.0,19483.0,17.6,1.0,0.0,-8.875,-8.875,-8.6875,21.625,-8.875,750.0,32.0,660.0,310.0,8.0,6.9,254.0,20.0,0.0,8.0,0.0,0.0,0.0,0.0,8.0,0.0,5.0,2.0,4.0,0.0,27.0,4687.0,100.0,0.0,0.0,0.0,0.0,28.0,0.0,0.0,4.0,5000.0,4990.0,4970.0,1.0,1.0,0.0,23.0,2399.0,0.0,255.0,860.0,216.0,0.0,0.0,1245716.0,3.008,3.0,50.0
1788624683213,2026-09-05T20:11:23.213,0.0,4.0,0.0,1.0,2509.0,14.100000000000001,89.0,1.87,1.87,1.87,1.87,1.0,1.0,776.0,1.0,0.0,673.0,54.0,88.0,0.06493588,0.06493588,0.0,0.999,37.0,43.0,43.0,6.0,15.0,15.0,15.0,15.0,0.0,0.0,0.0,0.0,44.0,14.0,14.0,18.2,210.0,210.0,5.0,5.0,720.0,4260.0,0.0,0.0,0.0,1.0,19483.0,17.400000000000002,0.0,0.0,-10.125,-10.125,-10.3125,21.625,-10.125,750.0,32.0,660.0,310.0,8.0,6.9,254.0,20.0,0.0,8.0,0.0,0.0,0.0,0.0,8.0,0.0,5.0,2.0,4.0,0.0,29.0,4687.0,100.0,0.0,0.0,0.0,0.0,28.0,0.0,0.0,4.0,5000.0,4990.0,4990.0,1.0,1.0,0.0,23.0,4942.0,0.0,255.0,860.0,215.0,0.0,0.0,1245716.0,3.008,3.0,50.0
1788624684369,2026-09-05T20:11:24.369,0.0,4.0,0.0,1.0,2461.0,14.100000000000001,89.0,1.79,1.79,1.79,1.79,1.0,1.0,341.0,1.0,0.0,717.0,51.5,88.5,0.01257881999999999,0.01257881999999999,0.0,0.999,39.0,43.0,43.0,5.0,11.0,11.0,11.0,11.0,0.0,0.0,0.0,0.0,44.0,14.0,14.0,18.400000000000002,210.0,210.0,5.0,5.0,720.0,4260.0,0.0,0.0,0.0,1.0,19483.0,17.5,1.0,0.0,-21.0625,-14.875,-14.6875,21.6875,-21.0625,750.0,32.0,390.0,190.0,0.0,0.0,254.0,20.0,0.0,8.0,0.0,0.0,0.0,0.0,8.0,0.0,5.0,2.0,4.0,0.0,30.0,4687.0,100.0,0.0,0.0,0.0,0.0,28.0,0.0,0.0,4.0,5000.0,4990.0,4970.0,1.0,1.0,0.0,23.0,4053.0,0.0,255.0,860.0,226.0,0.0,0.0,1245716.0,3.008,3.0,50.0
1788624685142,2026-09-05T20:11:25.142,0.0,4.0,0.0,1.0,2391.0,14.0,89.0,0.0,0.0,0.0,0.0,0.0,0.0,9.0,0.0,0.0,14.0,48.5,89.0,1.9839999999993196E-5,1.9839999999993196E-5,0.0,0.999,0.0,42.0,42.0,-17.0,-15.0,-15.0,-15.0,-15.0,0.0,0.0,0.0,0.0,44.0,14.0,15.0,19.1,210.0,210.0,5.0,5.0,720.0,4260.0,0.0,0.0,0.0,1.0,19483.0,17.6,0.0,0.0,-22.4375,-21.5,-21.5,23.1875,-22.4375,750.0,30.0,390.0,200.0,0.0,0.0,254.0,20.0,0.0,8.0,0.0,1.0,0.0,0.0,8.0,0.0,5.0,0.0,4.0,0.0,30.0,4687.0,100.0,0.0,0.0,0.0,0.0,28.0,0.0,0.0,4.0,5000.0,4990.0,4980.0,1.0,1.0,0.0,23.0,3749.0,0.0,255.0,860.0,228.0,0.0,0.0,1245716.0,3.008,3.0,50.0
1788624685960,2026-09-05T20:11:25.960,0.0,4.0,0.0,1.0,2211.0,14.0,89.0,0.0,0.0,0.0,0.0,0.0,0.0,14.0,0.0,0.0,34.0,50.0,89.5,1.9839999999993196E-5,1.9839999999993196E-5,0.0,1.006,0.0,42.0,42.0,-17.0,-16.0,-16.0,-16.0,-16.0,0.0,0.0,0.0,0.0,44.0,14.0,14.0,17.1,210.0,210.0,4.0,4.0,700.0,4280.0,0.0,0.0,0.0,1.0,19483.0,15.600000000000001,1.0,0.0,-23.125,-23.125,-23.375,24.1875,-23.125,750.0,27.0,390.0,200.0,0.0,0.0,254.0,20.0,0.0,8.0,0.0,0.0,0.0,0.0,8.0,0.0,5.0,0.0,4.0,0.0,22.0,4687.0,100.0,0.0,0.0,0.0,0.0,28.0,0.0,0.0,4.0,5000.0,4990.0,4980.0,1.0,1.0,0.0,23.0,4378.0,0.0,255.0,860.0,241.0,0.0,0.0,1245716.0,3.008,3.0,50.0
1788624686862,2026-09-05T20:11:26.862,0.0,4.0,0.0,1.0,2162.0,14.100000000000001,89.0,0.0,0.0,0.0,0.0,0.0,0.0,0.0,0.0,0.0,0.0,54.0,88.0,1.9839999999993196E-5,1.9839999999993196E-5,0.0,0.999,0.0,42.0,42.0,2.0,2.0,2.0,2.0,2.0,0.0,0.0,0.0,0.0,44.0,13.0,14.0,15.3,210.0,210.0,4.0,4.0,670.0,4310.0,0.0,0.0,0.0,1.0,19483.0,14.200000000000001,0.0,0.0,-22.375,-22.375,-22.5625,23.5,-22.375,750.0,27.0,390.0,200.0,0.0,0.0,254.0,20.0,0.0,8.0,0.0,0.0,0.0,0.0,8.0,0.0,5.0,0.0,4.0,0.0,18.0,4687.0,100.0,0.0,0.0,0.0,0.0,28.0,0.0,0.0,4.0,5000.0,4990.0,4980.0,1.0,1.0,0.0,23.0,3350.0,0.0,255.0,860.0,226.0,0.0,0.0,1245716.0,3.008,3.0,50.0
1788624687562,2026-09-05T20:11:27.562,0.0,4.0,0.0,1.0,2013.0,14.200000000000001,89.0,0.0,0.0,0.0,0.0,0.0,0.0,0.0,0.0,0.0,0.0,60.5,87.5,1.9839999999993196E-5,1.9839999999993196E-5,0.0,0.999,0.0,42.0,42.0,4.0,4.0,4.0,4.0,4.0,0.0,0.0,0.0,0.0,44.0,13.0,13.0,14.700000000000001,210.0,210.0,4.0,4.0,670.0,4320.0,0.0,0.0,0.0,1.0,19483.0,13.8,0.0,0.0,-22.25,-22.25,-22.5,23.4375,-22.25,750.0,26.0,390.0,200.0,0.0,0.0,254.0,20.0,0.0,8.0,0.0,0.0,0.0,0.0,8.0,0.0,5.0,0.0,4.0,0.0,28.0,4687.0,100.0,0.0,0.0,0.0,0.0,28.0,0.0,0.0,4.0,5000.0,4990.0,4980.0,1.0,1.0,0.0,23.0,5000.0,0.0,255.0,860.0,220.0,0.0,0.0,1245716.0,3.008,3.0,50.0
1788624688343,2026-09-05T20:11:28.343,0.0,4.0,0.0,1.0,1979.0,14.100000000000001,89.0,0.0,0.0,0.0,0.0,0.0,0.0,0.0,0.0,0.0,0.0,66.0,87.0,1.9839999999993196E-5,1.9839999999993196E-5,0.0,0.999,0.0,42.0,42.0,5.0,5.0,5.0,5.0,5.0,0.0,0.0,0.0,0.0,44.0,13.0,13.0,14.600000000000001,210.0,210.0,4.0,4.0,670.0,4310.0,0.0,0.0,0.0,1.0,19483.0,13.700000000000001,1.0,0.0,-22.25,-22.25,-22.5,23.5,-22.25,750.0,25.0,480.0,220.0,2.7,1.6,254.0,20.0,0.0,8.0,0.0,0.0,0.0,0.0,8.0,0.0,5.0,0.0,4.0,0.0,29.0,4687.0,100.0,0.0,0.0,0.0,0.0,28.0,0.0,0.0,4.0,5000.0,4990.0,4980.0,1.0,1.0,0.0,23.0,2935.0,0.0,255.0,860.0,219.0,0.0,0.0,1245716.0,3.008,3.0,50.0
1788624689146,2026-09-05T20:11:29.146,0.0,4.0,0.0,1.0,1979.0,14.100000000000001,89.0,0.0,0.0,0.0,0.0,0.0,0.0,0.0,0.0,0.0,0.0,70.0,87.0,1.9839999999993196E-5,1.9839999999993196E-5,0.0,0.999,0.0,41.0,41.0,5.0,5.0,5.0,5.0,5.0,0.0,0.0,0.0,0.0,44.0,13.0,13.0,14.5,210.0,210.0,4.0,4.0,670.0,4310.0,0.0,0.0,0.0,1.0,19483.0,13.5,0.0,0.0,-22.375,-22.375,-22.625,23.625,-22.375,750.0,25.0,390.0,200.0,0.0,0.0,254.0,20.0,0.0,8.0,0.0,0.0,0.0,0.0,8.0,0.0,5.0,0.0,4.0,0.0,31.0,4687.0,100.0,0.0,0.0,0.0,0.0,28.0,0.0,0.0,4.0,5000.0,4990.0,4980.0,1.0,1.0,0.0,23.0,2347.0,0.0,255.0,860.0,220.0,0.0,0.0,1245716.0,3.008,3.0,50.0
1788624690047,2026-09-05T20:11:30.047,0.0,4.0,0.0,1.0,1930.0,14.100000000000001,89.0,0.0,0.0,0.0,0.0,0.0,0.0,0.0,0.0,0.0,0.0,73.0,87.0,1.9839999999993196E-5,1.9839999999993196E-5,0.0,0.999,0.0,40.0,40.0,5.0,5.0,5.0,5.0,5.0,0.0,0.0,0.0,0.0,44.0,13.0,13.0,13.9,210.0,210.0,3.0,3.0,660.0,4320.0,0.0,0.0,0.0,1.0,19483.0,13.100000000000001,1.0,0.0,-22.5625,-22.5625,-22.75,23.875,-22.5625,750.0,24.0,390.0,190.0,0.0,0.0,254.0,20.0,0.0,8.0,0.0,0.0,0.0,0.0,8.0,0.0,5.0,0.0,4.0,0.0,30.0,4687.0,100.0,0.0,0.0,0.0,0.0,28.0,0.0,0.0,3.9000000000000004,5000.0,4990.0,4980.0,1.0,1.0,0.0,23.0,5000.0,0.0,255.0,860.0,220.0,0.0,0.0,1245716.0,3.008,3.0,50.0
1788624690813,2026-09-05T20:11:30.813,0.0,4.0,0.0,1.0,1851.0,14.200000000000001,89.0,0.0,0.0,0.0,0.0,0.0,0.0,0.0,0.0,0.0,0.0,0.0,0.0,1.9839999999993196E-5,1.9839999999993196E-5,0.0,0.999,0.0,40.0,40.0,4.0,4.0,4.0,4.0,4.0,0.0,0.0,0.0,0.0,44.0,13.0,14.0,14.0,210.0,210.0,3.0,3.0,660.0,4320.0,0.0,0.0,0.0,1.0,19483.0,12.9,0.0,0.0,-22.6875,-22.6875,-22.9375,24.0625,-22.6875,750.0,24.0,390.0,200.0,0.0,0.0,254.0,20.0,0.0,8.0,0.0,0.0,0.0,0.0,8.0,0.0,5.0,0.0,4.0,0.0,32.0,4687.0,100.0,0.0,0.0,0.0,0.0,28.0,0.0,0.0,3.9000000000000004,5000.0,4990.0,4970.0,1.0,1.0,0.0,23.0,2221.0,0.0,255.0,860.0,237.0,0.0,0.0,1245716.0,3.008,3.0,50.0
1788624691582,2026-09-05T20:11:31.582,0.0,4.0,0.0,1.0,1805.0,14.100000000000001,89.0,0.0,0.0,0.0,0.0,0.0,0.0,0.0,0.0,0.0,0.0,79.0,87.0,1.9839999999993196E-5,1.9839999999993196E-5,0.0,0.999,0.0,39.0,39.0,5.0,5.0,5.0,5.0,5.0,0.0,0.0,0.0,0.0,44.0,13.0,14.0,13.700000000000001,210.0,210.0,3.0,3.0,650.0,4330.0,0.0,0.0,0.0,1.0,19483.0,12.5,0.0,0.0,-23.5,-23.5,-23.75,24.9375,-23.5,750.0,23.0,390.0,200.0,0.0,0.0,254.0,20.0,0.0,8.0,0.0,1.0,0.0,0.0,8.0,0.0,5.0,0.0,4.0,0.0,31.0,4687.0,100.0,0.0,0.0,0.0,0.0,28.0,0.0,0.0,4.0,5000.0,4990.0,4980.0,1.0,1.0,0.0,23.0,2025.0,0.0,255.0,860.0,231.0,0.0,0.0,1245716.0,3.008,3.0,50.0
1788624692617,2026-09-05T20:11:32.617,0.0,4.0,0.0,1.0,1708.0,14.100000000000001,89.0,0.0,0.0,0.0,0.0,0.0,0.0,0.0,0.0,0.0,0.0,82.5,87.5,1.9839999999993196E-5,1.9839999999993196E-5,0.0,0.999,0.0,38.0,38.0,6.0,6.0,6.0,6.0,6.0,0.0,0.0,0.0,0.0,44.0,13.0,14.0,12.600000000000001,210.0,210.0,3.0,3.0,640.0,4350.0,0.0,0.0,0.0,1.0,19483.0,11.9,1.0,0.0,-24.9375,-24.9375,-25.1875,26.4375,-24.9375,750.0,21.0,390.0,200.0,0.0,0.0,254.0,20.0,0.0,8.0,0.0,0.0,0.0,0.0,8.0,0.0,5.0,0.0,4.0,0.0,33.0,4687.0,100.0,0.0,0.0,0.0,0.0,28.0,0.0,0.0,4.0,5000.0,4990.0,4980.0,1.0,1.0,0.0,23.0,3270.0,0.0,255.0,860.0,232.0,0.0,0.0,1245716.0,3.008,3.0,50.0
1788624693406,2026-09-05T20:11:33.406,0.0,4.0,0.0,1.0,1636.0,14.100000000000001,89.0,0.0,0.0,0.0,0.0,0.0,0.0,0.0,0.0,0.0,0.0,84.0,87.0,1.9839999999993196E-5,1.9839999999993196E-5,0.0,0.999,0.0,37.0,37.0,6.0,6.0,6.0,6.0,6.0,0.0,0.0,0.0,0.0,44.0,13.0,13.0,12.100000000000001,210.0,210.0,3.0,3.0,640.0,4330.0,0.0,0.0,0.0,1.0,19483.0,11.4,0.0,0.0,-25.1875,-25.1875,-25.4375,26.6875,-25.1875,750.0,21.0,510.0,230.0,3.6,2.2,254.0,20.0,0.0,8.0,0.0,0.0,0.0,0.0,8.0,0.0,5.0,0.0,4.0,0.0,30.0,4687.0,100.0,0.0,0.0,0.0,0.0,28.0,0.0,0.0,4.0,5000.0,4990.0,4990.0,1.0,1.0,0.0,23.0,3097.0,0.0,255.0,860.0,220.0,0.0,0.0,1245716.0,3.008,3.0,50.0
1788624694143,2026-09-05T20:11:34.143,0.0,4.0,0.0,1.0,1632.0,14.100000000000001,89.0,2.59,2.59,2.59,2.59,0.0,0.0,0.0,0.0,0.0,0.0,86.0,87.0,1.9839999999993196E-5,1.9839999999993196E-5,0.0,1.536,0.0,44.0,44.0,-13.0,29.0,29.0,29.0,29.0,0.0,0.0,0.0,0.0,44.0,18.0,14.0,13.200000000000001,252.0,210.0,4.0,4.0,690.0,4290.0,0.0,0.0,0.0,1.0,19483.0,15.600000000000001,1.0,0.0,5.5625,5.8125,-1.125,26.3125,5.5625,750.0,21.0,870.0,410.0,14.0,12.700000000000001,254.0,20.0,0.0,8.0,0.0,0.0,0.0,0.0,8.0,0.0,5.0,2.0,4.0,0.0,28.0,4687.0,100.0,0.0,0.0,0.0,0.0,28.0,0.0,0.0,4.0,5000.0,4990.0,4980.0,1.0,1.0,0.0,23.0,2473.0,0.0,255.0,860.0,217.0,0.0,0.0,1245716.0,3.008,3.0,50.0
1788624694830,2026-09-05T20:11:34.830,0.0,4.0,0.0,1.0,1627.0,14.100000000000001,89.0,2.88,2.88,2.88,2.88,1.0,1.0,805.0,1.0,0.0,732.0,86.0,87.0,-0.006229129999999999,-0.006229129999999999,0.0,1.168,0.0,24.0,24.0,-36.0,9.0,9.0,9.0,9.0,0.0,0.0,0.0,0.0,45.0,35.0,30.0,28.200000000000003,483.0,420.0,8.0,9.0,870.0,4100.0,0.0,0.0,0.0,1.0,19483.0,31.700000000000003,0.0,0.0,37.5625,31.0625,30.5625,23.5625,37.5625,750.0,22.0,1080.0,520.0,20.6,19.200000000000003,254.0,20.0,0.0,8.0,0.0,0.0,0.0,0.0,8.0,0.0,5.0,2.0,4.0,0.0,27.0,4687.0,100.0,0.0,0.0,0.0,0.0,28.0,0.0,0.0,4.0,5000.0,4990.0,4970.0,1.0,1.0,0.0,23.0,3561.0,0.0,255.0,860.0,218.0,0.0,0.0,1245716.0,3.008,3.0,50.0
1788624695657,2026-09-05T20:11:35.657,0.0,4.0,0.0,1.0,1730.0,14.100000000000001,89.0,4.93,4.93,4.93,4.93,1.0,1.0,751.0,1.0,0.0,683.0,85.5,87.5,-0.004436080000000009,-0.004436080000000009,0.0,0.999,9.0,22.0,22.0,-36.0,14.0,14.0,14.0,14.0,0.0,0.0,0.0,0.0,45.0,43.0,42.0,41.6,588.0,588.0,11.0,11.0,990.0,3990.0,0.0,0.0,0.0,1.0,19483.0,41.800000000000004,0.0,0.0,49.3125,49.75,49.75,22.875,49.3125,750.0,24.0,1240.0,600.0,25.200000000000003,23.8,254.0,20.0,0.0,8.0,0.0,0.0,0.0,0.0,8.0,0.0,5.0,2.0,4.0,0.0,28.0,4687.0,100.0,0.0,0.0,0.0,0.0,28.0,0.0,0.0,3.9000000000000004,5000.0,4990.0,4980.0,1.0,1.0,0.0,23.0,2006.0,0.0,255.0,860.0,218.0,0.0,0.0,1245716.0,3.008,3.0,50.0
1788624696478,2026-09-05T20:11:36.478,0.0,4.0,0.0,1.0,1972.0,14.100000000000001,89.0,6.2700000000000005,6.2700000000000005,6.2700000000000005,6.2700000000000005,0.0,1.0,102.0,0.0,0.0,375.0,82.5,87.0,0.024550289999999975,0.024550289999999975,0.0,0.999,17.0,23.0,23.0,-36.0,21.0,21.0,21.0,21.0,0.0,0.0,0.0,0.0,45.0,44.0,43.0,47.7,609.0,588.0,13.0,12.0,1030.0,3940.0,0.0,0.0,0.0,1.0,19483.0,47.900000000000006,1.0,0.0,55.5,54.0,53.75,21.625,55.5,750.0,27.0,1340.0,640.0,28.200000000000003,26.700000000000003,254.0,20.0,0.0,8.0,0.0,0.0,0.0,0.0,8.0,0.0,5.0,2.0,4.0,0.0,33.0,4687.0,100.0,0.0,0.0,0.0,0.0,28.0,0.0,0.0,3.9000000000000004,5000.0,4990.0,4980.0,1.0,1.0,0.0,23.0,4536.0,0.0,255.0,860.0,219.0,0.0,0.0,1245716.0,3.008,3.0,50.0
1788624697311,2026-09-05T20:11:37.311,0.0,4.0,0.0,1.0,2198.0,14.100000000000001,89.0,6.61,6.61,6.61,6.61,1.0,1.0,771.0,1.0,0.0,712.0,80.0,88.5,0.014600769999999985,0.014600769999999985,0.0,0.999,26.0,22.0,22.0,-35.0,22.0,22.0,22.0,22.0,0.0,0.0,0.0,0.0,44.0,48.0,49.0,60.1,567.0,588.0,14.0,14.0,1090.0,3880.0,16.0,17.0,42.0,1.0,19483.0,57.800000000000004,0.0,0.0,62.0625,62.0625,62.0625,20.75,62.0625,750.0,30.0,1400.0,670.0,30.0,28.5,254.0,20.0,0.0,8.0,0.0,0.0,0.0,0.0,8.0,0.0,5.0,2.0,4.0,0.0,34.0,4687.0,100.0,0.0,0.0,0.0,0.0,28.0,0.0,0.0,3.9000000000000004,5000.0,4990.0,4980.0,1.0,1.0,0.0,23.0,2480.0,0.0,255.0,860.0,219.0,0.0,0.0,1245716.0,3.008,3.0,50.0
1788624698041,2026-09-05T20:11:38.041,0.0,4.0,0.0,1.0,2441.0,14.0,89.0,11.52,11.52,11.52,11.52,0.0,1.0,73.0,0.0,0.0,83.0,76.0,89.0,0.037223720000000016,0.037223720000000016,0.0,0.999,69.0,20.0,13.0,-30.0,13.0,13.0,13.0,13.0,0.0,0.0,0.0,0.0,44.0,75.0,71.0,97.60000000000001,840.0,819.0,33.0,32.0,1860.0,3100.0,37.0,38.0,47.0,1.0,19483.0,100.9,1.0,0.0,154.625,102.8125,102.5625,18.6875,154.625,750.0,33.0,3590.0,1770.0,94.5,92.60000000000001,254.0,20.0,0.0,8.0,0.0,0.0,0.0,0.0,8.0,0.0,5.0,2.0,4.0,0.0,33.0,4687.0,100.0,0.0,0.0,0.0,0.0,28.0,0.0,0.0,3.9000000000000004,5000.0,4990.0,4970.0,1.0,1.0,0.0,23.0,5000.0,0.0,255.0,860.0,219.0,0.0,0.0,1245716.0,3.008,3.0,50.0
1788624698760,2026-09-05T20:11:38.760,0.0,4.0,0.0,1.0,2706.0,14.0,89.0,11.290000000000001,11.290000000000001,11.290000000000001,11.290000000000001,1.0,0.0,800.0,1.0,0.0,742.0,74.5,90.0,1.9839999999993196E-5,1.9839999999993196E-5,0.0,1.099,99.0,19.0,17.0,-28.0,12.0,12.0,12.0,12.0,0.0,0.0,0.0,0.0,43.0,76.0,74.0,114.60000000000001,840.0,819.0,41.0,41.0,2230.0,2740.0,37.0,38.0,49.0,1.0,19483.0,116.5,0.0,0.0,166.1875,119.8125,116.1875,18.875,166.1875,750.0,38.0,3770.0,1880.0,100.0,100.0,254.0,20.0,0.0,8.0,0.0,0.0,0.0,0.0,8.0,0.0,5.0,2.0,4.0,0.0,31.0,4687.0,100.0,0.0,0.0,0.0,0.0,28.0,0.0,0.0,3.9000000000000004,5000.0,4990.0,4990.0,1.0,1.0,0.0,23.0,5000.0,0.0,255.0,860.0,219.0,0.0,0.0,1245716.0,3.008,3.0,50.0
1788624699532,2026-09-05T20:11:39.532,0.0,4.0,0.0,1.0,3004.0,14.100000000000001,89.0,12.01,12.01,12.01,12.01,1.0,0.0,849.0,1.0,0.0,834.0,72.0,90.5,1.9839999999993196E-5,1.9839999999993196E-5,0.0,1.099,99.0,20.0,16.0,-27.0,9.0,9.0,9.0,9.0,0.0,0.0,0.0,0.0,43.0,80.0,79.0,134.6,840.0,840.0,53.0,53.0,2710.0,2250.0,35.0,36.0,46.0,1.0,19483.0,135.0,0.0,0.0,169.4375,128.375,122.875,20.25,169.4375,750.0,42.0,3770.0,1880.0,100.0,100.0,254.0,20.0,0.0,8.0,0.0,0.0,0.0,0.0,8.0,0.0,5.0,2.0,4.0,0.0,30.0,4687.0,100.0,0.0,0.0,0.0,0.0,28.0,0.0,0.0,3.9000000000000004,5000.0,4990.0,4980.0,1.0,1.0,0.0,23.0,5000.0,0.0,255.0,860.0,219.0,0.0,0.0,1245716.0,3.008,3.0,50.0
1788624700541,2026-09-05T20:11:40.541,0.0,4.0,0.0,1.0,3426.0,14.100000000000001,89.0,12.13,12.13,12.13,12.13,1.0,0.0,839.0,1.0,0.0,844.0,68.5,93.0,1.9839999999993196E-5,1.9839999999993196E-5,0.0,1.099,99.0,22.0,22.0,-23.0,12.0,12.0,12.0,12.0,0.0,0.0,0.0,0.0,42.0,81.0,81.0,157.5,840.0,840.0,70.0,69.0,3400.0,1550.0,34.0,34.0,54.0,1.0,19483.0,156.3,1.0,0.0,171.875,138.5,126.4375,22.0625,171.875,750.0,47.0,3770.0,1880.0,100.0,100.0,254.0,20.0,0.0,8.0,0.0,0.0,0.0,0.0,8.0,0.0,5.0,2.0,4.0,0.0,29.0,4687.0,100.0,0.0,0.0,0.0,0.0,28.0,0.0,0.0,3.9000000000000004,5000.0,4990.0,4980.0,1.0,1.0,0.0,23.0,5000.0,0.0,255.0,860.0,219.0,0.0,0.0,1245716.0,3.008,3.0,50.0
1788624701286,2026-09-05T20:11:41.286,0.0,4.0,0.0,1.0,3867.0,14.100000000000001,89.0,12.67,12.67,12.67,12.67,1.0,0.0,854.0,1.0,0.0,859.0,59.5,92.0,1.9839999999993196E-5,1.9839999999993196E-5,0.0,1.099,99.0,25.0,23.0,-20.0,17.0,17.0,17.0,17.0,0.0,0.0,0.0,0.0,42.0,66.0,84.0,183.60000000000002,672.0,840.0,28.0,90.0,4240.0,720.0,31.0,31.0,47.0,1.0,19483.0,142.20000000000002,0.0,0.0,-3.6875,19.0,15.875,23.375,-3.6875,750.0,52.0,650.0,310.0,9.5,8.3,254.0,20.0,0.0,8.0,0.0,0.0,0.0,0.0,8.0,0.0,5.0,2.0,4.0,0.0,30.0,4687.0,100.0,0.0,0.0,0.0,0.0,28.0,0.0,0.0,3.9000000000000004,5000.0,4990.0,4980.0,1.0,1.0,0.0,23.0,5000.0,0.0,255.0,860.0,219.0,0.0,0.0,1245716.0,3.008,3.0,50.0
1788624702190,2026-09-05T20:11:42.190,0.0,4.0,0.0,1.0,4027.0,14.100000000000001,89.0,1.75,1.75,1.75,1.75,0.0,1.0,43.0,0.0,0.0,410.0,31.5,90.5,-0.03748924000000001,-0.03748924000000001,0.0,0.999,8.0,34.0,34.0,-27.0,15.0,15.0,15.0,15.0,0.0,0.0,0.0,0.0,41.0,18.0,18.0,39.300000000000004,231.0,231.0,9.0,9.0,910.0,4060.0,0.0,0.0,0.0,1.0,19483.0,38.6,1.0,0.0,-23.375,-8.5625,-9.75,23.625,-23.375,750.0,51.0,390.0,200.0,0.0,0.0,254.0,20.0,0.0,8.0,0.0,1.0,0.0,0.0,8.0,0.0,5.0,2.0,4.0,0.0,28.0,4687.0,100.0,0.0,0.0,0.0,0.0,28.0,0.0,0.0,3.9000000000000004,5000.0,4990.0,4980.0,1.0,1.0,0.0,23.0,5000.0,0.0,255.0,860.0,243.0,0.0,0.0,1245716.0,3.008,3.0,50.0
1788624702996,2026-09-05T20:11:42.996,0.0,4.0,0.0,1.0,3919.0,14.100000000000001,89.0,0.0,0.0,0.0,0.0,0.0,0.0,4.0,0.0,0.0,9.0,0.0,90.0,1.9839999999993196E-5,1.9839999999993196E-5,0.0,0.999,0.0,34.0,34.0,-26.0,-21.0,-21.0,-21.0,-21.0,0.0,0.0,0.0,0.0,41.0,17.0,18.0,38.6,210.0,231.0,9.0,9.0,890.0,4080.0,0.0,0.0,0.0,1.0,19483.0,36.0,0.0,0.0,-23.125,-23.125,-23.375,23.375,-23.125,750.0,50.0,390.0,200.0,0.0,0.0,254.0,20.0,0.0,8.0,0.0,1.0,0.0,0.0,8.0,0.0,5.0,0.0,4.0,0.0,30.0,4687.0,100.0,0.0,0.0,0.0,0.0,28.0,0.0,0.0,3.9000000000000004,5000.0,4990.0,4980.0,1.0,1.0,0.0,23.0,5000.0,0.0,255.0,860.0,243.0,0.0,0.0,1245716.0,3.008,3.0,50.0
1788624703842,2026-09-05T20:11:43.842,0.0,4.0,0.0,1.0,3768.0,14.100000000000001,89.0,0.0,0.0,0.0,0.0,0.0,0.0,0.0,0.0,0.0,0.0,0.0,87.0,1.9839999999993196E-5,1.9839999999993196E-5,0.0,0.999,0.0,35.0,35.0,-2.0,-2.0,-2.0,-2.0,-2.0,0.0,0.0,0.0,0.0,42.0,16.0,17.0,33.9,210.0,231.0,8.0,8.0,850.0,4120.0,0.0,0.0,0.0,1.0,19483.0,32.2,1.0,0.0,-23.0625,-23.0625,-23.3125,23.3125,-23.0625,750.0,47.0,390.0,200.0,0.0,0.0,254.0,20.0,0.0,8.0,0.0,1.0,0.0,0.0,8.0,0.0,5.0,0.0,4.0,0.0,29.0,4687.0,100.0,0.0,0.0,0.0,0.0,28.0,0.0,0.0,3.9000000000000004,5000.0,4990.0,4990.0,1.0,1.0,0.0,23.0,5000.0,0.0,255.0,860.0,237.0,0.0,0.0,1245716.0,3.008,3.0,50.0
1788624704530,2026-09-05T20:11:44.530,0.0,4.0,0.0,1.0,3519.0,14.100000000000001,89.0,0.0,0.0,0.0,0.0,0.0,0.0,0.0,0.0,0.0,0.0,20.5,86.5,1.9839999999993196E-5,1.9839999999993196E-5,0.0,0.999,0.0,39.0,39.0,6.0,6.0,6.0,6.0,6.0,0.0,0.0,0.0,0.0,42.0,14.0,15.0,27.200000000000003,210.0,210.0,7.0,7.0,810.0,4170.0,0.0,0.0,0.0,1.0,19483.0,25.1,1.0,0.0,-22.4375,-22.4375,-22.6875,22.6875,-22.4375,750.0,43.0,390.0,200.0,0.0,0.0,254.0,20.0,0.0,8.0,0.0,1.0,0.0,0.0,8.0,0.0,5.0,0.0,4.0,0.0,27.0,4687.0,100.0,0.0,0.0,0.0,0.0,28.0,0.0,0.0,3.9000000000000004,5000.0,4990.0,4980.0,1.0,1.0,0.0,23.0,5000.0,0.0,255.0,860.0,234.0,0.0,0.0,1245716.0,3.008,3.0,50.0
1788624705324,2026-09-05T20:11:45.324,0.0,4.0,0.0,1.0,3158.0,14.100000000000001,89.0,0.0,0.0,0.0,0.0,0.0,0.0,0.0,0.0,0.0,0.0,36.0,86.0,1.9839999999993196E-5,1.9839999999993196E-5,0.0,0.999,0.0,45.0,45.0,7.0,7.0,7.0,7.0,7.0,0.0,0.0,0.0,0.0,42.0,13.0,14.0,24.1,210.0,210.0,6.0,6.0,780.0,4210.0,0.0,0.0,0.0,1.0,19483.0,22.3,0.0,0.0,-22.625,-22.625,-22.875,22.875,-22.625,750.0,39.0,390.0,200.0,0.0,0.0,254.0,20.0,0.0,8.0,0.0,1.0,0.0,0.0,8.0,0.0,5.0,0.0,4.0,0.0,26.0,4687.0,100.0,0.0,0.0,0.0,0.0,28.0,0.0,0.0,3.9000000000000004,5000.0,4990.0,4980.0,1.0,1.0,0.0,23.0,3149.0,0.0,255.0,860.0,233.0,0.0,0.0,1245716.0,3.008,3.0,50.0
1788624706091,2026-09-05T20:11:46.091,0.0,4.0,0.0,1.0,2851.0,14.0,89.0,0.0,0.0,0.0,0.0,0.0,0.0,0.0,0.0,0.0,0.0,47.5,86.0,1.9839999999993196E-5,1.9839999999993196E-5,0.0,0.999,0.0,43.0,43.0,6.0,6.0,6.0,6.0,6.0,0.0,0.0,0.0,0.0,42.0,13.0,14.0,21.5,210.0,210.0,5.0,5.0,750.0,4230.0,0.0,0.0,0.0,1.0,19483.0,20.0,1.0,0.0,-23.6875,-23.6875,-23.875,24.0,-23.6875,750.0,35.0,390.0,200.0,0.0,0.0,254.0,20.0,0.0,8.0,0.0,1.0,0.0,0.0,8.0,0.0,5.0,0.0,4.0,0.0,15.0,4687.0,100.0,0.0,0.0,0.0,0.0,28.0,0.0,0.0,3.9000000000000004,5000.0,4990.0,4980.0,1.0,1.0,0.0,23.0,4819.0,0.0,255.0,860.0,241.0,0.0,0.0,1245716.0,3.008,3.0,50.0
1788624706889,2026-09-05T20:11:46.889,0.0,4.0,0.0,1.0,2604.0,14.100000000000001,88.0,0.0,0.0,0.0,0.0,0.0,0.0,0.0,0.0,0.0,0.0,56.0,86.0,1.9839999999993196E-5,1.9839999999993196E-5,0.0,0.999,0.0,43.0,43.0,5.0,5.0,5.0,5.0,5.0,0.0,0.0,0.0,0.0,42.0,14.0,14.0,20.200000000000003,210.0,210.0,5.0,5.0,740.0,4240.0,0.0,0.0,0.0,1.0,19483.0,19.1,0.0,0.0,-24.75,-24.75,-25.0,25.25,-24.75,750.0,33.0,390.0,200.0,0.0,0.0,254.0,20.0,0.0,8.0,0.0,0.0,0.0,0.0,8.0,0.0,5.0,0.0,4.0,0.0,7.0,4687.0,100.0,0.0,0.0,0.0,0.0,28.0,0.0,0.0,3.9000000000000004,5000.0,4990.0,4980.0,1.0,1.0,0.0,23.0,4659.0,0.0,255.0,860.0,233.0,0.0,0.0,1245716.0,3.008,3.0,50.0
1788624707577,2026-09-05T20:11:47.577,0.0,4.0,0.0,1.0,2504.0,14.100000000000001,88.0,0.0,0.0,0.0,0.0,0.0,0.0,0.0,0.0,0.0,0.0,64.0,84.5,1.9839999999993196E-5,1.9839999999993196E-5,0.0,0.999,0.0,43.0,43.0,5.0,5.0,5.0,5.0,5.0,0.0,0.0,0.0,0.0,42.0,14.0,14.0,19.6,210.0,210.0,5.0,5.0,730.0,4240.0,0.0,0.0,0.0,1.0,19483.0,18.6,0.0,0.0,-17.6875,-21.125,-20.6875,24.8125,-17.6875,750.0,32.0,620.0,290.0,6.800000000000001,5.7,254.0,20.0,0.0,8.0,0.0,0.0,0.0,0.0,8.0,0.0,5.0,2.0,4.0,0.0,4.0,4687.0,100.0,0.0,0.0,0.0,0.0,28.0,0.0,0.0,3.9000000000000004,5000.0,4990.0,4980.0,1.0,1.0,0.0,23.0,4193.0,0.0,255.0,860.0,224.0,0.0,0.0,1245716.0,3.008,3.0,50.0
1788624708583,2026-09-05T20:11:48.583,0.0,4.0,0.0,1.0,2426.0,14.100000000000001,88.0,1.79,1.79,1.79,1.79,1.0,1.0,800.0,1.0,0.0,698.0,66.5,84.0,-0.005473759999999994,-0.005473759999999994,0.0,1.1500000000000001,0.0,43.0,43.0,-15.0,25.0,25.0,25.0,25.0,0.0,0.0,0.0,0.0,42.0,18.0,14.0,19.700000000000003,252.0,210.0,6.0,6.0,760.0,4220.0,0.0,0.0,0.0,1.0,19483.0,23.200000000000003,1.0,0.0,4.625,1.375,1.125,25.125,4.625,750.0,31.0,890.0,420.0,14.8,13.600000000000001,254.0,20.0,0.0,8.0,0.0,0.0,0.0,0.0,8.0,0.0,5.0,2.0,4.0,0.0,2.0,4687.0,100.0,0.0,0.0,0.0,0.0,28.0,0.0,0.0,3.9000000000000004,5000.0,4990.0,4970.0,1.0,1.0,0.0,23.0,4490.0,0.0,255.0,860.0,221.0,0.0,0.0,1245716.0,3.008,3.0,50.0
1788624709363,2026-09-05T20:11:49.363,0.0,4.0,0.0,1.0,2391.0,14.100000000000001,88.0,2.44,2.44,2.44,2.44,0.0,1.0,48.0,0.0,0.0,39.0,65.5,84.0,0.08349966999999997,0.08349966999999997,0.0,0.999,8.0,34.0,34.0,-6.0,32.0,32.0,32.0,32.0,0.0,0.0,0.0,0.0,43.0,17.0,18.0,23.1,252.0,252.0,6.0,6.0,780.0,4200.0,0.0,0.0,0.0,1.0,19483.0,22.400000000000002,0.0,0.0,5.9375,6.0,5.8125,23.875,5.9375,750.0,31.0,900.0,430.0,15.100000000000001,13.9,254.0,20.0,0.0,8.0,0.0,0.0,0.0,0.0,8.0,0.0,5.0,2.0,4.0,0.0,2.0,4687.0,100.0,0.0,0.0,0.0,0.0,28.0,0.0,0.0,3.9000000000000004,5000.0,4990.0,4980.0,1.0,1.0,0.0,23.0,3397.0,0.0,255.0,860.0,221.0,0.0,0.0,1245716.0,3.008,3.0,50.0
1788624710170,2026-09-05T20:11:50.170,0.0,4.0,0.0,1.0,2377.0,14.0,88.0,2.52,2.52,2.52,2.52,1.0,1.0,800.0,1.0,0.0,688.0,64.5,84.0,0.10854132999999999,0.10854132999999999,0.0,0.999,11.0,34.0,34.0,-5.0,26.0,26.0,26.0,26.0,0.0,0.0,0.0,0.0,43.0,17.0,18.0,22.900000000000002,252.0,252.0,6.0,6.0,770.0,4200.0,0.0,0.0,0.0,1.0,19483.0,22.0,1.0,0.0,6.0625,6.0625,5.875,23.375,6.0625,750.0,31.0,870.0,420.0,14.600000000000001,13.3,254.0,20.0,0.0,8.0,0.0,0.0,0.0,0.0,8.0,0.0,5.0,2.0,4.0,0.0,3.0,4687.0,100.0,0.0,0.0,0.0,0.0,28.0,0.0,0.0,3.9000000000000004,5000.0,4990.0,4980.0,1.0,1.0,0.0,23.0,5000.0,0.0,255.0,860.0,222.0,0.0,0.0,1245716.0,3.008,3.0,50.0
1788624711038,2026-09-05T20:11:51.038,0.0,4.0,0.0,1.0,2334.0,14.100000000000001,88.0,2.41,2.41,2.41,2.41,0.0,1.0,68.0,0.0,0.0,341.0,63.0,83.0,0.07142901000000001,0.07142901000000001,0.0,0.999,13.0,37.0,37.0,-2.0,25.0,25.0,25.0,25.0,0.0,0.0,0.0,0.0,43.0,16.0,17.0,21.1,231.0,231.0,6.0,5.0,750.0,4230.0,0.0,0.0,0.0,1.0,19483.0,20.1,0.0,0.0,4.4375,4.4375,4.5,22.3125,4.4375,750.0,30.0,850.0,410.0,13.600000000000001,12.5,254.0,20.0,0.0,8.0,0.0,0.0,0.0,0.0,8.0,0.0,5.0,2.0,4.0,0.0,7.0,4687.0,100.0,0.0,0.0,0.0,0.0,28.0,0.0,0.0,3.9000000000000004,5000.0,4990.0,4980.0,1.0,1.0,0.0,23.0,3094.0,0.0,255.0,860.0,222.0,0.0,0.0,1245716.0,3.008,3.0,50.0
1788624711867,2026-09-05T20:11:51.867,0.0,4.0,0.0,1.0,2306.0,14.100000000000001,88.0,2.1,2.1,2.1,2.1,0.0,1.0,83.0,1.0,0.0,527.0,61.5,82.0,0.02215446999999998,0.02215446999999998,0.0,0.999,15.0,41.0,41.0,-18.0,31.0,31.0,31.0,31.0,0.0,0.0,0.0,0.0,43.0,14.0,14.0,18.2,210.0,210.0,5.0,5.0,710.0,4260.0,0.0,0.0,0.0,1.0,19483.0,17.2,1.0,0.0,1.4375,1.4375,1.25,21.8125,1.4375,750.0,30.0,810.0,380.0,12.3,11.0,254.0,20.0,0.0,8.0,0.0,0.0,0.0,0.0,8.0,0.0,5.0,2.0,4.0,0.0,8.0,4687.0,100.0,0.0,0.0,0.0,0.0,28.0,0.0,0.0,3.9000000000000004,5000.0,4990.0,4980.0,1.0,1.0,0.0,23.0,2824.0,0.0,255.0,860.0,222.0,0.0,0.0,1245716.0,3.008,3.0,50.0
1788624712732,2026-09-05T20:11:52.732,0.0,4.0,0.0,1.0,2262.0,14.100000000000001,88.0,1.96,1.96,1.96,1.96,0.0,1.0,73.0,0.0,0.0,97.0,61.0,82.0,0.06408894999999998,0.06408894999999998,0.0,0.999,16.0,42.0,42.0,-17.0,27.0,27.0,27.0,27.0,0.0,0.0,0.0,0.0,43.0,14.0,14.0,17.5,210.0,210.0,5.0,5.0,710.0,4270.0,0.0,0.0,0.0,1.0,19483.0,16.6,0.0,0.0,-15.875,-5.75,-4.9375,22.375,-21.4375,750.0,29.0,390.0,200.0,0.0,0.0,254.0,20.0,0.0,8.0,0.0,0.0,0.0,0.0,8.0,0.0,5.0,2.0,4.0,0.0,24.0,4687.0,100.0,0.0,0.0,0.0,0.0,28.0,0.0,0.0,3.9000000000000004,5000.0,4990.0,4980.0,1.0,1.0,0.0,23.0,2761.0,0.0,255.0,860.0,225.0,0.0,0.0,1245716.0,3.008,3.0,50.0
1788624713568,2026-09-05T20:11:53.568,0.0,4.0,0.0,1.0,2178.0,13.9,88.0,1.9000000000000001,1.9000000000000001,1.9000000000000001,1.9000000000000001,1.0,1.0,488.0,1.0,0.0,742.0,60.0,82.0,0.04189327999999998,0.04189327999999998,0.0,0.999,18.0,42.0,42.0,-15.0,3.0,3.0,3.0,3.0,0.0,0.0,0.0,0.0,43.0,14.0,14.0,16.7,210.0,210.0,4.0,4.0,700.0,4290.0,0.0,0.0,0.0,1.0,19483.0,16.0,0.0,0.0,-21.5625,-19.4375,-19.0,22.5625,-21.5625,750.0,27.0,390.0,200.0,0.0,0.0,254.0,20.0,0.0,8.0,0.0,1.0,0.0,0.0,8.0,0.0,5.0,0.0,4.0,0.0,29.0,4687.0,100.0,0.0,0.0,0.0,0.0,28.0,0.0,0.0,3.9000000000000004,5000.0,4990.0,4980.0,1.0,1.0,0.0,23.0,3662.0,0.0,255.0,860.0,229.0,0.0,0.0,1245716.0,3.008,3.0,50.0
1788624714335,2026-09-05T20:11:54.335,0.0,4.0,0.0,1.0,2070.0,14.100000000000001,88.0,0.0,0.0,0.0,0.0,0.0,0.0,9.0,0.0,0.0,19.0,58.5,82.5,1.9839999999993196E-5,1.9839999999993196E-5,0.0,0.999,0.0,42.0,42.0,3.0,3.0,3.0,3.0,3.0,0.0,0.0,0.0,0.0,43.0,13.0,14.0,15.700000000000001,210.0,231.0,4.0,4.0,680.0,4300.0,0.0,0.0,0.0,1.0,19483.0,14.3,1.0,0.0,-22.6875,-22.6875,-22.9375,23.9375,-22.6875,750.0,25.0,390.0,200.0,0.0,0.0,254.0,20.0,0.0,8.0,0.0,1.0,0.0,0.0,8.0,0.0,5.0,0.0,4.0,0.0,31.0,4687.0,100.0,0.0,0.0,0.0,0.0,28.0,0.0,0.0,3.9000000000000004,5000.0,4990.0,4980.0,1.0,1.0,0.0,23.0,2822.0,0.0,255.0,860.0,235.0,0.0,0.0,1245716.0,3.008,3.0,50.0
1788624715216,2026-09-05T20:11:55.216,0.0,4.0,0.0,1.0,1749.0,14.100000000000001,88.0,0.0,0.0,0.0,0.0,0.0,0.0,0.0,0.0,0.0,0.0,62.0,82.0,1.9839999999993196E-5,1.9839999999993196E-5,0.0,0.999,0.0,42.0,42.0,2.0,2.0,2.0,2.0,2.0,0.0,0.0,0.0,0.0,43.0,13.0,14.0,11.0,210.0,231.0,2.0,3.0,620.0,4370.0,0.0,0.0,0.0,1.0,19483.0,10.0,0.0,0.0,-25.375,-24.875,-19.8125,26.875,-25.375,750.0,18.0,390.0,200.0,0.0,0.0,254.0,20.0,0.0,8.0,0.0,1.0,1.0,0.0,8.0,0.0,5.0,1.0,4.0,100.0,29.0,4687.0,100.0,0.0,0.0,0.0,0.0,28.0,0.0,0.0,3.9000000000000004,5000.0,4990.0,4990.0,1.0,1.0,0.0,23.0,2044.0,0.0,255.0,860.0,227.0,0.0,0.0,1245716.0,3.008,3.0,50.0
1788624716023,2026-09-05T20:11:56.023,0.0,4.0,0.0,1.0,1094.0,14.0,88.0,1.8800000000000001,1.8800000000000001,1.8800000000000001,1.8800000000000001,0.0,0.0,161.0,0.0,0.0,29.0,65.0,82.5,1.9839999999993196E-5,1.9839999999993196E-5,0.0,1.165,0.0,34.0,34.0,6.0,10.0,10.0,10.0,10.0,0.0,0.0,0.0,0.0,43.0,17.0,14.0,7.5,252.0,231.0,2.0,2.0,600.0,4380.0,0.0,0.0,0.0,1.0,19483.0,8.6,1.0,0.0,-27.6875,-5.125,-6.75,29.1875,-27.6875,750.0,13.0,390.0,200.0,0.0,0.0,254.0,20.0,0.0,8.0,0.0,0.0,1.0,0.0,8.0,0.0,5.0,1.0,4.0,100.0,29.0,4687.0,100.0,0.0,0.0,0.0,0.0,28.0,0.0,0.0,3.9000000000000004,5000.0,4990.0,4990.0,1.0,1.0,0.0,23.0,1550.0,0.0,255.0,860.0,277.0,0.0,0.0,1245716.0,3.008,3.0,50.0
1788624717035,2026-09-05T20:11:57.035,0.0,4.0,0.0,1.0,842.0,14.0,88.0,2.64,2.64,2.64,2.64,0.0,1.0,78.0,1.0,0.0,742.0,66.5,81.0,0.011983679999999997,0.011983679999999997,0.0,0.999,4.0,16.0,16.0,-19.0,13.0,13.0,13.0,13.0,0.0,0.0,0.0,0.0,43.0,21.0,21.0,10.4,336.0,336.0,3.0,2.0,600.0,4400.0,0.0,0.0,0.0,1.0,19483.0,10.8,0.0,0.0,29.0,8.5625,8.5,31.0,29.0,750.0,11.0,1000.0,480.0,17.900000000000002,16.8,254.0,20.0,0.0,8.0,0.0,0.0,1.0,0.0,8.0,0.0,5.0,2.0,4.0,100.0,26.0,4687.0,100.0,0.0,0.0,0.0,0.0,28.0,0.0,0.0,3.9000000000000004,5000.0,4990.0,4990.0,1.0,1.0,0.0,23.0,4277.0,0.0,255.0,860.0,275.0,0.0,0.0,1245716.0,3.008,3.0,50.0
1788624717782,2026-09-05T20:11:57.782,0.0,4.0,0.0,1.0,1986.0,14.100000000000001,88.0,4.33,4.33,4.33,4.33,1.0,1.0,849.0,1.0,0.0,815.0,68.5,81.0,-0.012279719999999994,-0.012279719999999994,0.0,0.999,12.0,24.0,24.0,-36.0,21.0,21.0,21.0,21.0,0.0,0.0,0.0,0.0,44.0,32.0,32.0,35.5,462.0,462.0,9.0,9.0,890.0,4080.0,0.0,0.0,0.0,1.0,19483.0,35.5,1.0,0.0,31.125,33.0625,30.0625,24.6875,31.125,750.0,11.0,1130.0,540.0,22.0,20.6,254.0,20.0,0.0,8.0,0.0,0.0,1.0,0.0,8.0,0.0,5.0,2.0,4.0,100.0,30.0,4687.0,100.0,0.0,0.0,0.0,0.0,28.0,0.0,0.0,3.9000000000000004,5000.0,4990.0,4980.0,1.0,1.0,0.0,23.0,4549.0,0.0,255.0,860.0,274.0,0.0,0.0,1245716.0,3.008,3.0,50.0
1788624718626,2026-09-05T20:11:58.626,0.0,4.0,0.0,1.0,1778.0,14.0,88.0,6.01,6.01,6.01,6.01,0.0,1.0,87.0,1.0,0.0,488.0,68.5,81.0,-0.05436679999999999,-0.05436679999999999,0.0,0.999,23.0,19.0,19.0,-36.0,2.0,2.0,2.0,2.0,0.0,0.0,0.0,0.0,44.0,64.0,65.0,69.5,756.0,777.0,22.0,22.0,1440.0,3530.0,35.0,27.0,59.0,1.0,19483.0,68.2,1.0,0.0,86.0,86.25,86.0,21.125,86.0,750.0,15.0,1520.0,730.0,33.5,32.0,254.0,20.0,0.0,8.0,0.0,0.0,0.0,0.0,8.0,0.0,5.0,2.0,4.0,0.0,32.0,4687.0,100.0,0.0,0.0,0.0,0.0,28.0,0.0,0.0,3.9000000000000004,5000.0,4990.0,4980.0,1.0,1.0,0.0,23.0,4747.0,0.0,255.0,860.0,274.0,0.0,0.0,1245716.0,3.008,3.0,50.0
1788624719515,2026-09-05T20:11:59.515,0.0,4.0,0.0,1.0,2381.0,14.100000000000001,88.0,8.52,8.52,8.52,8.52,1.0,1.0,776.0,1.0,0.0,688.0,64.5,81.5,0.005627889999999969,0.005627889999999969,0.0,0.999,53.0,21.0,16.0,-36.0,15.0,15.0,15.0,15.0,0.0,0.0,0.0,0.0,43.0,72.0,70.0,101.0,819.0,798.0,31.0,31.0,1810.0,3170.0,38.0,38.0,51.0,1.0,19483.0,101.7,0.0,0.0,119.0,105.5,104.5625,19.5,119.0,750.0,19.0,1960.0,950.0,46.300000000000004,44.5,254.0,20.0,0.0,8.0,0.0,0.0,0.0,0.0,8.0,0.0,5.0,2.0,4.0,0.0,32.0,4687.0,100.0,0.0,0.0,0.0,0.0,28.0,0.0,0.0,3.9000000000000004,5000.0,4990.0,4980.0,1.0,1.0,0.0,23.0,5000.0,0.0,255.0,860.0,273.0,0.0,0.0,1245716.0,3.008,3.0,50.0
1788624720320,2026-09-05T20:12:00.320,0.0,4.0,0.0,1.0,3201.0,14.0,88.0,10.68,10.68,10.68,10.68,1.0,1.0,761.0,1.0,0.0,698.0,62.0,82.0,0.02305480999999998,0.02305480999999998,0.0,0.999,99.0,23.0,23.0,-26.0,20.0,20.0,20.0,20.0,0.0,0.0,0.0,0.0,43.0,78.0,76.0,143.3,840.0,819.0,48.0,47.0,2490.0,2480.0,35.0,35.0,46.0,1.0,19483.0,147.20000000000002,1.0,0.0,163.375,115.9375,115.8125,22.75,163.375,750.0,26.0,2930.0,1440.0,76.0,74.3,254.0,20.0,0.0,8.0,0.0,0.0,0.0,0.0,8.0,0.0,5.0,2.0,4.0,0.0,30.0,4687.0,100.0,0.0,0.0,0.0,0.0,28.0,0.0,0.0,3.9000000000000004,5000.0,4990.0,4980.0,1.0,1.0,0.0,23.0,5000.0,0.0,255.0,860.0,273.0,0.0,0.0,1245716.0,3.008,3.0,50.0
1788624721241,2026-09-05T20:12:01.241,0.0,4.0,0.0,1.0,4140.0,14.0,88.0,11.35,11.35,11.35,11.35,1.0,1.0,585.0,1.0,0.0,590.0,58.5,84.0,-0.024060440000000016,-0.024060440000000016,0.0,1.105,99.0,27.0,24.0,1.0,24.0,24.0,24.0,24.0,0.0,0.0,0.0,0.0,42.0,84.0,84.0,199.10000000000002,840.0,819.0,70.0,69.0,3400.0,1560.0,30.0,31.0,41.0,1.0,19483.0,202.0,0.0,0.0,101.875,115.8125,116.5,27.5,79.4375,750.0,33.0,390.0,200.0,2.5,1.3,254.0,20.0,0.0,8.0,0.0,0.0,1.0,0.0,8.0,0.0,5.0,2.0,4.0,100.0,33.0,4687.0,100.0,0.0,0.0,0.0,0.0,28.0,0.0,0.0,3.9000000000000004,5000.0,4990.0,4980.0,1.0,1.0,0.0,23.0,5000.0,0.0,255.0,860.0,273.0,0.0,0.0,1245716.0,3.008,3.0,50.0
1788624722101,2026-09-05T20:12:02.101,0.0,4.0,0.0,1.0,4013.0,14.200000000000001,88.0,0.0,0.0,0.0,0.0,0.0,0.0,0.0,0.0,0.0,0.0,29.0,81.5,1.9839999999993196E-5,1.9839999999993196E-5,0.0,0.999,0.0,33.0,33.0,-25.0,-22.0,-22.0,-22.0,-22.0,0.0,0.0,0.0,0.0,41.0,14.0,17.0,32.9,210.0,231.0,7.0,8.0,840.0,4140.0,0.0,0.0,0.0,1.0,19483.0,28.6,1.0,0.0,31.5625,5.75,5.375,22.0,31.5625,750.0,32.0,2000.0,970.0,47.400000000000006,45.7,254.0,20.0,0.0,8.0,0.0,0.0,1.0,0.0,8.0,0.0,5.0,2.0,4.0,100.0,28.0,4687.0,100.0,0.0,0.0,0.0,0.0,28.0,0.0,0.0,3.9000000000000004,5000.0,4990.0,4990.0,1.0,1.0,0.0,23.0,5000.0,0.0,255.0,860.0,258.0,0.0,0.0,1245716.0,3.008,3.0,50.0
1788624722941,2026-09-05T20:12:02.941,0.0,4.0,0.0,1.0,4455.0,14.100000000000001,88.0,14.290000000000001,14.290000000000001,14.290000000000001,14.290000000000001,1.0,0.0,893.0,1.0,0.0,834.0,7.0,81.0,1.9839999999993196E-5,1.9839999999993196E-5,0.0,1.1320000000000001,0.0,25.0,24.0,-20.0,22.0,22.0,22.0,22.0,0.0,0.0,0.0,0.0,41.0,84.0,83.0,193.0,840.0,840.0,73.0,73.0,3530.0,1440.0,31.0,31.0,47.0,1.0,19483.0,194.8,0.0,0.0,154.375,128.875,124.375,24.5625,154.375,750.0,36.0,2470.0,1200.0,62.0,59.900000000000006,254.0,20.0,0.0,8.0,0.0,0.0,0.0,0.0,8.0,0.0,5.0,2.0,4.0,0.0,29.0,4687.0,100.0,0.0,0.0,0.0,0.0,28.0,0.0,0.0,3.9000000000000004,5000.0,4990.0,4980.0,1.0,1.0,0.0,23.0,5000.0,0.0,255.0,860.0,260.0,0.0,0.0,1245716.0,3.008,3.0,50.0
1788624723557,2026-09-05T20:12:03.557,0.0,4.0,0.0,1.0,3583.0,14.0,88.0,12.39,12.39,12.39,12.39,1.0,0.0,878.0,1.0,0.0,864.0,7.0,80.0,1.9839999999993196E-5,1.9839999999993196E-5,0.0,1.057,0.0,22.0,22.0,-24.0,19.0,19.0,19.0,19.0,0.0,0.0,0.0,0.0,41.0,81.0,81.0,141.20000000000002,840.0,840.0,67.0,67.0,3320.0,1650.0,35.0,36.0,46.0,1.0,19483.0,142.0,0.0,0.0,157.375,124.875,122.8125,19.25,157.375,750.0,39.0,2470.0,1210.0,62.2,60.2,254.0,20.0,0.0,8.0,0.0,0.0,0.0,0.0,8.0,0.0,5.0,2.0,4.0,0.0,28.0,4687.0,100.0,0.0,0.0,0.0,0.0,28.0,0.0,0.0,3.9000000000000004,5000.0,4990.0,4980.0,1.0,1.0,0.0,23.0,5000.0,0.0,255.0,860.0,260.0,0.0,0.0,1245716.0,3.008,3.0,50.0
1788624724349,2026-09-05T20:12:04.349,0.0,4.0,0.0,1.0,3108.0,14.0,88.0,11.540000000000001,11.540000000000001,11.540000000000001,11.540000000000001,0.0,1.0,458.0,1.0,0.0,649.0,6.5,78.0,0.02135332000000001,0.02135332000000001,0.0,1.0,66.0,21.0,21.0,-26.0,11.0,11.0,11.0,11.0,0.0,0.0,0.0,0.0,41.0,81.0,81.0,139.8,840.0,840.0,74.0,74.0,3570.0,1380.0,35.0,35.0,53.0,1.0,19483.0,138.70000000000002,1.0,0.0,157.8125,123.75,123.0,19.8125,157.8125,750.0,42.0,2080.0,1010.0,51.2,49.5,254.0,20.0,0.0,8.0,0.0,0.0,0.0,0.0,8.0,0.0,5.0,2.0,4.0,0.0,28.0,4687.0,100.0,0.0,0.0,0.0,0.0,28.0,0.0,0.0,3.9000000000000004,5000.0,4990.0,4980.0,1.0,1.0,0.0,23.0,5000.0,0.0,255.0,860.0,261.0,0.0,0.0,1245716.0,3.008,3.0,50.0
1788624725405,2026-09-05T20:12:05.405,0.0,4.0,0.0,1.0,3264.0,14.100000000000001,88.0,2.79,2.79,2.79,2.79,1.0,1.0,859.0,1.0,0.0,800.0,1.5,72.5,-0.025258350000000013,-0.025258350000000013,0.0,0.999,16.0,34.0,34.0,-20.0,18.0,18.0,18.0,18.0,0.0,0.0,0.0,0.0,40.0,13.0,16.0,26.900000000000002,210.0,231.0,7.0,7.0,790.0,4190.0,0.0,0.0,0.0,1.0,19483.0,23.6,0.0,0.0,-7.75,-7.375,-7.0,21.625,-7.75,750.0,41.0,900.0,430.0,15.3,13.9,254.0,20.0,0.0,8.0,0.0,0.0,0.0,0.0,8.0,0.0,5.0,2.0,4.0,0.0,30.0,4687.0,100.0,0.0,0.0,0.0,0.0,28.0,0.0,0.0,3.9000000000000004,5000.0,4990.0,4970.0,1.0,1.0,0.0,23.0,5000.0,0.0,255.0,860.0,245.0,0.0,0.0,1245716.0,3.008,3.0,50.0
1788624726293,2026-09-05T20:12:06.293,0.0,4.0,0.0,1.0,3116.0,14.100000000000001,88.0,1.71,1.71,1.71,1.71,0.0,1.0,48.0,0.0,0.0,39.0,0.0,70.0,0.053902899999999976,0.053902899999999976,0.0,0.999,13.0,45.0,45.0,-9.0,14.0,14.0,14.0,14.0,0.0,0.0,0.0,0.0,40.0,13.0,14.0,24.200000000000003,210.0,210.0,6.0,6.0,780.0,4180.0,0.0,0.0,0.0,1.0,19483.0,23.1,1.0,0.0,-15.25,-9.75,-10.3125,21.3125,-15.25,750.0,39.0,520.0,240.0,3.9000000000000004,2.5,254.0,20.0,0.0,8.0,0.0,0.0,0.0,0.0,8.0,0.0,5.0,2.0,4.0,0.0,28.0,4687.0,100.0,0.0,0.0,0.0,0.0,28.0,0.0,0.0,3.8000000000000003,5000.0,4990.0,4970.0,1.0,1.0,0.0,23.0,4596.0,0.0,255.0,860.0,230.0,0.0,0.0,1245716.0,3.008,3.0,50.0
1788624727098,2026-09-05T20:12:07.098,0.0,4.0,0.0,1.0,2966.0,14.100000000000001,88.0,2.1,2.1,2.1,2.1,0.0,1.0,58.0,0.0,0.0,63.0,0.0,67.5,0.11794911999999996,0.11794911999999996,0.0,0.999,15.0,44.0,44.0,-12.0,-12.0,-12.0,-12.0,-12.0,0.0,0.0,0.0,0.0,40.0,14.0,15.0,23.5,210.0,210.0,6.0,6.0,780.0,4210.0,0.0,0.0,0.0,1.0,19483.0,21.900000000000002,0.0,0.0,-20.375,-19.75,-20.6875,20.625,-20.375,750.0,37.0,390.0,200.0,0.0,0.0,254.0,20.0,0.0,8.0,0.0,0.0,0.0,0.0,8.0,0.0,5.0,0.0,4.0,0.0,27.0,4687.0,100.0,0.0,0.0,0.0,0.0,28.0,0.0,0.0,3.8000000000000003,5000.0,4990.0,4970.0,1.0,1.0,0.0,23.0,3355.0,0.0,255.0,860.0,231.0,0.0,0.0,1245716.0,3.008,3.0,50.0
1788624727853,2026-09-05T20:12:07.853,0.0,4.0,0.0,1.0,2851.0,14.200000000000001,88.0,0.0,0.0,0.0,0.0,0.0,0.0,4.0,0.0,0.0,4.0,0.0,65.0,1.9839999999993196E-5,1.9839999999993196E-5,0.0,0.999,0.0,42.0,42.0,-15.0,-15.0,-15.0,-15.0,-15.0,0.0,0.0,0.0,0.0,41.0,14.0,15.0,23.200000000000003,210.0,231.0,6.0,6.0,760.0,4220.0,0.0,0.0,0.0,1.0,19483.0,20.8,1.0,0.0,-20.3125,-20.625,-20.5625,20.5625,-20.3125,750.0,35.0,390.0,200.0,0.0,0.0,254.0,20.0,0.0,8.0,0.0,0.0,0.0,0.0,8.0,0.0,5.0,0.0,4.0,0.0,29.0,4687.0,100.0,0.0,0.0,0.0,0.0,28.0,0.0,0.0,3.8000000000000003,5000.0,4990.0,4990.0,1.0,1.0,0.0,23.0,3540.0,0.0,255.0,860.0,231.0,0.0,0.0,1245716.0,3.008,3.0,50.0
1788624728634,2026-09-05T20:12:08.634,0.0,4.0,0.0,1.0,2706.0,14.100000000000001,88.0,0.0,0.0,0.0,0.0,0.0,0.0,0.0,0.0,0.0,0.0,0.0,63.5,1.9839999999993196E-5,1.9839999999993196E-5,0.0,0.999,0.0,43.0,43.0,3.0,3.0,3.0,3.0,3.0,0.0,0.0,0.0,0.0,41.0,14.0,14.0,21.400000000000002,210.0,210.0,5.0,6.0,750.0,4230.0,0.0,0.0,0.0,1.0,19483.0,20.1,1.0,0.0,-20.25,-20.25,-20.5,20.6875,-20.25,750.0,34.0,390.0,200.0,0.0,0.0,254.0,20.0,0.0,8.0,0.0,0.0,0.0,0.0,8.0,0.0,5.0,0.0,4.0,0.0,31.0,4687.0,100.0,0.0,0.0,0.0,0.0,28.0,0.0,0.0,3.8000000000000003,5000.0,4990.0,4970.0,1.0,1.0,0.0,23.0,4538.0,0.0,255.0,860.0,227.0,0.0,0.0,1245716.0,3.008,3.0,50.0
1788624729440,2026-09-05T20:12:09.440,0.0,4.0,0.0,1.0,2558.0,14.100000000000001,88.0,0.0,0.0,0.0,0.0,0.0,0.0,0.0,0.0,0.0,0.0,11.5,61.5,1.9839999999993196E-5,1.9839999999993196E-5,0.0,0.999,0.0,43.0,43.0,5.0,5.0,5.0,5.0,5.0,0.0,0.0,0.0,0.0,41.0,14.0,14.0,20.400000000000002,210.0,210.0,5.0,5.0,740.0,4230.0,0.0,0.0,0.0,1.0,19483.0,19.400000000000002,0.0,0.0,-20.6875,-20.6875,-20.875,21.25,-20.6875,750.0,32.0,390.0,200.0,0.0,0.0,254.0,20.0,0.0,8.0,0.0,0.0,0.0,0.0,8.0,0.0,5.0,0.0,4.0,0.0,29.0,4687.0,100.0,0.0,0.0,0.0,0.0,28.0,0.0,0.0,3.8000000000000003,5000.0,4990.0,4980.0,1.0,1.0,0.0,23.0,3781.0,0.0,255.0,860.0,226.0,0.0,0.0,1245716.0,3.008,3.0,50.0
1788624730214,2026-09-05T20:12:10.214,0.0,4.0,0.0,1.0,2467.0,14.100000000000001,88.0,0.0,0.0,0.0,0.0,0.0,0.0,0.0,0.0,0.0,0.0,26.0,61.0,1.9839999999993196E-5,1.9839999999993196E-5,0.0,0.999,0.0,41.0,41.0,3.0,3.0,3.0,3.0,3.0,0.0,0.0,0.0,0.0,41.0,14.0,15.0,19.900000000000002,210.0,210.0,5.0,5.0,730.0,4250.0,0.0,0.0,0.0,1.0,19483.0,18.5,1.0,0.0,-21.0,-21.0,-21.25,21.6875,-21.0,750.0,31.0,390.0,200.0,0.0,0.0,254.0,20.0,0.0,8.0,0.0,0.0,0.0,0.0,8.0,0.0,5.0,0.0,4.0,0.0,32.0,4687.0,100.0,0.0,0.0,0.0,0.0,28.0,0.0,0.0,3.8000000000000003,5000.0,4990.0,4980.0,1.0,1.0,0.0,23.0,3573.0,0.0,255.0,860.0,227.0,0.0,0.0,1245716.0,3.008,3.0,50.0
1788624730961,2026-09-05T20:12:10.961,0.0,4.0,0.0,1.0,2334.0,14.100000000000001,88.0,0.0,0.0,0.0,0.0,0.0,0.0,0.0,0.0,0.0,0.0,38.0,60.0,1.9839999999993196E-5,1.9839999999993196E-5,0.0,0.999,0.0,40.0,40.0,2.0,2.0,2.0,2.0,2.0,0.0,0.0,0.0,0.0,41.0,14.0,15.0,19.200000000000003,210.0,231.0,5.0,5.0,720.0,4260.0,0.0,0.0,0.0,1.0,19483.0,17.7,0.0,0.0,-20.9375,-20.9375,-21.1875,21.75,-20.9375,750.0,29.0,400.0,200.0,0.0,0.0,254.0,20.0,0.0,8.0,0.0,0.0,0.0,0.0,8.0,0.0,5.0,0.0,4.0,0.0,32.0,4687.0,100.0,0.0,0.0,0.0,0.0,28.0,0.0,0.0,3.8000000000000003,5000.0,4990.0,4980.0,1.0,1.0,0.0,23.0,2651.0,0.0,255.0,860.0,227.0,0.0,0.0,1245716.0,3.008,3.0,50.0
1788624731734,2026-09-05T20:12:11.734,0.0,4.0,0.0,1.0,2236.0,14.100000000000001,88.0,0.0,0.0,0.0,0.0,0.0,0.0,0.0,0.0,0.0,0.0,48.0,59.5,1.9839999999993196E-5,1.9839999999993196E-5,0.0,0.999,0.0,42.0,42.0,2.0,2.0,2.0,2.0,2.0,0.0,0.0,0.0,0.0,41.0,14.0,15.0,17.900000000000002,210.0,210.0,5.0,5.0,710.0,4280.0,0.0,0.0,0.0,1.0,19483.0,16.5,1.0,0.0,-15.4375,-18.375,-18.25,22.0,-15.4375,750.0,28.0,570.0,260.0,4.4,4.0,254.0,20.0,0.0,8.0,0.0,0.0,0.0,0.0,8.0,0.0,5.0,2.0,4.0,0.0,31.0,4687.0,100.0,0.0,0.0,0.0,0.0,28.0,0.0,0.0,3.8000000000000003,5000.0,4990.0,4980.0,1.0,1.0,0.0,23.0,4700.0,0.0,255.0,860.0,222.0,0.0,0.0,1245716.0,3.008,3.0,50.0
1788624732518,2026-09-05T20:12:12.518,0.0,4.0,0.0,1.0,2162.0,14.100000000000001,88.0,2.15,2.15,2.15,2.15,1.0,0.0,820.0,1.0,0.0,644.0,52.5,59.0,1.9839999999993196E-5,1.9839999999993196E-5,0.0,1.239,0.0,42.0,42.0,-15.0,11.0,11.0,11.0,11.0,0.0,0.0,0.0,0.0,41.0,14.0,14.0,16.2,210.0,210.0,4.0,4.0,700.0,4290.0,0.0,0.0,0.0,1.0,19483.0,15.600000000000001,1.0,0.0,-13.0625,-12.375,-12.125,22.5625,-13.0625,750.0,27.0,580.0,270.0,4.9,4.5,254.0,20.0,0.0,8.0,0.0,0.0,0.0,0.0,8.0,0.0,5.0,2.0,4.0,0.0,30.0,4687.0,100.0,0.0,0.0,0.0,0.0,28.0,0.0,0.0,3.8000000000000003,5000.0,4990.0,4990.0,1.0,1.0,0.0,23.0,3802.0,0.0,255.0,860.0,219.0,0.0,0.0,1245716.0,3.008,3.0,50.0
1788624733446,2026-09-05T20:12:13.446,0.0,4.0,0.0,1.0,2059.0,14.100000000000001,88.0,1.84,1.84,1.84,1.84,0.0,1.0,29.0,0.0,0.0,24.0,51.5,58.0,0.06369982000000002,0.06369982000000002,0.0,0.999,6.0,42.0,42.0,-16.0,10.0,10.0,10.0,10.0,0.0,0.0,0.0,0.0,41.0,14.0,13.0,14.8,210.0,210.0,4.0,4.0,680.0,4300.0,0.0,0.0,0.0,1.0,19483.0,14.700000000000001,0.0,0.0,-7.5625,-7.5625,-8.25,22.75,-7.5625,750.0,26.0,640.0,300.0,6.7,6.0,254.0,20.0,0.0,8.0,0.0,0.0,0.0,0.0,8.0,0.0,5.0,2.0,4.0,0.0,31.0,4687.0,100.0,0.0,0.0,0.0,0.0,28.0,0.0,0.0,3.8000000000000003,5000.0,4990.0,4990.0,1.0,1.0,0.0,23.0,4016.0,0.0,255.0,860.0,217.0,0.0,0.0,1245716.0,3.008,3.0,50.0
1788624734214,2026-09-05T20:12:14.214,0.0,4.0,0.0,1.0,1969.0,14.100000000000001,88.0,1.95,1.95,1.95,1.95,0.0,1.0,53.0,0.0,0.0,43.0,51.0,57.5,0.13674944,0.13674944,0.0,0.999,8.0,41.0,41.0,5.0,24.0,24.0,24.0,24.0,0.0,0.0,0.0,0.0,42.0,13.0,13.0,14.4,210.0,210.0,4.0,4.0,670.0,4310.0,0.0,0.0,0.0,1.0,19483.0,14.200000000000001,1.0,0.0,-19.125,-8.9375,-8.4375,23.3125,-22.0625,750.0,25.0,390.0,200.0,0.0,0.0,254.0,20.0,0.0,8.0,0.0,0.0,0.0,0.0,8.0,0.0,5.0,2.0,4.0,0.0,32.0,4687.0,100.0,0.0,0.0,0.0,0.0,28.0,0.0,0.0,3.8000000000000003,5000.0,4990.0,4980.0,1.0,1.0,0.0,23.0,4245.0,0.0,255.0,860.0,221.0,0.0,0.0,1245716.0,3.008,3.0,50.0
1788624735071,2026-09-05T20:12:15.071,0.0,4.0,0.0,1.0,1924.0,14.100000000000001,88.0,2.0,2.0,2.0,2.0,1.0,1.0,620.0,0.0,0.0,195.0,51.0,57.5,0.17065715999999997,0.17065715999999997,0.0,0.999,8.0,40.0,40.0,-15.0,1.0,1.0,1.0,1.0,0.0,0.0,0.0,0.0,42.0,14.0,14.0,14.3,210.0,210.0,4.0,4.0,670.0,4310.0,0.0,0.0,0.0,1.0,19483.0,13.8,0.0,0.0,-22.4375,-18.8125,-18.5625,23.75,-22.4375,750.0,24.0,390.0,200.0,0.0,0.0,254.0,20.0,0.0,8.0,0.0,1.0,0.0,0.0,8.0,0.0,5.0,2.0,4.0,0.0,31.0,4687.0,100.0,0.0,0.0,0.0,0.0,28.0,0.0,0.0,3.8000000000000003,5000.0,4990.0,4980.0,1.0,1.0,0.0,23.0,3028.0,0.0,255.0,860.0,231.0,0.0,0.0,1245716.0,3.008,3.0,50.0
1788624735839,2026-09-05T20:12:15.839,0.0,4.0,0.0,1.0,1822.0,14.100000000000001,88.0,0.0,0.0,0.0,0.0,0.0,0.0,24.0,0.0,0.0,39.0,50.0,57.0,1.9839999999993196E-5,1.9839999999993196E-5,0.0,0.999,0.0,39.0,39.0,-5.0,-5.0,-5.0,-5.0,-5.0,0.0,0.0,0.0,0.0,42.0,14.0,15.0,14.5,210.0,231.0,3.0,3.0,660.0,4320.0,0.0,0.0,0.0,1.0,19483.0,13.0,1.0,0.0,-23.75,-23.75,-24.0,25.25,-23.75,750.0,22.0,390.0,200.0,0.0,0.0,254.0,20.0,0.0,8.0,0.0,1.0,1.0,0.0,8.0,0.0,5.0,0.0,4.0,100.0,30.0,4687.0,100.0,0.0,0.0,0.0,0.0,28.0,0.0,0.0,3.8000000000000003,5000.0,4990.0,4980.0,1.0,1.0,0.0,23.0,2724.0,0.0,255.0,860.0,236.0,0.0,0.0,1245716.0,3.008,3.0,50.0
1788624736637,2026-09-05T20:12:16.637,0.0,4.0,0.0,1.0,1364.0,14.100000000000001,88.0,2.18,2.18,2.18,2.18,0.0,0.0,9.0,0.0,0.0,0.0,53.0,57.0,1.9839999999993196E-5,1.9839999999993196E-5,0.0,1.2610000000000001,0.0,36.0,36.0,2.0,2.0,2.0,2.0,2.0,0.0,0.0,0.0,0.0,42.0,13.0,13.0,8.700000000000001,210.0,210.0,2.0,2.0,600.0,4380.0,0.0,0.0,0.0,1.0,19483.0,8.200000000000001,1.0,0.0,-27.0625,-16.9375,-14.1875,28.5625,-27.0625,750.0,20.0,390.0,200.0,0.0,0.0,254.0,20.0,0.0,8.0,0.0,1.0,1.0,0.0,8.0,0.0,5.0,1.0,4.0,100.0,30.0,4687.0,100.0,0.0,0.0,0.0,0.0,28.0,0.0,0.0,3.8000000000000003,5000.0,4990.0,4970.0,1.0,1.0,0.0,23.0,1864.0,0.0,255.0,860.0,227.0,0.0,0.0,1245716.0,3.008,3.0,50.0
1788624737427,2026-09-05T20:12:17.427,0.0,4.0,0.0,1.0,944.0,14.0,88.0,1.8800000000000001,1.8800000000000001,1.8800000000000001,1.8800000000000001,1.0,1.0,781.0,1.0,0.0,688.0,55.5,56.5,-3.6928999999999435E-4,-3.6928999999999435E-4,0.0,1.0,0.0,28.0,28.0,1.0,27.0,27.0,27.0,27.0,0.0,0.0,0.0,0.0,42.0,22.0,16.0,8.200000000000001,336.0,252.0,3.0,3.0,620.0,4360.0,0.0,0.0,0.0,1.0,19483.0,10.700000000000001,0.0,0.0,-27.5,-0.5625,-0.5625,29.0,-27.5,750.0,16.0,390.0,200.0,0.0,0.0,254.0,20.0,0.0,8.0,0.0,1.0,0.0,0.0,8.0,0.0,5.0,1.0,4.0,0.0,29.0,4687.0,100.0,0.0,0.0,0.0,0.0,28.0,0.0,0.0,3.8000000000000003,5000.0,4990.0,4990.0,1.0,1.0,0.0,23.0,1750.0,0.0,255.0,860.0,227.0,0.0,0.0,1245716.0,3.008,3.0,50.0
1788624738199,2026-09-05T20:12:18.199,0.0,4.0,0.0,1.0,950.0,13.9,88.0,2.95,2.95,2.95,2.95,0.0,1.0,73.0,0.0,0.0,58.0,58.0,57.0,0.017820630000000004,0.017820630000000004,0.0,0.999,5.0,17.0,17.0,-16.0,-5.0,-5.0,-5.0,-5.0,0.0,0.0,0.0,0.0,42.0,18.0,20.0,10.100000000000001,294.0,315.0,2.0,2.0,610.0,4380.0,0.0,0.0,0.0,1.0,19483.0,9.0,1.0,0.0,-27.75,-3.4375,-3.75,29.25,-27.75,750.0,12.0,390.0,200.0,0.0,0.0,254.0,20.0,0.0,8.0,0.0,1.0,1.0,0.0,8.0,0.0,5.0,1.0,4.0,100.0,29.0,4687.0,100.0,0.0,0.0,0.0,0.0,28.0,0.0,0.0,3.8000000000000003,5000.0,4990.0,4980.0,1.0,1.0,0.0,23.0,1842.0,0.0,255.0,860.0,239.0,0.0,0.0,1245716.0,3.008,3.0,50.0
1788624739090,2026-09-05T20:12:19.090,0.0,4.0,0.0,1.0,827.0,14.0,88.0,2.47,2.47,2.47,2.47,1.0,1.0,781.0,1.0,0.0,766.0,59.0,56.5,-0.004649719999999996,-0.004649719999999996,0.0,0.999,6.0,18.0,18.0,-10.0,3.0,3.0,3.0,3.0,0.0,0.0,0.0,0.0,43.0,20.0,19.0,8.3,315.0,294.0,2.0,2.0,600.0,4390.0,0.0,0.0,0.0,1.0,19483.0,8.5,0.0,0.0,-28.0,-4.0,-4.125,29.5,-28.0,750.0,11.0,620.0,290.0,5.7,4.7,254.0,20.0,0.0,8.0,0.0,0.0,1.0,0.0,8.0,0.0,5.0,1.0,4.0,100.0,30.0,4687.0,100.0,0.0,0.0,0.0,0.0,28.0,0.0,0.0,3.9000000000000004,5000.0,4990.0,4980.0,1.0,1.0,0.0,23.0,1879.0,0.0,255.0,860.0,271.0,0.0,0.0,1245716.0,3.008,3.0,50.0
1788624739971,2026-09-05T20:12:19.971,0.0,4.0,0.0,1.0,884.0,14.0,88.0,4.14,4.14,4.14,4.14,0.0,1.0,87.0,0.0,0.0,87.0,60.5,55.5,0.020407200000000014,0.020407200000000014,0.0,0.999,11.0,15.0,15.0,-36.0,-3.0,-3.0,-3.0,-3.0,0.0,0.0,0.0,0.0,43.0,42.0,35.0,23.0,609.0,525.0,8.0,8.0,840.0,4130.0,0.0,0.0,0.0,1.0,19483.0,26.5,1.0,0.0,40.4375,24.5,23.6875,28.25,40.4375,750.0,10.0,1130.0,540.0,21.6,20.200000000000003,254.0,20.0,0.0,8.0,0.0,0.0,1.0,0.0,8.0,0.0,5.0,2.0,4.0,100.0,30.0,4687.0,100.0,0.0,0.0,0.0,0.0,28.0,0.0,0.0,3.8000000000000003,5000.0,4990.0,4980.0,1.0,1.0,0.0,23.0,5000.0,0.0,255.0,860.0,269.0,0.0,0.0,1245716.0,3.008,3.0,50.0
1788624740783,2026-09-05T20:12:20.783,0.0,4.0,0.0,1.0,2320.0,14.0,88.0,5.44,5.44,5.44,5.44,1.0,1.0,805.0,1.0,0.0,791.0,62.0,56.5,-0.035436770000000006,-0.035436770000000006,0.0,0.999,24.0,25.0,25.0,-36.0,22.0,22.0,22.0,22.0,0.0,0.0,0.0,0.0,43.0,46.0,45.0,59.2,609.0,588.0,15.0,15.0,1130.0,3840.0,6.0,0.0,73.0,1.0,19483.0,59.6,0.0,0.0,55.75,60.5625,60.9375,23.5625,55.75,750.0,13.0,1390.0,670.0,29.6,28.1,254.0,20.0,0.0,8.0,0.0,0.0,1.0,0.0,8.0,0.0,5.0,2.0,4.0,100.0,33.0,4687.0,100.0,0.0,0.0,0.0,0.0,28.0,0.0,0.0,3.9000000000000004,5000.0,4990.0,4980.0,1.0,1.0,0.0,23.0,5000.0,0.0,255.0,860.0,269.0,0.0,0.0,1245716.0,3.008,3.0,50.0
1788624741949,2026-09-05T20:12:21.949,0.0,4.0,0.0,1.0,2441.0,14.0,88.0,6.5200000000000005,6.5200000000000005,6.5200000000000005,6.5200000000000005,0.0,1.0,117.0,0.0,0.0,107.0,59.5,59.0,0.013433379999999995,0.013433379999999995,0.0,0.999,41.0,23.0,23.0,-35.0,23.0,23.0,23.0,23.0,0.0,0.0,0.0,0.0,43.0,46.0,48.0,62.400000000000006,567.0,588.0,14.0,14.0,1100.0,3860.0,13.0,14.0,46.0,1.0,19483.0,59.6,1.0,0.0,53.8125,55.5625,55.5625,21.75,53.8125,750.0,18.0,1350.0,650.0,28.700000000000003,27.200000000000003,254.0,20.0,0.0,8.0,0.0,0.0,1.0,0.0,8.0,0.0,5.0,2.0,4.0,100.0,29.0,4687.0,100.0,0.0,0.0,0.0,0.0,28.0,0.0,0.0,3.9000000000000004,5000.0,4990.0,4980.0,1.0,1.0,0.0,23.0,5000.0,0.0,255.0,860.0,268.0,0.0,0.0,1245716.0,3.008,3.0,50.0
1788624742802,2026-09-05T20:12:22.802,0.0,4.0,0.0,1.0,2639.0,14.100000000000001,88.0,1.8,1.8,1.8,1.8,0.0,1.0,39.0,0.0,0.0,102.0,53.0,60.0,0.017988489999999968,0.017988489999999968,0.0,0.999,18.0,40.0,40.0,-18.0,28.0,28.0,28.0,28.0,0.0,0.0,0.0,0.0,42.0,14.0,15.0,20.8,210.0,231.0,5.0,5.0,740.0,4240.0,0.0,0.0,0.0,1.0,19483.0,18.8,0.0,0.0,-21.0,-4.6875,-4.125,21.75,-21.125,750.0,18.0,390.0,200.0,0.0,0.0,254.0,20.0,0.0,8.0,0.0,0.0,0.0,0.0,8.0,0.0,5.0,2.0,4.0,0.0,30.0,4687.0,100.0,0.0,0.0,0.0,0.0,28.0,0.0,0.0,3.9000000000000004,5000.0,4990.0,4980.0,1.0,1.0,0.0,23.0,4132.0,0.0,255.0,860.0,242.0,0.0,0.0,1245716.0,3.008,3.0,50.0
1788624743607,2026-09-05T20:12:23.607,0.0,4.0,0.0,1.0,1924.0,13.9,88.0,0.0,0.0,0.0,0.0,0.0,0.0,34.0,0.0,0.0,34.0,50.5,60.5,1.9839999999993196E-5,1.9839999999993196E-5,0.0,0.999,0.0,36.0,36.0,-1.0,-1.0,-1.0,-1.0,-1.0,0.0,0.0,0.0,0.0,42.0,13.0,15.0,12.4,210.0,231.0,3.0,3.0,640.0,4350.0,0.0,0.0,0.0,1.0,19483.0,11.200000000000001,0.0,0.0,-23.125,-23.125,-18.4375,24.625,-23.125,750.0,18.0,390.0,200.0,0.0,0.0,254.0,20.0,0.0,8.0,0.0,1.0,0.0,0.0,8.0,0.0,5.0,2.0,4.0,0.0,30.0,4687.0,100.0,0.0,0.0,0.0,0.0,28.0,0.0,0.0,3.9000000000000004,5000.0,4990.0,4980.0,1.0,1.0,0.0,23.0,2420.0,0.0,255.0,860.0,252.0,0.0,0.0,1245716.0,3.008,3.0,50.0
1788624744390,2026-09-05T20:12:24.390,0.0,4.0,0.0,1.0,1210.0,14.0,88.0,2.0300000000000002,2.0300000000000002,2.0300000000000002,2.0300000000000002,0.0,0.0,53.0,0.0,0.0,9.0,50.5,59.5,1.9839999999993196E-5,1.9839999999993196E-5,0.0,1.147,0.0,33.0,33.0,4.0,12.0,12.0,12.0,12.0,0.0,0.0,0.0,0.0,42.0,14.0,13.0,8.200000000000001,231.0,210.0,2.0,2.0,590.0,4400.0,0.0,0.0,0.0,1.0,19483.0,8.3,1.0,0.0,-27.3125,-6.375,-6.3125,28.8125,-27.3125,750.0,15.0,390.0,200.0,0.0,0.0,254.0,20.0,0.0,8.0,0.0,1.0,0.0,0.0,8.0,0.0,5.0,1.0,4.0,0.0,28.0,4687.0,100.0,0.0,0.0,0.0,0.0,28.0,0.0,0.0,3.9000000000000004,5000.0,4990.0,4980.0,1.0,1.0,0.0,23.0,2076.0,0.0,255.0,860.0,237.0,0.0,0.0,1245716.0,3.008,3.0,50.0
1788624745334,2026-09-05T20:12:25.334,0.0,4.0,0.0,1.0,1063.0,13.600000000000001,88.0,2.41,2.41,2.41,2.41,1.0,1.0,786.0,1.0,0.0,791.0,56.0,63.0,-0.0034823300000000057,-0.0034823300000000057,0.0,0.999,3.0,24.0,24.0,-6.0,7.0,7.0,7.0,7.0,0.0,0.0,0.0,0.0,42.0,17.0,18.0,9.9,273.0,273.0,2.0,2.0,620.0,4380.0,0.0,0.0,0.0,1.0,19483.0,9.600000000000001,0.0,0.0,-28.625,-4.875,-5.0625,30.125,-28.625,750.0,12.0,390.0,200.0,0.0,0.0,254.0,20.0,0.0,8.0,0.0,1.0,0.0,0.0,8.0,0.0,5.0,1.0,4.0,0.0,30.0,4687.0,100.0,0.0,0.0,0.0,0.0,28.0,0.0,0.0,3.9000000000000004,5000.0,4990.0,4980.0,1.0,1.0,0.0,23.0,2971.0,0.0,255.0,860.0,263.0,0.0,0.0,1245716.0,3.008,3.0,50.0
1788624746121,2026-09-05T20:12:26.121,0.0,4.0,0.0,1.0,1001.0,13.700000000000001,88.0,2.11,2.11,2.11,2.11,0.0,1.0,87.0,0.0,0.0,83.0,59.0,62.5,0.01820976000000002,0.01820976000000002,0.0,0.999,5.0,27.0,27.0,-2.0,14.0,14.0,14.0,14.0,0.0,0.0,0.0,0.0,42.0,18.0,16.0,8.5,273.0,252.0,2.0,2.0,600.0,4380.0,0.0,0.0,0.0,1.0,19483.0,9.200000000000001,1.0,0.0,-28.1875,-3.8125,-3.25,29.6875,-28.1875,750.0,11.0,390.0,200.0,0.0,0.0,254.0,20.0,0.0,8.0,0.0,1.0,0.0,0.0,8.0,0.0,5.0,1.0,4.0,0.0,30.0,4687.0,100.0,0.0,0.0,0.0,0.0,28.0,0.0,0.0,3.9000000000000004,5000.0,4990.0,4970.0,1.0,1.0,0.0,23.0,1724.0,0.0,255.0,860.0,264.0,0.0,0.0,1245716.0,3.008,3.0,50.0
1788624746981,2026-09-05T20:12:26.981,0.0,4.0,0.0,1.0,936.0,13.9,88.0,2.42,2.42,2.42,2.42,0.0,1.0,136.0,0.0,0.0,102.0,58.0,59.5,0.027938010000000013,0.027938010000000013,0.0,0.999,7.0,21.0,21.0,-8.0,5.0,5.0,5.0,5.0,0.0,0.0,0.0,0.0,43.0,18.0,18.0,9.200000000000001,273.0,294.0,2.0,2.0,610.0,4390.0,0.0,0.0,0.0,1.0,19483.0,9.0,0.0,0.0,-28.125,-2.4375,-2.4375,29.625,-28.125,750.0,10.0,390.0,200.0,0.0,0.0,254.0,20.0,0.0,8.0,0.0,1.0,0.0,0.0,8.0,0.0,5.0,1.0,4.0,0.0,29.0,4687.0,100.0,0.0,0.0,0.0,0.0,28.0,0.0,0.0,3.9000000000000004,5000.0,4990.0,4980.0,1.0,1.0,0.0,23.0,1980.0,0.0,255.0,860.0,274.0,0.0,0.0,1245716.0,3.008,3.0,50.0
1788624747853,2026-09-05T20:12:27.853,0.0,4.0,0.0,1.0,888.0,14.0,88.0,2.34,2.34,2.34,2.34,0.0,1.0,288.0,1.0,0.0,659.0,59.5,59.5,0.001507690000000006,0.001507690000000006,0.0,0.999,8.0,19.0,19.0,-8.0,6.0,6.0,6.0,6.0,0.0,0.0,0.0,0.0,43.0,21.0,19.0,9.5,315.0,294.0,2.0,2.0,620.0,4360.0,0.0,0.0,0.0,1.0,19483.0,10.100000000000001,1.0,0.0,-28.4375,-1.0625,-1.625,29.9375,-28.4375,750.0,7.0,390.0,200.0,0.0,0.0,254.0,20.0,0.0,8.0,0.0,1.0,0.0,0.0,8.0,0.0,5.0,1.0,4.0,0.0,29.0,4687.0,100.0,0.0,0.0,0.0,0.0,28.0,0.0,0.0,3.9000000000000004,5000.0,4990.0,4980.0,1.0,1.0,0.0,23.0,1868.0,0.0,255.0,860.0,285.0,0.0,0.0,1245716.0,3.008,3.0,50.0
1788624748683,2026-09-05T20:12:28.683,0.0,4.0,0.0,1.0,839.0,14.100000000000001,88.0,2.6,2.6,2.6,2.6,1.0,1.0,761.0,1.0,0.0,668.0,60.5,58.0,-0.010845280000000013,-0.010845280000000013,0.0,0.999,9.0,16.0,16.0,-15.0,-3.0,-3.0,-3.0,-3.0,0.0,0.0,0.0,0.0,43.0,20.0,20.0,9.200000000000001,315.0,315.0,2.0,2.0,610.0,4370.0,0.0,0.0,0.0,1.0,19483.0,8.8,1.0,0.0,-28.25,-2.6875,-3.875,29.75,-28.25,750.0,5.0,390.0,200.0,0.0,0.0,254.0,20.0,0.0,8.0,0.0,1.0,0.0,0.0,8.0,0.0,5.0,1.0,4.0,0.0,31.0,4687.0,100.0,0.0,0.0,0.0,0.0,28.0,0.0,0.0,3.9000000000000004,5000.0,4990.0,4980.0,1.0,1.0,0.0,23.0,1879.0,0.0,255.0,860.0,287.0,0.0,0.0,1245716.0,3.008,3.0,50.0
1788624749503,2026-09-05T20:12:29.503,0.0,4.0,0.0,1.0,778.0,14.0,88.0,2.54,2.54,2.54,2.54,1.0,1.0,771.0,1.0,0.0,771.0,61.5,57.5,-0.019795270000000004,-0.019795270000000004,0.0,0.999,10.0,16.0,16.0,-14.0,-2.0,-2.0,-2.0,-2.0,0.0,0.0,0.0,0.0,43.0,19.0,20.0,8.4,315.0,315.0,2.0,2.0,600.0,4380.0,0.0,0.0,0.0,1.0,19483.0,8.200000000000001,0.0,0.0,-28.25,-2.125,-2.4375,29.75,-28.25,750.0,3.0,390.0,200.0,0.0,0.0,254.0,20.0,0.0,8.0,0.0,1.0,1.0,0.0,8.0,0.0,5.0,1.0,4.0,100.0,31.0,4687.0,100.0,0.0,0.0,0.0,0.0,28.0,0.0,0.0,3.9000000000000004,5000.0,4990.0,4970.0,1.0,1.0,0.0,23.0,1618.0,0.0,255.0,860.0,286.0,0.0,0.0,1245716.0,3.008,3.0,50.0
1788624750686,2026-09-05T20:12:30.686,0.0,4.0,0.0,1.0,760.0,14.100000000000001,89.0,2.5500000000000003,2.5500000000000003,2.5500000000000003,2.5500000000000003,1.0,1.0,747.0,1.0,0.0,761.0,63.5,58.0,-0.02913439000000001,-0.02913439000000001,0.0,0.999,10.0,16.0,16.0,-14.0,-1.0,-1.0,-1.0,-1.0,0.0,0.0,0.0,0.0,43.0,20.0,20.0,8.4,315.0,315.0,2.0,2.0,600.0,4380.0,0.0,0.0,0.0,1.0,19483.0,8.200000000000001,1.0,0.0,-28.0625,-1.875,-1.5,29.5625,-28.0625,750.0,0.0,390.0,200.0,0.0,0.0,254.0,20.0,0.0,8.0,0.0,0.0,1.0,0.0,8.0,0.0,5.0,1.0,4.0,100.0,30.0,4687.0,100.0,0.0,0.0,0.0,0.0,28.0,0.0,0.0,3.9000000000000004,5000.0,4990.0,4980.0,1.0,1.0,0.0,23.0,1804.0,0.0,255.0,860.0,312.0,0.0,0.0,1245716.0,3.008,3.0,50.0
1788624751507,2026-09-05T20:12:31.507,0.0,4.0,0.0,1.0,844.0,14.0,89.0,7.91,7.91,7.91,7.91,1.0,1.0,732.0,1.0,0.0,747.0,64.0,57.0,-0.048148350000000006,-0.048148350000000006,0.0,0.999,53.0,16.0,16.0,-36.0,14.0,14.0,14.0,14.0,0.0,0.0,0.0,0.0,43.0,16.0,34.0,34.800000000000004,252.0,462.0,5.0,5.0,740.0,4240.0,0.0,0.0,0.0,1.0,19483.0,19.0,0.0,0.0,-3.5,19.6875,19.625,27.9375,-3.5,750.0,0.0,1030.0,490.0,18.8,17.400000000000002,254.0,20.0,0.0,8.0,0.0,0.0,1.0,0.0,8.0,0.0,5.0,2.0,4.0,100.0,32.0,4687.0,100.0,0.0,0.0,0.0,0.0,28.0,0.0,0.0,3.9000000000000004,5000.0,4990.0,4980.0,1.0,1.0,0.0,23.0,2621.0,0.0,255.0,860.0,307.0,0.0,0.0,1245716.0,3.008,3.0,50.0
1788624752304,2026-09-05T20:12:32.304,0.0,4.0,0.0,1.0,2092.0,14.100000000000001,89.0,3.06,3.06,3.06,3.06,0.0,1.0,39.0,0.0,0.0,39.0,65.5,58.5,-0.012287350000000002,-0.012287350000000002,0.0,0.999,31.0,26.0,26.0,-35.0,19.0,19.0,19.0,19.0,0.0,0.0,0.0,0.0,43.0,29.0,28.0,31.8,420.0,399.0,8.0,9.0,870.0,4110.0,0.0,0.0,0.0,1.0,19483.0,32.7,1.0,0.0,8.8125,10.375,11.125,24.8125,8.8125,750.0,1.0,920.0,440.0,16.1,14.8,254.0,20.0,0.0,8.0,0.0,0.0,1.0,0.0,8.0,0.0,5.0,2.0,4.0,100.0,31.0,4687.0,100.0,0.0,0.0,0.0,0.0,28.0,0.0,0.0,3.9000000000000004,5000.0,4990.0,4970.0,1.0,1.0,0.0,23.0,2864.0,0.0,255.0,860.0,306.0,0.0,0.0,1245716.0,3.008,3.0,50.0
1788624753085,2026-09-05T20:12:33.085,0.0,4.0,0.0,1.0,1688.0,14.0,89.0,2.8000000000000003,2.8000000000000003,2.8000000000000003,2.8000000000000003,1.0,1.0,688.0,1.0,0.0,737.0,64.5,59.0,-0.019757120000000017,-0.019757120000000017,1.0,0.999,20.0,24.0,24.0,-12.0,-5.0,-5.0,-5.0,-5.0,0.0,0.0,0.0,0.0,43.0,13.0,18.0,13.700000000000001,210.0,273.0,3.0,3.0,630.0,4350.0,0.0,0.0,0.0,1.0,19483.0,10.700000000000001,0.0,0.0,-23.9375,-20.5625,-22.3125,25.4375,-23.9375,750.0,1.0,390.0,200.0,0.0,0.0,254.0,20.0,0.0,8.0,0.0,0.0,1.0,0.0,8.0,0.0,5.0,1.0,4.0,100.0,30.0,4687.0,100.0,0.0,0.0,0.0,0.0,28.0,0.0,0.0,3.9000000000000004,5000.0,4990.0,4980.0,1.0,1.0,0.0,23.0,1678.0,0.0,255.0,860.0,297.0,0.0,0.0,1245716.0,3.008,3.0,50.0
1788624753862,2026-09-05T20:12:33.862,0.0,4.0,0.0,1.0,991.0,13.4,89.0,1.96,1.96,1.96,1.96,0.0,1.0,43.0,0.0,0.0,29.0,70.0,64.5,0.017507800000000018,0.017507800000000018,2.0,0.999,13.0,25.0,25.0,-2.0,10.0,10.0,10.0,10.0,0.0,0.0,0.0,0.0,43.0,19.0,17.0,8.4,294.0,273.0,2.0,2.0,610.0,4370.0,0.0,0.0,0.0,1.0,19483.0,9.200000000000001,1.0,0.0,-25.9375,-1.25,-2.5625,27.4375,-25.9375,750.0,1.0,390.0,200.0,0.0,0.0,254.0,20.0,0.0,8.0,0.0,1.0,1.0,0.0,8.0,0.0,5.0,1.0,4.0,100.0,32.0,4687.0,100.0,0.0,0.0,0.0,0.0,28.0,0.0,0.0,3.9000000000000004,5000.0,4990.0,4980.0,1.0,1.0,0.0,23.0,1817.0,0.0,255.0,860.0,290.0,0.0,0.0,1245716.0,3.008,3.0,50.0
1788624754577,2026-09-05T20:12:34.577,0.0,4.0,0.0,1.0,812.0,13.9,89.0,2.73,2.73,2.73,2.73,0.0,1.0,102.0,0.0,0.0,63.0,67.0,61.0,0.02645778999999998,0.02645778999999998,2.0,0.999,15.0,16.0,16.0,-14.0,-3.0,-3.0,-3.0,-3.0,0.0,0.0,0.0,0.0,43.0,21.0,21.0,9.0,336.0,336.0,2.0,2.0,610.0,4370.0,0.0,0.0,0.0,1.0,19483.0,9.3,1.0,0.0,-27.125,-3.4375,-2.5625,28.625,-27.125,750.0,0.0,390.0,200.0,0.0,0.0,254.0,20.0,0.0,8.0,0.0,0.0,1.0,0.0,8.0,0.0,5.0,1.0,4.0,100.0,30.0,4687.0,100.0,0.0,0.0,0.0,0.0,28.0,0.0,0.0,3.9000000000000004,5000.0,4990.0,4980.0,1.0,1.0,0.0,23.0,1601.0,0.0,255.0,860.0,301.0,0.0,0.0,1245716.0,3.008,3.0,50.0
1788624755433,2026-09-05T20:12:35.433,0.0,4.0,0.0,1.0,781.0,13.8,89.0,2.85,2.85,2.85,2.85,1.0,1.0,844.0,1.0,0.0,805.0,66.5,59.5,0.004765699999999984,0.004765699999999984,2.0,0.999,16.0,15.0,15.0,-19.0,-5.0,-5.0,-5.0,-5.0,0.0,0.0,0.0,0.0,43.0,21.0,21.0,8.8,336.0,336.0,2.0,2.0,600.0,4390.0,0.0,0.0,0.0,1.0,19483.0,8.9,0.0,0.0,-27.0625,-2.1875,-1.5625,28.5625,-27.0625,750.0,0.0,410.0,200.0,0.30000000000000004,0.0,254.0,20.0,0.0,8.0,0.0,0.0,1.0,0.0,8.0,0.0,5.0,1.0,4.0,100.0,32.0,4687.0,100.0,0.0,0.0,0.0,0.0,28.0,0.0,0.0,3.9000000000000004,5000.0,4990.0,4980.0,1.0,1.0,0.0,23.0,1342.0,0.0,255.0,860.0,301.0,0.0,0.0,1245716.0,3.008,3.0,50.0
1788624756150,2026-09-05T20:12:36.150,0.0,4.0,0.0,1.0,783.0,14.100000000000001,89.0,8.790000000000001,8.790000000000001,8.790000000000001,8.790000000000001,1.0,1.0,844.0,1.0,0.0,844.0,66.5,59.0,-0.005389830000000012,-0.005389830000000012,2.0,0.999,89.0,12.0,7.0,-36.0,6.0,6.0,6.0,6.0,0.0,0.0,0.0,0.0,43.0,47.0,56.0,37.7,651.0,756.0,10.0,11.0,960.0,4010.0,28.0,5.0,95.0,1.0,19483.0,32.800000000000004,1.0,0.0,0.9375,42.0,42.25,27.875,0.9375,750.0,0.0,910.0,430.0,15.200000000000001,13.9,254.0,20.0,0.0,8.0,0.0,0.0,1.0,0.0,8.0,0.0,5.0,2.0,4.0,100.0,33.0,4687.0,100.0,0.0,0.0,0.0,0.0,28.0,0.0,0.0,3.9000000000000004,5000.0,4990.0,4990.0,1.0,1.0,0.0,23.0,3452.0,0.0,255.0,860.0,301.0,0.0,0.0,1245716.0,3.008,3.0,50.0
1788624756918,2026-09-05T20:12:36.918,0.0,4.0,0.0,1.0,2111.0,14.0,89.0,2.39,2.39,2.39,2.39,0.0,1.0,48.0,1.0,0.0,737.0,68.0,60.0,-0.039488300000000004,-0.039488300000000004,2.0,0.999,35.0,26.0,26.0,-36.0,22.0,22.0,22.0,22.0,0.0,0.0,0.0,0.0,43.0,48.0,40.0,45.900000000000006,672.0,567.0,15.0,15.0,1120.0,3850.0,0.0,0.0,0.0,1.0,19483.0,51.6,0.0,0.0,56.625,54.125,54.125,25.5625,56.625,750.0,0.0,1470.0,710.0,32.1,30.5,254.0,20.0,0.0,8.0,0.0,0.0,1.0,0.0,8.0,0.0,5.0,2.0,4.0,100.0,32.0,4687.0,100.0,0.0,0.0,0.0,0.0,28.0,0.0,0.0,3.9000000000000004,5000.0,4990.0,4980.0,1.0,1.0,0.0,23.0,2292.0,0.0,255.0,860.0,300.0,0.0,0.0,1245716.0,3.008,3.0,50.0
1788624757778,2026-09-05T20:12:37.778,0.0,4.0,0.0,1.0,2441.0,13.9,89.0,4.71,4.71,4.71,4.71,1.0,1.0,805.0,1.0,0.0,756.0,68.5,63.0,-0.021237339999999993,-0.021237339999999993,2.0,0.999,77.0,25.0,25.0,-36.0,22.0,22.0,22.0,22.0,0.0,0.0,0.0,0.0,43.0,54.0,48.0,63.5,735.0,651.0,20.0,19.0,1320.0,3650.0,13.0,0.0,96.0,1.0,19483.0,67.10000000000001,1.0,0.0,79.125,78.6875,80.0,25.3125,79.125,750.0,4.0,2100.0,1020.0,50.400000000000006,48.6,254.0,20.0,0.0,8.0,0.0,0.0,1.0,0.0,8.0,0.0,5.0,2.0,4.0,100.0,31.0,4687.0,100.0,0.0,0.0,0.0,0.0,28.0,0.0,0.0,3.9000000000000004,5000.0,4990.0,4980.0,1.0,1.0,0.0,23.0,4990.0,0.0,255.0,860.0,300.0,0.0,0.0,1245716.0,3.008,3.0,50.0
1788624758813,2026-09-05T20:12:38.813,0.0,4.0,0.0,1.0,3184.0,14.0,89.0,10.71,10.71,10.71,10.71,1.0,1.0,771.0,1.0,0.0,693.0,65.5,64.5,0.00881723000000001,0.00881723000000001,3.0,0.999,99.0,23.0,23.0,-29.0,20.0,20.0,20.0,20.0,0.0,0.0,0.0,0.0,43.0,35.0,53.0,85.9,441.0,609.0,14.0,15.0,1120.0,3860.0,27.0,35.0,16.0,1.0,19483.0,63.400000000000006,1.0,0.0,27.5,27.8125,27.75,25.8125,27.5,750.0,11.0,1400.0,670.0,30.0,28.5,254.0,20.0,0.0,8.0,0.0,0.0,1.0,0.0,8.0,0.0,5.0,2.0,4.0,100.0,32.0,4687.0,100.0,0.0,0.0,0.0,0.0,28.0,0.0,0.0,3.9000000000000004,5000.0,4990.0,4980.0,1.0,1.0,0.0,23.0,3452.0,0.0,255.0,860.0,300.0,0.0,0.0,1245716.0,3.008,3.0,50.0
1788624759582,2026-09-05T20:12:39.582,0.0,4.0,0.0,1.0,2190.0,14.0,89.0,7.36,7.36,7.36,7.36,0.0,1.0,68.0,0.0,0.0,58.0,50.5,67.0,0.03289751000000002,0.03289751000000002,3.0,0.999,99.0,21.0,21.0,-36.0,11.0,11.0,11.0,11.0,0.0,0.0,0.0,0.0,43.0,51.0,53.0,63.6,630.0,630.0,15.0,15.0,1150.0,3820.0,22.0,22.0,49.0,1.0,19483.0,61.0,0.0,0.0,63.5625,60.75,61.4375,25.0,63.5625,750.0,16.0,1400.0,670.0,30.0,28.5,254.0,20.0,0.0,8.0,0.0,0.0,1.0,0.0,8.0,0.0,5.0,2.0,4.0,100.0,36.0,4687.0,100.0,0.0,0.0,0.0,0.0,28.0,0.0,0.0,3.9000000000000004,5000.0,4990.0,4980.0,1.0,1.0,0.0,23.0,4172.0,0.0,255.0,860.0,300.0,0.0,0.0,1245716.0,3.008,3.0,50.0
1788624760342,2026-09-05T20:12:40.342,0.0,4.0,0.0,1.0,2525.0,14.0,90.0,6.72,6.72,6.72,6.72,0.0,1.0,185.0,1.0,0.0,473.0,44.5,67.5,-0.021580690000000013,-0.021580690000000013,3.0,0.999,99.0,22.0,22.0,-36.0,13.0,13.0,13.0,13.0,0.0,0.0,0.0,0.0,42.0,55.0,49.0,74.5,672.0,609.0,20.0,19.0,1290.0,3670.0,16.0,16.0,55.0,1.0,19483.0,79.80000000000001,1.0,0.0,88.75,85.9375,85.1875,22.9375,88.75,750.0,20.0,1750.0,840.0,40.1,38.400000000000006,254.0,20.0,0.0,8.0,0.0,0.0,0.0,0.0,8.0,0.0,5.0,2.0,4.0,0.0,40.0,4687.0,100.0,0.0,0.0,0.0,0.0,28.0,0.0,0.0,3.9000000000000004,5000.0,4990.0,4980.0,1.0,1.0,0.0,23.0,5000.0,0.0,255.0,860.0,300.0,0.0,0.0,1245716.0,3.008,3.0,50.0
1788624761113,2026-09-05T20:12:41.113,0.0,4.0,0.0,1.0,3175.0,14.0,90.0,10.6,10.6,10.6,10.6,1.0,1.0,747.0,1.0,0.0,664.0,42.0,67.0,0.028403440000000002,0.028403440000000002,3.0,0.999,99.0,22.0,22.0,-26.0,15.0,15.0,15.0,15.0,0.0,0.0,0.0,0.0,42.0,76.0,73.0,136.6,840.0,819.0,42.0,42.0,2250.0,2720.0,35.0,36.0,48.0,1.0,19483.0,142.8,0.0,0.0,137.375,107.5625,107.1875,25.0625,137.375,750.0,26.0,2250.0,1090.0,55.2,53.6,254.0,20.0,0.0,8.0,0.0,0.0,0.0,0.0,8.0,0.0,5.0,2.0,4.0,0.0,43.0,4687.0,100.0,0.0,0.0,0.0,0.0,28.0,0.0,0.0,3.9000000000000004,5000.0,4990.0,4980.0,1.0,1.0,0.0,23.0,5000.0,0.0,255.0,860.0,300.0,0.0,0.0,1245716.0,3.008,3.0,50.0
1788624761915,2026-09-05T20:12:41.915,0.0,4.0,0.0,1.0,4054.0,13.9,90.0,11.6,11.6,11.6,11.6,1.0,1.0,800.0,1.0,0.0,742.0,39.5,68.0,0.005467659999999985,0.005467659999999985,3.0,1.099,99.0,27.0,24.0,-19.0,24.0,24.0,24.0,24.0,0.0,0.0,0.0,0.0,41.0,84.0,82.0,199.70000000000002,840.0,819.0,63.0,63.0,3120.0,1850.0,30.0,32.0,46.0,1.0,19483.0,204.3,1.0,0.0,153.375,113.1875,113.5625,28.875,153.375,750.0,33.0,2520.0,1230.0,63.5,61.7,254.0,20.0,0.0,8.0,0.0,0.0,0.0,0.0,8.0,0.0,5.0,2.0,4.0,0.0,39.0,4687.0,100.0,0.0,0.0,0.0,0.0,28.0,0.0,0.0,3.9000000000000004,5000.0,4990.0,4970.0,1.0,1.0,0.0,23.0,5000.0,0.0,255.0,860.0,300.0,0.0,0.0,1245716.0,3.008,3.0,50.0
1788624762679,2026-09-05T20:12:42.679,0.0,4.0,0.0,1.0,5139.0,14.100000000000001,90.0,14.3,14.3,14.3,14.3,0.0,0.0,283.0,1.0,0.0,517.0,33.0,67.5,1.9839999999993196E-5,1.9839999999993196E-5,3.0,1.185,99.0,30.0,27.0,-19.0,24.0,24.0,24.0,24.0,0.0,0.0,0.0,0.0,41.0,54.0,76.0,196.4,567.0,735.0,28.0,30.0,1750.0,3210.0,21.0,22.0,48.0,1.0,19483.0,162.10000000000002,0.0,0.0,-31.125,-31.125,-31.375,31.375,-31.125,750.0,38.0,390.0,200.0,0.0,0.0,254.0,20.0,0.0,8.0,0.0,0.0,1.0,0.0,8.0,0.0,5.0,0.0,4.0,100.0,39.0,4687.0,100.0,0.0,0.0,0.0,0.0,28.0,0.0,0.0,4.0,5000.0,4990.0,4990.0,1.0,1.0,0.0,23.0,5000.0,0.0,255.0,860.0,290.0,0.0,0.0,1245716.0,3.008,3.0,50.0
1788624763499,2026-09-05T20:12:43.499,0.0,4.0,0.0,1.0,4405.0,14.100000000000001,90.0,0.0,0.0,0.0,0.0,0.0,0.0,0.0,0.0,0.0,4.0,5.0,67.5,1.9839999999993196E-5,1.9839999999993196E-5,3.0,0.999,0.0,31.0,31.0,-32.0,-23.0,-23.0,-23.0,-23.0,0.0,0.0,0.0,0.0,40.0,17.0,20.0,42.7,231.0,252.0,9.0,10.0,920.0,4060.0,0.0,0.0,0.0,1.0,19483.0,38.7,0.0,0.0,-22.8125,-22.8125,-23.0625,23.0625,-22.8125,750.0,38.0,390.0,200.0,0.0,0.0,254.0,20.0,0.0,8.0,0.0,0.0,0.0,0.0,8.0,0.0,5.0,0.0,4.0,0.0,30.0,4687.0,100.0,0.0,0.0,0.0,0.0,29.0,0.0,0.0,3.9000000000000004,5000.0,4990.0,4980.0,1.0,1.0,0.0,23.0,5000.0,0.0,255.0,860.0,265.0,0.0,0.0,1245716.0,3.008,3.0,50.0
1788624764198,2026-09-05T20:12:44.198,0.0,4.0,0.0,1.0,3051.0,14.100000000000001,90.0,0.0,0.0,0.0,0.0,0.0,0.0,0.0,0.0,0.0,0.0,2.0,65.0,1.9839999999993196E-5,1.9839999999993196E-5,3.0,0.999,0.0,41.0,41.0,-16.0,-11.0,-11.0,-11.0,-11.0,0.0,0.0,0.0,0.0,40.0,14.0,16.0,23.1,210.0,231.0,6.0,6.0,760.0,4220.0,0.0,0.0,0.0,1.0,19483.0,20.6,1.0,0.0,-19.125,-18.8125,-19.375,19.6875,-19.125,750.0,38.0,390.0,200.0,0.0,0.0,254.0,20.0,0.0,8.0,0.0,0.0,0.0,0.0,8.0,0.0,5.0,0.0,4.0,0.0,26.0,4687.0,100.0,0.0,0.0,0.0,0.0,29.0,0.0,0.0,4.0,5000.0,4990.0,4980.0,1.0,1.0,0.0,23.0,3134.0,0.0,255.0,860.0,249.0,0.0,0.0,1245716.0,3.008,3.0,50.0
1788624765052,2026-09-05T20:12:45.052,0.0,4.0,0.0,1.0,2016.0,14.100000000000001,90.0,0.0,0.0,0.0,0.0,0.0,0.0,0.0,0.0,0.0,0.0,16.0,65.0,1.9839999999993196E-5,1.9839999999993196E-5,3.0,0.999,0.0,37.0,37.0,1.0,1.0,1.0,1.0,1.0,0.0,0.0,0.0,0.0,41.0,14.0,15.0,14.3,210.0,231.0,3.0,3.0,660.0,4320.0,0.0,0.0,0.0,1.0,19483.0,12.600000000000001,0.0,0.0,-20.6875,-20.6875,-14.3125,22.1875,-20.6875,750.0,37.0,390.0,200.0,0.0,0.0,254.0,20.0,0.0,8.0,0.0,1.0,0.0,0.0,8.0,0.0,5.0,2.0,4.0,0.0,28.0,4687.0,100.0,0.0,0.0,0.0,0.0,29.0,0.0,0.0,3.9000000000000004,5000.0,4990.0,4980.0,1.0,1.0,0.0,23.0,3017.0,0.0,255.0,860.0,261.0,0.0,0.0,1245716.0,3.008,3.0,50.0
1788624765823,2026-09-05T20:12:45.823,0.0,4.0,0.0,1.0,1330.0,14.100000000000001,90.0,2.38,2.38,2.38,2.38,0.0,0.0,29.0,0.0,0.0,4.0,29.0,63.5,1.9839999999993196E-5,1.9839999999993196E-5,3.0,1.343,0.0,39.0,39.0,1.0,1.0,1.0,1.0,1.0,0.0,0.0,0.0,0.0,41.0,13.0,14.0,10.0,210.0,231.0,2.0,2.0,610.0,4370.0,0.0,0.0,0.0,1.0,19483.0,9.1,1.0,0.0,-23.4375,-18.625,-13.375,24.9375,-23.4375,750.0,37.0,390.0,200.0,0.0,0.0,254.0,20.0,0.0,8.0,0.0,1.0,0.0,0.0,8.0,0.0,5.0,1.0,4.0,0.0,26.0,4687.0,100.0,0.0,0.0,0.0,0.0,29.0,0.0,0.0,3.9000000000000004,5000.0,4990.0,4980.0,1.0,1.0,0.0,23.0,2692.0,0.0,255.0,860.0,242.0,0.0,0.0,1245716.0,3.008,3.0,50.0
1788624766729,2026-09-05T20:12:46.729,0.0,4.0,0.0,1.0,1064.0,14.100000000000001,90.0,2.84,2.84,2.84,2.84,0.0,1.0,78.0,1.0,0.0,800.0,35.0,62.0,0.013578350000000017,0.013578350000000017,3.0,1.029,3.0,28.0,28.0,-4.0,12.0,12.0,12.0,12.0,0.0,0.0,0.0,0.0,41.0,20.0,17.0,10.9,294.0,273.0,3.0,3.0,640.0,4340.0,0.0,0.0,0.0,1.0,19483.0,12.4,1.0,0.0,-25.0625,-6.9375,-6.1875,26.5625,-25.0625,750.0,34.0,390.0,200.0,0.0,0.0,254.0,20.0,0.0,8.0,0.0,1.0,0.0,0.0,8.0,0.0,5.0,1.0,4.0,0.0,29.0,4687.0,100.0,0.0,0.0,0.0,0.0,29.0,0.0,0.0,3.9000000000000004,5000.0,4990.0,4980.0,1.0,1.0,0.0,23.0,2257.0,0.0,255.0,860.0,241.0,0.0,0.0,1245716.0,3.008,3.0,50.0
1788624767564,2026-09-05T20:12:47.564,0.0,4.0,0.0,1.0,1035.0,14.100000000000001,91.0,1.83,1.83,1.83,1.83,0.0,1.0,53.0,0.0,0.0,48.0,38.5,61.5,0.025252249999999976,0.025252249999999976,3.0,0.999,5.0,31.0,31.0,2.0,30.0,30.0,30.0,30.0,0.0,0.0,0.0,0.0,41.0,20.0,16.0,8.700000000000001,315.0,252.0,3.0,2.0,620.0,4370.0,0.0,0.0,0.0,1.0,19483.0,10.600000000000001,0.0,0.0,-26.625,-0.0625,-0.0625,28.125,-26.625,750.0,33.0,390.0,200.0,0.0,0.0,254.0,20.0,0.0,8.0,0.0,1.0,0.0,0.0,8.0,0.0,5.0,1.0,4.0,0.0,26.0,4687.0,100.0,0.0,0.0,0.0,0.0,29.0,0.0,0.0,3.9000000000000004,5000.0,4990.0,4980.0,1.0,1.0,0.0,23.0,1514.0,0.0,255.0,860.0,257.0,0.0,0.0,1245716.0,3.008,3.0,50.0
1788624768335,2026-09-05T20:12:48.335,0.0,4.0,0.0,1.0,986.0,14.0,91.0,2.65,2.65,2.65,2.65,0.0,1.0,53.0,0.0,0.0,48.0,41.0,60.5,0.04680699999999999,0.04680699999999999,3.0,0.999,7.0,20.0,20.0,-9.0,3.0,3.0,3.0,3.0,0.0,0.0,0.0,0.0,41.0,17.0,18.0,9.600000000000001,273.0,294.0,2.0,2.0,600.0,4390.0,0.0,0.0,0.0,1.0,19483.0,8.9,1.0,0.0,-27.6875,-3.3125,-4.125,29.1875,-27.6875,750.0,31.0,390.0,200.0,0.0,0.0,254.0,20.0,0.0,8.0,0.0,1.0,0.0,0.0,8.0,0.0,5.0,1.0,4.0,0.0,25.0,4687.0,100.0,0.0,0.0,0.0,0.0,29.0,0.0,0.0,3.9000000000000004,5000.0,4990.0,4980.0,1.0,1.0,0.0,23.0,2611.0,0.0,255.0,860.0,261.0,0.0,0.0,1245716.0,3.008,3.0,50.0
1788624769126,2026-09-05T20:12:49.126,0.0,4.0,0.0,1.0,963.0,14.0,91.0,2.2800000000000002,2.2800000000000002,2.2800000000000002,2.2800000000000002,1.0,1.0,698.0,1.0,0.0,576.0,43.5,60.0,0.03202769,0.03202769,3.0,0.999,8.0,24.0,24.0,-5.0,7.0,7.0,7.0,7.0,0.0,0.0,0.0,0.0,41.0,17.0,17.0,8.700000000000001,273.0,273.0,2.0,2.0,600.0,4390.0,0.0,0.0,0.0,1.0,19483.0,8.8,0.0,0.0,-27.8125,-3.1875,-3.375,29.3125,-27.8125,750.0,29.0,390.0,200.0,0.0,0.0,254.0,20.0,0.0,8.0,0.0,1.0,0.0,0.0,8.0,0.0,5.0,1.0,4.0,0.0,28.0,4687.0,100.0,0.0,0.0,0.0,0.0,29.0,0.0,0.0,3.9000000000000004,5000.0,4990.0,4980.0,1.0,1.0,0.0,23.0,1856.0,0.0,255.0,860.0,264.0,0.0,0.0,1245716.0,3.008,3.0,50.0
1788624769969,2026-09-05T20:12:49.969,0.0,4.0,0.0,1.0,958.0,13.9,91.0,2.27,2.27,2.27,2.27,0.0,1.0,97.0,0.0,0.0,83.0,45.5,58.5,0.04905021999999998,0.04905021999999998,2.0,0.999,9.0,24.0,24.0,-5.0,7.0,7.0,7.0,7.0,0.0,0.0,0.0,0.0,41.0,16.0,17.0,8.700000000000001,273.0,273.0,2.0,2.0,600.0,4390.0,0.0,0.0,0.0,1.0,19483.0,8.5,1.0,0.0,-27.5,-3.6875,-4.1875,29.0,-27.5,750.0,27.0,390.0,200.0,0.0,0.0,254.0,20.0,0.0,8.0,0.0,1.0,0.0,0.0,8.0,0.0,5.0,1.0,4.0,0.0,31.0,4687.0,100.0,0.0,0.0,0.0,0.0,29.0,0.0,0.0,3.9000000000000004,5000.0,4990.0,4980.0,1.0,1.0,0.0,23.0,2477.0,0.0,255.0,860.0,265.0,0.0,0.0,1245716.0,3.008,3.0,50.0
1788624770798,2026-09-05T20:12:50.798,0.0,4.0,0.0,1.0,933.0,14.100000000000001,91.0,2.41,2.41,2.41,2.41,1.0,1.0,747.0,1.0,0.0,722.0,47.5,58.0,0.02852551999999997,0.02852551999999997,2.0,0.999,10.0,19.0,19.0,-9.0,0.0,0.0,0.0,0.0,0.0,0.0,0.0,0.0,42.0,19.0,19.0,9.4,294.0,294.0,2.0,2.0,610.0,4370.0,0.0,0.0,0.0,1.0,19483.0,9.3,0.0,0.0,-27.75,-5.125,-4.9375,29.25,-27.75,750.0,23.0,390.0,200.0,0.0,0.0,254.0,20.0,0.0,8.0,0.0,1.0,0.0,0.0,8.0,0.0,5.0,1.0,4.0,0.0,28.0,4687.0,100.0,0.0,0.0,0.0,0.0,29.0,0.0,0.0,3.9000000000000004,5000.0,4990.0,4980.0,1.0,1.0,0.0,23.0,2143.0,0.0,255.0,860.0,271.0,0.0,0.0,1245716.0,3.008,3.0,50.0
1788624771543,2026-09-05T20:12:51.543,0.0,4.0,0.0,1.0,814.0,14.0,91.0,2.5100000000000002,2.5100000000000002,2.5100000000000002,2.5100000000000002,1.0,1.0,781.0,1.0,0.0,751.0,50.0,58.0,0.018797269999999977,0.018797269999999977,1.0,0.999,10.0,17.0,17.0,-11.0,-1.0,-1.0,-1.0,-1.0,0.0,0.0,0.0,0.0,42.0,19.0,19.0,8.4,315.0,315.0,2.0,2.0,600.0,4390.0,0.0,0.0,0.0,1.0,19483.0,8.3,0.0,0.0,-28.0625,-3.1875,-3.3125,29.5625,-28.0625,750.0,19.0,390.0,200.0,0.0,0.0,254.0,20.0,0.0,8.0,0.0,1.0,0.0,0.0,8.0,0.0,5.0,1.0,4.0,0.0,24.0,4687.0,100.0,0.0,0.0,0.0,0.0,29.0,0.0,0.0,3.9000000000000004,5000.0,4990.0,4980.0,1.0,1.0,0.0,23.0,1870.0,0.0,255.0,860.0,272.0,0.0,0.0,1245716.0,3.008,3.0,50.0
1788624772374,2026-09-05T20:12:52.374,0.0,4.0,0.0,1.0,773.0,14.0,91.0,2.62,2.62,2.62,2.62,1.0,1.0,825.0,1.0,0.0,805.0,52.0,58.0,0.01140380000000002,0.01140380000000002,0.0,0.999,11.0,16.0,16.0,-13.0,1.0,1.0,1.0,1.0,0.0,0.0,0.0,0.0,42.0,20.0,20.0,8.3,315.0,315.0,2.0,2.0,600.0,4390.0,0.0,0.0,0.0,1.0,19483.0,8.4,1.0,0.0,-28.4375,-1.6875,-2.8125,29.9375,-28.4375,750.0,14.0,390.0,200.0,0.0,0.0,254.0,20.0,0.0,8.0,0.0,1.0,0.0,0.0,8.0,0.0,5.0,1.0,4.0,0.0,28.0,4687.0,100.0,0.0,0.0,0.0,0.0,29.0,0.0,0.0,3.9000000000000004,5000.0,4990.0,4980.0,1.0,1.0,0.0,23.0,1510.0,0.0,255.0,860.0,301.0,0.0,0.0,1245716.0,3.008,3.0,50.0
1788624773100,2026-09-05T20:12:53.100,0.0,4.0,0.0,1.0,749.0,14.0,91.0,2.66,2.66,2.66,2.66,1.0,1.0,839.0,1.0,0.0,830.0,53.5,57.0,0.002842940000000016,0.002842940000000016,0.0,0.999,12.0,16.0,16.0,-15.0,1.0,1.0,1.0,1.0,0.0,0.0,0.0,0.0,42.0,20.0,21.0,8.5,315.0,336.0,2.0,2.0,600.0,4390.0,0.0,0.0,0.0,1.0,19483.0,8.4,0.0,0.0,-28.6875,-3.6875,-2.375,30.1875,-28.6875,750.0,12.0,390.0,200.0,0.0,0.0,254.0,20.0,0.0,8.0,0.0,1.0,0.0,0.0,8.0,0.0,5.0,1.0,4.0,0.0,28.0,4687.0,100.0,0.0,0.0,0.0,0.0,29.0,0.0,0.0,3.9000000000000004,5000.0,4990.0,4980.0,1.0,1.0,0.0,23.0,2308.0,0.0,255.0,860.0,308.0,0.0,0.0,1245716.0,3.008,3.0,50.0
1788624773883,2026-09-05T20:12:53.883,0.0,4.0,0.0,1.0,747.0,14.0,91.0,2.66,2.66,2.66,2.66,1.0,1.0,834.0,1.0,0.0,834.0,55.0,57.0,-0.0041614000000000095,-0.0041614000000000095,0.0,0.999,12.0,15.0,15.0,-16.0,-3.0,-3.0,-3.0,-3.0,0.0,0.0,0.0,0.0,42.0,20.0,21.0,8.5,315.0,336.0,2.0,2.0,600.0,4390.0,0.0,0.0,0.0,1.0,19483.0,8.1,1.0,0.0,-28.3125,-1.8125,-1.875,29.8125,-28.3125,750.0,11.0,390.0,200.0,0.0,0.0,254.0,20.0,0.0,8.0,0.0,1.0,0.0,0.0,8.0,0.0,5.0,1.0,4.0,0.0,30.0,4687.0,100.0,0.0,0.0,0.0,0.0,29.0,0.0,0.0,3.9000000000000004,5000.0,4990.0,4980.0,1.0,1.0,0.0,23.0,2367.0,0.0,255.0,860.0,317.0,0.0,0.0,1245716.0,3.008,3.0,50.0
1788624774790,2026-09-05T20:12:54.790,0.0,4.0,0.0,1.0,751.0,14.0,91.0,2.62,2.62,2.62,2.62,1.0,1.0,825.0,1.0,0.0,830.0,56.5,56.5,-0.012333129999999998,-0.012333129999999998,0.0,0.999,12.0,16.0,16.0,-16.0,-2.0,-2.0,-2.0,-2.0,0.0,0.0,0.0,0.0,42.0,20.0,20.0,8.4,315.0,336.0,2.0,2.0,590.0,4390.0,0.0,0.0,0.0,1.0,19483.0,8.0,0.0,0.0,-28.0,-3.0,-1.375,29.5,-28.0,750.0,9.0,390.0,200.0,0.0,0.0,254.0,20.0,0.0,8.0,0.0,0.0,1.0,0.0,8.0,0.0,5.0,1.0,4.0,100.0,30.0,4687.0,100.0,0.0,0.0,0.0,0.0,29.0,0.0,0.0,3.9000000000000004,5000.0,4990.0,4980.0,1.0,1.0,0.0,23.0,1979.0,0.0,255.0,860.0,341.0,0.0,0.0,1245716.0,3.008,3.0,50.0
1788624775546,2026-09-05T20:12:55.546,0.0,4.0,0.0,1.0,749.0,14.0,91.0,2.71,2.71,2.71,2.71,1.0,1.0,810.0,1.0,0.0,820.0,58.0,56.0,-0.021359420000000018,-0.021359420000000018,0.0,0.999,13.0,14.0,14.0,-30.0,12.0,12.0,12.0,12.0,0.0,0.0,0.0,0.0,43.0,45.0,31.0,17.0,672.0,483.0,8.0,6.0,780.0,4200.0,0.0,0.0,0.0,1.0,19483.0,23.3,0.0,0.0,32.375,32.5625,27.875,29.125,32.375,750.0,7.0,890.0,420.0,14.9,13.600000000000001,254.0,20.0,0.0,8.0,0.0,0.0,1.0,0.0,8.0,0.0,5.0,2.0,4.0,100.0,30.0,4687.0,100.0,0.0,0.0,0.0,0.0,29.0,0.0,0.0,4.0,5000.0,4990.0,4980.0,1.0,1.0,0.0,23.0,2560.0,0.0,255.0,860.0,338.0,0.0,0.0,1245716.0,3.008,3.0,50.0
1788624776362,2026-09-05T20:12:56.362,0.0,4.0,0.0,1.0,1924.0,13.9,91.0,3.33,3.33,3.33,3.33,1.0,1.0,761.0,1.0,0.0,810.0,60.0,57.0,-0.11865718,-0.11865718,0.0,0.999,32.0,24.0,24.0,-36.0,21.0,21.0,21.0,21.0,0.0,0.0,0.0,0.0,43.0,26.0,25.0,28.5,378.0,378.0,8.0,7.0,820.0,4160.0,0.0,0.0,0.0,1.0,19483.0,28.6,1.0,0.0,31.875,21.25,21.125,27.0625,31.875,750.0,6.0,1170.0,560.0,23.200000000000003,21.700000000000003,254.0,20.0,0.0,8.0,0.0,0.0,1.0,0.0,8.0,0.0,5.0,2.0,4.0,100.0,28.0,4687.0,100.0,0.0,0.0,0.0,0.0,29.0,0.0,0.0,4.0,5000.0,4990.0,4980.0,1.0,1.0,0.0,23.0,2729.0,0.0,255.0,860.0,338.0,0.0,0.0,1245716.0,3.008,3.0,50.0
1788624777071,2026-09-05T20:12:57.071,0.0,4.0,0.0,1.0,2367.0,14.0,91.0,4.63,4.63,4.63,4.63,1.0,1.0,766.0,1.0,0.0,659.0,60.5,57.5,-0.03710011000000002,-0.03710011000000002,1.0,0.999,64.0,25.0,25.0,-33.0,25.0,25.0,25.0,25.0,0.0,0.0,0.0,0.0,43.0,36.0,35.0,42.400000000000006,504.0,483.0,11.0,11.0,960.0,4020.0,0.0,0.0,0.0,1.0,19483.0,42.7,0.0,0.0,37.3125,37.0,37.3125,26.0625,37.3125,750.0,8.0,980.0,470.0,18.2,16.8,254.0,20.0,0.0,8.0,0.0,0.0,1.0,0.0,8.0,0.0,5.0,2.0,4.0,100.0,27.0,4687.0,100.0,0.0,0.0,0.0,0.0,29.0,0.0,0.0,4.0,5000.0,4990.0,4970.0,1.0,1.0,0.0,23.0,3634.0,0.0,255.0,860.0,338.0,0.0,0.0,1245716.0,3.008,3.0,50.0
1788624777836,2026-09-05T20:12:57.836,0.0,4.0,0.0,1.0,1791.0,14.100000000000001,91.0,2.9,2.9,2.9,2.9,1.0,1.0,820.0,1.0,0.0,742.0,60.5,57.5,-0.03129368000000002,-0.03129368000000002,1.0,0.999,26.0,23.0,23.0,-19.0,23.0,23.0,23.0,23.0,0.0,0.0,0.0,0.0,42.0,21.0,21.0,16.400000000000002,315.0,315.0,4.0,4.0,700.0,4280.0,0.0,0.0,0.0,1.0,19483.0,15.700000000000001,1.0,0.0,12.75,10.0,10.6875,27.8125,12.75,750.0,9.0,770.0,360.0,11.100000000000001,9.8,254.0,20.0,0.0,8.0,0.0,0.0,1.0,0.0,8.0,0.0,5.0,2.0,4.0,100.0,25.0,4687.0,100.0,0.0,0.0,0.0,0.0,29.0,0.0,0.0,4.0,5000.0,4990.0,4980.0,1.0,1.0,0.0,23.0,2240.0,0.0,255.0,860.0,337.0,0.0,0.0,1245716.0,3.008,3.0,50.0
1788624778685,2026-09-05T20:12:58.685,0.0,4.0,0.0,1.0,1161.0,14.0,91.0,3.2,3.2,3.2,3.2,0.0,1.0,68.0,0.0,0.0,48.0,62.0,57.5,0.011251200000000017,0.011251200000000017,2.0,0.999,25.0,18.0,18.0,-28.0,18.0,18.0,18.0,18.0,0.0,0.0,0.0,0.0,43.0,25.0,25.0,16.6,378.0,378.0,4.0,4.0,700.0,4270.0,0.0,0.0,0.0,1.0,19483.0,16.3,1.0,0.0,15.0,13.625,13.625,28.8125,15.0,750.0,8.0,770.0,370.0,11.100000000000001,10.100000000000001,254.0,20.0,0.0,8.0,0.0,0.0,1.0,0.0,8.0,0.0,5.0,2.0,4.0,100.0,26.0,4687.0,100.0,0.0,0.0,0.0,0.0,29.0,0.0,0.0,4.0,5000.0,4990.0,4990.0,1.0,1.0,0.0,23.0,3184.0,0.0,255.0,860.0,336.0,0.0,0.0,1245716.0,3.008,3.0,50.0
1788624779392,2026-09-05T20:12:59.392,0.0,4.0,0.0,1.0,1102.0,13.5,91.0,3.69,3.69,3.69,3.69,1.0,1.0,771.0,1.0,0.0,756.0,71.0,63.0,-0.013813350000000002,-0.013813350000000002,3.0,0.999,30.0,17.0,17.0,-36.0,17.0,17.0,17.0,17.0,0.0,0.0,0.0,0.0,43.0,40.0,32.0,21.0,588.0,483.0,7.0,7.0,830.0,4160.0,0.0,0.0,0.0,1.0,19483.0,24.6,0.0,0.0,42.1875,33.375,29.75,28.625,42.1875,750.0,8.0,990.0,470.0,17.6,16.6,254.0,20.0,0.0,8.0,0.0,0.0,0.0,0.0,8.0,0.0,5.0,2.0,4.0,0.0,30.0,4687.0,100.0,0.0,0.0,0.0,0.0,29.0,0.0,0.0,4.0,5000.0,4990.0,4980.0,1.0,1.0,0.0,23.0,3446.0,0.0,255.0,860.0,336.0,0.0,0.0,1245716.0,3.008,3.0,50.0
1788624780170,2026-09-05T20:13:00.170,0.0,4.0,0.0,1.0,1208.0,14.0,91.0,5.62,5.62,5.62,5.62,0.0,1.0,83.0,0.0,0.0,161.0,68.5,58.5,-0.03887027000000001,-0.03887027000000001,4.0,0.999,54.0,15.0,15.0,-36.0,13.0,13.0,13.0,13.0,0.0,0.0,0.0,0.0,43.0,37.0,42.0,28.6,546.0,609.0,7.0,7.0,830.0,4150.0,0.0,0.0,0.0,1.0,19483.0,24.6,1.0,0.0,14.0,35.9375,35.25,27.625,14.0,750.0,9.0,720.0,340.0,9.8,8.6,254.0,20.0,0.0,8.0,0.0,0.0,0.0,0.0,8.0,0.0,5.0,2.0,4.0,0.0,31.0,4687.0,100.0,0.0,0.0,0.0,0.0,29.0,0.0,0.0,4.0,5000.0,4990.0,4980.0,1.0,1.0,0.0,23.0,3604.0,0.0,255.0,860.0,336.0,0.0,0.0,1245716.0,3.008,3.0,50.0
1788624780878,2026-09-05T20:13:00.878,0.0,4.0,0.0,1.0,1345.0,14.100000000000001,91.0,3.18,3.18,3.18,3.18,1.0,1.0,795.0,1.0,0.0,751.0,69.0,58.0,-0.03075958000000001,-0.03075958000000001,4.0,0.999,27.0,20.0,20.0,-36.0,16.0,16.0,16.0,16.0,0.0,0.0,0.0,0.0,43.0,21.0,25.0,17.6,315.0,378.0,4.0,4.0,690.0,4300.0,0.0,0.0,0.0,1.0,19483.0,15.100000000000001,0.0,0.0,9.0,18.5625,12.9375,27.8125,9.0,750.0,9.0,800.0,380.0,11.9,10.700000000000001,254.0,20.0,0.0,8.0,0.0,0.0,0.0,0.0,8.0,0.0,5.0,2.0,4.0,0.0,32.0,4687.0,100.0,0.0,0.0,0.0,0.0,29.0,0.0,0.0,4.0,5000.0,4990.0,4970.0,1.0,1.0,0.0,23.0,1758.0,0.0,255.0,860.0,336.0,0.0,0.0,1245716.0,3.008,3.0,50.0
1788624781699,2026-09-05T20:13:01.699,0.0,4.0,0.0,1.0,1268.0,13.9,91.0,3.15,3.15,3.15,3.15,0.0,1.0,53.0,0.0,0.0,48.0,71.0,59.0,-0.004474229999999996,-0.004474229999999996,5.0,0.999,34.0,19.0,19.0,-36.0,15.0,15.0,15.0,15.0,0.0,0.0,0.0,0.0,43.0,26.0,26.0,17.3,399.0,378.0,5.0,5.0,710.0,4260.0,0.0,0.0,0.0,1.0,19483.0,17.1,0.0,0.0,17.1875,14.5,14.5,29.4375,17.1875,750.0,8.0,820.0,390.0,12.5,11.3,254.0,20.0,0.0,8.0,0.0,0.0,0.0,0.0,8.0,0.0,5.0,2.0,4.0,0.0,35.0,4687.0,100.0,0.0,0.0,0.0,0.0,29.0,0.0,0.0,4.0,5000.0,4990.0,4980.0,1.0,1.0,0.0,23.0,1953.0,0.0,255.0,860.0,336.0,0.0,0.0,1245716.0,3.008,3.0,50.0
1788624782737,2026-09-05T20:13:02.737,0.0,4.0,0.0,1.0,1175.0,14.0,91.0,3.7,3.7,3.7,3.7,1.0,1.0,761.0,1.0,0.0,712.0,72.5,59.5,-0.009563440000000006,-0.009563440000000006,6.0,0.999,38.0,17.0,17.0,-36.0,17.0,17.0,17.0,17.0,0.0,0.0,0.0,0.0,43.0,29.0,30.0,18.7,441.0,441.0,5.0,5.0,730.0,4250.0,0.0,0.0,0.0,1.0,19483.0,18.2,1.0,0.0,19.9375,20.1875,20.1875,29.5,19.9375,750.0,8.0,820.0,390.0,12.700000000000001,11.600000000000001,254.0,20.0,0.0,8.0,0.0,0.0,0.0,0.0,8.0,0.0,5.0,2.0,4.0,0.0,34.0,4687.0,100.0,0.0,0.0,0.0,0.0,29.0,0.0,0.0,4.0,5000.0,4990.0,4990.0,1.0,1.0,0.0,23.0,3413.0,0.0,255.0,860.0,336.0,0.0,0.0,1245716.0,3.008,3.0,50.0
1788624783440,2026-09-05T20:13:03.440,0.0,4.0,0.0,1.0,1184.0,14.0,91.0,2.95,2.95,2.95,2.95,0.0,1.0,68.0,0.0,0.0,68.0,75.0,60.0,-0.0045581600000000055,-0.0045581600000000055,6.0,0.999,25.0,18.0,18.0,-36.0,15.0,15.0,15.0,15.0,0.0,0.0,0.0,0.0,43.0,12.0,21.0,12.5,210.0,336.0,2.0,1.0,580.0,4400.0,0.0,0.0,0.0,1.0,19483.0,8.1,0.0,0.0,-28.3125,-9.1875,-9.1875,29.8125,-28.3125,750.0,8.0,390.0,200.0,0.0,0.0,254.0,20.0,0.0,8.0,0.0,0.0,1.0,0.0,8.0,0.0,5.0,1.0,4.0,100.0,31.0,4687.0,100.0,0.0,0.0,0.0,0.0,29.0,0.0,0.0,4.0,5000.0,4990.0,4980.0,1.0,1.0,0.0,23.0,1780.0,0.0,255.0,860.0,318.0,0.0,0.0,1245716.0,3.008,3.0,50.0
1788624784221,2026-09-05T20:13:04.221,0.0,4.0,0.0,1.0,904.0,13.9,91.0,2.25,2.25,2.25,2.25,0.0,1.0,53.0,0.0,0.0,48.0,76.0,61.0,0.011625070000000015,0.011625070000000015,7.0,0.999,20.0,19.0,19.0,-9.0,3.0,3.0,3.0,3.0,0.0,0.0,0.0,0.0,43.0,20.0,19.0,8.700000000000001,315.0,315.0,2.0,2.0,600.0,4380.0,0.0,0.0,0.0,1.0,19483.0,8.700000000000001,1.0,0.0,-27.5,-1.5,-0.875,29.0,-27.5,750.0,7.0,390.0,200.0,0.0,0.0,254.0,20.0,0.0,8.0,0.0,0.0,1.0,0.0,8.0,0.0,5.0,1.0,4.0,100.0,31.0,4687.0,100.0,0.0,0.0,0.0,0.0,29.0,0.0,0.0,4.1000000000000005,5000.0,4990.0,4980.0,1.0,1.0,0.0,23.0,1641.0,0.0,255.0,860.0,342.0,0.0,0.0,1245716.0,3.008,3.0,50.0
1788624785145,2026-09-05T20:13:05.145,0.0,4.0,0.0,1.0,785.0,13.4,91.0,2.56,2.56,2.56,2.56,0.0,1.0,73.0,0.0,0.0,53.0,82.5,65.5,0.02018593000000002,0.02018593000000002,8.0,0.999,20.0,16.0,16.0,-15.0,3.0,3.0,3.0,3.0,0.0,0.0,0.0,0.0,43.0,22.0,21.0,8.700000000000001,336.0,336.0,2.0,2.0,600.0,4380.0,0.0,0.0,0.0,1.0,19483.0,8.9,0.0,0.0,-28.3125,1.4375,0.3125,29.8125,-28.3125,750.0,7.0,390.0,200.0,0.0,0.0,254.0,20.0,0.0,8.0,0.0,1.0,1.0,0.0,8.0,0.0,5.0,1.0,4.0,100.0,27.0,4687.0,100.0,0.0,0.0,0.0,0.0,29.0,0.0,0.0,4.1000000000000005,5000.0,4990.0,4980.0,1.0,1.0,0.0,23.0,1300.0,0.0,255.0,860.0,349.0,0.0,0.0,1245716.0,3.008,3.0,50.0
1788624785855,2026-09-05T20:13:05.855,0.0,4.0,0.0,1.0,746.0,14.0,91.0,2.89,2.89,2.89,2.89,0.0,1.0,112.0,0.0,0.0,83.0,76.5,60.5,0.028746789999999967,0.028746789999999967,8.0,0.999,24.0,13.0,13.0,-26.0,-3.0,-3.0,-3.0,-3.0,0.0,0.0,0.0,0.0,43.0,25.0,24.0,10.100000000000001,378.0,378.0,2.0,3.0,620.0,4360.0,0.0,0.0,0.0,1.0,19483.0,10.100000000000001,1.0,0.0,-30.4375,1.4375,-0.0625,31.9375,-30.4375,750.0,5.0,390.0,200.0,0.0,0.0,254.0,20.0,0.0,8.0,0.0,1.0,1.0,0.0,8.0,0.0,5.0,1.0,4.0,100.0,24.0,4687.0,100.0,0.0,0.0,0.0,0.0,29.0,0.0,0.0,4.1000000000000005,5000.0,4990.0,4970.0,1.0,1.0,0.0,23.0,1243.0,0.0,255.0,860.0,362.0,0.0,0.0,1245716.0,3.008,3.0,50.0
1788624786625,2026-09-05T20:13:06.625,0.0,4.0,0.0,1.0,768.0,14.0,91.0,2.9,2.9,2.9,2.9,1.0,1.0,800.0,1.0,0.0,776.0,76.0,59.5,0.00783296,0.00783296,8.0,0.999,23.0,14.0,14.0,-26.0,-8.0,-8.0,-8.0,-8.0,0.0,0.0,0.0,0.0,43.0,21.0,23.0,9.5,336.0,357.0,2.0,2.0,600.0,4370.0,0.0,0.0,0.0,1.0,19483.0,8.6,1.0,0.0,-29.125,-1.75,-2.0625,30.625,-29.125,750.0,5.0,390.0,200.0,0.0,0.0,254.0,20.0,0.0,8.0,0.0,1.0,1.0,0.0,8.0,0.0,5.0,1.0,4.0,100.0,21.0,4687.0,100.0,0.0,0.0,0.0,0.0,29.0,0.0,0.0,4.1000000000000005,5000.0,4990.0,4980.0,1.0,1.0,0.0,23.0,1332.0,0.0,255.0,860.0,369.0,0.0,0.0,1245716.0,3.008,3.0,50.0
1788624787413,2026-09-05T20:13:07.413,0.0,4.0,0.0,1.0,731.0,13.3,91.0,2.72,2.72,2.72,2.72,1.0,1.0,756.0,1.0,0.0,781.0,85.5,67.0,4.3948999999998684E-4,4.3948999999998684E-4,8.0,0.999,22.0,14.0,14.0,-23.0,5.0,5.0,5.0,5.0,0.0,0.0,0.0,0.0,43.0,27.0,23.0,9.4,420.0,357.0,2.0,3.0,620.0,4360.0,0.0,0.0,0.0,1.0,19483.0,10.200000000000001,0.0,0.0,-29.75,-2.6875,4.0,31.25,-29.75,750.0,3.0,390.0,200.0,0.0,0.0,254.0,20.0,0.0,8.0,0.0,1.0,1.0,0.0,8.0,0.0,5.0,1.0,4.0,100.0,20.0,4687.0,100.0,0.0,0.0,0.0,0.0,29.0,0.0,0.0,4.1000000000000005,5000.0,4990.0,4980.0,1.0,1.0,0.0,23.0,1766.0,0.0,255.0,860.0,379.0,0.0,0.0,1245716.0,3.008,3.0,50.0
1788624788171,2026-09-05T20:13:08.171,0.0,4.0,0.0,1.0,771.0,14.0,91.0,3.0100000000000002,3.0100000000000002,3.0100000000000002,3.0100000000000002,1.0,1.0,712.0,1.0,0.0,493.0,78.5,61.0,-0.0011170300000000188,-0.0011170300000000188,8.0,0.999,25.0,13.0,13.0,-30.0,-11.0,-11.0,-11.0,-11.0,0.0,0.0,0.0,0.0,43.0,22.0,24.0,10.0,336.0,378.0,2.0,2.0,610.0,4380.0,0.0,0.0,0.0,1.0,19483.0,9.0,1.0,0.0,-30.1875,-3.6875,-3.6875,31.6875,-30.1875,750.0,1.0,390.0,200.0,0.0,0.0,254.0,20.0,0.0,8.0,0.0,1.0,1.0,0.0,8.0,0.0,5.0,1.0,4.0,100.0,25.0,4687.0,100.0,0.0,0.0,0.0,0.0,29.0,0.0,0.0,4.1000000000000005,5000.0,4990.0,4970.0,1.0,1.0,0.0,23.0,2066.0,0.0,255.0,860.0,376.0,0.0,0.0,1245716.0,3.008,3.0,50.0
1788624789019,2026-09-05T20:13:09.019,0.0,4.0,0.0,1.0,733.0,13.5,92.0,2.7,2.7,2.7,2.7,1.0,1.0,708.0,1.0,0.0,771.0,83.0,64.5,-0.00889963000000002,-0.00889963000000002,8.0,0.999,23.0,14.0,14.0,-23.0,1.0,1.0,1.0,1.0,0.0,0.0,0.0,0.0,43.0,23.0,23.0,9.200000000000001,357.0,357.0,2.0,2.0,610.0,4380.0,0.0,0.0,0.0,1.0,19483.0,8.9,0.0,0.0,-29.0625,0.375,1.1875,30.5625,-29.0625,750.0,0.0,390.0,200.0,0.0,0.0,254.0,20.0,0.0,8.0,0.0,1.0,1.0,0.0,8.0,0.0,5.0,1.0,4.0,100.0,21.0,4687.0,100.0,0.0,0.0,0.0,0.0,29.0,0.0,0.0,4.1000000000000005,5000.0,4990.0,4980.0,1.0,1.0,0.0,23.0,2416.0,0.0,255.0,860.0,376.0,0.0,0.0,1245716.0,3.008,3.0,50.0
1788624789813,2026-09-05T20:13:09.813,0.0,4.0,0.0,1.0,745.0,14.100000000000001,92.0,2.7800000000000002,2.7800000000000002,2.7800000000000002,2.7800000000000002,0.0,1.0,102.0,0.0,0.0,87.0,77.0,59.5,0.01240332999999999,0.01240332999999999,8.0,0.999,24.0,14.0,14.0,-24.0,-5.0,-5.0,-5.0,-5.0,0.0,0.0,0.0,0.0,43.0,23.0,23.0,9.4,357.0,357.0,2.0,2.0,600.0,4380.0,0.0,0.0,0.0,1.0,19483.0,9.1,1.0,0.0,-29.375,-1.6875,-1.375,30.875,-29.375,750.0,0.0,390.0,200.0,0.0,0.0,254.0,20.0,0.0,8.0,0.0,1.0,1.0,0.0,8.0,0.0,5.0,1.0,4.0,100.0,23.0,4687.0,100.0,0.0,0.0,0.0,0.0,29.0,0.0,0.0,4.1000000000000005,5000.0,4990.0,4980.0,1.0,1.0,0.0,23.0,1807.0,0.0,255.0,860.0,372.0,0.0,0.0,1245716.0,3.008,3.0,50.0
1788624790793,2026-09-05T20:13:10.793,0.0,4.0,0.0,1.0,738.0,14.0,92.0,2.91,2.91,2.91,2.91,0.0,1.0,180.0,1.0,0.0,625.0,79.0,61.0,0.009679419999999994,0.009679419999999994,8.0,0.999,28.0,13.0,13.0,-28.0,-7.0,-7.0,-7.0,-7.0,0.0,0.0,0.0,0.0,43.0,24.0,24.0,9.700000000000001,378.0,378.0,2.0,2.0,610.0,4390.0,0.0,0.0,0.0,1.0,19483.0,9.5,0.0,0.0,-28.4375,0.6875,0.1875,29.9375,-28.4375,750.0,0.0,390.0,200.0,0.0,0.0,254.0,20.0,0.0,8.0,0.0,1.0,0.0,0.0,8.0,0.0,5.0,1.0,4.0,0.0,23.0,4687.0,100.0,0.0,0.0,0.0,0.0,29.0,0.0,0.0,4.1000000000000005,5000.0,4990.0,4990.0,1.0,1.0,0.0,23.0,1743.0,0.0,255.0,860.0,374.0,0.0,0.0,1245716.0,3.008,3.0,50.0
1788624791502,2026-09-05T20:13:11.502,0.0,4.0,0.0,1.0,754.0,14.0,92.0,2.87,2.87,2.87,2.87,0.0,1.0,112.0,0.0,0.0,112.0,79.0,61.0,0.017851149999999982,0.017851149999999982,8.0,0.999,27.0,13.0,13.0,-27.0,-7.0,-7.0,-7.0,-7.0,0.0,0.0,0.0,0.0,43.0,22.0,23.0,9.5,336.0,378.0,2.0,2.0,600.0,4380.0,0.0,0.0,0.0,1.0,19483.0,8.6,0.0,0.0,-28.6875,1.3125,-0.25,30.1875,-28.6875,750.0,0.0,390.0,200.0,0.0,0.0,254.0,20.0,0.0,8.0,0.0,1.0,0.0,0.0,8.0,0.0,5.0,1.0,4.0,0.0,25.0,4687.0,100.0,0.0,0.0,0.0,0.0,29.0,0.0,0.0,4.1000000000000005,5000.0,4990.0,4980.0,1.0,1.0,0.0,23.0,1180.0,0.0,255.0,860.0,373.0,0.0,0.0,1245716.0,3.008,3.0,50.0
1788624792350,2026-09-05T20:13:12.350,0.0,4.0,0.0,1.0,738.0,14.0,92.0,2.65,2.65,2.65,2.65,1.0,1.0,512.0,1.0,0.0,649.0,79.5,61.0,0.0019960099999999925,0.0019960099999999925,8.0,0.999,25.0,14.0,14.0,-22.0,-3.0,-3.0,-3.0,-3.0,0.0,0.0,0.0,0.0,43.0,22.0,22.0,9.200000000000001,336.0,357.0,2.0,2.0,600.0,4380.0,0.0,0.0,0.0,1.0,19483.0,8.700000000000001,1.0,0.0,-28.6875,0.75,-0.75,30.1875,-28.6875,750.0,0.0,390.0,200.0,0.0,0.0,254.0,20.0,0.0,8.0,0.0,1.0,0.0,0.0,8.0,0.0,5.0,1.0,4.0,0.0,24.0,4687.0,100.0,0.0,0.0,0.0,0.0,29.0,0.0,0.0,4.2,5000.0,4990.0,4980.0,1.0,1.0,0.0,23.0,2102.0,0.0,255.0,860.0,365.0,0.0,0.0,1245716.0,3.008,3.0,50.0
1788624793125,2026-09-05T20:13:13.125,0.0,4.0,0.0,1.0,756.0,14.0,92.0,2.74,2.74,2.74,2.74,0.0,1.0,92.0,0.0,0.0,87.0,80.0,62.0,0.02602287999999997,0.02602287999999997,8.0,0.999,25.0,14.0,14.0,-23.0,-4.0,-4.0,-4.0,-4.0,0.0,0.0,0.0,0.0,44.0,22.0,22.0,9.200000000000001,336.0,357.0,2.0,2.0,600.0,4370.0,0.0,0.0,0.0,1.0,19483.0,8.6,0.0,0.0,-28.75,0.9375,-0.3125,30.25,-28.75,750.0,0.0,390.0,200.0,0.0,0.0,254.0,20.0,0.0,8.0,0.0,1.0,0.0,0.0,8.0,0.0,5.0,1.0,4.0,0.0,24.0,4687.0,100.0,0.0,0.0,0.0,0.0,29.0,0.0,0.0,4.2,5000.0,4990.0,4980.0,1.0,1.0,0.0,23.0,2111.0,0.0,255.0,860.0,364.0,0.0,0.0,1245716.0,3.008,3.0,50.0
1788624793904,2026-09-05T20:13:13.904,0.0,4.0,0.0,1.0,747.0,13.9,92.0,2.64,2.64,2.64,2.64,1.0,1.0,576.0,1.0,0.0,493.0,80.5,62.5,0.013280779999999992,0.013280779999999992,7.0,0.999,24.0,15.0,15.0,-20.0,-2.0,-2.0,-2.0,-2.0,0.0,0.0,0.0,0.0,44.0,22.0,22.0,8.9,357.0,357.0,2.0,2.0,600.0,4380.0,0.0,0.0,0.0,1.0,19483.0,8.700000000000001,1.0,0.0,-28.9375,3.4375,1.75,30.4375,-28.9375,750.0,0.0,390.0,200.0,0.0,0.0,254.0,20.0,0.0,8.0,0.0,0.0,1.0,0.0,8.0,0.0,5.0,1.0,4.0,100.0,24.0,4687.0,100.0,0.0,0.0,0.0,0.0,29.0,0.0,0.0,4.2,5000.0,4990.0,4980.0,1.0,1.0,0.0,23.0,1395.0,0.0,255.0,860.0,385.0,0.0,0.0,1245716.0,3.008,3.0,50.0
1788624794622,2026-09-05T20:13:14.622,0.0,4.0,0.0,1.0,734.0,13.100000000000001,93.0,2.98,2.98,2.98,2.98,0.0,1.0,92.0,0.0,0.0,83.0,92.0,71.0,0.03263809000000001,0.03263809000000001,7.0,0.999,28.0,13.0,13.0,-29.0,3.0,3.0,3.0,3.0,0.0,0.0,0.0,0.0,44.0,28.0,25.0,9.9,441.0,399.0,3.0,3.0,620.0,4360.0,0.0,0.0,0.0,1.0,19483.0,10.700000000000001,1.0,0.0,-31.1875,6.875,5.875,32.6875,-31.1875,750.0,0.0,480.0,220.0,2.7,1.6,254.0,20.0,0.0,8.0,0.0,0.0,1.0,0.0,8.0,0.0,5.0,1.0,4.0,100.0,24.0,4687.0,100.0,0.0,0.0,0.0,0.0,29.0,0.0,0.0,4.2,5000.0,4990.0,4990.0,1.0,1.0,0.0,23.0,1909.0,0.0,255.0,860.0,382.0,0.0,0.0,1245716.0,3.008,3.0,50.0
1788624795394,2026-09-05T20:13:15.394,0.0,4.0,0.0,1.0,768.0,13.9,93.0,3.56,3.56,3.56,3.56,1.0,1.0,727.0,1.0,0.0,605.0,81.5,63.0,0.021063379999999965,0.021063379999999965,6.0,0.999,38.0,12.0,12.0,-35.0,-12.0,-12.0,-12.0,-12.0,0.0,0.0,0.0,0.0,44.0,48.0,30.0,14.8,714.0,441.0,8.0,8.0,830.0,4150.0,0.0,0.0,0.0,1.0,19483.0,20.0,0.0,0.0,16.25,31.0625,30.8125,33.375,16.25,750.0,1.0,640.0,300.0,7.4,6.0,254.0,20.0,0.0,8.0,0.0,0.0,1.0,0.0,8.0,0.0,5.0,2.0,4.0,100.0,25.0,4687.0,100.0,0.0,0.0,0.0,0.0,29.0,0.0,0.0,4.2,5000.0,4990.0,4980.0,1.0,1.0,0.0,23.0,3903.0,0.0,255.0,860.0,382.0,0.0,0.0,1245716.0,3.008,3.0,50.0
1788624796184,2026-09-05T20:13:16.184,0.0,4.0,0.0,1.0,1691.0,14.0,93.0,2.62,2.62,2.62,2.62,1.0,1.0,664.0,1.0,0.0,776.0,80.5,63.0,-0.008327379999999995,-0.008327379999999995,6.0,0.999,48.0,24.0,24.0,-36.0,7.0,7.0,7.0,7.0,0.0,0.0,0.0,0.0,44.0,24.0,23.0,18.8,357.0,336.0,5.0,5.0,740.0,4240.0,0.0,0.0,0.0,1.0,19483.0,19.3,1.0,0.0,10.5625,10.5,9.3125,30.25,10.5625,750.0,3.0,740.0,350.0,10.200000000000001,9.200000000000001,254.0,20.0,0.0,8.0,0.0,0.0,1.0,0.0,8.0,0.0,5.0,2.0,4.0,100.0,26.0,4687.0,100.0,0.0,0.0,0.0,0.0,29.0,0.0,0.0,4.2,5000.0,4990.0,4990.0,1.0,1.0,0.0,23.0,5000.0,0.0,255.0,860.0,363.0,0.0,0.0,1245716.0,3.008,3.0,50.0
1788624796999,2026-09-05T20:13:16.999,0.0,4.0,0.0,1.0,1365.0,14.0,93.0,2.7,2.7,2.7,2.7,0.0,1.0,102.0,0.0,0.0,63.0,80.5,64.5,0.054238620000000015,0.054238620000000015,5.0,0.999,53.0,21.0,21.0,-23.0,-10.0,-10.0,-10.0,-10.0,0.0,0.0,0.0,0.0,44.0,17.0,18.0,10.200000000000001,273.0,294.0,2.0,2.0,600.0,4380.0,0.0,0.0,0.0,1.0,19483.0,9.4,0.0,0.0,-29.1875,-10.1875,-9.875,30.6875,-29.1875,750.0,4.0,390.0,200.0,0.0,0.0,254.0,20.0,0.0,8.0,0.0,0.0,1.0,0.0,8.0,0.0,5.0,1.0,4.0,100.0,27.0,4687.0,100.0,0.0,0.0,0.0,0.0,30.0,0.0,0.0,4.2,5000.0,4990.0,4980.0,1.0,1.0,0.0,23.0,1537.0,0.0,255.0,860.0,328.0,0.0,0.0,1245716.0,3.008,3.0,50.0
1788624797774,2026-09-05T20:13:17.774,0.0,4.0,0.0,1.0,867.0,14.0,93.0,2.46,2.46,2.46,2.46,0.0,1.0,63.0,0.0,0.0,53.0,79.5,64.0,0.06396687000000001,0.06396687000000001,5.0,0.999,24.0,18.0,18.0,-9.0,-2.0,-2.0,-2.0,-2.0,0.0,0.0,0.0,0.0,44.0,18.0,19.0,8.8,294.0,315.0,2.0,2.0,600.0,4380.0,0.0,0.0,0.0,1.0,19483.0,8.1,1.0,0.0,-27.75,-4.1875,-4.25,29.25,-27.75,750.0,6.0,390.0,200.0,0.0,0.0,254.0,20.0,0.0,8.0,0.0,0.0,1.0,0.0,8.0,0.0,5.0,1.0,4.0,100.0,29.0,4687.0,100.0,0.0,0.0,0.0,0.0,30.0,0.0,0.0,4.2,5000.0,4990.0,4980.0,1.0,1.0,0.0,23.0,1933.0,0.0,255.0,860.0,334.0,0.0,0.0,1245716.0,3.008,3.0,50.0
1788624798787,2026-09-05T20:13:18.787,0.0,4.0,0.0,1.0,778.0,13.9,93.0,2.5,2.5,2.5,2.5,1.0,1.0,766.0,1.0,0.0,712.0,81.5,66.0,0.050057379999999985,0.050057379999999985,4.0,0.999,23.0,16.0,16.0,-12.0,1.0,1.0,1.0,1.0,0.0,0.0,0.0,0.0,44.0,19.0,20.0,8.5,315.0,336.0,2.0,2.0,590.0,4390.0,0.0,0.0,0.0,1.0,19483.0,8.0,1.0,0.0,-27.6875,-0.125,-0.5,29.1875,-27.6875,750.0,7.0,390.0,200.0,0.0,0.0,254.0,20.0,0.0,8.0,0.0,1.0,1.0,0.0,8.0,0.0,5.0,1.0,4.0,100.0,31.0,4687.0,100.0,0.0,0.0,0.0,0.0,30.0,0.0,0.0,4.2,5000.0,4990.0,4970.0,1.0,1.0,0.0,23.0,1207.0,0.0,255.0,860.0,351.0,0.0,0.0,1245716.0,3.008,3.0,50.0
1788624799620,2026-09-05T20:13:19.620,0.0,4.0,0.0,1.0,754.0,13.8,93.0,2.73,2.73,2.73,2.73,1.0,1.0,791.0,1.0,0.0,795.0,80.5,64.5,0.040718260000000006,0.040718260000000006,4.0,0.999,24.0,15.0,15.0,-18.0,-4.0,-4.0,-4.0,-4.0,0.0,0.0,0.0,0.0,44.0,20.0,21.0,8.6,315.0,336.0,2.0,2.0,590.0,4380.0,0.0,0.0,0.0,1.0,19483.0,8.0,0.0,0.0,-28.0625,0.4375,-1.3125,29.5625,-28.0625,750.0,7.0,390.0,200.0,0.0,0.0,254.0,20.0,0.0,8.0,0.0,1.0,1.0,0.0,8.0,0.0,5.0,1.0,4.0,100.0,32.0,4687.0,100.0,0.0,0.0,0.0,0.0,30.0,0.0,0.0,4.2,5000.0,4990.0,4980.0,1.0,1.0,0.0,23.0,1384.0,0.0,255.0,860.0,356.0,0.0,0.0,1245716.0,3.008,3.0,50.0
1788624800413,2026-09-05T20:13:20.413,0.0,4.0,0.0,1.0,735.0,13.3,93.0,2.8000000000000003,2.8000000000000003,2.8000000000000003,2.8000000000000003,1.0,1.0,805.0,1.0,0.0,830.0,88.5,71.5,0.03293565999999998,0.03293565999999998,3.0,0.999,25.0,15.0,15.0,-20.0,7.0,7.0,7.0,7.0,0.0,0.0,0.0,0.0,44.0,26.0,23.0,9.3,420.0,357.0,2.0,3.0,620.0,4370.0,0.0,0.0,0.0,1.0,19483.0,10.100000000000001,1.0,0.0,-29.9375,4.9375,4.875,31.4375,-29.9375,750.0,5.0,390.0,200.0,0.0,0.0,254.0,20.0,0.0,8.0,0.0,1.0,1.0,0.0,8.0,0.0,5.0,1.0,4.0,100.0,32.0,4687.0,100.0,0.0,0.0,0.0,0.0,30.0,0.0,0.0,4.2,5000.0,4990.0,4980.0,1.0,1.0,0.0,23.0,2289.0,0.0,255.0,860.0,385.0,0.0,0.0,1245716.0,3.008,3.0,50.0
1788624801180,2026-09-05T20:13:21.180,0.0,4.0,0.0,1.0,723.0,13.5,93.0,3.56,3.56,3.56,3.56,1.0,1.0,805.0,1.0,0.0,825.0,85.0,68.0,0.02554219000000002,0.02554219000000002,3.0,0.999,35.0,12.0,12.0,-33.0,-5.0,-5.0,-5.0,-5.0,0.0,0.0,0.0,0.0,44.0,27.0,27.0,11.4,420.0,420.0,3.0,3.0,630.0,4350.0,0.0,0.0,0.0,1.0,19483.0,11.100000000000001,0.0,0.0,-33.25,-3.1875,-1.0,34.75,-33.25,750.0,6.0,390.0,200.0,0.0,0.0,254.0,20.0,0.0,8.0,0.0,1.0,1.0,0.0,8.0,0.0,5.0,1.0,4.0,100.0,27.0,4687.0,100.0,0.0,0.0,0.0,0.0,30.0,0.0,0.0,4.2,5000.0,4990.0,4990.0,1.0,1.0,0.0,23.0,1936.0,0.0,255.0,860.0,392.0,0.0,0.0,1245716.0,3.008,3.0,50.0
1788624801954,2026-09-05T20:13:21.954,0.0,4.0,0.0,1.0,807.0,14.0,93.0,3.24,3.24,3.24,3.24,1.0,1.0,830.0,1.0,0.0,849.0,81.5,65.5,0.017370459999999976,0.017370459999999976,2.0,0.999,28.0,14.0,14.0,-31.0,-12.0,-12.0,-12.0,-12.0,0.0,0.0,0.0,0.0,44.0,20.0,24.0,10.100000000000001,336.0,378.0,2.0,2.0,600.0,4370.0,0.0,0.0,0.0,1.0,19483.0,8.5,1.0,0.0,-31.375,-5.25,-5.375,32.875,-31.375,750.0,7.0,390.0,200.0,0.0,0.0,254.0,20.0,0.0,8.0,0.0,1.0,1.0,0.0,8.0,0.0,5.0,1.0,4.0,100.0,22.0,4687.0,100.0,0.0,0.0,0.0,0.0,30.0,0.0,0.0,4.2,5000.0,4990.0,4980.0,1.0,1.0,0.0,23.0,2138.0,0.0,255.0,860.0,387.0,0.0,0.0,1245716.0,3.008,3.0,50.0
1788624802732,2026-09-05T20:13:22.732,0.0,4.0,0.0,1.0,753.0,13.9,93.0,2.75,2.75,2.75,2.75,1.0,1.0,776.0,1.0,0.0,825.0,83.0,67.0,0.009587860000000004,0.009587860000000004,2.0,0.999,24.0,15.0,15.0,-20.0,-6.0,-6.0,-6.0,-6.0,0.0,0.0,0.0,0.0,44.0,19.0,21.0,8.6,315.0,336.0,2.0,2.0,590.0,4400.0,0.0,0.0,0.0,1.0,19483.0,7.6000000000000005,0.0,0.0,-28.0625,-0.1875,-0.6875,29.5625,-28.0625,750.0,6.0,390.0,200.0,0.0,0.0,254.0,20.0,0.0,8.0,0.0,1.0,1.0,0.0,8.0,0.0,5.0,1.0,4.0,100.0,22.0,4687.0,100.0,0.0,0.0,0.0,0.0,30.0,0.0,0.0,4.2,5000.0,4990.0,4980.0,1.0,1.0,0.0,23.0,2294.0,0.0,255.0,860.0,372.0,0.0,0.0,1245716.0,3.008,3.0,50.0
1788624803586,2026-09-05T20:13:23.586,0.0,4.0,0.0,1.0,718.0,13.600000000000001,93.0,2.86,2.86,2.86,2.86,1.0,1.0,742.0,1.0,0.0,795.0,86.5,70.0,0.0021943899999999905,0.0021943899999999905,1.0,0.999,24.0,14.0,14.0,-24.0,-1.0,-1.0,-1.0,-1.0,0.0,0.0,0.0,0.0,44.0,23.0,23.0,9.4,378.0,357.0,2.0,2.0,620.0,4370.0,0.0,0.0,0.0,1.0,19483.0,9.200000000000001,0.0,0.0,-29.875,-0.6875,-0.5,31.375,-29.875,750.0,6.0,390.0,200.0,0.0,0.0,254.0,20.0,0.0,8.0,0.0,1.0,1.0,0.0,8.0,0.0,5.0,1.0,4.0,100.0,30.0,4687.0,100.0,0.0,0.0,0.0,0.0,30.0,0.0,0.0,4.2,5000.0,4990.0,4980.0,1.0,1.0,0.0,23.0,1394.0,0.0,255.0,860.0,376.0,0.0,0.0,1245716.0,3.008,3.0,50.0
1788624804414,2026-09-05T20:13:24.414,0.0,4.0,0.0,1.0,758.0,14.0,93.0,2.89,2.89,2.89,2.89,1.0,1.0,786.0,1.0,0.0,810.0,82.5,66.5,-0.005977339999999998,-0.005977339999999998,1.0,0.999,24.0,14.0,14.0,-24.0,-6.0,-6.0,-6.0,-6.0,0.0,0.0,0.0,0.0,44.0,21.0,23.0,9.3,336.0,378.0,2.0,2.0,600.0,4380.0,0.0,0.0,0.0,1.0,19483.0,8.4,1.0,0.0,-28.6875,-1.125,-0.9375,30.1875,-28.6875,750.0,6.0,390.0,190.0,0.0,0.0,254.0,20.0,0.0,8.0,0.0,1.0,1.0,0.0,8.0,0.0,5.0,1.0,4.0,100.0,29.0,4687.0,100.0,0.0,0.0,0.0,0.0,30.0,0.0,0.0,4.2,5000.0,4990.0,4980.0,1.0,1.0,0.0,23.0,1521.0,0.0,255.0,860.0,372.0,0.0,0.0,1245716.0,3.008,3.0,50.0
1788624805131,2026-09-05T20:13:25.131,0.0,4.0,0.0,1.0,735.0,13.8,93.0,2.77,2.77,2.77,2.77,1.0,1.0,761.0,1.0,0.0,805.0,84.5,68.5,-0.014149070000000014,-0.014149070000000014,1.0,0.999,24.0,15.0,15.0,-22.0,-1.0,-1.0,-1.0,-1.0,0.0,0.0,0.0,0.0,44.0,22.0,23.0,9.3,357.0,357.0,2.0,2.0,600.0,4370.0,0.0,0.0,0.0,1.0,19483.0,8.8,0.0,0.0,-29.125,0.8125,-0.5625,30.625,-29.125,750.0,5.0,390.0,200.0,0.0,0.0,254.0,20.0,0.0,8.0,0.0,1.0,1.0,0.0,8.0,0.0,5.0,1.0,4.0,100.0,30.0,4687.0,100.0,0.0,0.0,0.0,0.0,30.0,0.0,0.0,4.2,5000.0,4990.0,4990.0,1.0,1.0,0.0,23.0,1992.0,0.0,255.0,860.0,376.0,0.0,0.0,1245716.0,3.008,3.0,50.0
1788624806006,2026-09-05T20:13:26.006,0.0,4.0,0.0,1.0,740.0,13.700000000000001,93.0,2.85,2.85,2.85,2.85,1.0,1.0,766.0,1.0,0.0,800.0,85.0,69.0,-0.020764279999999996,-0.020764279999999996,1.0,0.999,24.0,14.0,14.0,-24.0,-4.0,-4.0,-4.0,-4.0,0.0,0.0,0.0,0.0,44.0,22.0,23.0,9.5,357.0,357.0,2.0,2.0,610.0,4380.0,0.0,0.0,0.0,1.0,19483.0,8.9,1.0,0.0,-29.875,-4.5625,-2.8125,31.375,-29.875,750.0,5.0,390.0,200.0,0.0,0.0,254.0,20.0,0.0,8.0,0.0,1.0,1.0,0.0,8.0,0.0,5.0,1.0,4.0,100.0,29.0,4687.0,100.0,0.0,0.0,0.0,0.0,30.0,0.0,0.0,4.2,5000.0,4990.0,4980.0,1.0,1.0,0.0,23.0,1509.0,0.0,255.0,860.0,370.0,0.0,0.0,1245716.0,3.008,3.0,50.0
1788624806986,2026-09-05T20:13:26.986,0.0,4.0,0.0,1.0,762.0,14.100000000000001,93.0,2.7,2.7,2.7,2.7,1.0,1.0,761.0,1.0,0.0,800.0,82.0,66.5,-0.030103400000000002,-0.030103400000000002,2.0,0.999,24.0,15.0,15.0,-20.0,-4.0,-4.0,-4.0,-4.0,0.0,0.0,0.0,0.0,44.0,20.0,22.0,8.8,315.0,336.0,2.0,2.0,600.0,4390.0,0.0,0.0,0.0,1.0,19483.0,7.9,0.0,0.0,-27.6875,-0.375,-0.75,29.1875,-27.6875,750.0,2.0,390.0,200.0,0.0,0.0,254.0,20.0,0.0,8.0,0.0,1.0,1.0,0.0,8.0,0.0,5.0,1.0,4.0,100.0,31.0,4687.0,100.0,0.0,0.0,0.0,0.0,30.0,0.0,0.0,4.2,5000.0,4990.0,4980.0,1.0,1.0,0.0,23.0,2167.0,0.0,255.0,860.0,355.0,0.0,0.0,1245716.0,3.008,3.0,50.0
1788624807762,2026-09-05T20:13:27.762,0.0,4.0,0.0,1.0,751.0,14.100000000000001,94.0,2.6,2.6,2.6,2.6,1.0,1.0,727.0,1.0,0.0,776.0,82.0,67.0,-0.04004529000000001,-0.04004529000000001,2.0,0.999,24.0,15.0,15.0,-18.0,-2.0,-2.0,-2.0,-2.0,0.0,0.0,0.0,0.0,44.0,21.0,21.0,8.6,336.0,336.0,2.0,2.0,590.0,4390.0,0.0,0.0,0.0,1.0,19483.0,8.200000000000001,1.0,0.0,-27.6875,0.875,0.9375,29.1875,-27.6875,750.0,0.0,390.0,200.0,0.0,0.0,254.0,20.0,0.0,8.0,0.0,0.0,1.0,0.0,8.0,0.0,5.0,1.0,4.0,100.0,29.0,4687.0,100.0,0.0,0.0,0.0,0.0,30.0,0.0,0.0,4.3,5000.0,4990.0,4980.0,1.0,1.0,0.0,23.0,1570.0,0.0,255.0,860.0,371.0,0.0,0.0,1245716.0,3.008,3.0,50.0
1788624808597,2026-09-05T20:13:28.597,0.0,4.0,0.0,1.0,735.0,13.8,94.0,2.74,2.74,2.74,2.74,0.0,1.0,97.0,1.0,0.0,678.0,83.5,68.0,-0.01641518,-0.01641518,3.0,0.999,24.0,14.0,14.0,-23.0,12.0,12.0,12.0,12.0,0.0,0.0,0.0,0.0,44.0,57.0,51.0,24.6,840.0,735.0,15.0,14.0,1120.0,3860.0,0.0,0.0,0.0,1.0,19483.0,26.0,1.0,0.0,33.625,62.875,62.3125,30.0,33.625,750.0,0.0,870.0,420.0,14.200000000000001,12.9,254.0,20.0,0.0,8.0,0.0,0.0,1.0,0.0,8.0,0.0,5.0,2.0,4.0,100.0,30.0,4687.0,100.0,0.0,0.0,0.0,0.0,37.0,0.0,0.0,4.3,5000.0,4990.0,4980.0,1.0,1.0,0.0,23.0,3606.0,0.0,255.0,860.0,366.0,0.0,0.0,1245716.0,3.008,3.0,50.0
1788624809307,2026-09-05T20:13:29.307,0.0,4.0,0.0,1.0,2006.0,13.8,94.0,2.69,2.69,2.69,2.69,0.0,1.0,136.0,1.0,0.0,756.0,84.5,70.0,-0.057205160000000005,-0.057205160000000005,3.0,0.999,65.0,25.0,25.0,-35.0,22.0,22.0,22.0,22.0,0.0,0.0,0.0,0.0,44.0,44.0,33.0,33.2,609.0,483.0,11.0,11.0,960.0,4020.0,0.0,0.0,0.0,1.0,19483.0,40.2,0.0,0.0,53.1875,41.75,41.625,28.4375,53.1875,750.0,0.0,1240.0,590.0,25.0,23.400000000000002,254.0,20.0,0.0,8.0,0.0,0.0,1.0,0.0,8.0,0.0,5.0,2.0,4.0,100.0,29.0,4687.0,100.0,0.0,0.0,0.0,0.0,37.0,0.0,0.0,4.3,5000.0,4990.0,4980.0,1.0,1.0,0.0,23.0,2673.0,0.0,255.0,860.0,363.0,0.0,0.0,1245716.0,3.008,3.0,50.0
1788624810019,2026-09-05T20:13:30.019,0.0,4.0,0.0,1.0,2030.0,13.9,94.0,4.7,4.7,4.7,4.7,1.0,1.0,761.0,1.0,0.0,678.0,82.0,70.5,-0.00819004000000001,-0.00819004000000001,4.0,0.999,99.0,24.0,24.0,-32.0,8.0,8.0,8.0,8.0,0.0,0.0,0.0,0.0,45.0,21.0,31.0,30.900000000000002,315.0,462.0,6.0,6.0,780.0,4210.0,0.0,0.0,0.0,1.0,19483.0,20.8,1.0,0.0,-3.3125,1.1875,1.6875,29.5,-3.3125,750.0,1.0,670.0,310.0,8.200000000000001,6.800000000000001,254.0,20.0,0.0,8.0,0.0,0.0,1.0,0.0,8.0,0.0,5.0,2.0,4.0,100.0,31.0,4687.0,100.0,0.0,0.0,0.0,0.0,37.0,0.0,0.0,4.3,5000.0,4990.0,4990.0,1.0,1.0,0.0,23.0,2619.0,0.0,255.0,860.0,363.0,0.0,0.0,1245716.0,3.008,3.0,50.0
1788624810807,2026-09-05T20:13:30.807,0.0,4.0,0.0,1.0,1128.0,14.100000000000001,94.0,3.54,3.54,3.54,3.54,0.0,1.0,53.0,0.0,0.0,53.0,0.0,0.0,-0.003825679999999998,-0.003825679999999998,5.0,0.999,64.0,16.0,16.0,-36.0,14.0,14.0,14.0,14.0,0.0,0.0,0.0,0.0,44.0,37.0,33.0,20.8,546.0,504.0,7.0,7.0,790.0,4190.0,0.0,0.0,0.0,1.0,19483.0,21.8,0.0,0.0,20.0625,22.625,23.625,29.0,20.0625,750.0,2.0,640.0,300.0,7.5,6.2,254.0,20.0,0.0,8.0,0.0,0.0,1.0,0.0,8.0,0.0,5.0,1.0,4.0,100.0,31.0,4687.0,100.0,0.0,0.0,0.0,0.0,37.0,0.0,0.0,4.3,5000.0,4990.0,4980.0,1.0,1.0,0.0,23.0,2872.0,0.0,255.0,860.0,363.0,0.0,0.0,1245716.0,3.008,3.0,50.0
1788624811712,2026-09-05T20:13:31.712,0.0,4.0,0.0,1.0,1138.0,14.0,94.0,4.8,4.8,4.8,4.8,1.0,1.0,732.0,1.0,0.0,737.0,79.5,72.0,-0.00793062,-0.00793062,5.0,0.999,68.0,15.0,15.0,-36.0,-9.0,-9.0,-9.0,-9.0,0.0,0.0,0.0,0.0,44.0,29.0,34.0,20.200000000000003,441.0,504.0,5.0,5.0,720.0,4270.0,0.0,0.0,0.0,1.0,19483.0,16.900000000000002,0.0,0.0,14.9375,14.5,13.625,29.5,14.9375,750.0,1.0,610.0,280.0,6.5,5.0,254.0,20.0,0.0,8.0,0.0,0.0,1.0,0.0,8.0,0.0,5.0,2.0,4.0,100.0,30.0,4687.0,100.0,0.0,0.0,0.0,0.0,37.0,0.0,0.0,4.3,5000.0,4990.0,4980.0,1.0,1.0,0.0,23.0,2538.0,0.0,255.0,860.0,364.0,0.0,0.0,1245716.0,3.008,3.0,50.0
1788624812475,2026-09-05T20:13:32.475,0.0,4.0,0.0,1.0,1073.0,13.200000000000001,94.0,4.29,4.29,4.29,4.29,0.0,1.0,83.0,0.0,0.0,83.0,90.0,82.0,-0.0023607200000000106,-0.0023607200000000106,6.0,0.999,66.0,16.0,16.0,-36.0,13.0,13.0,13.0,13.0,0.0,0.0,0.0,0.0,44.0,29.0,34.0,21.900000000000002,420.0,504.0,5.0,5.0,740.0,4230.0,0.0,0.0,0.0,1.0,19483.0,18.1,1.0,0.0,9.625,23.25,23.25,30.5,9.625,750.0,1.0,780.0,370.0,11.3,10.0,254.0,20.0,0.0,8.0,0.0,0.0,1.0,0.0,8.0,0.0,5.0,2.0,4.0,100.0,30.0,4687.0,100.0,0.0,0.0,0.0,0.0,37.0,0.0,0.0,4.3,5000.0,4990.0,4980.0,1.0,1.0,0.0,23.0,2175.0,0.0,255.0,860.0,364.0,0.0,0.0,1245716.0,3.008,3.0,50.0
1788624813279,2026-09-05T20:13:33.279,0.0,4.0,0.0,1.0,1504.0,14.0,95.0,3.41,3.41,3.41,3.41,0.0,1.0,87.0,0.0,0.0,83.0,79.5,73.0,0.046555210000000014,0.046555210000000014,6.0,0.999,64.0,23.0,23.0,-21.0,23.0,23.0,23.0,23.0,0.0,0.0,0.0,0.0,44.0,14.0,20.0,16.6,231.0,315.0,3.0,3.0,640.0,4340.0,0.0,0.0,0.0,1.0,19483.0,11.8,0.0,0.0,1.6875,1.4375,1.5,29.9375,1.6875,750.0,1.0,780.0,370.0,11.4,10.0,254.0,20.0,0.0,8.0,0.0,0.0,1.0,0.0,8.0,0.0,5.0,2.0,4.0,100.0,30.0,4687.0,100.0,0.0,0.0,0.0,0.0,37.0,0.0,0.0,4.3,5000.0,4990.0,4980.0,1.0,1.0,0.0,23.0,2025.0,0.0,255.0,860.0,334.0,0.0,0.0,1245716.0,3.008,3.0,50.0
1788624814055,2026-09-05T20:13:34.055,0.0,4.0,0.0,1.0,1362.0,14.100000000000001,95.0,3.85,3.85,3.85,3.85,0.0,1.0,53.0,0.0,0.0,39.0,80.0,73.5,0.09358653,0.09358653,7.0,0.999,68.0,20.0,20.0,-36.0,20.0,20.0,20.0,20.0,0.0,0.0,0.0,0.0,44.0,29.0,31.0,24.6,420.0,462.0,6.0,6.0,780.0,4200.0,0.0,0.0,0.0,1.0,19483.0,21.900000000000002,1.0,0.0,13.3125,23.5,22.9375,27.0,13.3125,750.0,0.0,840.0,400.0,13.100000000000001,12.100000000000001,254.0,20.0,0.0,8.0,0.0,0.0,1.0,0.0,8.0,0.0,5.0,2.0,4.0,100.0,30.0,4687.0,100.0,0.0,0.0,0.0,0.0,37.0,0.0,0.0,4.3,5000.0,4990.0,4980.0,1.0,1.0,0.0,23.0,3673.0,0.0,255.0,860.0,337.0,0.0,0.0,1245716.0,3.008,3.0,50.0
1788624815116,2026-09-05T20:13:35.116,0.0,4.0,0.0,1.0,1533.0,14.100000000000001,95.0,3.11,3.11,3.11,3.11,0.0,1.0,63.0,0.0,0.0,117.0,79.5,73.5,0.06460779,0.06460779,7.0,0.999,62.0,21.0,21.0,-27.0,17.0,17.0,17.0,17.0,0.0,0.0,0.0,0.0,44.0,36.0,29.0,22.6,525.0,441.0,7.0,7.0,820.0,4160.0,0.0,0.0,0.0,1.0,19483.0,25.700000000000003,0.0,0.0,37.875,31.1875,31.125,25.0625,37.875,750.0,0.0,870.0,410.0,14.3,12.9,254.0,20.0,0.0,8.0,0.0,0.0,1.0,0.0,8.0,0.0,5.0,2.0,4.0,100.0,30.0,4687.0,100.0,0.0,0.0,0.0,0.0,37.0,0.0,0.0,4.3,5000.0,4990.0,4980.0,1.0,1.0,0.0,23.0,3413.0,0.0,255.0,860.0,339.0,0.0,0.0,1245716.0,3.008,3.0,50.0
1788624815807,2026-09-05T20:13:35.807,0.0,4.0,0.0,1.0,1420.0,14.100000000000001,95.0,3.86,3.86,3.86,3.86,1.0,1.0,810.0,1.0,0.0,805.0,80.0,75.0,0.030433019999999977,0.030433019999999977,6.0,0.999,64.0,20.0,20.0,-36.0,6.0,6.0,6.0,6.0,0.0,0.0,0.0,0.0,44.0,31.0,31.0,23.8,462.0,462.0,6.0,7.0,790.0,4190.0,0.0,0.0,0.0,1.0,19483.0,22.6,1.0,0.0,23.5,23.5,23.125,26.25,23.5,750.0,0.0,800.0,380.0,12.200000000000001,10.9,254.0,20.0,0.0,8.0,0.0,0.0,1.0,0.0,8.0,0.0,5.0,2.0,4.0,100.0,33.0,4687.0,100.0,0.0,0.0,0.0,0.0,37.0,0.0,0.0,4.3,5000.0,4990.0,4970.0,1.0,1.0,0.0,23.0,1861.0,0.0,255.0,860.0,339.0,0.0,0.0,1245716.0,3.008,3.0,50.0
1788624816642,2026-09-05T20:13:36.642,0.0,4.0,0.0,1.0,1405.0,14.0,95.0,3.99,3.99,3.99,3.99,0.0,1.0,107.0,1.0,0.0,688.0,79.5,75.5,-0.012699370000000015,-0.012699370000000015,6.0,0.999,71.0,20.0,20.0,-35.0,-25.0,-25.0,-25.0,-25.0,0.0,0.0,0.0,0.0,44.0,12.0,25.0,17.5,189.0,378.0,2.0,2.0,600.0,4390.0,0.0,0.0,0.0,1.0,19483.0,8.700000000000001,1.0,0.0,-25.9375,-25.9375,-24.375,27.4375,-25.9375,750.0,0.0,390.0,200.0,0.0,0.0,254.0,20.0,0.0,8.0,0.0,0.0,1.0,0.0,8.0,0.0,5.0,1.0,4.0,100.0,30.0,4687.0,100.0,0.0,0.0,0.0,0.0,37.0,0.0,0.0,4.3,5000.0,4990.0,4980.0,1.0,1.0,0.0,23.0,1644.0,0.0,255.0,860.0,331.0,0.0,0.0,1245716.0,3.008,3.0,50.0
1788624817418,2026-09-05T20:13:37.418,0.0,4.0,0.0,1.0,918.0,14.100000000000001,95.0,2.31,2.31,2.31,2.31,0.0,1.0,58.0,0.0,0.0,43.0,78.5,75.0,0.03945167999999999,0.03945167999999999,5.0,0.999,28.0,17.0,17.0,-11.0,0.0,0.0,0.0,0.0,0.0,0.0,0.0,0.0,44.0,24.0,20.0,10.200000000000001,378.0,315.0,3.0,3.0,630.0,4340.0,0.0,0.0,0.0,1.0,19483.0,11.3,0.0,0.0,-25.75,3.0,2.4375,27.25,-25.75,750.0,0.0,390.0,200.0,0.0,0.0,254.0,20.0,0.0,8.0,0.0,1.0,1.0,0.0,8.0,0.0,5.0,1.0,4.0,100.0,30.0,4687.0,100.0,0.0,0.0,0.0,0.0,37.0,0.0,0.0,4.3,5000.0,4990.0,4980.0,1.0,1.0,0.0,23.0,2087.0,0.0,255.0,860.0,370.0,0.0,0.0,1245716.0,3.008,3.0,50.0
1788624818150,2026-09-05T20:13:38.150,0.0,4.0,0.0,1.0,899.0,14.0,95.0,3.02,3.02,3.02,3.02,1.0,1.0,717.0,0.0,0.0,126.0,79.5,76.0,0.03021174999999998,0.03021174999999998,5.0,0.999,35.0,16.0,16.0,-25.0,-8.0,-8.0,-8.0,-8.0,0.0,0.0,0.0,0.0,44.0,22.0,23.0,11.200000000000001,336.0,357.0,2.0,3.0,620.0,4360.0,0.0,0.0,0.0,1.0,19483.0,10.200000000000001,1.0,0.0,-26.5625,-1.625,-1.75,28.0625,-26.5625,750.0,0.0,390.0,200.0,0.0,0.0,254.0,20.0,0.0,8.0,0.0,1.0,1.0,0.0,8.0,0.0,5.0,1.0,4.0,100.0,29.0,4687.0,100.0,0.0,0.0,0.0,0.0,37.0,0.0,0.0,4.3,5000.0,4990.0,4990.0,1.0,1.0,0.0,23.0,1910.0,0.0,255.0,860.0,370.0,0.0,0.0,1245716.0,3.008,3.0,50.0
1788624818927,2026-09-05T20:13:38.927,0.0,4.0,0.0,1.0,810.0,13.100000000000001,95.0,2.92,2.92,2.92,2.92,1.0,1.0,791.0,1.0,0.0,805.0,89.0,85.5,0.022040019999999994,0.022040019999999994,4.0,0.999,29.0,15.0,15.0,-24.0,-3.0,-3.0,-3.0,-3.0,0.0,0.0,0.0,0.0,44.0,25.0,23.0,10.200000000000001,378.0,378.0,2.0,2.0,620.0,4370.0,0.0,0.0,0.0,1.0,19483.0,10.200000000000001,0.0,0.0,-27.8125,4.6875,3.6875,29.3125,-27.8125,750.0,0.0,390.0,200.0,0.0,0.0,254.0,20.0,0.0,8.0,0.0,1.0,1.0,0.0,8.0,0.0,5.0,1.0,4.0,100.0,32.0,4687.0,100.0,0.0,0.0,0.0,0.0,37.0,0.0,0.0,4.3,5000.0,4990.0,4980.0,1.0,1.0,0.0,23.0,1836.0,0.0,255.0,860.0,396.0,0.0,0.0,1245716.0,3.008,3.0,50.0
1788624819574,2026-09-05T20:13:39.574,0.0,4.0,0.0,1.0,831.0,14.0,95.0,3.18,3.18,3.18,3.18,1.0,1.0,771.0,1.0,0.0,791.0,80.0,76.5,0.013868290000000005,0.013868290000000005,3.0,0.999,33.0,15.0,15.0,-31.0,-11.0,-11.0,-11.0,-11.0,0.0,0.0,0.0,0.0,44.0,22.0,25.0,11.700000000000001,357.0,399.0,2.0,3.0,630.0,4360.0,0.0,0.0,0.0,1.0,19483.0,10.0,0.0,0.0,-29.5,-4.9375,-4.875,31.0,-29.5,750.0,0.0,390.0,200.0,0.0,0.0,254.0,20.0,0.0,8.0,0.0,1.0,1.0,0.0,8.0,0.0,5.0,1.0,4.0,100.0,32.0,4687.0,100.0,0.0,0.0,0.0,0.0,44.0,0.0,0.0,4.3,5000.0,4990.0,4990.0,1.0,1.0,0.0,23.0,1808.0,0.0,255.0,860.0,430.0,0.0,0.0,1245716.0,3.008,3.0,50.0
1788624820538,2026-09-05T20:13:40.538,0.0,4.0,0.0,1.0,772.0,12.700000000000001,95.0,2.99,2.99,2.99,2.99,1.0,1.0,786.0,1.0,0.0,810.0,97.0,92.5,0.0068639500000000075,0.0068639500000000075,3.0,0.999,26.0,13.0,13.0,-29.0,-5.0,-5.0,-5.0,-5.0,0.0,0.0,0.0,0.0,44.0,26.0,24.0,10.100000000000001,399.0,378.0,2.0,2.0,620.0,4370.0,0.0,0.0,0.0,1.0,19483.0,10.0,1.0,0.0,-29.4375,4.9375,5.0625,30.9375,-29.4375,750.0,0.0,390.0,200.0,0.0,0.0,254.0,20.0,0.0,8.0,0.0,1.0,1.0,0.0,8.0,0.0,5.0,1.0,4.0,100.0,31.0,4687.0,100.0,0.0,0.0,0.0,0.0,44.0,0.0,0.0,4.3,5000.0,4990.0,4980.0,1.0,1.0,0.0,23.0,1610.0,0.0,255.0,860.0,420.0,0.0,0.0,1245716.0,3.008,3.0,50.0
1788624821335,2026-09-05T20:13:41.335,0.0,4.0,0.0,1.0,827.0,14.0,95.0,3.2600000000000002,3.2600000000000002,3.2600000000000002,3.2600000000000002,1.0,1.0,766.0,1.0,0.0,761.0,81.0,77.5,-0.0024751699999999988,-0.0024751699999999988,2.0,0.999,33.0,14.0,14.0,-32.0,-12.0,-12.0,-12.0,-12.0,0.0,0.0,0.0,0.0,44.0,22.0,25.0,10.8,336.0,378.0,2.0,2.0,610.0,4380.0,0.0,0.0,0.0,1.0,19483.0,9.1,0.0,0.0,-30.0625,-4.0625,-4.8125,31.5625,-30.0625,750.0,0.0,390.0,200.0,0.0,0.0,254.0,20.0,0.0,8.0,0.0,1.0,1.0,0.0,8.0,0.0,5.0,1.0,4.0,100.0,31.0,4687.0,100.0,0.0,0.0,0.0,0.0,44.0,0.0,0.0,4.4,5000.0,4990.0,4980.0,1.0,1.0,0.0,23.0,1122.0,0.0,255.0,860.0,391.0,0.0,0.0,1245716.0,3.008,3.0,50.0
1788624822118,2026-09-05T20:13:42.118,0.0,4.0,0.0,1.0,758.0,14.0,95.0,2.88,2.88,2.88,2.88,1.0,1.0,756.0,1.0,0.0,800.0,80.5,77.0,-0.010646900000000015,-0.010646900000000015,2.0,0.999,24.0,13.0,13.0,-26.0,-7.0,-7.0,-7.0,-7.0,0.0,0.0,0.0,0.0,44.0,23.0,23.0,9.700000000000001,357.0,357.0,2.0,2.0,610.0,4390.0,0.0,0.0,0.0,1.0,19483.0,9.200000000000001,1.0,0.0,-27.9375,-0.0625,0.0,29.4375,-27.9375,750.0,0.0,390.0,200.0,0.0,0.0,254.0,20.0,0.0,8.0,0.0,1.0,1.0,0.0,8.0,0.0,5.0,1.0,4.0,100.0,32.0,4687.0,100.0,0.0,0.0,0.0,0.0,44.0,0.0,0.0,4.4,5000.0,4990.0,4980.0,1.0,1.0,0.0,23.0,1381.0,0.0,255.0,860.0,378.0,0.0,0.0,1245716.0,3.008,3.0,50.0
1788624823089,2026-09-05T20:13:43.089,0.0,4.0,0.0,1.0,747.0,12.8,95.0,2.91,2.91,2.91,2.91,1.0,1.0,727.0,1.0,0.0,761.0,95.5,91.5,-0.019207760000000018,-0.019207760000000018,1.0,0.999,26.0,13.0,13.0,-27.0,-3.0,-3.0,-3.0,-3.0,0.0,0.0,0.0,0.0,44.0,25.0,24.0,9.600000000000001,378.0,378.0,2.0,2.0,610.0,4370.0,0.0,0.0,0.0,1.0,19483.0,9.3,0.0,0.0,-28.3125,4.8125,4.875,29.8125,-28.3125,750.0,0.0,390.0,200.0,0.0,0.0,254.0,20.0,0.0,8.0,0.0,1.0,1.0,0.0,8.0,0.0,5.0,1.0,4.0,100.0,31.0,4687.0,100.0,0.0,0.0,0.0,0.0,44.0,0.0,0.0,4.4,5000.0,4990.0,4980.0,1.0,1.0,0.0,23.0,1338.0,0.0,255.0,860.0,430.0,0.0,0.0,1245716.0,3.008,3.0,50.0
1788624823919,2026-09-05T20:13:43.919,0.0,4.0,0.0,1.0,746.0,14.100000000000001,95.0,3.2,3.2,3.2,3.2,1.0,1.0,737.0,1.0,0.0,737.0,85.5,81.0,-0.027768619999999994,-0.027768619999999994,2.0,0.999,30.0,13.0,13.0,-32.0,-6.0,-6.0,-6.0,-6.0,0.0,0.0,0.0,0.0,44.0,25.0,25.0,11.0,378.0,399.0,2.0,2.0,620.0,4370.0,0.0,0.0,0.0,1.0,19483.0,10.3,1.0,0.0,-31.1875,-4.625,-4.6875,32.6875,-31.1875,750.0,0.0,390.0,200.0,0.0,0.0,254.0,20.0,0.0,8.0,0.0,1.0,1.0,0.0,8.0,0.0,5.0,1.0,4.0,100.0,31.0,4687.0,100.0,0.0,0.0,0.0,0.0,44.0,0.0,0.0,4.4,5000.0,4990.0,4980.0,1.0,1.0,0.0,23.0,1856.0,0.0,255.0,860.0,401.0,0.0,0.0,1245716.0,3.008,3.0,50.0
1788624824695,2026-09-05T20:13:44.695,0.0,4.0,0.0,1.0,779.0,14.0,96.0,2.92,2.92,2.92,2.92,1.0,1.0,742.0,1.0,0.0,776.0,80.5,76.5,-0.03632948,-0.03632948,3.0,0.999,26.0,13.0,13.0,-27.0,-9.0,-9.0,-9.0,-9.0,0.0,0.0,0.0,0.0,44.0,22.0,23.0,9.5,336.0,378.0,2.0,2.0,600.0,4390.0,0.0,0.0,0.0,1.0,19483.0,8.4,0.0,0.0,-28.4375,-1.875,-1.6875,29.9375,-28.4375,750.0,0.0,390.0,200.0,0.0,0.0,254.0,20.0,0.0,8.0,0.0,1.0,1.0,0.0,8.0,0.0,5.0,1.0,4.0,100.0,33.0,4687.0,100.0,0.0,0.0,0.0,0.0,44.0,0.0,0.0,4.4,5000.0,4990.0,4980.0,1.0,1.0,0.0,23.0,1284.0,0.0,255.0,860.0,378.0,0.0,0.0,1245716.0,3.008,3.0,50.0
1788624825422,2026-09-05T20:13:45.422,0.0,4.0,0.0,1.0,737.0,14.0,96.0,2.77,2.77,2.77,2.77,0.0,1.0,131.0,1.0,0.0,629.0,81.5,77.5,-0.022809120000000016,-0.022809120000000016,3.0,0.999,24.0,14.0,14.0,-23.0,-5.0,-5.0,-5.0,-5.0,0.0,0.0,0.0,0.0,44.0,23.0,23.0,9.0,357.0,357.0,2.0,2.0,600.0,4390.0,0.0,0.0,0.0,1.0,19483.0,8.6,0.0,0.0,-27.3125,1.25,0.4375,28.8125,-27.3125,750.0,0.0,390.0,200.0,0.0,0.0,254.0,20.0,0.0,8.0,0.0,1.0,1.0,0.0,8.0,0.0,5.0,1.0,4.0,100.0,31.0,4687.0,100.0,0.0,0.0,0.0,0.0,44.0,0.0,0.0,4.4,5000.0,4990.0,4980.0,1.0,1.0,0.0,23.0,1844.0,0.0,255.0,860.0,367.0,0.0,0.0,1245716.0,3.008,3.0,50.0
1788624826254,2026-09-05T20:13:46.254,0.0,4.0,0.0,1.0,737.0,13.9,96.0,2.77,2.77,2.77,2.77,1.0,1.0,712.0,1.0,0.0,659.0,82.0,78.0,-0.03632948,-0.03632948,4.0,0.999,26.0,14.0,14.0,-25.0,-2.0,-2.0,-2.0,-2.0,0.0,0.0,0.0,0.0,44.0,25.0,23.0,9.3,399.0,378.0,2.0,2.0,610.0,4370.0,0.0,0.0,0.0,1.0,19483.0,9.600000000000001,1.0,0.0,-28.75,4.3125,3.75,30.25,-28.75,750.0,0.0,390.0,200.0,0.0,0.0,254.0,20.0,0.0,8.0,0.0,1.0,1.0,0.0,8.0,0.0,5.0,1.0,4.0,100.0,33.0,4687.0,100.0,0.0,0.0,0.0,0.0,44.0,0.0,0.0,4.4,5000.0,4990.0,4970.0,1.0,1.0,0.0,23.0,1732.0,0.0,255.0,860.0,369.0,0.0,0.0,1245716.0,3.008,3.0,50.0
1788624826982,2026-09-05T20:13:46.982,0.0,4.0,0.0,1.0,769.0,13.200000000000001,96.0,3.0500000000000003,3.0500000000000003,3.0500000000000003,3.0500000000000003,0.0,1.0,102.0,0.0,0.0,190.0,88.0,83.5,-0.02358738000000002,-0.02358738000000002,4.0,0.999,29.0,13.0,13.0,-31.0,-7.0,-7.0,-7.0,-7.0,0.0,0.0,0.0,0.0,44.0,25.0,25.0,10.200000000000001,378.0,399.0,2.0,2.0,620.0,4370.0,0.0,0.0,0.0,1.0,19483.0,9.700000000000001,0.0,0.0,-29.9375,0.3125,0.125,31.4375,-29.9375,750.0,0.0,390.0,200.0,0.0,0.0,254.0,20.0,0.0,8.0,0.0,1.0,1.0,0.0,8.0,0.0,5.0,1.0,4.0,100.0,31.0,4687.0,100.0,0.0,0.0,0.0,0.0,44.0,0.0,0.0,4.4,5000.0,4990.0,4980.0,1.0,1.0,0.0,23.0,2269.0,0.0,255.0,860.0,370.0,0.0,0.0,1245716.0,3.008,3.0,50.0
1788624827847,2026-09-05T20:13:47.847,0.0,4.0,0.0,1.0,787.0,14.100000000000001,96.0,2.99,2.99,2.99,2.99,0.0,1.0,117.0,0.0,0.0,341.0,81.0,76.5,-0.016193910000000006,-0.016193910000000006,5.0,0.999,28.0,13.0,13.0,-30.0,-12.0,-12.0,-12.0,-12.0,0.0,0.0,0.0,0.0,44.0,23.0,24.0,10.3,357.0,378.0,2.0,2.0,620.0,4370.0,0.0,0.0,0.0,1.0,19483.0,9.4,1.0,0.0,-30.4375,-9.125,-8.0,31.9375,-30.4375,750.0,0.0,390.0,200.0,0.0,0.0,254.0,20.0,0.0,8.0,0.0,1.0,1.0,0.0,8.0,0.0,5.0,1.0,4.0,100.0,32.0,4687.0,100.0,0.0,0.0,0.0,0.0,44.0,0.0,0.0,4.4,5000.0,4990.0,4990.0,1.0,1.0,0.0,23.0,1597.0,0.0,255.0,860.0,371.0,0.0,0.0,1245716.0,3.008,3.0,50.0
1788624828609,2026-09-05T20:13:48.609,0.0,4.0,0.0,1.0,485.0,13.100000000000001,96.0,0.0,0.0,0.0,0.0,0.0,1.0,39.0,1.0,0.0,668.0,0.0,0.0,-0.01463739,-0.01463739,6.0,0.999,0.0,10.0,10.0,-36.0,9.0,9.0,9.0,9.0,0.0,0.0,0.0,0.0,44.0,57.0,49.0,7.0,840.0,861.0,16.0,16.0,1170.0,3820.0,0.0,0.0,0.0,1.0,19483.0,8.200000000000001,1.0,0.0,0.25,86.5625,0.0,0.0,0.25,750.0,0.0,390.0,200.0,0.0,0.0,254.0,20.0,0.0,4.0,0.0,1.0,1.0,0.0,8.0,0.0,1.0,1.0,3.0,100.0,33.0,0.0,100.0,0.0,0.0,0.0,0.0,20.0,0.0,0.0,4.4,5000.0,4990.0,4980.0,0.0,1.0,0.0,23.0,1053.0,0.0,255.0,860.0,372.0,0.0,0.0,1245716.0,3.008,3.0,50.0
1788624834296,2026-09-05T20:13:54.296,0.0,4.0,0.0,1.0,0.0,13.100000000000001,96.0,0.0,0.0,0.0,0.0,0.0,0.0,19.0,0.0,0.0,53.0,0.0,0.0,1.9839999999993196E-5,1.9839999999993196E-5,6.0,0.999,0.0,7.0,4.0,-36.0,4.0,4.0,4.0,4.0,0.0,0.0,0.0,0.0,45.0,57.0,57.0,0.0,840.0,861.0,10.0,6.0,750.0,4230.0,0.0,0.0,0.0,1.0,19483.0,0.0,0.0,0.0,0.25,86.5625,0.0,0.0,0.25,750.0,0.0,390.0,200.0,0.0,0.0,254.0,20.0,0.0,4.0,0.0,1.0,1.0,0.0,8.0,0.0,1.0,1.0,3.0,100.0,32.0,1.0,100.0,0.0,0.0,,,,,,,,,,,,,,,,,,,0.0,0.0,1245716.0,3.008,3.0,50.0
