time_ms,iso,REGIME_MOTEUR,TENSION_ALIMENTATION_CALCULATEUR_CONTROLE_MOTEUR,TEMPERATURE_D_EAU_MOTEUR_d,TEMPS_INJECTION_CYLINDRE_01,TEMPS_INJECTION_CYLINDRE_02,TEMPS_INJECTION_CYLINDRE_03,TEMPS_INJECTION_CYLINDRE_04,ETAT_SONDE_A_OXYGENE_AMONT,ETAT_REGULATION_SONDE_A_OXYGENE_AMONT,TENSION_SONDE_A_OXYGENE_AMONT,ETAT_SONDE_A_OXYGENE_AVAL,ETAT_REGULATION_SONDE_A_OXYGENE_AVAL,TENSION_SONDE_A_OXYGENE_AVAL,RCOAMONT,RCOAVAL,FACTEUR_CORRECTION_RICHESSE_AMONT,FACTEUR_CORRECTION_RICHESSE_AVAL,CHARGE_ESTIMEE_CANISTER,CON_RICHESSE,CDERCOELECPURGE,AVANCE_ALLUMAGE_OPTIMAL,AVANCE_ALLUMAGE_MAXIMUM,AVANCE_ALLUMAGE_MINIMUM,AVANCE_ALLUMAGE_APPLIQUEE_A_CHAQUE_CYLINDRE,AVANCE_APPLIQUEE_CYL_2,AVANCE_APPLIQUEE_CYL_3,AVANCE_APPLIQUEE_CYL_4,RETRAIT_AVANCE_ALLUMAGE_CYLINDRE_01,RETRAIT_AVANCE_ALLUMAGE_CYLINDRE_02,RETRAIT_AVANCE_ALLUMAGE_CYLINDRE_03,RETRAIT_AVANCE_ALLUMAGE_CYLINDRE_04,TEMP_AIR_ADMISSION_SUP,REMPLISSAGE_DE_CONSIGNE,REMPLISSAGE_MESURE,DEBIT_AIR,CONSIGNE_PRESSION_ADMISSION,PRESSIONTUBULURE,ANGLE_PAPILLON_CONSIGNE,ANGLE_PAPILLON_MESURE,TENSION_RECOPIE_POSITION_PAPILLON_01,TENSION_RECOPIE_POSITION_PAPILLON_02,CONSIGNE_POSITION_DEPHASEUR_AAC_ADMISSION,POS_DEPHASEUR_ACC_1,RCO_ELECTROVANNE_DEPHASEUR_ACC_1,ETAT_COH_POSITION_AAC_ADMI_VIL,COMPTDEMMOT,DEBAIRCONS,DEPASSEMENT_SEUIL_ENCRASSEMENT_MOTEUR,COMPTEUR_NB_DEMARRAGE_A_FROID,COUPLE_MOTEUR_EFFECTIF_AIR,COUPLE_MOTEUR_EFFECTIF_AVANCE,COUPLE_MOTEUR_AVANCE,COUPLE_RESISTANT_MOTEUR_ESTIME,COUPLE_VOLONTE_CONDUCTEUR,REGMOTRALENTI,VITESSE_VEHICULE,PEDALE_ACCELERATEUR_1,PEDALE_ACCELERATEUR_2,POSPEDACC1,POSPEDACC2,VITESSE_CONSIGNE_REGULATION_VITESSE,ETAT_RVV,VITESSE_CONSIGNE_LIMITATION_DE_VITESSE,ETAT_LVV,ETAT_CONTACTEUR_FREIN_PRINCIPAL,ETAT_CONTACTEUR_PEDALE_FREIN,INFORMATION_CAPTEUR_EMBRAYAGE,INFORMATION_POINT_DUR_PEDALE_ACCELERATEUR,RAPPORT_ENGAGE,TYPE_BOITE_VITESSES,ETAT_MTH,ETAT_FONCTIONNEMENT_MOTEUR_THERMIQUE,ETAT_REVEIL_CALCULATEUR,POSITION_PEDALE_EMBRAYAGE,NIVEAU_CARBURANT_AFFICHE,TEMPS_ARRET_MOTEUR,TEMPERATURE_EAU_DERNIER_ARRET_MOTEUR,AUTORISATION_DEMARRAGE_CALCULATEURS_BV,ETAT_GMP,ETAT_REL_GMV_C5,ETAT_GMV_PTIT_C5,CONSIGNE_VITESSE_GMV_C5,ETAT_RELAIS_GMV,ESTIMATION_PUISSANCE_CONSO_COMPRESSEUR_REFRI,PRESSION_CIRCUIT_REFRIGERANT_a,TENSION_ALIMENTATION_CAPTEURS_01,TENSION_ALIMENTATION_CAPTEURS_02,TENSION_ALIMENTATION_CAPTEURS_03,PRESSION_HUILE_MOTEUR,COMMANDE_RELAIS_PUISSANCE,ETATCDEDEM,TEMPERATURE_AIR_EXTERIEUR,BRUIT_CAPTEUR_CLIQUETIS,INFO_DETECTION_CHOC,ETAT_COMMANDE_POMPE_VIDE_ELECTRIQUE,PRESSION_ATMOSPHERIQUE,PRESSION_MASTERVAC
1789040162390,2026-09-10T15:36:02.390,747.0,14.200000000000001,76.0,2.48,2.48,2.48,2.48,0.0,1.0,136.0,0.0,0.0,107.0,83.5,92.0,0.11092952,0.11092952,16.0,0.999,23.0,16.0,16.0,-14.0,0.0,0.0,0.0,0.0,0.0,0.0,0.0,0.0,40.0,20.0,20.0,8.200000000000001,315.0,336.0,2.0,2.0,590.0,4400.0,0.0,0.0,0.0,1.0,19513.0,8.1,1.0,0.0,-28.0625,-1.3125,-1.0625,29.125,-28.0625,750.0,13.0,390.0,200.0,0.0,0.0,254.0,20.0,0.0,8.0,0.0,1.0,0.0,0.0,8.0,0.0,5.0,1.0,4.0,0.0,39.0,8495.0,86.0,0.0,0.0,0.0,0.0,24.0,0.0,0.0,4.1000000000000005,5000.0,4990.0,4980.0,1.0,1.0,0.0,33.0,1292.0,0.0,255.0,854.0,355.0
1789040162899,2026-09-10T15:36:02.899,745.0,14.3,76.0,2.49,2.49,2.49,2.49,1.0,1.0,722.0,1.0,0.0,678.0,83.5,92.5,0.07080334999999999,0.07080334999999999,15.0,0.999,23.0,16.0,16.0,-17.0,-2.0,-2.0,-2.0,-2.0,0.0,0.0,0.0,0.0,40.0,20.0,21.0,8.5,336.0,336.0,2.0,2.0,600.0,4390.0,0.0,0.0,0.0,1.0,19513.0,8.5,1.0,0.0,-28.0625,-1.3125,-1.0625,29.125,-28.0625,750.0,13.0,390.0,200.0,0.0,0.0,254.0,20.0,0.0,8.0,0.0,1.0,0.0,0.0,8.0,0.0,5.0,1.0,4.0,0.0,39.0,8495.0,86.0,0.0,0.0,0.0,0.0,24.0,0.0,0.0,4.1000000000000005,5000.0,4990.0,4980.0,1.0,1.0,0.0,33.0,1292.0,0.0,255.0,854.0,355.0
1789040163530,2026-09-10T15:36:03.531,756.0,14.0,76.0,2.49,2.49,2.49,2.49,0.0,1.0,205.0,1.0,0.0,629.0,84.0,93.0,0.08393457999999998,0.08393457999999998,15.0,0.999,24.0,16.0,16.0,-15.0,-2.0,-2.0,-2.0,-2.0,0.0,0.0,0.0,0.0,40.0,20.0,21.0,8.4,336.0,336.0,2.0,2.0,600.0,4380.0,0.0,0.0,0.0,1.0,19513.0,8.3,0.0,0.0,-28.375,0.25,-1.0,29.4375,-28.375,750.0,13.0,390.0,200.0,0.0,0.0,254.0,20.0,0.0,8.0,0.0,1.0,0.0,0.0,8.0,0.0,5.0,1.0,4.0,0.0,41.0,8495.0,86.0,0.0,0.0,0.0,0.0,24.0,0.0,0.0,4.1000000000000005,5000.0,4990.0,4980.0,1.0,1.0,0.0,33.0,1292.0,0.0,255.0,854.0,355.0
1789040164145,2026-09-10T15:36:04.146,757.0,14.100000000000001,76.0,2.49,2.49,2.49,2.49,0.0,1.0,97.0,0.0,0.0,97.0,84.5,93.5,0.09016066,0.09016066,14.0,0.999,24.0,16.0,16.0,-15.0,-2.0,-2.0,-2.0,-2.0,0.0,0.0,0.0,0.0,40.0,20.0,20.0,8.4,336.0,336.0,2.0,2.0,600.0,4390.0,0.0,0.0,0.0,1.0,19513.0,8.4,1.0,0.0,-28.375,0.25,-1.0,29.4375,-28.375,750.0,13.0,390.0,200.0,0.0,0.0,254.0,20.0,0.0,8.0,0.0,1.0,0.0,0.0,8.0,0.0,5.0,1.0,4.0,0.0,40.0,8495.0,86.0,0.0,0.0,0.0,0.0,24.0,0.0,0.0,4.1000000000000005,5000.0,4990.0,4990.0,1.0,1.0,0.0,33.0,1104.0,0.0,255.0,854.0,342.0
1789040164773,2026-09-10T15:36:04.774,753.0,14.200000000000001,76.0,2.44,2.44,2.44,2.44,1.0,1.0,532.0,0.0,0.0,166.0,83.5,92.5,0.07469464999999997,0.07469464999999997,14.0,0.999,25.0,16.0,16.0,-15.0,-1.0,-1.0,-1.0,-1.0,0.0,0.0,0.0,0.0,40.0,20.0,21.0,8.4,336.0,336.0,2.0,2.0,600.0,4390.0,0.0,0.0,0.0,1.0,19513.0,8.1,1.0,0.0,-28.3125,-0.8125,-2.3125,29.375,-28.3125,750.0,13.0,390.0,200.0,0.0,0.0,254.0,20.0,0.0,8.0,0.0,1.0,0.0,0.0,8.0,0.0,5.0,1.0,4.0,0.0,38.0,8495.0,86.0,0.0,0.0,0.0,0.0,24.0,0.0,0.0,4.1000000000000005,5000.0,4990.0,4990.0,1.0,1.0,0.0,33.0,1104.0,0.0,255.0,854.0,342.0
1789040165311,2026-09-10T15:36:05.312,749.0,14.200000000000001,76.0,2.49,2.49,2.49,2.49,0.0,1.0,126.0,0.0,0.0,107.0,84.5,93.5,0.09210630999999997,0.09210630999999997,13.0,0.999,25.0,16.0,16.0,-15.0,-3.0,-3.0,-3.0,-3.0,0.0,0.0,0.0,0.0,40.0,21.0,21.0,8.3,336.0,336.0,2.0,2.0,600.0,4390.0,0.0,0.0,0.0,1.0,19513.0,8.4,0.0,0.0,-28.3125,-0.8125,-2.3125,29.375,-28.3125,750.0,13.0,390.0,200.0,0.0,0.0,254.0,20.0,0.0,8.0,0.0,1.0,0.0,0.0,8.0,0.0,5.0,1.0,4.0,0.0,37.0,8495.0,86.0,0.0,0.0,0.0,0.0,24.0,0.0,0.0,4.1000000000000005,5000.0,4990.0,4990.0,1.0,1.0,0.0,33.0,1104.0,0.0,255.0,854.0,342.0
1789040166064,2026-09-10T15:36:06.064,752.0,14.200000000000001,76.0,2.48,2.48,2.48,2.48,1.0,1.0,649.0,0.0,0.0,317.0,84.0,92.5,0.07625116999999998,0.07625116999999998,13.0,0.999,26.0,15.0,15.0,-16.0,-2.0,-2.0,-2.0,-2.0,0.0,0.0,0.0,0.0,40.0,20.0,21.0,8.5,336.0,336.0,2.0,2.0,600.0,4390.0,0.0,0.0,0.0,1.0,19513.0,8.4,0.0,0.0,-28.9375,-2.4375,-2.5,30.0,-28.9375,750.0,13.0,390.0,200.0,0.0,0.0,254.0,20.0,0.0,8.0,0.0,1.0,0.0,0.0,8.0,0.0,5.0,1.0,4.0,0.0,38.0,8495.0,86.0,0.0,0.0,0.0,0.0,24.0,0.0,0.0,4.1000000000000005,5000.0,4990.0,4980.0,1.0,1.0,0.0,33.0,1302.0,0.0,255.0,854.0,344.0
1789040166574,2026-09-10T15:36:06.574,749.0,14.200000000000001,76.0,2.49,2.49,2.49,2.49,1.0,1.0,668.0,1.0,0.0,654.0,83.5,91.5,0.06924682999999998,0.06924682999999998,13.0,0.999,26.0,16.0,16.0,-17.0,-1.0,-1.0,-1.0,-1.0,0.0,0.0,0.0,0.0,40.0,20.0,21.0,8.5,336.0,336.0,2.0,2.0,600.0,4390.0,0.0,0.0,0.0,1.0,19513.0,8.200000000000001,1.0,0.0,-28.9375,-2.4375,-2.5,30.0,-28.9375,750.0,14.0,390.0,200.0,0.0,0.0,254.0,20.0,0.0,8.0,0.0,1.0,0.0,0.0,8.0,0.0,5.0,1.0,4.0,0.0,36.0,8495.0,86.0,0.0,0.0,0.0,0.0,24.0,0.0,0.0,4.1000000000000005,5000.0,4990.0,4980.0,1.0,1.0,0.0,33.0,1302.0,0.0,255.0,854.0,344.0
1789040167264,2026-09-10T15:36:07.265,758.0,14.200000000000001,76.0,2.5300000000000002,2.5300000000000002,2.5300000000000002,2.5300000000000002,0.0,1.0,317.0,0.0,0.0,146.0,85.0,93.5,0.08704761999999999,0.08704761999999999,12.0,0.999,25.0,16.0,16.0,-16.0,-2.0,-2.0,-2.0,-2.0,0.0,0.0,0.0,0.0,40.0,20.0,21.0,8.4,336.0,336.0,2.0,2.0,600.0,4380.0,0.0,0.0,0.0,1.0,19513.0,8.200000000000001,0.0,0.0,-28.3125,-2.5625,-1.625,29.375,-28.3125,750.0,14.0,390.0,200.0,0.0,0.0,254.0,20.0,0.0,8.0,0.0,1.0,0.0,0.0,8.0,0.0,5.0,1.0,4.0,0.0,38.0,8495.0,86.0,0.0,0.0,0.0,0.0,24.0,0.0,0.0,4.1000000000000005,5000.0,4990.0,4980.0,1.0,1.0,0.0,33.0,1302.0,0.0,255.0,854.0,344.0
1789040167895,2026-09-10T15:36:07.895,752.0,14.200000000000001,76.0,2.52,2.52,2.52,2.52,1.0,1.0,688.0,1.0,0.0,703.0,83.5,91.5,0.06457726999999996,0.06457726999999996,12.0,0.999,25.0,15.0,15.0,-16.0,-3.0,-3.0,-3.0,-3.0,0.0,0.0,0.0,0.0,40.0,19.0,21.0,8.4,315.0,336.0,2.0,2.0,590.0,4400.0,0.0,0.0,0.0,1.0,19513.0,7.7,0.0,0.0,-28.3125,-2.5625,-1.625,29.375,-28.3125,750.0,14.0,390.0,200.0,0.0,0.0,254.0,20.0,0.0,8.0,0.0,1.0,0.0,0.0,8.0,0.0,5.0,1.0,4.0,0.0,39.0,8495.0,86.0,0.0,0.0,0.0,0.0,24.0,0.0,0.0,4.1000000000000005,5000.0,4990.0,4980.0,1.0,1.0,0.0,33.0,1235.0,0.0,255.0,854.0,342.0
1789040168523,2026-09-10T15:36:08.523,769.0,14.200000000000001,76.0,2.4,2.4,2.4,2.4,1.0,1.0,615.0,1.0,0.0,639.0,83.5,91.5,0.05796205999999998,0.05796205999999998,11.0,0.999,25.0,16.0,16.0,-13.0,-2.0,-2.0,-2.0,-2.0,0.0,0.0,0.0,0.0,40.0,18.0,20.0,8.1,315.0,315.0,1.0,2.0,590.0,4400.0,0.0,0.0,0.0,1.0,19513.0,7.5,1.0,0.0,-28.5,-1.625,-1.8125,29.5625,-28.5,750.0,14.0,390.0,200.0,0.0,0.0,254.0,20.0,0.0,8.0,0.0,1.0,0.0,0.0,8.0,0.0,5.0,1.0,4.0,0.0,40.0,8495.0,86.0,0.0,0.0,0.0,0.0,24.0,0.0,0.0,4.1000000000000005,5000.0,4990.0,4980.0,1.0,1.0,0.0,33.0,1235.0,0.0,255.0,854.0,342.0
1789040169033,2026-09-10T15:36:09.034,748.0,14.200000000000001,76.0,2.43,2.43,2.43,2.43,0.0,1.0,356.0,1.0,0.0,600.0,0.0,0.0,0.06953676999999997,0.06953676999999997,11.0,0.999,23.0,16.0,16.0,-12.0,0.0,0.0,0.0,0.0,0.0,0.0,0.0,0.0,40.0,19.0,20.0,8.200000000000001,315.0,315.0,2.0,2.0,590.0,4390.0,0.0,0.0,0.0,1.0,19513.0,7.800000000000001,0.0,0.0,-28.5,-1.625,-1.8125,29.5625,-28.5,750.0,14.0,390.0,200.0,0.0,0.0,254.0,20.0,0.0,8.0,0.0,1.0,0.0,0.0,8.0,0.0,5.0,1.0,4.0,0.0,40.0,8495.0,86.0,0.0,0.0,0.0,0.0,24.0,0.0,0.0,4.1000000000000005,5000.0,4990.0,4980.0,1.0,1.0,0.0,33.0,1235.0,0.0,255.0,854.0,342.0
1789040169904,2026-09-10T15:36:09.905,752.0,14.200000000000001,76.0,2.42,2.42,2.42,2.42,1.0,1.0,498.0,0.0,0.0,102.0,84.5,92.5,0.07459546,0.07459546,10.0,0.999,23.0,16.0,16.0,-13.0,0.0,0.0,0.0,0.0,0.0,0.0,0.0,0.0,40.0,19.0,20.0,8.0,315.0,315.0,2.0,2.0,590.0,4390.0,0.0,0.0,0.0,1.0,19513.0,7.9,0.0,0.0,-28.4375,-2.1875,-2.3125,29.5,-28.4375,750.0,14.0,390.0,200.0,0.0,0.0,254.0,20.0,0.0,8.0,0.0,1.0,0.0,0.0,8.0,0.0,5.0,1.0,4.0,0.0,39.0,8495.0,86.0,0.0,0.0,0.0,0.0,24.0,0.0,0.0,4.1000000000000005,5000.0,4990.0,4980.0,1.0,1.0,0.0,33.0,1146.0,0.0,255.0,854.0,329.0
1789040170413,2026-09-10T15:36:10.413,753.0,14.200000000000001,76.0,2.4,2.4,2.4,2.4,1.0,1.0,742.0,1.0,0.0,722.0,85.0,92.5,0.04940119999999998,0.04940119999999998,10.0,0.999,24.0,16.0,16.0,-12.0,2.0,2.0,2.0,2.0,0.0,0.0,0.0,0.0,40.0,19.0,20.0,8.0,315.0,315.0,2.0,2.0,590.0,4390.0,0.0,0.0,0.0,1.0,19513.0,7.9,1.0,0.0,-28.4375,-2.1875,-2.3125,29.5,-28.4375,750.0,12.0,390.0,200.0,0.0,0.0,254.0,20.0,0.0,8.0,0.0,1.0,0.0,0.0,8.0,0.0,5.0,1.0,4.0,0.0,40.0,8495.0,86.0,0.0,0.0,0.0,0.0,24.0,0.0,0.0,4.1000000000000005,5000.0,4990.0,4980.0,1.0,1.0,0.0,33.0,1146.0,0.0,255.0,854.0,329.0
1789040171044,2026-09-10T15:36:11.044,760.0,14.200000000000001,76.0,2.39,2.39,2.39,2.39,1.0,1.0,732.0,1.0,0.0,737.0,84.5,92.5,0.04434251,0.04434251,10.0,0.999,25.0,16.0,16.0,-12.0,1.0,1.0,1.0,1.0,0.0,0.0,0.0,0.0,40.0,18.0,20.0,8.200000000000001,315.0,315.0,2.0,2.0,590.0,4400.0,0.0,0.0,0.0,1.0,19513.0,7.7,1.0,0.0,-29.125,-2.0,-3.0625,30.25,-29.125,750.0,12.0,390.0,200.0,0.0,0.0,254.0,20.0,0.0,8.0,0.0,1.0,0.0,0.0,8.0,0.0,5.0,1.0,4.0,0.0,39.0,8495.0,86.0,0.0,0.0,0.0,0.0,24.0,0.0,0.0,4.1000000000000005,5000.0,4990.0,4980.0,1.0,1.0,0.0,33.0,1146.0,0.0,255.0,854.0,329.0
1789040171673,2026-09-10T15:36:11.674,758.0,14.200000000000001,76.0,2.39,2.39,2.39,2.39,1.0,1.0,717.0,1.0,0.0,742.0,84.5,92.5,0.038505559999999994,0.038505559999999994,9.0,0.999,25.0,16.0,16.0,-12.0,-1.0,-1.0,-1.0,-1.0,0.0,0.0,0.0,0.0,40.0,20.0,20.0,8.200000000000001,315.0,315.0,2.0,2.0,590.0,4390.0,0.0,0.0,0.0,1.0,19513.0,8.1,0.0,0.0,-29.125,-2.0,-3.0625,30.25,-29.125,750.0,11.0,390.0,200.0,0.0,0.0,254.0,20.0,0.0,8.0,0.0,1.0,0.0,0.0,8.0,0.0,5.0,1.0,4.0,0.0,38.0,8495.0,86.0,0.0,0.0,0.0,0.0,24.0,0.0,0.0,4.1000000000000005,5000.0,4990.0,4980.0,1.0,1.0,0.0,33.0,1499.0,0.0,255.0,854.0,331.0
1789040172303,2026-09-10T15:36:12.304,752.0,14.200000000000001,76.0,2.39,2.39,2.39,2.39,1.0,1.0,693.0,1.0,0.0,712.0,84.5,92.5,0.008412839999999977,0.008412839999999977,9.0,0.999,24.0,16.0,16.0,-13.0,-1.0,-1.0,-1.0,-1.0,0.0,0.0,0.0,0.0,40.0,20.0,20.0,8.1,315.0,315.0,2.0,2.0,590.0,4390.0,0.0,0.0,0.0,1.0,19513.0,8.1,1.0,0.0,-28.4375,-1.375,-1.0625,29.5625,-28.4375,750.0,10.0,390.0,200.0,0.0,0.0,254.0,20.0,0.0,8.0,0.0,1.0,0.0,0.0,8.0,0.0,5.0,1.0,4.0,0.0,38.0,8495.0,86.0,0.0,0.0,0.0,0.0,24.0,0.0,0.0,4.1000000000000005,5000.0,4990.0,4980.0,1.0,1.0,0.0,33.0,1499.0,0.0,255.0,854.0,331.0
1789040172876,2026-09-10T15:36:12.876,744.0,14.200000000000001,76.0,2.5100000000000002,2.5100000000000002,2.5100000000000002,2.5100000000000002,0.0,1.0,97.0,0.0,0.0,214.0,85.5,93.5,0.04521232999999997,0.04521232999999997,8.0,0.999,26.0,16.0,16.0,-15.0,-2.0,-2.0,-2.0,-2.0,0.0,0.0,0.0,0.0,40.0,20.0,21.0,8.5,336.0,336.0,2.0,2.0,600.0,4380.0,0.0,0.0,0.0,1.0,19513.0,8.4,1.0,0.0,-28.4375,-1.375,-1.0625,29.5625,-28.4375,750.0,10.0,390.0,200.0,0.0,0.0,254.0,20.0,0.0,8.0,0.0,1.0,0.0,0.0,8.0,0.0,5.0,1.0,4.0,0.0,37.0,8495.0,86.0,0.0,0.0,0.0,0.0,24.0,0.0,0.0,4.1000000000000005,5000.0,4990.0,4980.0,1.0,1.0,0.0,33.0,1499.0,0.0,255.0,854.0,331.0
1789040173623,2026-09-10T15:36:13.623,752.0,14.200000000000001,76.0,2.56,2.56,2.56,2.56,1.0,1.0,727.0,0.0,0.0,112.0,85.0,93.0,0.032081099999999974,0.032081099999999974,8.0,0.999,25.0,16.0,16.0,-16.0,1.0,1.0,1.0,1.0,0.0,0.0,0.0,0.0,40.0,20.0,21.0,8.6,336.0,336.0,2.0,2.0,600.0,4380.0,0.0,0.0,0.0,1.0,19513.0,8.4,0.0,0.0,-28.5625,0.125,-2.5625,29.6875,-28.5625,750.0,10.0,390.0,200.0,0.0,0.0,254.0,20.0,0.0,8.0,0.0,1.0,0.0,0.0,8.0,0.0,5.0,1.0,4.0,0.0,38.0,8495.0,86.0,0.0,0.0,0.0,0.0,24.0,0.0,0.0,4.1000000000000005,5000.0,4990.0,4980.0,1.0,1.0,0.0,33.0,1018.0,0.0,255.0,854.0,342.0
1789040174134,2026-09-10T15:36:14.134,750.0,14.200000000000001,76.0,2.54,2.54,2.54,2.54,1.0,1.0,771.0,1.0,0.0,756.0,84.5,92.5,0.025076759999999976,0.025076759999999976,7.0,0.999,24.0,15.0,15.0,-16.0,-5.0,-5.0,-5.0,-5.0,0.0,0.0,0.0,0.0,40.0,20.0,21.0,8.6,336.0,336.0,2.0,2.0,600.0,4390.0,0.0,0.0,0.0,1.0,19513.0,8.200000000000001,1.0,0.0,-28.5625,0.125,-2.5625,29.6875,-28.5625,750.0,11.0,390.0,200.0,0.0,0.0,254.0,20.0,0.0,8.0,0.0,0.0,0.0,0.0,8.0,0.0,5.0,1.0,4.0,0.0,38.0,8495.0,86.0,0.0,0.0,0.0,0.0,24.0,0.0,0.0,4.1000000000000005,5000.0,4990.0,4980.0,1.0,1.0,0.0,33.0,1018.0,0.0,255.0,854.0,342.0
1789040174764,2026-09-10T15:36:14.764,755.0,14.200000000000001,77.0,2.5100000000000002,2.5100000000000002,2.5100000000000002,2.5100000000000002,1.0,1.0,751.0,1.0,0.0,761.0,85.0,93.0,0.02001807,0.02001807,7.0,0.999,23.0,16.0,16.0,-16.0,-5.0,-5.0,-5.0,-5.0,0.0,0.0,0.0,0.0,40.0,20.0,20.0,8.4,336.0,336.0,2.0,2.0,590.0,4390.0,0.0,0.0,0.0,1.0,19513.0,8.0,1.0,0.0,-27.875,-1.3125,-2.5625,29.0,-27.875,750.0,11.0,390.0,200.0,0.0,0.0,254.0,20.0,0.0,8.0,0.0,1.0,0.0,0.0,8.0,0.0,5.0,1.0,4.0,0.0,38.0,8495.0,86.0,0.0,0.0,0.0,0.0,24.0,0.0,0.0,4.1000000000000005,5000.0,4990.0,4980.0,1.0,1.0,0.0,33.0,1018.0,0.0,255.0,854.0,342.0
1789040175426,2026-09-10T15:36:15.426,744.0,14.100000000000001,77.0,2.58,2.58,2.58,2.58,1.0,1.0,742.0,1.0,0.0,751.0,84.5,92.5,0.013791989999999976,0.013791989999999976,7.0,0.999,24.0,16.0,16.0,-17.0,-3.0,-3.0,-3.0,-3.0,0.0,0.0,0.0,0.0,40.0,20.0,21.0,8.6,336.0,336.0,2.0,2.0,600.0,4390.0,0.0,0.0,0.0,1.0,19513.0,8.200000000000001,0.0,0.0,-27.875,-1.3125,-2.5625,29.0,-27.875,750.0,10.0,390.0,200.0,0.0,0.0,254.0,20.0,0.0,8.0,0.0,1.0,0.0,0.0,8.0,0.0,5.0,1.0,4.0,0.0,39.0,8495.0,86.0,0.0,0.0,0.0,0.0,24.0,0.0,0.0,4.1000000000000005,5000.0,4990.0,4980.0,1.0,1.0,0.0,33.0,1144.0,0.0,255.0,854.0,356.0
1789040176025,2026-09-10T15:36:16.026,746.0,14.200000000000001,77.0,2.54,2.54,2.54,2.54,1.0,1.0,708.0,1.0,0.0,712.0,84.5,92.5,-0.014530569999999993,-0.014530569999999993,6.0,0.999,24.0,15.0,15.0,-18.0,-2.0,-2.0,-2.0,-2.0,0.0,0.0,0.0,0.0,40.0,21.0,21.0,8.700000000000001,357.0,336.0,2.0,2.0,610.0,4380.0,0.0,0.0,0.0,1.0,19513.0,8.6,0.0,0.0,-28.3125,0.0625,-0.4375,29.4375,-28.3125,750.0,8.0,390.0,200.0,0.0,0.0,254.0,20.0,0.0,8.0,0.0,1.0,0.0,0.0,8.0,0.0,5.0,1.0,4.0,0.0,39.0,8495.0,86.0,0.0,0.0,0.0,0.0,24.0,0.0,0.0,4.1000000000000005,5000.0,4990.0,4980.0,1.0,1.0,0.0,33.0,1144.0,0.0,255.0,854.0,356.0
1789040176534,2026-09-10T15:36:16.535,747.0,14.100000000000001,77.0,2.68,2.68,2.68,2.68,0.0,1.0,234.0,1.0,0.0,703.0,86.0,94.0,0.011472470000000012,0.011472470000000012,6.0,0.999,24.0,15.0,15.0,-20.0,-2.0,-2.0,-2.0,-2.0,0.0,0.0,0.0,0.0,40.0,21.0,22.0,8.700000000000001,357.0,357.0,2.0,2.0,600.0,4390.0,0.0,0.0,0.0,1.0,19513.0,8.6,1.0,0.0,-28.3125,0.0625,-0.4375,29.4375,-28.3125,750.0,8.0,390.0,200.0,0.0,0.0,254.0,20.0,0.0,8.0,0.0,0.0,1.0,0.0,8.0,0.0,5.0,1.0,4.0,100.0,39.0,8495.0,86.0,0.0,0.0,0.0,0.0,24.0,0.0,0.0,4.1000000000000005,5000.0,4990.0,4980.0,1.0,1.0,0.0,33.0,1144.0,0.0,255.0,854.0,356.0
1789040177283,2026-09-10T15:36:17.283,743.0,14.100000000000001,77.0,2.7,2.7,2.7,2.7,0.0,1.0,444.0,0.0,0.0,83.0,85.0,93.0,0.01653115999999999,0.01653115999999999,5.0,0.999,24.0,15.0,15.0,-20.0,-3.0,-3.0,-3.0,-3.0,0.0,0.0,0.0,0.0,40.0,21.0,22.0,8.700000000000001,336.0,357.0,2.0,2.0,600.0,4390.0,0.0,0.0,0.0,1.0,19513.0,8.5,0.0,0.0,-28.75,-1.75,-1.3125,29.875,-28.75,750.0,9.0,390.0,200.0,0.0,0.0,254.0,20.0,0.0,8.0,0.0,0.0,1.0,0.0,8.0,0.0,5.0,1.0,4.0,100.0,40.0,8495.0,86.0,0.0,0.0,0.0,0.0,24.0,0.0,0.0,4.1000000000000005,5000.0,4990.0,4990.0,1.0,1.0,0.0,33.0,1392.0,0.0,255.0,854.0,353.0
1789040177854,2026-09-10T15:36:17.854,757.0,14.100000000000001,77.0,2.61,2.61,2.61,2.61,1.0,1.0,766.0,1.0,0.0,756.0,85.5,93.5,-0.006328319999999998,-0.006328319999999998,5.0,0.999,24.0,15.0,15.0,-18.0,-2.0,-2.0,-2.0,-2.0,0.0,0.0,0.0,0.0,40.0,27.0,22.0,9.0,420.0,336.0,3.0,3.0,630.0,4360.0,0.0,0.0,0.0,1.0,19513.0,10.700000000000001,0.0,0.0,-28.75,-1.75,-1.3125,29.875,-28.75,750.0,9.0,680.0,320.0,8.3,6.9,254.0,20.0,0.0,8.0,0.0,0.0,1.0,0.0,8.0,0.0,5.0,2.0,4.0,100.0,42.0,8495.0,86.0,0.0,0.0,0.0,0.0,24.0,0.0,0.0,4.1000000000000005,5000.0,4990.0,4990.0,1.0,1.0,0.0,33.0,1392.0,0.0,255.0,854.0,353.0
1789040178485,2026-09-10T15:36:18.485,896.0,14.200000000000001,77.0,3.2800000000000002,3.2800000000000002,3.2800000000000002,3.2800000000000002,1.0,1.0,756.0,1.0,0.0,756.0,86.0,93.0,-0.02207664000000001,-0.02207664000000001,4.0,0.999,41.0,16.0,16.0,-31.0,4.0,4.0,4.0,4.0,0.0,0.0,0.0,0.0,40.0,28.0,26.0,15.700000000000001,441.0,399.0,5.0,4.0,700.0,4300.0,0.0,0.0,0.0,1.0,19513.0,16.900000000000002,1.0,0.0,11.1875,12.0,13.1875,30.875,11.1875,750.0,9.0,770.0,370.0,11.100000000000001,9.5,254.0,20.0,0.0,8.0,0.0,0.0,1.0,0.0,8.0,0.0,5.0,2.0,4.0,100.0,43.0,8495.0,86.0,0.0,0.0,0.0,0.0,24.0,0.0,0.0,4.1000000000000005,5000.0,4990.0,4990.0,1.0,1.0,0.0,33.0,1392.0,0.0,255.0,854.0,353.0
1789040179146,2026-09-10T15:36:19.146,1581.0,14.200000000000001,77.0,2.97,2.97,2.97,2.97,1.0,1.0,463.0,1.0,0.0,717.0,84.0,91.5,-0.0687875,-0.0687875,4.0,0.999,55.0,24.0,24.0,-36.0,20.0,20.0,20.0,20.0,0.0,0.0,0.0,0.0,40.0,21.0,23.0,19.5,315.0,336.0,5.0,5.0,730.0,4250.0,0.0,0.0,0.0,1.0,19513.0,17.7,0.0,0.0,11.1875,12.0,13.1875,30.875,11.1875,750.0,10.0,770.0,370.0,11.100000000000001,9.8,254.0,20.0,0.0,8.0,0.0,0.0,1.0,0.0,8.0,0.0,5.0,2.0,4.0,100.0,43.0,8495.0,86.0,0.0,0.0,0.0,0.0,24.0,0.0,0.0,4.1000000000000005,5000.0,4990.0,4980.0,1.0,1.0,0.0,33.0,2546.0,0.0,255.0,854.0,351.0
1789040179744,2026-09-10T15:36:19.745,1523.0,14.3,77.0,2.95,2.95,2.95,2.95,0.0,1.0,429.0,0.0,0.0,97.0,83.5,91.0,0.027762520000000013,0.027762520000000013,4.0,0.999,54.0,24.0,24.0,-36.0,9.0,9.0,9.0,9.0,0.0,0.0,0.0,0.0,40.0,26.0,24.0,21.0,378.0,357.0,6.0,6.0,770.0,4210.0,0.0,0.0,0.0,1.0,19513.0,22.1,0.0,0.0,21.3125,16.375,16.25,25.9375,21.3125,750.0,11.0,970.0,460.0,16.900000000000002,15.4,254.0,20.0,0.0,8.0,0.0,0.0,0.0,0.0,8.0,0.0,5.0,2.0,4.0,0.0,43.0,8495.0,86.0,0.0,0.0,0.0,0.0,24.0,0.0,0.0,4.1000000000000005,5000.0,4990.0,4980.0,1.0,1.0,0.0,33.0,2546.0,0.0,255.0,854.0,351.0
1789040180254,2026-09-10T15:36:20.254,1641.0,14.200000000000001,77.0,3.85,3.85,3.85,3.85,1.0,1.0,668.0,1.0,0.0,693.0,84.5,93.0,-0.014660279999999998,-0.014660279999999998,4.0,0.999,83.0,24.0,24.0,-36.0,13.0,13.0,13.0,13.0,0.0,0.0,0.0,0.0,40.0,28.0,30.0,28.0,420.0,420.0,7.0,7.0,820.0,4160.0,0.0,0.0,0.0,1.0,19513.0,26.200000000000003,1.0,0.0,21.3125,16.375,16.25,25.9375,21.3125,750.0,12.0,1010.0,480.0,18.2,16.8,254.0,20.0,0.0,8.0,0.0,0.0,0.0,0.0,8.0,0.0,5.0,2.0,4.0,0.0,43.0,8495.0,86.0,0.0,0.0,0.0,0.0,24.0,0.0,0.0,4.1000000000000005,5000.0,4990.0,4980.0,1.0,1.0,0.0,33.0,2546.0,0.0,255.0,854.0,351.0
1789040181033,2026-09-10T15:36:21.034,1797.0,14.200000000000001,77.0,3.99,3.99,3.99,3.99,0.0,1.0,107.0,0.0,0.0,390.0,83.0,91.5,-0.007388890000000009,-0.007388890000000009,4.0,0.999,88.0,24.0,24.0,-36.0,21.0,21.0,21.0,21.0,0.0,0.0,0.0,0.0,40.0,34.0,34.0,36.300000000000004,504.0,483.0,9.0,9.0,910.0,4070.0,0.0,0.0,0.0,1.0,19513.0,35.6,1.0,0.0,34.375,36.625,36.625,22.125,34.375,750.0,14.0,1120.0,540.0,21.700000000000003,20.1,254.0,20.0,0.0,8.0,0.0,0.0,0.0,0.0,8.0,0.0,5.0,2.0,4.0,0.0,42.0,8495.0,86.0,0.0,0.0,0.0,0.0,24.0,0.0,0.0,4.1000000000000005,5000.0,4990.0,4980.0,1.0,1.0,0.0,33.0,2440.0,0.0,255.0,854.0,351.0
1789040181571,2026-09-10T15:36:21.572,2170.0,14.200000000000001,77.0,4.07,4.07,4.07,4.07,1.0,1.0,683.0,1.0,0.0,688.0,82.0,92.0,-0.030645129999999993,-0.030645129999999993,4.0,0.999,99.0,27.0,27.0,-32.0,27.0,27.0,27.0,27.0,0.0,0.0,0.0,0.0,40.0,29.0,31.0,37.7,420.0,441.0,9.0,9.0,890.0,4090.0,0.0,0.0,0.0,1.0,19513.0,35.2,0.0,0.0,34.375,36.625,36.625,22.125,34.375,750.0,16.0,1120.0,540.0,21.700000000000003,20.400000000000002,254.0,20.0,0.0,8.0,0.0,0.0,0.0,0.0,8.0,0.0,5.0,2.0,4.0,0.0,40.0,8495.0,86.0,0.0,0.0,0.0,0.0,24.0,0.0,0.0,4.1000000000000005,5000.0,4990.0,4980.0,1.0,1.0,0.0,33.0,2440.0,0.0,255.0,854.0,351.0
1789040182204,2026-09-10T15:36:22.205,2348.0,14.3,78.0,3.69,3.69,3.69,3.69,0.0,1.0,117.0,0.0,0.0,102.0,80.0,91.5,0.009961730000000002,0.009961730000000002,4.0,0.999,99.0,30.0,30.0,-27.0,30.0,30.0,30.0,30.0,0.0,0.0,0.0,0.0,40.0,27.0,27.0,36.0,378.0,378.0,9.0,9.0,880.0,4100.0,0.0,0.0,0.0,1.0,19513.0,34.5,1.0,0.0,23.3125,25.0,24.8125,20.8125,23.3125,750.0,17.0,1160.0,560.0,22.8,21.200000000000003,254.0,20.0,0.0,8.0,0.0,0.0,0.0,0.0,8.0,0.0,5.0,2.0,4.0,0.0,41.0,8495.0,86.0,0.0,0.0,0.0,0.0,24.0,0.0,0.0,4.1000000000000005,5000.0,4990.0,4980.0,1.0,1.0,0.0,33.0,2440.0,0.0,255.0,854.0,351.0
1789040182836,2026-09-10T15:36:22.837,2547.0,14.200000000000001,78.0,3.56,3.56,3.56,3.56,0.0,1.0,63.0,0.0,0.0,63.0,79.0,92.0,0.006848689999999991,0.006848689999999991,4.0,0.999,99.0,29.0,29.0,-27.0,29.0,29.0,29.0,29.0,0.0,0.0,0.0,0.0,40.0,33.0,30.0,45.0,462.0,420.0,11.0,11.0,1000.0,3980.0,0.0,0.0,0.0,1.0,19513.0,47.1,1.0,0.0,23.3125,25.0,24.8125,20.8125,23.3125,750.0,18.0,1300.0,630.0,27.1,25.6,254.0,20.0,0.0,8.0,0.0,0.0,0.0,0.0,8.0,0.0,5.0,2.0,4.0,0.0,38.0,8495.0,86.0,0.0,0.0,0.0,0.0,24.0,0.0,0.0,4.1000000000000005,5000.0,4990.0,4980.0,1.0,1.0,0.0,33.0,4647.0,0.0,255.0,854.0,351.0
1789040183465,2026-09-10T15:36:23.465,2823.0,14.3,78.0,5.24,5.24,5.24,5.24,1.0,1.0,761.0,1.0,0.0,703.0,76.5,92.0,0.020765809999999996,0.020765809999999996,4.0,0.999,99.0,26.0,26.0,-30.0,23.0,23.0,23.0,23.0,0.0,0.0,0.0,0.0,40.0,43.0,48.0,75.7,504.0,546.0,15.0,15.0,1150.0,3830.0,17.0,22.0,26.0,1.0,19513.0,69.3,0.0,0.0,49.75,51.375,54.125,20.625,49.75,750.0,21.0,1310.0,630.0,28.0,26.200000000000003,254.0,20.0,0.0,8.0,0.0,0.0,0.0,0.0,8.0,0.0,5.0,2.0,4.0,0.0,38.0,8495.0,86.0,0.0,0.0,0.0,0.0,24.0,0.0,0.0,4.1000000000000005,5000.0,4990.0,4980.0,1.0,1.0,0.0,33.0,4647.0,0.0,255.0,854.0,351.0
1789040184034,2026-09-10T15:36:24.034,3116.0,14.200000000000001,78.0,3.5700000000000003,3.5700000000000003,3.5700000000000003,3.5700000000000003,1.0,1.0,800.0,1.0,0.0,747.0,73.0,92.0,-0.007724609999999993,-0.007724609999999993,4.0,0.999,99.0,34.0,34.0,-24.0,-14.0,-14.0,-14.0,-14.0,0.0,0.0,0.0,0.0,39.0,13.0,18.0,27.0,210.0,273.0,6.0,6.0,770.0,4210.0,0.0,0.0,0.0,1.0,19513.0,21.3,1.0,0.0,49.75,51.375,54.125,20.625,49.75,750.0,22.0,390.0,200.0,0.0,0.0,254.0,20.0,0.0,8.0,0.0,0.0,1.0,0.0,8.0,0.0,5.0,0.0,4.0,100.0,41.0,8495.0,86.0,0.0,0.0,0.0,0.0,24.0,0.0,0.0,4.1000000000000005,5000.0,4990.0,4980.0,1.0,1.0,0.0,33.0,4647.0,0.0,255.0,854.0,351.0
1789040184846,2026-09-10T15:36:24.847,2311.0,14.200000000000001,78.0,0.0,0.0,0.0,0.0,0.0,0.0,0.0,0.0,0.0,0.0,68.5,92.0,1.9839999999993196e-05,1.9839999999993196e-05,3.0,0.999,0.0,37.0,37.0,-11.0,-11.0,-11.0,-11.0,-11.0,0.0,0.0,0.0,0.0,39.0,13.0,16.0,16.400000000000002,210.0,231.0,4.0,4.0,680.0,4300.0,0.0,0.0,0.0,1.0,19513.0,14.100000000000001,1.0,0.0,1.5,-1.9375,-2.9375,22.4375,1.5,750.0,22.0,770.0,370.0,11.3,10.100000000000001,254.0,20.0,0.0,8.0,0.0,0.0,1.0,0.0,8.0,0.0,5.0,2.0,4.0,100.0,42.0,8495.0,86.0,0.0,0.0,0.0,0.0,25.0,0.0,0.0,4.1000000000000005,5000.0,4990.0,4990.0,1.0,1.0,0.0,33.0,1951.0,0.0,255.0,854.0,273.0
1789040185357,2026-09-10T15:36:25.357,1962.0,14.200000000000001,78.0,2.0100000000000002,2.0100000000000002,2.0100000000000002,2.0100000000000002,1.0,0.0,844.0,1.0,0.0,693.0,67.5,91.5,1.9839999999993196e-05,1.9839999999993196e-05,3.0,1.04,0.0,40.0,40.0,-18.0,39.0,39.0,39.0,39.0,0.0,0.0,0.0,0.0,39.0,16.0,15.0,15.600000000000001,231.0,231.0,4.0,4.0,700.0,4290.0,0.0,0.0,0.0,1.0,19513.0,15.8,0.0,0.0,1.5,-1.9375,-2.9375,22.4375,1.5,750.0,22.0,780.0,370.0,11.600000000000001,10.4,254.0,20.0,0.0,8.0,0.0,0.0,1.0,0.0,8.0,0.0,5.0,2.0,4.0,100.0,44.0,8495.0,86.0,0.0,0.0,0.0,0.0,25.0,0.0,0.0,4.1000000000000005,5000.0,4990.0,4990.0,1.0,1.0,0.0,33.0,1951.0,0.0,255.0,854.0,273.0
1789040186105,2026-09-10T15:36:26.105,1693.0,14.3,78.0,2.29,2.29,2.29,2.29,0.0,1.0,58.0,0.0,0.0,87.0,67.5,91.5,0.012433849999999969,0.012433849999999969,3.0,0.999,4.0,28.0,28.0,-26.0,9.0,9.0,9.0,9.0,0.0,0.0,0.0,0.0,39.0,23.0,21.0,20.0,336.0,294.0,6.0,6.0,770.0,4200.0,0.0,0.0,0.0,1.0,19513.0,22.0,0.0,0.0,15.75,25.5625,14.375,23.375,15.75,750.0,22.0,860.0,410.0,13.9,12.700000000000001,254.0,20.0,0.0,8.0,0.0,0.0,0.0,0.0,8.0,0.0,5.0,2.0,4.0,0.0,41.0,8495.0,86.0,0.0,0.0,0.0,0.0,25.0,0.0,0.0,4.1000000000000005,5000.0,4990.0,4990.0,1.0,1.0,0.0,33.0,1951.0,0.0,255.0,854.0,273.0
1789040186737,2026-09-10T15:36:26.737,1700.0,14.200000000000001,78.0,3.17,3.17,3.17,3.17,1.0,1.0,839.0,1.0,0.0,751.0,67.5,91.0,0.013624130000000012,0.013624130000000012,4.0,0.999,9.0,24.0,24.0,-36.0,7.0,7.0,7.0,7.0,0.0,0.0,0.0,0.0,39.0,13.0,21.0,18.2,210.0,294.0,3.0,3.0,660.0,4340.0,0.0,0.0,0.0,1.0,19513.0,12.4,1.0,0.0,15.75,25.5625,14.375,23.375,15.75,750.0,22.0,620.0,290.0,6.6000000000000005,5.4,254.0,20.0,0.0,8.0,0.0,0.0,0.0,0.0,8.0,0.0,5.0,2.0,4.0,0.0,43.0,8495.0,86.0,0.0,0.0,0.0,0.0,25.0,0.0,0.0,4.1000000000000005,5000.0,4990.0,4980.0,1.0,1.0,0.0,33.0,3973.0,0.0,255.0,854.0,264.0
1789040187366,2026-09-10T15:36:27.367,1725.0,14.3,78.0,1.8900000000000001,1.8900000000000001,1.8900000000000001,1.8900000000000001,1.0,1.0,659.0,1.0,0.0,791.0,67.5,91.0,-0.01032644000000002,-0.01032644000000002,3.0,0.999,8.0,37.0,37.0,-6.0,37.0,37.0,37.0,37.0,0.0,0.0,0.0,0.0,39.0,14.0,15.0,14.3,210.0,231.0,3.0,3.0,660.0,4330.0,0.0,0.0,0.0,1.0,19513.0,13.0,0.0,0.0,-1.5625,-0.1875,-0.25,24.3125,-1.5625,750.0,22.0,650.0,300.0,7.5,6.300000000000001,254.0,20.0,0.0,8.0,0.0,0.0,0.0,0.0,8.0,0.0,5.0,2.0,4.0,0.0,41.0,8495.0,86.0,0.0,0.0,0.0,0.0,25.0,0.0,0.0,4.1000000000000005,5000.0,4990.0,4980.0,1.0,1.0,0.0,33.0,3973.0,0.0,255.0,854.0,264.0
1789040187872,2026-09-10T15:36:27.872,1764.0,14.3,78.0,1.98,1.98,1.98,1.98,0.0,1.0,73.0,0.0,0.0,58.0,68.0,91.0,0.04056566,0.04056566,3.0,0.999,10.0,38.0,38.0,3.0,38.0,38.0,38.0,38.0,0.0,0.0,0.0,0.0,39.0,14.0,15.0,14.600000000000001,210.0,231.0,4.0,4.0,670.0,4320.0,0.0,0.0,0.0,1.0,19513.0,13.700000000000001,0.0,0.0,-1.5625,-0.1875,-0.25,24.3125,-1.5625,750.0,22.0,670.0,310.0,8.200000000000001,6.9,254.0,20.0,0.0,8.0,0.0,0.0,0.0,0.0,8.0,0.0,5.0,2.0,4.0,0.0,39.0,8495.0,86.0,0.0,0.0,0.0,0.0,25.0,0.0,0.0,4.1000000000000005,5000.0,4990.0,4980.0,1.0,1.0,0.0,33.0,3973.0,0.0,255.0,854.0,264.0
1789040188654,2026-09-10T15:36:28.654,1700.0,14.3,78.0,2.04,2.04,2.04,2.04,1.0,1.0,766.0,1.0,0.0,458.0,68.5,91.5,0.03910069999999999,0.03910069999999999,3.0,0.999,10.0,37.0,37.0,2.0,37.0,37.0,37.0,37.0,0.0,0.0,0.0,0.0,39.0,14.0,15.0,14.8,210.0,231.0,4.0,4.0,670.0,4310.0,0.0,0.0,0.0,1.0,19513.0,13.8,1.0,0.0,-14.0,-1.875,-0.9375,23.4375,-20.9375,750.0,22.0,390.0,200.0,0.0,0.0,254.0,20.0,0.0,8.0,0.0,0.0,0.0,0.0,8.0,0.0,5.0,2.0,4.0,0.0,38.0,8495.0,86.0,0.0,0.0,0.0,0.0,25.0,0.0,0.0,4.1000000000000005,5000.0,4990.0,4990.0,1.0,1.0,0.0,33.0,2720.0,0.0,255.0,854.0,238.0
1789040189193,2026-09-10T15:36:29.194,1759.0,14.3,78.0,1.8,1.8,1.8,1.8,0.0,1.0,39.0,1.0,0.0,463.0,68.5,91.0,-0.006099419999999994,-0.006099419999999994,2.0,0.999,12.0,38.0,38.0,-15.0,7.0,7.0,7.0,7.0,0.0,0.0,0.0,0.0,39.0,14.0,14.0,13.600000000000001,210.0,210.0,3.0,3.0,660.0,4320.0,0.0,0.0,0.0,1.0,19513.0,12.700000000000001,0.0,0.0,-14.0,-1.875,-0.9375,23.4375,-20.9375,750.0,22.0,390.0,200.0,0.0,0.0,254.0,20.0,0.0,8.0,0.0,1.0,0.0,0.0,8.0,0.0,5.0,2.0,4.0,0.0,37.0,8495.0,86.0,0.0,0.0,0.0,0.0,25.0,0.0,0.0,4.1000000000000005,5000.0,4990.0,4990.0,1.0,1.0,0.0,33.0,2720.0,0.0,255.0,854.0,238.0
1789040189824,2026-09-10T15:36:29.824,1741.0,14.200000000000001,78.0,1.86,1.86,1.86,1.86,0.0,1.0,43.0,0.0,0.0,39.0,68.5,91.5,0.05348324999999998,0.05348324999999998,2.0,0.999,12.0,38.0,38.0,-15.0,-8.0,-8.0,-8.0,-8.0,0.0,0.0,0.0,0.0,39.0,14.0,14.0,13.5,210.0,210.0,3.0,3.0,650.0,4330.0,0.0,0.0,0.0,1.0,19513.0,12.600000000000001,0.0,0.0,-23.4375,-23.375,-23.6875,24.75,-23.4375,750.0,22.0,390.0,200.0,0.0,0.0,254.0,20.0,0.0,8.0,0.0,1.0,0.0,0.0,8.0,0.0,5.0,0.0,4.0,0.0,37.0,8495.0,86.0,0.0,0.0,0.0,0.0,25.0,0.0,0.0,4.1000000000000005,5000.0,4990.0,4990.0,1.0,1.0,0.0,33.0,2720.0,0.0,255.0,854.0,238.0
1789040190515,2026-09-10T15:36:30.516,1676.0,14.200000000000001,78.0,0.0,0.0,0.0,0.0,0.0,0.0,9.0,0.0,0.0,19.0,68.5,91.5,1.9839999999993196e-05,1.9839999999993196e-05,2.0,0.999,0.0,36.0,36.0,-17.0,-17.0,-17.0,-17.0,-17.0,0.0,0.0,0.0,0.0,39.0,14.0,15.0,12.9,210.0,231.0,3.0,3.0,640.0,4340.0,0.0,0.0,0.0,1.0,19513.0,11.9,1.0,0.0,-23.4375,-23.375,-23.6875,24.75,-23.4375,750.0,20.0,390.0,200.0,0.0,0.0,254.0,20.0,0.0,8.0,0.0,1.0,0.0,0.0,8.0,0.0,5.0,0.0,4.0,0.0,38.0,8495.0,86.0,0.0,0.0,0.0,0.0,25.0,0.0,0.0,4.1000000000000005,5000.0,4990.0,4980.0,1.0,1.0,0.0,32.0,3795.0,0.0,255.0,854.0,234.0
1789040191145,2026-09-10T15:36:31.145,1527.0,14.200000000000001,78.0,0.0,0.0,0.0,0.0,0.0,0.0,0.0,0.0,0.0,0.0,69.5,91.5,1.9839999999993196e-05,1.9839999999993196e-05,2.0,0.999,0.0,37.0,37.0,4.0,4.0,4.0,4.0,4.0,0.0,0.0,0.0,0.0,39.0,13.0,14.0,10.9,210.0,210.0,3.0,2.0,620.0,4370.0,0.0,0.0,0.0,1.0,19513.0,10.4,0.0,0.0,-25.8125,-25.8125,-26.125,27.125,-25.8125,750.0,18.0,390.0,200.0,0.0,0.0,254.0,20.0,0.0,8.0,0.0,1.0,0.0,0.0,8.0,0.0,5.0,0.0,4.0,0.0,36.0,8495.0,86.0,0.0,0.0,0.0,0.0,25.0,0.0,0.0,4.1000000000000005,5000.0,4990.0,4980.0,1.0,1.0,0.0,32.0,3795.0,0.0,255.0,854.0,234.0
1789040191655,2026-09-10T15:36:31.656,1342.0,14.3,79.0,2.41,2.41,2.41,2.41,0.0,0.0,0.0,0.0,0.0,0.0,71.0,91.0,1.9839999999993196e-05,1.9839999999993196e-05,2.0,1.47,0.0,40.0,40.0,-16.0,-16.0,-16.0,-16.0,-16.0,0.0,0.0,0.0,0.0,39.0,13.0,13.0,9.1,210.0,210.0,2.0,2.0,610.0,4370.0,0.0,0.0,0.0,1.0,19513.0,9.0,0.0,0.0,-25.8125,-25.8125,-26.125,27.125,-25.8125,750.0,16.0,390.0,200.0,0.0,0.0,254.0,20.0,0.0,8.0,0.0,1.0,0.0,0.0,8.0,0.0,5.0,2.0,4.0,0.0,34.0,8495.0,86.0,0.0,0.0,0.0,0.0,25.0,0.0,0.0,4.1000000000000005,5000.0,4990.0,4980.0,1.0,1.0,0.0,32.0,3795.0,0.0,255.0,854.0,234.0
1789040192465,2026-09-10T15:36:32.465,1205.0,14.200000000000001,79.0,1.99,1.99,1.99,1.99,0.0,0.0,34.0,0.0,0.0,0.0,72.0,91.5,1.9839999999993196e-05,1.9839999999993196e-05,2.0,1.272,0.0,39.0,39.0,7.0,7.0,7.0,7.0,7.0,0.0,0.0,0.0,0.0,39.0,13.0,12.0,7.300000000000001,210.0,210.0,1.0,1.0,580.0,4400.0,0.0,0.0,0.0,1.0,19513.0,7.300000000000001,1.0,0.0,-27.75,-22.125,-15.8125,29.0625,-27.75,750.0,13.0,390.0,200.0,0.0,0.0,254.0,20.0,0.0,8.0,0.0,1.0,1.0,0.0,8.0,0.0,5.0,1.0,4.0,100.0,32.0,8495.0,86.0,0.0,0.0,0.0,0.0,25.0,0.0,0.0,4.1000000000000005,5000.0,4990.0,4980.0,1.0,1.0,0.0,32.0,1337.0,0.0,255.0,854.0,221.0
1789040192973,2026-09-10T15:36:32.974,782.0,14.0,79.0,2.05,2.05,2.05,2.05,1.0,1.0,839.0,1.0,0.0,747.0,75.5,94.5,-0.003093200000000018,-0.003093200000000018,2.0,1.039,3.0,26.0,26.0,-3.0,21.0,21.0,21.0,21.0,0.0,0.0,0.0,0.0,39.0,28.0,19.0,8.0,441.0,294.0,3.0,3.0,630.0,4360.0,0.0,0.0,0.0,1.0,19513.0,11.200000000000001,0.0,0.0,-27.75,-22.125,-15.8125,29.0625,-27.75,750.0,9.0,390.0,200.0,0.0,0.0,254.0,20.0,0.0,8.0,0.0,1.0,1.0,0.0,8.0,0.0,5.0,1.0,4.0,100.0,32.0,8495.0,86.0,0.0,0.0,0.0,0.0,25.0,0.0,0.0,4.1000000000000005,5000.0,4990.0,4980.0,1.0,1.0,0.0,32.0,1337.0,0.0,255.0,854.0,221.0
1789040193634,2026-09-10T15:36:33.634,774.0,14.100000000000001,79.0,3.12,3.12,3.12,3.12,1.0,1.0,800.0,1.0,0.0,795.0,73.5,92.0,-0.008151889999999995,-0.008151889999999995,2.0,0.999,5.0,15.0,15.0,-20.0,-7.0,-7.0,-7.0,-7.0,0.0,0.0,0.0,0.0,40.0,22.0,22.0,9.1,336.0,357.0,2.0,2.0,600.0,4380.0,0.0,0.0,0.0,1.0,19513.0,9.1,0.0,0.0,-27.4375,-5.25,-5.0625,28.75,-27.4375,750.0,8.0,390.0,200.0,0.0,0.0,254.0,20.0,0.0,8.0,0.0,0.0,1.0,0.0,8.0,0.0,5.0,1.0,4.0,100.0,34.0,8495.0,86.0,0.0,0.0,0.0,0.0,25.0,0.0,0.0,4.1000000000000005,5000.0,4990.0,4980.0,1.0,1.0,0.0,32.0,1337.0,0.0,255.0,854.0,221.0
1789040194296,2026-09-10T15:36:34.296,758.0,14.200000000000001,79.0,2.7,2.7,2.7,2.7,1.0,1.0,859.0,1.0,0.0,844.0,73.0,91.0,-0.014767100000000005,-0.014767100000000005,2.0,0.999,6.0,16.0,16.0,-14.0,14.0,14.0,14.0,14.0,0.0,0.0,0.0,0.0,40.0,22.0,21.0,9.1,357.0,336.0,2.0,2.0,620.0,4370.0,0.0,0.0,0.0,1.0,19513.0,9.5,1.0,0.0,-27.4375,-5.25,-5.0625,28.75,-27.4375,750.0,8.0,540.0,250.0,4.5,3.4000000000000004,254.0,20.0,0.0,8.0,0.0,0.0,1.0,0.0,8.0,0.0,5.0,2.0,4.0,100.0,38.0,8495.0,86.0,0.0,0.0,0.0,0.0,25.0,0.0,0.0,4.1000000000000005,5000.0,4990.0,4990.0,1.0,1.0,0.0,32.0,1284.0,0.0,255.0,854.0,281.0
1789040194925,2026-09-10T15:36:34.925,999.0,14.3,79.0,3.0500000000000003,3.0500000000000003,3.0500000000000003,3.0500000000000003,1.0,1.0,844.0,1.0,0.0,849.0,74.5,92.0,-0.04679784000000001,-0.04679784000000001,2.0,0.999,10.0,18.0,18.0,-32.0,14.0,14.0,14.0,14.0,0.0,0.0,0.0,0.0,40.0,37.0,26.0,19.5,525.0,399.0,7.0,7.0,810.0,4170.0,0.0,0.0,0.0,1.0,19513.0,24.5,1.0,0.0,25.9375,21.25,21.125,28.5,25.9375,750.0,8.0,910.0,430.0,15.3,14.200000000000001,254.0,20.0,0.0,8.0,0.0,0.0,1.0,0.0,8.0,0.0,5.0,2.0,4.0,100.0,37.0,8495.0,86.0,0.0,0.0,0.0,0.0,25.0,0.0,0.0,4.1000000000000005,5000.0,4990.0,4990.0,1.0,1.0,0.0,32.0,1284.0,0.0,255.0,854.0,281.0
1789040195464,2026-09-10T15:36:35.465,1666.0,14.3,79.0,3.92,3.92,3.92,3.92,0.0,1.0,68.0,1.0,0.0,644.0,73.5,90.5,-0.056388750000000015,-0.056388750000000015,2.0,0.999,14.0,24.0,24.0,-36.0,8.0,8.0,8.0,8.0,0.0,0.0,0.0,0.0,40.0,24.0,27.0,27.1,357.0,378.0,7.0,7.0,800.0,4180.0,0.0,0.0,0.0,1.0,19513.0,24.8,0.0,0.0,25.9375,21.25,21.125,28.5,25.9375,750.0,8.0,930.0,440.0,15.9,14.8,254.0,20.0,0.0,8.0,0.0,0.0,1.0,0.0,8.0,0.0,5.0,2.0,4.0,100.0,36.0,8495.0,86.0,0.0,0.0,0.0,0.0,25.0,0.0,0.0,4.1000000000000005,5000.0,4990.0,4990.0,1.0,1.0,0.0,32.0,1284.0,0.0,255.0,854.0,281.0
1789040196214,2026-09-10T15:36:36.214,2085.0,14.200000000000001,79.0,2.84,2.84,2.84,2.84,0.0,1.0,185.0,1.0,0.0,610.0,73.5,90.5,-0.0548246,-0.0548246,2.0,0.999,16.0,28.0,28.0,-36.0,24.0,24.0,24.0,24.0,0.0,0.0,0.0,0.0,40.0,21.0,22.0,24.6,315.0,315.0,7.0,7.0,800.0,4180.0,0.0,0.0,0.0,1.0,19513.0,23.5,1.0,0.0,15.75,36.0,14.4375,22.9375,15.75,750.0,10.0,930.0,440.0,15.9,14.8,254.0,20.0,0.0,8.0,0.0,0.0,1.0,0.0,8.0,0.0,5.0,2.0,4.0,100.0,37.0,8495.0,86.0,0.0,0.0,0.0,0.0,25.0,0.0,0.0,4.1000000000000005,5000.0,4990.0,4980.0,1.0,1.0,0.0,32.0,2003.0,0.0,255.0,854.0,279.0
1789040196756,2026-09-10T15:36:36.757,1468.0,14.3,79.0,3.84,3.84,3.84,3.84,1.0,1.0,722.0,0.0,0.0,224.0,73.0,90.5,-0.005115150000000013,-0.005115150000000013,2.0,0.999,18.0,22.0,22.0,-36.0,-2.0,-2.0,-2.0,-2.0,0.0,0.0,0.0,0.0,40.0,38.0,32.0,28.900000000000002,525.0,441.0,9.0,9.0,890.0,4080.0,0.0,0.0,0.0,1.0,19513.0,32.800000000000004,1.0,0.0,15.75,36.0,14.4375,22.9375,15.75,750.0,11.0,1070.0,520.0,20.3,19.200000000000003,254.0,20.0,0.0,8.0,0.0,0.0,1.0,0.0,8.0,0.0,5.0,2.0,4.0,100.0,38.0,8495.0,86.0,0.0,0.0,0.0,0.0,25.0,0.0,0.0,4.1000000000000005,5000.0,4990.0,4980.0,1.0,1.0,0.0,32.0,2003.0,0.0,255.0,854.0,279.0
1789040197443,2026-09-10T15:36:37.444,1683.0,14.200000000000001,79.0,4.86,4.86,4.86,4.86,0.0,1.0,68.0,0.0,0.0,112.0,72.5,90.5,0.0057804899999999715,0.0057804899999999715,3.0,0.999,23.0,22.0,22.0,-33.0,10.0,10.0,10.0,10.0,0.0,0.0,0.0,0.0,40.0,33.0,34.0,33.300000000000004,483.0,483.0,9.0,9.0,870.0,4110.0,0.0,0.0,0.0,1.0,19513.0,32.6,0.0,0.0,32.6875,33.0625,32.375,21.6875,32.6875,750.0,13.0,1070.0,510.0,20.200000000000003,18.900000000000002,254.0,20.0,0.0,8.0,0.0,0.0,0.0,0.0,8.0,0.0,5.0,2.0,4.0,0.0,38.0,8495.0,86.0,0.0,0.0,0.0,0.0,25.0,0.0,0.0,4.1000000000000005,5000.0,4990.0,4980.0,1.0,1.0,0.0,32.0,2003.0,0.0,255.0,854.0,279.0
1789040198076,2026-09-10T15:36:38.077,1999.0,14.3,79.0,4.08,4.08,4.08,4.08,1.0,1.0,664.0,1.0,0.0,683.0,71.5,90.5,-0.013439480000000004,-0.013439480000000004,3.0,0.999,26.0,24.0,24.0,-36.0,21.0,21.0,21.0,21.0,0.0,0.0,0.0,0.0,39.0,29.0,30.0,33.6,420.0,420.0,8.0,8.0,860.0,4120.0,0.0,0.0,0.0,1.0,19513.0,32.6,1.0,0.0,32.6875,33.0625,32.375,21.6875,32.6875,750.0,15.0,1060.0,510.0,19.900000000000002,18.6,254.0,20.0,0.0,8.0,0.0,0.0,0.0,0.0,8.0,0.0,5.0,2.0,4.0,0.0,37.0,8495.0,86.0,0.0,0.0,0.0,0.0,25.0,0.0,0.0,4.1000000000000005,5000.0,4990.0,4980.0,1.0,1.0,0.0,32.0,2028.0,0.0,255.0,854.0,279.0
1789040198733,2026-09-10T15:36:38.734,2240.0,14.3,80.0,3.48,3.48,3.48,3.48,1.0,1.0,737.0,1.0,0.0,683.0,71.0,90.5,-0.004046949999999994,-0.004046949999999994,4.0,0.999,28.0,29.0,29.0,-36.0,17.0,17.0,17.0,17.0,0.0,0.0,0.0,0.0,39.0,25.0,26.0,33.0,357.0,357.0,8.0,8.0,860.0,4120.0,0.0,0.0,0.0,1.0,19513.0,32.0,1.0,0.0,22.125,26.5,22.6875,20.625,22.125,750.0,17.0,1060.0,510.0,20.0,18.900000000000002,254.0,20.0,0.0,8.0,0.0,0.0,0.0,0.0,8.0,0.0,5.0,2.0,4.0,0.0,37.0,8495.0,86.0,0.0,0.0,0.0,0.0,25.0,0.0,0.0,4.1000000000000005,5000.0,4990.0,4980.0,1.0,1.0,0.0,32.0,2028.0,0.0,255.0,854.0,279.0
1789040199274,2026-09-10T15:36:39.275,2477.0,14.3,80.0,3.06,3.06,3.06,3.06,1.0,1.0,434.0,1.0,0.0,639.0,70.0,90.5,-0.012500990000000017,-0.012500990000000017,4.0,0.999,32.0,30.0,30.0,-36.0,27.0,27.0,27.0,27.0,0.0,0.0,0.0,0.0,39.0,23.0,23.0,31.900000000000002,336.0,336.0,8.0,8.0,860.0,4110.0,0.0,0.0,0.0,1.0,19513.0,31.700000000000003,0.0,0.0,22.125,26.5,22.6875,20.625,22.125,750.0,18.0,1060.0,510.0,19.900000000000002,18.6,254.0,20.0,0.0,8.0,0.0,0.0,0.0,0.0,8.0,0.0,5.0,2.0,4.0,0.0,41.0,8495.0,86.0,0.0,0.0,0.0,0.0,25.0,0.0,0.0,4.1000000000000005,5000.0,4990.0,4980.0,1.0,1.0,0.0,32.0,2028.0,0.0,255.0,854.0,279.0
1789040200053,2026-09-10T15:36:40.054,2558.0,14.3,80.0,2.39,2.39,2.39,2.39,0.0,1.0,97.0,0.0,0.0,87.0,69.5,91.0,0.06621009,0.06621009,4.0,0.999,34.0,36.0,36.0,-22.0,-19.0,-19.0,-19.0,-19.0,0.0,0.0,0.0,0.0,39.0,14.0,16.0,18.5,210.0,231.0,4.0,5.0,720.0,4270.0,0.0,0.0,0.0,1.0,19513.0,16.1,0.0,0.0,-20.1875,-20.1875,-20.375,21.3125,-20.1875,750.0,18.0,390.0,200.0,0.0,0.0,254.0,20.0,0.0,8.0,0.0,0.0,1.0,0.0,8.0,0.0,5.0,0.0,4.0,100.0,41.0,8495.0,86.0,0.0,0.0,0.0,0.0,25.0,0.0,0.0,4.1000000000000005,5000.0,4990.0,4980.0,1.0,1.0,0.0,32.0,2608.0,0.0,255.0,854.0,258.0
1789040200592,2026-09-10T15:36:40.593,1353.0,14.200000000000001,80.0,2.46,2.46,2.46,2.46,0.0,0.0,0.0,0.0,0.0,0.0,68.5,90.5,1.9839999999993196e-05,1.9839999999993196e-05,4.0,1.31,0.0,40.0,40.0,2.0,2.0,2.0,2.0,2.0,0.0,0.0,0.0,0.0,39.0,13.0,13.0,9.200000000000001,210.0,210.0,2.0,2.0,600.0,4380.0,0.0,0.0,0.0,1.0,19513.0,8.6,1.0,0.0,-20.1875,-20.1875,-20.375,21.3125,-20.1875,750.0,19.0,390.0,200.0,0.0,0.0,254.0,20.0,0.0,8.0,0.0,0.0,1.0,0.0,8.0,0.0,5.0,1.0,4.0,100.0,42.0,8495.0,86.0,0.0,0.0,0.0,0.0,25.0,0.0,0.0,4.1000000000000005,5000.0,4990.0,4980.0,1.0,1.0,0.0,32.0,2608.0,0.0,255.0,854.0,258.0
1789040201345,2026-09-10T15:36:41.345,1130.0,14.200000000000001,80.0,1.83,1.83,1.83,1.83,0.0,0.0,117.0,0.0,0.0,14.0,69.5,90.5,1.9839999999993196e-05,1.9839999999993196e-05,4.0,1.113,0.0,33.0,33.0,7.0,21.0,21.0,21.0,21.0,0.0,0.0,0.0,0.0,39.0,19.0,13.0,7.5,294.0,231.0,3.0,2.0,620.0,4370.0,0.0,0.0,0.0,1.0,19513.0,10.3,0.0,0.0,-26.8125,-3.9375,-3.9375,28.25,-26.8125,750.0,19.0,390.0,200.0,0.0,0.0,254.0,20.0,0.0,8.0,0.0,0.0,0.0,0.0,8.0,0.0,5.0,1.0,4.0,0.0,43.0,8495.0,86.0,0.0,0.0,0.0,0.0,25.0,0.0,0.0,4.1000000000000005,5000.0,4990.0,4980.0,1.0,1.0,0.0,32.0,2608.0,0.0,255.0,854.0,258.0
1789040202005,2026-09-10T15:36:42.005,981.0,14.3,80.0,2.46,2.46,2.46,2.46,1.0,1.0,825.0,1.0,0.0,786.0,69.5,90.0,-0.0027574800000000066,-0.0027574800000000066,4.0,0.999,4.0,21.0,21.0,-8.0,3.0,3.0,3.0,3.0,0.0,0.0,0.0,0.0,39.0,19.0,19.0,10.4,294.0,294.0,3.0,3.0,630.0,4360.0,0.0,0.0,0.0,1.0,19513.0,10.4,0.0,0.0,-26.8125,-3.9375,-3.9375,28.25,-26.8125,750.0,19.0,390.0,200.0,0.0,0.0,254.0,20.0,0.0,8.0,0.0,0.0,0.0,0.0,8.0,0.0,5.0,1.0,4.0,0.0,43.0,8495.0,86.0,0.0,0.0,0.0,0.0,25.0,0.0,0.0,4.1000000000000005,5000.0,4990.0,4990.0,1.0,1.0,0.0,32.0,1398.0,0.0,255.0,854.0,240.0
1789040202606,2026-09-10T15:36:42.606,978.0,14.100000000000001,80.0,2.21,2.21,2.21,2.21,1.0,1.0,844.0,1.0,0.0,825.0,73.0,94.0,-0.008510500000000004,-0.008510500000000004,4.0,0.999,5.0,25.0,25.0,-4.0,11.0,11.0,11.0,11.0,0.0,0.0,0.0,0.0,39.0,17.0,17.0,8.700000000000001,273.0,273.0,2.0,2.0,610.0,4380.0,0.0,0.0,0.0,1.0,19513.0,9.1,1.0,0.0,-27.75,-3.3125,-3.25,29.1875,-27.75,750.0,19.0,390.0,200.0,0.0,0.0,254.0,20.0,0.0,8.0,0.0,1.0,0.0,0.0,8.0,0.0,5.0,1.0,4.0,0.0,40.0,8495.0,86.0,0.0,0.0,0.0,0.0,25.0,0.0,0.0,4.1000000000000005,5000.0,4990.0,4990.0,1.0,1.0,0.0,32.0,1398.0,0.0,255.0,854.0,240.0
1789040203113,2026-09-10T15:36:43.113,948.0,14.200000000000001,80.0,2.25,2.25,2.25,2.25,1.0,1.0,810.0,1.0,0.0,830.0,71.5,91.5,-0.02142809000000001,-0.02142809000000001,4.0,0.999,7.0,22.0,22.0,-6.0,7.0,7.0,7.0,7.0,0.0,0.0,0.0,0.0,39.0,19.0,18.0,9.200000000000001,294.0,294.0,2.0,2.0,610.0,4370.0,0.0,0.0,0.0,1.0,19513.0,9.700000000000001,0.0,0.0,-27.75,-3.3125,-3.25,29.1875,-27.75,750.0,19.0,390.0,200.0,0.0,0.0,254.0,20.0,0.0,8.0,0.0,1.0,0.0,0.0,8.0,0.0,5.0,1.0,4.0,0.0,36.0,8495.0,86.0,0.0,0.0,0.0,0.0,25.0,0.0,0.0,4.1000000000000005,5000.0,4990.0,4990.0,1.0,1.0,0.0,32.0,1398.0,0.0,255.0,854.0,240.0
1789040203866,2026-09-10T15:36:43.867,900.0,14.100000000000001,80.0,2.22,2.22,2.22,2.22,1.0,1.0,761.0,1.0,0.0,795.0,72.5,92.5,-0.04975065000000001,-0.04975065000000001,4.0,0.999,8.0,19.0,19.0,-7.0,0.0,0.0,0.0,0.0,0.0,0.0,0.0,0.0,39.0,19.0,18.0,8.200000000000001,294.0,294.0,2.0,2.0,600.0,4390.0,0.0,0.0,0.0,1.0,19513.0,8.700000000000001,0.0,0.0,-28.0625,-3.375,-3.5625,29.5,-28.0625,750.0,19.0,390.0,200.0,0.0,0.0,254.0,20.0,0.0,8.0,0.0,1.0,0.0,0.0,8.0,0.0,5.0,1.0,4.0,0.0,32.0,8495.0,86.0,0.0,0.0,0.0,0.0,25.0,0.0,0.0,4.1000000000000005,5000.0,4990.0,4980.0,1.0,1.0,0.0,32.0,1203.0,0.0,255.0,854.0,274.0
1789040204434,2026-09-10T15:36:44.435,803.0,14.200000000000001,80.0,2.2,2.2,2.2,2.2,1.0,1.0,688.0,1.0,0.0,708.0,72.5,91.0,-0.08692401,-0.08692401,4.0,0.999,8.0,19.0,19.0,-9.0,3.0,3.0,3.0,3.0,0.0,0.0,0.0,0.0,39.0,20.0,19.0,7.9,315.0,315.0,2.0,2.0,600.0,4390.0,0.0,0.0,0.0,1.0,19513.0,8.6,1.0,0.0,-28.0625,-3.375,-3.5625,29.5,-28.0625,750.0,19.0,390.0,200.0,0.0,0.0,254.0,20.0,0.0,8.0,0.0,1.0,0.0,0.0,8.0,0.0,5.0,1.0,4.0,0.0,35.0,8495.0,86.0,0.0,0.0,0.0,0.0,25.0,0.0,0.0,4.1000000000000005,5000.0,4990.0,4980.0,1.0,1.0,0.0,32.0,1203.0,0.0,255.0,854.0,274.0
1789040205065,2026-09-10T15:36:45.065,767.0,13.9,80.0,2.38,2.38,2.38,2.38,0.0,1.0,117.0,1.0,0.0,664.0,75.5,94.0,-0.054443099999999994,-0.054443099999999994,4.0,0.999,9.0,18.0,18.0,-11.0,4.0,4.0,4.0,4.0,0.0,0.0,0.0,0.0,39.0,21.0,19.0,8.1,336.0,315.0,2.0,2.0,600.0,4380.0,0.0,0.0,0.0,1.0,19513.0,8.5,0.0,0.0,-28.8125,-2.125,-2.25,30.25,-28.8125,750.0,18.0,390.0,200.0,0.0,0.0,254.0,20.0,0.0,8.0,0.0,1.0,0.0,0.0,8.0,0.0,5.0,1.0,4.0,0.0,40.0,8495.0,86.0,0.0,0.0,0.0,0.0,25.0,0.0,0.0,4.1000000000000005,5000.0,4990.0,4980.0,1.0,1.0,0.0,32.0,1203.0,0.0,255.0,854.0,274.0
1789040205697,2026-09-10T15:36:45.697,756.0,14.200000000000001,80.0,2.45,2.45,2.45,2.45,0.0,1.0,395.0,0.0,0.0,92.0,73.0,91.0,-0.04821702,-0.04821702,4.0,0.999,10.0,16.0,16.0,-13.0,0.0,0.0,0.0,0.0,0.0,0.0,0.0,0.0,39.0,21.0,20.0,8.200000000000001,336.0,315.0,2.0,2.0,600.0,4390.0,0.0,0.0,0.0,1.0,19513.0,8.6,0.0,0.0,-28.8125,-2.125,-2.25,30.25,-28.8125,750.0,16.0,390.0,200.0,0.0,0.0,254.0,20.0,0.0,8.0,0.0,1.0,1.0,0.0,8.0,0.0,5.0,1.0,4.0,100.0,42.0,8495.0,86.0,0.0,0.0,0.0,0.0,25.0,0.0,0.0,4.1000000000000005,5000.0,4990.0,4990.0,1.0,1.0,0.0,32.0,1028.0,0.0,255.0,854.0,285.0
1789040206413,2026-09-10T15:36:46.414,752.0,14.200000000000001,80.0,2.44,2.44,2.44,2.44,1.0,1.0,781.0,1.0,0.0,732.0,73.5,91.0,-0.07107650000000001,-0.07107650000000001,5.0,0.999,10.0,16.0,16.0,-14.0,0.0,0.0,0.0,0.0,0.0,0.0,0.0,0.0,39.0,21.0,21.0,8.5,336.0,336.0,2.0,2.0,610.0,4380.0,0.0,0.0,0.0,1.0,19513.0,8.8,1.0,0.0,-29.5,0.0,-2.5,30.9375,-29.5,750.0,11.0,390.0,190.0,0.0,0.0,254.0,20.0,0.0,8.0,0.0,1.0,1.0,0.0,8.0,0.0,5.0,1.0,4.0,100.0,43.0,8495.0,86.0,0.0,0.0,0.0,0.0,25.0,0.0,0.0,4.1000000000000005,5000.0,4990.0,4990.0,1.0,1.0,0.0,32.0,1028.0,0.0,255.0,854.0,285.0
1789040207016,2026-09-10T15:36:47.016,748.0,14.100000000000001,80.0,2.46,2.46,2.46,2.46,1.0,1.0,678.0,1.0,0.0,717.0,75.0,91.5,-0.07808084000000001,-0.07808084000000001,5.0,0.999,11.0,16.0,16.0,-15.0,-2.0,-2.0,-2.0,-2.0,0.0,0.0,0.0,0.0,39.0,20.0,20.0,8.200000000000001,336.0,336.0,2.0,2.0,600.0,4390.0,0.0,0.0,0.0,1.0,19513.0,8.4,0.0,0.0,-29.5,0.0,-2.5,30.9375,-29.5,750.0,7.0,390.0,200.0,0.0,0.0,254.0,20.0,0.0,8.0,0.0,0.0,1.0,0.0,8.0,0.0,5.0,1.0,4.0,100.0,43.0,8495.0,86.0,0.0,0.0,0.0,0.0,25.0,0.0,0.0,4.1000000000000005,5000.0,4990.0,4990.0,1.0,1.0,0.0,32.0,1028.0,0.0,255.0,854.0,285.0
1789040207827,2026-09-10T15:36:47.827,746.0,14.200000000000001,80.0,2.43,2.43,2.43,2.43,0.0,1.0,117.0,0.0,0.0,224.0,73.5,89.5,-0.06339309000000001,-0.06339309000000001,6.0,0.999,12.0,16.0,16.0,-14.0,-5.0,-5.0,-5.0,-5.0,0.0,0.0,0.0,0.0,39.0,21.0,20.0,8.200000000000001,336.0,315.0,2.0,2.0,600.0,4390.0,0.0,0.0,0.0,1.0,19513.0,8.5,0.0,0.0,-27.875,-2.1875,-3.75,29.3125,-27.875,750.0,6.0,540.0,250.0,3.7,2.5,254.0,20.0,0.0,8.0,0.0,0.0,1.0,0.0,8.0,0.0,5.0,1.0,4.0,100.0,40.0,8495.0,86.0,0.0,0.0,0.0,0.0,25.0,0.0,0.0,4.1000000000000005,5000.0,4990.0,4980.0,1.0,1.0,0.0,32.0,1180.0,0.0,255.0,854.0,334.0
1789040208394,2026-09-10T15:36:48.395,860.0,14.200000000000001,80.0,2.89,2.89,2.89,2.89,0.0,1.0,107.0,0.0,0.0,83.0,73.5,89.5,-0.05116983,-0.05116983,6.0,0.999,16.0,16.0,16.0,-26.0,13.0,13.0,13.0,13.0,0.0,0.0,0.0,0.0,39.0,32.0,27.0,16.6,483.0,399.0,5.0,5.0,750.0,4240.0,0.0,0.0,0.0,1.0,19513.0,18.8,1.0,0.0,-27.875,-2.1875,-3.75,29.3125,-27.875,750.0,6.0,990.0,470.0,17.3,16.3,254.0,20.0,0.0,8.0,0.0,0.0,1.0,0.0,8.0,0.0,5.0,2.0,4.0,100.0,40.0,8495.0,86.0,0.0,0.0,0.0,0.0,25.0,0.0,0.0,4.1000000000000005,5000.0,4990.0,4980.0,1.0,1.0,0.0,32.0,1180.0,0.0,255.0,854.0,334.0
1789040209026,2026-09-10T15:36:49.026,1138.0,14.100000000000001,80.0,5.45,5.45,5.45,5.45,1.0,1.0,815.0,1.0,0.0,727.0,76.0,91.5,-0.07907274,-0.07907274,7.0,0.999,39.0,15.0,15.0,-36.0,13.0,13.0,13.0,13.0,0.0,0.0,0.0,0.0,40.0,46.0,45.0,29.0,672.0,651.0,9.0,10.0,920.0,4060.0,8.0,2.0,94.0,1.0,19513.0,29.1,1.0,0.0,49.375,54.0625,54.9375,26.625,49.375,750.0,8.0,1050.0,500.0,19.6,18.3,254.0,20.0,0.0,8.0,0.0,0.0,1.0,0.0,8.0,0.0,5.0,2.0,4.0,100.0,40.0,8495.0,86.0,0.0,0.0,0.0,0.0,25.0,0.0,0.0,4.1000000000000005,5000.0,4990.0,4980.0,1.0,1.0,0.0,32.0,1180.0,0.0,255.0,854.0,334.0
1789040209715,2026-09-10T15:36:49.715,1276.0,14.200000000000001,80.0,5.92,5.92,5.92,5.92,0.0,1.0,43.0,0.0,0.0,39.0,74.5,89.5,-0.04549311,-0.04549311,7.0,0.999,39.0,16.0,16.0,-36.0,14.0,14.0,14.0,14.0,0.0,0.0,0.0,0.0,40.0,44.0,46.0,31.900000000000002,588.0,609.0,9.0,9.0,890.0,4090.0,10.0,12.0,32.0,1.0,19513.0,30.400000000000002,0.0,0.0,49.375,54.0625,54.9375,26.625,49.375,750.0,10.0,1070.0,510.0,20.0,18.900000000000002,254.0,20.0,0.0,8.0,0.0,0.0,1.0,0.0,8.0,0.0,5.0,2.0,4.0,100.0,39.0,8495.0,86.0,0.0,0.0,0.0,0.0,25.0,0.0,0.0,4.1000000000000005,5000.0,4990.0,4980.0,1.0,1.0,0.0,32.0,2051.0,0.0,255.0,854.0,332.0
1789040210403,2026-09-10T15:36:50.403,1430.0,14.200000000000001,80.0,5.49,5.49,5.49,5.49,0.0,1.0,58.0,0.0,0.0,48.0,75.0,89.5,0.004361310000000007,0.004361310000000007,8.0,0.999,44.0,19.0,19.0,-36.0,7.0,7.0,7.0,7.0,0.0,0.0,0.0,0.0,40.0,38.0,40.0,34.2,546.0,567.0,9.0,9.0,890.0,4090.0,0.0,0.0,0.0,1.0,19513.0,33.0,1.0,0.0,41.8125,44.1875,44.4375,22.8125,41.8125,750.0,12.0,1100.0,530.0,21.1,19.8,254.0,20.0,0.0,8.0,0.0,0.0,0.0,0.0,8.0,0.0,5.0,2.0,4.0,0.0,38.0,8495.0,86.0,0.0,0.0,0.0,0.0,25.0,0.0,0.0,4.1000000000000005,5000.0,4990.0,4980.0,1.0,1.0,0.0,32.0,2051.0,0.0,255.0,854.0,332.0
1789040210943,2026-09-10T15:36:50.944,1736.0,14.200000000000001,80.0,5.09,5.09,5.09,5.09,0.0,1.0,78.0,0.0,0.0,68.0,74.0,89.0,0.06021291000000001,0.06021291000000001,8.0,0.999,48.0,22.0,22.0,-36.0,19.0,19.0,19.0,19.0,0.0,0.0,0.0,0.0,39.0,37.0,38.0,37.6,525.0,546.0,9.0,9.0,910.0,4060.0,0.0,0.0,0.0,1.0,19513.0,36.1,1.0,0.0,41.8125,44.1875,44.4375,22.8125,41.8125,750.0,13.0,1070.0,520.0,20.5,19.200000000000003,254.0,20.0,0.0,8.0,0.0,0.0,0.0,0.0,8.0,0.0,5.0,2.0,4.0,0.0,40.0,8495.0,86.0,0.0,0.0,0.0,0.0,25.0,0.0,0.0,4.1000000000000005,5000.0,4990.0,4980.0,1.0,1.0,0.0,32.0,2051.0,0.0,255.0,854.0,332.0
1789040211815,2026-09-10T15:36:51.816,1959.0,14.3,80.0,4.24,4.24,4.24,4.24,1.0,1.0,766.0,1.0,0.0,698.0,73.5,89.0,0.04115317000000002,0.04115317000000002,9.0,0.999,46.0,25.0,25.0,-36.0,21.0,21.0,21.0,21.0,0.0,0.0,0.0,0.0,39.0,21.0,26.0,27.3,315.0,378.0,6.0,6.0,790.0,4190.0,0.0,0.0,0.0,1.0,19513.0,23.1,0.0,0.0,7.4375,17.625,16.625,22.125,7.4375,750.0,14.0,750.0,360.0,10.8,9.5,254.0,20.0,0.0,8.0,0.0,0.0,0.0,0.0,8.0,0.0,5.0,2.0,4.0,0.0,42.0,8495.0,86.0,0.0,0.0,0.0,0.0,25.0,0.0,0.0,4.1000000000000005,5000.0,4990.0,4980.0,1.0,1.0,0.0,32.0,4039.0,0.0,255.0,854.0,321.0
1789040212355,2026-09-10T15:36:52.356,1989.0,14.200000000000001,80.0,1.77,1.77,1.77,1.77,0.0,1.0,58.0,0.0,0.0,92.0,73.0,89.5,0.011472470000000012,0.011472470000000012,9.0,0.999,22.0,39.0,39.0,-19.0,21.0,21.0,21.0,21.0,0.0,0.0,0.0,0.0,39.0,13.0,15.0,15.700000000000001,210.0,231.0,4.0,4.0,670.0,4320.0,0.0,0.0,0.0,1.0,19513.0,13.9,1.0,0.0,7.4375,17.625,16.625,22.125,7.4375,750.0,14.0,610.0,280.0,6.300000000000001,5.1000000000000005,254.0,20.0,0.0,8.0,0.0,0.0,0.0,0.0,8.0,0.0,5.0,2.0,4.0,0.0,42.0,8495.0,86.0,0.0,0.0,0.0,0.0,25.0,0.0,0.0,4.1000000000000005,5000.0,4990.0,4980.0,1.0,1.0,0.0,32.0,4039.0,0.0,255.0,854.0,321.0
1789040212984,2026-09-10T15:36:52.985,1866.0,14.3,81.0,1.87,1.87,1.87,1.87,0.0,1.0,58.0,0.0,0.0,48.0,72.5,89.0,0.053544289999999994,0.053544289999999994,10.0,0.999,22.0,39.0,39.0,-17.0,21.0,21.0,21.0,21.0,0.0,0.0,0.0,0.0,39.0,13.0,15.0,14.600000000000001,210.0,231.0,3.0,3.0,660.0,4320.0,0.0,0.0,0.0,1.0,19513.0,13.200000000000001,1.0,0.0,-3.6875,-2.75,-2.375,23.3125,-3.6875,750.0,12.0,590.0,280.0,5.9,4.5,254.0,20.0,0.0,8.0,0.0,0.0,0.0,0.0,8.0,0.0,5.0,2.0,4.0,0.0,41.0,8495.0,86.0,0.0,0.0,0.0,0.0,25.0,0.0,0.0,4.1000000000000005,5000.0,4990.0,4980.0,1.0,1.0,0.0,32.0,4039.0,0.0,255.0,854.0,321.0
1789040213614,2026-09-10T15:36:53.615,1741.0,14.3,81.0,1.9100000000000001,1.9100000000000001,1.9100000000000001,1.9100000000000001,1.0,1.0,727.0,0.0,0.0,102.0,72.5,90.0,0.07036843999999998,0.07036843999999998,10.0,0.999,22.0,38.0,38.0,-16.0,23.0,23.0,23.0,23.0,0.0,0.0,0.0,0.0,39.0,13.0,14.0,13.4,210.0,231.0,3.0,3.0,650.0,4340.0,0.0,0.0,0.0,1.0,19513.0,12.4,0.0,0.0,-3.6875,-2.75,-2.375,23.3125,-3.6875,750.0,12.0,580.0,270.0,5.6000000000000005,4.5,254.0,20.0,0.0,8.0,0.0,0.0,0.0,0.0,8.0,0.0,5.0,2.0,4.0,0.0,42.0,8495.0,86.0,0.0,0.0,0.0,0.0,26.0,0.0,0.0,4.1000000000000005,5000.0,4990.0,4990.0,1.0,1.0,0.0,32.0,1497.0,0.0,255.0,854.0,242.0
1789040214243,2026-09-10T15:36:54.244,1625.0,14.200000000000001,81.0,1.81,1.81,1.81,1.81,1.0,1.0,361.0,1.0,0.0,708.0,71.5,89.5,0.028411069999999983,0.028411069999999983,9.0,0.999,22.0,37.0,37.0,3.0,35.0,35.0,35.0,35.0,0.0,0.0,0.0,0.0,39.0,16.0,15.0,13.8,252.0,231.0,4.0,4.0,680.0,4310.0,0.0,0.0,0.0,1.0,19513.0,14.200000000000001,1.0,0.0,2.6875,0.5625,0.5625,25.375,2.6875,750.0,11.0,710.0,340.0,9.3,8.3,254.0,20.0,0.0,8.0,0.0,0.0,0.0,0.0,8.0,0.0,5.0,2.0,4.0,0.0,41.0,8495.0,86.0,0.0,0.0,0.0,0.0,26.0,0.0,0.0,4.1000000000000005,5000.0,4990.0,4990.0,1.0,1.0,0.0,32.0,1497.0,0.0,255.0,854.0,242.0
1789040214816,2026-09-10T15:36:54.816,1577.0,14.3,81.0,2.35,2.35,2.35,2.35,0.0,1.0,175.0,0.0,0.0,78.0,72.0,89.0,0.07966941,0.07966941,9.0,0.999,28.0,28.0,28.0,-7.0,25.0,25.0,25.0,25.0,0.0,0.0,0.0,0.0,39.0,24.0,19.0,15.8,357.0,294.0,5.0,5.0,720.0,4260.0,0.0,0.0,0.0,1.0,19513.0,19.0,1.0,0.0,2.6875,0.5625,0.5625,25.375,2.6875,750.0,11.0,940.0,450.0,16.2,15.100000000000001,254.0,20.0,0.0,8.0,0.0,0.0,0.0,0.0,8.0,0.0,5.0,2.0,4.0,0.0,41.0,8495.0,86.0,0.0,0.0,0.0,0.0,26.0,0.0,0.0,4.1000000000000005,5000.0,4990.0,4990.0,1.0,1.0,0.0,32.0,1497.0,0.0,255.0,854.0,242.0
1789040215683,2026-09-10T15:36:55.684,1616.0,14.200000000000001,81.0,3.58,3.58,3.58,3.58,1.0,1.0,830.0,1.0,0.0,771.0,73.0,90.0,0.028235579999999982,0.028235579999999982,8.0,0.999,47.0,21.0,21.0,-33.0,21.0,21.0,21.0,21.0,0.0,0.0,0.0,0.0,39.0,34.0,29.0,24.3,483.0,441.0,7.0,7.0,820.0,4160.0,0.0,0.0,0.0,1.0,19513.0,26.8,0.0,0.0,35.3125,29.9375,29.875,24.125,35.3125,750.0,11.0,1060.0,510.0,19.700000000000003,18.6,254.0,20.0,0.0,8.0,0.0,0.0,0.0,0.0,8.0,0.0,5.0,2.0,4.0,0.0,42.0,8495.0,86.0,0.0,0.0,0.0,0.0,26.0,0.0,0.0,4.1000000000000005,5000.0,4990.0,4990.0,1.0,1.0,0.0,32.0,3875.0,0.0,255.0,854.0,244.0
1789040216223,2026-09-10T15:36:56.223,1575.0,14.3,81.0,4.66,4.66,4.66,4.66,1.0,1.0,576.0,1.0,0.0,727.0,72.5,89.0,-0.018955970000000016,-0.018955970000000016,8.0,0.999,62.0,22.0,22.0,-34.0,22.0,22.0,22.0,22.0,0.0,0.0,0.0,0.0,39.0,34.0,35.0,33.1,483.0,504.0,8.0,8.0,860.0,4120.0,0.0,0.0,0.0,1.0,19513.0,31.200000000000003,1.0,0.0,35.3125,29.9375,29.875,24.125,35.3125,750.0,12.0,1040.0,500.0,19.3,18.0,254.0,20.0,0.0,8.0,0.0,0.0,0.0,0.0,8.0,0.0,5.0,2.0,4.0,0.0,40.0,8495.0,86.0,0.0,0.0,0.0,0.0,26.0,0.0,0.0,4.1000000000000005,5000.0,4990.0,4990.0,1.0,1.0,0.0,32.0,3875.0,0.0,255.0,854.0,244.0
1789040216883,2026-09-10T15:36:56.884,1802.0,14.200000000000001,81.0,4.4,4.4,4.4,4.4,1.0,1.0,737.0,0.0,0.0,283.0,73.0,89.5,0.01222783999999999,0.01222783999999999,7.0,0.999,67.0,23.0,23.0,-32.0,23.0,23.0,23.0,23.0,0.0,0.0,0.0,0.0,39.0,29.0,31.0,31.0,420.0,441.0,8.0,8.0,830.0,4150.0,0.0,0.0,0.0,1.0,19513.0,28.8,1.0,0.0,21.625,27.3125,27.3125,23.0,21.625,750.0,13.0,900.0,430.0,15.200000000000001,14.200000000000001,254.0,20.0,0.0,8.0,0.0,0.0,0.0,0.0,8.0,0.0,5.0,2.0,4.0,0.0,41.0,8495.0,86.0,0.0,0.0,0.0,0.0,26.0,0.0,0.0,4.1000000000000005,5000.0,4990.0,4990.0,1.0,1.0,0.0,32.0,3875.0,0.0,255.0,854.0,244.0
1789040217573,2026-09-10T15:36:57.574,1930.0,14.200000000000001,81.0,3.02,3.02,3.02,3.02,1.0,1.0,810.0,1.0,0.0,781.0,72.5,88.5,-0.02054301,-0.02054301,7.0,0.999,49.0,26.0,26.0,-23.0,26.0,26.0,26.0,26.0,0.0,0.0,0.0,0.0,39.0,22.0,23.0,24.900000000000002,315.0,336.0,6.0,6.0,780.0,4200.0,0.0,0.0,0.0,1.0,19513.0,22.6,0.0,0.0,21.625,27.3125,27.3125,23.0,21.625,750.0,14.0,900.0,430.0,15.100000000000001,13.9,254.0,20.0,0.0,8.0,0.0,0.0,0.0,0.0,8.0,0.0,5.0,2.0,4.0,0.0,39.0,8495.0,86.0,0.0,0.0,0.0,0.0,26.0,0.0,0.0,4.1000000000000005,5000.0,4990.0,4980.0,1.0,1.0,0.0,32.0,4072.0,0.0,255.0,854.0,246.0
1789040218204,2026-09-10T15:36:58.205,1924.0,14.3,81.0,2.49,2.49,2.49,2.49,0.0,1.0,78.0,1.0,0.0,678.0,72.5,89.0,-0.034643250000000014,-0.034643250000000014,6.0,0.999,48.0,27.0,27.0,-14.0,27.0,27.0,27.0,27.0,0.0,0.0,0.0,0.0,39.0,18.0,21.0,21.6,273.0,315.0,5.0,5.0,750.0,4230.0,0.0,0.0,0.0,1.0,19513.0,18.5,1.0,0.0,6.0625,11.0,10.9375,23.125,6.0625,750.0,13.0,770.0,370.0,11.3,10.100000000000001,254.0,20.0,0.0,8.0,0.0,0.0,0.0,0.0,8.0,0.0,5.0,2.0,4.0,0.0,39.0,8495.0,86.0,0.0,0.0,0.0,0.0,26.0,0.0,0.0,4.1000000000000005,5000.0,4990.0,4980.0,1.0,1.0,0.0,32.0,4072.0,0.0,255.0,854.0,246.0
1789040218712,2026-09-10T15:36:58.712,1833.0,14.200000000000001,81.0,2.11,2.11,2.11,2.11,0.0,1.0,136.0,0.0,0.0,78.0,72.5,89.0,0.016515899999999972,0.016515899999999972,6.0,0.999,35.0,34.0,34.0,-2.0,34.0,34.0,34.0,34.0,0.0,0.0,0.0,0.0,39.0,16.0,17.0,17.1,252.0,252.0,4.0,4.0,700.0,4290.0,0.0,0.0,0.0,1.0,19513.0,15.700000000000001,1.0,0.0,6.0625,11.0,10.9375,23.125,6.0625,750.0,13.0,740.0,350.0,10.4,9.200000000000001,254.0,20.0,0.0,8.0,0.0,0.0,0.0,0.0,8.0,0.0,5.0,2.0,4.0,0.0,40.0,8495.0,86.0,0.0,0.0,0.0,0.0,26.0,0.0,0.0,4.1000000000000005,5000.0,4990.0,4980.0,1.0,1.0,0.0,32.0,4072.0,0.0,255.0,854.0,246.0
1789040219493,2026-09-10T15:36:59.494,1764.0,14.200000000000001,81.0,2.02,2.02,2.02,2.02,1.0,1.0,458.0,1.0,0.0,654.0,72.5,89.0,-0.034811110000000006,-0.034811110000000006,6.0,0.999,37.0,33.0,33.0,-2.0,33.0,33.0,33.0,33.0,0.0,0.0,0.0,0.0,39.0,16.0,17.0,15.600000000000001,231.0,252.0,4.0,4.0,670.0,4310.0,0.0,0.0,0.0,1.0,19513.0,14.200000000000001,0.0,0.0,2.125,2.8125,2.6875,24.3125,2.125,750.0,12.0,390.0,200.0,0.0,0.0,254.0,20.0,0.0,8.0,0.0,0.0,0.0,0.0,8.0,0.0,5.0,2.0,4.0,0.0,39.0,8495.0,86.0,0.0,0.0,0.0,0.0,26.0,0.0,0.0,4.1000000000000005,5000.0,4990.0,4990.0,1.0,1.0,0.0,32.0,3333.0,0.0,255.0,854.0,247.0
1789040220064,2026-09-10T15:37:00.065,1572.0,14.200000000000001,81.0,1.68,1.68,1.68,1.68,1.0,1.0,751.0,0.0,0.0,307.0,73.0,89.5,-0.008396050000000016,-0.008396050000000016,6.0,0.999,27.0,37.0,37.0,-16.0,16.0,16.0,16.0,16.0,0.0,0.0,0.0,0.0,39.0,13.0,14.0,11.200000000000001,210.0,210.0,2.0,3.0,620.0,4360.0,0.0,0.0,0.0,1.0,19513.0,10.200000000000001,1.0,0.0,2.125,2.8125,2.6875,24.3125,2.125,750.0,10.0,390.0,200.0,0.0,0.0,254.0,20.0,0.0,8.0,0.0,1.0,0.0,0.0,8.0,0.0,5.0,2.0,4.0,0.0,40.0,8495.0,86.0,0.0,0.0,0.0,0.0,26.0,0.0,0.0,4.1000000000000005,5000.0,4990.0,4990.0,1.0,1.0,0.0,32.0,3333.0,0.0,255.0,854.0,247.0
1789040220694,2026-09-10T15:37:00.694,1420.0,14.200000000000001,81.0,1.57,1.57,1.57,1.57,0.0,1.0,87.0,0.0,0.0,395.0,72.5,89.0,-0.03297991,-0.03297991,6.0,0.999,24.0,36.0,36.0,-17.0,-17.0,-17.0,-17.0,-17.0,0.0,0.0,0.0,0.0,39.0,13.0,13.0,8.8,210.0,210.0,2.0,2.0,600.0,4390.0,0.0,0.0,0.0,1.0,19513.0,8.1,1.0,0.0,-26.0625,-21.75,-19.375,27.5,-26.0625,750.0,9.0,980.0,470.0,16.400000000000002,15.100000000000001,254.0,20.0,0.0,8.0,0.0,0.0,1.0,0.0,8.0,0.0,5.0,2.0,4.0,100.0,38.0,8495.0,86.0,0.0,0.0,0.0,0.0,26.0,0.0,0.0,4.1000000000000005,5000.0,4990.0,4990.0,1.0,1.0,0.0,32.0,3333.0,0.0,255.0,854.0,247.0
1789040221385,2026-09-10T15:37:01.386,1283.0,14.200000000000001,81.0,5.73,5.73,5.73,5.73,0.0,1.0,48.0,0.0,0.0,24.0,73.5,90.0,-0.001826620000000001,-0.001826620000000001,6.0,0.999,99.0,19.0,19.0,-36.0,17.0,17.0,17.0,17.0,0.0,0.0,0.0,0.0,39.0,38.0,41.0,37.6,525.0,567.0,9.0,9.0,900.0,4070.0,0.0,0.0,0.0,1.0,19513.0,34.2,0.0,0.0,-26.0625,-21.75,-19.375,27.5,-26.0625,750.0,9.0,1100.0,530.0,21.0,19.8,254.0,20.0,0.0,8.0,0.0,0.0,1.0,0.0,8.0,0.0,5.0,2.0,4.0,100.0,35.0,8495.0,86.0,0.0,0.0,0.0,0.0,26.0,0.0,0.0,4.1000000000000005,5000.0,4990.0,4980.0,1.0,1.0,0.0,32.0,2947.0,0.0,255.0,854.0,257.0
1789040222075,2026-09-10T15:37:02.076,1415.0,14.200000000000001,81.0,5.54,5.54,5.54,5.54,0.0,1.0,424.0,1.0,0.0,644.0,73.5,89.5,-0.047270900000000005,-0.047270900000000005,6.0,0.999,99.0,17.0,17.0,-36.0,-4.0,-4.0,-4.0,-4.0,0.0,0.0,0.0,0.0,40.0,55.0,57.0,51.300000000000004,651.0,672.0,14.0,14.0,1100.0,3890.0,32.0,29.0,9.0,1.0,19513.0,49.5,1.0,0.0,67.8125,67.375,68.0625,24.75,67.8125,750.0,12.0,1310.0,630.0,27.400000000000002,26.1,254.0,20.0,0.0,8.0,0.0,0.0,0.0,0.0,8.0,0.0,5.0,2.0,4.0,0.0,35.0,8495.0,86.0,0.0,0.0,0.0,0.0,26.0,0.0,0.0,4.1000000000000005,5000.0,4990.0,4980.0,1.0,1.0,0.0,32.0,2947.0,0.0,255.0,854.0,257.0
1789040222676,2026-09-10T15:37:02.676,1959.0,14.200000000000001,82.0,6.97,6.97,6.97,6.97,0.0,1.0,68.0,0.0,0.0,53.0,72.5,90.0,0.00434604999999999,0.00434604999999999,6.0,0.999,99.0,21.0,21.0,-36.0,13.0,13.0,13.0,13.0,0.0,0.0,0.0,0.0,39.0,46.0,47.0,55.7,567.0,588.0,13.0,13.0,1050.0,3920.0,13.0,15.0,39.0,1.0,19513.0,52.7,1.0,0.0,67.8125,67.375,68.0625,24.75,67.8125,750.0,16.0,1310.0,630.0,27.3,25.8,254.0,20.0,0.0,8.0,0.0,0.0,0.0,0.0,8.0,0.0,5.0,2.0,4.0,0.0,29.0,8495.0,86.0,0.0,0.0,0.0,0.0,26.0,0.0,0.0,4.1000000000000005,5000.0,4990.0,4980.0,1.0,1.0,0.0,32.0,2947.0,0.0,255.0,854.0,257.0
1789040223427,2026-09-10T15:37:03.427,2406.0,14.200000000000001,82.0,5.22,5.22,5.22,5.22,1.0,1.0,678.0,1.0,0.0,659.0,70.0,89.5,-0.0018800300000000048,-0.0018800300000000048,7.0,0.999,99.0,26.0,26.0,-36.0,26.0,26.0,26.0,26.0,0.0,0.0,0.0,0.0,39.0,39.0,40.0,54.900000000000006,525.0,546.0,13.0,13.0,1040.0,3940.0,0.0,0.0,0.0,1.0,19513.0,52.400000000000006,0.0,0.0,42.9375,43.875,44.375,22.5625,42.9375,750.0,18.0,1390.0,670.0,29.400000000000002,28.200000000000003,254.0,20.0,0.0,8.0,0.0,0.0,0.0,0.0,8.0,0.0,5.0,2.0,4.0,0.0,25.0,8495.0,86.0,0.0,0.0,0.0,0.0,26.0,0.0,0.0,4.1000000000000005,5000.0,4990.0,4990.0,1.0,1.0,0.0,32.0,5000.0,0.0,255.0,854.0,257.0
1789040223933,2026-09-10T15:37:03.934,2907.0,14.200000000000001,82.0,7.01,7.01,7.01,7.01,0.0,1.0,73.0,0.0,0.0,78.0,66.0,89.0,0.030242270000000016,0.030242270000000016,7.0,0.999,99.0,24.0,24.0,-26.0,24.0,24.0,24.0,24.0,0.0,0.0,0.0,0.0,39.0,46.0,46.0,76.10000000000001,567.0,567.0,16.0,17.0,1210.0,3770.0,14.0,13.0,58.0,1.0,19513.0,73.4,0.0,0.0,42.9375,43.875,44.375,22.5625,42.9375,750.0,21.0,1620.0,780.0,36.5,34.9,254.0,20.0,0.0,8.0,0.0,0.0,0.0,0.0,8.0,0.0,5.0,2.0,4.0,0.0,18.0,8495.0,86.0,0.0,0.0,0.0,0.0,26.0,0.0,0.0,4.1000000000000005,5000.0,4990.0,4990.0,1.0,1.0,0.0,32.0,5000.0,0.0,255.0,854.0,257.0
1789040224566,2026-09-10T15:37:04.566,3310.0,14.200000000000001,82.0,7.7,7.7,7.7,7.7,0.0,1.0,200.0,0.0,0.0,107.0,64.0,89.5,0.03352316999999999,0.03352316999999999,7.0,0.999,99.0,23.0,23.0,-14.0,23.0,23.0,23.0,23.0,0.0,0.0,0.0,0.0,39.0,60.0,59.0,114.9,672.0,672.0,25.0,25.0,1540.0,3430.0,40.0,42.0,29.0,1.0,19513.0,112.2,1.0,0.0,84.1875,86.3125,86.3125,23.8125,84.1875,750.0,26.0,1790.0,870.0,41.6,40.1,254.0,20.0,0.0,8.0,0.0,0.0,0.0,0.0,8.0,0.0,5.0,2.0,4.0,0.0,15.0,8495.0,86.0,0.0,0.0,0.0,0.0,26.0,0.0,0.0,4.1000000000000005,5000.0,4990.0,4990.0,1.0,1.0,0.0,32.0,5000.0,0.0,255.0,854.0,257.0
1789040225195,2026-09-10T15:37:05.196,3959.0,14.200000000000001,82.0,9.3,9.3,9.3,9.3,1.0,1.0,751.0,1.0,0.0,668.0,62.0,88.5,0.009297920000000015,0.009297920000000015,7.0,1.052,99.0,28.0,27.0,-1.0,27.0,27.0,27.0,27.0,0.0,0.0,0.0,0.0,39.0,63.0,64.0,144.0,630.0,651.0,27.0,27.0,1650.0,3320.0,33.0,34.0,42.0,1.0,19513.0,139.1,0.0,0.0,84.1875,86.3125,86.3125,23.8125,84.1875,750.0,30.0,1770.0,860.0,41.6,39.900000000000006,254.0,20.0,0.0,8.0,0.0,0.0,0.0,0.0,8.0,0.0,5.0,2.0,4.0,0.0,19.0,8495.0,86.0,0.0,0.0,0.0,0.0,26.0,0.0,0.0,4.1000000000000005,5000.0,4990.0,4980.0,1.0,1.0,0.0,32.0,5000.0,0.0,255.0,854.0,257.0
1789040225733,2026-09-10T15:37:05.734,4389.0,14.200000000000001,82.0,3.0500000000000003,3.0500000000000003,3.0500000000000003,3.0500000000000003,1.0,1.0,869.0,1.0,0.0,800.0,60.0,89.0,-0.013172430000000013,-0.013172430000000013,7.0,0.999,99.0,32.0,32.0,-31.0,-22.0,-22.0,-22.0,-22.0,0.0,0.0,0.0,0.0,38.0,17.0,20.0,42.900000000000006,210.0,252.0,9.0,10.0,920.0,4060.0,0.0,0.0,0.0,1.0,19513.0,37.2,0.0,0.0,-23.3125,-23.3125,-23.5625,23.5625,-23.3125,750.0,31.0,390.0,200.0,0.0,0.0,254.0,20.0,0.0,8.0,0.0,0.0,1.0,0.0,8.0,0.0,5.0,0.0,4.0,100.0,34.0,8495.0,86.0,0.0,0.0,0.0,0.0,26.0,0.0,0.0,4.1000000000000005,5000.0,4990.0,4980.0,1.0,1.0,0.0,32.0,5000.0,0.0,255.0,854.0,257.0
1789040226218,2026-09-10T15:37:06.218,3338.0,14.3,83.0,0.0,0.0,0.0,0.0,0.0,0.0,0.0,0.0,0.0,4.0,30.0,87.0,1.9839999999993196e-05,1.9839999999993196e-05,7.0,0.999,0.0,51.0,51.0,-2.0,10.0,10.0,10.0,10.0,0.0,0.0,0.0,0.0,38.0,13.0,13.0,23.0,210.0,210.0,6.0,6.0,770.0,4200.0,0.0,0.0,0.0,1.0,19513.0,22.0,1.0,0.0,-23.3125,-23.3125,-23.5625,23.5625,-23.3125,750.0,31.0,1010.0,480.0,18.2,17.1,254.0,20.0,0.0,8.0,0.0,0.0,1.0,0.0,8.0,0.0,5.0,2.0,4.0,100.0,39.0,8495.0,86.0,0.0,0.0,0.0,0.0,26.0,0.0,0.0,4.1000000000000005,5000.0,4990.0,4980.0,1.0,1.0,0.0,32.0,5000.0,0.0,255.0,854.0,257.0
1789040226875,2026-09-10T15:37:06.875,2633.0,14.200000000000001,83.0,2.14,2.14,2.14,2.14,1.0,1.0,874.0,1.0,0.0,747.0,24.0,87.0,-0.0005676700000000201,-0.0005676700000000201,7.0,1.052,0.0,33.0,33.0,-6.0,30.0,30.0,30.0,30.0,0.0,0.0,0.0,0.0,38.0,21.0,19.0,25.900000000000002,294.0,273.0,7.0,7.0,820.0,4160.0,0.0,0.0,0.0,1.0,19513.0,27.0,1.0,0.0,15.0,12.9375,13.0,20.75,15.0,750.0,32.0,1040.0,500.0,19.3,18.0,254.0,20.0,0.0,8.0,0.0,0.0,1.0,0.0,8.0,0.0,5.0,2.0,4.0,100.0,41.0,8495.0,86.0,0.0,0.0,0.0,0.0,26.0,0.0,0.0,4.1000000000000005,5000.0,4990.0,4980.0,1.0,1.0,0.0,32.0,4019.0,0.0,255.0,854.0,237.0
1789040227354,2026-09-10T15:37:07.354,2446.0,14.200000000000001,83.0,2.93,2.93,2.93,2.93,1.0,1.0,727.0,1.0,0.0,561.0,24.5,87.0,0.023878850000000007,0.023878850000000007,7.0,0.999,7.0,28.0,28.0,-15.0,25.0,25.0,25.0,25.0,0.0,0.0,0.0,0.0,38.0,22.0,21.0,28.700000000000003,294.0,294.0,7.0,8.0,830.0,4150.0,0.0,0.0,0.0,1.0,19513.0,28.6,0.0,0.0,15.0,12.9375,13.0,20.75,15.0,750.0,31.0,1040.0,500.0,19.3,18.0,254.0,20.0,0.0,8.0,0.0,0.0,0.0,0.0,8.0,0.0,5.0,2.0,4.0,0.0,42.0,8495.0,86.0,0.0,0.0,0.0,0.0,26.0,0.0,0.0,4.1000000000000005,5000.0,4990.0,4980.0,1.0,1.0,0.0,32.0,4019.0,0.0,255.0,854.0,237.0
1789040227955,2026-09-10T15:37:07.956,2451.0,14.3,83.0,2.77,2.77,2.77,2.77,1.0,1.0,507.0,1.0,0.0,703.0,26.0,86.0,-0.029714270000000015,-0.029714270000000015,7.0,0.999,9.0,29.0,29.0,-15.0,25.0,25.0,25.0,25.0,0.0,0.0,0.0,0.0,38.0,22.0,21.0,28.700000000000003,294.0,294.0,8.0,8.0,830.0,4160.0,0.0,0.0,0.0,1.0,19513.0,28.8,0.0,0.0,17.0625,15.3125,15.3125,20.875,17.0625,750.0,32.0,1050.0,500.0,19.700000000000003,18.6,254.0,20.0,0.0,8.0,0.0,0.0,0.0,0.0,8.0,0.0,5.0,2.0,4.0,0.0,43.0,8495.0,86.0,0.0,0.0,0.0,0.0,26.0,0.0,0.0,4.1000000000000005,5000.0,4990.0,4980.0,1.0,1.0,0.0,32.0,4019.0,0.0,255.0,854.0,237.0
1789040228554,2026-09-10T15:37:08.554,2451.0,14.200000000000001,83.0,2.97,2.97,2.97,2.97,0.0,1.0,68.0,0.0,0.0,366.0,28.5,85.0,0.016775319999999982,0.016775319999999982,7.0,0.999,12.0,28.0,28.0,-18.0,25.0,25.0,25.0,25.0,0.0,0.0,0.0,0.0,38.0,23.0,23.0,30.700000000000003,315.0,315.0,8.0,8.0,850.0,4130.0,0.0,0.0,0.0,1.0,19513.0,30.900000000000002,1.0,0.0,17.0625,15.3125,15.3125,20.875,17.0625,750.0,32.0,1130.0,540.0,21.900000000000002,20.6,254.0,20.0,0.0,8.0,0.0,0.0,0.0,0.0,8.0,0.0,5.0,2.0,4.0,0.0,47.0,8495.0,86.0,0.0,0.0,0.0,0.0,26.0,0.0,0.0,4.1000000000000005,5000.0,4990.0,4990.0,1.0,1.0,0.0,32.0,2693.0,0.0,255.0,854.0,239.0
1789040229153,2026-09-10T15:37:09.154,2498.0,14.100000000000001,83.0,3.67,3.67,3.67,3.67,1.0,1.0,698.0,1.0,0.0,664.0,0.0,0.0,0.015752900000000014,0.015752900000000014,7.0,0.999,17.0,27.0,27.0,-30.0,23.0,23.0,23.0,23.0,0.0,0.0,0.0,0.0,38.0,38.0,33.0,46.400000000000006,504.0,462.0,12.0,12.0,1020.0,3950.0,0.0,0.0,0.0,1.0,19513.0,50.6,0.0,0.0,57.125,45.6875,45.6875,21.5,57.125,750.0,33.0,1440.0,690.0,30.900000000000002,29.3,254.0,20.0,0.0,8.0,0.0,0.0,0.0,0.0,8.0,0.0,5.0,2.0,4.0,0.0,47.0,8495.0,86.0,0.0,0.0,0.0,0.0,26.0,0.0,0.0,4.1000000000000005,5000.0,4990.0,4990.0,1.0,1.0,0.0,32.0,2693.0,0.0,255.0,854.0,239.0
1789040229634,2026-09-10T15:37:09.635,2569.0,14.200000000000001,83.0,7.66,7.66,7.66,7.66,0.0,1.0,73.0,0.0,0.0,63.0,34.0,85.0,0.06643898999999998,0.06643898999999998,6.0,0.999,36.0,21.0,21.0,-32.0,21.0,21.0,21.0,21.0,0.0,0.0,0.0,0.0,38.0,58.0,58.0,83.9,672.0,672.0,20.0,20.0,1370.0,3600.0,39.0,39.0,41.0,1.0,19513.0,82.7,0.0,0.0,57.125,45.6875,45.6875,21.5,57.125,750.0,34.0,1580.0,770.0,35.300000000000004,34.0,254.0,20.0,0.0,8.0,0.0,0.0,0.0,0.0,8.0,0.0,5.0,2.0,4.0,0.0,51.0,8495.0,86.0,0.0,0.0,0.0,0.0,26.0,0.0,0.0,4.1000000000000005,5000.0,4990.0,4990.0,1.0,1.0,0.0,32.0,2693.0,0.0,255.0,854.0,239.0
1789040230356,2026-09-10T15:37:10.356,2718.0,14.200000000000001,83.0,9.09,9.09,9.09,9.09,0.0,1.0,73.0,0.0,0.0,68.0,34.5,84.0,0.07031503,0.07031503,6.0,0.999,62.0,22.0,22.0,-26.0,22.0,22.0,22.0,22.0,0.0,0.0,0.0,0.0,39.0,61.0,63.0,94.2,693.0,714.0,22.0,23.0,1460.0,3510.0,38.0,39.0,48.0,1.0,19513.0,90.9,1.0,0.0,86.4375,87.875,87.875,20.3125,86.4375,750.0,37.0,1640.0,800.0,37.2,35.800000000000004,254.0,20.0,0.0,8.0,0.0,0.0,0.0,0.0,8.0,0.0,5.0,2.0,4.0,0.0,58.0,8495.0,86.0,0.0,0.0,0.0,0.0,26.0,0.0,0.0,4.0,5000.0,4990.0,4980.0,1.0,1.0,0.0,32.0,4904.0,0.0,255.0,854.0,240.0
1789040230894,2026-09-10T15:37:10.895,2929.0,14.3,83.0,9.120000000000001,9.120000000000001,9.120000000000001,9.120000000000001,1.0,1.0,561.0,1.0,0.0,576.0,34.0,83.5,0.060998799999999964,0.060998799999999964,6.0,0.999,80.0,22.0,22.0,-21.0,22.0,22.0,22.0,22.0,0.0,0.0,0.0,0.0,38.0,60.0,62.0,102.10000000000001,672.0,693.0,23.0,23.0,1490.0,3480.0,37.0,38.0,39.0,1.0,19513.0,97.60000000000001,1.0,0.0,86.4375,87.875,87.875,20.3125,86.4375,750.0,39.0,1670.0,810.0,38.2,36.7,254.0,20.0,0.0,8.0,0.0,0.0,0.0,0.0,8.0,0.0,5.0,2.0,4.0,0.0,58.0,8495.0,86.0,0.0,0.0,0.0,0.0,26.0,0.0,0.0,4.0,5000.0,4990.0,4980.0,1.0,1.0,0.0,32.0,4904.0,0.0,255.0,854.0,240.0
1789040231463,2026-09-10T15:37:11.464,3125.0,14.200000000000001,83.0,8.52,8.52,8.52,8.52,1.0,1.0,742.0,1.0,0.0,659.0,33.5,82.0,0.02718263999999998,0.02718263999999998,5.0,0.999,99.0,22.0,22.0,-15.0,22.0,22.0,22.0,22.0,0.0,0.0,0.0,0.0,38.0,66.0,66.0,113.4,735.0,735.0,28.0,28.0,1660.0,3320.0,36.0,37.0,40.0,1.0,19513.0,111.2,0.0,0.0,104.875,106.25,106.375,20.3125,104.875,750.0,42.0,1840.0,890.0,43.1,41.6,254.0,20.0,0.0,8.0,0.0,0.0,0.0,0.0,8.0,0.0,5.0,2.0,4.0,0.0,59.0,8495.0,86.0,0.0,0.0,0.0,0.0,26.0,0.0,0.0,4.0,5000.0,4990.0,4980.0,1.0,1.0,0.0,32.0,4904.0,0.0,255.0,854.0,240.0
1789040232124,2026-09-10T15:37:12.125,3301.0,14.3,84.0,10.32,10.32,10.32,10.32,0.0,1.0,87.0,0.0,0.0,170.0,32.5,81.5,0.04463244999999999,0.04463244999999999,5.0,0.999,99.0,23.0,23.0,-8.0,23.0,23.0,23.0,23.0,0.0,0.0,0.0,0.0,38.0,69.0,70.0,128.70000000000002,756.0,777.0,33.0,33.0,1890.0,3080.0,36.0,36.0,46.0,1.0,19513.0,124.9,1.0,0.0,104.875,106.25,106.375,20.3125,104.875,750.0,44.0,1840.0,890.0,43.300000000000004,41.6,254.0,20.0,0.0,8.0,0.0,0.0,0.0,0.0,8.0,0.0,5.0,2.0,4.0,0.0,58.0,8495.0,86.0,0.0,0.0,0.0,0.0,26.0,0.0,0.0,4.0,5000.0,4990.0,4990.0,1.0,1.0,0.0,32.0,4299.0,0.0,255.0,854.0,240.0
1789040232755,2026-09-10T15:37:12.756,3529.0,14.3,84.0,10.02,10.02,10.02,10.02,0.0,1.0,136.0,0.0,0.0,117.0,30.0,80.0,0.07519822999999998,0.07519822999999998,4.0,1.0030000000000001,99.0,24.0,24.0,-5.0,24.0,24.0,24.0,24.0,0.0,0.0,0.0,0.0,38.0,68.0,69.0,134.5,735.0,756.0,30.0,30.0,1780.0,3190.0,35.0,36.0,41.0,1.0,19513.0,130.1,1.0,0.0,98.0,100.4375,100.4375,22.6875,98.0,750.0,47.0,1850.0,900.0,43.400000000000006,41.800000000000004,254.0,20.0,0.0,8.0,0.0,0.0,0.0,0.0,8.0,0.0,5.0,2.0,4.0,0.0,53.0,8495.0,86.0,0.0,0.0,0.0,0.0,26.0,0.0,0.0,4.0,5000.0,4990.0,4990.0,1.0,1.0,0.0,32.0,4299.0,0.0,255.0,854.0,240.0
1789040233264,2026-09-10T15:37:13.264,3756.0,14.200000000000001,84.0,9.450000000000001,9.450000000000001,9.450000000000001,9.450000000000001,0.0,1.0,92.0,0.0,0.0,185.0,27.5,78.5,0.034896570000000016,0.034896570000000016,4.0,1.033,99.0,25.0,25.0,-3.0,25.0,25.0,25.0,25.0,0.0,0.0,0.0,0.0,38.0,53.0,60.0,120.2,567.0,651.0,22.0,22.0,1440.0,3530.0,39.0,37.0,53.0,1.0,19513.0,107.9,0.0,0.0,98.0,100.4375,100.4375,22.6875,98.0,750.0,49.0,1330.0,640.0,28.8,27.3,254.0,20.0,0.0,8.0,0.0,0.0,0.0,0.0,8.0,0.0,5.0,2.0,4.0,0.0,46.0,8495.0,86.0,0.0,0.0,0.0,0.0,26.0,0.0,0.0,4.0,5000.0,4990.0,4990.0,1.0,1.0,0.0,32.0,4299.0,0.0,255.0,854.0,240.0
1789040234014,2026-09-10T15:37:14.015,3768.0,14.3,84.0,2.36,2.36,2.36,2.36,1.0,1.0,908.0,1.0,0.0,825.0,23.0,78.0,-0.052009130000000015,-0.052009130000000015,3.0,0.999,39.0,36.0,36.0,-18.0,-18.0,-18.0,-18.0,-18.0,0.0,0.0,0.0,0.0,38.0,14.0,15.0,27.400000000000002,210.0,231.0,7.0,7.0,800.0,4180.0,0.0,0.0,0.0,1.0,19513.0,24.6,0.0,0.0,-21.4375,-21.4375,-21.75,21.6875,-21.4375,750.0,49.0,680.0,320.0,7.9,6.6000000000000005,254.0,20.0,0.0,8.0,0.0,0.0,1.0,0.0,8.0,0.0,5.0,2.0,4.0,100.0,39.0,8495.0,86.0,0.0,0.0,0.0,0.0,27.0,0.0,0.0,4.1000000000000005,5000.0,4990.0,4970.0,1.0,1.0,0.0,32.0,4273.0,0.0,255.0,854.0,236.0
1789040234494,2026-09-10T15:37:14.494,2783.0,14.3,85.0,2.52,2.52,2.52,2.52,1.0,0.0,888.0,1.0,0.0,488.0,0.0,77.5,1.9839999999993196e-05,1.9839999999993196e-05,3.0,1.119,0.0,27.0,27.0,-36.0,24.0,24.0,24.0,24.0,0.0,0.0,0.0,0.0,38.0,51.0,45.0,66.3,672.0,588.0,19.0,18.0,1280.0,3700.0,5.0,0.0,94.0,1.0,19513.0,72.7,1.0,0.0,-21.4375,-21.4375,-21.75,21.6875,-21.4375,750.0,49.0,1470.0,710.0,32.1,30.5,254.0,20.0,0.0,8.0,0.0,0.0,1.0,0.0,8.0,0.0,5.0,2.0,4.0,100.0,38.0,8495.0,86.0,0.0,0.0,0.0,0.0,27.0,0.0,0.0,4.1000000000000005,5000.0,4990.0,4970.0,1.0,1.0,0.0,32.0,4273.0,0.0,255.0,854.0,236.0
1789040235092,2026-09-10T15:37:15.092,2615.0,14.3,85.0,8.82,8.82,8.82,8.82,1.0,1.0,761.0,1.0,0.0,708.0,0.0,76.0,-0.026578340000000006,-0.026578340000000006,3.0,0.999,8.0,21.0,21.0,-36.0,14.0,14.0,14.0,14.0,0.0,0.0,0.0,0.0,38.0,65.0,65.0,94.5,735.0,735.0,24.0,25.0,1550.0,3430.0,39.0,40.0,41.0,1.0,19513.0,92.30000000000001,0.0,0.0,94.75,95.875,95.5,18.625,94.75,750.0,50.0,1510.0,730.0,33.300000000000004,32.0,254.0,20.0,0.0,8.0,0.0,0.0,0.0,0.0,8.0,0.0,5.0,2.0,4.0,0.0,40.0,8495.0,86.0,0.0,0.0,0.0,0.0,27.0,0.0,0.0,4.1000000000000005,5000.0,4990.0,4970.0,1.0,1.0,0.0,32.0,4273.0,0.0,255.0,854.0,236.0
1789040235693,2026-09-10T15:37:15.694,2718.0,14.3,85.0,9.86,9.86,9.86,9.86,0.0,1.0,78.0,0.0,0.0,68.0,0.0,73.5,0.07730410999999998,0.07730410999999998,3.0,0.999,19.0,20.0,20.0,-30.0,14.0,14.0,14.0,14.0,0.0,0.0,0.0,0.0,38.0,74.0,72.0,106.5,819.0,798.0,33.0,33.0,1880.0,3100.0,38.0,39.0,44.0,1.0,19513.0,109.9,0.0,0.0,94.75,95.875,95.5,18.625,94.75,750.0,51.0,1620.0,790.0,36.6,35.2,254.0,20.0,0.0,8.0,0.0,0.0,0.0,0.0,8.0,0.0,5.0,2.0,4.0,0.0,38.0,8495.0,86.0,0.0,0.0,0.0,0.0,27.0,0.0,0.0,4.1000000000000005,5000.0,4990.0,4980.0,1.0,1.0,0.0,32.0,4545.0,0.0,255.0,854.0,234.0
1789040236294,2026-09-10T15:37:16.295,2817.0,14.3,85.0,11.17,11.17,11.17,11.17,0.0,1.0,546.0,1.0,0.0,600.0,0.0,71.5,0.10715267,0.10715267,3.0,0.999,54.0,21.0,21.0,-17.0,21.0,21.0,21.0,21.0,0.0,0.0,0.0,0.0,38.0,64.0,68.0,101.7,714.0,777.0,25.0,25.0,1550.0,3430.0,38.0,39.0,45.0,1.0,19513.0,96.30000000000001,1.0,0.0,74.0625,77.25,80.75,19.125,74.0625,750.0,53.0,1300.0,620.0,27.0,25.5,254.0,20.0,0.0,8.0,0.0,0.0,0.0,0.0,8.0,0.0,5.0,2.0,4.0,0.0,37.0,8495.0,86.0,0.0,0.0,0.0,0.0,27.0,0.0,0.0,4.1000000000000005,5000.0,4990.0,4980.0,1.0,1.0,0.0,32.0,4545.0,0.0,255.0,854.0,234.0
1789040236775,2026-09-10T15:37:16.775,2872.0,14.3,85.0,5.97,5.97,5.97,5.97,1.0,1.0,878.0,1.0,0.0,800.0,0.0,68.5,0.030776369999999997,0.030776369999999997,3.0,0.999,21.0,26.0,26.0,-36.0,22.0,22.0,22.0,22.0,0.0,0.0,0.0,0.0,38.0,35.0,37.0,57.5,462.0,504.0,12.0,12.0,1030.0,3950.0,0.0,0.0,0.0,1.0,19513.0,53.0,1.0,0.0,74.0625,77.25,80.75,19.125,74.0625,750.0,54.0,1120.0,540.0,22.0,20.6,254.0,20.0,0.0,8.0,0.0,0.0,0.0,0.0,8.0,0.0,5.0,2.0,4.0,0.0,38.0,8495.0,86.0,0.0,0.0,0.0,0.0,27.0,0.0,0.0,4.1000000000000005,5000.0,4990.0,4980.0,1.0,1.0,0.0,32.0,4545.0,0.0,255.0,854.0,234.0
1789040237434,2026-09-10T15:37:17.434,2886.0,14.3,85.0,4.08,4.08,4.08,4.08,1.0,1.0,893.0,1.0,0.0,839.0,1.5,67.0,-0.03309436000000002,-0.03309436000000002,3.0,0.999,19.0,28.0,28.0,-36.0,17.0,17.0,17.0,17.0,0.0,0.0,0.0,0.0,38.0,24.0,28.0,42.5,336.0,378.0,9.0,10.0,920.0,4060.0,0.0,0.0,0.0,1.0,19513.0,36.6,0.0,0.0,21.6875,23.5625,23.25,20.0625,21.6875,750.0,53.0,1020.0,480.0,18.5,17.1,254.0,20.0,0.0,8.0,0.0,0.0,0.0,0.0,8.0,0.0,5.0,2.0,4.0,0.0,37.0,8495.0,86.0,0.0,0.0,0.0,0.0,27.0,0.0,0.0,4.0,5000.0,4990.0,5000.0,1.0,1.0,0.0,32.0,2396.0,0.0,255.0,854.0,235.0
1789040237946,2026-09-10T15:37:17.947,2851.0,14.3,85.0,2.7800000000000002,2.7800000000000002,2.7800000000000002,2.7800000000000002,1.0,1.0,844.0,1.0,0.0,815.0,6.0,65.5,-0.11617743,-0.11617743,2.0,0.999,19.0,29.0,29.0,-20.0,29.0,29.0,29.0,29.0,0.0,0.0,0.0,0.0,37.0,24.0,24.0,37.4,336.0,336.0,9.0,9.0,890.0,4090.0,0.0,0.0,0.0,1.0,19513.0,36.1,0.0,0.0,21.6875,23.5625,23.25,20.0625,21.6875,750.0,53.0,1000.0,480.0,18.1,16.8,254.0,20.0,0.0,8.0,0.0,0.0,0.0,0.0,8.0,0.0,5.0,2.0,4.0,0.0,38.0,8495.0,86.0,0.0,0.0,0.0,0.0,27.0,0.0,0.0,4.0,5000.0,4990.0,5000.0,1.0,1.0,0.0,32.0,2396.0,0.0,255.0,854.0,235.0
1789040238577,2026-09-10T15:37:18.577,2823.0,14.3,86.0,2.87,2.87,2.87,2.87,0.0,1.0,73.0,0.0,0.0,78.0,9.0,64.5,-0.0718395,-0.0718395,2.0,0.999,20.0,29.0,29.0,-19.0,29.0,29.0,29.0,29.0,0.0,0.0,0.0,0.0,37.0,27.0,25.0,39.0,378.0,357.0,10.0,10.0,920.0,4060.0,0.0,0.0,0.0,1.0,19513.0,41.1,1.0,0.0,27.3125,25.0625,25.0625,19.9375,27.3125,750.0,52.0,1070.0,510.0,20.200000000000003,18.900000000000002,254.0,20.0,0.0,8.0,0.0,0.0,0.0,0.0,8.0,0.0,5.0,2.0,4.0,0.0,38.0,8495.0,86.0,0.0,0.0,0.0,0.0,27.0,0.0,0.0,4.0,5000.0,4990.0,5000.0,1.0,1.0,0.0,32.0,2396.0,0.0,255.0,854.0,235.0
1789040239176,2026-09-10T15:37:19.176,2823.0,14.3,86.0,3.39,3.39,3.39,3.39,1.0,1.0,727.0,1.0,0.0,620.0,0.0,0.0,-0.04051835000000001,-0.04051835000000001,3.0,0.999,24.0,28.0,28.0,-23.0,28.0,28.0,28.0,28.0,0.0,0.0,0.0,0.0,37.0,28.0,27.0,41.1,378.0,378.0,10.0,10.0,930.0,4050.0,0.0,0.0,0.0,1.0,19513.0,41.2,0.0,0.0,27.3125,25.0625,25.0625,19.9375,27.3125,750.0,52.0,1080.0,520.0,20.3,18.900000000000002,254.0,20.0,0.0,8.0,0.0,0.0,0.0,0.0,8.0,0.0,5.0,2.0,4.0,0.0,38.0,8495.0,86.0,0.0,0.0,0.0,0.0,27.0,0.0,0.0,4.0,5000.0,4990.0,4990.0,1.0,1.0,0.0,32.0,2259.0,0.0,255.0,854.0,235.0
1789040239717,2026-09-10T15:37:19.717,2783.0,14.3,86.0,3.47,3.47,3.47,3.47,1.0,1.0,708.0,1.0,0.0,634.0,16.5,62.0,-0.044478320000000016,-0.044478320000000016,3.0,0.999,28.0,28.0,28.0,-26.0,28.0,28.0,28.0,28.0,0.0,0.0,0.0,0.0,37.0,25.0,28.0,41.400000000000006,336.0,399.0,9.0,9.0,900.0,4080.0,0.0,0.0,0.0,1.0,19513.0,36.800000000000004,0.0,0.0,16.4375,19.3125,18.5625,20.0,16.4375,750.0,52.0,930.0,440.0,16.2,15.100000000000001,254.0,20.0,0.0,8.0,0.0,0.0,0.0,0.0,8.0,0.0,5.0,2.0,4.0,0.0,36.0,8495.0,86.0,0.0,0.0,0.0,0.0,27.0,0.0,0.0,4.0,5000.0,4990.0,4990.0,1.0,1.0,0.0,32.0,2259.0,0.0,255.0,854.0,235.0
1789040240194,2026-09-10T15:37:20.194,2770.0,14.3,86.0,2.48,2.48,2.48,2.48,1.0,1.0,732.0,1.0,0.0,673.0,18.5,61.0,-0.04697333000000001,-0.04697333000000001,4.0,0.999,21.0,34.0,34.0,-23.0,14.0,14.0,14.0,14.0,0.0,0.0,0.0,0.0,37.0,14.0,16.0,23.6,210.0,252.0,6.0,6.0,750.0,4230.0,0.0,0.0,0.0,1.0,19513.0,20.5,1.0,0.0,16.4375,19.3125,18.5625,20.0,16.4375,750.0,51.0,800.0,380.0,12.0,10.700000000000001,254.0,20.0,0.0,8.0,0.0,0.0,0.0,0.0,8.0,0.0,5.0,2.0,4.0,0.0,31.0,8495.0,86.0,0.0,0.0,0.0,0.0,27.0,0.0,0.0,4.0,5000.0,4990.0,4990.0,1.0,1.0,0.0,32.0,2259.0,0.0,255.0,854.0,235.0
1789040240943,2026-09-10T15:37:20.944,2750.0,14.3,86.0,1.86,1.86,1.86,1.86,0.0,1.0,58.0,0.0,0.0,63.0,19.5,60.5,0.006856319999999971,0.006856319999999971,4.0,0.999,19.0,43.0,43.0,-14.0,42.0,42.0,42.0,42.0,0.0,0.0,0.0,0.0,37.0,15.0,14.0,21.1,210.0,210.0,6.0,6.0,750.0,4220.0,0.0,0.0,0.0,1.0,19513.0,20.6,1.0,0.0,2.125,2.0625,1.75,20.625,2.125,750.0,50.0,780.0,370.0,11.600000000000001,10.4,254.0,20.0,0.0,8.0,0.0,0.0,0.0,0.0,8.0,0.0,5.0,2.0,4.0,0.0,31.0,8495.0,86.0,0.0,0.0,0.0,0.0,27.0,0.0,0.0,4.0,5000.0,4990.0,4980.0,1.0,1.0,0.0,32.0,3362.0,0.0,255.0,854.0,229.0
1789040241455,2026-09-10T15:37:21.455,2663.0,14.3,86.0,1.83,1.83,1.83,1.83,1.0,1.0,747.0,1.0,0.0,668.0,21.0,59.0,0.014738109999999971,0.014738109999999971,5.0,0.999,19.0,43.0,43.0,6.0,31.0,31.0,31.0,31.0,0.0,0.0,0.0,0.0,38.0,14.0,14.0,20.1,210.0,210.0,5.0,5.0,740.0,4230.0,0.0,0.0,0.0,1.0,19513.0,19.1,0.0,0.0,2.125,2.0625,1.75,20.625,2.125,750.0,49.0,760.0,360.0,10.8,9.8,254.0,20.0,0.0,8.0,0.0,0.0,0.0,0.0,8.0,0.0,5.0,2.0,4.0,0.0,37.0,8495.0,86.0,0.0,0.0,0.0,0.0,27.0,0.0,0.0,4.0,5000.0,4990.0,4980.0,1.0,1.0,0.0,32.0,3362.0,0.0,255.0,854.0,229.0
1789040241993,2026-09-10T15:37:21.994,2609.0,14.3,86.0,1.87,1.87,1.87,1.87,0.0,1.0,156.0,0.0,0.0,336.0,22.0,58.0,0.041191319999999976,0.041191319999999976,5.0,0.999,20.0,43.0,43.0,6.0,31.0,31.0,31.0,31.0,0.0,0.0,0.0,0.0,38.0,14.0,14.0,20.1,210.0,210.0,5.0,5.0,740.0,4240.0,0.0,0.0,0.0,1.0,19513.0,19.0,0.0,0.0,-1.875,-1.875,-2.25,20.6875,-1.875,750.0,48.0,690.0,320.0,9.3,8.1,254.0,20.0,0.0,8.0,0.0,0.0,0.0,0.0,8.0,0.0,5.0,2.0,4.0,0.0,37.0,8495.0,86.0,0.0,0.0,0.0,0.0,27.0,0.0,0.0,4.0,5000.0,4990.0,4980.0,1.0,1.0,0.0,32.0,3362.0,0.0,255.0,854.0,229.0
1789040242624,2026-09-10T15:37:22.624,2575.0,14.3,87.0,1.77,1.77,1.77,1.77,1.0,1.0,615.0,1.0,0.0,673.0,22.5,57.5,-0.006992130000000013,-0.006992130000000013,6.0,0.999,21.0,43.0,43.0,5.0,15.0,15.0,15.0,15.0,0.0,0.0,0.0,0.0,38.0,14.0,14.0,19.6,210.0,210.0,5.0,5.0,730.0,4250.0,0.0,0.0,0.0,1.0,19513.0,18.6,1.0,0.0,-1.875,-1.875,-2.25,20.6875,-1.875,750.0,47.0,390.0,200.0,0.0,0.0,254.0,20.0,0.0,8.0,0.0,1.0,0.0,0.0,8.0,0.0,5.0,2.0,4.0,0.0,35.0,8495.0,86.0,0.0,0.0,0.0,0.0,27.0,0.0,0.0,4.0,5000.0,4990.0,4990.0,1.0,1.0,0.0,32.0,5000.0,0.0,255.0,854.0,252.0
1789040243255,2026-09-10T15:37:23.255,2456.0,14.3,87.0,1.94,1.94,1.94,1.94,0.0,1.0,78.0,0.0,0.0,73.0,22.0,57.5,0.06461541999999998,0.06461541999999998,6.0,0.999,21.0,43.0,43.0,-16.0,-3.0,-3.0,-3.0,-3.0,0.0,0.0,0.0,0.0,38.0,14.0,15.0,19.3,210.0,210.0,5.0,5.0,730.0,4250.0,0.0,0.0,0.0,1.0,19513.0,18.0,0.0,0.0,-20.375,-18.625,-18.375,21.0625,-20.375,750.0,44.0,390.0,200.0,0.0,0.0,254.0,20.0,0.0,8.0,0.0,1.0,0.0,0.0,8.0,0.0,5.0,2.0,4.0,0.0,34.0,8495.0,86.0,0.0,0.0,0.0,0.0,27.0,0.0,0.0,4.0,5000.0,4990.0,4990.0,1.0,1.0,0.0,32.0,5000.0,0.0,255.0,854.0,252.0
1789040243737,2026-09-10T15:37:23.738,2315.0,14.3,87.0,0.0,0.0,0.0,0.0,0.0,0.0,34.0,0.0,0.0,48.0,21.5,56.5,1.9839999999993196e-05,1.9839999999993196e-05,5.0,0.999,0.0,40.0,40.0,-9.0,-9.0,-9.0,-9.0,-9.0,0.0,0.0,0.0,0.0,38.0,14.0,15.0,19.1,210.0,231.0,5.0,5.0,720.0,4260.0,0.0,0.0,0.0,1.0,19513.0,17.3,0.0,0.0,-20.375,-18.625,-18.375,21.0625,-20.375,750.0,43.0,390.0,200.0,0.0,0.0,254.0,20.0,0.0,8.0,0.0,0.0,0.0,0.0,8.0,0.0,5.0,0.0,4.0,0.0,35.0,8495.0,86.0,0.0,0.0,0.0,0.0,27.0,0.0,0.0,4.0,5000.0,4990.0,4990.0,1.0,1.0,0.0,32.0,5000.0,0.0,255.0,854.0,252.0
1789040244456,2026-09-10T15:37:24.456,2240.0,14.3,87.0,0.0,0.0,0.0,0.0,0.0,0.0,4.0,0.0,0.0,9.0,24.0,56.0,1.9839999999993196e-05,1.9839999999993196e-05,5.0,0.999,0.0,47.0,47.0,-18.0,6.0,6.0,6.0,6.0,0.0,0.0,0.0,0.0,38.0,14.0,15.0,18.1,210.0,210.0,5.0,5.0,710.0,4290.0,0.0,0.0,0.0,1.0,19513.0,16.8,1.0,0.0,-3.375,-2.3125,-2.8125,21.6875,-3.375,750.0,41.0,660.0,310.0,8.1,6.9,254.0,20.0,0.0,8.0,0.0,0.0,0.0,0.0,8.0,0.0,5.0,2.0,4.0,0.0,36.0,8495.0,86.0,0.0,0.0,0.0,0.0,28.0,0.0,0.0,4.0,5000.0,4990.0,4990.0,1.0,1.0,0.0,32.0,2273.0,0.0,255.0,854.0,230.0
1789040244934,2026-09-10T15:37:24.934,2211.0,14.3,87.0,1.73,1.73,1.73,1.73,1.0,1.0,849.0,1.0,0.0,722.0,28.5,56.5,-0.0047718000000000205,-0.0047718000000000205,5.0,0.999,0.0,42.0,42.0,-15.0,42.0,42.0,42.0,42.0,0.0,0.0,0.0,0.0,38.0,14.0,14.0,16.5,210.0,210.0,4.0,4.0,700.0,4270.0,0.0,0.0,0.0,1.0,19513.0,15.9,1.0,0.0,-3.375,-2.3125,-2.8125,21.6875,-3.375,750.0,41.0,710.0,340.0,9.5,8.3,254.0,20.0,0.0,8.0,0.0,0.0,0.0,0.0,8.0,0.0,5.0,2.0,4.0,0.0,34.0,8495.0,86.0,0.0,0.0,0.0,0.0,28.0,0.0,0.0,4.0,5000.0,4990.0,4990.0,1.0,1.0,0.0,32.0,2273.0,0.0,255.0,854.0,230.0
1789040245535,2026-09-10T15:37:25.535,2162.0,14.3,87.0,1.82,1.82,1.82,1.82,0.0,1.0,68.0,0.0,0.0,73.0,29.5,55.0,0.018545480000000003,0.018545480000000003,5.0,0.999,5.0,42.0,42.0,-17.0,40.0,40.0,40.0,40.0,0.0,0.0,0.0,0.0,38.0,15.0,14.0,16.400000000000002,210.0,210.0,4.0,4.0,700.0,4270.0,0.0,0.0,0.0,1.0,19513.0,16.3,0.0,0.0,2.75,-2.25,-2.0625,21.625,2.75,750.0,39.0,720.0,340.0,9.600000000000001,8.6,254.0,20.0,0.0,8.0,0.0,0.0,0.0,0.0,8.0,0.0,5.0,2.0,4.0,0.0,33.0,8495.0,86.0,0.0,0.0,0.0,0.0,28.0,0.0,0.0,4.0,5000.0,4990.0,4990.0,1.0,1.0,0.0,32.0,2273.0,0.0,255.0,854.0,230.0
1789040246196,2026-09-10T15:37:26.196,2142.0,14.3,88.0,1.84,1.84,1.84,1.84,1.0,1.0,786.0,1.0,0.0,698.0,32.0,54.0,0.0033007399999999687,0.0033007399999999687,5.0,0.999,7.0,41.0,41.0,-18.0,31.0,31.0,31.0,31.0,0.0,0.0,0.0,0.0,38.0,15.0,15.0,17.1,210.0,231.0,5.0,5.0,710.0,4270.0,0.0,0.0,0.0,1.0,19513.0,16.400000000000002,1.0,0.0,2.75,-2.25,-2.0625,21.625,2.75,750.0,39.0,720.0,340.0,9.8,8.6,254.0,20.0,0.0,8.0,0.0,0.0,0.0,0.0,8.0,0.0,5.0,2.0,4.0,0.0,31.0,8495.0,86.0,0.0,0.0,0.0,0.0,28.0,0.0,0.0,4.0,5000.0,4990.0,4980.0,1.0,1.0,0.0,32.0,2438.0,0.0,255.0,854.0,222.0
1789040246854,2026-09-10T15:37:26.854,2070.0,14.3,88.0,2.0100000000000002,2.0100000000000002,2.0100000000000002,2.0100000000000002,0.0,1.0,136.0,0.0,0.0,83.0,34.0,54.0,0.04061906999999998,0.04061906999999998,5.0,0.999,8.0,40.0,40.0,1.0,39.0,39.0,39.0,39.0,0.0,0.0,0.0,0.0,38.0,16.0,15.0,17.0,231.0,231.0,5.0,5.0,710.0,4270.0,0.0,0.0,0.0,1.0,19513.0,17.0,1.0,0.0,6.1875,4.4375,4.4375,21.6875,6.1875,750.0,38.0,760.0,360.0,10.8,9.5,254.0,20.0,0.0,8.0,0.0,0.0,0.0,0.0,8.0,0.0,5.0,2.0,4.0,0.0,37.0,8495.0,86.0,0.0,0.0,0.0,0.0,28.0,0.0,0.0,4.0,5000.0,4990.0,4980.0,1.0,1.0,0.0,32.0,2438.0,0.0,255.0,854.0,222.0
1789040247334,2026-09-10T15:37:27.335,2077.0,14.3,88.0,2.04,2.04,2.04,2.04,1.0,1.0,810.0,1.0,0.0,717.0,37.0,53.5,-0.026853020000000005,-0.026853020000000005,5.0,0.999,10.0,36.0,36.0,-3.0,33.0,33.0,33.0,33.0,0.0,0.0,0.0,0.0,38.0,17.0,17.0,18.5,252.0,252.0,5.0,5.0,730.0,4250.0,0.0,0.0,0.0,1.0,19513.0,17.900000000000002,0.0,0.0,6.1875,4.4375,4.4375,21.6875,6.1875,750.0,38.0,760.0,360.0,11.0,9.8,254.0,20.0,0.0,8.0,0.0,0.0,0.0,0.0,8.0,0.0,5.0,2.0,4.0,0.0,40.0,8495.0,86.0,0.0,0.0,0.0,0.0,28.0,0.0,0.0,4.0,5000.0,4990.0,4980.0,1.0,1.0,0.0,32.0,2438.0,0.0,255.0,854.0,222.0
1789040248058,2026-09-10T15:37:28.059,2027.0,14.3,88.0,2.14,2.14,2.14,2.14,0.0,1.0,112.0,0.0,0.0,317.0,38.0,53.5,-0.007816170000000011,-0.007816170000000011,5.0,0.999,11.0,36.0,36.0,-3.0,33.0,33.0,33.0,33.0,0.0,0.0,0.0,0.0,38.0,17.0,17.0,18.7,252.0,252.0,5.0,5.0,730.0,4250.0,0.0,0.0,0.0,1.0,19513.0,18.5,0.0,0.0,8.375,8.0,8.0,21.75,8.375,750.0,37.0,770.0,370.0,11.3,10.100000000000001,254.0,20.0,0.0,8.0,0.0,0.0,0.0,0.0,8.0,0.0,5.0,2.0,4.0,0.0,38.0,8495.0,86.0,0.0,0.0,0.0,0.0,28.0,0.0,0.0,4.0,5000.0,4990.0,4980.0,1.0,1.0,0.0,32.0,3754.0,0.0,255.0,854.0,223.0
1789040248533,2026-09-10T15:37:28.534,1959.0,14.3,88.0,2.2,2.2,2.2,2.2,1.0,1.0,795.0,1.0,0.0,732.0,40.5,53.0,-0.04464618000000001,-0.04464618000000001,4.0,0.999,12.0,32.0,32.0,-6.0,29.0,29.0,29.0,29.0,0.0,0.0,0.0,0.0,38.0,18.0,18.0,19.1,252.0,273.0,5.0,5.0,730.0,4250.0,0.0,0.0,0.0,1.0,19513.0,18.6,1.0,0.0,8.375,8.0,8.0,21.75,8.375,750.0,37.0,770.0,370.0,11.3,10.100000000000001,254.0,20.0,0.0,8.0,0.0,0.0,0.0,0.0,8.0,0.0,5.0,2.0,4.0,0.0,38.0,8495.0,86.0,0.0,0.0,0.0,0.0,28.0,0.0,0.0,4.0,5000.0,4990.0,4980.0,1.0,1.0,0.0,32.0,3754.0,0.0,255.0,854.0,223.0
1789040249134,2026-09-10T15:37:29.134,1933.0,14.3,88.0,2.19,2.19,2.19,2.19,0.0,1.0,327.0,1.0,0.0,610.0,0.0,0.0,-0.06514036000000001,-0.06514036000000001,4.0,0.999,13.0,31.0,31.0,-7.0,27.0,27.0,27.0,27.0,0.0,0.0,0.0,0.0,38.0,18.0,18.0,19.3,273.0,273.0,5.0,5.0,730.0,4250.0,0.0,0.0,0.0,1.0,19513.0,18.6,0.0,0.0,8.8125,8.8125,8.5,22.1875,8.8125,750.0,36.0,710.0,330.0,9.3,8.1,254.0,20.0,0.0,8.0,0.0,0.0,0.0,0.0,8.0,0.0,5.0,2.0,4.0,0.0,39.0,8495.0,86.0,0.0,0.0,0.0,0.0,28.0,0.0,0.0,4.0,5000.0,4990.0,4980.0,1.0,1.0,0.0,32.0,3754.0,0.0,255.0,854.0,223.0
1789040249734,2026-09-10T15:37:29.734,1872.0,14.3,88.0,2.16,2.16,2.16,2.16,1.0,1.0,800.0,1.0,0.0,737.0,44.0,53.0,-0.06401112,-0.06401112,5.0,0.999,14.0,32.0,32.0,-9.0,16.0,16.0,16.0,16.0,0.0,0.0,0.0,0.0,38.0,13.0,16.0,15.8,210.0,231.0,3.0,3.0,660.0,4330.0,0.0,0.0,0.0,1.0,19513.0,13.200000000000001,0.0,0.0,8.8125,8.8125,8.5,22.1875,8.8125,750.0,34.0,390.0,200.0,0.0,0.0,254.0,20.0,0.0,8.0,0.0,0.0,0.0,0.0,8.0,0.0,5.0,2.0,4.0,0.0,34.0,8495.0,86.0,0.0,0.0,0.0,0.0,28.0,0.0,0.0,4.0,5000.0,4990.0,4990.0,1.0,1.0,0.0,32.0,2792.0,0.0,255.0,854.0,224.0
1789040250335,2026-09-10T15:37:30.335,1783.0,14.3,87.0,1.7,1.7,1.7,1.7,0.0,1.0,78.0,0.0,0.0,263.0,45.0,52.5,-0.055969099999999994,-0.055969099999999994,5.0,0.999,12.0,39.0,39.0,-16.0,16.0,16.0,16.0,16.0,0.0,0.0,0.0,0.0,38.0,14.0,14.0,13.700000000000001,210.0,210.0,3.0,3.0,660.0,4330.0,0.0,0.0,0.0,1.0,19513.0,12.600000000000001,1.0,0.0,-21.125,-11.0,-10.5,24.25,-22.875,750.0,33.0,390.0,200.0,0.0,0.0,254.0,20.0,0.0,8.0,0.0,1.0,0.0,0.0,8.0,0.0,5.0,2.0,4.0,0.0,31.0,8495.0,86.0,0.0,0.0,0.0,0.0,28.0,0.0,0.0,4.0,5000.0,4990.0,4990.0,1.0,1.0,0.0,32.0,2792.0,0.0,255.0,854.0,224.0
1789040250817,2026-09-10T15:37:30.817,1733.0,14.100000000000001,87.0,1.6400000000000001,1.6400000000000001,1.6400000000000001,1.6400000000000001,0.0,1.0,78.0,1.0,0.0,639.0,46.5,53.5,-0.07888962,-0.07888962,6.0,0.999,13.0,38.0,38.0,-15.0,-1.0,-1.0,-1.0,-1.0,0.0,0.0,0.0,0.0,38.0,14.0,14.0,13.0,210.0,210.0,3.0,3.0,640.0,4340.0,0.0,0.0,0.0,1.0,19513.0,12.200000000000001,1.0,0.0,-21.125,-11.0,-10.5,24.25,-22.875,750.0,32.0,390.0,200.0,0.0,0.0,254.0,20.0,0.0,8.0,0.0,1.0,0.0,0.0,8.0,0.0,5.0,2.0,4.0,0.0,26.0,8495.0,86.0,0.0,0.0,0.0,0.0,28.0,0.0,0.0,4.0,5000.0,4990.0,4990.0,1.0,1.0,0.0,32.0,2792.0,0.0,255.0,854.0,224.0
1789040251534,2026-09-10T15:37:31.535,1645.0,14.200000000000001,87.0,0.0,0.0,0.0,0.0,0.0,0.0,34.0,0.0,0.0,43.0,46.5,52.5,1.9839999999993196e-05,1.9839999999993196e-05,6.0,0.999,0.0,37.0,37.0,-8.0,-8.0,-8.0,-8.0,-8.0,0.0,0.0,0.0,0.0,38.0,14.0,14.0,12.200000000000001,210.0,210.0,3.0,3.0,630.0,4360.0,0.0,0.0,0.0,1.0,19513.0,11.4,0.0,0.0,-25.25,-25.25,-25.5,26.6875,-25.25,750.0,29.0,390.0,200.0,0.0,0.0,254.0,20.0,0.0,8.0,0.0,1.0,1.0,0.0,8.0,0.0,5.0,2.0,4.0,100.0,20.0,8495.0,86.0,0.0,0.0,0.0,0.0,28.0,0.0,0.0,4.0,5000.0,4990.0,4980.0,1.0,1.0,0.0,32.0,2207.0,0.0,255.0,854.0,229.0
1789040252013,2026-09-10T15:37:32.014,1330.0,14.3,86.0,1.93,1.93,1.93,1.93,0.0,0.0,34.0,0.0,0.0,14.0,47.5,52.5,1.9839999999993196e-05,1.9839999999993196e-05,6.0,1.174,0.0,34.0,34.0,4.0,4.0,4.0,4.0,4.0,0.0,0.0,0.0,0.0,38.0,13.0,13.0,8.5,210.0,210.0,2.0,2.0,590.0,4390.0,0.0,0.0,0.0,1.0,19513.0,8.200000000000001,1.0,0.0,-25.25,-25.25,-25.5,26.6875,-25.25,750.0,24.0,390.0,200.0,0.0,0.0,254.0,20.0,0.0,8.0,0.0,1.0,1.0,0.0,8.0,0.0,5.0,1.0,4.0,100.0,19.0,8495.0,86.0,0.0,0.0,0.0,0.0,28.0,0.0,0.0,4.0,5000.0,4990.0,4980.0,1.0,1.0,0.0,32.0,2207.0,0.0,255.0,854.0,229.0
1789040252587,2026-09-10T15:37:32.588,1051.0,14.100000000000001,86.0,1.61,1.61,1.61,1.61,1.0,0.0,878.0,1.0,0.0,737.0,48.5,52.5,1.9839999999993196e-05,1.9839999999993196e-05,6.0,1.0030000000000001,0.0,31.0,31.0,6.0,31.0,31.0,31.0,31.0,0.0,0.0,0.0,0.0,38.0,20.0,14.0,7.800000000000001,294.0,231.0,2.0,2.0,620.0,4370.0,0.0,0.0,0.0,1.0,19513.0,10.100000000000001,1.0,0.0,-27.5,-6.75,-7.625,28.9375,-27.5,750.0,18.0,390.0,200.0,0.0,0.0,254.0,20.0,0.0,8.0,0.0,1.0,1.0,0.0,8.0,0.0,5.0,1.0,4.0,100.0,23.0,8495.0,86.0,0.0,0.0,0.0,0.0,28.0,0.0,0.0,4.0,5000.0,4990.0,4980.0,1.0,1.0,0.0,32.0,2207.0,0.0,255.0,854.0,229.0
1789040253344,2026-09-10T15:37:33.345,894.0,14.100000000000001,85.0,2.25,2.25,2.25,2.25,1.0,1.0,869.0,1.0,0.0,805.0,50.5,52.0,-0.005817110000000014,-0.005817110000000014,6.0,0.999,3.0,22.0,22.0,-5.0,2.0,2.0,2.0,2.0,0.0,0.0,0.0,0.0,38.0,18.0,17.0,8.200000000000001,273.0,273.0,2.0,2.0,600.0,4390.0,0.0,0.0,0.0,1.0,19513.0,8.200000000000001,0.0,0.0,-27.5,-6.75,-7.625,28.9375,-27.5,750.0,12.0,390.0,200.0,0.0,0.0,254.0,20.0,0.0,8.0,0.0,1.0,1.0,0.0,8.0,0.0,5.0,1.0,4.0,100.0,26.0,8495.0,86.0,0.0,0.0,0.0,0.0,28.0,0.0,0.0,4.0,5000.0,4990.0,4980.0,1.0,1.0,0.0,32.0,885.0,0.0,255.0,854.0,245.0
1789040295434,2026-09-10T15:38:15.434,,,,,,,,,,,,,,,,,,,,,22.0,22.0,-5.0,2.0,2.0,2.0,2.0,0.0,0.0,0.0,0.0,38.0,18.0,17.0,8.200000000000001,273.0,273.0,2.0,2.0,600.0,4390.0,0.0,0.0,0.0,1.0,19513.0,8.200000000000001,0.0,0.0,-27.5,-6.75,-7.625,28.9375,-27.5,750.0,12.0,390.0,200.0,0.0,0.0,254.0,20.0,0.0,8.0,0.0,1.0,1.0,0.0,8.0,0.0,5.0,1.0,4.0,100.0,26.0,8495.0,86.0,0.0,0.0,0.0,0.0,28.0,0.0,0.0,4.0,5000.0,4990.0,4980.0,1.0,1.0,0.0,32.0,885.0,0.0,255.0,854.0,245.0
1789040296205,2026-09-10T15:38:16.206,,,,,,,,,,,,,,,,,,,,,22.0,22.0,-5.0,2.0,2.0,2.0,2.0,0.0,0.0,0.0,0.0,38.0,18.0,17.0,8.200000000000001,273.0,273.0,2.0,2.0,600.0,4390.0,0.0,0.0,0.0,1.0,19513.0,8.200000000000001,0.0,0.0,-27.5,-6.75,-7.625,28.9375,-27.5,750.0,12.0,390.0,200.0,0.0,0.0,254.0,20.0,0.0,8.0,0.0,1.0,1.0,0.0,8.0,0.0,5.0,1.0,4.0,100.0,26.0,8495.0,86.0,0.0,0.0,0.0,0.0,28.0,0.0,0.0,4.0,5000.0,4990.0,4980.0,1.0,1.0,0.0,32.0,885.0,0.0,255.0,854.0,245.0
1789040297281,2026-09-10T15:38:17.281,,,,,,,,,,,,,,,,,,,,,22.0,22.0,-5.0,2.0,2.0,2.0,2.0,0.0,0.0,0.0,0.0,38.0,18.0,17.0,8.200000000000001,273.0,273.0,2.0,2.0,600.0,4390.0,0.0,0.0,0.0,1.0,19513.0,8.200000000000001,0.0,0.0,-27.5,-6.75,-7.625,28.9375,-27.5,750.0,12.0,390.0,200.0,0.0,0.0,254.0,20.0,0.0,8.0,0.0,1.0,1.0,0.0,8.0,0.0,5.0,1.0,4.0,100.0,26.0,8495.0,86.0,0.0,0.0,0.0,0.0,28.0,0.0,0.0,4.0,5000.0,4990.0,4980.0,1.0,1.0,0.0,32.0,885.0,0.0,255.0,854.0,245.0
1789040298002,2026-09-10T15:38:18.002,,,,,,,,,,,,,,,,,,,,,22.0,22.0,-5.0,2.0,2.0,2.0,2.0,0.0,0.0,0.0,0.0,38.0,18.0,17.0,8.200000000000001,273.0,273.0,2.0,2.0,600.0,4390.0,0.0,0.0,0.0,1.0,19513.0,8.200000000000001,0.0,0.0,-27.5,-6.75,-7.625,28.9375,-27.5,750.0,12.0,390.0,200.0,0.0,0.0,254.0,20.0,0.0,8.0,0.0,1.0,1.0,0.0,8.0,0.0,5.0,1.0,4.0,100.0,26.0,8495.0,86.0,0.0,0.0,0.0,0.0,28.0,0.0,0.0,4.0,5000.0,4990.0,4980.0,1.0,1.0,0.0,32.0,885.0,0.0,255.0,854.0,245.0
1789040298904,2026-09-10T15:38:18.904,,,,,,,,,,,,,,,,,,,,,22.0,22.0,-5.0,2.0,2.0,2.0,2.0,0.0,0.0,0.0,0.0,38.0,18.0,17.0,8.200000000000001,273.0,273.0,2.0,2.0,600.0,4390.0,0.0,0.0,0.0,1.0,19513.0,8.200000000000001,0.0,0.0,-27.5,-6.75,-7.625,28.9375,-27.5,750.0,12.0,390.0,200.0,0.0,0.0,254.0,20.0,0.0,8.0,0.0,1.0,1.0,0.0,8.0,0.0,5.0,1.0,4.0,100.0,26.0,8495.0,86.0,0.0,0.0,0.0,0.0,28.0,0.0,0.0,4.0,5000.0,4990.0,4980.0,1.0,1.0,0.0,32.0,885.0,0.0,255.0,854.0,245.0
1789040299801,2026-09-10T15:38:19.802,,,,,,,,,,,,,,,,,,,,,22.0,22.0,-5.0,2.0,2.0,2.0,2.0,0.0,0.0,0.0,0.0,38.0,18.0,17.0,8.200000000000001,273.0,273.0,2.0,2.0,600.0,4390.0,0.0,0.0,0.0,1.0,19513.0,8.200000000000001,0.0,0.0,-27.5,-6.75,-7.625,28.9375,-27.5,750.0,12.0,390.0,200.0,0.0,0.0,254.0,20.0,0.0,8.0,0.0,1.0,1.0,0.0,8.0,0.0,5.0,1.0,4.0,100.0,26.0,8495.0,86.0,0.0,0.0,0.0,0.0,28.0,0.0,0.0,4.0,5000.0,4990.0,4980.0,1.0,1.0,0.0,32.0,885.0,0.0,255.0,854.0,245.0
1789040300702,2026-09-10T15:38:20.702,,,,,,,,,,,,,,,,,,,,,22.0,22.0,-5.0,2.0,2.0,2.0,2.0,0.0,0.0,0.0,0.0,38.0,18.0,17.0,8.200000000000001,273.0,273.0,2.0,2.0,600.0,4390.0,0.0,0.0,0.0,1.0,19513.0,8.200000000000001,0.0,0.0,-27.5,-6.75,-7.625,28.9375,-27.5,750.0,12.0,390.0,200.0,0.0,0.0,254.0,20.0,0.0,8.0,0.0,1.0,1.0,0.0,8.0,0.0,5.0,1.0,4.0,100.0,26.0,8495.0,86.0,0.0,0.0,0.0,0.0,28.0,0.0,0.0,4.0,5000.0,4990.0,4980.0,1.0,1.0,0.0,32.0,885.0,0.0,255.0,854.0,245.0
1789040301420,2026-09-10T15:38:21.420,,,,,,,,,,,,,,,,,,,,,22.0,22.0,-5.0,2.0,2.0,2.0,2.0,0.0,0.0,0.0,0.0,38.0,18.0,17.0,8.200000000000001,273.0,273.0,2.0,2.0,600.0,4390.0,0.0,0.0,0.0,1.0,19513.0,8.200000000000001,0.0,0.0,-27.5,-6.75,-7.625,28.9375,-27.5,750.0,12.0,390.0,200.0,0.0,0.0,254.0,20.0,0.0,8.0,0.0,1.0,1.0,0.0,8.0,0.0,5.0,1.0,4.0,100.0,26.0,8495.0,86.0,0.0,0.0,0.0,0.0,28.0,0.0,0.0,4.0,5000.0,4990.0,4980.0,1.0,1.0,0.0,32.0,885.0,0.0,255.0,854.0,245.0
1789040302560,2026-09-10T15:38:22.561,,,,,,,,,,,,,,,,,,,,,22.0,22.0,-5.0,2.0,2.0,2.0,2.0,0.0,0.0,0.0,0.0,38.0,18.0,17.0,8.200000000000001,273.0,273.0,2.0,2.0,600.0,4390.0,0.0,0.0,0.0,1.0,19513.0,8.200000000000001,0.0,0.0,-27.5,-6.75,-7.625,28.9375,-27.5,750.0,12.0,390.0,200.0,0.0,0.0,254.0,20.0,0.0,8.0,0.0,1.0,1.0,0.0,8.0,0.0,5.0,1.0,4.0,100.0,26.0,8495.0,86.0,0.0,0.0,0.0,0.0,28.0,0.0,0.0,4.0,5000.0,4990.0,4980.0,1.0,1.0,0.0,32.0,885.0,0.0,255.0,854.0,245.0
1789040303312,2026-09-10T15:38:23.312,,,,,,,,,,,,,,,,,,,,,22.0,22.0,-5.0,2.0,2.0,2.0,2.0,0.0,0.0,0.0,0.0,38.0,18.0,17.0,8.200000000000001,273.0,273.0,2.0,2.0,600.0,4390.0,0.0,0.0,0.0,1.0,19513.0,8.200000000000001,0.0,0.0,-27.5,-6.75,-7.625,28.9375,-27.5,750.0,12.0,390.0,200.0,0.0,0.0,254.0,20.0,0.0,8.0,0.0,1.0,1.0,0.0,8.0,0.0,5.0,1.0,4.0,100.0,26.0,8495.0,86.0,0.0,0.0,0.0,0.0,28.0,0.0,0.0,4.0,5000.0,4990.0,4980.0,1.0,1.0,0.0,32.0,885.0,0.0,255.0,854.0,245.0
1789040304210,2026-09-10T15:38:24.210,,,,,,,,,,,,,,,,,,,,,22.0,22.0,-5.0,2.0,2.0,2.0,2.0,0.0,0.0,0.0,0.0,38.0,18.0,17.0,8.200000000000001,273.0,273.0,2.0,2.0,600.0,4390.0,0.0,0.0,0.0,1.0,19513.0,8.200000000000001,0.0,0.0,-27.5,-6.75,-7.625,28.9375,-27.5,750.0,12.0,390.0,200.0,0.0,0.0,254.0,20.0,0.0,8.0,0.0,1.0,1.0,0.0,8.0,0.0,5.0,1.0,4.0,100.0,26.0,8495.0,86.0,0.0,0.0,0.0,0.0,28.0,0.0,0.0,4.0,5000.0,4990.0,4980.0,1.0,1.0,0.0,32.0,885.0,0.0,255.0,854.0,245.0
1789040305110,2026-09-10T15:38:25.111,,,,,,,,,,,,,,,,,,,,,22.0,22.0,-5.0,2.0,2.0,2.0,2.0,0.0,0.0,0.0,0.0,38.0,18.0,17.0,8.200000000000001,273.0,273.0,2.0,2.0,600.0,4390.0,0.0,0.0,0.0,1.0,19513.0,8.200000000000001,0.0,0.0,-27.5,-6.75,-7.625,28.9375,-27.5,750.0,12.0,390.0,200.0,0.0,0.0,254.0,20.0,0.0,8.0,0.0,1.0,1.0,0.0,8.0,0.0,5.0,1.0,4.0,100.0,26.0,8495.0,86.0,0.0,0.0,0.0,0.0,28.0,0.0,0.0,4.0,5000.0,4990.0,4980.0,1.0,1.0,0.0,32.0,885.0,0.0,255.0,854.0,245.0
1789040306013,2026-09-10T15:38:26.014,,,,,,,,,,,,,,,,,,,,,22.0,22.0,-5.0,2.0,2.0,2.0,2.0,0.0,0.0,0.0,0.0,38.0,18.0,17.0,8.200000000000001,273.0,273.0,2.0,2.0,600.0,4390.0,0.0,0.0,0.0,1.0,19513.0,8.200000000000001,0.0,0.0,-27.5,-6.75,-7.625,28.9375,-27.5,750.0,12.0,390.0,200.0,0.0,0.0,254.0,20.0,0.0,8.0,0.0,1.0,1.0,0.0,8.0,0.0,5.0,1.0,4.0,100.0,26.0,8495.0,86.0,0.0,0.0,0.0,0.0,28.0,0.0,0.0,4.0,5000.0,4990.0,4980.0,1.0,1.0,0.0,32.0,885.0,0.0,255.0,854.0,245.0
1789040306762,2026-09-10T15:38:26.762,,,,,,,,,,,,,,,,,,,,,22.0,22.0,-5.0,2.0,2.0,2.0,2.0,0.0,0.0,0.0,0.0,38.0,18.0,17.0,8.200000000000001,273.0,273.0,2.0,2.0,600.0,4390.0,0.0,0.0,0.0,1.0,19513.0,8.200000000000001,0.0,0.0,-27.5,-6.75,-7.625,28.9375,-27.5,750.0,12.0,390.0,200.0,0.0,0.0,254.0,20.0,0.0,8.0,0.0,1.0,1.0,0.0,8.0,0.0,5.0,1.0,4.0,100.0,26.0,8495.0,86.0,0.0,0.0,0.0,0.0,28.0,0.0,0.0,4.0,5000.0,4990.0,4980.0,1.0,1.0,0.0,32.0,885.0,0.0,255.0,854.0,245.0
1789040307842,2026-09-10T15:38:27.843,,,,,,,,,,,,,,,,,,,,,22.0,22.0,-5.0,2.0,2.0,2.0,2.0,0.0,0.0,0.0,0.0,38.0,18.0,17.0,8.200000000000001,273.0,273.0,2.0,2.0,600.0,4390.0,0.0,0.0,0.0,1.0,19513.0,8.200000000000001,0.0,0.0,-27.5,-6.75,-7.625,28.9375,-27.5,750.0,12.0,390.0,200.0,0.0,0.0,254.0,20.0,0.0,8.0,0.0,1.0,1.0,0.0,8.0,0.0,5.0,1.0,4.0,100.0,26.0,8495.0,86.0,0.0,0.0,0.0,0.0,28.0,0.0,0.0,4.0,5000.0,4990.0,4980.0,1.0,1.0,0.0,32.0,885.0,0.0,255.0,854.0,245.0
1789040308592,2026-09-10T15:38:28.592,,,,,,,,,,,,,,,,,,,,,22.0,22.0,-5.0,2.0,2.0,2.0,2.0,0.0,0.0,0.0,0.0,38.0,18.0,17.0,8.200000000000001,273.0,273.0,2.0,2.0,600.0,4390.0,0.0,0.0,0.0,1.0,19513.0,8.200000000000001,0.0,0.0,-27.5,-6.75,-7.625,28.9375,-27.5,750.0,12.0,390.0,200.0,0.0,0.0,254.0,20.0,0.0,8.0,0.0,1.0,1.0,0.0,8.0,0.0,5.0,1.0,4.0,100.0,26.0,8495.0,86.0,0.0,0.0,0.0,0.0,28.0,0.0,0.0,4.0,5000.0,4990.0,4980.0,1.0,1.0,0.0,32.0,885.0,0.0,255.0,854.0,245.0
1789040312316,2026-09-10T15:38:32.317,1890.0,14.200000000000001,83.0,2.65,2.65,2.65,2.65,1.0,1.0,800.0,1.0,0.0,717.0,51.5,43.0,-0.07010749,-0.07010749,4.0,0.999,46.0,24.0,24.0,-25.0,24.0,24.0,24.0,24.0,0.0,0.0,0.0,0.0,37.0,23.0,25.0,24.3,315.0,378.0,6.0,6.0,770.0,4210.0,0.0,0.0,0.0,1.0,19513.0,20.8,1.0,0.0,-27.5,-6.75,-7.625,28.9375,-27.5,750.0,22.0,390.0,200.0,0.0,0.0,254.0,20.0,0.0,8.0,0.0,0.0,0.0,0.0,8.0,0.0,5.0,2.0,4.0,0.0,38.0,8495.0,86.0,0.0,0.0,0.0,0.0,28.0,0.0,0.0,4.0,5000.0,4990.0,4980.0,1.0,1.0,0.0,32.0,885.0,0.0,255.0,854.0,245.0
1789040312915,2026-09-10T15:38:32.915,1762.0,14.3,83.0,3.02,3.02,3.02,3.02,1.0,1.0,732.0,1.0,0.0,678.0,54.0,43.0,-0.06030294,-0.06030294,5.0,0.999,45.0,24.0,24.0,-36.0,5.0,5.0,5.0,5.0,0.0,0.0,0.0,0.0,37.0,14.0,17.0,15.100000000000001,210.0,252.0,3.0,3.0,640.0,4340.0,0.0,0.0,0.0,1.0,19513.0,12.0,1.0,0.0,-15.4375,-6.0625,-4.375,23.75,-22.3125,750.0,20.0,390.0,200.0,0.0,0.0,254.0,20.0,0.0,8.0,0.0,1.0,1.0,0.0,8.0,0.0,5.0,2.0,4.0,100.0,37.0,8495.0,86.0,0.0,0.0,,,,,,,,,,,,,,,,,,
1789040313547,2026-09-10T15:38:33.547,1627.0,14.200000000000001,83.0,1.7,1.7,1.7,1.7,1.0,1.0,615.0,1.0,0.0,678.0,56.5,43.5,-0.06064628999999999,-0.06064628999999999,6.0,0.999,23.0,37.0,37.0,-16.0,-16.0,-16.0,-16.0,-16.0,0.0,0.0,0.0,0.0,37.0,13.0,14.0,10.0,210.0,231.0,2.0,2.0,600.0,4380.0,0.0,0.0,0.0,1.0,19513.0,8.700000000000001,0.0,0.0,-27.5,-6.75,-7.625,28.9375,-27.5,750.0,19.0,390.0,200.0,0.0,0.0,254.0,20.0,0.0,8.0,0.0,1.0,1.0,0.0,8.0,0.0,5.0,1.0,4.0,100.0,39.0,8495.0,86.0,0.0,0.0,0.0,0.0,26.0,0.0,0.0,4.0,5000.0,4990.0,4980.0,1.0,1.0,0.0,31.0,1574.0,0.0,255.0,854.0,246.0
1789040314174,2026-09-10T15:38:34.175,1160.0,14.200000000000001,83.0,1.61,1.61,1.61,1.61,0.0,1.0,39.0,0.0,0.0,39.0,57.0,44.0,-0.022397100000000003,-0.022397100000000003,7.0,0.999,18.0,32.0,32.0,5.0,6.0,6.0,6.0,6.0,0.0,0.0,0.0,0.0,37.0,15.0,14.0,6.9,252.0,231.0,1.0,1.0,580.0,4410.0,0.0,0.0,0.0,1.0,19513.0,7.300000000000001,0.0,0.0,-25.6875,-3.625,-3.625,27.125,-25.6875,750.0,14.0,390.0,200.0,0.0,0.0,254.0,20.0,0.0,8.0,0.0,1.0,1.0,0.0,8.0,0.0,5.0,1.0,4.0,100.0,38.0,8495.0,86.0,0.0,0.0,,,,,,,,,,,,,,,,,,
1789040314564,2026-09-10T15:38:34.565,866.0,14.200000000000001,83.0,1.81,1.81,1.81,1.81,0.0,1.0,73.0,0.0,0.0,48.0,57.5,43.0,-0.014225370000000015,-0.014225370000000015,7.0,0.999,16.0,24.0,24.0,-2.0,12.0,12.0,12.0,12.0,0.0,0.0,0.0,0.0,38.0,18.0,17.0,7.7,294.0,273.0,2.0,2.0,590.0,4390.0,0.0,0.0,0.0,1.0,19513.0,7.9,1.0,0.0,-27.5,-6.75,-7.625,28.9375,-27.5,750.0,12.0,390.0,200.0,0.0,0.0,254.0,20.0,0.0,8.0,0.0,1.0,0.0,0.0,8.0,0.0,5.0,1.0,4.0,0.0,37.0,8495.0,86.0,0.0,0.0,0.0,0.0,26.0,0.0,0.0,4.0,5000.0,4990.0,4980.0,1.0,1.0,0.0,31.0,1574.0,0.0,255.0,854.0,246.0
1789040315615,2026-09-10T15:38:35.615,814.0,14.200000000000001,83.0,2.15,2.15,2.15,2.15,1.0,1.0,820.0,1.0,0.0,644.0,60.0,43.0,-0.029691380000000017,-0.029691380000000017,8.0,0.999,16.0,21.0,21.0,-6.0,0.0,0.0,0.0,0.0,0.0,0.0,0.0,0.0,38.0,18.0,18.0,8.0,273.0,294.0,2.0,2.0,590.0,4400.0,0.0,0.0,0.0,1.0,19513.0,7.6000000000000005,0.0,0.0,-27.6875,-7.25,-6.875,29.125,-27.6875,750.0,9.0,390.0,200.0,0.0,0.0,254.0,20.0,0.0,8.0,0.0,0.0,0.0,0.0,8.0,0.0,5.0,1.0,4.0,0.0,38.0,8495.0,86.0,0.0,0.0,0.0,0.0,26.0,0.0,0.0,4.0,5000.0,4990.0,4980.0,1.0,1.0,0.0,30.0,1150.0,0.0,255.0,854.0,274.0
1789040315766,2026-09-10T15:38:35.767,825.0,14.200000000000001,83.0,2.23,2.23,2.23,2.23,1.0,1.0,864.0,1.0,0.0,776.0,60.0,43.0,-0.03397181000000002,-0.03397181000000002,8.0,0.999,16.0,20.0,20.0,-8.0,-1.0,-1.0,-1.0,-1.0,0.0,0.0,0.0,0.0,38.0,17.0,18.0,7.7,273.0,294.0,1.0,1.0,580.0,4410.0,0.0,0.0,0.0,1.0,19513.0,7.4,0.0,0.0,-27.6875,-7.875,-7.9375,29.125,-27.6875,750.0,7.0,390.0,200.0,0.0,0.0,254.0,20.0,0.0,8.0,0.0,0.0,0.0,0.0,8.0,0.0,5.0,1.0,4.0,0.0,38.0,8495.0,86.0,0.0,0.0,0.0,0.0,26.0,0.0,0.0,4.0,5000.0,4990.0,4980.0,1.0,1.0,0.0,31.0,1574.0,0.0,255.0,854.0,246.0
1789040316876,2026-09-10T15:38:36.877,771.0,14.3,84.0,1.98,1.98,1.98,1.98,1.0,1.0,844.0,1.0,0.0,834.0,61.0,42.0,-0.04486745,-0.04486745,9.0,0.999,13.0,24.0,24.0,-5.0,6.0,6.0,6.0,6.0,0.0,0.0,0.0,0.0,38.0,17.0,17.0,7.0,273.0,273.0,1.0,1.0,570.0,4410.0,0.0,0.0,0.0,1.0,19513.0,6.7,1.0,0.0,-27.6875,-6.375,-6.3125,29.125,-27.6875,750.0,3.0,390.0,200.0,0.0,0.0,254.0,20.0,0.0,8.0,0.0,1.0,0.0,0.0,8.0,0.0,5.0,1.0,4.0,0.0,38.0,8495.0,86.0,0.0,0.0,0.0,0.0,26.0,0.0,0.0,4.0,5000.0,4990.0,4980.0,1.0,1.0,0.0,30.0,1150.0,0.0,255.0,854.0,274.0
1789040317263,2026-09-10T15:38:37.264,769.0,14.0,84.0,1.96,1.96,1.96,1.96,1.0,1.0,839.0,1.0,0.0,834.0,62.5,43.0,-0.04642397000000001,-0.04642397000000001,9.0,0.999,14.0,24.0,24.0,-5.0,5.0,5.0,5.0,5.0,0.0,0.0,0.0,0.0,38.0,18.0,17.0,7.1000000000000005,294.0,273.0,1.0,1.0,580.0,4410.0,0.0,0.0,0.0,1.0,19513.0,7.1000000000000005,1.0,0.0,-27.75,-5.3125,-6.125,29.1875,-27.75,750.0,2.0,390.0,200.0,0.0,0.0,254.0,20.0,0.0,8.0,0.0,1.0,0.0,0.0,8.0,0.0,5.0,1.0,4.0,0.0,38.0,8495.0,86.0,0.0,0.0,0.0,0.0,26.0,0.0,0.0,4.0,5000.0,4990.0,4990.0,1.0,1.0,0.0,30.0,1634.0,0.0,255.0,854.0,296.0
1789040318104,2026-09-10T15:38:38.104,748.0,14.200000000000001,84.0,2.1,2.1,2.1,2.1,1.0,1.0,810.0,1.0,0.0,825.0,62.5,41.5,-0.056930480000000006,-0.056930480000000006,10.0,0.999,13.0,21.0,21.0,-8.0,2.0,2.0,2.0,2.0,0.0,0.0,0.0,0.0,38.0,17.0,18.0,7.300000000000001,273.0,294.0,1.0,1.0,580.0,4400.0,0.0,0.0,0.0,1.0,19513.0,7.0,0.0,0.0,-27.75,-5.6875,-5.5625,29.1875,-27.75,750.0,0.0,390.0,200.0,0.0,0.0,254.0,20.0,0.0,8.0,0.0,1.0,0.0,0.0,8.0,0.0,5.0,1.0,4.0,0.0,37.0,8495.0,86.0,0.0,0.0,0.0,0.0,26.0,0.0,0.0,4.0,5000.0,4990.0,4980.0,1.0,1.0,0.0,30.0,1150.0,0.0,255.0,854.0,274.0
1789040318462,2026-09-10T15:38:38.462,744.0,14.200000000000001,84.0,2.11,2.11,2.11,2.11,1.0,1.0,815.0,1.0,0.0,830.0,63.0,41.5,-0.06082177999999999,-0.06082177999999999,11.0,0.999,13.0,21.0,21.0,-7.0,2.0,2.0,2.0,2.0,0.0,0.0,0.0,0.0,38.0,17.0,18.0,7.4,273.0,294.0,1.0,1.0,580.0,4410.0,0.0,0.0,0.0,1.0,19513.0,6.9,1.0,0.0,-27.4375,-4.0,-5.125,28.875,-27.4375,750.0,0.0,390.0,200.0,0.0,0.0,254.0,20.0,0.0,8.0,0.0,1.0,0.0,0.0,8.0,0.0,5.0,1.0,4.0,0.0,36.0,8495.0,86.0,0.0,0.0,0.0,0.0,26.0,0.0,0.0,4.0,5000.0,4990.0,4990.0,1.0,1.0,0.0,30.0,1634.0,0.0,255.0,854.0,296.0
1789040319515,2026-09-10T15:38:39.515,740.0,14.200000000000001,84.0,2.12,2.12,2.12,2.12,1.0,1.0,791.0,1.0,0.0,825.0,64.5,42.0,-0.06860437999999999,-0.06860437999999999,11.0,0.999,12.0,20.0,20.0,-8.0,2.0,2.0,2.0,2.0,0.0,0.0,0.0,0.0,38.0,18.0,18.0,7.4,294.0,294.0,1.0,1.0,580.0,4400.0,0.0,0.0,0.0,1.0,19513.0,7.300000000000001,0.0,0.0,-27.5625,-5.3125,-4.9375,29.0625,-27.5625,750.0,0.0,390.0,200.0,0.0,0.0,254.0,20.0,0.0,8.0,0.0,1.0,0.0,0.0,8.0,0.0,5.0,1.0,4.0,0.0,33.0,8495.0,86.0,0.0,0.0,0.0,0.0,27.0,0.0,0.0,4.0,5000.0,4990.0,4980.0,1.0,1.0,0.0,30.0,1097.0,0.0,255.0,854.0,307.0
1789040319667,2026-09-10T15:38:39.667,748.0,14.200000000000001,84.0,2.14,2.14,2.14,2.14,1.0,1.0,766.0,1.0,0.0,815.0,0.0,0.0,-0.07249568,-0.07249568,12.0,0.999,12.0,20.0,20.0,-8.0,3.0,3.0,3.0,3.0,0.0,0.0,0.0,0.0,38.0,18.0,18.0,7.5,294.0,294.0,1.0,1.0,580.0,4410.0,0.0,0.0,0.0,1.0,19513.0,7.2,0.0,0.0,-27.375,-3.75,-4.25,28.875,-27.375,750.0,0.0,390.0,190.0,0.0,0.0,254.0,20.0,0.0,8.0,0.0,1.0,0.0,0.0,8.0,0.0,5.0,1.0,4.0,0.0,34.0,8495.0,86.0,0.0,0.0,0.0,0.0,26.0,0.0,0.0,4.0,5000.0,4990.0,4990.0,1.0,1.0,0.0,30.0,1634.0,0.0,255.0,854.0,296.0
1789040320775,2026-09-10T15:38:40.775,750.0,14.100000000000001,84.0,2.07,2.07,2.07,2.07,1.0,1.0,742.0,1.0,0.0,805.0,67.0,42.0,-0.08300219,-0.08300219,13.0,0.999,12.0,21.0,21.0,-8.0,5.0,5.0,5.0,5.0,0.0,0.0,0.0,0.0,38.0,19.0,18.0,7.4,294.0,294.0,2.0,1.0,580.0,4410.0,0.0,0.0,0.0,1.0,19513.0,7.5,1.0,0.0,-27.5625,-3.5,-3.5625,29.0625,-27.5625,750.0,0.0,390.0,200.0,0.0,0.0,254.0,20.0,0.0,8.0,0.0,1.0,0.0,0.0,8.0,0.0,5.0,1.0,4.0,0.0,36.0,8495.0,86.0,0.0,0.0,0.0,0.0,27.0,0.0,0.0,4.0,5000.0,4990.0,4980.0,1.0,1.0,0.0,30.0,1097.0,0.0,255.0,854.0,307.0
1789040321165,2026-09-10T15:38:41.166,748.0,14.100000000000001,85.0,2.06,2.06,2.06,2.06,1.0,1.0,722.0,1.0,0.0,800.0,66.5,42.0,-0.08416958,-0.08416958,13.0,0.999,12.0,21.0,21.0,-8.0,1.0,1.0,1.0,1.0,0.0,0.0,0.0,0.0,38.0,19.0,18.0,7.4,294.0,294.0,1.0,2.0,590.0,4400.0,0.0,0.0,0.0,1.0,19513.0,7.5,1.0,0.0,-27.5,-3.625,-3.8125,29.0,-27.5,750.0,0.0,390.0,200.0,0.0,0.0,254.0,20.0,0.0,8.0,0.0,1.0,0.0,0.0,8.0,0.0,5.0,1.0,4.0,0.0,36.0,8495.0,86.0,0.0,0.0,0.0,0.0,27.0,0.0,0.0,4.0,5000.0,4990.0,4990.0,1.0,1.0,0.0,30.0,1002.0,0.0,255.0,854.0,305.0
1789040322093,2026-09-10T15:38:42.094,748.0,14.200000000000001,85.0,2.13,2.13,2.13,2.13,0.0,1.0,83.0,1.0,0.0,668.0,68.0,42.0,-0.06636879000000001,-0.06636879000000001,14.0,0.999,11.0,20.0,20.0,-8.0,4.0,4.0,4.0,4.0,0.0,0.0,0.0,0.0,38.0,18.0,18.0,7.6000000000000005,294.0,294.0,1.0,1.0,580.0,4390.0,0.0,0.0,0.0,1.0,19513.0,7.5,0.0,0.0,-27.375,-3.625,-3.5625,28.9375,-27.375,750.0,0.0,390.0,200.0,0.0,0.0,254.0,20.0,0.0,8.0,0.0,1.0,0.0,0.0,8.0,0.0,5.0,1.0,4.0,0.0,38.0,8495.0,86.0,0.0,0.0,0.0,0.0,27.0,0.0,0.0,4.0,5000.0,4990.0,4980.0,1.0,1.0,0.0,30.0,1097.0,0.0,255.0,854.0,307.0
1789040322487,2026-09-10T15:38:42.487,751.0,14.200000000000001,85.0,2.16,2.16,2.16,2.16,0.0,1.0,107.0,1.0,0.0,507.0,67.5,41.5,-0.06247749,-0.06247749,14.0,0.999,11.0,20.0,20.0,-8.0,6.0,6.0,6.0,6.0,0.0,0.0,0.0,0.0,38.0,18.0,18.0,7.5,294.0,294.0,1.0,1.0,580.0,4400.0,0.0,0.0,0.0,1.0,19513.0,7.4,1.0,0.0,-27.4375,-3.9375,-3.3125,29.0,-27.4375,750.0,0.0,390.0,200.0,0.0,0.0,254.0,20.0,0.0,8.0,0.0,1.0,0.0,0.0,8.0,0.0,5.0,1.0,4.0,0.0,37.0,8495.0,86.0,0.0,0.0,0.0,0.0,27.0,0.0,0.0,4.0,5000.0,4990.0,4990.0,1.0,1.0,0.0,30.0,1002.0,0.0,255.0,854.0,305.0
1789040323685,2026-09-10T15:38:43.685,749.0,14.200000000000001,85.0,2.16,2.16,2.16,2.16,0.0,1.0,92.0,1.0,0.0,449.0,68.0,41.5,-0.053527500000000006,-0.053527500000000006,15.0,0.999,10.0,20.0,20.0,-8.0,2.0,2.0,2.0,2.0,0.0,0.0,0.0,0.0,38.0,18.0,18.0,7.5,294.0,294.0,1.0,1.0,580.0,4400.0,0.0,0.0,0.0,1.0,19513.0,7.300000000000001,0.0,0.0,-27.3125,-3.125,-3.75,28.875,-27.3125,750.0,0.0,390.0,200.0,0.0,0.0,254.0,20.0,0.0,8.0,0.0,1.0,0.0,0.0,8.0,0.0,5.0,1.0,4.0,0.0,39.0,8495.0,86.0,0.0,0.0,0.0,0.0,27.0,0.0,0.0,4.0,5000.0,4990.0,4980.0,1.0,1.0,0.0,30.0,965.0,0.0,255.0,854.0,305.0
1789040323833,2026-09-10T15:38:43.833,753.0,14.200000000000001,85.0,2.17,2.17,2.17,2.17,0.0,1.0,117.0,0.0,0.0,375.0,69.5,43.0,-0.04963620000000002,-0.04963620000000002,15.0,0.999,10.0,21.0,21.0,-8.0,4.0,4.0,4.0,4.0,0.0,0.0,0.0,0.0,38.0,18.0,18.0,7.5,294.0,294.0,1.0,1.0,580.0,4400.0,0.0,0.0,0.0,1.0,19513.0,7.2,0.0,0.0,-27.4375,-5.0,-3.9375,29.0625,-27.4375,750.0,0.0,390.0,200.0,0.0,0.0,254.0,20.0,0.0,8.0,0.0,1.0,0.0,0.0,8.0,0.0,5.0,1.0,4.0,0.0,38.0,8495.0,86.0,0.0,0.0,0.0,0.0,27.0,0.0,0.0,4.0,5000.0,4990.0,4990.0,1.0,1.0,0.0,30.0,1002.0,0.0,255.0,854.0,305.0
1789040324914,2026-09-10T15:38:44.915,751.0,14.100000000000001,85.0,2.14,2.14,2.14,2.14,1.0,1.0,712.0,1.0,0.0,649.0,71.0,43.0,-0.05965439,-0.05965439,17.0,0.999,9.0,21.0,21.0,-8.0,3.0,3.0,3.0,3.0,0.0,0.0,0.0,0.0,38.0,18.0,18.0,7.4,294.0,294.0,1.0,1.0,580.0,4410.0,0.0,0.0,0.0,1.0,19513.0,7.300000000000001,1.0,0.0,-27.5,-4.5,-4.125,29.125,-27.5,750.0,0.0,390.0,200.0,0.0,0.0,254.0,20.0,0.0,8.0,0.0,1.0,0.0,0.0,8.0,0.0,5.0,1.0,4.0,0.0,40.0,8495.0,86.0,0.0,0.0,0.0,0.0,27.0,0.0,0.0,4.0,5000.0,4990.0,4980.0,1.0,1.0,0.0,30.0,965.0,0.0,255.0,854.0,305.0
1789040325303,2026-09-10T15:38:45.304,747.0,14.200000000000001,85.0,2.13,2.13,2.13,2.13,1.0,1.0,712.0,1.0,0.0,683.0,70.0,42.5,-0.06082177999999999,-0.06082177999999999,17.0,0.999,9.0,21.0,21.0,-8.0,4.0,4.0,4.0,4.0,0.0,0.0,0.0,0.0,38.0,18.0,18.0,7.300000000000001,294.0,294.0,1.0,1.0,580.0,4410.0,0.0,0.0,0.0,1.0,19513.0,7.300000000000001,1.0,0.0,-27.5,-4.5625,-4.0,29.125,-27.5,750.0,0.0,390.0,200.0,0.0,0.0,254.0,20.0,0.0,8.0,0.0,1.0,0.0,0.0,8.0,0.0,5.0,1.0,4.0,0.0,40.0,8495.0,86.0,0.0,0.0,0.0,0.0,27.0,0.0,0.0,4.0,5000.0,4990.0,4980.0,1.0,1.0,0.0,30.0,1045.0,0.0,255.0,854.0,305.0
1789040326206,2026-09-10T15:38:46.206,755.0,14.100000000000001,85.0,2.17,2.17,2.17,2.17,0.0,1.0,126.0,0.0,0.0,405.0,71.0,43.0,-0.03990795,-0.03990795,18.0,0.999,8.0,21.0,21.0,-7.0,3.0,3.0,3.0,3.0,0.0,0.0,0.0,0.0,38.0,18.0,18.0,7.4,294.0,294.0,1.0,1.0,580.0,4400.0,0.0,0.0,0.0,1.0,19513.0,7.300000000000001,0.0,0.0,-27.375,-3.375,-3.625,29.0625,-27.375,750.0,0.0,390.0,200.0,0.0,0.0,254.0,20.0,0.0,8.0,0.0,1.0,0.0,0.0,8.0,0.0,5.0,1.0,4.0,0.0,39.0,8495.0,86.0,0.0,0.0,0.0,0.0,27.0,0.0,0.0,4.0,5000.0,4990.0,4980.0,1.0,1.0,0.0,30.0,965.0,0.0,255.0,854.0,305.0
1789040326623,2026-09-10T15:38:46.624,752.0,14.200000000000001,85.0,2.11,2.11,2.11,2.11,1.0,1.0,698.0,1.0,0.0,571.0,71.0,43.0,-0.055763090000000015,-0.055763090000000015,18.0,0.999,8.0,20.0,20.0,-8.0,1.0,1.0,1.0,1.0,0.0,0.0,0.0,0.0,38.0,18.0,19.0,7.800000000000001,294.0,294.0,1.0,1.0,580.0,4410.0,0.0,0.0,0.0,1.0,19513.0,7.2,1.0,0.0,-27.1875,-1.75,-3.5,28.875,-27.1875,750.0,0.0,390.0,200.0,0.0,0.0,254.0,20.0,0.0,8.0,0.0,1.0,0.0,0.0,8.0,0.0,5.0,1.0,4.0,0.0,40.0,8495.0,86.0,0.0,0.0,0.0,0.0,27.0,0.0,0.0,4.0,5000.0,4990.0,4980.0,1.0,1.0,0.0,30.0,1045.0,0.0,255.0,854.0,305.0
1789040327735,2026-09-10T15:38:47.735,746.0,14.200000000000001,85.0,2.39,2.39,2.39,2.39,0.0,1.0,102.0,1.0,0.0,458.0,71.0,42.5,-0.03990795,-0.03990795,19.0,0.999,7.0,17.0,17.0,-11.0,-3.0,-3.0,-3.0,-3.0,0.0,0.0,0.0,0.0,38.0,19.0,19.0,7.9,294.0,315.0,2.0,2.0,590.0,4400.0,0.0,0.0,0.0,1.0,19513.0,7.6000000000000005,0.0,0.0,-27.1875,-3.4375,-2.0625,28.875,-27.1875,750.0,0.0,390.0,200.0,0.0,0.0,254.0,20.0,0.0,8.0,0.0,0.0,0.0,0.0,8.0,0.0,5.0,1.0,4.0,0.0,40.0,8495.0,86.0,0.0,0.0,0.0,0.0,27.0,0.0,0.0,4.0,5000.0,4990.0,4980.0,1.0,1.0,0.0,30.0,1116.0,0.0,255.0,854.0,323.0
1789040327883,2026-09-10T15:38:47.884,737.0,14.200000000000001,85.0,2.37,2.37,2.37,2.37,0.0,1.0,151.0,0.0,0.0,385.0,71.0,43.0,-0.03601665000000001,-0.03601665000000001,20.0,0.999,7.0,17.0,17.0,-11.0,2.0,2.0,2.0,2.0,0.0,0.0,0.0,0.0,38.0,19.0,19.0,7.9,315.0,315.0,2.0,1.0,580.0,4390.0,0.0,0.0,0.0,1.0,19513.0,7.6000000000000005,0.0,0.0,-27.0625,-1.5625,-3.875,28.75,-27.0625,750.0,0.0,390.0,200.0,0.0,0.0,254.0,20.0,0.0,8.0,0.0,0.0,0.0,0.0,8.0,0.0,5.0,1.0,4.0,0.0,40.0,8495.0,86.0,0.0,0.0,0.0,0.0,27.0,0.0,0.0,4.0,5000.0,4990.0,4980.0,1.0,1.0,0.0,30.0,1045.0,0.0,255.0,854.0,305.0
1789040328994,2026-09-10T15:38:48.994,749.0,14.200000000000001,85.0,2.2600000000000002,2.2600000000000002,2.2600000000000002,2.2600000000000002,1.0,1.0,654.0,1.0,0.0,727.0,72.0,43.5,-0.059265260000000014,-0.059265260000000014,20.0,0.999,6.0,20.0,20.0,-9.0,1.0,1.0,1.0,1.0,0.0,0.0,0.0,0.0,38.0,18.0,18.0,7.5,294.0,294.0,1.0,1.0,580.0,4400.0,0.0,0.0,0.0,1.0,19513.0,7.1000000000000005,1.0,0.0,-26.9375,-4.9375,-5.375,28.6875,-26.9375,750.0,0.0,390.0,200.0,0.0,0.0,254.0,20.0,0.0,8.0,0.0,0.0,0.0,0.0,8.0,0.0,5.0,1.0,4.0,0.0,39.0,8495.0,86.0,0.0,0.0,0.0,0.0,27.0,0.0,0.0,4.0,5000.0,4990.0,4980.0,1.0,1.0,0.0,30.0,1116.0,0.0,255.0,854.0,323.0
1789040329383,2026-09-10T15:38:49.383,759.0,14.200000000000001,85.0,2.24,2.24,2.24,2.24,1.0,1.0,620.0,1.0,0.0,722.0,72.5,44.0,-0.06082177999999999,-0.06082177999999999,20.0,0.999,5.0,19.0,19.0,-9.0,-2.0,-2.0,-2.0,-2.0,0.0,0.0,0.0,0.0,38.0,18.0,18.0,7.4,294.0,294.0,1.0,1.0,570.0,4410.0,0.0,0.0,0.0,1.0,19513.0,7.2,1.0,0.0,-26.9375,-3.875,-5.375,28.6875,-26.9375,750.0,0.0,390.0,200.0,0.0,0.0,254.0,20.0,0.0,8.0,0.0,0.0,0.0,0.0,8.0,0.0,5.0,1.0,4.0,0.0,39.0,8495.0,86.0,0.0,0.0,0.0,0.0,27.0,0.0,0.0,4.0,5000.0,4990.0,4980.0,1.0,1.0,0.0,30.0,1138.0,0.0,255.0,854.0,301.0
1789040330343,2026-09-10T15:38:50.344,758.0,14.200000000000001,85.0,2.21,2.21,2.21,2.21,0.0,1.0,205.0,0.0,0.0,424.0,73.0,44.5,-0.03601665000000001,-0.03601665000000001,21.0,0.999,4.0,23.0,23.0,-6.0,6.0,6.0,6.0,6.0,0.0,0.0,0.0,0.0,38.0,17.0,17.0,7.1000000000000005,273.0,273.0,1.0,1.0,580.0,4410.0,0.0,0.0,0.0,1.0,19513.0,6.9,1.0,0.0,-27.0,-5.9375,-5.5,28.8125,-27.0,750.0,0.0,390.0,200.0,0.0,0.0,254.0,20.0,0.0,8.0,0.0,0.0,0.0,0.0,8.0,0.0,5.0,1.0,4.0,0.0,40.0,8495.0,86.0,0.0,0.0,0.0,0.0,27.0,0.0,0.0,4.0,5000.0,4990.0,4980.0,1.0,1.0,0.0,30.0,1116.0,0.0,255.0,854.0,323.0
1789040330763,2026-09-10T15:38:50.764,757.0,14.200000000000001,85.0,2.12,2.12,2.12,2.12,1.0,1.0,546.0,1.0,0.0,576.0,73.0,44.5,-0.05342831000000001,-0.05342831000000001,21.0,0.999,3.0,23.0,23.0,-6.0,4.0,4.0,4.0,4.0,0.0,0.0,0.0,0.0,38.0,17.0,17.0,7.0,273.0,273.0,1.0,1.0,580.0,4410.0,0.0,0.0,0.0,1.0,19513.0,6.9,1.0,0.0,-27.0,-3.5625,-5.625,28.8125,-27.0,750.0,0.0,390.0,200.0,0.0,0.0,254.0,20.0,0.0,8.0,0.0,0.0,0.0,0.0,8.0,0.0,5.0,1.0,4.0,0.0,40.0,8495.0,86.0,0.0,0.0,0.0,0.0,27.0,0.0,0.0,4.0,5000.0,4990.0,4980.0,1.0,1.0,0.0,30.0,1138.0,0.0,255.0,854.0,301.0
1789040331935,2026-09-10T15:38:51.936,752.0,14.200000000000001,85.0,2.12,2.12,2.12,2.12,0.0,1.0,92.0,0.0,0.0,341.0,73.5,45.0,-0.031347089999999994,-0.031347089999999994,21.0,0.999,0.0,24.0,24.0,-5.0,4.0,4.0,4.0,4.0,0.0,0.0,0.0,0.0,38.0,17.0,17.0,6.800000000000001,273.0,273.0,1.0,1.0,570.0,4420.0,0.0,0.0,0.0,1.0,19513.0,6.9,0.0,0.0,-26.9375,-5.125,-5.8125,28.875,-26.9375,750.0,0.0,390.0,200.0,0.0,0.0,254.0,20.0,0.0,8.0,0.0,0.0,0.0,0.0,8.0,0.0,5.0,1.0,4.0,0.0,40.0,8495.0,86.0,0.0,0.0,0.0,0.0,27.0,0.0,0.0,4.0,5000.0,4990.0,4980.0,1.0,1.0,0.0,30.0,1424.0,0.0,255.0,854.0,283.0
1789040332085,2026-09-10T15:38:52.085,756.0,14.200000000000001,85.0,2.11,2.11,2.11,2.11,0.0,1.0,136.0,0.0,0.0,317.0,74.5,45.5,-0.027455790000000008,-0.027455790000000008,21.0,0.999,0.0,25.0,25.0,-5.0,7.0,7.0,7.0,7.0,0.0,0.0,0.0,0.0,38.0,17.0,16.0,6.800000000000001,273.0,273.0,1.0,1.0,570.0,4420.0,0.0,0.0,0.0,1.0,19513.0,6.800000000000001,0.0,0.0,-26.9375,-5.8125,-5.9375,28.875,-26.9375,750.0,0.0,390.0,200.0,0.0,0.0,254.0,20.0,0.0,8.0,0.0,0.0,0.0,0.0,8.0,0.0,5.0,1.0,4.0,0.0,40.0,8495.0,86.0,0.0,0.0,0.0,0.0,27.0,0.0,0.0,4.0,5000.0,4990.0,4980.0,1.0,1.0,0.0,30.0,1138.0,0.0,255.0,854.0,301.0
1789040333196,2026-09-10T15:38:53.196,745.0,14.200000000000001,85.0,2.02,2.02,2.02,2.02,0.0,1.0,102.0,1.0,0.0,517.0,74.5,46.0,-0.026288400000000017,-0.026288400000000017,21.0,0.999,0.0,25.0,25.0,-4.0,10.0,10.0,10.0,10.0,0.0,0.0,0.0,0.0,38.0,17.0,17.0,6.800000000000001,273.0,273.0,1.0,1.0,580.0,4400.0,0.0,0.0,0.0,1.0,19513.0,7.0,1.0,0.0,-27.0,-5.875,-5.875,29.0,-27.0,750.0,0.0,390.0,200.0,0.0,0.0,254.0,20.0,0.0,8.0,0.0,0.0,0.0,0.0,8.0,0.0,5.0,1.0,4.0,0.0,40.0,8495.0,86.0,0.0,0.0,0.0,0.0,27.0,0.0,0.0,4.0,5000.0,4990.0,4980.0,1.0,1.0,0.0,30.0,1424.0,0.0,255.0,854.0,283.0
1789040333584,2026-09-10T15:38:53.584,751.0,14.200000000000001,85.0,2.04,2.04,2.04,2.04,0.0,1.0,107.0,0.0,0.0,419.0,73.5,45.5,-0.02512101,-0.02512101,21.0,0.999,0.0,25.0,25.0,-5.0,9.0,9.0,9.0,9.0,0.0,0.0,0.0,0.0,38.0,17.0,17.0,6.9,273.0,273.0,1.0,1.0,580.0,4410.0,0.0,0.0,0.0,1.0,19513.0,6.9,0.0,0.0,-26.9375,-4.4375,-5.25,28.9375,-26.9375,750.0,0.0,390.0,200.0,0.0,0.0,254.0,20.0,0.0,8.0,0.0,0.0,0.0,0.0,8.0,0.0,5.0,1.0,4.0,0.0,40.0,8495.0,86.0,0.0,0.0,0.0,0.0,27.0,0.0,0.0,4.0,5000.0,4990.0,4990.0,1.0,1.0,0.0,30.0,1052.0,0.0,255.0,854.0,282.0
1789040334483,2026-09-10T15:38:54.483,752.0,14.200000000000001,85.0,2.04,2.04,2.04,2.04,1.0,1.0,732.0,1.0,0.0,693.0,75.0,46.5,-0.036695720000000015,-0.036695720000000015,21.0,0.999,0.0,25.0,25.0,-4.0,8.0,8.0,8.0,8.0,0.0,0.0,0.0,0.0,38.0,17.0,16.0,6.7,273.0,273.0,1.0,1.0,570.0,4410.0,0.0,0.0,0.0,1.0,19513.0,6.800000000000001,1.0,0.0,-26.8125,-5.4375,-5.0625,28.875,-26.8125,750.0,0.0,390.0,200.0,0.0,0.0,254.0,20.0,0.0,8.0,0.0,0.0,0.0,0.0,8.0,0.0,5.0,1.0,4.0,0.0,40.0,8495.0,86.0,0.0,0.0,0.0,0.0,27.0,0.0,0.0,4.0,5000.0,4990.0,4980.0,1.0,1.0,0.0,30.0,1424.0,0.0,255.0,854.0,283.0
1789040334876,2026-09-10T15:38:54.876,747.0,14.200000000000001,85.0,2.0100000000000002,2.0100000000000002,2.0100000000000002,2.0100000000000002,1.0,1.0,698.0,1.0,0.0,742.0,75.0,46.5,-0.04058702,-0.04058702,21.0,0.999,0.0,26.0,26.0,-4.0,10.0,10.0,10.0,10.0,0.0,0.0,0.0,0.0,38.0,17.0,16.0,6.7,273.0,273.0,1.0,1.0,570.0,4410.0,0.0,0.0,0.0,1.0,19513.0,6.9,1.0,0.0,-26.8125,-5.375,-5.25,28.9375,-26.8125,750.0,0.0,390.0,200.0,0.0,0.0,254.0,20.0,0.0,8.0,0.0,0.0,0.0,0.0,8.0,0.0,5.0,1.0,4.0,0.0,40.0,8495.0,86.0,0.0,0.0,0.0,0.0,27.0,0.0,0.0,4.0,5000.0,4990.0,4990.0,1.0,1.0,0.0,30.0,1052.0,0.0,255.0,854.0,282.0
1789040336015,2026-09-10T15:38:56.015,752.0,14.200000000000001,85.0,2.07,2.07,2.07,2.07,0.0,1.0,117.0,1.0,0.0,615.0,75.0,46.5,-0.019673190000000007,-0.019673190000000007,21.0,0.999,0.0,25.0,25.0,-4.0,7.0,7.0,7.0,7.0,0.0,0.0,0.0,0.0,38.0,17.0,16.0,6.800000000000001,273.0,273.0,1.0,1.0,570.0,4410.0,0.0,0.0,0.0,1.0,19513.0,6.800000000000001,0.0,0.0,-26.6875,-4.875,-6.375,28.875,-26.6875,750.0,0.0,390.0,200.0,0.0,0.0,254.0,20.0,0.0,8.0,0.0,0.0,0.0,0.0,8.0,0.0,5.0,1.0,4.0,0.0,40.0,8495.0,86.0,0.0,0.0,0.0,0.0,27.0,0.0,0.0,4.0,5000.0,4990.0,4990.0,1.0,1.0,0.0,30.0,1062.0,0.0,255.0,854.0,282.0
1789040336164,2026-09-10T15:38:56.164,747.0,14.200000000000001,85.0,2.08,2.08,2.08,2.08,0.0,1.0,214.0,1.0,0.0,610.0,76.0,47.0,-0.015392760000000005,-0.015392760000000005,21.0,0.999,0.0,25.0,25.0,-4.0,7.0,7.0,7.0,7.0,0.0,0.0,0.0,0.0,38.0,18.0,16.0,6.7,294.0,273.0,1.0,1.0,570.0,4400.0,0.0,0.0,0.0,1.0,19513.0,7.1000000000000005,0.0,0.0,-26.5625,-5.625,-5.3125,28.75,-26.5625,750.0,0.0,390.0,200.0,0.0,0.0,254.0,20.0,0.0,8.0,0.0,0.0,0.0,0.0,8.0,0.0,5.0,1.0,4.0,0.0,40.0,8495.0,86.0,0.0,0.0,0.0,0.0,27.0,0.0,0.0,4.0,5000.0,4990.0,4990.0,1.0,1.0,0.0,30.0,1052.0,0.0,255.0,854.0,282.0
1789040337273,2026-09-10T15:38:57.273,746.0,14.200000000000001,85.0,2.06,2.06,2.06,2.06,1.0,1.0,703.0,1.0,0.0,766.0,76.0,48.0,-0.041365280000000004,-0.041365280000000004,21.0,0.999,0.0,25.0,25.0,-5.0,8.0,8.0,8.0,8.0,0.0,0.0,0.0,0.0,38.0,17.0,17.0,6.9,273.0,273.0,1.0,1.0,580.0,4410.0,0.0,0.0,0.0,1.0,19513.0,6.9,1.0,0.0,-26.4375,-4.0625,-5.125,28.6875,-26.4375,750.0,0.0,390.0,200.0,0.0,0.0,254.0,20.0,0.0,8.0,0.0,0.0,0.0,0.0,8.0,0.0,5.0,1.0,4.0,0.0,40.0,8495.0,86.0,0.0,0.0,0.0,0.0,27.0,0.0,0.0,4.0,5000.0,4990.0,4990.0,1.0,1.0,0.0,30.0,1062.0,0.0,255.0,854.0,282.0
1789040337663,2026-09-10T15:38:57.663,750.0,14.200000000000001,85.0,2.05,2.05,2.05,2.05,1.0,1.0,678.0,1.0,0.0,766.0,75.5,47.5,-0.042532669999999995,-0.042532669999999995,21.0,0.999,0.0,25.0,25.0,-5.0,8.0,8.0,8.0,8.0,0.0,0.0,0.0,0.0,38.0,17.0,17.0,6.800000000000001,273.0,273.0,1.0,1.0,570.0,4400.0,0.0,0.0,0.0,1.0,19513.0,6.9,0.0,0.0,-26.4375,-4.75,-4.9375,28.6875,-26.4375,750.0,0.0,390.0,200.0,0.0,0.0,254.0,20.0,0.0,8.0,0.0,0.0,0.0,0.0,8.0,0.0,5.0,1.0,4.0,0.0,40.0,8495.0,86.0,0.0,0.0,0.0,0.0,27.0,0.0,0.0,4.0,5000.0,4990.0,4980.0,1.0,1.0,0.0,30.0,1117.0,0.0,255.0,854.0,282.0
1789040338565,2026-09-10T15:38:58.566,747.0,14.200000000000001,84.0,2.07,2.07,2.07,2.07,0.0,1.0,117.0,1.0,0.0,747.0,76.0,48.0,-0.025510140000000014,-0.025510140000000014,21.0,0.999,0.0,25.0,25.0,-5.0,9.0,9.0,9.0,9.0,0.0,0.0,0.0,0.0,38.0,17.0,17.0,6.9,273.0,273.0,1.0,1.0,580.0,4410.0,0.0,0.0,0.0,1.0,19513.0,6.9,1.0,0.0,-26.5625,-4.875,-4.875,28.875,-26.5625,750.0,0.0,390.0,200.0,0.0,0.0,254.0,20.0,0.0,8.0,0.0,0.0,0.0,0.0,8.0,0.0,5.0,1.0,4.0,0.0,40.0,8495.0,86.0,0.0,0.0,0.0,0.0,27.0,0.0,0.0,4.0,5000.0,4990.0,4990.0,1.0,1.0,0.0,30.0,1062.0,0.0,255.0,854.0,282.0
1789040339014,2026-09-10T15:38:59.014,752.0,14.200000000000001,84.0,2.06,2.06,2.06,2.06,1.0,1.0,688.0,1.0,0.0,751.0,76.0,48.0,-0.04058702,-0.04058702,21.0,0.999,0.0,25.0,25.0,-5.0,9.0,9.0,9.0,9.0,0.0,0.0,0.0,0.0,38.0,17.0,17.0,6.800000000000001,273.0,273.0,1.0,1.0,580.0,4410.0,0.0,0.0,0.0,1.0,19513.0,6.9,1.0,0.0,-26.5,-4.625,-4.625,28.8125,-26.5,750.0,0.0,390.0,200.0,0.0,0.0,254.0,20.0,0.0,8.0,0.0,0.0,0.0,0.0,8.0,0.0,5.0,1.0,4.0,0.0,40.0,8495.0,86.0,0.0,0.0,0.0,0.0,27.0,0.0,0.0,4.0,5000.0,4990.0,4980.0,1.0,1.0,0.0,30.0,1117.0,0.0,255.0,854.0,282.0
1789040340096,2026-09-10T15:39:00.097,752.0,14.200000000000001,83.0,2.07,2.07,2.07,2.07,0.0,1.0,185.0,1.0,0.0,766.0,76.5,48.5,-0.03056883000000002,-0.03056883000000002,21.0,0.999,0.0,25.0,25.0,-4.0,9.0,9.0,9.0,9.0,0.0,0.0,0.0,0.0,38.0,17.0,16.0,6.800000000000001,273.0,273.0,1.0,1.0,570.0,4410.0,0.0,0.0,0.0,1.0,19513.0,6.9,0.0,0.0,-26.5,-3.5,-6.0625,28.875,-26.5,750.0,0.0,390.0,200.0,0.0,0.0,254.0,20.0,0.0,8.0,0.0,0.0,0.0,0.0,8.0,0.0,5.0,1.0,4.0,0.0,40.0,8495.0,86.0,0.0,0.0,0.0,0.0,26.0,0.0,0.0,4.1000000000000005,5000.0,4990.0,4980.0,1.0,1.0,0.0,30.0,1406.0,0.0,255.0,854.0,283.0
1789040340245,2026-09-10T15:39:00.245,751.0,14.200000000000001,83.0,2.05,2.05,2.05,2.05,0.0,1.0,102.0,1.0,0.0,727.0,76.5,48.5,-0.026677530000000005,-0.026677530000000005,21.0,0.999,0.0,25.0,25.0,-4.0,7.0,7.0,7.0,7.0,0.0,0.0,0.0,0.0,38.0,17.0,16.0,6.7,294.0,273.0,1.0,1.0,580.0,4410.0,0.0,0.0,0.0,1.0,19513.0,7.0,0.0,0.0,-26.4375,-5.9375,-4.75,28.8125,-26.4375,750.0,0.0,390.0,200.0,0.0,0.0,254.0,20.0,0.0,8.0,0.0,0.0,0.0,0.0,8.0,0.0,5.0,1.0,4.0,0.0,40.0,8495.0,86.0,0.0,0.0,0.0,0.0,27.0,0.0,0.0,4.0,5000.0,4990.0,4980.0,1.0,1.0,0.0,30.0,1117.0,0.0,255.0,854.0,282.0
1789040341353,2026-09-10T15:39:01.354,750.0,14.100000000000001,83.0,2.09,2.09,2.09,2.09,0.0,1.0,488.0,1.0,0.0,722.0,78.0,49.5,-0.015392760000000005,-0.015392760000000005,21.0,0.999,3.0,25.0,25.0,-4.0,7.0,7.0,7.0,7.0,0.0,0.0,0.0,0.0,38.0,17.0,16.0,6.800000000000001,294.0,273.0,1.0,1.0,580.0,4410.0,0.0,0.0,0.0,1.0,19513.0,7.1000000000000005,0.0,0.0,-26.375,-4.5,-4.6875,28.8125,-26.375,750.0,0.0,390.0,200.0,0.0,0.0,254.0,20.0,0.0,8.0,0.0,0.0,0.0,0.0,8.0,0.0,5.0,1.0,4.0,0.0,40.0,8495.0,86.0,0.0,0.0,0.0,0.0,26.0,0.0,0.0,4.1000000000000005,5000.0,4990.0,4980.0,1.0,1.0,0.0,30.0,1406.0,0.0,255.0,854.0,283.0
1789040341803,2026-09-10T15:39:01.803,753.0,14.200000000000001,83.0,2.04,2.04,2.04,2.04,1.0,1.0,703.0,1.0,0.0,742.0,78.5,50.0,-0.033193550000000016,-0.033193550000000016,21.0,0.999,3.0,25.0,25.0,-4.0,8.0,8.0,8.0,8.0,0.0,0.0,0.0,0.0,38.0,17.0,17.0,6.800000000000001,273.0,273.0,1.0,1.0,580.0,4410.0,0.0,0.0,0.0,1.0,19513.0,7.0,0.0,0.0,-26.375,-6.125,-5.0,28.8125,-26.375,750.0,0.0,390.0,200.0,0.0,0.0,254.0,20.0,0.0,8.0,0.0,0.0,0.0,0.0,8.0,0.0,5.0,1.0,4.0,0.0,40.0,8495.0,86.0,0.0,0.0,0.0,0.0,26.0,0.0,0.0,4.1000000000000005,5000.0,4990.0,4990.0,1.0,1.0,0.0,30.0,991.0,0.0,255.0,854.0,283.0
1789040342730,2026-09-10T15:39:02.731,744.0,14.3,83.0,2.11,2.11,2.11,2.11,0.0,1.0,219.0,1.0,0.0,751.0,77.5,49.5,-0.016560149999999996,-0.016560149999999996,21.0,0.999,5.0,25.0,25.0,-5.0,7.0,7.0,7.0,7.0,0.0,0.0,0.0,0.0,38.0,17.0,17.0,6.800000000000001,273.0,273.0,1.0,1.0,580.0,4410.0,0.0,0.0,0.0,1.0,19513.0,7.0,1.0,0.0,-26.3125,-4.9375,-4.4375,28.8125,-26.3125,750.0,0.0,390.0,200.0,0.0,0.0,254.0,20.0,0.0,8.0,0.0,0.0,0.0,0.0,8.0,0.0,5.0,1.0,4.0,0.0,40.0,8495.0,86.0,0.0,0.0,0.0,0.0,26.0,0.0,0.0,4.1000000000000005,5000.0,4990.0,4980.0,1.0,1.0,0.0,30.0,1406.0,0.0,255.0,854.0,283.0
1789040343152,2026-09-10T15:39:03.153,755.0,14.200000000000001,83.0,2.05,2.05,2.05,2.05,1.0,1.0,727.0,1.0,0.0,771.0,77.5,49.5,-0.03513920000000001,-0.03513920000000001,21.0,0.999,5.0,25.0,25.0,-5.0,11.0,11.0,11.0,11.0,0.0,0.0,0.0,0.0,38.0,17.0,17.0,6.9,273.0,273.0,1.0,1.0,580.0,4410.0,0.0,0.0,0.0,1.0,19513.0,7.0,1.0,0.0,-26.25,-4.8125,-5.5,28.8125,-26.25,750.0,0.0,390.0,200.0,0.0,0.0,254.0,20.0,0.0,8.0,0.0,0.0,1.0,0.0,8.0,0.0,5.0,1.0,4.0,100.0,40.0,8495.0,86.0,0.0,0.0,0.0,0.0,26.0,0.0,0.0,4.1000000000000005,5000.0,4990.0,4990.0,1.0,1.0,0.0,30.0,991.0,0.0,255.0,854.0,283.0
1789040344325,2026-09-10T15:39:04.325,744.0,14.200000000000001,82.0,2.07,2.07,2.07,2.07,0.0,1.0,151.0,1.0,0.0,771.0,78.0,50.0,-0.02395362000000001,-0.02395362000000001,21.0,0.999,6.0,25.0,25.0,-5.0,9.0,9.0,9.0,9.0,0.0,0.0,0.0,0.0,38.0,17.0,17.0,6.9,273.0,273.0,1.0,1.0,580.0,4410.0,0.0,0.0,0.0,1.0,19513.0,6.9,0.0,0.0,86.625,67.1875,65.8125,24.5625,86.625,750.0,0.0,1050.0,500.0,19.6,18.3,254.0,20.0,0.0,8.0,0.0,0.0,1.0,0.0,8.0,0.0,5.0,2.0,4.0,100.0,40.0,8495.0,86.0,0.0,0.0,0.0,0.0,26.0,0.0,0.0,4.1000000000000005,5000.0,4990.0,4980.0,1.0,1.0,0.0,30.0,3154.0,0.0,255.0,858.0,283.0
1789040344473,2026-09-10T15:39:04.474,748.0,14.200000000000001,82.0,2.09,2.09,2.09,2.09,0.0,1.0,122.0,1.0,0.0,756.0,78.0,50.0,-0.019673190000000007,-0.019673190000000007,22.0,0.999,7.0,24.0,24.0,-5.0,22.0,22.0,22.0,22.0,0.0,0.0,0.0,0.0,38.0,61.0,61.0,37.6,840.0,840.0,42.0,41.0,2230.0,2740.0,28.0,1.0,91.0,1.0,19513.0,37.2,1.0,0.0,-2.25,-2.375,9.625,26.9375,-2.25,750.0,0.0,1300.0,630.0,26.700000000000003,25.200000000000003,254.0,20.0,0.0,8.0,0.0,0.0,1.0,0.0,8.0,0.0,5.0,2.0,4.0,100.0,40.0,8495.0,86.0,0.0,0.0,0.0,0.0,26.0,0.0,0.0,4.1000000000000005,5000.0,4990.0,4990.0,1.0,1.0,0.0,30.0,991.0,0.0,255.0,854.0,283.0
1789040345611,2026-09-10T15:39:05.612,2107.0,14.200000000000001,82.0,4.29,4.29,4.29,4.29,0.0,1.0,39.0,0.0,0.0,112.0,76.0,52.5,-0.014873920000000013,-0.014873920000000013,23.0,0.999,20.0,23.0,23.0,-36.0,20.0,20.0,20.0,20.0,0.0,0.0,0.0,0.0,39.0,53.0,50.0,70.4,630.0,609.0,18.0,17.0,1240.0,3740.0,18.0,18.0,72.0,1.0,19513.0,74.2,0.0,0.0,91.625,92.25,91.6875,19.1875,91.625,750.0,3.0,1730.0,840.0,41.0,39.300000000000004,254.0,20.0,0.0,8.0,0.0,0.0,1.0,0.0,8.0,0.0,5.0,2.0,4.0,100.0,40.0,8495.0,86.0,0.0,0.0,0.0,0.0,26.0,0.0,0.0,4.1000000000000005,5000.0,4990.0,4980.0,1.0,1.0,0.0,30.0,3154.0,0.0,255.0,858.0,283.0
1789040346065,2026-09-10T15:39:06.065,2154.0,14.200000000000001,82.0,8.72,8.72,8.72,8.72,0.0,1.0,58.0,0.0,0.0,68.0,75.5,52.5,-0.0027803700000000042,-0.0027803700000000042,23.0,0.999,33.0,23.0,23.0,-36.0,20.0,20.0,20.0,20.0,0.0,0.0,0.0,0.0,39.0,61.0,60.0,83.10000000000001,714.0,693.0,21.0,21.0,1400.0,3570.0,38.0,37.0,41.0,1.0,19513.0,82.60000000000001,0.0,0.0,90.375,92.4375,92.4375,19.125,90.375,750.0,4.0,1690.0,820.0,38.300000000000004,36.7,254.0,20.0,0.0,8.0,0.0,0.0,1.0,0.0,8.0,0.0,5.0,2.0,4.0,100.0,40.0,8495.0,86.0,0.0,0.0,0.0,0.0,26.0,0.0,0.0,4.1000000000000005,5000.0,4990.0,4970.0,1.0,1.0,0.0,30.0,3653.0,0.0,255.0,858.0,283.0
1789040346965,2026-09-10T15:39:06.966,2386.0,14.200000000000001,81.0,7.61,7.61,7.61,7.61,1.0,1.0,585.0,1.0,0.0,659.0,70.5,58.5,0.03362236000000002,0.03362236000000002,24.0,0.999,44.0,22.0,22.0,-35.0,19.0,19.0,19.0,19.0,0.0,0.0,0.0,0.0,38.0,66.0,67.0,90.80000000000001,756.0,756.0,26.0,26.0,1580.0,3390.0,38.0,39.0,40.0,1.0,19513.0,89.80000000000001,1.0,0.0,99.6875,100.9375,101.375,18.3125,99.6875,750.0,11.0,1750.0,840.0,40.7,39.0,254.0,20.0,0.0,8.0,0.0,0.0,1.0,0.0,8.0,0.0,5.0,2.0,4.0,100.0,39.0,8495.0,86.0,0.0,0.0,0.0,0.0,26.0,0.0,0.0,4.1000000000000005,5000.0,4990.0,4980.0,1.0,1.0,0.0,30.0,3154.0,0.0,255.0,858.0,283.0
1789040347412,2026-09-10T15:39:07.412,2446.0,14.3,81.0,10.07,10.07,10.07,10.07,0.0,1.0,112.0,0.0,0.0,97.0,68.0,59.5,0.08107333,0.08107333,24.0,0.999,85.0,22.0,22.0,-32.0,19.0,19.0,19.0,19.0,0.0,0.0,0.0,0.0,38.0,66.0,67.0,95.30000000000001,756.0,777.0,26.0,26.0,1600.0,3370.0,39.0,38.0,44.0,1.0,19513.0,93.9,0.0,0.0,80.0,83.875,82.125,18.625,80.0,750.0,14.0,1540.0,750.0,34.2,32.9,254.0,20.0,0.0,8.0,0.0,0.0,1.0,0.0,8.0,0.0,5.0,2.0,4.0,100.0,39.0,8495.0,86.0,0.0,0.0,0.0,0.0,26.0,0.0,0.0,4.1000000000000005,5000.0,4990.0,4970.0,1.0,1.0,0.0,30.0,3653.0,0.0,255.0,858.0,283.0
1789040348583,2026-09-10T15:39:08.584,2451.0,14.200000000000001,81.0,7.79,7.79,7.79,7.79,1.0,1.0,722.0,1.0,0.0,644.0,65.5,63.5,0.07283293000000002,0.07283293000000002,23.0,0.999,67.0,21.0,21.0,-36.0,12.0,12.0,12.0,12.0,0.0,0.0,0.0,0.0,38.0,38.0,39.0,48.0,525.0,525.0,12.0,11.0,990.0,3990.0,0.0,0.0,0.0,1.0,19513.0,47.5,0.0,0.0,44.3125,43.4375,40.5625,19.6875,44.3125,750.0,16.0,1250.0,600.0,25.3,24.1,254.0,20.0,0.0,8.0,0.0,0.0,0.0,0.0,8.0,0.0,5.0,2.0,4.0,0.0,39.0,8495.0,86.0,0.0,0.0,0.0,0.0,25.0,0.0,0.0,4.1000000000000005,5000.0,4990.0,4980.0,1.0,1.0,0.0,30.0,4414.0,0.0,255.0,858.0,283.0
1789040348733,2026-09-10T15:39:08.733,2227.0,14.200000000000001,80.0,6.2700000000000005,6.2700000000000005,6.2700000000000005,6.2700000000000005,1.0,1.0,581.0,0.0,0.0,400.0,58.0,64.0,0.12106215999999997,0.12106215999999997,23.0,0.999,42.0,25.0,25.0,-36.0,7.0,7.0,7.0,7.0,0.0,0.0,0.0,0.0,38.0,36.0,37.0,47.2,504.0,504.0,11.0,11.0,990.0,3980.0,0.0,0.0,0.0,1.0,19513.0,45.900000000000006,1.0,0.0,41.0625,41.25,41.25,19.375,41.0625,750.0,17.0,950.0,450.0,16.900000000000002,16.0,254.0,20.0,0.0,8.0,0.0,0.0,0.0,0.0,8.0,0.0,5.0,2.0,4.0,0.0,36.0,8495.0,86.0,0.0,0.0,0.0,0.0,26.0,0.0,0.0,4.1000000000000005,5000.0,4990.0,4970.0,1.0,1.0,0.0,30.0,3653.0,0.0,255.0,858.0,283.0
1789040349967,2026-09-10T15:39:09.967,2320.0,14.200000000000001,80.0,2.34,2.34,2.34,2.34,1.0,1.0,825.0,1.0,0.0,805.0,44.0,64.5,0.017027110000000012,0.017027110000000012,22.0,0.999,20.0,37.0,37.0,-21.0,35.0,35.0,35.0,35.0,0.0,0.0,0.0,0.0,38.0,14.0,15.0,18.1,210.0,231.0,4.0,5.0,710.0,4280.0,0.0,0.0,0.0,1.0,19513.0,16.400000000000002,0.0,0.0,-0.8125,-0.5,-0.125,21.5,-0.8125,750.0,14.0,710.0,340.0,9.5,8.3,254.0,20.0,0.0,8.0,0.0,0.0,0.0,0.0,8.0,0.0,5.0,2.0,4.0,0.0,33.0,8495.0,86.0,0.0,0.0,0.0,0.0,25.0,0.0,0.0,4.1000000000000005,5000.0,4990.0,4980.0,1.0,1.0,0.0,30.0,4414.0,0.0,255.0,858.0,283.0
1789040350383,2026-09-10T15:39:10.384,2302.0,14.3,80.0,1.8800000000000001,1.8800000000000001,1.8800000000000001,1.8800000000000001,1.0,1.0,800.0,1.0,0.0,810.0,42.5,63.5,0.008145789999999986,0.008145789999999986,21.0,0.999,19.0,38.0,38.0,-21.0,36.0,36.0,36.0,36.0,0.0,0.0,0.0,0.0,38.0,14.0,15.0,17.0,210.0,231.0,4.0,4.0,700.0,4280.0,0.0,0.0,0.0,1.0,19513.0,15.9,0.0,0.0,-0.5625,-0.5625,-0.9375,22.1875,-0.5625,750.0,14.0,710.0,340.0,9.5,8.3,254.0,20.0,0.0,8.0,0.0,0.0,0.0,0.0,8.0,0.0,5.0,2.0,4.0,0.0,32.0,8495.0,86.0,0.0,0.0,0.0,0.0,25.0,0.0,0.0,4.1000000000000005,5000.0,4990.0,4970.0,1.0,1.0,0.0,30.0,2726.0,0.0,255.0,858.0,238.0
1789040351372,2026-09-10T15:39:11.372,1857.0,14.200000000000001,80.0,1.68,1.68,1.68,1.68,1.0,1.0,771.0,1.0,0.0,742.0,44.0,64.5,-0.028890230000000017,-0.028890230000000017,20.0,0.999,16.0,38.0,38.0,3.0,36.0,36.0,36.0,36.0,0.0,0.0,0.0,0.0,38.0,15.0,16.0,14.0,210.0,231.0,3.0,3.0,660.0,4330.0,0.0,0.0,0.0,1.0,19513.0,13.0,0.0,0.0,2.5,1.0625,1.0625,24.625,2.5,750.0,10.0,670.0,320.0,8.3,7.2,254.0,20.0,0.0,8.0,0.0,0.0,0.0,0.0,8.0,0.0,5.0,2.0,4.0,0.0,36.0,8495.0,86.0,0.0,0.0,0.0,0.0,25.0,0.0,0.0,4.1000000000000005,5000.0,4990.0,4980.0,1.0,1.0,0.0,30.0,4414.0,0.0,255.0,858.0,283.0
1789040351764,2026-09-10T15:39:11.764,1700.0,14.200000000000001,80.0,1.74,1.74,1.74,1.74,1.0,1.0,332.0,1.0,0.0,717.0,44.0,63.5,-0.05896006000000001,-0.05896006000000001,20.0,0.999,17.0,36.0,36.0,2.0,34.0,34.0,34.0,34.0,0.0,0.0,0.0,0.0,38.0,16.0,16.0,13.3,252.0,231.0,3.0,4.0,670.0,4310.0,0.0,0.0,0.0,1.0,19513.0,13.4,0.0,0.0,4.3125,2.9375,3.5,25.375,4.3125,750.0,10.0,670.0,320.0,8.3,7.2,254.0,20.0,0.0,8.0,0.0,0.0,0.0,0.0,8.0,0.0,5.0,2.0,4.0,0.0,35.0,8495.0,86.0,0.0,0.0,0.0,0.0,25.0,0.0,0.0,4.1000000000000005,5000.0,4990.0,4970.0,1.0,1.0,0.0,30.0,2726.0,0.0,255.0,858.0,238.0
1789040352993,2026-09-10T15:39:12.994,1405.0,14.200000000000001,80.0,2.06,2.06,2.06,2.06,0.0,1.0,78.0,0.0,0.0,63.0,47.0,63.0,0.012670379999999981,0.012670379999999981,19.0,0.999,17.0,27.0,27.0,-8.0,24.0,24.0,24.0,24.0,0.0,0.0,0.0,0.0,38.0,20.0,19.0,12.8,294.0,294.0,3.0,3.0,660.0,4320.0,0.0,0.0,0.0,1.0,19513.0,13.200000000000001,1.0,0.0,8.75,6.6875,6.625,27.375,8.75,750.0,8.0,990.0,470.0,17.3,16.3,254.0,20.0,0.0,8.0,0.0,0.0,0.0,0.0,8.0,0.0,5.0,2.0,4.0,0.0,35.0,8495.0,86.0,0.0,0.0,0.0,0.0,25.0,0.0,0.0,4.1000000000000005,5000.0,4990.0,4980.0,1.0,1.0,0.0,30.0,1853.0,0.0,255.0,858.0,241.0
1789040353141,2026-09-10T15:39:13.142,1303.0,14.200000000000001,80.0,2.24,2.24,2.24,2.24,1.0,1.0,791.0,1.0,0.0,668.0,48.0,62.5,-0.0023454599999999937,-0.0023454599999999937,18.0,0.999,18.0,23.0,23.0,-11.0,19.0,19.0,19.0,19.0,0.0,0.0,0.0,0.0,38.0,24.0,20.0,12.700000000000001,357.0,315.0,4.0,4.0,670.0,4300.0,0.0,0.0,0.0,1.0,19513.0,14.8,1.0,0.0,55.3125,20.375,24.0,26.25,55.3125,750.0,8.0,1140.0,550.0,22.200000000000003,20.8,254.0,20.0,0.0,8.0,0.0,0.0,0.0,0.0,8.0,0.0,5.0,2.0,4.0,0.0,34.0,8495.0,86.0,0.0,0.0,0.0,0.0,25.0,0.0,0.0,4.1000000000000005,5000.0,4990.0,4970.0,1.0,1.0,0.0,30.0,2726.0,0.0,255.0,858.0,238.0
1789040354346,2026-09-10T15:39:14.347,1183.0,14.200000000000001,80.0,6.8500000000000005,6.8500000000000005,6.8500000000000005,6.8500000000000005,0.0,1.0,53.0,0.0,0.0,122.0,52.5,62.5,-0.0637517,-0.0637517,18.0,0.999,52.0,15.0,15.0,-36.0,-3.0,-3.0,-3.0,-3.0,0.0,0.0,0.0,0.0,38.0,25.0,33.0,21.8,378.0,483.0,5.0,5.0,720.0,4250.0,0.0,0.0,0.0,1.0,19513.0,17.3,1.0,0.0,14.4375,27.0625,22.0,26.3125,14.4375,750.0,8.0,780.0,370.0,11.4,10.4,254.0,20.0,0.0,8.0,0.0,0.0,0.0,0.0,8.0,0.0,5.0,2.0,4.0,0.0,35.0,8495.0,86.0,0.0,0.0,0.0,0.0,25.0,0.0,0.0,4.1000000000000005,5000.0,4990.0,4980.0,1.0,1.0,0.0,30.0,1853.0,0.0,255.0,858.0,241.0
1789040354764,2026-09-10T15:39:14.765,1193.0,14.200000000000001,80.0,6.8100000000000005,6.8100000000000005,6.8100000000000005,6.8100000000000005,0.0,1.0,48.0,0.0,0.0,58.0,53.5,63.0,-0.03583353,-0.03583353,18.0,0.999,50.0,16.0,16.0,-36.0,1.0,1.0,1.0,1.0,0.0,0.0,0.0,0.0,38.0,24.0,30.0,19.900000000000002,357.0,441.0,4.0,4.0,700.0,4280.0,0.0,0.0,0.0,1.0,19513.0,16.0,1.0,0.0,14.6875,20.1875,20.1875,25.875,14.6875,750.0,8.0,780.0,370.0,11.4,10.4,254.0,20.0,0.0,8.0,0.0,0.0,0.0,0.0,8.0,0.0,5.0,2.0,4.0,0.0,35.0,8495.0,86.0,0.0,0.0,0.0,0.0,25.0,0.0,0.0,4.1000000000000005,5000.0,4990.0,4970.0,1.0,1.0,0.0,30.0,1568.0,0.0,255.0,858.0,242.0
1789040355663,2026-09-10T15:39:15.663,1166.0,14.200000000000001,81.0,2.92,2.92,2.92,2.92,1.0,1.0,629.0,0.0,0.0,249.0,58.5,62.5,0.03328663999999998,0.03328663999999998,19.0,0.999,21.0,17.0,17.0,-33.0,13.0,13.0,13.0,13.0,0.0,0.0,0.0,0.0,38.0,33.0,26.0,15.200000000000001,483.0,399.0,5.0,5.0,730.0,4260.0,0.0,0.0,0.0,1.0,19513.0,18.6,0.0,0.0,37.875,27.5625,25.9375,26.9375,37.875,750.0,7.0,820.0,390.0,12.0,11.0,254.0,20.0,0.0,8.0,0.0,0.0,0.0,0.0,8.0,0.0,5.0,2.0,4.0,0.0,35.0,8495.0,86.0,0.0,0.0,0.0,0.0,25.0,0.0,0.0,4.1000000000000005,5000.0,4990.0,4980.0,1.0,1.0,0.0,30.0,1853.0,0.0,255.0,858.0,241.0
1789040356086,2026-09-10T15:39:16.087,1070.0,14.0,81.0,2.99,2.99,2.99,2.99,1.0,1.0,747.0,1.0,0.0,693.0,61.0,63.5,-0.012500990000000017,-0.012500990000000017,20.0,0.999,22.0,16.0,16.0,-32.0,6.0,6.0,6.0,6.0,0.0,0.0,0.0,0.0,38.0,35.0,35.0,19.200000000000003,525.0,525.0,5.0,6.0,780.0,4210.0,0.0,0.0,0.0,1.0,19513.0,18.6,0.0,0.0,46.5625,25.1875,26.0,25.9375,46.5625,750.0,6.0,990.0,470.0,17.6,16.6,254.0,20.0,0.0,8.0,0.0,0.0,0.0,0.0,8.0,0.0,5.0,2.0,4.0,0.0,36.0,8495.0,86.0,0.0,0.0,0.0,0.0,25.0,0.0,0.0,4.1000000000000005,5000.0,4990.0,4970.0,1.0,1.0,0.0,30.0,1568.0,0.0,255.0,858.0,242.0
1789040357284,2026-09-10T15:39:17.285,962.0,14.200000000000001,81.0,5.3,5.3,5.3,5.3,0.0,1.0,53.0,0.0,0.0,48.0,63.0,63.0,0.00925977,0.00925977,20.0,0.999,43.0,13.0,11.0,-36.0,9.0,9.0,9.0,9.0,0.0,0.0,0.0,0.0,38.0,29.0,39.0,20.3,441.0,588.0,4.0,5.0,720.0,4270.0,0.0,0.0,0.0,1.0,19513.0,15.600000000000001,1.0,0.0,-23.625,12.3125,20.4375,26.1875,-23.625,750.0,6.0,390.0,190.0,0.0,0.0,254.0,20.0,0.0,8.0,0.0,0.0,1.0,0.0,8.0,0.0,5.0,1.0,4.0,100.0,37.0,8495.0,86.0,0.0,0.0,0.0,0.0,26.0,0.0,0.0,4.1000000000000005,5000.0,4990.0,4980.0,1.0,1.0,0.0,30.0,1072.0,0.0,255.0,858.0,243.0
1789040357434,2026-09-10T15:39:17.435,980.0,14.200000000000001,81.0,5.39,5.39,5.39,5.39,0.0,1.0,48.0,0.0,0.0,43.0,64.0,62.5,0.030074409999999996,0.030074409999999996,21.0,0.999,33.0,14.0,14.0,-36.0,12.0,12.0,12.0,12.0,0.0,0.0,0.0,0.0,38.0,27.0,32.0,17.0,420.0,483.0,4.0,4.0,690.0,4290.0,0.0,0.0,0.0,1.0,19513.0,14.600000000000001,0.0,0.0,-23.75,-5.75,-3.625,26.3125,-23.75,750.0,5.0,390.0,200.0,0.0,0.0,254.0,20.0,0.0,8.0,0.0,0.0,1.0,0.0,8.0,0.0,5.0,1.0,4.0,100.0,36.0,8495.0,86.0,0.0,0.0,0.0,0.0,25.0,0.0,0.0,4.1000000000000005,5000.0,4990.0,4970.0,1.0,1.0,0.0,30.0,1568.0,0.0,255.0,858.0,242.0
1789040358514,2026-09-10T15:39:18.515,855.0,13.8,81.0,2.43,2.43,2.43,2.43,1.0,1.0,795.0,1.0,0.0,678.0,71.0,66.5,0.03535436999999997,0.03535436999999997,21.0,0.999,17.0,16.0,16.0,-17.0,-6.0,-6.0,-6.0,-6.0,0.0,0.0,0.0,0.0,38.0,19.0,20.0,8.700000000000001,294.0,315.0,2.0,2.0,600.0,4390.0,0.0,0.0,0.0,1.0,19513.0,8.3,1.0,0.0,60.875,20.5625,20.375,26.5,60.875,750.0,1.0,1060.0,510.0,19.6,18.3,254.0,20.0,0.0,8.0,0.0,0.0,1.0,0.0,8.0,0.0,5.0,2.0,4.0,100.0,34.0,8495.0,86.0,0.0,0.0,0.0,0.0,26.0,0.0,0.0,4.1000000000000005,5000.0,4990.0,4980.0,1.0,1.0,0.0,30.0,1072.0,0.0,255.0,858.0,243.0
1789040358905,2026-09-10T15:39:18.906,838.0,14.100000000000001,81.0,2.35,2.35,2.35,2.35,1.0,1.0,805.0,1.0,0.0,727.0,69.5,65.0,0.03418697999999998,0.03418697999999998,21.0,0.999,17.0,16.0,16.0,-15.0,-7.0,-7.0,-7.0,-7.0,0.0,0.0,0.0,0.0,38.0,38.0,19.0,9.3,567.0,315.0,5.0,4.0,700.0,4290.0,0.0,0.0,0.0,1.0,19513.0,16.6,1.0,0.0,80.0,45.875,46.0625,26.0625,80.0,750.0,0.0,1190.0,570.0,23.3,22.0,254.0,20.0,0.0,8.0,0.0,0.0,1.0,0.0,8.0,0.0,5.0,2.0,4.0,100.0,34.0,8495.0,86.0,0.0,0.0,0.0,0.0,26.0,0.0,0.0,4.1000000000000005,5000.0,4990.0,4980.0,1.0,1.0,0.0,30.0,2527.0,0.0,255.0,858.0,281.0
1789040359804,2026-09-10T15:39:19.805,2456.0,14.200000000000001,81.0,3.3000000000000003,3.3000000000000003,3.3000000000000003,3.3000000000000003,1.0,1.0,795.0,1.0,0.0,683.0,68.5,64.0,0.010518719999999981,0.010518719999999981,20.0,0.999,48.0,27.0,27.0,-36.0,23.0,23.0,23.0,23.0,0.0,0.0,0.0,0.0,38.0,61.0,66.0,81.0,714.0,777.0,20.0,20.0,1370.0,3600.0,38.0,22.0,94.0,1.0,19513.0,76.3,0.0,0.0,76.4375,76.3125,76.3125,21.375,76.4375,750.0,2.0,1920.0,930.0,45.800000000000004,43.900000000000006,254.0,20.0,0.0,8.0,0.0,0.0,1.0,0.0,8.0,0.0,5.0,2.0,4.0,100.0,36.0,8495.0,86.0,0.0,0.0,0.0,0.0,26.0,0.0,0.0,4.1000000000000005,5000.0,4990.0,4980.0,1.0,1.0,0.0,30.0,1072.0,0.0,255.0,858.0,243.0
1789040360223,2026-09-10T15:39:20.224,2166.0,14.100000000000001,81.0,7.75,7.75,7.75,7.75,0.0,1.0,43.0,0.0,0.0,48.0,68.5,65.0,0.03849029999999998,0.03849029999999998,20.0,0.999,99.0,22.0,22.0,-36.0,19.0,19.0,19.0,19.0,0.0,0.0,0.0,0.0,38.0,57.0,58.0,82.60000000000001,651.0,672.0,19.0,19.0,1330.0,3650.0,36.0,36.0,59.0,1.0,19513.0,80.80000000000001,0.0,0.0,79.1875,79.3125,79.25,19.5625,79.1875,750.0,5.0,1880.0,910.0,44.6,42.7,254.0,20.0,0.0,8.0,0.0,0.0,1.0,0.0,8.0,0.0,5.0,2.0,4.0,100.0,37.0,8495.0,86.0,0.0,0.0,0.0,0.0,26.0,0.0,0.0,4.1000000000000005,5000.0,4990.0,4980.0,1.0,1.0,0.0,30.0,2527.0,0.0,255.0,858.0,281.0
1789040361334,2026-09-10T15:39:21.334,2451.0,14.200000000000001,81.0,8.620000000000001,8.620000000000001,8.620000000000001,8.620000000000001,1.0,1.0,756.0,1.0,0.0,659.0,65.0,66.5,0.06109798999999999,0.06109798999999999,19.0,0.999,99.0,22.0,22.0,-31.0,22.0,22.0,22.0,22.0,0.0,0.0,0.0,0.0,38.0,54.0,56.0,68.10000000000001,630.0,672.0,16.0,16.0,1190.0,3790.0,31.0,35.0,31.0,1.0,19513.0,65.5,1.0,0.0,29.75,50.75,50.6875,20.5625,29.75,750.0,10.0,950.0,450.0,17.2,16.0,254.0,20.0,0.0,8.0,0.0,0.0,1.0,0.0,8.0,0.0,5.0,2.0,4.0,100.0,40.0,8495.0,86.0,0.0,0.0,0.0,0.0,26.0,0.0,0.0,4.1000000000000005,5000.0,4990.0,4980.0,1.0,1.0,0.0,30.0,2449.0,0.0,255.0,858.0,279.0
1789040361485,2026-09-10T15:39:21.486,2325.0,14.200000000000001,81.0,8.68,8.68,8.68,8.68,1.0,1.0,761.0,1.0,0.0,678.0,63.0,67.5,0.06472223999999999,0.06472223999999999,19.0,0.999,99.0,21.0,21.0,-35.0,21.0,21.0,21.0,21.0,0.0,0.0,0.0,0.0,38.0,24.0,33.0,36.7,357.0,462.0,7.0,7.0,830.0,4140.0,0.0,0.0,0.0,1.0,19513.0,27.200000000000003,0.0,0.0,4.8125,17.8125,17.25,21.4375,4.8125,750.0,10.0,840.0,410.0,13.4,12.5,254.0,20.0,0.0,8.0,0.0,0.0,1.0,0.0,8.0,0.0,5.0,2.0,4.0,100.0,38.0,8495.0,86.0,0.0,0.0,0.0,0.0,26.0,0.0,0.0,4.1000000000000005,5000.0,4990.0,4980.0,1.0,1.0,0.0,30.0,2527.0,0.0,255.0,858.0,281.0
1789040362625,2026-09-10T15:39:22.626,2240.0,14.200000000000001,82.0,1.43,1.43,1.43,1.43,0.0,1.0,53.0,0.0,0.0,58.0,53.0,68.0,0.053467989999999965,0.053467989999999965,18.0,0.999,36.0,41.0,41.0,-16.0,18.0,18.0,18.0,18.0,0.0,0.0,0.0,0.0,38.0,14.0,14.0,16.8,210.0,210.0,4.0,4.0,690.0,4290.0,0.0,0.0,0.0,1.0,19513.0,15.600000000000001,1.0,0.0,-19.1875,-7.5625,-7.3125,21.125,-19.1875,750.0,4.0,390.0,200.0,0.0,0.0,254.0,20.0,0.0,8.0,0.0,1.0,1.0,0.0,8.0,0.0,5.0,0.0,4.0,100.0,40.0,8495.0,86.0,0.0,0.0,0.0,0.0,26.0,0.0,0.0,4.1000000000000005,5000.0,4990.0,4980.0,1.0,1.0,0.0,30.0,2449.0,0.0,255.0,858.0,279.0
1789040363045,2026-09-10T15:39:23.045,2244.0,14.200000000000001,82.0,1.48,1.48,1.48,1.48,0.0,1.0,53.0,0.0,0.0,48.0,53.0,68.0,0.06653818,0.06653818,18.0,0.999,35.0,42.0,42.0,-8.0,19.0,19.0,19.0,19.0,0.0,0.0,0.0,0.0,38.0,13.0,14.0,16.0,210.0,210.0,4.0,4.0,680.0,4290.0,0.0,0.0,0.0,1.0,19513.0,14.9,1.0,0.0,-19.25,-8.9375,-8.9375,21.3125,-19.25,750.0,3.0,390.0,200.0,0.0,0.0,254.0,20.0,0.0,8.0,0.0,1.0,1.0,0.0,8.0,0.0,5.0,0.0,4.0,100.0,38.0,8495.0,86.0,0.0,0.0,0.0,0.0,26.0,0.0,0.0,4.1000000000000005,5000.0,4990.0,4970.0,1.0,1.0,0.0,30.0,1544.0,0.0,255.0,858.0,305.0
1789040363946,2026-09-10T15:39:23.946,1432.0,14.200000000000001,82.0,2.52,2.52,2.52,2.52,0.0,0.0,14.0,0.0,0.0,39.0,51.5,67.5,1.9839999999993196e-05,1.9839999999993196e-05,17.0,1.285,0.0,21.0,19.0,-4.0,13.0,13.0,13.0,13.0,0.0,0.0,0.0,0.0,38.0,69.0,70.0,86.5,798.0,798.0,30.0,30.0,1780.0,3190.0,37.0,31.0,33.0,1.0,19513.0,83.0,0.0,0.0,80.3125,85.5,85.5625,20.625,80.3125,750.0,2.0,1990.0,970.0,47.6,45.900000000000006,254.0,20.0,0.0,8.0,0.0,0.0,1.0,0.0,8.0,0.0,5.0,2.0,4.0,100.0,32.0,8495.0,86.0,0.0,0.0,0.0,0.0,26.0,0.0,0.0,4.1000000000000005,5000.0,4990.0,4980.0,1.0,1.0,0.0,30.0,2449.0,0.0,255.0,858.0,279.0
1789040364363,2026-09-10T15:39:24.364,1485.0,14.3,82.0,10.77,10.77,10.77,10.77,1.0,0.0,844.0,1.0,0.0,722.0,52.5,67.0,1.9839999999993196e-05,1.9839999999993196e-05,17.0,1.123,0.0,21.0,21.0,-36.0,19.0,19.0,19.0,19.0,0.0,0.0,0.0,0.0,38.0,56.0,58.0,95.0,651.0,672.0,21.0,21.0,1390.0,3570.0,35.0,36.0,42.0,1.0,19513.0,91.9,0.0,0.0,78.625,80.0625,80.0,19.0625,78.625,750.0,5.0,1940.0,940.0,46.300000000000004,44.5,254.0,20.0,0.0,8.0,0.0,0.0,1.0,0.0,8.0,0.0,5.0,2.0,4.0,100.0,33.0,8495.0,86.0,0.0,0.0,0.0,0.0,26.0,0.0,0.0,4.1000000000000005,5000.0,4990.0,4970.0,1.0,1.0,0.0,30.0,1544.0,0.0,255.0,858.0,305.0
1789040365504,2026-09-10T15:39:25.504,2744.0,14.200000000000001,83.0,8.2,8.2,8.2,8.2,0.0,1.0,92.0,0.0,0.0,361.0,53.0,69.0,-0.030713800000000013,-0.030713800000000013,17.0,0.999,11.0,22.0,22.0,-29.0,22.0,22.0,22.0,22.0,0.0,0.0,0.0,0.0,38.0,63.0,62.0,86.60000000000001,714.0,714.0,22.0,22.0,1440.0,3540.0,38.0,39.0,44.0,1.0,19513.0,85.9,1.0,0.0,88.1875,86.8125,87.0625,19.8125,88.1875,750.0,12.0,1470.0,710.0,32.1,30.5,254.0,20.0,0.0,8.0,0.0,0.0,1.0,0.0,8.0,0.0,5.0,2.0,4.0,100.0,38.0,8495.0,86.0,0.0,0.0,0.0,0.0,26.0,0.0,0.0,4.1000000000000005,5000.0,4990.0,4980.0,1.0,1.0,0.0,30.0,3911.0,0.0,255.0,858.0,297.0
1789040365654,2026-09-10T15:39:25.654,2575.0,14.200000000000001,83.0,8.98,8.98,8.98,8.98,1.0,1.0,727.0,1.0,0.0,634.0,52.0,70.0,-0.0025438400000000194,-0.0025438400000000194,17.0,0.999,17.0,22.0,22.0,-29.0,22.0,22.0,22.0,22.0,0.0,0.0,0.0,0.0,38.0,54.0,62.0,84.2,630.0,693.0,18.0,18.0,1270.0,3690.0,39.0,39.0,37.0,1.0,19513.0,75.8,0.0,0.0,49.4375,50.375,42.125,20.75,49.4375,750.0,14.0,1500.0,730.0,33.1,31.700000000000003,254.0,20.0,0.0,8.0,0.0,0.0,1.0,0.0,8.0,0.0,5.0,2.0,4.0,100.0,40.0,8495.0,86.0,0.0,0.0,0.0,0.0,26.0,0.0,0.0,4.1000000000000005,5000.0,4990.0,4970.0,1.0,1.0,0.0,30.0,1544.0,0.0,255.0,858.0,305.0
1789040366766,2026-09-10T15:39:26.767,2509.0,14.100000000000001,83.0,6.92,6.92,6.92,6.92,0.0,1.0,195.0,0.0,0.0,83.0,42.5,70.5,0.04998870999999999,0.04998870999999999,17.0,0.999,21.0,27.0,27.0,-36.0,24.0,24.0,24.0,24.0,0.0,0.0,0.0,0.0,38.0,27.0,26.0,31.5,357.0,357.0,8.0,8.0,860.0,4120.0,0.0,0.0,0.0,1.0,19513.0,32.1,1.0,0.0,25.9375,14.6875,14.6875,24.25,25.9375,750.0,15.0,1300.0,620.0,26.200000000000003,24.700000000000003,254.0,20.0,0.0,8.0,0.0,0.0,1.0,0.0,8.0,0.0,5.0,2.0,4.0,100.0,43.0,8495.0,86.0,0.0,0.0,0.0,0.0,26.0,0.0,0.0,4.1000000000000005,5000.0,4990.0,4980.0,1.0,1.0,0.0,30.0,3911.0,0.0,255.0,858.0,297.0
1789040367214,2026-09-10T15:39:27.215,2472.0,14.200000000000001,83.0,3.77,3.77,3.77,3.77,1.0,1.0,820.0,1.0,0.0,727.0,41.0,70.0,0.024870749999999997,0.024870749999999997,17.0,0.999,16.0,28.0,28.0,-36.0,25.0,25.0,25.0,25.0,0.0,0.0,0.0,0.0,38.0,27.0,26.0,31.5,378.0,378.0,8.0,8.0,860.0,4120.0,0.0,0.0,0.0,1.0,19513.0,31.900000000000002,1.0,0.0,31.25,18.75,17.625,23.5625,31.25,750.0,15.0,1450.0,700.0,31.200000000000003,29.900000000000002,254.0,20.0,0.0,8.0,0.0,0.0,1.0,0.0,8.0,0.0,5.0,2.0,4.0,100.0,43.0,8495.0,86.0,0.0,0.0,0.0,0.0,26.0,0.0,0.0,4.1000000000000005,5000.0,4990.0,4990.0,1.0,1.0,0.0,30.0,5000.0,0.0,255.0,858.0,297.0
1789040368085,2026-09-10T15:39:28.085,2372.0,14.100000000000001,83.0,7.79,7.79,7.79,7.79,1.0,1.0,708.0,1.0,0.0,737.0,38.0,70.0,-0.04168574,-0.04168574,17.0,0.999,35.0,22.0,22.0,-36.0,13.0,13.0,13.0,13.0,0.0,0.0,0.0,0.0,38.0,48.0,49.0,71.10000000000001,567.0,588.0,16.0,16.0,1180.0,3790.0,16.0,16.0,45.0,1.0,19513.0,69.0,0.0,0.0,56.3125,59.3125,58.6875,21.6875,56.3125,750.0,20.0,1440.0,690.0,31.0,29.6,254.0,20.0,0.0,8.0,0.0,0.0,0.0,0.0,8.0,0.0,5.0,2.0,4.0,0.0,43.0,8495.0,86.0,0.0,0.0,0.0,0.0,26.0,0.0,0.0,4.1000000000000005,5000.0,4990.0,4980.0,1.0,1.0,0.0,30.0,3911.0,0.0,255.0,858.0,297.0
1789040368563,2026-09-10T15:39:28.563,2615.0,14.200000000000001,83.0,6.6000000000000005,6.6000000000000005,6.6000000000000005,6.6000000000000005,1.0,1.0,776.0,1.0,0.0,683.0,36.5,69.5,-0.027539720000000018,-0.027539720000000018,17.0,0.999,37.0,23.0,23.0,-36.0,17.0,17.0,17.0,17.0,0.0,0.0,0.0,0.0,38.0,44.0,44.0,69.2,546.0,546.0,15.0,15.0,1160.0,3830.0,8.0,9.0,47.0,1.0,19513.0,68.10000000000001,1.0,0.0,45.125,49.5625,49.5625,20.8125,45.125,750.0,22.0,1370.0,660.0,29.1,27.6,254.0,20.0,0.0,8.0,0.0,0.0,0.0,0.0,8.0,0.0,5.0,2.0,4.0,0.0,47.0,8495.0,86.0,0.0,0.0,0.0,0.0,26.0,0.0,0.0,4.1000000000000005,5000.0,4990.0,4990.0,1.0,1.0,0.0,30.0,5000.0,0.0,255.0,858.0,297.0
1789040369676,2026-09-10T15:39:29.676,3108.0,14.200000000000001,84.0,4.61,4.61,4.61,4.61,0.0,1.0,161.0,0.0,0.0,117.0,32.5,68.5,0.031585150000000006,0.031585150000000006,17.0,0.999,36.0,27.0,27.0,-23.0,27.0,27.0,27.0,27.0,0.0,0.0,0.0,0.0,38.0,32.0,32.0,58.1,420.0,441.0,13.0,13.0,1050.0,3930.0,0.0,0.0,0.0,1.0,19513.0,56.7,0.0,0.0,35.125,34.125,34.125,21.625,35.125,750.0,24.0,1420.0,680.0,30.5,29.1,254.0,20.0,0.0,8.0,0.0,0.0,0.0,0.0,8.0,0.0,5.0,2.0,4.0,0.0,49.0,8495.0,86.0,0.0,0.0,0.0,0.0,27.0,0.0,0.0,4.1000000000000005,5000.0,4990.0,4980.0,1.0,1.0,0.0,30.0,5000.0,0.0,255.0,858.0,297.0
1789040369824,2026-09-10T15:39:29.825,3291.0,14.200000000000001,84.0,3.96,3.96,3.96,3.96,1.0,1.0,761.0,1.0,0.0,712.0,31.0,67.0,-0.023862060000000018,-0.023862060000000018,17.0,0.999,37.0,27.0,27.0,-23.0,27.0,27.0,27.0,27.0,0.0,0.0,0.0,0.0,38.0,32.0,32.0,60.2,420.0,420.0,13.0,13.0,1060.0,3910.0,0.0,0.0,0.0,1.0,19513.0,60.1,0.0,0.0,36.0,33.6875,33.6875,22.25,36.0,750.0,25.0,1570.0,760.0,35.0,33.4,254.0,20.0,0.0,8.0,0.0,0.0,0.0,0.0,8.0,0.0,5.0,2.0,4.0,0.0,50.0,8495.0,86.0,0.0,0.0,0.0,0.0,26.0,0.0,0.0,4.1000000000000005,5000.0,4990.0,4990.0,1.0,1.0,0.0,30.0,5000.0,0.0,255.0,858.0,297.0
1789040370964,2026-09-10T15:39:30.965,3842.0,14.200000000000001,85.0,6.08,6.08,6.08,6.08,1.0,1.0,639.0,0.0,0.0,336.0,29.0,66.5,0.019483970000000017,0.019483970000000017,17.0,0.999,72.0,26.0,26.0,-6.0,26.0,26.0,26.0,26.0,0.0,0.0,0.0,0.0,38.0,46.0,48.0,107.9,483.0,504.0,20.0,20.0,1340.0,3620.0,20.0,20.0,48.0,1.0,19513.0,102.80000000000001,1.0,0.0,51.125,54.25,54.25,25.5,51.125,750.0,31.0,1800.0,870.0,42.1,40.400000000000006,254.0,20.0,0.0,8.0,0.0,0.0,0.0,0.0,8.0,0.0,5.0,2.0,4.0,0.0,42.0,8495.0,86.0,0.0,0.0,0.0,0.0,27.0,0.0,0.0,4.1000000000000005,5000.0,4990.0,4980.0,1.0,1.0,0.0,30.0,5000.0,0.0,255.0,858.0,297.0
1789040371384,2026-09-10T15:39:31.384,3893.0,14.100000000000001,85.0,5.65,5.65,5.65,5.65,1.0,1.0,761.0,1.0,0.0,664.0,28.5,65.5,-0.02303039000000001,-0.02303039000000001,17.0,0.999,72.0,26.0,26.0,-6.0,26.0,26.0,26.0,26.0,0.0,0.0,0.0,0.0,38.0,45.0,47.0,108.80000000000001,462.0,483.0,20.0,20.0,1340.0,3630.0,17.0,18.0,39.0,1.0,19513.0,102.0,1.0,0.0,59.9375,54.5,54.5,25.9375,59.9375,750.0,32.0,1810.0,870.0,42.2,40.400000000000006,254.0,20.0,0.0,8.0,0.0,0.0,0.0,0.0,8.0,0.0,5.0,2.0,4.0,0.0,40.0,8495.0,86.0,0.0,0.0,0.0,0.0,27.0,0.0,0.0,4.1000000000000005,5000.0,4990.0,4990.0,1.0,1.0,0.0,30.0,5000.0,0.0,255.0,858.0,297.0
1789040372285,2026-09-10T15:39:32.286,4822.0,14.200000000000001,85.0,6.97,6.97,6.97,6.97,1.0,1.0,751.0,1.0,0.0,654.0,27.5,65.0,0.037399210000000016,0.037399210000000016,18.0,1.067,99.0,32.0,32.0,-29.0,-23.0,-23.0,-23.0,-23.0,0.0,0.0,0.0,0.0,38.0,18.0,19.0,42.6,231.0,231.0,10.0,10.0,930.0,4050.0,0.0,0.0,0.0,1.0,19513.0,39.900000000000006,0.0,0.0,-22.625,-22.625,-22.875,22.875,-22.625,750.0,35.0,820.0,390.0,12.5,11.3,254.0,20.0,0.0,8.0,0.0,0.0,1.0,0.0,8.0,0.0,5.0,2.0,4.0,100.0,39.0,8495.0,86.0,0.0,0.0,0.0,0.0,27.0,0.0,0.0,4.1000000000000005,5000.0,4990.0,4980.0,1.0,1.0,0.0,30.0,5000.0,0.0,255.0,858.0,297.0
1789040372703,2026-09-10T15:39:32.704,4356.0,14.200000000000001,85.0,0.0,0.0,0.0,0.0,0.0,0.0,4.0,0.0,0.0,19.0,20.0,64.5,1.9839999999993196e-05,1.9839999999993196e-05,18.0,0.999,0.0,34.0,34.0,-25.0,-21.0,-21.0,-21.0,-21.0,0.0,0.0,0.0,0.0,38.0,14.0,15.0,28.200000000000003,210.0,231.0,7.0,7.0,810.0,4160.0,0.0,0.0,0.0,1.0,19513.0,25.1,1.0,0.0,-7.375,-7.5,-7.75,21.625,-7.375,750.0,35.0,1190.0,570.0,22.900000000000002,21.400000000000002,254.0,20.0,0.0,8.0,0.0,0.0,1.0,0.0,8.0,0.0,5.0,2.0,4.0,100.0,38.0,8495.0,86.0,0.0,0.0,0.0,0.0,27.0,0.0,0.0,4.1000000000000005,5000.0,4990.0,4990.0,1.0,1.0,0.0,30.0,5000.0,0.0,255.0,858.0,297.0
1789040373904,2026-09-10T15:39:33.905,2907.0,14.200000000000001,85.0,1.78,1.78,1.78,1.78,1.0,1.0,805.0,1.0,0.0,756.0,13.0,63.0,-0.005931560000000002,-0.005931560000000002,18.0,1.038,0.0,27.0,27.0,-36.0,2.0,2.0,2.0,2.0,0.0,0.0,0.0,0.0,38.0,37.0,36.0,55.400000000000006,504.0,483.0,13.0,13.0,1050.0,3920.0,0.0,0.0,0.0,1.0,19513.0,56.0,0.0,0.0,47.125,44.4375,44.375,18.875,47.125,750.0,37.0,1430.0,690.0,30.6,29.3,254.0,20.0,0.0,8.0,0.0,0.0,0.0,0.0,8.0,0.0,5.0,2.0,4.0,0.0,39.0,8495.0,86.0,0.0,0.0,0.0,0.0,27.0,0.0,0.0,4.1000000000000005,5000.0,4990.0,4990.0,1.0,1.0,0.0,30.0,5000.0,0.0,255.0,858.0,247.0
1789040374025,2026-09-10T15:39:34.026,2823.0,14.200000000000001,85.0,4.96,4.96,4.96,4.96,1.0,1.0,708.0,0.0,0.0,253.0,13.0,62.5,0.04850085999999998,0.04850085999999998,18.0,0.999,8.0,25.0,25.0,-36.0,22.0,22.0,22.0,22.0,0.0,0.0,0.0,0.0,38.0,40.0,39.0,60.900000000000006,525.0,525.0,14.0,14.0,1100.0,3880.0,2.0,0.0,0.0,1.0,19513.0,60.900000000000006,0.0,0.0,50.0625,49.1875,50.1875,19.1875,50.0625,750.0,38.0,1420.0,680.0,30.6,29.1,254.0,20.0,0.0,8.0,0.0,0.0,0.0,0.0,8.0,0.0,5.0,2.0,4.0,0.0,38.0,8495.0,86.0,0.0,0.0,0.0,0.0,27.0,0.0,0.0,4.1000000000000005,5000.0,4990.0,4990.0,1.0,1.0,0.0,30.0,5000.0,0.0,255.0,858.0,297.0
1789040375193,2026-09-10T15:39:35.194,2997.0,14.200000000000001,86.0,5.24,5.24,5.24,5.24,0.0,1.0,112.0,0.0,0.0,112.0,14.5,60.0,0.040275720000000015,0.040275720000000015,18.0,0.999,17.0,27.0,27.0,-28.0,27.0,27.0,27.0,27.0,0.0,0.0,0.0,0.0,38.0,32.0,34.0,56.0,441.0,462.0,12.0,12.0,1030.0,3950.0,0.0,0.0,0.0,1.0,19513.0,53.0,1.0,0.0,5.5,18.0625,16.0,20.5625,-1.75,750.0,40.0,390.0,200.0,0.0,0.0,254.0,20.0,0.0,8.0,0.0,0.0,1.0,0.0,8.0,0.0,5.0,0.0,4.0,100.0,33.0,8495.0,86.0,0.0,0.0,0.0,0.0,27.0,0.0,0.0,4.1000000000000005,5000.0,4990.0,4990.0,1.0,1.0,0.0,30.0,5000.0,0.0,255.0,858.0,247.0
1789040375583,2026-09-10T15:39:35.583,3028.0,14.200000000000001,86.0,5.1000000000000005,5.1000000000000005,5.1000000000000005,5.1000000000000005,1.0,1.0,722.0,1.0,0.0,600.0,14.5,60.0,0.031043419999999988,0.031043419999999988,18.0,0.999,18.0,27.0,27.0,-26.0,27.0,27.0,27.0,27.0,0.0,0.0,0.0,0.0,38.0,28.0,31.0,51.400000000000006,399.0,420.0,11.0,11.0,990.0,3980.0,0.0,0.0,0.0,1.0,19513.0,47.1,1.0,0.0,-20.125,-20.125,-20.375,20.375,-20.125,750.0,40.0,390.0,200.0,0.0,0.0,254.0,20.0,0.0,8.0,0.0,0.0,1.0,0.0,8.0,0.0,5.0,0.0,4.0,100.0,33.0,8495.0,86.0,0.0,0.0,0.0,0.0,27.0,0.0,0.0,4.1000000000000005,5000.0,4990.0,4980.0,1.0,1.0,0.0,30.0,5000.0,0.0,255.0,858.0,242.0
1789040376543,2026-09-10T15:39:36.544,2377.0,14.200000000000001,86.0,0.0,0.0,0.0,0.0,0.0,0.0,4.0,0.0,0.0,4.0,18.0,58.0,1.9839999999993196e-05,1.9839999999993196e-05,17.0,0.999,0.0,41.0,41.0,3.0,3.0,3.0,3.0,3.0,0.0,0.0,0.0,0.0,38.0,14.0,15.0,13.200000000000001,210.0,231.0,3.0,3.0,640.0,4340.0,0.0,0.0,0.0,1.0,19513.0,11.8,1.0,0.0,-19.3125,-19.3125,-14.25,21.875,-19.3125,750.0,41.0,390.0,200.0,0.0,0.0,254.0,20.0,0.0,8.0,0.0,0.0,0.0,0.0,8.0,0.0,5.0,1.0,4.0,0.0,35.0,8495.0,86.0,0.0,0.0,0.0,0.0,27.0,0.0,0.0,4.1000000000000005,5000.0,4990.0,4990.0,1.0,1.0,0.0,30.0,5000.0,0.0,255.0,858.0,247.0
1789040376961,2026-09-10T15:39:36.962,1828.0,14.200000000000001,86.0,0.0,0.0,0.0,0.0,0.0,0.0,0.0,0.0,0.0,0.0,22.5,57.5,1.9839999999993196e-05,1.9839999999993196e-05,17.0,0.999,0.0,42.0,42.0,3.0,3.0,3.0,3.0,3.0,0.0,0.0,0.0,0.0,38.0,13.0,13.0,10.200000000000001,189.0,210.0,2.0,2.0,610.0,4360.0,0.0,0.0,0.0,1.0,19513.0,9.700000000000001,1.0,0.0,-21.3125,-21.0,-11.375,23.875,-21.3125,750.0,40.0,390.0,200.0,0.0,0.0,254.0,20.0,0.0,8.0,0.0,1.0,0.0,0.0,8.0,0.0,5.0,1.0,4.0,0.0,38.0,8495.0,86.0,0.0,0.0,0.0,0.0,27.0,0.0,0.0,4.1000000000000005,5000.0,4990.0,4980.0,1.0,1.0,0.0,30.0,5000.0,0.0,255.0,858.0,242.0
1789040378018,2026-09-10T15:39:38.018,1233.0,14.200000000000001,86.0,1.8,1.8,1.8,1.8,1.0,0.0,839.0,1.0,0.0,673.0,31.0,57.0,1.9839999999993196e-05,1.9839999999993196e-05,17.0,1.091,0.0,33.0,33.0,3.0,6.0,6.0,6.0,6.0,0.0,0.0,0.0,0.0,38.0,20.0,15.0,9.600000000000001,294.0,231.0,3.0,3.0,650.0,4330.0,0.0,0.0,0.0,1.0,19513.0,12.0,0.0,0.0,-24.125,-11.9375,-11.0625,26.6875,-24.125,750.0,40.0,390.0,200.0,0.0,0.0,254.0,20.0,0.0,8.0,0.0,1.0,0.0,0.0,8.0,0.0,5.0,1.0,4.0,0.0,38.0,8495.0,86.0,0.0,0.0,0.0,0.0,27.0,0.0,0.0,4.1000000000000005,5000.0,4990.0,4970.0,1.0,1.0,0.0,30.0,1536.0,0.0,255.0,858.0,240.0
1789040378163,2026-09-10T15:39:38.164,1105.0,14.200000000000001,86.0,1.79,1.79,1.79,1.79,1.0,1.0,849.0,1.0,0.0,795.0,33.0,56.5,-0.001529050000000004,-0.001529050000000004,17.0,0.999,0.0,28.0,28.0,-3.0,-2.0,-2.0,-2.0,-2.0,0.0,0.0,0.0,0.0,38.0,16.0,16.0,8.5,252.0,252.0,2.0,2.0,600.0,4380.0,0.0,0.0,0.0,1.0,19513.0,8.4,0.0,0.0,-24.75,-6.9375,-6.0,27.3125,-24.75,750.0,39.0,390.0,200.0,0.0,0.0,254.0,20.0,0.0,8.0,0.0,1.0,0.0,0.0,8.0,0.0,5.0,1.0,4.0,0.0,38.0,8495.0,86.0,0.0,0.0,0.0,0.0,27.0,0.0,0.0,4.1000000000000005,5000.0,4990.0,4980.0,1.0,1.0,0.0,30.0,5000.0,0.0,255.0,858.0,242.0
1789040379303,2026-09-10T15:39:39.303,839.0,14.200000000000001,86.0,1.96,1.96,1.96,1.96,1.0,1.0,786.0,1.0,0.0,712.0,37.5,55.0,-0.01301983000000001,-0.01301983000000001,17.0,0.999,5.0,25.0,25.0,-3.0,9.0,9.0,9.0,9.0,0.0,0.0,0.0,0.0,38.0,18.0,16.0,7.1000000000000005,273.0,273.0,1.0,1.0,580.0,4400.0,0.0,0.0,0.0,1.0,19513.0,7.4,1.0,0.0,-26.375,-6.0,-5.0625,28.9375,-26.375,750.0,36.0,390.0,200.0,0.0,0.0,254.0,20.0,0.0,8.0,0.0,1.0,0.0,0.0,8.0,0.0,5.0,1.0,4.0,0.0,37.0,8495.0,86.0,0.0,0.0,0.0,0.0,27.0,0.0,0.0,4.1000000000000005,5000.0,4990.0,4970.0,1.0,1.0,0.0,30.0,1536.0,0.0,255.0,858.0,240.0
1789040379755,2026-09-10T15:39:39.755,816.0,13.9,86.0,2.02,2.02,2.02,2.02,1.0,1.0,781.0,1.0,0.0,717.0,39.0,57.5,-0.014576350000000016,-0.014576350000000016,17.0,0.999,5.0,25.0,25.0,-3.0,13.0,13.0,13.0,13.0,0.0,0.0,0.0,0.0,38.0,17.0,17.0,7.2,273.0,273.0,1.0,1.0,580.0,4410.0,0.0,0.0,0.0,1.0,19513.0,7.300000000000001,0.0,0.0,-26.375,-4.8125,-5.6875,28.9375,-26.375,750.0,36.0,390.0,200.0,0.0,0.0,254.0,20.0,0.0,8.0,0.0,1.0,0.0,0.0,8.0,0.0,5.0,1.0,4.0,0.0,37.0,8495.0,86.0,0.0,0.0,0.0,0.0,27.0,0.0,0.0,4.1000000000000005,5000.0,4990.0,4980.0,1.0,1.0,0.0,30.0,1034.0,0.0,255.0,858.0,259.0
1789040380624,2026-09-10T15:39:40.625,759.0,14.200000000000001,86.0,2.02,2.02,2.02,2.02,1.0,1.0,810.0,1.0,0.0,795.0,40.5,54.0,-0.06314892999999999,-0.06314892999999999,17.0,0.999,7.0,23.0,23.0,-6.0,8.0,8.0,8.0,8.0,0.0,0.0,0.0,0.0,38.0,18.0,17.0,7.1000000000000005,273.0,273.0,1.0,1.0,580.0,4410.0,0.0,0.0,0.0,1.0,19513.0,7.0,1.0,0.0,-26.8125,-1.5,-4.625,29.375,-26.8125,750.0,35.0,390.0,200.0,0.0,0.0,254.0,20.0,0.0,8.0,0.0,1.0,0.0,0.0,8.0,0.0,5.0,1.0,4.0,0.0,36.0,8495.0,86.0,0.0,0.0,0.0,0.0,27.0,0.0,0.0,4.1000000000000005,5000.0,4990.0,4970.0,1.0,1.0,0.0,30.0,1536.0,0.0,255.0,858.0,240.0
1789040381045,2026-09-10T15:39:41.046,758.0,14.0,86.0,2.0300000000000002,2.0300000000000002,2.0300000000000002,2.0300000000000002,1.0,1.0,791.0,1.0,0.0,795.0,42.5,55.0,-0.08262069,-0.08262069,17.0,0.999,7.0,23.0,23.0,-6.0,7.0,7.0,7.0,7.0,0.0,0.0,0.0,0.0,38.0,19.0,17.0,7.2,294.0,294.0,1.0,1.0,580.0,4410.0,0.0,0.0,0.0,1.0,19513.0,7.4,1.0,0.0,-26.625,-4.75,-4.0,29.1875,-26.625,750.0,35.0,390.0,200.0,0.0,0.0,254.0,20.0,0.0,8.0,0.0,1.0,0.0,0.0,8.0,0.0,5.0,1.0,4.0,0.0,36.0,8495.0,86.0,0.0,0.0,0.0,0.0,27.0,0.0,0.0,4.1000000000000005,5000.0,4990.0,4980.0,1.0,1.0,0.0,30.0,1034.0,0.0,255.0,858.0,259.0
1789040382154,2026-09-10T15:39:42.155,743.0,14.100000000000001,86.0,1.98,1.98,1.98,1.98,1.0,1.0,595.0,1.0,0.0,747.0,44.0,53.5,-0.12333437,-0.12333437,18.0,0.999,8.0,21.0,21.0,-7.0,4.0,4.0,4.0,4.0,0.0,0.0,0.0,0.0,38.0,18.0,18.0,7.5,294.0,294.0,1.0,1.0,580.0,4400.0,0.0,0.0,0.0,1.0,19513.0,7.300000000000001,0.0,0.0,-26.6875,-2.375,-4.0,29.25,-26.6875,750.0,30.0,390.0,200.0,0.0,0.0,254.0,20.0,0.0,8.0,0.0,1.0,0.0,0.0,8.0,0.0,5.0,1.0,4.0,0.0,37.0,8495.0,86.0,0.0,0.0,0.0,0.0,27.0,0.0,0.0,4.1000000000000005,5000.0,4990.0,4980.0,1.0,1.0,0.0,30.0,1186.0,0.0,255.0,858.0,304.0
1789040382305,2026-09-10T15:39:42.306,752.0,14.200000000000001,86.0,2.12,2.12,2.12,2.12,0.0,1.0,68.0,0.0,0.0,195.0,44.0,53.0,-0.07552479000000001,-0.07552479000000001,18.0,0.999,9.0,21.0,21.0,-8.0,1.0,1.0,1.0,1.0,0.0,0.0,0.0,0.0,38.0,18.0,18.0,7.4,273.0,294.0,1.0,1.0,580.0,4410.0,0.0,0.0,0.0,1.0,19513.0,7.1000000000000005,0.0,0.0,-26.75,-2.5,-2.3125,29.3125,-26.75,750.0,28.0,390.0,200.0,0.0,0.0,254.0,20.0,0.0,8.0,0.0,1.0,0.0,0.0,8.0,0.0,5.0,1.0,4.0,0.0,35.0,8495.0,86.0,0.0,0.0,0.0,0.0,27.0,0.0,0.0,4.1000000000000005,5000.0,4990.0,4980.0,1.0,1.0,0.0,30.0,1034.0,0.0,255.0,858.0,259.0
1789040383445,2026-09-10T15:39:43.445,741.0,14.0,86.0,2.09,2.09,2.09,2.09,1.0,1.0,683.0,1.0,0.0,581.0,47.5,53.5,-0.08320820000000001,-0.08320820000000001,19.0,0.999,10.0,19.0,19.0,-9.0,4.0,4.0,4.0,4.0,0.0,0.0,0.0,0.0,38.0,23.0,20.0,8.0,357.0,315.0,2.0,2.0,600.0,4380.0,0.0,0.0,0.0,1.0,19513.0,8.9,0.0,0.0,-27.625,0.0,2.4375,30.1875,-27.625,750.0,18.0,390.0,200.0,0.0,0.0,254.0,20.0,0.0,8.0,0.0,1.0,1.0,0.0,8.0,0.0,5.0,1.0,4.0,100.0,30.0,8495.0,86.0,0.0,0.0,0.0,0.0,27.0,0.0,0.0,4.1000000000000005,5000.0,4990.0,4980.0,1.0,1.0,0.0,30.0,1186.0,0.0,255.0,858.0,304.0
1789040383866,2026-09-10T15:39:43.866,737.0,14.100000000000001,86.0,2.12,2.12,2.12,2.12,1.0,1.0,756.0,1.0,0.0,654.0,47.5,53.0,-0.08437559,-0.08437559,19.0,0.999,10.0,18.0,18.0,-10.0,10.0,10.0,10.0,10.0,0.0,0.0,0.0,0.0,38.0,23.0,20.0,8.200000000000001,357.0,315.0,2.0,2.0,610.0,4380.0,0.0,0.0,0.0,1.0,19513.0,8.9,0.0,0.0,-27.6875,4.125,0.625,30.25,-27.6875,750.0,17.0,390.0,200.0,0.0,0.0,254.0,20.0,0.0,8.0,0.0,1.0,1.0,0.0,8.0,0.0,5.0,1.0,4.0,100.0,29.0,8495.0,86.0,0.0,0.0,0.0,0.0,27.0,0.0,0.0,4.1000000000000005,5000.0,4990.0,4990.0,1.0,1.0,0.0,30.0,1379.0,0.0,255.0,858.0,309.0
1789040384796,2026-09-10T15:39:44.796,738.0,14.100000000000001,86.0,2.52,2.52,2.52,2.52,0.0,1.0,87.0,0.0,0.0,175.0,50.0,52.5,-0.07435740000000002,-0.07435740000000002,20.0,0.999,12.0,14.0,14.0,-22.0,-3.0,-3.0,-3.0,-3.0,0.0,0.0,0.0,0.0,38.0,23.0,22.0,9.200000000000001,357.0,357.0,2.0,2.0,610.0,4370.0,0.0,0.0,0.0,1.0,19513.0,9.200000000000001,1.0,0.0,-29.375,-2.25,-2.8125,31.9375,-29.375,750.0,7.0,390.0,200.0,0.0,0.0,254.0,20.0,0.0,8.0,0.0,1.0,1.0,0.0,8.0,0.0,5.0,1.0,4.0,100.0,21.0,8495.0,86.0,0.0,0.0,0.0,0.0,27.0,0.0,0.0,4.1000000000000005,5000.0,4990.0,4980.0,1.0,1.0,0.0,30.0,1186.0,0.0,255.0,858.0,304.0
1789040385186,2026-09-10T15:39:45.186,743.0,14.0,86.0,2.56,2.56,2.56,2.56,0.0,1.0,73.0,0.0,0.0,63.0,51.0,52.5,-0.07007697000000002,-0.07007697000000002,20.0,0.999,12.0,14.0,14.0,-22.0,-6.0,-6.0,-6.0,-6.0,0.0,0.0,0.0,0.0,38.0,21.0,22.0,9.1,336.0,336.0,2.0,2.0,600.0,4380.0,0.0,0.0,0.0,1.0,19513.0,8.6,1.0,0.0,-27.9375,1.5,-0.5,30.5,-27.9375,750.0,6.0,390.0,200.0,0.0,0.0,254.0,20.0,0.0,8.0,0.0,1.0,1.0,0.0,8.0,0.0,5.0,1.0,4.0,100.0,25.0,8495.0,86.0,0.0,0.0,0.0,0.0,27.0,0.0,0.0,4.1000000000000005,5000.0,4990.0,4990.0,1.0,1.0,0.0,30.0,1379.0,0.0,255.0,858.0,309.0
1789040386414,2026-09-10T15:39:46.415,741.0,13.4,86.0,2.52,2.52,2.52,2.52,0.0,1.0,63.0,0.0,0.0,58.0,59.0,58.5,-0.06112698,-0.06112698,21.0,0.999,12.0,15.0,15.0,-20.0,1.0,1.0,1.0,1.0,0.0,0.0,0.0,0.0,38.0,25.0,23.0,9.3,399.0,357.0,2.0,2.0,620.0,4370.0,0.0,0.0,0.0,1.0,19513.0,10.0,0.0,0.0,-28.5625,-0.625,0.5625,31.125,-28.5625,750.0,2.0,390.0,200.0,0.0,0.0,254.0,20.0,0.0,8.0,0.0,1.0,1.0,0.0,8.0,0.0,5.0,1.0,4.0,100.0,31.0,8495.0,86.0,0.0,0.0,0.0,0.0,27.0,0.0,0.0,4.1000000000000005,5000.0,4990.0,4980.0,1.0,1.0,0.0,30.0,1006.0,0.0,255.0,858.0,398.0
1789040386561,2026-09-10T15:39:46.562,726.0,14.0,86.0,2.52,2.52,2.52,2.52,0.0,1.0,63.0,0.0,0.0,53.0,57.5,56.0,-0.05723568000000001,-0.05723568000000001,21.0,0.999,13.0,14.0,14.0,-26.0,-3.0,-3.0,-3.0,-3.0,0.0,0.0,0.0,0.0,38.0,22.0,23.0,9.600000000000001,357.0,357.0,2.0,2.0,610.0,4370.0,0.0,0.0,0.0,1.0,19513.0,9.200000000000001,1.0,0.0,-27.9375,0.5,-1.125,30.5,-27.9375,750.0,1.0,390.0,200.0,0.0,0.0,254.0,20.0,0.0,8.0,0.0,0.0,1.0,0.0,8.0,0.0,5.0,1.0,4.0,100.0,29.0,8495.0,86.0,0.0,0.0,0.0,0.0,27.0,0.0,0.0,4.1000000000000005,5000.0,4990.0,4990.0,1.0,1.0,0.0,30.0,1379.0,0.0,255.0,858.0,309.0
1789040387644,2026-09-10T15:39:47.645,749.0,14.200000000000001,86.0,2.5100000000000002,2.5100000000000002,2.5100000000000002,2.5100000000000002,0.0,1.0,58.0,0.0,0.0,53.0,55.5,51.5,-0.04517265000000001,-0.04517265000000001,22.0,0.999,13.0,15.0,15.0,-19.0,-8.0,-8.0,-8.0,-8.0,0.0,0.0,0.0,0.0,38.0,19.0,21.0,8.5,315.0,336.0,2.0,2.0,590.0,4390.0,0.0,0.0,0.0,1.0,19513.0,7.800000000000001,0.0,0.0,-25.5625,-1.5625,-1.5,28.125,-25.5625,750.0,0.0,390.0,200.0,0.0,0.0,254.0,20.0,0.0,8.0,0.0,0.0,1.0,0.0,8.0,0.0,5.0,1.0,4.0,100.0,31.0,8495.0,86.0,0.0,0.0,0.0,0.0,27.0,0.0,0.0,4.1000000000000005,5000.0,4990.0,4980.0,1.0,1.0,0.0,30.0,1006.0,0.0,255.0,858.0,398.0
1789040388063,2026-09-10T15:39:48.064,756.0,14.200000000000001,86.0,2.46,2.46,2.46,2.46,0.0,1.0,58.0,0.0,0.0,53.0,56.0,52.0,-0.04400526000000002,-0.04400526000000002,22.0,0.999,12.0,15.0,15.0,-18.0,-7.0,-7.0,-7.0,-7.0,0.0,0.0,0.0,0.0,38.0,19.0,21.0,8.5,294.0,336.0,2.0,2.0,590.0,4390.0,0.0,0.0,0.0,1.0,19513.0,7.800000000000001,0.0,0.0,-25.375,-0.375,-1.5,27.9375,-25.375,750.0,0.0,390.0,200.0,0.0,0.0,254.0,20.0,0.0,8.0,0.0,0.0,1.0,0.0,8.0,0.0,5.0,1.0,4.0,100.0,32.0,8495.0,86.0,0.0,0.0,0.0,0.0,27.0,0.0,0.0,4.1000000000000005,5000.0,4990.0,4990.0,1.0,1.0,0.0,30.0,1027.0,0.0,255.0,858.0,362.0
1789040388963,2026-09-10T15:39:48.964,741.0,14.200000000000001,86.0,2.3000000000000003,2.3000000000000003,2.3000000000000003,2.3000000000000003,0.0,1.0,63.0,0.0,0.0,53.0,57.5,51.0,-0.033109620000000006,-0.033109620000000006,23.0,0.999,13.0,16.0,16.0,-15.0,-3.0,-3.0,-3.0,-3.0,0.0,0.0,0.0,0.0,38.0,22.0,21.0,8.700000000000001,336.0,336.0,2.0,2.0,600.0,4380.0,0.0,0.0,0.0,1.0,19513.0,8.700000000000001,1.0,0.0,-25.3125,-0.125,-0.125,27.875,-25.3125,750.0,0.0,390.0,200.0,0.0,0.0,254.0,20.0,0.0,8.0,0.0,1.0,1.0,0.0,8.0,0.0,5.0,1.0,4.0,100.0,33.0,8495.0,86.0,0.0,0.0,0.0,0.0,27.0,0.0,0.0,4.1000000000000005,5000.0,4990.0,4980.0,1.0,1.0,0.0,30.0,1006.0,0.0,255.0,858.0,398.0
1789040389384,2026-09-10T15:39:49.385,741.0,14.200000000000001,86.0,2.36,2.36,2.36,2.36,0.0,1.0,68.0,0.0,0.0,58.0,60.0,52.5,-0.02921832000000002,-0.02921832000000002,24.0,0.999,14.0,15.0,15.0,-19.0,-5.0,-5.0,-5.0,-5.0,0.0,0.0,0.0,0.0,38.0,22.0,22.0,9.0,357.0,357.0,2.0,2.0,600.0,4390.0,0.0,0.0,0.0,1.0,19513.0,8.8,0.0,0.0,-25.375,0.9375,0.0,27.9375,-25.375,750.0,0.0,390.0,200.0,0.0,0.0,254.0,20.0,0.0,8.0,0.0,1.0,1.0,0.0,8.0,0.0,5.0,1.0,4.0,100.0,33.0,8495.0,86.0,0.0,0.0,0.0,0.0,27.0,0.0,0.0,4.1000000000000005,5000.0,4990.0,4990.0,1.0,1.0,0.0,30.0,1027.0,0.0,255.0,858.0,362.0
1789040397692,2026-09-10T15:39:57.692,744.0,14.200000000000001,86.0,2.54,2.54,2.54,2.54,0.0,1.0,68.0,0.0,0.0,58.0,60.5,51.5,0.0087333,0.0087333,24.0,0.999,16.0,15.0,15.0,-20.0,-6.0,-6.0,-6.0,-6.0,0.0,0.0,0.0,0.0,38.0,21.0,22.0,9.0,336.0,336.0,2.0,2.0,600.0,4380.0,0.0,0.0,0.0,1.0,19513.0,8.700000000000001,0.0,0.0,-25.5,-0.875,-0.6875,28.0625,-25.5,,,,,,,,,,,,,,,,,,,,,,,,,,0.0,0.0,27.0,0.0,0.0,4.1000000000000005,5000.0,4990.0,4980.0,1.0,1.0,0.0,30.0,1006.0,0.0,255.0,858.0,398.0
1789040397901,2026-09-10T15:39:57.902,755.0,14.200000000000001,86.0,2.56,2.56,2.56,2.56,0.0,1.0,73.0,0.0,0.0,63.0,60.5,51.5,0.026434899999999983,0.026434899999999983,25.0,0.999,16.0,15.0,15.0,-20.0,-6.0,-6.0,-6.0,-6.0,0.0,0.0,0.0,0.0,38.0,21.0,22.0,8.9,336.0,336.0,2.0,2.0,600.0,4370.0,0.0,0.0,0.0,1.0,19513.0,8.6,1.0,0.0,-25.375,0.9375,0.0,27.9375,-25.375,750.0,0.0,390.0,200.0,0.0,0.0,254.0,20.0,0.0,8.0,0.0,1.0,1.0,0.0,8.0,0.0,5.0,1.0,4.0,100.0,33.0,8495.0,86.0,0.0,0.0,0.0,0.0,27.0,0.0,0.0,4.1000000000000005,5000.0,4990.0,4990.0,1.0,1.0,0.0,30.0,1027.0,0.0,255.0,858.0,362.0
1789040399551,2026-09-10T15:39:59.552,744.0,14.200000000000001,86.0,2.54,2.54,2.54,2.54,0.0,1.0,68.0,0.0,0.0,58.0,60.5,51.5,0.0087333,0.0087333,24.0,0.999,16.0,15.0,15.0,-20.0,-6.0,-6.0,-6.0,-6.0,0.0,0.0,0.0,0.0,38.0,21.0,22.0,9.0,336.0,336.0,2.0,2.0,600.0,4380.0,0.0,0.0,0.0,1.0,19513.0,8.700000000000001,0.0,0.0,-25.5,-0.875,-0.6875,28.0625,-25.5,,,,,,,,,,,,,,,,,,,,,,,,,,0.0,0.0,27.0,0.0,0.0,4.1000000000000005,5000.0,4990.0,4980.0,1.0,1.0,0.0,30.0,1006.0,0.0,255.0,858.0,398.0
1789040400123,2026-09-10T15:40:00.123,755.0,14.200000000000001,86.0,2.56,2.56,2.56,2.56,0.0,1.0,73.0,0.0,0.0,63.0,60.5,51.5,0.026434899999999983,0.026434899999999983,25.0,0.999,16.0,15.0,15.0,-20.0,-6.0,-6.0,-6.0,-6.0,0.0,0.0,0.0,0.0,38.0,21.0,22.0,8.9,336.0,336.0,2.0,2.0,600.0,4370.0,0.0,0.0,0.0,1.0,19513.0,8.6,1.0,0.0,-25.375,0.9375,0.0,27.9375,-25.375,750.0,0.0,390.0,200.0,0.0,0.0,254.0,20.0,0.0,8.0,0.0,1.0,1.0,0.0,8.0,0.0,5.0,1.0,4.0,100.0,33.0,8495.0,86.0,0.0,0.0,0.0,0.0,27.0,0.0,0.0,4.1000000000000005,5000.0,4990.0,4990.0,1.0,1.0,0.0,30.0,1027.0,0.0,255.0,858.0,362.0
1789040401411,2026-09-10T15:40:01.411,744.0,14.200000000000001,86.0,2.54,2.54,2.54,2.54,0.0,1.0,68.0,0.0,0.0,58.0,60.5,51.5,0.0087333,0.0087333,24.0,0.999,16.0,15.0,15.0,-20.0,-6.0,-6.0,-6.0,-6.0,0.0,0.0,0.0,0.0,38.0,21.0,22.0,9.0,336.0,336.0,2.0,2.0,600.0,4380.0,0.0,0.0,0.0,1.0,19513.0,8.700000000000001,0.0,0.0,-25.5,-0.875,-0.6875,28.0625,-25.5,,,,,,,,,,,,,,,,,,,,,,,,,,0.0,0.0,27.0,0.0,0.0,4.1000000000000005,5000.0,4990.0,4980.0,1.0,1.0,0.0,30.0,1006.0,0.0,255.0,858.0,398.0
1789040401625,2026-09-10T15:40:01.625,,,,,,,,,,,,,,,,,,,,,15.0,15.0,-20.0,-6.0,-6.0,-6.0,-6.0,0.0,0.0,0.0,0.0,38.0,21.0,22.0,9.0,336.0,336.0,2.0,2.0,600.0,4380.0,0.0,0.0,0.0,1.0,19513.0,8.700000000000001,0.0,0.0,-25.5,-0.875,-0.6875,28.0625,-25.5,,,,,,,,,,,,,,,,,,,,,,,,,,0.0,0.0,27.0,0.0,0.0,4.1000000000000005,5000.0,4990.0,4980.0,1.0,1.0,0.0,30.0,1006.0,0.0,255.0,858.0,398.0
