time_ms,iso,mode,command,reply_chars,notifications,link_bytes,largest,ms,ok,note,reply
1789040159477,2026-09-10T15:35:59.477,v4621,ATZ,15,1,16,16,967,1,,E32715
1789040159535,2026-09-10T15:35:59.536,v4621,ATD,9,1,10,10,57,1,,AD
1789040159597,2026-09-10T15:35:59.597,v4621,ATE0,9,1,10,10,61,1,,AE0
1789040159657,2026-09-10T15:35:59.657,v4621,ATL0,4,1,5,5,59,1,,
1789040159715,2026-09-10T15:35:59.715,v4621,ATH0,4,1,5,5,57,1,,
1789040159776,2026-09-10T15:35:59.776,v4621,ATS0,4,1,5,5,60,1,,
1789040159835,2026-09-10T15:35:59.835,v4621,ATAL,4,1,5,5,58,1,,
1789040159894,2026-09-10T15:35:59.894,v4621,ATAT2,4,1,5,5,58,1,,
1789040159954,2026-09-10T15:35:59.955,v4621,ATST19,4,1,5,5,60,1,,
1789040160016,2026-09-10T15:36:00.017,v4621,ATSP6,4,1,5,5,61,1,,
1789040160226,2026-09-10T15:36:00.227,v4621,ATFCSH6A8,4,1,5,5,60,1,,
1789040160285,2026-09-10T15:36:00.285,v4621,ATFCSD300000,4,1,5,5,58,1,,
1789040160346,2026-09-10T15:36:00.346,v4621,ATFCSM1,4,1,5,5,60,1,,
1789040160527,2026-09-10T15:36:00.527,v4621,81,8,2,9,7,180,1,,C1D08F
1789040160707,2026-09-10T15:36:00.707,v4621,21B08001,14,2,15,13,179,1,,61FF00040001
1789040160918,2026-09-10T15:36:00.919,v4621,21B08001,14,2,15,13,182,1,,61FF00040001
1789040161038,2026-09-10T15:36:01.038,v4621,21C08001,182,10,183,20,118,1,,61FF02F18D7E00F900F900F900F9FFFFFFFFFFFFFFFF00FF01FF006BFFFF00FF
1789040161127,2026-09-10T15:36:01.128,v4621,21C18001,84,5,85,20,88,1,,61FF02F18D7E73735460606060FFFF64646464FFFF73FFFFFFFFFFFFFFFFFFFF
1789040161278,2026-09-10T15:36:01.278,v4621,21C28001,182,10,183,20,149,1,,61FF02ED8E5A1315FFFFFF00540F100202003C01B764FF64FF0001FFFFFF4C39
1789040161366,2026-09-10T15:36:01.367,v4621,21C48001,65,4,66,20,87,1,,61FF02F38D7B427CCD7CD47ECF7B42FFFFFFFFFFFFFFFFFF
1789040161488,2026-09-10T15:36:01.488,v4621,21CA8001,112,6,113,20,120,1,,61FF02EB02EE8E7E0D0027001400000000FE140008FF00000000FF0800044105
1789040161606,2026-09-10T15:36:01.607,v4621,21CB8001,150,9,151,20,117,1,,61FF02EB8E5A7EFFFFFF0000180000000102FFFFFF002901F401F301F2FFFFFF
1789040161697,2026-09-10T15:36:01.698,v4621,21CF00,42,3,43,20,90,1,,61CF0000000013021400002F0332
1789040161816,2026-09-10T15:36:01.816,v4621,21C08001,182,10,183,20,100,1,,61FF02EB8E7E00F800F800F800F8FFFFFFFFFFFFFFFF00FF01FF0088FFFF00FF
1789040161907,2026-09-10T15:36:01.907,v4621,21C18001,84,5,85,20,87,1,,61FF02E78E7E74745664646464FFFF64646464FFFF74FFFFFFFFFFFFFFFFFFFF
1789040162057,2026-09-10T15:36:02.057,v4621,21C28001,182,10,183,20,147,1,,61FF02F18A5A1414FFFFFF00520F100202003B01B864FF64FF0001FFFFFF4C39
1789040162146,2026-09-10T15:36:02.147,v4621,21C48001,65,4,66,20,86,1,,61FF02E88C7B3F7CEB7CEF7ED27B3FFFFFFFFFFFFFFFFFFF
1789040162269,2026-09-10T15:36:02.269,v4621,21CA8001,112,6,113,20,120,1,,61FF02E102EE8E7E0D0027001400000000FE140008FF00010000FF0800044105
1789040162389,2026-09-10T15:36:02.389,v4621,21CB8001,150,8,151,20,117,1,,61FF02EA8E5A7EFFFFFF0000180000000102FFFFFF002901F401F301F2FFFFFF
1789040162538,2026-09-10T15:36:02.538,v4621,21C08001,182,10,183,20,119,1,,61FF02E98F7E00F900F900F900F9FFFFFFFFFFFFFFFF01FF01FF02D2FFFF01FF
1789040162625,2026-09-10T15:36:02.626,v4621,21C18001,84,5,85,20,86,1,,61FF02ED8E7E74745362626262FFFF64646464FFFF74FFFFFFFFFFFFFFFFFFFF
1789040162777,2026-09-10T15:36:02.778,v4621,21C28001,182,10,183,20,149,1,,61FF02F28E5A1415FFFFFF005510100202003C01B764FF64FF0001FFFFFF4C39
1789040162897,2026-09-10T15:36:02.897,v4621,21CA8001,112,6,113,20,117,1,,61FF02EE02EE8E7E0D0027001400000000FE140008FF00010000FF0800044105
1789040163079,2026-09-10T15:36:03.079,v4621,21C08001,182,10,183,20,156,1,,61FF02F48C7E00F900F900F900F9FFFFFFFFFFFFFFFF00FF01FF00CDFFFF01FF
1789040163166,2026-09-10T15:36:03.167,v4621,21C18001,84,6,85,20,84,1,,61FF02F28D7E74745562626262FFFF64646464FFFF74FFFFFFFFFFFFFFFFFFFF
1789040163318,2026-09-10T15:36:03.318,v4621,21C28001,182,10,183,20,149,1,,61FF02E88E5A1415FFFFFF005410100202003C01B664FF64FF0001FFFFFF4C39
1789040163407,2026-09-10T15:36:03.408,v4621,21C48001,65,4,66,20,86,1,,61FF02E48E7B3A7D047CF07ED77B3AFFFFFFFFFFFFFFFFFF
1789040163528,2026-09-10T15:36:03.528,v4621,21CA8001,112,6,113,20,118,1,,61FF02E802EE8E7E0D0027001400000000FE140008FF00010000FF0800044105
1789040163678,2026-09-10T15:36:03.678,v4621,21C08001,182,10,183,20,124,1,,61FF02F58D7E00F900F900F900F9FFFFFFFFFFFFFFFF00FF01FF0061FFFF00FF
1789040163767,2026-09-10T15:36:03.768,v4621,21C18001,84,5,85,20,86,1,,61FF02EF8C7E74745562626262FFFF64646464FFFF74FFFFFFFFFFFFFFFFFFFF
1789040163919,2026-09-10T15:36:03.919,v4621,21C28001,182,10,183,20,149,1,,61FF02EE8E5A1414FFFFFF005410100202003C01B764FF64FF0001FFFFFF4C39
1789040164006,2026-09-10T15:36:04.007,v4621,21CA8001,112,6,113,20,85,1,,61FF02F002EE8E7E0D0027001400000000FE140008FF00010000FF0800044105
1789040164143,2026-09-10T15:36:04.143,v4621,21CB8001,150,8,151,20,134,1,,61FF02F18E5A7EFFFFFF0000180000000103FFFFFF002901F401F301F3FFFFFF
1789040164293,2026-09-10T15:36:04.294,v4621,21C08001,182,10,183,20,125,1,,61FF02F18E7E00F400F400F400F4FFFFFFFFFFFFFFFF01FF01FF0214FFFF00FF
1789040164383,2026-09-10T15:36:04.384,v4621,21C18001,84,5,85,20,86,1,,61FF02EB8E7E74745563636363FFFF64646464FFFF74FFFFFFFFFFFFFFFFFFFF
1789040164533,2026-09-10T15:36:04.533,v4621,21C28001,182,10,183,20,147,1,,61FF02F08E5A1415FFFFFF005410100202003C01B764FF64FF0001FFFFFF4C39
1789040164621,2026-09-10T15:36:04.622,v4621,21C48001,65,4,66,20,86,1,,61FF02EB8E7B3B7CF37CDB7ED67B3BFFFFFFFFFFFFFFFFFF
1789040164771,2026-09-10T15:36:04.772,v4621,21CA8001,112,7,113,20,147,1,,61FF02F002EE8D7E0D0027001400000000FE140008FF00010000FF0800044105
1789040164955,2026-09-10T15:36:04.955,v4621,21C08001,182,10,183,20,155,1,,61FF02ED8E7E00F900F900F900F9FFFFFFFFFFFFFFFF00FF01FF007EFFFF00FF
1789040165044,2026-09-10T15:36:05.044,v4621,21C18001,84,5,85,20,85,1,,61FF02EF8A7E74745561616161FFFF64646464FFFF74FFFFFFFFFFFFFFFFFFFF
1789040165191,2026-09-10T15:36:05.192,v4621,21C28001,182,10,183,20,145,1,,61FF02E88B5A1515FFFFFF005310100202003C01B764FF64FF0001FFFFFF4C39
1789040165309,2026-09-10T15:36:05.310,v4621,21CA8001,112,6,113,20,115,1,,61FF02EA02EE8E7E0D0027001400000000FE140008FF00010000FF0800044105
1789040165494,2026-09-10T15:36:05.494,v4621,21C08001,182,10,183,20,158,1,,61FF02F08E7E00F800F800F800F8FFFFFFFFFFFFFFFF01FF01FF0289FFFF00FF
1789040165583,2026-09-10T15:36:05.584,v4621,21C18001,84,5,85,20,86,1,,61FF02EF8E7E73735462626262FFFF64646464FFFF73FFFFFFFFFFFFFFFFFFFF
1789040165731,2026-09-10T15:36:05.732,v4621,21C28001,182,10,183,20,146,1,,61FF02F18E5A1415FFFFFF005510100202003C01B764FF64FF0001FFFFFF4C39
1789040165822,2026-09-10T15:36:05.822,v4621,21C48001,65,4,66,20,87,1,,61FF02F48E7B317CD97CD87EE07B31FFFFFFFFFFFFFFFFFF
1789040165941,2026-09-10T15:36:05.941,v4621,21CA8001,112,6,113,20,117,1,,61FF02EE02EE8E7E0D0027001400000000FE140008FF00010000FF0800044105
1789040166061,2026-09-10T15:36:06.062,v4621,21CB8001,150,8,151,20,117,1,,61FF02F08D5A7EFFFFFF0000180000000108FFFFFF002901F401F301F2FFFFFF
1789040166212,2026-09-10T15:36:06.212,v4621,21C08001,182,10,183,20,124,1,,61FF02ED8E7E00F900F900F900F9FFFFFFFFFFFFFFFF01FF01FF029CFFFF01FF
1789040166303,2026-09-10T15:36:06.303,v4621,21C18001,84,5,85,20,88,1,,61FF02ED8E7E74745363636363FFFF64646464FFFF74FFFFFFFFFFFFFFFFFFFF
1789040166453,2026-09-10T15:36:06.454,v4621,21C28001,182,10,183,20,148,1,,61FF02ED8E5A1415FFFFFF005510100202003C01B764FF64FF0001FFFFFF4C39
1789040166572,2026-09-10T15:36:06.572,v4621,21CA8001,112,6,113,20,115,1,,61FF02EB02EE8E7E0E0027001400000000FE140008FF00010000FF0800044105
1789040166752,2026-09-10T15:36:06.752,v4621,21C08001,182,10,183,20,152,1,,61FF02F68E7E00FD00FD00FD00FDFFFFFFFFFFFFFFFF00FF01FF013DFFFF00FF
1789040166843,2026-09-10T15:36:06.843,v4621,21C18001,84,5,85,20,88,1,,61FF02EA8E7E74745462626262FFFF64646464FFFF74FFFFFFFFFFFFFFFFFFFF
1789040167021,2026-09-10T15:36:07.022,v4621,21C28001,182,10,183,20,175,1,,61FF02ED8E5A1415FFFFFF005410100202003C01B664FF64FF0001FFFFFF4C39
1789040167142,2026-09-10T15:36:07.142,v4621,21C48001,65,4,66,20,118,1,,61FF02F08E7B3B7CD77CE67ED67B3BFFFFFFFFFFFFFFFFFF
1789040167262,2026-09-10T15:36:07.262,v4621,21CA8001,112,6,113,20,117,1,,61FF02EF02EE8E7E0E0027001400000000FE140008FF00010000FF0800044105
1789040167411,2026-09-10T15:36:07.412,v4621,21C08001,182,10,183,20,120,1,,61FF02F08E7E00FC00FC00FC00FCFFFFFFFFFFFFFFFF01FF01FF02B0FFFF01FF
1789040167503,2026-09-10T15:36:07.503,v4621,21C18001,84,5,85,20,88,1,,61FF02F18F7E73735461616161FFFF64646464FFFF73FFFFFFFFFFFFFFFFFFFF
1789040167651,2026-09-10T15:36:07.652,v4621,21C28001,182,10,183,20,146,1,,61FF02EF8E5A1315FFFFFF00540F100202003B01B864FF64FF0001FFFFFF4C39
1789040167772,2026-09-10T15:36:07.772,v4621,21CA8001,112,6,113,20,117,1,,61FF02E602EE8E7E0E0027001400000000FE140008FF00010000FF0800044105
1789040167893,2026-09-10T15:36:07.893,v4621,21CB8001,150,8,151,20,118,1,,61FF02F18E5A7EFFFFFF0000180000000100FFFFFF002901F401F301F2FFFFFF
1789040168073,2026-09-10T15:36:08.074,v4621,21C08001,182,10,183,20,153,1,,61FF03018E7E00F000F000F000F0FFFFFFFFFFFFFFFF01FF01FF0267FFFF01FF
1789040168165,2026-09-10T15:36:08.166,v4621,21C18001,84,5,85,20,89,1,,61FF02F88E7E74745762626262FFFF64646464FFFF74FFFFFFFFFFFFFFFFFFFF
1789040168313,2026-09-10T15:36:08.313,v4621,21C28001,182,10,183,20,145,1,,61FF02EA8C5A1214FFFFFF00510F0F0102003B01B864FF64FF0001FFFFFF4C39
1789040168404,2026-09-10T15:36:08.404,v4621,21C48001,65,4,66,20,88,1,,61FF02E68E7B387CE67CE37ED97B38FFFFFFFFFFFFFFFFFF
1789040168521,2026-09-10T15:36:08.522,v4621,21CA8001,112,6,113,20,115,1,,61FF02E102EE8E7E0E0027001400000000FE140008FF00010000FF0800044105
1789040168674,2026-09-10T15:36:08.674,v4621,21C08001,182,10,183,20,128,1,,61FF02EC8E7E00F300F300F300F3FFFFFFFFFFFFFFFF00FF01FF0164FFFF01FF
1789040168762,2026-09-10T15:36:08.763,v4621,21C18001,84,5,85,20,85,1,,61FF02F68E7E74745864646464FFFF64646464FFFF74FFFFFFFFFFFFFFFFFFFF
1789040168912,2026-09-10T15:36:08.912,v4621,21C28001,182,10,183,20,147,1,,61FF02F68E5A1314FFFFFF00520F0F0202003B01B764FF64FF0001FFFFFF4C39
1789040169031,2026-09-10T15:36:09.032,v4621,21CA8001,112,6,113,20,116,1,,61FF02F402EE8D7E0E0027001400000000FE140008FF00010000FF0800044105
1789040169213,2026-09-10T15:36:09.214,v4621,21C08001,182,10,183,20,157,1,,61FF02F08E7E00F200F200F200F2FFFFFFFFFFFFFFFF01FF01FF01F2FFFF00FF
1789040169305,2026-09-10T15:36:09.305,v4621,21C18001,84,5,85,20,88,1,,61FF02ED8E7E74745764646464FFFF64646464FFFF74FFFFFFFFFFFFFFFFFFFF
1789040169513,2026-09-10T15:36:09.513,v4621,21C28001,182,10,183,20,205,1,,61FF02EA8E5A1314FFFFFF00500F0F0202003B01B764FF64FF0001FFFFFF4C39
1789040169604,2026-09-10T15:36:09.604,v4621,21C48001,65,4,66,20,88,1,,61FF02F88D7B397CDD7CDB7ED87B39FFFFFFFFFFFFFFFFFF
1789040169754,2026-09-10T15:36:09.755,v4621,21CA8001,112,7,113,20,148,1,,61FF02F502EE8D7E0E0027001400000000FE140008FF00010000FF0800044105
1789040169902,2026-09-10T15:36:09.902,v4621,21CB8001,150,8,151,20,146,1,,61FF02F28E5A7EFFFFFF0000180000000102FFFFFF002901F401F301F2FFFFFF
1789040170050,2026-09-10T15:36:10.051,v4621,21C08001,182,10,183,20,121,1,,61FF02F18E7E00F000F000F000F0FFFFFFFFFFFFFFFF01FF01FF02E6FFFF01FF
1789040170142,2026-09-10T15:36:10.143,v4621,21C18001,84,5,85,20,88,1,,61FF02EF8E7E74745866666666FFFF64646464FFFF74FFFFFFFFFFFFFFFFFFFF
1789040170292,2026-09-10T15:36:10.292,v4621,21C28001,182,10,183,20,147,1,,61FF02EE8E5A1314FFFFFF00500F0F0202003B01B764FF64FF0001FFFFFF4C39
1789040170411,2026-09-10T15:36:10.411,v4621,21CA8001,112,6,113,20,116,1,,61FF02EB02EE8E7E0C0027001400000000FE140008FF00010000FF0800044105
1789040170592,2026-09-10T15:36:10.592,v4621,21C08001,182,10,183,20,154,1,,61FF02F88E7E00EF00EF00EF00EFFFFFFFFFFFFFFFFF01FF01FF02DCFFFF01FF
1789040170682,2026-09-10T15:36:10.683,v4621,21C18001,84,5,85,20,87,1,,61FF02F68E7E74745865656565FFFF64646464FFFF74FFFFFFFFFFFFFFFFFFFF
1789040170833,2026-09-10T15:36:10.834,v4621,21C28001,182,10,183,20,148,1,,61FF02F98D5A1214FFFFFF00520F0F0202003B01B864FF64FF0001FFFFFF4C39
1789040170922,2026-09-10T15:36:10.923,v4621,21C48001,65,4,66,20,85,1,,61FF02F28E7B2E7CE07CCF7EE47B2EFFFFFFFFFFFFFFFFFF
1789040171041,2026-09-10T15:36:11.042,v4621,21CA8001,112,6,113,20,117,1,,61FF02F202EE8D7E0C0027001400000000FE140008FF00010000FF0800044105
1789040171193,2026-09-10T15:36:11.194,v4621,21C08001,182,10,183,20,125,1,,61FF02F68E7E00EF00EF00EF00EFFFFFFFFFFFFFFFFF01FF01FF02CDFFFF01FF
1789040171282,2026-09-10T15:36:11.282,v4621,21C18001,84,5,85,20,85,1,,61FF02F78E7E74745863636363FFFF64646464FFFF74FFFFFFFFFFFFFFFFFFFF
1789040171434,2026-09-10T15:36:11.434,v4621,21C28001,182,10,183,20,149,1,,61FF02FB8D5A1414FFFFFF00520F0F0202003B01B764FF64FF0001FFFFFF4C39
1789040171552,2026-09-10T15:36:11.552,v4621,21CA8001,112,6,113,20,116,1,,61FF02F102EE8E7E0B0027001400000000FE140008FF00010000FF0800044105
1789040171671,2026-09-10T15:36:11.671,v4621,21CB8001,150,8,151,20,116,1,,61FF02EA8E5A7EFFFFFF0000180000000104FFFFFF002901F401F301F2FFFFFF
1789040171852,2026-09-10T15:36:11.853,v4621,21C08001,182,10,183,20,155,1,,61FF02F08E7E00EF00EF00EF00EFFFFFFFFFFFFFFFFF01FF01FF02B5FFFF01FF
1789040171940,2026-09-10T15:36:11.941,v4621,21C18001,84,5,85,20,85,1,,61FF02EE8E7E74745763636363FFFF64646464FFFF74FFFFFFFFFFFFFFFFFFFF
1789040172093,2026-09-10T15:36:12.094,v4621,21C28001,182,10,183,20,150,1,,61FF02EC8E5A1414FFFFFF00510F0F0202003B01B764FF64FF0001FFFFFF4C39
1789040172182,2026-09-10T15:36:12.182,v4621,21C48001,65,4,66,20,86,1,,61FF02E88E7B397CEA7CEF7ED97B39FFFFFFFFFFFFFFFFFF
1789040172301,2026-09-10T15:36:12.302,v4621,21CA8001,112,6,113,20,117,1,,61FF02E702EE8D7E0A0027001400000000FE140008FF00010000FF0800044105
1789040172483,2026-09-10T15:36:12.484,v4621,21C08001,182,10,183,20,158,1,,61FF02E88E7E00FB00FB00FB00FBFFFFFFFFFFFFFFFF00FF01FF0061FFFF00FF
1789040172601,2026-09-10T15:36:12.602,v4621,21C18001,84,5,85,20,115,1,,61FF02F08D7E74745562626262FFFF64646464FFFF74FFFFFFFFFFFFFFFFFFFF
1789040172752,2026-09-10T15:36:12.753,v4621,21C28001,182,10,183,20,148,1,,61FF02EF8E5A1415FFFFFF005510100202003C01B664FF64FF0001FFFFFF4C39
1789040172874,2026-09-10T15:36:12.874,v4621,21CA8001,112,6,113,20,118,1,,61FF02F202EE8E7E0A0027001400000000FE140008FF00010000FF0800044105
1789040173052,2026-09-10T15:36:13.053,v4621,21C08001,182,10,183,20,151,1,,61FF02F08E7E0100010001000100FFFFFFFFFFFFFFFF01FF01FF02D7FFFF00FF
1789040173142,2026-09-10T15:36:13.142,v4621,21C18001,84,5,85,20,86,1,,61FF02E78E7E74745465656565FFFF64646464FFFF74FFFFFFFFFFFFFFFFFFFF
1789040173293,2026-09-10T15:36:13.293,v4621,21C28001,182,10,183,20,149,1,,61FF02F78E5A1415FFFFFF005610100202003C01B664FF64FF0001FFFFFF4C39
1789040173383,2026-09-10T15:36:13.384,v4621,21C48001,65,4,66,20,87,1,,61FF02E88D7B377D027CD77EDB7B37FFFFFFFFFFFFFFFFFF
1789040173501,2026-09-10T15:36:13.502,v4621,21CA8001,112,6,113,20,116,1,,61FF02EE02EE8E7F0A0027001400000000FE140008FF00010000FF0800044105
1789040173621,2026-09-10T15:36:13.621,v4621,21CB8001,150,8,151,20,116,1,,61FF02F18E5A7EFFFFFF0000180000000103FFFFFF002901F401F301F2FFFFFF
1789040173771,2026-09-10T15:36:13.771,v4621,21C08001,182,10,183,20,121,1,,61FF02EE8E7E00FE00FE00FE00FEFFFFFFFFFFFFFFFF01FF01FF0303FFFF01FF
1789040173864,2026-09-10T15:36:13.864,v4621,21C18001,84,5,85,20,90,1,,61FF02F68E7E7373545F5F5F5FFFFF64646464FFFF73FFFFFFFFFFFFFFFFFFFF
1789040174012,2026-09-10T15:36:14.012,v4621,21C28001,182,10,183,20,145,1,,61FF02F68E5A1415FFFFFF005610100202003C01B764FF64FF0001FFFFFF4C39
1789040174131,2026-09-10T15:36:14.132,v4621,21CA8001,112,6,113,20,117,1,,61FF02EC02EE8E7F0B0027001400000000FE140008FF00000000FF0800044105
1789040174313,2026-09-10T15:36:14.313,v4621,21C08001,182,10,183,20,154,1,,61FF02F38E7F00FB00FB00FB00FBFFFFFFFFFFFFFFFF01FF01FF02EFFFFF01FF
1789040174404,2026-09-10T15:36:14.405,v4621,21C18001,84,5,85,20,89,1,,61FF02F38E7F7474545F5F5F5FFFFF64646464FFFF74FFFFFFFFFFFFFFFFFFFF
1789040174550,2026-09-10T15:36:14.551,v4621,21C28001,182,10,183,20,144,1,,61FF02EC8D5A1414FFFFFF005410100202003B01B764FF64FF0001FFFFFF4C39
1789040174643,2026-09-10T15:36:14.644,v4621,21C48001,65,5,66,20,91,1,,61FF02EC8C7B427CEB7CD77ED07B42FFFFFFFFFFFFFFFFFF
1789040174762,2026-09-10T15:36:14.762,v4621,21CA8001,112,6,113,20,116,1,,61FF02E902EE8E7F0B0027001400000000FE140008FF00010000FF0800044105
1789040174911,2026-09-10T15:36:14.912,v4621,21C08001,182,10,183,20,122,1,,61FF02E88D7F0102010201020102FFFFFFFFFFFFFFFF01FF01FF02E6FFFF01FF
1789040175005,2026-09-10T15:36:15.005,v4621,21C18001,84,5,85,20,90,1,,61FF02E88E7F74745361616161FFFF64646464FFFF74FFFFFFFFFFFFFFFFFFFF
1789040175151,2026-09-10T15:36:15.151,v4621,21C28001,182,10,183,20,144,1,,61FF02F08E5A1415FFFFFF005610100202003C01B764FF64FF0001FFFFFF4C39
1789040175271,2026-09-10T15:36:15.271,v4621,21CA8001,112,6,113,20,117,1,,61FF02EA02EE8E7F0A0027001400000000FE140008FF00010000FF0800044105
1789040175423,2026-09-10T15:36:15.424,v4621,21CB8001,150,9,151,20,149,1,,61FF02ED8E5A7FFFFFFF0000180000000102FFFFFF002901F401F301F2FFFFFF
1789040175573,2026-09-10T15:36:15.574,v4621,21C08001,182,10,183,20,122,1,,61FF02EA8E7F00FE00FE00FE00FEFFFFFFFFFFFFFFFF01FF01FF02C4FFFF01FF
1789040175664,2026-09-10T15:36:15.664,v4621,21C18001,84,5,85,20,87,1,,61FF02EA8E7F73735262626262FFFF64646464FFFF73FFFFFFFFFFFFFFFFFFFF
1789040175811,2026-09-10T15:36:15.811,v4621,21C28001,182,10,183,20,145,1,,61FF02E58E5A1515FFFFFF005711100202003D01B664FF64FF0001FFFFFF4C39
1789040175903,2026-09-10T15:36:15.904,v4621,21C48001,65,4,66,20,89,1,,61FF02E68E7B3B7D017CF97ED77B3BFFFFFFFFFFFFFFFFFF
1789040176023,2026-09-10T15:36:16.024,v4621,21CA8001,112,6,113,20,118,1,,61FF02EE02EE8E7F080027001400000000FE140008FF00010000FF0800044105
1789040176173,2026-09-10T15:36:16.173,v4621,21C08001,182,10,183,20,122,1,,61FF02EB8D7F010C010C010C010CFFFFFFFFFFFFFFFF00FF01FF00EAFFFF01FF
1789040176261,2026-09-10T15:36:16.262,v4621,21C18001,84,5,85,20,85,1,,61FF02EB8C7F73735062626262FFFF64646464FFFF73FFFFFFFFFFFFFFFFFFFF
1789040176413,2026-09-10T15:36:16.413,v4621,21C28001,182,10,183,20,149,1,,61FF02E58F5A1516FFFFFF005711110202003C01B764FF64FF0001FFFFFF4C39
1789040176532,2026-09-10T15:36:16.532,v4621,21CA8001,112,6,113,20,116,1,,61FF02F102EE8E7F080027001400000000FE140008FF00000100FF0800044105
1789040176712,2026-09-10T15:36:16.712,v4621,21C08001,182,10,183,20,153,1,,61FF02E78D7F010E010E010E010EFFFFFFFFFFFFFFFF00FF01FF01BCFFFF00FF
1789040176803,2026-09-10T15:36:16.803,v4621,21C18001,84,5,85,20,88,1,,61FF02E98E7F73735061616161FFFF64646464FFFF73FFFFFFFFFFFFFFFFFFFF
1789040176951,2026-09-10T15:36:16.952,v4621,21C28001,182,10,183,20,146,1,,61FF02EA8D5A1516FFFFFF005710110202003C01B764FF64FF0001FFFFFF4C39
1789040177042,2026-09-10T15:36:17.042,v4621,21C48001,65,4,66,20,87,1,,61FF02F08E7B347CE47CEB7EDE7B34FFFFFFFFFFFFFFFFFF
1789040177162,2026-09-10T15:36:17.163,v4621,21CA8001,112,6,113,20,118,1,,61FF02EE02EE8D7F090027001400000000FE140008FF00000100FF0800044105
1789040177281,2026-09-10T15:36:17.282,v4621,21CB8001,150,8,151,20,116,1,,61FF02F18E5A7FFFFFFF0000180000000104FFFFFF002901F401F301F3FFFFFF
1789040177431,2026-09-10T15:36:17.431,v4621,21C08001,182,10,183,20,124,1,,61FF02F58D7F0105010501050105FFFFFFFFFFFFFFFF01FF01FF02FEFFFF01FF
1789040177584,2026-09-10T15:36:17.584,v4621,21C18001,84,5,85,20,150,1,,61FF02EC8C7F73735262626262FFFF64646464FFFF73FFFFFFFFFFFFFFFFFFFF
1789040177733,2026-09-10T15:36:17.733,v4621,21C28001,182,10,183,20,146,1,,61FF02E78E5A1B16FFFFFF005A14100303003F01B464FF64FF0001FFFFFF4C39
1789040177852,2026-09-10T15:36:17.852,v4621,21CA8001,112,6,113,20,116,1,,61FF032202EE8E7F090044002000530045FE140008FF00000100FF0800044105
1789040178031,2026-09-10T15:36:18.031,v4621,21C08001,182,10,183,20,152,1,,61FF03808E7F0148014801480148FFFFFFFFFFFFFFFF01FF01FF02F4FFFF01FF
1789040178122,2026-09-10T15:36:18.123,v4621,21C18001,84,5,85,20,88,1,,61FF03ED8E7F74744568686868FFFF64646464FFFF74FFFFFFFFFFFFFFFFFFFF
1789040178272,2026-09-10T15:36:18.272,v4621,21C28001,182,10,183,20,147,1,,61FF04558E5A1C1AFFFFFF009D15130504004601AE64FF64FF0001FFFFFF4C39
1789040178362,2026-09-10T15:36:18.362,v4621,21C48001,65,4,66,20,87,1,,61FF051E8E7DB37DC07DD37EEE7DB3FFFFFFFFFFFFFFFFFF
1789040178482,2026-09-10T15:36:18.483,v4621,21CA8001,112,6,113,20,118,1,,61FF058E02EE8E7F09004D0025006F005FFE140008FF00000100FF0800044105
1789040178632,2026-09-10T15:36:18.632,v4621,21C08001,182,10,183,20,121,1,,61FF062D8E7F0129012901290129FFFFFFFFFFFFFFFF01FF01FF01CFFFFF01FF
1789040178749,2026-09-10T15:36:18.750,v4621,21C18001,84,5,85,20,115,1,,61FF06368F7F7C7C4078787878FFFF64646464FFFF7CFFFFFFFFFFFFFFFFFFFF
1789040178873,2026-09-10T15:36:18.873,v4621,21C28001,182,10,183,20,120,1,,61FF060C8E5A1517FFFFFF00C30F100505004901A964FF64FF0001FFFFFF4C39
1789040178992,2026-09-10T15:36:18.993,v4621,21CA8001,112,6,113,20,117,1,,61FF05C302EE8E7F0A004D0025006F0062FE140008FF00000100FF0800044105
1789040179144,2026-09-10T15:36:19.144,v4621,21CB8001,150,8,151,20,148,1,,61FF05C08E5A7FFFFFFF0000180000000100FFFFFF002901F401F301F2FFFFFF
1789040179291,2026-09-10T15:36:19.292,v4621,21C08001,182,10,183,20,121,1,,61FF05F38F7F0127012701270127FFFFFFFFFFFFFFFF00FF01FF01ADFFFF00FF
1789040179381,2026-09-10T15:36:19.381,v4621,21C18001,84,5,85,20,87,1,,61FF06128E7F7C7C406D6D6D6DFFFF64646464FFFF7CFFFFFFFFFFFFFFFFFFFF
1789040179533,2026-09-10T15:36:19.534,v4621,21C28001,182,10,183,20,149,1,,61FF061C8F5A1A18FFFFFF00D212110606004D01A564FF64FF0001FFFFFF4C39
1789040179622,2026-09-10T15:36:19.623,v4621,21C48001,65,4,66,20,86,1,,61FF06368E7E557E067E047E9F7E55FFFFFFFFFFFFFFFFFF
1789040179742,2026-09-10T15:36:19.743,v4621,21CA8001,112,6,113,20,118,1,,61FF064502EE8E7F0B0061002E00A9009AFE140008FF00000000FF0800044105
1789040179891,2026-09-10T15:36:19.892,v4621,21C08001,182,10,183,20,120,1,,61FF06698E7F0181018101810181FFFFFFFFFFFFFFFF01FF01FF029CFFFF01FF
1789040179983,2026-09-10T15:36:19.983,v4621,21C18001,84,5,85,20,88,1,,61FF06858F7F7C7C4071717171FFFF64646464FFFF7CFFFFFFFFFFFFFFFFFFFF
1789040180134,2026-09-10T15:36:20.134,v4621,21C28001,182,10,183,20,148,1,,61FF06AE8F5A1C1EFFFFFF011814140707005201A064FF64FF0001FFFFFF4C39
1789040180252,2026-09-10T15:36:20.252,v4621,21CA8001,112,6,113,20,115,1,,61FF06EA02EE8E7F0C0065003000B600A8FE140008FF00000000FF0800044105
1789040180432,2026-09-10T15:36:20.432,v4621,21C08001,182,11,183,20,152,1,,61FF07058E7F018F018F018F018FFFFFFFFFFFFFFFFF00FF01FF006BFFFF00FF
1789040180553,2026-09-10T15:36:20.554,v4621,21C18001,84,5,85,20,118,1,,61FF07568E7F7C7C4079797979FFFF64646464FFFF7CFFFFFFFFFFFFFFFFFFFF
1789040180671,2026-09-10T15:36:20.671,v4621,21C28001,182,10,183,20,115,1,,61FF078D8E5A2222FFFFFF016B18170909005B019764FF64FF0001FFFFFF4C39
1789040180765,2026-09-10T15:36:20.765,v4621,21C48001,65,4,66,20,91,1,,61FF07BE8E7F267F4A7F4A7E627F26FFFFFFFFFFFFFFFFFF
1789040180883,2026-09-10T15:36:20.884,v4621,21CA8001,112,6,113,20,116,1,,61FF07EB02EE8F7F0E0070003600D900C9FE140008FF00000000FF0800044105
1789040181031,2026-09-10T15:36:21.031,v4621,21CB8001,150,8,151,20,145,1,,61FF08378F5A7FFFFFFF0000180000000100FFFFFF002901F401F301F2FFFFFF
1789040181213,2026-09-10T15:36:21.214,v4621,21C08001,182,10,183,20,155,1,,61FF087A8E7F0197019701970197FFFFFFFFFFFFFFFF01FF01FF02ABFFFF01FF
1789040181331,2026-09-10T15:36:21.332,v4621,21C18001,84,5,85,20,114,1,,61FF08868F7F7F7F447F7F7F7FFFFF64646464FFFF7FFFFFFFFFFFFFFFFFFFFF
1789040181451,2026-09-10T15:36:21.452,v4621,21C28001,182,10,183,20,118,1,,61FF08C48E5A1D1FFFFFFF0179141509090059019964FF64FF0001FFFFFF4C39
1789040181569,2026-09-10T15:36:21.570,v4621,21CA8001,112,6,113,20,115,1,,61FF08FE02EE8E80100070003600D900CCFE140008FF00000000FF0800044105
1789040181751,2026-09-10T15:36:21.752,v4621,21C08001,182,10,183,20,155,1,,61FF092C8F800171017101710171FFFFFFFFFFFFFFFF00FF01FF0075FFFF00FF
1789040181869,2026-09-10T15:36:21.869,v4621,21C18001,84,5,85,20,114,1,,61FF09578E7F82824982828282FFFF64646464FFFF82FFFFFFFFFFFFFFFFFFFF
1789040181993,2026-09-10T15:36:21.993,v4621,21C28001,182,10,183,20,121,1,,61FF09708F5A1B1BFFFFFF0168121209090058019A64FF64FF0001FFFFFF4C39
1789040182082,2026-09-10T15:36:22.083,v4621,21C48001,65,4,66,20,86,1,,61FF09B28E7E757E907E8D7E4D7E75FFFFFFFFFFFFFFFFFF
1789040182202,2026-09-10T15:36:22.203,v4621,21CA8001,112,6,113,20,118,1,,61FF09DD02EE8E80110074003800E400D4FE140008FF00000000FF0800044105
1789040182354,2026-09-10T15:36:22.355,v4621,21C08001,182,10,183,20,123,1,,61FF09F38E800164016401640164FFFFFFFFFFFFFFFF00FF01FF003FFFFF00FF
1789040182470,2026-09-10T15:36:22.471,v4621,21C18001,84,5,85,20,113,1,,61FF0A318E8081814981818181FFFF64646464FFFF81FFFFFFFFFFFFFFFFFFFF
1789040182591,2026-09-10T15:36:22.591,v4621,21C28001,182,10,183,20,118,1,,61FF0A498E5A211EFFFFFF01C216140B0B0064018E64FF64FF0001FFFFFF4C39
1789040182712,2026-09-10T15:36:22.712,v4621,21CA8001,112,6,113,20,118,1,,61FF0A5B02EE8E80120082003F010F0100FE140008FF00000000FF0800044105
1789040182834,2026-09-10T15:36:22.835,v4621,21CB8001,150,8,151,20,120,1,,61FF0A9E8E5980FFFFFF0000180000000100FFFFFF002901F401F301F2FFFFFF
1789040183011,2026-09-10T15:36:23.011,v4621,21C08001,182,10,183,20,148,1,,61FF0B078F80020C020C020C020CFFFFFFFFFFFFFFFF01FF01FF02F9FFFF01FF
1789040183132,2026-09-10T15:36:23.132,v4621,21C18001,84,5,85,20,117,1,,61FF0B468F807E7E467B7B7B7BFFFF64646464FFFF7EFFFFFFFFFFFFFFFFFFFF
1789040183254,2026-09-10T15:36:23.254,v4621,21C28001,182,10,183,20,119,1,,61FF0BA58F5A2B30FFFFFF02F5181A0F0F0073017F75FF7AFF1A01FFFFFF4C39
1789040183341,2026-09-10T15:36:23.342,v4621,21C48001,65,4,66,20,85,1,,61FF0BBC8E801C803680627E4A801CFFFFFFFFFFFFFFFFFF
1789040183463,2026-09-10T15:36:23.463,v4621,21CA8001,112,6,113,20,119,1,,61FF0BD402EE8E80150083003F01180106FE140008FF00000000FF0800044105
1789040183643,2026-09-10T15:36:23.643,v4621,21C08001,182,11,183,20,152,1,,61FF0C2C8E800165016501650165FFFFFFFFFFFFFFFF01FF01FF0320FFFF01FF
1789040183762,2026-09-10T15:36:23.762,v4621,21C18001,84,5,85,20,116,1,,61FF0BD48E8086864C56565656FFFF64646464FFFF86FFFFFFFFFFFFFFFFFFFF
1789040183913,2026-09-10T15:36:23.913,v4621,21C28001,182,10,183,20,148,1,,61FF0B018F590D12FFFFFF010E0A0D0606004D01A564FF64FF0001FFFFFF4C39
1789040184032,2026-09-10T15:36:24.032,v4621,21CA8001,112,6,113,20,116,1,,61FF0A1A02EE8E80160027001400000000FE140008FF00000100FF0800044105
1789040184212,2026-09-10T15:36:24.212,v4621,21C08001,182,10,183,20,152,1,,61FF09078E800000000000000000FFFFFFFFFFFFFFFF00FF00FF0000FFFF00FF
1789040184333,2026-09-10T15:36:24.333,v4621,21C18001,84,5,85,20,118,1,,61FF08288F8089895959595959FFFF64646464FFFF89FFFFFFFFFFFFFFFFFFFF
1789040184482,2026-09-10T15:36:24.483,v4621,21C28001,182,10,183,20,147,1,,61FF07658E590D10FFFFFF00A40A0B0404004401AE64FF64FF0001FFFFFF4C39
1789040184602,2026-09-10T15:36:24.602,v4621,21C48001,65,4,66,20,117,1,,61FF07658F7D187CE17CD17E677D18FFFFFFFFFFFFFFFFFF
1789040184723,2026-09-10T15:36:24.723,v4621,21CA8001,112,6,113,20,118,1,,61FF078102EE8F8016004D002500710065FE140008FF00000100FF0800044105
1789040184844,2026-09-10T15:36:24.845,v4621,21CB8001,150,8,151,20,118,1,,61FF079A8F5980FFFFFF0000190000000100FFFFFF002901F401F301F3FFFFFF
1789040184994,2026-09-10T15:36:24.994,v4621,21C08001,182,10,183,20,122,1,,61FF07AA8E8000C900C900C900C9FFFFFFFFFFFFFFFF01FF00FF034CFFFF01FF
1789040185110,2026-09-10T15:36:25.110,v4621,21C18001,84,5,85,20,113,1,,61FF07A18F808C8C528B8B8B8BFFFF64646464FFFF8CFFFFFFFFFFFFFFFFFFFF
1789040185233,2026-09-10T15:36:25.233,v4621,21C28001,182,10,183,20,120,1,,61FF07108F59100FFFFFFF009C0B0B0404004601AD64FF64FF0001FFFFFF4C39
1789040185354,2026-09-10T15:36:25.355,v4621,21CA8001,112,7,113,20,118,1,,61FF067902EE8E8016004E002500740068FE140008FF00000100FF0800044105
1789040185564,2026-09-10T15:36:25.565,v4621,21C08001,182,10,183,20,182,1,,61FF069D8F8000E500E500E500E5FFFFFFFFFFFFFFFF00FF01FF003AFFFF00FF
1789040185683,2026-09-10T15:36:25.683,v4621,21C18001,84,5,85,20,115,1,,61FF06C88E8080804A6D6D6D6DFFFF64646464FFFF80FFFFFFFFFFFFFFFFFFFF
1789040185833,2026-09-10T15:36:25.833,v4621,21C28001,182,10,183,20,147,1,,61FF06D58E591715FFFFFF00C8100E0606004D01A464FF64FF0001FFFFFF4C39
1789040185979,2026-09-10T15:36:25.980,v4621,21C48001,65,4,66,20,144,1,,61FF068C8F7DFC7E997DE67E767DFCFFFFFFFFFFFFFFFFFF
1789040186103,2026-09-10T15:36:26.103,v4621,21CA8001,112,6,113,20,121,1,,61FF06A702EE8F801600560029008B007FFE140008FF00000000FF0800044105
1789040186253,2026-09-10T15:36:26.254,v4621,21C08001,182,10,183,20,122,1,,61FF06A48E80013D013D013D013DFFFFFFFFFFFFFFFF01FF01FF0347FFFF01FF
1789040186374,2026-09-10T15:36:26.375,v4621,21C18001,84,5,85,20,118,1,,61FF06A78F807C7C406B6B6B6BFFFF64646464FFFF7CFFFFFFFFFFFFFFFFFFFF
1789040186493,2026-09-10T15:36:26.494,v4621,21C28001,182,10,183,20,116,1,,61FF06938E590D15FFFFFF00B60A0E0303004201B264FF64FF0001FFFFFF4C39
1789040186611,2026-09-10T15:36:26.612,v4621,21CA8001,112,6,113,20,115,1,,61FF069602EE8F8016003E001D00420036FE140008FF00000000FF0800044105
1789040186735,2026-09-10T15:36:26.735,v4621,21CB8001,150,8,151,20,120,1,,61FF06968F5980FFFFFF0000190000000101FFFFFF002901F401F301F2FFFFFF
1789040186912,2026-09-10T15:36:26.912,v4621,21C08001,182,10,183,20,148,1,,61FF06BD8F8000BD00BD00BD00BDFFFFFFFFFFFFFFFF01FF01FF0293FFFF01FF
1789040187031,2026-09-10T15:36:27.031,v4621,21C18001,84,6,85,20,116,1,,61FF06EA8F8089895E89898989FFFF64646464FFFF89FFFFFFFFFFFFFFFFFFFF
1789040187151,2026-09-10T15:36:27.151,v4621,21C28001,182,10,183,20,117,1,,61FF06DA8F590E0FFFFFFF008F0A0B0303004201B164FF64FF0001FFFFFF4C39
1789040187245,2026-09-10T15:36:27.246,v4621,21C48001,65,4,66,20,91,1,,61FF06A48F7CE77CFD7CFC7E857CE7FFFFFFFFFFFFFFFFFF
1789040187364,2026-09-10T15:36:27.365,v4621,21CA8001,112,6,113,20,116,1,,61FF069F02EE8F80160041001E004B003FFE140008FF00000000FF0800044105
1789040187515,2026-09-10T15:36:27.515,v4621,21C08001,182,10,183,20,124,1,,61FF06E48F8000C600C600C600C6FFFFFFFFFFFFFFFF00FF01FF0049FFFF00FF
1789040187631,2026-09-10T15:36:27.631,v4621,21C18001,84,5,85,20,113,1,,61FF07138E808A8A678A8A8A8AFFFF64646464FFFF8AFFFFFFFFFFFFFFFFFFFF
1789040187755,2026-09-10T15:36:27.756,v4621,21C28001,182,10,183,20,123,1,,61FF06D28E590E0FFFFFFF00920A0B0404004301B064FF64FF0001FFFFFF4C39
1789040187870,2026-09-10T15:36:27.870,v4621,21CA8001,112,6,113,20,111,1,,61FF06A202EE8F80160043001F00520045FE140008FF00000000FF0800044105
1789040188054,2026-09-10T15:36:28.054,v4621,21C08001,182,10,183,20,156,1,,61FF06A48F8000CC00CC00CC00CCFFFFFFFFFFFFFFFF01FF01FF02FEFFFF01FF
1789040188172,2026-09-10T15:36:28.172,v4621,21C18001,84,5,85,20,115,1,,61FF06E78F8089896689898989FFFF64646464FFFF89FFFFFFFFFFFFFFFFFFFF
1789040188291,2026-09-10T15:36:28.292,v4621,21C28001,182,10,183,20,117,1,,61FF06F28F590E0FFFFFFF00940A0B0404004301AF64FF64FF0001FFFFFF4C39
1789040188383,2026-09-10T15:36:28.383,v4621,21C48001,65,4,66,20,89,1,,61FF06E78E7C207CE27CF17E777BB1FFFFFFFFFFFFFFFFFF
1789040188501,2026-09-10T15:36:28.502,v4621,21CA8001,112,6,113,20,116,1,,61FF06BB02EE8F80160027001400000000FE140008FF00000000FF0800044105
1789040188651,2026-09-10T15:36:28.652,v4621,21CB8001,150,9,151,20,147,1,,61FF069B8E5980FFFFFF0000190000000100FFFFFF002901F401F301F3FFFFFF
1789040188833,2026-09-10T15:36:28.834,v4621,21C08001,182,10,183,20,155,1,,61FF06DF8F8000B400B400B400B4FFFFFFFFFFFFFFFF00FF01FF0027FFFF01FF
1789040188951,2026-09-10T15:36:28.951,v4621,21C18001,84,5,85,20,114,1,,61FF06C58E808A8A556B6B6B6BFFFF64646464FFFF8AFFFFFFFFFFFFFFFFFFFF
1789040189071,2026-09-10T15:36:29.072,v4621,21C28001,182,10,183,20,118,1,,61FF06C58F590E0EFFFFFF00880A0A0303004201B064FF64FF0001FFFFFF4C39
1789040189191,2026-09-10T15:36:29.192,v4621,21CA8001,112,6,113,20,117,1,,61FF06BB02EE8E80160027001400000000FE140008FF00010000FF0800044105
1789040189371,2026-09-10T15:36:29.372,v4621,21C08001,182,10,183,20,152,1,,61FF06CD8E8000BA00BA00BA00BAFFFFFFFFFFFFFFFF00FF01FF002BFFFF00FF
1789040189489,2026-09-10T15:36:29.489,v4621,21C18001,84,5,85,20,114,1,,61FF06B18F808A8A555C5C5C5CFFFF64646464FFFF8AFFFFFFFFFFFFFFFFFFFF
1789040189614,2026-09-10T15:36:29.615,v4621,21C28001,182,10,183,20,123,1,,61FF06AE8E590E0EFFFFFF00870A0A0303004101B164FF64FF0001FFFFFF4C39
1789040189702,2026-09-10T15:36:29.703,v4621,21C48001,65,4,66,20,85,1,,61FF06A48F7B897B8A7B857E8C7B89FFFFFFFFFFFFFFFFFF
1789040189822,2026-09-10T15:36:29.822,v4621,21CA8001,112,6,113,20,117,1,,61FF068E02EE8E80160027001400000000FE140008FF00010000FF0800044105
1789040190003,2026-09-10T15:36:30.003,v4621,21C08001,182,10,183,20,155,1,,61FF068C8E800000000000000000FFFFFFFFFFFFFFFF00FF00FF0009FFFF00FF
1789040190122,2026-09-10T15:36:30.122,v4621,21C18001,84,5,85,20,116,1,,61FF06778E8088885353535353FFFF64646464FFFF88FFFFFFFFFFFFFFFFFFFF
1789040190273,2026-09-10T15:36:30.274,v4621,21C28001,182,10,183,20,149,1,,61FF064B8E590E0FFFFFFF00810A0B0303004001B264FF64FF0001FFFFFF4C39
1789040190393,2026-09-10T15:36:30.394,v4621,21CA8001,112,7,113,20,117,1,,61FF062D02EE8E80140027001400000000FE140008FF00010000FF0800044105
1789040190513,2026-09-10T15:36:30.514,v4621,21CB8001,150,8,151,20,117,1,,61FF060E8E5980FFFFFF0000190000000100FFFFFF002901F401F301F2FFFFFF
1789040190692,2026-09-10T15:36:30.692,v4621,21C08001,182,10,183,20,151,1,,61FF05F78E800000000000000000FFFFFFFFFFFFFFFF00FF00FF0000FFFF00FF
1789040190812,2026-09-10T15:36:30.812,v4621,21C18001,84,5,85,20,117,1,,61FF05C38E8089896868686868FFFF64646464FFFF89FFFFFFFFFFFFFFFFFFFF
1789040190931,2026-09-10T15:36:30.931,v4621,21C28001,182,10,183,20,117,1,,61FF05A88E590D0EFFFFFF006D0A0A0302003E01B564FF64FF0001FFFFFF4C39
1789040191024,2026-09-10T15:36:31.024,v4621,21C48001,65,4,66,20,90,1,,61FF057D8E7B637B637B5E7EB27B63FFFFFFFFFFFFFFFFFF
1789040191143,2026-09-10T15:36:31.143,v4621,21CA8001,112,6,113,20,117,1,,61FF055902EE8E81120027001400000000FE140008FF00010000FF0800044105
1789040191291,2026-09-10T15:36:31.292,v4621,21C08001,182,10,183,20,123,1,,61FF053E8F8100F100F100F100F1FFFFFFFFFFFFFFFF00FF00FF0000FFFF00FF
1789040191410,2026-09-10T15:36:31.410,v4621,21C18001,84,5,85,20,115,1,,61FF050C8E818C8C5454545454FFFF64646464FFFF8CFFFFFFFFFFFFFFFFFFFF
1789040191531,2026-09-10T15:36:31.531,v4621,21C28001,182,10,183,20,118,1,,61FF05028E590D0DFFFFFF005B0A0A0202003D01B564FF64FF0001FFFFFF4C39
1789040191653,2026-09-10T15:36:31.654,v4621,21CA8001,112,6,113,20,120,1,,61FF04A802EE8F81100027001400000000FE140008FF00010000FF0800044105
1789040191833,2026-09-10T15:36:31.833,v4621,21C08001,182,10,183,20,153,1,,61FF04B58E8100C700C700C700C7FFFFFFFFFFFFFFFF00FF00FF0022FFFF00FF
1789040191952,2026-09-10T15:36:31.952,v4621,21C18001,84,5,85,20,116,1,,61FF046F8E818B8B6B6B6B6B6BFFFF64646464FFFF8BFFFFFFFFFFFFFFFFFFFF
1789040192103,2026-09-10T15:36:32.104,v4621,21C28001,182,11,183,20,149,1,,61FF04278E590D0CFFFFFF00490A0A0101003A01B864FF64FF0001FFFFFF4C39
1789040192222,2026-09-10T15:36:32.222,v4621,21C48001,65,4,66,20,116,1,,61FF03D78E7B447B9E7C037ED17B44FFFFFFFFFFFFFFFFFF
1789040192343,2026-09-10T15:36:32.344,v4621,21CA8001,112,6,113,20,119,1,,61FF037D02EE8D810D0027001400000000FE140008FF00010100FF0800044105
1789040192463,2026-09-10T15:36:32.463,v4621,21CB8001,150,8,151,20,117,1,,61FF034B8C5981FFFFFF0000190000000308FFFFFF002901F401F301F2FFFFFF
1789040192613,2026-09-10T15:36:32.613,v4621,21C08001,182,10,183,20,123,1,,61FF030E8C8100CD00CD00CD00CDFFFFFFFFFFFFFFFF01FF01FF0347FFFF01FF
1789040192733,2026-09-10T15:36:32.733,v4621,21C18001,84,5,85,20,116,1,,61FF02E98D817E7E6179797979FFFF64646464FFFF7EFFFFFFFFFFFFFFFFFFFF
1789040192852,2026-09-10T15:36:32.852,v4621,21C28001,182,10,183,20,117,1,,61FF02DB8E591C13FFFFFF0050150E0303003F01B464FF64FF0001FFFFFF4C39
1789040192971,2026-09-10T15:36:32.972,v4621,21CA8001,112,6,113,20,117,1,,61FF02F602EE8E81090027001400000000FE140008FF00010100FF0800044105
1789040193152,2026-09-10T15:36:33.152,v4621,21C08001,182,10,183,20,151,1,,61FF03068D810138013801380138FFFFFFFFFFFFFFFF01FF01FF0320FFFF01FF
1789040193273,2026-09-10T15:36:33.273,v4621,21C18001,84,5,85,20,118,1,,61FF03068F817373505D5D5D5DFFFF64646464FFFF73FFFFFFFFFFFFFFFFFFFF
1789040193393,2026-09-10T15:36:33.394,v4621,21C28001,182,10,183,20,118,1,,61FF030B8B5A1616FFFFFF005B10110202003C01B664FF64FF0001FFFFFF4C39
1789040193483,2026-09-10T15:36:33.484,v4621,21C48001,65,4,66,20,88,1,,61FF030F8D7B497CAC7CAF7ECC7B49FFFFFFFFFFFFFFFFFF
1789040193632,2026-09-10T15:36:33.632,v4621,21CA8001,112,7,113,20,146,1,,61FF030702EE8B81080027001400000000FE140008FF00000100FF0800044105
1789040193812,2026-09-10T15:36:33.813,v4621,21C08001,182,10,183,20,151,1,,61FF02F68E81010E010E010E010EFFFFFFFFFFFFFFFF01FF01FF035BFFFF01FF
1789040193931,2026-09-10T15:36:33.931,v4621,21C18001,84,5,85,20,115,1,,61FF02FD8E8174745672727272FFFF64646464FFFF74FFFFFFFFFFFFFFFFFFFF
1789040194055,2026-09-10T15:36:34.055,v4621,21C28001,182,10,183,20,122,1,,61FF031B8E5A1615FFFFFF005B11100202003E01B564FF64FF0001FFFFFF4C39
1789040194172,2026-09-10T15:36:34.173,v4621,21CA8001,112,6,113,20,114,1,,61FF035202EE8F810800360019002D0022FE140008FF00000100FF0800044105
1789040194294,2026-09-10T15:36:34.294,v4621,21CB8001,150,8,151,20,119,1,,61FF03A98E5A81FFFFFF0000190000000108FFFFFF002901F401F301F3FFFFFF
1789040194471,2026-09-10T15:36:34.471,v4621,21C08001,182,10,183,20,150,1,,61FF03E78F810131013101310131FFFFFFFFFFFFFFFF01FF01FF034CFFFF01FF
1789040194593,2026-09-10T15:36:34.593,v4621,21C18001,84,5,85,20,120,1,,61FF04658F8176764472727272FFFF64646464FFFF76FFFFFFFFFFFFFFFFFFFF
1789040194714,2026-09-10T15:36:34.714,v4621,21C28001,182,10,183,20,118,1,,61FF04EC8F5A251AFFFFFF00C319130707005101A164FF64FF0001FFFFFF4C39
1789040194803,2026-09-10T15:36:34.803,v4621,21C48001,65,4,66,20,86,1,,61FF058A8F7E9F7E547E527EC87E9FFFFFFFFFFFFFFFFFFF
1789040194923,2026-09-10T15:36:34.923,v4621,21CA8001,112,6,113,20,117,1,,61FF060C02EE8F8108005B002B0099008EFE140008FF00000100FF0800044105
1789040195073,2026-09-10T15:36:35.074,v4621,21C08001,182,10,183,20,124,1,,61FF06828F810188018801880188FFFFFFFFFFFFFFFF00FF01FF0044FFFF01FF
1789040195192,2026-09-10T15:36:35.192,v4621,21C18001,84,5,85,20,115,1,,61FF06FF8F817C7C406C6C6C6CFFFF64646464FFFF7CFFFFFFFFFFFFFFFFFFFF
1789040195343,2026-09-10T15:36:35.343,v4621,21C28001,182,11,183,20,149,1,,61FF07658F5A181BFFFFFF010F11120707005001A264FF64FF0001FFFFFF4C39
1789040195462,2026-09-10T15:36:35.463,v4621,21CA8001,112,6,113,20,116,1,,61FF07F902EE8F8108005D002C009F0094FE140008FF00000100FF0800044105
1789040195614,2026-09-10T15:36:35.614,v4621,21C08001,182,10,183,20,124,1,,61FF08258E81011C011C011C011CFFFFFFFFFFFFFFFF00FF01FF00B9FFFF01FF
1789040195733,2026-09-10T15:36:35.733,v4621,21C18001,84,5,85,20,117,1,,61FF08288F818080407C7C7C7CFFFF64646464FFFF80FFFFFFFFFFFFFFFFFFFF
1789040195851,2026-09-10T15:36:35.852,v4621,21C28001,182,10,183,20,116,1,,61FF08078F5A1516FFFFFF00F60F0F0707005001A264FF64FF0001FFFFFF4C39
1789040195942,2026-09-10T15:36:35.942,v4621,21C48001,65,4,66,20,88,1,,61FF07418F7DFC7F407DE77E6F7DFCFFFFFFFFFFFFFFFFFF
1789040196061,2026-09-10T15:36:36.062,v4621,21CA8001,112,6,113,20,117,1,,61FF064302EE8E810A005D002C009F0094FE140008FF00000100FF0800044105
1789040196212,2026-09-10T15:36:36.213,v4621,21CB8001,150,9,151,20,148,1,,61FF05798F5981FFFFFF0000190000000100FFFFFF002901F401F301F2FFFFFF
1789040196393,2026-09-10T15:36:36.393,v4621,21C08001,182,10,183,20,153,1,,61FF05BC8F810180018001800180FFFFFFFFFFFFFFFF01FF01FF02D2FFFF00FF
1789040196509,2026-09-10T15:36:36.510,v4621,21C18001,84,5,85,20,113,1,,61FF05FD8F817A7A4062626262FFFF64646464FFFF7AFFFFFFFFFFFFFFFFFFFF
1789040196634,2026-09-10T15:36:36.634,v4621,21C28001,182,10,183,20,122,1,,61FF06548E5A2620FFFFFF0121191509090059019864FF64FF0001FFFFFF4C39
1789040196754,2026-09-10T15:36:36.754,v4621,21CA8001,112,6,113,20,117,1,,61FF06C202EE8F810B006B003400CB00C0FE140008FF00000100FF0800044105
1789040196933,2026-09-10T15:36:36.933,v4621,21C08001,182,10,183,20,150,1,,61FF06938E8101E601E601E601E6FFFFFFFFFFFFFFFF00FF01FF0044FFFF00FF
1789040197051,2026-09-10T15:36:37.051,v4621,21C18001,84,5,85,20,115,1,,61FF06CD8F817A7A436E6E6E6EFFFF64646464FFFF7AFFFFFFFFFFFFFFFFFFFF
1789040197204,2026-09-10T15:36:37.204,v4621,21C28001,182,10,183,20,151,1,,61FF070D8E5A2122FFFFFF014D171709090057019B64FF64FF0001FFFFFF4C39
1789040197321,2026-09-10T15:36:37.321,v4621,21C48001,65,4,66,20,114,1,,61FF075F8E7F0B7F117F067E5B7F0BFFFFFFFFFFFFFFFFFF
1789040197441,2026-09-10T15:36:37.442,v4621,21CA8001,112,6,113,20,118,1,,61FF079402EE8F810D006B003300CA00BDFE140008FF00000000FF0800044105
1789040197592,2026-09-10T15:36:37.593,v4621,21C08001,182,10,183,20,124,1,,61FF07CF8F810198019801980198FFFFFFFFFFFFFFFF01FF01FF0298FFFF01FF
1789040197711,2026-09-10T15:36:37.711,v4621,21C18001,84,5,85,20,115,1,,61FF07EE8F817C7C4079797979FFFF64646464FFFF7CFFFFFFFFFFFFFFFFFFFF
1789040197834,2026-09-10T15:36:37.835,v4621,21C28001,182,10,183,20,121,1,,61FF08308E591D1EFFFFFF0150141408080056019C64FF64FF0001FFFFFF4C39
1789040197953,2026-09-10T15:36:37.953,v4621,21CA8001,112,6,113,20,115,1,,61FF087602EE8F810F006A003300C700BAFE140008FF00000000FF0800044105
1789040198074,2026-09-10T15:36:38.074,v4621,21CB8001,150,8,151,20,118,1,,61FF089E8F5981FFFFFF0000190000000100FFFFFF002901F401F301F2FFFFFF
1789040198251,2026-09-10T15:36:38.252,v4621,21C08001,182,10,183,20,151,1,,61FF08C08F82015C015C015C015CFFFFFFFFFFFFFFFF01FF01FF02E1FFFF01FF
1789040198371,2026-09-10T15:36:38.372,v4621,21C18001,84,5,85,20,117,1,,61FF09158E8281814075757575FFFF64646464FFFF81FFFFFFFFFFFFFFFFFFFF
1789040198492,2026-09-10T15:36:38.493,v4621,21C28001,182,10,183,20,119,1,,61FF09358F59191AFFFFFF014A111108080056019C64FF64FF0001FFFFFF4C39
1789040198609,2026-09-10T15:36:38.610,v4621,21C48001,65,5,66,20,114,1,,61FF09278F7E627EA87E6B7E4A7E62FFFFFFFFFFFFFFFFFF
1789040198731,2026-09-10T15:36:38.732,v4621,21CA8001,112,6,113,20,120,1,,61FF096602EE8F8211006A003300C800BDFE140008FF00000000FF0800044105
1789040198910,2026-09-10T15:36:38.910,v4621,21C08001,182,10,183,20,151,1,,61FF09AD8F820132013201320132FFFFFFFFFFFFFFFF01FF01FF01B2FFFF01FF
1789040199032,2026-09-10T15:36:39.033,v4621,21C18001,84,5,85,20,119,1,,61FF09988E828282407F7F7F7FFFFF64646464FFFF82FFFFFFFFFFFFFFFFFFFF
1789040199151,2026-09-10T15:36:39.152,v4621,21C28001,182,10,183,20,116,1,,61FF09CD8F591717FFFFFF013F101008080056019B64FF64FF0001FFFFFF4C39
1789040199272,2026-09-10T15:36:39.273,v4621,21CA8001,112,6,113,20,120,1,,61FF0A1A02EE8E8212006A003300C700BAFE140008FF00000000FF0800044105
1789040199451,2026-09-10T15:36:39.452,v4621,21C08001,182,10,183,20,152,1,,61FF09FE8F8200EF00EF00EF00EFFFFFFFFFFFFFFFFF00FF01FF0061FFFF00FF
1789040199570,2026-09-10T15:36:39.571,v4621,21C18001,84,5,85,20,116,1,,61FF090B8E8288884E51515151FFFF64646464FFFF88FFFFFFFFFFFFFFFFFFFF
1789040199691,2026-09-10T15:36:39.691,v4621,21C28001,182,10,183,20,118,1,,61FF084A8E590E10FFFFFF00B90A0B0405004801AB64FF64FF0001FFFFFF4C39
1789040199785,2026-09-10T15:36:39.785,v4621,21C48001,65,4,66,20,91,1,,61FF078D8F7BBD7BBD7BBA7E557BBDFFFFFFFFFFFFFFFFFF
1789040199901,2026-09-10T15:36:39.902,v4621,21CA8001,112,6,113,20,114,1,,61FF06F702EE8E82120027001400000000FE140008FF00000100FF0800044105
1789040200052,2026-09-10T15:36:40.052,v4621,21CB8001,150,8,151,20,148,1,,61FF06368E5982FFFFFF0000190000000102FFFFFF002901F401F301F2FFFFFF
1789040200231,2026-09-10T15:36:40.232,v4621,21C08001,182,10,183,20,154,1,,61FF05498E8200F600F600F600F6FFFFFFFFFFFFFFFF00FF00FF0000FFFF00FF
1789040200353,2026-09-10T15:36:40.354,v4621,21C18001,84,5,85,20,120,1,,61FF05048E828C8C6666666666FFFF64646464FFFF8CFFFFFFFFFFFFFFFFFFFF
1789040200471,2026-09-10T15:36:40.471,v4621,21C28001,182,10,183,20,115,1,,61FF04DC8F590D0DFFFFFF005C0A0A0202003C01B664FF64FF0001FFFFFF4C39
1789040200590,2026-09-10T15:36:40.591,v4621,21CA8001,112,6,113,20,117,1,,61FF04AD02EE8E82130027001400000000FE140008FF00000100FF0800044105
1789040200833,2026-09-10T15:36:40.834,v4621,21C08001,182,10,183,20,215,1,,61FF046A8E8200B700B700B700B7FFFFFFFFFFFFFFFF00FF00FF0075FFFF00FF
1789040200980,2026-09-10T15:36:40.980,v4621,21C18001,84,5,85,20,143,1,,61FF04038C8285856B79797979FFFF64646464FFFF85FFFFFFFFFFFFFFFFFFFF
1789040201132,2026-09-10T15:36:41.132,v4621,21C28001,182,10,183,20,149,1,,61FF03D78E59130DFFFFFF004B0E0B0302003E01B564FF64FF0001FFFFFF4C39
1789040201222,2026-09-10T15:36:41.223,v4621,21C48001,65,4,66,20,88,1,,61FF03C48F7B537CC17CC17EC47B53FFFFFFFFFFFFFFFFFF
1789040201343,2026-09-10T15:36:41.343,v4621,21CA8001,112,6,113,20,118,1,,61FF03BD02EE8E82130027001400000000FE140008FF00000000FF0800044105
1789040201494,2026-09-10T15:36:41.494,v4621,21C08001,182,10,183,20,124,1,,61FF03D58F8200F600F600F600F6FFFFFFFFFFFFFFFF01FF01FF0339FFFF01FF
1789040201613,2026-09-10T15:36:41.614,v4621,21C18001,84,5,85,20,116,1,,61FF03ED8D8279795C67676767FFFF64646464FFFF79FFFFFFFFFFFFFFFFFFFF
1789040201733,2026-09-10T15:36:41.734,v4621,21C28001,182,10,183,20,117,1,,61FF03ED8E591313FFFFFF00680E0E0303003F01B464FF64FF0001FFFFFF4C39
1789040201882,2026-09-10T15:36:41.883,v4621,21CA8001,112,6,113,20,146,1,,61FF03E702EE8E82130027001400000000FE140008FF00000000FF0800044105
1789040202003,2026-09-10T15:36:42.003,v4621,21CB8001,150,8,151,20,118,1,,61FF03E08D5982FFFFFF0000190000000308FFFFFF002901F401F301F3FFFFFF
1789040202153,2026-09-10T15:36:42.154,v4621,21C08001,182,10,183,20,122,1,,61FF03D28D8200DD00DD00DD00DDFFFFFFFFFFFFFFFF01FF01FF034CFFFF01FF
1789040202272,2026-09-10T15:36:42.272,v4621,21C18001,84,5,85,20,115,1,,61FF03C98B827D7D606F6F6F6FFFFF64646464FFFF7DFFFFFFFFFFFFFFFFFFFF
1789040202393,2026-09-10T15:36:42.394,v4621,21C28001,182,10,183,20,119,1,,61FF03C08E591111FFFFFF00570D0D0202003D01B664FF64FF0001FFFFFF4C39
1789040202483,2026-09-10T15:36:42.484,v4621,21C48001,65,4,66,20,87,1,,61FF03C28F7B447CCB7CCC7ED37B44FFFFFFFFFFFFFFFFFF
1789040202604,2026-09-10T15:36:42.604,v4621,21CA8001,112,6,113,20,118,1,,61FF03C502EE8D82130027001400000000FE140008FF00010000FF0800044105
1789040202754,2026-09-10T15:36:42.755,v4621,21C08001,182,10,183,20,123,1,,61FF03B48E8200E100E100E100E1FFFFFFFFFFFFFFFF01FF01FF032AFFFF01FF
1789040202869,2026-09-10T15:36:42.869,v4621,21C18001,84,5,85,20,111,1,,61FF03B78E827A7A5E6B6B6B6BFFFF64646464FFFF7AFFFFFFFFFFFFFFFFFFFF
1789040202991,2026-09-10T15:36:42.991,v4621,21C28001,182,10,183,20,119,1,,61FF03B48D591312FFFFFF005C0E0E0202003D01B564FF64FF0001FFFFFF4C39
1789040203111,2026-09-10T15:36:43.111,v4621,21CA8001,112,6,113,20,118,1,,61FF03AD02EE8E82130027001400000000FE140008FF00010000FF0800044105
1789040203294,2026-09-10T15:36:43.295,v4621,21C08001,182,10,183,20,156,1,,61FF03848D8200DE00DE00DE00DEFFFFFFFFFFFFFFFF01FF01FF02F9FFFF01FF
1789040203414,2026-09-10T15:36:43.414,v4621,21C18001,84,5,85,20,116,1,,61FF03678D8277775D64646464FFFF64646464FFFF77FFFFFFFFFFFFFFFFFFFF
1789040203534,2026-09-10T15:36:43.535,v4621,21C28001,182,10,183,20,118,1,,61FF034C8E591312FFFFFF00520E0E0202003C01B764FF64FF0001FFFFFF4C39
1789040203623,2026-09-10T15:36:43.623,v4621,21C48001,65,4,66,20,85,1,,61FF033D8E7B3F7CCA7CC77ED87B3FFFFFFFFFFFFFFFFFFF
1789040203744,2026-09-10T15:36:43.744,v4621,21CA8001,112,6,113,20,119,1,,61FF033802EE8E82130027001400000000FE140008FF00010000FF0800044105
1789040203864,2026-09-10T15:36:43.865,v4621,21CB8001,150,8,151,20,117,1,,61FF032B8E5982FFFFFF0000190000000108FFFFFF002901F401F301F2FFFFFF
1789040204014,2026-09-10T15:36:44.014,v4621,21C08001,182,10,183,20,123,1,,61FF03238E8200DC00DC00DC00DCFFFFFFFFFFFFFFFF01FF01FF02B0FFFF01FF
1789040204131,2026-09-10T15:36:44.131,v4621,21C18001,84,5,85,20,115,1,,61FF03158D8277775B67676767FFFF64646464FFFF77FFFFFFFFFFFFFFFFFFFF
1789040204312,2026-09-10T15:36:44.313,v4621,21C28001,182,10,183,20,178,1,,61FF03098E591413FFFFFF004F0F0F0202003C01B764FF64FF0001FFFFFF4C39
1789040204432,2026-09-10T15:36:44.433,v4621,21CA8001,112,6,113,20,117,1,,61FF030A02EE8C82130027001400000000FE140008FF00010000FF0800044105
1789040204612,2026-09-10T15:36:44.612,v4621,21C08001,182,11,183,20,151,1,,61FF02FF8B8200EE00EE00EE00EEFFFFFFFFFFFFFFFF00FF01FF0075FFFF01FF
1789040204734,2026-09-10T15:36:44.735,v4621,21C18001,84,5,85,20,119,1,,61FF02F78D8276765968686868FFFF64646464FFFF76FFFFFFFFFFFFFFFFFFFF
1789040204854,2026-09-10T15:36:44.854,v4621,21C28001,182,10,183,20,117,1,,61FF02F28E591513FFFFFF0051100F0202003C01B664FF64FF0001FFFFFF4C39
1789040204943,2026-09-10T15:36:44.943,v4621,21C48001,65,4,66,20,86,1,,61FF02F98D7B337CDE7CDC7EE47B33FFFFFFFFFFFFFFFFFF
1789040205063,2026-09-10T15:36:45.063,v4621,21CA8001,112,6,113,20,117,1,,61FF02F502EE8E82120027001400000000FE140008FF00010000FF0800044105
1789040205214,2026-09-10T15:36:45.214,v4621,21C08001,182,10,183,20,123,1,,61FF02F48E8200F500F500F500F5FFFFFFFFFFFFFFFF00FF01FF018BFFFF00FF
1789040205333,2026-09-10T15:36:45.334,v4621,21C18001,84,5,85,20,116,1,,61FF02F48E8274745764646464FFFF64646464FFFF74FFFFFFFFFFFFFFFFFFFF
1789040205454,2026-09-10T15:36:45.454,v4621,21C28001,182,10,183,20,119,1,,61FF02EF8E591514FFFFFF0052100F0202003C01B764FF64FF0001FFFFFF4C39
1789040205573,2026-09-10T15:36:45.573,v4621,21CA8001,112,6,113,20,115,1,,61FF02ED02EE8D82100027001400000000FE140008FF00010100FF0800044105
1789040205694,2026-09-10T15:36:45.695,v4621,21CB8001,150,8,151,20,119,1,,61FF02EE8E5982FFFFFF0000190000000103FFFFFF002901F401F301F3FFFFFF
1789040205874,2026-09-10T15:36:45.874,v4621,21C08001,182,10,183,20,150,1,,61FF02F08E8200F400F400F400F4FFFFFFFFFFFFFFFF01FF01FF030DFFFF01FF
1789040205990,2026-09-10T15:36:45.990,v4621,21C18001,84,5,85,20,113,1,,61FF02F38E8274745664646464FFFF64646464FFFF74FFFFFFFFFFFFFFFFFFFF
1789040206143,2026-09-10T15:36:46.144,v4621,21C28001,182,10,183,20,150,1,,61FF02EB8E591515FFFFFF005510100202003D01B664FF64FF0001FFFFFF4C39
1789040206264,2026-09-10T15:36:46.265,v4621,21C48001,65,4,66,20,118,1,,61FF02EB8D7B287D007CD87EEF7B28FFFFFFFFFFFFFFFFFF
1789040206411,2026-09-10T15:36:46.411,v4621,21CA8001,112,6,113,20,145,1,,61FF02EE02EE8D820B0027001300000000FE140008FF00010100FF0800044105
1789040206593,2026-09-10T15:36:46.593,v4621,21C08001,182,10,183,20,155,1,,61FF02EC8D8200F600F600F600F6FFFFFFFFFFFFFFFF01FF01FF02A6FFFF01FF
1789040206742,2026-09-10T15:36:46.742,v4621,21C18001,84,5,85,20,145,1,,61FF02F38E8274745562626262FFFF64646464FFFF74FFFFFFFFFFFFFFFFFFFF
1789040206892,2026-09-10T15:36:46.892,v4621,21C28001,182,10,183,20,147,1,,61FF02EB8E591414FFFFFF005210100202003C01B764FF64FF0001FFFFFF4C39
1789040207013,2026-09-10T15:36:47.014,v4621,21CA8001,112,6,113,20,118,1,,61FF02F102EE8D82070027001400000000FE140008FF00000100FF0800044105
1789040207194,2026-09-10T15:36:47.194,v4621,21C08001,182,10,183,20,152,1,,61FF02EA8E8200F300F300F300F3FFFFFFFFFFFFFFFF00FF01FF0075FFFF00FF
1789040207313,2026-09-10T15:36:47.314,v4621,21C18001,84,5,85,20,116,1,,61FF02F88E827474565F5F5F5FFFFF64646464FFFF74FFFFFFFFFFFFFFFFFFFF
1789040207462,2026-09-10T15:36:47.463,v4621,21C28001,182,10,183,20,146,1,,61FF02E88E591514FFFFFF0052100F0202003C01B764FF64FF0001FFFFFF4C39
1789040207579,2026-09-10T15:36:47.580,v4621,21C48001,65,4,66,20,114,1,,61FF02F58F7B427CDD7CC47ED57B42FFFFFFFFFFFFFFFFFF
1789040207702,2026-09-10T15:36:47.703,v4621,21CA8001,112,6,113,20,121,1,,61FF02F802EE8F82060036001900250019FE140008FF00000100FF0800044105
1789040207825,2026-09-10T15:36:47.825,v4621,21CB8001,150,8,151,20,120,1,,61FF02FE8F5982FFFFFF0000190000000104FFFFFF002901F401F301F2FFFFFF
1789040208002,2026-09-10T15:36:48.003,v4621,21C08001,182,11,183,20,150,1,,61FF035C8E820121012101210121FFFFFFFFFFFFFFFF00FF01FF006BFFFF00FF
1789040208122,2026-09-10T15:36:48.122,v4621,21C18001,84,5,85,20,116,1,,61FF03D28F8274744A71717171FFFF64646464FFFF74FFFFFFFFFFFFFFFFFFFF
1789040208271,2026-09-10T15:36:48.272,v4621,21C28001,182,10,183,20,147,1,,61FF04608F59201BFFFFFF00A617130505004B01A864FF64FF0001FFFFFF4C39
1789040208392,2026-09-10T15:36:48.392,v4621,21CA8001,112,6,113,20,117,1,,61FF046B02EE8D82060063002F00AD00A3FE140008FF00000100FF0800044105
1789040208573,2026-09-10T15:36:48.573,v4621,21C08001,182,10,183,20,154,1,,61FF04728D820221022102210221FFFFFFFFFFFFFFFF01FF01FF032FFFFF01FF
1789040208692,2026-09-10T15:36:48.692,v4621,21C18001,84,5,85,20,115,1,,61FF04818F8273734071717171FFFF64646464FFFF73FFFFFFFFFFFFFFFFFFFF
1789040208812,2026-09-10T15:36:48.813,v4621,21C28001,182,10,183,20,118,1,,61FF048C8F5A2E2DFFFFFF0122201F090A005C01966CFF66FF5E01FFFFFF4C39
1789040208903,2026-09-10T15:36:48.903,v4621,21C48001,65,4,66,20,88,1,,61FF04B38F80168061806F7EAA8016FFFFFFFFFFFFFFFFFF
1789040209024,2026-09-10T15:36:49.024,v4621,21CA8001,112,6,113,20,118,1,,61FF04D402EE8F82080069003200C400B7FE140008FF00000100FF0800044105
1789040209230,2026-09-10T15:36:49.231,v4621,21C08001,182,10,183,20,179,1,,61FF04FC8E820250025002500250FFFFFFFFFFFFFFFF00FF01FF002BFFFF00FF
1789040209352,2026-09-10T15:36:49.352,v4621,21C18001,84,5,85,20,118,1,,61FF05138E8274744072727272FFFF64646464FFFF74FFFFFFFFFFFFFFFFFFFF
1789040209475,2026-09-10T15:36:49.476,v4621,21C28001,182,10,183,20,121,1,,61FF050C8E5A2C2EFFFFFF013F1C1D0909005901996EFF70FF2001FFFFFF4C39
1789040209589,2026-09-10T15:36:49.589,v4621,21CA8001,112,6,113,20,110,1,,61FF058202EE8F820A006B003300C800BDFE140008FF00000100FF0800044105
1789040209712,2026-09-10T15:36:49.713,v4621,21CB8001,150,9,151,20,121,1,,61FF05C08E5A82FFFFFF0000190000000100FFFFFF002901F401F301F2FFFFFF
1789040209922,2026-09-10T15:36:49.922,v4621,21C08001,182,10,183,20,181,1,,61FF05968E820225022502250225FFFFFFFFFFFFFFFF00FF01FF003AFFFF00FF
1789040210043,2026-09-10T15:36:50.043,v4621,21C18001,84,5,85,20,118,1,,61FF060C8E827777406B6B6B6BFFFF64646464FFFF77FFFFFFFFFFFFFFFFFFFF
1789040210194,2026-09-10T15:36:50.194,v4621,21C28001,182,10,183,20,148,1,,61FF062F8F5A2628FFFFFF01561A1B09090059019964FF64FF0001FFFFFF4C39
1789040210282,2026-09-10T15:36:50.283,v4621,21C48001,65,4,66,20,86,1,,61FF065D8E7F9D7FC37FC77E6D7F9DFFFFFFFFFFFFFFFFFF
1789040210401,2026-09-10T15:36:50.402,v4621,21CA8001,112,6,113,20,116,1,,61FF068E02EE8F820C006E003500D300C6FE140008FF00000000FF0800044105
1789040210556,2026-09-10T15:36:50.557,v4621,21C08001,182,10,183,20,127,1,,61FF06C88E8201FD01FD01FD01FDFFFFFFFFFFFFFFFF00FF01FF004EFFFF00FF
1789040210671,2026-09-10T15:36:50.671,v4621,21C18001,84,5,85,20,112,1,,61FF06EC8F827A7A4077777777FFFF64646464FFFF7AFFFFFFFFFFFFFFFFFFFF
1789040210823,2026-09-10T15:36:50.823,v4621,21C28001,182,10,183,20,149,1,,61FF071B8F592526FFFFFF0178191A0909005B019664FF64FF0001FFFFFF4C39
1789040210941,2026-09-10T15:36:50.942,v4621,21CA8001,112,6,113,20,115,1,,61FF076B02EE8E820D006B003400CD00C0FE140008FF00000000FF0800044105
1789040211123,2026-09-10T15:36:51.124,v4621,21C08001,182,10,183,20,155,1,,61FF07A78F8201A801A801A801A8FFFFFFFFFFFFFFFF01FF01FF02FEFFFF01FF
1789040211243,2026-09-10T15:36:51.244,v4621,21C18001,84,5,85,20,117,1,,61FF07A48F827D7D4079797979FFFF64646464FFFF7DFFFFFFFFFFFFFFFFFFFF
1789040211394,2026-09-10T15:36:51.395,v4621,21C28001,182,10,183,20,148,1,,61FF07B88F59151AFFFFFF01110F120606004F01A364FF64FF0001FFFFFF4C39
1789040211539,2026-09-10T15:36:51.540,v4621,21C48001,65,4,66,20,142,1,,61FF07E48E7D777E1A7E0A7E627D77FFFFFFFFFFFFFFFFFF
1789040211694,2026-09-10T15:36:51.694,v4621,21CA8001,112,6,113,20,151,1,,61FF07CC02EE8F820E004B0024006C005FFE140008FF00000000FF0800044105
1789040211813,2026-09-10T15:36:51.813,v4621,21CB8001,150,8,151,20,116,1,,61FF07C58E5982FFFFFF0000190000000100FFFFFF002901F401F301F2FFFFFF
1789040211992,2026-09-10T15:36:51.992,v4621,21C08001,182,10,183,20,150,1,,61FF07C58E8200B100B100B100B1FFFFFFFFFFFFFFFF00FF01FF003AFFFF00FF
1789040212111,2026-09-10T15:36:52.112,v4621,21C18001,84,5,85,20,117,1,,61FF07948F828B8B5179797979FFFF64646464FFFF8BFFFFFFFFFFFFFFFFFFFF
1789040212235,2026-09-10T15:36:52.236,v4621,21C28001,182,10,183,20,121,1,,61FF076B8F590D0FFFFFFF009D0A0B0404004301B064FF64FF0001FFFFFF4C39
1789040212353,2026-09-10T15:36:52.354,v4621,21CA8001,112,6,113,20,115,1,,61FF074102EE8E830E003D001C003F0033FE140008FF00000000FF0800044105
1789040212531,2026-09-10T15:36:52.532,v4621,21C08001,182,10,183,20,151,1,,61FF074A8F8300BB00BB00BB00BBFFFFFFFFFFFFFFFF00FF01FF003AFFFF00FF
1789040212649,2026-09-10T15:36:52.650,v4621,21C18001,84,5,85,20,115,1,,61FF072F8E838B8B5379797979FFFF64646464FFFF8BFFFFFFFFFFFFFFFFFFFF
1789040212773,2026-09-10T15:36:52.774,v4621,21C28001,182,10,183,20,121,1,,61FF07168E590D0FFFFFFF00920A0B0303004201B064FF64FF0001FFFFFF4C39
1789040212864,2026-09-10T15:36:52.864,v4621,21C48001,65,4,66,20,88,1,,61FF06EF8F7CC57CD47CDA7E757CC5FFFFFFFFFFFFFFFFFF
1789040212982,2026-09-10T15:36:52.983,v4621,21CA8001,112,6,113,20,116,1,,61FF06E702EE8F830C003B001C003B002DFE140008FF00000000FF0800044105
1789040213133,2026-09-10T15:36:53.134,v4621,21C08001,182,10,183,20,123,1,,61FF06CD8F8300BF00BF00BF00BFFFFFFFFFFFFFFFFF01FF01FF02D7FFFF00FF
1789040213253,2026-09-10T15:36:53.253,v4621,21C18001,84,5,85,20,116,1,,61FF06B38E838A8A547B7B7B7BFFFF64646464FFFF8AFFFFFFFFFFFFFFFFFFFF
1789040213401,2026-09-10T15:36:53.402,v4621,21C28001,182,10,183,20,146,1,,61FF06968F590D0EFFFFFF00860A0B0303004101B264FF64FF0001FFFFFF4C39
1789040213492,2026-09-10T15:36:53.492,v4621,21CA8001,112,6,113,20,87,1,,61FF067902EE8E830C003A001B0038002DFE140008FF00000000FF0800044105
1789040213612,2026-09-10T15:36:53.613,v4621,21CB8001,150,8,151,20,118,1,,61FF06728E5983FFFFFF00001A0000000100FFFFFF002901F401F301F3FFFFFF
1789040213791,2026-09-10T15:36:53.791,v4621,21C08001,182,10,183,20,150,1,,61FF06598E8300B500B500B500B5FFFFFFFFFFFFFFFF01FF01FF0169FFFF01FF
1789040213909,2026-09-10T15:36:53.910,v4621,21C18001,84,5,85,20,115,1,,61FF06478F8389896787878787FFFF64646464FFFF89FFFFFFFFFFFFFFFFFFFF
1789040214033,2026-09-10T15:36:54.034,v4621,21C28001,182,10,183,20,121,1,,61FF06438E59100FFFFFFF008A0C0B0404004401AF64FF64FF0001FFFFFF4C39
1789040214124,2026-09-10T15:36:54.124,v4621,21C48001,65,4,66,20,87,1,,61FF06498F7D2B7D097D097E967D2BFFFFFFFFFFFFFFFFFF
1789040214241,2026-09-10T15:36:54.242,v4621,21CA8001,112,6,113,20,115,1,,61FF064B02EE8E830B00470022005D0053FE140008FF00000000FF0800044105
1789040214423,2026-09-10T15:36:54.424,v4621,21C08001,182,10,183,20,155,1,,61FF06298F8300EB00EB00EB00EBFFFFFFFFFFFFFFFF00FF01FF00AFFFFF00FF
1789040214544,2026-09-10T15:36:54.544,v4621,21C18001,84,5,85,20,118,1,,61FF05CD8E8380805D7D7D7D7DFFFF64646464FFFF80FFFFFFFFFFFFFFFFFFFF
1789040214691,2026-09-10T15:36:54.692,v4621,21C28001,182,10,183,20,145,1,,61FF05AF8F591813FFFFFF009E110E0505004801AA64FF64FF0001FFFFFF4C39
1789040214814,2026-09-10T15:36:54.814,v4621,21CA8001,112,7,113,20,120,1,,61FF060702EE8F830B005E002D00A20097FE140008FF00000000FF0800044105
1789040215022,2026-09-10T15:36:55.022,v4621,21C08001,182,10,183,20,180,1,,61FF06508E830166016601660166FFFFFFFFFFFFFFFF01FF01FF033EFFFF01FF
1789040215144,2026-09-10T15:36:55.144,v4621,21C18001,84,5,85,20,119,1,,61FF05B58E8379794379797979FFFF64646464FFFF79FFFFFFFFFFFFFFFFFFFF
1789040215323,2026-09-10T15:36:55.323,v4621,21C28001,182,10,183,20,177,1,,61FF05CD8E59221DFFFFFF00F317150707005201A064FF64FF0001FFFFFF4C39
1789040215444,2026-09-10T15:36:55.444,v4621,21C48001,65,4,66,20,118,1,,61FF065B8F7F357EDF7EDE7E827F35FFFFFFFFFFFFFFFFFF
1789040215563,2026-09-10T15:36:55.564,v4621,21CA8001,112,6,113,20,116,1,,61FF069B02EE8E830B006A003300C500BAFE140008FF00000000FF0800044105
1789040215682,2026-09-10T15:36:55.682,v4621,21CB8001,150,8,151,20,115,1,,61FF06368F5983FFFFFF00001A0000000100FFFFFF002901F401F301F3FFFFFF
1789040215833,2026-09-10T15:36:55.834,v4621,21C08001,182,10,183,20,125,1,,61FF06278F8301D201D201D201D2FFFFFFFFFFFFFFFF01FF01FF0240FFFF01FF
1789040215953,2026-09-10T15:36:55.954,v4621,21C18001,84,5,85,20,117,1,,61FF06A48E837A7A427A7A7A7AFFFF64646464FFFF7AFFFFFFFFFFFFFFFFFFFF
1789040216103,2026-09-10T15:36:56.103,v4621,21C28001,182,10,183,20,147,1,,61FF06C58E592223FFFFFF014B171808080056019C64FF64FF0001FFFFFF4C39
1789040216221,2026-09-10T15:36:56.221,v4621,21CA8001,112,6,113,20,115,1,,61FF06EA02EE8F830C0068003200C100B4FE140008FF00000000FF0800044105
1789040216373,2026-09-10T15:36:56.374,v4621,21C08001,182,10,183,20,124,1,,61FF070A8E8301B801B801B801B8FFFFFFFFFFFFFFFF01FF01FF02E1FFFF00FF
1789040216493,2026-09-10T15:36:56.493,v4621,21C18001,84,5,85,20,116,1,,61FF06FD8F837B7B447B7B7B7BFFFF64646464FFFF7BFFFFFFFFFFFFFFFFFFFF
1789040216643,2026-09-10T15:36:56.644,v4621,21C28001,182,11,183,20,148,1,,61FF073B8F591D1FFFFFFF0136141508080053019F64FF64FF0001FFFFFF4C39
1789040216762,2026-09-10T15:36:56.762,v4621,21C48001,65,4,66,20,116,1,,61FF07658E7E5A7EB57EB57E707E5AFFFFFFFFFFFFFFFFFF
1789040216882,2026-09-10T15:36:56.882,v4621,21CA8001,112,6,113,20,117,1,,61FF075902EE8F830D005A002B0098008EFE140008FF00000000FF0800044105
1789040217062,2026-09-10T15:36:57.063,v4621,21C08001,182,10,183,20,152,1,,61FF078A8E83012E012E012E012EFFFFFFFFFFFFFFFF01FF01FF032AFFFF01FF
1789040217184,2026-09-10T15:36:57.184,v4621,21C18001,84,5,85,20,118,1,,61FF07A78F837E7E4D7E7E7E7EFFFF64646464FFFF7EFFFFFFFFFFFFFFFFFFFF
1789040217333,2026-09-10T15:36:57.334,v4621,21C28001,182,10,183,20,147,1,,61FF07A18F591617FFFFFF00F90F100606004E01A464FF64FF0001FFFFFF4C39
1789040217451,2026-09-10T15:36:57.452,v4621,21CA8001,112,6,113,20,115,1,,61FF07A702EE8E830E005A002B0097008BFE140008FF00000000FF0800044105
1789040217571,2026-09-10T15:36:57.572,v4621,21CB8001,150,8,151,20,117,1,,61FF07BB8E5983FFFFFF00001A0000000100FFFFFF002901F401F301F2FFFFFF
1789040217753,2026-09-10T15:36:57.753,v4621,21C08001,182,10,183,20,153,1,,61FF07848F8300F900F900F900F9FFFFFFFFFFFFFFFF00FF01FF004EFFFF01FF
1789040217871,2026-09-10T15:36:57.872,v4621,21C18001,84,5,85,20,115,1,,61FF077A8F837F7F567F7F7F7FFFFF64646464FFFF7FFFFFFFFFFFFFFFFFFFFF
1789040217993,2026-09-10T15:36:57.994,v4621,21C28001,182,10,183,20,119,1,,61FF077A8F591215FFFFFF00D80D0F0505004B01A764FF64FF0001FFFFFF4C39
1789040218084,2026-09-10T15:36:58.084,v4621,21C48001,65,4,66,20,88,1,,61FF07628E7D617DB07DAF7E727D61FFFFFFFFFFFFFFFFFF
1789040218202,2026-09-10T15:36:58.203,v4621,21CA8001,112,7,113,20,117,1,,61FF073802EE8F830D004D002500710065FE140008FF00000000FF0800044105
1789040218353,2026-09-10T15:36:58.353,v4621,21C08001,182,10,183,20,123,1,,61FF07298E8300D300D300D300D3FFFFFFFFFFFFFFFF00FF01FF0088FFFF00FF
1789040218470,2026-09-10T15:36:58.470,v4621,21C18001,84,5,85,20,114,1,,61FF07448F8386866286868686FFFF64646464FFFF86FFFFFFFFFFFFFFFFFFFF
1789040218594,2026-09-10T15:36:58.595,v4621,21C28001,182,10,183,20,122,1,,61FF07328E591011FFFFFF00AB0C0C0404004601AD64FF64FF0001FFFFFF4C39
1789040218710,2026-09-10T15:36:58.711,v4621,21CA8001,112,6,113,20,113,1,,61FF06F202EE8F830D004A00230068005CFE140008FF00000000FF0800044105
1789040218892,2026-09-10T15:36:58.893,v4621,21C08001,182,10,183,20,155,1,,61FF06E48E8300CA00CA00CA00CAFFFFFFFFFFFFFFFF01FF01FF01CAFFFF01FF
1789040219009,2026-09-10T15:36:59.010,v4621,21C18001,84,5,85,20,114,1,,61FF06CF8E8385856285858585FFFF64646464FFFF85FFFFFFFFFFFFFFFFFFFF
1789040219132,2026-09-10T15:36:59.133,v4621,21C28001,182,10,183,20,121,1,,61FF06A48E591011FFFFFF009C0B0C0404004301AF64FF64FF0001FFFFFF4C39
1789040219252,2026-09-10T15:36:59.252,v4621,21C48001,65,4,66,20,117,1,,61FF06918E7D227D2D7D2B7E857D22FFFFFFFFFFFFFFFFFF
1789040219370,2026-09-10T15:36:59.370,v4621,21CA8001,112,6,113,20,115,1,,61FF068C02EE8E830C0027001400000000FE140008FF00000000FF0800044105
1789040219491,2026-09-10T15:36:59.491,v4621,21CB8001,150,8,151,20,118,1,,61FF064E8E5983FFFFFF00001A0000000100FFFFFF002901F401F301F3FFFFFF
1789040219686,2026-09-10T15:36:59.686,v4621,21C08001,182,10,183,20,166,1,,61FF06248E8300A800A800A800A8FFFFFFFFFFFFFFFF01FF01FF02EFFFFF00FF
1789040219794,2026-09-10T15:36:59.794,v4621,21C18001,84,5,85,20,105,1,,61FF05FD8F8389895474747474FFFF64646464FFFF89FFFFFFFFFFFFFFFFFFFF
1789040219944,2026-09-10T15:36:59.944,v4621,21C28001,182,11,183,20,148,1,,61FF05CF8E590D0EFFFFFF00700A0A0203003E01B464FF64FF0001FFFFFF4C39
1789040220062,2026-09-10T15:37:00.063,v4621,21CA8001,112,6,113,20,116,1,,61FF05B502EE8E830A0027001400000000FE140008FF00010000FF0800044105
1789040220214,2026-09-10T15:37:00.215,v4621,21C08001,182,10,183,20,124,1,,61FF058C8E83009D009D009D009DFFFFFFFFFFFFFFFF00FF01FF0057FFFF00FF
1789040220333,2026-09-10T15:37:00.334,v4621,21C18001,84,5,85,20,117,1,,61FF05518E8388885353535353FFFF64646464FFFF88FFFFFFFFFFFFFFFFFFFF
1789040220455,2026-09-10T15:37:00.456,v4621,21C28001,182,10,183,20,119,1,,61FF04B98E590D0DFFFFFF00580A0A0202003C01B764FF64FF0001FFFFFF4C39
1789040220543,2026-09-10T15:37:00.543,v4621,21C48001,65,4,66,20,85,1,,61FF04628F7B5F7BA47BCA7EB87B5FFFFFFFFFFFFFFFFFFF
1789040220692,2026-09-10T15:37:00.692,v4621,21CA8001,112,6,113,20,146,1,,61FF045702EE8E83090062002F00A40097FE140008FF00000100FF0800044105
1789040220872,2026-09-10T15:37:00.872,v4621,21C08001,182,10,183,20,152,1,,61FF05038E83023D023D023D023DFFFFFFFFFFFFFFFF00FF01FF0030FFFF00FF
1789040220992,2026-09-10T15:37:00.993,v4621,21C18001,84,5,85,20,117,1,,61FF06318E8377774075757575FFFF64646464FFFF77FFFFFFFFFFFFFFFFFFFF
1789040221142,2026-09-10T15:37:01.142,v4621,21C28001,182,10,183,20,147,1,,61FF06B88E592629FFFFFF0178191B0909005A019764FF64FF0001FFFFFF4C39
1789040221261,2026-09-10T15:37:01.262,v4621,21CA8001,112,6,113,20,117,1,,61FF065D02EE8E8309006E003500D200C6FE140008FF00000100FF0800044105
1789040221383,2026-09-10T15:37:01.384,v4621,21CB8001,150,8,151,20,119,1,,61FF05D48E5983FFFFFF00001A0000000102FFFFFF002901F401F301F2FFFFFF
1789040221561,2026-09-10T15:37:01.562,v4621,21C08001,182,11,183,20,151,1,,61FF05878E83022A022A022A022AFFFFFFFFFFFFFFFF00FF01FF01A8FFFF01FF
1789040221709,2026-09-10T15:37:01.710,v4621,21C18001,84,5,85,20,145,1,,61FF063A8E8375754060606060FFFF64646464FFFF75FFFFFFFFFFFFFFFFFFFF
1789040221837,2026-09-10T15:37:01.837,v4621,21C28001,182,10,183,20,124,1,,61FF069D8E5A3739FFFFFF02011F200E0E006E018584FF81FF0901FFFFFF4C39
1789040221921,2026-09-10T15:37:01.922,v4621,21C48001,65,4,66,20,82,1,,61FF06C28E813D813681417E8C813DFFFFFFFFFFFFFFFFFF
1789040222073,2026-09-10T15:37:02.073,v4621,21CA8001,112,6,113,20,149,1,,61FF071E02EE8E840C0083003F01120105FE140008FF00000000FF0800044105
1789040222279,2026-09-10T15:37:02.279,v4621,21C08001,182,10,183,20,177,1,,61FF07A78E8402B902B902B902B9FFFFFFFFFFFFFFFF00FF01FF0044FFFF00FF
1789040222404,2026-09-10T15:37:02.405,v4621,21C18001,84,5,85,20,122,1,,61FF08308D8479794071717171FFFF64646464FFFF79FFFFFFFFFFFFFFFFFFFF
1789040222555,2026-09-10T15:37:02.555,v4621,21C28001,182,10,183,20,148,1,,61FF088E8E592E2FFFFFFF022D1B1C0D0D0069018871FF73FF2701FFFFFF4C39
1789040222674,2026-09-10T15:37:02.674,v4621,21CA8001,112,6,113,20,116,1,,61FF08EC02EE8E84100083003F01110102FE140008FF00000000FF0800044105
1789040222851,2026-09-10T15:37:02.851,v4621,21C08001,182,10,183,20,150,1,,61FF09668E84020A020A020A020AFFFFFFFFFFFFFFFF01FF01FF02A6FFFF01FF
1789040222970,2026-09-10T15:37:02.970,v4621,21C18001,84,5,85,20,116,1,,61FF09AD8E847E7E407E7E7E7EFFFF64646464FFFF7EFFFFFFFFFFFFFFFFFFFF
1789040223094,2026-09-10T15:37:03.094,v4621,21C28001,182,10,183,20,122,1,,61FF09EE8E592728FFFFFF0225191A0D0D0068018A64FF64FF0001FFFFFF4C39
1789040223183,2026-09-10T15:37:03.184,v4621,21C48001,65,4,66,20,86,1,,61FF0A498E7FAF7FBE7FC67E697FAFFFFFFFFFFFFFFFFFFF
1789040223301,2026-09-10T15:37:03.302,v4621,21CA8001,112,6,113,20,115,1,,61FF0A8C02EE8E8412008B00430126011AFE140008FF00000000FF0800044105
1789040223424,2026-09-10T15:37:03.425,v4621,21CB8001,150,8,151,20,120,1,,61FF0AD28E5984FFFFFF00001A0000000101FFFFFF002901F401F301F3FFFFFF
1789040223573,2026-09-10T15:37:03.573,v4621,21C08001,182,10,183,20,121,1,,61FF0B5B8E8402BD02BD02BD02BDFFFFFFFFFFFFFFFF00FF01FF0049FFFF00FF
1789040223692,2026-09-10T15:37:03.693,v4621,21C18001,84,5,85,20,116,1,,61FF0B9E8E847C7C4A7C7C7C7CFFFF64646464FFFF7CFFFFFFFFFFFFFFFFFFFF
1789040223842,2026-09-10T15:37:03.843,v4621,21C28001,182,10,183,20,147,1,,61FF0BBC8F592E2EFFFFFF02F91B1B10110079017972FF71FF3A01FFFFFF4C39
1789040223931,2026-09-10T15:37:03.932,v4621,21CA8001,112,6,113,20,87,1,,61FF0C7002EE8E841500A2004E016D015DFE140008FF00000000FF0800044105
1789040224082,2026-09-10T15:37:04.083,v4621,21C08001,182,10,183,20,125,1,,61FF0CEE8E840302030203020302FFFFFFFFFFFFFFFF00FF01FF00C8FFFF00FF
1789040224202,2026-09-10T15:37:04.203,v4621,21C18001,84,5,85,20,116,1,,61FF0D278E847B7B567B7B7B7BFFFF64646464FFFF7BFFFFFFFFFFFFFFFFFFFF
1789040224351,2026-09-10T15:37:04.352,v4621,21C28001,182,10,183,20,147,1,,61FF0DDF8F593C3BFFFFFF047D20201919009A01578CFF8EFF1D01FFFFFF4C39
1789040224442,2026-09-10T15:37:04.442,v4621,21C48001,65,4,66,20,88,1,,61FF0E598F8243826582657E7D8243FFFFFFFFFFFFFFFFFF
1789040224564,2026-09-10T15:37:04.564,v4621,21CA8001,112,6,113,20,119,1,,61FF0EA002EE8E841A00B3005701A00191FE140008FF00000000FF0800044105
1789040224715,2026-09-10T15:37:04.715,v4621,21C08001,182,10,183,20,123,1,,61FF0F778E8403A203A203A203A2FFFFFFFFFFFFFFFF01FF01FF02EFFFFF01FF
1789040224832,2026-09-10T15:37:04.833,v4621,21C18001,84,5,85,20,114,1,,61FF10018E84807F637F7F7F7FFFFF64646464FFFF80FFFFFFFFFFFFFFFFFFFF
1789040224954,2026-09-10T15:37:04.954,v4621,21C28001,182,10,183,20,119,1,,61FF104A8F593F40FFFFFF05A01E1F1B1B00A5014C85FF86FF2A01FFFFFF4C39
1789040225071,2026-09-10T15:37:05.071,v4621,21CA8001,112,6,113,20,115,1,,61FF10E402EE92841E00B1005601A0018FFE140008FF00000000FF0800044105
1789040225193,2026-09-10T15:37:05.194,v4621,21CB8001,150,8,151,20,119,1,,61FF11048E5884FFFFFF00001A0000000100FFFFFF002901F401F301F2FFFFFF
1789040225343,2026-09-10T15:37:05.344,v4621,21C08001,182,10,183,20,122,1,,61FF11258E840131013101310131FFFFFFFFFFFFFFFF01FF01FF0365FFFF01FF
1789040225432,2026-09-10T15:37:05.432,v4621,21C18001,84,5,85,20,85,1,,61FF10688E848484454E4E4E4EFFFF64646464FFFF84FFFFFFFFFFFFFFFFFFFF
1789040225553,2026-09-10T15:37:05.554,v4621,21C28001,182,10,183,20,119,1,,61FF0F848E581114FFFFFF01AD0A0C090A005C019664FF64FF0001FFFFFF4C39
1789040225643,2026-09-10T15:37:05.643,v4621,21C48001,65,4,66,20,87,1,,61FF0E948E7B8B7B8B7B877E797B8BFFFFFFFFFFFFFFFFFF
1789040225731,2026-09-10T15:37:05.731,v4621,21CA8001,112,6,113,20,85,1,,61FF0DF402EE8E851F0027001400000000FE140008FF00000100FF0800044105
1789040225884,2026-09-10T15:37:05.884,v4621,21C08001,182,10,183,20,125,1,,61FF0D0A8F850000000000000000FFFFFFFFFFFFFFFF00FF00FF0000FFFF00FF
1789040225974,2026-09-10T15:37:05.974,v4621,21C18001,84,5,85,20,87,1,,61FF0C358F859797626E6E6E6EFFFF64646464FFFF97FFFFFFFFFFFFFFFFFFFF
1789040226124,2026-09-10T15:37:06.125,v4621,21C28001,182,10,183,20,148,1,,61FF0C0B8E580D0DFFFFFF00E60A0A0606004D01A464FF64FF0001FFFFFF4C39
1789040226215,2026-09-10T15:37:06.216,v4621,21CA8001,112,6,113,20,88,1,,61FF0B5B02EE8E851F0065003000B600ABFE140008FF00000100FF0800044105
1789040226365,2026-09-10T15:37:06.365,v4621,21C08001,182,10,183,20,121,1,,61FF0A498E8500D600D600D600D6FFFFFFFFFFFFFFFF01FF01FF036AFFFF01FF
1789040226452,2026-09-10T15:37:06.452,v4621,21C18001,84,5,85,20,84,1,,61FF09448E8585855E82828282FFFF64646464FFFF85FFFFFFFFFFFFFFFFFFFF
1789040226576,2026-09-10T15:37:06.577,v4621,21C28001,182,10,183,20,122,1,,61FF09758E581513FFFFFF01030E0D0707005201A064FF64FF0001FFFFFF4C39
1789040226663,2026-09-10T15:37:06.664,v4621,21C48001,65,4,66,20,84,1,,61FF09C88E7DF07DCF7DD07E4C7DF0FFFFFFFFFFFFFFFFFF
1789040226751,2026-09-10T15:37:06.751,v4621,21CA8001,112,6,113,20,85,1,,61FF099D02EE8E85200068003200C100B4FE140008FF00000100FF0800044105
1789040226872,2026-09-10T15:37:06.873,v4621,21CB8001,150,8,151,20,119,1,,61FF097F8E5885FFFFFF00001A0000000101FFFFFF002901F401F301F2FFFFFF
1789040227023,2026-09-10T15:37:07.023,v4621,21C08001,182,10,183,20,122,1,,61FF098E8E850125012501250125FFFFFFFFFFFFFFFF01FF01FF02D7FFFF01FF
1789040227112,2026-09-10T15:37:07.112,v4621,21C18001,84,5,85,20,86,1,,61FF09848E858080557D7D7D7DFFFF64646464FFFF80FFFFFFFFFFFFFFFFFFFF
1789040227234,2026-09-10T15:37:07.235,v4621,21C28001,182,10,183,20,119,1,,61FF098E8E581615FFFFFF011F0E0E07080053019F64FF64FF0001FFFFFF4C39
1789040227352,2026-09-10T15:37:07.352,v4621,21CA8001,112,6,113,20,115,1,,61FF097F02EE8F851F0068003200C100B4FE140008FF00000000FF0800044105
1789040227502,2026-09-10T15:37:07.503,v4621,21C08001,182,10,183,20,124,1,,61FF09938F850115011501150115FFFFFFFFFFFFFFFF01FF01FF01FBFFFF01FF
1789040227622,2026-09-10T15:37:07.623,v4621,21C18001,84,5,85,20,116,1,,61FF09AD8F858181557D7D7D7DFFFF64646464FFFF81FFFFFFFFFFFFFFFFFFFF
1789040227743,2026-09-10T15:37:07.743,v4621,21C28001,182,10,183,20,118,1,,61FF09988E581615FFFFFF011F0E0E0808005301A064FF64FF0001FFFFFF4C39
1789040227834,2026-09-10T15:37:07.834,v4621,21C48001,65,4,66,20,88,1,,61FF09AD8E7E117DF57DF57E4E7E11FFFFFFFFFFFFFFFFFF
1789040227953,2026-09-10T15:37:07.954,v4621,21CA8001,112,7,113,20,117,1,,61FF099D02EE8D85200069003200C500BAFE140008FF00000000FF0800044105
1789040228106,2026-09-10T15:37:08.107,v4621,21C08001,182,10,183,20,126,1,,61FF09938E850129012901290129FFFFFFFFFFFFFFFF00FF01FF0044FFFF00FF
1789040228191,2026-09-10T15:37:08.192,v4621,21C18001,84,5,85,20,81,1,,61FF09A38F858080527D7D7D7DFFFF64646464FFFF80FFFFFFFFFFFFFFFFFFFF
1789040228344,2026-09-10T15:37:08.345,v4621,21C28001,182,10,183,20,150,1,,61FF09A88E581717FFFFFF01330F0F08080055019D64FF64FF0001FFFFFF4C39
1789040228433,2026-09-10T15:37:08.433,v4621,21CA8001,112,6,113,20,87,1,,61FF09B202EE8E85200071003600DB00CEFE140008FF00000000FF0800044105
1789040228552,2026-09-10T15:37:08.552,v4621,21CB8001,150,8,151,20,116,1,,61FF09C28E5885FFFFFF00001A0000000101FFFFFF002901F401F301F3FFFFFF
1789040228702,2026-09-10T15:37:08.703,v4621,21C08001,182,10,183,20,123,1,,61FF09C28D85016F016F016F016FFFFFFFFFFFFFFFFF01FF01FF02BAFFFF01FF
1789040228794,2026-09-10T15:37:08.794,v4621,21C18001,84,5,85,20,89,1,,61FF09CD8D857F7F467B7B7B7BFFFF64646464FFFF7FFFFFFFFFFFFFFFFFFFFF
1789040228943,2026-09-10T15:37:08.943,v4621,21C28001,182,10,183,20,146,1,,61FF09CD8E582621FFFFFF01D018160C0C0066018B64FF64FF0001FFFFFF4C39
1789040229031,2026-09-10T15:37:09.032,v4621,21C48001,65,4,66,20,86,1,,61FF09D88E80927FDB7FDB7E588092FFFFFFFFFFFFFFFFFF
1789040229152,2026-09-10T15:37:09.152,v4621,21CA8001,112,6,113,20,118,1,,61FF09F302EE8E85210090004501350125FE140008FF00000000FF0800044105
1789040229303,2026-09-10T15:37:09.303,v4621,21C08001,182,10,183,20,124,1,,61FF0A098E8502FE02FE02FE02FEFFFFFFFFFFFFFFFF00FF01FF0049FFFF00FF
1789040229394,2026-09-10T15:37:09.394,v4621,21C18001,84,5,85,20,88,1,,61FF0A378E8579794479797979FFFF64646464FFFF79FFFFFFFFFFFFFFFFFFFF
1789040229514,2026-09-10T15:37:09.514,v4621,21C28001,182,10,183,20,117,1,,61FF0A558E583A3AFFFFFF034720201414008901688BFF8BFF2901FFFFFF4C39
1789040229632,2026-09-10T15:37:09.632,v4621,21CA8001,112,6,113,20,115,1,,61FF0A6D02EE8E8522009E004D01610154FE140008FF00000000FF0800044105
1789040229784,2026-09-10T15:37:09.784,v4621,21C08001,182,10,183,20,123,1,,61FF0A9E8E85038D038D038D038DFFFFFFFFFFFFFFFF00FF01FF0049FFFF00FF
1789040229874,2026-09-10T15:37:09.874,v4621,21C18001,84,5,85,20,86,1,,61FF0ABE8E857A7A4A7A7A7A7AFFFF64646464FFFF7AFFFFFFFFFFFFFFFFFFFF
1789040230024,2026-09-10T15:37:10.024,v4621,21C28001,182,10,183,20,147,1,,61FF0ADF8E593D3FFFFFFF03AE212216170092015F8AFF8BFF3001FFFFFF4C39
1789040230114,2026-09-10T15:37:10.114,v4621,21C48001,65,4,66,20,87,1,,61FF0B078E8267827E827E7E458267FFFFFFFFFFFFFFFFFF
1789040230233,2026-09-10T15:37:10.234,v4621,21CA8001,112,7,113,20,117,1,,61FF0B3802EE8F852500A4005001740166FE140008FF00000000FF0800044105
1789040230353,2026-09-10T15:37:10.354,v4621,21CB8001,150,8,151,20,118,1,,61FF0B548E5885FFFFFF00001A0000000101FFFFFF002801F401F301F2FFFFFF
1789040230501,2026-09-10T15:37:10.502,v4621,21C08001,182,10,183,20,121,1,,61FF0B718F850390039003900390FFFFFFFFFFFFFFFF01FF01FF0231FFFF01FF
1789040230593,2026-09-10T15:37:10.593,v4621,21C18001,84,5,85,20,88,1,,61FF0BA58E857A7A4F7A7A7A7AFFFF64646464FFFF7AFFFFFFFFFFFFFFFFFFFF
1789040230771,2026-09-10T15:37:10.771,v4621,21C28001,182,10,183,20,175,1,,61FF0BE38F583C3EFFFFFF03FD202117170095015C89FF8AFF2701FFFFFF4C39
1789040230892,2026-09-10T15:37:10.893,v4621,21CA8001,112,6,113,20,119,1,,61FF0BEB02EE8D852700A70051017E016FFE140008FF00000000FF0800044105
1789040231046,2026-09-10T15:37:11.047,v4621,21C08001,182,10,183,20,124,1,,61FF0C358E850354035403540354FFFFFFFFFFFFFFFF01FF01FF02E6FFFF01FF
1789040231131,2026-09-10T15:37:11.132,v4621,21C18001,84,5,85,20,82,1,,61FF0C4E8E857A7A557A7A7A7AFFFF64646464FFFF7AFFFFFFFFFFFFFFFFFFFF
1789040231254,2026-09-10T15:37:11.255,v4621,21C28001,182,10,183,20,120,1,,61FF0C5F8F584242FFFFFF046E23231C1C00A6014C88FF89FF2801FFFFFF4C39
1789040231344,2026-09-10T15:37:11.344,v4621,21C48001,65,4,66,20,86,1,,61FF0CAE8E838E83A483A67E45838EFFFFFFFFFFFFFFFFFF
1789040231461,2026-09-10T15:37:11.461,v4621,21CA8001,112,6,113,20,115,1,,61FF0CC002EE8E852A00B8005901AF01A0FE140008FF00000000FF0800044105
1789040231642,2026-09-10T15:37:11.643,v4621,21C08001,182,10,183,20,153,1,,61FF0CE58F860408040804080408FFFFFFFFFFFFFFFF00FF01FF0057FFFF00FF
1789040231734,2026-09-10T15:37:11.734,v4621,21C18001,84,5,85,20,88,1,,61FF0D148E867B7B5C7B7B7B7BFFFF64646464FFFF7BFFFFFFFFFFFFFFFFFFFF
1789040231855,2026-09-10T15:37:11.855,v4621,21C28001,182,10,183,20,119,1,,61FF0D448E584546FFFFFF05072425212100BD013488FF88FF2E01FFFFFF4C39
1789040231973,2026-09-10T15:37:11.974,v4621,21CA8001,112,6,113,20,115,1,,61FF0D6C02EE8E862C00B8005901B101A0FE140008FF00000000FF0800044105
1789040232123,2026-09-10T15:37:12.124,v4621,21CB8001,150,8,151,20,147,1,,61FF0D958E5886FFFFFF00001A0000000101FFFFFF002801F401F301F3FFFFFF
1789040232304,2026-09-10T15:37:12.304,v4621,21C08001,182,10,183,20,126,1,,61FF0DC98F8603EA03EA03EA03EAFFFFFFFFFFFFFFFF00FF01FF0088FFFF00FF
1789040232393,2026-09-10T15:37:12.394,v4621,21C18001,84,5,85,20,86,1,,61FF0DFF8F867C7C5F7C7C7C7CFFFF64646464FFFF7CFFFFFFFFFFFFFFFFFFFF
1789040232543,2026-09-10T15:37:12.544,v4621,21C28001,182,11,183,20,147,1,,61FF0E158F584445FFFFFF054123241E1E00B2013F87FF88FF2901FFFFFF4C39
1789040232634,2026-09-10T15:37:12.635,v4621,21C48001,65,4,66,20,88,1,,61FF0E428F8320834783477E6B8320FFFFFFFFFFFFFFFFFF
1789040232753,2026-09-10T15:37:12.754,v4621,21CA8001,112,6,113,20,116,1,,61FF0E6502EE8F862F00B9005A01B201A2FE140008FF00000000FF0800044105
1789040232903,2026-09-10T15:37:12.904,v4621,21C08001,182,10,183,20,121,1,,61FF0EAC8E8603B103B103B103B1FFFFFFFFFFFFFFFF00FF01FF005CFFFF00FF
1789040232991,2026-09-10T15:37:12.991,v4621,21C18001,84,5,85,20,84,1,,61FF0EB88E867D7D617D7D7D7DFFFF64646464FFFF7DFFFFFFFFFFFFFFFFFFFF
1789040233143,2026-09-10T15:37:13.144,v4621,21C28001,182,10,183,20,148,1,,61FF0ED08F58353CFFFFFF04B21B1F1616009001618BFF89FF3501FFFFFF4C39
1789040233262,2026-09-10T15:37:13.262,v4621,21CA8001,112,6,113,20,115,1,,61FF0EDC02EE8F86310085004001200111FE140008FF00000000FF0800044105
1789040233444,2026-09-10T15:37:13.445,v4621,21C08001,182,10,183,20,145,1,,61FF0EB88F8600EC00EC00EC00ECFFFFFFFFFFFFFFFF01FF01FF038CFFFF01FF
1789040233533,2026-09-10T15:37:13.533,v4621,21C18001,84,5,85,20,85,1,,61FF0DDF8F8788885252525252FFFF64646464FFFF88FFFFFFFFFFFFFFFFFFFF
1789040233686,2026-09-10T15:37:13.686,v4621,21C28001,182,10,183,20,150,1,,61FF0D318E580E0FFFFFFF01120A0B0707005001A264FF64FF0001FFFFFF4C39
1789040233770,2026-09-10T15:37:13.770,v4621,21C48001,65,4,66,20,81,1,,61FF0C358F7BA97BA97BA47E5B7BA9FFFFFFFFFFFFFFFFFF
1789040233891,2026-09-10T15:37:13.891,v4621,21CA8001,112,6,113,20,117,1,,61FF0B8702EE8F873100440020004F0042FE140008FF00000100FF0800044105
1789040234012,2026-09-10T15:37:14.012,v4621,21CB8001,150,8,151,20,118,1,,61FF0B548F5887FFFFFF00001B0000000101FFFFFF002901F401F301F1FFFFFF
1789040234165,2026-09-10T15:37:14.165,v4621,21C08001,182,10,183,20,125,1,,61FF0ADF8F8700FC00FC00FC00FCFFFFFFFFFFFFFFFF01FF00FF0378FFFF01FF
1789040234252,2026-09-10T15:37:14.253,v4621,21C18001,84,5,85,20,84,1,,61FF0A1A8E877F7F407C7C7C7CFFFF64646464FFFF7FFFFFFFFFFFFFFFFFFFFF
1789040234404,2026-09-10T15:37:14.404,v4621,21C28001,182,10,183,20,149,1,,61FF0A498F58332DFFFFFF0297201C13120080017269FF64FF5E01FFFFFF4C39
1789040234492,2026-09-10T15:37:14.492,v4621,21CA8001,112,6,113,20,85,1,,61FF0A6102EE8F87310093004701410131FE140008FF00000100FF0800044105
1789040234642,2026-09-10T15:37:14.642,v4621,21C08001,182,10,183,20,121,1,,61FF0A378F870372037203720372FFFFFFFFFFFFFFFF01FF01FF02F9FFFF01FF
1789040234734,2026-09-10T15:37:14.734,v4621,21C18001,84,5,85,20,89,1,,61FF0A558E8779794072727272FFFF64646464FFFF79FFFFFFFFFFFFFFFFFFFF
1789040234885,2026-09-10T15:37:14.885,v4621,21C28001,182,10,183,20,148,1,,61FF0A6D8E584141FFFFFF03B123231819009B01578BFF8CFF2901FFFFFF4C39
1789040234974,2026-09-10T15:37:14.974,v4621,21C48001,65,4,66,20,86,1,,61FF0A858F82EC82FE82F87E2A82ECFFFFFFFFFFFFFFFFFF
1789040235090,2026-09-10T15:37:15.090,v4621,21CA8001,112,6,113,20,113,1,,61FF0A8C02EE8F873200970049014D0140FE140008FF00000000FF0800044105
1789040235241,2026-09-10T15:37:15.242,v4621,21C08001,182,10,183,20,124,1,,61FF0A9E8F8703DA03DA03DA03DAFFFFFFFFFFFFFFFF00FF01FF004EFFFF00FF
1789040235332,2026-09-10T15:37:15.333,v4621,21C18001,84,5,85,20,87,1,,61FF0AAB8E8778784672727272FFFF64646464FFFF78FFFFFFFFFFFFFFFFFFFF
1789040235482,2026-09-10T15:37:15.483,v4621,21C28001,182,10,183,20,148,1,,61FF0ABE8F584A48FFFFFF04292726212100BC01368AFF8BFF2C01FFFFFF4C39
1789040235571,2026-09-10T15:37:15.571,v4621,21CA8001,112,6,113,20,86,1,,61FF0AD202EE8E873300A2004F016E0160FE140008FF00000000FF0800044105
1789040235691,2026-09-10T15:37:15.692,v4621,21CB8001,150,8,151,20,117,1,,61FF0AE68F5887FFFFFF00001B0000000101FFFFFF002901F401F301F2FFFFFF
1789040235841,2026-09-10T15:37:15.842,v4621,21C08001,182,10,183,20,125,1,,61FF0B018F87045D045D045D045DFFFFFFFFFFFFFFFF00FF01FF0222FFFF01FF
1789040235933,2026-09-10T15:37:15.933,v4621,21C18001,84,5,85,20,88,1,,61FF0B0E8F8779795379797979FFFF64646464FFFF79FFFFFFFFFFFFFFFFFFFF
1789040236084,2026-09-10T15:37:16.085,v4621,21C28001,182,10,183,20,149,1,,61FF0B0E8E584044FFFFFF03F922251919009B01578AFF8BFF2D01FFFFFF4C39
1789040236172,2026-09-10T15:37:16.172,v4621,21C48001,65,4,66,20,86,1,,61FF0B2A8F81A181D4820C7E3281A1FFFFFFFFFFFFFFFFFF
1789040236292,2026-09-10T15:37:16.293,v4621,21CA8001,112,6,113,20,118,1,,61FF0B2A02EE8F87350082003E010E00FFFE140008FF00000000FF0800044105
1789040236441,2026-09-10T15:37:16.442,v4621,21C08001,182,10,183,20,101,1,,61FF0B388F870255025502550255FFFFFFFFFFFFFFFF01FF01FF036EFFFF01FF
1789040236532,2026-09-10T15:37:16.532,v4621,21C18001,84,5,85,20,87,1,,61FF0B3F8F877E7E407A7A7A7AFFFF64646464FFFF7EFFFFFFFFFFFFFFFFFFFF
1789040236684,2026-09-10T15:37:16.684,v4621,21C28001,182,10,183,20,149,1,,61FF0B3F8F582325FFFFFF023F16180C0C0067018B64FF64FF0001FFFFFF4C39
1789040236772,2026-09-10T15:37:16.773,v4621,21CA8001,112,6,113,20,86,1,,61FF0B3802EE8F87360070003600DC00CEFE140008FF00000000FF0800044105
1789040236924,2026-09-10T15:37:16.925,v4621,21C08001,182,10,183,20,115,1,,61FF0B468F870198019801980198FFFFFFFFFFFFFFFF01FF01FF037DFFFF01FF
1789040237012,2026-09-10T15:37:17.013,v4621,21C18001,84,5,85,20,85,1,,61FF0B3F8F8780804075757575FFFF64646464FFFF80FFFFFFFFFFFFFFFFFFFF
1789040237134,2026-09-10T15:37:17.135,v4621,21C28001,182,10,183,20,120,1,,61FF0B318F58181CFFFFFF01A91012090A005C019664FF64FF0001FFFFFF4C39
1789040237224,2026-09-10T15:37:17.224,v4621,21C48001,65,4,66,20,86,1,,61FF0B318E7E5B7E797E747E417E5BFFFFFFFFFFFFFFFFFF
1789040237312,2026-09-10T15:37:17.312,v4621,21CA8001,112,6,113,20,85,1,,61FF0B2A02EE8F87350066003000B900ABFE140008FF00000000FF0800044105
1789040237432,2026-09-10T15:37:17.432,v4621,21CB8001,150,8,151,20,117,1,,61FF0B388F5787FFFFFF00001B0000000101FFFFFF002801F401F301F4FFFFFF
1789040237584,2026-09-10T15:37:17.584,v4621,21C08001,182,10,183,20,125,1,,61FF0B238F870116011601160116FFFFFFFFFFFFFFFF01FF01FF034CFFFF01FF
1789040237675,2026-09-10T15:37:17.676,v4621,21C18001,84,5,85,20,88,1,,61FF0B158F8781815081818181FFFF64646464FFFF81FFFFFFFFFFFFFFFFFFFF
1789040237822,2026-09-10T15:37:17.822,v4621,21C28001,182,10,183,20,144,1,,61FF0B2A8F571818FFFFFF0176101009090059019964FF64FF0001FFFFFF4C39
1789040237944,2026-09-10T15:37:17.944,v4621,21CA8001,112,7,113,20,119,1,,61FF0B1C02EE8F87350064003000B500A8FE140008FF00000000FF0800044105
1789040238122,2026-09-10T15:37:18.122,v4621,21C08001,182,10,183,20,151,1,,61FF0B078F88011F011F011F011FFFFFFFFFFFFFFFFF00FF01FF0049FFFF00FF
1789040238215,2026-09-10T15:37:18.216,v4621,21C18001,84,5,85,20,90,1,,61FF0B238E8881815181818181FFFF64646464FFFF81FFFFFFFFFFFFFFFFFFFF
1789040238363,2026-09-10T15:37:18.364,v4621,21C28001,182,10,183,20,145,1,,61FF0B158F571B19FFFFFF018612110A0A005C019664FF64FF0001FFFFFF4C39
1789040238453,2026-09-10T15:37:18.454,v4621,21C48001,65,4,66,20,87,1,,61FF0B018F7EB57E917E917E3F7EB5FFFFFFFFFFFFFFFFFF
1789040238575,2026-09-10T15:37:18.575,v4621,21CA8001,112,6,113,20,118,1,,61FF0B0102EE8E8834006B003300CA00BDFE140008FF00000000FF0800044105
1789040238724,2026-09-10T15:37:18.724,v4621,21C08001,182,10,183,20,122,1,,61FF0B078F880153015301530153FFFFFFFFFFFFFFFF01FF01FF02D7FFFF01FF
1789040238812,2026-09-10T15:37:18.813,v4621,21C18001,84,5,85,20,85,1,,61FF0B018F8880804D80808080FFFF64646464FFFF80FFFFFFFFFFFFFFFFFFFF
1789040238962,2026-09-10T15:37:18.962,v4621,21C28001,182,10,183,20,146,1,,61FF0AF38F571C1BFFFFFF019B12120A0A005D019564FF64FF0001FFFFFF4C39
1789040239052,2026-09-10T15:37:19.053,v4621,21CA8001,112,6,113,20,88,1,,61FF0B0102EE8F8834006C003400CB00BDFE140008FF00000000FF0800044105
1789040239173,2026-09-10T15:37:19.174,v4621,21CB8001,150,8,151,20,118,1,,61FF0B018F5788FFFFFF00001B0000000101FFFFFF002801F401F301F3FFFFFF
1789040239321,2026-09-10T15:37:19.322,v4621,21C08001,182,10,183,20,121,1,,61FF0ADF8F88015B015B015B015BFFFFFFFFFFFFFFFF01FF01FF02C4FFFF01FF
1789040239413,2026-09-10T15:37:19.414,v4621,21C18001,84,5,85,20,89,1,,61FF0AF38F8880804A80808080FFFF64646464FFFF80FFFFFFFFFFFFFFFFFFFF
1789040239535,2026-09-10T15:37:19.536,v4621,21C28001,182,10,183,20,119,1,,61FF0ACB8F57191CFFFFFF019E10130909005A019864FF64FF0001FFFFFF4C39
1789040239621,2026-09-10T15:37:19.622,v4621,21C48001,65,4,66,20,83,1,,61FF0ADF8F7E077E357E297E407E07FFFFFFFFFFFFFFFFFF
1789040239715,2026-09-10T15:37:19.715,v4621,21CA8001,112,6,113,20,91,1,,61FF0AEC02EE8F8834005D002C00A20097FE140008FF00000000FF0800044105
1789040239862,2026-09-10T15:37:19.862,v4621,21C08001,182,10,183,20,121,1,,61FF0AD28F8800F800F800F800F8FFFFFFFFFFFFFFFF01FF01FF02DCFFFF01FF
1789040239953,2026-09-10T15:37:19.954,v4621,21C18001,84,5,85,20,88,1,,61FF0A9E8F8886864D72727272FFFF64646464FFFF86FFFFFFFFFFFFFFFFFFFF
1789040240104,2026-09-10T15:37:20.104,v4621,21C28001,182,10,183,20,148,1,,61FF0A858F570E10FFFFFF00EC0A0C0606004B01A764FF64FF0001FFFFFF4C39
1789040240192,2026-09-10T15:37:20.192,v4621,21CA8001,112,6,113,20,85,1,,61FF0ACB02EE8F8833005000260078006BFE140008FF00000000FF0800044105
1789040240344,2026-09-10T15:37:20.344,v4621,21C08001,182,10,183,20,125,1,,61FF0ABE8F8800BA00BA00BA00BAFFFFFFFFFFFFFFFF00FF01FF003AFFFF00FF
1789040240434,2026-09-10T15:37:20.434,v4621,21C18001,84,5,85,20,87,1,,61FF0A8C8F888F8F568E8E8E8EFFFF64646464FFFF8FFFFFFFFFFFFFFFFFFFFF
1789040240582,2026-09-10T15:37:20.583,v4621,21C28001,182,10,183,20,146,1,,61FF0A738F570F0EFFFFFF00D30A0A0606004B01A664FF64FF0001FFFFFF4C39
1789040240673,2026-09-10T15:37:20.673,v4621,21C48001,65,4,66,20,87,1,,61FF0A618F7D227D217D1C7E4A7D22FFFFFFFFFFFFFFFFFF
1789040240792,2026-09-10T15:37:20.793,v4621,21CA8001,112,6,113,20,117,1,,61FF0A5B02EE8F8832004E002500740068FE140008FF00000000FF0800044105
1789040240941,2026-09-10T15:37:20.942,v4621,21CB8001,150,9,151,20,146,1,,61FF0A798F5788FFFFFF00001B0000000100FFFFFF002801F401F301F2FFFFFF
1789040241122,2026-09-10T15:37:21.123,v4621,21C08001,182,10,183,20,154,1,,61FF0A678F8800B700B700B700B7FFFFFFFFFFFFFFFF01FF01FF02EBFFFF01FF
1789040241214,2026-09-10T15:37:21.214,v4621,21C18001,84,5,85,20,88,1,,61FF0A438F888F8F6A83838383FFFF64646464FFFF8FFFFFFFFFFFFFFFFFFFFF
1789040241363,2026-09-10T15:37:21.363,v4621,21C28001,182,10,183,20,147,1,,61FF0A2C8F580E0EFFFFFF00C90A0A0505004A01A764FF64FF0001FFFFFF4C39
1789040241453,2026-09-10T15:37:21.454,v4621,21CA8001,112,6,113,20,87,1,,61FF0A3702EE8F8831004C0024006C0062FE140008FF00000000FF0800044105
1789040241603,2026-09-10T15:37:21.604,v4621,21C08001,182,10,183,20,125,1,,61FF0A318F8800BB00BB00BB00BBFFFFFFFFFFFFFFFF00FF01FF009CFFFF00FF
1789040241693,2026-09-10T15:37:21.693,v4621,21C18001,84,5,85,20,86,1,,61FF0A208F888F8F6A83838383FFFF64646464FFFF8FFFFFFFFFFFFFFFFFFFFF
1789040241814,2026-09-10T15:37:21.815,v4621,21C28001,182,10,183,20,119,1,,61FF0A208F580E0EFFFFFF00C90A0A0505004A01A864FF64FF0001FFFFFF4C39
1789040241903,2026-09-10T15:37:21.903,v4621,21C48001,65,4,66,20,85,1,,61FF0A098F7CE27CE27CDC7E4B7CE2FFFFFFFFFFFFFFFFFF
1789040241992,2026-09-10T15:37:21.992,v4621,21CA8001,112,6,113,20,87,1,,61FF0A2002EE8E893000450020005D0051FE140008FF00000000FF0800044105
1789040242143,2026-09-10T15:37:22.143,v4621,21C08001,182,10,183,20,124,1,,61FF0A0F8F8900B100B100B100B1FFFFFFFFFFFFFFFF01FF01FF0267FFFF01FF
1789040242233,2026-09-10T15:37:22.234,v4621,21C18001,84,5,85,20,87,1,,61FF09DD8F898F8F6973737373FFFF64646464FFFF8FFFFFFFFFFFFFFFFFFFFF
1789040242384,2026-09-10T15:37:22.384,v4621,21C28001,182,10,183,20,148,1,,61FF09E38E580E0EFFFFFF00C40A0A0505004901A964FF64FF0001FFFFFF4C39
1789040242502,2026-09-10T15:37:22.502,v4621,21CA8001,112,7,113,20,115,1,,61FF09D802EE8F892F0027001400000000FE140008FF00010000FF0800044105
1789040242622,2026-09-10T15:37:22.623,v4621,21CB8001,150,8,151,20,118,1,,61FF09B88F5889FFFFFF00001B0000000101FFFFFF002801F401F301F3FFFFFF
1789040242804,2026-09-10T15:37:22.805,v4621,21C08001,182,10,183,20,155,1,,61FF09988F8900C200C200C200C2FFFFFFFFFFFFFFFF00FF01FF004EFFFF00FF
1789040242893,2026-09-10T15:37:22.894,v4621,21C18001,84,5,85,20,86,1,,61FF097A8F898F8F5461616161FFFF64646464FFFF8FFFFFFFFFFFFFFFFFFFFF
1789040243042,2026-09-10T15:37:23.042,v4621,21C28001,182,10,183,20,146,1,,61FF09618F580E0FFFFFFF00C10A0A0505004901A964FF64FF0001FFFFFF4C39
1789040243133,2026-09-10T15:37:23.133,v4621,21C48001,65,4,66,20,88,1,,61FF09318F7BBA7BD67BDA7E517BBAFFFFFFFFFFFFFFFFFF
1789040243252,2026-09-10T15:37:23.253,v4621,21CA8001,112,6,113,20,117,1,,61FF091002EE8E892C0027001400000000FE140008FF00010000FF0800044105
1789040243403,2026-09-10T15:37:23.403,v4621,21C08001,182,10,183,20,123,1,,61FF090B8F890000000000000000FFFFFFFFFFFFFFFF00FF00FF0022FFFF00FF
1789040243494,2026-09-10T15:37:23.495,v4621,21C18001,84,5,85,20,88,1,,61FF09078F898C8C5B5B5B5B5BFFFF64646464FFFF8CFFFFFFFFFFFFFFFFFFFF
1789040243644,2026-09-10T15:37:23.644,v4621,21C28001,182,10,183,20,147,1,,61FF08EC8F580E0FFFFFFF00BF0A0B0505004801AA64FF64FF0001FFFFFF4C39
1789040243735,2026-09-10T15:37:23.736,v4621,21CA8001,112,6,113,20,88,1,,61FF08D602EE8F892B0027001400000000FE140008FF00000000FF0800044105
1789040243882,2026-09-10T15:37:23.882,v4621,21C08001,182,10,183,20,119,1,,61FF08C08F890000000000000000FFFFFFFFFFFFFFFF00FF00FF0004FFFF00FF
1789040243973,2026-09-10T15:37:23.973,v4621,21C18001,84,5,85,20,88,1,,61FF08AB8F899393526A6A6A6AFFFF64646464FFFF93FFFFFFFFFFFFFFFFFFFF
1789040244122,2026-09-10T15:37:24.123,v4621,21C28001,182,10,183,20,147,1,,61FF08C98F580E0FFFFFFF00B50A0A0505004701AD64FF64FF0001FFFFFF4C39
1789040244214,2026-09-10T15:37:24.214,v4621,21C48001,65,4,66,20,89,1,,61FF08C08F7CCA7CDB7CD37E5B7CCAFFFFFFFFFFFFFFFFFF
1789040244331,2026-09-10T15:37:24.332,v4621,21CA8001,112,6,113,20,115,1,,61FF086E02EE8F89290042001F00510045FE140008FF00000000FF0800044105
1789040244454,2026-09-10T15:37:24.454,v4621,21CB8001,150,8,151,20,119,1,,61FF08568F5889FFFFFF00001C0000000101FFFFFF002801F401F301F3FFFFFF
1789040244607,2026-09-10T15:37:24.607,v4621,21C08001,182,10,183,20,130,1,,61FF08A38F8900AD00AD00AD00ADFFFFFFFFFFFFFFFF01FF01FF0351FFFF01FF
1789040244691,2026-09-10T15:37:24.692,v4621,21C18001,84,5,85,20,81,1,,61FF088A8F898E8E558E8E8E8EFFFF64646464FFFF8EFFFFFFFFFFFFFFFFFFFF
1789040244839,2026-09-10T15:37:24.840,v4621,21C28001,182,10,183,20,145,1,,61FF086E8F580E0EFFFFFF00A50A0A0404004601AB64FF64FF0001FFFFFF4C39
1789040244932,2026-09-10T15:37:24.932,v4621,21CA8001,112,6,113,20,90,1,,61FF086E02EE8F892900470022005F0053FE140008FF00000000FF0800044105
1789040245084,2026-09-10T15:37:25.084,v4621,21C08001,182,10,183,20,124,1,,61FF08728F8900B600B600B600B6FFFFFFFFFFFFFFFF00FF01FF0044FFFF00FF
1789040245171,2026-09-10T15:37:25.172,v4621,21C18001,84,5,85,20,85,1,,61FF08378F898E8E538C8C8C8CFFFF64646464FFFF8EFFFFFFFFFFFFFFFFFFFF
1789040245322,2026-09-10T15:37:25.322,v4621,21C28001,182,10,183,20,148,1,,61FF08218F580F0EFFFFFF00A40A0A0404004601AB64FF64FF0001FFFFFF4C39
1789040245411,2026-09-10T15:37:25.412,v4621,21C48001,65,4,66,20,87,1,,61FF08568F7D2C7CDC7CDF7E5A7D2CFFFFFFFFFFFFFFFFFF
1789040245533,2026-09-10T15:37:25.533,v4621,21CA8001,112,6,113,20,118,1,,61FF086202EE8F89270048002200600056FE140008FF00000000FF0800044105
1789040245714,2026-09-10T15:37:25.714,v4621,21C08001,182,10,183,20,153,1,,61FF085E8F8A00B800B800B800B8FFFFFFFFFFFFFFFF01FF01FF0312FFFF01FF
1789040245830,2026-09-10T15:37:25.831,v4621,21C18001,84,5,85,20,113,1,,61FF08218F8A8D8D5283838383FFFF64646464FFFF8DFFFFFFFFFFFFFFFFFFFF
1789040245984,2026-09-10T15:37:25.985,v4621,21C28001,182,10,183,20,152,1,,61FF08168F580F0FFFFFFF00AB0A0B0505004701AB64FF64FF0001FFFFFF4C39
1789040246073,2026-09-10T15:37:26.074,v4621,21CA8001,112,6,113,20,86,1,,61FF081202EE8F8A270048002200620056FE140008FF00000000FF0800044105
1789040246193,2026-09-10T15:37:26.194,v4621,21CB8001,150,8,151,20,117,1,,61FF080B8F588AFFFFFF00001C0000000101FFFFFF002801F401F301F2FFFFFF
1789040246372,2026-09-10T15:37:26.373,v4621,21C08001,182,10,183,20,150,1,,61FF08168F8A00C900C900C900C9FFFFFFFFFFFFFFFF00FF01FF0088FFFF00FF
1789040246492,2026-09-10T15:37:26.493,v4621,21C18001,84,5,85,20,117,1,,61FF08258F8A8C8C658B8B8B8BFFFF64646464FFFF8CFFFFFFFFFFFFFFFFFFFF
1789040246642,2026-09-10T15:37:26.643,v4621,21C28001,182,10,183,20,147,1,,61FF07F98F58100FFFFFFF00AA0B0B0505004701AB64FF64FF0001FFFFFF4C39
1789040246732,2026-09-10T15:37:26.732,v4621,21C48001,65,4,66,20,86,1,,61FF07EE8F7D637D477D477E5B7D63FFFFFFFFFFFFFFFFFF
1789040246852,2026-09-10T15:37:26.852,v4621,21CA8001,112,6,113,20,117,1,,61FF080702EE8E8A26004C0024006C005FFE140008FF00000000FF0800044105
1789040247001,2026-09-10T15:37:27.002,v4621,21C08001,182,10,183,20,123,1,,61FF081D8F8A00CC00CC00CC00CCFFFFFFFFFFFFFFFF01FF01FF032AFFFF01FF
1789040247092,2026-09-10T15:37:27.092,v4621,21C18001,84,5,85,20,87,1,,61FF07B48F8A88886185858585FFFF64646464FFFF88FFFFFFFFFFFFFFFFFFFF
1789040247243,2026-09-10T15:37:27.244,v4621,21C28001,182,10,183,20,150,1,,61FF07C88F581111FFFFFF00B90C0C0505004901A964FF64FF0001FFFFFF4C39
1789040247333,2026-09-10T15:37:27.333,v4621,21CA8001,112,6,113,20,86,1,,61FF07E702EE8F8A26004C0024006E0062FE140008FF00000000FF0800044105
1789040247483,2026-09-10T15:37:27.484,v4621,21C08001,182,10,183,20,123,1,,61FF07EB8F8A00D600D600D600D6FFFFFFFFFFFFFFFF00FF01FF0070FFFF00FF
1789040247574,2026-09-10T15:37:27.575,v4621,21C18001,84,5,85,20,88,1,,61FF07CF8F8A88886185858585FFFF64646464FFFF88FFFFFFFFFFFFFFFFFFFF
1789040247720,2026-09-10T15:37:27.720,v4621,21C28001,182,10,183,20,143,1,,61FF07CC8F581111FFFFFF00BB0C0C0505004901A964FF64FF0001FFFFFF4C39
1789040247812,2026-09-10T15:37:27.813,v4621,21C48001,65,4,66,20,89,1,,61FF07A48F7D867D807D807E5C7D86FFFFFFFFFFFFFFFFFF
1789040247930,2026-09-10T15:37:27.930,v4621,21CA8001,112,6,113,20,115,1,,61FF07C502EE8F8A25004D002500710065FE140008FF00000000FF0800044105
1789040248056,2026-09-10T15:37:28.057,v4621,21CB8001,150,9,151,20,124,1,,61FF07B48F588AFFFFFF00001C0000000102FFFFFF002801F401F301F2FFFFFF
1789040248204,2026-09-10T15:37:28.205,v4621,21C08001,182,10,183,20,120,1,,61FF07A78F8A00DC00DC00DC00DCFFFFFFFFFFFFFFFF01FF01FF031BFFFF01FF
1789040248295,2026-09-10T15:37:28.295,v4621,21C18001,84,5,85,20,88,1,,61FF07A18F8A84845E81818181FFFF64646464FFFF84FFFFFFFFFFFFFFFFFFFF
1789040248444,2026-09-10T15:37:28.444,v4621,21C28001,182,10,183,20,146,1,,61FF07948F581212FFFFFF00BF0C0D0505004901A964FF64FF0001FFFFFF4C39
1789040248532,2026-09-10T15:37:28.532,v4621,21CA8001,112,6,113,20,85,1,,61FF07B402EE8F8A25004D002500710065FE140008FF00000000FF0800044105
1789040248686,2026-09-10T15:37:28.687,v4621,21C08001,182,10,183,20,127,1,,61FF078D8F8A00DB00DB00DB00DBFFFFFFFFFFFFFFFF00FF01FF0147FFFF01FF
1789040248774,2026-09-10T15:37:28.775,v4621,21C18001,84,5,85,20,85,1,,61FF077A8F8A83835D7F7F7F7FFFFF64646464FFFF83FFFFFFFFFFFFFFFFFFFF
1789040248923,2026-09-10T15:37:28.923,v4621,21C28001,182,10,183,20,146,1,,61FF07848F581212FFFFFF00C10D0D0505004901A964FF64FF0001FFFFFF4C39
1789040249014,2026-09-10T15:37:29.014,v4621,21C48001,65,4,66,20,88,1,,61FF07878F7D8D7D8D7D887E637D8DFFFFFFFFFFFFFFFFFF
1789040249132,2026-09-10T15:37:29.132,v4621,21CA8001,112,6,113,20,116,1,,61FF076202EE8E8A2400470021005D0051FE140008FF00000000FF0800044105
1789040249284,2026-09-10T15:37:29.284,v4621,21C08001,182,10,183,20,124,1,,61FF07508F8A00D800D800D800D8FFFFFFFFFFFFFFFF01FF01FF0320FFFF01FF
1789040249372,2026-09-10T15:37:29.372,v4621,21C18001,84,5,85,20,85,1,,61FF075F8E8A84845B74747474FFFF64646464FFFF84FFFFFFFFFFFFFFFFFFFF
1789040249522,2026-09-10T15:37:29.522,v4621,21C28001,182,10,183,20,147,1,,61FF073E8F580D10FFFFFF009E0A0B0303004201B164FF64FF0001FFFFFF4C39
1789040249614,2026-09-10T15:37:29.614,v4621,21CA8001,112,6,113,20,89,1,,61FF072C02EE8F8A220027001400000000FE140008FF00000000FF0800044105
1789040249732,2026-09-10T15:37:29.732,v4621,21CB8001,150,8,151,20,115,1,,61FF07188F588AFFFFFF00001C0000000100FFFFFF002801F401F301F3FFFFFF
1789040249883,2026-09-10T15:37:29.883,v4621,21C08001,182,10,183,20,124,1,,61FF06F78F8900AA00AA00AA00AAFFFFFFFFFFFFFFFF00FF01FF004EFFFF00FF
1789040249973,2026-09-10T15:37:29.974,v4621,21C18001,84,5,85,20,88,1,,61FF07138F898B8B5474747474FFFF64646464FFFF8BFFFFFFFFFFFFFFFFFFFF
1789040250121,2026-09-10T15:37:30.121,v4621,21C28001,182,10,183,20,145,1,,61FF06E78F580E0EFFFFFF00890A0A0303004201B164FF64FF0001FFFFFF4C39
1789040250212,2026-09-10T15:37:30.213,v4621,21C48001,65,4,66,20,89,1,,61FF06F28E7BAE7C507C587E847B92FFFFFFFFFFFFFFFFFF
1789040250333,2026-09-10T15:37:30.333,v4621,21CA8001,112,7,113,20,118,1,,61FF06DA02EE8E89210027001400000000FE140008FF00010000FF0800044105
1789040250482,2026-09-10T15:37:30.482,v4621,21C08001,182,10,183,20,121,1,,61FF06C58D8900A400A400A400A4FFFFFFFFFFFFFFFF00FF01FF004EFFFF01FF
1789040250573,2026-09-10T15:37:30.573,v4621,21C18001,84,5,85,20,88,1,,61FF06BB8E898A8A5563636363FFFF64646464FFFF8AFFFFFFFFFFFFFFFFFFFF
1789040250724,2026-09-10T15:37:30.724,v4621,21C28001,182,10,183,20,149,1,,61FF069D8F580E0EFFFFFF00820A0A0303004001B264FF64FF0001FFFFFF4C39
1789040250815,2026-09-10T15:37:30.815,v4621,21CA8001,112,6,113,20,88,1,,61FF068C02EE8F89200027001400000000FE140008FF00010000FF0800044105
1789040250962,2026-09-10T15:37:30.962,v4621,21C08001,182,10,183,20,119,1,,61FF066D8E890000000000000000FFFFFFFFFFFFFFFF00FF00FF0022FFFF00FF
1789040251054,2026-09-10T15:37:31.054,v4621,21C18001,84,5,85,20,89,1,,61FF06368E8989895C5C5C5C5CFFFF64646464FFFF89FFFFFFFFFFFFFFFFFFFF
1789040251203,2026-09-10T15:37:31.204,v4621,21C28001,182,10,183,20,147,1,,61FF06408F580E0EFFFFFF007A0A0A0303003F01B464FF64FF0001FFFFFF4C39
1789040251294,2026-09-10T15:37:31.295,v4621,21C48001,65,4,66,20,88,1,,61FF05F38F7B6C7B6C7B687EAB7B6CFFFFFFFFFFFFFFFFFF
1789040251414,2026-09-10T15:37:31.414,v4621,21CA8001,112,6,113,20,117,1,,61FF05AF02EE8E881D0027001400000000FE140008FF00010100FF0800044105
1789040251532,2026-09-10T15:37:31.533,v4621,21CB8001,150,8,151,20,115,1,,61FF058A8E5888FFFFFF00001C0000000101FFFFFF002801F401F301F2FFFFFF
1789040251681,2026-09-10T15:37:31.682,v4621,21C08001,182,10,183,20,122,1,,61FF05328F8800C100C100C100C1FFFFFFFFFFFFFFFF00FF00FF0022FFFF00FF
1789040251774,2026-09-10T15:37:31.774,v4621,21C18001,84,6,85,20,89,1,,61FF04F08F8886866868686868FFFF64646464FFFF86FFFFFFFFFFFFFFFFFFFF
1789040251923,2026-09-10T15:37:31.923,v4621,21C28001,182,10,183,20,147,1,,61FF04B38E580D0DFFFFFF00550A0A0202003B01B764FF64FF0001FFFFFF4C39
1789040252011,2026-09-10T15:37:32.012,v4621,21CA8001,112,6,113,20,86,1,,61FF046C02EE8E88180027001400000000FE140008FF00010100FF0800044105
1789040252164,2026-09-10T15:37:32.164,v4621,21C08001,182,10,183,20,124,1,,61FF041B8D8800A100A100A100A1FFFFFFFFFFFFFFFF01FF00FF036EFFFF01FF
1789040252255,2026-09-10T15:37:32.256,v4621,21C18001,84,5,85,20,88,1,,61FF03D88E8883836A83838383FFFF64646464FFFF83FFFFFFFFFFFFFFFFFFFF
1789040252404,2026-09-10T15:37:32.404,v4621,21C28001,182,10,183,20,146,1,,61FF03C38E58140EFFFFFF004E0E0B0202003E01B564FF64FF0001FFFFFF4C39
1789040252492,2026-09-10T15:37:32.493,v4621,21C48001,65,4,66,20,86,1,,61FF03A88E7B487C947C867ECF7B48FFFFFFFFFFFFFFFFFF
1789040252585,2026-09-10T15:37:32.586,v4621,21CA8001,112,6,113,20,91,1,,61FF039402EE8F87120027001400000000FE140008FF00010100FF0800044105
1789040252763,2026-09-10T15:37:32.763,v4621,21C08001,182,10,183,20,150,1,,61FF037E8D8700E100E100E100E1FFFFFFFFFFFFFFFF01FF01FF0365FFFF01FF
1789040252875,2026-09-10T15:37:32.876,v4621,21C18001,84,5,85,20,109,1,,61FF036C8F877A7A5F66666666FFFF64646464FFFF7AFFFFFFFFFFFFFFFFFFFF
1789040253004,2026-09-10T15:37:33.004,v4621,21C28001,182,10,183,20,126,1,,61FF035D8E581211FFFFFF00520D0D0202003C01B764FF64FF0001FFFFFF4C39
1789040253094,2026-09-10T15:37:33.094,v4621,21CA8001,112,6,113,20,87,1,,61FF034C02EE8E870C0027001400000000FE140008FF00010100FF0800044105
1789040253341,2026-09-10T15:37:33.341,v4621,21CB8001,150,8,151,20,117,1,,61FF034C8E5887FFFFFF00001C0000000308FFFFFF002801F401F301F2FFFFFF
1789040294649,2026-09-10T15:38:14.650,v4621,21C08001,0,0,0,0,41299,0,,
1789040294883,2026-09-10T15:38:14.884,v4621,21C18001,9,1,10,10,185,0,,DAA
1789040295060,2026-09-10T15:38:15.061,v4621,21C28001,9,1,10,10,176,0,,DAA
1789040295241,2026-09-10T15:38:15.242,v4621,21C48001,9,1,10,10,180,0,,DAA
1789040295434,2026-09-10T15:38:15.434,v4621,21CA8001,9,1,10,10,181,0,,DAA
1789040295633,2026-09-10T15:38:15.633,v4621,21C08001,9,1,10,10,184,0,,DAA
1789040295813,2026-09-10T15:38:15.813,v4621,21C18001,9,1,10,10,179,0,,DAA
1789040296019,2026-09-10T15:38:16.020,v4621,21C28001,9,1,10,10,205,0,,DAA
1789040296205,2026-09-10T15:38:16.205,v4621,21CA8001,9,1,10,10,184,0,,DAA
1789040296381,2026-09-10T15:38:16.382,v4621,21C08001,9,1,10,10,157,0,,DAA
1789040296562,2026-09-10T15:38:16.563,v4621,21C18001,9,1,10,10,180,0,,DAA
1789040296740,2026-09-10T15:38:16.741,v4621,21C28001,9,1,10,10,177,0,,DAA
1789040296922,2026-09-10T15:38:16.922,v4621,21C48001,9,1,10,10,179,0,,DAA
1789040297100,2026-09-10T15:38:17.100,v4621,21CA8001,9,1,10,10,177,0,,DAA
1789040297280,2026-09-10T15:38:17.281,v4621,21CB8001,9,1,10,10,179,0,,DAA
1789040297462,2026-09-10T15:38:17.463,v4621,21C08001,9,1,10,10,161,0,,DAA
1789040297643,2026-09-10T15:38:17.644,v4621,21C18001,9,1,10,10,180,0,,DAA
1789040297819,2026-09-10T15:38:17.820,v4621,21C28001,9,1,10,10,175,0,,DAA
1789040298001,2026-09-10T15:38:18.002,v4621,21CA8001,9,1,10,10,181,0,,DAA
1789040298182,2026-09-10T15:38:18.182,v4621,21C08001,9,1,10,10,163,0,,DAA
1789040298362,2026-09-10T15:38:18.362,v4621,21C18001,9,1,10,10,179,0,,DAA
1789040298542,2026-09-10T15:38:18.543,v4621,21C28001,9,1,10,10,180,0,,DAA
1789040298722,2026-09-10T15:38:18.722,v4621,21C48001,9,1,10,10,178,0,,DAA
1789040298903,2026-09-10T15:38:18.904,v4621,21CA8001,9,1,10,10,180,0,,DAA
1789040299080,2026-09-10T15:38:19.081,v4621,21C08001,9,1,10,10,159,0,,DAA
1789040299262,2026-09-10T15:38:19.262,v4621,21C18001,9,1,10,10,180,0,,DAA
1789040299442,2026-09-10T15:38:19.442,v4621,21C28001,9,1,10,10,179,0,,DAA
1789040299622,2026-09-10T15:38:19.623,v4621,21CA8001,9,1,10,10,179,0,,DAA
1789040299801,2026-09-10T15:38:19.801,v4621,21CB8001,9,1,10,10,177,0,,DAA
1789040299983,2026-09-10T15:38:19.984,v4621,21C08001,9,1,10,10,163,0,,DAA
1789040300160,2026-09-10T15:38:20.161,v4621,21C18001,9,1,10,10,175,0,,DAA
1789040300342,2026-09-10T15:38:20.342,v4621,21C28001,9,1,10,10,180,0,,DAA
1789040300521,2026-09-10T15:38:20.521,v4621,21C48001,9,1,10,10,178,0,,DAA
1789040300701,2026-09-10T15:38:20.702,v4621,21CA8001,9,1,10,10,179,0,,DAA
1789040300880,2026-09-10T15:38:20.881,v4621,21C08001,9,1,10,10,159,0,,DAA
1789040301061,2026-09-10T15:38:21.061,v4621,21C18001,9,1,10,10,179,0,,DAA
1789040301240,2026-09-10T15:38:21.241,v4621,21C28001,9,1,10,10,178,0,,DAA
1789040301419,2026-09-10T15:38:21.420,v4621,21CA8001,9,1,10,10,178,0,,DAA
1789040301600,2026-09-10T15:38:21.601,v4621,21C08001,9,1,10,10,161,0,,DAA
1789040301841,2026-09-10T15:38:21.841,v4621,21C18001,9,1,10,10,240,0,,DAA
1789040302021,2026-09-10T15:38:22.021,v4621,21C28001,9,1,10,10,179,0,,DAA
1789040302202,2026-09-10T15:38:22.202,v4621,21C48001,9,1,10,10,180,0,,DAA
1789040302382,2026-09-10T15:38:22.382,v4621,21CA8001,9,1,10,10,179,0,,DAA
1789040302560,2026-09-10T15:38:22.560,v4621,21CB8001,9,1,10,10,177,0,,DAA
1789040302742,2026-09-10T15:38:22.742,v4621,21C08001,9,1,10,10,162,0,,DAA
1789040302920,2026-09-10T15:38:22.921,v4621,21C18001,9,1,10,10,177,0,,DAA
1789040303131,2026-09-10T15:38:23.131,v4621,21C28001,9,1,10,10,210,0,,DAA
1789040303311,2026-09-10T15:38:23.312,v4621,21CA8001,9,1,10,10,179,0,,DAA
1789040303491,2026-09-10T15:38:23.491,v4621,21C08001,9,1,10,10,159,0,,DAA
1789040303672,2026-09-10T15:38:23.673,v4621,21C18001,9,1,10,10,180,0,,DAA
1789040303852,2026-09-10T15:38:23.853,v4621,21C28001,9,1,10,10,179,0,,DAA
1789040304030,2026-09-10T15:38:24.031,v4621,21C48001,9,1,10,10,176,0,,DAA
1789040304210,2026-09-10T15:38:24.210,v4621,21CA8001,9,1,10,10,178,0,,DAA
1789040304391,2026-09-10T15:38:24.391,v4621,21C08001,9,1,10,10,162,0,,DAA
1789040304572,2026-09-10T15:38:24.572,v4621,21C18001,9,1,10,10,180,0,,DAA
1789040304751,2026-09-10T15:38:24.752,v4621,21C28001,9,1,10,10,178,0,,DAA
1789040304931,2026-09-10T15:38:24.932,v4621,21CA8001,9,1,10,10,179,0,,DAA
1789040305110,2026-09-10T15:38:25.110,v4621,21CB8001,9,1,10,10,177,0,,DAA
1789040305289,2026-09-10T15:38:25.290,v4621,21C08001,9,1,10,10,158,0,,DAA
1789040305470,2026-09-10T15:38:25.471,v4621,21C18001,9,1,10,10,180,0,,DAA
1789040305650,2026-09-10T15:38:25.651,v4621,21C28001,9,1,10,10,179,0,,DAA
1789040305830,2026-09-10T15:38:25.830,v4621,21C48001,9,1,10,10,179,0,,DAA
1789040306013,2026-09-10T15:38:26.013,v4621,21CA8001,9,1,10,10,182,0,,DAA
1789040306190,2026-09-10T15:38:26.191,v4621,21C08001,9,1,10,10,157,0,,DAA
1789040306400,2026-09-10T15:38:26.400,v4621,21C18001,9,1,10,10,209,0,,DAA
1789040306580,2026-09-10T15:38:26.581,v4621,21C28001,9,1,10,10,179,0,,DAA
1789040306761,2026-09-10T15:38:26.762,v4621,21CA8001,9,1,10,10,180,0,,DAA
1789040306941,2026-09-10T15:38:26.942,v4621,21C08001,9,1,10,10,160,0,,DAA
1789040307119,2026-09-10T15:38:27.120,v4621,21C18001,9,1,10,10,177,0,,DAA
1789040307301,2026-09-10T15:38:27.301,v4621,21C28001,9,1,10,10,180,0,,DAA
1789040307481,2026-09-10T15:38:27.482,v4621,21C48001,9,1,10,10,179,0,,DAA
1789040307661,2026-09-10T15:38:27.661,v4621,21CA8001,9,2,10,8,178,0,,DAA
1789040307842,2026-09-10T15:38:27.842,v4621,21CB8001,9,1,10,10,180,0,,DAA
1789040308023,2026-09-10T15:38:28.023,v4621,21C08001,9,1,10,10,161,0,,DAA
1789040308202,2026-09-10T15:38:28.202,v4621,21C18001,9,1,10,10,178,0,,DAA
1789040308419,2026-09-10T15:38:28.419,v4621,21C28001,9,1,10,10,181,0,,DAA
1789040308591,2026-09-10T15:38:28.592,v4621,21CA8001,9,1,10,10,171,0,,DAA
1789040309462,2026-09-10T15:38:29.462,v4621,ATZ,15,1,16,16,868,1,,E32715
1789040309520,2026-09-10T15:38:29.520,v4621,ATD,9,1,10,10,57,1,,AD
1789040309584,2026-09-10T15:38:29.584,v4621,ATE0,9,1,10,10,63,1,,AE0
1789040309642,2026-09-10T15:38:29.642,v4621,ATL0,4,1,5,5,57,1,,
1789040309700,2026-09-10T15:38:29.700,v4621,ATH0,4,1,5,5,57,1,,
1789040309761,2026-09-10T15:38:29.761,v4621,ATS0,4,1,5,5,60,1,,
1789040309819,2026-09-10T15:38:29.820,v4621,ATAL,4,1,5,5,58,1,,
1789040309880,2026-09-10T15:38:29.880,v4621,ATAT2,4,1,5,5,60,1,,
1789040309941,2026-09-10T15:38:29.942,v4621,ATST19,4,1,5,5,61,1,,
1789040310000,2026-09-10T15:38:30.000,v4621,ATSP6,4,1,5,5,57,1,,
1789040310181,2026-09-10T15:38:30.181,v4621,ATFCSH6A8,4,1,5,5,60,1,,
1789040310241,2026-09-10T15:38:30.242,v4621,ATFCSD300000,4,1,5,5,59,1,,
1789040310331,2026-09-10T15:38:30.332,v4621,ATFCSM1,4,1,5,5,89,1,,
1789040310511,2026-09-10T15:38:30.512,v4621,81,8,2,9,7,179,1,,C1D08F
1789040310689,2026-09-10T15:38:30.690,v4621,21B08001,14,2,15,13,177,1,,61FF00040001
1789040310843,2026-09-10T15:38:30.844,v4621,21C08001,182,10,183,20,134,1,,61FF07628E850109010901090109FFFFFFFFFFFFFFFF01FF01FF0320FFFF01FF
1789040310958,2026-09-10T15:38:30.959,v4621,21B08001,14,2,15,13,112,1,,61FF00040001
1789040311082,2026-09-10T15:38:31.082,v4621,21C08001,182,10,183,20,122,1,,61FF07538F850107010701070107FFFFFFFFFFFFFFFF01FF01FF01B7FFFF01FF
1789040311174,2026-09-10T15:38:31.174,v4621,21C18001,84,5,85,20,90,1,,61FF07478F857D7D4F7D7D7D7DFFFF64646464FFFF7DFFFFFFFFFFFFFFFFFFFF
1789040311322,2026-09-10T15:38:31.322,v4621,21C28001,182,10,183,20,147,1,,61FF07328F581718FFFFFF00F00F100606004E01A564FF64FF0001FFFFFF4C39
1789040311413,2026-09-10T15:38:31.413,v4621,21C48001,65,5,66,20,89,1,,61FF07298F7E2C7E337E337E567E2CFFFFFFFFFFFFFFFFFF
1789040311531,2026-09-10T15:38:31.531,v4621,21CA8001,112,6,113,20,117,1,,61FF072402EE8F8518005F002D00A5009AFE140008FF00000000FF0800044105
1789040311653,2026-09-10T15:38:31.653,v4621,21CB8001,150,8,151,20,120,1,,61FF07088E5785FFFFFF00001A0000000100FFFFFF002801F401F301F3FFFFFF
1789040311742,2026-09-10T15:38:31.742,v4621,21CF00,42,3,43,20,88,1,,61CF0000000013021400002F0332
1789040311834,2026-09-10T15:38:31.834,v4621,21C18001,84,5,85,20,70,1,,61FF06E78F857C7C4B7C7C7C7CFFFF64646464FFFF7CFFFFFFFFFFFFFFFFFFFF
1789040311982,2026-09-10T15:38:31.982,v4621,21C08001,182,10,183,20,146,1,,61FF06E28F85012E012E012E012EFFFFFFFFFFFFFFFF01FF01FF02DCFFFF01FF
1789040312103,2026-09-10T15:38:32.103,v4621,21C28001,182,10,183,20,117,1,,61FF06D78F571719FFFFFF00F30F120606004D01A564FF64FF0001FFFFFF4C39
1789040312192,2026-09-10T15:38:32.192,v4621,21C18001,84,5,85,20,86,1,,61FF06BB8E857C7C4069696969FFFF64646464FFFF7CFFFFFFFFFFFFFFFFFFFF
1789040312314,2026-09-10T15:38:32.315,v4621,21CA8001,112,6,113,20,119,1,,61FF06A402EE8F85160027001400000000FE140008FF00000000FF0800044105
1789040312461,2026-09-10T15:38:32.462,v4621,21C28001,182,10,183,20,117,1,,61FF06828E570E11FFFFFF00970A0C0303004001B264FF64FF0001FFFFFF4C39
1789040312586,2026-09-10T15:38:32.586,v4621,21C08001,182,10,183,20,122,1,,61FF065B8E8500AA00AA00AA00AAFFFFFFFFFFFFFFFF01FF01FF0267FFFF01FF
1789040312671,2026-09-10T15:38:32.672,v4621,21C48001,65,4,66,20,84,1,,61FF06478F7C097C9F7CBA7E7C7B9BFFFFFFFFFFFFFFFFFF
1789040312793,2026-09-10T15:38:32.794,v4621,21C18001,84,5,85,20,119,1,,61FF064E8F8589895454545454FFFF64646464FFFF89FFFFFFFFFFFFFFFFFFFF
1789040312912,2026-09-10T15:38:32.913,v4621,21CA8001,112,6,113,20,116,1,,61FF05BC02EE8E85140027001400000000FE140008FF00010100FF0800044105
1789040313064,2026-09-10T15:38:33.064,v4621,21C28001,182,10,183,20,125,1,,61FF05108E570D0EFFFFFF00640A0B0202003C01B664FF64FF0001FFFFFF4C39
1789040313182,2026-09-10T15:38:33.183,v4621,21C08001,182,10,183,20,115,1,,61FF04888E8500A100A100A100A1FFFFFFFFFFFFFFFF00FF01FF0027FFFF00FF
1789040313302,2026-09-10T15:38:33.302,v4621,21CA8001,112,6,113,20,116,1,,61FF043602EE8E85130027001400000000FE140008FF00010100FF0800044105
1789040313391,2026-09-10T15:38:33.392,v4621,21C18001,84,5,85,20,87,1,,61FF03F38D858484696A6A6A6AFFFF64646464FFFF84FFFFFFFFFFFFFFFFFFFF
1789040313545,2026-09-10T15:38:33.545,v4621,21CB8001,150,8,151,20,150,1,,61FF03CA8C5785FFFFFF00001A0000000304FFFFFF002801F401F301F2FFFFFF
1789040313724,2026-09-10T15:38:33.725,v4621,21C28001,182,10,183,20,153,1,,61FF03818D570F0EFFFFFF00450C0B0101003A01B964FF64FF0001FFFFFF4C39
1789040313844,2026-09-10T15:38:33.845,v4621,21C08001,182,10,183,20,117,1,,61FF03628E8500B500B500B500B5FFFFFFFFFFFFFFFF00FF01FF0049FFFF00FF
1789040313931,2026-09-10T15:38:33.932,v4621,21C48001,65,4,66,20,83,1,,61FF034C8E7B657CC67CC67EB27B65FFFFFFFFFFFFFFFFFF
1789040314053,2026-09-10T15:38:34.054,v4621,21C18001,84,5,85,20,120,1,,61FF033C8E857C7C6270707070FFFF64646464FFFF7CFFFFFFFFFFFFFFFFFFFF
1789040314172,2026-09-10T15:38:34.172,v4621,21CA8001,112,6,113,20,116,1,,61FF033602EE8E850E0027001400000000FE140008FF00010100FF0800044105
1789040314321,2026-09-10T15:38:34.322,v4621,21C28001,182,10,183,20,123,1,,61FF03298E581211FFFFFF004D0E0D0202003B01B764FF64FF0001FFFFFF4C39
1789040314441,2026-09-10T15:38:34.442,v4621,21C08001,182,10,183,20,117,1,,61FF032E8E8500D700D700D700D7FFFFFFFFFFFFFFFF01FF01FF0334FFFF01FF
1789040314562,2026-09-10T15:38:34.563,v4621,21CA8001,112,6,113,20,118,1,,61FF033802EE8E850C0027001400000000FE140008FF00010000FF0800044105
1789040314713,2026-09-10T15:38:34.714,v4621,21C18001,84,5,85,20,123,1,,61FF03428E8579795E64646464FFFF64646464FFFF79FFFFFFFFFFFFFFFFFFFF
1789040314870,2026-09-10T15:38:34.870,v4621,21C08001,182,10,183,20,154,1,,61FF03398E8500DF00DF00DF00DFFFFFFFFFFFFFFFFF01FF01FF0360FFFF01FF
1789040314982,2026-09-10T15:38:34.983,v4621,21C28001,182,10,183,20,109,1,,61FF032C8E581212FFFFFF00500D0E0202003B01B864FF64FF0001FFFFFF4C39
1789040315071,2026-09-10T15:38:35.072,v4621,21C18001,84,5,85,20,86,1,,61FF03248D8578785C63636363FFFF64646464FFFF78FFFFFFFFFFFFFFFFFFFF
1789040315162,2026-09-10T15:38:35.163,v4621,21C48001,65,4,66,20,88,1,,61FF03248D7B457C8C7C927ED27B45FFFFFFFFFFFFFFFFFF
1789040315281,2026-09-10T15:38:35.282,v4621,21C28001,182,10,183,20,116,1,,61FF031D8F581112FFFFFF004D0D0E0101003A01B964FF64FF0001FFFFFF4C39
1789040315404,2026-09-10T15:38:35.405,v4621,21CA8001,112,7,113,20,120,1,,61FF031D02EE8E86090027001400000000FE140008FF00000000FF0800044105
1789040315494,2026-09-10T15:38:35.494,v4621,21C48001,65,4,66,20,87,1,,61FF03168E7B457C827C817ED27B45FFFFFFFFFFFFFFFFFF
1789040315612,2026-09-10T15:38:35.613,v4621,21CB8001,150,8,151,20,116,1,,61FF03158E5886FFFFFF00001A0000000108FFFFFF002801F401F301F2FFFFFF
1789040315764,2026-09-10T15:38:35.765,v4621,21CA8001,112,6,113,20,128,1,,61FF030E02EE8E86070027001400000000FE140008FF00000000FF0800044105
1789040315943,2026-09-10T15:38:35.944,v4621,21C08001,182,10,183,20,155,1,,61FF03038F8600C600C600C600C6FFFFFFFFFFFFFFFF01FF01FF034CFFFF01FF
1789040316065,2026-09-10T15:38:36.065,v4621,21C08001,182,10,183,20,118,1,,61FF03018C8600C400C400C400C4FFFFFFFFFFFFFFFF01FF01FF0347FFFF01FF
1789040316152,2026-09-10T15:38:36.152,v4621,21C18001,84,5,85,20,84,1,,61FF02F38C867C7C5F6A6A6A6AFFFF64646464FFFF7CFFFFFFFFFFFFFFFFFFFF
1789040316273,2026-09-10T15:38:36.274,v4621,21C18001,84,5,85,20,119,1,,61FF02F58E867C7C5F69696969FFFF64646464FFFF7CFFFFFFFFFFFFFFFFFFFF
1789040316423,2026-09-10T15:38:36.423,v4621,21C28001,182,10,183,20,147,1,,61FF02ED8E581111FFFFFF00460D0D0101003901B964FF64FF0001FFFFFF4C39
1789040316571,2026-09-10T15:38:36.571,v4621,21C28001,182,10,183,20,145,1,,61FF02EF8E581211FFFFFF00470E0D0101003A01B964FF64FF0001FFFFFF4C39
1789040316663,2026-09-10T15:38:36.663,v4621,21C48001,65,4,66,20,90,1,,61FF02F18E7B457C9A7C9B7ED27B45FFFFFFFFFFFFFFFFFF
1789040316754,2026-09-10T15:38:36.754,v4621,21C48001,65,4,66,20,88,1,,61FF02EC8E7B447CAB7C9E7ED37B44FFFFFFFFFFFFFFFFFF
1789040316874,2026-09-10T15:38:36.874,v4621,21CA8001,112,6,113,20,118,1,,61FF02E802EE8E86030027001400000000FE140008FF00010000FF0800044105
1789040317019,2026-09-10T15:38:37.019,v4621,21CA8001,112,6,113,20,118,1,,61FF02EA02EE8D86020027001400000000FE140008FF00010000FF0800044105
1789040317144,2026-09-10T15:38:37.144,v4621,21C08001,182,10,183,20,122,1,,61FF02EC8E8600D200D200D200D2FFFFFFFFFFFFFFFF01FF01FF032AFFFF01FF
1789040317261,2026-09-10T15:38:37.262,v4621,21CB8001,150,8,151,20,114,1,,61FF02ED8D5886FFFFFF00001A0000000108FFFFFF002801F401F301F3FFFFFF
1789040317414,2026-09-10T15:38:37.414,v4621,21C18001,84,5,85,20,126,1,,61FF02ED8E8679795C66666666FFFF64646464FFFF79FFFFFFFFFFFFFFFFFFFF
1789040317562,2026-09-10T15:38:37.562,v4621,21C08001,182,10,183,20,145,1,,61FF02E88E8600D300D300D300D3FFFFFFFFFFFFFFFF01FF01FF032FFFFF01FF
1789040317682,2026-09-10T15:38:37.683,v4621,21C28001,182,10,183,20,118,1,,61FF02EF8E581112FFFFFF00490D0E0101003A01B864FF64FF0001FFFFFF4C39
1789040317774,2026-09-10T15:38:37.774,v4621,21C18001,84,5,85,20,88,1,,61FF02F18E8679795D66666666FFFF64646464FFFF79FFFFFFFFFFFFFFFFFFFF
1789040317863,2026-09-10T15:38:37.864,v4621,21C48001,65,4,66,20,86,1,,61FF02EE8E7B447CA57CA77ED37B44FFFFFFFFFFFFFFFFFF
1789040317983,2026-09-10T15:38:37.984,v4621,21C28001,182,10,183,20,118,1,,61FF02EA8E581112FFFFFF004A0D0E0101003A01B964FF64FF0001FFFFFF4C39
1789040318102,2026-09-10T15:38:38.102,v4621,21CA8001,112,6,113,20,115,1,,61FF02EC02EE8E86000027001400000000FE140008FF00010000FF0800044105
1789040318224,2026-09-10T15:38:38.224,v4621,21C48001,65,4,66,20,96,1,,61FF02E88D7B497CC07CAE7ECE7B49FFFFFFFFFFFFFFFFFF
1789040318342,2026-09-10T15:38:38.343,v4621,21C08001,182,10,183,20,116,1,,61FF02E48E8600D400D400D400D4FFFFFFFFFFFFFFFF01FF01FF0317FFFF01FF
1789040318460,2026-09-10T15:38:38.460,v4621,21CA8001,112,6,113,20,114,1,,61FF02EA02EE8E86000027001400000000FE140008FF00010000FF0800044105
1789040318612,2026-09-10T15:38:38.613,v4621,21C18001,84,5,85,20,127,1,,61FF02E98E8678785C66666666FFFF64646464FFFF78FFFFFFFFFFFFFFFFFFFF
1789040318762,2026-09-10T15:38:38.763,v4621,21C08001,182,10,183,20,147,1,,61FF02EC8E8600D600D600D600D6FFFFFFFFFFFFFFFF01FF01FF02FEFFFF01FF
1789040318883,2026-09-10T15:38:38.884,v4621,21C28001,182,10,183,20,118,1,,61FF02E88E581212FFFFFF004A0E0E0101003A01B864FF64FF0001FFFFFF4C39
1789040318973,2026-09-10T15:38:38.974,v4621,21C18001,84,5,85,20,87,1,,61FF02E88D8678785C67676767FFFF64646464FFFF78FFFFFFFFFFFFFFFFFFFF
1789040319062,2026-09-10T15:38:39.062,v4621,21C48001,65,4,66,20,86,1,,61FF02F18E7B477CAB7CB17ED17B47FFFFFFFFFFFFFFFFFF
1789040319181,2026-09-10T15:38:39.182,v4621,21C28001,182,10,183,20,117,1,,61FF02EE8E581212FFFFFF004B0E0E0101003A01B964FF64FF0001FFFFFF4C39
1789040319301,2026-09-10T15:38:39.302,v4621,21CA8001,112,6,113,20,117,1,,61FF02E702EE8E86000027001400000000FE140008FF00010000FF0800044105
1789040319392,2026-09-10T15:38:39.393,v4621,21C48001,65,4,66,20,88,1,,61FF02EA8D7B4A7CC47CBC7ECE7B4AFFFFFFFFFFFFFFFFFF
1789040319513,2026-09-10T15:38:39.513,v4621,21CB8001,150,9,151,20,118,1,,61FF02EB8E5886FFFFFF00001B0000000108FFFFFF002801F401F301F2FFFFFF
1789040319664,2026-09-10T15:38:39.665,v4621,21CA8001,112,6,113,20,125,1,,61FF02EC02EE8D86000027001300000000FE140008FF00010000FF0800044105
1789040319842,2026-09-10T15:38:39.842,v4621,21C08001,182,10,183,20,151,1,,61FF02EE8D8600CF00CF00CF00CFFFFFFFFFFFFFFFFF01FF01FF02E6FFFF01FF
1789040319961,2026-09-10T15:38:39.962,v4621,21C08001,182,10,183,20,116,1,,61FF02EC8D8700CE00CE00CE00CEFFFFFFFFFFFFFFFF01FF01FF02D2FFFF01FF
1789040320054,2026-09-10T15:38:40.055,v4621,21C18001,84,5,85,20,90,1,,61FF02E98E8779795C69696969FFFF64646464FFFF79FFFFFFFFFFFFFFFFFFFF
1789040320174,2026-09-10T15:38:40.174,v4621,21C18001,84,5,85,20,117,1,,61FF02F28D8779795C65656565FFFF64646464FFFF79FFFFFFFFFFFFFFFFFFFF
1789040320324,2026-09-10T15:38:40.324,v4621,21C28001,182,10,183,20,148,1,,61FF02E68E581312FFFFFF004A0E0E0201003A01B964FF64FF0001FFFFFF4C39
1789040320443,2026-09-10T15:38:40.444,v4621,21C28001,182,10,183,20,116,1,,61FF02EB8E581312FFFFFF004A0E0E0102003B01B864FF64FF0001FFFFFF4C39
1789040320534,2026-09-10T15:38:40.535,v4621,21C48001,65,4,66,20,88,1,,61FF02E98E7B477CC87CC77ED17B47FFFFFFFFFFFFFFFFFF
1789040320652,2026-09-10T15:38:40.652,v4621,21C48001,65,4,66,20,115,1,,61FF02E88E7B487CC67CC37ED07B48FFFFFFFFFFFFFFFFFF
1789040320773,2026-09-10T15:38:40.773,v4621,21CA8001,112,6,113,20,118,1,,61FF02EA02EE8E87000027001400000000FE140008FF00010000FF0800044105
1789040320921,2026-09-10T15:38:40.922,v4621,21CA8001,112,6,113,20,123,1,,61FF02E802EE8E87000027001400000000FE140008FF00010000FF0800044105
1789040321045,2026-09-10T15:38:41.045,v4621,21C08001,182,10,183,20,120,1,,61FF02EC8E8700D500D500D500D5FFFFFFFFFFFFFFFF00FF01FF0053FFFF01FF
1789040321163,2026-09-10T15:38:41.163,v4621,21CB8001,150,8,151,20,115,1,,61FF02ED8D5887FFFFFF00001B0000000108FFFFFF002801F401F301F3FFFFFF
1789040321313,2026-09-10T15:38:41.314,v4621,21C18001,84,5,85,20,124,1,,61FF02EC8E8778785C68686868FFFF64646464FFFF78FFFFFFFFFFFFFFFFFFFF
1789040321461,2026-09-10T15:38:41.461,v4621,21C08001,182,10,183,20,145,1,,61FF02EF8E8700D800D800D800D8FFFFFFFFFFFFFFFF00FF01FF006BFFFF01FF
1789040321581,2026-09-10T15:38:41.581,v4621,21C28001,182,10,183,20,117,1,,61FF02EF8E581212FFFFFF004C0E0E0101003A01B764FF64FF0001FFFFFF4C39
1789040321671,2026-09-10T15:38:41.671,v4621,21C18001,84,5,85,20,87,1,,61FF02EB8E8778785C6A6A6A6AFFFF64646464FFFF78FFFFFFFFFFFFFFFFFFFF
1789040321791,2026-09-10T15:38:41.792,v4621,21C48001,65,4,66,20,118,1,,61FF02EB8E7B4A7CC67CC77ECF7B4AFFFFFFFFFFFFFFFFFF
1789040321942,2026-09-10T15:38:41.943,v4621,21C28001,182,10,183,20,149,1,,61FF02F08E581212FFFFFF004B0E0E0101003A01B864FF64FF0001FFFFFF4C39
1789040322091,2026-09-10T15:38:42.092,v4621,21CA8001,112,6,113,20,145,1,,61FF02EF02EE8E87000027001400000000FE140008FF00010000FF0800044105
1789040322241,2026-09-10T15:38:42.241,v4621,21C48001,65,4,66,20,123,1,,61FF02EC8E7B497CC17CCB7ED07B49FFFFFFFFFFFFFFFFFF
1789040322361,2026-09-10T15:38:42.362,v4621,21C08001,182,10,183,20,118,1,,61FF02ED8E8700D800D800D800D8FFFFFFFFFFFFFFFF00FF01FF005CFFFF01FF
1789040322485,2026-09-10T15:38:42.485,v4621,21CA8001,112,6,113,20,121,1,,61FF02F102EE8E87000027001400000000FE140008FF00010000FF0800044105
1789040322630,2026-09-10T15:38:42.631,v4621,21C18001,84,5,85,20,120,1,,61FF02F18D8778785C66666666FFFF64646464FFFF78FFFFFFFFFFFFFFFFFFFF
1789040322784,2026-09-10T15:38:42.784,v4621,21C08001,182,10,183,20,151,1,,61FF02F18E8700D900D900D900D9FFFFFFFFFFFFFFFF00FF01FF0075FFFF00FF
1789040322931,2026-09-10T15:38:42.931,v4621,21C28001,182,10,183,20,144,1,,61FF02EC8E581212FFFFFF004B0E0E0101003A01B864FF64FF0001FFFFFF4C39
1789040323049,2026-09-10T15:38:43.049,v4621,21C18001,84,5,85,20,116,1,,61FF02EE8E8779795C68686868FFFF64646464FFFF79FFFFFFFFFFFFFFFFFFFF
1789040323171,2026-09-10T15:38:43.171,v4621,21C48001,65,4,66,20,119,1,,61FF02EF8E7B4B7CCE7CC47ECE7B4BFFFFFFFFFFFFFFFFFF
1789040323324,2026-09-10T15:38:43.325,v4621,21C28001,182,10,183,20,151,1,,61FF02EC8E581212FFFFFF004B0E0E0101003A01B864FF64FF0001FFFFFF4C39
1789040323441,2026-09-10T15:38:43.441,v4621,21CA8001,112,6,113,20,114,1,,61FF02F102EE8E87000027001400000000FE140008FF00010000FF0800044105
1789040323563,2026-09-10T15:38:43.563,v4621,21C48001,65,4,66,20,119,1,,61FF02F18E7B497CB07CC17ED17B49FFFFFFFFFFFFFFFFFF
1789040323683,2026-09-10T15:38:43.683,v4621,21CB8001,150,8,151,20,117,1,,61FF02F48E5887FFFFFF00001B0000000104FFFFFF002801F401F301F2FFFFFF
1789040323831,2026-09-10T15:38:43.831,v4621,21CA8001,112,6,113,20,124,1,,61FF02F402EE8E87000027001400000000FE140008FF00010000FF0800044105
1789040323982,2026-09-10T15:38:43.983,v4621,21C08001,182,10,183,20,126,1,,61FF02EF8D8700D600D600D600D6FFFFFFFFFFFFFFFF01FF01FF02C8FFFF01FF
1789040324103,2026-09-10T15:38:44.103,v4621,21C08001,182,10,183,20,117,1,,61FF02EB8E8700D500D500D500D5FFFFFFFFFFFFFFFF01FF01FF02C8FFFF01FF
1789040324192,2026-09-10T15:38:44.193,v4621,21C18001,84,5,85,20,86,1,,61FF02F08E8779795C67676767FFFF64646464FFFF79FFFFFFFFFFFFFFFFFFFF
1789040324312,2026-09-10T15:38:44.312,v4621,21C18001,84,5,85,20,118,1,,61FF02EB8E8779795C68686868FFFF64646464FFFF79FFFFFFFFFFFFFFFFFFFF
1789040324459,2026-09-10T15:38:44.460,v4621,21C28001,182,10,183,20,145,1,,61FF02EB8E581212FFFFFF004A0E0E0101003A01B964FF64FF0001FFFFFF4C39
1789040324582,2026-09-10T15:38:44.582,v4621,21C28001,182,10,183,20,120,1,,61FF02E98E581212FFFFFF00490E0E0101003A01B964FF64FF0001FFFFFF4C39
1789040324672,2026-09-10T15:38:44.673,v4621,21C48001,65,4,66,20,87,1,,61FF02EF8E7B487CB87CBE7ED27B48FFFFFFFFFFFFFFFFFF
1789040324792,2026-09-10T15:38:44.793,v4621,21C48001,65,4,66,20,117,1,,61FF02EF8E7B487CB77CC07ED27B48FFFFFFFFFFFFFFFFFF
1789040324912,2026-09-10T15:38:44.912,v4621,21CA8001,112,6,113,20,117,1,,61FF02F102EE8E87000027001400000000FE140008FF00010000FF0800044105
1789040325061,2026-09-10T15:38:45.061,v4621,21CA8001,112,6,113,20,122,1,,61FF02EE02EE8E87000027001400000000FE140008FF00010000FF0800044105
1789040325182,2026-09-10T15:38:45.183,v4621,21C08001,182,10,183,20,119,1,,61FF02F38D8700D900D900D900D9FFFFFFFFFFFFFFFF00FF01FF007EFFFF00FF
1789040325301,2026-09-10T15:38:45.302,v4621,21CB8001,150,8,151,20,116,1,,61FF02F08E5887FFFFFF00001B0000000108FFFFFF002801F401F301F2FFFFFF
1789040325453,2026-09-10T15:38:45.454,v4621,21C18001,84,5,85,20,126,1,,61FF02F38D8779795D67676767FFFF64646464FFFF79FFFFFFFFFFFFFFFFFFFF
1789040325601,2026-09-10T15:38:45.602,v4621,21C08001,182,10,183,20,146,1,,61FF02F08E8700D300D300D300D3FFFFFFFFFFFFFFFF01FF01FF02BAFFFF01FF
1789040325721,2026-09-10T15:38:45.722,v4621,21C28001,182,10,183,20,117,1,,61FF02EB8E581212FFFFFF004A0E0E0101003A01B864FF64FF0001FFFFFF4C39
1789040325812,2026-09-10T15:38:45.813,v4621,21C18001,84,5,85,20,88,1,,61FF02EF8E8778785C65656565FFFF64646464FFFF78FFFFFFFFFFFFFFFFFFFF
1789040325932,2026-09-10T15:38:45.932,v4621,21C48001,65,4,66,20,117,1,,61FF02E88D7B4A7CCA7CC67ED17B4AFFFFFFFFFFFFFFFFFF
1789040326082,2026-09-10T15:38:46.082,v4621,21C28001,182,10,183,20,147,1,,61FF02EC8E581213FFFFFF004E0E0E0101003A01B964FF64FF0001FFFFFF4C39
1789040326204,2026-09-10T15:38:46.204,v4621,21CA8001,112,6,113,20,119,1,,61FF02DC02EE8E87000027001400000000FE140008FF00010000FF0800044105
1789040326353,2026-09-10T15:38:46.354,v4621,21C48001,65,4,66,20,124,1,,61FF02E38E7B4D7CE47CC87ECE7B4DFFFFFFFFFFFFFFFFFF
1789040326503,2026-09-10T15:38:46.503,v4621,21C08001,182,10,183,20,147,1,,61FF02EA8E8700EF00EF00EF00EFFFFFFFFFFFFFFFFF00FF01FF0066FFFF01FF
1789040326621,2026-09-10T15:38:46.622,v4621,21CA8001,112,6,113,20,116,1,,61FF02E502EE8E87000027001400000000FE140008FF00010000FF0800044105
1789040326772,2026-09-10T15:38:46.772,v4621,21C18001,84,5,85,20,123,1,,61FF02EA8E8775755961616161FFFF64646464FFFF75FFFFFFFFFFFFFFFFFFFF
1789040326922,2026-09-10T15:38:46.922,v4621,21C08001,182,10,183,20,147,1,,61FF02E18E8700ED00ED00ED00EDFFFFFFFFFFFFFFFF00FF01FF0097FFFF00FF
1789040327044,2026-09-10T15:38:47.045,v4621,21C28001,182,10,183,20,120,1,,61FF02EC8D581313FFFFFF004F0E0F0202003B01B864FF64FF0001FFFFFF4C39
1789040327132,2026-09-10T15:38:47.133,v4621,21C18001,84,5,85,20,86,1,,61FF02E18E8775755966666666FFFF64646464FFFF75FFFFFFFFFFFFFFFFFFFF
1789040327253,2026-09-10T15:38:47.253,v4621,21C48001,65,4,66,20,118,1,,61FF02EC8E7B4D7CC97CDF7ECE7B4DFFFFFFFFFFFFFFFFFF
1789040327403,2026-09-10T15:38:47.403,v4621,21C28001,182,10,183,20,148,1,,61FF02E88F581313FFFFFF004F0F0F0201003A01B764FF64FF0001FFFFFF4C39
1789040327523,2026-09-10T15:38:47.524,v4621,21CA8001,112,6,113,20,118,1,,61FF02F202EE8E87000027001400000000FE140008FF00000000FF0800044105
1789040327611,2026-09-10T15:38:47.611,v4621,21C48001,65,4,66,20,85,1,,61FF02E98E7B4F7CE77CC27ECC7B4FFFFFFFFFFFFFFFFFFF
1789040327733,2026-09-10T15:38:47.733,v4621,21CB8001,150,8,151,20,120,1,,61FF02F58E5887FFFFFF00001B0000000103FFFFFF002801F401F301F2FFFFFF
1789040327881,2026-09-10T15:38:47.881,v4621,21CA8001,112,6,113,20,122,1,,61FF02F602EE8E87000027001400000000FE140008FF00000000FF0800044105
1789040328064,2026-09-10T15:38:48.064,v4621,21C08001,182,10,183,20,157,1,,61FF02ED8E8700E200E200E200E2FFFFFFFFFFFFFFFF01FF01FF028EFFFF01FF
1789040328181,2026-09-10T15:38:48.182,v4621,21C08001,182,10,183,20,114,1,,61FF02F78E8700E000E000E000E0FFFFFFFFFFFFFFFF01FF01FF026CFFFF01FF
1789040328274,2026-09-10T15:38:48.275,v4621,21C18001,84,5,85,20,90,1,,61FF02EF8E8778785B65656565FFFF64646464FFFF78FFFFFFFFFFFFFFFFFFFF
1789040328391,2026-09-10T15:38:48.392,v4621,21C18001,84,5,85,20,115,1,,61FF02F88E8777775B62626262FFFF64646464FFFF77FFFFFFFFFFFFFFFFFFFF
1789040328543,2026-09-10T15:38:48.544,v4621,21C28001,182,10,183,20,149,1,,61FF02EF8E581212FFFFFF004B0E0E0101003A01B864FF64FF0001FFFFFF4C39
1789040328663,2026-09-10T15:38:48.663,v4621,21C28001,182,10,183,20,116,1,,61FF02F58E581212FFFFFF004A0E0E0101003901B964FF64FF0001FFFFFF4C39
1789040328753,2026-09-10T15:38:48.754,v4621,21C48001,65,5,66,20,88,1,,61FF02F68E7B517CB17CAA7ECB7B51FFFFFFFFFFFFFFFFFF
1789040328872,2026-09-10T15:38:48.872,v4621,21C48001,65,4,66,20,115,1,,61FF02F18E7B517CC27CAA7ECB7B51FFFFFFFFFFFFFFFFFF
1789040328992,2026-09-10T15:38:48.992,v4621,21CA8001,112,6,113,20,117,1,,61FF02F602EE8E87000027001400000000FE140008FF00000000FF0800044105
1789040329143,2026-09-10T15:38:49.143,v4621,21CA8001,112,6,113,20,125,1,,61FF02F702EE8E87000027001400000000FE140008FF00000000FF0800044105
1789040329261,2026-09-10T15:38:49.262,v4621,21C08001,182,10,183,20,115,1,,61FF02F68E8700DD00DD00DD00DDFFFFFFFFFFFFFFFF00FF01FF00CDFFFF00FF
1789040329381,2026-09-10T15:38:49.382,v4621,21CB8001,150,8,151,20,117,1,,61FF02F08D5887FFFFFF00001B0000000108FFFFFF002801F401F301F2FFFFFF
1789040329531,2026-09-10T15:38:49.531,v4621,21C18001,84,5,85,20,124,1,,61FF02EF8E877B7B5E6A6A6A6AFFFF64646464FFFF7BFFFFFFFFFFFFFFFFFFFF
1789040329712,2026-09-10T15:38:49.713,v4621,21C08001,182,10,183,20,179,1,,61FF02F58E8700D400D400D400D4FFFFFFFFFFFFFFFF01FF01FF0222FFFF01FF
1789040329863,2026-09-10T15:38:49.863,v4621,21C28001,182,10,183,20,147,1,,61FF02EF8E581111FFFFFF00470D0D0101003A01B964FF64FF0001FFFFFF4C39
1789040329952,2026-09-10T15:38:49.953,v4621,21C18001,84,5,85,20,87,1,,61FF02F38D877B7B5E68686868FFFF64646464FFFF7BFFFFFFFFFFFFFFFFFFFF
1789040330069,2026-09-10T15:38:50.070,v4621,21C48001,65,4,66,20,115,1,,61FF02F48E7B507CA17CA87ECD7B50FFFFFFFFFFFFFFFFFF
1789040330222,2026-09-10T15:38:50.222,v4621,21C28001,182,10,183,20,150,1,,61FF02EF8E581111FFFFFF00460D0D0101003A01B964FF64FF0001FFFFFF4C39
1789040330341,2026-09-10T15:38:50.342,v4621,21CA8001,112,6,113,20,116,1,,61FF02F002EE8E87000027001400000000FE140008FF00000000FF0800044105
1789040330489,2026-09-10T15:38:50.489,v4621,21C48001,65,4,66,20,121,1,,61FF02E98E7B507CC77CA67ECD7B50FFFFFFFFFFFFFFFFFF
1789040330643,2026-09-10T15:38:50.644,v4621,21C08001,182,10,183,20,152,1,,61FF02F08E8700D400D400D400D4FFFFFFFFFFFFFFFF00FF01FF005CFFFF00FF
1789040330761,2026-09-10T15:38:50.762,v4621,21CA8001,112,6,113,20,115,1,,61FF02F202EE8E87000027001400000000FE140008FF00000000FF0800044105
1789040330913,2026-09-10T15:38:50.913,v4621,21C18001,84,5,85,20,124,1,,61FF02F38E877C7C5F68686868FFFF64646464FFFF7CFFFFFFFFFFFFFFFFFFFF
1789040331058,2026-09-10T15:38:51.059,v4621,21C08001,182,10,183,20,143,1,,61FF02F48E8700D300D300D300D3FFFFFFFFFFFFFFFF00FF01FF0088FFFF00FF
1789040331212,2026-09-10T15:38:51.213,v4621,21C28001,182,10,183,20,151,1,,61FF02F08E581111FFFFFF00440D0D0101003901BA64FF64FF0001FFFFFF4C39
1789040331332,2026-09-10T15:38:51.332,v4621,21C18001,84,5,85,20,116,1,,61FF02F08E877D7D5F6B6B6B6BFFFF64646464FFFF7DFFFFFFFFFFFFFFFFFFFF
1789040331453,2026-09-10T15:38:51.454,v4621,21C48001,65,4,66,20,119,1,,61FF02ED8E7B517CAE7CA37ECE7B51FFFFFFFFFFFFFFFFFF
1789040331602,2026-09-10T15:38:51.602,v4621,21C28001,182,10,183,20,146,1,,61FF02EF8E581110FFFFFF00440D0D0101003901BA64FF64FF0001FFFFFF4C39
1789040331723,2026-09-10T15:38:51.723,v4621,21CA8001,112,6,113,20,118,1,,61FF02EF02EE8E87000027001400000000FE140008FF00000000FF0800044105
1789040331812,2026-09-10T15:38:51.812,v4621,21C48001,65,4,66,20,86,1,,61FF02F08E7B517CA37CA17ECE7B51FFFFFFFFFFFFFFFFFF
1789040331932,2026-09-10T15:38:51.933,v4621,21CB8001,150,8,151,20,118,1,,61FF02EC8E5887FFFFFF00001B0000000103FFFFFF002801F401F301F2FFFFFF
1789040332082,2026-09-10T15:38:52.083,v4621,21CA8001,112,6,113,20,123,1,,61FF02F102EE8E87000027001400000000FE140008FF00000000FF0800044105
1789040332261,2026-09-10T15:38:52.262,v4621,21C08001,182,10,183,20,153,1,,61FF02E98E8700CA00CA00CA00CAFFFFFFFFFFFFFFFF00FF01FF0066FFFF01FF
1789040332383,2026-09-10T15:38:52.384,v4621,21C08001,182,10,183,20,118,1,,61FF02EF8E8700CC00CC00CC00CCFFFFFFFFFFFFFFFF00FF01FF006BFFFF00FF
1789040332475,2026-09-10T15:38:52.476,v4621,21C18001,84,5,85,20,89,1,,61FF02EE8E877D7D606E6E6E6EFFFF64646464FFFF7DFFFFFFFFFFFFFFFFFFFF
1789040332593,2026-09-10T15:38:52.593,v4621,21C18001,84,5,85,20,115,1,,61FF02E98E877D7D5F6D6D6D6DFFFF64646464FFFF7DFFFFFFFFFFFFFFFFFFFF
1789040332743,2026-09-10T15:38:52.743,v4621,21C28001,182,10,183,20,148,1,,61FF02EA8E581111FFFFFF00440D0D0101003A01B864FF64FF0001FFFFFF4C39
1789040332863,2026-09-10T15:38:52.863,v4621,21C28001,182,10,183,20,117,1,,61FF02F08E581111FFFFFF00450D0D0101003A01B964FF64FF0001FFFFFF4C39
1789040332952,2026-09-10T15:38:52.953,v4621,21C48001,65,4,66,20,87,1,,61FF02F18E7B507CA27CA27ED07B50FFFFFFFFFFFFFFFFFF
1789040333068,2026-09-10T15:38:53.069,v4621,21C48001,65,4,66,20,113,1,,61FF02EF8E7B517CB97CAC7ECF7B51FFFFFFFFFFFFFFFFFF
1789040333193,2026-09-10T15:38:53.194,v4621,21CA8001,112,6,113,20,123,1,,61FF02F202EE8E87000027001400000000FE140008FF00000000FF0800044105
1789040333342,2026-09-10T15:38:53.342,v4621,21CA8001,112,6,113,20,122,1,,61FF02F202EE8E87000027001400000000FE140008FF00000000FF0800044105
1789040333461,2026-09-10T15:38:53.461,v4621,21C08001,182,10,183,20,116,1,,61FF02F08E8700CC00CC00CC00CCFFFFFFFFFFFFFFFF01FF01FF02DCFFFF01FF
1789040333581,2026-09-10T15:38:53.582,v4621,21CB8001,150,8,151,20,118,1,,61FF02EE8E5887FFFFFF00001B0000000104FFFFFF002801F401F301F3FFFFFF
1789040333733,2026-09-10T15:38:53.734,v4621,21C18001,84,5,85,20,126,1,,61FF02EF8E877D7D606C6C6C6CFFFF64646464FFFF7DFFFFFFFFFFFFFFFFFFFF
1789040333882,2026-09-10T15:38:53.883,v4621,21C08001,182,10,183,20,146,1,,61FF02EB8E8700C900C900C900C9FFFFFFFFFFFFFFFF01FF01FF02BAFFFF01FF
1789040334002,2026-09-10T15:38:54.002,v4621,21C28001,182,10,183,20,116,1,,61FF02EC8D581110FFFFFF00430D0D0101003901B964FF64FF0001FFFFFF4C39
1789040334092,2026-09-10T15:38:54.092,v4621,21C18001,84,5,85,20,87,1,,61FF02EB8D877E7E606E6E6E6EFFFF64646464FFFF7EFFFFFFFFFFFFFFFFFFFF
1789040334211,2026-09-10T15:38:54.212,v4621,21C48001,65,4,66,20,117,1,,61FF02EB8E7B537CA97CAF7ECE7B53FFFFFFFFFFFFFFFFFF
1789040334362,2026-09-10T15:38:54.362,v4621,21C28001,182,10,183,20,147,1,,61FF02EC8E581110FFFFFF00430D0D0101003901B964FF64FF0001FFFFFF4C39
1789040334481,2026-09-10T15:38:54.481,v4621,21CA8001,112,6,113,20,116,1,,61FF02E602EE8E87000027001400000000FE140008FF00000000FF0800044105
1789040334573,2026-09-10T15:38:54.573,v4621,21C48001,65,4,66,20,72,1,,61FF02EC8E7B537CAA7CAC7ECF7B53FFFFFFFFFFFFFFFFFF
1789040334753,2026-09-10T15:38:54.754,v4621,21C08001,182,10,183,20,178,1,,61FF02F08E8700CF00CF00CF00CFFFFFFFFFFFFFFFFF00FF01FF0075FFFF01FF
1789040334873,2026-09-10T15:38:54.874,v4621,21CA8001,112,7,113,20,117,1,,61FF02EE02EE8D87000027001400000000FE140008FF00000000FF0800044105
1789040334992,2026-09-10T15:38:54.992,v4621,21C18001,84,5,85,20,93,1,,61FF02F38E877D7D606B6B6B6BFFFF64646464FFFF7DFFFFFFFFFFFFFFFFFFFF
1789040335143,2026-09-10T15:38:55.143,v4621,21C08001,182,10,183,20,148,1,,61FF02EB8E8700D000D000D000D0FFFFFFFFFFFFFFFF00FF01FF00D6FFFF01FF
1789040335291,2026-09-10T15:38:55.292,v4621,21C28001,182,10,183,20,145,1,,61FF02F38E581110FFFFFF00440D0D0101003901B964FF64FF0001FFFFFF4C39
1789040335411,2026-09-10T15:38:55.411,v4621,21C18001,84,5,85,20,116,1,,61FF02F18E877D7D606B6B6B6BFFFF64646464FFFF7DFFFFFFFFFFFFFFFFFFFF
1789040335532,2026-09-10T15:38:55.533,v4621,21C48001,65,4,66,20,119,1,,61FF02ED8E7B557CB27C9A7ECE7B55FFFFFFFFFFFFFFFFFF
1789040335680,2026-09-10T15:38:55.681,v4621,21C28001,182,10,183,20,146,1,,61FF02E88F581210FFFFFF00430E0D0101003901B864FF64FF0001FFFFFF4C39
1789040335800,2026-09-10T15:38:55.801,v4621,21CA8001,112,7,113,20,117,1,,61FF02EA02EE8E87000027001400000000FE140008FF00000000FF0800044105
1789040335893,2026-09-10T15:38:55.894,v4621,21C48001,65,4,66,20,90,1,,61FF02EF8E7B577CA67CAB7ECC7B57FFFFFFFFFFFFFFFFFF
1789040336013,2026-09-10T15:38:56.014,v4621,21CB8001,150,8,151,20,118,1,,61FF02EC8E5887FFFFFF00001B0000000102FFFFFF002801F401F301F3FFFFFF
1789040336161,2026-09-10T15:38:56.162,v4621,21CA8001,112,6,113,20,122,1,,61FF02EF02EE8E87000027001400000000FE140008FF00000000FF0800044105
1789040336343,2026-09-10T15:38:56.344,v4621,21C08001,182,10,183,20,156,1,,61FF02EA8E8700CE00CE00CE00CEFFFFFFFFFFFFFFFF01FF01FF02BFFFFF01FF
1789040336461,2026-09-10T15:38:56.462,v4621,21C08001,182,10,183,20,115,1,,61FF02EE8E8700CD00CD00CD00CDFFFFFFFFFFFFFFFF01FF01FF02A6FFFF01FF
1789040336581,2026-09-10T15:38:56.582,v4621,21C18001,84,6,85,20,117,1,,61FF02EE8E877D7D5F6C6C6C6CFFFF64646464FFFF7DFFFFFFFFFFFFFFFFFFFF
1789040336675,2026-09-10T15:38:56.676,v4621,21C18001,84,5,85,20,92,1,,61FF02EF8E877D7D5F6C6C6C6CFFFF64646464FFFF7DFFFFFFFFFFFFFFFFFFFF
1789040336822,2026-09-10T15:38:56.822,v4621,21C28001,182,10,183,20,144,1,,61FF02F28E581111FFFFFF00450D0D0101003A01B964FF64FF0001FFFFFF4C39
1789040336942,2026-09-10T15:38:56.943,v4621,21C28001,182,10,183,20,118,1,,61FF02EE8E581111FFFFFF00440D0D0101003901B864FF64FF0001FFFFFF4C39
1789040337031,2026-09-10T15:38:57.032,v4621,21C48001,65,4,66,20,86,1,,61FF02EB8E7B597CBF7CAE7ECB7B59FFFFFFFFFFFFFFFFFF
1789040337153,2026-09-10T15:38:57.154,v4621,21C48001,65,4,66,20,120,1,,61FF02F18E7B597CB47CB17ECB7B59FFFFFFFFFFFFFFFFFF
1789040337271,2026-09-10T15:38:57.271,v4621,21CA8001,112,6,113,20,115,1,,61FF02EB02EE8E86000027001400000000FE140008FF00000000FF0800044105
1789040337420,2026-09-10T15:38:57.421,v4621,21CA8001,112,7,113,20,123,1,,61FF02F002EE8D86000027001400000000FE140008FF00000000FF0800044105
1789040337541,2026-09-10T15:38:57.541,v4621,21C08001,182,10,183,20,118,1,,61FF02EB8E8600CF00CF00CF00CFFFFFFFFFFFFFFFFF00FF01FF0075FFFF01FF
1789040337661,2026-09-10T15:38:57.661,v4621,21CB8001,150,8,151,20,117,1,,61FF02F38E5886FFFFFF00001B0000000102FFFFFF002801F401F301F2FFFFFF
1789040337809,2026-09-10T15:38:57.809,v4621,21C18001,84,5,85,20,123,1,,61FF02EE8E867D7D5F6D6D6D6DFFFF64646464FFFF7DFFFFFFFFFFFFFFFFFFFF
1789040337963,2026-09-10T15:38:57.963,v4621,21C08001,182,10,183,20,152,1,,61FF02F08E8600CE00CE00CE00CEFFFFFFFFFFFFFFFF01FF01FF02B0FFFF01FF
1789040338084,2026-09-10T15:38:58.084,v4621,21C28001,182,10,183,20,119,1,,61FF02F28E581111FFFFFF00450D0D0101003A01B964FF64FF0001FFFFFF4C39
1789040338200,2026-09-10T15:38:58.201,v4621,21C18001,84,6,85,20,114,1,,61FF02EB8E867D7D5F6D6D6D6DFFFF64646464FFFF7DFFFFFFFFFFFFFFFFFFFF
1789040338291,2026-09-10T15:38:58.291,v4621,21C48001,65,4,66,20,88,1,,61FF02EC8E7B577CB27CB27ECE7B57FFFFFFFFFFFFFFFFFF
1789040338441,2026-09-10T15:38:58.441,v4621,21C28001,182,10,183,20,148,1,,61FF02F08E581111FFFFFF00440D0D0101003A01B964FF64FF0001FFFFFF4C39
1789040338563,2026-09-10T15:38:58.564,v4621,21CA8001,112,6,113,20,120,1,,61FF02EA02EE8E86000027001400000000FE140008FF00000000FF0800044105
1789040338711,2026-09-10T15:38:58.712,v4621,21C48001,65,4,66,20,122,1,,61FF02EE8E7B587CB67CB67ECD7B58FFFFFFFFFFFFFFFFFF
1789040338892,2026-09-10T15:38:58.892,v4621,21C08001,182,10,183,20,178,1,,61FF02F08E8500CF00CF00CF00CFFFFFFFFFFFFFFFFF00FF01FF00B9FFFF01FF
1789040339012,2026-09-10T15:38:59.012,v4621,21CA8001,112,6,113,20,117,1,,61FF02F402EE8E85000027001400000000FE140008FF00000000FF0800044105
1789040339130,2026-09-10T15:38:59.131,v4621,21C18001,84,5,85,20,93,1,,61FF02EE8D857D7D606D6D6D6DFFFF64646464FFFF7DFFFFFFFFFFFFFFFFFFFF
1789040339283,2026-09-10T15:38:59.284,v4621,21C08001,182,10,183,20,150,1,,61FF02EF8E8500CD00CD00CD00CDFFFFFFFFFFFFFFFF00FF01FF0066FFFF01FF
1789040339404,2026-09-10T15:38:59.405,v4621,21C28001,182,10,183,20,118,1,,61FF02F48D581110FFFFFF00440D0D0101003901B964FF64FF0001FFFFFF4C39
1789040339493,2026-09-10T15:38:59.494,v4621,21C18001,84,5,85,20,86,1,,61FF02F38E857D7D606B6B6B6BFFFF64646464FFFF7DFFFFFFFFFFFFFFFFFFFF
1789040339609,2026-09-10T15:38:59.610,v4621,21C48001,65,4,66,20,114,1,,61FF02EA8E7B587CC87C9F7ECE7B58FFFFFFFFFFFFFFFFFF
1789040339763,2026-09-10T15:38:59.763,v4621,21C28001,182,10,183,20,151,1,,61FF02EB8E581110FFFFFF00430E0D0101003A01B964FF64FF0001FFFFFF4C39
1789040339884,2026-09-10T15:38:59.885,v4621,21CA8001,112,6,113,20,119,1,,61FF02EE02EE8E85000027001400000000FE140008FF00000000FF0800044105
1789040339971,2026-09-10T15:38:59.971,v4621,21C48001,65,4,66,20,84,1,,61FF02F18E7B597CA17CB47ECD7B59FFFFFFFFFFFFFFFFFF
1789040340094,2026-09-10T15:39:00.094,v4621,21CB8001,150,8,151,20,121,1,,61FF02F18F5885FFFFFF00001A0000000103FFFFFF002901F401F301F2FFFFFF
1789040340243,2026-09-10T15:39:00.243,v4621,21CA8001,112,6,113,20,124,1,,61FF02F002EE8E85000027001400000000FE140008FF00000000FF0800044105
1789040340423,2026-09-10T15:39:00.423,v4621,21C08001,182,10,183,20,155,1,,61FF02EE8D8500D100D100D100D1FFFFFFFFFFFFFFFF00FF01FF01E8FFFF01FF
1789040340541,2026-09-10T15:39:00.541,v4621,21C08001,182,10,183,20,115,1,,61FF02F18E8500CC00CC00CC00CCFFFFFFFFFFFFFFFF01FF01FF02BFFFFF01FF
1789040340633,2026-09-10T15:39:00.634,v4621,21C18001,84,5,85,20,90,1,,61FF02EF8E857D7D606B6B6B6BFFFF64646464FFFF7DFFFFFFFFFFFFFFFFFFFF
1789040340753,2026-09-10T15:39:00.754,v4621,21C18001,84,5,85,20,118,1,,61FF02EB8E857D7D606C6C6C6CFFFF64646464FFFF7DFFFFFFFFFFFFFFFFFFFF
1789040340904,2026-09-10T15:39:00.905,v4621,21C28001,182,11,183,20,149,1,,61FF02EC8E581110FFFFFF00440E0D0101003A01B964FF64FF0001FFFFFF4C39
1789040341021,2026-09-10T15:39:01.021,v4621,21C28001,182,10,183,20,114,1,,61FF02F28E581111FFFFFF00440D0D0101003A01B964FF64FF0001FFFFFF4C39
1789040341112,2026-09-10T15:39:01.113,v4621,21C48001,65,4,66,20,89,1,,61FF02EA8E7B5A7CB87CB57ECD7B5AFFFFFFFFFFFFFFFFFF
1789040341231,2026-09-10T15:39:01.232,v4621,21C48001,65,4,66,20,117,1,,61FF02F18E7B5A7C9E7CB07ECD7B5AFFFFFFFFFFFFFFFFFF
1789040341352,2026-09-10T15:39:01.352,v4621,21CA8001,112,6,113,20,119,1,,61FF02E902EE8E85000027001400000000FE140008FF00000000FF0800044105
1789040341532,2026-09-10T15:39:01.532,v4621,21CA8001,112,6,113,20,154,1,,61FF02F002EE8E85000027001400000000FE140008FF00000000FF0800044105
1789040341683,2026-09-10T15:39:01.684,v4621,21C08001,182,10,183,20,149,1,,61FF02E88F8500D300D300D300D3FFFFFFFFFFFFFFFF00FF01FF00DBFFFF01FF
1789040341801,2026-09-10T15:39:01.801,v4621,21CB8001,150,8,151,20,115,1,,61FF02F18D5885FFFFFF00001A0000000103FFFFFF002901F401F301F3FFFFFF
1789040341952,2026-09-10T15:39:01.952,v4621,21C18001,84,5,85,20,125,1,,61FF02F08E857D7D5F6B6B6B6BFFFF64646464FFFF7DFFFFFFFFFFFFFFFFFFFF
1789040342102,2026-09-10T15:39:02.102,v4621,21C08001,182,10,183,20,147,1,,61FF02F38E8500CD00CD00CD00CDFFFFFFFFFFFFFFFF01FF01FF02D7FFFF01FF
1789040342223,2026-09-10T15:39:02.224,v4621,21C28001,182,10,183,20,119,1,,61FF02EF8E581111FFFFFF00440D0D0101003A01B964FF64FF0001FFFFFF4C39
1789040342314,2026-09-10T15:39:02.314,v4621,21C18001,84,5,85,20,88,1,,61FF02E78E857D7D5F6F6F6F6FFFFF64646464FFFF7DFFFFFFFFFFFFFFFFFFFF
1789040342458,2026-09-10T15:39:02.459,v4621,21C48001,65,4,66,20,143,1,,61FF02EC8E7B5B7CB17CB97ECD7B5BFFFFFFFFFFFFFFFFFF
1789040342584,2026-09-10T15:39:02.585,v4621,21C28001,182,11,183,20,124,1,,61FF02EF8E581111FFFFFF00450D0D0101003A01B964FF64FF0001FFFFFF4C39
1789040342729,2026-09-10T15:39:02.729,v4621,21CA8001,112,6,113,20,142,1,,61FF02EA02EE8E85000027001400000000FE140008FF00000000FF0800044105
1789040342853,2026-09-10T15:39:02.854,v4621,21C48001,65,4,66,20,98,1,,61FF02EF8E7B5C7CB37CA87ECD7B5CFFFFFFFFFFFFFFFFFF
1789040343003,2026-09-10T15:39:03.003,v4621,21C08001,182,10,183,20,147,1,,61FF02E88E8400CF00CF00CF00CFFFFFFFFFFFFFFFFF00FF01FF0097FFFF01FF
1789040343150,2026-09-10T15:39:03.151,v4621,21CA8001,112,6,113,20,145,1,,61FF02EF02EE8E84000027001400000000FE140008FF00000100FF0800044105
1789040343273,2026-09-10T15:39:03.274,v4621,21C18001,84,5,85,20,96,1,,61FF02EB8E847D7D5F6D6D6D6DFFFF64646464FFFF7DFFFFFFFFFFFFFFFFFFFF
1789040343422,2026-09-10T15:39:03.422,v4621,21C08001,182,10,183,20,146,1,,61FF02EC8E8400D100D100D100D1FFFFFFFFFFFFFFFF00FF01FF007AFFFF01FF
1789040343546,2026-09-10T15:39:03.546,v4621,21C28001,182,10,183,20,121,1,,61FF02F58E581111FFFFFF00450D0D0101003A01B964FF64FF0001FFFFFF4C39
1789040343633,2026-09-10T15:39:03.633,v4621,21C18001,84,5,85,20,85,1,,61FF02F28D847C7C5F7A7A7A7AFFFF64646464FFFF7CFFFFFFFFFFFFFFFFFFFF
1789040343780,2026-09-10T15:39:03.781,v4621,21C48001,65,4,66,20,145,1,,61FF03058E826A8133811D7E89826AFFFFFFFFFFFFFFFFFF
1789040343905,2026-09-10T15:39:03.906,v4621,21C28001,182,10,183,20,122,1,,61FF04658E583D3DFFFFFF017828282A2900DF011280FF65FF5B01FFFFFF4C39
1789040344049,2026-09-10T15:39:04.050,v4621,21CA8001,112,6,113,20,141,1,,61FF076502EE8E84000069003200C400B7FE140008FF00000100FF0800044105
1789040344201,2026-09-10T15:39:04.202,v4621,21C48001,65,4,66,20,149,1,,61FF0A3D8E7CDC7CDA7D9A7EAF7CDCFFFFFFFFFFFFFFFFFF
1789040344323,2026-09-10T15:39:04.323,v4621,21CB8001,150,8,151,20,119,1,,61FF0A1A8E5984FFFFFF00001A0000000200FFFFFF002901F401F301F2FFFFFF
1789040344471,2026-09-10T15:39:04.471,v4621,21CA8001,112,7,113,20,123,1,,61FF091902EE8E84000082003F010B00FCFE140008FF00000100FF0800044105
1789040344627,2026-09-10T15:39:04.627,v4621,21C08001,182,10,183,20,130,1,,61FF083B8E8401AD01AD01AD01ADFFFFFFFFFFFFFFFF00FF01FF0027FFFF00FF
1789040344744,2026-09-10T15:39:04.744,v4621,21C08001,182,10,183,20,114,1,,61FF086A8E840368036803680368FFFFFFFFFFFFFFFF00FF01FF003AFFFF00FF
1789040344831,2026-09-10T15:39:04.831,v4621,21C18001,84,5,85,20,84,1,,61FF09898E847B7B4078787878FFFF64646464FFFF7BFFFFFFFFFFFFFFFFFFFF
1789040344953,2026-09-10T15:39:04.953,v4621,21C18001,84,5,85,20,120,1,,61FF0A158E847B7B4078787878FFFF64646464FFFF7BFFFFFFFFFFFFFFFFFFFF
1789040345101,2026-09-10T15:39:05.102,v4621,21C28001,182,10,183,20,146,1,,61FF09FE8E593532FFFFFF02C01E1D1211007C017676FF76FF4801FFFFFF4C39
1789040345224,2026-09-10T15:39:05.225,v4621,21C28001,182,10,183,20,120,1,,61FF09D28E593D3CFFFFFF033F22211515008C01658AFF89FF2901FFFFFF4C39
1789040345312,2026-09-10T15:39:05.312,v4621,21C48001,65,4,66,20,85,1,,61FF0A0F8E82BA82C482BB7E3382BAFFFFFFFFFFFFFFFFFF
1789040345459,2026-09-10T15:39:05.460,v4621,21C48001,65,4,66,20,145,1,,61FF0A558E82A682C782C77E3282A6FFFFFFFFFFFFFFFFFF
1789040345609,2026-09-10T15:39:05.610,v4621,21CA8001,112,6,113,20,148,1,,61FF0A8502EE8E830300AD0054019A0189FE140008FF00000100FF0800044105
1789040345791,2026-09-10T15:39:05.792,v4621,21CA8001,112,6,113,20,157,1,,61FF0A4F02EE8E830400A90052017F016FFE140008FF00000100FF0800044105
1789040345941,2026-09-10T15:39:05.942,v4621,21C08001,182,10,183,20,147,1,,61FF09528E8302F902F902F902F9FFFFFFFFFFFFFFFF01FF01FF0249FFFF01FF
1789040346063,2026-09-10T15:39:06.064,v4621,21CB8001,150,8,151,20,119,1,,61FF09498E5883FFFFFF00001A0000000200FFFFFF002901F401F301F1FFFFFF
1789040346212,2026-09-10T15:39:06.212,v4621,21C18001,84,6,85,20,126,1,,61FF096B8E837A7A4177777777FFFF64646464FFFF7AFFFFFFFFFFFFFFFFFFFF
1789040346361,2026-09-10T15:39:06.362,v4621,21C08001,182,10,183,20,147,1,,61FF098E8F8303EF03EF03EF03EFFFFFFFFFFFFFFFFF00FF01FF0070FFFF00FF
1789040346481,2026-09-10T15:39:06.481,v4621,21C28001,182,10,183,20,117,1,,61FF09C88E584243FFFFFF038C24241A1A009E01538AFF8BFF2801FFFFFF4C39
1789040346573,2026-09-10T15:39:06.573,v4621,21C18001,84,5,85,20,89,1,,61FF09E88E837A7A4477777777FFFF64646464FFFF7AFFFFFFFFFFFFFFFFFFFF
1789040346719,2026-09-10T15:39:06.720,v4621,21C48001,65,4,66,20,144,1,,61FF0A048E833B834F83567E25833BFFFFFFFFFFFFFFFFFF
1789040346844,2026-09-10T15:39:06.845,v4621,21C28001,182,10,183,20,123,1,,61FF0A438E584243FFFFFF03B924251A1A00A001518BFF8AFF2C01FFFFFF4C39
1789040346964,2026-09-10T15:39:06.964,v4621,21CA8001,112,7,113,20,117,1,,61FF0A5B02EE8E830B00AF005401970186FE140008FF00000100FF0800044105
1789040347141,2026-09-10T15:39:07.142,v4621,21C48001,65,4,66,20,152,1,,61FF0A0F8E8200823E82227E2A8200FFFFFFFFFFFFFFFFFF
1789040347261,2026-09-10T15:39:07.261,v4621,21C08001,182,10,183,20,117,1,,61FF09938E83030B030B030B030BFFFFFFFFFFFFFFFF01FF01FF02D2FFFF01FF
1789040347410,2026-09-10T15:39:07.411,v4621,21CA8001,112,6,113,20,147,1,,61FF093102EE8E830E009A004B01560149FE140008FF00000100FF0800044105
1789040347533,2026-09-10T15:39:07.534,v4621,21C18001,84,5,85,20,87,1,,61FF08C08E8279794070707070FFFF64646464FFFF79FFFFFFFFFFFFFFFFFFFF
1789040347681,2026-09-10T15:39:07.682,v4621,21C08001,182,10,183,20,146,1,,61FF08B38E820273027302730273FFFFFFFFFFFFFFFF01FF01FF0245FFFF00FF
1789040347801,2026-09-10T15:39:07.801,v4621,21C28001,182,10,183,20,117,1,,61FF08F58E582627FFFFFF01E019190C0B0063018F64FF64FF0001FFFFFF4C39
1789040347894,2026-09-10T15:39:07.894,v4621,21C18001,84,5,85,20,91,1,,61FF09198F827D7D406B6B6B6BFFFF64646464FFFF7DFFFFFFFFFFFFFFFFFFFF
1789040348040,2026-09-10T15:39:08.041,v4621,21C48001,65,4,66,20,144,1,,61FF09238E7FC57FB77F897E3B7FC5FFFFFFFFFFFFFFFFFF
1789040348164,2026-09-10T15:39:08.164,v4621,21C28001,182,10,183,20,121,1,,61FF09238E582425FFFFFF01D818180B0B0063018E64FF64FF0001FFFFFF4C39
1789040348310,2026-09-10T15:39:08.310,v4621,21CA8001,112,6,113,20,143,1,,61FF093F02EE8F8210007D003C00FD00F1FE140008FF00000000FF0800044105
1789040348461,2026-09-10T15:39:08.462,v4621,21C48001,65,4,66,20,149,1,,61FF094D8F7F917F947F947E367F91FFFFFFFFFFFFFFFFFF
1789040348581,2026-09-10T15:39:08.582,v4621,21CB8001,150,8,151,20,117,1,,61FF09528D5882FFFFFF0000190000000201FFFFFF002901F401F301F2FFFFFF
1789040348731,2026-09-10T15:39:08.731,v4621,21CA8001,112,6,113,20,115,1,,61FF092302EE8E8211005F002D00A900A0FE140008FF00000000FF0800044105
1789040348911,2026-09-10T15:39:08.911,v4621,21C08001,182,10,183,20,152,1,,61FF09108E8200EA00EA00EA00EAFFFFFFFFFFFFFFFF01FF01FF0339FFFF01FF
1789040349064,2026-09-10T15:39:09.064,v4621,21C08001,182,10,183,20,150,1,,61FF08FE8F8200BC00BC00BC00BCFFFFFFFFFFFFFFFF01FF01FF0320FFFF01FF
1789040349153,2026-09-10T15:39:09.154,v4621,21C18001,84,5,85,20,88,1,,61FF08CD8E8289894F87878787FFFF64646464FFFF89FFFFFFFFFFFFFFFFFFFF
1789040349271,2026-09-10T15:39:09.272,v4621,21C18001,84,5,85,20,116,1,,61FF08AB8F828A8A4F88888888FFFF64646464FFFF8AFFFFFFFFFFFFFFFFFFFF
1789040349421,2026-09-10T15:39:09.422,v4621,21C28001,182,10,183,20,147,1,,61FF087E8E580E0FFFFFFF00B50A0B0405004701AC64FF64FF0001FFFFFF4C39
1789040349599,2026-09-10T15:39:09.600,v4621,21C28001,182,10,183,20,175,1,,61FF084A8E580E0FFFFFFF00AA0A0B0404004601AC64FF64FF0001FFFFFF4C39
1789040349723,2026-09-10T15:39:09.724,v4621,21C48001,65,4,66,20,121,1,,61FF080B8E7CF37CF87CFE7E587CF3FFFFFFFFFFFFFFFFFF
1789040349843,2026-09-10T15:39:09.843,v4621,21C48001,65,4,66,20,117,1,,61FF07DA8E7CF77CF77CF17E637CF7FFFFFFFFFFFFFFFFFF
1789040349965,2026-09-10T15:39:09.965,v4621,21CA8001,112,6,113,20,120,1,,61FF07A702EE8E820E00470022005F0053FE140008FF00000000FF0800044105
1789040350113,2026-09-10T15:39:10.113,v4621,21CA8001,112,6,113,20,120,1,,61FF076802EE8E820E00470022005F0053FE140008FF00000000FF0800044105
1789040350260,2026-09-10T15:39:10.260,v4621,21C08001,182,10,183,20,144,1,,61FF07418E8200A800A800A800A8FFFFFFFFFFFFFFFF01FF01FF0303FFFF01FF
1789040350381,2026-09-10T15:39:10.382,v4621,21CB8001,150,8,151,20,119,1,,61FF07058E5882FFFFFF0000190000000100FFFFFF002901F401F301F1FFFFFF
1789040350533,2026-09-10T15:39:10.533,v4621,21C18001,84,5,85,20,124,1,,61FF06DC8E828A8A6788888888FFFF64646464FFFF8AFFFFFFFFFFFFFFFFFFFF
1789040350711,2026-09-10T15:39:10.712,v4621,21C08001,182,10,183,20,175,1,,61FF06A48E8200AE00AE00AE00AEFFFFFFFFFFFFFFFF01FF01FF014CFFFF01FF
1789040350861,2026-09-10T15:39:10.862,v4621,21C28001,182,10,183,20,147,1,,61FF06668E580F10FFFFFF008C0A0B0303004201B164FF64FF0001FFFFFF4C39
1789040350952,2026-09-10T15:39:10.953,v4621,21C18001,84,5,85,20,88,1,,61FF06438D8288886686868686FFFF64646464FFFF88FFFFFFFFFFFFFFFFFFFF
1789040351074,2026-09-10T15:39:11.074,v4621,21C48001,65,4,66,20,119,1,,61FF06248F7D287D117D117E8A7D28FFFFFFFFFFFFFFFFFF
1789040351222,2026-09-10T15:39:11.223,v4621,21C28001,182,10,183,20,147,1,,61FF05F98E581010FFFFFF00850C0B0304004301AF64FF64FF0001FFFFFF4C39
1789040351369,2026-09-10T15:39:11.370,v4621,21CA8001,112,6,113,20,145,1,,61FF05D102EE8E820A0043002000530048FE140008FF00000000FF0800044105
1789040351490,2026-09-10T15:39:11.491,v4621,21C48001,65,4,66,20,93,1,,61FF05A18F7D457D2F7D387E967D45FFFFFFFFFFFFFFFFFF
1789040351641,2026-09-10T15:39:11.642,v4621,21C08001,182,10,183,20,148,1,,61FF057D8E8200CE00CE00CE00CEFFFFFFFFFFFFFFFF00FF01FF004EFFFF00FF
1789040351762,2026-09-10T15:39:11.762,v4621,21CA8001,112,6,113,20,118,1,,61FF055C02EE8E820A0043002000530048FE140008FF00000000FF0800044105
1789040351912,2026-09-10T15:39:11.912,v4621,21C18001,84,5,85,20,124,1,,61FF05368E827F7F5C7C7C7C7CFFFF64646464FFFF7FFFFFFFFFFFFFFFFFFFFF
1789040352092,2026-09-10T15:39:12.092,v4621,21C08001,182,10,183,20,177,1,,61FF05178E8200E000E000E000E0FFFFFFFFFFFFFFFF01FF01FF0317FFFF01FF
1789040352274,2026-09-10T15:39:12.274,v4621,21C28001,182,10,183,20,179,1,,61FF04DD8E581413FFFFFF00800E0E0303004201B064FF64FF0001FFFFFF4C39
1789040352424,2026-09-10T15:39:12.424,v4621,21C18001,84,5,85,20,147,1,,61FF04BF8E827B7B5977777777FFFF64646464FFFF7BFFFFFFFFFFFFFFFFFFFF
1789040352512,2026-09-10T15:39:12.512,v4621,21C48001,65,4,66,20,86,1,,61FF049E8F7D8C7D6B7D6A7EB67D8CFFFFFFFFFFFFFFFFFF
1789040352663,2026-09-10T15:39:12.663,v4621,21C28001,182,10,183,20,149,1,,61FF04858E581814FFFFFF007F110F0404004301AE64FF64FF0001FFFFFF4C39
1789040352781,2026-09-10T15:39:12.782,v4621,21CA8001,112,6,113,20,115,1,,61FF046502EE8E82080063002F00AD00A3FE140008FF00000000FF0800044105
1789040352872,2026-09-10T15:39:12.872,v4621,21C48001,65,4,66,20,88,1,,61FF04588D80757E467E807EA48075FFFFFFFFFFFFFFFFFF
1789040352991,2026-09-10T15:39:12.991,v4621,21CB8001,150,8,151,20,117,1,,61FF046B8F5882FFFFFF0000190000000100FFFFFF002901F401F301F2FFFFFF
1789040353139,2026-09-10T15:39:13.140,v4621,21CA8001,112,6,113,20,120,1,,61FF047302EE8E82080072003700DE00D0FE140008FF00000000FF0800044105
1789040353322,2026-09-10T15:39:13.323,v4621,21C08001,182,10,183,20,157,1,,61FF049F8E8202AD02AD02AD02ADFFFFFFFFFFFFFFFF00FF01FF0035FFFF00FF
1789040353471,2026-09-10T15:39:13.472,v4621,21C08001,182,10,183,20,146,1,,61FF04A98E8202A902A902A902A9FFFFFFFFFFFFFFFF00FF01FF0030FFFF00FF
1789040353591,2026-09-10T15:39:13.591,v4621,21C18001,84,5,85,20,117,1,,61FF04C58E8273734061616161FFFF64646464FFFF73FFFFFFFFFFFFFFFFFFFF
1789040353712,2026-09-10T15:39:13.713,v4621,21C18001,84,5,85,20,119,1,,61FF04E48E8274744065656565FFFF64646464FFFF74FFFFFFFFFFFFFFFFFFFF
1789040353863,2026-09-10T15:39:13.864,v4621,21C28001,182,10,183,20,149,1,,61FF04F08E581921FFFFFF00DA12170505004801A964FF64FF0001FFFFFF4C39
1789040353983,2026-09-10T15:39:13.984,v4621,21C28001,182,10,183,20,117,1,,61FF04E08E58181EFFFFFF00C711150404004601AC64FF64FF0001FFFFFF4C39
1789040354072,2026-09-10T15:39:14.072,v4621,21C48001,65,4,66,20,85,1,,61FF04C88E7DE77EB17E607EA57DE7FFFFFFFFFFFFFFFFFF
1789040354220,2026-09-10T15:39:14.220,v4621,21C48001,65,4,66,20,145,1,,61FF04C98E7DEB7E437E437E9E7DEBFFFFFFFFFFFFFFFFFF
1789040354344,2026-09-10T15:39:14.344,v4621,21CA8001,112,7,113,20,122,1,,61FF04B902EE8E8308004E002500720068FE140008FF00000000FF0800044105
1789040354492,2026-09-10T15:39:14.493,v4621,21CA8001,112,6,113,20,121,1,,61FF049D02EE8E8308004E002500720068FE140008FF00000000FF0800044105
1789040354642,2026-09-10T15:39:14.642,v4621,21C08001,182,10,183,20,147,1,,61FF048E8E830124012401240124FFFFFFFFFFFFFFFF01FF01FF0275FFFF00FF
1789040354762,2026-09-10T15:39:14.762,v4621,21CB8001,150,8,151,20,117,1,,61FF04768E5883FFFFFF0000190000000104FFFFFF002901F401F301F1FFFFFF
1789040354912,2026-09-10T15:39:14.913,v4621,21C18001,84,5,85,20,124,1,,61FF04458E8375754371717171FFFF64646464FFFF75FFFFFFFFFFFFFFFFFFFF
1789040355063,2026-09-10T15:39:15.063,v4621,21C08001,182,10,183,20,147,1,,61FF042E8C83012B012B012B012BFFFFFFFFFFFFFFFF01FF01FF02EBFFFF01FF
1789040355185,2026-09-10T15:39:15.185,v4621,21C28001,182,10,183,20,119,1,,61FF04148E58211AFFFFFF009817130505004901AA64FF64FF0001FFFFFF4C39
1789040355272,2026-09-10T15:39:15.273,v4621,21C18001,84,5,85,20,85,1,,61FF04088E837474446A6A6A6AFFFF64646464FFFF74FFFFFFFFFFFFFFFFFFFF
1789040355421,2026-09-10T15:39:15.421,v4621,21C48001,65,4,66,20,146,1,,61FF03E78F7F5E7EB97E9F7EAF7F5EFFFFFFFFFFFFFFFFFF
1789040355545,2026-09-10T15:39:15.546,v4621,21C28001,182,10,183,20,122,1,,61FF03E18E582323FFFFFF00C019190506004E01A564FF64FF0001FFFFFF4C39
1789040355660,2026-09-10T15:39:15.661,v4621,21CA8001,112,6,113,20,113,1,,61FF03B602EE8C8307005200270078006EFE140008FF00000000FF0800044105
1789040355841,2026-09-10T15:39:15.842,v4621,21C48001,65,4,66,20,154,1,,61FF03C08D7FE97E937EA07E9F7FE9FFFFFFFFFFFFFFFFFF
1789040355979,2026-09-10T15:39:15.979,v4621,21C08001,182,10,183,20,135,1,,61FF03C28E830212021202120212FFFFFFFFFFFFFFFF00FF01FF0035FFFF00FF
1789040356084,2026-09-10T15:39:16.084,v4621,21CA8001,112,6,113,20,102,1,,61FF03C402EE8E83060063002F00B000A6FE140008FF00000000FF0800044105
1789040356232,2026-09-10T15:39:16.232,v4621,21C18001,84,5,85,20,121,1,,61FF03C98E83716F406D6D6D6DFFFF64646464FFFF71FFFFFFFFFFFFFFFFFFFF
1789040356381,2026-09-10T15:39:16.381,v4621,21C08001,182,10,183,20,146,1,,61FF03D48E83021B021B021B021BFFFFFFFFFFFFFFFF00FF01FF0030FFFF00FF
1789040356505,2026-09-10T15:39:16.506,v4621,21C28001,182,10,183,20,122,1,,61FF03DA8E581D27FFFFFF00CB151C0405004801AB64FF64FF0001FFFFFF4C39
1789040356596,2026-09-10T15:39:16.597,v4621,21C18001,84,5,85,20,88,1,,61FF03DE8C8372724070707070FFFF64646464FFFF72FFFFFFFFFFFFFFFFFFFF
1789040356739,2026-09-10T15:39:16.739,v4621,21C48001,65,4,66,20,140,1,,61FF03D78C7B867DC57E477EA37B86FFFFFFFFFFFFFFFFFF
1789040356865,2026-09-10T15:39:16.865,v4621,21C28001,182,10,183,20,124,1,,61FF03E38E581B20FFFFFF00AA14170404004501AD64FF64FF0001FFFFFF4C39
1789040357009,2026-09-10T15:39:17.010,v4621,21CA8001,112,6,113,20,142,1,,61FF03C902EE8D83060027001300000000FE140008FF00000100FF0800044105
1789040357158,2026-09-10T15:39:17.159,v4621,21C48001,65,4,66,20,146,1,,61FF03AC8E7B847CA47CC67EA57B84FFFFFFFFFFFFFFFFFF
1789040357282,2026-09-10T15:39:17.282,v4621,21CB8001,150,8,151,20,121,1,,61FF038E8D5883FFFFFF00001A0000000304FFFFFF002901F401F301F2FFFFFF
1789040357432,2026-09-10T15:39:17.433,v4621,21CA8001,112,6,113,20,124,1,,61FF036D02EE8C83050027001400000000FE140008FF00000100FF0800044105
1789040357584,2026-09-10T15:39:17.585,v4621,21C08001,182,10,183,20,126,1,,61FF03578A8300F300F300F300F3FFFFFFFFFFFFFFFF01FF01FF031BFFFF01FF
1789040357702,2026-09-10T15:39:17.703,v4621,21C08001,182,10,183,20,115,1,,61FF03468D8300EB00EB00EB00EBFFFFFFFFFFFFFFFF01FF01FF0325FFFF01FF
1789040357792,2026-09-10T15:39:17.793,v4621,21C18001,84,5,85,20,87,1,,61FF03388E837474535E5E5E5EFFFF64646464FFFF74FFFFFFFFFFFFFFFFFFFF
1789040357913,2026-09-10T15:39:17.913,v4621,21C18001,84,5,85,20,117,1,,61FF033C8E837474555D5D5D5DFFFF64646464FFFF74FFFFFFFFFFFFFFFFFFFF
1789040358065,2026-09-10T15:39:18.065,v4621,21C28001,182,10,183,20,149,1,,61FF03308E581314FFFFFF00570E0F0202003C01B764FF64FF0001FFFFFF4C39
1789040358185,2026-09-10T15:39:18.185,v4621,21C28001,182,10,183,20,117,1,,61FF032F8D582613FFFFFF005D1B0F0504004601AD64FF64FF0001FFFFFF4C39
1789040358272,2026-09-10T15:39:18.272,v4621,21C48001,65,4,66,20,84,1,,61FF03698E80CE7E497E467EA880CEFFFFFFFFFFFFFFFFFF
1789040358391,2026-09-10T15:39:18.392,v4621,21C48001,65,4,66,20,117,1,,61FF03FB8E82007FDE7FE17EA18200FFFFFFFFFFFFFFFFFF
1789040358512,2026-09-10T15:39:18.512,v4621,21CA8001,112,6,113,20,118,1,,61FF05A802EE8E8301006A003300C400B7FE140008FF00000100FF0800044105
1789040358664,2026-09-10T15:39:18.664,v4621,21CA8001,112,7,113,20,125,1,,61FF088602EE8E83000077003900E900DCFE140008FF00000100FF0800044105
1789040358783,2026-09-10T15:39:18.783,v4621,21C08001,182,10,183,20,116,1,,61FF09988E83014A014A014A014AFFFFFFFFFFFFFFFF01FF01FF031BFFFF01FF
1789040358903,2026-09-10T15:39:18.903,v4621,21CB8001,150,8,151,20,117,1,,61FF097F8E5883FFFFFF00001A0000000100FFFFFF002901F401F301F2FFFFFF
1789040359052,2026-09-10T15:39:19.052,v4621,21C18001,84,5,85,20,123,1,,61FF08D18E837F7F407B7B7B7BFFFF64646464FFFF7FFFFFFFFFFFFFFFFFFFFF
1789040359203,2026-09-10T15:39:19.204,v4621,21C08001,182,10,183,20,149,1,,61FF08768D830307030703070307FFFFFFFFFFFFFFFF00FF01FF002BFFFF00FF
1789040359325,2026-09-10T15:39:19.325,v4621,21C28001,182,10,183,20,118,1,,61FF091E8E583D42FFFFFF032A22251414008901688AFF7AFF5E01FFFFFF4C39
1789040359413,2026-09-10T15:39:19.413,v4621,21C18001,84,5,85,20,85,1,,61FF09FE8E837A7A4077777777FFFF64646464FFFF7AFFFFFFFFFFFFFFFFFFFF
1789040359560,2026-09-10T15:39:19.560,v4621,21C48001,65,4,66,20,144,1,,61FF0A438E81C781C581C57E5681C7FFFFFFFFFFFFFFFFFF
1789040359685,2026-09-10T15:39:19.685,v4621,21C28001,182,10,183,20,123,1,,61FF0A5B8E58393AFFFFFF033A1F2013130085016D88FF88FF3B01FFFFFF4C39
1789040359802,2026-09-10T15:39:19.803,v4621,21CA8001,112,6,113,20,114,1,,61FF0A5502EE8E830200C0005D01CA01B7FE140008FF00000100FF0800044105
1789040359979,2026-09-10T15:39:19.979,v4621,21C48001,65,4,66,20,150,1,,61FF0A048E81F381F581F47E3981F3FFFFFFFFFFFFFFFFFF
1789040360104,2026-09-10T15:39:20.105,v4621,21C08001,182,10,183,20,122,1,,61FF09938E83035E035E035E035EFFFFFFFFFFFFFFFF01FF01FF02F4FFFF01FF
1789040360221,2026-09-10T15:39:20.221,v4621,21CA8001,112,6,113,20,114,1,,61FF094402EE8E830500BC005B01BE01ABFE140008FF00000100FF0800044105
1789040360373,2026-09-10T15:39:20.374,v4621,21C18001,84,5,85,20,125,1,,61FF09198E837A7A457A7A7A7AFFFF64646464FFFF7AFFFFFFFFFFFFFFFFFFFF
1789040360524,2026-09-10T15:39:20.524,v4621,21C08001,182,10,183,20,148,1,,61FF09158E830364036403640364FFFFFFFFFFFFFFFF01FF01FF02F9FFFF01FF
1789040360643,2026-09-10T15:39:20.643,v4621,21C28001,182,10,183,20,116,1,,61FF08CD8D583638FFFFFF02A91E2010100077017B83FF87FF1F01FFFFFF4C39
1789040360761,2026-09-10T15:39:20.762,v4621,21C18001,84,5,85,20,116,1,,61FF088A8E8379794179797979FFFF64646464FFFF79FFFFFFFFFFFFFFFFFFFF
1789040360852,2026-09-10T15:39:20.853,v4621,21C48001,65,4,66,20,88,1,,61FF08438E7EDC802C802B7E497EDCFFFFFFFFFFFFFFFFFF
1789040361004,2026-09-10T15:39:21.005,v4621,21C28001,182,10,183,20,150,1,,61FF083F8F581821FFFFFF016F111607070053019E64FF64FF0001FFFFFF4C39
1789040361123,2026-09-10T15:39:21.123,v4621,21CA8001,112,6,113,20,116,1,,61FF087602EE8E830A005F002D00AC00A0FE140008FF00000100FF0800044105
1789040361211,2026-09-10T15:39:21.212,v4621,21C48001,65,4,66,20,86,1,,61FF087A8E7D4D7E1D7E147E577D4DFFFFFFFFFFFFFFFFFF
1789040361331,2026-09-10T15:39:21.332,v4621,21CB8001,150,8,151,20,117,1,,61FF089E8F5884FFFFFF00001A0000000100FFFFFF002901F401F301F2FFFFFF
1789040361483,2026-09-10T15:39:21.483,v4621,21CA8001,112,6,113,20,124,1,,61FF08AF02EE8F840A005400290086007DFE140008FF00000100FF0800044105
1789040361661,2026-09-10T15:39:21.662,v4621,21C08001,182,10,183,20,152,1,,61FF08C08E84008F008F008F008FFFFFFFFFFFFFFFFF00FF01FF0035FFFF00FF
1789040361781,2026-09-10T15:39:21.782,v4621,21C08001,182,10,183,20,117,1,,61FF08C48E840094009400940094FFFFFFFFFFFFFFFF00FF01FF0035FFFF00FF
1789040361875,2026-09-10T15:39:21.875,v4621,21C18001,84,5,85,20,90,1,,61FF08B38E848D8D5476767676FFFF64646464FFFF8DFFFFFFFFFFFFFFFFFFFF
1789040361992,2026-09-10T15:39:21.993,v4621,21C18001,84,5,85,20,114,1,,61FF088E8E848E8E5C77777777FFFF64646464FFFF8EFFFFFFFFFFFFFFFFFFFF
1789040362144,2026-09-10T15:39:22.144,v4621,21C28001,182,10,183,20,149,1,,61FF085E8E580E0EFFFFFF00A80A0A0404004501AD64FF64FF0001FFFFFF4C39
1789040362263,2026-09-10T15:39:22.264,v4621,21C28001,182,10,183,20,117,1,,61FF08128E580D0EFFFFFF00A00A0A0404004401AD64FF64FF0001FFFFFF4C39
1789040362351,2026-09-10T15:39:22.352,v4621,21C48001,65,4,66,20,85,1,,61FF07CC8D7BCD7C877C8B7E527BCDFFFFFFFFFFFFFFFFFF
1789040362500,2026-09-10T15:39:22.500,v4621,21C48001,65,4,66,20,146,1,,61FF078D8E7BCC7C717C717E557BCCFFFFFFFFFFFFFFFFFF
1789040362623,2026-09-10T15:39:22.624,v4621,21CA8001,112,6,113,20,121,1,,61FF071E02EE8E84040027001400000000FE140008FF00010100FF0800044105
1789040362771,2026-09-10T15:39:22.772,v4621,21CA8001,112,6,113,20,122,1,,61FF063C02EE8E84030027001400000000FE140008FF00010100FF0800044105
1789040362924,2026-09-10T15:39:22.924,v4621,21C08001,182,10,183,20,150,1,,61FF05988E8400FC00FC00FC00FCFFFFFFFFFFFFFFFF00FF00FF000EFFFF00FF
1789040363043,2026-09-10T15:39:23.043,v4621,21CB8001,150,8,151,20,116,1,,61FF05218E5884FFFFFF00001A0000000301FFFFFF002901F401F301F1FFFFFF
1789040363193,2026-09-10T15:39:23.193,v4621,21C18001,84,5,85,20,125,1,,61FF04CD8E8479776071717171FFFF64646464FFFF79FFFFFFFFFFFFFFFFFFFF
1789040363343,2026-09-10T15:39:23.343,v4621,21C08001,182,10,183,20,147,1,,61FF05CD8F840435043504350435FFFFFFFFFFFFFFFF01FF00FF034CFFFF01FF
1789040363462,2026-09-10T15:39:23.462,v4621,21C28001,182,10,183,20,116,1,,61FF08F08E584546FFFFFF036126261E1E00B2013F89FF83FF2101FFFFFF4C39
1789040363555,2026-09-10T15:39:23.556,v4621,21C18001,84,5,85,20,91,1,,61FF0AC58D8479794077777777FFFF64646464FFFF79FFFFFFFFFFFFFFFFFFFF
1789040363699,2026-09-10T15:39:23.700,v4621,21C48001,65,4,66,20,141,1,,61FF0B718E8205825882597E4A8205FFFFFFFFFFFFFFFFFF
1789040363825,2026-09-10T15:39:23.825,v4621,21C28001,182,10,183,20,123,1,,61FF0BD48E58383AFFFFFF03B61F201515008B016587FF88FF2A01FFFFFF4C39
1789040363943,2026-09-10T15:39:23.944,v4621,21CA8001,112,6,113,20,116,1,,61FF0BC402EE8E840200C7006101DC01CBFE140008FF00000100FF0800044105
1789040364120,2026-09-10T15:39:24.121,v4621,21C48001,65,4,66,20,151,1,,61FF0B3F8E81EA820182007E3181EAFFFFFFFFFFFFFFFFFF
1789040364244,2026-09-10T15:39:24.244,v4621,21C08001,182,10,183,20,121,1,,61FF0AB88E850334033403340334FFFFFFFFFFFFFFFF00FF01FF005CFFFF00FF
1789040364361,2026-09-10T15:39:24.362,v4621,21CA8001,112,6,113,20,114,1,,61FF0A4902EE8E850500C2005E01CF01BDFE140008FF00000100FF0800044105
1789040364511,2026-09-10T15:39:24.511,v4621,21C18001,84,5,85,20,113,1,,61FF0A1A8D857A7A477A7A7A7AFFFF64646464FFFF7AFFFFFFFFFFFFFFFFFFFF
1789040364661,2026-09-10T15:39:24.662,v4621,21C08001,182,10,183,20,148,1,,61FF0A0F8E850382038203820382FFFFFFFFFFFFFFFF01FF01FF02D7FFFF01FF
1789040364785,2026-09-10T15:39:24.785,v4621,21C28001,182,10,183,20,121,1,,61FF09F38E583F3EFFFFFF036222221616009001628AFF8BFF2C01FFFFFF4C39
1789040364873,2026-09-10T15:39:24.874,v4621,21C18001,84,5,85,20,85,1,,61FF09EE8E857A7A477A7A7A7AFFFF64646464FFFF7AFFFFFFFFFFFFFFFFFFFF
1789040365019,2026-09-10T15:39:25.019,v4621,21C48001,65,4,66,20,143,1,,61FF09E88D8283826D82717E3D8283FFFFFFFFFFFFFFFFFF
1789040365146,2026-09-10T15:39:25.146,v4621,21C28001,182,10,183,20,124,1,,61FF0A558E58363EFFFFFF034A1E211212007F01718BFF8BFF2501FFFFFF4C39
1789040365263,2026-09-10T15:39:25.263,v4621,21CA8001,112,6,113,20,114,1,,61FF0A9E02EE8E850C0093004701410131FE140008FF00000100FF0800044105
1789040365352,2026-09-10T15:39:25.352,v4621,21C48001,65,4,66,20,86,1,,61FF0A678E801780267FA27E4C8017FFFFFFFFFFFFFFFFFF
1789040365502,2026-09-10T15:39:25.502,v4621,21CB8001,150,9,151,20,147,1,,61FF09F38E5885FFFFFF00001A0000000100FFFFFF002901F401F301F2FFFFFF
1789040365652,2026-09-10T15:39:25.652,v4621,21CA8001,112,6,113,20,116,1,,61FF09BD02EE8D850E00960049014B013DFE140008FF00000100FF0800044105
1789040365802,2026-09-10T15:39:25.802,v4621,21C08001,182,10,183,20,147,1,,61FF09CD8D8502B402B402B402B4FFFFFFFFFFFFFFFF00FF01FF00C3FFFF00FF
1789040365925,2026-09-10T15:39:25.926,v4621,21C08001,182,10,183,20,120,1,,61FF09A88E850179017901790179FFFFFFFFFFFFFFFF01FF01FF0334FFFF01FF
1789040366015,2026-09-10T15:39:26.015,v4621,21C18001,84,5,85,20,86,1,,61FF096B8E857F7F407C7C7C7CFFFF64646464FFFF7FFFFFFFFFFFFFFFFFFFFF
1789040366133,2026-09-10T15:39:26.133,v4621,21C18001,84,5,85,20,115,1,,61FF092C8D858080407D7D7D7DFFFF64646464FFFF80FFFFFFFFFFFFFFFFFFFF
1789040366281,2026-09-10T15:39:26.282,v4621,21C28001,182,10,183,20,146,1,,61FF08D18E581B1AFFFFFF013B111108080056019C64FF64FF0001FFFFFF4C39
1789040366405,2026-09-10T15:39:26.405,v4621,21C28001,182,10,183,20,120,1,,61FF089E8E581B1AFFFFFF013B121208080056019C64FF64FF0001FFFFFF4C39
1789040366493,2026-09-10T15:39:26.494,v4621,21C48001,65,4,66,20,86,1,,61FF08968E7E9F7DEB7DEB7E847E9FFFFFFFFFFFFFFFFFFF
1789040366641,2026-09-10T15:39:26.641,v4621,21C48001,65,4,66,20,145,1,,61FF08A38D7EF47E2C7E1A7E797EF4FFFFFFFFFFFFFFFFFF
1789040366764,2026-09-10T15:39:26.764,v4621,21CA8001,112,6,113,20,120,1,,61FF08D102EE8E850F0082003E010600F7FE140008FF00000100FF0800044105
1789040366912,2026-09-10T15:39:26.913,v4621,21CA8001,112,6,113,20,121,1,,61FF08F902EE8D850F009100460138012BFE140008FF00000100FF0800044105
1789040367062,2026-09-10T15:39:27.062,v4621,21C08001,182,10,183,20,146,1,,61FF09448D85030B030B030B030BFFFFFFFFFFFFFFFF01FF01FF02C4FFFF01FF
1789040367212,2026-09-10T15:39:27.213,v4621,21CB8001,150,9,151,20,148,1,,61FF09848E5885FFFFFF00001A0000000101FFFFFF002901F401F301F3FFFFFF
1789040367333,2026-09-10T15:39:27.333,v4621,21C18001,84,5,85,20,98,1,,61FF09EE8E857A7A4071717171FFFF64646464FFFF7AFFFFFFFFFFFFFFFFFFFF
1789040367481,2026-09-10T15:39:27.481,v4621,21C08001,182,10,183,20,145,1,,61FF0A378E850294029402940294FFFFFFFFFFFFFFFF01FF01FF0308FFFF01FF
1789040367601,2026-09-10T15:39:27.602,v4621,21C28001,182,10,183,20,117,1,,61FF0A928E583031FFFFFF02C71B1C10100076017B74FF74FF2D01FFFFFF4C39
1789040367692,2026-09-10T15:39:27.693,v4621,21C18001,84,5,85,20,88,1,,61FF0AD88E857B7B4075757575FFFF64646464FFFF7BFFFFFFFFFFFFFFFFFFFF
1789040367839,2026-09-10T15:39:27.840,v4621,21C48001,65,4,66,20,144,1,,61FF0B0E8E808580B580AB7E5B8085FFFFFFFFFFFFFFFFFF
1789040367965,2026-09-10T15:39:27.966,v4621,21C28001,182,10,183,20,124,1,,61FF0B638D582C2CFFFFFF02B41A1A0F0F0074017F6CFF6DFF2F01FFFFFF4C39
1789040368083,2026-09-10T15:39:28.083,v4621,21CA8001,112,6,113,20,115,1,,61FF0BA502EE8E85140090004501360128FE140008FF00000000FF0800044105
1789040368259,2026-09-10T15:39:28.260,v4621,21C48001,65,4,66,20,152,1,,61FF0C038D7FD2801980197E4D7FD2FFFFFFFFFFFFFFFFFF
1789040368413,2026-09-10T15:39:28.414,v4621,21C08001,182,10,183,20,151,1,,61FF0C248E8601CD01CD01CD01CDFFFFFFFFFFFFFFFF00FF01FF00A1FFFF00FF
1789040368561,2026-09-10T15:39:28.561,v4621,21CA8001,112,6,113,20,144,1,,61FF0C8A02EE8E86160089004201230114FE140008FF00000000FF0800044105
1789040368713,2026-09-10T15:39:28.713,v4621,21C18001,84,5,85,20,126,1,,61FF0CAE8F867F7F4D7F7F7F7FFFFF64646464FFFF7FFFFFFFFFFFFFFFFFFFFF
1789040368861,2026-09-10T15:39:28.862,v4621,21C08001,182,10,183,20,146,1,,61FF0CDB8E86018C018C018C018CFFFFFFFFFFFFFFFF01FF01FF02F9FFFF01FF
1789040368983,2026-09-10T15:39:28.983,v4621,21C28001,182,10,183,20,119,1,,61FF0D148E582020FFFFFF024514150D0D0069018964FF64FF0001FFFFFF4C39
1789040369072,2026-09-10T15:39:29.073,v4621,21C18001,84,5,85,20,87,1,,61FF0D448E867F7F4D7F7F7F7FFFFF64646464FFFF7FFFFFFFFFFFFFFFFFFFFF
1789040369219,2026-09-10T15:39:29.220,v4621,21C48001,65,4,66,20,144,1,,61FF0D628E7F327F227F227E5A7F32FFFFFFFFFFFFFFFFFF
1789040369344,2026-09-10T15:39:29.345,v4621,21C28001,182,10,183,20,122,1,,61FF0DAA8E582020FFFFFF025A14140D0D006A018764FF64FF0001FFFFFF4C39
1789040369461,2026-09-10T15:39:29.462,v4621,21CA8001,112,6,113,20,114,1,,61FF0DD402EE8E8618008E004401310123FE140008FF00000000FF0800044105
1789040369551,2026-09-10T15:39:29.552,v4621,21C48001,65,4,66,20,87,1,,61FF0DF48E7F407F1B7F1B7E647F40FFFFFFFFFFFFFFFFFF
1789040369674,2026-09-10T15:39:29.674,v4621,21CB8001,150,8,151,20,120,1,,61FF0E2C8E5886FFFFFF00001B0000000100FFFFFF002901F401F301F2FFFFFF
1789040369822,2026-09-10T15:39:29.822,v4621,21CA8001,112,6,113,20,121,1,,61FF0E8802EE8E8719009D004C015E014EFE140008FF00000000FF0800044105
1789040370003,2026-09-10T15:39:30.003,v4621,21C08001,182,10,183,20,153,1,,61FF0F028E870260026002600260FFFFFFFFFFFFFFFF01FF01FF027FFFFF00FF
1789040370125,2026-09-10T15:39:30.126,v4621,21C08001,182,10,183,20,120,1,,61FF0F358D870235023502350235FFFFFFFFFFFFFFFF01FF01FF02F9FFFF01FF
1789040370212,2026-09-10T15:39:30.212,v4621,21C18001,84,5,85,20,84,1,,61FF0FAD8E877E7E5E7E7E7E7EFFFF64646464FFFF7EFFFFFFFFFFFFFFFFFFFF
1789040370332,2026-09-10T15:39:30.332,v4621,21C18001,84,5,85,20,117,1,,61FF100F8D877E7E5E7E7E7E7EFFFF64646464FFFF7EFFFFFFFFFFFFFFFFFFFF
1789040370481,2026-09-10T15:39:30.482,v4621,21C28001,182,10,183,20,147,1,,61FF103B8D582E30FFFFFF0437171814140086016A78FF78FF3001FFFFFF4C39
1789040370604,2026-09-10T15:39:30.604,v4621,21C28001,182,10,183,20,119,1,,61FF10C48E582D2FFFFFFF0440161714140086016B75FF76FF2701FFFFFF4C39
1789040370691,2026-09-10T15:39:30.692,v4621,21C48001,65,5,66,20,84,1,,61FF11258D8032806480647E988032FFFFFFFFFFFFFFFFFF
1789040370841,2026-09-10T15:39:30.842,v4621,21C48001,65,4,66,20,147,1,,61FF11568E80BF806880687E9F80BFFFFFFFFFFFFFFFFFFF
1789040370962,2026-09-10T15:39:30.963,v4621,21CA8001,112,6,113,20,119,1,,61FF11F302EE8E871F00B4005701A50194FE140008FF00000000FF0800044105
1789040371111,2026-09-10T15:39:31.111,v4621,21CA8001,112,6,113,20,122,1,,61FF127502EE8E872000B5005701A60194FE140008FF00000000FF0800044105
1789040371263,2026-09-10T15:39:31.263,v4621,21C08001,182,10,183,20,149,1,,61FF12D68E8702B902B902B902B9FFFFFFFFFFFFFFFF01FF01FF02EFFFFF01FF
1789040371382,2026-09-10T15:39:31.382,v4621,21CB8001,150,8,151,20,117,1,,61FF13128E5887FFFFFF00001B0000000100FFFFFF002901F401F301F3FFFFFF
1789040371533,2026-09-10T15:39:31.533,v4621,21C18001,84,5,85,20,124,1,,61FF12058E878484474D4D4D4DFFFF64646464FFFF84FFFFFFFFFFFFFFFFFFFF
1789040371682,2026-09-10T15:39:31.683,v4621,21C08001,182,10,183,20,147,1,,61FF11048E870000000000000000FFFFFFFFFFFFFFFF00FF00FF0004FFFF00FF
1789040371805,2026-09-10T15:39:31.806,v4621,21C28001,182,10,183,20,120,1,,61FF0FE58F581213FFFFFF01AA0B0B0A0A005D019564FF64FF0001FFFFFF4C39
1789040371893,2026-09-10T15:39:31.894,v4621,21C18001,84,5,85,20,85,1,,61FF0F0E8E8786864B4F4F4F4FFFFF64646464FFFF86FFFFFFFFFFFFFFFFFFFF
1789040372042,2026-09-10T15:39:32.042,v4621,21C48001,65,4,66,20,145,1,,61FF0E428E7B967B967B927E6E7B96FFFFFFFFFFFFFFFFFF
1789040372165,2026-09-10T15:39:32.166,v4621,21C28001,182,10,183,20,121,1,,61FF0D588E580E0FFFFFFF011A0A0B0707005101A064FF64FF0001FFFFFF4C39
1789040372284,2026-09-10T15:39:32.284,v4621,21CA8001,112,6,113,20,115,1,,61FF0CD202EE8E872300520027007D0071FE140008FF00000100FF0800044105
1789040372460,2026-09-10T15:39:32.461,v4621,21C48001,65,4,66,20,150,1,,61FF0C4E8E7C8A7C887C847E5A7C8AFFFFFFFFFFFFFFFFFF
1789040372585,2026-09-10T15:39:32.585,v4621,21C08001,182,10,183,20,122,1,,61FF0B5B8E8700B200B200B200B2FFFFFFFFFFFFFFFF01FF01FF0325FFFF01FF
1789040372701,2026-09-10T15:39:32.702,v4621,21CA8001,112,6,113,20,114,1,,61FF0A8C02EE8E87230077003900E500D6FE140008FF00000100FF0800044105
1789040372853,2026-09-10T15:39:32.854,v4621,21C18001,84,5,85,20,126,1,,61FF0A928E877F7F4066666666FFFF64646464FFFF7FFFFFFFFFFFFFFFFFFFFF
1789040373001,2026-09-10T15:39:33.002,v4621,21C08001,182,10,183,20,145,1,,61FF0B078E8701F001F001F001F0FFFFFFFFFFFFFFFF01FF01FF02C4FFFF00FF
1789040373123,2026-09-10T15:39:33.124,v4621,21C28001,182,10,183,20,119,1,,61FF0B018E582524FFFFFF022A18170D0D0069018864FF64FF0001FFFFFF4C39
1789040373213,2026-09-10T15:39:33.213,v4621,21C18001,84,5,85,20,87,1,,61FF0AF38E887D7D407A7A7A7AFFFF64646464FFFF7DFFFFFFFFFFFFFFFFFFFF
1789040373361,2026-09-10T15:39:33.362,v4621,21C48001,65,5,66,20,146,1,,61FF0AFA8E7FF27FC77FC67E2E7FF2FFFFFFFFFFFFFFFFFF
1789040373543,2026-09-10T15:39:33.544,v4621,21C28001,182,10,183,20,179,1,,61FF0B238E582827FFFFFF026119190E0E006E018466FF64FF0001FFFFFF4C39
1789040373664,2026-09-10T15:39:33.665,v4621,21CA8001,112,6,113,20,118,1,,61FF0B3F02EE8D8825008F004501320125FE140008FF00000000FF0800044105
1789040373782,2026-09-10T15:39:33.782,v4621,21C48001,65,4,66,20,114,1,,61FF0B5B8E8021801380237E338021FFFFFFFFFFFFFFFFFF
1789040373902,2026-09-10T15:39:33.902,v4621,21CB8001,150,8,151,20,118,1,,61FF0B718E5888FFFFFF00001B0000000100FFFFFF002901F401F301F3FFFFFF
1789040374023,2026-09-10T15:39:34.024,v4621,21CA8001,112,6,113,20,99,1,,61FF0B9E02EE8E8826008E004401320123FE140008FF00000000FF0800044105
1789040374206,2026-09-10T15:39:34.207,v4621,21C08001,182,10,183,20,158,1,,61FF0BB58E88020C020C020C020CFFFFFFFFFFFFFFFF00FF01FF0070FFFF00FF
1789040374325,2026-09-10T15:39:34.325,v4621,21C08001,182,10,183,20,115,1,,61FF0BD48E8801FE01FE01FE01FEFFFFFFFFFFFFFFFF01FF01FF02D2FFFF01FF
1789040374413,2026-09-10T15:39:34.414,v4621,21C18001,84,5,85,20,86,1,,61FF0BEB8E887F7F487F7F7F7FFFFF64646464FFFF7FFFFFFFFFFFFFFFFFFFFF
1789040374533,2026-09-10T15:39:34.534,v4621,21C18001,84,5,85,20,117,1,,61FF0BFB8E887F7F4A7F7F7F7FFFFF64646464FFFF7FFFFFFFFFFFFFFFFFFFFF
1789040374683,2026-09-10T15:39:34.684,v4621,21C28001,182,10,183,20,147,1,,61FF0C148E582022FFFFFF023015160C0C0067018B64FF64FF0001FFFFFF4C39
1789040374835,2026-09-10T15:39:34.835,v4621,21C28001,182,10,183,20,149,1,,61FF0C248E581C1FFFFFFF020213140B0B0063018E64FF64FF0001FFFFFF4C39
1789040374980,2026-09-10T15:39:34.980,v4621,21C48001,65,4,66,20,142,1,,61FF0C1C8E7D587E217E007E497CE4FFFFFFFFFFFFFFFFFF
1789040375070,2026-09-10T15:39:35.071,v4621,21C48001,65,4,66,20,88,1,,61FF0B808E7BBE7BBE7BBA7E467BBEFFFFFFFFFFFFFFFFFF
1789040375191,2026-09-10T15:39:35.192,v4621,21CA8001,112,6,113,20,119,1,,61FF0AEC02EE8E88280027001400000000FE140008FF00000100FF0800044105
1789040375342,2026-09-10T15:39:35.342,v4621,21CA8001,112,6,113,20,124,1,,61FF0A0402EE8E88280027001400000000FE140008FF00000100FF0800044105
1789040375463,2026-09-10T15:39:35.464,v4621,21C08001,182,10,183,20,119,1,,61FF09498E880000000000000000FFFFFFFFFFFFFFFF00FF00FF0004FFFF00FF
1789040375581,2026-09-10T15:39:35.581,v4621,21CB8001,150,8,151,20,115,1,,61FF08928E5888FFFFFF00001B0000000101FFFFFF002901F401F301F2FFFFFF
1789040375731,2026-09-10T15:39:35.732,v4621,21C18001,84,5,85,20,125,1,,61FF07BE8E888D8D6767676767FFFF64646464FFFF8DFFFFFFFFFFFFFFFFFFFF
1789040375881,2026-09-10T15:39:35.882,v4621,21C08001,182,10,183,20,147,1,,61FF07248E880000000000000000FFFFFFFFFFFFFFFF00FF00FF0000FFFF00FF
1789040376003,2026-09-10T15:39:36.003,v4621,21C28001,182,10,183,20,118,1,,61FF06648E580E0FFFFFFF00840A0B0303004001B264FF64FF0001FFFFFF4C39
1789040376091,2026-09-10T15:39:36.091,v4621,21C18001,84,5,85,20,85,1,,61FF05C98E888E8E6767676767FFFF64646464FFFF8EFFFFFFFFFFFFFFFFFFFF
1789040376241,2026-09-10T15:39:36.241,v4621,21C48001,65,4,66,20,148,1,,61FF05938E7BCB7BCB7C1C7E5E7BCBFFFFFFFFFFFFFFFFFF
1789040376392,2026-09-10T15:39:36.393,v4621,21C28001,182,10,183,20,149,1,,61FF05798E580D0DFFFFFF0066090A0202003D01B464FF64FF0001FFFFFF4C39
1789040376541,2026-09-10T15:39:36.542,v4621,21CA8001,112,6,113,20,146,1,,61FF053F02EE8E88290027001400000000FE140008FF00000000FF0800044105
1789040376721,2026-09-10T15:39:36.722,v4621,21C48001,65,4,66,20,152,1,,61FF05098E7BAB7BB07C4A7E7E7BABFFFFFFFFFFFFFFFFFF
1789040376846,2026-09-10T15:39:36.846,v4621,21C08001,182,10,183,20,122,1,,61FF04D18E8800B400B400B400B4FFFFFFFFFFFFFFFF01FF00FF0347FFFF01FF
1789040376960,2026-09-10T15:39:36.960,v4621,21CA8001,112,7,113,20,111,1,,61FF04AA02EE8E88280027001400000000FE140008FF00010000FF0800044105
1789040377051,2026-09-10T15:39:37.051,v4621,21C18001,84,5,85,20,67,1,,61FF04848E888585676A6A6A6AFFFF64646464FFFF85FFFFFFFFFFFFFFFFFFFF
1789040377202,2026-09-10T15:39:37.202,v4621,21C08001,182,10,183,20,148,1,,61FF04518E8800B300B300B300B3FFFFFFFFFFFFFFFF01FF01FF0351FFFF01FF
1789040377324,2026-09-10T15:39:37.324,v4621,21C28001,182,10,183,20,119,1,,61FF04598E58140FFFFFFF00600E0B0303004101B164FF64FF0001FFFFFF4C39
1789040377413,2026-09-10T15:39:37.414,v4621,21C18001,84,5,85,20,87,1,,61FF043E8E8880806162626262FFFF64646464FFFF80FFFFFFFFFFFFFFFFFFFF
1789040377559,2026-09-10T15:39:37.560,v4621,21C48001,65,4,66,20,143,1,,61FF04058D7B7E7C417C4F7EAB7B7EFFFFFFFFFFFFFFFFFF
1789040377684,2026-09-10T15:39:37.685,v4621,21C28001,182,10,183,20,123,1,,61FF03C98C581010FFFFFF00550C0C0202003C01B664FF64FF0001FFFFFF4C39
1789040377801,2026-09-10T15:39:37.802,v4621,21CA8001,112,6,113,20,114,1,,61FF03A502EE8D88280027001400000000FE140008FF00010000FF0800044105
1789040377892,2026-09-10T15:39:37.892,v4621,21C48001,65,4,66,20,88,1,,61FF037E8E7B747C917CA07EB57B74FFFFFFFFFFFFFFFFFF
1789040378016,2026-09-10T15:39:38.016,v4621,21CB8001,150,8,151,20,121,1,,61FF036E8E5888FFFFFF00001B0000000308FFFFFF002901F401F301F1FFFFFF
1789040378161,2026-09-10T15:39:38.162,v4621,21CA8001,112,6,113,20,120,1,,61FF034A02EE8E88270027001400000000FE140008FF00010000FF0800044105
1789040378344,2026-09-10T15:39:38.344,v4621,21C08001,182,10,183,20,158,1,,61FF03478E8800C400C400C400C4FFFFFFFFFFFFFFFF01FF01FF0312FFFF01FF
1789040378464,2026-09-10T15:39:38.464,v4621,21C08001,182,10,183,20,116,1,,61FF03308B8800CA00CA00CA00CAFFFFFFFFFFFFFFFF01FF01FF030DFFFF01FF
1789040378579,2026-09-10T15:39:38.579,v4621,21C18001,84,6,85,20,113,1,,61FF03288B887D7D616D6D6D6DFFFF64646464FFFF7DFFFFFFFFFFFFFFFFFFFF
1789040378671,2026-09-10T15:39:38.671,v4621,21C18001,84,5,85,20,90,1,,61FF03158D887D7D6171717171FFFF64646464FFFF7DFFFFFFFFFFFFFFFFFFFF
1789040378822,2026-09-10T15:39:38.822,v4621,21C28001,182,10,183,20,148,1,,61FF031C8E581210FFFFFF00470D0D0101003A01B864FF64FF0001FFFFFF4C39
1789040378945,2026-09-10T15:39:38.946,v4621,21C28001,182,10,183,20,121,1,,61FF03178E581111FFFFFF00480D0D0101003A01B964FF64FF0001FFFFFF4C39
1789040379033,2026-09-10T15:39:39.033,v4621,21C48001,65,4,66,20,85,1,,61FF03158E7B5A7CA07CAF7ECF7B5AFFFFFFFFFFFFFFFFFF
1789040379181,2026-09-10T15:39:39.182,v4621,21C48001,65,4,66,20,146,1,,61FF030D8B7B5A7CB37CA57ECF7B5AFFFFFFFFFFFFFFFFFF
1789040379301,2026-09-10T15:39:39.301,v4621,21CA8001,112,6,113,20,117,1,,61FF030302EE8A88240027001400000000FE140008FF00010000FF0800044105
1789040379451,2026-09-10T15:39:39.452,v4621,21CA8001,112,7,113,20,124,1,,61FF02FE02EE8B88240027001400000000FE140008FF00010000FF0800044105
1789040379602,2026-09-10T15:39:39.603,v4621,21C08001,182,10,183,20,148,1,,61FF02F78E8800CA00CA00CA00CAFFFFFFFFFFFFFFFF01FF01FF032AFFFF01FF
1789040379753,2026-09-10T15:39:39.753,v4621,21CB8001,150,8,151,20,148,1,,61FF02FD8D5888FFFFFF00001B0000000108FFFFFF002901F401F301F2FFFFFF
1789040379870,2026-09-10T15:39:39.871,v4621,21C18001,84,5,85,20,92,1,,61FF02F58E887B7B5E6C6C6C6CFFFF64646464FFFF7BFFFFFFFFFFFFFFFFFFFF
1789040380023,2026-09-10T15:39:40.024,v4621,21C08001,182,10,183,20,150,1,,61FF02F68C8800CB00CB00CB00CBFFFFFFFFFFFFFFFF01FF01FF0317FFFF01FF
1789040380142,2026-09-10T15:39:40.143,v4621,21C28001,182,10,183,20,116,1,,61FF02F38D581211FFFFFF00470D0D0101003A01B964FF64FF0001FFFFFF4C39
1789040380262,2026-09-10T15:39:40.262,v4621,21C18001,84,6,85,20,117,1,,61FF02F08B887B7B5E6B6B6B6BFFFF64646464FFFF7BFFFFFFFFFFFFFFFFFFFF
1789040380350,2026-09-10T15:39:40.351,v4621,21C48001,65,4,66,20,86,1,,61FF02EA8D7B537CE87CB67ED67B53FFFFFFFFFFFFFFFFFF
1789040380503,2026-09-10T15:39:40.503,v4621,21C28001,182,10,183,20,150,1,,61FF02F18E581311FFFFFF00480E0E0101003A01B964FF64FF0001FFFFFF4C39
1789040380622,2026-09-10T15:39:40.623,v4621,21CA8001,112,6,113,20,117,1,,61FF02F402EE8D88230027001400000000FE140008FF00010000FF0800044105
1789040380774,2026-09-10T15:39:40.774,v4621,21C48001,65,4,66,20,127,1,,61FF02F48C7B567CB47CC07ED37B56FFFFFFFFFFFFFFFFFF
1789040380923,2026-09-10T15:39:40.924,v4621,21C08001,182,10,183,20,147,1,,61FF02E78D8800C600C600C600C6FFFFFFFFFFFFFFFF01FF01FF0253FFFF01FF
1789040381043,2026-09-10T15:39:41.044,v4621,21CA8001,112,6,113,20,117,1,,61FF02E602EE8D88230027001400000000FE140008FF00010000FF0800044105
1789040381192,2026-09-10T15:39:41.192,v4621,21C18001,84,5,85,20,122,1,,61FF02EF8D8879795D68686868FFFF64646464FFFF79FFFFFFFFFFFFFFFFFFFF
1789040381341,2026-09-10T15:39:41.342,v4621,21C08001,182,10,183,20,147,1,,61FF02F08E8800D400D400D400D4FFFFFFFFFFFFFFFF00FF01FF0044FFFF00FF
1789040381463,2026-09-10T15:39:41.464,v4621,21C28001,182,10,183,20,120,1,,61FF02F58D581212FFFFFF004B0E0E0101003A01B864FF64FF0001FFFFFF4C39
1789040381555,2026-09-10T15:39:41.555,v4621,21C18001,84,5,85,20,89,1,,61FF02F28C8879795C65656565FFFF64646464FFFF79FFFFFFFFFFFFFFFFFFFF
1789040381699,2026-09-10T15:39:41.700,v4621,21C48001,65,4,66,20,142,1,,61FF02EA8E7B557CDA7CC07ED47B55FFFFFFFFFFFFFFFFFF
1789040381823,2026-09-10T15:39:41.824,v4621,21C28001,182,10,183,20,121,1,,61FF02F28B581212FFFFFF004A0D0E0101003A01B964FF64FF0001FFFFFF4C39
1789040381942,2026-09-10T15:39:41.942,v4621,21CA8001,112,6,113,20,116,1,,61FF02EB02EE8D881E0027001400000000FE140008FF00010000FF0800044105
1789040382032,2026-09-10T15:39:42.033,v4621,21C48001,65,4,66,20,87,1,,61FF02E78D7B547CD87CDB7ED57B54FFFFFFFFFFFFFFFFFF
1789040382153,2026-09-10T15:39:42.153,v4621,21CB8001,150,8,151,20,118,1,,61FF02E78D5888FFFFFF00001B0000000102FFFFFF002901F401F301F2FFFFFF
1789040382303,2026-09-10T15:39:42.303,v4621,21CA8001,112,6,113,20,124,1,,61FF02E602EE8C881C0027001400000000FE140008FF00010000FF0800044105
1789040382483,2026-09-10T15:39:42.483,v4621,21C08001,182,10,183,20,153,1,,61FF02E58C8800D100D100D100D1FFFFFFFFFFFFFFFF01FF01FF02ABFFFF01FF
1789040382604,2026-09-10T15:39:42.605,v4621,21C08001,182,10,183,20,118,1,,61FF02E18D8800D400D400D400D4FFFFFFFFFFFFFFFF01FF01FF02F4FFFF01FF
1789040382691,2026-09-10T15:39:42.692,v4621,21C18001,84,5,85,20,84,1,,61FF02E78D8877775B68686868FFFF64646464FFFF77FFFFFFFFFFFFFFFFFFFF
1789040382812,2026-09-10T15:39:42.812,v4621,21C18001,84,5,85,20,118,1,,61FF02DD8C8876765A6E6E6E6EFFFF64646464FFFF76FFFFFFFFFFFFFFFFFFFF
1789040382962,2026-09-10T15:39:42.963,v4621,21C28001,182,11,183,20,148,1,,61FF02DC8D581714FFFFFF0050110F0202003C01B664FF64FF0001FFFFFF4C39
1789040383082,2026-09-10T15:39:43.083,v4621,21C28001,182,10,183,20,117,1,,61FF02DC8D581714FFFFFF0052110F0202003D01B664FF64FF0001FFFFFF4C39
1789040383172,2026-09-10T15:39:43.172,v4621,21C48001,65,4,66,20,87,1,,61FF02DF8A7B467D007D277EE37B46FFFFFFFFFFFFFFFFFF
1789040383319,2026-09-10T15:39:43.320,v4621,21C48001,65,4,66,20,145,1,,61FF02D58A7B457D427D0A7EE47B45FFFFFFFFFFFFFFFFFF
1789040383443,2026-09-10T15:39:43.443,v4621,21CA8001,112,6,113,20,121,1,,61FF02D802EE8A88120027001400000000FE140008FF00010100FF0800044105
1789040383593,2026-09-10T15:39:43.593,v4621,21CA8001,112,6,113,20,123,1,,61FF02DC02EE8E88110027001400000000FE140008FF00010100FF0800044105
1789040383741,2026-09-10T15:39:43.742,v4621,21C08001,182,10,183,20,146,1,,61FF02E28D8800FC00FC00FC00FCFFFFFFFFFFFFFFFF00FF01FF0057FFFF00FF
1789040383864,2026-09-10T15:39:43.864,v4621,21CB8001,150,8,151,20,120,1,,61FF02E18D5888FFFFFF00001B0000000102FFFFFF002901F401F301F3FFFFFF
1789040384014,2026-09-10T15:39:44.014,v4621,21C18001,84,5,85,20,123,1,,61FF02F28B8872724E61616161FFFF64646464FFFF72FFFFFFFFFFFFFFFFFFFF
1789040384164,2026-09-10T15:39:44.164,v4621,21C08001,182,10,183,20,148,1,,61FF02E78C880100010001000100FFFFFFFFFFFFFFFF00FF01FF0049FFFF00FF
1789040384282,2026-09-10T15:39:44.283,v4621,21C28001,182,10,183,20,116,1,,61FF02EE8E581716FFFFFF005C11110202003D01B564FF64FF0001FFFFFF4C39
1789040384376,2026-09-10T15:39:44.377,v4621,21C18001,84,5,85,20,91,1,,61FF02FF8E8872724E5E5E5E5EFFFF64646464FFFF72FFFFFFFFFFFFFFFFFFFF
1789040384519,2026-09-10T15:39:44.520,v4621,21C48001,65,4,66,20,141,1,,61FF03008E7B2A7CDC7CD37EFF7B2AFFFFFFFFFFFFFFFFFF
1789040384674,2026-09-10T15:39:44.674,v4621,21C28001,182,11,183,20,152,1,,61FF03068C581516FFFFFF005B10100202003C01B664FF64FF0001FFFFFF4C39
1789040384794,2026-09-10T15:39:44.794,v4621,21CA8001,112,6,113,20,117,1,,61FF02FD02EE8788070027001400000000FE140008FF00010100FF0800044105
1789040384913,2026-09-10T15:39:44.914,v4621,21C48001,65,4,66,20,93,1,,61FF02E4867B417D187CF87EE87B41FFFFFFFFFFFFFFFFFF
1789040385062,2026-09-10T15:39:45.062,v4621,21C08001,182,10,183,20,146,1,,61FF02E5868800FC00FC00FC00FCFFFFFFFFFFFFFFFF00FF01FF003FFFFF00FF
1789040385184,2026-09-10T15:39:45.184,v4621,21CA8001,112,6,113,20,119,1,,61FF02E202EE8688060027001400000000FE140008FF00010100FF0800044105
1789040385333,2026-09-10T15:39:45.334,v4621,21C18001,84,5,85,20,122,1,,61FF02D9888873735065656565FFFF64646464FFFF73FFFFFFFFFFFFFFFFFFFF
1789040385482,2026-09-10T15:39:45.482,v4621,21C08001,182,10,183,20,146,1,,61FF02D68C8800FC00FC00FC00FCFFFFFFFFFFFFFFFF00FF01FF003FFFFF00FF
1789040385606,2026-09-10T15:39:45.607,v4621,21C28001,182,10,183,20,122,1,,61FF02E88E581917FFFFFF005D13110202003E01B564FF64FF0001FFFFFF4C39
1789040385693,2026-09-10T15:39:45.694,v4621,21C18001,84,5,85,20,84,1,,61FF02E88E8872724A61616161FFFF64646464FFFF72FFFFFFFFFFFFFFFFFFFF
1789040385841,2026-09-10T15:39:45.841,v4621,21C48001,65,4,66,20,145,1,,61FF02F68D7B377CF67D097EF27B37FFFFFFFFFFFFFFFFFF
1789040385991,2026-09-10T15:39:45.991,v4621,21C28001,182,10,183,20,148,1,,61FF03038D581617FFFFFF006011110202003D01B564FF64FF0001FFFFFF4C39
1789040386141,2026-09-10T15:39:46.142,v4621,21CA8001,112,6,113,20,147,1,,61FF030402EE8D88020027001400000000FE140008FF00010100FF0800044105
1789040386234,2026-09-10T15:39:46.235,v4621,21C48001,65,4,66,20,90,1,,61FF02EF8B7B417D087CEE7EE87B41FFFFFFFFFFFFFFFFFF
1789040386412,2026-09-10T15:39:46.413,v4621,21CB8001,150,8,151,20,176,1,,61FF02F58D5888FFFFFF00001B0000000108FFFFFF002901F401F301F2FFFFFF
1789040386559,2026-09-10T15:39:46.560,v4621,21CA8001,112,6,113,20,120,1,,61FF02F802EE8E88010027001400000000FE140008FF00000100FF0800044105
1789040386684,2026-09-10T15:39:46.685,v4621,21C08001,182,10,183,20,102,1,,61FF02ED8E8800FB00FB00FB00FBFFFFFFFFFFFFFFFF00FF01FF003AFFFF00FF
1789040386801,2026-09-10T15:39:46.801,v4621,21C08001,182,10,183,20,113,1,,61FF02F48E8800F600F600F600F6FFFFFFFFFFFFFFFF00FF01FF003AFFFF00FF
1789040386892,2026-09-10T15:39:46.893,v4621,21C18001,84,5,85,20,89,1,,61FF02FE8E887373515C5C5C5CFFFF64646464FFFF73FFFFFFFFFFFFFFFFFFFF
1789040387010,2026-09-10T15:39:47.011,v4621,21C18001,84,5,85,20,116,1,,61FF02F98E887373525D5D5D5DFFFF64646464FFFF73FFFFFFFFFFFFFFFFFFFF
1789040387161,2026-09-10T15:39:47.162,v4621,21C28001,182,10,183,20,149,1,,61FF02ED8E581315FFFFFF00550F100202003B01B764FF64FF0001FFFFFF4C39
1789040387284,2026-09-10T15:39:47.284,v4621,21C28001,182,10,183,20,121,1,,61FF02F58D581315FFFFFF00550E100202003B01B764FF64FF0001FFFFFF4C39
1789040387370,2026-09-10T15:39:47.371,v4621,21C48001,65,4,66,20,84,1,,61FF02F38E7B677CE77CE87EC27B67FFFFFFFFFFFFFFFFFF
1789040387519,2026-09-10T15:39:47.520,v4621,21C48001,65,4,66,20,147,1,,61FF02ED8E7B6A7CFA7CE87EBF7B6AFFFFFFFFFFFFFFFFFF
1789040387642,2026-09-10T15:39:47.643,v4621,21CA8001,112,6,113,20,120,1,,61FF02E802EE8D88000027001400000000FE140008FF00000100FF0800044105
1789040387793,2026-09-10T15:39:47.794,v4621,21CA8001,112,6,113,20,125,1,,61FF02F102EE8E88000027001400000000FE140008FF00000100FF0800044105
1789040387943,2026-09-10T15:39:47.944,v4621,21C08001,182,10,183,20,148,1,,61FF02E58E8800E600E600E600E6FFFFFFFFFFFFFFFF00FF01FF003FFFFF00FF
1789040388061,2026-09-10T15:39:48.062,v4621,21CB8001,150,8,151,20,115,1,,61FF02F08C5888FFFFFF00001B0000000103FFFFFF002901F401F301F3FFFFFF
1789040388214,2026-09-10T15:39:48.214,v4621,21C18001,84,5,85,20,128,1,,61FF02EA8B8874745561616161FFFF64646464FFFF74FFFFFFFFFFFFFFFFFFFF
1789040388364,2026-09-10T15:39:48.364,v4621,21C08001,182,10,183,20,147,1,,61FF02E58E8800EC00EC00EC00ECFFFFFFFFFFFFFFFF00FF01FF0044FFFF00FF
1789040388484,2026-09-10T15:39:48.485,v4621,21C28001,182,10,183,20,117,1,,61FF02EB8E581615FFFFFF005710100202003C01B664FF64FF0001FFFFFF4C39
1789040388573,2026-09-10T15:39:48.574,v4621,21C18001,84,5,85,20,87,1,,61FF02EA8D887373515F5F5F5FFFFF64646464FFFF73FFFFFFFFFFFFFFFFFFFF
1789040388719,2026-09-10T15:39:48.720,v4621,21C48001,65,4,66,20,144,1,,61FF02ED8E7B6B7CFE7CFE7EBE7B6BFFFFFFFFFFFFFFFFFF
1789040388843,2026-09-10T15:39:48.843,v4621,21C28001,182,10,183,20,121,1,,61FF02E98E581616FFFFFF005A11110202003C01B764FF64FF0001FFFFFF4C39
1789040388961,2026-09-10T15:39:48.961,v4621,21CA8001,112,7,113,20,115,1,,61FF02EF02EE8E88000027001400000000FE140008FF00010100FF0800044105
1789040389142,2026-09-10T15:39:49.142,v4621,21C48001,65,4,66,20,154,1,,61FF02EA8D7B6A7D0F7D007EBF7B6AFFFFFFFFFFFFFFFFFF
1789040389262,2026-09-10T15:39:49.262,v4621,21C08001,182,10,183,20,118,1,,61FF02E88E8800FE00FE00FE00FEFFFFFFFFFFFFFFFF00FF01FF0044FFFF00FF
1789040389382,2026-09-10T15:39:49.383,v4621,21CA8001,112,6,113,20,118,1,,61FF02F502EE8D88000027001400000000FE140008FF00010100FF0800044105
1789040389531,2026-09-10T15:39:49.532,v4621,21C18001,84,5,85,20,124,1,,61FF02EC8E887373505E5E5E5EFFFF64646464FFFF73FFFFFFFFFFFFFFFFFFFF
1789040389684,2026-09-10T15:39:49.684,v4621,21C08001,182,10,183,20,150,1,,61FF02F38E880100010001000100FFFFFFFFFFFFFFFF00FF01FF0049FFFF00FF
1789040389805,2026-09-10T15:39:49.806,v4621,21C28001,182,10,183,20,119,1,,61FF02F58E581516FFFFFF005A10100202003C01B664FF64FF0001FFFFFF4C39
1789040389893,2026-09-10T15:39:49.893,v4621,21C18001,84,5,85,20,85,1,,61FF02ED8E887373505E5E5E5EFFFF64646464FFFF73FFFFFFFFFFFFFFFFFFFF
1789040390041,2026-09-10T15:39:50.041,v4621,21C48001,65,4,66,20,145,1,,61FF02F18D7B687CF27CF57EC17B68FFFFFFFFFFFFFFFFFF
1789040390160,2026-09-10T15:39:50.161,v4621,21C28001,182,10,183,20,117,1,,61FF02F68C581516FFFFFF005910100202003C01B564FF64FF0001FFFFFF4C39
1789040397241,2026-09-10T15:39:57.242,v4621,21CA8001,0,0,0,0,6946,0,,
1789040397513,2026-09-10T15:39:57.514,v4621,21C48001,9,1,10,10,217,0,,DAA
1789040397691,2026-09-10T15:39:57.692,v4621,21CB8001,9,1,10,10,177,0,,DAA
1789040397901,2026-09-10T15:39:57.901,v4621,21CA8001,9,1,10,10,184,0,,DAA
1789040398114,2026-09-10T15:39:58.114,v4621,21C08001,9,1,10,10,188,0,,DAA
1789040398294,2026-09-10T15:39:58.294,v4621,21C08001,9,1,10,10,179,0,,DAA
1789040398470,2026-09-10T15:39:58.470,v4621,21C18001,9,1,10,10,175,0,,DAA
1789040398652,2026-09-10T15:39:58.653,v4621,21C18001,9,1,10,10,181,0,,DAA
1789040398832,2026-09-10T15:39:58.832,v4621,21C28001,9,1,10,10,179,0,,DAA
1789040399012,2026-09-10T15:39:59.012,v4621,21C28001,9,1,10,10,179,0,,DAA
1789040399193,2026-09-10T15:39:59.194,v4621,21C48001,9,1,10,10,180,0,,DAA
1789040399372,2026-09-10T15:39:59.372,v4621,21C48001,9,1,10,10,177,0,,DAA
1789040399551,2026-09-10T15:39:59.551,v4621,21CA8001,9,1,10,10,178,0,,DAA
1789040399761,2026-09-10T15:39:59.762,v4621,21CA8001,9,1,10,10,184,0,,DAA
1789040399942,2026-09-10T15:39:59.943,v4621,21C08001,9,1,10,10,180,0,,DAA
1789040400122,2026-09-10T15:40:00.123,v4621,21CB8001,9,1,10,10,179,0,,DAA
1789040400332,2026-09-10T15:40:00.333,v4621,21C18001,9,1,10,10,184,0,,DAA
1789040400514,2026-09-10T15:40:00.514,v4621,21C08001,9,1,10,10,180,0,,DAA
1789040400693,2026-09-10T15:40:00.693,v4621,21C28001,9,1,10,10,178,0,,DAA
1789040400872,2026-09-10T15:40:00.872,v4621,21C18001,9,1,10,10,178,0,,DAA
1789040401049,2026-09-10T15:40:01.049,v4621,21C48001,9,1,10,10,176,0,,DAA
1789040401231,2026-09-10T15:40:01.232,v4621,21C28001,9,1,10,10,182,0,,DAA
1789040401410,2026-09-10T15:40:01.411,v4621,21CA8001,9,1,10,10,178,0,,DAA
1789040401623,2026-09-10T15:40:01.623,v4621,21C48001,9,1,10,10,189,0,,DAA
1789040401623,2026-09-10T15:40:01.624,v4621,21C08001,0,1,10,10,178,0,,
